z_daughter,a_daughter,element_daughter,z_parent,a_parent,element_parent,daughter_level_idx,cumulative_thermal_fy,unc_ct,cumulative_fast_fy,unc_cf,cumulative_14mev_fy,unc_c14,Extraction_date
42,100,Mo,92,233,U,0,0.044117,0.0014559,0.044227,0.0025652,0.032655,0.0090779,2026-07-25
41,100,Nb,92,233,U,0,0.032267,0.0014441,0.032806,0.0021478,0.0172,0.0052032,2026-07-25
41,100,Nb,92,233,U,4,0.010802,0.0019962,0.010974,0.0021011,0.014557,0.0044573,2026-07-25
37,100,Rb,92,233,U,0,0.0000000080765,0.0000000028837,0.000000007533,0.0000000027123,0.00000000073178,0.00000000036716,2026-07-25
44,100,Ru,92,233,U,0,0.0000041801,0.0000014925,0.00000064514,0.00000023225,0.0000024291,0.0000012185,2026-07-25
38,100,Sr,92,233,U,0,0.000029888,0.000010661,0.00003075,0.000011061,0.0000058467,0.0000029331,2026-07-25
43,100,Tc,92,233,U,0,0.0000041792,0.0000014925,0.0000006451,0.00000023225,0.0000024288,0.0000012185,2026-07-25
39,100,Y,92,233,U,0,0.0010304,0.00034421,0.0016548,0.00054929,0.0005829,0.00029058,2026-07-25
39,100,Y,92,233,U,4,0.0010007,0.00034419,0.0016243,0.00054926,0.0005771,0.00028971,2026-07-25
40,100,Zr,92,233,U,0,0.029699,0.0015258,0.030542,0.0021293,0.015344,0.0048399,2026-07-25
42,101,Mo,92,233,U,0,0.032149,0.00083588,0.036799,0.0074333,0.031799,0.0063916,2026-07-25
41,101,Nb,92,233,U,0,0.028812,0.00085994,0.03471,0.0070173,0.028038,0.0056647,2026-07-25
37,101,Rb,92,233,U,0,0.00000000017261,0.000000000061048,0.00000000012718,0.000000000050794,0.000000000010064,0.0000000000046954,2026-07-25
44,101,Ru,92,233,U,0,0.032186,0.00083668,0.036809,0.0074353,0.031831,0.0063978,2026-07-25
38,101,Sr,92,233,U,0,0.000001596,0.00000056437,0.0000014715,0.00000058766,0.00000023144,0.00000010797,2026-07-25
43,101,Tc,92,233,U,0,0.032186,0.00083668,0.036809,0.0074353,0.031831,0.0063978,2026-07-25
39,101,Y,92,233,U,0,0.00039415,0.00013661,0.0006768,0.00026541,0.00020609,0.000095997,2026-07-25
40,101,Zr,92,233,U,0,0.012013,0.001782,0.013616,0.0034769,0.0065146,0.0025438,2026-07-25
42,102,Mo,92,233,U,0,0.024066,0.00026583,0.025966,0.0055827,0.029527,0.0046949,2026-07-25
41,102,Nb,92,233,U,0,0.010561,0.00098366,0.012604,0.0029131,0.010573,0.0021642,2026-07-25
41,102,Nb,92,233,U,1,0.0060685,0.0007794,0.007658,0.0019145,0.007776,0.0018062,2026-07-25
46,102,Pd,92,233,U,0,0.0000000000038391,0.000000000001359,,,,,2026-07-25
37,102,Rb,92,233,U,0,0.0000000000019739,0.00000000000069875,,,,,2026-07-25
45,102,Rh,92,233,U,0,0.000000000035488,0.000000000012228,0.0000000000010915,0.00000000000043251,0.000000000016862,0.0000000000070415,2026-07-25
45,102,Rh,92,233,U,5,0.000000000019196,0.0000000000067952,,,0.0000000000047519,0.0000000000020085,2026-07-25
44,102,Ru,92,233,U,0,0.024293,0.00026719,0.026051,0.0056007,0.029817,0.004741,2026-07-25
38,102,Sr,92,233,U,0,0.000000070132,0.000000024825,0.000000048963,0.000000019726,0.0000000077188,0.0000000032625,2026-07-25
43,102,Tc,92,233,U,0,0.024179,0.00026624,0.026009,0.0055919,0.029672,0.0047178,2026-07-25
43,102,Tc,92,233,U,1,0.00011307,0.000040176,0.000042564,0.000017031,0.00014521,0.000060753,2026-07-25
39,102,Y,92,233,U,-2,0.00002119,0.0000074781,0.000031205,0.00001255,0.0000097557,0.0000041232,2026-07-25
39,102,Y,92,233,U,0,0.00002119,0.0000074781,0.000031205,0.00001255,0.0000097557,0.0000041232,2026-07-25
40,102,Zr,92,233,U,0,0.0044925,0.001129,0.0049464,0.0016396,0.0027975,0.0011197,2026-07-25
42,103,Mo,92,233,U,0,0.013959,0.00056421,0.015491,0.0015963,0.025829,0.0012526,2026-07-25
41,103,Nb,92,233,U,0,0.0062318,0.00080475,0.0081885,0.0011426,0.0092659,0.0016957,2026-07-25
45,103,Rh,92,233,U,0,0.014584,0.0005832,0.015846,0.0016322,0.027194,0.0013051,2026-07-25
45,103,Rh,92,233,U,1,0.01441,0.00057681,0.015657,0.0016128,0.026868,0.0012904,2026-07-25
44,103,Ru,92,233,U,0,0.014584,0.0005832,0.015846,0.0016322,0.027194,0.0013051,2026-07-25
44,103,Ru,92,233,U,5,0.0000029004,0.0000010744,0.00000063384,0.00000023271,0.0000055006,0.0000020837,2026-07-25
38,103,Sr,92,233,U,0,0.0000000010892,0.00000000040319,0.00000000057398,0.00000000021076,0.000000000094303,0.000000000035738,2026-07-25
43,103,Tc,92,233,U,0,0.01458,0.0005832,0.015845,0.0016321,0.027187,0.001305,2026-07-25
39,103,Y,92,233,U,0,0.0000025114,0.00000092898,0.000003319,0.0000012182,0.0000011104,0.00000042075,2026-07-25
40,103,Zr,92,233,U,0,0.00065405,0.00022461,0.00072344,0.00025034,0.00047557,0.00017817,2026-07-25
42,104,Mo,92,233,U,0,0.0084649,0.00016276,0.0090513,0.0019597,0.020342,0.0031245,2026-07-25
41,104,Nb,92,233,U,0,0.00093575,0.00025419,0.0013264,0.00044636,0.00098165,0.00042488,2026-07-25
41,104,Nb,92,233,U,4,0.0008484,0.00025484,0.001233,0.00043559,0.0009795,0.0004248,2026-07-25
46,104,Pd,92,233,U,0,0.000000028244,0.0000000085654,0.0000000029547,0.0000000010624,0.0000000000044559,0.0000000000017756,2026-07-25
45,104,Rh,92,233,U,0,0.000000028342,0.0000000086041,0.000000002965,0.0000000010668,0.0000000000044711,0.0000000000017833,2026-07-25
45,104,Rh,92,233,U,3,0.000000021309,0.0000000081736,0.0000000023061,0.00000000096034,0.0000000000038037,0.0000000000017249,2026-07-25
44,104,Ru,92,233,U,0,0.009758,0.00013649,0.010122,0.0021838,0.022578,0.0034501,2026-07-25
38,104,Sr,92,233,U,0,0.000000000015372,0.0000000000058967,0.0000000000058036,0.0000000000024167,,,2026-07-25
43,104,Tc,92,233,U,0,0.009732,0.00013626,0.010113,0.0021838,0.022576,0.0034501,2026-07-25
39,104,Y,92,233,U,0,0.000000089919,0.000000034487,0.000000096852,0.000000040329,0.0000000000039788,0.0000000000018043,2026-07-25
40,104,Zr,92,233,U,0,0.000087291,0.00003296,0.000093397,0.000038547,0.0000021275,0.00000096476,2026-07-25
42,105,Mo,92,233,U,0,0.0043299,0.00012218,0.004928,0.00095928,0.016561,0.0013021,2026-07-25
41,105,Nb,92,233,U,0,0.00060205,0.00018736,0.00058271,0.00022346,0.0018017,0.0006627,2026-07-25
46,105,Pd,92,233,U,0,0.0050058,0.00012507,0.005537,0.0010736,0.018367,0.0014297,2026-07-25
45,105,Rh,92,233,U,0,0.0050058,0.00012507,0.005537,0.0010736,0.018367,0.0014297,2026-07-25
45,105,Rh,92,233,U,1,0.001421,0.00010487,0.0015718,0.00034092,0.0052139,0.0005514,2026-07-25
44,105,Ru,92,233,U,0,0.0050058,0.00012507,0.005537,0.0010736,0.018367,0.0014297,2026-07-25
43,105,Tc,92,233,U,0,0.0050021,0.00012505,0.0055365,0.0010736,0.018365,0.0014297,2026-07-25
39,105,Y,92,233,U,0,0.0000000002448,0.000000000095045,0.0000000000011482,0.00000000000049514,0.0000000000037135,0.0000000000015494,2026-07-25
40,105,Zr,92,233,U,0,0.0000043832,0.0000016994,0.00000048657,0.0000002098,0.0000015572,0.00000064973,2026-07-25
42,106,Mo,92,233,U,0,0.0021467,0.000073069,0.0025912,0.00026357,0.010954,0.0020189,2026-07-25
41,106,Nb,92,233,U,0,0.00028176,0.000088471,0.00027958,0.000097848,0.0014106,0.00056652,2026-07-25
46,106,Pd,92,233,U,0,0.0025045,0.000077641,0.0029074,0.00029365,0.014599,0.0026132,2026-07-25
45,106,Rh,92,233,U,0,0.0025045,0.000077641,0.0029074,0.00029365,0.014599,0.0026132,2026-07-25
45,106,Rh,92,233,U,1,0.00000000010453,0.000000000040262,,,0.000000083565,0.000000037869,2026-07-25
44,106,Ru,92,233,U,0,0.0025045,0.000077641,0.0029074,0.00029365,0.014599,0.0026132,2026-07-25
43,106,Tc,92,233,U,0,0.0025026,0.000077584,0.0029072,0.00029362,0.014507,0.0025968,2026-07-25
39,106,Y,92,233,U,0,0.00000000011609,0.000000000044713,,,0.0000000056447,0.0000000025581,2026-07-25
40,106,Zr,92,233,U,0,0.0000025455,0.00000097879,0.00000029482,0.00000011865,0.000017333,0.0000078465,2026-07-25
42,107,Mo,92,233,U,0,0.0008438,0.000039319,0.0011933,0.00020556,0.0049769,0.0014832,2026-07-25
41,107,Nb,92,233,U,0,0.00012898,0.000038056,0.00019701,0.000069644,0.00017094,0.000080215,2026-07-25
46,107,Pd,92,233,U,0,0.001149,0.000034481,0.0015975,0.00026519,0.013574,0.0031628,2026-07-25
46,107,Pd,92,233,U,2,0.0000000000015992,0.00000000000058812,,,0.0000000013237,0.00000000062989,2026-07-25
45,107,Rh,92,233,U,0,0.001149,0.000034481,0.0015975,0.00026519,0.013574,0.0031628,2026-07-25
44,107,Ru,92,233,U,0,0.001149,0.00003448,0.0015975,0.00026519,0.013568,0.0031613,2026-07-25
43,107,Tc,92,233,U,0,0.0011388,0.000034229,0.0015885,0.00026372,0.012575,0.002935,2026-07-25
39,107,Y,92,233,U,0,0.0000000018415,0.00000000067725,0.00000000091626,0.00000000038361,0.000000000018661,0.0000000000088798,2026-07-25
40,107,Zr,92,233,U,0,0.0000028317,0.0000010365,0.0000020425,0.00000085345,0.00000028414,0.0000001352,2026-07-25
47,108,Ag,92,233,U,0,,,,,0.0000000000061122,0.0000000000025717,2026-07-25
47,108,Ag,92,233,U,2,,,,,0.000000000019816,0.0000000000099096,2026-07-25
48,108,Cd,92,233,U,0,,,,,0.0000000000059349,0.0000000000024971,2026-07-25
42,108,Mo,92,233,U,0,0.00029644,0.000046581,0.00036736,0.000090438,0.00088335,0.0004051,2026-07-25
41,108,Nb,92,233,U,0,0.000011198,0.000003949,0.00001327,0.0000054532,0.0000046621,0.0000023302,2026-07-25
46,108,Pd,92,233,U,0,0.000797,0.000025504,0.0010092,0.00016648,0.013133,0.0034663,2026-07-25
45,108,Rh,92,233,U,-2,0.00000046422,0.00000016859,0.00000028764,0.0000001204,0.00015884,0.000078107,2026-07-25
45,108,Rh,92,233,U,0,0.00079653,0.000025489,0.0010089,0.00016646,0.012974,0.0034251,2026-07-25
44,108,Ru,92,233,U,0,0.00079638,0.000025484,0.0010088,0.00016645,0.012946,0.0034178,2026-07-25
43,108,Tc,92,233,U,0,0.0007349,0.000024928,0.00094437,0.00015618,0.0081578,0.0022662,2026-07-25
39,108,Y,92,233,U,0,0.000000000007016,0.0000000000025502,0.0000000000018257,0.00000000000076451,,,2026-07-25
40,108,Zr,92,233,U,0,0.000000066448,0.000000024147,0.000000031152,0.000000013044,0.0000000013865,0.00000000069335,2026-07-25
47,109,Ag,92,233,U,0,0.00042003,0.000045363,0.00076411,0.00012532,0.013083,0.0038855,2026-07-25
47,109,Ag,92,233,U,1,0.00041982,0.000045341,0.00076374,0.00012525,0.013076,0.0038837,2026-07-25
42,109,Mo,92,233,U,0,0.000045743,0.000014908,0.000076657,0.000027961,0.000078811,0.000041832,2026-07-25
41,109,Nb,92,233,U,0,0.00000050056,0.00000019607,0.00000067782,0.00000028407,0.000000084877,0.00000004539,2026-07-25
46,109,Pd,92,233,U,0,0.00042003,0.000045363,0.00076411,0.00012532,0.013083,0.0038855,2026-07-25
46,109,Pd,92,233,U,2,0.00021002,0.000027313,0.00038206,0.000069522,0.0065457,0.0020297,2026-07-25
45,109,Rh,92,233,U,0,0.00042001,0.000045362,0.00076411,0.00012531,0.013067,0.003881,2026-07-25
44,109,Ru,92,233,U,0,0.00041514,0.000044841,0.0007583,0.00012437,0.011534,0.003436,2026-07-25
43,109,Tc,92,233,U,0,0.00029566,0.000035048,0.00054798,0.000094252,0.0032299,0.0013288,2026-07-25
40,109,Zr,92,233,U,0,0.0000000005522,0.00000000021693,0.00000000024032,0.00000000010086,0.0000000000033393,0.0000000000017858,2026-07-25
4,10,Be,92,233,U,0,0.00000888,0.0000013853,,,,,2026-07-25
47,110,Ag,92,233,U,0,0.00000000009868,0.000000000037635,0.000000000030994,0.000000000012592,0.00000020246,0.000000098893,2026-07-25
47,110,Ag,92,233,U,2,0.000000000224,0.000000000087887,0.000000000081464,0.000000000034105,0.00000086135,0.00000043817,2026-07-25
48,110,Cd,92,233,U,0,0.00000000031933,0.000000000097208,0.00000000011126,0.000000000037722,0.0000010516,0.00000047089,2026-07-25
42,110,Mo,92,233,U,0,0.0000054404,0.0000020852,0.0000072028,0.0000029719,0.0000017094,0.00000086947,2026-07-25
41,110,Nb,92,233,U,0,0.000000011437,0.000000004486,0.0000000099325,0.0000000041583,0.00000000022321,0.00000000011356,2026-07-25
46,110,Pd,92,233,U,0,0.00039527,0.00004348,0.00067572,0.00011082,0.012637,0.0034247,2026-07-25
45,110,Rh,92,233,U,0,0.00000098158,0.00000036484,0.0000012424,0.00000049797,0.000086488,0.000033752,2026-07-25
44,110,Ru,92,233,U,0,0.00035706,0.000039654,0.00062132,0.00010226,0.0064403,0.0019398,2026-07-25
43,110,Tc,92,233,U,0,0.000131,0.00002802,0.00022014,0.000056922,0.00046082,0.00022542,2026-07-25
40,110,Zr,92,233,U,0,0.0000000000030569,0.0000000000011994,,,,,2026-07-25
47,111,Ag,92,233,U,0,0.00024596,0.000020907,0.00064213,0.00010531,0.012986,0.0015713,2026-07-25
47,111,Ag,92,233,U,1,0.00024517,0.000020841,0.00064022,0.000105,0.012805,0.0015497,2026-07-25
48,111,Cd,92,233,U,0,0.00024719,0.000021011,0.00064533,0.00010581,0.01305,0.001579,2026-07-25
48,111,Cd,92,233,U,3,0.0000000000016489,0.00000000000062678,,,0.000000024681,0.000000010004,2026-07-25
42,111,Mo,92,233,U,0,0.00000022682,0.000000086043,0.00000035423,0.00000014807,0.00000001991,0.00000000807,2026-07-25
41,111,Nb,92,233,U,0,0.00000000011797,0.000000000044842,0.00000000010164,0.000000000042525,,,2026-07-25
46,111,Pd,92,233,U,0,0.0002462,0.000020928,0.00064332,0.00010551,0.012477,0.0015113,2026-07-25
46,111,Pd,92,233,U,2,0.0000035991,0.0000010075,0.0000074123,0.0000022408,0.0019745,0.00059233,2026-07-25
45,111,Rh,92,233,U,0,0.00024315,0.000020676,0.00063825,0.00010468,0.010553,0.0013104,2026-07-25
44,111,Ru,92,233,U,0,0.00016175,0.000016594,0.00043192,0.000076008,0.0021441,0.00067105,2026-07-25
43,111,Tc,92,233,U,0,0.000021377,0.0000069468,0.000050895,0.000019019,0.000031765,0.000012828,2026-07-25
47,112,Ag,92,233,U,0,0.00014336,0.000010035,0.00063253,0.00010373,0.016131,0.0011936,2026-07-25
48,112,Cd,92,233,U,0,0.00014336,0.000010035,0.00063253,0.00010373,0.016133,0.0011936,2026-07-25
49,112,In,92,233,U,0,,,,,0.00000000031231,0.00000000010615,2026-07-25
49,112,In,92,233,U,1,,,,,0.00000000027699,0.0000000001048,2026-07-25
42,112,Mo,92,233,U,0,0.0000000048971,0.0000000018306,0.0000000091937,0.0000000038487,0.00000000015879,0.000000000060077,2026-07-25
46,112,Pd,92,233,U,0,0.00014318,0.000010022,0.00063214,0.00010367,0.01554,0.0011524,2026-07-25
45,112,Rh,92,233,U,-2,0.000041632,0.0000058654,0.00018954,0.000041762,0.0034899,0.0007059,2026-07-25
45,112,Rh,92,233,U,0,0.000087103,0.0000082701,0.00038947,0.000069595,0.0039386,0.00070837,2026-07-25
44,112,Ru,92,233,U,0,0.000045471,0.0000089779,0.00019993,0.000052459,0.00044872,0.00016271,2026-07-25
50,112,Sn,92,233,U,0,,,,,0.00000000013742,0.000000000046707,2026-07-25
43,112,Tc,92,233,U,0,0.0000018384,0.00000067102,0.0000062833,0.0000025926,0.0000013545,0.00000051236,2026-07-25
47,113,Ag,92,233,U,0,0.00010346,0.000018699,0.00040804,0.000069652,0.0078056,0.0019936,2026-07-25
47,113,Ag,92,233,U,1,0.00015088,0.000026273,0.00059563,0.000097756,0.011316,0.0028416,2026-07-25
48,113,Cd,92,233,U,0,0.00015599,0.000027143,0.00061543,0.00010093,0.011748,0.0029487,2026-07-25
48,113,Cd,92,233,U,1,0.0000017935,0.00000040057,0.000007061,0.0000015033,0.00015305,0.000043227,2026-07-25
49,113,In,92,233,U,0,0.000001791,0.00000040001,0.0000070511,0.0000015012,0.00015285,0.000043169,2026-07-25
49,113,In,92,233,U,1,,,,,0.0000000012314,0.00000000061194,2026-07-25
42,113,Mo,92,233,U,0,0.0000000001211,0.000000000052631,0.00000000013553,0.000000000056726,0.0000000000013415,0.00000000000066667,2026-07-25
46,113,Pd,92,233,U,0,0.00015556,0.00002707,0.0006167,0.00010114,0.010163,0.0025619,2026-07-25
46,113,Pd,92,233,U,2,0.000034775,0.000010534,0.00013705,0.00004004,0.0062916,0.0016935,2026-07-25
45,113,Rh,92,233,U,0,0.00010638,0.0000197,0.00043067,0.000074741,0.0025005,0.00096792,2026-07-25
44,113,Ru,92,233,U,-2,0.000007492,0.0000029692,0.000027363,0.000010551,0.000024659,0.000012223,2026-07-25
44,113,Ru,92,233,U,0,0.000011403,0.0000035184,0.000041442,0.000012444,0.000037028,0.000014998,2026-07-25
43,113,Tc,92,233,U,0,0.00000017671,0.000000076638,0.0000004264,0.00000017826,0.000000042152,0.000000020947,2026-07-25
47,114,Ag,92,233,U,-2,0.000010902,0.0000043746,0.000031903,0.000012326,0.0034107,0.0012454,2026-07-25
47,114,Ag,92,233,U,0,0.00017315,0.000031341,0.00060976,0.0001,0.011063,0.003153,2026-07-25
48,114,Cd,92,233,U,0,0.00017329,0.000031365,0.00060998,0.00010004,0.0112,0.003192,2026-07-25
49,114,In,92,233,U,0,0.000000000075746,0.000000000022403,0.000000000050196,0.000000000014077,0.00000022227,0.000000089397,2026-07-25
49,114,In,92,233,U,1,0.000000000058427,0.000000000019611,0.000000000040092,0.00000000001274,0.00000019467,0.000000084317,2026-07-25
49,114,In,92,233,U,5,0.000000000028747,0.000000000012613,0.000000000021512,0.0000000000089804,0.00000013085,0.00000006817,2026-07-25
42,114,Mo,92,233,U,0,0.0000000000019871,0.00000000000087191,0.0000000000012451,0.0000000000005198,,,2026-07-25
46,114,Pd,92,233,U,0,0.00015966,0.000028971,0.00057128,0.000093859,0.0072173,0.0021344,2026-07-25
45,114,Rh,92,233,U,0,0.000033761,0.0000096944,0.0001179,0.000032281,0.00040891,0.00020124,2026-07-25
45,114,Rh,92,233,U,5,0.000030565,0.0000094234,0.00010891,0.000031686,0.00040356,0.00020042,2026-07-25
44,114,Ru,92,233,U,0,0.0000031938,0.0000013626,0.0000089854,0.0000036722,0.0000053433,0.0000027822,2026-07-25
50,114,Sn,92,233,U,0,0.000000000075367,0.000000000022291,0.000000000049945,0.000000000014007,0.00000022117,0.000000088953,2026-07-25
43,114,Tc,92,233,U,0,0.000000010747,0.0000000047144,0.000000017086,0.0000000071322,0.0000000014144,0.00000000073691,2026-07-25
47,115,Ag,92,233,U,0,0.000088217,0.0000091886,0.00026082,0.000024664,0.0038628,0.00061947,2026-07-25
47,115,Ag,92,233,U,1,0.00013067,0.000012634,0.00040873,0.000034676,0.010369,0.0015183,2026-07-25
48,115,Cd,92,233,U,0,0.0001836,0.000016172,0.00055968,0.00004314,0.011681,0.0016848,2026-07-25
48,115,Cd,92,233,U,1,0.0000088882,0.0000010338,0.000025915,0.0000027204,0.0010006,0.00022449,2026-07-25
49,115,In,92,233,U,0,0.00018331,0.000016146,0.00055761,0.000042983,0.0121,0.0017433,2026-07-25
49,115,In,92,233,U,1,0.0001836,0.000016172,0.00055968,0.00004314,0.011681,0.0016848,2026-07-25
46,115,Pd,92,233,U,0,0.000076062,0.000009558,0.00022197,0.000026224,0.0015867,0.00033777,2026-07-25
46,115,Pd,92,233,U,1,0.000082381,0.000010231,0.00027345,0.000029502,0.0039295,0.00087637,2026-07-25
45,115,Rh,92,233,U,0,0.000032972,0.0000092353,0.000095952,0.000027081,0.00025302,0.000093471,2026-07-25
44,115,Ru,92,233,U,0,0.00000065981,0.00000025126,0.0000013634,0.00000051348,0.00000059721,0.00000022681,2026-07-25
50,115,Sn,92,233,U,0,0.0000091802,0.0000010828,0.000027984,0.0000030137,0.00058406,0.00010214,2026-07-25
43,115,Tc,92,233,U,0,0.00000000081112,0.00000000031093,0.00000000083302,0.00000000031503,0.000000000054336,0.000000000020638,2026-07-25
47,116,Ag,92,233,U,0,0.0001283,0.000022929,0.00042265,0.000073814,0.0051433,0.0014264,2026-07-25
47,116,Ag,92,233,U,1,0.000047509,0.000012737,0.0001613,0.000043735,0.0070998,0.0018816,2026-07-25
48,116,Cd,92,233,U,0,0.00017719,0.000030476,0.00058415,0.000097554,0.013564,0.0034182,2026-07-25
49,116,In,92,233,U,0,0.000000004252,0.0000000017694,0.0000000046128,0.0000000019848,0.000002889,0.0000012284,2026-07-25
49,116,In,92,233,U,1,0.000000012829,0.000000004085,0.000000016072,0.0000000052558,0.000016345,0.0000058699,2026-07-25
49,116,In,92,233,U,4,0.0000000063122,0.0000000026267,0.0000000086236,0.0000000037106,0.000010987,0.0000046695,2026-07-25
46,116,Pd,92,233,U,0,0.00010517,0.000020144,0.0003538,0.000066266,0.0031451,0.0010605,2026-07-25
45,116,Rh,92,233,U,0,0.0000034637,0.0000013405,0.0000090313,0.0000036684,0.000012525,0.0000053016,2026-07-25
45,116,Rh,92,233,U,1,0.0000078938,0.0000030578,0.000024148,0.000009747,0.000056265,0.000023846,2026-07-25
44,116,Ru,92,233,U,0,0.000000094321,0.00000003921,0.00000017382,0.000000074754,0.000000066178,0.000000028162,2026-07-25
50,116,Sn,92,233,U,0,0.000000017085,0.0000000048009,0.000000020687,0.000000005975,0.000019243,0.0000064787,2026-07-25
43,116,Tc,92,233,U,0,0.000000000045057,0.000000000018751,0.000000000036577,0.00000000001574,0.0000000000023815,0.0000000000010135,2026-07-25
47,117,Ag,92,233,U,0,0.000044543,0.0000051419,0.00017279,0.000025047,0.0018034,0.00048399,2026-07-25
47,117,Ag,92,233,U,1,0.000099919,0.0000088235,0.00040818,0.000047958,0.0082046,0.0020771,2026-07-25
48,117,Cd,92,233,U,0,0.00011049,0.0000087023,0.00044038,0.000048808,0.0078075,0.0019565,2026-07-25
48,117,Cd,92,233,U,2,0.00004006,0.0000045542,0.00015531,0.000021698,0.005351,0.0014242,2026-07-25
49,117,In,92,233,U,0,0.000096775,0.0000075581,0.00038116,0.000042046,0.0094207,0.0023268,2026-07-25
49,117,In,92,233,U,1,0.00010189,0.0000082363,0.00040598,0.000045714,0.0072472,0.0018235,2026-07-25
46,117,Pd,92,233,U,-2,0.000034117,0.0000074422,0.00014326,0.000034185,0.0010674,0.00041362,2026-07-25
46,117,Pd,92,233,U,0,0.000054945,0.0000077025,0.00021676,0.000036503,0.0013694,0.0004663,2026-07-25
45,117,Rh,92,233,U,0,0.0000026715,0.00000096134,0.000008312,0.0000031885,0.000012438,0.0000052537,2026-07-25
44,117,Ru,92,233,U,0,0.0000000087651,0.0000000032578,0.000000015229,0.000000005976,0.000000004646,0.0000000019647,2026-07-25
51,117,Sb,92,233,U,0,,,,,0.0000000000052048,0.000000000002201,2026-07-25
50,117,Sn,92,233,U,0,0.00015067,0.00001115,0.00059592,0.000063761,0.013255,0.0032463,2026-07-25
50,117,Sn,92,233,U,2,0.00000032978,0.000000033507,0.0000012987,0.00000016915,0.000032196,0.0000086155,2026-07-25
43,117,Tc,92,233,U,0,0.0000000000015785,0.00000000000058686,0.0000000000010679,0.00000000000041909,,,2026-07-25
47,118,Ag,92,233,U,0,0.000057059,0.0000061353,0.00021645,0.000029444,0.0015855,0.00049952,2026-07-25
47,118,Ag,92,233,U,4,0.000072056,0.0000086743,0.00029309,0.000042038,0.0028269,0.0009507,2026-07-25
48,118,Cd,92,233,U,0,0.00015279,0.000011158,0.00058877,0.000063004,0.011448,0.0027994,2026-07-25
49,118,In,92,233,U,0,0.00015347,0.000011206,0.0005904,0.000063177,0.011674,0.0028526,2026-07-25
49,118,In,92,233,U,1,0.0000020556,0.00000053927,0.0000056488,0.0000016038,0.001263,0.00041077,2026-07-25
49,118,In,92,233,U,3,0.0000010184,0.00000037275,0.0000030538,0.0000011842,0.00085697,0.00033013,2026-07-25
46,118,Pd,92,233,U,0,0.000012615,0.0000040518,0.000043288,0.000015093,0.000078643,0.000033151,2026-07-25
45,118,Rh,92,233,U,0,0.00000012725,0.000000047282,0.00000028004,0.00000010983,0.000000084495,0.000000035848,2026-07-25
44,118,Ru,92,233,U,0,0.000000000074703,0.00000000002781,0.000000000073651,0.000000000028913,0.0000000000034073,0.0000000000014457,2026-07-25
51,118,Sb,92,233,U,0,,,,,0.0000000014429,0.0000000006122,2026-07-25
51,118,Sb,92,233,U,7,,,,,0.000000004124,0.0000000017497,2026-07-25
50,118,Sn,92,233,U,0,0.00015555,0.000011355,0.0005961,0.000063783,0.012963,0.0031622,2026-07-25
47,119,Ag,92,233,U,0,0.000049534,0.0000097741,0.00023197,0.000052238,0.0011029,0.0004236,2026-07-25
48,119,Cd,92,233,U,0,0.000079592,0.0000095831,0.00035958,0.000055505,0.0025147,0.00069615,2026-07-25
48,119,Cd,92,233,U,2,0.000066352,0.0000088188,0.00032526,0.000052226,0.0063063,0.0016094,2026-07-25
49,119,In,92,233,U,0,0.000088295,0.0000092161,0.00041811,0.00005729,0.009914,0.0023799,2026-07-25
49,119,In,92,233,U,1,0.000074353,0.0000091039,0.00033336,0.000052352,0.0026891,0.00071903,2026-07-25
46,119,Pd,92,233,U,0,0.0000028663,0.000001043,0.0000103,0.0000040258,0.000010106,0.0000042641,2026-07-25
45,119,Rh,92,233,U,0,0.0000000095199,0.000000003579,0.000000018964,0.0000000075796,0.0000000034876,0.0000000014731,2026-07-25
44,119,Ru,92,233,U,0,0.0000000000017366,0.00000000000065306,0.0000000000013367,0.0000000000005343,,,2026-07-25
51,119,Sb,92,233,U,0,0.000000000062108,0.000000000018862,0.000000000069237,0.000000000021932,0.00000013383,0.000000046,2026-07-25
51,119,Sb,92,233,U,72,0.00000000001498,0.0000000000056335,0.000000000019836,0.000000000007929,0.000000060125,0.000000025397,2026-07-25
50,119,Sn,92,233,U,0,0.00015861,0.000013322,0.00073309,0.000087971,0.012555,0.0029881,2026-07-25
50,119,Sn,92,233,U,2,0.000079864,0.0000086972,0.00037795,0.00005339,0.0090446,0.0021846,2026-07-25
52,119,Te,92,233,U,2,,,,,0.0000000000055136,0.0000000000023289,2026-07-25
47,120,Ag,92,233,U,0,0.000017833,0.0000039876,0.000075205,0.000018716,0.00020122,0.000066913,2026-07-25
47,120,Ag,92,233,U,2,0.00001652,0.0000049276,0.00007736,0.000025302,0.00027896,0.00011404,2026-07-25
48,120,Cd,92,233,U,0,0.00013629,0.000010585,0.00065279,0.000073614,0.0059189,0.0015229,2026-07-25
49,120,In,92,233,U,0,0.00014898,0.000011074,0.00070849,0.000078304,0.0078754,0.0018779,2026-07-25
49,120,In,92,233,U,1,0.000012695,0.0000037813,0.000055701,0.000018093,0.0019565,0.00058462,2026-07-25
49,120,In,92,233,U,2,0.000012695,0.0000037813,0.000055701,0.000018093,0.0019565,0.00058462,2026-07-25
46,120,Pd,92,233,U,0,0.00000053164,0.00000019772,0.0000016117,0.00000063655,0.0000012291,0.00000051665,2026-07-25
45,120,Rh,92,233,U,0,0.000000000611,0.00000000022863,0.00000000089412,0.00000000035434,0.0000000001566,0.000000000065838,2026-07-25
51,120,Sb,92,233,U,0,0.00000000056789,0.0000000002125,0.00000000084536,0.00000000033501,0.00000031555,0.00000013265,2026-07-25
51,120,Sb,92,233,U,1,0.00000000080581,0.00000000030153,0.0000000014137,0.00000000056027,0.00000090185,0.00000037911,2026-07-25
50,120,Sn,92,233,U,0,0.00017545,0.000012632,0.00082301,0.000089707,0.012187,0.002803,2026-07-25
52,120,Te,92,233,U,0,,,,,0.0000000002008,0.00000000008442,2026-07-25
47,121,Ag,92,233,U,0,0.0000083199,0.0000028234,0.000029942,0.000012225,0.000068347,0.000028439,2026-07-25
48,121,Cd,92,233,U,0,0.000033488,0.0000054697,0.00012952,0.000032262,0.00057,0.0001926,2026-07-25
48,121,Cd,92,233,U,2,0.000063728,0.0000097119,0.00029049,0.000067829,0.0023423,0.0007588,2026-07-25
49,121,In,92,233,U,0,0.00014148,0.000010256,0.00063033,0.00010892,0.0092721,0.0019617,2026-07-25
49,121,In,92,233,U,1,0.000037475,0.0000049219,0.00014519,0.000031812,0.0012226,0.00030412,2026-07-25
46,121,Pd,92,233,U,0,0.000000052397,0.000000019308,0.00000011253,0.000000048478,0.000000071572,0.000000029993,2026-07-25
45,121,Rh,92,233,U,0,0.000000000018688,0.0000000000068917,0.000000000016697,0.0000000000071947,0.0000000000028114,0.0000000000011782,2026-07-25
51,121,Sb,92,233,U,0,0.00018509,0.000011846,0.00079539,0.00013442,0.011853,0.0024766,2026-07-25
50,121,Sn,92,233,U,0,0.00018043,0.000011558,0.00077578,0.00013113,0.011354,0.0023735,2026-07-25
50,121,Sn,92,233,U,1,0.000020665,0.0000028489,0.000087282,0.000019224,0.0021662,0.00056441,2026-07-25
52,121,Te,92,233,U,0,0.000000000011458,0.0000000000033547,0.0000000000065167,0.0000000000023508,0.0000000054048,0.0000000020308,2026-07-25
52,121,Te,92,233,U,2,0.0000000000096074,0.000000000003543,0.0000000000056614,0.0000000000024396,0.0000000051531,0.0000000021595,2026-07-25
47,122,Ag,92,233,U,0,0.00000096197,0.00000035037,0.0000026493,0.0000010354,0.0000040794,0.0000017256,2026-07-25
47,122,Ag,92,233,U,1,0.00000086292,0.00000031573,0.0000028496,0.0000011158,0.0000078052,0.0000033036,2026-07-25
48,122,Cd,92,233,U,0,0.000053915,0.000011442,0.00021932,0.000054331,0.0012867,0.00047843,2026-07-25
53,122,I,92,233,U,0,,,,,0.0000000000038617,0.0000000000016359,2026-07-25
49,122,In,92,233,U,0,0.00010224,0.000010223,0.00041157,0.000058035,0.0032968,0.00081283,2026-07-25
49,122,In,92,233,U,1,0.00003429,0.0000049931,0.00016076,0.000028428,0.0028724,0.00072924,2026-07-25
49,122,In,92,233,U,5,0.00003429,0.0000049931,0.00016076,0.000028428,0.0028724,0.00072924,2026-07-25
46,122,Pd,92,233,U,0,0.0000000039933,0.0000000014773,0.0000000062447,0.0000000024623,0.0000000045507,0.0000000019278,2026-07-25
51,122,Sb,92,233,U,0,0.00000027645,0.000000073268,0.00000076543,0.00000022297,0.000075499,0.000026248,2026-07-25
51,122,Sb,92,233,U,5,0.00000014688,0.000000054249,0.00000043829,0.00000017263,0.000052683,0.000022168,2026-07-25
50,122,Sn,92,233,U,0,0.00019493,0.000011891,0.00082316,0.000088902,0.012157,0.0025651,2026-07-25
52,122,Te,92,233,U,0,0.0000002697,0.000000071371,0.0000007459,0.00000021719,0.000073645,0.000025582,2026-07-25
47,123,Ag,92,233,U,0,0.00000029969,0.00000012481,0.0000006994,0.00000030113,0.0000016277,0.00000067729,2026-07-25
48,123,Cd,92,233,U,0,0.0000070818,0.0000026317,0.000022784,0.0000089866,0.000082284,0.000033137,2026-07-25
48,123,Cd,92,233,U,2,0.000016559,0.0000060838,0.000062275,0.000024104,0.00037184,0.00014889,2026-07-25
53,123,I,92,233,U,0,,,,,0.00000000013845,0.000000000057623,2026-07-25
49,123,In,92,233,U,0,0.00012486,0.00002174,0.00052196,0.000096674,0.0060953,0.0013925,2026-07-25
49,123,In,92,233,U,1,0.000029671,0.0000066182,0.00010777,0.000025396,0.00077768,0.0002184,2026-07-25
46,123,Pd,92,233,U,0,0.00000000022483,0.000000000093881,0.00000000023694,0.00000000010215,0.00000000022971,0.000000000095606,2026-07-25
51,123,Sb,92,233,U,0,0.00022271,0.000034073,0.0008989,0.00015012,0.01283,0.0025532,2026-07-25
50,123,Sn,92,233,U,0,0.000056115,0.000013996,0.00023246,0.000060269,0.0050475,0.0012301,2026-07-25
50,123,Sn,92,233,U,25,0.00016431,0.000025873,0.00065879,0.00011302,0.0074068,0.0015645,2026-07-25
52,123,Te,92,233,U,0,0.0000000084805,0.0000000029404,0.0000000098673,0.0000000036072,0.0000011303,0.00000042462,2026-07-25
52,123,Te,92,233,U,2,0.0000000064952,0.000000002712,0.000000007806,0.0000000033653,0.00000097276,0.00000040481,2026-07-25
47,124,Ag,92,233,U,0,0.000000027616,0.0000000078864,0.00000004278,0.000000012767,0.000000083507,0.000000026648,2026-07-25
47,124,Ag,92,233,U,1,0.000000017146,0.0000000063911,0.000000029964,0.000000011756,0.000000081698,0.000000033624,2026-07-25
48,124,Cd,92,233,U,0,0.0000085251,0.0000030258,0.000024278,0.0000092223,0.00010396,0.00004235,2026-07-25
53,124,I,92,233,U,0,0.000000000052457,0.000000000019556,0.000000000044679,0.00000000001753,0.000000004489,0.0000000018476,2026-07-25
49,124,In,92,233,U,0,0.000077402,0.000014221,0.00025151,0.000055005,0.0014663,0.00044981,2026-07-25
49,124,In,92,233,U,2,0.000062043,0.000013121,0.00024498,0.000057788,0.0026095,0.0007868,2026-07-25
46,124,Pd,92,233,U,0,0.0000000000085348,0.0000000000031817,0.0000000000053094,0.0000000000020833,0.0000000000056079,0.000000000002308,2026-07-25
51,124,Sb,92,233,U,0,0.000012273,0.0000026268,0.000043522,0.000010171,0.0010948,0.00029571,2026-07-25
51,124,Sb,92,233,U,1,0.0000093982,0.0000024093,0.000035482,0.0000098919,0.0010569,0.00032447,2026-07-25
51,124,Sb,92,233,U,2,0.0000054032,0.0000019239,0.00002184,0.0000081795,0.00077626,0.00028731,2026-07-25
50,124,Sn,92,233,U,0,0.00030739,0.000021905,0.0011395,0.00012214,0.012525,0.0023245,2026-07-25
52,124,Te,92,233,U,0,0.000014828,0.0000027343,0.000052692,0.000010832,0.0013739,0.00033621,2026-07-25
47,125,Ag,92,233,U,0,0.000000000068937,0.000000000028187,,,0.0000000000031121,0.0000000000011823,2026-07-25
48,125,Cd,92,233,U,0,0.00000025599,0.00000010457,0.000000033716,0.000000013518,0.00000024277,0.000000092225,2026-07-25
48,125,Cd,92,233,U,1,0.00000061795,0.00000025238,0.000000094334,0.000000037821,0.0000011142,0.00000042326,2026-07-25
53,125,I,92,233,U,0,0.000000000061265,0.000000000025051,,,0.0000000000033491,0.0000000000012723,2026-07-25
49,125,In,92,233,U,0,0.00014155,0.000046634,0.000128,0.00004455,0.0014797,0.00046804,2026-07-25
49,125,In,92,233,U,1,0.000032692,0.000011784,0.000025768,0.0000096108,0.00018585,0.000064144,2026-07-25
51,125,Sb,92,233,U,0,0.0011604,0.00014041,0.0014912,0.00011481,0.015155,0.00095479,2026-07-25
50,125,Sn,92,233,U,0,0.00061819,0.000086645,0.00088828,0.00007815,0.0098995,0.00070618,2026-07-25
50,125,Sn,92,233,U,1,0.0003965,0.000061112,0.00044189,0.000050245,0.003518,0.00042668,2026-07-25
52,125,Te,92,233,U,0,0.0011615,0.00014048,0.0014914,0.00011481,0.015157,0.00095488,2026-07-25
52,125,Te,92,233,U,2,0.00026049,0.000037949,0.00033379,0.000033351,0.0033925,0.00030063,2026-07-25
47,126,Ag,92,233,U,0,0.0000000001431,0.000000000060862,,,0.000000000003811,0.0000000000016102,2026-07-25
48,126,Cd,92,233,U,0,0.0000018037,0.00000076596,0.00000028494,0.00000014889,0.000001649,0.00000069664,2026-07-25
53,126,I,92,233,U,0,0.00000000011085,0.000000000047144,,,0.0000000000035035,0.0000000000014803,2026-07-25
49,126,In,92,233,U,0,0.00019137,0.000067781,0.00016128,0.000078754,0.00069273,0.00026315,2026-07-25
49,126,In,92,233,U,1,0.00017076,0.000061427,0.00017357,0.00008462,0.0013237,0.0004881,2026-07-25
51,126,Sb,92,233,U,0,0.00012205,0.000039852,0.00015692,0.000067294,0.0011674,0.00039763,2026-07-25
51,126,Sb,92,233,U,1,0.0001681,0.000048707,0.00018356,0.000070562,0.00079302,0.00022626,2026-07-25
51,126,Sb,92,233,U,2,0.000095263,0.000036963,0.0001016,0.000049572,0.00041112,0.00015766,2026-07-25
50,126,Sn,92,233,U,0,0.002057,0.00031683,0.0029343,0.00074746,0.016031,0.0023371,2026-07-25
52,126,Te,92,233,U,0,0.00026905,0.000062646,0.00031511,0.00010466,0.0018513,0.00046459,2026-07-25
54,126,Xe,92,233,U,0,0.000000000048442,0.000000000020602,,,0.000000000001531,0.00000000000064689,2026-07-25
47,127,Ag,92,233,U,0,0.00000000029246,0.00000000013876,0.0000000000010278,0.0000000000006419,0.000000022516,0.0000000079759,2026-07-25
48,127,Cd,92,233,U,0,0.0000036648,0.0000017359,0.000000442,0.00000027602,0.000041716,0.000014724,2026-07-25
53,127,I,92,233,U,0,0.0046656,0.0011104,0.005046,0.0018721,0.021427,0.0010713,2026-07-25
49,127,In,92,233,U,0,0.00060424,0.00023469,0.00042052,0.00024417,0.0029506,0.00078783,2026-07-25
49,127,In,92,233,U,9,0.00014338,0.000058707,0.000085112,0.000051403,0.00041237,0.00011338,2026-07-25
51,127,Sb,92,233,U,0,0.0046613,0.0011094,0.0050456,0.0018719,0.021339,0.001067,2026-07-25
50,127,Sn,92,233,U,0,0.0025852,0.00066622,0.0031085,0.0011922,0.011782,0.00092434,2026-07-25
50,127,Sn,92,233,U,1,0.0014844,0.00039927,0.0013935,0.0005634,0.0045267,0.0005622,2026-07-25
52,127,Te,92,233,U,0,0.0046471,0.001106,0.005026,0.0018647,0.021341,0.0010671,2026-07-25
52,127,Te,92,233,U,2,0.00077123,0.00020567,0.00083181,0.00033168,0.0035889,0.00035091,2026-07-25
54,127,Xe,92,233,U,0,,,,,0.0000000000022554,0.00000000000071712,2026-07-25
54,127,Xe,92,233,U,2,,,,,0.0000000000020037,0.00000000000070978,2026-07-25
47,128,Ag,92,233,U,0,0.000000042232,0.000000016535,0.0000000055982,0.0000000036595,0.00000000084101,0.00000000034938,2026-07-25
48,128,Cd,92,233,U,0,0.000034917,0.000013487,0.000013482,0.0000088043,0.0000049999,0.0000020763,2026-07-25
53,128,I,92,233,U,0,0.00000006842,0.000000026788,0.000000069968,0.000000045738,0.000001446,0.00000060061,2026-07-25
49,128,In,92,233,U,-3,0.00088918,0.00024432,0.00060611,0.00035515,0.00077506,0.00030567,2026-07-25
49,128,In,92,233,U,-2,0.00032049,0.000086212,0.00017167,0.000098901,0.00011058,0.000042966,2026-07-25
49,128,In,92,233,U,0,0.001022,0.00023602,0.00057567,0.00030297,0.00040952,0.00013347,2026-07-25
51,128,Sb,92,233,U,0,0.0082034,0.0013738,0.0099009,0.004304,0.019558,0.0032526,2026-07-25
51,128,Sb,92,233,U,1,0.0010086,0.0003357,0.0017582,0.00095084,0.0049291,0.0012404,2026-07-25
50,128,Sn,92,233,U,-2,0.0048591,0.00089573,0.006019,0.0027043,0.010297,0.0022107,2026-07-25
50,128,Sn,92,233,U,0,0.007576,0.0012753,0.0085805,0.0037464,0.012815,0.0024203,2026-07-25
52,128,Te,92,233,U,0,0.0092506,0.0015448,0.011677,0.0050676,0.025016,0.0040777,2026-07-25
54,128,Xe,92,233,U,0,0.000000063709,0.00000002494,0.000000065144,0.000000042583,0.0000013464,0.00000055918,2026-07-25
47,129,Ag,92,233,U,0,0.0000000031439,0.0000000012239,0.00000000019947,0.000000000083025,0.000000000018366,0.0000000000077094,2026-07-25
48,129,Cd,92,233,U,0,0.0000021824,0.00000084741,0.00000042451,0.00000017666,0.000000063853,0.0000000268,2026-07-25
48,129,Cd,92,233,U,1,0.0000052664,0.0000020453,0.0000011876,0.00000049426,0.00000029304,0.000000123,2026-07-25
53,129,I,92,233,U,0,0.016331,0.0025638,0.017349,0.0024115,0.030132,0.0043086,2026-07-25
49,129,In,92,233,U,0,0.00087036,0.00028382,0.00040584,0.00016633,0.00023291,0.000096697,2026-07-25
49,129,In,92,233,U,1,0.00020222,0.000067889,0.0000819,0.000034066,0.000029285,0.000012221,2026-07-25
51,129,Sb,92,233,U,0,0.011137,0.0017982,0.011189,0.0016293,0.015012,0.0023635,2026-07-25
51,129,Sb,92,233,U,11,0.0053846,0.0010297,0.0065574,0.0011163,0.014358,0.0023938,2026-07-25
50,129,Sn,92,233,U,0,0.0034274,0.00070464,0.002229,0.00053004,0.0015112,0.00050252,2026-07-25
50,129,Sn,92,233,U,1,0.0060008,0.0012344,0.0050359,0.0011685,0.0058707,0.0019306,2026-07-25
52,129,Te,92,233,U,0,0.01383,0.0021792,0.014486,0.0020246,0.0239,0.003446,2026-07-25
52,129,Te,92,233,U,1,0.0067528,0.0011535,0.00773,0.0011856,0.016785,0.0025806,2026-07-25
54,129,Xe,92,233,U,0,0.00000000069967,0.00000000022786,0.00000000027499,0.000000000096197,0.0000000069732,0.0000000025984,2026-07-25
54,129,Xe,92,233,U,2,0.00000000053588,0.00000000020863,0.00000000021754,0.00000000009055,0.0000000060018,0.0000000025193,2026-07-25
47,130,Ag,92,233,U,0,0.00000000011985,0.000000000046247,0.0000000000035159,0.0000000000017868,,,2026-07-25
48,130,Cd,92,233,U,0,0.00000087943,0.00000033924,0.00000010318,0.000000052438,0.000000014254,0.0000000057831,2026-07-25
55,130,Cs,92,233,U,0,0.0000000000010216,0.00000000000032788,,,0.000000000012598,0.0000000000045487,2026-07-25
55,130,Cs,92,233,U,4,,,,,0.00000000001072,0.0000000000043495,2026-07-25
53,130,I,92,233,U,0,0.000030891,0.0000098116,0.000032822,0.0000142,0.00023811,0.000084387,2026-07-25
53,130,I,92,233,U,1,0.0000097072,0.000003741,0.0000092048,0.0000046703,0.000044458,0.000017846,2026-07-25
49,130,In,92,233,U,0,0.000089981,0.000033324,0.000024998,0.00001276,0.000005637,0.0000022822,2026-07-25
49,130,In,92,233,U,1,0.000099552,0.00003714,0.000036253,0.000018555,0.000018225,0.0000073913,2026-07-25
49,130,In,92,233,U,2,0.00016938,0.000063056,0.000050499,0.000025835,0.00001359,0.0000055122,2026-07-25
51,130,Sb,92,233,U,0,0.012292,0.0021674,0.010692,0.0028725,0.011719,0.0025161,2026-07-25
51,130,Sb,92,233,U,1,0.0096726,0.0018247,0.0094286,0.0026002,0.011048,0.0024386,2026-07-25
50,130,Sn,92,233,U,0,0.0026199,0.0006995,0.001263,0.00057898,0.00067092,0.00027127,2026-07-25
50,130,Sn,92,233,U,2,0.0057153,0.0014594,0.0033001,0.0014592,0.0029701,0.0011573,2026-07-25
52,130,Te,92,233,U,0,0.026426,0.0042809,0.024015,0.0060279,0.036675,0.0064182,2026-07-25
54,130,Xe,92,233,U,0,0.000032488,0.0000099605,0.000034316,0.000014434,0.00024557,0.000085066,2026-07-25
48,131,Cd,92,233,U,0,0.000000040455,0.000000014486,0.0000000034219,0.0000000012623,0.00000000018902,0.00000000007867,2026-07-25
55,131,Cs,92,233,U,0,0.00000000012534,0.000000000044883,0.000000000072897,0.000000000026891,0.00000000189,0.00000000078663,2026-07-25
53,131,I,92,233,U,0,0.035652,0.0009982,0.038595,0.0013122,0.044686,0.0094288,2026-07-25
49,131,In,92,233,U,0,0.000017745,0.0000062404,0.0000048561,0.0000017742,0.00000069852,0.00000028851,2026-07-25
49,131,In,92,233,U,1,0.000017528,0.0000062396,0.0000048039,0.000001774,0.0000006913,0.00000028772,2026-07-25
49,131,In,92,233,U,4,0.000017527,0.0000062396,0.0000048038,0.000001774,0.0000006913,0.00000028772,2026-07-25
51,131,Sb,92,233,U,0,0.021325,0.0014504,0.02318,0.0015991,0.01426,0.0041471,2026-07-25
50,131,Sn,92,233,U,0,0.0011236,0.00035271,0.00059834,0.00021978,0.00015356,0.000064276,2026-07-25
50,131,Sn,92,233,U,1,0.0026486,0.00081382,0.0016531,0.00059792,0.00069935,0.00029173,2026-07-25
52,131,Te,92,233,U,0,0.026139,0.0011205,0.027927,0.001327,0.023245,0.0052709,2026-07-25
52,131,Te,92,233,U,1,0.011581,0.0014663,0.012805,0.0016573,0.024248,0.0054027,2026-07-25
54,131,Xe,92,233,U,0,0.035653,0.0009982,0.038596,0.0013123,0.044696,0.0094309,2026-07-25
54,131,Xe,92,233,U,2,0.00038817,0.000040133,0.00041995,0.000043801,0.00049357,0.00011757,2026-07-25
56,132,Ba,92,233,U,0,0.0000000001401,0.000000000052972,0.00000000011341,0.00000000004288,0.0000000018327,0.00000000070005,2026-07-25
48,132,Cd,92,233,U,0,0.0000000010237,0.00000000038708,0.000000000044584,0.000000000016857,,,2026-07-25
55,132,Cs,92,233,U,0,0.0000000077834,0.0000000029429,0.0000000063006,0.0000000023822,0.00000010161,0.000000038887,2026-07-25
53,132,I,92,233,U,0,0.047823,0.0014348,0.046845,0.0012182,0.039288,0.003851,2026-07-25
53,132,I,92,233,U,3,0.00087953,0.00031129,0.0015172,0.00051339,0.0047071,0.0012798,2026-07-25
49,132,In,92,233,U,0,0.0000044872,0.0000016956,0.00000075354,0.00000028492,0.00000004262,0.000000016311,2026-07-25
51,132,Sb,92,233,U,0,0.0078975,0.0017031,0.0065526,0.0015731,0.0018002,0.00065613,2026-07-25
51,132,Sb,92,233,U,1,0.0050356,0.001314,0.0053812,0.0014244,0.0027419,0.0010154,2026-07-25
50,132,Sn,92,233,U,0,0.0010651,0.00039238,0.00047472,0.00017959,0.000075736,0.000028986,2026-07-25
52,132,Te,92,233,U,0,0.045873,0.0013904,0.043827,0.0011814,0.032279,0.0032434,2026-07-25
54,132,Xe,92,233,U,0,0.047975,0.0014393,0.047085,0.0012242,0.040105,0.0039298,2026-07-25
54,132,Xe,92,233,U,30,0.000015614,0.0000058971,0.000015666,0.0000059162,0.00011023,0.000041852,2026-07-25
56,133,Ba,92,233,U,0,0.000000000055843,0.000000000016538,0.000000000021408,0.00000000000639,0.00000000086022,0.00000000028433,2026-07-25
56,133,Ba,92,233,U,2,0.000000000042773,0.000000000015792,0.000000000016937,0.0000000000061684,0.00000000074045,0.00000000027708,2026-07-25
55,133,Cs,92,233,U,0,0.059825,0.001675,0.05705,0.0017115,0.045647,0.0049299,2026-07-25
53,133,I,92,233,U,0,0.059438,0.0016645,0.056645,0.0016997,0.043998,0.0047542,2026-07-25
53,133,I,92,233,U,16,0.0040194,0.001114,0.0070655,0.0015496,0.014941,0.0022967,2026-07-25
49,133,In,92,233,U,0,0.0000002157,0.000000066468,0.000000020291,0.000000006283,0.00000000044081,0.00000000014922,2026-07-25
49,133,In,92,233,U,1,0.000000040509,0.000000014955,0.0000000034008,0.0000000012385,0.000000000049194,0.000000000018409,2026-07-25
51,133,Sb,92,233,U,0,0.0073059,0.002159,0.0056466,0.0017729,0.0012127,0.00045103,2026-07-25
50,133,Sn,92,233,U,0,0.0001804,0.000066495,0.000053845,0.000019622,0.0000037602,0.0000014072,2026-07-25
52,133,Te,92,233,U,0,0.023569,0.0016343,0.018328,0.0015537,0.0064728,0.0011198,2026-07-25
52,133,Te,92,233,U,2,0.030632,0.0017636,0.026308,0.0020598,0.014039,0.0028026,2026-07-25
54,133,Xe,92,233,U,0,0.059825,0.001675,0.05705,0.0017115,0.045641,0.0049293,2026-07-25
54,133,Xe,92,233,U,1,0.0019653,0.00016133,0.0019105,0.00017456,0.0026019,0.00053171,2026-07-25
56,134,Ba,92,233,U,0,0.000011423,0.0000028842,0.000015763,0.0000040831,0.00014666,0.000040363,2026-07-25
55,134,Cs,92,233,U,0,0.000011416,0.0000028841,0.000015759,0.000004083,0.00014652,0.000040359,2026-07-25
55,134,Cs,92,233,U,3,0.0000048438,0.0000017013,0.0000074004,0.0000026741,0.000089949,0.000033345,2026-07-25
53,134,I,92,233,U,0,0.059203,0.002337,0.059351,0.0034128,0.03661,0.0033914,2026-07-25
53,134,I,92,233,U,5,0.0098391,0.0017788,0.015765,0.0021368,0.018131,0.0022788,2026-07-25
49,134,In,92,233,U,0,0.0000000043539,0.0000000015298,0.00000000021062,0.000000000076144,0.0000000000013564,0.00000000000050538,2026-07-25
57,134,La,92,233,U,0,,,,,0.0000000000031277,0.0000000000011653,2026-07-25
51,134,Sb,92,233,U,0,0.00054124,0.00018427,0.0002758,0.000098743,0.000017116,0.0000063718,2026-07-25
51,134,Sb,92,233,U,2,0.0012411,0.00042661,0.00074609,0.00026715,0.000077057,0.000028734,2026-07-25
50,134,Sn,92,233,U,0,0.000013648,0.0000047948,0.0000025099,0.0000009074,0.000000062175,0.000000023167,2026-07-25
52,134,Te,92,233,U,0,0.036241,0.0026004,0.026142,0.0034983,0.0074926,0.0022658,2026-07-25
54,134,Xe,92,233,U,0,0.062896,0.0024519,0.063693,0.0036303,0.047917,0.0042646,2026-07-25
54,134,Xe,92,233,U,7,0.0026553,0.00076319,0.0032738,0.00093216,0.0093326,0.0021587,2026-07-25
56,135,Ba,92,233,U,0,0.0000002628,0.000000071609,0.00000022055,0.000000062921,0.0000063538,0.00000204,2026-07-25
56,135,Ba,92,233,U,2,0.00000018582,0.000000065324,0.00000016247,0.000000058989,0.0000052164,0.0000019469,2026-07-25
55,135,Cs,92,233,U,0,0.054962,0.0036824,0.062832,0.0027018,0.052413,0.0066565,2026-07-25
55,135,Cs,92,233,U,10,0.000058518,0.000020485,0.00011241,0.00004051,0.0010602,0.0003774,2026-07-25
53,135,I,92,233,U,0,0.043104,0.0031685,0.048448,0.0024803,0.024717,0.0040248,2026-07-25
49,135,In,92,233,U,0,0.000000000046511,0.000000000016352,0.0000000000011352,0.00000000000041217,,,2026-07-25
57,135,La,92,233,U,0,0.000000000011666,0.0000000000041012,0.0000000000071437,0.0000000000025936,0.00000000090203,0.00000000033673,2026-07-25
51,135,Sb,92,233,U,0,0.00027009,0.000094346,0.0001126,0.000040813,0.0000048044,0.0000017934,2026-07-25
50,135,Sn,92,233,U,0,0.00000053048,0.00000018648,0.000000058708,0.000000021315,0.00000000057955,0.00000000021635,2026-07-25
52,135,Te,92,233,U,0,0.01355,0.0029359,0.0084863,0.0024498,0.0014781,0.00053896,2026-07-25
54,135,Xe,92,233,U,0,0.054715,0.003666,0.062457,0.0026859,0.05042,0.0064071,2026-07-25
54,135,Xe,92,233,U,2,0.015391,0.0020254,0.0184,0.0022659,0.02531,0.0038349,2026-07-25
56,136,Ba,92,233,U,0,0.0014614,0.00044952,0.0019049,0.0004319,0.0082393,0.0023986,2026-07-25
56,136,Ba,92,233,U,5,0.0000069671,0.0000026662,0.0000055104,0.0000020148,0.0001127,0.000047422,2026-07-25
58,136,Ce,92,233,U,0,,,,,0.0000000000017879,0.0000000000007546,2026-07-25
55,136,Cs,92,233,U,0,0.0011833,0.00039435,0.0015019,0.00040888,0.0057878,0.0018375,2026-07-25
55,136,Cs,92,233,U,2,0.00053633,0.00020228,0.00079103,0.00027647,0.0046276,0.001731,2026-07-25
53,136,I,92,233,U,0,0.016497,0.0044662,0.0093749,0.001604,0.0019199,0.00070167,2026-07-25
53,136,I,92,233,U,2,0.02214,0.0060759,0.018967,0.0032033,0.0077244,0.0028189,2026-07-25
57,136,La,92,233,U,0,0.0000000012181,0.00000000038728,0.00000000077299,0.00000000020161,0.000000065877,0.000000022827,2026-07-25
57,136,La,92,233,U,9,0.00000000060905,0.0000000002331,0.0000000003865,0.00000000014135,0.000000032939,0.000000013902,2026-07-25
51,136,Sb,92,233,U,0,0.00003597,0.00001376,0.0000067671,0.0000024746,0.00000012792,0.000000053992,2026-07-25
50,136,Sn,92,233,U,0,0.000000023539,0.0000000090091,0.0000000010052,0.00000000036761,0.0000000000039951,0.0000000000016862,2026-07-25
52,136,Te,92,233,U,0,0.0070371,0.0025016,0.0024137,0.00084435,0.00020925,0.000088143,2026-07-25
54,136,Xe,92,233,U,0,0.08585,0.020261,0.067335,0.0032339,0.05001,0.012483,2026-07-25
56,137,Ba,92,233,U,0,0.062129,0.0021757,0.065088,0.0031251,0.050554,0.0043477,2026-07-25
56,137,Ba,92,233,U,2,0.05863,0.0020949,0.061422,0.002984,0.047597,0.0041116,2026-07-25
58,137,Ce,92,233,U,0,0.0000000000021675,0.00000000000061771,,,0.00000000021416,0.000000000066708,2026-07-25
58,137,Ce,92,233,U,2,0.0000000000015411,0.0000000000005727,,,0.00000000017698,0.000000000064925,2026-07-25
55,137,Cs,92,233,U,0,0.062045,0.0021733,0.064988,0.0031207,0.049534,0.0042627,2026-07-25
53,137,I,92,233,U,0,0.015014,0.0033242,0.01391,0.0034012,0.0025188,0.00085711,2026-07-25
57,137,La,92,233,U,0,0.000000041347,0.000000015364,0.000000049703,0.000000018222,0.0000024187,0.00000088714,2026-07-25
51,137,Sb,92,233,U,0,0.000001816,0.00000067477,0.00000028552,0.00000010468,0.0000000022221,0.00000000081517,2026-07-25
50,137,Sn,92,233,U,0,0.00000000032485,0.00000000012072,0.0000000000097119,0.0000000000035607,,,2026-07-25
52,137,Te,92,233,U,0,0.00093119,0.00033999,0.00030393,0.00011085,0.000011682,0.0000042845,2026-07-25
54,137,Xe,92,233,U,0,0.057144,0.0020835,0.055782,0.0028687,0.028098,0.0032489,2026-07-25
56,138,Ba,92,233,U,0,0.060187,0.0037918,0.066155,0.0041678,0.058456,0.010814,2026-07-25
58,138,Ce,92,233,U,0,0.00000000019644,0.000000000055825,0.00000000012547,0.000000000035747,0.000000022129,0.0000000077235,2026-07-25
58,138,Ce,92,233,U,5,0.00000000013767,0.000000000050809,0.000000000091794,0.000000000033237,0.000000018117,0.0000000072195,2026-07-25
55,138,Cs,92,233,U,0,0.058199,0.003671,0.062536,0.0039579,0.046504,0.0086979,2026-07-25
55,138,Cs,92,233,U,3,0.0067248,0.0018282,0.013752,0.0027022,0.024843,0.0052556,2026-07-25
53,138,I,92,233,U,0,0.0049173,0.0015806,0.0038422,0.0012844,0.00040532,0.00016027,2026-07-25
57,138,La,92,233,U,0,0.00000091342,0.00000033711,0.0000014618,0.00000052927,0.000048898,0.000019451,2026-07-25
51,138,Sb,92,233,U,0,0.000000062726,0.000000023151,0.0000000058009,0.0000000021004,0.000000000022793,0.0000000000090827,2026-07-25
52,138,Te,92,233,U,0,0.00012763,0.000046987,0.000029431,0.000010651,0.00000061367,0.00000024453,2026-07-25
54,138,Xe,92,233,U,0,0.048012,0.0031738,0.043174,0.0033996,0.017689,0.0047117,2026-07-25
56,139,Ba,92,233,U,0,0.05623,0.00095606,0.064708,0.0040766,0.057548,0.0030508,2026-07-25
58,139,Ce,92,233,U,0,0.0000000096014,0.0000000026245,0.000000007907,0.0000000022891,0.00000080845,0.00000024397,2026-07-25
58,139,Ce,92,233,U,2,0.0000000067892,0.0000000024227,0.0000000058251,0.0000000021356,0.00000066379,0.00000023729,2026-07-25
55,139,Cs,92,233,U,0,0.052802,0.0010009,0.05998,0.0038223,0.037424,0.0027483,2026-07-25
53,139,I,92,233,U,0,0.0014342,0.00049121,0.00078748,0.00028443,0.000039572,0.000014132,2026-07-25
57,139,La,92,233,U,0,0.056247,0.00095631,0.064738,0.0040785,0.058131,0.0030809,2026-07-25
59,139,Pr,92,233,U,0,,,,,0.000000000044636,0.000000000015957,2026-07-25
51,139,Sb,92,233,U,0,0.0000000018529,0.00000000066122,0.000000000085391,0.000000000031307,,,2026-07-25
52,139,Te,92,233,U,0,0.000009885,0.0000035263,0.0000013076,0.00000047934,0.000000012088,0.0000000043214,2026-07-25
54,139,Xe,92,233,U,0,0.028581,0.0025184,0.020303,0.0038016,0.0049618,0.0015605,2026-07-25
56,140,Ba,92,233,U,0,0.064305,0.0025723,0.061678,0.0020357,0.044714,0.0031896,2026-07-25
58,140,Ce,92,233,U,0,0.064483,0.0025793,0.061972,0.0020451,0.047114,0.0033448,2026-07-25
55,140,Cs,92,233,U,0,0.049309,0.0025815,0.044138,0.0022633,0.014427,0.0030049,2026-07-25
53,140,I,92,233,U,0,0.00026104,0.000090442,0.000080164,0.000028672,0.0000014509,0.00000055376,2026-07-25
57,140,La,92,233,U,0,0.064482,0.0025793,0.061971,0.0020451,0.047099,0.003344,2026-07-25
59,140,Pr,92,233,U,0,0.000000000014904,0.0000000000052044,0.000000000010233,0.000000000003667,0.00000000254,0.00000000096956,2026-07-25
52,140,Te,92,233,U,0,0.00000071628,0.00000025011,0.000000045986,0.000000016479,0.00000000014489,0.000000000055306,2026-07-25
54,140,Xe,92,233,U,0,0.017525,0.0033175,0.0085853,0.0024303,0.00084914,0.00031707,2026-07-25
56,141,Ba,92,233,U,0,0.06102,0.00080631,0.062665,0.0022102,0.034859,0.0016174,2026-07-25
58,141,Ce,92,233,U,0,0.062177,0.0008083,0.064855,0.0022699,0.044878,0.0016605,2026-07-25
55,141,Cs,92,233,U,0,0.033266,0.0026498,0.030186,0.0032416,0.0065914,0.0019219,2026-07-25
53,141,I,92,233,U,0,0.000031131,0.000011103,0.0000066416,0.0000023909,0.000000055883,0.000000020369,2026-07-25
57,141,La,92,233,U,0,0.062171,0.00080822,0.064848,0.0022697,0.04472,0.0016547,2026-07-25
60,141,Nd,92,233,U,0,,,,,0.0000000000035159,0.0000000000010793,2026-07-25
60,141,Nd,92,233,U,2,,,,,0.0000000000028876,0.0000000000010526,2026-07-25
59,141,Pr,92,233,U,0,0.062177,0.0008083,0.064855,0.0022699,0.044878,0.0016605,2026-07-25
52,141,Te,92,233,U,0,0.000000022409,0.0000000080026,0.00000000083112,0.00000000029926,0.0000000000011709,0.0000000000004268,2026-07-25
54,141,Xe,92,233,U,0,0.004981,0.0015371,0.001974,0.000682,0.00009461,0.000034396,2026-07-25
56,142,Ba,92,233,U,0,0.06386,0.0030944,0.056875,0.00372,0.020012,0.0038242,2026-07-25
58,142,Ce,92,233,U,0,0.068279,0.0032726,0.064691,0.0041363,0.037454,0.005992,2026-07-25
55,142,Cs,92,233,U,0,0.016483,0.0033947,0.012103,0.0031733,0.0012912,0.00052773,2026-07-25
53,142,I,92,233,U,0,0.0000020406,0.00000074278,0.00000023993,0.000000089016,0.00000000078322,0.00000000033109,2026-07-25
57,142,La,92,233,U,0,0.068192,0.0032726,0.064584,0.0041334,0.036375,0.0058225,2026-07-25
60,142,Nd,92,233,U,0,0.000000033062,0.0000000092304,0.00000004215,0.000000012304,0.0000024725,0.00000090238,2026-07-25
59,142,Pr,92,233,U,0,0.000000033065,0.0000000092319,0.000000042157,0.000000012306,0.0000024726,0.00000090251,2026-07-25
59,142,Pr,92,233,U,1,0.000000023172,0.0000000084377,0.000000030842,0.000000011443,0.0000020243,0.00000085567,2026-07-25
52,142,Te,92,233,U,0,0.00000000057241,0.00000000020843,0.000000000010187,0.0000000000037797,,,2026-07-25
54,142,Xe,92,233,U,0,0.0012238,0.00043256,0.00032309,0.00011916,0.0000063239,0.0000026728,2026-07-25
56,143,Ba,92,233,U,0,0.046392,0.0014238,0.03282,0.0025535,0.0070615,0.0017534,2026-07-25
58,143,Ce,92,233,U,0,0.059067,0.0012404,0.053751,0.0027951,0.031728,0.0012374,2026-07-25
55,143,Cs,92,233,U,0,0.006202,0.0018218,0.0036283,0.0011799,0.00017518,0.000066058,2026-07-25
53,143,I,92,233,U,0,0.000000088591,0.000000032282,0.0000000055783,0.0000000020082,0.0000000000069782,0.0000000000026497,2026-07-25
57,143,La,92,233,U,0,0.058483,0.0012299,0.053023,0.0027588,0.02813,0.001169,2026-07-25
60,143,Nd,92,233,U,0,0.059068,0.0012404,0.053753,0.0027951,0.031767,0.0012389,2026-07-25
59,143,Pr,92,233,U,0,0.059068,0.0012404,0.053753,0.0027951,0.031767,0.0012389,2026-07-25
54,143,Xe,92,233,U,0,0.00013597,0.000049357,0.000022172,0.0000079772,0.00000017743,0.00000006737,2026-07-25
56,144,Ba,92,233,U,0,0.027166,0.0017287,0.016444,0.002539,0.0019215,0.00081795,2026-07-25
58,144,Ce,92,233,U,0,0.046543,0.00093087,0.044919,0.0017518,0.024306,0.0051531,2026-07-25
55,144,Cs,92,233,U,0,0.0008714,0.0002216,0.0003786,0.0001004,0.0000075849,0.0000028415,2026-07-25
55,144,Cs,92,233,U,4,0.00057421,0.00019918,0.00025172,0.000089613,0.0000050545,0.0000023537,2026-07-25
53,144,I,92,233,U,0,0.0000000016927,0.00000000060486,0.000000000055142,0.000000000019816,,,2026-07-25
57,144,La,92,233,U,0,0.043716,0.00093534,0.041179,0.0016731,0.015347,0.0034629,2026-07-25
60,144,Nd,92,233,U,0,0.046554,0.00093108,0.044938,0.0017526,0.024584,0.0052119,2026-07-25
61,144,Pm,92,233,U,0,,,,,0.000000000030871,0.000000000014379,2026-07-25
59,144,Pr,92,233,U,0,0.046553,0.00093107,0.044938,0.0017526,0.024584,0.0052117,2026-07-25
59,144,Pr,92,233,U,1,0.00065178,0.000076321,0.00063725,0.000082106,0.00059708,0.00017351,2026-07-25
54,144,Xe,92,233,U,0,0.000010397,0.0000037135,0.0000010596,0.00000038076,0.0000000032503,0.0000000015138,2026-07-25
56,145,Ba,92,233,U,0,0.0090306,0.0017664,0.0039703,0.0011855,0.00024428,0.0001157,2026-07-25
58,145,Ce,92,233,U,0,0.033895,0.00067804,0.032223,0.001869,0.017915,0.0042705,2026-07-25
55,145,Cs,92,233,U,0,0.0001692,0.000058891,0.000045115,0.000016505,0.00000042802,0.00000020561,2026-07-25
57,145,La,92,233,U,0,0.027081,0.00094272,0.024492,0.001603,0.0070749,0.0021481,2026-07-25
60,145,Nd,92,233,U,0,0.033989,0.00067978,0.032392,0.0018787,0.019334,0.0046005,2026-07-25
61,145,Pm,92,233,U,0,0.0000000000070732,0.0000000000024888,0.000000000006018,0.0000000000022065,0.0000000023046,0.0000000011072,2026-07-25
59,145,Pr,92,233,U,0,0.033989,0.00067978,0.032392,0.0018787,0.019325,0.0045995,2026-07-25
54,145,Xe,92,233,U,0,0.00000039716,0.00000013974,0.000000020329,0.0000000074536,0.000000000027497,0.00000000001321,2026-07-25
56,146,Ba,92,233,U,0,0.0023829,0.00070967,0.00079893,0.00027998,0.000023236,0.000011432,2026-07-25
58,146,Ce,92,233,U,0,0.0249,0.00047505,0.023427,0.0013144,0.01184,0.0029598,2026-07-25
55,146,Cs,92,233,U,0,0.00001251,0.0000044539,0.0000020772,0.00000076715,0.0000000087199,0.0000000042981,2026-07-25
57,146,La,92,233,U,0,0.0060367,0.00084039,0.003901,0.00067608,0.00040015,0.00017618,2026-07-25
57,146,La,92,233,U,1,0.0065722,0.0010254,0.0065079,0.0011438,0.0013186,0.00057778,2026-07-25
60,146,Nd,92,233,U,0,0.02529,0.0004805,0.024133,0.0013513,0.015056,0.0037189,2026-07-25
61,146,Pm,92,233,U,0,0.00000000028595,0.00000000010198,0.00000000033292,0.00000000012298,0.000000064861,0.000000031971,2026-07-25
59,146,Pr,92,233,U,0,0.025287,0.00048046,0.02413,0.0013513,0.014972,0.0036982,2026-07-25
62,146,Sm,92,233,U,0,0.000000000097223,0.000000000034675,0.00000000011319,0.000000000041814,0.000000022056,0.00000001087,2026-07-25
54,146,Xe,92,233,U,0,0.000000011653,0.000000004156,0.00000000032256,0.00000000011916,,,2026-07-25
56,147,Ba,92,233,U,0,0.00030731,0.00011045,0.000071423,0.000026405,0.0000009748,0.00000036132,2026-07-25
58,147,Ce,92,233,U,0,0.016967,0.00081065,0.015038,0.00050138,0.0056755,0.00077311,2026-07-25
55,147,Cs,92,233,U,0,0.00000063524,0.0000002352,0.000000062848,0.000000023401,0.00000000011308,0.000000000041922,2026-07-25
57,147,La,92,233,U,0,0.0049658,0.0010081,0.0037233,0.0008915,0.00034073,0.00012036,2026-07-25
60,147,Nd,92,233,U,0,0.018267,0.00085856,0.017375,0.00050389,0.012505,0.0007253,2026-07-25
61,147,Pm,92,233,U,0,0.018267,0.00085856,0.017375,0.00050389,0.012507,0.00072541,2026-07-25
59,147,Pr,92,233,U,0,0.018246,0.00085757,0.017346,0.00050306,0.012035,0.00070144,2026-07-25
62,147,Sm,92,233,U,0,0.018267,0.00085856,0.017375,0.00050389,0.012507,0.00072541,2026-07-25
54,147,Xe,92,233,U,0,0.00000000014566,0.000000000053946,0.0000000000019857,0.00000000000073938,,,2026-07-25
56,148,Ba,92,233,U,0,0.000030115,0.000011519,0.0000045408,0.0000017026,0.000000027795,0.000000013198,2026-07-25
58,148,Ce,92,233,U,0,0.010677,0.00026506,0.0082898,0.00053865,0.0021282,0.00077335,2026-07-25
55,148,Cs,92,233,U,0,0.000000015793,0.0000000060675,0.00000000083659,0.00000000031391,,,2026-07-25
57,148,La,92,233,U,0,0.0011273,0.00036131,0.00065016,0.00022106,0.000030046,0.000014205,2026-07-25
60,148,Nd,92,233,U,0,0.012939,0.00024583,0.012041,0.000602,0.0098071,0.0022458,2026-07-25
61,148,Pm,92,233,U,-2,0.00000011168,0.000000042921,0.00000022249,0.00000008348,0.000016724,0.0000079214,2026-07-25
61,148,Pm,92,233,U,0,0.000000053265,0.000000018455,0.00000009275,0.000000030983,0.0000045398,0.0000018881,2026-07-25
59,148,Pr,92,233,U,0,0.0017232,0.000478,0.0029484,0.00062021,0.005195,0.0013089,2026-07-25
62,148,Sm,92,233,U,0,0.00000015939,0.000000044803,0.00000030415,0.000000085716,0.000020443,0.0000082312,2026-07-25
56,149,Ba,92,233,U,0,0.0000015419,0.00000057475,0.00000012786,0.000000046657,0.00000000037582,0.00000000017589,2026-07-25
58,149,Ce,92,233,U,0,0.004335,0.00035378,0.0024605,0.00041995,0.0004059,0.00017841,2026-07-25
55,149,Cs,92,233,U,0,0.00000000031153,0.00000000011619,0.0000000000078719,0.0000000000028728,,,2026-07-25
63,149,Eu,92,233,U,0,,,,,0.000000000031565,0.000000000014772,2026-07-25
57,149,La,92,233,U,0,0.00021112,0.000074327,0.000082175,0.000029361,0.0000019957,0.00000093355,2026-07-25
60,149,Nd,92,233,U,0,0.0076852,0.00030741,0.0071687,0.00033693,0.0078959,0.0017294,2026-07-25
61,149,Pm,92,233,U,0,0.0076871,0.00030748,0.0071725,0.00033711,0.0080523,0.0017635,2026-07-25
59,149,Pr,92,233,U,0,0.0073063,0.00029629,0.006616,0.00031894,0.0046879,0.0011237,2026-07-25
62,149,Sm,92,233,U,0,0.0076871,0.00030748,0.0071725,0.00033711,0.0080527,0.0017635,2026-07-25
56,150,Ba,92,233,U,0,0.000000062481,0.000000022676,0.0000000028361,0.0000000010315,0.0000000000034582,0.0000000000016157,2026-07-25
58,150,Ce,92,233,U,0,0.0015209,0.00025672,0.00064464,0.00017998,0.000055745,0.000025761,2026-07-25
55,150,Cs,92,233,U,0,0.0000000000031524,0.0000000000011442,,,,,2026-07-25
63,150,Eu,92,233,U,0,,,,,0.0000000014065,0.00000000065715,2026-07-25
63,150,Eu,92,233,U,1,,,,,0.00000000017937,0.000000000083801,2026-07-25
64,150,Gd,92,233,U,0,,,,,0.00000000015784,0.000000000073745,2026-07-25
57,150,La,92,233,U,0,0.000021465,0.000007699,0.0000053105,0.0000019266,0.000000057693,0.000000026954,2026-07-25
60,150,Nd,92,233,U,0,0.0048731,0.000073112,0.0046326,0.00023166,0.0058791,0.001226,2026-07-25
61,150,Pm,92,233,U,0,0.000011314,0.0000042109,0.000024773,0.0000089268,0.000541,0.0002259,2026-07-25
59,150,Pr,92,233,U,0,0.0039878,0.00012,0.0033196,0.00021725,0.0016091,0.00053609,2026-07-25
62,150,Sm,92,233,U,0,0.000011338,0.000004211,0.000024805,0.0000089269,0.00054665,0.00022633,2026-07-25
56,151,Ba,92,233,U,0,0.0000000012789,0.00000000048834,0.000000000028464,0.0000000000104,,,2026-07-25
58,151,Ce,92,233,U,0,0.00028067,0.000088314,0.000084382,0.000029339,0.0000036359,0.000001749,2026-07-25
63,151,Eu,92,233,U,0,0.0033332,0.00016998,0.0031155,0.0001402,0.0049261,0.0011478,2026-07-25
64,151,Gd,92,233,U,0,,,,,0.0000000000029094,0.0000000000014009,2026-07-25
57,151,La,92,233,U,0,0.0000017189,0.0000006551,0.00000025262,0.000000092281,0.0000000012277,0.00000000059117,2026-07-25
60,151,Nd,92,233,U,0,0.0032846,0.00016763,0.0029974,0.00013596,0.0034175,0.00082726,2026-07-25
61,151,Pm,92,233,U,0,0.0033329,0.00016998,0.0031151,0.00014018,0.0048835,0.0011379,2026-07-25
59,151,Pr,92,233,U,0,0.0019959,0.00016257,0.0014704,0.00017988,0.00045887,0.00019704,2026-07-25
62,151,Sm,92,233,U,0,0.0033332,0.00016998,0.0031155,0.0001402,0.004926,0.0011478,2026-07-25
56,152,Ba,92,233,U,0,0.000000000016881,0.0000000000070653,,,,,2026-07-25
58,152,Ce,92,233,U,0,0.00003396,0.000013611,0.0000082652,0.0000030899,0.0000001374,0.000000059978,2026-07-25
63,152,Eu,92,233,U,0,0.0000000006836,0.00000000020367,0.0000000015234,0.00000000041307,0.00000059208,0.00000020807,2026-07-25
63,152,Eu,92,233,U,1,0.00000000007697,0.000000000032214,0.00000000014975,0.000000000056413,0.000000036593,0.000000015974,2026-07-25
63,152,Eu,92,233,U,16,0.00000000036043,0.00000000015085,0.00000000086806,0.00000000032701,0.00000041308,0.0000001803,2026-07-25
64,152,Gd,92,233,U,0,0.00000000024614,0.000000000061693,0.00000000053286,0.00000000012309,0.00000019169,0.000000061487,2026-07-25
57,152,La,92,233,U,0,0.000000057902,0.000000024225,0.0000000055488,0.0000000020902,0.0000000000097571,0.0000000000042597,2026-07-25
60,152,Nd,92,233,U,0,0.0018837,0.000081441,0.0016879,0.000086626,0.0012814,0.00029432,2026-07-25
61,152,Pm,92,233,U,0,0.0018984,0.000081921,0.0017296,0.000087431,0.0014363,0.0003061,2026-07-25
61,152,Pm,92,233,U,4,0.000029353,0.000015625,0.000087621,0.000028836,0.00037393,0.00010695,2026-07-25
61,152,Pm,92,233,U,14,0.000032467,0.000017256,0.00011446,0.000037132,0.00084086,0.00021347,2026-07-25
59,152,Pr,92,233,U,0,0.00048727,0.00010613,0.00035444,0.000094575,0.000048682,0.000020732,2026-07-25
62,152,Sm,92,233,U,0,0.0019623,0.000084366,0.0019355,0.000094842,0.0028129,0.00050069,2026-07-25
58,153,Ce,92,233,U,0,0.0000021166,0.000001539,0.00000041671,0.00000018656,0.0000000021503,0.00000000086652,2026-07-25
63,153,Eu,92,233,U,0,0.0010621,0.00041949,0.0011791,0.00022165,0.0014445,0.00017328,2026-07-25
64,153,Gd,92,233,U,0,0.0000000000015368,0.0000000000011232,0.0000000000024817,0.0000000000011117,0.0000000031707,0.0000000012778,2026-07-25
57,153,La,92,233,U,0,0.0000000014611,0.0000000010678,0.000000000097489,0.000000000043673,,,2026-07-25
60,153,Nd,92,233,U,0,0.0010097,0.00039893,0.00073099,0.00015187,0.00023782,0.000073258,2026-07-25
61,153,Pm,92,233,U,0,0.0010551,0.00041676,0.0011616,0.00021841,0.0011757,0.00014499,2026-07-25
59,153,Pr,92,233,U,0,0.00010245,0.000061591,0.0000746,0.000030696,0.0000035131,0.0000014099,2026-07-25
62,153,Sm,92,233,U,0,0.0010621,0.00041949,0.0011791,0.00022165,0.00144,0.0001728,2026-07-25
62,153,Sm,92,233,U,6,0.0000049564,0.0000036829,0.000012887,0.0000056814,0.00021698,0.000067512,2026-07-25
58,154,Ce,92,233,U,0,0.00000011814,0.000000046582,0.000000014592,0.0000000060785,0.000000000033542,0.000000000014254,2026-07-25
63,154,Eu,92,233,U,0,0.000000077941,0.000000021941,0.00000030614,0.000000095848,0.000020786,0.0000067449,2026-07-25
63,154,Eu,92,233,U,13,0.000000036936,0.000000014575,0.00000015882,0.000000066137,0.000013656,0.0000056726,2026-07-25
64,154,Gd,92,233,U,0,0.000000077972,0.000000021937,0.00000030618,0.000000095836,0.00002085,0.0000067486,2026-07-25
57,154,La,92,233,U,0,0.000000000021186,0.00000000000836,,,,,2026-07-25
60,154,Nd,92,233,U,0,0.00032376,0.000020369,0.00025578,0.000059006,0.00004793,0.00001901,2026-07-25
61,154,Pm,92,233,U,0,0.000056205,0.000017826,0.00017954,0.00004092,0.00022848,0.000059445,2026-07-25
59,154,Pr,92,233,U,0,0.000012171,0.0000044844,0.0000072109,0.0000029547,0.00000016253,0.000000069042,2026-07-25
62,154,Sm,92,233,U,0,0.00045802,0.000022443,0.00067153,0.00010073,0.0009733,0.00015673,2026-07-25
65,154,Tb,92,233,U,1,,,,,0.0000000000014253,0.00000000000058103,2026-07-25
65,154,Tb,92,233,U,2,,,,,0.0000000000038766,0.0000000000016474,2026-07-25
58,155,Ce,92,233,U,0,0.0000000035028,0.00000000177,0.00000000021626,0.000000000091168,,,2026-07-25
63,155,Eu,92,233,U,0,0.00021371,0.000059836,0.00035072,0.000052605,0.00067086,0.000106,2026-07-25
64,155,Gd,92,233,U,0,0.00021371,0.000059836,0.00035072,0.000052605,0.00067152,0.0001061,2026-07-25
64,155,Gd,92,233,U,6,0.00000000051266,0.00000000025907,0.0000000013104,0.00000000055245,0.00000053697,0.00000022842,2026-07-25
60,155,Nd,92,233,U,0,0.000071248,0.000024446,0.000043743,0.000015298,0.0000046351,0.0000019536,2026-07-25
61,155,Pm,92,233,U,0,0.00017601,0.000049677,0.00026761,0.000041703,0.00018426,0.000051774,2026-07-25
59,155,Pr,92,233,U,0,0.0000013282,0.00000066413,0.00000048304,0.00000020317,0.0000000055071,0.0000000023454,2026-07-25
62,155,Sm,92,233,U,0,0.00021323,0.000059704,0.00034887,0.000052331,0.00059895,0.000095309,2026-07-25
65,155,Tb,92,233,U,0,,,,,0.00000000025512,0.00000000010865,2026-07-25
58,156,Ce,92,233,U,0,0.00000000007764,0.000000000032544,0.0000000000023568,0.000000000001007,,,2026-07-25
63,156,Eu,92,233,U,0,0.00010904,0.000017883,0.00016904,0.000027385,0.00043977,0.000034747,2026-07-25
64,156,Gd,92,233,U,0,0.00010905,0.000017884,0.00016907,0.000027389,0.00044414,0.000035084,2026-07-25
60,156,Nd,92,233,U,0,0.000012556,0.0000043616,0.0000057669,0.0000023473,0.00000033698,0.00000012929,2026-07-25
61,156,Pm,92,233,U,0,0.00005892,0.000011334,0.000075547,0.000016543,0.000034845,0.000011683,2026-07-25
59,156,Pr,92,233,U,0,0.000000072845,0.000000030474,0.000000015036,0.0000000064227,0.000000000087587,0.000000000033655,2026-07-25
62,156,Sm,92,233,U,0,0.00010763,0.000017653,0.00016405,0.000026591,0.00032506,0.000028506,2026-07-25
65,156,Tb,92,233,U,0,,,0.0000000000022901,0.00000000000071183,0.0000000048639,0.0000000014097,2026-07-25
65,156,Tb,92,233,U,2,,,0.0000000000013115,0.00000000000056038,0.0000000033944,0.0000000013043,2026-07-25
65,156,Tb,92,233,U,4,,,,,0.00000000028311,0.00000000010878,2026-07-25
58,157,Ce,92,233,U,0,0.0000000000011306,0.00000000000048372,,,,,2026-07-25
66,157,Dy,92,233,U,0,,,,,0.000000000012772,0.0000000000046442,2026-07-25
66,157,Dy,92,233,U,5,,,,,0.000000000010487,0.0000000000044165,2026-07-25
63,157,Eu,92,233,U,0,0.000068666,0.000010987,0.00011607,0.000019268,0.0002695,0.000041573,2026-07-25
64,157,Gd,92,233,U,0,0.00006872,0.000010995,0.00011624,0.000019289,0.00028367,0.000043685,2026-07-25
60,157,Nd,92,233,U,0,0.0000016036,0.00000066076,0.00000056239,0.00000024164,0.000000012664,0.0000000053325,2026-07-25
61,157,Pm,92,233,U,0,0.000021748,0.0000056144,0.000027254,0.0000083641,0.0000055855,0.0000022846,2026-07-25
59,157,Pr,92,233,U,0,0.0000000040191,0.000000001719,0.00000000053746,0.0000000002326,0.0000000000011521,0.0000000000004852,2026-07-25
62,157,Sm,92,233,U,0,0.000064634,0.000010361,0.00010076,0.000016901,0.00011684,0.000026062,2026-07-25
65,157,Tb,92,233,U,0,0.000000000020466,0.0000000000087564,0.000000000083365,0.000000000036078,0.000000068577,0.000000028866,2026-07-25
66,158,Dy,92,233,U,0,0.00000000002742,0.000000000011205,0.00000000014107,0.00000000005512,0.00000007571,0.000000029933,2026-07-25
63,158,Eu,92,233,U,0,0.000026238,0.0000044606,0.000047879,0.0000071826,0.00014126,0.00002208,2026-07-25
64,158,Gd,92,233,U,0,0.000026416,0.0000044907,0.000048512,0.0000072765,0.00017723,0.000026939,2026-07-25
60,158,Nd,92,233,U,0,0.00000010368,0.000000045947,0.000000025487,0.000000010769,0.00000000036438,0.00000000015259,2026-07-25
61,158,Pm,92,233,U,0,0.0000030331,0.0000011267,0.0000031422,0.0000012053,0.00000044259,0.00000018457,2026-07-25
59,158,Pr,92,233,U,0,0.000000000070862,0.000000000031592,0.0000000000054945,0.0000000000023239,,,2026-07-25
62,158,Sm,92,233,U,0,0.00002246,0.0000038582,0.00003382,0.0000054351,0.000035613,0.000011014,2026-07-25
65,158,Tb,92,233,U,0,0.00000000016458,0.000000000067459,0.00000000084706,0.00000000033189,0.00000045285,0.0000001798,2026-07-25
65,158,Tb,92,233,U,3,0.000000000016666,0.00000000000743,0.000000000075853,0.000000000032081,0.000000026365,0.000000011024,2026-07-25
66,159,Dy,92,233,U,0,,,0.0000000000014189,0.00000000000061145,0.0000000048114,0.0000000019513,2026-07-25
63,159,Eu,92,233,U,0,0.0000092145,0.0000011899,0.000017752,0.0000029535,0.00006356,0.0000099447,2026-07-25
64,159,Gd,92,233,U,0,0.0000095546,0.0000012325,0.000018886,0.000003135,0.00010597,0.000013886,2026-07-25
60,159,Nd,92,233,U,0,0.0000000040296,0.0000000016319,0.00000000056972,0.0000000002455,0.0000000000048864,0.0000000000019819,2026-07-25
61,159,Pm,92,233,U,0,0.00000040344,0.00000015233,0.00000029513,0.00000012434,0.000000026204,0.000000010622,2026-07-25
59,159,Pr,92,233,U,0,0.0000000000011278,0.00000000000045713,,,,,2026-07-25
62,159,Sm,92,233,U,0,0.0000059282,0.00000088076,0.0000071074,0.0000017553,0.0000054086,0.0000020298,2026-07-25
65,159,Tb,92,233,U,0,0.0000095557,0.0000012327,0.000018892,0.0000031357,0.00010809,0.00001416,2026-07-25
66,160,Dy,92,233,U,0,0.0000000041728,0.0000000017185,0.000000036406,0.000000015108,0.0000056205,0.0000021271,2026-07-25
63,160,Eu,92,233,U,0,0.0000029641,0.00000046129,0.0000084812,0.0000013198,0.00001993,0.0000055372,2026-07-25
64,160,Gd,92,233,U,0,0.0000034948,0.0000005347,0.000010968,0.0000016452,0.000067665,0.000010256,2026-07-25
67,160,Ho,92,233,U,0,,,,,0.000000000012654,0.0000000000038118,2026-07-25
67,160,Ho,92,233,U,1,,,,,0.0000000000024495,0.0000000000010407,2026-07-25
67,160,Ho,92,233,U,6,,,,,0.0000000000071554,0.0000000000030399,2026-07-25
60,160,Nd,92,233,U,0,0.00000000012491,0.000000000051587,0.00000000001494,0.0000000000062333,,,2026-07-25
61,160,Pm,92,233,U,0,0.000000029467,0.000000011985,0.000000021062,0.000000008759,0.00000000085009,0.00000000036114,2026-07-25
62,160,Sm,92,233,U,0,0.0000013689,0.00000030939,0.0000019458,0.00000062184,0.00000074526,0.0000003119,2026-07-25
65,160,Tb,92,233,U,0,0.0000000041669,0.0000000017182,0.000000036371,0.000000015106,0.0000055673,0.0000021252,2026-07-25
66,161,Dy,92,233,U,0,0.0000011942,0.00000016358,0.0000049371,0.00000085904,0.0000475,0.000004085,2026-07-25
63,161,Eu,92,233,U,0,0.00000077175,0.00000011835,0.000002739,0.00000056088,0.0000054687,0.0000017182,2026-07-25
64,161,Gd,92,233,U,0,0.0000011831,0.00000016209,0.0000048181,0.00000083863,0.000035035,0.000003311,2026-07-25
67,161,Ho,92,233,U,0,,,,,0.00000000032888,0.0000000001172,2026-07-25
67,161,Ho,92,233,U,2,,,,,0.000000000025291,0.0000000000096898,2026-07-25
60,161,Nd,92,233,U,0,0.0000000000018418,0.00000000000074367,,,,,2026-07-25
61,161,Pm,92,233,U,0,0.0000000015947,0.00000000064204,0.00000000086796,0.00000000037863,0.00000000002185,0.0000000000083716,2026-07-25
62,161,Sm,92,233,U,0,0.00000016552,0.000000053829,0.00000020684,0.000000085079,0.000000052462,0.000000020058,2026-07-25
65,161,Tb,92,233,U,0,0.0000011941,0.00000016358,0.0000049368,0.00000085901,0.000047205,0.0000040598,2026-07-25
66,162,Dy,92,233,U,0,0.00000033762,0.00000005064,0.000001403,0.00000021045,0.000027738,0.0000041607,2026-07-25
63,162,Eu,92,233,U,0,0.00000011484,0.00000002768,0.00000034424,0.000000099824,0.00000068849,0.00000027713,2026-07-25
64,162,Gd,92,233,U,0,0.00000032517,0.000000048818,0.0000012782,0.00000019268,0.000014448,0.0000027288,2026-07-25
67,162,Ho,92,233,U,0,,,,,0.000000002341,0.00000000079617,2026-07-25
67,162,Ho,92,233,U,3,,,,,0.0000000027821,0.0000000011628,2026-07-25
61,162,Pm,92,233,U,0,0.000000000035694,0.000000000015075,0.000000000011112,0.0000000000047227,,,2026-07-25
62,162,Sm,92,233,U,0,0.000000013063,0.0000000052158,0.000000011288,0.0000000047409,0.0000000025335,0.0000000010589,2026-07-25
65,162,Tb,92,233,U,0,0.00000033747,0.00000005062,0.0000014017,0.00000021025,0.000026601,0.000003995,2026-07-25
66,163,Dy,92,233,U,0,0.000000089795,0.000000013469,0.00000037524,0.000000056287,0.00001572,0.0000023579,2026-07-25
68,163,Er,92,233,U,0,,,,,0.000000000013523,0.0000000000057084,2026-07-25
63,163,Eu,92,233,U,0,0.000000015581,0.0000000050466,0.000000037294,0.00000001351,0.000000068516,0.000000028727,2026-07-25
64,163,Gd,92,233,U,0,0.00000007791,0.00000001181,0.00000026608,0.000000042488,0.000003415,0.0000010341,2026-07-25
67,163,Ho,92,233,U,0,,,0.0000000000038137,0.0000000000014502,0.000000026887,0.000000010593,2026-07-25
67,163,Ho,92,233,U,3,,,,,0.0000000020665,0.00000000087149,2026-07-25
62,163,Sm,92,233,U,0,0.00000000057355,0.00000000024281,0.00000000031086,0.00000000013047,0.000000000058693,0.000000000024776,2026-07-25
65,163,Tb,92,233,U,0,0.000000089465,0.00000001342,0.00000037229,0.000000055846,0.00001356,0.0000020595,2026-07-25
66,164,Dy,92,233,U,0,0.00000002247,0.0000000033705,0.000000094451,0.000000014168,0.0000086318,0.0000012948,2026-07-25
68,164,Er,92,233,U,0,,,0.000000000008332,0.0000000000028203,0.000000054115,0.000000019143,2026-07-25
63,164,Eu,92,233,U,0,0.0000000011767,0.0000000004598,0.0000000019309,0.00000000078108,0.000000003369,0.000000001403,2026-07-25
64,164,Gd,92,233,U,0,0.000000016269,0.0000000025755,0.000000045976,0.0000000090738,0.00000067489,0.00000025083,2026-07-25
67,164,Ho,92,233,U,0,0.0000000000011065,0.00000000000037501,0.000000000016116,0.0000000000054548,0.00000010423,0.000000036822,2026-07-25
67,164,Ho,92,233,U,3,,,0.00000000001179,0.0000000000049198,0.000000085333,0.000000035043,2026-07-25
62,164,Sm,92,233,U,0,0.000000000019369,0.000000000008244,0.0000000000061457,0.0000000000025647,0.0000000000010457,0.00000000000043583,2026-07-25
65,164,Tb,92,233,U,0,0.000000021922,0.0000000032895,0.000000089791,0.000000013492,0.0000052201,0.00000090024,2026-07-25
66,165,Dy,92,233,U,0,0.0000000052857,0.00000000079285,0.000000022318,0.0000000033477,0.0000043437,0.00000065344,2026-07-25
66,165,Dy,92,233,U,2,0.000000000068563,0.000000000026594,0.00000000041072,0.00000000015669,0.0000002018,0.000000053242,2026-07-25
68,165,Er,92,233,U,0,,,,,0.0000000017836,0.00000000074666,2026-07-25
63,165,Eu,92,233,U,0,0.000000000078443,0.00000000003181,0.000000000075543,0.00000000003175,0.0000000001232,0.0000000000516,2026-07-25
64,165,Gd,92,233,U,0,0.0000000022713,0.00000000048245,0.0000000043155,0.0000000013583,0.000000065371,0.000000026808,2026-07-25
67,165,Ho,92,233,U,0,0.0000000052909,0.00000000079364,0.000000022377,0.0000000033566,0.0000046562,0.0000006984,2026-07-25
65,165,Tb,92,233,U,0,0.0000000047701,0.00000000072063,0.000000018831,0.0000000028707,0.000001724,0.00000040499,2026-07-25
66,166,Dy,92,233,U,0,0.0000000011665,0.00000000017498,0.0000000049149,0.00000000073734,0.0000019794,0.00000031913,2026-07-25
68,166,Er,92,233,U,0,0.0000000011683,0.00000000017525,0.0000000049347,0.00000000074027,0.0000020689,0.00000033083,2026-07-25
63,166,Eu,92,233,U,0,0.0000000000025531,0.000000000001043,0.0000000000014145,0.00000000000058943,0.0000000000020901,0.00000000000090369,2026-07-25
64,166,Gd,92,233,U,0,0.00000000024496,0.000000000073,0.00000000032687,0.00000000012374,0.0000000048153,0.0000000020756,2026-07-25
67,166,Ho,92,233,U,0,0.0000000011683,0.00000000017525,0.0000000049347,0.00000000074027,0.0000020585,0.00000032944,2026-07-25
67,166,Ho,92,233,U,1,0.0000000000041787,0.0000000000017024,0.000000000054078,0.000000000022159,0.00000035702,0.00000012328,2026-07-25
65,166,Tb,92,233,U,0,0.00000000080414,0.00000000013043,0.0000000028296,0.00000000050445,0.00000030912,0.00000011053,2026-07-25
69,166,Tm,92,233,U,0,,,,,0.0000000000069793,0.0000000000025254,2026-07-25
69,166,Tm,92,233,U,6,,,,,0.0000000000054278,0.0000000000023468,2026-07-25
66,167,Dy,92,233,U,0,0.00000000023745,0.000000000035638,0.00000000096528,0.0000000001454,0.0000011117,0.00000020666,2026-07-25
68,167,Er,92,233,U,0,0.00000000024441,0.000000000036662,0.0000000010462,0.00000000015694,0.0000020883,0.0000003132,2026-07-25
68,167,Er,92,233,U,3,0.000000000029206,0.0000000000061828,0.00000000012502,0.000000000026159,0.00000024739,0.000000053115,2026-07-25
64,167,Gd,92,233,U,0,0.000000000013278,0.0000000000051268,0.000000000011785,0.0000000000048651,0.00000000031413,0.00000000013124,2026-07-25
67,167,Ho,92,233,U,0,0.00000000024441,0.000000000036662,0.0000000010462,0.00000000015694,0.0000020346,0.00000030532,2026-07-25
65,167,Tb,92,233,U,0,0.00000000011071,0.000000000022571,0.00000000035442,0.000000000087667,0.000000082619,0.000000032557,2026-07-25
69,167,Tm,92,233,U,0,,,,,0.00000000015553,0.000000000064991,2026-07-25
66,168,Dy,92,233,U,0,0.000000000043339,0.0000000000065367,0.00000000016368,0.000000000025243,0.00000043057,0.00000011227,2026-07-25
68,168,Er,92,233,U,0,0.000000000047344,0.0000000000071023,0.00000000020637,0.000000000030956,0.0000014167,0.0000002125,2026-07-25
64,168,Gd,92,233,U,0,,,,,0.000000000012483,0.0000000000052046,2026-07-25
67,168,Ho,92,233,U,0,0.000000000047332,0.0000000000071005,0.00000000020511,0.000000000030767,0.0000012388,0.00000018738,2026-07-25
67,168,Ho,92,233,U,1,0.0000000000023495,0.00000000000092877,0.000000000026005,0.0000000000088736,0.00000060094,0.00000011793,2026-07-25
65,168,Tb,92,233,U,0,0.0000000000087297,0.0000000000028904,0.000000000022695,0.0000000000082741,0.0000000088005,0.0000000036333,2026-07-25
69,168,Tm,92,233,U,0,,,,,0.0000000013216,0.00000000055032,2026-07-25
66,169,Dy,92,233,U,0,0.0000000000058899,0.00000000000096467,0.000000000019141,0.0000000000037146,0.000000077357,0.000000025353,2026-07-25
68,169,Er,92,233,U,0,0.0000000000080013,0.0000000000012075,0.000000000038398,0.0000000000057597,0.00000084171,0.000000072394,2026-07-25
67,169,Ho,92,233,U,0,0.0000000000080013,0.0000000000012075,0.000000000037202,0.0000000000055842,0.00000059723,0.000000058267,2026-07-25
65,169,Tb,92,233,U,0,,,0.0000000000012557,0.0000000000005012,0.00000000063085,0.00000000024136,2026-07-25
69,169,Tm,92,233,U,0,,,,,0.00000084919,0.00000007303,2026-07-25
70,169,Yb,92,233,U,0,,,,,0.0000000000098957,0.0000000000035257,2026-07-25
66,170,Dy,92,233,U,0,,,0.0000000000018058,0.00000000000050297,0.0000000133,0.0000000054063,2026-07-25
68,170,Er,92,233,U,0,,,0.0000000000057246,0.00000000000086838,0.00000055867,0.000000083891,2026-07-25
67,170,Ho,92,233,U,0,,,0.000000000002867,0.00000000000055699,0.00000017137,0.000000044415,2026-07-25
67,170,Ho,92,233,U,1,,,0.0000000000028576,0.00000000000055818,0.00000005125,0.000000013727,2026-07-25
65,170,Tb,92,233,U,0,,,,,0.000000000025966,0.000000000010913,2026-07-25
69,170,Tm,92,233,U,0,,,,,0.000000024553,0.0000000097289,2026-07-25
70,170,Yb,92,233,U,0,,,,,0.00000002466,0.0000000097226,2026-07-25
66,171,Dy,92,233,U,0,,,,,0.0000000010239,0.00000000042975,2026-07-25
68,171,Er,92,233,U,0,,,,,0.000000284,0.00000004342,2026-07-25
67,171,Ho,92,233,U,0,,,,,0.000000064315,0.000000020379,2026-07-25
69,171,Tm,92,233,U,0,,,,,0.00000034186,0.00000005128,2026-07-25
70,171,Yb,92,233,U,-2,,,,,0.00000000078073,0.00000000032797,2026-07-25
70,171,Yb,92,233,U,0,,,,,0.00000034271,0.000000051405,2026-07-25
66,172,Dy,92,233,U,0,,,,,0.0000000000547,0.0000000000212,2026-07-25
68,172,Er,92,233,U,0,,,,,0.00000011733,0.000000013332,2026-07-25
67,172,Ho,92,233,U,0,,,,,0.0000000087695,0.0000000031356,2026-07-25
71,172,Lu,92,233,U,0,,,,,0.0000000000062716,0.0000000000021904,2026-07-25
69,172,Tm,92,233,U,0,,,,,0.00000017932,0.000000017044,2026-07-25
70,172,Yb,92,233,U,0,,,,,0.0000001829,0.000000017375,2026-07-25
66,173,Dy,92,233,U,0,,,,,0.0000000000013965,0.00000000000058678,2026-07-25
68,173,Er,92,233,U,0,,,,,0.000000029009,0.0000000074201,2026-07-25
67,173,Ho,92,233,U,0,,,,,0.00000000094832,0.00000000039226,2026-07-25
71,173,Lu,92,233,U,0,,,,,0.000000000054524,0.000000000022891,2026-07-25
69,173,Tm,92,233,U,0,,,,,0.000000083672,0.000000012608,2026-07-25
70,173,Yb,92,233,U,0,,,,,0.000000091084,0.000000013662,2026-07-25
68,174,Er,92,233,U,0,,,,,0.000000005885,0.0000000019991,2026-07-25
67,174,Ho,92,233,U,0,,,,,0.000000000049258,0.00000000002051,2026-07-25
71,174,Lu,92,233,U,0,,,,,0.00000000022241,0.000000000079278,2026-07-25
71,174,Lu,92,233,U,3,,,,,0.00000000018295,0.000000000075812,2026-07-25
69,174,Tm,92,233,U,0,,,,,0.000000030783,0.000000004896,2026-07-25
70,174,Yb,92,233,U,0,,,,,0.000000042858,0.0000000064288,2026-07-25
68,175,Er,92,233,U,0,,,,,0.00000000057035,0.00000000023577,2026-07-25
72,175,Hf,92,233,U,0,,,,,0.0000000000022691,0.00000000000097857,2026-07-25
67,175,Ho,92,233,U,0,,,,,0.0000000000018339,0.00000000000079092,2026-07-25
71,175,Lu,92,233,U,0,,,,,0.00000001921,0.0000000032273,2026-07-25
69,175,Tm,92,233,U,0,,,,,0.000000009459,0.0000000020138,2026-07-25
70,175,Yb,92,233,U,0,,,,,0.000000018547,0.0000000031176,2026-07-25
70,175,Yb,92,233,U,7,,,,,0.0000000079823,0.0000000017358,2026-07-25
68,176,Er,92,233,U,0,,,,,0.000000000035161,0.000000000014883,2026-07-25
72,176,Hf,92,233,U,0,,,,,0.00000000018426,0.000000000068701,2026-07-25
71,176,Lu,92,233,U,0,,,,,0.0000000010391,0.0000000002546,2026-07-25
71,176,Lu,92,233,U,1,,,,,0.00000000017329,0.00000000006807,2026-07-25
69,176,Tm,92,233,U,0,,,,,0.0000000013715,0.00000000042911,2026-07-25
70,176,Yb,92,233,U,0,,,,,0.0000000056226,0.00000000085331,2026-07-25
70,176,Yb,92,233,U,5,,,,,0.0000000043283,0.00000000070268,2026-07-25
68,177,Er,92,233,U,0,,,,,0.000000000001132,0.00000000000047421,2026-07-25
72,177,Hf,92,233,U,0,,,,,0.0000000023634,0.00000000035445,2026-07-25
72,177,Hf,92,233,U,48,,,,,0.00000000032152,0.000000000084213,2026-07-25
72,177,Hf,92,233,U,49,,,,,0.000000000029367,0.000000000009326,2026-07-25
71,177,Lu,92,233,U,0,,,,,0.0000000020276,0.00000000030722,2026-07-25
71,177,Lu,92,233,U,2,,,,,0.00000000036236,0.00000000010241,2026-07-25
71,177,Lu,92,233,U,9,,,,,0.000000000054322,0.000000000018114,2026-07-25
69,177,Tm,92,233,U,0,,,,,0.00000000017622,0.000000000066118,2026-07-25
70,177,Yb,92,233,U,0,,,,,0.0000000015433,0.00000000025092,2026-07-25
70,177,Yb,92,233,U,1,,,,,0.00000000032879,0.00000000008036,2026-07-25
72,178,Hf,92,233,U,0,,,,,0.00000000078967,0.00000000011845,2026-07-25
72,178,Hf,92,233,U,5,,,,,0.00000000032182,0.000000000063487,2026-07-25
72,178,Hf,92,233,U,109,,,,,0.000000000010164,0.0000000000040385,2026-07-25
71,178,Lu,92,233,U,0,,,,,0.00000000045586,0.000000000079294,2026-07-25
71,178,Lu,92,233,U,3,,,,,0.00000000027984,0.000000000060962,2026-07-25
69,178,Tm,92,233,U,0,,,,,0.000000000011066,0.0000000000045234,2026-07-25
70,178,Yb,92,233,U,0,,,,,0.00000000033467,0.00000000007226,2026-07-25
72,179,Hf,92,233,U,0,,,,,0.0000000002539,0.000000000038086,2026-07-25
72,179,Hf,92,233,U,5,,,,,0.0000000000055723,0.0000000000020689,2026-07-25
72,179,Hf,92,233,U,46,,,,,0.000000000020572,0.0000000000072563,2026-07-25
71,179,Lu,92,233,U,0,,,,,0.00000000020397,0.000000000031323,2026-07-25
71,179,Lu,92,233,U,6,,,,,0.000000000051261,0.000000000013608,2026-07-25
70,179,Yb,92,233,U,0,,,,,0.000000000038539,0.000000000013081,2026-07-25
72,180,Hf,92,233,U,0,,,,,0.000000000078319,0.000000000011749,2026-07-25
72,180,Hf,92,233,U,6,,,,,0.000000000040613,0.0000000000072841,2026-07-25
71,180,Lu,92,233,U,-3,,,,,0.000000000022378,0.0000000000054118,2026-07-25
71,180,Lu,92,233,U,-2,,,,,0.000000000010773,0.0000000000025853,2026-07-25
71,180,Lu,92,233,U,0,,,,,0.000000000023611,0.0000000000043859,2026-07-25
73,180,Ta,92,233,U,2,,,,,0.0000000000013214,0.00000000000049434,2026-07-25
70,180,Yb,92,233,U,0,,,,,0.0000000000037378,0.0000000000014608,2026-07-25
72,181,Hf,92,233,U,0,,,,,0.000000000021368,0.0000000000032321,2026-07-25
71,181,Lu,92,233,U,0,,,,,0.0000000000066261,0.0000000000018426,2026-07-25
73,181,Ta,92,233,U,0,,,,,0.000000000023833,0.0000000000035751,2026-07-25
72,182,Hf,92,233,U,0,,,,,0.0000000000025341,0.00000000000044358,2026-07-25
72,182,Hf,92,233,U,9,,,,,0.0000000000035902,0.00000000000063847,2026-07-25
73,182,Ta,92,233,U,0,,,,,0.0000000000037822,0.00000000000061861,2026-07-25
73,182,Ta,92,233,U,1,,,,,0.0000000000034043,0.00000000000057669,2026-07-25
73,182,Ta,92,233,U,29,,,,,0.0000000000029098,0.00000000000052357,2026-07-25
74,182,W,92,233,U,0,,,,,0.0000000000037822,0.00000000000061861,2026-07-25
73,183,Ta,92,233,U,0,,,,,0.00000000000101,0.00000000000019182,2026-07-25
1,1,H,92,233,U,0,0.000033377,0.0000054738,0.000033377,0.0000054738,0.000030957,0.0000059437,2026-07-25
1,2,H,92,233,U,0,0.000008466,0.0000013207,0.0000102,0.0000015096,0.0000094606,0.000001684,2026-07-25
1,3,H,92,233,U,0,0.000114,0.000005016,0.000114,0.000005016,0.000248,0.000056048,2026-07-25
2,3,He,92,233,U,0,0.000114,0.000005016,0.000114,0.000005016,0.000248,0.000056048,2026-07-25
2,4,He,92,233,U,0,0.0021111,0.00008018,0.00211,0.00008018,0.001957,0.00020744,2026-07-25
20,50,Ca,92,233,U,0,,,,,0.0000000000021304,0.00000000000046706,2026-07-25
21,50,Sc,92,233,U,0,,,,,0.0000000000046419,0.00000000000069957,2026-07-25
21,50,Sc,92,233,U,1,,,,,0.0000000000025916,0.00000000000048666,2026-07-25
22,50,Ti,92,233,U,0,,,,,0.0000000000046743,0.00000000000070394,2026-07-25
20,51,Ca,92,233,U,0,,,,,0.0000000000023664,0.00000000000079594,2026-07-25
21,51,Sc,92,233,U,0,,,,,0.000000000012186,0.0000000000018719,2026-07-25
22,51,Ti,92,233,U,0,,,,,0.000000000015027,0.000000000002254,2026-07-25
23,51,V,92,233,U,0,,,,,0.000000000015027,0.000000000002254,2026-07-25
20,52,Ca,92,233,U,0,,,,,0.0000000000021588,0.00000000000084005,2026-07-25
24,52,Cr,92,233,U,0,,,,,0.000000000042564,0.0000000000063865,2026-07-25
21,52,Sc,92,233,U,0,,,,,0.000000000022338,0.0000000000042373,2026-07-25
22,52,Ti,92,233,U,0,,,,,0.000000000042564,0.0000000000063865,2026-07-25
23,52,V,92,233,U,0,,,,,0.000000000042564,0.0000000000063865,2026-07-25
24,53,Cr,92,233,U,0,,,,,0.00000000012114,0.000000000018172,2026-07-25
21,53,Sc,92,233,U,0,,,,,0.000000000034735,0.0000000000095249,2026-07-25
22,53,Ti,92,233,U,0,,,,,0.00000000010917,0.000000000016504,2026-07-25
23,53,V,92,233,U,0,,,,,0.00000000012114,0.000000000018172,2026-07-25
24,54,Cr,92,233,U,0,,,,,0.0000000003339,0.000000000050085,2026-07-25
21,54,Sc,92,233,U,0,,,,,0.000000000029603,0.000000000011102,2026-07-25
22,54,Ti,92,233,U,0,,,,,0.00000000025226,0.000000000039413,2026-07-25
23,54,V,92,233,U,0,,,,,0.00000000033124,0.000000000049688,2026-07-25
24,55,Cr,92,233,U,0,,,,,0.00000000088955,0.00000000013343,2026-07-25
25,55,Mn,92,233,U,0,,,,,0.00000000088955,0.00000000013343,2026-07-25
21,55,Sc,92,233,U,0,,,,,0.00000000002157,0.0000000000087188,2026-07-25
22,55,Ti,92,233,U,0,,,,,0.00000000039734,0.000000000082911,2026-07-25
23,55,V,92,233,U,0,,,,,0.00000000085271,0.00000000012807,2026-07-25
24,56,Cr,92,233,U,0,,,,,0.0000000023175,0.0000000003459,2026-07-25
26,56,Fe,92,233,U,0,,,,,0.0000000023219,0.0000000003459,2026-07-25
25,56,Mn,92,233,U,0,,,,,0.0000000023219,0.0000000003459,2026-07-25
21,56,Sc,92,233,U,0,,,,,0.0000000000077028,0.0000000000031991,2026-07-25
22,56,Ti,92,233,U,0,,,,,0.00000000053197,0.000000000156,2026-07-25
23,56,V,92,233,U,0,,,,,0.0000000019019,0.00000000029137,2026-07-25
24,57,Cr,92,233,U,0,,,,,0.0000000091817,0.00000000087225,2026-07-25
26,57,Fe,92,233,U,0,,,,,0.0000000092715,0.00000000087225,2026-07-25
25,57,Mn,92,233,U,0,,,,,0.0000000092715,0.00000000087225,2026-07-25
21,57,Sc,92,233,U,0,,,,,0.0000000000020124,0.00000000000084297,2026-07-25
22,57,Ti,92,233,U,0,,,,,0.00000000035266,0.00000000013525,2026-07-25
23,57,V,92,233,U,0,,,,,0.0000000036336,0.00000000061455,2026-07-25
24,58,Cr,92,233,U,0,,,,,0.0000000098864,0.0000000015921,2026-07-25
26,58,Fe,92,233,U,0,,,,,0.000000010805,0.0000000016862,2026-07-25
25,58,Mn,92,233,U,0,,,,,0.000000010745,0.0000000016797,2026-07-25
25,58,Mn,92,233,U,1,,,,,0.000000000053035,0.00000000002163,2026-07-25
22,58,Ti,92,233,U,0,,,,,0.00000000018777,0.000000000077989,2026-07-25
23,58,V,92,233,U,0,,,,,0.0000000043408,0.0000000011384,2026-07-25
27,59,Co,92,233,U,0,,,,,0.000000034125,0.0000000051188,2026-07-25
24,59,Cr,92,233,U,0,,,,,0.000000026213,0.0000000040783,2026-07-25
26,59,Fe,92,233,U,0,,,,,0.000000034125,0.0000000051188,2026-07-25
25,59,Mn,92,233,U,0,,,,,0.000000033965,0.0000000050948,2026-07-25
22,59,Ti,92,233,U,0,,,,,0.000000000051759,0.00000000002175,2026-07-25
23,59,V,92,233,U,0,,,,,0.0000000046086,0.0000000015844,2026-07-25
27,60,Co,92,233,U,0,,,,,0.0000000000066218,0.0000000000023873,2026-07-25
27,60,Co,92,233,U,1,,,,,0.0000000000012011,0.00000000000050283,2026-07-25
24,60,Cr,92,233,U,0,,,,,0.000000044459,0.0000000080189,2026-07-25
26,60,Fe,92,233,U,0,,,,,0.000000079452,0.00000001191,2026-07-25
25,60,Mn,92,233,U,0,,,,,0.000000049852,0.0000000083829,2026-07-25
25,60,Mn,92,233,U,1,,,,,0.000000030503,0.0000000069958,2026-07-25
28,60,Ni,92,233,U,0,,,,,0.0000000000066248,0.0000000000023875,2026-07-25
22,60,Ti,92,233,U,0,,,,,0.000000000010567,0.0000000000044233,2026-07-25
23,60,V,92,233,U,0,,,,,0.0000000024373,0.00000000097399,2026-07-25
27,61,Co,92,233,U,0,,,,,0.00000017976,0.000000026963,2026-07-25
24,61,Cr,92,233,U,0,,,,,0.000000044199,0.000000012769,2026-07-25
26,61,Fe,92,233,U,0,,,,,0.00000017953,0.00000002693,2026-07-25
25,61,Mn,92,233,U,0,,,,,0.00000015841,0.000000023982,2026-07-25
28,61,Ni,92,233,U,0,,,,,0.00000017976,0.000000026963,2026-07-25
22,61,TI,92,233,U,0,,,,,0.0000000000010483,0.00000000000044196,2026-07-25
23,61,V,92,233,U,0,,,,,0.0000000010345,0.00000000043228,2026-07-25
27,62,Co,92,233,U,0,0.000000000001099,0.00000000000018365,0.0000000000010245,0.00000000000018497,0.00000039351,0.000000059028,2026-07-25
27,62,Co,92,233,U,1,,,,,0.000000003041,0.0000000012527,2026-07-25
24,62,Cr,92,233,U,0,,,,,0.000000037102,0.00000001346,2026-07-25
26,62,Fe,92,233,U,0,0.000000000001099,0.00000000000018365,0.0000000000010245,0.00000000000018497,0.0000003928,0.000000058923,2026-07-25
25,62,Mn,92,233,U,0,,,,,0.00000021535,0.000000038496,2026-07-25
25,62,Mn,92,233,U,1,,,,,0.000000037896,0.0000000092701,2026-07-25
28,62,Ni,92,233,U,0,0.000000000001099,0.00000000000018365,0.0000000000010245,0.00000000000018497,0.00000039652,0.000000059475,2026-07-25
23,62,V,92,233,U,0,,,,,0.00000000021741,0.000000000090535,2026-07-25
27,63,Co,92,233,U,0,0.0000000000093076,0.0000000000013962,0.0000000000094579,0.0000000000014254,0.00000085096,0.00000012764,2026-07-25
24,63,Cr,92,233,U,0,,,,,0.000000015194,0.0000000061921,2026-07-25
29,63,Cu,92,233,U,0,0.0000000000093076,0.0000000000013962,0.0000000000094579,0.0000000000014254,0.00000085119,0.00000012768,2026-07-25
26,63,Fe,92,233,U,0,0.0000000000079906,0.000000000001215,0.0000000000094579,0.0000000000014254,0.00000080472,0.00000012096,2026-07-25
25,63,Mn,92,233,U,0,0.0000000000014505,0.00000000000049627,0.0000000000036314,0.00000000000088919,0.00000034665,0.000000076792,2026-07-25
28,63,Ni,92,233,U,0,0.0000000000093076,0.0000000000013962,0.0000000000094579,0.0000000000014254,0.00000085119,0.00000012768,2026-07-25
23,63,V,92,233,U,0,,,,,0.000000000033826,0.000000000014149,2026-07-25
27,64,Co,92,233,U,0,0.000000000047037,0.0000000000070591,0.000000000050449,0.0000000000075675,0.0000017735,0.00000026603,2026-07-25
24,64,Cr,92,233,U,0,,,,,0.000000004781,0.0000000020323,2026-07-25
29,64,Cu,92,233,U,0,,,,,0.000000000003234,0.0000000000013804,2026-07-25
26,64,Fe,92,233,U,0,0.000000000034099,0.0000000000054555,0.0000000000412,0.0000000000063188,0.0000014937,0.00000022759,2026-07-25
25,64,Mn,92,233,U,0,0.0000000000022433,0.00000000000089371,0.0000000000062716,0.000000000002243,0.00000026265,0.000000089495,2026-07-25
28,64,Ni,92,233,U,0,0.000000000048406,0.0000000000072609,0.000000000050449,0.0000000000075675,0.0000017792,0.00000026685,2026-07-25
23,64,V,92,233,U,0,,,,,0.000000000002458,0.0000000000010492,2026-07-25
30,64,Zn,92,233,U,0,,,,,0.0000000000012613,0.00000000000053834,2026-07-25
27,65,Co,92,233,U,0,0.00000000020932,0.000000000031679,0.0000000002298,0.000000000034488,0.0000035472,0.00000053222,2026-07-25
24,65,Cr,92,233,U,0,,,,,0.00000000078704,0.00000000032896,2026-07-25
29,65,Cu,92,233,U,0,0.000000000235,0.00000000003525,0.00000000023601,0.000000000035401,0.0000036214,0.00000054315,2026-07-25
26,65,Fe,92,233,U,0,0.000000000095302,0.00000000002097,0.0000000001247,0.000000000023299,0.0000020661,0.00000036784,2026-07-25
25,65,Mn,92,233,U,0,0.0000000000030202,0.000000000001227,0.0000000000091046,0.000000000003604,0.00000017586,0.000000068413,2026-07-25
28,65,Ni,92,233,U,0,0.000000000235,0.00000000003525,0.00000000023601,0.000000000035401,0.0000036212,0.00000054315,2026-07-25
27,66,Co,92,233,U,0,0.00000000071239,0.00000000011718,0.00000000090463,0.00000000013721,0.0000064325,0.00000084403,2026-07-25
24,66,Cr,92,233,U,0,,,,,0.000000000097198,0.000000000039181,2026-07-25
29,66,Cu,92,233,U,0,0.000000001076,0.00000000016139,0.0000000010336,0.00000000015504,0.0000071786,0.00000093322,2026-07-25
26,66,Fe,92,233,U,0,0.00000000020454,0.000000000062854,0.0000000003107,0.000000000081494,0.0000024382,0.00000055944,2026-07-25
25,66,Mn,92,233,U,0,0.0000000000019456,0.00000000000079582,0.000000000006243,0.0000000000025814,0.000000057969,0.000000023061,2026-07-25
28,66,Ni,92,233,U,0,0.0000000010695,0.00000000016043,0.0000000010336,0.00000000015504,0.0000071738,0.0000009326,2026-07-25
30,66,Zn,92,233,U,0,0.000000001076,0.00000000016139,0.0000000010336,0.00000000015504,0.0000071786,0.00000093322,2026-07-25
27,67,Co,92,233,U,0,0.0000000019905,0.00000000041994,0.000000002991,0.00000000047997,0.000012193,0.0000017994,2026-07-25
24,67,Cr,92,233,U,0,,,,,0.000000000006567,0.0000000000027205,2026-07-25
29,67,Cu,92,233,U,0,0.0000000046347,0.00000000069521,0.0000000042739,0.00000000064108,0.000016573,0.0000023198,2026-07-25
26,67,Fe,92,233,U,0,0.00000000022113,0.000000000086362,0.00000000038242,0.00000000014072,0.0000017875,0.00000062762,2026-07-25
25,67,Mn,92,233,U,0,,,0.0000000000030675,0.0000000000012888,0.000000017099,0.0000000070707,2026-07-25
28,67,Ni,92,233,U,0,0.0000000044852,0.00000000067327,0.0000000042352,0.00000000063531,0.000016462,0.0000023047,2026-07-25
30,67,Zn,92,233,U,0,0.000000004636,0.00000000069539,0.0000000042739,0.00000000064108,0.000016574,0.0000023198,2026-07-25
27,68,Co,92,233,U,-2,0.0000000016798,0.00000000055973,0.0000000029115,0.00000000077316,0.0000040616,0.0000010386,2026-07-25
27,68,Co,92,233,U,0,0.0000000025306,0.00000000069659,0.0000000048448,0.0000000010602,0.0000095447,0.0000020403,2026-07-25
29,68,Cu,92,233,U,0,0.000000018641,0.0000000027962,0.000000016679,0.000000002496,0.000027605,0.0000041407,2026-07-25
29,68,Cu,92,233,U,3,0.0000000012067,0.00000000046924,0.00000000052289,0.00000000020913,0.00000078025,0.00000031331,2026-07-25
26,68,Fe,92,233,U,0,0.00000000018215,0.000000000077505,0.00000000036952,0.00000000015063,0.00000079509,0.00000031945,2026-07-25
25,68,Mn,92,233,U,0,,,,,0.0000000018307,0.00000000076716,2026-07-25
28,68,Ni,92,233,U,0,0.000000017112,0.0000000025774,0.000000016048,0.0000000024087,0.000026776,0.0000040186,2026-07-25
30,68,Zn,92,233,U,0,0.000000018883,0.000000002823,0.000000016767,0.000000002496,0.000027734,0.0000041445,2026-07-25
27,69,Co,92,233,U,0,0.0000000054205,0.000000002042,0.000000011288,0.0000000035956,0.0000094954,0.0000028875,2026-07-25
29,69,Cu,92,233,U,0,0.00000007073,0.000000010611,0.000000060805,0.0000000091208,0.00004407,0.0000066547,2026-07-25
26,69,Fe,92,233,U,0,0.000000000088493,0.00000000003746,0.00000000017703,0.000000000074313,0.00000017675,0.00000007403,2026-07-25
31,69,Ga,92,233,U,0,0.00000007192,0.000000010788,0.00000006096,0.0000000091441,0.000044151,0.0000066668,2026-07-25
25,69,Mn,92,233,U,0,,,,,0.0000000001507,0.000000000063505,2026-07-25
28,69,Ni,92,233,U,0,0.0000000289,0.0000000053001,0.000000030756,0.000000005357,0.000023504,0.0000040681,2026-07-25
28,69,Ni,92,233,U,1,0.000000023534,0.0000000047328,0.000000019581,0.0000000039571,0.000014103,0.000002872,2026-07-25
30,69,Zn,92,233,U,0,0.000000071917,0.000000010788,0.00000006096,0.0000000091441,0.000044151,0.0000066668,2026-07-25
30,69,Zn,92,233,U,1,0.00000000096449,0.00000000040085,0.00000000012943,0.000000000054379,0.000000071615,0.000000030109,2026-07-25
2,6,He,92,233,U,0,0.00002153,0.0000040907,,,,,2026-07-25
3,6,Li,92,233,U,0,0.00002153,0.0000040907,,,,,2026-07-25
27,70,Co,92,233,U,0,0.0000000022953,0.00000000093715,0.0000000049371,0.0000000019872,0.0000019484,0.00000077885,2026-07-25
27,70,Co,92,233,U,1,0.0000000023279,0.00000000093894,0.000000004998,0.0000000019903,0.0000019772,0.00000078029,2026-07-25
29,70,Cu,92,233,U,0,0.000000054506,0.000000012744,0.000000039647,0.0000000098585,0.000011645,0.0000030711,2026-07-25
29,70,Cu,92,233,U,1,0.000000093511,0.000000020963,0.000000069503,0.000000016535,0.000021414,0.0000052541,2026-07-25
29,70,Cu,92,233,U,3,0.00000014342,0.000000025818,0.0000001397,0.000000022951,0.000046848,0.0000075945,2026-07-25
26,70,Fe,92,233,U,0,0.000000000032509,0.000000000013499,0.000000000060939,0.000000000025641,0.00000002878,0.000000012145,2026-07-25
31,70,Ga,92,233,U,0,0.00000000010376,0.000000000043069,0.0000000000075591,0.0000000000031817,0.0000000015421,0.00000000065116,2026-07-25
32,70,Ge,92,233,U,0,0.00000000010333,0.000000000042893,0.0000000000075281,0.0000000000031686,0.0000000015358,0.00000000064849,2026-07-25
28,70,Ni,92,233,U,0,0.00000013567,0.000000025396,0.0000001348,0.000000022552,0.00004591,0.0000075086,2026-07-25
30,70,Zn,92,233,U,0,0.00000025918,0.000000038877,0.00000021134,0.000000031695,0.000067894,0.000010251,2026-07-25
27,71,Co,92,233,U,0,0.0000000031203,0.0000000012789,0.0000000069874,0.0000000028919,0.0000013284,0.00000054604,2026-07-25
29,71,Cu,92,233,U,0,0.0000006696,0.0000001054,0.00000063213,0.000000095262,0.000092437,0.000014002,2026-07-25
26,71,Fe,92,233,U,0,0.0000000000060439,0.0000000000024936,0.000000000010114,0.0000000000042504,0.0000000023109,0.00000000096909,2026-07-25
31,71,Ga,92,233,U,0,0.00000087998,0.00000013288,0.00000068925,0.00000010338,0.000099168,0.000014974,2026-07-25
32,71,Ge,92,233,U,0,0.0000000000071151,0.0000000000025182,,,0.000000000010319,0.0000000000039365,2026-07-25
32,71,Ge,92,233,U,2,0.0000000000057789,0.0000000000023843,,,0.0000000000091674,0.0000000000038447,2026-07-25
28,71,Ni,92,233,U,0,0.00000020006,0.00000005827,0.00000021708,0.000000055852,0.000035054,0.0000084788,2026-07-25
30,71,Zn,92,233,U,0,0.00000070846,0.00000010973,0.00000064163,0.000000096548,0.000093184,0.000014105,2026-07-25
30,71,Zn,92,233,U,1,0.00000016806,0.000000050873,0.000000047195,0.000000017871,0.0000059417,0.0000022809,2026-07-25
27,72,Co,92,233,U,0,0.00000000098861,0.0000000004111,0.0000000023568,0.00000000098085,0.00000021526,0.000000080006,2026-07-25
29,72,Cu,92,233,U,0,0.0000013007,0.00000026155,0.0000015144,0.00000024128,0.00010248,0.0000081999,2026-07-25
26,72,Fe,92,233,U,0,,,0.0000000000012467,0.00000000000051991,0.00000000013731,0.000000000051198,2026-07-25
31,72,Ga,92,233,U,-2,0.000000097446,0.000000021307,0.000000071237,0.000000015343,0.00000456,0.00000066924,2026-07-25
31,72,Ga,92,233,U,0,0.0000028146,0.00000042782,0.0000021188,0.00000031782,0.00013645,0.0000096881,2026-07-25
32,72,Ge,92,233,U,0,0.000002815,0.00000042788,0.0000021188,0.00000031782,0.00013645,0.0000096881,2026-07-25
28,72,Ni,92,233,U,0,0.0000002195,0.000000081461,0.00000028607,0.000000097516,0.000021941,0.000006121,2026-07-25
30,72,Zn,92,233,U,0,0.0000027607,0.00000041972,0.0000021074,0.00000031612,0.00013591,0.0000096501,2026-07-25
33,73,As,92,233,U,0,0.0000000000058808,0.0000000000024948,,,0.000000000002223,0.00000000000092848,2026-07-25
27,73,Co,92,233,U,0,0.00000000024482,0.00000000010385,0.00000000056336,0.00000000023537,0.000000032631,0.000000013626,2026-07-25
29,73,Cu,92,233,U,0,0.0000022073,0.0000006202,0.0000029987,0.00000058997,0.00012426,0.000023339,2026-07-25
31,73,Ga,92,233,U,0,0.0000084895,0.0000013159,0.0000061392,0.00000092088,0.00023417,0.000035594,2026-07-25
32,73,Ge,92,233,U,0,0.0000085012,0.0000013177,0.00000614,0.000000921,0.00023419,0.000035597,2026-07-25
32,73,Ge,92,233,U,2,0.000008367,0.000001297,0.0000060492,0.00000090747,0.00023074,0.000035076,2026-07-25
28,73,Ni,92,233,U,0,0.0000001281,0.00000005315,0.00000017821,0.000000071311,0.0000086136,0.0000034069,2026-07-25
30,73,Zn,92,233,U,-2,0.0000029081,0.00000053814,0.0000015114,0.0000003265,0.000052972,0.000012396,2026-07-25
30,73,Zn,92,233,U,0,0.0000056705,0.000000922,0.0000047666,0.00000073766,0.00018318,0.000028686,2026-07-25
30,73,Zn,92,233,U,1,0.0000042986,0.00000078578,0.0000023134,0.0000005083,0.000089022,0.000020078,2026-07-25
33,74,As,92,233,U,0,0.00000000031503,0.00000000013549,0.000000000011155,0.0000000000047561,0.00000000015242,0.000000000064841,2026-07-25
27,74,Co,92,233,U,0,0.000000000030047,0.000000000012923,0.000000000061638,0.000000000026279,0.0000000023538,0.0000000010013,2026-07-25
29,74,Cu,92,233,U,0,0.0000021639,0.00000080731,0.0000033148,0.0000010418,0.000088933,0.000026699,2026-07-25
31,74,Ga,92,233,U,0,0.000018635,0.0000030984,0.000012882,0.0000019818,0.00029948,0.000047313,2026-07-25
31,74,Ga,92,233,U,2,0.000021985,0.0000035978,0.000015882,0.000002386,0.00037388,0.000057638,2026-07-25
32,74,Ge,92,233,U,0,0.000024391,0.0000039642,0.00001688,0.0000025155,0.00039341,0.000060276,2026-07-25
28,74,Ni,92,233,U,0,0.000000057691,0.000000024723,0.000000083716,0.000000035426,0.0000026559,0.0000011186,2026-07-25
34,74,Se,92,233,U,0,0.00000000010711,0.000000000046066,0.0000000000037927,0.0000000000016171,0.000000000051823,0.000000000022046,2026-07-25
30,74,Zn,92,233,U,0,0.000019839,0.0000032884,0.000014912,0.0000022534,0.0003548,0.000054915,2026-07-25
33,75,As,92,233,U,0,0.0000663,0.000012,0.000043091,0.0000064637,0.00063661,0.000099312,2026-07-25
33,75,As,92,233,U,4,0.000000013107,0.0000000049341,0.0000000013736,0.00000000036446,0.000000016512,0.0000000040822,2026-07-25
27,75,Co,92,233,U,0,0.0000000000032619,0.0000000000013615,0.0000000000053289,0.0000000000022334,0.00000000013841,0.000000000058054,2026-07-25
29,75,Cu,92,233,U,0,0.000001997,0.00000079621,0.0000031585,0.0000011875,0.000056899,0.000020947,2026-07-25
31,75,Ga,92,233,U,0,0.000062897,0.000011398,0.000042561,0.0000063849,0.00063069,0.000098395,2026-07-25
32,75,Ge,92,233,U,0,0.000066284,0.000011997,0.000043089,0.0000064634,0.00063659,0.000099309,2026-07-25
32,75,Ge,92,233,U,2,0.0000054547,0.0000014527,0.0000021697,0.00000045837,0.000030688,0.0000065156,2026-07-25
28,75,Ni,92,233,U,0,0.000000015351,0.000000006404,0.000000019962,0.0000000083592,0.00000042953,0.00000017995,2026-07-25
34,75,Se,92,233,U,0,0.0000000000075066,0.000000000003133,,,,,2026-07-25
30,75,Zn,92,233,U,0,0.000036983,0.000007582,0.000027945,0.0000046413,0.00043716,0.000073132,2026-07-25
33,76,As,92,233,U,0,0.00000034698,0.00000014366,0.000000033566,0.000000013982,0.00000021859,0.000000091058,2026-07-25
29,76,Cu,92,233,U,0,0.00000046762,0.00000019258,0.00000071797,0.0000002947,0.0000090149,0.0000036861,2026-07-25
29,76,Cu,92,233,U,1,0.00000046762,0.00000019258,0.00000071797,0.0000002947,0.0000090149,0.0000036861,2026-07-25
31,76,Ga,92,233,U,0,0.00014081,0.000030192,0.000097446,0.000014669,0.00095917,0.00015282,2026-07-25
32,76,Ge,92,233,U,0,0.00017313,0.000036703,0.00010475,0.000015713,0.0010162,0.00016157,2026-07-25
28,76,Ni,92,233,U,0,0.0000000030296,0.0000000012568,0.0000000034327,0.0000000014304,0.000000051754,0.000000021564,2026-07-25
34,76,Se,92,233,U,0,0.00000034763,0.00000014373,0.000000033576,0.000000013982,0.00000021864,0.000000091061,2026-07-25
30,76,Zn,92,233,U,0,0.00005705,0.000015792,0.000043954,0.0000095497,0.00046886,0.000098577,2026-07-25
33,77,As,92,233,U,0,0.00039463,0.000044593,0.0002399,0.000036225,0.0015827,0.00025798,2026-07-25
35,77,Br,92,233,U,0,0.0000000000029941,0.00000000000090703,,,,,2026-07-25
35,77,Br,92,233,U,1,0.0000000000022932,0.0000000000008455,,,,,2026-07-25
29,77,Cu,92,233,U,0,0.00000030235,0.00000011122,0.00000048382,0.00000020365,0.0000044485,0.0000018676,2026-07-25
31,77,Ga,92,233,U,0,0.00026035,0.000032364,0.00019143,0.000029654,0.0013076,0.0002165,2026-07-25
32,77,Ge,92,233,U,0,0.00016443,0.000026722,0.000079421,0.000015991,0.00050241,0.00010502,2026-07-25
32,77,Ge,92,233,U,1,0.00027743,0.000033519,0.00019702,0.000030323,0.0013284,0.00021937,2026-07-25
28,77,Ni,92,233,U,0,0.00000000026561,0.000000000097928,0.0000000002667,0.00000000011263,0.0000000029555,0.0000000012461,2026-07-25
34,77,Se,92,233,U,0,0.00039465,0.000044595,0.0002399,0.000036225,0.0015827,0.00025798,2026-07-25
34,77,Se,92,233,U,1,0.000000021521,0.0000000079343,0.00000000061733,0.0000000002607,0.0000000025605,0.0000000010795,2026-07-25
30,77,Zn,92,233,U,0,0.000039467,0.00001118,0.000034036,0.000010991,0.00026863,0.000085499,2026-07-25
30,77,Zn,92,233,U,2,0.000005562,0.0000018234,0.0000041884,0.0000016073,0.000021128,0.0000080372,2026-07-25
33,78,As,92,233,U,0,0.00063372,0.000053866,0.00051826,0.000078218,0.0024121,0.00040505,2026-07-25
35,78,Br,92,233,U,0,0.0000000001754,0.000000000059849,0.0000000000035102,0.0000000000014649,0.0000000000092118,0.0000000000038347,2026-07-25
29,78,Cu,92,233,U,0,0.000000036377,0.000000012407,0.000000074411,0.000000031042,0.00000050585,0.00000021048,2026-07-25
31,78,Ga,92,233,U,0,0.0002367,0.000035281,0.00025636,0.000049977,0.001285,0.00025553,2026-07-25
32,78,Ge,92,233,U,0,0.00059921,0.000051092,0.00050658,0.000076518,0.0023688,0.00039801,2026-07-25
28,78,Ni,92,233,U,0,0.000000000012749,0.0000000000043503,0.000000000014473,0.0000000000060398,0.00000000011719,0.000000000048783,2026-07-25
34,78,Se,92,233,U,0,0.00063429,0.00005389,0.00051831,0.000078218,0.0024122,0.00040505,2026-07-25
30,78,Zn,92,233,U,0,0.0000181,0.000005762,0.000023226,0.0000090786,0.00013353,0.00005147,2026-07-25
33,79,As,92,233,U,0,0.0012572,0.000075441,0.0010542,0.00016129,0.0035891,0.00062451,2026-07-25
35,79,Br,92,233,U,0,0.00000069891,0.000000078615,0.00000057686,0.00000012129,0.0000019634,0.00000044639,2026-07-25
35,79,Br,92,233,U,1,0.0000000083008,0.0000000027338,0.00000000034712,0.00000000014579,0.00000000083353,0.00000000034905,2026-07-25
29,79,Cu,92,233,U,0,0.0000000042906,0.000000001413,0.000000007994,0.0000000033575,0.000000039663,0.00000001661,2026-07-25
31,79,Ga,92,233,U,0,0.00023722,0.000043572,0.00028295,0.000078974,0.0010604,0.00029239,2026-07-25
32,79,Ge,92,233,U,0,0.00037011,0.000043264,0.00038236,0.000082646,0.0013068,0.00030662,2026-07-25
32,79,Ge,92,233,U,1,0.00069225,0.000057813,0.00057836,0.00010352,0.0020195,0.00039512,2026-07-25
36,79,Kr,92,233,U,0,0.0000000000013672,0.00000000000039706,,,,,2026-07-25
36,79,Kr,92,233,U,1,0.0000000000011859,0.00000000000039057,,,,,2026-07-25
34,79,Se,92,233,U,0,0.0012659,0.000075952,0.0010547,0.00016137,0.00359,0.00062466,2026-07-25
34,79,Se,92,233,U,1,0.0012287,0.000073809,0.0010293,0.00015753,0.0035043,0.00060989,2026-07-25
30,79,Zn,92,233,U,0,0.0000052065,0.0000016883,0.0000069318,0.0000028842,0.000029722,0.00001231,2026-07-25
3,7,Li,92,233,U,0,0.0000008086,0.00000011918,,,,,2026-07-25
33,80,As,92,233,U,0,0.0023851,0.000089203,0.0020188,0.00031494,0.0052143,0.00094902,2026-07-25
35,80,Br,92,233,U,0,0.0000003325,0.000000091482,0.000000025938,0.0000000091607,0.000000052355,0.000000019656,2026-07-25
35,80,Br,92,233,U,2,0.00000024974,0.000000086547,0.000000020154,0.0000000085023,0.000000044491,0.000000018766,2026-07-25
29,80,Cu,92,233,U,0,0.00000000021062,0.000000000072997,0.00000000033574,0.00000000014164,0.0000000011564,0.00000000048777,2026-07-25
31,80,Ga,92,233,U,0,0.00010334,0.000027949,0.0001499,0.000056754,0.0004264,0.00016109,2026-07-25
32,80,Ge,92,233,U,0,0.0016735,0.000095823,0.0014705,0.00024102,0.0038793,0.00072748,2026-07-25
36,80,Kr,92,233,U,0,0.00000030507,0.000000083891,0.000000023787,0.0000000084005,0.000000048013,0.000000018025,2026-07-25
34,80,Se,92,233,U,0,0.0024956,0.000092204,0.0020407,0.00031715,0.005263,0.00095495,2026-07-25
30,80,Zn,92,233,U,0,0.0000010083,0.00000034838,0.000001372,0.00000057821,0.0000042855,0.0000018055,2026-07-25
33,81,As,92,233,U,0,0.0031207,0.00013173,0.0034931,0.00056683,0.0070948,0.0013637,2026-07-25
35,81,Br,92,233,U,0,0.0037081,0.0001372,0.0037025,0.0005998,0.0075012,0.0014402,2026-07-25
31,81,Ga,92,233,U,0,0.000030371,0.0000096551,0.000062116,0.000025275,0.00013457,0.000054873,2026-07-25
32,81,Ge,92,233,U,0,0.0011083,0.00016267,0.001164,0.00029302,0.0025639,0.00067267,2026-07-25
32,81,Ge,92,233,U,1,0.00026541,0.000049309,0.00025485,0.000074444,0.00037149,0.0001112,2026-07-25
36,81,Kr,92,233,U,0,0.0000000090409,0.0000000027273,0.00000000023591,0.000000000089216,0.0000000004151,0.00000000016319,2026-07-25
36,81,Kr,92,233,U,2,0.0000000011988,0.00000000041142,0.000000000027719,0.000000000011548,0.000000000031921,0.000000000013317,2026-07-25
34,81,Se,92,233,U,0,0.003701,0.00013694,0.0037012,0.00059959,0.0074988,0.0014398,2026-07-25
34,81,Se,92,233,U,1,0.00061562,0.00013463,0.00030918,0.000082418,0.00062792,0.00017566,2026-07-25
30,81,Zn,92,233,U,0,0.000000085356,0.000000029286,0.00000012637,0.000000052647,0.00000028661,0.00000011956,2026-07-25
33,82,As,92,233,U,0,0.0014636,0.00020732,0.0019451,0.00042504,0.0027327,0.00071617,2026-07-25
33,82,As,92,233,U,1,0.0019287,0.00029088,0.0029827,0.00057923,0.0052999,0.0011933,2026-07-25
35,82,Br,92,233,U,0,0.000069368,0.0000182,0.000021417,0.0000072534,0.00003611,0.000013174,2026-07-25
35,82,Br,92,233,U,1,0.000020905,0.0000071739,0.0000057856,0.000002392,0.0000065754,0.0000027253,2026-07-25
31,82,Ga,92,233,U,0,0.0000048388,0.0000016546,0.000011652,0.000004814,0.000019324,0.0000080059,2026-07-25
32,82,Ge,92,233,U,0,0.00082446,0.00019312,0.0010891,0.00035244,0.0017959,0.00060588,2026-07-25
36,82,Kr,92,233,U,0,0.000070235,0.000018207,0.000021577,0.0000072664,0.000036304,0.000013196,2026-07-25
37,82,Rb,92,233,U,0,0.0000000000083439,0.0000000000028899,,,,,2026-07-25
37,82,Rb,92,233,U,1,0.000000000025179,0.0000000000087207,,,,,2026-07-25
34,82,Se,92,233,U,0,0.0058265,0.00029728,0.0063464,0.0010472,0.0105,0.0021316,2026-07-25
30,82,Zn,92,233,U,0,0.0000000055274,0.0000000019143,0.0000000081064,0.0000000033588,0.00000001339,0.0000000055612,2026-07-25
33,83,As,92,233,U,0,0.0036451,0.0005524,0.0055711,0.0005114,0.0069092,0.00091536,2026-07-25
35,83,Br,92,233,U,0,0.010691,0.00054519,0.010001,0.00052926,0.013569,0.0011788,2026-07-25
31,83,Ga,92,233,U,0,0.00000068697,0.00000024584,0.0000014271,0.00000052426,0.000001719,0.00000063718,2026-07-25
32,83,Ge,92,233,U,0,0.00027772,0.000090565,0.00037128,0.00012787,0.00046926,0.00016506,2026-07-25
36,83,Kr,92,233,U,0,0.010699,0.00054519,0.010002,0.00052926,0.01357,0.0011788,2026-07-25
36,83,Kr,92,233,U,2,0.010683,0.00054481,0.0099927,0.00052926,0.013557,0.0011788,2026-07-25
37,83,Rb,92,233,U,0,0.000000003044,0.00000000084134,0.000000000090406,0.000000000026162,0.00000000014744,0.000000000046464,2026-07-25
37,83,Rb,92,233,U,2,0.0000000021524,0.0000000007718,0.000000000066602,0.000000000024475,0.00000000012106,0.000000000044888,2026-07-25
34,83,Se,92,233,U,0,0.0065244,0.00045442,0.0054668,0.00048192,0.0080506,0.00088385,2026-07-25
34,83,Se,92,233,U,1,0.0035391,0.00039991,0.0042646,0.00042323,0.005123,0.00072262,2026-07-25
30,83,Zn,92,233,U,0,0.00000000019788,0.000000000070949,0.00000000020827,0.000000000076538,0.00000000023725,0.000000000087966,2026-07-25
33,84,As,92,233,U,-2,0.00098356,0.00028094,0.0019321,0.00044693,0.0018518,0.00067321,2026-07-25
33,84,As,92,233,U,0,0.00098356,0.00028094,0.0019321,0.00044693,0.0018518,0.00067321,2026-07-25
35,84,Br,92,233,U,0,0.015596,0.00038598,0.015916,0.00082909,0.018284,0.0040418,2026-07-25
35,84,Br,92,233,U,1,0.0012561,0.00038314,0.00086775,0.0002784,0.0010559,0.00041452,2026-07-25
31,84,Ga,92,233,U,0,0.00000004234,0.000000015521,0.000000087311,0.000000031714,0.000000073784,0.000000031505,2026-07-25
32,84,Ge,92,233,U,0,0.000064543,0.000023226,0.00010429,0.000037432,0.000097584,0.00004145,2026-07-25
36,84,Kr,92,233,U,0,0.016974,0.0004032,0.016806,0.00085488,0.01937,0.0042078,2026-07-25
37,84,Rb,92,233,U,0,0.00000011656,0.00000003148,0.0000000077608,0.0000000021315,0.00000001164,0.0000000042952,2026-07-25
37,84,Rb,92,233,U,2,0.000000074913,0.000000027464,0.0000000052556,0.000000001909,0.0000000090524,0.0000000038652,2026-07-25
34,84,Se,92,233,U,0,0.01434,0.00038966,0.015048,0.00079295,0.017228,0.0038138,2026-07-25
38,84,Sr,92,233,U,0,0.0000000037483,0.0000000010074,0.00000000024835,0.000000000068209,0.00000000037248,0.00000000013745,2026-07-25
33,85,As,92,233,U,0,0.00083572,0.00027114,0.0017303,0.0005137,0.0015575,0.00060555,2026-07-25
35,85,Br,92,233,U,0,0.020758,0.00029741,0.020762,0.0010194,0.02355,0.0051581,2026-07-25
31,85,Ga,92,233,U,0,0.0000000019086,0.00000000068312,0.0000000031693,0.0000000011414,0.0000000021813,0.00000000091324,2026-07-25
32,85,Ge,92,233,U,0,0.0000075268,0.0000026879,0.000011222,0.0000040363,0.0000090317,0.0000037793,2026-07-25
36,85,Kr,92,233,U,0,0.0052303,0.00048165,0.0046824,0.00050661,0.0053802,0.0013154,2026-07-25
36,85,Kr,92,233,U,1,0.020892,0.0002924,0.02077,0.0010197,0.023549,0.005158,2026-07-25
37,85,Rb,92,233,U,0,0.021655,0.00028176,0.021008,0.0010297,0.023891,0.0052321,2026-07-25
34,85,Se,92,233,U,0,0.01284,0.00081576,0.01358,0.00098226,0.015183,0.0034675,2026-07-25
38,85,Sr,92,233,U,0,0.0000000013514,0.00000000041109,0.000000000023339,0.0000000000072881,0.000000000044569,0.000000000017419,2026-07-25
38,85,Sr,92,233,U,2,0.00000000026035,0.00000000009318,0.0000000000040015,0.0000000000014411,0.0000000000050494,0.0000000000021141,2026-07-25
33,86,As,92,233,U,0,0.00019963,0.000068709,0.00037673,0.00013256,0.00029804,0.00012018,2026-07-25
35,86,Br,92,233,U,0,0.024833,0.0006722,0.025682,0.0013117,0.026783,0.0055585,2026-07-25
31,86,Ga,92,233,U,0,0.000000000045424,0.00000000001594,0.000000000051809,0.000000000018832,0.000000000027384,0.000000000011181,2026-07-25
32,86,Ge,92,233,U,0,0.00000071993,0.00000025257,0.00000088086,0.00000032015,0.00000057405,0.00000023437,2026-07-25
36,86,Kr,92,233,U,0,0.03088,0.000304,0.028515,0.001391,0.030171,0.0061313,2026-07-25
37,86,Rb,92,233,U,0,0.000049759,0.000012807,0.0000092575,0.0000025413,0.000015189,0.0000053425,2026-07-25
37,86,Rb,92,233,U,2,0.00003198,0.000011196,0.0000062692,0.0000022776,0.000011813,0.0000048198,2026-07-25
34,86,Se,92,233,U,0,0.010525,0.0014799,0.011053,0.0015399,0.011269,0.0028635,2026-07-25
38,86,Sr,92,233,U,0,0.00004984,0.000012807,0.0000092597,0.0000025412,0.000015194,0.0000053429,2026-07-25
39,86,Y,92,233,U,0,0.0000000000023526,0.00000000000059092,,,,,2026-07-25
39,86,Y,92,233,U,2,0.0000000000010011,0.0000000000003513,,,,,2026-07-25
33,87,As,92,233,U,0,0.000033501,0.000011884,0.000073084,0.00002807,0.000040362,0.000017603,2026-07-25
35,87,Br,92,233,U,0,0.02341,0.0015726,0.032757,0.0034654,0.026324,0.0067622,2026-07-25
32,87,Ge,92,233,U,0,0.000000030846,0.000000010977,0.000000036848,0.000000014213,0.000000015771,0.0000000068869,2026-07-25
36,87,Kr,92,233,U,0,0.039556,0.00055386,0.042822,0.0042743,0.036901,0.0092736,2026-07-25
37,87,Rb,92,233,U,0,0.040073,0.00055482,0.043006,0.0042743,0.03715,0.0092736,2026-07-25
34,87,Se,92,233,U,0,0.0042727,0.0012036,0.005716,0.0017202,0.0041732,0.0016079,2026-07-25
38,87,Sr,92,233,U,0,0.0000022208,0.00000065914,0.00000015681,0.00000005205,0.0000002738,0.00000011139,2026-07-25
38,87,Sr,92,233,U,1,0.00000041751,0.00000014847,0.000000026298,0.000000010142,0.000000030577,0.000000013349,2026-07-25
39,87,Y,92,233,U,0,0.00000000025232,0.000000000074713,0.0000000000051244,0.0000000000016972,0.000000000011609,0.0000000000047178,2026-07-25
39,87,Y,92,233,U,1,0.00000000020758,0.000000000073868,0.0000000000043221,0.000000000001667,0.000000000010459,0.0000000000045673,2026-07-25
33,88,As,92,233,U,0,0.0000028629,0.0000010544,0.0000054425,0.0000020046,0.0000022719,0.00000085554,2026-07-25
35,88,Br,92,233,U,0,0.015207,0.0026994,0.022351,0.0028301,0.014976,0.0027362,2026-07-25
32,88,Ge,92,233,U,0,0.0000000010109,0.00000000037253,0.00000000092566,0.00000000034109,0.00000000028483,0.00000000010728,2026-07-25
36,88,Kr,92,233,U,0,0.051609,0.0006275,0.05038,0.0025217,0.041461,0.0033227,2026-07-25
37,88,Rb,92,233,U,0,0.054309,0.00059719,0.051755,0.002566,0.043137,0.0034432,2026-07-25
34,88,Se,92,233,U,0,0.0013774,0.00048289,0.0019009,0.00066148,0.0010771,0.00038915,2026-07-25
38,88,Sr,92,233,U,0,0.054353,0.00059719,0.05176,0.002566,0.043146,0.0034432,2026-07-25
39,88,Y,92,233,U,-2,0.0000000056233,0.0000000020722,0.00000000024982,0.000000000092052,0.00000000071292,0.00000000026851,2026-07-25
39,88,Y,92,233,U,0,0.000000013253,0.0000000034942,0.00000000053199,0.00000000014013,0.0000000011613,0.00000000032359,2026-07-25
33,89,As,92,233,U,0,0.00000016286,0.000000060851,0.00000029332,0.0000001094,0.000000087414,0.000000034147,2026-07-25
35,89,Br,92,233,U,0,0.0076316,0.0021591,0.013713,0.0033017,0.0078755,0.0024925,2026-07-25
32,89,Ge,92,233,U,0,0.000000000014023,0.00000000000524,0.000000000010159,0.0000000000037893,0.0000000000020914,0.000000000000817,2026-07-25
36,89,Kr,92,233,U,0,0.049302,0.0016798,0.05322,0.0035472,0.039054,0.0050515,2026-07-25
37,89,Rb,92,233,U,0,0.059763,0.0016762,0.061761,0.0039545,0.048685,0.0061351,2026-07-25
34,89,Se,92,233,U,0,0.00020354,0.000075572,0.00030419,0.00011275,0.00013016,0.000050657,2026-07-25
38,89,Sr,92,233,U,0,0.060185,0.0016861,0.061852,0.00396,0.048823,0.0061522,2026-07-25
39,89,Y,92,233,U,0,0.060185,0.0016861,0.061852,0.00396,0.048823,0.0061522,2026-07-25
39,89,Y,92,233,U,1,0.0000062134,0.00000063078,0.0000059986,0.00000077794,0.0000047911,0.00000084477,2026-07-25
40,89,Zr,92,233,U,0,0.000000000065705,0.000000000020682,,,0.0000000000023476,0.00000000000083634,2026-07-25
40,89,Zr,92,233,U,1,0.000000000012496,0.0000000000046691,,,,,2026-07-25
4,8,Be,92,233,U,0,0.00000036798,0.000000057414,,,,,2026-07-25
2,8,He,92,233,U,0,0.0000003717,0.000000057985,,,,,2026-07-25
3,8,Li,92,233,U,0,0.0000006988,0.000000057985,,,,,2026-07-25
33,90,As,92,233,U,0,0.0000000051812,0.0000000018809,0.0000000068179,0.0000000024926,0.0000000016211,0.00000000065228,2026-07-25
35,90,Br,92,233,U,0,0.0022229,0.00075274,0.0040145,0.0013375,0.0020489,0.00079747,2026-07-25
36,90,Kr,92,233,U,0,0.042634,0.0020663,0.04242,0.0029295,0.028241,0.0051147,2026-07-25
37,90,Rb,92,233,U,-2,0.02435,0.0030107,0.024304,0.0031444,0.023704,0.0045027,2026-07-25
37,90,Rb,92,233,U,0,0.039804,0.0020133,0.039347,0.0028064,0.0264,0.0047889,2026-07-25
34,90,Se,92,233,U,0,0.000025049,0.0000090862,0.000032522,0.000011881,0.000011483,0.0000046188,2026-07-25
38,90,Sr,92,233,U,0,0.066468,0.00073257,0.063916,0.0032608,0.050744,0.007967,2026-07-25
39,90,Y,92,233,U,-2,0.0000051254,0.0000018602,0.00000076823,0.00000028084,0.0000018599,0.00000074833,2026-07-25
39,90,Y,92,233,U,0,0.066477,0.00073261,0.063918,0.0032609,0.050746,0.0079674,2026-07-25
40,90,Zr,92,233,U,-2,0.0000000037268,0.0000000013199,0.000000000095896,0.000000000030523,0.00000000030089,0.00000000011045,2026-07-25
40,90,Zr,92,233,U,0,0.066477,0.00073261,0.063918,0.0032609,0.050746,0.0079674,2026-07-25
33,91,As,92,233,U,0,0.00000000011701,0.000000000041052,0.00000000010746,0.000000000039645,0.000000000018422,0.0000000000070757,2026-07-25
35,91,Br,92,233,U,0,0.00049422,0.00017074,0.00085253,0.00030912,0.00034742,0.00013274,2026-07-25
36,91,Kr,92,233,U,0,0.021215,0.003349,0.020606,0.0036599,0.011799,0.0029718,2026-07-25
41,91,Nb,92,233,U,0,0.0000000000053084,0.0000000000015581,,,,,2026-07-25
41,91,Nb,92,233,U,1,0.0000000000010014,0.00000000000035136,,,,,2026-07-25
37,91,Rb,92,233,U,0,0.054828,0.001385,0.05835,0.0030239,0.0449,0.0031613,2026-07-25
34,91,Se,92,233,U,0,0.0000014767,0.00000051804,0.0000015243,0.00000056233,0.0000004059,0.0000001559,2026-07-25
38,91,Sr,92,233,U,0,0.065574,0.00072172,0.062573,0.0031913,0.050114,0.0034579,2026-07-25
39,91,Y,92,233,U,0,0.065691,0.00072263,0.062598,0.0031925,0.050161,0.0034612,2026-07-25
39,91,Y,92,233,U,1,0.038675,0.0020149,0.036836,0.0026691,0.029527,0.0025305,2026-07-25
40,91,Zr,92,233,U,0,0.065691,0.00072263,0.062598,0.0031925,0.050161,0.0034612,2026-07-25
33,92,As,92,233,U,0,0.0000000000011312,0.00000000000040034,,,,,2026-07-25
35,92,Br,92,233,U,0,0.000050738,0.000017913,0.000091688,0.000033437,0.000027068,0.000010841,2026-07-25
36,92,Kr,92,233,U,0,0.0078717,0.0021853,0.0093487,0.0026965,0.0043576,0.00158,2026-07-25
41,92,Nb,92,233,U,0,0.000000000213,0.000000000075385,0.0000000000056049,0.000000000002048,0.000000000028623,0.00000000001147,2026-07-25
41,92,Nb,92,233,U,1,0.00000000015011,0.000000000053127,0.0000000000033514,0.0000000000012246,0.000000000010015,0.0000000000040133,2026-07-25
37,92,Rb,92,233,U,0,0.035056,0.0028367,0.046565,0.0035801,0.030863,0.0042166,2026-07-25
34,92,Se,92,233,U,0,0.000000058337,0.000000020646,0.000000055214,0.000000020175,0.000000010002,0.0000000040082,2026-07-25
38,92,Sr,92,233,U,0,0.064919,0.00071661,0.064782,0.0042662,0.049419,0.0058809,2026-07-25
39,92,Y,92,233,U,0,0.065676,0.0007194,0.065065,0.0042662,0.049878,0.0059036,2026-07-25
40,92,Zr,92,233,U,0,0.06568,0.0007194,0.065065,0.0042662,0.049879,0.0059036,2026-07-25
35,93,Br,92,233,U,0,0.0000040656,0.0000014838,0.0000069628,0.0000025368,0.0000015452,0.0000006173,2026-07-25
36,93,Kr,92,233,U,0,0.0016011,0.0005615,0.0020869,0.00073257,0.00079552,0.00031393,2026-07-25
41,93,Nb,92,233,U,0,0.000000020134,0.0000000061293,0.0000000010802,0.00000000033565,0.000000004931,0.0000000017813,2026-07-25
41,93,Nb,92,233,U,1,0.0000000037812,0.0000000013805,0.00000000018104,0.000000000065972,0.0000000005503,0.00000000021986,2026-07-25
37,93,Rb,92,233,U,0,0.020756,0.0036094,0.031897,0.003769,0.01988,0.0039869,2026-07-25
34,93,Se,92,233,U,0,0.0000000011495,0.00000000041967,0.00000000086169,0.00000000031401,0.00000000010938,0.000000000043697,2026-07-25
38,93,Sr,92,233,U,0,0.06533,0.00082433,0.068053,0.0036801,0.052919,0.0059972,2026-07-25
39,93,Y,92,233,U,0,0.069445,0.00075922,0.070438,0.00376,0.056587,0.006363,2026-07-25
39,93,Y,92,233,U,2,0.019918,0.0016132,0.019135,0.0019527,0.016628,0.0024577,2026-07-25
40,93,Zr,92,233,U,0,0.069498,0.00075922,0.070446,0.00376,0.056608,0.006363,2026-07-25
35,94,Br,92,233,U,0,0.00000017636,0.000000064952,0.00000024822,0.000000092885,0.000000036615,0.000000019722,2026-07-25
36,94,Kr,92,233,U,0,0.00026308,0.000096331,0.00033604,0.00012508,0.000088175,0.000047454,2026-07-25
42,94,Mo,92,233,U,0,0.0000000010058,0.00000000035105,0.000000000084285,0.00000000003154,0.00000000021006,0.00000000011104,2026-07-25
41,94,Nb,92,233,U,0,0.00000045937,0.00000012152,0.000000044964,0.000000012387,0.00000015748,0.000000072638,2026-07-25
41,94,Nb,92,233,U,1,0.0000001903,0.000000070093,0.000000016857,0.0000000063081,0.000000040871,0.000000022014,2026-07-25
37,94,Rb,92,233,U,0,0.0076479,0.0022666,0.012553,0.0033345,0.0057446,0.0027265,2026-07-25
34,94,Se,92,233,U,0,0.000000000019358,0.0000000000071304,0.000000000010476,0.0000000000039204,,,2026-07-25
38,94,Sr,92,233,U,0,0.056841,0.0010602,0.058636,0.0032904,0.038224,0.011437,2026-07-25
39,94,Y,92,233,U,0,0.067512,0.00068168,0.066848,0.0036113,0.047564,0.014127,2026-07-25
40,94,Zr,92,233,U,0,0.068001,0.00068187,0.066961,0.0036171,0.047789,0.014193,2026-07-25
35,95,Br,92,233,U,0,0.0000000062339,0.000000002202,0.0000000067024,0.0000000024042,0.00000000077793,0.00000000028654,2026-07-25
36,95,Kr,92,233,U,0,0.000023841,0.0000084152,0.00002646,0.0000094851,0.0000057045,0.0000021007,2026-07-25
42,95,Mo,92,233,U,0,0.063858,0.00057508,0.062839,0.0017599,0.050532,0.0027793,2026-07-25
41,95,Nb,92,233,U,0,0.063819,0.00057491,0.062801,0.0017589,0.050501,0.0027777,2026-07-25
41,95,Nb,92,233,U,1,0.00069151,0.000081756,0.00067912,0.000084184,0.00054644,0.000077057,2026-07-25
37,95,Rb,92,233,U,0,0.0025123,0.00083209,0.0042709,0.0013876,0.001691,0.00059211,2026-07-25
38,95,Sr,92,233,U,0,0.036183,0.0024149,0.037785,0.0025095,0.024317,0.0027875,2026-07-25
39,95,Y,92,233,U,0,0.061234,0.00064282,0.061987,0.0017413,0.048922,0.0027003,2026-07-25
40,95,Zr,92,233,U,0,0.063848,0.00057504,0.062837,0.0017598,0.050527,0.002779,2026-07-25
35,96,Br,92,233,U,0,0.00000000011155,0.000000000038855,0.000000000086234,0.00000000003133,0.0000000000067702,0.0000000000042125,2026-07-25
36,96,Kr,92,233,U,0,0.0000016445,0.00000057278,0.000001561,0.00000056708,0.00000023308,0.00000014502,2026-07-25
42,96,Mo,92,233,U,0,0.000082701,0.000028664,0.000021643,0.0000078534,0.000054903,0.00003405,2026-07-25
41,96,Nb,92,233,U,0,0.000082604,0.000028664,0.000021637,0.0000078534,0.000054875,0.000034042,2026-07-25
37,96,Rb,92,233,U,-2,0.00021124,0.000072872,0.00035007,0.00012587,0.000097662,0.000060639,2026-07-25
37,96,Rb,92,233,U,0,0.00031686,0.000081351,0.00052511,0.00014162,0.00014649,0.000078949,2026-07-25
38,96,Sr,92,233,U,0,0.019332,0.0030725,0.021078,0.0033832,0.01036,0.0052633,2026-07-25
43,96,Tc,92,233,U,0,0.0000000000044485,0.0000000000010971,,,,,2026-07-25
43,96,Tc,92,233,U,1,0.0000000000023652,0.0000000000008239,,,,,2026-07-25
39,96,Y,92,233,U,0,0.02923,0.0024503,0.031331,0.0029616,0.015506,0.0069523,2026-07-25
39,96,Y,92,233,U,5,0.017803,0.0022219,0.021507,0.002523,0.018002,0.0078518,2026-07-25
40,96,Zr,92,233,U,0,0.057335,0.00057344,0.057375,0.0031556,0.040408,0.016769,2026-07-25
35,97,Br,92,233,U,0,0.0000000000016841,0.00000000000059951,,,,,2026-07-25
36,97,Kr,92,233,U,0,0.000000062721,0.000000022327,0.000000047181,0.000000017168,0.000000006549,0.0000000024027,2026-07-25
42,97,Mo,92,233,U,0,0.055737,0.00049851,0.055126,0.0016368,0.047577,0.0035971,2026-07-25
41,97,Nb,92,233,U,0,0.055735,0.00049851,0.055126,0.0016368,0.047576,0.0035971,2026-07-25
41,97,Nb,92,233,U,1,0.052514,0.00055327,0.052209,0.0015795,0.044717,0.0034081,2026-07-25
37,97,Rb,92,233,U,0,0.000060076,0.000021338,0.000093573,0.00003397,0.000024678,0.000009047,2026-07-25
38,97,Sr,92,233,U,0,0.0065063,0.0019126,0.0072255,0.002114,0.0035315,0.0011702,2026-07-25
43,97,Tc,92,233,U,0,0.00000000027549,0.000000000081764,0.0000000000066785,0.0000000000020662,0.000000000059565,0.00000000001967,2026-07-25
43,97,Tc,92,233,U,1,0.000000000051737,0.000000000018417,0.0000000000011193,0.0000000000004073,0.0000000000066474,0.0000000000024388,2026-07-25
39,97,Y,92,233,U,0,0.010618,0.0016604,0.012173,0.0017439,0.0058766,0.0011052,2026-07-25
39,97,Y,92,233,U,1,0.021396,0.0019439,0.02853,0.0016283,0.020433,0.002143,2026-07-25
39,97,Y,92,233,U,29,0.0045179,0.00075757,0.0074006,0.00085448,0.0090871,0.001477,2026-07-25
40,97,Zr,92,233,U,0,0.055131,0.00049693,0.054887,0.0016368,0.046977,0.0035704,2026-07-25
36,98,Kr,92,233,U,0,0.0000000017233,0.0000000006433,0.0000000011031,0.00000000040393,0.000000000086488,0.00000000005315,2026-07-25
42,98,Mo,92,233,U,0,0.051672,0.0015504,0.051447,0.0029329,0.036114,0.013723,2026-07-25
41,98,Nb,92,233,U,0,0.050029,0.0015138,0.05042,0.002879,0.034323,0.013047,2026-07-25
41,98,Nb,92,233,U,1,0.0016213,0.00055643,0.0010229,0.00035526,0.0017788,0.00099099,2026-07-25
37,98,Rb,92,233,U,0,0.0000020513,0.0000007657,0.0000030827,0.0000011287,0.00000046653,0.00000028669,2026-07-25
37,98,Rb,92,233,U,5,0.0000020529,0.0000007657,0.0000030837,0.0000011287,0.0000004666,0.00000028671,2026-07-25
38,98,Sr,92,233,U,0,0.0016465,0.00058898,0.0020465,0.0007106,0.00058411,0.0003561,2026-07-25
43,98,Tc,92,233,U,0,0.0000000098145,0.0000000036637,0.00000000051042,0.00000000018691,0.0000000027205,0.0000000016718,2026-07-25
39,98,Y,92,233,U,0,0.00425,0.00089857,0.0056438,0.0010179,0.0015899,0.00079736,2026-07-25
39,98,Y,92,233,U,2,0.010949,0.0025296,0.01744,0.0027628,0.0078873,0.0041379,2026-07-25
40,98,Zr,92,233,U,0,0.049491,0.0015062,0.050126,0.0028646,0.034008,0.012929,2026-07-25
36,99,Kr,92,233,U,0,0.000000000029126,0.000000000010676,0.000000000012522,0.0000000000045324,,,2026-07-25
42,99,Mo,92,233,U,0,0.050294,0.001358,0.048502,0.0016977,0.038666,0.0022426,2026-07-25
41,99,Nb,92,233,U,0,0.033392,0.0014616,0.032161,0.0016892,0.027067,0.0018494,2026-07-25
41,99,Nb,92,233,U,1,0.017046,0.0012231,0.016617,0.0014342,0.011681,0.001214,2026-07-25
37,99,Rb,92,233,U,0,0.00000026532,0.000000097239,0.00000031841,0.00000011525,0.00000004404,0.000000016041,2026-07-25
44,99,Ru,92,233,U,0,0.0000016387,0.00000013145,0.0000015803,0.00000014734,0.0000012598,0.00000013647,2026-07-25
38,99,Sr,92,233,U,0,0.00026107,0.000095068,0.00029181,0.00010479,0.000077666,0.00002823,2026-07-25
43,99,Tc,92,233,U,0,0.050293,0.0013579,0.048501,0.0016976,0.038665,0.0022426,2026-07-25
43,99,Tc,92,233,U,2,0.044289,0.0012629,0.042711,0.0015621,0.034049,0.0020107,2026-07-25
39,99,Y,92,233,U,0,0.0075883,0.0021026,0.011824,0.0026377,0.0054062,0.0016685,2026-07-25
40,99,Zr,92,233,U,0,0.042387,0.0013502,0.042402,0.0016366,0.028793,0.001941,2026-07-25
4,9,Be,92,233,U,0,0.0000011188,0.00000011597,,,,,2026-07-25
3,9,Li,92,233,U,0,0.0000007434,0.00000011597,,,,,2026-07-25

