line_index,Z,symbol,transition,level,seat_i,seat_j,static_distance_m,static_radial_projection_m,lane_cosine,swept_mean_inverse_distance_m-1,swept_min_distance_m,swept_max_distance_m,swept_distance_variance_m2
1,2,He,1s²→1s2p ¹P,lower,0,1,5.5927142620713785e-11,5.5927142620713785e-11,-1.0,198731716069036.22,2.796357131035689e-17,5.5927142620713785e-11,2.963190434879731e-22
1,2,He,1s²→1s2p ¹P,upper,0,1,1.677194270451488e-10,2.6498036112491024e-11,0.0,6019057476.921792,1.3921092665134523e-10,1.920414807211707e-10,1.7392335170371738e-22
2,3,Li,2s→2p,lower,0,1,3.652987462258451e-11,3.652987462258451e-11,-1.0,92240265958.2136,1.290694675350584e-12,3.652987462258451e-11,1.2612073457817092e-22
2,3,Li,2s→2p,lower,0,2,8.482008048573046e-11,-8.482008048573046e-11,1.0,9787095186.907509,8.482008048573046e-11,1.211483666268924e-10,1.6400075112681435e-22
2,3,Li,2s→2p,lower,1,2,1.2134995510831496e-10,1.2134995510831496e-10,-1.0,9788842405.898666,8.461849200430788e-11,1.21349955108315e-10,1.6763897227056327e-22
2,3,Li,2s→2p,upper,0,1,3.6612934397663135e-11,3.6612934397663135e-11,-1.0,92479366522.06143,1.277772983280003e-12,3.661293439766314e-11,1.2674575965471545e-22
2,3,Li,2s→2p,upper,0,2,1.3871345530880378e-10,1.8306467198831567e-11,0.0,7256723492.323946,1.1925795835630694e-10,1.5575745483314872e-10,8.324839457036759e-23
2,3,Li,2s→2p,upper,1,2,1.3871345530880378e-10,1.8306467198831567e-11,0.0,7256723492.323946,1.1925795835630692e-10,1.5575745483314872e-10,8.324839457036762e-23
3,4,Be,2s²→2s2p ¹P,lower,0,1,2.7104950674939665e-11,2.7104950674939665e-11,-1.0,141199150936.17416,4.730466156415679e-13,2.7100822459666097e-11,6.95550195106974e-23
3,4,Be,2s²→2s2p ¹P,lower,0,2,5.857691032086489e-11,-5.857691032086489e-11,1.0,13988826371.393585,5.857691032086489e-11,8.568186099580456e-11,9.122328923327316e-23
3,4,Be,2s²→2s2p ¹P,lower,0,3,8.568186099580456e-11,8.568186099580456e-11,-1.0,13988826371.393581,5.857691032086488e-11,8.568186099580457e-11,9.122328923327324e-23
3,4,Be,2s²→2s2p ¹P,lower,1,2,8.568186099580456e-11,8.568186099580456e-11,-1.0,13988826371.393585,5.857691032086488e-11,8.568186099580457e-11,9.12232892332732e-23
3,4,Be,2s²→2s2p ¹P,lower,1,3,5.857691032086489e-11,-5.857691032086489e-11,1.0,13988826371.393585,5.857691032086489e-11,8.568186099580456e-11,9.122328923327312e-23
3,4,Be,2s²→2s2p ¹P,lower,2,3,1.4425877131666945e-10,1.4425877131666945e-10,-1.0,409952684594786.1,1.3552475337469832e-17,1.4425877131666945e-10,1.971509033820036e-21
3,4,Be,2s²→2s2p ¹P,upper,0,1,2.7164653105560215e-11,2.7164653105560215e-11,-1.0,139369250682.79465,4.891369801724769e-13,2.7160515878617866e-11,6.983975621820205e-23
3,4,Be,2s²→2s2p ¹P,upper,0,2,5.98227134895264e-11,-5.98227134895264e-11,1.0,13752351001.834108,5.98227134895264e-11,8.686695300530882e-11,9.083786754635318e-23
3,4,Be,2s²→2s2p ¹P,upper,0,3,9.904927978989295e-11,1.3522119757891204e-11,0.0,10167400295.013807,8.464752621192166e-11,1.116078669270004e-10,4.540020304563236e-23
3,4,Be,2s²→2s2p ¹P,upper,1,2,8.698736659508662e-11,8.698736659508662e-11,-1.0,13754506502.594893,5.970229989974859e-11,8.698736659508662e-11,9.245214820823789e-23
3,4,Be,2s²→2s2p ¹P,upper,1,3,9.90657903632329e-11,1.3642533347669011e-11,0.0,10166974373.636745,8.463566944520822e-11,1.1164616024810462e-10,4.6206703335204357e-23
3,4,Be,2s²→2s2p ¹P,upper,2,3,1.2250459855956935e-10,7.334483324741761e-11,0.0,10272922133.962965,6.49020212488753e-11,1.364028766934866e-10,6.235980310700148e-22
4,5,B,2s²2p→2s²3s,lower,0,1,2.1583121153148374e-11,2.1583121153148374e-11,-1.0,156879116582.99542,7.532400655139216e-13,2.1583121153148374e-11,4.404461934500251e-23
4,5,B,2s²2p→2s²3s,lower,0,2,4.526149455326246e-11,-4.526149455326246e-11,1.0,18009093177.19019,4.526149455326246e-11,6.684461570641083e-11,5.782168013531475e-23
4,5,B,2s²2p→2s²3s,lower,0,3,6.684461570641083e-11,6.684461570641083e-11,-1.0,18009093177.190254,4.526149455326245e-11,6.684461570641084e-11,5.782168013531477e-23
4,5,B,2s²2p→2s²3s,lower,0,4,7.766443843955853e-11,1.0791560576574187e-11,0.0,12970301025.632133,6.612903074976379e-11,8.769538920810345e-11,2.890863096809261e-23
4,5,B,2s²2p→2s²3s,lower,1,2,6.684461570641083e-11,6.684461570641083e-11,-1.0,18009093177.190254,4.526149455326245e-11,6.684461570641083e-11,5.782168013531478e-23
4,5,B,2s²2p→2s²3s,lower,1,3,4.526149455326246e-11,-4.526149455326246e-11,1.0,18009093177.19019,4.526149455326245e-11,6.684461570641083e-11,5.782168013531475e-23
4,5,B,2s²2p→2s²3s,lower,1,4,7.766443843955853e-11,1.0791560576574187e-11,0.0,12970301025.632113,6.617483597744413e-11,8.766082979086108e-11,2.89086309680923e-23
4,5,B,2s²2p→2s²3s,lower,2,3,1.1210611025967329e-10,1.1210611025967329e-10,-1.0,514835778506354.3,1.0791560576574186e-17,1.121061102596733e-10,1.1906192003224286e-21
4,5,B,2s²2p→2s²3s,lower,2,4,9.51695970772316e-11,5.605305512983664e-11,0.0,19396852373.042377,2.141662786857863e-11,9.529359294437651e-11,6.269804307896208e-22
4,5,B,2s²2p→2s²3s,lower,3,4,9.51695970772316e-11,5.605305512983664e-11,0.0,15051681799.07414,3.9273187373977165e-11,1.008195425178019e-10,4.557685811778261e-22
4,5,B,2s²2p→2s²3s,upper,0,1,2.1564110952650465e-11,2.1564110952650465e-11,-1.0,92229688660.349,6.663692593814641e-12,2.156411095265047e-11,3.7719067889436844e-23
4,5,B,2s²2p→2s²3s,upper,0,2,4.189435476766093e-11,-4.189435476766093e-11,1.0,19190039939.998524,4.189435476766093e-11,6.344318811350113e-11,5.758535591611672e-23
4,5,B,2s²2p→2s²3s,upper,0,3,6.516216976179549e-11,6.516216976179549e-11,-1.0,18570981292.39327,4.361333641595529e-11,6.51621697617955e-11,5.761408183294159e-23
4,5,B,2s²2p→2s²3s,upper,0,4,1.5116855705218622e-10,-1.5116855705218622e-10,1.0,6181863733.568449,1.5116855705218622e-10,1.726927799752267e-10,5.799581668210842e-23
4,5,B,2s²2p→2s²3s,upper,1,2,6.34584657203114e-11,6.34584657203114e-11,-1.0,19190631454.771065,4.187907716085066e-11,6.34584657203114e-11,5.77474635564297e-23
4,5,B,2s²2p→2s²3s,upper,1,3,4.3598058809145025e-11,-4.3598058809145025e-11,1.0,18571516837.84853,4.359805880914502e-11,6.517744736860578e-11,5.777635388746616e-23
4,5,B,2s²2p→2s²3s,upper,1,4,1.727326680048367e-10,1.727326680048367e-10,-1.0,6181883223.529329,1.5118143613220478e-10,1.727326680048367e-10,5.816026656089516e-23
4,5,B,2s²2p→2s²3s,upper,2,3,1.0705652452945642e-10,1.0705652452945642e-10,-1.0,47610544421.877266,1.7189816482943604e-12,1.0705652452945644e-10,1.0918722562454354e-21
4,5,B,2s²2p→2s²3s,upper,2,4,1.092742022845253e-10,-1.092742022845253e-10,1.0,6348795742.022698,1.092742022845253e-10,2.1461174516568737e-10,1.3589886407389443e-21
4,5,B,2s²2p→2s²3s,upper,3,4,2.1633072681398174e-10,2.1633072681398174e-10,-1.0,6361130993.554434,1.0756769218151867e-10,2.163245257679211e-10,1.4471234441977966e-21
5,6,C,2p²→2p3s,lower,0,1,1.793669574388325e-11,1.793669574388325e-11,-1.0,2477989726371060.0,8.968347871941625e-18,1.7925769193469377e-11,3.0578174160504236e-23
5,6,C,2p²→2p3s,lower,0,2,3.740549192151174e-11,-3.740549192151174e-11,1.0,21769862619.967842,3.740549192151174e-11,5.534218766539499e-11,3.993183459630916e-23
5,6,C,2p²→2p3s,lower,0,3,5.534218766539498e-11,5.534218766539498e-11,-1.0,21769862619.967842,3.740549192151173e-11,5.534218766539499e-11,3.99318345963092e-23
5,6,C,2p²→2p3s,lower,0,4,5.878981817048152e-11,8.968347871941625e-12,0.0,17160439911.880512,4.916565405779451e-11,6.7046430942339e-11,1.993582394635871e-23
5,6,C,2p²→2p3s,lower,0,5,5.878981817048152e-11,8.968347871941625e-12,0.0,17160439911.880527,4.9165654057794517e-11,6.7046430942339e-11,1.9935823946358716e-23
5,6,C,2p²→2p3s,lower,1,2,5.534218766539498e-11,5.534218766539498e-11,-1.0,21769862619.967842,3.740549192151173e-11,5.534218766539499e-11,3.9931834596309177e-23
5,6,C,2p²→2p3s,lower,1,3,3.740549192151174e-11,-3.740549192151174e-11,1.0,21769862619.967842,3.740549192151174e-11,5.534218766539498e-11,3.9931834596309136e-23
5,6,C,2p²→2p3s,lower,1,4,5.878981817048152e-11,8.968347871941625e-12,0.0,17160439911.88052,4.9165654057794517e-11,6.704643094233899e-11,1.9935823946358704e-23
5,6,C,2p²→2p3s,lower,1,5,5.878981817048152e-11,8.968347871941625e-12,0.0,17160439911.88051,4.916565405779453e-11,6.7046430942339e-11,1.9935823946358716e-23
5,6,C,2p²→2p3s,lower,2,3,9.274767958690672e-11,9.274767958690672e-11,-1.0,619499047110896.9,8.968347871941625e-18,9.274767958690672e-11,8.149302135323915e-22
5,6,C,2p²→2p3s,lower,2,4,7.43393870983276e-11,4.637383979345336e-11,0.0,22041898245.73542,2.2327666978710157e-11,7.672891040399018e-11,3.4784033535161196e-22
5,6,C,2p²→2p3s,lower,2,5,7.43393870983276e-11,4.637383979345336e-11,0.0,11545575120.894625,7.18704616412504e-11,1.0273346210265579e-10,1.1836441006420868e-22
5,6,C,2p²→2p3s,lower,3,4,7.43393870983276e-11,4.637383979345336e-11,0.0,22041898245.735413,2.2327666978710157e-11,7.672891040399017e-11,3.4784033535161215e-22
5,6,C,2p²→2p3s,lower,3,5,7.43393870983276e-11,4.637383979345336e-11,0.0,22041898245.735394,2.2327666978710183e-11,7.67289104039902e-11,3.478403353516118e-22
5,6,C,2p²→2p3s,lower,4,5,1.006351547467303e-10,8.715260052444656e-11,-0.49999999999999983,16423411063.417816,2.9050866841482192e-11,1.0474438999364065e-10,6.706262011069977e-22
5,6,C,2p²→2p3s,upper,0,1,1.7923073614972704e-11,1.7923073614972704e-11,-1.0,120226633507.18166,3.726426966622863e-12,1.7824889167280555e-11,2.752716889078899e-23
5,6,C,2p²→2p3s,upper,0,2,3.4885636238698834e-11,-3.4885636238698834e-11,1.0,23052586612.43266,3.490105986208712e-11,5.278950379480645e-11,3.9798054048049746e-23
5,6,C,2p²→2p3s,upper,0,3,5.392218837337806e-11,5.392218837337806e-11,-1.0,22465123236.40305,3.600812693661616e-11,5.392218837337806e-11,3.981374651767455e-23
5,6,C,2p²→2p3s,upper,0,4,5.636396806798999e-11,8.957030718380949e-12,0.0,17912619621.74001,4.676366063474478e-11,6.455194680857587e-11,1.987057509561059e-23
5,6,C,2p²→2p3s,upper,0,5,1.3228837298649046e-10,-1.3228837298649046e-10,1.0,7087010333.656118,1.323116671329281e-10,1.5020243442325235e-10,4.0083932583541296e-23
5,6,C,2p²→2p3s,upper,1,2,5.2808709853671544e-11,5.2808709853671544e-11,-1.0,23053089330.643177,3.4876624060488025e-11,5.2808709853671544e-11,3.9877538182911333e-23
5,6,C,2p²→2p3s,upper,1,3,3.599911475840535e-11,-3.599911475840535e-11,1.0,22465588115.226833,3.6014459535634203e-11,5.392095474563397e-11,3.9893294346943517e-23
5,6,C,2p²→2p3s,upper,1,4,5.6365400932690074e-11,8.966042896591757e-12,0.0,17912504396.203068,4.725692985050219e-11,6.419423202835689e-11,1.9910192510238082e-23
5,6,C,2p²→2p3s,upper,1,5,1.5021144660146317e-10,1.5021144660146317e-10,-1.0,7087024729.259332,1.323026799785624e-10,1.5021144660146317e-10,4.016457351158312e-23
5,6,C,2p²→2p3s,upper,2,3,8.88078246120769e-11,8.88078246120769e-11,-1.0,33841691133.92405,4.781105875155777e-12,8.868613603211538e-11,7.413338494799385e-22
5,6,C,2p²→2p3s,upper,2,4,7.084382783975461e-11,4.3842666957079784e-11,0.0,23009902587.384457,2.1899501495666727e-11,7.302291786449745e-11,3.1239061034721706e-22
5,6,C,2p²→2p3s,upper,2,5,9.740273674779161e-11,-9.740273674779161e-11,1.0,7260320544.687175,9.74027367477916e-11,1.850880706619512e-10,9.434390461577963e-22
5,6,C,2p²→2p3s,upper,3,4,7.154392986143633e-11,4.496515765499711e-11,0.0,23013074479.97744,2.1197864326552847e-11,7.384961923147038e-11,3.2544569946005967e-22
5,6,C,2p²→2p3s,upper,3,5,1.8621056135986852e-10,1.8621056135986852e-10,-1.0,7270260722.555774,9.628024604987428e-11,1.8621056135986855e-10,9.91386655042419e-22
5,6,C,2p²→2p3s,upper,4,5,1.5181216211104916e-10,5.564771780656755e-11,0.0,6950772344.1111355,8.577919653589935e-11,1.9681411171793166e-10,7.312782257362905e-22
6,7,N,2p³→2p²3s,lower,0,1,1.5346682282388725e-11,1.5346682282388725e-11,-1.0,453753520934.17126,7.652829285536079e-14,1.53398136028438e-11,2.2354082147758247e-23
6,7,N,2p³→2p²3s,lower,0,2,3.209589616231336e-11,-3.209589616231336e-11,1.0,25384122443.895805,3.2095925715920566e-11,4.7442558451055536e-11,2.923328943467503e-23
6,7,N,2p³→2p²3s,lower,0,3,4.744257844470208e-11,4.744257844470208e-11,-1.0,25384122443.895813,3.209828981713189e-11,4.744095899915093e-11,2.9233289434675006e-23
6,7,N,2p³→2p²3s,lower,0,4,4.761083048652725e-11,7.673341141194363e-12,0.0,21211685618.834816,3.9383460379506624e-11,5.4612502302764864e-11,1.45791320045356e-23
6,7,N,2p³→2p²3s,lower,0,5,4.761083048652726e-11,7.673341141194363e-12,0.0,21211685618.834873,3.93732422620511e-11,5.4619869580652604e-11,1.4579132004536102e-23
6,7,N,2p³→2p²3s,lower,0,6,4.761083048652726e-11,7.673341141194363e-12,0.0,21211685618.834965,3.93498013342571e-11,5.463675955058247e-11,1.4579132004536622e-23
6,7,N,2p³→2p²3s,lower,1,2,4.744257844470208e-11,4.744257844470208e-11,-1.0,25384122443.895813,3.209828981713189e-11,4.744095899915093e-11,2.9233289434675006e-23
6,7,N,2p³→2p²3s,lower,1,3,3.209589616231336e-11,-3.209589616231336e-11,1.0,25384122443.895813,3.2095925715920566e-11,4.744255845105554e-11,2.9233289434675023e-23
6,7,N,2p³→2p²3s,lower,1,4,4.761083048652725e-11,7.673341141194363e-12,0.0,21211685618.834824,3.939819036048321e-11,5.4601876850093665e-11,1.4579132004535594e-23
6,7,N,2p³→2p²3s,lower,1,5,4.761083048652726e-11,7.673341141194363e-12,0.0,21211685618.834824,3.938900551439987e-11,5.460850303588484e-11,1.4579132004535588e-23
6,7,N,2p³→2p²3s,lower,1,6,4.761083048652726e-11,7.673341141194363e-12,0.0,21211685618.835144,3.932077220579901e-11,5.465765483784802e-11,1.45791320045378e-23
6,7,N,2p³→2p²3s,lower,2,3,7.953847460701544e-11,7.953847460701544e-11,-1.0,54015837481.12957,5.94940850943644e-13,7.95362495230616e-11,5.991426115013493e-22
6,7,N,2p³→2p²3s,lower,2,4,6.155894127623051e-11,3.976923730350772e-11,0.0,23018225068.762817,2.549251905510592e-11,6.623495603071392e-11,1.9957061205534043e-22
6,7,N,2p³→2p²3s,lower,2,5,6.155894127623052e-11,3.976923730350772e-11,0.0,14808530485.625553,5.452964641199476e-11,8.191989429956833e-11,9.30648679026128e-23
6,7,N,2p³→2p²3s,lower,2,6,6.155894127623052e-11,3.976923730350772e-11,0.0,20079281810.298035,3.331827047107886e-11,6.962261141180812e-11,1.6084312052560556e-22
6,7,N,2p³→2p²3s,lower,3,4,6.155894127623051e-11,3.976923730350772e-11,0.0,29957854017.5541,1.346448196415423e-11,6.259935318194838e-11,2.7623955430539467e-22
6,7,N,2p³→2p²3s,lower,3,5,6.155894127623052e-11,3.976923730350772e-11,0.0,23018225068.76282,2.549251905510592e-11,6.623495603071392e-11,1.9957061205534083e-22
6,7,N,2p³→2p²3s,lower,3,6,6.155894127623052e-11,3.976923730350772e-11,0.0,15246381463.533632,5.2266764295265607e-11,8.042874602603935e-11,9.831635747642069e-23
6,7,N,2p³→2p²3s,lower,4,5,8.138631977207877e-11,7.048262044314396e-11,-0.49999999999999983,21461409529.530437,2.0396595274750235e-11,8.389882574331979e-11,4.666836465038308e-22
6,7,N,2p³→2p²3s,lower,4,6,8.138631977207878e-11,7.048262044314398e-11,-0.5000000000000004,16635979535.158886,3.6737581518719424e-11,8.929334010313308e-11,3.336686986652794e-22
6,7,N,2p³→2p²3s,lower,5,6,8.138631977207877e-11,7.048262044314396e-11,-0.4999999999999997,21461409529.53043,2.038851844765415e-11,8.390078888436967e-11,4.6668364650383095e-22
6,7,N,2p³→2p²3s,upper,0,1,1.533673296192103e-11,1.533673296192103e-11,-1.0,171265610453.8204,2.058707545329234e-12,1.5090265388188033e-11,2.222070203472231e-23
6,7,N,2p³→2p²3s,upper,0,2,3.010974079711058e-11,-3.010974079711058e-11,1.0,26751379823.157444,3.0131516713024356e-11,4.542632096830177e-11,2.9151590090054856e-23
6,7,N,2p³→2p²3s,upper,0,3,4.623247425364925e-11,4.623247425364925e-11,-1.0,26190857267.767273,3.0903866068511435e-11,4.623086430392059e-11,2.916093435785317e-23
6,7,N,2p³→2p²3s,upper,0,4,4.5974934663296425e-11,7.665508368496842e-12,0.0,21981858113.74494,3.7799216529309825e-11,5.290187581134628e-11,1.4539238733279496e-23
6,7,N,2p³→2p²3s,upper,0,5,4.597493466329644e-11,7.665508368496842e-12,0.0,21981858551.890488,3.775325110308205e-11,5.293468868083e-11,1.453924410247122e-23
6,7,N,2p³→2p²3s,upper,0,6,1.1928966841845364e-10,-1.1928966841845364e-10,1.0,7883989644.954297,1.193042694491015e-10,1.3462032563366977e-10,2.9359913791919456e-23
6,7,N,2p³→2p²3s,upper,1,2,4.5446473759031614e-11,4.5446473759031614e-11,-1.0,26751806110.7363,3.0106447974114874e-11,4.544486838967494e-11,2.9194739703834483e-23
6,7,N,2p³→2p²3s,upper,1,3,3.089574129172822e-11,-3.089574129172822e-11,1.0,26191257053.382057,3.0917424390381474e-11,4.6223694765386036e-11,2.9204112068497637e-23
6,7,N,2p³→2p²3s,upper,1,4,4.5975888088319034e-11,7.671224593424189e-12,0.0,21981742388.643406,3.816635458889465e-11,5.263928142000066e-11,1.4560695483542343e-23
6,7,N,2p³→2p²3s,upper,1,5,4.5975888088319053e-11,7.671224593424189e-12,0.0,21981743466.99499,3.799168785039742e-11,5.276548327550161e-11,1.4560708733180227e-23
6,7,N,2p³→2p²3s,upper,1,6,1.3462640138037468e-10,1.3462640138037468e-10,-1.0,7884000400.1075735,1.193038390076741e-10,1.3462640138037468e-10,2.940368787277934e-23
6,7,N,2p³→2p²3s,upper,2,3,7.634221505075983e-11,7.634221505075983e-11,-1.0,41097359563.350716,3.5152141175341165e-12,7.626535179180882e-11,5.491400095776205e-22
6,7,N,2p³→2p²3s,upper,2,4,5.900766092865064e-11,3.777524916560742e-11,0.0,23956500142.465607,2.497788963180762e-11,6.332812584315847e-11,1.8187356261437583e-22
6,7,N,2p³→2p²3s,upper,2,5,5.900766092865066e-11,3.777524916560742e-11,0.0,15451209546.210728,5.237854634026044e-11,7.84191270862067e-11,8.509026186191844e-23
6,7,N,2p³→2p²3s,upper,2,6,8.917992762134306e-11,-8.917992762134306e-11,1.0,8060393546.828594,8.918059623733447e-11,1.647300639829071e-10,7.01460501260608e-22
6,7,N,2p³→2p²3s,upper,3,4,5.951760627187043e-11,3.856696588515241e-11,0.0,31070633817.84866,1.3273572855354544e-11,6.04451911371608e-11,2.592295426752432e-22
6,7,N,2p³→2p²3s,upper,3,5,5.951760627187044e-11,3.856696588515241e-11,0.0,23825706755.292343,2.4658440747425202e-11,6.401849991805826e-11,1.8703848594189824e-22
6,7,N,2p³→2p²3s,upper,3,6,1.6552214267210288e-10,1.6552214267210288e-10,-1.0,8068607108.375883,8.84269399623477e-11,1.6550145567359844e-10,7.306324616836247e-22
6,7,N,2p³→2p²3s,upper,4,5,7.85162645331567e-11,6.799707969597282e-11,-0.49999999999999983,22245833720.08051,1.998151046095147e-11,8.086560992709487e-11,4.343488785464816e-22
6,7,N,2p³→2p²3s,upper,4,6,1.3480560638101343e-10,4.533138646398188e-11,0.0,7757555946.687059,8.258811397247826e-11,1.7182638462696702e-10,4.903270334620319e-22
6,7,N,2p³→2p²3s,upper,5,6,1.3480560638101343e-10,4.5331386463981896e-11,0.0,7757555947.002406,8.209763633555489e-11,1.7206127144601844e-10,4.903270334952443e-22
7,8,O,2p⁴→2p³3s,lower,0,1,1.3409204321116965e-11,1.3409204321116965e-11,-1.0,377499061294.8223,1.1701589751314368e-13,1.340460932169847e-11,1.7050795213383702e-23
7,8,O,2p⁴→2p³3s,lower,0,2,2.7967936785447485e-11,-2.7967936785447485e-11,1.0,29116696222.24224,2.7967936785447485e-11,4.137714110656445e-11,2.2317273794537714e-23
7,8,O,2p⁴→2p³3s,lower,0,3,4.137714110656445e-11,4.137714110656445e-11,-1.0,29116696222.242256,2.7967936785447482e-11,4.137714110656446e-11,2.2317273794537676e-23
7,8,O,2p⁴→2p³3s,lower,0,4,3.913819068680421e-11,6.704602160558482e-12,0.0,25837069845.09184,3.1879735381619155e-11,4.5246860802394186e-11,1.1115984099158455e-23
7,8,O,2p⁴→2p³3s,lower,0,5,4.135212596576037e-11,6.704602160558482e-12,0.0,24425036286.948254,3.412479059362342e-11,4.7492055237877175e-11,1.112901902963162e-23
7,8,O,2p⁴→2p³3s,lower,0,6,4.135212596576037e-11,6.704602160558482e-12,0.0,24425036286.947723,3.425224189142112e-11,4.7400216974058273e-11,1.1129019029629437e-23
7,8,O,2p⁴→2p³3s,lower,0,7,4.266249279137599e-11,6.704602160558482e-12,0.0,23660381804.798885,3.5452027760844655e-11,4.881936408836884e-11,1.1135765490221548e-23
7,8,O,2p⁴→2p³3s,lower,1,2,4.137714110656445e-11,4.137714110656445e-11,-1.0,29116696222.242252,2.796793678544748e-11,4.137714110656445e-11,2.2317273794537693e-23
7,8,O,2p⁴→2p³3s,lower,1,3,2.7967936785447485e-11,-2.7967936785447485e-11,1.0,29116696222.24224,2.7967936785447482e-11,4.137714110656446e-11,2.23172737945377e-23
7,8,O,2p⁴→2p³3s,lower,1,4,3.913819068680421e-11,6.704602160558482e-12,0.0,25837069845.090626,3.196575475962112e-11,4.518613131394473e-11,1.1115984099154091e-23
7,8,O,2p⁴→2p³3s,lower,1,5,4.135212596576037e-11,6.704602160558482e-12,0.0,24425036286.948364,3.4106488674727045e-11,4.7505200494861e-11,1.1129019029632154e-23
7,8,O,2p⁴→2p³3s,lower,1,6,4.135212596576037e-11,6.704602160558482e-12,0.0,24425036286.94807,3.4155221273592626e-11,4.747017488411173e-11,1.1129019029630891e-23
7,8,O,2p⁴→2p³3s,lower,1,7,4.266249279137599e-11,6.704602160558482e-12,0.0,23660381804.798607,3.553655970212195e-11,4.875786610267044e-11,1.1135765490220276e-23
7,8,O,2p⁴→2p³3s,lower,2,3,6.934507789201193e-11,6.934507789201193e-11,-1.0,61553946026.7462,6.051422838621164e-13,6.934243744393101e-11,4.554115957961764e-22
7,8,O,2p⁴→2p³3s,lower,2,4,5.185586984197241e-11,3.4672538946005967e-11,0.0,24710449852.71959,2.6145554282257316e-11,5.7944038921312894e-11,1.229191833483426e-22
7,8,O,2p⁴→2p³3s,lower,2,5,5.354653666409292e-11,3.4672538946005967e-11,0.0,18293717864.042515,4.264756846156876e-11,6.817630709902241e-11,8.067241522324433e-23
7,8,O,2p⁴→2p³3s,lower,2,6,5.354653666409292e-11,3.4672538946005967e-11,0.0,19664866449.311226,3.8110618322927414e-11,6.543732840269571e-11,9.21102178215077e-23
7,8,O,2p⁴→2p³3s,lower,2,7,5.4564838110317373e-11,3.4672538946005967e-11,0.0,17950258643.621727,4.352930106924772e-11,6.939760475330051e-11,8.284218297928403e-23
7,8,O,2p⁴→2p³3s,lower,3,4,5.185586984197241e-11,3.4672538946005967e-11,0.0,40214798606.60272,7.801862602966329e-12,5.229133242370917e-11,2.1919757777759015e-22
7,8,O,2p⁴→2p³3s,lower,3,5,5.354653666409292e-11,3.4672538946005967e-11,0.0,23835310343.61247,2.729492716741061e-11,5.978827450763778e-11,1.2844801694463947e-22
7,8,O,2p⁴→2p³3s,lower,3,6,5.354653666409292e-11,3.4672538946005967e-11,0.0,16515624078.794132,4.95283567810011e-11,7.26791020816999e-11,6.65619843235177e-23
7,8,O,2p⁴→2p³3s,lower,3,7,5.4564838110317373e-11,3.4672538946005967e-11,0.0,30381255926.377007,1.5854463867534454e-11,5.632971243770926e-11,1.919976153212882e-22
7,8,O,2p⁴→2p³3s,lower,4,5,6.874095284663975e-11,5.896213721064043e-11,-0.49999999999999983,26523213231.47636,1.535655744347833e-11,7.03944741770355e-11,3.4720105460834886e-22
7,8,O,2p⁴→2p³3s,lower,4,6,6.874095284663975e-11,5.896213721064044e-11,-0.5000000000000004,20657068935.129604,2.81381303973656e-11,7.424305652022221e-11,2.5523764851713276e-22
7,8,O,2p⁴→2p³3s,lower,4,7,8.069201573743985e-11,8.069201573743985e-11,-1.0,35544763369.96471,3.641322595424391e-12,8.06889492560927e-11,6.023271847692249e-22
7,8,O,2p⁴→2p³3s,lower,5,6,7.067630363332706e-11,6.120747439204366e-11,-0.4999999999999997,25883790245.98764,1.5627566212470248e-11,7.237817307030368e-11,3.6880159453022915e-22
7,8,O,2p⁴→2p³3s,lower,5,7,4.1484606718721826e-11,1.9738797932622125e-11,0.49999999999999983,17256119751.81229,5.079938891072708e-11,6.557277294652011e-11,2.719894778246048e-23
7,8,O,2p⁴→2p³3s,lower,6,7,4.148460671872181e-11,1.9738797932622105e-11,0.5000000000000004,26443565439.58814,2.75174596379456e-11,4.976102268855774e-11,6.08924764084269e-23
7,8,O,2p⁴→2p³3s,upper,0,1,1.3403814536491352e-11,1.3403814536491352e-11,-1.0,273203826554.26215,1.0516581582637219e-12,1.3033466104802808e-11,1.8674513301401996e-23
7,8,O,2p⁴→2p³3s,upper,0,2,2.659584277250185e-11,-2.659584277250185e-11,1.0,30344950803.139904,2.659584277250185e-11,3.9995810998309304e-11,2.2273320868615784e-23
7,8,O,2p⁴→2p³3s,upper,0,3,4.0584990317601924e-11,4.0584990317601924e-11,-1.0,29806545021.010044,2.718502209179447e-11,4.0584990317601924e-11,2.2279274805270082e-23
7,8,O,2p⁴→2p³3s,upper,0,4,3.8940574543791693e-11,6.699984112903726e-12,0.0,25970766751.03681,3.2096471868204334e-11,4.474989592406629e-11,1.1099569655350697e-23
7,8,O,2p⁴→2p³3s,upper,0,5,3.89405745437917e-11,6.699984112903726e-12,0.0,25970766751.03684,3.209647186820441e-11,4.474989592406623e-11,1.1099569655350705e-23
7,8,O,2p⁴→2p³3s,upper,0,6,3.8940574543791693e-11,6.699984112903726e-12,0.0,25970768165.966183,3.214847084486617e-11,4.471255432133117e-11,1.1099580228998715e-23
7,8,O,2p⁴→2p³3s,upper,0,7,1.0944363549534072e-10,-1.0944363549534072e-10,1.0,8617206124.284452,1.0945337927182104e-10,1.22842638932907e-10,2.2430881020902596e-23
7,8,O,2p⁴→2p³3s,upper,1,2,3.99996573089932e-11,3.99996573089932e-11,-1.0,30345316594.200996,2.6591996461817948e-11,3.999965730899321e-11,2.2298702801743837e-23
7,8,O,2p⁴→2p³3s,upper,1,3,2.7181175781110572e-11,-2.7181175781110572e-11,1.0,29806891494.73747,2.7181175781110565e-11,4.058883662828583e-11,2.2304670515694528e-23
7,8,O,2p⁴→2p³3s,upper,1,4,3.8941236511385395e-11,6.703830423587627e-12,0.0,25970656784.256462,3.1766841477244164e-11,4.498563753722903e-11,1.1112186063985512e-23
7,8,O,2p⁴→2p³3s,upper,1,5,3.8941236511385395e-11,6.703830423587627e-12,0.0,25970656681.554928,3.1931627757303834e-11,4.486881936089133e-11,1.111218546100317e-23
7,8,O,2p⁴→2p³3s,upper,1,6,3.8941236511385395e-11,6.703830423587627e-12,0.0,25970655222.566963,3.214496139187913e-11,4.4716230377636924e-11,1.1112174618415741e-23
7,8,O,2p⁴→2p³3s,upper,1,7,1.2284745003183206e-10,1.2284745003183206e-10,-1.0,8617214381.928228,1.0945711832702912e-10,1.2284745003183206e-10,2.245662642462025e-23
7,8,O,2p⁴→2p³3s,upper,2,3,6.718083309010378e-11,6.718083309010378e-11,-1.0,42594822563.239586,5.303572572282349e-12,6.697375295532716e-11,4.2338989603242646e-22
7,8,O,2p⁴→2p³3s,upper,2,4,5.079459269125339e-11,3.3295826885405576e-11,0.0,25168764460.912457,2.5908545257915333e-11,5.6671910577284316e-11,1.1657719140381147e-22
7,8,O,2p⁴→2p³3s,upper,2,5,5.07945926912534e-11,3.3295826885405576e-11,0.0,19286116454.74025,4.043745268108236e-11,6.47003327231019e-11,7.305355545612576e-23
7,8,O,2p⁴→2p³3s,upper,2,6,5.079459269125339e-11,3.3295826885405576e-11,0.0,20738129987.766785,3.609525618680106e-11,6.210727633820251e-11,8.345216175029268e-23
7,8,O,2p⁴→2p³3s,upper,2,7,8.284779272283886e-11,-8.284779272283886e-11,1.0,8795608069.378496,8.284779272283887e-11,1.4943944649365e-10,5.456440792514555e-22
7,8,O,2p⁴→2p³3s,upper,3,4,5.1182733457484186e-11,3.3885006204698197e-11,0.0,40245281066.87317,8.129949104921886e-12,5.1596329986435527e-11,2.1112675321412798e-22
7,8,O,2p⁴→2p³3s,upper,3,5,5.1182733457484186e-11,3.3885006204698197e-11,0.0,25008366167.268887,2.602031578942425e-11,5.7117979771731254e-11,1.1909870560920103e-22
7,8,O,2p⁴→2p³3s,upper,3,6,5.1182733457484186e-11,3.3885006204698197e-11,0.0,17270058751.05304,4.748647776094511e-11,6.94449963142941e-11,6.141829435479002e-23
7,8,O,2p⁴→2p³3s,upper,3,7,1.5002862581294264e-10,1.5002862581294264e-10,-1.0,8802575161.860441,8.225861340354624e-11,1.5002862581294266e-10,5.648005397320403e-22
7,8,O,2p⁴→2p³3s,upper,4,5,6.644121970631114e-11,5.7539784124088705e-11,-0.49999999999999983,27532444689.065567,1.5577790600358693e-11,6.784360108029813e-11,3.2592402079288315e-22
7,8,O,2p⁴→2p³3s,upper,4,6,6.644121970631114e-11,5.753978412408872e-11,-0.5000000000000004,21392917379.978237,2.712451436143536e-11,7.176471943375827e-11,2.3922843511278697e-22
7,8,O,2p⁴→2p³3s,upper,4,7,1.2231442651785608e-10,3.83598560827258e-11,0.0,8497711831.912371,7.800141684691194e-11,1.5439370725084076e-10,3.5351747157661506e-22
7,8,O,2p⁴→2p³3s,upper,5,6,6.644121970631114e-11,5.753978412408869e-11,-0.4999999999999997,27532444689.0655,1.557779060035889e-11,6.784360108029812e-11,3.259240207928826e-22
7,8,O,2p⁴→2p³3s,upper,5,7,1.2231442651785608e-10,3.83598560827258e-11,0.0,8497711831.91237,7.800141684691196e-11,1.5439370725084076e-10,3.5351747157661553e-22
7,8,O,2p⁴→2p³3s,upper,6,7,1.2231442651785608e-10,3.83598560827258e-11,0.0,8497711831.912375,7.800141684691195e-11,1.5439370725084073e-10,3.5351747157661497e-22
8,9,F,2p⁵→2p⁴3s,lower,0,1,1.1906954209426762e-11,1.1906954209426762e-11,-1.0,284366675142.5833,4.155467091686932e-13,1.1906954209426764e-11,1.3404966430386163e-23
8,9,F,2p⁵→2p⁴3s,lower,0,2,2.4884302065248198e-11,-2.4884302065248198e-11,1.0,32736416850.056534,2.4884302065248198e-11,3.679125627467496e-11,1.759731802127117e-23
8,9,F,2p⁵→2p⁴3s,lower,0,3,3.679125627467496e-11,3.679125627467496e-11,-1.0,32736416850.056515,2.4894411063906786e-11,3.678441688167098e-11,1.7597318021271173e-23
8,9,F,2p⁵→2p⁴3s,lower,0,4,3.479551336760886e-11,5.953477104713381e-12,0.0,29060889517.258137,2.837273487859553e-11,4.020501730555308e-11,8.765064142437103e-24
8,9,F,2p⁵→2p⁴3s,lower,0,5,3.479551336760886e-11,5.953477104713381e-12,0.0,29060889517.258106,2.8372734878595542e-11,4.0205017305553095e-11,8.765064142437103e-24
8,9,F,2p⁵→2p⁴3s,lower,0,6,3.74243539300712e-11,5.953477104713381e-12,0.0,26978335385.37591,3.10158952551727e-11,4.2885647665467605e-11,8.77838726437391e-24
8,9,F,2p⁵→2p⁴3s,lower,0,7,3.618537362190025e-11,5.953477104713381e-12,0.0,27920966762.239105,2.9830909367729245e-11,4.1579795268944656e-11,8.772482208773521e-24
8,9,F,2p⁵→2p⁴3s,lower,0,8,3.618537362190026e-11,5.953477104713381e-12,0.0,27920966762.239937,2.974422204398599e-11,4.1641851343463214e-11,8.772482208775915e-24
8,9,F,2p⁵→2p⁴3s,lower,1,2,3.679125627467496e-11,3.679125627467496e-11,-1.0,32736416850.056515,2.4894411063906786e-11,3.6784416881670985e-11,1.759731802127117e-23
8,9,F,2p⁵→2p⁴3s,lower,1,3,2.4884302065248198e-11,-2.4884302065248198e-11,1.0,32736416850.056534,2.4884302065248198e-11,3.6791256274674956e-11,1.7597318021271167e-23
8,9,F,2p⁵→2p⁴3s,lower,1,4,3.479551336760886e-11,5.953477104713381e-12,0.0,29060889517.25812,2.8372734878595532e-11,4.020501730555308e-11,8.765064142437103e-24
8,9,F,2p⁵→2p⁴3s,lower,1,5,3.479551336760886e-11,5.953477104713381e-12,0.0,29060889517.258747,2.835085600117936e-11,4.022044834448378e-11,8.765064142438767e-24
8,9,F,2p⁵→2p⁴3s,lower,1,6,3.74243539300712e-11,5.953477104713381e-12,0.0,26978335385.376026,3.0999705063103884e-11,4.289735213468359e-11,8.778387264374292e-24
8,9,F,2p⁵→2p⁴3s,lower,1,7,3.618537362190025e-11,5.953477104713381e-12,0.0,27920966762.239937,2.974422204398597e-11,4.16418513434632e-11,8.772482208775926e-24
8,9,F,2p⁵→2p⁴3s,lower,1,8,3.618537362190026e-11,5.953477104713381e-12,0.0,27920966762.239723,2.9760522023664474e-11,4.163020366503162e-11,8.772482208775303e-24
8,9,F,2p⁵→2p⁴3s,lower,2,3,6.167555833992316e-11,6.167555833992316e-11,-1.0,933216387135628.1,5.953477104713381e-18,6.167555833992316e-11,3.6036324843405526e-22
8,9,F,2p⁵→2p⁴3s,lower,2,4,4.6111305392651993e-11,3.083777916996158e-11,0.0,25829010266.3203,2.659844968230263e-11,5.312122463108553e-11,8.607224100858337e-23
8,9,F,2p⁵→2p⁴3s,lower,2,5,4.6111305392651993e-11,3.083777916996158e-11,0.0,22856356109.999176,3.2696467616736304e-11,5.642203448491155e-11,6.941643279714028e-23
8,9,F,2p⁵→2p⁴3s,lower,2,6,4.81259493577239e-11,3.083777916996158e-11,0.0,19934249650.27657,3.957793589326003e-11,6.200957919950911e-11,6.231756729523474e-23
8,9,F,2p⁵→2p⁴3s,lower,2,7,4.71689092374997e-11,3.083777916996158e-11,0.0,18996134799.540627,4.279875036978253e-11,6.35064804130916e-11,5.321746014798908e-23
8,9,F,2p⁵→2p⁴3s,lower,2,8,4.7168909237499704e-11,3.083777916996158e-11,0.0,35721973040.050354,1.307775965720735e-11,4.870695862908201e-11,1.481650078414878e-22
8,9,F,2p⁵→2p⁴3s,lower,3,4,4.6111305392651993e-11,3.083777916996158e-11,0.0,49030143935.0728,5.284567042836131e-12,4.6285134002555204e-11,1.81795698798703e-22
8,9,F,2p⁵→2p⁴3s,lower,3,5,4.6111305392651993e-11,3.083777916996158e-11,0.0,25829010266.320312,2.659844968230263e-11,5.312122463108553e-11,8.60722410085834e-23
8,9,F,2p⁵→2p⁴3s,lower,3,6,4.81259493577239e-11,3.083777916996158e-11,0.0,17816069325.1937,4.651298773288122e-11,6.665007825027928e-11,5.038525028127145e-23
8,9,F,2p⁵→2p⁴3s,lower,3,7,4.71689092374997e-11,3.083777916996158e-11,0.0,29383379479.743187,2.0414184844185752e-11,5.1167166856256646e-11,1.1399255730557537e-22
8,9,F,2p⁵→2p⁴3s,lower,3,8,4.7168909237499704e-11,3.083777916996158e-11,0.0,18996134799.540634,4.279875036978254e-11,6.35064804130916e-11,5.321746014798909e-23
8,9,F,2p⁵→2p⁴3s,lower,4,5,5.937888162164476e-11,5.1423619932653285e-11,-0.49999999999999983,32049133753.735752,1.1725275906460518e-11,6.052547957447282e-11,2.699042047434595e-22
8,9,F,2p⁵→2p⁴3s,lower,4,6,6.17015499816786e-11,5.2756302818302346e-11,-0.5000000000000004,24021317243.07949,2.3031655917509155e-11,6.580603520764117e-11,2.1834680484910632e-22
8,9,F,2p⁵→2p⁴3s,lower,4,7,6.99746725965848e-11,6.99746725965848e-11,-1.0,48146154436.194374,1.4098460197137393e-12,6.997467259658479e-11,4.609011637160065e-22
8,9,F,2p⁵→2p⁴3s,lower,4,8,3.500863394363291e-11,1.6436283634360892e-11,0.49999999999999983,15541496020.393446,5.968373595895923e-11,6.917922464742394e-11,1.1259053525097613e-23
8,9,F,2p⁵→2p⁴3s,lower,5,6,6.170154998167859e-11,5.275630281830232e-11,-0.4999999999999997,30622785779.705643,1.2460944357399382e-11,6.28907960652827e-11,2.8882438949249826e-22
8,9,F,2p⁵→2p⁴3s,lower,5,7,3.5008633943632905e-11,1.6436283634360892e-11,0.49999999999999983,22016018886.282433,3.897043245506135e-11,5.2367083082166046e-11,2.2342964766783367e-23
8,9,F,2p⁵→2p⁴3s,lower,5,8,6.99746725965848e-11,6.99746725965848e-11,-0.9999999999999999,48146154436.19434,1.4098460197137486e-12,6.997467259658481e-11,4.609011637160074e-22
8,9,F,2p⁵→2p⁴3s,lower,6,7,3.6336290962436396e-11,1.9101649405658965e-11,0.5000000000000004,32236385936.478622,2.1549235819473697e-11,4.222699699793377e-11,5.23736501627591e-23
8,9,F,2p⁵→2p⁴3s,lower,6,8,3.633629096243642e-11,1.910164940565898e-11,0.4999999999999997,21209841056.50319,4.045000828492315e-11,5.435947830241357e-11,2.408621679792433e-23
8,9,F,2p⁵→2p⁴3s,lower,7,8,6.182080655863772e-11,5.35383889622239e-11,-0.49999999999999983,30783191374.804825,1.2207471644190137e-11,6.301455774266936e-11,2.9256000648698336e-22
8,9,F,2p⁵→2p⁴3s,upper,0,1,1.190260344311095e-11,1.190260344311095e-11,-1.0,574162300024.1099,4.1540379169606757e-13,1.1441516796447143e-11,1.6000376251412793e-23
8,9,F,2p⁵→2p⁴3s,upper,0,2,2.3735704864538805e-11,-2.3735704864538805e-11,1.0,34032499553.679546,2.373683820463108e-11,3.5634829158520026e-11,1.756665544159286e-23
8,9,F,2p⁵→2p⁴3s,upper,0,3,3.608306152059601e-11,3.608306152059601e-11,-1.0,33516834600.705093,2.4193340596737766e-11,3.607625128212996e-11,1.7570638868711742e-23
8,9,F,2p⁵→2p⁴3s,upper,0,4,3.317123078124114e-11,5.949939600508201e-12,0.0,30518011587.635784,2.6776947024061516e-11,3.851825815318393e-11,8.744867710084364e-24
8,9,F,2p⁵→2p⁴3s,upper,0,5,3.4710899913464634e-11,5.949939600508201e-12,0.0,29132942236.829258,2.833991185338341e-11,4.008169833911205e-11,8.75429030174859e-24
8,9,F,2p⁵→2p⁴3s,upper,0,6,3.471089991346464e-11,5.949939600508201e-12,0.0,29132941258.052006,2.8634629097071566e-11,3.987168371260809e-11,8.754285299428043e-24
8,9,F,2p⁵→2p⁴3s,upper,0,7,3.539859508251347e-11,5.949939600508201e-12,0.0,28554537519.991325,2.9053543738355492e-11,4.076778953873951e-11,8.75809382778148e-24
8,9,F,2p⁵→2p⁴3s,upper,0,8,1.011269752746132e-10,-1.011269752746132e-10,1.0,9346302765.170462,1.011269752746132e-10,1.1301312286529523e-10,1.7690637565427597e-23
8,9,F,2p⁵→2p⁴3s,upper,1,2,3.5638308307649755e-11,3.5638308307649755e-11,-1.0,34032824052.641117,2.3743182503325507e-11,3.5631512357324807e-11,1.758262137353329e-23
8,9,F,2p⁵→2p⁴3s,upper,1,3,2.4180458077485062e-11,-2.4180458077485062e-11,1.0,33517144427.257824,2.4181587859175312e-11,3.6085028689981645e-11,1.7586612150633875e-23
8,9,F,2p⁵→2p⁴3s,upper,1,4,3.317171953812003e-11,5.952663842602748e-12,0.0,30517896165.814148,2.6965370115797303e-11,3.838742982734653e-11,8.752771838635474e-24
8,9,F,2p⁵→2p⁴3s,upper,1,5,3.47113669908849e-11,5.952663842602748e-12,0.0,29132841771.45911,2.877700099351404e-11,3.9769865609165344e-11,8.762212099241614e-24
8,9,F,2p⁵→2p⁴3s,upper,1,6,3.47113669908849e-11,5.952663842602748e-12,0.0,29132843180.827557,2.846727243072804e-11,3.999215419437287e-11,8.762219488044122e-24
8,9,F,2p⁵→2p⁴3s,upper,1,7,3.5399053086051345e-11,5.952663842602748e-12,0.0,28554444964.8962,2.894776751733608e-11,4.0843759309598623e-11,8.766034088439859e-24
8,9,F,2p⁵→2p⁴3s,upper,1,8,1.1302957871772416e-10,1.1302957871772416e-10,-1.0,9346309391.17365,1.0113960382029645e-10,1.1302957871772417e-10,1.770683155646306e-23
8,9,F,2p⁵→2p⁴3s,upper,2,3,5.981876638513481e-11,5.981876638513481e-11,-1.0,77381142332.04047,1.1358134953594834e-12,5.980965620713651e-11,3.4092594189104726e-22
8,9,F,2p⁵→2p⁴3s,upper,2,4,4.4115374390317034e-11,2.9685644465047004e-11,0.0,27008062476.82526,2.552265515372376e-11,5.077666905080015e-11,7.899807340235003e-23
8,9,F,2p⁵→2p⁴3s,upper,2,5,4.5284459573434675e-11,2.9685644465047004e-11,0.0,23261548109.261986,3.2217865409346464e-11,5.534775249439965e-11,6.633061928765406e-23
8,9,F,2p⁵→2p⁴3s,upper,2,6,4.5284459573434675e-11,2.9685644465047004e-11,0.0,21184558530.407333,3.7218241449447275e-11,5.840017423977347e-11,5.58468887575204e-23
8,9,F,2p⁵→2p⁴3s,upper,2,7,4.581371235635928e-11,2.9685644465047004e-11,0.0,19561503639.57602,4.164783151334285e-11,6.160317970812789e-11,4.998935619253737e-23
8,9,F,2p⁵→2p⁴3s,upper,2,8,7.73912704100744e-11,-7.73912704100744e-11,1.0,9526730425.370378,7.739127041007439e-11,1.3676255934016842e-10,4.341853450899748e-22
8,9,F,2p⁵→2p⁴3s,upper,3,4,4.44177195153414e-11,3.013312192008781e-11,0.0,52361980053.22497,4.85645564488163e-12,4.455869841670157e-11,1.714619354788122e-22
8,9,F,2p⁵→2p⁴3s,upper,3,5,4.55790503214332e-11,3.013312192008781e-11,0.0,26109227807.520367,2.6366084284005193e-11,5.248665041972534e-11,8.36090547432765e-23
8,9,F,2p⁵→2p⁴3s,upper,3,6,4.55790503214332e-11,3.013312192008781e-11,0.0,18793804543.47639,4.403854515071197e-11,6.324813827954597e-11,4.584729763504109e-23
8,9,F,2p⁵→2p⁴3s,upper,3,7,4.610492152923512e-11,3.013312192008781e-11,0.0,30059642346.042168,1.9973044582977544e-11,5.000630002850281e-11,1.0888327292061174e-22
8,9,F,2p⁵→2p⁴3s,upper,3,8,1.3721003679520923e-10,1.3721003679520923e-10,-1.0,9532701969.759787,7.69437929550336e-11,1.3721003679520923e-10,4.471695872852002e-22
8,9,F,2p⁵→2p⁴3s,upper,4,5,5.788209958052522e-11,4.973181937336689e-11,-0.49999999999999983,32788362293.661507,1.1532075203944962e-11,5.899898667369108e-11,2.555703808609111e-22
8,9,F,2p⁵→2p⁴3s,upper,4,6,5.7882099580525223e-11,4.9731819373366906e-11,-0.5000000000000004,25639243215.228203,2.162435725843046e-11,6.170372112773649e-11,1.9286649188135431e-22
8,9,F,2p⁵→2p⁴3s,upper,4,7,6.752821383420297e-11,6.752821383420297e-11,-1.0,41060811525.418686,5.222986157039501e-12,6.736390325182177e-11,4.236537844227961e-22
8,9,F,2p⁵→2p⁴3s,upper,4,8,1.1193924454572069e-10,3.2633246395243364e-11,0.0,9234686418.610006,7.450081634704728e-11,1.3967969538396358e-10,2.5738179226906287e-22
8,9,F,2p⁵→2p⁴3s,upper,5,6,5.923119427006845e-11,5.129571893437056e-11,-0.4999999999999997,32125617032.16301,1.2404454369602424e-11,6.023339600172315e-11,2.685580638181068e-22
8,9,F,2p⁵→2p⁴3s,upper,5,7,3.45513422238605e-11,1.6749662236767244e-11,0.49999999999999983,22302167614.17836,3.850836551324623e-11,5.166880530314565e-11,2.1805311804275975e-23
8,9,F,2p⁵→2p⁴3s,upper,5,8,1.1240511772480318e-10,3.4197145956247047e-11,0.0,9224851620.775576,7.294093840535958e-11,1.4124248824627549e-10,2.8169265316013104e-22
8,9,F,2p⁵→2p⁴3s,upper,6,7,3.455134222386048e-11,1.674966223676723e-11,0.5000000000000004,33910007188.203823,2.048467916065831e-11,4.0152253284127474e-11,4.7443667885897124e-23
8,9,F,2p⁵→2p⁴3s,upper,6,8,1.1240511772480318e-10,3.4197145956247047e-11,0.0,9224851620.720247,7.297912293802197e-11,1.4122276231773262e-10,2.816926531565601e-22
8,9,F,2p⁵→2p⁴3s,upper,7,8,1.1261937866877106e-10,3.4894967438959606e-11,0.0,9220338117.373812,7.247277238075692e-11,1.418236445975321e-10,2.92850487747553e-22
9,10,Ne,2p⁶→2p⁵3s,lower,0,1,1.0707843352765459e-11,1.0707843352765459e-11,-1.0,4150877661738221.0,5.3539216763827294e-18,1.07013204239112e-11,1.0897595548101353e-23
9,10,Ne,2p⁶→2p⁵3s,lower,0,2,2.2477311354562518e-11,-2.2477311354562518e-11,1.0,36270377448.96016,2.2477311354562515e-11,3.3185154707327975e-11,1.4232169903382526e-23
9,10,Ne,2p⁶→2p⁵3s,lower,0,3,3.3185154707327975e-11,3.3185154707327975e-11,-1.0,36270377448.960175,2.2477311354562515e-11,3.3185154707327975e-11,1.4232169903382544e-23
9,10,Ne,2p⁶→2p⁵3s,lower,0,4,3.169613918732911e-11,5.353921676382729e-12,0.0,31893452553.089886,2.5894637542623682e-11,3.6589045154270216e-11,7.090579177106294e-24
9,10,Ne,2p⁶→2p⁵3s,lower,0,5,3.169613918732911e-11,5.353921676382729e-12,0.0,31893452553.08959,2.5906427297811005e-11,3.6580698509300144e-11,7.090579177105776e-24
9,10,Ne,2p⁶→2p⁵3s,lower,0,6,3.169613918732911e-11,5.353921676382729e-12,0.0,31893452553.088394,2.598860553789677e-11,3.6522361108787614e-11,7.090579177103428e-24
9,10,Ne,2p⁶→2p⁵3s,lower,0,7,3.1696139187329117e-11,5.353921676382729e-12,0.0,31893452553.08893,2.5938784519628785e-11,3.6557761643860904e-11,7.090579177104433e-24
9,10,Ne,2p⁶→2p⁵3s,lower,0,8,3.169613918732911e-11,5.353921676382729e-12,0.0,31893452553.09001,2.5891688141990508e-11,3.659113231266545e-11,7.09057917710658e-24
9,10,Ne,2p⁶→2p⁵3s,lower,0,9,3.1696139187329117e-11,5.353921676382729e-12,0.0,31893452553.08929,2.5915261383133203e-11,3.6574440613753293e-11,7.090579177105117e-24
9,10,Ne,2p⁶→2p⁵3s,lower,1,2,3.3185154707327975e-11,3.3185154707327975e-11,-1.0,36270377448.960175,2.2477311354562515e-11,3.3185154707327975e-11,1.4232169903382544e-23
9,10,Ne,2p⁶→2p⁵3s,lower,1,3,2.2477311354562518e-11,-2.2477311354562518e-11,1.0,36270377448.960144,2.247731135456252e-11,3.3185154707327975e-11,1.4232169903382523e-23
9,10,Ne,2p⁶→2p⁵3s,lower,1,4,3.169613918732911e-11,5.353921676382729e-12,0.0,31893452553.08892,2.593878451962878e-11,3.65577616438609e-11,7.090579177104424e-24
9,10,Ne,2p⁶→2p⁵3s,lower,1,5,3.169613918732911e-11,5.353921676382729e-12,0.0,31893452553.088596,2.5953461106031846e-11,3.654734375276504e-11,7.09057917710383e-24
9,10,Ne,2p⁶→2p⁵3s,lower,1,6,3.169613918732911e-11,5.353921676382729e-12,0.0,31893452553.088406,2.598860553789677e-11,3.6522361108787614e-11,7.090579177103425e-24
9,10,Ne,2p⁶→2p⁵3s,lower,1,7,3.1696139187329117e-11,5.353921676382729e-12,0.0,31893452553.08831,2.60090548683093e-11,3.6507801133762604e-11,7.090579177103287e-24
9,10,Ne,2p⁶→2p⁵3s,lower,1,8,3.169613918732911e-11,5.353921676382729e-12,0.0,31893452553.088406,2.5988605537896774e-11,3.6522361108787614e-11,7.090579177103429e-24
9,10,Ne,2p⁶→2p⁵3s,lower,1,9,3.1696139187329117e-11,5.353921676382729e-12,0.0,31893452553.088608,2.595346110603185e-11,3.6547343752765044e-11,7.09057917710383e-24
9,10,Ne,2p⁶→2p⁵3s,lower,2,3,5.5662466061890494e-11,5.5662466061890494e-11,-1.0,1037721798608084.2,5.3539216763827294e-18,5.5662466061890494e-11,2.9352101481236803e-22
9,10,Ne,2p⁶→2p⁵3s,lower,2,4,4.183967368525329e-11,2.7831233030945247e-11,0.0,47393275055.819984,7.360648315252135e-12,4.234516543108775e-11,1.3735018433697778e-22
9,10,Ne,2p⁶→2p⁵3s,lower,2,5,4.18396736852533e-11,2.7831233030945247e-11,0.0,20970449580.039948,3.9079805654098943e-11,5.71503727173105e-11,4.054668581149536e-23
9,10,Ne,2p⁶→2p⁵3s,lower,2,6,4.18396736852533e-11,2.7831233030945247e-11,0.0,29267985035.355972,2.2966220441598666e-11,4.760652448076281e-11,7.412161131841784e-23
9,10,Ne,2p⁶→2p⁵3s,lower,2,7,4.1839673685253305e-11,2.7831233030945247e-11,0.0,25186666752.66799,2.968318291905022e-11,5.1186182119505264e-11,5.702192657949497e-23
9,10,Ne,2p⁶→2p⁵3s,lower,2,8,4.18396736852533e-11,2.7831233030945247e-11,0.0,29267985035.355972,2.2966220441598647e-11,4.760652448076281e-11,7.412161131841792e-23
9,10,Ne,2p⁶→2p⁵3s,lower,2,9,4.1839673685253305e-11,2.7831233030945247e-11,0.0,20970449580.039948,3.907980565409895e-11,5.715037271731051e-11,4.054668581149534e-23
9,10,Ne,2p⁶→2p⁵3s,lower,3,4,4.183967368525329e-11,2.7831233030945247e-11,0.0,32118724128.45512,1.923620284931972e-11,4.5923473211697965e-11,8.614315832902451e-23
9,10,Ne,2p⁶→2p⁵3s,lower,3,5,4.18396736852533e-11,2.7831233030945247e-11,0.0,20970449580.039944,3.9079805654098943e-11,5.715037271731051e-11,4.0546685811495314e-23
9,10,Ne,2p⁶→2p⁵3s,lower,3,6,4.18396736852533e-11,2.7831233030945247e-11,0.0,20970449580.039944,3.9079805654098943e-11,5.71503727173105e-11,4.0546685811495343e-23
9,10,Ne,2p⁶→2p⁵3s,lower,3,7,4.1839673685253305e-11,2.7831233030945247e-11,0.0,21662848076.233086,3.731154240113122e-11,5.5956099650679544e-11,4.312466138112249e-23
9,10,Ne,2p⁶→2p⁵3s,lower,3,8,4.18396736852533e-11,2.7831233030945247e-11,0.0,20470379505.010777,4.0423654103644164e-11,5.807758347982837e-11,3.872174754231428e-23
9,10,Ne,2p⁶→2p⁵3s,lower,3,9,4.1839673685253305e-11,2.7831233030945247e-11,0.0,29267985035.355946,2.2966220441598663e-11,4.760652448076282e-11,7.412161131841791e-23
9,10,Ne,2p⁶→2p⁵3s,lower,4,5,5.4110463740362615e-11,4.6861036209710755e-11,-0.4999999999999998,36394906913.1918,9.653904375213603e-12,5.49648993074932e-11,2.3061856006419676e-22
9,10,Ne,2p⁶→2p⁵3s,lower,4,6,5.4110463740362634e-11,4.686103620971078e-11,-0.5000000000000004,28554270765.034286,1.8362817327474367e-11,5.714136283288396e-11,1.7822510867042965e-22
9,10,Ne,2p⁶→2p⁵3s,lower,4,7,6.24813816129477e-11,6.24813816129477e-11,-1.0,1037715159977246.6,5.3539216763827294e-18,6.248138161294769e-11,3.6984143239385154e-22
9,10,Ne,2p⁶→2p⁵3s,lower,4,8,3.124069080647385e-11,1.5620345403236925e-11,0.4999999999999998,17938321343.17093,5.1462109140024506e-11,6.020240393211465e-11,9.538113447329486e-24
9,10,Ne,2p⁶→2p⁵3s,lower,4,9,3.124069080647384e-11,1.562034540323691e-11,0.5000000000000004,17176028753.61152,5.4110463740362634e-11,6.24813816129477e-11,8.750560182431781e-24
9,10,Ne,2p⁶→2p⁵3s,lower,5,6,5.411046374036262e-11,4.686103620971076e-11,-0.49999999999999983,36394906913.19179,9.653904375213603e-12,5.496489930749321e-11,2.3061856006419657e-22
9,10,Ne,2p⁶→2p⁵3s,lower,5,7,3.124069080647385e-11,1.5620345403236925e-11,0.4999999999999998,26368394073.475906,3.1805332581291764e-11,4.4582058528877733e-11,2.029804685116934e-23
9,10,Ne,2p⁶→2p⁵3s,lower,5,8,6.248138161294769e-11,6.248138161294769e-11,-0.9999999999999999,1037715159977246.8,5.3539216763827294e-18,6.24813816129477e-11,3.698414323938518e-22
9,10,Ne,2p⁶→2p⁵3s,lower,5,9,3.124069080647385e-11,1.5620345403236922e-11,0.49999999999999983,17938321343.17092,5.1462109140024506e-11,6.020240393211466e-11,9.538113447329488e-24
9,10,Ne,2p⁶→2p⁵3s,lower,6,7,3.124069080647384e-11,1.5620345403236912e-11,0.5000000000000004,39679517654.87909,1.6721052869281435e-11,3.543408487774172e-11,4.269192580699917e-23
9,10,Ne,2p⁶→2p⁵3s,lower,6,8,3.124069080647385e-11,1.5620345403236928e-11,0.49999999999999983,26368394073.4759,3.1805332581291764e-11,4.458205852887773e-11,2.029804685116933e-23
9,10,Ne,2p⁶→2p⁵3s,lower,6,9,6.24813816129477e-11,6.24813816129477e-11,-1.0000000000000002,1037715159977247.6,5.3539216763827294e-18,6.248138161294769e-11,3.6984143239385164e-22
9,10,Ne,2p⁶→2p⁵3s,lower,7,8,5.411046374036263e-11,4.686103620971077e-11,-0.4999999999999998,36394906913.19179,9.653904375213603e-12,5.4964899307493214e-11,2.306185600641966e-22
9,10,Ne,2p⁶→2p⁵3s,lower,7,9,5.411046374036264e-11,4.686103620971079e-11,-0.5000000000000004,28554270765.03427,1.836281732747437e-11,5.7141362832883965e-11,1.7822510867042953e-22
9,10,Ne,2p⁶→2p⁵3s,lower,8,9,5.411046374036263e-11,4.686103620971076e-11,-0.49999999999999983,36394906913.19181,9.653904375213603e-12,5.4964899307493214e-11,2.306185600641967e-22
9,10,Ne,2p⁶→2p⁵3s,upper,0,1,1.070430279777642e-11,1.070430279777642e-11,-1.0,100051752608103.05,2.0010227844506114e-15,1.0180396947001728e-11,1.3872287472604434e-23
9,10,Ne,2p⁶→2p⁵3s,upper,0,2,2.1490285005001914e-11,-2.1490285005001914e-11,1.0,37634526264.02424,2.149028500500191e-11,3.219258677999388e-11,1.420999541910722e-23
9,10,Ne,2p⁶→2p⁵3s,upper,0,3,3.2544926200312027e-11,3.2544926200312027e-11,-1.0,37137070088.27735,2.1842624425320052e-11,3.2544926200312027e-11,1.421277900087276e-23
9,10,Ne,2p⁶→2p⁵3s,upper,0,4,3.0023562618565014e-11,5.351150887495985e-12,0.0,33712215461.550537,2.4307226997486127e-11,3.4813608550600874e-11,7.074422562620392e-24
9,10,Ne,2p⁶→2p⁵3s,upper,0,5,3.0023562618565014e-11,5.351150887495985e-12,0.0,33712213043.42461,2.4543022528816258e-11,3.464778015648054e-11,7.074414447660735e-24
9,10,Ne,2p⁶→2p⁵3s,upper,0,6,3.1716916029775204e-11,5.351150887495985e-12,0.0,31871739975.632324,2.622518249281133e-11,3.638908253993721e-11,7.083424444328251e-24
9,10,Ne,2p⁶→2p⁵3s,upper,0,7,3.0976455693413625e-11,5.351150887495985e-12,0.0,32650916353.73768,2.5274344577807437e-11,3.578112799807032e-11,7.079675567256434e-24
9,10,Ne,2p⁶→2p⁵3s,upper,0,8,3.0976455693413625e-11,5.351150887495985e-12,0.0,32650916353.737648,2.5274344577807527e-11,3.5781127998070275e-11,7.07967556725645e-24
9,10,Ne,2p⁶→2p⁵3s,upper,0,9,9.438140174226523e-11,-9.438140174226523e-11,1.0,10034044616.223448,9.439517492611958e-11,1.0508370351725722e-10,1.43096758590991e-23
9,10,Ne,2p⁶→2p⁵3s,upper,1,2,3.219458780277833e-11,3.219458780277833e-11,-1.0,37634816091.2301,2.148828398221746e-11,3.219458780277833e-11,1.4220543897461995e-23
9,10,Ne,2p⁶→2p⁵3s,upper,1,3,2.1840623402535603e-11,-2.1840623402535603e-11,1.0,37137348461.96147,2.18406234025356e-11,3.2546927223096476e-11,1.422333167317767e-23
9,10,Ne,2p⁶→2p⁵3s,upper,1,4,3.002391932883987e-11,5.3531519102804365e-12,0.0,33712115462.162792,2.4225478073468063e-11,3.487115822339842e-11,7.079654876991575e-24
9,10,Ne,2p⁶→2p⁵3s,upper,1,5,3.002391932883987e-11,5.3531519102804365e-12,0.0,33712115462.162807,2.422547807346786e-11,3.487115822339847e-11,7.079654876991573e-24
9,10,Ne,2p⁶→2p⁵3s,upper,1,6,3.171725369564019e-11,5.3531519102804365e-12,0.0,31871654458.059776,2.622332219360324e-11,3.639101176276474e-11,7.088666742086111e-24
9,10,Ne,2p⁶→2p⁵3s,upper,1,7,3.097680143074503e-11,5.3531519102804365e-12,0.0,32650823217.287994,2.5506753546038845e-11,3.561642847480991e-11,7.084907655989132e-24
9,10,Ne,2p⁶→2p⁵3s,upper,1,8,3.097680143074503e-11,5.3531519102804365e-12,0.0,32650822873.908176,2.550675354603864e-11,3.5616428474810035e-11,7.084906363165564e-24
9,10,Ne,2p⁶→2p⁵3s,upper,1,9,1.0508570454004165e-10,1.0508570454004165e-10,-1.0,10034050031.849295,9.439317934542242e-11,1.0508570454004166e-10,1.4320374061351395e-23
9,10,Ne,2p⁶→2p⁵3s,upper,2,3,5.403521120531394e-11,5.403521120531394e-11,-1.0,178667395698.20944,3.523394203181381e-13,5.403521120531395e-11,2.8015892926854254e-22
9,10,Ne,2p⁶→2p⁵3s,upper,2,4,3.991543783126047e-11,2.6841435892497898e-11,0.0,28317810620.322044,2.5293193956749643e-11,4.7085053615946016e-11,5.903149822135522e-23
9,10,Ne,2p⁶→2p⁵3s,upper,2,5,3.991543783126047e-11,2.6841435892497898e-11,0.0,28317810620.322124,2.529319395674955e-11,4.708505361594586e-11,5.903149822135559e-23
9,10,Ne,2p⁶→2p⁵3s,upper,2,6,4.1204254967055733e-11,2.6841435892497898e-11,0.0,22003768983.20485,3.676807759161068e-11,5.504669478038746e-11,4.145104737326418e-23
9,10,Ne,2p⁶→2p⁵3s,upper,2,7,4.0637035722064454e-11,2.6841435892497898e-11,0.0,21079880869.59282,3.9320937967872885e-11,5.634774476375591e-11,3.6431156974789456e-23
9,10,Ne,2p⁶→2p⁵3s,upper,2,8,4.0637035722064454e-11,2.6841435892497898e-11,0.0,57048776525.71833,4.736717744206436e-12,4.0637035722064474e-11,1.4259491610335017e-22
9,10,Ne,2p⁶→2p⁵3s,upper,2,9,7.289111673726332e-11,-7.289111673726332e-11,1.0,10216176845.373579,7.289111673726333e-11,1.265739885222591e-10,3.552784099976111e-22
9,10,Ne,2p⁶→2p⁵3s,upper,3,4,4.015321795639882e-11,2.719377531281604e-11,0.0,61863182440.82276,3.784194456719126e-12,4.0153217956398846e-11,1.4409359148747115e-22
9,10,Ne,2p⁶→2p⁵3s,upper,3,5,4.015321795639882e-11,2.719377531281604e-11,0.0,28157903935.081867,2.542180431828772e-11,4.7373293313481427e-11,5.989634007531345e-23
9,10,Ne,2p⁶→2p⁵3s,upper,3,6,4.1434639643455154e-11,2.719377531281604e-11,0.0,20350607070.054813,4.092945912844854e-11,5.809903220703198e-11,3.664053233763873e-23
9,10,Ne,2p⁶→2p⁵3s,upper,3,7,4.087061789683625e-11,2.719377531281604e-11,0.0,29962603512.669308,2.253396645020221e-11,4.6455293798093385e-11,7.073754778969092e-23
9,10,Ne,2p⁶→2p⁵3s,upper,3,8,4.087061789683625e-11,2.719377531281604e-11,0.0,20955608630.438797,3.9544829526788075e-11,5.6693105578994934e-11,3.6952311221660306e-23
9,10,Ne,2p⁶→2p⁵3s,upper,3,9,1.2692632794257725e-10,1.2692632794257725e-10,-1.0,10221403809.840588,7.256154971028647e-11,1.2691331074109465e-10,3.6453081972819595e-22
9,10,Ne,2p⁶→2p⁵3s,upper,4,5,5.1169702847196954e-11,4.431426256977348e-11,-0.49999999999999983,38495956271.351585,9.129240151502077e-12,5.197770209632436e-11,2.0624094078177179e-22
9,10,Ne,2p⁶→2p⁵3s,upper,4,6,5.266576678704606e-11,4.517396408666421e-11,-0.5000000000000004,29294724982.371494,1.7945580260517805e-11,5.561268286426799e-11,1.6821243851946879e-22
9,10,Ne,2p⁶→2p⁵3s,upper,4,7,6.005359377709036e-11,6.005359377709036e-11,-1.0,84678825004.49428,9.679103507257085e-13,6.005359377709036e-11,3.4356013973527996e-22
9,10,Ne,2p⁶→2p⁵3s,upper,4,8,3.0038494789540105e-11,1.4287465681228311e-11,0.49999999999999983,18662864966.959824,4.946553387845416e-11,5.786374824235556e-11,8.806119231473911e-24
9,10,Ne,2p⁶→2p⁵3s,upper,4,9,1.040161600451499e-10,2.954284171318232e-11,0.0,9920714835.725533,7.021527777059912e-11,1.2926150961780573e-10,2.1134081677466484e-22
9,10,Ne,2p⁶→2p⁵3s,upper,5,6,5.266576678704605e-11,4.517396408666419e-11,-0.4999999999999997,37216923681.02511,9.547249019854576e-12,5.349651024433337e-11,2.1728856561018366e-22
9,10,Ne,2p⁶→2p⁵3s,upper,5,7,3.0038494789540105e-11,1.428746568122831e-11,0.49999999999999983,27427863609.822224,3.058084947179794e-11,4.2855135902140945e-11,1.8733153984729467e-23
9,10,Ne,2p⁶→2p⁵3s,upper,5,8,6.005359377709036e-11,6.005359377709036e-11,-0.9999999999999999,84678825004.49423,9.679103507257075e-13,6.005359377709038e-11,3.435601397352799e-22
9,10,Ne,2p⁶→2p⁵3s,upper,5,9,1.040161600451499e-10,2.954284171318232e-11,0.0,9920714835.687832,7.041929215382966e-11,1.2915047964924505e-10,2.1134081677267595e-22
9,10,Ne,2p⁶→2p⁵3s,upper,6,7,3.089335429649082e-11,1.6006868715009716e-11,0.5000000000000004,40115123174.26541,1.6547327245520194e-11,3.50378172466004e-11,4.16846497593812e-23
9,10,Ne,2p⁶→2p⁵3s,upper,6,8,3.089335429649084e-11,1.6006868715009738e-11,0.4999999999999997,26667159743.21829,3.145139087222059e-11,4.407975256546982e-11,1.9829465085668876e-23
9,10,Ne,2p⁶→2p⁵3s,upper,6,9,1.0451751049784506e-10,3.1262244746963745e-11,0.0,9908497495.483316,6.915864201509702e-11,1.3063269971933506e-10,2.35741525880503e-22
9,10,Ne,2p⁶→2p⁵3s,upper,7,8,5.28461727518257e-11,4.5766128095862047e-11,-0.49999999999999983,37274726638.66065,9.428340898908033e-12,5.368064443187906e-11,2.199764410593044e-22
9,10,Ne,2p⁶→2p⁵3s,upper,7,9,1.0429519665619007e-10,3.0510752063908033e-11,0.0,9913909930.417505,6.946219467543024e-11,1.3011525507018518e-10,2.249311125036877e-22
9,10,Ne,2p⁶→2p⁵3s,upper,8,9,1.0429519665619007e-10,3.0510752063908033e-11,0.0,9913909930.485811,6.924857397093261e-11,1.3022907161651346e-10,2.2493111250727415e-22
10,11,Na,3s→3p,lower,0,1,9.725491930824517e-12,9.725491930824517e-12,-1.0,833511627173.3389,2.777257721934387e-13,9.33154118233699e-12,1.0817023081606291e-23
10,11,Na,3s→3p,lower,0,2,1.9671998535462456e-11,-1.9671998535462456e-11,1.0,41169060369.45267,1.96775610688837e-11,2.939225188949759e-11,1.1731853447054184e-23
10,11,Na,3s→3p,lower,0,3,2.968136421478378e-11,2.968136421478378e-11,-1.0,40686215362.038574,1.995800408037673e-11,2.9680949699117505e-11,1.1733869762409593e-23
10,11,Na,3s→3p,lower,0,4,2.7640572776759746e-11,4.861988301797511e-12,0.0,36606992634.54485,2.2807508424713762e-11,3.1746182232062386e-11,5.842011177166467e-24
10,11,Na,3s→3p,lower,0,5,2.7640572776759746e-11,4.861988301797511e-12,0.0,36606996605.28655,2.2382414645537937e-11,3.204730942668841e-11,5.842021586535841e-24
10,11,Na,3s→3p,lower,0,6,2.7640572776759752e-11,4.861988301797511e-12,0.0,36606993669.616646,2.2681287458983645e-11,3.183648419749989e-11,5.842013946881913e-24
10,11,Na,3s→3p,lower,0,7,2.7640572776759752e-11,4.861988301797511e-12,0.0,36606994224.54727,2.2551735187406656e-11,3.192838497155455e-11,5.842015360395996e-24
10,11,Na,3s→3p,lower,0,8,2.764057277675975e-11,4.861988301797511e-12,0.0,36606995354.73772,2.2465954484591892e-11,3.1988801414728704e-11,5.8420183232108246e-24
10,11,Na,3s→3p,lower,0,9,2.7640572776759752e-11,4.861988301797511e-12,0.0,36606993314.08868,2.2745932086037773e-11,3.179033029699541e-11,5.8420130038659644e-24
10,11,Na,3s→3p,lower,0,10,8.871896556439444e-11,-8.871896556439444e-11,1.0,10693157238.761862,8.871937870454992e-11,9.843540410595184e-11,1.1813480352984777e-23
10,11,Na,3s→3p,lower,1,2,2.9397490466286973e-11,2.9397490466286973e-11,-1.0,41169321356.180824,1.9671101669526425e-11,2.9397076631324466e-11,1.1739112459008268e-23
10,11,Na,3s→3p,lower,1,3,1.9955872283959262e-11,-1.9955872283959262e-11,1.0,40686467184.45372,1.9961421217021585e-11,2.967914822760256e-11,1.17411313059526e-23
10,11,Na,3s→3p,lower,1,4,2.7640839363704117e-11,4.863503629027007e-12,0.0,36606904496.25664,2.2574208685602972e-11,3.1912961374323066e-11,5.845613487551798e-24
10,11,Na,3s→3p,lower,1,5,2.7640839363704114e-11,4.863503629027007e-12,0.0,36606904284.876495,2.2591072849039362e-11,3.190102551626807e-11,5.845612916440945e-24
10,11,Na,3s→3p,lower,1,6,2.7640839363704123e-11,4.863503629027007e-12,0.0,36606904939.36461,2.274823098056347e-11,3.178914891460805e-11,5.845614724796585e-24
10,11,Na,3s→3p,lower,1,7,2.7640839363704123e-11,4.863503629027007e-12,0.0,36606906397.75466,2.2444704314996045e-11,3.200417550371498e-11,5.84561848259823e-24
10,11,Na,3s→3p,lower,1,8,2.7640839363704117e-11,4.863503629027007e-12,0.0,36606906646.891,2.2412913464613115e-11,3.20264470631376e-11,5.845619105994155e-24
10,11,Na,3s→3p,lower,1,9,2.7640839363704123e-11,4.863503629027007e-12,0.0,36606906302.46972,2.265262726467138e-11,3.185734576935204e-11,5.845618325738831e-24
10,11,Na,3s→3p,lower,1,10,9.844445749521896e-11,9.844445749521896e-11,-1.0,10693161748.139065,8.872994607555193e-11,9.844445749521896e-11,1.1820841538133626e-23
10,11,Na,3s→3p,lower,2,3,4.935336275024624e-11,4.935336275024624e-11,-1.0,106138618980.26926,7.603218902390551e-13,4.934833099817218e-11,2.325458904506643e-22
10,11,Na,3s→3p,lower,2,4,3.663712384059892e-11,2.453398683725997e-11,0.0,29655901239.721645,2.476284232274727e-11,4.409589672672935e-11,4.6307189416668915e-23
10,11,Na,3s→3p,lower,2,5,3.663712384059891e-11,2.453398683725997e-11,0.0,32925524058.391567,2.077781762360509e-11,4.1912122672115484e-11,5.555024021924439e-23
10,11,Na,3s→3p,lower,2,6,3.663712384059892e-11,2.453398683725997e-11,0.0,23884631011.372845,3.443866772611911e-11,5.007546481347477e-11,3.101236004063674e-23
10,11,Na,3s→3p,lower,2,7,3.663712384059892e-11,2.453398683725997e-11,0.0,22914918953.701538,3.642092994376935e-11,5.15321118229452e-11,2.8649914251332483e-23
10,11,Na,3s→3p,lower,2,8,3.663712384059892e-11,2.453398683725997e-11,0.0,58315161149.891785,5.170347520657446e-12,3.68827899278197e-11,1.1115363416762574e-22
10,11,Na,3s→3p,lower,2,9,3.663712384059892e-11,2.453398683725997e-11,0.0,23884631011.37286,3.433987531734189e-11,5.0143264495094375e-11,3.101236004063693e-23
10,11,Na,3s→3p,lower,2,10,6.904696702893198e-11,-6.904696702893198e-11,1.0,10877009250.809116,6.904713444974966e-11,1.1811484283337375e-10,2.970342205432348e-22
10,11,Na,3s→3p,lower,3,4,3.682884404771156e-11,2.481937591298627e-11,0.0,68982555526.46414,3.4122260215479508e-12,3.6769055845053934e-11,1.222235343653353e-22
10,11,Na,3s→3p,lower,3,5,3.682884404771156e-11,2.481937591298627e-11,0.0,29507107015.255768,2.484621281007671e-11,4.4350938169421517e-11,4.6908840749612204e-23
10,11,Na,3s→3p,lower,3,6,3.682884404771156e-11,2.481937591298627e-11,0.0,22717305795.825996,3.679526960274059e-11,5.1920502210630886e-11,2.88235193352373e-23
10,11,Na,3s→3p,lower,3,7,3.682884404771156e-11,2.481937591298627e-11,0.0,30485924332.722977,2.3537145650044783e-11,4.3624740445920457e-11,4.9701123949209173e-23
10,11,Na,3s→3p,lower,3,8,3.682884404771156e-11,2.481937591298627e-11,0.0,22792258740.358433,3.662003407512733e-11,5.181002290161525e-11,2.9006288717464346e-23
10,11,Na,3s→3p,lower,3,9,3.682884404771156e-11,2.481937591298627e-11,0.0,26446063675.09686,2.953643460150735e-11,4.7125882281944076e-11,3.841920387786749e-23
10,11,Na,3s→3p,lower,3,10,1.184003297791782e-10,1.184003297791782e-10,-1.0,10881668247.242132,6.876264088704532e-11,1.183997124687057e-10,3.038897392104096e-22
10,11,Na,3s→3p,lower,4,5,4.7128409686107675e-11,4.0814400028129847e-11,-0.49999999999999983,43051459436.49542,8.124270357827775e-12,4.7671932366034807e-11,1.7899082887541304e-22
10,11,Na,3s→3p,lower,4,6,4.7128409686107695e-11,4.081440002812987e-11,-0.5000000000000004,33967294537.540493,1.4772052446824723e-11,4.9352590316680435e-11,1.4148275796656001e-22
10,11,Na,3s→3p,lower,4,7,5.441920003750648e-11,5.4419200037506484e-11,-1.0,1.0283895067794332e+16,4.861988301797511e-18,5.4419200037506484e-11,2.8542714408497455e-22
10,11,Na,3s→3p,lower,4,8,2.7209600018753242e-11,1.3604800009376623e-11,0.49999999999999983,21395448687.512703,4.287655021244218e-11,5.076961135638341e-11,7.802743899693399e-24
10,11,Na,3s→3p,lower,4,9,2.720960001875323e-11,1.3604800009376602e-11,0.5000000000000004,19896854273.84557,4.667456613089145e-11,5.3981956050719984e-11,6.756310724538776e-24
10,11,Na,3s→3p,lower,4,10,9.745643775393642e-11,2.7209600018753235e-11,0.0,10576850684.572771,6.651229560656336e-11,1.207130028311735e-10,1.7948800411105742e-22
10,11,Na,3s→3p,lower,5,6,4.7128409686107675e-11,4.0814400028129847e-11,-0.4999999999999997,43084404648.51563,7.665830183915914e-12,4.774779525748018e-11,1.7901127557322006e-22
10,11,Na,3s→3p,lower,5,7,2.7209600018753242e-11,1.3604800009376616e-11,0.49999999999999983,32156518699.35723,2.5491386474367337e-11,3.726882965084479e-11,1.728132812795221e-23
10,11,Na,3s→3p,lower,5,8,5.441920003750647e-11,5.441920003750647e-11,-0.9999999999999999,54704985907.469,3.106727418244243e-12,5.433044797782248e-11,2.785752695953863e-22
10,11,Na,3s→3p,lower,5,9,2.7209600018753245e-11,1.3604800009376621e-11,0.4999999999999997,21395448687.512688,4.291343311397492e-11,5.0738439607172646e-11,7.802743899693389e-24
10,11,Na,3s→3p,lower,5,10,9.745643775393642e-11,2.7209600018753232e-11,0.0,10576850684.543617,6.68861247888096e-11,1.2050626884154013e-10,1.7948800410978368e-22
10,11,Na,3s→3p,lower,6,7,2.7209600018753232e-11,1.360480000937661e-11,0.5000000000000004,47836575338.25609,1.3368163525283578e-11,3.023647220814014e-11,3.506038408634619e-23
10,11,Na,3s→3p,lower,6,8,2.7209600018753245e-11,1.3604800009376629e-11,0.4999999999999997,32156518699.3572,2.5553374882646495e-11,3.722635464339985e-11,1.7281328127952132e-23
10,11,Na,3s→3p,lower,6,9,5.4419200037506484e-11,5.4419200037506484e-11,-1.0,59081308413.82267,2.330600050299405e-12,5.436927106489186e-11,2.795557098797061e-22
10,11,Na,3s→3p,lower,6,10,9.745643775393642e-11,2.7209600018753242e-11,0.0,10576850684.57277,6.654903221711615e-11,1.206927538435469e-10,1.7948800411105763e-22
10,11,Na,3s→3p,lower,7,8,4.712840968610769e-11,4.0814400028129866e-11,-0.49999999999999983,43061637716.85563,7.927088043820343e-12,4.7705116911128123e-11,1.7899715403028048e-22
10,11,Na,3s→3p,lower,7,9,4.7128409686107695e-11,4.081440002812987e-11,-0.5000000000000004,33967312643.14941,1.4726005570484217e-11,4.9366349514582486e-11,1.414827816376143e-22
10,11,Na,3s→3p,lower,7,10,9.745643775393642e-11,2.7209600018753242e-11,0.0,10576850684.59362,6.651229560656327e-11,1.2071300283117352e-10,1.7948800411196857e-22
10,11,Na,3s→3p,lower,8,9,4.712840968610768e-11,4.0814400028129847e-11,-0.4999999999999997,43081233906.65126,7.69531285994595e-12,4.7743052524387594e-11,1.7900931107622815e-22
10,11,Na,3s→3p,lower,8,10,9.745643775393642e-11,2.7209600018753235e-11,0.0,10576850684.558544,6.663883859106e-11,1.2064319172919962e-10,1.794880041104357e-22
10,11,Na,3s→3p,lower,9,10,9.745643775393642e-11,2.7209600018753242e-11,0.0,10576850684.547665,6.678143554987967e-11,1.2056431638453818e-10,1.7948800410996078e-22
10,11,Na,3s→3p,upper,0,1,9.72609586829022e-12,9.72609586829022e-12,-1.0,833470582420.7635,2.7773888763883694e-13,9.332120646326129e-12,1.0818376089704936e-23
10,11,Na,3s→3p,upper,0,2,1.9942123536369793e-11,-1.9942123536369793e-11,1.0,40710153341.54352,1.994767259660518e-11,2.9664488732515275e-11,1.1738848570745633e-23
10,11,Na,3s→3p,upper,0,3,2.966821940466001e-11,2.966821940466001e-11,-1.0,40710153341.54361,1.9942740258700988e-11,2.9667804852345675e-11,1.1738848570745668e-23
10,11,Na,3s→3p,upper,0,4,2.7287675255214066e-11,4.86304793414511e-12,0.0,37092139810.224495,2.2449068162725706e-11,3.138907103265941e-11,5.842707416629998e-24
10,11,Na,3s→3p,upper,0,5,2.7695428485306693e-11,4.86304793414511e-12,0.0,36532953385.534744,2.2436882725536186e-11,3.210389090951453e-11,5.844814184091993e-24
10,11,Na,3s→3p,upper,0,6,2.7695428485306697e-11,4.86304793414511e-12,0.0,36532950499.09344,2.273570873167012e-11,3.189296264755186e-11,5.844806625629228e-24
10,11,Na,3s→3p,upper,0,7,2.762717452161687e-11,4.86304793414511e-12,0.0,36625362376.349724,2.2536951276761383e-11,3.191562894953877e-11,5.844463882372789e-24
10,11,Na,3s→3p,upper,0,8,2.749764920761886e-11,4.86304793414511e-12,0.0,36802039233.42211,2.231967253158013e-11,3.184452295094953e-11,5.8438065225519894e-24
10,11,Na,3s→3p,upper,0,9,2.7497649207618856e-11,4.86304793414511e-12,0.0,36802037086.405754,2.2600026637349735e-11,3.1646172278517485e-11,5.843801016939496e-24
10,11,Na,3s→3p,upper,0,10,1.0644389704057664e-10,4.86304793414511e-12,0.0,9401983550.040434,1.0167640379185395e-10,1.1115458369196449e-10,5.907865064194652e-24
10,11,Na,3s→3p,upper,1,2,2.966821940466001e-11,2.966821940466001e-11,-1.0,40710153341.54361,1.9942740258700985e-11,2.9667804852345675e-11,1.1738848570745658e-23
10,11,Na,3s→3p,upper,1,3,1.9942123536369793e-11,-1.9942123536369793e-11,1.0,40710153341.54354,1.994767259660517e-11,2.9664488732515275e-11,1.1738848570745623e-23
10,11,Na,3s→3p,upper,1,4,2.7287675255214066e-11,4.86304793414511e-12,0.0,37092140840.66218,2.2216528354661673e-11,3.1554085465032206e-11,5.842710012720562e-24
10,11,Na,3s→3p,upper,1,5,2.7695428485306693e-11,4.86304793414511e-12,0.0,36532950169.92028,2.264692995553357e-11,3.1956064863475154e-11,5.844805686895602e-24
10,11,Na,3s→3p,upper,1,6,2.7695428485306697e-11,4.86304793414511e-12,0.0,36532950812.576744,2.2804007333420424e-11,3.184416379035232e-11,5.84480747319423e-24
10,11,Na,3s→3p,upper,1,7,2.762717452161687e-11,4.86304793414511e-12,0.0,36625363602.52204,2.2431359486817287e-11,3.198993053554394e-11,5.8444670888360366e-24
10,11,Na,3s→3p,upper,1,8,2.749764920761886e-11,4.86304793414511e-12,0.0,36802039588.200874,2.226804921169846e-11,3.188064315844178e-11,5.843807403489998e-24
10,11,Na,3s→3p,upper,1,9,2.7497649207618856e-11,4.86304793414511e-12,0.0,36802039224.42181,2.250800119687447e-11,3.171169036825404e-11,5.8438065930891354e-24
10,11,Na,3s→3p,upper,1,10,1.0644389704057664e-10,4.86304793414511e-12,0.0,9401983550.04078,1.0159445287286248e-10,1.1104638686295469e-10,5.907865064245035e-24
10,11,Na,3s→3p,upper,2,3,4.9610342941029804e-11,4.9610342941029804e-11,-1.0,110758990390.92662,7.08409963805543e-13,4.9605284819762575e-11,2.3518010488952125e-22
10,11,Na,3s→3p,upper,2,4,3.655495202166015e-11,2.4805171470514902e-11,0.0,29733625379.088223,2.4674769033538895e-11,4.401207310911842e-11,4.632375950636417e-23
10,11,Na,3s→3p,upper,2,5,3.686033173286142e-11,2.4805171470514902e-11,0.0,32736979584.52597,2.0884901993543722e-11,4.217186515721139e-11,5.635241629377232e-23
10,11,Na,3s→3p,upper,2,6,3.686033173286143e-11,2.4805171470514902e-11,0.0,23737979408.130386,3.46464634750849e-11,5.039089423636376e-11,3.144051099135598e-23
10,11,Na,3s→3p,upper,2,7,3.680907589874717e-11,2.4805171470514902e-11,0.0,22804517124.13525,3.659162304110318e-11,5.178832484645921e-11,2.897486270472284e-23
10,11,Na,3s→3p,upper,2,8,3.6711960018733885e-11,2.4805171470514902e-11,0.0,58901302918.44387,4.978700123908475e-12,3.695850948503252e-11,1.1265049918976924e-22
10,11,Na,3s→3p,upper,2,9,3.6711960018733885e-11,2.4805171470514902e-11,0.0,23832379774.950165,3.4406319038899786e-11,5.026389899314566e-11,3.122490507127604e-23
10,11,Na,3s→3p,upper,2,10,1.091876848076592e-10,2.4805171470514902e-11,0.0,9341891748.55512,8.158178855505359e-11,1.311042058954326e-10,1.5082298284238581e-22
10,11,Na,3s→3p,upper,3,4,3.655495202166015e-11,2.4805171470514902e-11,0.0,71138512955.54851,3.167549069840483e-12,3.649554401784763e-11,1.2148422306135916e-22
10,11,Na,3s→3p,upper,3,5,3.686033173286142e-11,2.4805171470514902e-11,0.0,29480696532.416172,2.4871069111621917e-11,4.438718424616288e-11,4.696407477125537e-23
10,11,Na,3s→3p,upper,3,6,3.686033173286143e-11,2.4805171470514902e-11,0.0,22698638014.47114,3.6826736744482675e-11,5.1961758652645213e-11,2.886089336547262e-23
10,11,Na,3s→3p,upper,3,7,3.680907589874717e-11,2.4805171470514902e-11,0.0,30502255609.73145,2.352461374745462e-11,4.360128711158068e-11,4.964710824679814e-23
10,11,Na,3s→3p,upper,3,8,3.6711960018733885e-11,2.4805171470514902e-11,0.0,22863541477.409676,3.650372351692794e-11,5.165105347221006e-11,2.884350340852423e-23
10,11,Na,3s→3p,upper,3,9,3.6711960018733885e-11,2.4805171470514902e-11,0.0,26530426689.84796,2.9439203325963835e-11,4.6980226670176676e-11,3.8207637995772924e-23
10,11,Na,3s→3p,upper,3,10,1.091876848076592e-10,2.4805171470514902e-11,0.0,9341891748.554993,8.160372297648768e-11,1.3109055428859135e-10,1.5082298284237686e-22
10,11,Na,3s→3p,upper,4,5,4.6866271958735095e-11,4.0483413942983014e-11,-0.49999999999999983,43273614341.5443,8.089381402250847e-12,4.74067294611477e-11,1.769305141092379e-22
10,11,Na,3s→3p,upper,4,6,4.6866271958735115e-11,4.0483413942983033e-11,-0.5000000000000004,34152924246.80362,1.4695154316327805e-11,4.9077912308000646e-11,1.3987320489176004e-22
10,11,Na,3s→3p,upper,4,7,5.404664700400499e-11,5.404664700400499e-11,-1.0,181698789944.21024,3.449529665082175e-13,5.4046647004004995e-11,2.8030502461546336e-22
10,11,Na,3s→3p,upper,4,8,2.695816190164261e-11,1.3318741891168746e-11,0.49999999999999983,21595448194.017532,4.2479542456426745e-11,5.029933726519546e-11,7.658560679554937e-24
10,11,Na,3s→3p,upper,4,9,2.6958161901642592e-11,1.3318741891168734e-11,0.5000000000000004,20082874911.13535,4.6242300258816164e-11,5.348187075359364e-11,6.631483125180375e-24
10,11,Na,3s→3p,upper,4,10,7.94819042010667e-11,-7.94819042010667e-11,1.0,9559986170.764755,7.948262765802045e-11,1.3318316648801798e-10,3.561272593814195e-22
10,11,Na,3s→3p,upper,5,6,4.722459710071472e-11,4.089770077270389e-11,-0.4999999999999997,42996650009.03854,7.681475871753007e-12,4.784524681609616e-11,1.797427325948524e-22
10,11,Na,3s→3p,upper,5,7,2.7230533118152647e-11,1.3667233855840965e-11,0.49999999999999983,32131818822.204426,2.5511009227978543e-11,3.729744513758953e-11,1.7307729873516354e-23
10,11,Na,3s→3p,upper,5,8,5.432934410362855e-11,5.432934410362855e-11,-0.9999999999999999,54754298190.753,3.1080776534157685e-12,5.424073980248763e-11,2.7761610182166926e-22
10,11,Na,3s→3p,upper,5,9,2.716522934562455e-11,1.3733028720889628e-11,0.4999999999999997,21430780604.56599,4.284275344673409e-11,5.0654713355789963e-11,7.77674700443523e-24
10,11,Na,3s→3p,upper,5,10,1.222669955475895e-10,8.043150945837678e-11,-0.49999999999999983,9383548414.032784,7.962368843526188e-11,1.3326721746725407e-10,2.2644105080276203e-22
10,11,Na,3s→3p,upper,6,7,2.723053311815263e-11,1.3667233855840952e-11,0.5000000000000004,47799620989.692825,1.3378584318314711e-11,3.0259715308744586e-11,3.511372981613954e-23
10,11,Na,3s→3p,upper,6,8,2.7165229345624556e-11,1.373302872088963e-11,0.4999999999999997,32209211185.90078,2.5511798403574792e-11,3.716517617399714e-11,1.722334589627247e-23
10,11,Na,3s→3p,upper,6,9,5.4329344103628545e-11,5.4329344103628545e-11,-1.0,59093910413.510185,2.3353950894530957e-12,5.427949825483819e-11,2.7858723232896416e-22
10,11,Na,3s→3p,upper,6,10,1.222669955475895e-10,8.043150945837685e-11,-0.5000000000000004,9383548414.045519,7.918945706459595e-11,1.3352570127625084e-10,2.2644105080360538e-22
10,11,Na,3s→3p,upper,7,8,4.69905933398568e-11,4.072790511283625e-11,-0.49999999999999983,43186052005.14864,7.904971408585436e-12,4.756560963337645e-11,1.7794426733381944e-22
10,11,Na,3s→3p,upper,7,9,4.6990593339856807e-11,4.072790511283626e-11,-0.5000000000000004,34066497115.096,1.468347478489801e-11,4.922197171904139e-11,1.4065248468757802e-22
10,11,Na,3s→3p,upper,7,10,1.335285512050717e-10,1.335285512050717e-10,-1.0,9564164905.40449,7.914729938103962e-11,1.3352241773692695e-10,3.652194965851444e-22
10,11,Na,3s→3p,upper,8,9,4.6876587228662524e-11,4.059631538273892e-11,-0.4999999999999997,43312667610.201904,7.65419429456028e-12,4.7487945829875714e-11,1.771014117778337e-22
10,11,Na,3s→3p,upper,8,10,9.571475081035281e-11,-2.610216535474824e-11,0.49999999999999983,9383876727.45474,7.955203131391713e-11,1.3322809475201038e-10,2.2320028602324247e-22
10,11,Na,3s→3p,upper,9,10,9.57147508103528e-11,-2.6102165354748304e-11,0.5000000000000004,9383876727.45474,7.946740104156057e-11,1.3327859201357462e-10,2.23200286023242e-22
11,12,Mg,3s²→3s3p ¹P,lower,0,1,8.907887981435075e-12,8.907887981435075e-12,-1.0,553191464071.2782,4.66202835613031e-13,8.604359058958879e-12,8.663052899483037e-24
11,12,Mg,3s²→3s3p ¹P,lower,0,2,1.764976178803001e-11,-1.764976178803001e-11,1.0,45711310645.84725,1.7657404456171022e-11,2.6552568996670835e-11,9.842777708721052e-24
11,12,Mg,3s²→3s3p ¹P,lower,0,3,2.6557649769465087e-11,2.6557649769465087e-11,-1.0,45711310645.84727,1.764976178803001e-11,2.6557649769465087e-11,9.842777708721056e-24
11,12,Mg,3s²→3s3p ¹P,lower,0,4,2.453946896701283e-11,4.453943990717538e-12,0.0,41264983856.6517,1.9826011831211614e-11,2.8483334236613302e-11,4.898779712764276e-24
11,12,Mg,3s²→3s3p ¹P,lower,0,5,2.4539468967012826e-11,4.453943990717538e-12,0.0,41264983856.65165,1.9826011831211715e-11,2.8483334236613224e-11,4.8987797127642785e-24
11,12,Mg,3s²→3s3p ¹P,lower,0,6,2.4539468967012826e-11,4.453943990717538e-12,0.0,41264986169.52081,2.0006487125341287e-11,2.835686067373338e-11,4.898784083591324e-24
11,12,Mg,3s²→3s3p ¹P,lower,0,7,2.453946896701283e-11,4.453943990717538e-12,0.0,41264983856.65168,1.9826011831211582e-11,2.848333423661332e-11,4.898779712764265e-24
11,12,Mg,3s²→3s3p ¹P,lower,0,8,2.4539468967012826e-11,4.453943990717538e-12,0.0,41264983856.65168,1.982601183121172e-11,2.8483334236613234e-11,4.8987797127642785e-24
11,12,Mg,3s²→3s3p ¹P,lower,0,9,2.4539468967012826e-11,4.453943990717538e-12,0.0,41264986169.52078,2.0006487125341203e-11,2.8356860673733364e-11,4.8987840835913036e-24
11,12,Mg,3s²→3s3p ¹P,lower,0,10,7.50238906992272e-11,-7.50238906992272e-11,1.0,12592020359.365799,7.50353835099829e-11,8.393177868066229e-11,9.912964865647961e-24
11,12,Mg,3s²→3s3p ¹P,lower,0,11,8.393177868066229e-11,8.393177868066229e-11,-1.0,12592020359.365793,7.502676494240198e-11,8.392920939951018e-11,9.912964865647957e-24
11,12,Mg,3s²→3s3p ¹P,lower,1,2,2.6557649769465087e-11,2.6557649769465087e-11,-1.0,45711310645.84729,1.764976178803001e-11,2.655764976946509e-11,9.842777708721061e-24
11,12,Mg,3s²→3s3p ¹P,lower,1,3,1.764976178803001e-11,-1.764976178803001e-11,1.0,45711310645.847275,1.7657404456170996e-11,2.6552568996670855e-11,9.842777708721046e-24
11,12,Mg,3s²→3s3p ¹P,lower,1,4,2.453946896701283e-11,4.453943990717538e-12,0.0,41264982912.56727,2.0146580452490707e-11,2.8257501135756688e-11,4.898778070229466e-24
11,12,Mg,3s²→3s3p ¹P,lower,1,5,2.4539468967012826e-11,4.453943990717538e-12,0.0,41264983156.19807,1.9863185182422057e-11,2.8457423438793275e-11,4.898778425866738e-24
11,12,Mg,3s²→3s3p ¹P,lower,1,6,2.4539468967012826e-11,4.453943990717538e-12,0.0,41264984085.06129,1.986221573324049e-11,2.8458100086481245e-11,4.8987801783927746e-24
11,12,Mg,3s²→3s3p ¹P,lower,1,7,2.453946896701283e-11,4.453943990717538e-12,0.0,41264982912.56728,2.014658045249073e-11,2.825750113575667e-11,4.898778070229471e-24
11,12,Mg,3s²→3s3p ¹P,lower,1,8,2.4539468967012826e-11,4.453943990717538e-12,0.0,41264983156.198044,1.986318518242205e-11,2.845742343879327e-11,4.898778425866726e-24
11,12,Mg,3s²→3s3p ¹P,lower,1,9,2.4539468967012826e-11,4.453943990717538e-12,0.0,41264984085.061295,1.9862215733240588e-11,2.845810008648131e-11,4.8987801783927525e-24
11,12,Mg,3s²→3s3p ¹P,lower,1,10,8.393177868066229e-11,8.393177868066229e-11,-1.0,12592020359.365793,7.502676494240198e-11,8.392920939951021e-11,9.912964865647964e-24
11,12,Mg,3s²→3s3p ¹P,lower,1,11,7.50238906992272e-11,-7.50238906992272e-11,1.0,12592020359.365793,7.503538350998288e-11,8.393177868066229e-11,9.912964865647957e-24
11,12,Mg,3s²→3s3p ¹P,lower,2,3,4.42074115574951e-11,4.42074115574951e-11,-1.0,68682894265.73585,2.3136371568856423e-12,4.414682683636534e-11,1.8401485466336386e-22
11,12,Mg,3s²→3s3p ¹P,lower,2,4,3.2724940477623094e-11,2.210370577874755e-11,0.0,32212668770.057285,2.3247358249299203e-11,4.0017543564750323e-11,3.5092554944998996e-23
11,12,Mg,3s²→3s3p ¹P,lower,2,5,3.2724940477623094e-11,2.210370577874755e-11,0.0,39193529448.25706,1.654501773857541e-11,3.6533570032987544e-11,4.9187621859244364e-23
11,12,Mg,3s²→3s3p ¹P,lower,2,6,3.2724940477623094e-11,2.210370577874755e-11,0.0,26163440172.053104,3.166040386495385e-11,4.5424060807873766e-11,2.3804444643929872e-23
11,12,Mg,3s²→3s3p ¹P,lower,2,7,3.2724940477623094e-11,2.210370577874755e-11,0.0,25517619155.746983,3.2769555577917485e-11,4.620398143190309e-11,2.2691339561200046e-23
11,12,Mg,3s²→3s3p ¹P,lower,2,8,3.2724940477623094e-11,2.210370577874755e-11,0.0,52249543318.22181,8.85991863679018e-12,3.375592223056525e-11,7.328827219920976e-23
11,12,Mg,3s²→3s3p ¹P,lower,2,9,3.2724940477623094e-11,2.210370577874755e-11,0.0,28237122616.49857,2.841023968875905e-11,4.322159005124834e-11,2.7511944782941705e-23
11,12,Mg,3s²→3s3p ¹P,lower,2,10,5.737412891119719e-11,-5.737412891119719e-11,1.0,12836608280.635237,5.737412891119719e-11,1.0158154046869229e-10,2.406972624668083e-22
11,12,Mg,3s²→3s3p ¹P,lower,2,11,1.0158154046869229e-10,1.0158154046869229e-10,-1.0,12836608280.635248,5.737412891119718e-11,1.0158154046869229e-10,2.4069726246680843e-22
11,12,Mg,3s²→3s3p ¹P,lower,3,4,3.2724940477623094e-11,2.210370577874755e-11,0.0,79824445007.63925,2.652462698757964e-12,3.268026446884612e-11,9.724135110708e-23
11,12,Mg,3s²→3s3p ¹P,lower,3,5,3.2724940477623094e-11,2.210370577874755e-11,0.0,32212668770.05735,2.324735824929926e-11,4.001754356475026e-11,3.509255494499908e-23
11,12,Mg,3s²→3s3p ¹P,lower,3,6,3.2724940477623094e-11,2.210370577874755e-11,0.0,25517619155.74694,3.2724940477623094e-11,4.6235591741318665e-11,2.2691339561200088e-23
11,12,Mg,3s²→3s3p ¹P,lower,3,7,3.2724940477623094e-11,2.210370577874755e-11,0.0,32212668770.05739,2.3247358249299138e-11,4.0017543564750265e-11,3.5092554944999143e-23
11,12,Mg,3s²→3s3p ¹P,lower,3,8,3.2724940477623094e-11,2.210370577874755e-11,0.0,25517619155.747005,3.276955557791751e-11,4.6203981431903074e-11,2.2691339561200088e-23
11,12,Mg,3s²→3s3p ¹P,lower,3,9,3.2724940477623094e-11,2.210370577874755e-11,0.0,32212668770.098324,2.318442628276604e-11,4.005403645660378e-11,3.509255494506203e-23
11,12,Mg,3s²→3s3p ¹P,lower,3,10,1.0158154046869229e-10,1.0158154046869229e-10,-1.0,12836608280.635242,5.737412891119719e-11,1.0158154046869229e-10,2.4069726246680852e-22
11,12,Mg,3s²→3s3p ¹P,lower,3,11,5.737412891119719e-11,-5.737412891119719e-11,1.0,12836608280.635237,5.737412891119719e-11,1.0158154046869229e-10,2.406972624668082e-22
11,12,Mg,3s²→3s3p ¹P,lower,4,5,4.1797652569631346e-11,3.619782894385667e-11,-0.49999999999999983,49915021711.26785,6.24579168135545e-12,4.2261728242684317e-11,1.434707333803664e-22
11,12,Mg,3s²→3s3p ¹P,lower,4,6,4.179765256963136e-11,3.6197828943856675e-11,-0.5000000000000004,39542171535.66687,1.2262635291212081e-11,4.344934402383534e-11,1.1568703020078692e-22
11,12,Mg,3s²→3s3p ¹P,lower,4,7,4.8263771925142225e-11,4.8263771925142225e-11,-1.0,62910395368.07457,2.525930655593064e-12,4.819762810310569e-11,2.193336316335339e-22
11,12,Mg,3s²→3s3p ¹P,lower,4,8,2.4131885962571116e-11,1.2065942981285561e-11,0.49999999999999983,25146380285.71844,3.6197828943856495e-11,4.350437610584996e-11,6.662673914199714e-24
11,12,Mg,3s²→3s3p ¹P,lower,4,9,2.4131885962571103e-11,1.2065942981285547e-11,0.5000000000000004,22914231437.393986,4.039318136233088e-11,4.7018792602982255e-11,5.542263328001759e-24
11,12,Mg,3s²→3s3p ¹P,lower,4,10,8.306066534234313e-11,2.4131885962571113e-11,0.0,12442484775.423967,5.541447944873371e-11,1.0357308396321561e-10,1.4078301527484737e-22
11,12,Mg,3s²→3s3p ¹P,lower,4,11,8.306066534234313e-11,2.4131885962571113e-11,0.0,12442484775.35725,5.5619064848719595e-11,1.0346336491521707e-10,1.407830152730722e-22
11,12,Mg,3s²→3s3p ¹P,lower,5,6,4.1797652569631346e-11,3.619782894385666e-11,-0.4999999999999997,49855724697.39734,6.617791020010778e-12,4.220507587720764e-11,1.4344722638758273e-22
11,12,Mg,3s²→3s3p ¹P,lower,5,7,2.4131885962571116e-11,1.2065942981285558e-11,0.49999999999999983,38285541434.98898,2.089882628481565e-11,3.192348446196693e-11,1.5067881561634914e-23
11,12,Mg,3s²→3s3p ¹P,lower,5,8,4.826377192514222e-11,4.8263771925142225e-11,-0.9999999999999999,62910395368.07083,2.5259306555935297e-12,4.819762810310565e-11,2.1933363163353293e-22
11,12,Mg,3s²→3s3p ¹P,lower,5,9,2.413188596257112e-11,1.206594298128556e-11,0.4999999999999997,25146380285.718338,3.621985507519214e-11,4.3486039816704827e-11,6.662673914199692e-24
11,12,Mg,3s²→3s3p ¹P,lower,5,10,8.306066534234312e-11,2.4131885962571113e-11,0.0,12442484775.423971,5.541447944873372e-11,1.0357308396321557e-10,1.4078301527484727e-22
11,12,Mg,3s²→3s3p ¹P,lower,5,11,8.306066534234312e-11,2.4131885962571113e-11,0.0,12442484775.357243,5.5619064848719556e-11,1.0346336491521706e-10,1.4078301527307225e-22
11,12,Mg,3s²→3s3p ¹P,lower,6,7,2.4131885962571103e-11,1.2065942981285547e-11,0.5000000000000004,56297835448.72924,1.0891502311430087e-11,2.6415574570165953e-11,2.9490052368897995e-23
11,12,Mg,3s²→3s3p ¹P,lower,6,8,2.413188596257112e-11,1.2065942981285563e-11,0.4999999999999997,38285541434.98882,2.0936953491425446e-11,3.1898491794663725e-11,1.5067881561634664e-23
11,12,Mg,3s²→3s3p ¹P,lower,6,9,4.8263771925142225e-11,4.8263771925142225e-11,-1.0,1.1226046726785966e+16,4.4539439907175376e-18,4.8263771925142225e-11,2.2450885995885406e-22
11,12,Mg,3s²→3s3p ¹P,lower,6,10,8.306066534234312e-11,2.4131885962571113e-11,0.0,12442484775.323877,5.586993808900169e-11,1.0332810978701082e-10,1.4078301527218464e-22
11,12,Mg,3s²→3s3p ¹P,lower,6,11,8.306066534234312e-11,2.4131885962571113e-11,0.0,12442484775.457329,5.534594872737363e-11,1.0360972065251585e-10,1.4078301527573482e-22
11,12,Mg,3s²→3s3p ¹P,lower,7,8,4.1797652569631346e-11,3.619782894385667e-11,-0.49999999999999983,49915021711.268,6.24579168135545e-12,4.2261728242684317e-11,1.4347073338036671e-22
11,12,Mg,3s²→3s3p ¹P,lower,7,9,4.179765256963136e-11,3.6197828943856675e-11,-0.5000000000000004,39542171535.66686,1.2262635291212189e-11,4.3449344023835344e-11,1.1568703020078701e-22
11,12,Mg,3s²→3s3p ¹P,lower,7,10,8.306066534234313e-11,2.4131885962571113e-11,0.0,12442484775.423975,5.541447944873369e-11,1.035730839632156e-10,1.4078301527484732e-22
11,12,Mg,3s²→3s3p ¹P,lower,7,11,8.306066534234313e-11,2.4131885962571113e-11,0.0,12442484775.357246,5.561906484871957e-11,1.0346336491521703e-10,1.4078301527307225e-22
11,12,Mg,3s²→3s3p ¹P,lower,8,9,4.1797652569631346e-11,3.619782894385666e-11,-0.4999999999999997,49855724697.3971,6.617791020011058e-12,4.220507587720765e-11,1.434472263875823e-22
11,12,Mg,3s²→3s3p ¹P,lower,8,10,8.306066534234312e-11,2.4131885962571113e-11,0.0,12442484775.423971,5.5414479448733714e-11,1.035730839632156e-10,1.407830152748474e-22
11,12,Mg,3s²→3s3p ¹P,lower,8,11,8.306066534234312e-11,2.4131885962571113e-11,0.0,12442484775.357243,5.561906484871952e-11,1.0346336491521711e-10,1.4078301527307237e-22
11,12,Mg,3s²→3s3p ¹P,lower,9,10,8.306066534234312e-11,2.4131885962571113e-11,0.0,12442484775.323883,5.586993808900168e-11,1.0332810978701082e-10,1.4078301527218464e-22
11,12,Mg,3s²→3s3p ¹P,lower,9,11,8.306066534234312e-11,2.4131885962571113e-11,0.0,12442484775.457321,5.534594872737363e-11,1.0360972065251585e-10,1.4078301527573477e-22
11,12,Mg,3s²→3s3p ¹P,lower,10,11,1.5895566937988948e-10,1.5895566937988948e-10,-1.0,24077128147.73454,2.774158947527991e-12,1.5893145966152387e-10,2.39212174372293e-21
11,12,Mg,3s²→3s3p ¹P,upper,0,1,8.908473323762163e-12,8.908473323762163e-12,-1.0,553153247864.2699,4.662354983783338e-13,8.604924463611873e-12,8.664187291981143e-24
11,12,Mg,3s²→3s3p ¹P,upper,0,2,1.7647633995917223e-11,-1.7647633995917223e-11,1.0,45716554678.21977,1.7655276033424253e-11,2.6549649872485804e-11,9.841024103315364e-24
11,12,Mg,3s²→3s3p ¹P,upper,0,3,2.680217674346579e-11,2.680217674346579e-11,-1.0,45199901379.210365,1.7895080567262325e-11,2.680217674346579e-11,9.842709524065541e-24
11,12,Mg,3s²→3s3p ¹P,upper,0,4,2.4252109332062425e-11,4.4535480881017325e-12,0.0,41766510113.70138,1.9571862614132955e-11,2.8165081358343765e-11,4.896425757456609e-24
11,12,Mg,3s²→3s3p ¹P,upper,0,5,2.4568956090388184e-11,4.4535480881017325e-12,0.0,41214109228.16908,1.9856408510623717e-11,2.8512983845996816e-11,4.8980752442377035e-24
11,12,Mg,3s²→3s3p ¹P,upper,0,6,2.4568956090388184e-11,4.4535480881017325e-12,0.0,41214106701.874596,1.9892598861342628e-11,2.8487746791990357e-11,4.898070556003213e-24
11,12,Mg,3s²→3s3p ¹P,upper,0,7,2.4522980361347573e-11,4.4535480881017325e-12,0.0,41293342394.381065,1.9846894989945997e-11,2.8440356728848076e-11,4.8978345189787466e-24
11,12,Mg,3s²→3s3p ¹P,upper,0,8,2.4417852879445333e-11,4.4535480881017325e-12,0.0,41475691858.55489,1.970295302073653e-11,2.8359420317543907e-11,4.897300249573681e-24
11,12,Mg,3s²→3s3p ¹P,upper,0,9,2.4417852879445337e-11,4.4535480881017325e-12,0.0,41475689183.16331,1.9739192980268137e-11,2.8334207929148126e-11,4.897295379608183e-24
11,12,Mg,3s²→3s3p ¹P,upper,0,10,7.663952984853663e-11,-7.663952984853663e-11,1.0,12340822800.525623,7.665100802511888e-11,8.554662602474009e-11,9.91143420252133e-24
11,12,Mg,3s²→3s3p ¹P,upper,0,11,9.235159468503658e-11,4.4535480881017325e-12,0.0,10837640451.69496,8.786166345790011e-11,9.663313187592158e-11,4.954369367451853e-24
11,12,Mg,3s²→3s3p ¹P,upper,1,2,2.6556107319679385e-11,2.6556107319679385e-11,-1.0,45716852337.30184,1.7646256848358522e-11,2.6556107319679388e-11,9.847063844962296e-24
11,12,Mg,3s²→3s3p ¹P,upper,1,3,1.7893703419703628e-11,-1.7893703419703628e-11,1.0,45200188959.07361,1.7901327133498868e-11,2.6798462831304794e-11,9.848751365738381e-24
11,12,Mg,3s²→3s3p ¹P,upper,1,4,2.425236226301675e-11,4.45492523566043e-12,0.0,41766405115.46788,1.9422206828847762e-11,2.8268923442017665e-11,4.8994247955656414e-24
11,12,Mg,3s²→3s3p ¹P,upper,1,5,2.4569205759521657e-11,4.45492523566043e-12,0.0,41214004478.802315,1.9744348742629846e-11,2.8591125127158554e-11,4.901069205637908e-24
11,12,Mg,3s²→3s3p ¹P,upper,1,6,2.4569205759521657e-11,4.45492523566043e-12,0.0,41214003076.67571,2.003556364690192e-11,2.838781310101856e-11,4.9010667568365815e-24
11,12,Mg,3s²→3s3p ¹P,upper,1,7,2.452323049855643e-11,4.45492523566043e-12,0.0,41293240562.68392,1.9697613322526098e-11,2.8544381190821066e-11,4.900834712511156e-24
11,12,Mg,3s²→3s3p ¹P,upper,1,8,2.4418104093572176e-11,4.45492523566043e-12,0.0,41475585164.27519,1.9590737775655864e-11,2.843748597282366e-11,4.900293321907799e-24
11,12,Mg,3s²→3s3p ¹P,upper,1,9,2.4418104093572182e-11,4.45492523566043e-12,0.0,41475583674.08463,1.9882349836976928e-11,2.8234372314771306e-11,4.90029077058449e-24
11,12,Mg,3s²→3s3p ¹P,upper,1,10,8.55480031722988e-11,8.55480031722988e-11,-1.0,12340828571.492928,7.66410242198381e-11,8.554543063612604e-11,9.917561398351229e-24
11,12,Mg,3s²→3s3p ¹P,upper,1,11,9.23516611066177e-11,4.45492523566043e-12,0.0,10837638501.744595,8.781769762910446e-11,9.646866403316204e-11,4.957431298807176e-24
11,12,Mg,3s²→3s3p ¹P,upper,2,3,4.444981073938301e-11,4.444981073938301e-11,-1.0,68169391210.05446,2.3394106997583227e-12,4.438889570771607e-11,1.8597552247965086e-22
11,12,Mg,3s²→3s3p ¹P,upper,2,4,3.2508352249725534e-11,2.2101182084018955e-11,0.0,39475532482.48553,1.6323757018688474e-11,3.6335046538036176e-11,4.866673858372419e-23
11,12,Mg,3s²→3s3p ¹P,upper,2,5,3.274540826298167e-11,2.2101182084018955e-11,0.0,26147447129.19222,3.1634132222353276e-11,4.548333042152633e-11,2.38292697425963e-23
11,12,Mg,3s²→3s3p ¹P,upper,2,6,3.2745408262981676e-11,2.2101182084018955e-11,0.0,83295078103.06833,2.0607613973814594e-12,3.274540826298167e-11,9.757103604269995e-23
11,12,Mg,3s²→3s3p ¹P,upper,2,7,3.271092668728547e-11,2.2101182084018955e-11,0.0,52278441828.0981,8.68684317527207e-12,3.3784755940859796e-11,7.32407185388277e-23
11,12,Mg,3s²→3s3p ¹P,upper,2,8,3.263218806914674e-11,2.2101182084018955e-11,0.0,28316852286.265133,2.8276386403871996e-11,4.3136721114815906e-11,2.7377937642216377e-23
11,12,Mg,3s²→3s3p ¹P,upper,2,9,3.263218806914674e-11,2.2101182084018955e-11,0.0,32305890880.096542,2.311381314153939e-11,3.9943347861919736e-11,3.492554407233682e-23
11,12,Mg,3s²→3s3p ¹P,upper,2,10,5.89918958526194e-11,-5.89918958526194e-11,1.0,12570591452.615837,5.899189585261941e-11,1.0319426002065731e-10,2.4078646510879973e-22
11,12,Mg,3s²→3s3p ¹P,upper,2,11,9.485486387005783e-11,2.2101182084018955e-11,0.0,10764829535.694883,7.020045685574549e-11,1.1431004442680889e-10,1.1960263440254687e-22
11,12,Mg,3s²→3s3p ¹P,upper,3,4,3.267708553798264e-11,2.2348628655364057e-11,0.0,26196437086.109814,3.161219704430729e-11,4.537689243547303e-11,2.380767481454516e-23
11,12,Mg,3s²→3s3p ¹P,upper,3,5,3.2912926268773905e-11,2.2348628655364057e-11,0.0,28074847948.787506,2.851784641842527e-11,4.3511379767370266e-11,2.78707800597109e-23
11,12,Mg,3s²→3s3p ¹P,upper,3,6,3.2912926268773905e-11,2.2348628655364057e-11,0.0,52046056897.26161,8.865137277932384e-12,3.395065626674829e-11,7.437670573430659e-23
11,12,Mg,3s²→3s3p ¹P,upper,3,7,3.287862037868018e-11,2.2348628655364057e-11,0.0,28103958046.712105,2.8539189241762688e-11,4.343343757724026e-11,2.782040867462682e-23
11,12,Mg,3s²→3s3p ¹P,upper,3,8,3.2800284319568966e-11,2.2348628655364057e-11,0.0,52282119825.80585,8.639374413844087e-12,3.3878355970463375e-11,7.401225310464287e-23
11,12,Mg,3s²→3s3p ¹P,upper,3,9,3.2800284319568966e-11,2.2348628655364057e-11,0.0,39130523018.85488,1.6552032511905993e-11,3.662233493531643e-11,4.9584628914073396e-23
11,12,Mg,3s²→3s3p ¹P,upper,3,10,1.0344170659200242e-10,1.0344170659200242e-10,-1.0,12576220429.983149,5.87444492812743e-11,1.0344170659200242e-10,2.4612802074132095e-22
11,12,Mg,3s²→3s3p ¹P,upper,3,11,9.491282396531884e-11,2.2348628655364057e-11,0.0,10763159582.249226,7.034217981036376e-11,1.1431914120421677e-10,1.222380786452535e-22
11,12,Mg,3s²→3s3p ¹P,upper,4,5,4.157094441519766e-11,3.592065958432086e-11,-0.4999999999999998,50167419596.12302,6.2200816705385166e-12,4.203247538348823e-11,1.4187019211837732e-22
11,12,Mg,3s²→3s3p ¹P,upper,4,6,4.157094441519767e-11,3.592065958432088e-11,-0.5000000000000004,39753254898.664055,1.2200013813825508e-11,4.321358034641302e-11,1.1440902410175002e-22
11,12,Mg,3s²→3s3p ¹P,upper,4,7,4.79548796369696e-11,4.79548796369696e-11,-1.0,63178513412.83788,2.524799453875812e-12,4.788916131172342e-11,2.1645720066260764e-22
11,12,Mg,3s²→3s3p ¹P,upper,4,8,2.3924428812879888e-11,1.183554846725134e-11,0.4999999999999998,25364828324.12201,3.5886148204181015e-11,4.312963602976937e-11,6.548165825721478e-24
11,12,Mg,3s²→3s3p ¹P,upper,4,9,2.3924428812879875e-11,1.1835548467251325e-11,0.5000000000000004,23113325675.71192,4.0045289588175106e-11,4.661372863061625e-11,5.447028126707001e-24
11,12,Mg,3s²→3s3p ¹P,upper,4,10,8.452465915766226e-11,2.383968784362066e-11,0.0,12202919118.254635,5.751954897398185e-11,1.0478710558684052e-10,1.3768652690653511e-22
11,12,Mg,3s²→3s3p ¹P,upper,4,11,6.840446075289597e-11,-6.840446075289597e-11,1.0,11028948711.638111,6.840446075289597e-11,1.1608383644013729e-10,2.805660887518784e-22
11,12,Mg,3s²→3s3p ¹P,upper,5,6,4.184971371939316e-11,3.6242915222100617e-11,-0.4999999999999998,49793704049.72076,6.626033822852664e-12,4.225764449388513e-11,1.4380479089107957e-22
11,12,Mg,3s²→3s3p ¹P,upper,5,7,2.4138601593181906e-11,1.2104347584725948e-11,0.4999999999999998,38274896254.83576,2.0904655261110045e-11,3.1932342738043663e-11,1.5076164076902576e-23
11,12,Mg,3s²→3s3p ¹P,upper,5,8,4.817022223413907e-11,4.817022223413907e-11,-1.0,62990254080.940735,2.5257006638769096e-12,4.810420729096024e-11,2.184599170142347e-22
11,12,Mg,3s²→3s3p ¹P,upper,5,9,2.4085478761241446e-11,1.2157804105031092e-11,0.4999999999999998,25195153147.238785,3.614979277663428e-11,4.340180199721728e-11,6.636703293273655e-24
11,12,Mg,3s²→3s3p ¹P,upper,5,10,8.461611431657738e-11,2.4161943481400415e-11,0.0,12199542319.270464,5.720240240741221e-11,1.0510784348892645e-10,1.4131164508526157e-22
11,12,Mg,3s²→3s3p ¹P,upper,5,11,1.0640291522309698e-10,7.028401777965871e-11,-0.4999999999999998,10815587406.6291,6.832556750029129e-11,1.1626341536335663e-10,1.7763023076547521e-22
11,12,Mg,3s²→3s3p ¹P,upper,6,7,2.4138601593181897e-11,1.2104347584725938e-11,0.5000000000000004,56282018694.70435,1.0894613171819441e-11,2.6422917526899615e-11,2.9506148536942813e-23
11,12,Mg,3s²→3s3p ¹P,upper,6,8,2.4085478761241446e-11,1.2157804105031097e-11,0.4999999999999998,38359377291.37104,2.0896830054568784e-11,3.18368717863672e-11,1.5008848903759502e-23
11,12,Mg,3s²→3s3p ¹P,upper,6,9,4.817022223413907e-11,4.817022223413907e-11,-1.0,366628120792.4837,1.5366472866175835e-13,4.8170222234139074e-11,2.2316059244349233e-22
11,12,Mg,3s²→3s3p ¹P,upper,6,10,8.461611431657738e-11,2.416194348140042e-11,0.0,12199542319.339718,5.693113445523794e-11,1.0525502141803878e-10,1.4131164508722476e-22
11,12,Mg,3s²→3s3p ¹P,upper,6,11,1.0640291522309701e-10,7.028401777965878e-11,-0.5000000000000004,10815587406.657366,6.808220511511622e-11,1.1640609207791705e-10,1.7763023076669519e-22
11,12,Mg,3s²→3s3p ¹P,upper,7,8,4.1676182294563435e-11,3.611933116971826e-11,-0.4999999999999998,50058337882.400856,6.2285376284543546e-12,4.213890626535654e-11,1.4263271953648422e-22
11,12,Mg,3s²→3s3p ¹P,upper,7,9,4.167618229456345e-11,3.611933116971828e-11,-0.5000000000000004,39656923618.25365,1.2227425410464022e-11,4.332306305254412e-11,1.1501268769735494e-22
11,12,Mg,3s²→3s3p ¹P,upper,7,10,8.460277634018701e-11,2.411519179334894e-11,0.0,12200034637.572592,5.724840935107707e-11,1.0506131141246491e-10,1.4078311014166778e-22
11,12,Mg,3s²→3s3p ¹P,upper,7,11,1.1635934038986557e-10,1.1635934038986557e-10,-1.0,11033500849.382683,6.812895680316768e-11,1.1635934038986558e-10,2.870016713484123e-22
11,12,Mg,3s²→3s3p ¹P,upper,8,9,4.1583558602019697e-11,3.6012418129107966e-11,-0.4999999999999998,50112408114.29209,6.5838936825005695e-12,4.1988895025116755e-11,1.4198147267836343e-22
11,12,Mg,3s²→3s3p ¹P,upper,8,10,8.457236391343751e-11,2.4008278752738652e-11,0.0,12201157395.289333,5.735362381652043e-11,1.0495490131921838e-10,1.3957777489731885e-22
11,12,Mg,3s²→3s3p ¹P,upper,8,11,8.289003055947819e-11,-2.2113795545519644e-11,0.4999999999999998,10815930305.520332,6.837382626312777e-11,1.1617134190526724e-10,1.7543780135174197e-22
11,12,Mg,3s²→3s3p ¹P,upper,9,10,8.457236391343751e-11,2.4008278752738656e-11,0.0,12201157395.350918,5.7084799183899695e-11,1.0510135668937701e-10,1.3957777489906557e-22
11,12,Mg,3s²→3s3p ¹P,upper,9,11,8.289003055947816e-11,-2.2113795545519706e-11,0.5000000000000004,10815930305.520351,6.823586984377798e-11,1.1625242734925529e-10,1.7543780135174273e-22
11,12,Mg,3s²→3s3p ¹P,upper,10,11,1.228212939173576e-10,8.109307793663836e-11,0.0,13787372169.76225,3.3631557807133456e-11,1.268175534949914e-10,1.0140971714295677e-21
12,13,Al,3p→4s,lower,0,1,8.217421051620593e-12,8.217421051620593e-12,-1.0,471222156533.0347,5.952272517187616e-13,7.978637730416105e-12,7.097318666572588e-24
12,13,Al,3p→4s,lower,0,2,1.5985414168362297e-11,-1.5985414168362297e-11,1.0,50298558860.28862,1.5986922136516665e-11,2.4201839174341183e-11,8.374114303819502e-24
12,13,Al,3p→4s,lower,0,3,2.4202835219982887e-11,2.4202835219982887e-11,-1.0,50298558860.28868,1.5988806690343045e-11,2.4200594195981287e-11,8.374114303819515e-24
12,13,Al,3p→4s,lower,0,4,2.184437860644558e-11,4.1087105258102966e-12,0.0,46399838587.748,1.7379493628977155e-11,2.554030059736606e-11,4.1648441288492844e-24
12,13,Al,3p→4s,lower,0,5,2.209770402342135e-11,4.1087105258102966e-12,0.0,45853584485.69587,1.7976915319670186e-11,2.5562620401728634e-11,4.166143557549784e-24
12,13,Al,3p→4s,lower,0,6,2.209770402342135e-11,4.1087105258102966e-12,0.0,45853587120.52902,1.786695065353706e-11,2.5639600631787097e-11,4.1661471300580056e-24
12,13,Al,3p→4s,lower,0,7,2.206460176158974e-11,4.1087105258102966e-12,0.0,45924229282.72721,1.7610936631663022e-11,2.5759429588999962e-11,4.1659851817051115e-24
12,13,Al,3p→4s,lower,0,8,2.1978123856253833e-11,4.1087105258102966e-12,0.0,46109805215.494255,1.7670322771021286e-11,2.557020824415779e-11,4.1655349977671936e-24
12,13,Al,3p→4s,lower,0,9,2.1978123856253837e-11,4.1087105258102966e-12,0.0,46109803623.60733,1.7828327778941767e-11,2.5460294285186094e-11,4.165532954638533e-24
12,13,Al,3p→4s,lower,0,10,6.610545201617038e-11,-6.610545201617038e-11,1.0,14254356550.634834,6.611174310709763e-11,7.432236933481698e-11,8.435328685823458e-24
12,13,Al,3p→4s,lower,0,11,7.432287306779097e-11,7.432287306779097e-11,-1.0,14254356550.63483,6.611306377596827e-11,7.432264918420041e-11,8.435328685823453e-24
12,13,Al,3p→4s,lower,0,12,8.183608120375125e-11,4.1087105258102966e-12,0.0,12231118324.547338,7.789900381349268e-11,8.582009505849241e-11,4.216543164279639e-24
12,13,Al,3p→4s,lower,1,2,2.4202835219982887e-11,2.4202835219982887e-11,-1.0,50298558860.28864,1.5988806690343055e-11,2.4200594195981287e-11,8.374114303819517e-24
12,13,Al,3p→4s,lower,1,3,1.5985414168362297e-11,-1.5985414168362297e-11,1.0,50298558860.28865,1.598692213651666e-11,2.4201839174341183e-11,8.37411430381952e-24
12,13,Al,3p→4s,lower,1,4,2.184437860644558e-11,4.1087105258102966e-12,0.0,46399836296.074486,1.7605000495438206e-11,2.5385383805629067e-11,4.164841333139547e-24
12,13,Al,3p→4s,lower,1,5,2.209770402342135e-11,4.1087105258102966e-12,0.0,45853592390.47447,1.7617002771721533e-11,2.581197899337865e-11,4.166154025599422e-24
12,13,Al,3p→4s,lower,1,6,2.209770402342135e-11,4.1087105258102966e-12,0.0,45853591395.561935,1.769362331271698e-11,2.575951746988172e-11,4.166152788831069e-24
12,13,Al,3p→4s,lower,1,7,2.206460176158974e-11,4.1087105258102966e-12,0.0,45924227845.17158,1.7743912526275597e-11,2.566801258482968e-11,4.1659833828420165e-24
12,13,Al,3p→4s,lower,1,8,2.1978123856253833e-11,4.1087105258102966e-12,0.0,46109810393.72472,1.7495306070631265e-11,2.569027290584125e-11,4.1655417029828426e-24
12,13,Al,3p→4s,lower,1,9,2.1978123856253837e-11,4.1087105258102966e-12,0.0,46109807226.45582,1.7658638890103705e-11,2.5578278461041676e-11,4.165537674453512e-24
12,13,Al,3p→4s,lower,1,10,7.432287306779097e-11,7.432287306779097e-11,-1.0,14254356550.634823,6.611306377596827e-11,7.432264918420041e-11,8.43532868582345e-24
12,13,Al,3p→4s,lower,1,11,6.610545201617038e-11,-6.610545201617038e-11,1.0,14254356550.634829,6.611174310709763e-11,7.432236933481698e-11,8.435328685823456e-24
12,13,Al,3p→4s,lower,1,12,8.183608120375125e-11,4.1087105258102966e-12,0.0,12231118324.549189,7.776692087204941e-11,8.55672950872778e-11,4.2165431643989656e-24
12,13,Al,3p→4s,lower,2,3,4.0188249388345183e-11,4.0188249388345183e-11,-1.0,77153369794.19772,1.941630145164757e-12,4.014131862905371e-11,1.5222495977373035e-22
12,13,Al,3p→4s,lower,2,4,2.9395054375554226e-11,2.0094124694172592e-11,0.0,35011248042.051155,2.1718327812659293e-11,3.6411982283195494e-11,2.719540193929796e-23
12,13,Al,3p→4s,lower,2,5,2.9583794012039506e-11,2.0094124694172592e-11,0.0,45897781802.03051,1.3449750077200431e-11,3.233123849942766e-11,4.404887145943745e-23
12,13,Al,3p→4s,lower,2,6,2.9583794012039506e-11,2.0094124694172592e-11,0.0,28563384043.150734,2.91356448518289e-11,4.144145772360971e-11,1.9002140915476156e-23
12,13,Al,3p→4s,lower,2,7,2.955907637152422e-11,2.0094124694172592e-11,0.0,28351249976.647,2.9421554439472186e-11,4.165898887981975e-11,1.8675571902459126e-23
12,13,Al,3p→4s,lower,2,8,2.949458040523524e-11,2.0094124694172592e-11,0.0,50076988614.22229,1.1101843336587795e-11,3.14774361766013e-11,4.9590724269199264e-23
12,13,Al,3p→4s,lower,2,9,2.949458040523524e-11,2.0094124694172592e-11,0.0,33389152524.526455,2.323870909831714e-11,3.751632863783e-11,2.523038720495528e-23
12,13,Al,3p→4s,lower,2,10,5.0120037847808086e-11,-5.0120037847808086e-11,1.0,14548001762.908121,5.0120951154528425e-11,9.03077803556186e-11,1.9874313434257255e-22
12,13,Al,3p→4s,lower,2,11,9.030828723615326e-11,9.030828723615326e-11,-1.0,14548001762.908106,5.012003784780808e-11,9.030828723615328e-11,1.9874313434257255e-22
12,13,Al,3p→4s,lower,2,12,8.416671867090354e-11,2.0094124694172592e-11,0.0,12144817373.519852,6.172451872929916e-11,1.0177503058850162e-10,9.875660520242508e-23
12,13,Al,3p→4s,lower,3,4,2.9395054375554226e-11,2.0094124694172592e-11,0.0,90608845524.2569,2.497238511011811e-12,2.9332284108035084e-11,7.929277339780997e-23
12,13,Al,3p→4s,lower,3,5,2.9583794012039506e-11,2.0094124694172592e-11,0.0,34785341138.812,2.183547857387489e-11,3.665825013881956e-11,2.74972349466388e-23
12,13,Al,3p→4s,lower,3,6,2.9583794012039506e-11,2.0094124694172592e-11,0.0,28261236160.041553,2.953860700847548e-11,4.1762333214501597e-11,1.8618514769633307e-23
12,13,Al,3p→4s,lower,3,7,2.955907637152422e-11,2.0094124694172592e-11,0.0,34032841508.14052,2.2540160850839838e-11,3.713723157753042e-11,2.6339668150229808e-23
12,13,Al,3p→4s,lower,3,8,2.949458040523524e-11,2.0094124694172592e-11,0.0,28412115404.230644,2.93695312987323e-11,4.1562559865836017e-11,1.860367570155103e-23
12,13,Al,3p→4s,lower,3,9,2.949458040523524e-11,2.0094124694172592e-11,0.0,38794292999.221504,1.8352426406417718e-11,3.457451406893076e-11,3.3051999957358296e-23
12,13,Al,3p→4s,lower,3,10,9.030828723615326e-11,9.030828723615326e-11,-1.0,14548001762.908108,5.012003784780808e-11,9.030828723615328e-11,1.9874313434257253e-22
12,13,Al,3p→4s,lower,3,11,5.0120037847808086e-11,-5.0120037847808086e-11,1.0,14548001762.908113,5.0120951154528425e-11,9.03077803556186e-11,1.9874313434257262e-22
12,13,Al,3p→4s,lower,3,12,8.416671867090354e-11,2.0094124694172592e-11,0.0,12144817373.5202,6.174357591128222e-11,1.0176347034836106e-10,9.875660520243554e-23
12,13,Al,3p→4s,lower,4,5,3.738382462314971e-11,3.231068055245886e-11,-0.49999999999999983,57143017641.37397,5.249891783512055e-12,3.772814948616635e-11,1.165270463182262e-22
12,13,Al,3p→4s,lower,4,6,3.738382462314972e-11,3.2310680552458875e-11,-0.5000000000000004,45503242451.20777,1.0284204932153843e-11,3.8640127904562187e-11,9.565788297875908e-23
12,13,Al,3p→4s,lower,4,7,4.3133175027183916e-11,4.313317502718392e-11,-1.0,134291729754.3408,5.673330882505621e-13,4.313002642737344e-11,1.7784992345761695e-22
12,13,Al,3p→4s,lower,4,8,2.1522898739115384e-11,1.0659167443673422e-11,0.49999999999999983,29418034515.015533,3.0719085465985736e-11,3.7443531243963265e-11,5.763217018859532e-24
12,13,Al,3p→4s,lower,4,9,2.1522898739115374e-11,1.0659167443673407e-11,0.5000000000000004,26420900005.88429,3.4855809060697015e-11,4.09651566055144e-11,4.659830244115462e-24
12,13,Al,3p→4s,lower,4,10,7.341882589628164e-11,2.145449543841181e-11,0.0,14082139089.601885,4.891655699158711e-11,9.158503395241954e-11,1.1122856398157587e-22
12,13,Al,3p→4s,lower,4,11,7.341882589628164e-11,2.145449543841181e-11,0.0,14082139089.601912,4.882784096388444e-11,9.163236294444576e-11,1.1122856398157596e-22
12,13,Al,3p→4s,lower,4,12,6.027837851449691e-11,-6.027837851449691e-11,1.0,12454319523.301487,6.027932233259638e-11,1.0318681804068163e-10,2.271393412733281e-22
12,13,Al,3p→4s,lower,5,6,3.760692838780486e-11,3.256855534214117e-11,-0.4999999999999997,56847185049.54056,5.215940698849383e-12,3.7961482452380896e-11,1.179613275417053e-22
12,13,Al,3p→4s,lower,5,7,2.1695544527548168e-11,1.0873030433708064e-11,0.49999999999999983,44734092026.6267,1.753384617352103e-11,2.7806330002101297e-11,1.33532503091182e-23
12,13,Al,3p→4s,lower,5,8,4.3303026217570903e-11,4.33030262175709e-11,-0.9999999999999999,456679286120.66547,1.2171423861733564e-13,4.330302621757091e-11,1.8038865140686664e-22
12,13,Al,3p→4s,lower,5,9,2.1651769689030504e-11,1.0917042233355733e-11,0.4999999999999997,29242865865.422386,3.0903085943007394e-11,3.766783510839015e-11,5.832508389042785e-24
12,13,Al,3p→4s,lower,5,10,7.349459600809784e-11,2.171237022809412e-11,0.0,14078415619.17446,4.878705736584479e-11,9.177545596927748e-11,1.1382364524586526e-22
12,13,Al,3p→4s,lower,5,11,7.349459600809784e-11,2.171237022809412e-11,0.0,14078415619.305664,4.865741433751227e-11,9.184425575273977e-11,1.13823645248265e-22
12,13,Al,3p→4s,lower,5,12,9.447912004562487e-11,6.257880720454846e-11,-0.49999999999999983,12205654031.35412,6.013421538245357e-11,1.0337918335614994e-10,1.4332900101622348e-22
12,13,Al,3p→4s,lower,6,7,2.1695544527548158e-11,1.0873030433708056e-11,0.5000000000000004,65043841201.56018,8.99300494524468e-12,2.3485520118422853e-11,2.5239049624872458e-23
12,13,Al,3p→4s,lower,6,8,2.1651769689030504e-11,1.0917042233355733e-11,0.4999999999999997,44824520147.066124,1.7498603962222512e-11,2.7750067055390632e-11,1.3298663014479468e-23
12,13,Al,3p→4s,lower,6,9,4.3303026217570903e-11,4.3303026217570903e-11,-1.0,139063087413.0455,5.371882309386423e-13,4.329986515868215e-11,1.7935551284918893e-22
12,13,Al,3p→4s,lower,6,10,7.349459600809784e-11,2.171237022809412e-11,0.0,14078415619.370855,4.8589817496866205e-11,9.188003548327708e-11,1.1382364524945764e-22
12,13,Al,3p→4s,lower,6,11,7.349459600809784e-11,2.171237022809412e-11,0.0,14078415619.17445,4.879222004834739e-11,9.177271134460762e-11,1.138236452458652e-22
12,13,Al,3p→4s,lower,6,12,9.44791200456249e-11,6.257880720454851e-11,-0.5000000000000004,12205654031.354118,6.013725996158542e-11,1.0337741230733375e-10,1.4332900101622346e-22
12,13,Al,3p→4s,lower,7,8,3.747236966187013e-11,3.24740075835105e-11,-0.49999999999999983,57048921421.36975,5.1980089199534266e-12,3.7825653180991704e-11,1.1711486789355978e-22
12,13,Al,3p→4s,lower,7,9,3.7472369661870136e-11,3.2474007583510515e-11,-0.5000000000000004,45399924800.44039,1.0305914887924027e-11,3.873170065910289e-11,9.612783866263749e-23
12,13,Al,3p→4s,lower,7,10,7.348464989495647e-11,2.1678679588772115e-11,0.0,14078904233.7507,4.8740148641890617e-11,9.17844510292188e-11,1.134830985307664e-22
12,13,Al,3p→4s,lower,7,11,7.348464989495647e-11,2.1678679588772115e-11,0.0,14078904233.90893,4.8650311237718396e-11,9.183210090617432e-11,1.134830985336612e-22
12,13,Al,3p→4s,lower,7,12,1.0341155354168083e-10,1.0341155354168083e-10,-1.0,12459120994.487078,6.006017669592871e-11,1.0340807919057022e-10,2.3184571897846726e-22
12,13,Al,3p→4s,lower,8,9,3.739611314251508e-11,3.238598398421517e-11,-0.4999999999999997,57144740539.61735,5.245402968628541e-12,3.774056750463925e-11,1.1663652187283354e-22
12,13,Al,3p→4s,lower,8,10,7.345873023356457e-11,2.1590655989476783e-11,0.0,14080177786.55008,4.8809077384626546e-11,9.170629236817265e-11,1.1259548604245188e-22
12,13,Al,3p→4s,lower,8,11,7.345873023356457e-11,2.1590655989476783e-11,0.0,14080177786.507383,4.881733235878388e-11,9.170189832510152e-11,1.1259548604167053e-22
12,13,Al,3p→4s,lower,8,12,7.336043038388935e-11,-1.9275780986977564e-11,0.49999999999999983,12206006349.396303,6.025506437180023e-11,1.0325776212404664e-10,1.4177039076199545e-22
12,13,Al,3p→4s,lower,9,10,7.345873023356457e-11,2.1590655989476783e-11,0.0,14080177786.632956,4.86653977084172e-11,9.178261905686068e-11,1.125954860439695e-22
12,13,Al,3p→4s,lower,9,11,7.345873023356457e-11,2.1590655989476783e-11,0.0,14080177786.550062,4.883948351118627e-11,9.169010276696055e-11,1.1259548604245186e-22
12,13,Al,3p→4s,lower,9,12,7.336043038388933e-11,-1.9275780986977606e-11,0.5000000000000004,12206006349.39628,6.025059928192584e-11,1.0326036755447263e-10,1.4177039076199503e-22
12,13,Al,3p→4s,lower,10,11,1.4042832508396135e-10,1.4042832508396135e-10,-1.0,29821781673.066692,1.8852792364969367e-12,1.4039592724694183e-10,1.8682377956355208e-21
12,13,Al,3p→4s,lower,10,12,1.0775106173989074e-10,7.021416254198067e-11,0.0,9543691892.997168,7.958508135019558e-11,1.3342322721889608e-10,3.584240468737993e-22
12,13,Al,3p→4s,lower,11,12,1.0775106173989074e-10,7.021416254198067e-11,0.0,21341197856.790142,1.2033356131177621e-11,1.0776795350729545e-10,9.937256452473242e-22
12,13,Al,3p→4s,upper,0,1,8.217150054824335e-12,8.217150054824335e-12,-1.0,471237632789.0911,5.952077358250426e-13,7.978374608787077e-12,7.096850349555368e-24
12,13,Al,3p→4s,upper,0,2,1.5901883835968055e-11,-1.5901883835968055e-11,1.0,50514946241.219955,1.611630020308061e-11,2.3924659401547016e-11,8.374170497887955e-24
12,13,Al,3p→4s,upper,0,3,2.4178171559142227e-11,2.4178171559142227e-11,-1.0,50355702292.79168,1.6435426339950213e-11,2.4114554652828992e-11,8.363710669180917e-24
12,13,Al,3p→4s,upper,0,4,2.2040197557561967e-11,4.1083905859133856e-12,0.0,45849813241.80085,2.072067173172457e-11,2.573935398654544e-11,3.634729784463267e-24
12,13,Al,3p→4s,upper,0,5,2.2040197557561967e-11,4.1083905859133856e-12,0.0,45983948585.67239,1.8819225907457755e-11,2.451747843374326e-11,4.207896780751323e-24
12,13,Al,3p→4s,upper,0,6,2.2040197557561967e-11,4.1083905859133856e-12,0.0,45912592107.25483,1.9407524110223303e-11,2.5347482676296787e-11,3.904401238366323e-24
12,13,Al,3p→4s,upper,0,7,2.2040197557561967e-11,4.1083905859133856e-12,0.0,45936574702.71908,1.9060626928208536e-11,2.520675866604926e-11,4.00330308707473e-24
12,13,Al,3p→4s,upper,0,8,2.2040197557561967e-11,4.1083905859133856e-12,0.0,45922736023.9015,1.924665861918887e-11,2.5264528918661358e-11,3.947131063321934e-24
12,13,Al,3p→4s,upper,0,9,2.2040197557561967e-11,4.1083905859133856e-12,0.0,45934826239.79681,1.9527174127758763e-11,2.5046264045191254e-11,4.005280564495592e-24
12,13,Al,3p→4s,upper,0,10,6.15807441772176e-11,-6.15807441772176e-11,1.0,15238137410.18686,6.158706177101644e-11,6.979702356374215e-11,8.433242841293181e-24
12,13,Al,3p→4s,upper,0,11,7.253969312862152e-11,7.253969312862152e-11,-1.0,14626390206.48927,6.433053541794913e-11,7.253946958343601e-11,8.433729579217352e-24
12,13,Al,3p→4s,upper,0,12,1.5321488547212233e-10,-1.5321488547212233e-10,1.0,6357422626.432045,1.5321519342273985e-10,1.6143137436728676e-10,8.438357354383783e-24
12,13,Al,3p→4s,upper,1,2,2.4119033890792392e-11,2.4119033890792392e-11,-1.0,50508742326.742294,1.6375935835464696e-11,2.4055444208641894e-11,8.364717614704712e-24
12,13,Al,3p→4s,upper,1,3,1.596102150431789e-11,-1.596102150431789e-11,1.0,50361989992.433624,1.6175304145781522e-11,2.398442382971388e-11,8.376046602320032e-24
12,13,Al,3p→4s,upper,1,4,2.2040266321968622e-11,4.1087594689109495e-12,0.0,45999541339.82872,1.848100204963905e-11,2.4792834487971554e-11,4.260786772445926e-24
12,13,Al,3p→4s,upper,1,5,2.204026632196862e-11,4.1087594689109495e-12,0.0,45979500064.3714,1.878005191842247e-11,2.476670992241567e-11,4.186552583075942e-24
12,13,Al,3p→4s,upper,1,6,2.2040266321968622e-11,4.1087594689109495e-12,0.0,45962199889.24742,1.9304587489852768e-11,2.451308503527264e-11,4.1251690033317894e-24
12,13,Al,3p→4s,upper,1,7,2.2040266321968622e-11,4.1087594689109495e-12,0.0,45958727158.64183,1.9506880502669798e-11,2.443273134652143e-11,4.11227073948154e-24
12,13,Al,3p→4s,upper,1,8,2.204026632196862e-11,4.1087594689109495e-12,0.0,45952207374.38462,1.9115885335353167e-11,2.487682312973189e-11,4.0773571657351404e-24
12,13,Al,3p→4s,upper,1,9,2.2040266321968622e-11,4.1087594689109495e-12,0.0,45942109270.56939,1.9010691246897427e-11,2.5149381535407586e-11,4.027822186648437e-24
12,13,Al,3p→4s,upper,1,10,6.979789423204193e-11,6.979789423204193e-11,-1.0,15238140095.43326,6.158801984666517e-11,6.979767119527209e-11,8.434756199243788e-24
12,13,Al,3p→4s,upper,1,11,6.43225430737972e-11,-6.43225430737972e-11,1.0,14626392580.866386,6.43288444395319e-11,7.25395589974239e-11,8.43524311211354e-24
12,13,Al,3p→4s,upper,1,12,1.6143203552694667e-10,1.6143203552694667e-10,-1.0,6357422821.194589,1.5321451658912476e-10,1.614320355269467e-10,8.439872550448871e-24
12,13,Al,3p→4s,upper,2,3,4.008005539511028e-11,4.008005539511028e-11,-1.0,50427739006.01524,1.0529482815592917e-11,4.003325108509309e-11,1.3187261147263966e-22
12,13,Al,3p→4s,upper,2,4,2.9483936602986745e-11,2.0010274421881442e-11,0.0,34888197268.51978,2.2850266457895708e-11,3.651592463650466e-11,2.722818749526124e-23
12,13,Al,3p→4s,upper,2,5,2.9483936602986745e-11,2.0010274421881442e-11,0.0,46282691250.331314,1.3407332391974666e-11,3.1480702608596464e-11,4.4282500253471255e-23
12,13,Al,3p→4s,upper,2,6,2.9483936602986745e-11,2.0010274421881442e-11,0.0,28661631372.56489,2.917795598073352e-11,4.088633081880773e-11,1.8880659345023846e-23
12,13,Al,3p→4s,upper,2,7,2.9483936602986745e-11,2.0010274421881442e-11,0.0,28426448917.511658,2.934679652474328e-11,4.0720882035494974e-11,1.8593351797097958e-23
12,13,Al,3p→4s,upper,2,8,2.9483936602986745e-11,2.0010274421881442e-11,0.0,50106243976.14195,1.1941869860688865e-11,3.10916039046309e-11,4.955503295297528e-23
12,13,Al,3p→4s,upper,2,9,2.9483936602986745e-11,2.0010274421881442e-11,0.0,33388889907.13658,2.4827379875004214e-11,3.7498961350871993e-11,2.5114405286238545e-23
12,13,Al,3p→4s,upper,2,10,4.567886034124954e-11,-4.567886034124954e-11,1.0,15596085401.222645,4.5705404951225696e-11,8.569388008175103e-11,1.9666657129342134e-22
12,13,Al,3p→4s,upper,2,11,8.844157696458958e-11,8.844157696458958e-11,-1.0,14941465389.444048,5.009747766165875e-11,8.84415769645896e-11,1.9694551986968926e-22
12,13,Al,3p→4s,upper,2,12,1.373130016361543e-10,-1.373130016361543e-10,1.0,6382283058.6644745,1.3732806176048268e-10,1.7732188809408977e-10,1.9959660290622936e-22
12,13,Al,3p→4s,upper,3,4,2.952435509004925e-11,2.006978097322884e-11,0.0,113480725988.49554,2.6325704465590113e-12,2.8646484612364197e-11,8.832494881763983e-23
12,13,Al,3p→4s,upper,3,5,2.952435509004925e-11,2.006978097322884e-11,0.0,34865786265.4819,2.1928318253781294e-11,3.608652838039343e-11,2.7446746452380566e-23
12,13,Al,3p→4s,upper,3,6,2.952435509004925e-11,2.006978097322884e-11,0.0,28318199506.96406,2.9728498112115914e-11,4.134556538664567e-11,1.855228006868295e-23
12,13,Al,3p→4s,upper,3,7,2.952435509004925e-11,2.006978097322884e-11,0.0,34074043553.598698,2.2934077568614903e-11,3.677638018146393e-11,2.6284319015110235e-23
12,13,Al,3p→4s,upper,3,8,2.952435509004925e-11,2.006978097322884e-11,0.0,28385451586.67717,2.9575480713092985e-11,4.121487633051805e-11,1.8639765387092604e-23
12,13,Al,3p→4s,upper,3,9,2.952435509004925e-11,2.006978097322884e-11,0.0,38789231011.7308,1.842003830319847e-11,3.4018537734269235e-11,3.323939444239702e-23
12,13,Al,3p→4s,upper,3,10,8.575891573635982e-11,8.575891573635982e-11,-1.0,15598295571.717438,4.7330116234764284e-11,8.575891573635984e-11,1.9781216317582647e-22
12,13,Al,3p→4s,upper,3,11,4.83615215694793e-11,-4.83615215694793e-11,1.0,14943611545.615473,4.83877185395465e-11,8.849548936074289e-11,1.9810196794938342e-22
12,13,Al,3p→4s,upper,3,12,1.7739305703126458e-10,1.7739305703126458e-10,-1.0,6382439029.781442,1.372602119013251e-10,1.7738785985713885e-10,2.0078183004711844e-22
12,13,Al,3p→4s,upper,4,5,3.75056569801119e-11,3.248085173040206e-11,-0.49999999999999983,66803509442.68244,5.260768243857439e-12,3.6311320855189906e-11,1.2886157277053624e-22
12,13,Al,3p→4s,upper,4,6,3.750565698011191e-11,3.2480851730402065e-11,-0.5000000000000004,44357002420.6864,1.2913717214286576e-11,3.866311670669339e-11,9.381553981705739e-23
12,13,Al,3p→4s,upper,4,7,4.3307802307202744e-11,4.3307802307202744e-11,-1.0,54186612196.89668,7.291173463681857e-12,4.2853347529139824e-11,1.6853771642981626e-22
12,13,Al,3p→4s,upper,4,8,2.1653901153601375e-11,1.0826950576800691e-11,0.49999999999999983,29239819848.336735,3.0906376754176464e-11,3.7346767400534844e-11,5.8348629882085346e-24
12,13,Al,3p→4s,upper,4,9,2.1653901153601363e-11,1.0826950576800676e-11,0.5000000000000004,26260660179.669216,3.5701088484529954e-11,4.121509439938278e-11,4.71643826329844e-24
12,13,Al,3p→4s,upper,4,10,6.916613232716372e-11,2.1653901153601372e-11,0.0,15025338629.525385,4.5147113121161954e-11,8.726016191922976e-11,1.1266617950195597e-22
12,13,Al,3p→4s,upper,4,11,7.177558500535954e-11,2.1653901153601372e-11,0.0,14437650259.883917,4.6847300169675194e-11,8.931217870627333e-11,1.1302501703133216e-22
12,13,Al,3p→4s,upper,4,12,1.5880650057476507e-10,2.1653901153601372e-11,0.0,6341405246.990906,1.357507340406245e-10,1.7891547573375914e-10,1.1642545922543554e-22
12,13,Al,3p→4s,upper,5,6,3.75056569801119e-11,3.248085173040205e-11,-0.4999999999999997,54575315781.11595,8.168552633048441e-12,3.7472141520077243e-11,1.1516981825460578e-22
12,13,Al,3p→4s,upper,5,7,2.1653901153601375e-11,1.0826950576800688e-11,0.49999999999999983,44830693493.785126,1.7500179739628118e-11,2.7309946944617107e-11,1.33284149196056e-23
12,13,Al,3p→4s,upper,5,8,4.330780230720274e-11,4.3307802307202744e-11,-0.9999999999999999,45923696794.67804,1.3382846901947318e-11,4.330780230720275e-11,1.5213569318236358e-22
12,13,Al,3p→4s,upper,5,9,2.1653901153601375e-11,1.082695057680069e-11,0.4999999999999997,29239819848.337067,3.09063767541759e-11,3.7346767400535464e-11,5.8348629882086514e-24
12,13,Al,3p→4s,upper,5,10,6.916613232716372e-11,2.1653901153601372e-11,0.0,15025361320.638374,4.476252540692389e-11,8.7063577682316e-11,1.1266690959989165e-22
12,13,Al,3p→4s,upper,5,11,7.177558500535954e-11,2.1653901153601372e-11,0.0,14437648461.098923,4.6934228278460515e-11,8.914698306499044e-11,1.1302496878196223e-22
12,13,Al,3p→4s,upper,5,12,1.5880650057476507e-10,2.1653901153601372e-11,0.0,6341405174.220632,1.3671410559516033e-10,1.7818042142985601e-10,1.1642542199610844e-22
12,13,Al,3p→4s,upper,6,7,2.1653901153601363e-11,1.0826950576800678e-11,0.5000000000000004,64582212305.15262,1.1195453567522563e-11,2.344044513127368e-11,2.465274076153792e-23
12,13,Al,3p→4s,upper,6,8,2.1653901153601375e-11,1.0826950576800691e-11,0.4999999999999997,44830693493.78389,1.7500179739628887e-11,2.7309946944617956e-11,1.3328414919605008e-23
12,13,Al,3p→4s,upper,6,9,4.3307802307202744e-11,4.3307802307202744e-11,-1.0,54186612196.914085,7.291173463673407e-12,4.2853347529138487e-11,1.6853771642984337e-22
12,13,Al,3p→4s,upper,6,10,6.916613232716372e-11,2.1653901153601372e-11,0.0,15025365285.479025,4.5187470324443224e-11,8.645523936792536e-11,1.1266712284636084e-22
12,13,Al,3p→4s,upper,6,11,7.177558500535954e-11,2.1653901153601372e-11,0.0,14437623602.672047,4.782196341715878e-11,8.908487724521947e-11,1.1302414270901403e-22
12,13,Al,3p→4s,upper,6,12,1.5880650057476507e-10,2.1653901153601372e-11,0.0,6341405199.46372,1.3749072373832665e-10,1.7758184066935685e-10,1.1642543517176926e-22
12,13,Al,3p→4s,upper,7,8,3.75056569801119e-11,3.248085173040206e-11,-0.49999999999999983,54575315781.12218,8.168552633043546e-12,3.747214152007616e-11,1.151698182546148e-22
12,13,Al,3p→4s,upper,7,9,3.750565698011191e-11,3.2480851730402065e-11,-0.5000000000000004,44357002420.6846,1.291371721429148e-11,3.866311670669414e-11,9.381553981705259e-23
12,13,Al,3p→4s,upper,7,10,6.916613232716372e-11,2.1653901153601372e-11,0.0,15025310964.716251,4.57536808140299e-11,8.67525230058187e-11,1.126653843585296e-22
12,13,Al,3p→4s,upper,7,11,7.177558500535954e-11,2.1653901153601372e-11,0.0,14437571866.543863,4.8655460658874574e-11,8.953507145611262e-11,1.1302226432439556e-22
12,13,Al,3p→4s,upper,7,12,1.5880650057476507e-10,2.1653901153601372e-11,0.0,6341405217.317954,1.3698837290509454e-10,1.7796964611534302e-10,1.1642544434355772e-22
12,13,Al,3p→4s,upper,8,9,3.75056569801119e-11,3.248085173040205e-11,-0.4999999999999997,66803509442.68974,5.260768243855756e-12,3.6311320855187644e-11,1.2886157277054256e-22
12,13,Al,3p→4s,upper,8,10,6.916613232716372e-11,2.1653901153601372e-11,0.0,15025316910.537624,4.5576558803325586e-11,8.724586496910962e-11,1.126655027864436e-22
12,13,Al,3p→4s,upper,8,11,7.177558500535954e-11,2.1653901153601372e-11,0.0,14437606347.50712,4.745991108430765e-11,8.978880153750821e-11,1.1302345367532827e-22
12,13,Al,3p→4s,upper,8,12,1.5880650057476507e-10,2.1653901153601372e-11,0.0,6341405162.361495,1.3732992984075737e-10,1.7770621716624956e-10,1.1642541595094101e-22
12,13,Al,3p→4s,upper,9,10,6.916613232716372e-11,2.1653901153601372e-11,0.0,15025318335.042929,4.578203732278099e-11,8.732114212687921e-11,1.1266553359316189e-22
12,13,Al,3p→4s,upper,9,11,7.177558500535954e-11,2.1653901153601372e-11,0.0,14437630977.232687,4.7024410302586974e-11,8.961852350977711e-11,1.1302432033053823e-22
12,13,Al,3p→4s,upper,9,12,1.5880650057476507e-10,2.1653901153601372e-11,0.0,6341405227.129562,1.3596157004278742e-10,1.7875530963052795e-10,1.164254490751745e-22
12,13,Al,3p→4s,upper,10,11,1.3412043730583913e-10,1.3412043730583913e-10,-1.0,25383445115.10172,3.280284980281414e-12,1.3408950768058912e-10,1.6933181211955688e-21
12,13,Al,3p→4s,upper,10,12,9.163414129490474e-11,-9.163414129490474e-11,1.0,6664352137.714719,9.163668226526965e-11,2.2301136673841856e-10,2.0848237279457474e-21
12,13,Al,3p→4s,upper,11,12,2.2575457860074386e-10,2.2575457860074386e-10,-1.0,6693916859.657338,8.889208266512723e-11,2.2575453562244399e-10,2.255557520543945e-21
13,14,Si,3p²→3p4s,lower,0,1,7.626215708333829e-12,7.626215708333829e-12,-1.0,438976583134.60425,6.836087056433436e-13,7.435010558374607e-12,5.9238548612108545e-24
13,14,Si,3p²→3p4s,lower,0,2,1.4601337930692453e-11,-1.4601337930692453e-11,1.0,54901797161.62341,1.460617936303557e-11,2.222437253460494e-11,7.211023830853363e-24
13,14,Si,3p²→3p4s,lower,0,3,2.2227553639026278e-11,2.2227553639026278e-11,-1.0,54901797161.62341,1.461222661359974e-11,2.222039701568981e-11,7.211023830853382e-24
13,14,Si,3p²→3p4s,lower,0,4,1.988434549296246e-11,3.813107854166914e-12,0.0,51001128717.40686,1.6123690978570894e-11,2.303911848562228e-11,3.585155512460057e-24
13,14,Si,3p²→3p4s,lower,0,5,1.9884345492962452e-11,3.813107854166914e-12,0.0,51001137165.42393,1.573197430444997e-11,2.3308354207260508e-11,3.58516354872698e-24
13,14,Si,3p²→3p4s,lower,0,6,2.010634647962226e-11,3.813107854166914e-12,0.0,50422220649.8833,1.61049377451597e-11,2.3434191211598642e-11,3.586294028293433e-24
13,14,Si,3p²→3p4s,lower,0,7,1.9979479913593643e-11,3.813107854166914e-12,0.0,50751406464.012665,1.5958760973580424e-11,2.331688622915824e-11,3.58564851379929e-24
13,14,Si,3p²→3p4s,lower,0,8,1.997947991359364e-11,3.813107854166914e-12,0.0,50751402290.3695,1.606255523430126e-11,2.3245506115815265e-11,3.585644374645469e-24
13,14,Si,3p²→3p4s,lower,0,9,1.9907510190438296e-11,3.813107854166914e-12,0.0,50940099389.59516,1.583363291362932e-11,2.3279046215883572e-11,3.585281916550954e-24
13,14,Si,3p²→3p4s,lower,0,10,5.923319723654215e-11,-5.923319723654215e-11,1.0,15875892725.210848,5.923400459207884e-11,6.685494313201832e-11,7.264906525503087e-24
13,14,Si,3p²→3p4s,lower,0,11,6.685941294487598e-11,6.685941294487598e-11,-1.0,15875892725.210855,5.923400459207884e-11,6.68549431320183e-11,7.264906525503078e-24
13,14,Si,3p²→3p4s,lower,0,12,7.16751141961086e-11,3.813107854166914e-12,0.0,13966678324.148565,6.799010601287995e-11,7.529629137484816e-11,3.631240687885396e-24
13,14,Si,3p²→3p4s,lower,0,13,7.16751141961086e-11,3.813107854166914e-12,0.0,13966678324.147764,6.788493869297319e-11,7.536872980677212e-11,3.631240687848986e-24
13,14,Si,3p²→3p4s,lower,1,2,2.2227553639026278e-11,2.2227553639026278e-11,-1.0,54901797161.623405,1.4612226613599742e-11,2.2220397015689805e-11,7.211023830853372e-24
13,14,Si,3p²→3p4s,lower,1,3,1.4601337930692453e-11,-1.4601337930692453e-11,1.0,54901797161.62345,1.4606179363035563e-11,2.2224372534604948e-11,7.211023830853375e-24
13,14,Si,3p²→3p4s,lower,1,4,1.988434549296246e-11,3.813107854166914e-12,0.0,51001133878.34364,1.5847075417036483e-11,2.32302516579944e-11,3.5851604914406564e-24
13,14,Si,3p²→3p4s,lower,1,5,1.9884345492962452e-11,3.813107854166914e-12,0.0,51001134372.27387,1.58722147717842e-11,2.3213082294373306e-11,3.585160981334768e-24
13,14,Si,3p²→3p4s,lower,1,6,2.010634647962226e-11,3.813107854166914e-12,0.0,50422224316.40653,1.593165967188157e-11,2.3552336563843926e-11,3.5862975526893286e-24
13,14,Si,3p²→3p4s,lower,1,7,1.9979479913593643e-11,3.813107854166914e-12,0.0,50751410352.64969,1.598954486738306e-11,2.3295786961794803e-11,3.585652403350653e-24
13,14,Si,3p²→3p4s,lower,1,8,1.997947991359364e-11,3.813107854166914e-12,0.0,50751411231.61261,1.5876181111517957e-11,2.3373192091574988e-11,3.5856531858437195e-24
13,14,Si,3p²→3p4s,lower,1,9,1.9907510190438296e-11,3.813107854166914e-12,0.0,50940097204.0414,1.582386964476616e-11,2.3285683872934832e-11,3.585279721954844e-24
13,14,Si,3p²→3p4s,lower,1,10,6.685941294487598e-11,6.685941294487598e-11,-1.0,15875892725.210861,5.923400459207884e-11,6.68549431320183e-11,7.264906525503088e-24
13,14,Si,3p²→3p4s,lower,1,11,5.923319723654215e-11,-5.923319723654215e-11,1.0,15875892725.210848,5.923400459207884e-11,6.685494313201832e-11,7.264906525503082e-24
13,14,Si,3p²→3p4s,lower,1,12,7.16751141961086e-11,3.813107854166914e-12,0.0,13966678324.147074,6.796882397205044e-11,7.525387276372868e-11,3.631240687820624e-24
13,14,Si,3p²→3p4s,lower,1,13,7.16751141961086e-11,3.813107854166914e-12,0.0,13966678324.151966,6.784899895025907e-11,7.522681923952845e-11,3.6312406880316766e-24
13,14,Si,3p²→3p4s,lower,2,3,3.682889156971873e-11,3.682889156971873e-11,-1.0,114886218979.71596,8.263690369834623e-13,3.681961934171528e-11,1.2906878667796518e-22
13,14,Si,3p²→3p4s,lower,2,4,2.6831683095540464e-11,1.8414445784859365e-11,0.0,44895763791.928474,1.5175313167655708e-11,3.077349076107174e-11,2.992667964532329e-23
13,14,Si,3p²→3p4s,lower,2,5,2.683168309554046e-11,1.8414445784859365e-11,0.0,42384951955.33968,1.675140668283929e-11,3.1612290917818694e-11,2.710908005287508e-23
13,14,Si,3p²→3p4s,lower,2,6,2.699661443245493e-11,1.8414445784859365e-11,0.0,32553918370.98426,2.5155328288285996e-11,3.684852452557616e-11,1.7074874126013152e-23
13,14,Si,3p²→3p4s,lower,2,7,2.69022608654683e-11,1.8414445784859365e-11,0.0,31095996006.135742,2.690226086546829e-11,3.7920457755754945e-11,1.5443751722755046e-23
13,14,Si,3p²→3p4s,lower,2,8,2.6902260865468297e-11,1.8414445784859365e-11,0.0,67412388514.6625,6.217195684024674e-12,2.7532575320768096e-11,5.2830151538912814e-23
13,14,Si,3p²→3p4s,lower,2,9,2.684885442692891e-11,1.8414445784859365e-11,0.0,34413884761.437904,2.3259451974258307e-11,3.550377640867224e-11,1.8591066633668592e-23
13,14,Si,3p²→3p4s,lower,2,10,4.4631859305849694e-11,-4.4631859305849694e-11,1.0,16216901551.51559,4.463218272035162e-11,8.146057367785799e-11,1.6679421643512077e-22
13,14,Si,3p²→3p4s,lower,2,11,8.146075087556843e-11,8.146075087556843e-11,-1.0,16216901551.515608,4.463388058605004e-11,8.145964339560302e-11,1.6679421643512075e-22
13,14,Si,3p²→3p4s,lower,2,12,7.390449253652462e-11,1.8414445784859365e-11,0.0,13859136251.018736,5.323867361651949e-11,8.99410455004619e-11,8.276221352020627e-23
13,14,Si,3p²→3p4s,lower,2,13,7.390449253652463e-11,1.8414445784859365e-11,0.0,13859136251.020662,5.319520651163057e-11,8.996676074166189e-11,8.276221352024496e-23
13,14,Si,3p²→3p4s,lower,3,4,2.6831683095540464e-11,1.8414445784859365e-11,0.0,60895164286.521484,8.100864613844476e-12,2.7935891882992278e-11,4.6898465130580365e-23
13,14,Si,3p²→3p4s,lower,3,5,2.683168309554046e-11,1.8414445784859365e-11,0.0,33509579284.163677,2.424639072638301e-11,3.6057039826987194e-11,1.763819028453436e-23
13,14,Si,3p²→3p4s,lower,3,6,2.699661443245493e-11,1.8414445784859365e-11,0.0,32553918370.984184,2.5215756018360702e-11,3.6807199695520645e-11,1.7074874126013076e-23
13,14,Si,3p²→3p4s,lower,3,7,2.69022608654683e-11,1.8414445784859365e-11,0.0,32666784548.987457,2.509794919205841e-11,3.670200740002322e-11,1.6968825767398948e-23
13,14,Si,3p²→3p4s,lower,3,8,2.6902260865468297e-11,1.8414445784859365e-11,0.0,33422377351.642952,2.42736366424115e-11,3.6174557598789405e-11,1.772147847562933e-23
13,14,Si,3p²→3p4s,lower,3,9,2.684885442692891e-11,1.8414445784859365e-11,0.0,60848569917.29309,8.026668751655822e-12,2.7977419135479505e-11,4.694597288899448e-23
13,14,Si,3p²→3p4s,lower,3,10,8.146075087556843e-11,8.146075087556843e-11,-1.0,16216901551.515608,4.463388058605004e-11,8.145964339560302e-11,1.6679421643512054e-22
13,14,Si,3p²→3p4s,lower,3,11,4.4631859305849694e-11,-4.4631859305849694e-11,1.0,16216901551.515593,4.463218272035161e-11,8.146057367785798e-11,1.6679421643512094e-22
13,14,Si,3p²→3p4s,lower,3,12,7.390449253652462e-11,1.8414445784859365e-11,0.0,13859136251.014965,5.3452423458301386e-11,8.981417739197348e-11,8.276221352013195e-23
13,14,Si,3p²→3p4s,lower,3,13,7.390449253652463e-11,1.8414445784859365e-11,0.0,13859136251.015278,5.3406851318640316e-11,8.98412837530225e-11,8.276221352013821e-23
13,14,Si,3p²→3p4s,lower,4,5,3.380151198582632e-11,2.9272968066049784e-11,-0.49999999999999967,64644974491.16227,4.408299761457078e-12,3.4070879873186e-11,9.65420399090417e-23
13,14,Si,3p²→3p4s,lower,4,6,3.399755285196711e-11,2.938604374501552e-11,-0.5000000000000004,51370336313.479805,8.654760434359917e-12,3.501477535684796e-11,8.142055106922357e-23
13,14,Si,3p²→3p4s,lower,4,7,3.91275486862467e-11,3.912754868624671e-11,-1.0,80932038661.35718,1.7581191934166263e-12,3.908815009020098e-11,1.444221133207388e-22
13,14,Si,3p²→3p4s,lower,4,8,1.9563954414482543e-11,9.709193722926441e-12,0.49999999999999967,33754680670.701626,2.649644504168756e-11,3.293045892754875e-11,5.173685394175169e-24
13,14,Si,3p²→3p4s,lower,4,9,1.952712385011549e-11,9.745854913837882e-12,0.5000000000000004,30056266110.355595,3.050082813118963e-11,3.616846136017043e-11,4.083829826894018e-24
13,14,Si,3p²→3p4s,lower,4,10,6.599760593966082e-11,1.951531204403319e-11,0.0,15678667679.775043,4.360056915120749e-11,8.252489532998077e-11,9.19471787330289e-23
13,14,Si,3p²→3p4s,lower,4,11,6.599760593966082e-11,1.951531204403319e-11,0.0,15678667679.592085,4.379592665575059e-11,8.242138550095856e-11,9.194717873060654e-23
13,14,Si,3p²→3p4s,lower,4,12,5.205830183369202e-11,-5.205830183369202e-11,1.0,14242759351.52286,5.2058635432744326e-11,9.108873526549807e-11,1.8773555581261922e-22
13,14,Si,3p²→3p4s,lower,4,13,8.306871262176054e-11,5.530211898289578e-11,-0.49999999999999967,13936209298.574686,5.249161482522883e-11,9.083991186932752e-11,1.156187206881208e-22
13,14,Si,3p²→3p4s,lower,5,6,3.3997552851967106e-11,2.9386043745015494e-11,-0.4999999999999998,64146638218.162796,4.631843275255199e-12,3.4243007859136506e-11,9.762000002665349e-23
13,14,Si,3p²→3p4s,lower,5,7,1.9563954414482543e-11,9.709193722926435e-12,0.49999999999999967,51875586596.9533,1.470917228949061e-11,2.446861816232611e-11,1.1790838715837037e-23
13,14,Si,3p²→3p4s,lower,5,8,3.9127548686246696e-11,3.912754868624669e-11,-0.9999999999999998,74037322205.79668,2.6338472153998187e-12,3.9038920443811833e-11,1.4379781843536694e-22
13,14,Si,3p²→3p4s,lower,5,9,1.9527123850115503e-11,9.74585491383789e-12,0.4999999999999998,33818129094.648373,2.644307265838864e-11,3.2871630632050525e-11,5.154394998374302e-24
13,14,Si,3p²→3p4s,lower,5,10,6.599760593966082e-11,1.9515312044033185e-11,0.0,15678667679.673496,4.374310925087305e-11,8.244942918298282e-11,9.194717873168453e-23
13,14,Si,3p²→3p4s,lower,5,11,6.599760593966082e-11,1.9515312044033185e-11,0.0,15678667679.820229,4.356505673471878e-11,8.254364791571936e-11,9.194717873362713e-23
13,14,Si,3p²→3p4s,lower,5,12,8.306871262176053e-11,5.5302118982895773e-11,-0.49999999999999967,13936209298.635742,5.214851813936918e-11,9.103730702989439e-11,1.156187206893476e-22
13,14,Si,3p²→3p4s,lower,5,13,5.205830183369203e-11,-5.2058301833692024e-11,0.9999999999999998,14242759351.522852,5.205863543274433e-11,9.108873526549809e-11,1.877355558126188e-22
13,14,Si,3p²→3p4s,lower,6,7,1.9677168278448078e-11,9.935345080857869e-12,0.5000000000000004,74191978445.33405,7.699491274845648e-12,2.104643434354892e-11,2.180616263238274e-23
13,14,Si,3p²→3p4s,lower,6,8,1.967716827844809e-11,9.935345080857885e-12,0.4999999999999998,51577052947.8133,1.478780852608609e-11,2.4614092160937378e-11,1.1927245610775643e-23
13,14,Si,3p²→3p4s,lower,6,9,3.928037766235523e-11,3.928037766235524e-11,-1.0000000000000002,73686457108.69875,2.6500687368318835e-12,3.919140506720926e-11,1.4489369746403166e-22
13,14,Si,3p²→3p4s,lower,6,10,6.606483151300605e-11,1.9741463401964634e-11,0.0,15674573427.31755,4.342757760827955e-11,8.272345150415696e-11,9.401303125312555e-23
13,14,Si,3p²→3p4s,lower,6,11,6.606483151300605e-11,1.9741463401964634e-11,0.0,15674573427.216827,4.367554744114873e-11,8.25927992103411e-11,9.401303125179462e-23
13,14,Si,3p²→3p4s,lower,6,12,8.321944159679438e-11,5.5528270340827284e-11,-0.5000000000000004,13935317282.440306,5.205260254155047e-11,9.11895922251492e-11,1.182335305027914e-22
13,14,Si,3p²→3p4s,lower,6,13,8.321944159679438e-11,5.552827034082723e-11,-0.4999999999999998,13935317282.44029,5.2044178163890565e-11,9.11944004902869e-11,1.1823353050279123e-22
13,14,Si,3p²→3p4s,lower,7,8,3.3969390314377834e-11,2.9418354963320266e-11,-0.49999999999999967,64143073540.955284,4.92618328977983e-12,3.417226234763439e-11,9.746997529376338e-23
13,14,Si,3p²→3p4s,lower,7,9,3.390591108924488e-11,2.938169377240883e-11,-0.5000000000000004,51514901539.481285,8.527828504512275e-12,3.494526739703248e-11,8.099588466627185e-23
13,14,Si,3p²→3p4s,lower,7,10,6.602633119976416e-11,1.9612236642213514e-11,0.0,15676917860.36521,4.3469441953414513e-11,8.263994457682452e-11,9.283008351349833e-23
13,14,Si,3p²→3p4s,lower,7,11,6.602633119976416e-11,1.9612236642213514e-11,0.0,15676917860.365202,4.3469441953414494e-11,8.263994457682449e-11,9.283008351349832e-23
13,14,Si,3p²→3p4s,lower,7,12,9.118585051993873e-11,9.118585051993874e-11,-1.0,14245580826.411776,5.1969773198054815e-11,9.11810656496101e-11,1.895776121658589e-22
13,14,Si,3p²→3p4s,lower,7,13,6.406015436228295e-11,-1.617457029664908e-11,0.49999999999999967,13935828600.91762,5.2036860861491495e-11,9.114279549661369e-11,1.1673613905766984e-22
13,14,Si,3p²→3p4s,lower,8,9,3.390591108924487e-11,2.9381693772408804e-11,-0.4999999999999998,64341388188.910385,4.6145224517339214e-12,3.415071411541068e-11,9.711800591373222e-23
13,14,Si,3p²→3p4s,lower,8,10,6.602633119976416e-11,1.9612236642213507e-11,0.0,15676917860.164743,4.3801271259070264e-11,8.246454668214242e-11,9.283008351084618e-23
13,14,Si,3p²→3p4s,lower,8,11,6.602633119976416e-11,1.9612236642213507e-11,0.0,15676917860.253952,4.3555640304312167e-11,8.259454595240097e-11,9.28300835120266e-23
13,14,Si,3p²→3p4s,lower,8,12,6.406015436228295e-11,-1.6174570296649078e-11,0.49999999999999967,13935828600.917591,5.2173815042234334e-11,9.106446663322904e-11,1.167361390576692e-22
13,14,Si,3p²→3p4s,lower,8,13,9.118585051993873e-11,9.118585051993871e-11,-0.9999999999999998,14245580826.411774,5.196137723551171e-11,9.118585051993874e-11,1.8957761216585917e-22
13,14,Si,3p²→3p4s,lower,9,10,6.600458890157307e-11,1.9538914260390603e-11,0.0,15678242258.453175,4.3541514186524886e-11,8.256723354016396e-11,9.216183201110283e-23
13,14,Si,3p²→3p4s,lower,9,11,6.600458890157307e-11,1.9538914260390603e-11,0.0,15678242258.303144,4.3719877598872474e-11,8.247292776948646e-11,9.216183200911666e-23
13,14,Si,3p²→3p4s,lower,9,12,6.407870683097012e-11,-1.6247892678472037e-11,0.5000000000000004,13936116815.849976,5.211578179531912e-11,9.106617393877856e-11,1.1589037559317407e-22
13,14,Si,3p²→3p4s,lower,9,13,6.407870683097014e-11,-1.624789267847199e-11,0.4999999999999998,13936116815.849937,5.216576481084408e-11,9.103755120654822e-11,1.1589037559317342e-22
13,14,Si,3p²→3p4s,lower,10,11,1.2609261018141813e-10,1.2609261018141813e-10,-1.0,5827870276497149.0,3.813107854166914e-18,1.260157979702039e-10,1.5111445101842e-21
13,14,Si,3p²→3p4s,lower,10,12,9.538143838875815e-11,6.304630509070906e-11,0.0,12600143972.478085,5.4223365210620235e-11,1.0935934921098505e-10,3.722992688191793e-22
13,14,Si,3p²→3p4s,lower,10,13,9.538143838875815e-11,6.304630509070906e-11,0.0,11904578102.735083,5.984376575340924e-11,1.1224027339691563e-10,3.375944203833629e-22
13,14,Si,3p²→3p4s,lower,11,12,9.538143838875815e-11,6.304630509070906e-11,0.0,16941666021.02321,2.9408857015078706e-11,9.940565146710111e-11,5.787327512752992e-22
13,14,Si,3p²→3p4s,lower,11,13,9.538143838875815e-11,6.304630509070906e-11,0.0,9430791580.295168,8.604791667714833e-11,1.2815085163852434e-10,2.2034063690265746e-22
13,14,Si,3p²→3p4s,lower,12,13,1.2396913571753695e-10,1.073604208165878e-10,-0.49999999999999967,17605706340.488014,1.5974543870116708e-11,1.24949798072342e-10,1.2984059301126212e-21
13,14,Si,3p²→3p4s,upper,0,1,7.625981453659123e-12,7.625981453659123e-12,-1.0,438990037787.4558,6.835877764879029e-13,7.43478217727527e-12,5.923490824441656e-24
13,14,Si,3p²→3p4s,upper,0,2,1.4532072612685191e-11,-1.4532072612685191e-11,1.0,55112113819.18991,1.483581419610615e-11,2.2043691828705873e-11,7.206394273373606e-24
13,14,Si,3p²→3p4s,upper,0,3,2.2205459235155217e-11,2.2205459235155217e-11,-1.0,54958888292.1224,1.5245445396350127e-11,2.2192741830271724e-11,7.197174846978703e-24
13,14,Si,3p²→3p4s,upper,0,4,1.9830746480721165e-11,3.812836227878947e-12,0.0,50990501392.67223,1.8478158014401913e-11,2.3243336790226427e-11,3.1205476253289883e-24
13,14,Si,3p²→3p4s,upper,0,5,2.005796178132626e-11,3.812836227878947e-12,0.0,50550524345.25463,1.716822446386178e-11,2.201351714176252e-11,3.6090263488165306e-24
13,14,Si,3p²→3p4s,upper,0,6,2.005796178132626e-11,3.812836227878947e-12,0.0,50434819857.470856,1.8293315631705158e-11,2.3299003504038706e-11,3.2360091119492396e-24
13,14,Si,3p²→3p4s,upper,0,7,2.003061950389613e-11,3.812836227878947e-12,0.0,50543745809.11222,1.763719829605024e-11,2.3045386136218167e-11,3.359665078443021e-24
13,14,Si,3p²→3p4s,upper,0,8,1.99560403273641e-11,3.812836227878947e-12,0.0,50828180119.41221,1.6783684767005853e-11,2.2380916020542565e-11,3.637027620987063e-24
13,14,Si,3p²→3p4s,upper,0,9,1.99560403273641e-11,3.812836227878947e-12,0.0,50712966405.608734,1.7777565568608224e-11,2.313412736313176e-11,3.2806078737287375e-24
13,14,Si,3p²→3p4s,upper,0,10,5.550046824844003e-11,-5.550046824844003e-11,1.0,16877081669.51709,5.5501278826206527e-11,6.312168716780152e-11,7.263224205049704e-24
13,14,Si,3p²→3p4s,upper,0,11,6.531589780029138e-11,6.531589780029138e-11,-1.0,16275009388.244316,5.769103394472862e-11,6.531143467090464e-11,7.26361863142979e-24
13,14,Si,3p²→3p4s,upper,0,12,7.050564868204533e-11,3.812836227878947e-12,0.0,14198844452.692436,6.661889320751546e-11,7.404589853002945e-11,3.630599580655869e-24
13,14,Si,3p²→3p4s,upper,0,13,1.4064745736354937e-10,-1.4064745736354937e-10,1.0,6923523410.936549,1.4064844332217606e-10,1.482721945622079e-10,7.267910501427471e-24
13,14,Si,3p²→3p4s,upper,1,2,2.2158054066344314e-11,2.2158054066344314e-11,-1.0,55105010721.199455,1.5197883982903194e-11,2.2145341479234007e-11,7.197920174966745e-24
13,14,Si,3p²→3p4s,upper,1,3,1.4579477781496094e-11,-1.4579477781496094e-11,1.0,54966074242.17031,1.4883055691661613e-11,2.2091656884795727e-11,7.207886021607042e-24
13,14,Si,3p²→3p4s,upper,1,4,1.9830805893732583e-11,3.813145225780176e-12,0.0,51115732814.22608,1.6910931233294117e-11,2.2653883458785794e-11,3.506367271858354e-24
13,14,Si,3p²→3p4s,upper,1,5,2.0058020521312888e-11,3.813145225780176e-12,0.0,50502674039.91249,1.7577005437930725e-11,2.284583032547802e-11,3.457382906377812e-24
13,14,Si,3p²→3p4s,upper,1,6,2.0058020521312888e-11,3.813145225780176e-12,0.0,50516172595.30068,1.7633304753505337e-11,2.2563868560235038e-11,3.5043225987377554e-24
13,14,Si,3p²→3p4s,upper,1,7,2.0030678324064017e-11,3.813145225780176e-12,0.0,50572028124.65352,1.779744496086688e-11,2.2752696864786694e-11,3.4555600962868336e-24
13,14,Si,3p²→3p4s,upper,1,8,1.995609936735249e-11,3.813145225780176e-12,0.0,50717403147.80585,1.787441321456148e-11,2.307514910079206e-11,3.2974652301603683e-24
13,14,Si,3p²→3p4s,upper,1,9,1.995609936735249e-11,3.813145225780176e-12,0.0,50688015273.33756,1.8049257895468485e-11,2.325824730411485e-11,3.2015647764637034e-24
13,14,Si,3p²→3p4s,upper,1,10,6.312644970209915e-11,6.312644970209915e-11,-1.0,16877084505.85556,5.550096989850845e-11,6.312199582657198e-11,7.264400583380016e-24
13,14,Si,3p²→3p4s,upper,1,11,5.768991634663226e-11,-5.768991634663226e-11,1.0,16275011931.455675,5.76907250166884e-11,6.531174332821216e-11,7.264795137720292e-24
13,14,Si,3p²→3p4s,upper,1,12,7.050566539284814e-11,3.813145225780176e-12,0.0,14198843610.66671,6.68254025639907e-11,7.404113485951052e-11,3.63118744184436e-24
13,14,Si,3p²→3p4s,upper,1,13,1.482734388172085e-10,1.482734388172085e-10,-1.0,6923523606.50001,1.4064714836564812e-10,1.4827343881720851e-10,7.269088399950393e-24
13,14,Si,3p²→3p4s,upper,2,3,3.673753184784041e-11,3.673753184784041e-11,-1.0,62243233989.98052,6.5599076059372305e-12,3.640504899596793e-11,1.196614469383422e-22
13,14,Si,3p²→3p4s,upper,2,4,2.674427913125753e-11,1.8344908840564137e-11,0.0,37738752373.23172,2.0634545947894153e-11,3.323470656179863e-11,2.174801887520777e-23
13,14,Si,3p²→3p4s,upper,2,5,2.691318990920859e-11,1.8344908840564137e-11,0.0,53673233294.47473,1.0923945420150925e-11,2.8132889741673332e-11,4.021875497486161e-23
13,14,Si,3p²→3p4s,upper,2,6,2.691318990920859e-11,1.8344908840564137e-11,0.0,31162915204.515717,2.753901915307025e-11,3.787476109307768e-11,1.550437841594585e-23
13,14,Si,3p²→3p4s,upper,2,7,2.6892818334600896e-11,1.8344908840564137e-11,0.0,31444280044.102203,2.6643766957550763e-11,3.734746242195286e-11,1.5747080894569484e-23
13,14,Si,3p²→3p4s,upper,2,8,2.6837315547859186e-11,1.8344908840564137e-11,0.0,49247824424.76066,1.4965570141771412e-11,2.961623181026214e-11,3.460352778739234e-23
13,14,Si,3p²→3p4s,upper,2,9,2.6837315547859186e-11,1.8344908840564137e-11,0.0,39299210634.68148,1.9232875390445108e-11,3.241406497754084e-11,2.3729574778234235e-23
13,14,Si,3p²→3p4s,upper,2,10,4.0968395635754836e-11,-4.0968395635754836e-11,1.0,17286069344.43173,4.0989521660640766e-11,7.765194203137998e-11,1.6520003574060633e-22
13,14,Si,3p²→3p4s,upper,2,11,7.984797041297657e-11,7.984797041297657e-11,-1.0,16640369076.559977,4.328786645333357e-11,7.940982406884749e-11,1.6541982708381151e-22
13,14,Si,3p²→3p4s,upper,2,12,7.275331233932915e-11,1.8344908840564137e-11,0.0,14086818738.959356,5.292473927603114e-11,8.776629291972751e-11,8.208720112531262e-23
13,14,Si,3p²→3p4s,upper,2,13,1.2611538475086418e-10,-1.2611538475086418e-10,1.0,6950481198.544703,1.2616297371096676e-10,1.6276832699940874e-10,1.6775767764198404e-22
13,14,Si,3p²→3p4s,upper,3,4,2.6777030585369193e-11,1.839262300727627e-11,0.0,139951116026.87234,2.025475976464865e-12,2.5885442413695736e-11,7.460604482689602e-23
13,14,Si,3p²→3p4s,upper,3,5,2.694573605987239e-11,1.839262300727627e-11,0.0,37468529900.52862,2.0466448088337338e-11,3.298733049510869e-11,2.2107150302337568e-23
13,14,Si,3p²→3p4s,upper,3,6,2.694573605987239e-11,1.839262300727627e-11,0.0,31128708748.536186,2.6783511513947517e-11,3.71679871341899e-11,1.5577599888315374e-23
13,14,Si,3p²→3p4s,upper,3,7,2.6925389109482267e-11,1.839262300727627e-11,0.0,36042756182.29666,2.3148025644723927e-11,3.454305491318225e-11,2.0434216152740367e-23
13,14,Si,3p²→3p4s,upper,3,8,2.6869953601272642e-11,1.839262300727627e-11,0.0,31465986938.546474,2.7618144669045385e-11,3.765121019444461e-11,1.5707758872347016e-23
13,14,Si,3p²→3p4s,upper,3,9,2.6869953601272642e-11,1.839262300727627e-11,0.0,46105304482.464195,1.627857081763945e-11,3.042356432415119e-11,3.1275260301449343e-23
13,14,Si,3p²→3p4s,upper,3,10,7.770592748359524e-11,7.770592748359524e-11,-1.0,17288529582.380695,4.105294504669475e-11,7.727057851460915e-11,1.6604666441812205e-22
13,14,Si,3p²→3p4s,upper,3,11,4.311043856513616e-11,-4.311043856513616e-11,1.0,16642387657.73986,4.313131055574567e-11,7.98893474432312e-11,1.6626438809527227e-22
13,14,Si,3p²→3p4s,upper,3,12,7.276535822122477e-11,1.839262300727627e-11,0.0,14086217776.015085,5.3036488220568506e-11,8.876736543876232e-11,8.25037840947026e-23
13,14,Si,3p²→3p4s,upper,3,13,1.6285291659870458e-10,1.6285291659870458e-10,-1.0,6950629250.18406,1.2608889093970335e-10,1.628364872895952e-10,1.6862879235579159e-22
13,14,Si,3p²→3p4s,upper,4,5,3.3907676892906424e-11,2.9306867270886375e-11,-0.49999999999999983,60400845434.85711,7.46216260792518e-12,3.388201075838474e-11,9.428179808038158e-23
13,14,Si,3p²→3p4s,upper,4,6,3.3907676892906424e-11,2.930686727088638e-11,-0.5000000000000004,53701819359.056305,8.632027558440618e-12,3.377137330971428e-11,8.46735720547985e-23
13,14,Si,3p²→3p4s,upper,4,7,3.912513386728074e-11,3.912513386728074e-11,-1.0,51537994531.931076,1.0410577979054895e-11,3.9085738528652544e-11,1.2544291648522263e-22
13,14,Si,3p²→3p4s,upper,4,8,1.9524893195094148e-11,9.666544635740663e-12,0.49999999999999983,33822436539.18565,2.6569380795221978e-11,3.2682022323298374e-11,5.1532312851393204e-24
13,14,Si,3p²→3p4s,upper,4,9,1.952489319509414e-11,9.666544635740655e-12,0.5000000000000004,30060147325.28401,3.05189021167087e-11,3.592589445616154e-11,4.083021997825447e-24
13,14,Si,3p²→3p4s,upper,4,10,6.242426510406453e-11,1.9460749879745355e-11,0.0,16642524311.452438,4.0072142284972425e-11,7.820627647355158e-11,9.10361231394765e-23
13,14,Si,3p²→3p4s,upper,4,11,6.450850617292237e-11,1.9460749879745355e-11,0.0,16063956268.68492,4.3692415298011375e-11,8.090262839900971e-11,9.12874966791579e-23
13,14,Si,3p²→3p4s,upper,4,12,5.094172717877422e-11,-5.094172717877422e-11,1.0,14487693188.43259,5.096312126223347e-11,8.985640291115112e-11,1.866120265230996e-22
13,14,Si,3p²→3p4s,upper,4,13,1.457652126208571e-10,1.9460749879745355e-11,0.0,6906733348.468197,1.2510006905168534e-10,1.6384433815079136e-10,9.406321056047083e-23
13,14,Si,3p²→3p4s,upper,5,6,3.410795115748755e-11,2.953835217342307e-11,-0.4999999999999997,55687804261.53226,1.0076622092181221e-11,3.435421407446244e-11,8.996698907387066e-23
13,14,Si,3p²→3p4s,upper,5,7,1.9678324166408643e-11,9.86004278851436e-12,0.49999999999999983,51579673033.12655,1.5022498949211645e-11,2.4363654118519798e-11,1.1938673794925595e-23
13,14,Si,3p²→3p4s,upper,5,8,3.9280645270291433e-11,3.9280645270291433e-11,-0.9999999999999999,85201329630.78188,3.522607971305552e-12,3.8295804451329905e-11,1.5714743754503992e-22
13,14,Si,3p²→3p4s,upper,5,9,1.9640528450774392e-11,9.898029538277356e-12,0.4999999999999997,33622862426.15658,2.7280170378522834e-11,3.3062250712752343e-11,5.2127860998936624e-24
13,14,Si,3p²→3p4s,upper,5,10,6.249681750794227e-11,1.9692234782282046e-11,0.0,16637496401.036337,4.099835646699346e-11,7.820000532030069e-11,9.312462723878575e-23
13,14,Si,3p²→3p4s,upper,5,11,6.457871703201042e-11,1.9692234782282046e-11,0.0,16059444641.988369,4.3997372734888574e-11,8.063419058834945e-11,9.338883387721164e-23
13,14,Si,3p²→3p4s,upper,5,12,8.20406910879381e-11,5.489347331154182e-11,-0.49999999999999983,14165989955.692904,5.175969629069403e-11,9.004291166284353e-11,1.1754471755720607e-22
13,14,Si,3p²→3p4s,upper,5,13,1.457962980848354e-10,1.9692234782282046e-11,0.0,6906363220.369874,1.2620801572286517e-10,1.6304802310295402e-10,9.629914404592955e-23
13,14,Si,3p²→3p4s,upper,6,7,1.9678324166408634e-11,9.860042788514348e-12,0.5000000000000004,74743194865.22801,7.786839765811308e-12,2.062970742457821e-11,2.212379548308583e-23
13,14,Si,3p²→3p4s,upper,6,8,1.964052845077439e-11,9.898029538277357e-12,0.4999999999999997,51648474844.77793,1.5959259353823955e-11,2.4568326874947144e-11,1.1842789568972148e-23
13,14,Si,3p²→3p4s,upper,6,9,3.9280645270291433e-11,3.9280645270291433e-11,-1.0,85201329630.70836,3.5226079713126386e-12,3.8295804451331767e-11,1.5714743754500682e-22
13,14,Si,3p²→3p4s,upper,6,10,6.249681750794227e-11,1.9692234782282046e-11,0.0,16637483738.71659,4.043239662371663e-11,7.849206506026948e-11,9.31242792738995e-23
13,14,Si,3p²→3p4s,upper,6,11,6.457871703201042e-11,1.9692234782282046e-11,0.0,16059462812.5138,4.346817556899578e-11,8.093308757048482e-11,9.338929011562863e-23
13,14,Si,3p²→3p4s,upper,6,12,8.204069108793811e-11,5.489347331154186e-11,-0.5000000000000004,14165999120.0099,5.107951940778081e-11,8.95787767890582e-11,1.1754507165156095e-22
13,14,Si,3p²→3p4s,upper,6,13,1.457962980848354e-10,1.9692234782282046e-11,0.0,6906363275.974838,1.251395635779354e-10,1.6386949288384397e-10,9.629916607161754e-23
13,14,Si,3p²→3p4s,upper,7,8,3.3993938409629386e-11,2.9458589231540074e-11,-0.49999999999999983,69776152937.66791,5.325806218369429e-12,3.3428156517689535e-11,1.0333181090300496e-22
13,14,Si,3p²→3p4s,upper,7,9,3.399393840962939e-11,2.945858923154008e-11,-0.5000000000000004,51767232396.93396,9.661389524736818e-12,3.4514629763859377e-11,8.221223254343174e-23
13,14,Si,3p²→3p4s,upper,7,10,6.248804754118789e-11,1.966438398753538e-11,0.0,16638142599.893415,3.9876567650890534e-11,7.860654638589107e-11,9.287306324827108e-23
13,14,Si,3p²→3p4s,upper,7,11,6.457022983069824e-11,1.966438398753538e-11,0.0,16060085985.037687,4.2062418579436763e-11,8.079300006124683e-11,9.313735590783266e-23
13,14,Si,3p²→3p4s,upper,7,12,9.006686104605494e-11,9.006686104605496e-11,-1.0,14493927669.939863,5.127624547940435e-11,8.989501528774679e-11,1.9047749051736244e-22
13,14,Si,3p²→3p4s,upper,7,13,1.4579253897964362e-10,1.966438398753538e-11,0.0,6906407999.939534,1.25192119096069e-10,1.638226546009357e-10,9.602877831132135e-23
13,14,Si,3p²→3p4s,upper,8,9,3.3928122204747326e-11,2.9382615732014075e-11,-0.4999999999999997,55982965881.742676,1.0023494644290422e-11,3.417308673817972e-11,8.90208155806226e-23
13,14,Si,3p²→3p4s,upper,8,10,6.246418104279664e-11,1.9588410488009387e-11,0.0,16639773662.061884,4.0234922060606603e-11,7.803777540183167e-11,9.218573002964766e-23
13,14,Si,3p²→3p4s,upper,8,11,6.454713323011883e-11,1.9588410488009387e-11,0.0,16061519979.80542,4.289816363735649e-11,8.067734842261266e-11,9.244497514554399e-23
13,14,Si,3p²→3p4s,upper,8,12,6.29376038742117e-11,-1.5612828041250388e-11,0.49999999999999983,14166432599.671085,5.102747493286577e-11,8.919463490252655e-11,1.1634645409079358e-22
13,14,Si,3p²→3p4s,upper,8,13,1.457823111696629e-10,1.9588410488009387e-11,0.0,6906529719.747832,1.2688531806882578e-10,1.6249640167865185e-10,9.52931002188003e-23
13,14,Si,3p²→3p4s,upper,9,10,6.246418104279664e-11,1.9588410488009387e-11,0.0,16639769529.891674,4.080656796708461e-11,7.775275690333855e-11,9.218568099955613e-23
13,14,Si,3p²→3p4s,upper,9,11,6.454713323011883e-11,1.9588410488009387e-11,0.0,16061491293.053144,4.344485259713884e-11,8.038220276999993e-11,9.244424128775066e-23
13,14,Si,3p²→3p4s,upper,9,12,6.293760387421167e-11,-1.5612828041250427e-11,0.5000000000000004,14166434930.939198,5.0895942596863354e-11,8.937347636453088e-11,1.163465430722037e-22
13,14,Si,3p²→3p4s,upper,9,13,1.457823111696629e-10,1.9588410488009387e-11,0.0,6906529774.800586,1.2588213997998585e-10,1.6327477249715006e-10,9.529312217340656e-23
13,14,Si,3p²→3p4s,upper,10,11,1.2081636604873142e-10,1.2081636604873142e-10,-1.0,30665500659.58646,2.189757096093452e-12,1.2074279216749135e-10,1.3765735934858625e-21
13,14,Si,3p²→3p4s,upper,10,12,9.205746500896e-11,5.931330447631897e-11,0.0,10954824489.186525,7.021335925927712e-11,1.1520720345402301e-10,2.5092205946266773e-22
13,14,Si,3p²→3p4s,upper,10,13,8.514698911510934e-11,-8.514698911510934e-11,1.0,7245447398.033023,8.51473019094989e-11,2.0377346736603619e-10,1.7017748978592362e-21
13,14,Si,3p²→3p4s,upper,11,12,9.348334268069007e-11,6.150306157241243e-11,0.0,25006760092.755928,9.780953630626217e-12,9.354088408389792e-11,7.559579865659751e-22
13,14,Si,3p²→3p4s,upper,11,13,2.0596335516384073e-10,2.0596335516384073e-10,-1.0,7272661523.570623,8.295756492265189e-11,2.0596322107771387e-10,1.824964628725928e-21
13,14,Si,3p²→3p4s,upper,12,13,1.6070247415798252e-10,7.040247705851958e-11,0.0,6734950095.421823,7.43643396054401e-11,2.1475687508445662e-10,1.1344753627013707e-21
14,17,Cl,3p⁵→3p⁴4s,lower,0,1,6.272136899007083e-12,6.272136899007083e-12,-1.0,427967059646.9801,8.091007459417032e-13,6.1653418492590545e-12,3.747411889409249e-24
14,17,Cl,3p⁵→3p⁴4s,lower,0,2,1.1570313816736955e-11,-1.1570313816736955e-11,1.0,68791133566.72789,1.1574566285375393e-11,1.783969239272304e-11,4.8752121706983116e-24
14,17,Cl,3p⁵→3p⁴4s,lower,0,3,1.7842450715744035e-11,1.7842450715744035e-11,-1.0,68791133566.72786,1.1570483974543166e-11,1.784234037217003e-11,4.875212170698323e-24
14,17,Cl,3p⁵→3p⁴4s,lower,0,4,1.5614152824295466e-11,3.1360684495035417e-12,0.0,65039096111.13554,1.2456089677301763e-11,1.8233194091873348e-11,2.4216517384550226e-24
14,17,Cl,3p⁵→3p⁴4s,lower,0,5,1.5614152824295462e-11,3.1360684495035417e-12,0.0,65039105222.66375,1.225477314213609e-11,1.836910645828176e-11,2.4216559274434453e-24
14,17,Cl,3p⁵→3p⁴4s,lower,0,6,1.558208903032709e-11,3.1360684495035417e-12,0.0,65177158364.73035,1.2319472869696954e-11,1.8271113411910094e-11,2.4214988011792984e-24
14,17,Cl,3p⁵→3p⁴4s,lower,0,7,1.5562864700105025e-11,3.1360684495035417e-12,0.0,65260222143.89982,1.2142696162198735e-11,1.835648237708071e-11,2.4214067237566923e-24
14,17,Cl,3p⁵→3p⁴4s,lower,0,8,1.5562864700105025e-11,3.1360684495035417e-12,0.0,65260219579.241165,1.2161864464543396e-11,1.8343788269973768e-11,2.421405557035209e-24
14,17,Cl,3p⁵→3p⁴4s,lower,0,9,1.5698113460356272e-11,3.1360684495035417e-12,0.0,64680414030.28896,1.2438325084100416e-11,1.838884448601038e-11,2.42206786096641e-24
14,17,Cl,3p⁵→3p⁴4s,lower,0,10,4.528304908214244e-11,-4.528304908214244e-11,1.0,20674710651.414406,4.529028448364366e-11,5.155516114544874e-11,4.9135920123248456e-24
14,17,Cl,3p⁵→3p⁴4s,lower,0,11,5.1555185981149524e-11,5.1555185981149524e-11,-1.0,20674710651.41441,4.5287826291405815e-11,5.155478861687813e-11,4.9135920123248485e-24
14,17,Cl,3p⁵→3p⁴4s,lower,0,12,5.250292957924116e-11,3.1360684495035417e-12,0.0,19072097690.41238,4.945133416681354e-11,5.552703111667569e-11,2.4555679776549687e-24
14,17,Cl,3p⁵→3p⁴4s,lower,0,13,5.250292957924116e-11,3.1360684495035417e-12,0.0,19072097690.429974,4.9318215294150274e-11,5.54569102930479e-11,2.4555679779524316e-24
14,17,Cl,3p⁵→3p⁴4s,lower,0,14,5.443213295615485e-11,3.1360684495035417e-12,0.0,18394418451.498512,5.139547852857398e-11,5.733239065623786e-11,2.455788938941782e-24
14,17,Cl,3p⁵→3p⁴4s,lower,0,15,5.362407880412085e-11,3.1360684495035417e-12,0.0,18672309424.476482,5.051773907104926e-11,5.663783041984564e-11,2.4556993005828057e-24
14,17,Cl,3p⁵→3p⁴4s,lower,0,16,5.362407880412085e-11,3.1360684495035417e-12,0.0,18672309424.481777,5.0473356103718736e-11,5.6614404476736326e-11,2.4556993006777702e-24
14,17,Cl,3p⁵→3p⁴4s,lower,1,2,1.7842450715744038e-11,1.7842450715744038e-11,-1.0,68791133566.72781,1.157048397454317e-11,1.7842340372170032e-11,4.875212170698327e-24
14,17,Cl,3p⁵→3p⁴4s,lower,1,3,1.1570313816736952e-11,-1.1570313816736952e-11,1.0,68791133566.72787,1.15745662853754e-11,1.7839692392723034e-11,4.875212170698322e-24
14,17,Cl,3p⁵→3p⁴4s,lower,1,4,1.5614152824295466e-11,3.1360684495035417e-12,0.0,65039100169.81812,1.2388570145982358e-11,1.8279137468135187e-11,2.4216536640402103e-24
14,17,Cl,3p⁵→3p⁴4s,lower,1,5,1.5614152824295462e-11,3.1360684495035417e-12,0.0,65039103454.7226,1.2353855795013008e-11,1.8302616857622596e-11,2.4216551886174134e-24
14,17,Cl,3p⁵→3p⁴4s,lower,1,6,1.558208903032709e-11,3.1360684495035417e-12,0.0,65177168588.73129,1.213390938806633e-11,1.8394869938661573e-11,2.421503343190695e-24
14,17,Cl,3p⁵→3p⁴4s,lower,1,7,1.5562864700105025e-11,3.1360684495035417e-12,0.0,65260214412.22232,1.2352216693567244e-11,1.821615376809018e-11,2.421403307041325e-24
14,17,Cl,3p⁵→3p⁴4s,lower,1,8,1.5562864700105025e-11,3.1360684495035417e-12,0.0,65260209637.57975,1.2220183596226557e-11,1.830498916203082e-11,2.4214009917927684e-24
14,17,Cl,3p⁵→3p⁴4s,lower,1,9,1.5698113460356272e-11,3.1360684495035417e-12,0.0,64680404124.714455,1.2477094147585807e-11,1.8362561206452594e-11,2.422063080182607e-24
14,17,Cl,3p⁵→3p⁴4s,lower,1,10,5.1555185981149524e-11,5.1555185981149524e-11,-1.0,20674710651.414402,4.528782629140581e-11,5.155478861687813e-11,4.913592012324856e-24
14,17,Cl,3p⁵→3p⁴4s,lower,1,11,4.528304908214244e-11,-4.528304908214244e-11,1.0,20674710651.414406,4.529028448364366e-11,5.1555161145448743e-11,4.9135920123248456e-24
14,17,Cl,3p⁵→3p⁴4s,lower,1,12,5.250292957924116e-11,3.1360684495035417e-12,0.0,19072097690.42264,4.9483039411556246e-11,5.5425663441569464e-11,2.4555679778305945e-24
14,17,Cl,3p⁵→3p⁴4s,lower,1,13,5.250292957924116e-11,3.1360684495035417e-12,0.0,19072097690.416893,4.942908222855955e-11,5.550036016112792e-11,2.4555679777320212e-24
14,17,Cl,3p⁵→3p⁴4s,lower,1,14,5.443213295615485e-11,3.1360684495035417e-12,0.0,18394418451.50766,5.123940245390787e-11,5.740333669338961e-11,2.455788939111532e-24
14,17,Cl,3p⁵→3p⁴4s,lower,1,15,5.362407880412085e-11,3.1360684495035417e-12,0.0,18672309424.485035,5.0564470615906425e-11,5.652443028895868e-11,2.4556993007389283e-24
14,17,Cl,3p⁵→3p⁴4s,lower,1,16,5.362407880412085e-11,3.1360684495035417e-12,0.0,18672309424.47249,5.061124973597705e-11,5.663267787124596e-11,2.4556993005107498e-24
14,17,Cl,3p⁵→3p⁴4s,lower,2,3,2.9412764532480986e-11,2.9412764532480986e-11,-1.0,159909978380.96506,5.435156803809015e-13,2.940774231640967e-11,8.248319395162982e-23
14,17,Cl,3p⁵→3p⁴4s,lower,2,4,2.1218966102552582e-11,1.4706382266240496e-11,0.0,45653012011.04365,1.718123366120392e-11,2.7233833811573448e-11,1.2709669550773717e-23
14,17,Cl,3p⁵→3p⁴4s,lower,2,5,2.121896610255258e-11,1.4706382266240496e-11,0.0,77802183647.0149,6.155094937407834e-12,2.2080958304342385e-11,2.973765138802609e-23
14,17,Cl,3p⁵→3p⁴4s,lower,2,6,2.119538281300579e-11,1.4706382266240496e-11,0.0,39412073552.067505,2.1217026332608737e-11,2.992232250367219e-11,9.584374554351472e-24
14,17,Cl,3p⁵→3p⁴4s,lower,2,7,2.1181253780515365e-11,1.4706382266240496e-11,0.0,41613485149.247925,1.9633529840198147e-11,2.8873799328135187e-11,1.0606393974494664e-23
14,17,Cl,3p⁵→3p⁴4s,lower,2,8,2.1181253780515365e-11,1.4706382266240496e-11,0.0,51822581684.209854,1.4105800062108956e-11,2.5361774701949403e-11,1.590280002616333e-23
14,17,Cl,3p⁵→3p⁴4s,lower,2,9,2.128082517796338e-11,1.4706382266240496e-11,0.0,61216260698.34846,1.0373997828349428e-11,2.3663475749932692e-11,2.1436692303102814e-23
14,17,Cl,3p⁵→3p⁴4s,lower,2,10,3.371273526540549e-11,-3.371273526540549e-11,1.0,21155743526.637047,3.371328070457741e-11,6.31252084982113e-11,1.0623863532384978e-22
14,17,Cl,3p⁵→3p⁴4s,lower,2,11,6.312549979788648e-11,6.312549979788648e-11,-1.0,21155743526.637062,3.371301355238655e-11,6.312535117545788e-11,1.062386353238498e-22
14,17,Cl,3p⁵→3p⁴4s,lower,2,12,5.443344898537642e-11,1.4706382266240496e-11,0.0,18898791560.18076,3.774878118802342e-11,6.70897179581632e-11,5.2544684033235867e-23
14,17,Cl,3p⁵→3p⁴4s,lower,2,13,5.443344898537642e-11,1.4706382266240496e-11,0.0,18898791560.14075,3.786825799092261e-11,6.702235279084197e-11,5.254468403292734e-23
14,17,Cl,3p⁵→3p⁴4s,lower,2,14,5.629653499281586e-11,1.4706382266240496e-11,0.0,18238593998.424866,3.969500592180512e-11,6.901381172825145e-11,5.2650857229611006e-23
14,17,Cl,3p⁵→3p⁴4s,lower,2,15,5.551562466217403e-11,1.4706382266240496e-11,0.0,18509461550.2255,3.8868964596798934e-11,6.82141682822239e-11,5.260777943430281e-23
14,17,Cl,3p⁵→3p⁴4s,lower,2,16,5.551562466217402e-11,1.4706382266240496e-11,0.0,18509461550.201843,3.9084937355520537e-11,6.80906515990103e-11,5.2607779434107956e-23
14,17,Cl,3p⁵→3p⁴4s,lower,3,4,2.121896610255258e-11,1.4706382266240493e-11,0.0,117866845659.64871,1.7653517004281543e-12,2.1279097550784598e-11,4.0267310862997034e-23
14,17,Cl,3p⁵→3p⁴4s,lower,3,5,2.1218966102552576e-11,1.4706382266240493e-11,0.0,45653012011.04484,1.7152570717110306e-11,2.7251895566947564e-11,1.2709669550774435e-23
14,17,Cl,3p⁵→3p⁴4s,lower,3,6,2.119538281300579e-11,1.4706382266240493e-11,0.0,40156553601.036446,2.067818545140744e-11,2.954268997870624e-11,9.934337795820292e-24
14,17,Cl,3p⁵→3p⁴4s,lower,3,7,2.118125378051536e-11,1.4706382266240493e-11,0.0,42868381696.82682,1.8869206154883352e-11,2.8289449650987144e-11,1.1220710584663043e-23
14,17,Cl,3p⁵→3p⁴4s,lower,3,8,2.118125378051536e-11,1.4706382266240493e-11,0.0,41613485149.247925,1.965300409639377e-11,2.886054766657249e-11,1.0606393974494614e-23
14,17,Cl,3p⁵→3p⁴4s,lower,3,9,2.1280825177963377e-11,1.4706382266240493e-11,0.0,74544332353.37509,6.8044672410042586e-12,2.232508240063644e-11,2.847415311932066e-23
14,17,Cl,3p⁵→3p⁴4s,lower,3,10,6.312549979788648e-11,6.312549979788648e-11,-1.0,21155743526.63705,3.371301355238655e-11,6.312535117545788e-11,1.062386353238498e-22
14,17,Cl,3p⁵→3p⁴4s,lower,3,11,3.371273526540549e-11,-3.371273526540549e-11,1.0,21155743526.63705,3.371328070457742e-11,6.31252084982113e-11,1.0623863532384973e-22
14,17,Cl,3p⁵→3p⁴4s,lower,3,12,5.443344898537642e-11,1.4706382266240493e-11,0.0,18898791560.162292,3.780675198363704e-11,6.705706704990092e-11,5.254468403309357e-23
14,17,Cl,3p⁵→3p⁴4s,lower,3,13,5.443344898537642e-11,1.4706382266240493e-11,0.0,18898791560.133595,3.7956268235528385e-11,6.69725498881428e-11,5.254468403287212e-23
14,17,Cl,3p⁵→3p⁴4s,lower,3,14,5.629653499281586e-11,1.4706382266240493e-11,0.0,18238593998.42487,3.969749038366041e-11,6.901238266886508e-11,5.2650857229611036e-23
14,17,Cl,3p⁵→3p⁴4s,lower,3,15,5.551562466217403e-11,1.4706382266240493e-11,0.0,18509461550.23207,3.888139755415642e-11,6.820708238517761e-11,5.260777943435698e-23
14,17,Cl,3p⁵→3p⁴4s,lower,3,16,5.551562466217402e-11,1.4706382266240493e-11,0.0,18509461550.210693,3.8927252409678955e-11,6.818092242772835e-11,5.260777943418083e-23
14,17,Cl,3p⁵→3p⁴4s,lower,4,5,2.64934053926906e-11,2.2943962102829704e-11,-0.49999999999999983,86697382529.04933,3.291189143102976e-12,2.658698671594139e-11,6.099291598256413e-23
14,17,Cl,3p⁵→3p⁴4s,lower,4,6,2.646506355171752e-11,2.292759601167654e-11,-0.5000000000000004,70554274996.22583,5.605684563363846e-12,2.7016838266398842e-11,5.27135767958233e-23
14,17,Cl,3p⁵→3p⁴4s,lower,4,7,3.053959085324782e-11,3.053959085324782e-11,-1.0,239363044156.13828,2.8699719323565e-13,3.0538287173966505e-11,8.936538171133251e-23
14,17,Cl,3p⁵→3p⁴4s,lower,4,8,1.5269862751169054e-11,7.674166676205798e-12,0.49999999999999983,48674171276.92188,1.7820228652413565e-11,2.3464170087750656e-11,3.973271125214765e-24
14,17,Cl,3p⁵→3p⁴4s,lower,4,9,1.533900303241755e-11,7.60513861529358e-12,0.5000000000000004,42337720581.51268,2.121334159279792e-11,2.6158743823761188e-11,3.077299086479073e-24
14,17,Cl,3p⁵→3p⁴4s,lower,4,10,5.077772922890339e-11,1.5295974735219804e-11,0.0,20405618837.855907,3.318681386378532e-11,6.368195157859193e-11,5.64031129045965e-23
14,17,Cl,3p⁵→3p⁴4s,lower,4,11,5.077772922890339e-11,1.5295974735219804e-11,0.0,20405618837.855907,3.317366818854188e-11,6.368880050844248e-11,5.640311290459647e-23
14,17,Cl,3p⁵→3p⁴4s,lower,4,12,3.7113210424280485e-11,-3.711321042428048e-11,1.0,19507649371.91535,3.711376821834043e-11,6.770485413175216e-11,1.1508772743357189e-22
14,17,Cl,3p⁵→3p⁴4s,lower,4,13,6.150072442074515e-11,4.1500567314969933e-11,-0.49999999999999983,19024572578.2571,3.717958058286376e-11,6.766873614933914e-11,7.072681418466696e-23
14,17,Cl,3p⁵→3p⁴4s,lower,4,14,6.33892620362361e-11,4.2466833080313315e-11,-0.5000000000000004,18352095130.758156,3.913954550216142e-11,6.958501282430216e-11,7.089229468178834e-23
14,17,Cl,3p⁵→3p⁴4s,lower,4,15,6.882827248406104e-11,6.882827248406104e-11,-1.0,19080163339.264446,3.825437397193629e-11,6.881824149713062e-11,1.1516755501017778e-22
14,17,Cl,3p⁵→3p⁴4s,lower,4,16,4.775819376281451e-11,-1.1470174139200804e-11,0.49999999999999983,18627905341.10353,3.829854108594489e-11,6.879367152166211e-11,7.082513985993155e-23
14,17,Cl,3p⁵→3p⁴4s,lower,5,6,2.646506355171751e-11,2.2927596011676527e-11,-0.4999999999999997,87522619579.81404,2.8184380118898375e-12,2.6612450422716197e-11,6.091451499334202e-23
14,17,Cl,3p⁵→3p⁴4s,lower,5,7,1.526986275116905e-11,7.674166676205793e-12,0.49999999999999983,74355458785.37946,9.558437000293524e-12,1.8010287242883297e-11,8.782285843847823e-24
14,17,Cl,3p⁵→3p⁴4s,lower,5,8,3.0539590853247815e-11,3.0539590853247815e-11,-0.9999999999999999,102824225192.61559,1.4113933694608208e-12,3.050700443611622e-11,8.795259271668474e-23
14,17,Cl,3p⁵→3p⁴4s,lower,5,9,1.533900303241756e-11,7.605138615293584e-12,0.4999999999999997,48454976828.21226,1.7934438172275607e-11,2.354474976626178e-11,4.009212464575612e-24
14,17,Cl,3p⁵→3p⁴4s,lower,5,10,5.077772922890339e-11,1.52959747352198e-11,0.0,20405618837.420033,3.3395402354373956e-11,6.357281394493354e-11,5.64031129019907e-23
14,17,Cl,3p⁵→3p⁴4s,lower,5,11,5.077772922890339e-11,1.52959747352198e-11,0.0,20405618837.40466,3.341581504128631e-11,6.356208678460928e-11,5.640311290189884e-23
14,17,Cl,3p⁵→3p⁴4s,lower,5,12,6.150072442074516e-11,4.150056731496994e-11,-0.49999999999999983,19024572577.901855,3.7385635454456363e-11,6.755511324861373e-11,7.07268141818828e-23
14,17,Cl,3p⁵→3p⁴4s,lower,5,13,3.7113210424280485e-11,-3.711321042428048e-11,0.9999999999999999,19507649371.91535,3.7113768218340435e-11,6.770485413175216e-11,1.1508772743357193e-22
14,17,Cl,3p⁵→3p⁴4s,lower,5,14,6.338926203623608e-11,4.2466833080313276e-11,-0.4999999999999997,18352095130.674374,3.9196875055590844e-11,6.955273551594113e-11,7.089229468105347e-23
14,17,Cl,3p⁵→3p⁴4s,lower,5,15,4.775819376281451e-11,-1.147017413920081e-11,0.49999999999999983,18627905341.103565,3.828262045517531e-11,6.880253237946362e-11,7.082513985993175e-23
14,17,Cl,3p⁵→3p⁴4s,lower,5,16,6.882827248406104e-11,6.882827248406104e-11,-0.9999999999999999,19080163339.264442,3.8236605164411084e-11,6.88281157394497e-11,1.1516755501017778e-22
14,17,Cl,3p⁵→3p⁴4s,lower,6,7,1.5253438805394307e-11,7.641434493899449e-12,0.5000000000000004,104099773926.07144,4.905493874717896e-12,1.5991821781786284e-11,1.4670569149079196e-23
14,17,Cl,3p⁵→3p⁴4s,lower,6,8,1.5253438805394313e-11,7.64143449389946e-12,0.4999999999999997,74435705783.15504,9.610172683465827e-12,1.795785082722042e-11,8.763607932654388e-24
14,17,Cl,3p⁵→3p⁴4s,lower,6,9,3.06449147927659e-11,3.06449147927659e-11,-1.0,97681991078.18152,1.7021921060126547e-12,3.0597832770980035e-11,8.835399194862568e-23
14,17,Cl,3p⁵→3p⁴4s,lower,6,10,5.0767878779523725e-11,1.5263242552913463e-11,0.0,20406635114.700283,3.3176632170246155e-11,6.367154866488657e-11,5.617082656569364e-23
14,17,Cl,3p⁵→3p⁴4s,lower,6,11,5.0767878779523725e-11,1.5263242552913463e-11,0.0,20406635114.72933,3.3163485349337754e-11,6.367839720838685e-11,5.617082656586727e-23
14,17,Cl,3p⁵→3p⁴4s,lower,6,12,6.147864155462334e-11,4.1467835132663625e-11,-0.5000000000000004,19024833095.726837,3.715007339233802e-11,6.767016012665852e-11,7.04345163791485e-23
14,17,Cl,3p⁵→3p⁴4s,lower,6,13,6.147864155462332e-11,4.1467835132663586e-11,-0.4999999999999997,19024833095.697258,3.7159602758570434e-11,6.766492775026771e-11,7.043451637891675e-23
14,17,Cl,3p⁵→3p⁴4s,lower,6,14,3.9078474137273525e-11,-3.9078474137273525e-11,1.0,18782052695.28221,3.907902223831063e-11,6.960465151862233e-11,1.1473698274154453e-22
14,17,Cl,3p⁵→3p⁴4s,lower,6,15,4.7766065679981564e-11,-1.1502906321507174e-11,0.5000000000000004,18628148281.866573,3.830336897818149e-11,6.877644128566557e-11,7.053201014408524e-23
14,17,Cl,3p⁵→3p⁴4s,lower,6,16,4.7766065679981564e-11,-1.1502906321507138e-11,0.4999999999999997,18628148281.866558,3.8331664739253184e-11,6.876067502080543e-11,7.053201014408511e-23
14,17,Cl,3p⁵→3p⁴4s,lower,7,8,2.6402717607500375e-11,2.2865424177042018e-11,-0.49999999999999983,87094156923.02226,3.1600711085570947e-12,2.651053996672396e-11,6.05832401173587e-23
14,17,Cl,3p⁵→3p⁴4s,lower,7,9,2.652236754374861e-11,2.2934452237954242e-11,-0.5000000000000004,70397280135.59502,5.581846791403832e-12,2.7083079722762743e-11,5.293601694107324e-23
14,17,Cl,3p⁵→3p⁴4s,lower,7,10,5.0761981589543475e-11,1.5243616118028014e-11,0.0,20407243597.553646,3.3348012869847716e-11,6.357253799736779e-11,5.603174855609297e-23
14,17,Cl,3p⁵→3p⁴4s,lower,7,11,5.0761981589543475e-11,1.5243616118028014e-11,0.0,20407243597.512333,3.339812396406892e-11,6.354622620954755e-11,5.603174855584587e-23
14,17,Cl,3p⁵→3p⁴4s,lower,7,12,6.76528012775283e-11,6.76528012775283e-11,-1.0,19504581540.12584,3.718368805780717e-11,6.764284430220882e-11,1.14314234817287e-22
14,17,Cl,3p⁵→3p⁴4s,lower,7,13,4.669245144353116e-11,-1.0960976461722119e-11,0.49999999999999983,19024988956.145214,3.728197320833273e-11,6.758872329439534e-11,7.025951189996382e-23
14,17,Cl,3p⁵→3p⁴4s,lower,7,14,4.8549209435072205e-11,-1.1927242227065504e-11,0.5000000000000004,18352464727.391968,3.918467894676464e-11,6.953661586689189e-11,7.042275676907784e-23
14,17,Cl,3p⁵→3p⁴4s,lower,7,15,3.8288681630813214e-11,-3.8288681630813214e-11,1.0,19077296953.241352,3.828923199664221e-11,6.877560746628197e-11,1.143929591258977e-22
14,17,Cl,3p⁵→3p⁴4s,lower,7,16,6.256277272806654e-11,4.200976499244862e-11,-0.49999999999999983,18628293628.83107,3.841486302770505e-11,6.870551482822505e-11,7.03565093648653e-23
14,17,Cl,3p⁵→3p⁴4s,lower,8,9,2.65223675437486e-11,2.293445223795423e-11,-0.4999999999999997,87333687289.56921,2.8170473137143695e-12,2.6671195627504627e-11,6.116991493837321e-23
14,17,Cl,3p⁵→3p⁴4s,lower,8,10,5.0761981589543475e-11,1.5243616118028014e-11,0.0,20407243597.840237,3.320096095478135e-11,6.364945986788408e-11,5.603174855780726e-23
14,17,Cl,3p⁵→3p⁴4s,lower,8,11,5.0761981589543475e-11,1.5243616118028014e-11,0.0,20407243597.89311,3.318784346848986e-11,6.365630051852932e-11,5.603174855812348e-23
14,17,Cl,3p⁵→3p⁴4s,lower,8,12,4.6692451443531164e-11,-1.0960976461722122e-11,0.49999999999999983,19024988956.145462,3.717448306402577e-11,6.764790352845856e-11,7.025951189996545e-23
14,17,Cl,3p⁵→3p⁴4s,lower,8,13,6.76528012775283e-11,6.76528012775283e-11,-0.9999999999999999,19504581540.125843,3.7165852258213374e-11,6.765264568953555e-11,1.1431423481728696e-22
14,17,Cl,3p⁵→3p⁴4s,lower,8,14,4.854920943507222e-11,-1.1927242227065466e-11,0.4999999999999997,18352464727.392075,3.9138561566418325e-11,6.956258339719981e-11,7.042275676907854e-23
14,17,Cl,3p⁵→3p⁴4s,lower,8,15,6.256277272806654e-11,4.200976499244862e-11,-0.49999999999999983,18628293628.93224,3.832121304340633e-11,6.875779301381521e-11,7.035650936571231e-23
14,17,Cl,3p⁵→3p⁴4s,lower,8,16,3.828868163081322e-11,-3.8288681630813214e-11,0.9999999999999999,19077296953.24135,3.828923199664222e-11,6.877560746628199e-11,1.1439295912589773e-22
14,17,Cl,3p⁵→3p⁴4s,lower,9,10,5.0803609944939884e-11,1.538167223985244e-11,0.0,20402949370.24022,3.31598409376215e-11,6.373726159686209e-11,5.701326762377678e-23
14,17,Cl,3p⁵→3p⁴4s,lower,9,11,5.0803609944939884e-11,1.538167223985244e-11,0.0,20402949370.166218,3.321081159228942e-11,6.371071778167817e-11,5.701326762333495e-23
14,17,Cl,3p⁵→3p⁴4s,lower,9,12,4.6660235977712967e-11,-1.0822920339897721e-11,0.5000000000000004,19023887070.15757,3.7210880242981045e-11,6.769037931269544e-11,7.149464809741769e-23
14,17,Cl,3p⁵→3p⁴4s,lower,9,13,4.666023597771297e-11,-1.0822920339897689e-11,0.4999999999999997,19023887070.157578,3.7192774064836525e-11,6.770032952147341e-11,7.149464809741763e-23
14,17,Cl,3p⁵→3p⁴4s,lower,9,14,6.972338893003943e-11,6.972338893003943e-11,-1.0,18788258034.22252,3.8973891477600294e-11,6.971564968178825e-11,1.1649639863076996e-22
14,17,Cl,3p⁵→3p⁴4s,lower,9,15,6.265555842368421e-11,4.2147821114273076e-11,-0.5000000000000004,18627266102.53491,3.834384478201991e-11,6.880664977792511e-11,7.159517683292965e-23
14,17,Cl,3p⁵→3p⁴4s,lower,9,16,6.265555842368421e-11,4.2147821114273044e-11,-0.4999999999999997,18627266102.5851,3.829031220058803e-11,6.883645457104235e-11,7.159517683334955e-23
14,17,Cl,3p⁵→3p⁴4s,lower,10,11,9.683823506329196e-11,9.683823506329196e-11,-1.0,63165803816.85565,5.965183605213636e-13,9.679822585868534e-11,8.898031114930111e-22
14,17,Cl,3p⁵→3p⁴4s,lower,10,12,7.135218028642244e-11,4.841911753164598e-11,0.0,13576193898.245733,5.764386073317162e-11,9.16089459223582e-11,1.4305649409712292e-22
14,17,Cl,3p⁵→3p⁴4s,lower,10,13,7.135218028642244e-11,4.841911753164598e-11,0.0,23034937416.34685,2.1012258222990582e-11,7.424925591988813e-11,3.3323542834949905e-22
14,17,Cl,3p⁵→3p⁴4s,lower,10,14,7.278346732177504e-11,4.841911753164598e-11,0.0,11486467871.694141,7.272008725242883e-11,1.0270013141560075e-10,1.1187913641174715e-22
14,17,Cl,3p⁵→3p⁴4s,lower,10,15,7.218114604807781e-11,4.841911753164598e-11,0.0,12216090128.404411,6.695926586953558e-11,9.829947078191282e-11,1.2221346810789356e-22
14,17,Cl,3p⁵→3p⁴4s,lower,10,16,7.218114604807781e-11,4.841911753164598e-11,0.0,15194803215.288588,4.795563601152097e-11,8.648112912934518e-11,1.8289196575679555e-22
14,17,Cl,3p⁵→3p⁴4s,lower,11,12,7.135218028642244e-11,4.841911753164598e-11,0.0,33352392853.470173,7.021018613798549e-12,7.155928808619258e-11,4.470208944540559e-22
14,17,Cl,3p⁵→3p⁴4s,lower,11,13,7.135218028642244e-11,4.841911753164598e-11,0.0,13576193898.245733,5.766056057924735e-11,9.163415731029094e-11,1.4305649409712308e-22
14,17,Cl,3p⁵→3p⁴4s,lower,11,14,7.278346732177504e-11,4.841911753164598e-11,0.0,11702385524.196228,7.086414992426814e-11,1.0138679198677075e-10,1.1594573737855176e-22
14,17,Cl,3p⁵→3p⁴4s,lower,11,15,7.218114604807781e-11,4.841911753164598e-11,0.0,12582929832.339067,6.415488966812432e-11,9.641106025008844e-11,1.2926469490531478e-22
14,17,Cl,3p⁵→3p⁴4s,lower,11,16,7.218114604807781e-11,4.841911753164598e-11,0.0,12216090128.404411,6.693968642907103e-11,9.829391247409296e-11,1.2221346810789359e-22
14,17,Cl,3p⁵→3p⁴4s,lower,12,13,9.077537147953928e-11,7.861377773925041e-11,-0.49999999999999983,25404378276.365314,9.84596765088824e-12,9.127791328524147e-11,7.163385917531012e-22
14,17,Cl,3p⁵→3p⁴4s,lower,12,14,9.245404238766659e-11,7.95800435045938e-11,-0.5000000000000004,20165150091.397774,1.9487038679116153e-11,9.443571972881682e-11,6.420103809756031e-22
14,17,Cl,3p⁵→3p⁴4s,lower,12,15,1.0594148290834152e-10,1.0594148290834151e-10,-1.0,42979226653.10219,1.1439829395481194e-12,1.058843212245175e-10,1.0624657148380894e-21
14,17,Cl,3p⁵→3p⁴4s,lower,12,16,5.2979670503135985e-11,2.5643036285079678e-11,0.49999999999999983,14030252228.588713,6.183313161286316e-11,8.140474447708089e-11,4.7797046077660327e-23
14,17,Cl,3p⁵→3p⁴4s,lower,13,14,9.245404238766656e-11,7.958004350459375e-11,-0.4999999999999997,24816280642.715458,9.996520306381518e-12,9.292303869975942e-11,7.408907613517025e-22
14,17,Cl,3p⁵→3p⁴4s,lower,13,15,5.2979670503135985e-11,2.564303628507967e-11,0.49999999999999983,21428502181.4498,3.31904899324918e-11,6.249003824838007e-11,1.0561308317757775e-22
14,17,Cl,3p⁵→3p⁴4s,lower,13,16,1.0594148290834151e-10,1.0594148290834151e-10,-0.9999999999999999,33898912557.00716,2.2568722389140135e-12,1.0592719152300616e-10,1.0606190331135147e-21
14,17,Cl,3p⁵→3p⁴4s,lower,14,15,5.3941562056218503e-11,2.7575567815766354e-11,0.5000000000000004,29426715892.928978,1.7213648021265822e-11,5.660007421183384e-11,1.8331903940396057e-22
14,17,Cl,3p⁵→3p⁴4s,lower,14,16,5.394156205621854e-11,2.757556781576639e-11,0.4999999999999997,21047551791.544315,3.375817827652743e-11,6.360925958829291e-11,1.0953949382916655e-22
14,17,Cl,3p⁵→3p⁴4s,lower,15,16,9.272065954689804e-11,8.029844662326183e-11,-0.49999999999999983,24871198201.220013,1.024257560576575e-11,9.324019047327847e-11,7.473691338448191e-22
14,17,Cl,3p⁵→3p⁴4s,upper,0,1,6.272001909324995e-12,6.272001909324995e-12,-1.0,427976263803.9095,8.090833542038527e-13,6.165209158133522e-12,3.747250557806344e-24
14,17,Cl,3p⁵→3p⁴4s,upper,0,2,1.1532050920433483e-11,-1.1532050920433483e-11,1.0,68962527232.7377,1.2042894930017582e-11,1.7787990952173866e-11,4.865607103161133e-24
14,17,Cl,3p⁵→3p⁴4s,upper,0,3,1.783022106407718e-11,1.783022106407718e-11,-1.0,68837688893.04611,1.2001322701124996e-11,1.7802007357971542e-11,4.866963052115357e-24
14,17,Cl,3p⁵→3p⁴4s,upper,0,4,1.5635669365010365e-11,3.1359061956284114e-12,0.0,64793505499.09897,1.4048446430598677e-11,1.8227208690532613e-11,2.1985885833662567e-24
14,17,Cl,3p⁵→3p⁴4s,upper,0,5,1.5601222046136823e-11,3.1359061956284114e-12,0.0,64999621396.83287,1.3687856620445949e-11,1.7959290236081782e-11,2.289572979305568e-24
14,17,Cl,3p⁵→3p⁴4s,upper,0,6,1.5601222046136823e-11,3.1359061956284114e-12,0.0,64951464413.260605,1.3789369469424982e-11,1.81824594603502e-11,2.214010029107785e-24
14,17,Cl,3p⁵→3p⁴4s,upper,0,7,1.5530109353999774e-11,3.1359061956284114e-12,0.0,65408281385.4521,1.299070550222231e-11,1.7647236868160855e-11,2.433390313796884e-24
14,17,Cl,3p⁵→3p⁴4s,upper,0,8,1.5668436667777918e-11,3.1359061956284114e-12,0.0,64892864822.57167,1.2788184911616825e-11,1.761045257742589e-11,2.5457143603726015e-24
14,17,Cl,3p⁵→3p⁴4s,upper,0,9,1.5668436667777918e-11,3.1359061956284114e-12,0.0,64717503299.1654,1.3511862255738014e-11,1.8116545807205545e-11,2.2923398440481755e-24
14,17,Cl,3p⁵→3p⁴4s,upper,0,10,4.308792758677631e-11,-4.308792758677631e-11,1.0,21658818245.202045,4.309518643019965e-11,4.935971521507403e-11,4.912707392524224e-24
14,17,Cl,3p⁵→3p⁴4s,upper,0,11,5.0606394492935305e-11,5.0606394492935305e-11,-1.0,21088758658.313236,4.433936566080503e-11,5.060599763034301e-11,4.91292766163044e-24
14,17,Cl,3p⁵→3p⁴4s,upper,0,12,5.098437076174852e-11,3.1359061956284114e-12,0.0,19641747249.06573,4.793046927261245e-11,5.400555418025935e-11,2.455122319679252e-24
14,17,Cl,3p⁵→3p⁴4s,upper,0,13,5.247333029212962e-11,3.1359061956284114e-12,0.0,19082882179.046757,4.9288734131392456e-11,5.542711259493581e-11,2.4553106393533712e-24
14,17,Cl,3p⁵→3p⁴4s,upper,0,14,5.247333029212961e-11,3.1359061956284114e-12,0.0,19082882179.032524,4.9433877939279134e-11,5.5370351868575045e-11,2.4553106391160257e-24
14,17,Cl,3p⁵→3p⁴4s,upper,0,15,5.2933877486809737e-11,3.1359061956284114e-12,0.0,18916412658.05265,4.982660099868707e-11,5.594630114880007e-11,2.4553656801473473e-24
14,17,Cl,3p⁵→3p⁴4s,upper,0,16,1.1495172924447796e-10,-1.1495172924447796e-10,1.0,8469780669.750221,1.149566785676038e-10,1.212188481867036e-10,4.916303605796289e-24
14,17,Cl,3p⁵→3p⁴4s,upper,1,2,1.7804052829758478e-11,1.7804052829758478e-11,-1.0,68964324099.19774,1.1975002083227626e-11,1.7775846606359073e-11,4.867350064975861e-24
14,17,Cl,3p⁵→3p⁴4s,upper,1,3,1.1558219154752184e-11,-1.1558219154752184e-11,1.0,68836100940.64603,1.2068882303124831e-11,1.781453242347541e-11,4.8663893890435226e-24
14,17,Cl,3p⁵→3p⁴4s,upper,1,4,1.5635707376054625e-11,3.1360957136965837e-12,0.0,64773678486.4283,1.409325789344502e-11,1.8301123561311535e-11,2.167574150373407e-24
14,17,Cl,3p⁵→3p⁴4s,upper,1,5,1.5601260141108828e-11,3.1360957136965837e-12,0.0,64966188857.73934,1.367317204931323e-11,1.8127757264975377e-11,2.2368074519254797e-24
14,17,Cl,3p⁵→3p⁴4s,upper,1,6,1.5601260141108828e-11,3.1360957136965837e-12,0.0,65117726468.65417,1.2932992539263612e-11,1.7733672797970803e-11,2.4553423961822543e-24
14,17,Cl,3p⁵→3p⁴4s,upper,1,7,1.5530147623409016e-11,3.1360957136965837e-12,0.0,65234556596.290245,1.3796178427821294e-11,1.8168975468109473e-11,2.1803997493137192e-24
14,17,Cl,3p⁵→3p⁴4s,upper,1,8,1.5668474599330114e-11,3.1360957136965837e-12,0.0,64607821636.925804,1.4300806820615266e-11,1.8412727740449325e-11,2.1256406130863403e-24
14,17,Cl,3p⁵→3p⁴4s,upper,1,9,1.5668474599330114e-11,3.1360957136965837e-12,0.0,64664809479.07045,1.3935720908460962e-11,1.8230152504138393e-11,2.2149009709849434e-24
14,17,Cl,3p⁵→3p⁴4s,upper,1,10,4.935992949610131e-11,4.935992949610131e-11,-1.0,21658821269.696075,4.309253107339309e-11,4.9359533273193846e-11,4.9133006943467184e-24
14,17,Cl,3p⁵→3p⁴4s,upper,1,11,4.433439258361031e-11,-4.433439258361031e-11,1.0,21088761449.97277,4.434163806671226e-11,5.0606559205253616e-11,4.913521016745349e-24
14,17,Cl,3p⁵→3p⁴4s,upper,1,12,5.098438241882629e-11,3.1360957136965837e-12,0.0,19641746125.159145,4.796205300482068e-11,5.390454164503311e-11,2.4554186733706964e-24
14,17,Cl,3p⁵→3p⁴4s,upper,1,13,5.247334161843149e-11,3.1360957136965837e-12,0.0,19082881148.24329,4.939941931803393e-11,5.547074593505598e-11,2.455607038129547e-24
14,17,Cl,3p⁵→3p⁴4s,upper,1,14,5.2473341618431475e-11,3.1360957136965837e-12,0.0,19082881148.25551,4.927727857313349e-11,5.544133952413157e-11,2.4556070383339418e-24
14,17,Cl,3p⁵→3p⁴4s,upper,1,15,5.2933888714567986e-11,3.1360957136965837e-12,0.0,18916411653.98449,4.987318736693647e-11,5.5833167884767307e-11,2.4556620926202122e-24
14,17,Cl,3p⁵→3p⁴4s,upper,1,16,1.2122373115380295e-10,1.2122373115380295e-10,-1.0,8469780850.355373,1.1495153972640978e-10,1.2122373115380298e-10,4.916897777610506e-24
14,17,Cl,3p⁵→3p⁴4s,upper,2,3,2.9362271984510664e-11,2.9362271984510664e-11,-1.0,405696040231.78973,5.432222454313611e-13,2.8088080197016537e-11,1.0059143794476172e-22
14,17,Cl,3p⁵→3p⁴4s,upper,2,4,2.120823459844722e-11,1.4667957116061895e-11,0.0,45684178115.2546,1.7242487985668516e-11,2.6859583877464718e-11,1.2711804381863794e-23
14,17,Cl,3p⁵→3p⁴4s,upper,2,5,2.118285126284268e-11,1.4667957116061895e-11,0.0,75662791130.25307,8.747546548970274e-12,2.2043316874231e-11,2.848860047412255e-23
14,17,Cl,3p⁵→3p⁴4s,upper,2,6,2.118285126284268e-11,1.4667957116061895e-11,0.0,39438529026.537476,2.1204478692150717e-11,2.947476621656255e-11,9.57904082489767e-24
14,17,Cl,3p⁵→3p⁴4s,upper,2,7,2.1130531343012683e-11,1.4667957116061895e-11,0.0,41714070214.686646,1.982044439539841e-11,2.8584745543713263e-11,1.0557336732162596e-23
14,17,Cl,3p⁵→3p⁴4s,upper,2,8,2.1232403676998458e-11,1.4667957116061895e-11,0.0,51726223689.353615,1.419694138842083e-11,2.5018640434661855e-11,1.601838462749922e-23
14,17,Cl,3p⁵→3p⁴4s,upper,2,9,2.1232403676998458e-11,1.4667957116061895e-11,0.0,61073982950.84823,1.2152859269388126e-11,2.360956682960331e-11,2.105967410467021e-23
14,17,Cl,3p⁵→3p⁴4s,upper,2,10,3.155587666634283e-11,-3.155587666634283e-11,1.0,22211650832.882336,3.156239802188369e-11,6.088043096583872e-11,1.0550815123683014e-22
14,17,Cl,3p⁵→3p⁴4s,upper,2,11,6.213844541336878e-11,6.213844541336878e-11,-1.0,21597315088.82487,3.354586894418392e-11,6.210065969108999e-11,1.0561521879864326e-22
14,17,Cl,3p⁵→3p⁴4s,upper,2,12,5.295961782587076e-11,1.4667957116061895e-11,0.0,19453811238.299835,3.679837361520609e-11,6.495349185235659e-11,5.218722483662215e-23
14,17,Cl,3p⁵→3p⁴4s,upper,2,13,5.439453511372056e-11,1.4667957116061895e-11,0.0,18910205086.38046,3.820759706496839e-11,6.695448697315344e-11,5.2276593059388445e-23
14,17,Cl,3p⁵→3p⁴4s,upper,2,14,5.4394535113720545e-11,1.4667957116061895e-11,0.0,18910188740.167305,3.924771531309844e-11,6.681075864925618e-11,5.2276336429253e-23
14,17,Cl,3p⁵→3p⁴4s,upper,2,15,5.483895006361293e-11,1.4667957116061895e-11,0.0,18748137501.258205,3.8656682051860776e-11,6.671057651354851e-11,5.2303017199784686e-23
14,17,Cl,3p⁵→3p⁴4s,upper,2,16,1.0341967832404447e-10,-1.0341967832404447e-10,1.0,8501237398.668601,1.0342039327820862e-10,1.327550355872381e-10,1.0726247758707786e-22
14,17,Cl,3p⁵→3p⁴4s,upper,3,4,2.122647258206736e-11,1.469431486844877e-11,0.0,91653226989.29352,6.4848013340926455e-12,2.1286619821371515e-11,3.570530813208105e-23
14,17,Cl,3p⁵→3p⁴4s,upper,3,5,2.1201111082162642e-11,1.469431486844877e-11,0.0,45678490330.63709,1.8052922664063958e-11,2.722897252425121e-11,1.2657847400404278e-23
14,17,Cl,3p⁵→3p⁴4s,upper,3,6,2.1201111082162642e-11,1.469431486844877e-11,0.0,40143247014.84327,2.1291388688776638e-11,2.955009852936866e-11,9.928513397898443e-24
14,17,Cl,3p⁵→3p⁴4s,upper,3,7,2.1148836335186983e-11,1.469431486844877e-11,0.0,42938432542.87021,1.8880174362687712e-11,2.7887131994280888e-11,1.1200010640105163e-23
14,17,Cl,3p⁵→3p⁴4s,upper,3,8,2.1250620917928527e-11,1.469431486844877e-11,0.0,41480967158.56369,1.9844133789461303e-11,2.865782540011064e-11,1.067678711330552e-23
14,17,Cl,3p⁵→3p⁴4s,upper,3,9,2.1250620917928527e-11,1.469431486844877e-11,0.0,74918733755.67018,7.389592739805594e-12,2.1986108198020653e-11,2.8560327954804985e-23
14,17,Cl,3p⁵→3p⁴4s,upper,3,10,6.091814865085349e-11,6.091814865085349e-11,-1.0,22213651414.07531,3.228344660976422e-11,6.088055059693942e-11,1.0587784812783102e-22
14,17,Cl,3p⁵→3p⁴4s,upper,3,11,3.2776173428858125e-11,-3.2776173428858125e-11,1.0,21599495387.69582,3.278263293634628e-11,6.21533552384172e-11,1.0598978573721522e-22
14,17,Cl,3p⁵→3p⁴4s,upper,3,12,5.296692405413752e-11,1.469431486844877e-11,0.0,19453133165.298317,3.685653368838125e-11,6.468088442311173e-11,5.236931785325931e-23
14,17,Cl,3p⁵→3p⁴4s,upper,3,13,5.4401648630645946e-11,1.469431486844877e-11,0.0,18909576613.418262,3.809710836023221e-11,6.693094933059303e-11,5.245925366528332e-23
14,17,Cl,3p⁵→3p⁴4s,upper,3,14,5.440164863064594e-11,1.469431486844877e-11,0.0,18909558022.466324,3.909930850711725e-11,6.691493924240389e-11,5.2458957551440753e-23
14,17,Cl,3p⁵→3p⁴4s,upper,3,15,5.4846005940031006e-11,1.469431486844877e-11,0.0,18747513979.24886,3.888090421301748e-11,6.681921794158488e-11,5.248568752066537e-23
14,17,Cl,3p⁵→3p⁴4s,upper,3,16,1.3278195030855515e-10,1.3278195030855515e-10,-1.0,8501356971.637673,1.0341122656239469e-10,1.32768005511261e-10,1.0764718770583631e-22
14,17,Cl,3p⁵→3p⁴4s,upper,4,5,2.6501058233622015e-11,2.2959375454332624e-11,-0.49999999999999983,95288969258.54028,3.726184906028596e-12,2.6004524356760227e-11,6.481227906424901e-23
14,17,Cl,3p⁵→3p⁴4s,upper,4,6,2.6501058233622022e-11,2.2959375454332634e-11,-0.5000000000000004,66176912066.511894,9.118501510989743e-12,2.705358328142208e-11,4.9835252752525557e-23
14,17,Cl,3p⁵→3p⁴4s,upper,4,7,3.052817816668169e-11,3.052817816668169e-11,-1.0,77452600533.36685,5.055175517170755e-12,3.019516901607134e-11,8.405986528862958e-23
14,17,Cl,3p⁵→3p⁴4s,upper,4,8,1.533472150653285e-11,7.642262997609483e-12,0.49999999999999983,48469357074.8886,1.7895936735729867e-11,2.31380744408905e-11,4.0093480539583696e-24
14,17,Cl,3p⁵→3p⁴4s,upper,4,9,1.5334721506532848e-11,7.642262997609477e-12,0.5000000000000004,42349103442.45002,2.142061611035589e-11,2.610617073924036e-11,3.075351202287808e-24
14,17,Cl,3p⁵→3p⁴4s,upper,4,10,4.869582177525628e-11,1.5317971433063288e-11,0.0,21349850189.86665,3.159149106054829e-11,6.093474128115967e-11,5.63563913897104e-23
14,17,Cl,3p⁵→3p⁴4s,upper,4,11,4.988073283351893e-11,1.5317971433063288e-11,0.0,20802851352.034798,3.342696224926577e-11,6.245999855675898e-11,5.647445986281449e-23
14,17,Cl,3p⁵→3p⁴4s,upper,4,12,3.5569867529734665e-11,-3.5569867529734665e-11,1.0,20120427011.668644,3.5576519033156974e-11,6.61937983507817e-11,1.1529588016958906e-22
14,17,Cl,3p⁵→3p⁴4s,upper,4,13,6.148662513519679e-11,4.150774273923904e-11,-0.49999999999999983,19035082190.636307,3.809910380240481e-11,6.764704469043107e-11,7.092066408398177e-23
14,17,Cl,3p⁵→3p⁴4s,upper,4,14,6.148662513519677e-11,4.150774273923906e-11,-0.5000000000000004,19035107496.31895,3.717850397817413e-11,6.718964490977628e-11,7.092106080632485e-23
14,17,Cl,3p⁵→3p⁴4s,upper,4,15,6.815887867471464e-11,6.815887867471464e-11,-1.0,19342186150.93764,3.852466302149222e-11,6.814886561447318e-11,1.1544328773906768e-22
14,17,Cl,3p⁵→3p⁴4s,upper,4,16,1.1907699144948032e-10,1.5317971433063288e-11,0.0,8450600873.471995,1.0379439602040913e-10,1.326098908078794e-10,5.830560378171614e-23
14,17,Cl,3p⁵→3p⁴4s,upper,5,6,2.6470600011999254e-11,2.292421206380802e-11,-0.4999999999999997,81443526874.33878,5.204870829845012e-12,2.6332018876467574e-11,5.960955549830071e-23
14,17,Cl,3p⁵→3p⁴4s,upper,5,7,1.5246637030744723e-11,7.677704675729481e-12,0.49999999999999983,74568717877.68466,9.543979315816543e-12,1.7427724383205965e-11,8.810056648174164e-24
14,17,Cl,3p⁵→3p⁴4s,upper,5,8,3.0634224913446294e-11,3.0634224913446294e-11,-0.9999999999999999,71084628879.82938,6.184876168365777e-12,3.0446105278436894e-11,8.0933322731139e-23
14,17,Cl,3p⁵→3p⁴4s,upper,5,9,1.5317227699241176e-11,7.607099607084876e-12,0.4999999999999997,48522895682.34426,1.8241025479432235e-11,2.3511400957278996e-11,3.996250165117483e-24
14,17,Cl,3p⁵→3p⁴4s,upper,5,10,4.868477206692525e-11,1.528280804253868e-11,0.0,21351105514.121742,3.1317413589650905e-11,6.133227001921115e-11,5.610846061697689e-23
14,17,Cl,3p⁵→3p⁴4s,upper,5,11,4.9869945667203564e-11,1.528280804253868e-11,0.0,20804064972.94276,3.260972998075649e-11,6.260111874065278e-11,5.622605087853089e-23
14,17,Cl,3p⁵→3p⁴4s,upper,5,12,6.000704500753894e-11,4.072672752393764e-11,-0.49999999999999983,19589612039.47624,3.669113273273725e-11,6.572907103197155e-11,7.046594560201588e-23
14,17,Cl,3p⁵→3p⁴4s,upper,5,13,3.7096734569812834e-11,-3.709673456981283e-11,0.9999999999999999,19518423744.431366,3.7103284222151065e-11,6.765028044247963e-11,1.14890813242656e-22
14,17,Cl,3p⁵→3p⁴4s,upper,5,14,6.146289287891333e-11,4.147257934871442e-11,-0.4999999999999997,19035367871.491592,3.825410895059056e-11,6.727253434484399e-11,7.06063911044482e-23
14,17,Cl,3p⁵→3p⁴4s,upper,5,15,4.709743366276062e-11,-1.1137645578286988e-11,0.49999999999999983,18870213251.318344,3.8630298104818477e-11,6.778478762047001e-11,7.064742381879288e-23
14,17,Cl,3p⁵→3p⁴4s,upper,5,16,1.190724731644579e-10,1.528280804253868e-11,0.0,8450681385.753186,1.0365528372766329e-10,1.3271054926545487e-10,5.803983316994316e-23
14,17,Cl,3p⁵→3p⁴4s,upper,6,7,1.5246637030744716e-11,7.677704675729475e-12,0.5000000000000004,103030233891.64226,5.746740796333787e-12,1.5910986156510437e-11,1.443222801058539e-23
14,17,Cl,3p⁵→3p⁴4s,upper,6,8,1.5317227699241176e-11,7.607099607084879e-12,0.4999999999999997,74050557757.88069,1.0253518047479772e-11,1.8032903171222086e-11,8.795223549328762e-24
14,17,Cl,3p⁵→3p⁴4s,upper,6,9,3.0634224913446294e-11,3.0634224913446294e-11,-1.0,153859240633.86136,1.698869277115909e-12,2.9614674226340467e-11,1.0184365991925638e-22
14,17,Cl,3p⁵→3p⁴4s,upper,6,10,4.868477206692525e-11,1.528280804253868e-11,0.0,21351021006.579338,3.249686062176932e-11,6.095014373968302e-11,5.610758287988204e-23
14,17,Cl,3p⁵→3p⁴4s,upper,6,11,4.9869945667203564e-11,1.528280804253868e-11,0.0,20804049929.778446,3.330443234314342e-11,6.197849899614205e-11,5.622592141987308e-23
14,17,Cl,3p⁵→3p⁴4s,upper,6,12,6.000704500753894e-11,4.0726727523937675e-11,-0.5000000000000004,19589643953.99478,3.560922072934935e-11,6.550174301481637e-11,7.046639532055886e-23
14,17,Cl,3p⁵→3p⁴4s,upper,6,13,6.146289287891334e-11,4.1472579348714423e-11,-0.4999999999999997,19035362763.25555,3.8160873747882614e-11,6.765484420797114e-11,7.060630573713108e-23
14,17,Cl,3p⁵→3p⁴4s,upper,6,14,3.709673456981282e-11,-3.709673456981282e-11,1.0,19518423744.431393,3.710328422215103e-11,6.765028044247959e-11,1.1489081324265599e-22
14,17,Cl,3p⁵→3p⁴4s,upper,6,15,4.709743366276061e-11,-1.1137645578287014e-11,0.5000000000000004,18870212264.894802,3.847616908978333e-11,6.810465259498964e-11,7.064740512829634e-23
14,17,Cl,3p⁵→3p⁴4s,upper,6,16,1.190724731644579e-10,1.528280804253868e-11,0.0,8450681431.910033,1.0364981852779523e-10,1.3271481774902247e-10,5.803984327632131e-23
14,17,Cl,3p⁵→3p⁴4s,upper,7,8,2.6467236597050692e-11,2.2885915169072207e-11,-0.49999999999999983,104372558791.14519,3.170893960638784e-12,2.5739991695510527e-11,6.694677398976747e-23
14,17,Cl,3p⁵→3p⁴4s,upper,7,9,2.6467236597050695e-11,2.2885915169072213e-11,-0.5000000000000004,71475526659.36108,6.492088088341279e-12,2.6595745308021523e-11,5.35028723756475e-23
14,17,Cl,3p⁵→3p⁴4s,upper,7,10,4.866203035656025e-11,1.5210206733618402e-11,0.0,21353725227.90663,3.118937004287164e-11,6.105114406809377e-11,5.559856164081743e-23
14,17,Cl,3p⁵→3p⁴4s,upper,7,11,4.98477446637675e-11,1.5210206733618402e-11,0.0,20806418180.32212,3.2892446083150766e-11,6.256493390919258e-11,5.571302899299458e-23
14,17,Cl,3p⁵→3p⁴4s,upper,7,12,6.609804569641636e-11,6.609804569641636e-11,-1.0,20113353465.798313,3.6684337179336265e-11,6.608817202232381e-11,1.1370578018667325e-22
14,17,Cl,3p⁵→3p⁴4s,upper,7,13,4.667186734438978e-11,-1.0979564572557347e-11,0.49999999999999983,19035938533.721443,3.839392821661246e-11,6.730406189939312e-11,6.995921605616012e-23
14,17,Cl,3p⁵→3p⁴4s,upper,7,14,4.667186734438976e-11,-1.0979564572557368e-11,0.5000000000000004,19035963089.605457,3.7720185659653045e-11,6.696416024828579e-11,6.995961282720707e-23
14,17,Cl,3p⁵→3p⁴4s,upper,7,15,3.763070050803295e-11,-3.763070050803295e-11,1.0,19336137256.832012,3.763718316558524e-11,6.803906453174929e-11,1.138525637368798e-22
14,17,Cl,3p⁵→3p⁴4s,upper,7,16,1.1906317664464894e-10,1.5210206733618402e-11,0.0,8450847100.401993,1.0405567092645528e-10,1.3238012469202088e-10,5.749299760551772e-23
14,17,Cl,3p⁵→3p⁴4s,upper,8,9,2.6589433988582014e-11,2.3027125306361415e-11,-0.4999999999999997,71961033054.49533,8.687306906064164e-12,2.6738642441677587e-11,5.517669632347795e-23
14,17,Cl,3p⁵→3p⁴4s,upper,8,10,4.870635286579942e-11,1.5351416870907613e-11,0.0,21348721032.48621,3.127191052093707e-11,6.080532315849799e-11,5.659333676620489e-23
14,17,Cl,3p⁵→3p⁴4s,upper,8,11,4.9891013811398315e-11,1.5351416870907613e-11,0.0,20801736142.296955,3.3458666655785034e-11,6.260901084475263e-11,5.671162686613532e-23
14,17,Cl,3p⁵→3p⁴4s,upper,8,12,4.521103543019689e-11,-1.0092502610491353e-11,0.49999999999999983,19589031565.569725,3.586461102170757e-11,6.589128612259734e-11,7.107769021235614e-23
14,17,Cl,3p⁵→3p⁴4s,upper,8,13,6.773095948325911e-11,6.773095948325911e-11,-0.9999999999999999,19522378985.78739,3.778938091444442e-11,6.769092686270712e-11,1.159058651340425e-22
14,17,Cl,3p⁵→3p⁴4s,upper,8,14,4.663884957922801e-11,-1.0838354435268122e-11,0.4999999999999997,19034840037.230656,3.725393594958947e-11,6.726631294619198e-11,7.122064541010532e-23
14,17,Cl,3p⁵→3p⁴4s,upper,8,15,6.195974719903833e-11,4.177187049173327e-11,-0.49999999999999983,18869680599.120052,3.851056805190514e-11,6.809736980808038e-11,7.126209274529204e-23
14,17,Cl,3p⁵→3p⁴4s,upper,8,16,1.1908129846361204e-10,1.5351416870907613e-11,0.0,8450524120.270881,1.0324069323661101e-10,1.3304912832327656e-10,5.855894100294162e-23
14,17,Cl,3p⁵→3p⁴4s,upper,9,10,4.870635286579942e-11,1.5351416870907613e-11,0.0,21348729150.703613,3.127191052093645e-11,6.080532315849815e-11,5.659342895412135e-23
14,17,Cl,3p⁵→3p⁴4s,upper,9,11,4.9891013811398315e-11,1.5351416870907613e-11,0.0,20801725924.526413,3.3458666655784504e-11,6.260901084475277e-11,5.671150105553415e-23
14,17,Cl,3p⁵→3p⁴4s,upper,9,12,4.5211035430196876e-11,-1.0092502610491383e-11,0.5000000000000004,19589028719.811604,3.5731080575329997e-11,6.571840390909314e-11,7.107764126834421e-23
14,17,Cl,3p⁵→3p⁴4s,upper,9,13,4.6638849579228016e-11,-1.0838354435268131e-11,0.4999999999999997,19034816733.73358,3.809339965167917e-11,6.764058096377289e-11,7.122027746186555e-23
14,17,Cl,3p⁵→3p⁴4s,upper,9,14,6.773095948325911e-11,6.773095948325911e-11,-1.0,19522413561.522182,3.7575651437822586e-11,6.764091611764453e-11,1.1590641614781612e-22
14,17,Cl,3p⁵→3p⁴4s,upper,9,15,6.195974719903833e-11,4.1771870491733304e-11,-0.5000000000000004,18869687913.08408,3.8084307623081704e-11,6.800040181268646e-11,7.126221073678597e-23
14,17,Cl,3p⁵→3p⁴4s,upper,9,16,1.1908129846361204e-10,1.5351416870907613e-11,0.0,8450524076.272046,1.0419753085088932e-10,1.323011181061508e-10,5.855893144601129e-23
14,17,Cl,3p⁵→3p⁴4s,upper,10,11,9.369432207971161e-11,9.369432207971161e-11,-1.0,42808955759.57532,1.3737514209820054e-12,9.365561865318459e-11,8.297837527866897e-22
14,17,Cl,3p⁵→3p⁴4s,upper,10,12,6.874747241787903e-11,4.6223833782404724e-11,0.0,14090402424.051052,5.5561443767355595e-11,8.823906815007397e-11,1.3242064613899142e-22
14,17,Cl,3p⁵→3p⁴4s,upper,10,13,6.985885265177584e-11,4.6223833782404724e-11,0.0,23329752101.08006,2.1070386816496568e-11,7.268235686311252e-11,3.138410127877974e-22
14,17,Cl,3p⁵→3p⁴4s,upper,10,14,6.985885265177583e-11,4.6223833782404724e-11,0.0,11969199159.690657,6.979808936947562e-11,9.854516312816796e-11,1.028669249041677e-22
14,17,Cl,3p⁵→3p⁴4s,upper,10,15,7.020544343328501e-11,4.6223833782404724e-11,0.0,12564233928.88244,6.51469919831484e-11,9.552325075684793e-11,1.14815810697695e-22
14,17,Cl,3p⁵→3p⁴4s,upper,10,16,7.186380165770165e-11,-7.186380165770165e-11,1.0,8824001978.87761,7.186384168782597e-11,1.6431145171479917e-10,1.036802139565961e-21
14,17,Cl,3p⁵→3p⁴4s,upper,11,12,6.959180564900158e-11,4.747048829730689e-11,0.0,34566358336.16043,6.591560721262738e-12,6.979394858852572e-11,4.274503223002313e-22
14,17,Cl,3p⁵→3p⁴4s,upper,11,13,7.06899126004828e-11,4.747048829730689e-11,0.0,13703197796.72749,5.715117760297215e-11,9.075324086072009e-11,1.399492175788527e-22
14,17,Cl,3p⁵→3p⁴4s,upper,11,14,7.06899126004828e-11,4.747048829730689e-11,0.0,12046357642.500448,6.882238115002696e-11,9.851368974099155e-11,1.0971402351643305e-22
14,17,Cl,3p⁵→3p⁴4s,upper,11,15,7.103244848170132e-11,4.747048829730689e-11,0.0,12786963997.248413,6.31398107937441e-11,9.486213714379393e-11,1.2502256335479783e-22
14,17,Cl,3p⁵→3p⁴4s,upper,11,16,1.6555812373741327e-10,1.6555812373741327e-10,-1.0,8845488990.7738,7.061781650651666e-11,1.6555783822547447e-10,1.0916107140191916e-21
14,17,Cl,3p⁵→3p⁴4s,upper,12,13,8.943528592219718e-11,7.707761026897371e-11,-0.49999999999999983,25700663643.171524,9.813303877014005e-12,8.993027151521166e-11,6.940385904413755e-22
14,17,Cl,3p⁵→3p⁴4s,upper,12,14,8.943528592219718e-11,7.707761026897372e-11,-0.5000000000000004,20857421808.866524,1.8818538597623826e-11,9.135255988075728e-11,6.012163007993944e-22
14,17,Cl,3p⁵→3p⁴4s,upper,12,15,1.037287462044493e-10,1.0372874620444931e-10,-1.0,35195628512.259155,1.9646434670243633e-12,1.0367279197935749e-10,1.0142998210094826e-21
14,17,Cl,3p⁵→3p⁴4s,upper,12,16,1.285856204952137e-10,5.088783896279795e-11,0.0,8285640424.177176,6.736914019928508e-11,1.689080298419448e-10,6.045425412788975e-22
14,17,Cl,3p⁵→3p⁴4s,upper,13,14,9.072402908181184e-11,7.856931391852726e-11,-0.4999999999999997,25419336740.920753,9.626518310889891e-12,9.118445012687023e-11,7.155292068178999e-22
14,17,Cl,3p⁵→3p⁴4s,upper,13,15,5.261174212911562e-11,2.5959088991525842e-11,0.49999999999999983,21580341934.452473,3.295048356192958e-11,6.205931478389874e-11,1.0424073536297742e-22
14,17,Cl,3p⁵→3p⁴4s,upper,13,16,1.2918322696122208e-10,5.2379542612351505e-11,0.0,8275566016.741139,6.646594763976156e-11,1.7017311791401615e-10,6.378279001356791e-22
14,17,Cl,3p⁵→3p⁴4s,upper,14,15,5.2611742129115595e-11,2.5959088991525804e-11,0.5000000000000004,30177528333.765713,1.6778296985427535e-11,5.5205089554991376e-11,1.744852351746039e-22
14,17,Cl,3p⁵→3p⁴4s,upper,14,16,1.2918322696122208e-10,5.23795426123515e-11,0.0,8275566018.07763,6.619526023084081e-11,1.7027859460073215e-10,6.378279002264676e-22
14,17,Cl,3p⁵→3p⁴4s,upper,15,16,1.2937098253455552e-10,5.284090724165135e-11,0.0,8272407776.381113,6.582383754504534e-11,1.707071312357982e-10,6.48255617283749e-22
15,18,Ar,3p⁶→3p⁵4s,lower,0,1,5.921607466326235e-12,5.921607466326235e-12,-1.0,435116179779.2708,8.2412847375654e-13,5.83164494313337e-12,3.287226850578848e-24
15,18,Ar,3p⁶→3p⁵4s,lower,0,2,1.0818648562911751e-11,-1.0818648562911751e-11,1.0,73431953678.7592,1.082783088708333e-11,1.6734318239263748e-11,4.344938530755074e-24
15,18,Ar,3p⁶→3p⁵4s,lower,0,3,1.6740256029237986e-11,1.6740256029237986e-11,-1.0,73431953678.75923,1.0823815496653856e-11,1.673691568798227e-11,4.34493853075508e-24
15,18,Ar,3p⁶→3p⁵4s,lower,0,4,1.4550070809609717e-11,2.9608037331631177e-12,0.0,69824635545.0874,1.134134300393709e-11,1.7169247508157147e-11,2.157634750462119e-24
15,18,Ar,3p⁶→3p⁵4s,lower,0,5,1.4550070809609716e-11,2.9608037331631177e-12,0.0,69824627685.60612,1.1466840568342448e-11,1.708568665607351e-11,2.1576319066431003e-24
15,18,Ar,3p⁶→3p⁵4s,lower,0,6,1.4550070809609717e-11,2.9608037331631177e-12,0.0,69824624013.26906,1.1386083931909517e-11,1.7139609500359836e-11,2.1576304073561144e-24
15,18,Ar,3p⁶→3p⁵4s,lower,0,7,1.4550070809609717e-11,2.9608037331631177e-12,0.0,69824614700.57004,1.1572316480313423e-11,1.701442365784926e-11,2.1576269560030808e-24
15,18,Ar,3p⁶→3p⁵4s,lower,0,8,1.4550070809609717e-11,2.9608037331631177e-12,0.0,69824619388.5371,1.153040476989821e-11,1.704285442558322e-11,2.1576287622792285e-24
15,18,Ar,3p⁶→3p⁵4s,lower,0,9,1.455007080960972e-11,2.9608037331631177e-12,0.0,69824618705.49643,1.1485456574896448e-11,1.7073178040291194e-11,2.157628464342132e-24
15,18,Ar,3p⁶→3p⁵4s,lower,0,10,4.204643619953928e-11,-4.204643619953928e-11,1.0,22242744978.80188,4.204643619953928e-11,4.7961275999275113e-11,4.379620122414131e-24
15,18,Ar,3p⁶→3p⁵4s,lower,0,11,4.796804366586551e-11,4.796804366586551e-11,-1.0,22242744978.80187,4.204643619953928e-11,4.796127599927513e-11,4.379620122414126e-24
15,18,Ar,3p⁶→3p⁵4s,lower,0,12,4.9073386221802686e-11,2.9608037331631177e-12,0.0,20405526299.782745,4.6108851304315306e-11,5.1902454211527077e-11,2.1887126254795693e-24
15,18,Ar,3p⁶→3p⁵4s,lower,0,13,4.907338622180269e-11,2.9608037331631177e-12,0.0,20405526299.78227,4.618443500481408e-11,5.1801471348163e-11,2.188712625475673e-24
15,18,Ar,3p⁶→3p⁵4s,lower,0,14,4.9073386221802686e-11,2.9608037331631177e-12,0.0,20405526299.785275,4.6070920517922794e-11,5.186876036638021e-11,2.18871262551443e-24
15,18,Ar,3p⁶→3p⁵4s,lower,0,15,4.90733862218027e-11,2.9608037331631177e-12,0.0,20405526299.782738,4.6108851304315294e-11,5.19024542115271e-11,2.1887126254795704e-24
15,18,Ar,3p⁶→3p⁵4s,lower,0,16,4.90733862218027e-11,2.9608037331631177e-12,0.0,20405526299.78227,4.6184435004814065e-11,5.1801471348162977e-11,2.1887126254756678e-24
15,18,Ar,3p⁶→3p⁵4s,lower,0,17,4.9073386221802686e-11,2.9608037331631177e-12,0.0,20405526299.785282,4.6070920517922775e-11,5.1868760366380206e-11,2.188712625514427e-24
15,18,Ar,3p⁶→3p⁵4s,lower,1,2,1.6740256029237986e-11,1.6740256029237986e-11,-1.0,73431953678.75916,1.0823815496653856e-11,1.6736915687982276e-11,4.3449385307550744e-24
15,18,Ar,3p⁶→3p⁵4s,lower,1,3,1.0818648562911751e-11,-1.0818648562911751e-11,1.0,73431953678.75919,1.0827830887083335e-11,1.6734318239263755e-11,4.344938530755073e-24
15,18,Ar,3p⁶→3p⁵4s,lower,1,4,1.4550070809609717e-11,2.9608037331631177e-12,0.0,69824624963.76462,1.1396980361462404e-11,1.7132365854421685e-11,2.1576307958013737e-24
15,18,Ar,3p⁶→3p⁵4s,lower,1,5,1.4550070809609716e-11,2.9608037331631177e-12,0.0,69824615095.62248,1.1488775665715313e-11,1.7070944755114813e-11,2.157627074198276e-24
15,18,Ar,3p⁶→3p⁵4s,lower,1,6,1.4550070809609717e-11,2.9608037331631177e-12,0.0,69824630279.63133,1.1400237906557415e-11,1.7130198387736225e-11,2.157632842160247e-24
15,18,Ar,3p⁶→3p⁵4s,lower,1,7,1.4550070809609717e-11,2.9608037331631177e-12,0.0,69824637510.9125,1.1355403346960282e-11,1.7159951513834654e-11,2.1576355331177272e-24
15,18,Ar,3p⁶→3p⁵4s,lower,1,8,1.4550070809609717e-11,2.9608037331631177e-12,0.0,69824629429.05695,1.1355518713858372e-11,1.7159875170540312e-11,2.1576324281988107e-24
15,18,Ar,3p⁶→3p⁵4s,lower,1,9,1.455007080960972e-11,2.9608037331631177e-12,0.0,69824618042.91016,1.1569759644734401e-11,1.7016162402033718e-11,2.1576282556222827e-24
15,18,Ar,3p⁶→3p⁵4s,lower,1,10,4.796804366586551e-11,4.796804366586551e-11,-1.0,22242744978.801857,4.204643619953927e-11,4.796127599927515e-11,4.379620122414133e-24
15,18,Ar,3p⁶→3p⁵4s,lower,1,11,4.204643619953928e-11,-4.204643619953928e-11,1.0,22242744978.801872,4.204643619953927e-11,4.7961275999275126e-11,4.379620122414134e-24
15,18,Ar,3p⁶→3p⁵4s,lower,1,12,4.9073386221802686e-11,2.9608037331631177e-12,0.0,20405526299.77114,4.62576183932003e-11,5.190235494709419e-11,2.188712625320429e-24
15,18,Ar,3p⁶→3p⁵4s,lower,1,13,4.907338622180269e-11,2.9608037331631177e-12,0.0,20405526299.797062,4.603277254716614e-11,5.1834879501695985e-11,2.188712625676296e-24
15,18,Ar,3p⁶→3p⁵4s,lower,1,14,4.9073386221802686e-11,2.9608037331631177e-12,0.0,20405526299.7724,4.6183327584290435e-11,5.1835374049235636e-11,2.1887126253387124e-24
15,18,Ar,3p⁶→3p⁵4s,lower,1,15,4.90733862218027e-11,2.9608037331631177e-12,0.0,20405526299.771133,4.625761839320031e-11,5.190235494709421e-11,2.18871262532043e-24
15,18,Ar,3p⁶→3p⁵4s,lower,1,16,4.90733862218027e-11,2.9608037331631177e-12,0.0,20405526299.797054,4.603277254716614e-11,5.183487950169599e-11,2.188712625676294e-24
15,18,Ar,3p⁶→3p⁵4s,lower,1,17,4.9073386221802686e-11,2.9608037331631177e-12,0.0,20405526299.7724,4.618332758429039e-11,5.18353740492357e-11,2.1887126253387117e-24
15,18,Ar,3p⁶→3p⁵4s,lower,2,3,2.7558904592149737e-11,2.7558904592149737e-11,-1.0,104739316496.68985,1.9224120045990277e-12,2.749177248566898e-11,7.132539834930737e-23
15,18,Ar,3p⁶→3p⁵4s,lower,2,4,1.981947293441849e-11,1.3779452296074868e-11,0.0,121061031403.66869,2.067573205058135e-12,1.9867520360281626e-11,3.4760625501977716e-23
15,18,Ar,3p⁶→3p⁵4s,lower,2,5,1.981947293441849e-11,1.3779452296074868e-11,0.0,43183403528.91695,1.915700535012354e-11,2.754321500102133e-11,8.781495367933755e-24
15,18,Ar,3p⁶→3p⁵4s,lower,2,6,1.981947293441849e-11,1.3779452296074868e-11,0.0,60198244183.14775,1.139539510195647e-11,2.283621834143115e-11,1.6098252808864177e-23
15,18,Ar,3p⁶→3p⁵4s,lower,2,7,1.981947293441849e-11,1.3779452296074868e-11,0.0,48401945339.45849,1.6270442919869272e-11,2.559630479418184e-11,1.0893455843132524e-23
15,18,Ar,3p⁶→3p⁵4s,lower,2,8,1.981947293441849e-11,1.3779452296074868e-11,0.0,86927594611.21272,5.1609816162663914e-12,2.0469263586460478e-11,2.724619044970708e-23
15,18,Ar,3p⁶→3p⁵4s,lower,2,9,1.9819472934418493e-11,1.3779452296074868e-11,0.0,42231603773.015656,1.9792414287161832e-11,2.7937665293532678e-11,8.414549030577746e-24
15,18,Ar,3p⁶→3p⁵4s,lower,2,10,3.1227787636627526e-11,-3.1227787636627526e-11,1.0,22768688652.327717,3.122778763662753e-11,5.878669222877726e-11,9.324119754159855e-23
15,18,Ar,3p⁶→3p⁵4s,lower,2,11,5.878669222877726e-11,5.878669222877726e-11,-1.0,22768688652.327724,3.122778763662752e-11,5.878669222877726e-11,9.324119754159855e-23
15,18,Ar,3p⁶→3p⁵4s,lower,2,12,5.0885205925766915e-11,1.3779452296074868e-11,0.0,20219348390.25044,3.540213420784229e-11,6.265219276087097e-11,4.6123091759466656e-23
15,18,Ar,3p⁶→3p⁵4s,lower,2,13,5.088520592576692e-11,1.3779452296074868e-11,0.0,20219348390.295696,3.527741679718196e-11,6.272250177036401e-11,4.6123091759751626e-23
15,18,Ar,3p⁶→3p⁵4s,lower,2,14,5.0885205925766915e-11,1.3779452296074868e-11,0.0,20219348390.27998,3.525411590296093e-11,6.273560134497801e-11,4.6123091759652596e-23
15,18,Ar,3p⁶→3p⁵4s,lower,2,15,5.088520592576693e-11,1.3779452296074868e-11,0.0,20219348390.250435,3.540213420784227e-11,6.265219276087098e-11,4.612309175946665e-23
15,18,Ar,3p⁶→3p⁵4s,lower,2,16,5.088520592576693e-11,1.3779452296074868e-11,0.0,20219348390.2957,3.527741679718197e-11,6.2722501770364e-11,4.6123091759751526e-23
15,18,Ar,3p⁶→3p⁵4s,lower,2,17,5.0885205925766915e-11,1.3779452296074868e-11,0.0,20219348390.279953,3.525411590296093e-11,6.273560134497801e-11,4.612309175965264e-23
15,18,Ar,3p⁶→3p⁵4s,lower,3,4,1.981947293441849e-11,1.3779452296074868e-11,0.0,45175319139.6859,1.7966951156365788e-11,2.6742594383937223e-11,9.568526585746025e-24
15,18,Ar,3p⁶→3p⁵4s,lower,3,5,1.981947293441849e-11,1.3779452296074868e-11,0.0,45175319139.685936,1.7966951156365733e-11,2.6742594383937207e-11,9.568526585746046e-24
15,18,Ar,3p⁶→3p⁵4s,lower,3,6,1.981947293441849e-11,1.3779452296074868e-11,0.0,86926542503.7736,5.252760070073054e-12,2.0445904104775716e-11,2.724610882484577e-23
15,18,Ar,3p⁶→3p⁵4s,lower,3,7,1.981947293441849e-11,1.3779452296074868e-11,0.0,48401945339.45807,1.629608316723016e-11,2.5579988376308853e-11,1.0893455843132278e-23
15,18,Ar,3p⁶→3p⁵4s,lower,3,8,1.981947293441849e-11,1.3779452296074868e-11,0.0,121800719183.08205,1.917731161640756e-12,1.9882543383987672e-11,3.47799116364434e-23
15,18,Ar,3p⁶→3p⁵4s,lower,3,9,1.9819472934418493e-11,1.3779452296074868e-11,0.0,53209169726.355606,1.4018360041421743e-11,2.427155941725555e-11,1.2962171170018602e-23
15,18,Ar,3p⁶→3p⁵4s,lower,3,10,5.878669222877726e-11,5.878669222877726e-11,-1.0,22768688652.327724,3.122778763662752e-11,5.878669222877726e-11,9.324119754159852e-23
15,18,Ar,3p⁶→3p⁵4s,lower,3,11,3.1227787636627526e-11,-3.1227787636627526e-11,1.0,22768688652.32771,3.122778763662752e-11,5.878669222877727e-11,9.324119754159856e-23
15,18,Ar,3p⁶→3p⁵4s,lower,3,12,5.0885205925766915e-11,1.3779452296074868e-11,0.0,20219348390.2621,3.535568853119406e-11,6.267841456754152e-11,4.612309175954007e-23
15,18,Ar,3p⁶→3p⁵4s,lower,3,13,5.088520592576692e-11,1.3779452296074868e-11,0.0,20219348390.262093,3.535568853119408e-11,6.267841456754154e-11,4.612309175954012e-23
15,18,Ar,3p⁶→3p⁵4s,lower,3,14,5.0885205925766915e-11,1.3779452296074868e-11,0.0,20219348390.301914,3.520453362307938e-11,6.276343821522912e-11,4.612309175979073e-23
15,18,Ar,3p⁶→3p⁵4s,lower,3,15,5.088520592576693e-11,1.3779452296074868e-11,0.0,20219348390.262108,3.53556885311941e-11,6.267841456754154e-11,4.612309175954006e-23
15,18,Ar,3p⁶→3p⁵4s,lower,3,16,5.088520592576693e-11,1.3779452296074868e-11,0.0,20219348390.26209,3.535568853119408e-11,6.267841456754157e-11,4.6123091759540066e-23
15,18,Ar,3p⁶→3p⁵4s,lower,3,17,5.0885205925766915e-11,1.3779452296074868e-11,0.0,20219348390.301914,3.520453362307938e-11,6.276343821522912e-11,4.612309175979071e-23
15,18,Ar,3p⁶→3p⁵4s,lower,4,5,2.4674168789546534e-11,2.1368456989012428e-11,-0.4999999999999998,95516840998.57639,2.4737290771307414e-12,2.4797861621560735e-11,5.333277979275183e-23
15,18,Ar,3p⁶→3p⁵4s,lower,4,6,2.4674168789546537e-11,2.1368456989012435e-11,-0.5000000000000006,77133593274.3129,4.891287837924995e-12,2.5146936766939314e-11,4.660553934256869e-23
15,18,Ar,3p⁶→3p⁵4s,lower,4,7,2.849127598534991e-11,2.849127598534991e-11,-1.0,121405822720.70863,9.943311922999838e-13,2.8473919869828168e-11,7.683533030252646e-23
15,18,Ar,3p⁶→3p⁵4s,lower,4,8,1.4245637992674957e-11,7.122818996337481e-12,0.4999999999999998,54087367810.17512,1.5877763938667307e-11,2.130563007298903e-11,3.7091887648059234e-24
15,18,Ar,3p⁶→3p⁵4s,lower,4,9,1.4245637992674949e-11,7.1228189963374696e-12,0.5000000000000006,47129596523.580765,1.8927613859901998e-11,2.364778610394847e-11,2.8340169085894112e-24
15,18,Ar,3p⁶→3p⁵4s,lower,4,10,4.72079426386936e-11,1.4245637992674955e-11,0.0,21951523868.016182,3.08787149214992e-11,5.919193070979484e-11,4.8915958238950715e-23
15,18,Ar,3p⁶→3p⁵4s,lower,4,11,4.72079426386936e-11,1.4245637992674955e-11,0.0,21951523868.016182,3.087871492149921e-11,5.919193070979484e-11,4.8915958238950703e-23
15,18,Ar,3p⁶→3p⁵4s,lower,4,12,3.473834792647929e-11,-3.473834792647929e-11,1.0,20868321070.83339,3.47383479264793e-11,6.32296239118292e-11,9.983661960570414e-23
15,18,Ar,3p⁶→3p⁵4s,lower,4,13,5.744716885268415e-11,3.873763095225207e-11,-0.4999999999999998,20355324723.448757,3.4832980787959293e-11,6.317754036141445e-11,6.136156676169082e-23
15,18,Ar,3p⁶→3p⁵4s,lower,4,14,5.744716885268416e-11,3.87376309522521e-11,-0.5000000000000006,20355324723.448765,3.4832980787959293e-11,6.317754036141445e-11,6.136156676169087e-23
15,18,Ar,3p⁶→3p⁵4s,lower,4,15,6.322962391182922e-11,6.322962391182922e-11,-1.0,20868321070.833374,3.47383479264793e-11,6.322962391182922e-11,9.983661960570421e-23
15,18,Ar,3p⁶→3p⁵4s,lower,4,16,4.364127573185376e-11,-1.0246354966902165e-11,0.4999999999999998,20355324723.489075,3.486950725136797e-11,6.315738769723848e-11,6.136156676194893e-23
15,18,Ar,3p⁶→3p⁵4s,lower,4,17,4.364127573185374e-11,-1.0246354966902186e-11,0.5000000000000006,20355324723.489082,3.486950725136797e-11,6.315738769723845e-11,6.1361566761949e-23
15,18,Ar,3p⁶→3p⁵4s,lower,5,6,2.4674168789546527e-11,2.1368456989012422e-11,-0.4999999999999997,95029988959.71791,2.6193236602276366e-12,2.4782905804446934e-11,5.330636120199104e-23
15,18,Ar,3p⁶→3p⁵4s,lower,5,7,1.4245637992674957e-11,7.122818996337477e-12,0.4999999999999998,82255681522.74745,8.471932387592171e-12,1.654086223553493e-11,8.073018257549968e-24
15,18,Ar,3p⁶→3p⁵4s,lower,5,8,2.8491275985349904e-11,2.84912759853499e-11,-0.9999999999999998,101311743000.33138,1.987450945207854e-12,2.842187266901617e-11,7.623319160524064e-23
15,18,Ar,3p⁶→3p⁵4s,lower,5,9,1.4245637992674959e-11,7.122818996337476e-12,0.4999999999999997,54087367810.17521,1.5891350466693492e-11,2.1295498135611213e-11,3.709188764805929e-24
15,18,Ar,3p⁶→3p⁵4s,lower,5,10,4.7207942638693595e-11,1.424563799267495e-11,0.0,21951523868.01617,3.08787149214992e-11,5.919193070979482e-11,4.8915958238950744e-23
15,18,Ar,3p⁶→3p⁵4s,lower,5,11,4.7207942638693595e-11,1.424563799267495e-11,0.0,21951523868.016182,3.08787149214992e-11,5.919193070979482e-11,4.891595823895078e-23
15,18,Ar,3p⁶→3p⁵4s,lower,5,12,5.744716885268415e-11,3.873763095225206e-11,-0.4999999999999998,20355324723.448765,3.4832980787959306e-11,6.317754036141444e-11,6.136156676169083e-23
15,18,Ar,3p⁶→3p⁵4s,lower,5,13,3.47383479264793e-11,-3.473834792647929e-11,0.9999999999999998,20868321070.83339,3.4738347926479306e-11,6.32296239118292e-11,9.983661960570414e-23
15,18,Ar,3p⁶→3p⁵4s,lower,5,14,5.744716885268415e-11,3.873763095225206e-11,-0.4999999999999997,20355324723.448772,3.48329807879593e-11,6.317754036141444e-11,6.136156676169084e-23
15,18,Ar,3p⁶→3p⁵4s,lower,5,15,4.364127573185376e-11,-1.0246354966902167e-11,0.4999999999999998,20355324723.489063,3.486950725136797e-11,6.315738769723848e-11,6.136156676194895e-23
15,18,Ar,3p⁶→3p⁵4s,lower,5,16,6.32296239118292e-11,6.322962391182919e-11,-0.9999999999999998,20868321070.833366,3.4738347926479306e-11,6.322962391182923e-11,9.983661960570414e-23
15,18,Ar,3p⁶→3p⁵4s,lower,5,17,4.3641275731853756e-11,-1.0246354966902157e-11,0.4999999999999997,20355324723.489063,3.486950725136797e-11,6.315738769723846e-11,6.136156676194893e-23
15,18,Ar,3p⁶→3p⁵4s,lower,6,7,1.4245637992674949e-11,7.122818996337471e-12,0.5000000000000006,114105779469.52359,4.398351618052907e-12,1.4842800212378036e-11,1.31730619742692e-23
15,18,Ar,3p⁶→3p⁵4s,lower,6,8,1.4245637992674959e-11,7.1228189963374825e-12,0.4999999999999997,82255681521.15913,8.497368436355196e-12,1.6527809641077898e-11,8.073018257403155e-24
15,18,Ar,3p⁶→3p⁵4s,lower,6,9,2.849127598534991e-11,2.8491275985349914e-11,-1.0000000000000002,106569217023.70816,1.4911181732749017e-12,2.8452229681814154e-11,7.64339860500362e-23
15,18,Ar,3p⁶→3p⁵4s,lower,6,10,4.72079426386936e-11,1.4245637992674955e-11,0.0,21951523868.18709,3.0802818062377145e-11,5.923146204317822e-11,4.8915958239771045e-23
15,18,Ar,3p⁶→3p⁵4s,lower,6,11,4.72079426386936e-11,1.4245637992674955e-11,0.0,21951523868.187084,3.080281806237716e-11,5.923146204317822e-11,4.8915958239771045e-23
15,18,Ar,3p⁶→3p⁵4s,lower,6,12,5.7447168852684154e-11,3.873763095225211e-11,-0.5000000000000006,20355324723.60525,3.4796393668857136e-11,6.31976988848044e-11,6.136156676269264e-23
15,18,Ar,3p⁶→3p⁵4s,lower,6,13,5.7447168852684154e-11,3.873763095225207e-11,-0.4999999999999997,20355324723.605255,3.479639366885714e-11,6.319769888480443e-11,6.136156676269267e-23
15,18,Ar,3p⁶→3p⁵4s,lower,6,14,3.473834792647929e-11,-3.473834792647929e-11,1.0000000000000002,20868321070.833393,3.47383479264793e-11,6.322962391182922e-11,9.983661960570411e-23
15,18,Ar,3p⁶→3p⁵4s,lower,6,15,4.3641275731853756e-11,-1.0246354966902196e-11,0.5000000000000006,20355324723.489174,3.475974570252822e-11,6.321786326180334e-11,6.136156676194946e-23
15,18,Ar,3p⁶→3p⁵4s,lower,6,16,4.364127573185376e-11,-1.0246354966902164e-11,0.4999999999999997,20355324723.48917,3.4759745702528216e-11,6.321786326180335e-11,6.13615667619495e-23
15,18,Ar,3p⁶→3p⁵4s,lower,6,17,6.32296239118292e-11,6.32296239118292e-11,-1.0000000000000002,20868321070.83337,3.473834792647929e-11,6.322962391182922e-11,9.983661960570415e-23
15,18,Ar,3p⁶→3p⁵4s,lower,7,8,2.4674168789546534e-11,2.1368456989012428e-11,-0.4999999999999998,94648512811.80954,2.7905036466640375e-12,2.4764215431688353e-11,5.328522324938252e-23
15,18,Ar,3p⁶→3p⁵4s,lower,7,9,2.4674168789546544e-11,2.136845698901244e-11,-0.5000000000000006,77128401392.10443,4.947805665080996e-12,2.5135877636845473e-11,4.6604970557501925e-23
15,18,Ar,3p⁶→3p⁵4s,lower,7,10,4.72079426386936e-11,1.4245637992674955e-11,0.0,21951523867.865875,3.0925836165316825e-11,5.91673250521971e-11,4.891595823822935e-23
15,18,Ar,3p⁶→3p⁵4s,lower,7,11,4.72079426386936e-11,1.4245637992674955e-11,0.0,21951523867.865887,3.092583616531682e-11,5.916732505219711e-11,4.891595823822938e-23
15,18,Ar,3p⁶→3p⁵4s,lower,7,12,6.322962391182919e-11,6.32296239118292e-11,-1.0,20868321070.83338,3.4738347926479286e-11,6.32296239118292e-11,9.983661960570421e-23
15,18,Ar,3p⁶→3p⁵4s,lower,7,13,4.3641275731853756e-11,-1.0246354966902162e-11,0.4999999999999998,20355324723.48901,3.48237143651679e-11,6.318264852398712e-11,6.136156676194848e-23
15,18,Ar,3p⁶→3p⁵4s,lower,7,14,4.364127573185374e-11,-1.0246354966902186e-11,0.5000000000000006,20355324723.489002,3.482371436516789e-11,6.318264852398712e-11,6.13615667619485e-23
15,18,Ar,3p⁶→3p⁵4s,lower,7,15,3.4738347926479306e-11,-3.473834792647931e-11,1.0,20868321070.833397,3.473834792647931e-11,6.322962391182922e-11,9.983661960570414e-23
15,18,Ar,3p⁶→3p⁵4s,lower,7,16,5.7447168852684154e-11,3.8737630952252074e-11,-0.4999999999999998,20355324723.311142,3.496604767932144e-11,6.310399089106737e-11,6.136156676080989e-23
15,18,Ar,3p⁶→3p⁵4s,lower,7,17,5.744716885268416e-11,3.87376309522521e-11,-0.5000000000000006,20355324723.311142,3.496604767932144e-11,6.310399089106736e-11,6.136156676080994e-23
15,18,Ar,3p⁶→3p⁵4s,lower,8,9,2.4674168789546534e-11,2.1368456989012425e-11,-0.4999999999999997,95376808433.1077,2.510930554805088e-12,2.479412237402372e-11,5.332524413337823e-23
15,18,Ar,3p⁶→3p⁵4s,lower,8,10,4.72079426386936e-11,1.4245637992674952e-11,0.0,21951523868.298645,3.0786977438064303e-11,5.923969713447639e-11,4.891595824030647e-23
15,18,Ar,3p⁶→3p⁵4s,lower,8,11,4.72079426386936e-11,1.4245637992674952e-11,0.0,21951523868.29865,3.07869774380643e-11,5.923969713447639e-11,4.891595824030647e-23
15,18,Ar,3p⁶→3p⁵4s,lower,8,12,4.364127573185375e-11,-1.0246354966902159e-11,0.4999999999999998,20355324723.48923,3.4775027749286637e-11,6.320945816670821e-11,6.136156676194981e-23
15,18,Ar,3p⁶→3p⁵4s,lower,8,13,6.32296239118292e-11,6.322962391182919e-11,-0.9999999999999998,20868321070.83337,3.47383479264793e-11,6.322962391182922e-11,9.983661960570427e-23
15,18,Ar,3p⁶→3p⁵4s,lower,8,14,4.3641275731853756e-11,-1.0246354966902156e-11,0.4999999999999997,20355324723.489223,3.4775027749286656e-11,6.320945816670821e-11,6.136156676194981e-23
15,18,Ar,3p⁶→3p⁵4s,lower,8,15,5.744716885268417e-11,3.873763095225207e-11,-0.4999999999999998,20355324723.707405,3.4750578835878953e-11,6.322290271146885e-11,6.136156676334652e-23
15,18,Ar,3p⁶→3p⁵4s,lower,8,16,3.4738347926479306e-11,-3.47383479264793e-11,0.9999999999999998,20868321070.83338,3.473834792647931e-11,6.322962391182923e-11,9.983661960570413e-23
15,18,Ar,3p⁶→3p⁵4s,lower,8,17,5.744716885268415e-11,3.873763095225206e-11,-0.4999999999999997,20355324723.70739,3.4750578835878953e-11,6.322290271146885e-11,6.136156676334643e-23
15,18,Ar,3p⁶→3p⁵4s,lower,9,10,4.72079426386936e-11,1.4245637992674959e-11,0.0,21951523867.806522,3.1076637209900106e-11,5.90882586990057e-11,4.891595823794444e-23
15,18,Ar,3p⁶→3p⁵4s,lower,9,11,4.72079426386936e-11,1.4245637992674959e-11,0.0,21951523867.806503,3.1076637209900106e-11,5.90882586990057e-11,4.8915958237944515e-23
15,18,Ar,3p⁶→3p⁵4s,lower,9,12,4.364127573185374e-11,-1.0246354966902186e-11,0.5000000000000006,20355324723.488983,3.492958512610313e-11,6.312418110051655e-11,6.136156676194843e-23
15,18,Ar,3p⁶→3p⁵4s,lower,9,13,4.3641275731853756e-11,-1.0246354966902159e-11,0.4999999999999997,20355324723.488964,3.492958512610313e-11,6.312418110051653e-11,6.136156676194843e-23
15,18,Ar,3p⁶→3p⁵4s,lower,9,14,6.32296239118292e-11,6.32296239118292e-11,-1.0000000000000002,20868321070.83338,3.4738347926479286e-11,6.322962391182922e-11,9.983661960570418e-23
15,18,Ar,3p⁶→3p⁵4s,lower,9,15,5.744716885268417e-11,3.873763095225211e-11,-0.5000000000000006,20355324723.256798,3.504219404673209e-11,6.306173794848717e-11,6.136156676046208e-23
15,18,Ar,3p⁶→3p⁵4s,lower,9,16,5.744716885268416e-11,3.8737630952252074e-11,-0.4999999999999997,20355324723.256794,3.504219404673213e-11,6.306173794848718e-11,6.1361566760462e-23
15,18,Ar,3p⁶→3p⁵4s,lower,9,17,3.473834792647929e-11,-3.473834792647929e-11,1.0000000000000002,20868321070.83339,3.473834792647929e-11,6.32296239118292e-11,9.983661960570421e-23
15,18,Ar,3p⁶→3p⁵4s,lower,10,11,9.001447986540479e-11,9.001447986540479e-11,-1.0,7505497346648300.0,2.9608037331631177e-18,8.995964547638063e-11,7.701077255913462e-22
15,18,Ar,3p⁶→3p⁵4s,lower,10,12,6.652129375536635e-11,4.500723993270239e-11,0.0,34760398845.07828,7.116941510549907e-12,6.67625109157207e-11,3.8346819573744536e-22
15,18,Ar,3p⁶→3p⁵4s,lower,10,13,6.652129375536635e-11,4.500723993270239e-11,0.0,12870624633.718576,6.427332709180535e-11,9.239936462312575e-11,9.840653722995793e-23
15,18,Ar,3p⁶→3p⁵4s,lower,10,14,6.652129375536635e-11,4.500723993270239e-11,0.0,17916666194.654198,3.831138577677859e-11,7.664427106734266e-11,1.8001366433819272e-22
15,18,Ar,3p⁶→3p⁵4s,lower,10,15,6.652129375536635e-11,4.500723993270239e-11,0.0,14421098203.666704,5.4551083933604765e-11,8.592090994419424e-11,1.220031258640077e-22
15,18,Ar,3p⁶→3p⁵4s,lower,10,16,6.652129375536635e-11,4.500723993270239e-11,0.0,25719620329.27696,1.7678304868344856e-11,6.869573837091561e-11,3.0315980740763076e-22
15,18,Ar,3p⁶→3p⁵4s,lower,10,17,6.652129375536635e-11,4.500723993270239e-11,0.0,12587641072.055489,6.627919871274666e-11,9.380572578105718e-11,9.43037024057298e-23
15,18,Ar,3p⁶→3p⁵4s,lower,11,12,6.652129375536635e-11,4.500723993270239e-11,0.0,13462664277.222733,6.032332005871974e-11,8.969662730679385e-11,1.0720340212564736e-22
15,18,Ar,3p⁶→3p⁵4s,lower,11,13,6.652129375536635e-11,4.500723993270239e-11,0.0,13462664277.222733,6.032332005871974e-11,8.969662730679389e-11,1.0720340212564752e-22
15,18,Ar,3p⁶→3p⁵4s,lower,11,14,6.652129375536635e-11,4.500723993270239e-11,0.0,25719620329.276962,1.7678304868344898e-11,6.869573837091563e-11,3.031598074076307e-22
15,18,Ar,3p⁶→3p⁵4s,lower,11,15,6.652129375536635e-11,4.500723993270239e-11,0.0,14421098203.666714,5.455108393360476e-11,8.592090994419424e-11,1.2200312586400737e-22
15,18,Ar,3p⁶→3p⁵4s,lower,11,16,6.652129375536635e-11,4.500723993270239e-11,0.0,34760398845.07813,7.116941510549913e-12,6.676251091572072e-11,3.8346819573744428e-22
15,18,Ar,3p⁶→3p⁵4s,lower,11,17,6.652129375536635e-11,4.500723993270239e-11,0.0,15847432659.628687,4.713588356267621e-11,8.141482375182861e-11,1.4508608799018138e-22
15,18,Ar,3p⁶→3p⁵4s,lower,12,13,8.484275236921363e-11,7.347597887873137e-11,-0.4999999999999998,27610801551.125553,8.505979889723702e-12,8.521664734039776e-11,6.302036047067117e-22
15,18,Ar,3p⁶→3p⁵4s,lower,12,14,8.484275236921364e-11,7.347597887873139e-11,-0.5000000000000006,22430221299.049255,1.7013154704174402e-11,8.648105412771927e-11,5.510298438629245e-22
15,18,Ar,3p⁶→3p⁵4s,lower,12,15,9.796797183830852e-11,9.796797183830852e-11,-1.0,7505495088875996.0,2.9608037331631177e-18,9.790829239687062e-11,9.122102804919508e-22
15,18,Ar,3p⁶→3p⁵4s,lower,12,16,4.898398591915426e-11,2.4491992959577122e-11,0.4999999999999998,15729815517.097866,5.456265721701718e-11,7.330478833336544e-11,4.385542972886071e-23
15,18,Ar,3p⁶→3p⁵4s,lower,12,17,4.8983985919154225e-11,2.44919929595771e-11,0.5000000000000006,13706340107.231405,6.499331899135556e-11,8.136731495834116e-11,3.350787389531761e-23
15,18,Ar,3p⁶→3p⁵4s,lower,13,14,8.484275236921363e-11,7.347597887873135e-11,-0.4999999999999997,27610801551.12563,8.505979889723703e-12,8.521664734039775e-11,6.302036047067136e-22
15,18,Ar,3p⁶→3p⁵4s,lower,13,15,4.8983985919154264e-11,2.449199295957713e-11,0.4999999999999998,23921790761.85304,2.9068242583333577e-11,5.693391921255128e-11,9.545097522682817e-23
15,18,Ar,3p⁶→3p⁵4s,lower,13,16,9.796797183830852e-11,9.79679718383085e-11,-0.9999999999999998,7505495088875995.0,2.9608037331631177e-18,9.790829239687064e-11,9.122102804919484e-22
15,18,Ar,3p⁶→3p⁵4s,lower,13,17,4.8983985919154264e-11,2.4491992959577135e-11,0.4999999999999997,15729815517.09788,5.456265721701717e-11,7.330478833336545e-11,4.3855429728860684e-23
15,18,Ar,3p⁶→3p⁵4s,lower,14,15,4.898398591915423e-11,2.4491992959577097e-11,0.5000000000000006,33184571727.8021,1.4732789337160567e-11,5.11230233033115e-11,1.5575120197210029e-22
15,18,Ar,3p⁶→3p⁵4s,lower,14,16,4.8983985919154264e-11,2.4491992959577135e-11,0.4999999999999997,23921790761.853024,2.9068242583333577e-11,5.693391921255128e-11,9.545097522682799e-23
15,18,Ar,3p⁶→3p⁵4s,lower,14,17,9.796797183830849e-11,9.796797183830849e-11,-1.0000000000000002,7505495088875994.0,2.9608037331631177e-18,9.790829239687062e-11,9.122102804919469e-22
15,18,Ar,3p⁶→3p⁵4s,lower,15,16,8.484275236921364e-11,7.347597887873139e-11,-0.4999999999999998,27610801551.12555,8.505979889723705e-12,8.521664734039777e-11,6.302036047067115e-22
15,18,Ar,3p⁶→3p⁵4s,lower,15,17,8.484275236921364e-11,7.347597887873139e-11,-0.5000000000000006,22430221299.049225,1.7013154704174348e-11,8.648105412771928e-11,5.510298438629231e-22
15,18,Ar,3p⁶→3p⁵4s,lower,16,17,8.484275236921363e-11,7.347597887873135e-11,-0.4999999999999997,27610801551.125626,8.505979889723703e-12,8.521664734039777e-11,6.302036047067123e-22
15,18,Ar,3p⁶→3p⁵4s,upper,0,1,5.921487976070066e-12,5.921487976070066e-12,-1.0,435124955221.95966,8.241118598356783e-13,5.831527268273339e-12,3.287094168395836e-24
15,18,Ar,3p⁶→3p⁵4s,upper,0,2,1.0785686105306026e-11,-1.0785686105306026e-11,1.0,73597046484.02068,1.1344575413385275e-11,1.670107551098305e-11,4.33539636422627e-24
15,18,Ar,3p⁶→3p⁵4s,upper,0,3,1.6729120410163513e-11,1.6729120410163513e-11,-1.0,73483516753.6891,1.112910046729305e-11,1.6675787778786623e-11,4.339727424062561e-24
15,18,Ar,3p⁶→3p⁵4s,upper,0,4,1.4567482299798228e-11,2.9606622179131294e-12,0.0,69595687897.31549,1.2925255987097098e-11,1.6922631886905872e-11,1.992145321927837e-24
15,18,Ar,3p⁶→3p⁵4s,upper,0,5,1.4567482299798228e-11,2.9606622179131294e-12,0.0,69595687897.31535,1.2925255987100051e-11,1.6922631886905888e-11,1.9921453219278067e-24
15,18,Ar,3p⁶→3p⁵4s,upper,0,6,1.453792347971579e-11,2.9606622179131294e-12,0.0,69757515233.98802,1.2763046526801968e-11,1.6869388820677866e-11,2.0112315352320708e-24
15,18,Ar,3p⁶→3p⁵4s,upper,0,7,1.4521257846443137e-11,2.9606622179131294e-12,0.0,70060871798.13239,1.1826673124498198e-11,1.63313325236845e-11,2.2649623636634216e-24
15,18,Ar,3p⁶→3p⁵4s,upper,0,8,1.4521257846443137e-11,2.9606622179131294e-12,0.0,70016973032.9755,1.1931567015858858e-11,1.6462099678409443e-11,2.2145231837822168e-24
15,18,Ar,3p⁶→3p⁵4s,upper,0,9,1.4646712605919406e-11,2.9606622179131294e-12,0.0,69347971875.19603,1.2213657058866181e-11,1.6729583424854705e-11,2.1572994848367882e-24
15,18,Ar,3p⁶→3p⁵4s,upper,0,10,4.01265273345208e-11,-4.01265273345208e-11,1.0,23236222515.732513,4.01265273345208e-11,4.6041102950977665e-11,4.378877338149204e-24
15,18,Ar,3p⁶→3p⁵4s,upper,0,11,4.710787832517315e-11,4.710787832517315e-11,-1.0,22677018313.70862,4.118655388934689e-11,4.710111908122067e-11,4.3790617108549055e-24
15,18,Ar,3p⁶→3p⁵4s,upper,0,12,4.755037351570889e-11,2.9606622179131294e-12,0.0,21060978813.81288,4.4545284839902523e-11,5.034288696703977e-11,2.188315768179806e-24
15,18,Ar,3p⁶→3p⁵4s,upper,0,13,4.755037351570888e-11,2.9606622179131294e-12,0.0,21060978813.812897,4.454528483990294e-11,5.034288696703921e-11,2.1883157681798264e-24
15,18,Ar,3p⁶→3p⁵4s,upper,0,14,4.908322210486384e-11,2.9606622179131294e-12,0.0,20401423328.999626,4.619442869082999e-11,5.181119707474915e-11,2.188504838783185e-24
15,18,Ar,3p⁶→3p⁵4s,upper,0,15,4.844816718312773e-11,2.9606622179131294e-12,0.0,20669590304.891136,4.5444732829172255e-11,5.124231150457546e-11,2.188428692976038e-24
15,18,Ar,3p⁶→3p⁵4s,upper,0,16,4.8448167183127726e-11,2.9606622179131294e-12,0.0,20669590304.89113,4.544473282917252e-11,5.124231150457509e-11,2.1884286929759893e-24
15,18,Ar,3p⁶→3p⁵4s,upper,0,17,1.0874985830317724e-10,-1.0874985830317724e-10,1.0,8953280915.703173,1.0875171094374823e-10,1.1466942573559218e-10,4.382183100419402e-24
15,18,Ar,3p⁶→3p⁵4s,upper,1,2,1.670717408137609e-11,1.670717408137609e-11,-1.0,73604591887.74817,1.1106979359840028e-11,1.665385411214439e-11,4.340054720698459e-24
15,18,Ar,3p⁶→3p⁵4s,upper,1,3,1.0807632434093447e-11,-1.0807632434093447e-11,1.0,73476232687.00471,1.1366347838088419e-11,1.6723346962003272e-11,4.336036709326571e-24
15,18,Ar,3p⁶→3p⁵4s,upper,1,4,1.4567515538228267e-11,2.960825758156936e-12,0.0,69524132139.1464,1.3337255837528942e-11,1.712802386048914e-11,1.902280354528329e-24
15,18,Ar,3p⁶→3p⁵4s,upper,1,5,1.4567515538228267e-11,2.960825758156936e-12,0.0,69602757797.88289,1.266519934030721e-11,1.6952543040163397e-11,1.9983954836926904e-24
15,18,Ar,3p⁶→3p⁵4s,upper,1,6,1.4537956785726768e-11,2.960825758156936e-12,0.0,69933419826.72583,1.1958435605465365e-11,1.649324570368198e-11,2.214465737268954e-24
15,18,Ar,3p⁶→3p⁵4s,upper,1,7,1.4521291190678385e-11,2.960825758156936e-12,0.0,69784439379.61876,1.3015973445090015e-11,1.6992099392961473e-11,1.943581571751056e-24
15,18,Ar,3p⁶→3p⁵4s,upper,1,8,1.4521291190678385e-11,2.960825758156936e-12,0.0,69792793252.35054,1.2817357718762659e-11,1.699331636088293e-11,1.9525187007775035e-24
15,18,Ar,3p⁶→3p⁵4s,upper,1,9,1.4646745664549027e-11,2.960825758156936e-12,0.0,69264897867.23473,1.2663934771240082e-11,1.6828697585869732e-11,2.062306215395158e-24
15,18,Ar,3p⁶→3p⁵4s,upper,1,10,4.6048015310590865e-11,4.6048015310590865e-11,-1.0,23236225558.461067,4.012636379427699e-11,4.604126614237809e-11,4.379360680570808e-24
15,18,Ar,3p⁶→3p⁵4s,upper,1,11,4.1186390349103085e-11,-4.1186390349103085e-11,1.0,22677021141.76325,4.118639034910308e-11,4.7101282271542264e-11,4.3795450940485716e-24
15,18,Ar,3p⁶→3p⁵4s,upper,1,12,4.75503836986098e-11,2.960825758156936e-12,0.0,21060977685.012356,4.46577558286303e-11,5.030971938791472e-11,2.188557191270716e-24
15,18,Ar,3p⁶→3p⁵4s,upper,1,13,4.755038369860979e-11,2.960825758156936e-12,0.0,21060977685.043865,4.45452361733627e-11,5.021064815380642e-11,2.188557191664975e-24
15,18,Ar,3p⁶→3p⁵4s,upper,1,14,4.908323196975706e-11,2.960825758156936e-12,0.0,20401422302.85354,4.615677615482196e-11,5.1946175244274423e-11,2.188746303720689e-24
15,18,Ar,3p⁶→3p⁵4s,upper,1,15,4.84481771773292e-11,2.960825758156936e-12,0.0,20669589237.790443,4.555707009344812e-11,5.12091084829224e-11,2.1886701410431e-24
15,18,Ar,3p⁶→3p⁵4s,upper,1,16,4.8448177177329195e-11,2.960825758156936e-12,0.0,20669589237.816563,4.5444684019746194e-11,5.1109934073831523e-11,2.1886701413886504e-24
15,18,Ar,3p⁶→3p⁵4s,upper,1,17,1.1467134627924731e-10,1.1467134627924731e-10,-1.0,8953281089.506765,1.0874969476293342e-10,1.1467134627924733e-10,4.382667173802856e-24
15,18,Ar,3p⁶→3p⁵4s,upper,2,3,2.751480651546954e-11,2.751480651546954e-11,-1.0,144551918506.35043,1.919462602190317e-12,2.6697499707096027e-11,7.996820205975618e-23
15,18,Ar,3p⁶→3p⁵4s,upper,2,4,1.9809293576743885e-11,1.3746348323219155e-11,0.0,48426830777.021515,1.652253406447288e-11,2.5415391330130222e-11,1.0879576277503434e-23
15,18,Ar,3p⁶→3p⁵4s,upper,2,5,1.9809293576743885e-11,1.3746348323219155e-11,0.0,84619646815.37885,6.81023710485448e-12,2.038866866246305e-11,2.6377286050955857e-23
15,18,Ar,3p⁶→3p⁵4s,upper,2,6,1.9787566564809415e-11,1.3746348323219155e-11,0.0,42303139984.815506,1.9715337533368535e-11,2.7320987156317768e-11,8.396010401188284e-24
15,18,Ar,3p⁶→3p⁵4s,upper,2,7,1.9775325557309498e-11,1.3746348323219155e-11,0.0,45281896949.52497,1.7953470724590225e-11,2.619003208672806e-11,9.539455903773376e-24
15,18,Ar,3p⁶→3p⁵4s,upper,2,8,1.9775325557309498e-11,1.3746348323219155e-11,0.0,53315303154.10306,1.4486958893943748e-11,2.4097302838281554e-11,1.2885550178240922e-23
15,18,Ar,3p⁶→3p⁵4s,upper,2,9,1.9867631001583712e-11,1.3746348323219155e-11,0.0,70113699652.71059,9.227770629181564e-12,2.143132413780329e-11,2.0685793432157202e-23
15,18,Ar,3p⁶→3p⁵4s,upper,2,10,2.934084122921478e-11,-2.934084122921478e-11,1.0,23835727779.451817,2.934084122921477e-11,5.680814591882918e-11,9.264624239699496e-23
15,18,Ar,3p⁶→3p⁵4s,upper,2,11,5.789356443047917e-11,5.789356443047917e-11,-1.0,23232889997.661827,3.040086778404086e-11,5.725790921001752e-11,9.273707391889142e-23
15,18,Ar,3p⁶→3p⁵4s,upper,2,12,4.940885136226222e-11,1.3746348323219155e-11,0.0,20857666846.430813,3.512543120494663e-11,6.104231313723588e-11,4.5821081524206334e-23
15,18,Ar,3p⁶→3p⁵4s,upper,2,13,4.940885136226221e-11,1.3746348323219155e-11,0.0,20857692158.74407,3.4143410595770763e-11,6.109419992180314e-11,4.5821378937654664e-23
15,18,Ar,3p⁶→3p⁵4s,upper,2,14,5.0885747156252756e-11,1.3746348323219155e-11,0.0,20216271154.42075,3.585499691562925e-11,6.201364301734654e-11,4.590880146019064e-23
15,18,Ar,3p⁶→3p⁵4s,upper,2,15,5.027346690709709e-11,1.3746348323219155e-11,0.0,20477169402.605453,3.6015238100898056e-11,6.194114169416139e-11,4.587323778531282e-23
15,18,Ar,3p⁶→3p⁵4s,upper,2,16,5.0273466907097086e-11,1.3746348323219155e-11,0.0,20477190283.206146,3.5039758131681866e-11,6.199324495470822e-11,4.587349780588059e-23
15,18,Ar,3p⁶→3p⁵4s,upper,2,17,9.796417219787121e-11,-9.796417219787121e-11,1.0,8985887005.872227,9.798565221203194e-11,1.2544009301341876e-10,9.421212014080033e-23
15,18,Ar,3p⁶→3p⁵4s,upper,3,4,1.982464276545994e-11,1.3768458192250384e-11,0.0,101840407179.91536,4.806658092554874e-12,1.982464276546014e-11,3.202600622924309e-23
15,18,Ar,3p⁶→3p⁵4s,upper,3,5,1.982464276545994e-11,1.3768458192250384e-11,0.0,48384676232.46723,1.6676290445762515e-11,2.5509538606813538e-11,1.088846056639289e-23
15,18,Ar,3p⁶→3p⁵4s,upper,3,6,1.9802932594068994e-11,1.3768458192250384e-11,0.0,43219460029.35017,1.9377631125230696e-11,2.7354154575662022e-11,8.766879501148414e-24
15,18,Ar,3p⁶→3p⁵4s,upper,3,7,1.9790701090816736e-11,1.3768458192250384e-11,0.0,45238609384.3701,1.8330448975722472e-11,2.6597176540079165e-11,9.5360553223228e-24
15,18,Ar,3p⁶→3p⁵4s,upper,3,8,1.9790701090816736e-11,1.3768458192250384e-11,0.0,45236636192.22485,1.8481403026871188e-11,2.6650521968711073e-11,9.531288540014973e-24
15,18,Ar,3p⁶→3p⁵4s,upper,3,9,1.988293515514163e-11,1.3768458192250384e-11,0.0,83610183301.7048,7.297366276216848e-12,2.0511195283534286e-11,2.6291364151871706e-23
15,18,Ar,3p⁶→3p⁵4s,upper,3,10,5.685564774468431e-11,5.685564774468431e-11,-1.0,23838187725.421806,2.9318731360183545e-11,5.6222866153003877e-11,9.294123611667715e-23
15,18,Ar,3p⁶→3p⁵4s,upper,3,11,3.037875791500963e-11,-3.037875791500963e-11,1.0,23234629745.866867,3.037875791500963e-11,5.789010276873821e-11,9.302759370512047e-23
15,18,Ar,3p⁶→3p⁵4s,upper,3,12,4.941500725191283e-11,1.3768458192250384e-11,0.0,20857022639.444416,3.4800148687777906e-11,6.060227334615159e-11,4.5964287320529974e-23
15,18,Ar,3p⁶→3p⁵4s,upper,3,13,4.9415007251912824e-11,1.3768458192250384e-11,0.0,20857057453.421215,3.384254559850963e-11,6.075513267621709e-11,4.596469574426213e-23
15,18,Ar,3p⁶→3p⁵4s,upper,3,14,5.089172440012779e-11,1.3768458192250384e-11,0.0,20215676128.21724,3.537636595701804e-11,6.228755346785467e-11,4.605245619708904e-23
15,18,Ar,3p⁶→3p⁵4s,upper,3,15,5.027951693908229e-11,1.3768458192250384e-11,0.0,20476556710.270515,3.569186411223623e-11,6.149919091702401e-11,4.601674883599313e-23
15,18,Ar,3p⁶→3p⁵4s,upper,3,16,5.027951693908229e-11,1.3768458192250384e-11,0.0,20476585420.29826,3.4740910103364376e-11,6.165267794557035e-11,4.6017105833191383e-23
15,18,Ar,3p⁶→3p⁵4s,upper,3,17,1.2547897871334077e-10,1.2547897871334077e-10,-1.0,8985997993.576883,9.798030900301984e-11,1.2544911605843286e-10,9.451455794910135e-23
15,18,Ar,3p⁶→3p⁵4s,upper,4,5,2.4705020934196134e-11,2.1395175730040216e-11,-0.49999999999999983,124832780009.28448,2.4768221842563615e-12,2.3626057838321464e-11,6.045596510319262e-23
15,18,Ar,3p⁶→3p⁵4s,upper,4,6,2.4678880068909698e-11,2.138008062906939e-11,-0.5000000000000004,75521474960.04408,6.489544875611772e-12,2.491984557920904e-11,4.594807443881384e-23
15,18,Ar,3p⁶→3p⁵4s,upper,4,7,2.8479687987323107e-11,2.8479687987323107e-11,-1.0,70418697105.34636,7.850197080880917e-12,2.846233897859057e-11,6.620439156869509e-23
15,18,Ar,3p⁶→3p⁵4s,upper,4,8,1.4239902695010204e-11,7.155331736378667e-12,0.49999999999999983,54110179497.93328,1.5923568189607568e-11,2.110335953177345e-11,3.707422111545134e-24
15,18,Ar,3p⁶→3p⁵4s,upper,4,9,1.4304076963561931e-11,7.0912703894040124e-12,0.5000000000000004,46937768061.27136,1.900512759013584e-11,2.351222881335774e-11,2.8578563638526152e-24
15,18,Ar,3p⁶→3p⁵4s,upper,4,10,4.538669324057138e-11,1.4263450486693478e-11,0.0,22904574917.950706,3.0039024753098536e-11,5.723978069201304e-11,4.8867291759926923e-23
15,18,Ar,3p⁶→3p⁵4s,upper,4,11,4.639420987372751e-11,1.4263450486693478e-11,0.0,22368282803.403217,3.0100754061834116e-11,5.7779849420923854e-11,4.896301766266985e-23
15,18,Ar,3p⁶→3p⁵4s,upper,4,12,3.319466263124296e-11,-3.319466263124296e-11,1.0,21572856493.147793,3.319466263124296e-11,6.169484212570545e-11,9.997339653224685e-23
15,18,Ar,3p⁶→3p⁵4s,upper,4,13,5.5969946999713973e-11,3.7992507045661684e-11,-0.49999999999999983,21005237885.438705,3.350070380789351e-11,6.12234989896351e-11,6.137632642850081e-23
15,18,Ar,3p⁶→3p⁵4s,upper,4,14,5.746881346103721e-11,3.8760374637629345e-11,-0.5000000000000004,20351081892.745735,3.562887391952815e-11,6.309052075049079e-11,6.151070050824469e-23
15,18,Ar,3p⁶→3p⁵4s,upper,4,15,6.262107018241171e-11,6.262107018241171e-11,-1.0,21152609746.58509,3.409416920902475e-11,6.195324706264926e-11,1.0004055560754038e-22
15,18,Ar,3p⁶→3p⁵4s,upper,4,16,4.303671558376454e-11,-9.91535936116563e-12,0.49999999999999983,20617106282.870743,3.439783098321555e-11,6.2120875910613e-11,6.145662760950423e-23
15,18,Ar,3p⁶→3p⁵4s,upper,4,17,1.126174338851641e-10,1.4263450486693478e-11,0.0,8933590456.609907,9.808508425353006e-11,1.2547784297132508e-10,5.0563728512056283e-23
15,18,Ar,3p⁶→3p⁵4s,upper,5,6,2.467888006890969e-11,2.1380080629069385e-11,-0.4999999999999997,78343218084.19632,7.2384694843302355e-12,2.4787637683627093e-11,4.798037978296606e-23
15,18,Ar,3p⁶→3p⁵4s,upper,5,7,1.4239902695010204e-11,7.155331736378667e-12,0.49999999999999983,82363234646.90657,8.566062554876426e-12,1.6284016314542022e-11,8.096653967629443e-24
15,18,Ar,3p⁶→3p⁵4s,upper,5,8,2.8479687987323104e-11,2.8479687987323104e-11,-0.9999999999999999,139632865870.78174,1.987200812377416e-12,2.7633721900273337e-11,8.567241331994766e-23
15,18,Ar,3p⁶→3p⁵4s,upper,5,9,1.4304076963561941e-11,7.091270389404022e-12,0.4999999999999997,53865336805.2004,1.6296885425893157e-11,2.1382668300262666e-11,3.73750678370216e-24
15,18,Ar,3p⁶→3p⁵4s,upper,5,10,4.538669324057138e-11,1.4263450486693478e-11,0.0,22904574917.950695,3.00390247530989e-11,5.723978069201266e-11,4.886729175992705e-23
15,18,Ar,3p⁶→3p⁵4s,upper,5,11,4.639420987372751e-11,1.4263450486693478e-11,0.0,22368282803.4032,3.010075406183488e-11,5.7779849420923795e-11,4.896301766266973e-23
15,18,Ar,3p⁶→3p⁵4s,upper,5,12,5.596994699971398e-11,3.799250704566169e-11,-0.49999999999999983,21005237885.438725,3.350070380789312e-11,6.122349898963545e-11,6.137632642850089e-23
15,18,Ar,3p⁶→3p⁵4s,upper,5,13,3.319466263124296e-11,-3.319466263124296e-11,0.9999999999999999,21572856493.147778,3.319466263124296e-11,6.169484212570551e-11,9.997339653224678e-23
15,18,Ar,3p⁶→3p⁵4s,upper,5,14,5.7468813461037195e-11,3.876037463762931e-11,-0.4999999999999997,20351100296.028,3.5032450297662714e-11,6.275563501115112e-11,6.151093755268311e-23
15,18,Ar,3p⁶→3p⁵4s,upper,5,15,4.303671558376455e-11,-9.915359361165634e-12,0.49999999999999983,20617106282.870754,3.439783098321502e-11,6.212087591061397e-11,6.14566276095041e-23
15,18,Ar,3p⁶→3p⁵4s,upper,5,16,6.262107018241171e-11,6.26210701824117e-11,-0.9999999999999999,21152609746.5851,3.409416920902476e-11,6.195324706264966e-11,1.0004055560754107e-22
15,18,Ar,3p⁶→3p⁵4s,upper,5,17,1.126174338851641e-10,1.4263450486693478e-11,0.0,8933590437.982143,9.848286165640886e-11,1.2516588508744407e-10,5.0563725086029485e-23
15,18,Ar,3p⁶→3p⁵4s,upper,6,7,1.4224756531887996e-11,7.125141534436999e-12,0.5000000000000004,116689626384.45416,4.3919342958582694e-12,1.445010407851802e-11,1.3509716364894223e-23
15,18,Ar,3p⁶→3p⁵4s,upper,6,8,1.4224756531888005e-11,7.125141534437008e-12,0.4999999999999997,82261577550.02376,9.102292489533475e-12,1.6503579902128345e-11,8.002893386809207e-24
15,18,Ar,3p⁶→3p⁵4s,upper,6,9,2.8577620479330733e-11,2.8577620479330733e-11,-1.0,75396480228.46535,5.942615115424742e-12,2.8421071656828515e-11,6.997664221577764e-23
15,18,Ar,3p⁶→3p⁵4s,upper,6,10,4.537721456701441e-11,1.4233260284751818e-11,0.0,22905799588.83742,3.029969566055791e-11,5.707977073473768e-11,4.8668954011077013e-23
15,18,Ar,3p⁶→3p⁵4s,upper,6,11,4.638493708473271e-11,1.4233260284751818e-11,0.0,22369405678.840656,3.0381834665212905e-11,5.7625113358053964e-11,4.876369227774582e-23
15,18,Ar,3p⁶→3p⁵4s,upper,6,12,5.5949458225072467e-11,3.796231684372006e-11,-0.5000000000000004,21005514034.842373,3.4180150694512644e-11,6.163152669543529e-11,6.112563298041759e-23
15,18,Ar,3p⁶→3p⁵4s,upper,6,13,5.5949458225072454e-11,3.796231684372002e-11,-0.4999999999999997,21005549253.828323,3.333573630935041e-11,6.11672600056361e-11,6.112604214672549e-23
15,18,Ar,3p⁶→3p⁵4s,upper,6,14,3.476058801711988e-11,-3.476058801711988e-11,1.0,20863101053.466915,3.4760588017119874e-11,6.320023638520756e-11,9.966674029797408e-23
15,18,Ar,3p⁶→3p⁵4s,upper,6,15,4.304368122139428e-11,-9.94554956310732e-12,0.5000000000000004,20617397024.20795,3.4453344905838935e-11,6.234433687159528e-11,6.120565409107389e-23
15,18,Ar,3p⁶→3p⁵4s,upper,6,16,4.304368122139428e-11,-9.945549563107287e-12,0.4999999999999997,20617382369.02377,3.457273234760984e-11,6.241039325895769e-11,6.120546679103456e-23
15,18,Ar,3p⁶→3p⁵4s,upper,6,17,1.1261361415666601e-10,1.4233260284751818e-11,0.0,8933666569.624596,9.812469669951443e-11,1.254400099030658e-10,5.0351163257574397e-23
15,18,Ar,3p⁶→3p⁵4s,upper,7,8,2.46232456435565e-11,2.1324356250944436e-11,-0.49999999999999983,82852845430.43703,5.68357109055449e-12,2.4612470988451144e-11,4.976468674389194e-23
15,18,Ar,3p⁶→3p⁵4s,upper,7,9,2.4734286110313353e-11,2.1388417597919092e-11,-0.5000000000000004,83112017304.95166,4.961448766021529e-12,2.4272611220953728e-11,4.98935085481487e-23
15,18,Ar,3p⁶→3p⁵4s,upper,7,10,4.53718779884818e-11,1.4216237500629626e-11,0.0,22906673815.113815,2.9038092880500585e-11,5.695961023200929e-11,4.8558889711601643e-23
15,18,Ar,3p⁶→3p⁵4s,upper,7,11,4.637971645768683e-11,1.4216237500629626e-11,0.0,22369968548.95556,3.0596005192056795e-11,5.827843194847158e-11,4.8650747107106184e-23
15,18,Ar,3p⁶→3p⁵4s,upper,7,12,6.167435061856607e-11,6.167435061856607e-11,-1.0,21569518899.273544,3.3241875617306806e-11,6.101106182237012e-11,9.932619763680427e-23
15,18,Ar,3p⁶→3p⁵4s,upper,7,13,4.218646823298708e-11,-9.512819058338587e-12,0.49999999999999983,21005713661.922592,3.369295337764151e-11,6.101096813332856e-11,6.098500354628802e-23
15,18,Ar,3p⁶→3p⁵4s,upper,7,14,4.3657649920396495e-11,-1.0280686650306242e-11,0.5000000000000004,20351507599.325912,3.596530524561967e-11,6.296304551830498e-11,6.111758019151301e-23
15,18,Ar,3p⁶→3p⁵4s,upper,7,15,3.4141382195088616e-11,-3.414138219508861e-11,1.0,21149183050.193394,3.414138219508861e-11,6.254708907547792e-11,9.938890907133894e-23
15,18,Ar,3p⁶→3p⁵4s,upper,7,16,5.681570379630511e-11,3.839504734848874e-11,-0.49999999999999983,20617554173.546883,3.472561880615923e-11,6.204799558880635e-11,6.106426394634759e-23
15,18,Ar,3p⁶→3p⁵4s,upper,7,17,1.1261146390917428e-10,1.4216237500629626e-11,0.0,8933709363.13842,9.870961471592558e-11,1.249763800490639e-10,5.0231492026689843e-23
15,18,Ar,3p⁶→3p⁵4s,upper,8,9,2.473428611031335e-11,2.138841759791908e-11,-0.4999999999999997,92593997832.99716,4.244393731894177e-12,2.44844207174276e-11,5.391838448458184e-23
15,18,Ar,3p⁶→3p⁵4s,upper,8,10,4.53718779884818e-11,1.4216237500629626e-11,0.0,22906594429.124474,2.9789936764017996e-11,5.657954680717324e-11,4.8558225797269395e-23
15,18,Ar,3p⁶→3p⁵4s,upper,8,11,4.637971645768683e-11,1.4216237500629626e-11,0.0,22369952993.94617,3.131020979799014e-11,5.7888323578148365e-11,4.8650634409297846e-23
15,18,Ar,3p⁶→3p⁵4s,upper,8,12,4.2186468232987086e-11,-9.512819058338587e-12,0.49999999999999983,21005684471.815445,3.412579602433929e-11,6.165436164364329e-11,6.098465385593135e-23
15,18,Ar,3p⁶→3p⁵4s,upper,8,13,6.167435061856607e-11,6.167435061856607e-11,-0.9999999999999999,21569518899.27355,3.324187561730681e-11,6.101106182237052e-11,9.932619763680495e-23
15,18,Ar,3p⁶→3p⁵4s,upper,8,14,4.36576499203965e-11,-1.028068665030621e-11,0.4999999999999997,20351507463.605114,3.565048138959761e-11,6.31899514065847e-11,6.1117576003573e-23
15,18,Ar,3p⁶→3p⁵4s,upper,8,15,5.681570379630512e-11,3.839504734848874e-11,-0.49999999999999983,20617568786.264606,3.41536424315827e-11,6.196759916810446e-11,6.106443779619106e-23
15,18,Ar,3p⁶→3p⁵4s,upper,8,16,3.41413821950886e-11,-3.41413821950886e-11,0.9999999999999999,21149183050.19339,3.414138219508861e-11,6.254708907547797e-11,9.93889090713389e-23
15,18,Ar,3p⁶→3p⁵4s,upper,8,17,1.1261146390917428e-10,1.4216237500629626e-11,0.0,8933709413.900023,9.827456068066127e-11,1.2531877086277847e-10,5.023150141925127e-23
15,18,Ar,3p⁶→3p⁵4s,upper,9,10,4.5412185291165976e-11,1.4344360194578917e-11,0.0,22901387915.244244,2.906767318066234e-11,5.72678227427985e-11,4.9401530108485365e-23
15,18,Ar,3p⁶→3p⁵4s,upper,9,11,4.6419148628695664e-11,1.4344360194578917e-11,0.0,22365138265.708286,3.0123937552423886e-11,5.832686435223078e-11,4.949776743982977e-23
15,18,Ar,3p⁶→3p⁵4s,upper,9,12,4.215776205383677e-11,-9.384696364389321e-12,0.5000000000000004,21004383282.57922,3.433134749361265e-11,6.131444674238638e-11,6.204912150994117e-23
15,18,Ar,3p⁶→3p⁵4s,upper,9,13,4.215776205383678e-11,-9.384696364389289e-12,0.4999999999999997,21004421121.9304,3.4008895320024956e-11,6.113448224599738e-11,6.204957775811774e-23
15,18,Ar,3p⁶→3p⁵4s,upper,9,14,6.333820849645061e-11,6.333820849645061e-11,-1.0,20870683670.67218,3.4649488107292776e-11,6.266547983861837e-11,1.0120409901103675e-22
15,18,Ar,3p⁶→3p⁵4s,upper,9,15,5.69023652153e-11,3.8523170042438056e-11,-0.5000000000000004,20616323304.577206,3.5115332202553317e-11,6.217153473114375e-11,6.21315054784268e-23
15,18,Ar,3p⁶→3p⁵4s,upper,9,16,5.6902365215299985e-11,3.852317004243802e-11,-0.4999999999999997,20616334462.944748,3.497342381336523e-11,6.209149336551187e-11,6.213164490120276e-23
15,18,Ar,3p⁶→3p⁵4s,upper,9,17,1.1262771002060182e-10,1.4344360194578917e-11,0.0,8933385710.514679,9.835366891326574e-11,1.2528590479487009e-10,5.113557327788809e-23
15,18,Ar,3p⁶→3p⁵4s,upper,10,11,8.723440565969396e-11,8.723440565969396e-11,-1.0,49531217575.84539,1.060026554826083e-12,8.718127266583875e-11,7.19887419211204e-22
15,18,Ar,3p⁶→3p⁵4s,upper,10,12,6.409975354275726e-11,4.308718955243393e-11,0.0,14965946704.517502,5.2579108915920397e-11,8.277526688126073e-11,1.1304687604718324e-22
15,18,Ar,3p⁶→3p⁵4s,upper,10,13,6.409975354275726e-11,4.308718955243393e-11,0.0,26626737318.957695,1.7155372493987715e-11,6.619281621353743e-11,2.8025956957162403e-22
15,18,Ar,3p⁶→3p⁵4s,upper,10,14,6.524494673884091e-11,4.308718955243393e-11,0.0,12841830926.334982,6.500860020265921e-11,9.189973134100369e-11,9.000364400824244e-23
15,18,Ar,3p⁶→3p⁵4s,upper,10,15,6.476855167566347e-11,4.308718955243393e-11,0.0,13830153138.050114,5.875328917166377e-11,8.727312474359496e-11,1.0106778386656699e-22
15,18,Ar,3p⁶→3p⁵4s,upper,10,16,6.476855167566346e-11,4.308718955243393e-11,0.0,16270308235.297699,4.596347059515972e-11,7.922935026348553e-11,1.3665045900415005e-22
15,18,Ar,3p⁶→3p⁵4s,upper,10,17,6.862333096865644e-11,-6.862333096865644e-11,1.0,9315750773.48843,6.862333096865644e-11,1.5479771007352432e-10,9.016839079612879e-22
15,18,Ar,3p⁶→3p⁵4s,upper,11,12,6.481704398332254e-11,4.414721610726002e-11,0.0,36108646420.211876,6.638394576414731e-12,6.505230837224609e-11,3.665036911849635e-22
15,18,Ar,3p⁶→3p⁵4s,upper,11,13,6.481704398332254e-11,4.414721610726002e-11,0.0,14800229782.70083,5.3140975017745865e-11,8.373588100594875e-11,1.160479307523803e-22
15,18,Ar,3p⁶→3p⁵4s,upper,11,14,6.594978287642753e-11,4.414721610726002e-11,0.0,12984899217.746891,6.372528685692793e-11,9.156506425025705e-11,9.641522388469122e-23
15,18,Ar,3p⁶→3p⁵4s,upper,11,15,6.54785161152636e-11,4.414721610726002e-11,0.0,13677639883.592415,5.938131158307819e-11,8.827937329017484e-11,1.0376316654358738e-22
15,18,Ar,3p⁶→3p⁵4s,upper,11,16,6.54785161152636e-11,4.414721610726002e-11,0.0,13677639883.592402,5.938131158307847e-11,8.82793732901749e-11,1.0376316654358716e-22
15,18,Ar,3p⁶→3p⁵4s,upper,11,17,1.5585773662835039e-10,1.5585773662835039e-10,-1.0,9335713320.97713,6.756330441383035e-11,1.5585773662835039e-10,9.451673544924771e-22
15,18,Ar,3p⁶→3p⁵4s,upper,12,13,8.219986315161694e-11,7.118716967690466e-11,-0.49999999999999983,28498543779.772255,8.24101485844053e-12,8.256211112927175e-11,5.915528814008718e-22
15,18,Ar,3p⁶→3p⁵4s,upper,12,14,8.353337816067847e-11,7.195503726887232e-11,-0.5000000000000004,22751830598.654686,1.6818024908207677e-11,8.514585605267213e-11,5.332803614284873e-22
15,18,Ar,3p⁶→3p⁵4s,upper,12,15,9.581573281365467e-11,9.581573281365469e-11,-1.0,50760663231.29923,8.995065777817912e-13,9.575736960378345e-11,8.695768431304359e-22
15,18,Ar,3p⁶→3p⁵4s,upper,12,16,4.791419933294326e-11,2.3279303270077334e-11,0.49999999999999983,16082112868.732391,5.336921024506875e-11,7.169685336554513e-11,4.193719436556277e-23
15,18,Ar,3p⁶→3p⁵4s,upper,12,17,1.2137344394803916e-10,4.745811311793644e-11,0.0,8763698577.151783,6.456562560626942e-11,1.590418365766903e-10,5.268384402448439e-22
15,18,Ar,3p⁶→3p⁵4s,upper,13,14,8.353337816067844e-11,7.195503726887227e-11,-0.4999999999999997,27920743422.943203,8.51296086262912e-12,8.390137867626438e-11,6.094698118285471e-22
15,18,Ar,3p⁶→3p⁵4s,upper,13,15,4.791419933294326e-11,2.3279303270077324e-11,0.49999999999999983,24453219533.933426,2.8442622433127807e-11,5.568796055891756e-11,9.125034319496033e-23
15,18,Ar,3p⁶→3p⁵4s,upper,13,16,9.581573281365467e-11,9.581573281365466e-11,-0.9999999999999999,50760663231.29944,8.995065777817926e-13,9.57573696037834e-11,8.695768431304446e-22
15,18,Ar,3p⁶→3p⁵4s,upper,13,17,1.2137344394803916e-10,4.745811311793644e-11,0.0,8763698576.375437,6.506273964689881e-11,1.588391189262125e-10,5.268384401993621e-22
15,18,Ar,3p⁶→3p⁵4s,upper,14,15,4.8678852394555365e-11,2.4815038454012558e-11,0.5000000000000004,33382548929.562675,1.4653582925328874e-11,5.080420965405651e-11,1.5371837135598419e-22
15,18,Ar,3p⁶→3p⁵4s,upper,14,16,4.867885239455539e-11,2.481503845401259e-11,0.4999999999999997,24070462655.511047,2.889170790889634e-11,5.657800820033213e-11,9.422699861673706e-23
15,18,Ar,3p⁶→3p⁵4s,upper,14,17,1.2198211986401847e-10,4.8993848301871695e-11,0.0,8752215908.356913,6.298172294881305e-11,1.6060067779258752e-10,5.589694929464118e-22
15,18,Ar,3p⁶→3p⁵4s,upper,15,16,8.375785424607741e-11,7.253642954357735e-11,-0.49999999999999983,27968438539.927834,8.397212536471753e-12,8.412696816123543e-11,6.141896175520574e-22
15,18,Ar,3p⁶→3p⁵4s,upper,15,17,1.2172797450762364e-10,4.8357619695718236e-11,0.0,8757005340.325146,6.367654939127942e-11,1.5993966554009455e-10,5.455714822815846e-22
15,18,Ar,3p⁶→3p⁵4s,upper,16,17,1.2172797450762364e-10,4.835761969571823e-11,0.0,8757005339.154276,6.419006465497232e-11,1.5973426418601556e-10,5.4557148221354205e-22
16,19,K,4s→4p,lower,0,1,5.6080616543543615e-12,5.6080616543543615e-12,-1.0,444712314021.4972,8.314716893238153e-13,5.53157500300358e-12,2.9079862209967637e-24
16,19,K,4s→4p,lower,0,2,1.0129643111724995e-11,-1.0129643111724995e-11,1.0,78232937165.13593,1.0727734770209758e-11,1.5736302815225988e-11,3.887588441019444e-24
16,19,K,4s→4p,lower,0,3,1.5756278066412124e-11,1.5756278066412124e-11,-1.0,78130935270.69717,1.0379890422635337e-11,1.567588046074897e-11,3.894148270119877e-24
16,19,K,4s→4p,lower,0,4,1.3637355936485652e-11,2.803959828013892e-12,0.0,74634528613.30917,1.1090531740017661e-11,1.5123340908189674e-11,2.0428788318344865e-24
16,19,K,4s→4p,lower,0,5,1.3637355936485652e-11,2.803959828013892e-12,0.0,74738134353.96661,1.0831827783509085e-11,1.4908851962380572e-11,2.1352603910921315e-24
16,19,K,4s→4p,lower,0,6,1.363735593648565e-11,2.803959828013892e-12,0.0,74606031381.06029,1.1159335937341307e-11,1.515760197694197e-11,2.0165709558624612e-24
16,19,K,4s→4p,lower,0,7,1.363735593648565e-11,2.803959828013892e-12,0.0,74354826052.57143,1.1919677647073489e-11,1.5926008542412894e-11,1.7720626427249913e-24
16,19,K,4s→4p,lower,0,8,1.3637355936485649e-11,2.803959828013892e-12,0.0,74505550100.42632,1.1438707217325768e-11,1.558786549456441e-11,1.9208139789445948e-24
16,19,K,4s→4p,lower,0,9,1.363735593648565e-11,2.803959828013892e-12,0.0,74421965520.22902,1.16646199992893e-11,1.5800772652545866e-11,1.838313963647121e-24
16,19,K,4s→4p,lower,0,10,3.757697304898669e-11,-3.757697304898669e-11,1.0,24794094837.446743,3.7579901507455675e-11,4.318402548297067e-11,3.9275385936979846e-24
16,19,K,4s→4p,lower,0,11,4.4096998729978354e-11,4.4096998729978354e-11,-1.0,24245145480.362537,3.849494548060216e-11,4.409692783172982e-11,3.927694106045871e-24
16,19,K,4s→4p,lower,0,12,4.469609350308121e-11,2.803959828013892e-12,0.0,22406422602.513435,4.19267102750618e-11,4.738898984846713e-11,1.9627572319843203e-24
16,19,K,4s→4p,lower,0,13,4.4696093503081204e-11,2.803959828013892e-12,0.0,22406422602.55238,4.182176772967868e-11,4.7264414725614765e-11,1.962757232390451e-24
16,19,K,4s→4p,lower,0,14,4.4696093503081204e-11,2.803959828013892e-12,0.0,22406422602.516323,4.1987242744497325e-11,4.7282107876101766e-11,1.9627572320176136e-24
16,19,K,4s→4p,lower,0,15,4.469609350308122e-11,2.803959828013892e-12,0.0,22406422602.520847,4.188772011621279e-11,4.7373337887886617e-11,1.9627572320616795e-24
16,19,K,4s→4p,lower,0,16,4.4696093503081204e-11,2.803959828013892e-12,0.0,22406422602.5451,4.1831097034809847e-11,4.7306164126813294e-11,1.9627572323141967e-24
16,19,K,4s→4p,lower,0,17,4.4696093503081224e-11,2.803959828013892e-12,0.0,22406422602.523968,4.19663605557216e-11,4.7281343704409455e-11,1.9627572320974965e-24
16,19,K,4s→4p,lower,0,18,1.0338515985528406e-10,-1.0338515985528406e-10,1.0,9418802810.286366,1.0338555353716812e-10,1.0899270608382528e-10,3.930581375431746e-24
16,19,K,4s→4p,lower,1,2,1.5737704766079357e-11,1.5737704766079357e-11,-1.0,78246824831.02704,1.0361134696731434e-11,1.5657324314421255e-11,3.894427922455485e-24
16,19,K,4s→4p,lower,1,3,1.0148216412057761e-11,-1.0148216412057761e-11,1.0,78117355559.89478,1.0746143674467518e-11,1.5755159735341133e-11,3.8881160145838366e-24
16,19,K,4s→4p,lower,1,4,1.363738513329336e-11,2.8041018263404696e-12,0.0,74833801037.6744,1.0639250385544859e-11,1.4681761163521325e-11,2.2199830616043397e-24
16,19,K,4s→4p,lower,1,5,1.363738513329336e-11,2.8041018263404696e-12,0.0,74675587631.99706,1.095102639696233e-11,1.5264686214490804e-11,2.077457659143724e-24
16,19,K,4s→4p,lower,1,6,1.3637385133293356e-11,2.8041018263404696e-12,0.0,74446442090.38757,1.1590557160217806e-11,1.5714598396047267e-11,1.8633225190436844e-24
16,19,K,4s→4p,lower,1,7,1.3637385133293358e-11,2.8041018263404696e-12,0.0,74713872421.11008,1.0883904547722705e-11,1.489133231335908e-11,2.1137979646441785e-24
16,19,K,4s→4p,lower,1,8,1.3637385133293356e-11,2.8041018263404696e-12,0.0,74647339273.66261,1.1016954146054281e-11,1.533428387379166e-11,2.051693532146018e-24
16,19,K,4s→4p,lower,1,9,1.3637385133293356e-11,2.8041018263404696e-12,0.0,74500754615.94186,1.1554219196201998e-11,1.5475727350117416e-11,1.9198060901799775e-24
16,19,K,4s→4p,lower,1,10,4.318503470334105e-11,4.318503470334105e-11,-1.0,24794097877.409737,3.758270743464531e-11,4.3184963903420895e-11,3.927936040550327e-24
16,19,K,4s→4p,lower,1,11,3.8488937075623994e-11,-3.8488937075623994e-11,1.0,24245148322.619892,3.849186087697722e-11,4.409627221969208e-11,3.9280915844274e-24
16,19,K,4s→4p,lower,1,12,4.469610241141333e-11,2.8041018263404696e-12,0.0,22406421484.82489,4.204437080946604e-11,4.734487871191659e-11,1.9629557505790457e-24
16,19,K,4s→4p,lower,1,13,4.469610241141332e-11,2.8041018263404696e-12,0.0,22406421484.860268,4.1877213588399176e-11,4.728956310841285e-11,1.962955750947222e-24
16,19,K,4s→4p,lower,1,14,4.4696102411413325e-11,2.8041018263404696e-12,0.0,22406421484.822628,4.1962614105018753e-11,4.741115528981866e-11,1.9629557505521713e-24
16,19,K,4s→4p,lower,1,15,4.469610241141334e-11,2.8041018263404696e-12,0.0,22406421484.822605,4.199552496439683e-11,4.733940527187227e-11,1.9629557505551876e-24
16,19,K,4s→4p,lower,1,16,4.469610241141332e-11,2.8041018263404696e-12,0.0,22406421484.86293,4.186387042486358e-11,4.7251886079821354e-11,1.962955750974967e-24
16,19,K,4s→4p,lower,1,17,4.4696102411413345e-11,2.8041018263404696e-12,0.0,22406421484.822784,4.195223103961553e-11,4.7410354047839285e-11,1.9629557505541256e-24
16,19,K,4s→4p,lower,1,18,1.0899322150963842e-10,1.0899322150963842e-10,-1.0,9418802976.680883,1.0338501785695746e-10,1.0899322150963843e-10,3.930979439125935e-24
16,19,K,4s→4p,lower,2,3,2.5885921178137117e-11,2.5885921178137117e-11,-1.0,110443435761.43118,2.9894840115599942e-12,2.5378038789396478e-11,6.525913369524522e-23
16,19,K,4s→4p,lower,2,4,1.8584761801651028e-11,1.2933602939738887e-11,0.0,65243164010.06672,1.0554765552294497e-11,2.0922170911279997e-11,1.4585347779014233e-23
16,19,K,4s→4p,lower,2,5,1.8584761801651028e-11,1.2933602939738887e-11,0.0,45821854195.44001,1.829386304255102e-11,2.5748249637205762e-11,7.649060114907993e-24
16,19,K,4s→4p,lower,2,6,1.8584761801651028e-11,1.2933602939738887e-11,0.0,105543228037.8421,4.729628417643899e-12,1.8650148140426513e-11,2.7420434320702323e-23
16,19,K,4s→4p,lower,2,7,1.8584761801651028e-11,1.2933602939738887e-11,0.0,71459557646.90277,1.0074784184406168e-11,2.0477606825274318e-11,1.677346899297191e-23
16,19,K,4s→4p,lower,2,8,1.8584761801651025e-11,1.2933602939738887e-11,0.0,58859585553.19221,1.2414110807946642e-11,2.1724208894229055e-11,1.2211479800435563e-23
16,19,K,4s→4p,lower,2,9,1.8584761801651028e-11,1.2933602939738887e-11,0.0,47250888205.5466,1.7795889800070923e-11,2.5340724821266175e-11,8.10387359810905e-24
16,19,K,4s→4p,lower,2,10,2.744732993726169e-11,-2.744732993726169e-11,1.0,25438757753.34741,2.7447843729171063e-11,5.329542750926514e-11,8.200176154010943e-23
16,19,K,4s→4p,lower,2,11,5.4226641841703354e-11,5.4226641841703354e-11,-1.0,24846146517.918865,2.8889052062169614e-11,5.416683326701017e-11,8.207336727425733e-23
16,19,K,4s→4p,lower,2,12,4.6445200707090124e-11,1.2933602939738887e-11,0.0,22189867934.184525,3.227802444026376e-11,5.7364340022239805e-11,4.056064932503318e-23
16,19,K,4s→4p,lower,2,13,4.644520070709012e-11,1.2933602939738887e-11,0.0,22189858280.367718,3.262726878569827e-11,5.751160391764499e-11,4.0560548493525335e-23
16,19,K,4s→4p,lower,2,14,4.6445200707090124e-11,1.2933602939738887e-11,0.0,22189869207.123074,3.260388743469992e-11,5.697673745354102e-11,4.056067182677615e-23
16,19,K,4s→4p,lower,2,15,4.644520070709013e-11,1.2933602939738887e-11,0.0,22189857828.633644,3.251665906989614e-11,5.741969321810477e-11,4.056054767583617e-23
16,19,K,4s→4p,lower,2,16,4.644520070709012e-11,1.2933602939738887e-11,0.0,22189864603.142212,3.234615106709558e-11,5.74802074456973e-11,4.056061188817135e-23
16,19,K,4s→4p,lower,2,17,4.644520070709014e-11,1.2933602939738887e-11,0.0,22189882925.16907,3.2478369374127344e-11,5.686226686267704e-11,4.056081087280559e-23
16,19,K,4s→4p,lower,2,18,9.325551674355906e-11,-9.325551674355906e-11,1.0,9452380334.780832,9.327363009614215e-11,1.1910854031899318e-10,8.340582177032643e-23
16,19,K,4s→4p,lower,3,4,1.8597791104591648e-11,1.2952318238398231e-11,0.0,45033029997.73626,1.8723064096537295e-11,2.6064058263853366e-11,7.41970704497858e-24
16,19,K,4s→4p,lower,3,5,1.8597791104591648e-11,1.2952318238398231e-11,0.0,65055306991.51149,1.1001559992435315e-11,2.1186267971725956e-11,1.448993834704138e-23
16,19,K,4s→4p,lower,3,6,1.8597791104591648e-11,1.2952318238398231e-11,0.0,87138749710.49751,6.913568756832378e-12,1.9290282076661338e-11,2.230652901956607e-23
16,19,K,4s→4p,lower,3,7,1.8597791104591648e-11,1.2952318238398231e-11,0.0,79001762441.35287,7.266242038202331e-12,1.9263677974754092e-11,1.9753346157236836e-23
16,19,K,4s→4p,lower,3,8,1.8597791104591644e-11,1.2952318238398231e-11,0.0,72212695438.2736,8.636214538768674e-12,1.9747769589254156e-11,1.729273437092684e-23
16,19,K,4s→4p,lower,3,9,1.8597791104591648e-11,1.2952318238398231e-11,0.0,45589171715.672035,1.823389318018053e-11,2.558956299988759e-11,7.602567863155635e-24
16,19,K,4s→4p,lower,3,10,5.333325111539881e-11,5.333325111539881e-11,-1.0,25440645040.599426,2.7964652791078706e-11,5.327369744058738e-11,8.223303875267577e-23
16,19,K,4s→4p,lower,3,11,2.834072066356623e-11,-2.834072066356623e-11,1.0,24848228127.971714,2.8341230235048468e-11,5.4226124765225025e-11,8.230760327642555e-23
16,19,K,4s→4p,lower,3,12,4.645041583740458e-11,1.2952318238398231e-11,0.0,22189264006.129772,3.226000897518017e-11,5.666944451239047e-11,4.067482182795025e-23
16,19,K,4s→4p,lower,3,13,4.645041583740457e-11,1.2952318238398231e-11,0.0,22189269333.282665,3.190214243590204e-11,5.696102008121149e-11,4.067486729696685e-23
16,19,K,4s→4p,lower,3,14,4.645041583740458e-11,1.2952318238398231e-11,0.0,22189255689.05931,3.191484949897167e-11,5.7372206061148156e-11,4.067472237367731e-23
16,19,K,4s→4p,lower,3,15,4.6450415837404583e-11,1.2952318238398231e-11,0.0,22189256160.678894,3.229678771753042e-11,5.6835136049576796e-11,4.067474218823955e-23
16,19,K,4s→4p,lower,3,16,4.645041583740457e-11,1.2952318238398231e-11,0.0,22189272947.059845,3.188946837535105e-11,5.687957290626745e-11,4.067490413019398e-23
16,19,K,4s→4p,lower,3,17,4.645041583740459e-11,1.2952318238398231e-11,0.0,22189269165.359413,3.178133241861207e-11,5.725385202889354e-11,4.067485778685016e-23
16,19,K,4s→4p,lower,3,18,1.1914143792169617e-10,1.1914143792169617e-10,-1.0,9452483200.571325,9.324486644428088e-11,1.1913512603557885e-10,8.364669860935078e-23
16,19,K,4s→4p,lower,4,5,2.311592218934504e-11,2.0018975847877203e-11,-0.49999999999999983,116421118801.86395,2.910202617263099e-12,2.260632155152081e-11,5.064871686344388e-23
16,19,K,4s→4p,lower,4,6,2.311592218934504e-11,2.0018975847877207e-11,-0.5000000000000004,88580947869.27623,4.735244426934123e-12,2.291285740801477e-11,4.350186889056126e-23
16,19,K,4s→4p,lower,4,7,2.66919677971696e-11,2.66919677971696e-11,-1.0,76824915663.20096,6.552490717427595e-12,2.6633609205300585e-11,5.909454738983036e-23
16,19,K,4s→4p,lower,4,8,1.3345983898584802e-11,6.672991949292404e-12,0.49999999999999983,59744770762.69104,1.4480660073042217e-11,1.944103456219333e-11,3.477311400089281e-24
16,19,K,4s→4p,lower,4,9,1.3345983898584797e-11,6.6729919492923984e-12,0.5000000000000004,51966158898.39896,1.701980611153831e-11,2.133478675001941e-11,2.6518395006999026e-24
16,19,K,4s→4p,lower,4,10,4.2529225554177573e-11,1.3345983898584802e-11,0.0,24440741633.59257,2.7297096826112883e-11,5.350451012023731e-11,4.278953412056868e-23
16,19,K,4s→4p,lower,4,11,4.3396201999488794e-11,1.3345983898584802e-11,0.0,23914109258.742916,2.8312338646185846e-11,5.4476407845070606e-11,4.2865010001100984e-23
16,19,K,4s→4p,lower,4,12,3.126207124529098e-11,-3.126207124529098e-11,1.0,22946070519.263,3.126258545245431e-11,5.7934001271428174e-11,8.75399696894696e-23
16,19,K,4s→4p,lower,4,13,5.2567406780605944e-11,3.5650011470522687e-11,-0.49999999999999983,22347957982.09373,3.2023864499726657e-11,5.7591750529732145e-11,5.375155468349645e-23
16,19,K,4s→4p,lower,4,14,5.256740678060595e-11,3.5650011470522706e-11,-0.5000000000000004,22347971461.946217,3.1874623452730886e-11,5.749978441472251e-11,5.375168657693227e-23
16,19,K,4s→4p,lower,4,15,5.795403904246059e-11,5.795403904246059e-11,-1.0,22945903554.050377,3.239017897634198e-11,5.79540390424606e-11,8.753833052783191e-23
16,19,K,4s→4p,lower,4,16,3.965672054321938e-11,-8.958043673353078e-12,0.49999999999999983,22347950502.543663,3.2348075558453455e-11,5.7718515348416265e-11,5.375148079133578e-23
16,19,K,4s→4p,lower,4,17,3.9656720543219385e-11,-8.958043673353112e-12,0.5000000000000004,22347975515.89276,3.169570162307664e-11,5.7371711336431923e-11,5.375172642797355e-23
16,19,K,4s→4p,lower,4,18,1.07024503854655e-10,1.3345983898584802e-11,0.0,9398689511.299746,9.326279122604492e-11,1.192079721469889e-10,4.427622222846017e-23
16,19,K,4s→4p,lower,5,6,2.3115922189345033e-11,2.0018975847877197e-11,-0.4999999999999998,85416779361.08307,6.0849601233581285e-12,2.316974844979724e-11,4.28340885248758e-23
16,19,K,4s→4p,lower,5,7,1.3345983898584802e-11,6.672991949292404e-12,0.49999999999999983,90283169099.26958,8.027428686010753e-12,1.5254636016842958e-11,7.41038159755229e-24
16,19,K,4s→4p,lower,5,8,2.66919677971696e-11,2.66919677971696e-11,-1.0,192542813085.9624,1.3234879829999782e-12,2.5763325150666118e-11,7.819581405282013e-23
16,19,K,4s→4p,lower,5,9,1.3345983898584803e-11,6.672991949292405e-12,0.4999999999999998,59747444147.06767,1.4281502827324171e-11,1.9307523082417757e-11,3.480108397175279e-24
16,19,K,4s→4p,lower,5,10,4.2529225554177573e-11,1.3345983898584802e-11,0.0,24440657709.967648,2.8010899339295245e-11,5.33752692439525e-11,4.278895353011594e-23
16,19,K,4s→4p,lower,5,11,4.3396201999488794e-11,1.3345983898584802e-11,0.0,23914101189.283314,2.8586130420191783e-11,5.409284757757718e-11,4.286497489814022e-23
16,19,K,4s→4p,lower,5,12,5.256740678060595e-11,3.5650011470522687e-11,-0.49999999999999983,22347948289.52727,3.2406220465184964e-11,5.792762492540172e-11,5.375145772739542e-23
16,19,K,4s→4p,lower,5,13,3.126207124529097e-11,-3.126207124529097e-11,1.0,22946070519.263004,3.12625854524543e-11,5.7934001271428115e-11,8.753996968946946e-23
16,19,K,4s→4p,lower,5,14,5.2567406780605944e-11,3.565001147052268e-11,-0.4999999999999998,22347949096.694996,3.218977305349542e-11,5.7919002249067085e-11,5.375146537017152e-23
16,19,K,4s→4p,lower,5,15,3.965672054321939e-11,-8.958043673353086e-12,0.49999999999999983,22347979483.412273,3.150231205389326e-11,5.770929425996218e-11,5.375176121087823e-23
16,19,K,4s→4p,lower,5,16,5.795403904246058e-11,5.795403904246058e-11,-1.0,22945912600.328014,3.217015550373599e-11,5.7947104867161476e-11,8.753841934044764e-23
16,19,K,4s→4p,lower,5,17,3.965672054321939e-11,-8.958043673353083e-12,0.4999999999999998,22347972696.335644,3.1613021337183136e-11,5.7779998355220874e-11,5.375169569246781e-23
16,19,K,4s→4p,lower,5,18,1.07024503854655e-10,1.3345983898584802e-11,0.0,9398689502.482378,9.403077624655276e-11,1.1860312799054163e-10,4.4276220872325253e-23
16,19,K,4s→4p,lower,6,7,1.3345983898584794e-11,6.672991949292394e-12,0.5000000000000004,128064455381.57742,3.861874074125045e-12,1.3431805424396557e-11,1.2293683570427143e-23
16,19,K,4s→4p,lower,6,8,1.3345983898584802e-11,6.6729919492924025e-12,0.4999999999999998,90485961918.1907,7.66233764361882e-12,1.5084115576858607e-11,7.472578344292692e-24
16,19,K,4s→4p,lower,6,9,2.6691967797169597e-11,2.6691967797169597e-11,-1.0,75071066849.96887,7.404429507507877e-12,2.667737415972033e-11,5.811722367480745e-23
16,19,K,4s→4p,lower,6,10,4.2529225554177573e-11,1.3345983898584798e-11,0.0,24440667214.05383,2.7599252058860613e-11,5.359263112982999e-11,4.278899098946694e-23
16,19,K,4s→4p,lower,6,11,4.3396201999488794e-11,1.3345983898584798e-11,0.0,23914154443.04845,2.8166250077644712e-11,5.430787696166549e-11,4.2865372265727017e-23
16,19,K,4s→4p,lower,6,12,5.256740678060595e-11,3.5650011470522706e-11,-0.5000000000000004,22347973813.171654,3.173134981191425e-11,5.752235529875866e-11,5.375170838437684e-23
16,19,K,4s→4p,lower,6,13,5.256740678060594e-11,3.5650011470522674e-11,-0.4999999999999998,22347954837.914825,3.2126999183944065e-11,5.771988123747862e-11,5.375152381734047e-23
16,19,K,4s→4p,lower,6,14,3.126207124529098e-11,-3.126207124529098e-11,1.0,22946070519.262993,3.126258545245432e-11,5.793400127142812e-11,8.753996968946955e-23
16,19,K,4s→4p,lower,6,15,3.9656720543219385e-11,-8.958043673353114e-12,0.5000000000000004,22347971346.564053,3.162381192102647e-11,5.736145500600717e-11,5.375168239959134e-23
16,19,K,4s→4p,lower,6,16,3.9656720543219385e-11,-8.958043673353078e-12,0.4999999999999998,22347961623.17733,3.224525559625637e-11,5.7744181134906446e-11,5.375159233468562e-23
16,19,K,4s→4p,lower,6,17,5.795403904246059e-11,5.795403904246059e-11,-1.0,22945938759.00733,3.1972546256368394e-11,5.7926306725587047e-11,8.753867615477557e-23
16,19,K,4s→4p,lower,6,18,1.0702450385465498e-10,1.3345983898584798e-11,0.0,9398689525.875423,9.314604263658631e-11,1.1929921873932513e-10,4.427622453596125e-23
16,19,K,4s→4p,lower,7,8,2.3115922189345033e-11,2.0018975847877197e-11,-0.49999999999999983,83878749171.56636,6.7782424713258146e-12,2.320747956574903e-11,4.2220023916996874e-23
16,19,K,4s→4p,lower,7,9,2.3115922189345036e-11,2.0018975847877203e-11,-0.5000000000000004,81354734693.40593,6.0217317223561274e-12,2.3320147310184717e-11,4.067591453902562e-23
16,19,K,4s→4p,lower,7,10,4.2529225554177573e-11,1.3345983898584798e-11,0.0,24440760682.72749,2.7458646935660818e-11,5.312043954275883e-11,4.278970703299151e-23
16,19,K,4s→4p,lower,7,11,4.3396201999488794e-11,1.3345983898584798e-11,0.0,23914011904.00886,2.920827951542825e-11,5.443191360204389e-11,4.28642613716883e-23
16,19,K,4s→4p,lower,7,12,5.795403904246058e-11,5.795403904246058e-11,-1.0,22945903554.05039,3.239017897634141e-11,5.7954039042460586e-11,8.753833052783203e-23
16,19,K,4s→4p,lower,7,13,3.965672054321938e-11,-8.958043673353082e-12,0.49999999999999983,22347971326.38479,3.170327013249753e-11,5.7776734920848614e-11,5.375168414400461e-23
16,19,K,4s→4p,lower,7,14,3.965672054321937e-11,-8.958043673353107e-12,0.5000000000000004,22347968052.750572,3.153781292686772e-11,5.767614080364779e-11,5.375164584754733e-23
16,19,K,4s→4p,lower,7,15,3.126207124529099e-11,-3.126207124529099e-11,1.0,22946070519.262993,3.126258545245432e-11,5.7934001271428135e-11,8.753996968946942e-23
16,19,K,4s→4p,lower,7,16,5.2567406780605944e-11,3.5650011470522687e-11,-0.49999999999999983,22347958502.345795,3.1800964926965914e-11,5.781456964041515e-11,5.375155648364245e-23
16,19,K,4s→4p,lower,7,17,5.2567406780605964e-11,3.565001147052271e-11,-0.5000000000000004,22347974523.667812,3.156751471840783e-11,5.7699186729108587e-11,5.37517120041442e-23
16,19,K,4s→4p,lower,7,18,1.0702450385465498e-10,1.3345983898584798e-11,0.0,9398689492.573095,9.421700563859014e-11,1.1845524344311657e-10,4.4276219296899125e-23
16,19,K,4s→4p,lower,8,9,2.3115922189345033e-11,2.0018975847877197e-11,-0.4999999999999998,136886564890.02052,2.2296779115356668e-12,2.2208553825359473e-11,5.333997264962881e-23
16,19,K,4s→4p,lower,8,10,4.2529225554177573e-11,1.3345983898584797e-11,0.0,24440799100.079746,2.7244585733318582e-11,5.322619521692589e-11,4.278997528036215e-23
16,19,K,4s→4p,lower,8,11,4.3396201999488794e-11,1.3345983898584797e-11,0.0,23914017105.140133,2.9011849747625373e-11,5.454190028716587e-11,4.286428960420414e-23
16,19,K,4s→4p,lower,8,12,3.9656720543219385e-11,-8.958043673353086e-12,0.49999999999999983,22347962252.15252,3.209525968297544e-11,5.7782310821417376e-11,5.375159798959803e-23
16,19,K,4s→4p,lower,8,13,5.7954039042460567e-11,5.7954039042460567e-11,-1.0,22945912600.328,3.217015550373598e-11,5.794710486716146e-11,8.753841934044768e-23
16,19,K,4s→4p,lower,8,14,3.965672054321939e-11,-8.958043673353082e-12,0.4999999999999998,22347968846.145874,3.193693742458271e-11,5.7740423470410937e-11,5.37516629380457e-23
16,19,K,4s→4p,lower,8,15,5.256740678060596e-11,3.565001147052269e-11,-0.49999999999999983,22347951380.457504,3.2501938891026366e-11,5.782566401552952e-11,5.375149018032184e-23
16,19,K,4s→4p,lower,8,16,3.126207124529098e-11,-3.126207124529098e-11,1.0,22946070519.263004,3.1262585452454305e-11,5.793400127142811e-11,8.753996968946958e-23
16,19,K,4s→4p,lower,8,17,5.256740678060595e-11,3.565001147052268e-11,-0.4999999999999998,22347952702.797832,3.248223173127846e-11,5.7825037501070285e-11,5.37515031979626e-23
16,19,K,4s→4p,lower,8,18,1.0702450385465498e-10,1.3345983898584797e-11,0.0,9398689536.40236,9.308726117534111e-11,1.193450906302557e-10,4.427622620498114e-23
16,19,K,4s→4p,lower,9,10,4.2529225554177573e-11,1.3345983898584798e-11,0.0,24440797004.371727,2.730629493584007e-11,5.301946415205077e-11,4.278996823140743e-23
16,19,K,4s→4p,lower,9,11,4.3396201999488794e-11,1.3345983898584798e-11,0.0,23914007239.754868,2.9185209728431285e-11,5.4497500465333003e-11,4.286421736257966e-23
16,19,K,4s→4p,lower,9,12,3.965672054321938e-11,-8.958043673353107e-12,0.5000000000000004,22347973973.244595,3.149307861689262e-11,5.75240209781103e-11,5.375170474528045e-23
16,19,K,4s→4p,lower,9,13,3.9656720543219385e-11,-8.958043673353078e-12,0.4999999999999998,22347956763.41025,3.213645851221102e-11,5.784372601904948e-11,5.375154290149233e-23
16,19,K,4s→4p,lower,9,14,5.795403904246058e-11,5.795403904246058e-11,-1.0,22945938759.00736,3.1972546256368666e-11,5.792630672558705e-11,8.753867615477542e-23
16,19,K,4s→4p,lower,9,15,5.2567406780605964e-11,3.565001147052271e-11,-0.5000000000000004,22347971353.25089,3.167611117035549e-11,5.7697933224692253e-11,5.375168257863954e-23
16,19,K,4s→4p,lower,9,16,5.256740678060594e-11,3.5650011470522674e-11,-0.4999999999999998,22347965245.884117,3.167301632003557e-11,5.769604745137546e-11,5.375162229403663e-23
16,19,K,4s→4p,lower,9,17,3.126207124529099e-11,-3.126207124529099e-11,1.0,22946070519.262993,3.126258545245433e-11,5.7934001271428187e-11,8.753996968946946e-23
16,19,K,4s→4p,lower,9,18,1.0702450385465498e-10,1.3345983898584798e-11,0.0,9398689488.531807,9.386152668896773e-11,1.187371157569797e-10,4.4276218647471774e-23
16,19,K,4s→4p,lower,10,11,8.167397177896504e-11,8.167397177896504e-11,-1.0,44685080264.146774,1.6295002487238849e-12,8.166019033201842e-11,6.3038695584244505e-22
16,19,K,4s→4p,lower,10,12,6.017057689382651e-11,4.038093287700058e-11,0.0,20091641184.544083,3.3816378349824435e-11,6.887375197310805e-11,1.504971130832635e-22
16,19,K,4s→4p,lower,10,13,6.017057689382651e-11,4.038093287700058e-11,0.0,14160355574.55542,5.854703010699254e-11,8.383415512735157e-11,7.955883646798955e-23
16,19,K,4s→4p,lower,10,14,6.017057689382651e-11,4.038093287700058e-11,0.0,35257436353.85029,8.552033366914675e-12,6.060278436497024e-11,2.9873911720022483e-22
16,19,K,4s→4p,lower,10,15,6.017057689382652e-11,4.038093287700058e-11,0.0,22126888118.925552,2.815682989400588e-11,6.626980314744528e-11,1.7612726051668154e-22
16,19,K,4s→4p,lower,10,16,6.017057689382651e-11,4.038093287700058e-11,0.0,18148842816.968273,4.0285526379576814e-11,7.227129465305794e-11,1.261326478093619e-22
16,19,K,4s→4p,lower,10,17,6.017057689382652e-11,4.038093287700058e-11,0.0,14601389120.757555,5.608976527345234e-11,8.213646988963979e-11,8.435466431377026e-23
16,19,K,4s→4p,lower,10,18,6.580818680629737e-11,-6.580818680629737e-11,1.0,9788432923.702932,6.58099462128087e-11,1.465692625952946e-10,7.926430243631771e-22
16,19,K,4s→4p,lower,11,12,6.078645939251779e-11,4.1293038901964464e-11,0.0,13782562255.63328,6.051609692895921e-11,8.569675169244363e-11,7.89183272158746e-23
16,19,K,4s→4p,lower,11,13,6.078645939251777e-11,4.1293038901964464e-11,0.0,19902980612.132828,3.405849577962533e-11,6.957619241294091e-11,1.5434697782918104e-22
16,19,K,4s→4p,lower,11,14,6.078645939251777e-11,4.1293038901964464e-11,0.0,27160796843.909016,1.774079419510685e-11,6.320526375343661e-11,2.4321270536948487e-22
16,19,K,4s→4p,lower,11,15,6.078645939251779e-11,4.1293038901964464e-11,0.0,23842523064.89734,2.3885389339713027e-11,6.520773158737961e-11,2.0491439596330959e-22
16,19,K,4s→4p,lower,11,16,6.078645939251777e-11,4.1293038901964464e-11,0.0,21931065111.343765,2.8373368390544767e-11,6.698289883194176e-11,1.8074939789682297e-22
16,19,K,4s→4p,lower,11,17,6.078645939251779e-11,4.1293038901964464e-11,0.0,13951481444.978914,5.94972742779778e-11,8.497333695790983e-11,8.078283580411414e-23
16,19,K,4s→4p,lower,11,18,1.474821585852624e-10,1.474821585852624e-10,-1.0,9807044240.871862,6.489838981759356e-11,1.474811425261871e-10,8.277427353027201e-22
16,19,K,4s→4p,lower,12,13,7.726341793602705e-11,6.691208271581366e-11,-0.49999999999999983,30763982687.868477,7.506414772124902e-12,7.760318845033478e-11,5.258781692037534e-22
16,19,K,4s→4p,lower,12,14,7.726341793602707e-11,6.691208271581369e-11,-0.5000000000000004,25070424105.31304,1.4490470392764682e-11,7.857653251970766e-11,4.639143990472135e-22
16,19,K,4s→4p,lower,12,15,8.921611028775157e-11,8.921611028775157e-11,-1.0,38120219957.15361,2.785963103900272e-12,8.921550803288747e-11,7.526205555762819e-22
16,19,K,4s→4p,lower,12,16,4.4608055143875786e-11,2.2304027571937903e-11,0.49999999999999983,17875097187.647305,4.7459640632498733e-11,6.512296054098791e-11,3.886604390314581e-23
16,19,K,4s→4p,lower,12,17,4.460805514387577e-11,2.2304027571937874e-11,0.5000000000000004,15547241735.181639,5.684743851483731e-11,7.22510468184059e-11,2.961626870043251e-23
16,19,K,4s→4p,lower,12,18,1.1517815644831635e-10,4.460805514387578e-11,0.0,9223483065.456738,6.212774537169907e-11,1.50572768788699e-10,4.661669007646516e-22
16,19,K,4s→4p,lower,13,14,7.726341793602704e-11,6.691208271581366e-11,-0.4999999999999998,30763031526.47397,7.728502311935092e-12,7.761097673878371e-11,5.258775303794614e-22
16,19,K,4s→4p,lower,13,15,4.4608055143875786e-11,2.2304027571937883e-11,0.49999999999999983,27046315821.63993,2.5093948680695322e-11,5.116921692821281e-11,8.318901757507323e-23
16,19,K,4s→4p,lower,13,16,8.921611028775155e-11,8.921611028775155e-11,-1.0,47727866137.80348,1.1473161732287468e-12,8.919442996639293e-11,7.541452627975311e-22
16,19,K,4s→4p,lower,13,17,4.460805514387579e-11,2.2304027571937883e-11,0.4999999999999998,17875097187.64726,4.7476613221350026e-11,6.513017828746687e-11,3.8866043903145634e-23
16,19,K,4s→4p,lower,13,18,1.1517815644831635e-10,4.460805514387577e-11,0.0,9223483066.268528,6.166357482834393e-11,1.507634537447816e-10,4.66166900805689e-22
16,19,K,4s→4p,lower,14,15,4.4608055143875766e-11,2.2304027571937867e-11,0.5000000000000004,37237105038.78891,1.2730072628245626e-11,4.6374963609447094e-11,1.3254616358679668e-22
16,19,K,4s→4p,lower,14,16,4.4608055143875786e-11,2.2304027571937903e-11,0.4999999999999998,27046315821.640045,2.5126033797499885e-11,5.117840262435509e-11,8.31890175750737e-23
16,19,K,4s→4p,lower,14,17,8.921611028775157e-11,8.921611028775157e-11,-1.0,73305968288.87198,4.917179958467933e-13,8.917756870841202e-11,7.553646827493567e-22
16,19,K,4s→4p,lower,14,18,1.1517815644831635e-10,4.460805514387578e-11,0.0,9223483066.462437,6.16102623578603e-11,1.5078524801140628e-10,4.661669008154917e-22
16,19,K,4s→4p,lower,15,16,7.726341793602706e-11,6.691208271581367e-11,-0.49999999999999983,30765511337.27759,7.354583272622957e-12,7.757826774123686e-11,5.25879195615663e-22
16,19,K,4s→4p,lower,15,17,7.726341793602707e-11,6.69120827158137e-11,-0.5000000000000004,25070423816.649418,1.456811929594282e-11,7.860113672681738e-11,4.639143986537529e-22
16,19,K,4s→4p,lower,15,18,1.1517815644831636e-10,4.460805514387579e-11,0.0,9223483065.576656,6.196943694184368e-11,1.5063799099422612e-10,4.66166900770711e-22
16,19,K,4s→4p,lower,16,17,7.726341793602706e-11,6.691208271581367e-11,-0.4999999999999998,30763573208.375454,7.570541813243844e-12,7.760682295135228e-11,5.258778942025559e-22
16,19,K,4s→4p,lower,16,18,1.1517815644831635e-10,4.460805514387577e-11,0.0,9223483065.722021,6.190392309339266e-11,1.5066492541833671e-10,4.661669007780641e-22
16,19,K,4s→4p,lower,17,18,1.1517815644831636e-10,4.460805514387579e-11,0.0,9223483066.551027,6.163360722860021e-11,1.5077570727957576e-10,4.661669008199841e-22
16,19,K,4s→4p,upper,0,1,5.608102547870422e-12,5.608102547870422e-12,-1.0,444709074782.76855,8.314777404870092e-13,5.531615338736006e-12,2.908028644539292e-24
16,19,K,4s→4p,upper,0,2,1.0146151265296023e-11,-1.0146151265296023e-11,1.0,78130381994.9229,1.0744088007358543e-11,1.5752993539083295e-11,3.887961909062743e-24
16,19,K,4s→4p,upper,0,3,1.5754253813166444e-11,1.5754253813166444e-11,-1.0,78144069501.15231,1.0377702581527702e-11,1.5673856363571456e-11,3.894387267563719e-24
16,19,K,4s→4p,upper,0,4,1.362043756836504e-11,2.804051273935211e-12,0.0,74489362289.43433,1.1951250480203968e-11,1.5761163737472266e-11,1.8143889846398693e-24
16,19,K,4s→4p,upper,0,5,1.3641252684674676e-11,2.804051273935211e-12,0.0,74308044895.45232,1.2238277001449282e-11,1.5961058263282683e-11,1.7483146014148573e-24
16,19,K,4s→4p,upper,0,6,1.3641252684674676e-11,2.804051273935211e-12,0.0,74394104710.8938,1.192870187839411e-11,1.573374469238318e-11,1.8363673785694364e-24
16,19,K,4s→4p,upper,0,7,1.3639937721434228e-11,2.804051273935211e-12,0.0,74697875400.8343,1.0879896397618845e-11,1.516432356365899e-11,2.1113486316604497e-24
16,19,K,4s→4p,upper,0,8,1.3629207225002525e-11,2.804051273935211e-12,0.0,74568625484.69472,1.1348348143706785e-11,1.5519538098754534e-11,1.936525007724574e-24
16,19,K,4s→4p,upper,0,9,1.3629207225002523e-11,2.804051273935211e-12,0.0,74674669941.12645,1.1050162948431569e-11,1.5350564148911464e-11,2.034027908493393e-24
16,19,K,4s→4p,upper,0,10,3.852802480580512e-11,-3.852802480580512e-11,1.0,24222195401.98073,3.8530948349566417e-11,4.413525880756903e-11,3.927956504571179e-24
16,19,K,4s→4p,upper,0,11,4.413612735367554e-11,4.413612735367554e-11,-1.0,24222195401.980732,3.853389101454034e-11,4.413605644900351e-11,3.9279565045711494e-24
16,19,K,4s→4p,upper,0,12,4.352951132161003e-11,2.804051273935211e-12,0.0,23008763760.29832,4.066119878500731e-11,4.6134925607236234e-11,1.9627328802529527e-24
16,19,K,4s→4p,upper,0,13,4.474147897899129e-11,2.804051273935211e-12,0.0,22383628600.488483,4.2016274966793993e-11,4.744198625111319e-11,1.962890755125878e-24
16,19,K,4s→4p,upper,0,14,4.474147897899129e-11,2.804051273935211e-12,0.0,22383628600.51868,4.199634241813575e-11,4.729544558861666e-11,1.962890755444342e-24
16,19,K,4s→4p,upper,0,15,4.460753670692177e-11,2.804051273935211e-12,0.0,22451039131.980236,4.17590981824435e-11,4.724951017703371e-11,1.9628739410647818e-24
16,19,K,4s→4p,upper,0,16,4.441948882652011e-11,2.804051273935211e-12,0.0,22546369073.391914,4.164664225162372e-11,4.7111133068526816e-11,1.9628500758076812e-24
16,19,K,4s→4p,upper,0,17,4.441948882652012e-11,2.804051273935211e-12,0.0,22546369073.408432,4.167464459391251e-11,4.6991426640784825e-11,1.9628500759794925e-24
16,19,K,4s→4p,upper,0,18,1.1413372763152662e-10,2.804051273935211e-12,0.0,8763635916.740932,1.1135393747030923e-10,1.1684740551674002e-10,1.965249253678543e-24
16,19,K,4s→4p,upper,1,2,1.5754253813166444e-11,1.5754253813166444e-11,-1.0,78144069501.15233,1.037770258152657e-11,1.5673856363571524e-11,3.8943872675636855e-24
16,19,K,4s→4p,upper,1,3,1.0146151265296023e-11,-1.0146151265296023e-11,1.0,78130381994.92305,1.074408800735682e-11,1.5752993539083272e-11,3.887961909062743e-24
16,19,K,4s→4p,upper,1,4,1.362043756836504e-11,2.804051273935211e-12,0.0,74367145447.14429,1.2489170078108341e-11,1.6068766115197742e-11,1.6888297276251974e-24
16,19,K,4s→4p,upper,1,5,1.3641252684674676e-11,2.804051273935211e-12,0.0,74363315549.29265,1.179144972018542e-11,1.5879404580271477e-11,1.8019686019444005e-24
16,19,K,4s→4p,upper,1,6,1.3641252684674676e-11,2.804051273935211e-12,0.0,74567765925.64601,1.1184652072147565e-11,1.5418671582012924e-11,1.999710438555119e-24
16,19,K,4s→4p,upper,1,7,1.3639937721434228e-11,2.804051273935211e-12,0.0,74330620839.58902,1.2258385755835979e-11,1.5924158631503644e-11,1.764008495248574e-24
16,19,K,4s→4p,upper,1,8,1.3629207225002525e-11,2.804051273935211e-12,0.0,74452929165.59814,1.1688666744661273e-11,1.582146387991604e-11,1.8235047560669195e-24
16,19,K,4s→4p,upper,1,9,1.3629207225002523e-11,2.804051273935211e-12,0.0,74547976564.1108,1.1500863397997623e-11,1.5433723422391672e-11,1.920296289763284e-24
16,19,K,4s→4p,upper,1,10,4.413612735367554e-11,4.413612735367554e-11,-1.0,24222195401.98071,3.8533891014540315e-11,4.413605644900353e-11,3.927956504571116e-24
16,19,K,4s→4p,upper,1,11,3.852802480580512e-11,-3.852802480580512e-11,1.0,24222195401.98071,3.8530948349566307e-11,4.413525880756904e-11,3.9279565045711655e-24
16,19,K,4s→4p,upper,1,12,4.352951132161003e-11,2.804051273935211e-12,0.0,23008763760.292656,4.071136610645399e-11,4.6030417166666925e-11,1.9627328802015575e-24
16,19,K,4s→4p,upper,1,13,4.474147897899129e-11,2.804051273935211e-12,0.0,22383628600.488934,4.1988092020766976e-11,4.7392877542748016e-11,1.9628907551316424e-24
16,19,K,4s→4p,upper,1,14,4.474147897899129e-11,2.804051273935211e-12,0.0,22383628600.531094,4.1850609018910246e-11,4.7317203089438864e-11,1.9628907555701958e-24
16,19,K,4s→4p,upper,1,15,4.460753670692177e-11,2.804051273935211e-12,0.0,22451039131.985752,4.1797642680694406e-11,4.715378933415742e-11,1.962873941124583e-24
16,19,K,4s→4p,upper,1,16,4.441948882652011e-11,2.804051273935211e-12,0.0,22546369073.38175,4.170798643744782e-11,4.70820698188325e-11,1.9628500757050668e-24
16,19,K,4s→4p,upper,1,17,4.441948882652012e-11,2.804051273935211e-12,0.0,22546369073.429752,4.152888961575004e-11,4.700384456881967e-11,1.962850076193628e-24
16,19,K,4s→4p,upper,1,18,1.1413372763152662e-10,2.804051273935211e-12,0.0,8763635916.740889,1.1149130951227136e-10,1.1671633762834556e-10,1.9652492536716702e-24
16,19,K,4s→4p,upper,2,3,2.590040507846247e-11,2.590040507846247e-11,-1.0,110382984009.83255,2.991098877850393e-12,2.5392238246968028e-11,6.533250236372435e-23
16,19,K,4s→4p,upper,2,4,1.8583900608160364e-11,1.2950202539231235e-11,0.0,51179436826.296394,1.590656740795403e-11,2.4069651779944075e-11,9.418926899338567e-24
16,19,K,4s→4p,upper,2,5,1.8599161730233907e-11,1.2950202539231235e-11,0.0,95831311952.05617,5.277103254507381e-12,1.8885807406016995e-11,2.4926432268940533e-23
16,19,K,4s→4p,upper,2,6,1.8599161730233907e-11,1.2950202539231235e-11,0.0,45131633402.49601,1.8533491685955086e-11,2.5873991199805354e-11,7.4569950836e-24
16,19,K,4s→4p,upper,2,7,1.8598197313311248e-11,1.2950202539231235e-11,0.0,48915103119.17152,1.6487707798952047e-11,2.429292041122049e-11,8.697498545410893e-24
16,19,K,4s→4p,upper,2,8,1.8590328986930662e-11,1.2950202539231235e-11,0.0,54869197577.709984,1.479761035076153e-11,2.3173460786482683e-11,1.0710502873496595e-23
16,19,K,4s→4p,upper,2,9,1.8590328986930662e-11,1.2950202539231235e-11,0.0,81322839567.32927,6.974690770575693e-12,1.9347322123612735e-11,2.0491088261487064e-23
16,19,K,4s→4p,upper,2,10,2.8381873540509098e-11,-2.8381873540509098e-11,1.0,24823279672.642582,2.8382382770978322e-11,5.4263044300214574e-11,8.22842595110707e-23
16,19,K,4s→4p,upper,2,11,5.4282278618971564e-11,5.4282278618971564e-11,-1.0,24823129655.20051,2.8912247932644123e-11,5.4222398101184225e-11,8.228309543412892e-23
16,19,K,4s→4p,upper,2,12,4.532839505385591e-11,1.2950202539231235e-11,0.0,22774125573.32987,3.0812975989122194e-11,5.6054590220614236e-11,4.0593196653058154e-23
16,19,K,4s→4p,upper,2,13,4.649349399096365e-11,1.2950202539231235e-11,0.0,22167204606.42556,3.175793461939491e-11,5.706820868031464e-11,4.066464710516034e-23
16,19,K,4s→4p,upper,2,14,4.649349399096365e-11,1.2950202539231235e-11,0.0,22167166842.781517,3.270999047724425e-11,5.708160078935925e-11,4.066428050461149e-23
16,19,K,4s→4p,upper,2,15,4.636461337399058e-11,1.2950202539231235e-11,0.0,22232690230.178703,3.1790255276479626e-11,5.6997559872654204e-11,4.0656977725453065e-23
16,19,K,4s→4p,upper,2,16,4.6183720398746554e-11,1.2950202539231235e-11,0.0,22325293637.02138,3.149255703399993e-11,5.690636121604351e-11,4.064622289733297e-23
16,19,K,4s→4p,upper,2,17,4.618372039874656e-11,1.2950202539231235e-11,0.0,22325244985.93155,3.2589708773245936e-11,5.6831375840265464e-11,4.0645756787524444e-23
16,19,K,4s→4p,upper,2,18,1.1483184586745855e-10,1.2950202539231235e-11,0.0,8750260687.761919,1.0206737402289576e-10,1.263129320803134e-10,4.173294248541884e-23
16,19,K,4s→4p,upper,3,4,1.8583900608160364e-11,1.2950202539231235e-11,0.0,118104764220.83871,3.520070647596679e-12,1.8457868034286876e-11,2.971178646887735e-23
16,19,K,4s→4p,upper,3,5,1.8599161730233907e-11,1.2950202539231235e-11,0.0,51149421627.155685,1.55863706705372e-11,2.3891470227273718e-11,9.453559816867919e-24
16,19,K,4s→4p,upper,3,6,1.8599161730233907e-11,1.2950202539231235e-11,0.0,46277254177.99187,1.7879825650323452e-11,2.537812084136119e-11,7.825189001102833e-24
16,19,K,4s→4p,upper,3,7,1.8598197313311248e-11,1.2950202539231235e-11,0.0,47588233224.80323,1.7907558733762503e-11,2.5278095922070463e-11,8.233998306892504e-24
16,19,K,4s→4p,upper,3,8,1.8590328986930662e-11,1.2950202539231235e-11,0.0,48919657715.78787,1.7364864999227826e-11,2.48330429704955e-11,8.65982218695964e-24
16,19,K,4s→4p,upper,3,9,1.8590328986930662e-11,1.2950202539231235e-11,0.0,95084378518.59534,6.074213230639303e-12,1.8947103624950325e-11,2.4719528181277104e-23
16,19,K,4s→4p,upper,3,10,5.4282278618971564e-11,5.4282278618971564e-11,-1.0,24823129655.20051,2.8912247932644178e-11,5.4222398101184154e-11,8.228309543412892e-23
16,19,K,4s→4p,upper,3,11,2.8381873540509098e-11,-2.8381873540509098e-11,1.0,24823279672.642593,2.8382382770978328e-11,5.426304430021458e-11,8.228425951107066e-23
16,19,K,4s→4p,upper,3,12,4.532839505385591e-11,1.2950202539231235e-11,0.0,22774060351.740257,3.2072739172731284e-11,5.6054879373161856e-11,4.0592599298858695e-23
16,19,K,4s→4p,upper,3,13,4.649349399096365e-11,1.2950202539231235e-11,0.0,22167144417.913017,3.276885915360144e-11,5.7467512013354244e-11,4.0664045619140165e-23
16,19,K,4s→4p,upper,3,14,4.649349399096365e-11,1.2950202539231235e-11,0.0,22167172224.71743,3.2042872496925926e-11,5.746045001980114e-11,4.06643189153448e-23
16,19,K,4s→4p,upper,3,15,4.636461337399058e-11,1.2950202539231235e-11,0.0,22232636870.90013,3.285413746430975e-11,5.711249555810951e-11,4.06564509965752e-23
16,19,K,4s→4p,upper,3,16,4.6183720398746554e-11,1.2950202539231235e-11,0.0,22325231862.75847,3.259082582626252e-11,5.7152133434625045e-11,4.064561878754639e-23
16,19,K,4s→4p,upper,3,17,4.618372039874656e-11,1.2950202539231235e-11,0.0,22325251323.837788,3.1933000473151976e-11,5.721195297095803e-11,4.06458037683771e-23
16,19,K,4s→4p,upper,3,18,1.1483184586745855e-10,1.2950202539231235e-11,0.0,8750260687.685005,1.0225127836017179e-10,1.2616410632333667e-10,4.1732942474021125e-23
16,19,K,4s→4p,upper,4,5,2.3104367654050512e-11,2.0003649698200594e-11,-0.49999999999999983,116477506041.7148,2.908824481530051e-12,2.2595022177566623e-11,5.059772172723992e-23
16,19,K,4s→4p,upper,4,6,2.3104367654050515e-11,2.00036496982006e-11,-0.5000000000000004,88624816463.254,4.732923295526972e-12,2.290140454779353e-11,4.345818236436531e-23
16,19,K,4s→4p,upper,4,7,2.6677279283105073e-11,2.667727928310507e-11,-1.0,76867044490.65465,6.548913388570361e-12,2.661895283838069e-11,5.902936446996701e-23
16,19,K,4s→4p,upper,4,8,1.3333159459604055e-11,6.6598574796182055e-12,0.49999999999999983,59802240594.27541,1.4466744807630238e-11,1.942235094019305e-11,3.47062920001758e-24
16,19,K,4s→4p,upper,4,9,1.3333159459604046e-11,6.659857479618198e-12,0.5000000000000004,52016148287.16131,1.7003449939783162e-11,2.1314282770528917e-11,2.6467437593401405e-24
16,19,K,4s→4p,upper,4,10,4.342803390746943e-11,1.3328676453679565e-11,0.0,23892808708.01148,2.8435355851073483e-11,5.45274083410781e-11,4.2761188031164334e-23
16,19,K,4s→4p,upper,4,11,4.342803390746943e-11,1.3328676453679565e-11,0.0,23892824593.17256,2.8318332111024623e-11,5.447251122498098e-11,4.2761311300204706e-23
16,19,K,4s→4p,upper,4,12,3.0110426349570385e-11,-3.011042634957039e-11,1.0,23593291408.704998,3.0110945559249874e-11,5.674788461063294e-11,8.72333480773398e-23
16,19,K,4s→4p,upper,4,13,5.260003072608677e-11,3.565543863318435e-11,-0.49999999999999983,22325551973.6536,3.208494120165664e-11,5.762019065851507e-11,5.362095701996595e-23
16,19,K,4s→4p,upper,4,14,5.2600030726086775e-11,3.565543863318437e-11,-0.5000000000000004,22325565156.14572,3.193602720770692e-11,5.752829566068149e-11,5.362108643344149e-23
16,19,K,4s→4p,upper,4,15,5.78479939182647e-11,5.7847993918264705e-11,-1.0,22992414464.42803,3.2317594335562235e-11,5.7847993918264705e-11,8.730929135306913e-23
16,19,K,4s→4p,upper,4,16,3.939555481037549e-11,-8.836771229947795e-12,0.49999999999999983,22486913283.60407,3.2088942440790285e-11,5.742461995317991e-11,5.359343529157522e-23
16,19,K,4s→4p,upper,4,17,3.939555481037548e-11,-8.836771229947821e-12,0.5000000000000004,22486939618.40187,3.1436176182318336e-11,5.7078653252387736e-11,5.359368895654621e-23
16,19,K,4s→4p,upper,4,18,1.0077060084254455e-10,-1.0077060084254455e-10,1.0,8794428710.799112,1.00812348616327e-10,1.2739492830374045e-10,8.859901270625635e-23
16,19,K,4s→4p,upper,5,6,2.3122785597346594e-11,2.0024919733563085e-11,-0.4999999999999997,85391425572.95645,6.086766824542608e-12,2.317662783949244e-11,4.2859528260124446e-23
16,19,K,4s→4p,upper,5,7,1.334927470995062e-11,6.675645074329307e-12,0.49999999999999983,90260912508.46591,8.029408136259914e-12,1.5258397439603582e-11,7.414036321598635e-24
16,19,K,4s→4p,upper,5,8,2.668758443716478e-11,2.668758443716478e-11,-0.9999999999999999,192567910301.05127,1.3233277421756137e-12,2.5759094493594198e-11,7.816978198324846e-23
16,19,K,4s→4p,upper,5,9,1.3343796476184532e-11,6.681127514980701e-12,0.4999999999999997,59757247068.57707,1.4279161302483536e-11,1.9304354268165987e-11,3.478962853078645e-24
16,19,K,4s→4p,upper,5,10,4.343456669890617e-11,1.3349946489042058e-11,0.0,23891878267.774395,2.8662874026509138e-11,5.417674655819007e-11,4.289247760284555e-23
16,19,K,4s→4p,upper,5,11,4.343456669890617e-11,1.3349946489042058e-11,0.0,23891836531.761818,2.9025161870705448e-11,5.4350250511513854e-11,4.28921474258598e-23
16,19,K,4s→4p,upper,5,12,5.1430403669104016e-11,3.5069497890667024e-11,-0.49999999999999983,22945015360.465508,3.12460475714904e-11,5.67627918072464e-11,5.367894244124481e-23
16,19,K,4s→4p,upper,5,13,3.1303577869967526e-11,-3.1303577869967526e-11,0.9999999999999999,22921902032.50956,3.130409207139588e-11,5.7983423797339156e-11,8.759418603329054e-23
16,19,K,4s→4p,upper,5,14,5.261445114871828e-11,3.567670866854684e-11,-0.4999999999999997,22325302306.980766,3.223128719603943e-11,5.7968417830558106e-11,5.378612159724399e-23
16,19,K,4s→4p,upper,5,15,3.95709513771392e-11,-8.909712243250504e-12,0.49999999999999983,22392176041.158245,3.1409914452361057e-11,5.762457494235609e-11,5.377500355500744e-23
16,19,K,4s→4p,upper,5,16,5.768084185629679e-11,5.768084185629679e-11,-0.9999999999999999,23096739568.348507,3.1891693331875377e-11,5.7673916068685115e-11,8.757006009780141e-23
16,19,K,4s→4p,upper,5,17,3.939078920710527e-11,-8.8155011945853e-12,0.4999999999999997,22486690195.97399,3.1332963836738014e-11,5.750701080627289e-11,5.375873896921899e-23
16,19,K,4s→4p,upper,5,18,1.2132635903678925e-10,7.03995851371541e-11,-0.49999999999999983,8760481933.919596,1.0141247782607172e-10,1.26922187354057e-10,5.539963969123651e-23
16,19,K,4s→4p,upper,6,7,1.334927470995061e-11,6.675645074329299e-12,0.5000000000000004,128032882234.22878,3.862826537194816e-12,1.343511739650143e-11,1.2299746467002463e-23
16,19,K,4s→4p,upper,6,8,1.3343796476184532e-11,6.6811275149807e-12,0.4999999999999997,90500765582.65582,7.66108840592079e-12,1.5081641879179908e-11,7.470113166596385e-24
16,19,K,4s→4p,upper,6,9,2.668758443716478e-11,2.668758443716478e-11,-1.0,75083343656.22241,7.40322299536064e-12,2.6672993199390018e-11,5.809807997057092e-23
16,19,K,4s→4p,upper,6,10,4.343456669890617e-11,1.3349946489042058e-11,0.0,23891932226.042675,2.824455492052084e-11,5.4392626255142473e-11,4.289288285863714e-23
16,19,K,4s→4p,upper,6,11,4.343456669890617e-11,1.3349946489042058e-11,0.0,23891844426.967686,2.8620302536310405e-11,5.456930042537596e-11,4.289218373759516e-23
16,19,K,4s→4p,upper,6,12,5.143040366910402e-11,3.506949789066705e-11,-0.5000000000000004,22945048893.81093,3.056391140284861e-11,5.6359903502159826e-11,5.367924546099962e-23
16,19,K,4s→4p,upper,6,13,5.2614451148718276e-11,3.567670866854684e-11,-0.4999999999999997,22325308005.878906,3.216851172043286e-11,5.776920477166825e-11,5.37861797951369e-23
16,19,K,4s→4p,upper,6,14,3.1303577869967526e-11,-3.1303577869967526e-11,1.0,22921902032.509575,3.130409207139588e-11,5.7983423797339156e-11,8.759418603329065e-23
16,19,K,4s→4p,upper,6,15,3.957095137713919e-11,-8.909712243250528e-12,0.5000000000000004,22392167713.017582,3.15315644544308e-11,5.727681272601031e-11,5.377492339421807e-23
16,19,K,4s→4p,upper,6,16,3.939078920710527e-11,-8.8155011945853e-12,0.4999999999999997,22486678327.978756,3.196699981578312e-11,5.747123649930418e-11,5.375863036924702e-23
16,19,K,4s→4p,upper,6,17,5.76808418562968e-11,5.76808418562968e-11,-1.0,23096767500.758526,3.169353130053812e-11,5.765314306736009e-11,8.757032901435593e-23
16,19,K,4s→4p,upper,6,18,1.2132635903678928e-10,7.039958513715417e-11,-0.5000000000000004,8760481979.777212,1.011252422768302e-10,1.2715116073404237e-10,5.539964873035463e-23
16,19,K,4s→4p,upper,7,8,2.3110963095144128e-11,2.0017421803486867e-11,-0.49999999999999983,83896691812.55789,6.77679643247786e-12,2.320250080903958e-11,4.2201868669183333e-23
16,19,K,4s→4p,upper,7,9,2.3110963095144135e-11,2.0017421803486874e-11,-0.5000000000000004,81372131704.05028,6.020449178458878e-12,2.3315144357496198e-11,4.0658421769486073e-23
16,19,K,4s→4p,upper,7,10,4.343415373365975e-11,1.3348602829425507e-11,0.0,23891868656.952267,2.914471834830167e-11,5.4464110594572545e-11,4.288363164971715e-23
16,19,K,4s→4p,upper,7,11,4.343415373365975e-11,1.3348602829425507e-11,0.0,23891997235.199833,2.8384681818029643e-11,5.4016743982188545e-11,4.2884654436708737e-23
16,19,K,4s→4p,upper,7,12,5.6787705632675455e-11,5.678770563267546e-11,-1.0,23594884704.060307,3.1231023307564455e-11,5.678770563267547e-11,8.748753404960937e-23
16,19,K,4s→4p,upper,7,13,3.969962561002198e-11,-8.978159350079278e-12,0.49999999999999983,22325339585.1289,3.1746056826518046e-11,5.78247548093367e-11,5.377589329488259e-23
16,19,K,4s→4p,upper,7,14,3.969962561002197e-11,-8.978159350079301e-12,0.5000000000000004,22325336334.15046,3.158062238196546e-11,5.7724122073919745e-11,5.377585516205781e-23
16,19,K,4s→4p,upper,7,15,3.117071463515963e-11,-3.117071463515963e-11,1.0,22994256719.311565,3.117122942447036e-11,5.784788868863125e-11,8.756756820222204e-23
16,19,K,4s→4p,upper,7,16,5.229884316971587e-11,3.551405051305286e-11,-0.49999999999999983,22486690630.477966,3.1522725107714375e-11,5.754020772170683e-11,5.374815814635003e-23
16,19,K,4s→4p,upper,7,17,5.2298843169715885e-11,3.5514050513052895e-11,-0.5000000000000004,22486707743.072586,3.1288621623479304e-11,5.7424971952254406e-11,5.374832103802377e-23
16,19,K,4s→4p,upper,7,18,1.2744788012564961e-10,1.2744788012564964e-10,-1.0,8794519572.842457,1.0077597872632543e-10,1.2742787240548273e-10,8.88634366073042e-23
16,19,K,4s→4p,upper,8,9,2.3101466579107262e-11,2.000645692218408e-11,-0.4999999999999997,136972220873.03166,2.2282835758660402e-12,2.219466564060897e-11,5.327328089011361e-23
16,19,K,4s→4p,upper,8,10,4.343078515404305e-11,1.3337637948122723e-11,0.0,23892347305.578438,2.8956336701414205e-11,5.4563155207727756e-11,4.281592611932196e-23
16,19,K,4s→4p,upper,8,11,4.343078515404305e-11,1.3337637948122723e-11,0.0,23892499783.63383,2.818325529691416e-11,5.4112001593661134e-11,4.281713867607606e-23
16,19,K,4s→4p,upper,8,12,3.8541837169567965e-11,-8.381913453502243e-12,0.49999999999999983,22945186334.360546,3.094303334314154e-11,5.660614829645808e-11,5.358384540287719e-23
16,19,K,4s→4p,upper,8,13,5.799116230713231e-11,5.799116230713231e-11,-0.9999999999999999,22920722138.61296,3.2222805649463007e-11,5.7984229845573175e-11,8.743404061663888e-23
16,19,K,4s→4p,upper,8,14,3.970210677920905e-11,-8.989124231382059e-12,0.4999999999999997,22325461254.681843,3.198987950007256e-11,5.777759986799874e-11,5.369066105598329e-23
16,19,K,4s→4p,upper,8,15,5.2475182244446676e-11,3.5597296680415276e-11,-0.49999999999999983,22392288162.9119,3.242143518210387e-11,5.772870092453086e-11,5.367911372153098e-23
16,19,K,4s→4p,upper,8,16,3.0993257419132016e-11,-3.0993257419132016e-11,0.9999999999999999,23095859504.610195,3.099377254119565e-11,5.764853396074627e-11,8.741315307199402e-23
16,19,K,4s→4p,upper,8,17,5.2291397977317894e-11,3.5503085631750085e-11,-0.4999999999999997,22486811682.359604,3.2215348744176304e-11,5.753977872873404e-11,5.366298197878683e-23
16,19,K,4s→4p,upper,8,18,1.0804963125729006e-10,-4.371200069998931e-11,0.49999999999999983,8760489081.667383,1.02056053104747e-10,1.264026793853387e-10,5.529807074077256e-23
16,19,K,4s→4p,upper,9,10,4.343078515404305e-11,1.3337637948122723e-11,0.0,23892332623.38621,2.934172808386663e-11,5.4531591569156993e-11,4.2815815977708713e-23
16,19,K,4s→4p,upper,9,11,4.343078515404305e-11,1.3337637948122723e-11,0.0,23892493354.79763,2.8269042352731962e-11,5.401866763132479e-11,4.281709525217734e-23
16,19,K,4s→4p,upper,9,12,3.854183716956795e-11,-8.381913453502272e-12,0.5000000000000004,22945201902.85377,3.033490349049893e-11,5.6349553282437936e-11,5.358397563926734e-23
16,19,K,4s→4p,upper,9,13,3.9702106779209045e-11,-8.989124231382057e-12,0.4999999999999997,22325449362.607784,3.218915053564698e-11,5.788087663435985e-11,5.369054253088578e-23
16,19,K,4s→4p,upper,9,14,5.799116230713231e-11,5.799116230713231e-11,-1.0,22920747882.86262,3.2025443440579915e-11,5.7963436848550965e-11,8.743429419042115e-23
16,19,K,4s→4p,upper,9,15,5.247518224444668e-11,3.559729668041531e-11,-0.5000000000000004,22392308432.8892,3.159569521057826e-11,5.760108985844462e-11,5.367930778020402e-23
16,19,K,4s→4p,upper,9,16,5.229139797731789e-11,3.5503085631750085e-11,-0.4999999999999997,22486824995.378143,3.140490574814307e-11,5.741103473951552e-11,5.36631059198361e-23
16,19,K,4s→4p,upper,9,17,3.0993257419132016e-11,-3.0993257419132016e-11,1.0,23095859504.610184,3.099377254119564e-11,5.76485339607463e-11,8.741315307199394e-23
16,19,K,4s→4p,upper,9,18,1.0804963125729004e-10,-4.371200069998938e-11,0.5000000000000004,8760489114.051405,1.0125567888684162e-10,1.270447276524158e-10,5.529807712131059e-23
16,19,K,4s→4p,upper,10,11,8.266415215948066e-11,8.266415215948066e-11,-1.0,47087873374.3137,1.3667645259603972e-12,8.265020189217947e-11,6.470336321622661e-22
16,19,K,4s→4p,upper,10,12,5.99607885656348e-11,4.133207607974033e-11,0.0,15864580386.213026,4.975812476576551e-11,7.787266870843854e-11,9.802055479820755e-23
16,19,K,4s→4p,upper,10,13,6.084634541812766e-11,4.133207607974033e-11,0.0,29284066174.558968,1.4518613693241763e-11,6.244807735903808e-11,2.6511931158672747e-22
16,19,K,4s→4p,upper,10,14,6.084634541812766e-11,4.133207607974033e-11,0.0,13799485384.099274,6.040525332275544e-11,8.565567870397689e-11,7.940927083160564e-23
16,19,K,4s→4p,upper,10,15,6.074792293217899e-11,4.133207607974033e-11,0.0,14975171773.070082,5.387510665912724e-11,8.111009823343269e-11,9.224312724218344e-23
16,19,K,4s→4p,upper,10,16,6.060997275303735e-11,4.133207607974033e-11,0.0,16835125488.064968,4.520365201101552e-11,7.553470177421866e-11,1.1375885090852545e-22
16,19,K,4s→4p,upper,10,17,6.060997275303735e-11,4.133207607974033e-11,0.0,24662840271.560535,2.2224277609921543e-11,6.446831116262419e-11,2.129803824949992e-22
16,19,K,4s→4p,upper,10,18,1.2135479221102926e-10,4.133207607974033e-11,0.0,8627940763.78874,7.297785411132165e-11,1.5533255935080332e-10,4.070609740085991e-22
16,19,K,4s→4p,upper,11,12,5.99607885656348e-11,4.133207607974033e-11,0.0,38851679052.920746,6.2143125436221994e-12,6.022675988292719e-11,3.1352035901912017e-22
16,19,K,4s→4p,upper,11,13,6.084634541812766e-11,4.133207607974033e-11,0.0,15634032758.834505,5.053882184418569e-11,7.900805768180227e-11,1.0060061557051896e-22
16,19,K,4s→4p,upper,11,14,6.084634541812766e-11,4.133207607974033e-11,0.0,14148674659.514618,5.832475042527771e-11,8.419726825279551e-11,8.329993658692076e-23
16,19,K,4s→4p,upper,11,15,6.074792293217899e-11,4.133207607974033e-11,0.0,14573980334.488564,5.598069387883282e-11,8.25319600095883e-11,8.761805438008659e-23
16,19,K,4s→4p,upper,11,16,6.060997275303735e-11,4.133207607974033e-11,0.0,15008982502.378416,5.372177394569968e-11,8.092140399641466e-11,9.187606811906447e-23
16,19,K,4s→4p,upper,11,17,6.060997275303735e-11,4.133207607974033e-11,0.0,30713427986.866932,1.291072569162698e-11,6.186937053025203e-11,2.747248538589542e-22
16,19,K,4s→4p,upper,11,18,1.2135479221102926e-10,4.133207607974033e-11,0.0,8627940763.78176,7.308232337513008e-11,1.5528343503174154e-10,4.07060974008138e-22
16,19,K,4s→4p,upper,12,13,7.629286942559194e-11,6.576586498275474e-11,-0.49999999999999983,31042665284.89616,7.510023955192543e-12,7.662828707130525e-11,5.118237171492118e-22
16,19,K,4s→4p,upper,12,14,7.629286942559196e-11,6.576586498275476e-11,-0.5000000000000004,25361795360.538025,1.4358085428877697e-11,7.758916345888475e-11,4.517615266939861e-22
16,19,K,4s→4p,upper,12,15,8.795842026783508e-11,8.795842026783508e-11,-1.0,37750791296.47269,2.951275423327454e-12,8.7957826592582e-11,7.301105995167858e-22
16,19,K,4s→4p,upper,12,16,4.38917943948013e-11,2.127365511962259e-11,0.49999999999999983,18168072092.644028,4.6696469158814323e-11,6.407027607003362e-11,3.76025012077611e-23
16,19,K,4s→4p,upper,12,17,4.389179439480127e-11,2.127365511962256e-11,0.5000000000000004,15802612728.841545,5.593021642754312e-11,7.108184826959807e-11,2.865528277534424e-23
16,19,K,4s→4p,upper,12,18,7.066017449297417e-11,-7.066017449297417e-11,1.0,9110703742.314375,7.066123987336671e-11,1.5753790224356312e-10,9.171854707879007e-22
16,19,K,4s→4p,upper,13,14,7.734217292681908e-11,6.698028653851436e-11,-0.4999999999999997,30731706543.312553,7.736380013241507e-12,7.769008599801278e-11,5.2695013598437375e-22
16,19,K,4s→4p,upper,13,15,4.458657239956717e-11,2.2393865626717018e-11,0.49999999999999983,27059255114.666683,2.50821091420489e-11,5.1144518793243694e-11,8.310704564521606e-23
16,19,K,4s→4p,upper,13,16,8.898441972626432e-11,8.898441972626432e-11,-0.9999999999999999,47109930089.79035,1.188940115702303e-12,8.896279599210095e-11,7.500476787484079e-22
16,19,K,4s→4p,upper,13,17,4.449308716648842e-11,2.2488076675382225e-11,0.4999999999999997,17921445758.324055,4.73541062367541e-11,6.496141209171195e-11,3.866263414448922e-23
16,19,K,4s→4p,upper,13,18,1.4180097734251919e-10,1.0170316300712163e-10,-0.49999999999999983,8714952322.217066,7.019160248659163e-11,1.5842444121652094e-10,5.867645628949565e-22
16,19,K,4s→4p,upper,14,15,4.458657239956714e-11,2.2393865626716995e-11,0.5000000000000004,37254386028.98173,1.2724592088212108e-11,4.635261424547916e-11,1.324138771640837e-22
16,19,K,4s→4p,upper,14,16,4.449308716648842e-11,2.2488076675382225e-11,0.4999999999999997,27115666091.392807,2.506269447156499e-11,5.104617848225639e-11,8.27499855500494e-23
16,19,K,4s→4p,upper,14,17,8.898441972626433e-11,8.898441972626433e-11,-1.0,66028833584.16049,5.87042334827479e-13,8.894597874326166e-11,7.511313766735214e-22
16,19,K,4s→4p,upper,14,18,1.418009773425192e-10,1.0170316300712168e-10,-0.5000000000000004,8714952322.215446,7.010593901265474e-11,1.5846236761312312e-10,5.867645628948655e-22
16,19,K,4s→4p,upper,15,16,7.694659911860383e-11,6.66847651482125e-11,-0.49999999999999983,30889500392.03576,7.326827029338984e-12,7.726015600510239e-11,5.2155292432943545e-22
16,19,K,4s→4p,upper,15,17,7.694659911860383e-11,6.668476514821252e-11,-0.5000000000000004,25172999535.177307,1.450956267399918e-11,7.827882466999116e-11,4.601038675799153e-22
16,19,K,4s→4p,upper,15,18,1.5861859476080926e-10,1.5861859476080926e-10,-1.0,9129855790.58673,6.958072985091502e-11,1.5861825698033723e-10,9.619397623654635e-22
16,19,K,4s→4p,upper,16,17,7.678336312110497e-11,6.64963430508821e-11,-0.4999999999999997,30955909162.970135,7.523504351711584e-12,7.712463448462602e-11,5.193634024235479e-22
16,19,K,4s→4p,upper,16,18,9.962805950275675e-11,-1.27187432808573e-11,0.49999999999999983,8715754875.808254,7.079017912780795e-11,1.5797625538738114e-10,5.788241490809546e-22
16,19,K,4s→4p,upper,17,18,9.962805950275671e-11,-1.2718743280857368e-11,0.5000000000000004,8715754876.081888,7.058216159257014e-11,1.580693050281633e-10,5.788241491012949e-22
17,20,Ca,4s²→4s4p ¹P,lower,0,1,5.326026652999658e-12,5.326026652999658e-12,-1.0,456030290611.8065,8.331741302494508e-13,5.260454426868446e-12,2.591722606360492e-24
17,20,Ca,4s²→4s4p ¹P,lower,0,2,9.537311230829077e-12,-9.537311230829077e-12,1.0,82947938359.42241,1.0167115554642008e-11,1.4863337883828737e-11,3.5058748391778514e-24
17,20,Ca,4s²→4s4p ¹P,lower,0,3,1.4863337883828734e-11,1.4863337883828734e-11,-1.0,82968363343.87506,9.702608750309517e-12,1.4755964963394896e-11,3.513887626941829e-24
17,20,Ca,4s²→4s4p ¹P,lower,0,4,1.2833363853010738e-11,2.663013326499829e-12,0.0,79103991548.92009,1.1157778478863545e-11,1.478148394316099e-11,1.659526165848904e-24
17,20,Ca,4s²→4s4p ¹P,lower,0,5,1.283336385301074e-11,2.663013326499829e-12,0.0,78973811867.32521,1.1639965384855765e-11,1.509759719230041e-11,1.5481283454888206e-24
17,20,Ca,4s²→4s4p ¹P,lower,0,6,1.283336385301074e-11,2.663013326499829e-12,0.0,79127711172.23244,1.11979504725376e-11,1.4701737270703805e-11,1.6801682207666198e-24
17,20,Ca,4s²→4s4p ¹P,lower,0,7,1.2833363853010738e-11,2.663013326499829e-12,0.0,79501034086.1884,1.0072388722966913e-11,1.4097198564177572e-11,1.9632305926407646e-24
17,20,Ca,4s²→4s4p ¹P,lower,0,8,1.283336385301074e-11,2.663013326499829e-12,0.0,79169940854.85002,1.0855827749592262e-11,1.4641863970305932e-11,1.712233736047304e-24
17,20,Ca,4s²→4s4p ¹P,lower,0,9,1.283336385301074e-11,2.663013326499829e-12,0.0,79423782204.78271,1.0208672919290444e-11,1.4215232197175858e-11,1.9057211907315943e-24
17,20,Ca,4s²→4s4p ¹P,lower,0,10,3.4653760150774796e-11,-3.4653760150774796e-11,1.0,26831816193.495827,3.4660744912873754e-11,3.997978680377445e-11,3.542431347629592e-24
17,20,Ca,4s²→4s4p ¹P,lower,0,11,3.997978680377445e-11,3.997978680377445e-11,-1.0,26831816193.495827,3.4655507005332547e-11,3.997827259482359e-11,3.5424313476295484e-24
17,20,Ca,4s²→4s4p ¹P,lower,0,12,4.1057986780614925e-11,2.663013326499829e-12,0.0,24394323531.873325,3.843364659737858e-11,4.3614787697851844e-11,1.7702188500190827e-24
17,20,Ca,4s²→4s4p ¹P,lower,0,13,4.105798678061493e-11,2.663013326499829e-12,0.0,24394323531.919308,3.8339627798347667e-11,4.354689348444592e-11,1.7702188503905206e-24
17,20,Ca,4s²→4s4p ¹P,lower,0,14,4.105798678061493e-11,2.663013326499829e-12,0.0,24394323531.864414,3.8506598955524915e-11,4.3506183373262415e-11,1.7702188499508082e-24
17,20,Ca,4s²→4s4p ¹P,lower,0,15,4.105798678061493e-11,2.663013326499829e-12,0.0,24394323531.86227,3.8462448175444465e-11,4.3619332332836814e-11,1.7702188499300446e-24
17,20,Ca,4s²→4s4p ¹P,lower,0,16,4.105798678061493e-11,2.663013326499829e-12,0.0,24394323531.9265,3.8324120355519594e-11,4.3470569858490754e-11,1.7702188504488082e-24
17,20,Ca,4s²→4s4p ¹P,lower,0,17,4.105798678061493e-11,2.663013326499829e-12,0.0,24394323531.86833,3.848864698447512e-11,4.351054024366084e-11,1.7702188499822743e-24
17,20,Ca,4s²→4s4p ¹P,lower,0,18,9.282834673278362e-11,-9.282834673278362e-11,1.0,10474188579.525116,9.282834673278361e-11,9.815437338578329e-11,3.5453028668353225e-24
17,20,Ca,4s²→4s4p ¹P,lower,0,19,9.815437338578328e-11,9.815437338578328e-11,-1.0,10474188579.523891,9.296232624271765e-11,9.802749038632059e-11,3.5453028666941e-24
17,20,Ca,4s²→4s4p ¹P,lower,1,2,1.4863337883828734e-11,1.4863337883828734e-11,-1.0,82968363343.87502,9.702608750309755e-12,1.475596496339505e-11,3.513887626941827e-24
17,20,Ca,4s²→4s4p ¹P,lower,1,3,9.537311230829077e-12,-9.537311230829077e-12,1.0,82947938359.42249,1.0167115554642434e-11,1.4863337883828737e-11,3.505874839177849e-24
17,20,Ca,4s²→4s4p ¹P,lower,1,4,1.2833363853010738e-11,2.663013326499829e-12,0.0,78935806006.70659,1.1732371598583956e-11,1.5168954813948623e-11,1.5152560862678448e-24
17,20,Ca,4s²→4s4p ¹P,lower,1,5,1.283336385301074e-11,2.663013326499829e-12,0.0,79080261930.79227,1.1051915299996113e-11,1.4926088008296813e-11,1.63637938809539e-24
17,20,Ca,4s²→4s4p ¹P,lower,1,6,1.283336385301074e-11,2.663013326499829e-12,0.0,79291534724.89128,1.0516741837222788e-11,1.443806366925202e-11,1.8070081820792847e-24
17,20,Ca,4s²→4s4p ¹P,lower,1,7,1.2833363853010738e-11,2.663013326499829e-12,0.0,79063052060.43948,1.1236232412836936e-11,1.4926088008295847e-11,1.6237917208399654e-24
17,20,Ca,4s²→4s4p ¹P,lower,1,8,1.283336385301074e-11,2.663013326499829e-12,0.0,79177655747.56473,1.073678146954195e-11,1.475149235845591e-11,1.7148147719551797e-24
17,20,Ca,4s²→4s4p ¹P,lower,1,9,1.283336385301074e-11,2.663013326499829e-12,0.0,79255406047.57999,1.064186904592783e-11,1.4282729458409097e-11,1.7810529266312502e-24
17,20,Ca,4s²→4s4p ¹P,lower,1,10,3.997978680377445e-11,3.997978680377445e-11,-1.0,26831816193.49581,3.465550700533257e-11,3.997827259482361e-11,3.54243134762955e-24
17,20,Ca,4s²→4s4p ¹P,lower,1,11,3.4653760150774796e-11,-3.4653760150774796e-11,1.0,26831816193.495827,3.466074491287379e-11,3.997978680377446e-11,3.542431347629592e-24
17,20,Ca,4s²→4s4p ¹P,lower,1,12,4.1057986780614925e-11,2.663013326499829e-12,0.0,24394323531.898125,3.843144095268586e-11,4.355603265010989e-11,1.7702188502219867e-24
17,20,Ca,4s²→4s4p ¹P,lower,1,13,4.105798678061493e-11,2.663013326499829e-12,0.0,24394323531.888996,3.845323929627634e-11,4.356645437201283e-11,1.7702188501481476e-24
17,20,Ca,4s²→4s4p ¹P,lower,1,14,4.105798678061493e-11,2.663013326499829e-12,0.0,24394323531.885616,3.837070921503551e-11,4.361020643256255e-11,1.7702188501173214e-24
17,20,Ca,4s²→4s4p ¹P,lower,1,15,4.105798678061493e-11,2.663013326499829e-12,0.0,24394323531.87244,3.8506598955524495e-11,4.35783800200632e-11,1.7702188500145193e-24
17,20,Ca,4s²→4s4p ¹P,lower,1,16,4.105798678061493e-11,2.663013326499829e-12,0.0,24394323531.913727,3.8397767861386187e-11,4.352632425618426e-11,1.7702188503479986e-24
17,20,Ca,4s²→4s4p ¹P,lower,1,17,4.105798678061493e-11,2.663013326499829e-12,0.0,24394323531.86371,3.844766598620673e-11,4.363302455950246e-11,1.7702188499403066e-24
17,20,Ca,4s²→4s4p ¹P,lower,1,18,9.815437338578328e-11,9.815437338578328e-11,-1.0,10474188579.52389,9.296232624271746e-11,9.802749038632078e-11,3.5453028666941e-24
17,20,Ca,4s²→4s4p ¹P,lower,1,19,9.282834673278362e-11,-9.282834673278362e-11,1.0,10474188579.52512,9.282834673278362e-11,9.815437338578328e-11,3.545302866835332e-24
17,20,Ca,4s²→4s4p ¹P,lower,2,3,2.4400649114657813e-11,2.4400649114657813e-11,-1.0,99539543844.20271,3.817102490885669e-12,2.410023663350157e-11,5.439820952774156e-23
17,20,Ca,4s²→4s4p ¹P,lower,2,4,1.7505756399276487e-11,1.2200324557328906e-11,0.0,53929578945.53954,1.5365720626392612e-11,2.2827017987308743e-11,8.237828745133388e-24
17,20,Ca,4s²→4s4p ¹P,lower,2,5,1.7505756399276487e-11,1.2200324557328906e-11,0.0,109929014841.83685,4.088244501991618e-12,1.750575639927682e-11,2.3734703792219046e-23
17,20,Ca,4s²→4s4p ¹P,lower,2,6,1.7505756399276487e-11,1.2200324557328906e-11,0.0,48110892386.89176,1.7505756399276426e-11,2.4449646781043644e-11,6.645069286058698e-24
17,20,Ca,4s²→4s4p ¹P,lower,2,7,1.7505756399276487e-11,1.2200324557328906e-11,0.0,52783182961.52294,1.527144034019762e-11,2.2868201810964066e-11,7.931112390110303e-24
17,20,Ca,4s²→4s4p ¹P,lower,2,8,1.7505756399276487e-11,1.2200324557328906e-11,0.0,56712879197.665726,1.4340596370277573e-11,2.2149945464488648e-11,9.041599345529793e-24
17,20,Ca,4s²→4s4p ¹P,lower,2,9,1.7505756399276487e-11,1.2200324557328906e-11,0.0,94149617532.16461,5.420025250037026e-12,1.7505756399277773e-11,2.029601174091459e-23
17,20,Ca,4s²→4s4p ¹P,lower,2,10,2.5116448919945717e-11,-2.5116448919945717e-11,1.0,27560233411.764286,2.5116448919945714e-11,4.949469603116332e-11,7.290479674803319e-23
17,20,Ca,4s²→4s4p ¹P,lower,2,11,4.951709803460353e-11,4.951709803460353e-11,-1.0,27559970328.101097,2.564923657002464e-11,4.946670486747882e-11,7.290330408960598e-23
17,20,Ca,4s²→4s4p ¹P,lower,2,12,4.274943926888629e-11,1.2200324557328906e-11,0.0,24146330623.632145,2.890814961042922e-11,5.275655589487755e-11,3.603107626320274e-23
17,20,Ca,4s²→4s4p ¹P,lower,2,13,4.274943926888629e-11,1.2200324557328906e-11,0.0,24146279365.546295,2.937333471486137e-11,5.306904297969367e-11,3.6030678299564593e-23
17,20,Ca,4s²→4s4p ¹P,lower,2,14,4.274943926888629e-11,1.2200324557328906e-11,0.0,24146246631.933376,3.0224912469497413e-11,5.2709735589759757e-11,3.603043433369635e-23
17,20,Ca,4s²→4s4p ¹P,lower,2,15,4.2749439268886296e-11,1.2200324557328906e-11,0.0,24146296662.72623,2.912669104657358e-11,5.297796697010793e-11,3.603081161713143e-23
17,20,Ca,4s²→4s4p ¹P,lower,2,16,4.274943926888629e-11,1.2200324557328906e-11,0.0,24146259966.99668,2.9886787970008997e-11,5.3120334692967836e-11,3.6030526710367825e-23
17,20,Ca,4s²→4s4p ¹P,lower,2,17,4.274943926888629e-11,1.2200324557328906e-11,0.0,24146271450.313156,2.98522646284139e-11,5.2660304166613844e-11,3.6030628953853924e-23
17,20,Ca,4s²→4s4p ¹P,lower,2,18,8.329103550195453e-11,-8.329103550195453e-11,1.0,10515284185.70037,8.329103550195453e-11,1.0769168461661236e-10,7.419554966023743e-23
17,20,Ca,4s²→4s4p ¹P,lower,2,19,1.0769168461661236e-10,1.0769168461661236e-10,-1.0,10515284185.700367,8.329103550195453e-11,1.0769168461661236e-10,7.419554966023692e-23
17,20,Ca,4s²→4s4p ¹P,lower,3,4,1.7505756399276487e-11,1.2200324557328906e-11,0.0,139846134191.48276,2.6113353069107977e-12,1.7220825650585585e-11,2.78797854552647e-23
17,20,Ca,4s²→4s4p ¹P,lower,3,5,1.7505756399276487e-11,1.2200324557328906e-11,0.0,53952190879.37143,1.471137099011365e-11,2.2391780104166205e-11,8.270095173543049e-24
17,20,Ca,4s²→4s4p ¹P,lower,3,6,1.7505756399276487e-11,1.2200324557328906e-11,0.0,49440821390.59006,1.664932246806347e-11,2.3543040841093177e-11,7.008915436797974e-24
17,20,Ca,4s²→4s4p ¹P,lower,3,7,1.7505756399276487e-11,1.2200324557328906e-11,0.0,50085876748.754166,1.695967937211135e-11,2.3929022216325973e-11,7.1680566392323e-24
17,20,Ca,4s²→4s4p ¹P,lower,3,8,1.7505756399276487e-11,1.2200324557328906e-11,0.0,52772817816.30112,1.5592035181050927e-11,2.3083529303161327e-11,7.91533201692306e-24
17,20,Ca,4s²→4s4p ¹P,lower,3,9,1.7505756399276487e-11,1.2200324557328906e-11,0.0,115040673574.73262,3.888159783730004e-12,1.750575639927654e-11,2.4722718071150428e-23
17,20,Ca,4s²→4s4p ¹P,lower,3,10,4.951709803460353e-11,4.951709803460353e-11,-1.0,27559970328.10109,2.564923657002464e-11,4.946670486747884e-11,7.2903304089606e-23
17,20,Ca,4s²→4s4p ¹P,lower,3,11,2.5116448919945717e-11,-2.5116448919945717e-11,1.0,27560233411.76429,2.5116448919945707e-11,4.949469603116331e-11,7.290479674803316e-23
17,20,Ca,4s²→4s4p ¹P,lower,3,12,4.274943926888629e-11,1.2200324557328906e-11,0.0,24146307967.40827,2.9311188632319796e-11,5.276391671145938e-11,3.6030910760772606e-23
17,20,Ca,4s²→4s4p ¹P,lower,3,13,4.274943926888629e-11,1.2200324557328906e-11,0.0,24146281536.862553,2.940213159924459e-11,5.282559770631187e-11,3.603070261565742e-23
17,20,Ca,4s²→4s4p ¹P,lower,3,14,4.274943926888629e-11,1.2200324557328906e-11,0.0,24146272659.924156,2.943654946891043e-11,5.3148953871161756e-11,3.603062151608762e-23
17,20,Ca,4s²→4s4p ¹P,lower,3,15,4.2749439268886296e-11,1.2200324557328906e-11,0.0,24146327911.885605,2.915861392559998e-11,5.251227407251772e-11,3.60310662001853e-23
17,20,Ca,4s²→4s4p ¹P,lower,3,16,4.274943926888629e-11,1.2200324557328906e-11,0.0,24146315762.89167,2.918922994109949e-11,5.260720887288514e-11,3.603097052560359e-23
17,20,Ca,4s²→4s4p ¹P,lower,3,17,4.274943926888629e-11,1.2200324557328906e-11,0.0,24146305749.558006,2.9033957653733102e-11,5.302884515591137e-11,3.6030878562784785e-23
17,20,Ca,4s²→4s4p ¹P,lower,3,18,1.0769168461661236e-10,1.0769168461661236e-10,-1.0,10515284185.700363,8.329103550195453e-11,1.0769168461661236e-10,7.419554966023696e-23
17,20,Ca,4s²→4s4p ¹P,lower,3,19,8.329103550195453e-11,-8.329103550195453e-11,1.0,10515284185.70037,8.329103550195455e-11,1.0769168461661236e-10,7.419554966023743e-23
17,20,Ca,4s²→4s4p ¹P,lower,4,5,2.174421218209436e-11,1.883104013497278e-11,-0.49999999999999983,103237215769.23787,3.927764919553584e-12,2.1566109866833628e-11,4.126659721636621e-23
17,20,Ca,4s²→4s4p ¹P,lower,4,6,2.1744212182094366e-11,1.8831040134972787e-11,-0.5000000000000004,100512512627.8005,3.879407615642045e-12,2.1040702377140567e-11,4.019333493733489e-23
17,20,Ca,4s²→4s4p ¹P,lower,4,7,2.5108053513297037e-11,2.510805351329704e-11,-1.0,96735076699.20854,3.927764919545609e-12,2.47989317101224e-11,5.759807078198059e-23
17,20,Ca,4s²→4s4p ¹P,lower,4,8,1.2554026756648522e-11,6.277013378324262e-12,0.49999999999999983,65613485883.83216,1.3356717585101228e-11,1.791523622525125e-11,3.274414000243252e-24
17,20,Ca,4s²→4s4p ¹P,lower,4,9,1.2554026756648515e-11,6.277013378324255e-12,0.5000000000000004,57008735869.16999,1.5500394060338524e-11,1.9752269115238823e-11,2.494695202967981e-24
17,20,Ca,4s²→4s4p ¹P,lower,4,10,3.937188299485908e-11,1.255402675664852e-11,0.0,26435659848.935627,2.4774268722118898e-11,4.940889639808621e-11,3.780727700035041e-23
17,20,Ca,4s²→4s4p ¹P,lower,4,11,3.937188299485908e-11,1.255402675664852e-11,0.0,26435397269.25928,2.5878537773688087e-11,4.9870800233923143e-11,3.780575625635356e-23
17,20,Ca,4s²→4s4p ¹P,lower,4,12,2.841750773377586e-11,-2.841750773377586e-11,1.0,25012443826.095768,2.8417507733775855e-11,5.350214769153391e-11,7.739217230007027e-23
17,20,Ca,4s²→4s4p ¹P,lower,4,13,4.848327512205025e-11,3.3039794001860704e-11,-0.49999999999999983,24327460868.997807,2.9090148493235276e-11,5.3135120195044436e-11,4.747981972031772e-23
17,20,Ca,4s²→4s4p ¹P,lower,4,14,4.848327512205026e-11,3.303979400186073e-11,-0.5000000000000004,24327448483.36505,2.920535138041392e-11,5.314157942199764e-11,4.7479725943082764e-23
17,20,Ca,4s²→4s4p ¹P,lower,4,15,5.352556124707291e-11,5.35255612470729e-11,-1.0,25012658627.296192,2.8428531644722054e-11,5.305315058935723e-11,7.739380098347333e-23
17,20,Ca,4s²→4s4p ¹P,lower,4,16,3.6358114445787014e-11,-7.931740488563664e-12,0.49999999999999983,24327480421.860813,2.920535138041309e-11,5.294277907920983e-11,4.7479972165245875e-23
17,20,Ca,4s²→4s4p ¹P,lower,4,17,3.635811444578701e-11,-7.931740488563687e-12,0.5000000000000004,24327432103.434032,2.936909770358079e-11,5.3135120195044384e-11,4.7479597740461004e-23
17,20,Ca,4s²→4s4p ¹P,lower,4,18,9.631304913550583e-11,1.255402675664852e-11,0.0,10449690169.450962,8.342839785390669e-11,1.0766665825169361e-10,3.91563456651886e-23
17,20,Ca,4s²→4s4p ¹P,lower,4,19,9.631304913550583e-11,1.255402675664852e-11,0.0,10449690244.649918,8.295714005322413e-11,1.0803017995794732e-10,3.9156354278052684e-23
17,20,Ca,4s²→4s4p ¹P,lower,5,6,2.1744212182094363e-11,1.883104013497278e-11,-0.4999999999999997,103237215769.26633,3.9277649195476966e-12,2.1566109866833023e-11,4.1266597216372586e-23
17,20,Ca,4s²→4s4p ¹P,lower,5,7,1.2554026756648522e-11,6.277013378324262e-12,0.49999999999999983,98446328225.18687,7.758815231282086e-12,1.4239136144849501e-11,6.824036634486827e-24
17,20,Ca,4s²→4s4p ¹P,lower,5,8,2.510805351329704e-11,2.510805351329704e-11,-0.9999999999999999,96735076699.16927,3.927764919552123e-12,2.479893171012357e-11,5.759807078196965e-23
17,20,Ca,4s²→4s4p ¹P,lower,5,9,1.2554026756648523e-11,6.277013378324263e-12,0.4999999999999997,65621992148.56738,1.2780927243352963e-11,1.7490165395394566e-11,3.2811355913295145e-24
17,20,Ca,4s²→4s4p ¹P,lower,5,10,3.937188299485908e-11,1.255402675664852e-11,0.0,26435574743.237103,2.568256467246956e-11,4.896555733204817e-11,3.780684196469189e-23
17,20,Ca,4s²→4s4p ¹P,lower,5,11,3.937188299485908e-11,1.255402675664852e-11,0.0,26435330425.020157,2.633573168214036e-11,4.9408896398086974e-11,3.780540762570183e-23
17,20,Ca,4s²→4s4p ¹P,lower,5,12,4.848327512205025e-11,3.3039794001860704e-11,-0.49999999999999983,24327482253.630703,2.8516489209537927e-11,5.323935067783084e-11,4.7479971484875193e-23
17,20,Ca,4s²→4s4p ¹P,lower,5,13,2.8417507733775862e-11,-2.841750773377586e-11,0.9999999999999999,25012443826.095764,2.8417507733775862e-11,5.3502147691533934e-11,7.739217230007021e-23
17,20,Ca,4s²→4s4p ¹P,lower,5,14,4.848327512205025e-11,3.30397940018607e-11,-0.4999999999999997,24327493253.39108,2.8428531644722193e-11,5.30531505893572e-11,4.748005330315808e-23
17,20,Ca,4s²→4s4p ¹P,lower,5,15,3.635811444578702e-11,-7.931740488563668e-12,0.49999999999999983,24327433810.994328,2.948887723168789e-11,5.35255612470729e-11,4.7479610753346755e-23
17,20,Ca,4s²→4s4p ¹P,lower,5,16,5.35255612470729e-11,5.35255612470729e-11,-0.9999999999999999,25012658627.296196,2.8428531644722174e-11,5.305315058935826e-11,7.739380098347321e-23
17,20,Ca,4s²→4s4p ¹P,lower,5,17,3.635811444578702e-11,-7.931740488563661e-12,0.4999999999999997,24327439663.527287,2.911022911067631e-11,5.3502147691533915e-11,4.747965436342332e-23
17,20,Ca,4s²→4s4p ¹P,lower,5,18,9.631304913550583e-11,1.255402675664852e-11,0.0,10449690212.420052,8.366046419289857e-11,1.0748643448633653e-10,3.9156350666784004e-23
17,20,Ca,4s²→4s4p ¹P,lower,5,19,9.631304913550583e-11,1.255402675664852e-11,0.0,10449690219.415085,8.371642452314838e-11,1.074428551957582e-10,3.9156351473385647e-23
17,20,Ca,4s²→4s4p ¹P,lower,6,7,1.2554026756648515e-11,6.277013378324255e-12,0.5000000000000004,134752154507.76276,3.927764919553498e-12,1.28575758383259e-11,1.0732516219593129e-23
17,20,Ca,4s²→4s4p ¹P,lower,6,8,1.2554026756648523e-11,6.277013378324263e-12,0.4999999999999997,99041140127.87263,6.719331093561659e-12,1.3700481550050718e-11,6.96420084017945e-24
17,20,Ca,4s²→4s4p ¹P,lower,6,9,2.510805351329704e-11,2.510805351329704e-11,-1.0,96735076699.20714,3.927764919546217e-12,2.4798931710122372e-11,5.759807078197991e-23
17,20,Ca,4s²→4s4p ¹P,lower,6,10,3.937188299485908e-11,1.255402675664852e-11,0.0,26435659848.935635,2.4774268722118914e-11,4.9408896398086334e-11,3.7807277000350634e-23
17,20,Ca,4s²→4s4p ¹P,lower,6,11,3.937188299485908e-11,1.255402675664852e-11,0.0,26435422969.294975,2.54850846380205e-11,4.984791218394475e-11,3.780590510885667e-23
17,20,Ca,4s²→4s4p ¹P,lower,6,12,4.848327512205025e-11,3.3039794001860724e-11,-0.5000000000000004,24327448483.365047,2.920535138041345e-11,5.3141579421997476e-11,4.747972594308279e-23
17,20,Ca,4s²→4s4p ¹P,lower,6,13,4.848327512205025e-11,3.3039794001860704e-11,-0.4999999999999997,24327464089.365463,2.918891346008685e-11,5.305315058935726e-11,4.747984410626113e-23
17,20,Ca,4s²→4s4p ¹P,lower,6,14,2.8417507733775862e-11,-2.8417507733775862e-11,1.0,25012443826.09577,2.8417507733775862e-11,5.350214769153393e-11,7.739217230007017e-23
17,20,Ca,4s²→4s4p ¹P,lower,6,15,3.6358114445787014e-11,-7.931740488563687e-12,0.5000000000000004,24327432103.43402,2.9369097703580856e-11,5.313512019504433e-11,4.74795977404609e-23
17,20,Ca,4s²→4s4p ¹P,lower,6,16,3.6358114445787014e-11,-7.931740488563661e-12,0.4999999999999997,24327475692.413143,2.909723274434431e-11,5.3064761501528657e-11,4.7479935515054686e-23
17,20,Ca,4s²→4s4p ¹P,lower,6,17,5.35255612470729e-11,5.35255612470729e-11,-1.0,25012576577.43727,2.8516489209538076e-11,5.3239350677831584e-11,7.739317887049347e-23
17,20,Ca,4s²→4s4p ¹P,lower,6,18,9.631304913550583e-11,1.255402675664852e-11,0.0,10449690153.01162,8.364178536176065e-11,1.075009702702905e-10,3.915634378231978e-23
17,20,Ca,4s²→4s4p ¹P,lower,6,19,9.631304913550583e-11,1.255402675664852e-11,0.0,10449690212.489702,8.311509921044124e-11,1.079086982165721e-10,3.915635059460417e-23
17,20,Ca,4s²→4s4p ¹P,lower,7,8,2.174421218209436e-11,1.883104013497278e-11,-0.49999999999999983,103237215769.26772,3.927764919548152e-12,2.1566109866832852e-11,4.1266597216372656e-23
17,20,Ca,4s²→4s4p ¹P,lower,7,9,2.1744212182094366e-11,1.8831040134972787e-11,-0.5000000000000004,82813936787.136,7.758815231278502e-12,2.2087565888260386e-11,3.4579884767059243e-23
17,20,Ca,4s²→4s4p ¹P,lower,7,10,3.937188299485908e-11,1.255402675664852e-11,0.0,26435348210.486774,2.6182448207794812e-11,4.940340284804454e-11,3.780551204404403e-23
17,20,Ca,4s²→4s4p ¹P,lower,7,11,3.937188299485908e-11,1.255402675664852e-11,0.0,26435523121.217365,2.5714236479673695e-11,4.921144688166135e-11,3.780653891231323e-23
17,20,Ca,4s²→4s4p ¹P,lower,7,12,5.3525561247072895e-11,5.35255612470729e-11,-1.0,25012658627.296192,2.842853164472204e-11,5.30531505893573e-11,7.739380098347321e-23
17,20,Ca,4s²→4s4p ¹P,lower,7,13,3.6358114445787014e-11,-7.931740488563664e-12,0.49999999999999983,24327433810.994316,2.94888772316874e-11,5.352556124707291e-11,4.7479610753346784e-23
17,20,Ca,4s²→4s4p ¹P,lower,7,14,3.635811444578701e-11,-7.931740488563687e-12,0.5000000000000004,24327493605.0727,2.8428531644722158e-11,5.305315058935723e-11,4.7480056287920256e-23
17,20,Ca,4s²→4s4p ¹P,lower,7,15,2.8417507733775865e-11,-2.8417507733775865e-11,1.0,25012443826.09577,2.8417507733775855e-11,5.350214769153392e-11,7.739217230007017e-23
17,20,Ca,4s²→4s4p ¹P,lower,7,16,4.848327512205025e-11,3.3039794001860704e-11,-0.49999999999999983,24327482253.630684,2.851648920953819e-11,5.323935067783113e-11,4.7479971484875005e-23
17,20,Ca,4s²→4s4p ¹P,lower,7,17,4.848327512205026e-11,3.303979400186073e-11,-0.5000000000000004,24327455100.46778,2.8810321886617898e-11,5.343195971020874e-11,4.7479769507897115e-23
17,20,Ca,4s²→4s4p ¹P,lower,7,18,9.631304913550583e-11,1.255402675664852e-11,0.0,10449690219.415083,8.371642452314863e-11,1.0744285519575837e-10,3.915635147338568e-23
17,20,Ca,4s²→4s4p ¹P,lower,7,19,9.631304913550583e-11,1.255402675664852e-11,0.0,10449690178.96009,8.371642452314854e-11,1.0744285519575822e-10,3.9156346808495196e-23
17,20,Ca,4s²→4s4p ¹P,lower,8,9,2.1744212182094363e-11,1.883104013497278e-11,-0.4999999999999997,103237215769.2375,3.927764919553619e-12,2.1566109866833883e-11,4.126659721636597e-23
17,20,Ca,4s²→4s4p ¹P,lower,8,10,3.937188299485908e-11,1.255402675664852e-11,0.0,26435452740.655315,2.5318473301541778e-11,4.981931349759096e-11,3.7806077539589804e-23
17,20,Ca,4s²→4s4p ¹P,lower,8,11,3.937188299485908e-11,1.255402675664852e-11,0.0,26435573433.388123,2.4946181535102664e-11,4.9665099181502416e-11,3.7806776543659237e-23
17,20,Ca,4s²→4s4p ¹P,lower,8,12,3.635811444578701e-11,-7.931740488563663e-12,0.49999999999999983,24327480421.86084,2.920535138041285e-11,5.294277907920993e-11,4.7479972165246e-23
17,20,Ca,4s²→4s4p ¹P,lower,8,13,5.35255612470729e-11,5.35255612470729e-11,-0.9999999999999999,25012658627.296192,2.84285316447222e-11,5.305315058935826e-11,7.739380098347321e-23
17,20,Ca,4s²→4s4p ¹P,lower,8,14,3.635811444578702e-11,-7.931740488563661e-12,0.4999999999999997,24327475692.413124,2.909723274434432e-11,5.306476150152845e-11,4.747993551505464e-23
17,20,Ca,4s²→4s4p ¹P,lower,8,15,4.848327512205026e-11,3.303979400186071e-11,-0.49999999999999983,24327460868.997818,2.9090148493235697e-11,5.3135120195044985e-11,4.7479819720317484e-23
17,20,Ca,4s²→4s4p ¹P,lower,8,16,2.8417507733775862e-11,-2.841750773377586e-11,0.9999999999999999,25012443826.095764,2.8417507733775862e-11,5.3502147691533934e-11,7.739217230007029e-23
17,20,Ca,4s²→4s4p ¹P,lower,8,17,4.848327512205025e-11,3.30397940018607e-11,-0.4999999999999997,24327455657.627636,2.907411483376795e-11,5.317176223566679e-11,4.7479780260381915e-23
17,20,Ca,4s²→4s4p ¹P,lower,8,18,9.631304913550583e-11,1.255402675664852e-11,0.0,10449690144.014076,8.389188857972366e-11,1.073059080297257e-10,3.9156342751791316e-23
17,20,Ca,4s²→4s4p ¹P,lower,8,19,9.631304913550583e-11,1.255402675664852e-11,0.0,10449690144.014082,8.389188857972378e-11,1.0730590802972561e-10,3.915634275179138e-23
17,20,Ca,4s²→4s4p ¹P,lower,9,10,3.937188299485908e-11,1.255402675664852e-11,0.0,26435410819.475883,2.5934321198915865e-11,4.935947262487177e-11,3.780587961627469e-23
17,20,Ca,4s²→4s4p ¹P,lower,9,11,3.937188299485908e-11,1.255402675664852e-11,0.0,26435449515.152073,2.584034369274039e-11,4.932106019706732e-11,3.780610679176623e-23
17,20,Ca,4s²→4s4p ¹P,lower,9,12,3.635811444578701e-11,-7.931740488563684e-12,0.5000000000000004,24327493605.072693,2.8428531644722138e-11,5.305315058935719e-11,4.74800562879203e-23
17,20,Ca,4s²→4s4p ¹P,lower,9,13,3.6358114445787014e-11,-7.931740488563661e-12,0.4999999999999997,24327439663.527264,2.911022911067628e-11,5.3502147691533876e-11,4.747965436342315e-23
17,20,Ca,4s²→4s4p ¹P,lower,9,14,5.35255612470729e-11,5.35255612470729e-11,-1.0,25012576577.43728,2.851648920953815e-11,5.323935067783172e-11,7.739317887049339e-23
17,20,Ca,4s²→4s4p ¹P,lower,9,15,4.848327512205026e-11,3.303979400186073e-11,-0.5000000000000004,24327455100.46776,2.881032188661777e-11,5.343195971020875e-11,4.7479769507897e-23
17,20,Ca,4s²→4s4p ¹P,lower,9,16,4.848327512205025e-11,3.3039794001860704e-11,-0.4999999999999997,24327464456.52425,2.8691170165387907e-11,5.3379370614069114e-11,4.7479839103363963e-23
17,20,Ca,4s²→4s4p ¹P,lower,9,17,2.8417507733775862e-11,-2.8417507733775862e-11,1.0,25012443826.095753,2.841750773377586e-11,5.350214769153396e-11,7.739217230007027e-23
17,20,Ca,4s²→4s4p ¹P,lower,9,18,9.631304913550583e-11,1.255402675664852e-11,0.0,10449690221.889364,8.380943851128505e-11,1.0737031658694069e-10,3.915635175869743e-23
17,20,Ca,4s²→4s4p ¹P,lower,9,19,9.631304913550583e-11,1.255402675664852e-11,0.0,10449690170.116158,8.380943851128498e-11,1.0737031658694077e-10,3.9156345788697276e-23
17,20,Ca,4s²→4s4p ¹P,lower,10,11,7.463354695454925e-11,7.463354695454925e-11,-1.0,51279835645.463295,1.3025349953069326e-12,7.462217990385243e-11,5.273505436173749e-22
17,20,Ca,4s²→4s4p ¹P,lower,10,12,5.541848266827829e-11,3.7316773477274623e-11,0.0,17040404094.854069,4.653046468256751e-11,7.225698808137879e-11,8.210229778617982e-23
17,20,Ca,4s²→4s4p ¹P,lower,10,13,5.541848266827829e-11,3.7316773477274623e-11,0.0,33232489952.742165,1.2217373515362289e-11,5.659850504385814e-11,2.2674726733577e-22
17,20,Ca,4s²→4s4p ¹P,lower,10,14,5.541848266827829e-11,3.7316773477274623e-11,0.0,15205122347.108046,5.474768179965623e-11,7.780293596936571e-11,6.614685736136682e-23
17,20,Ca,4s²→4s4p ¹P,lower,10,15,5.5418482668278296e-11,3.7316773477274623e-11,0.0,16674560318.402395,4.806734724385959e-11,7.324340535944215e-11,7.882446304103729e-23
17,20,Ca,4s²→4s4p ¹P,lower,10,16,5.541848266827829e-11,3.7316773477274623e-11,0.0,17917991737.711796,4.314041735634421e-11,7.012192091419383e-11,9.013760771387501e-23
17,20,Ca,4s²→4s4p ¹P,lower,10,17,5.541848266827829e-11,3.7316773477274623e-11,0.0,28800871079.96155,1.7474440191469622e-11,5.796104396567598e-11,1.935362554953665e-22
17,20,Ca,4s²→4s4p ¹P,lower,10,18,5.8174586582008824e-11,-5.8174586582008824e-11,1.0,10910436956.944542,5.8174586582008824e-11,1.3280813353655808e-10,6.757983642358403e-22
17,20,Ca,4s²→4s4p ¹P,lower,10,19,1.3280813353655808e-10,1.3280813353655808e-10,-1.0,10910436956.944546,5.817458658200882e-11,1.3280813353655808e-10,6.757983642358416e-22
17,20,Ca,4s²→4s4p ¹P,lower,11,12,5.541848266827829e-11,3.7316773477274623e-11,0.0,39914328468.831055,7.1057971770985345e-12,5.571910723538044e-11,2.599778096357165e-22
17,20,Ca,4s²→4s4p ¹P,lower,11,13,5.541848266827829e-11,3.7316773477274623e-11,0.0,17040404094.854074,4.653046468256752e-11,7.22569880813788e-11,8.210229778618019e-23
17,20,Ca,4s²→4s4p ¹P,lower,11,14,5.541848266827829e-11,3.7316773477274623e-11,0.0,15622400566.310356,5.271820785376e-11,7.637627901971936e-11,6.966257150931099e-23
17,20,Ca,4s²→4s4p ¹P,lower,11,15,5.5418482668278296e-11,3.7316773477274623e-11,0.0,15828780606.48622,5.1763183658877126e-11,7.573252514949873e-11,7.142695082139998e-23
17,20,Ca,4s²→4s4p ¹P,lower,11,16,5.541848266827829e-11,3.7316773477274623e-11,0.0,16674560318.402395,4.802859029220512e-11,7.321797622880815e-11,7.882446304103743e-23
17,20,Ca,4s²→4s4p ¹P,lower,11,17,5.541848266827829e-11,3.7316773477274623e-11,0.0,36194937574.48348,9.440317635297051e-12,5.6081260507161635e-11,2.4389843905871383e-22
17,20,Ca,4s²→4s4p ¹P,lower,11,18,1.3280813353655808e-10,1.3280813353655808e-10,-1.0,10910436956.94455,5.8174586582008824e-11,1.3280813353655808e-10,6.757983642358406e-22
17,20,Ca,4s²→4s4p ¹P,lower,11,19,5.8174586582008824e-11,-5.8174586582008824e-11,1.0,10910436956.944546,5.817458658200881e-11,1.3280813353655808e-10,6.757983642358399e-22
17,20,Ca,4s²→4s4p ¹P,lower,12,13,7.096477940147566e-11,6.145730173563656e-11,-0.49999999999999983,33955419263.94322,6.527924185667384e-12,7.124286571014378e-11,4.460568546603639e-22
17,20,Ca,4s²→4s4p ¹P,lower,12,14,7.096477940147566e-11,6.145730173563659e-11,-0.5000000000000004,27751024561.636055,1.2660900443159946e-11,7.204279696256175e-11,3.9665913373399785e-22
17,20,Ca,4s²→4s4p ¹P,lower,12,15,8.194306898084875e-11,8.194306898084875e-11,-1.0,46705548975.27321,1.4301037445700479e-12,8.193058865454282e-11,6.357050843785094e-22
17,20,Ca,4s²→4s4p ¹P,lower,12,16,4.097153449042438e-11,2.0485767245212194e-11,0.49999999999999983,20105833392.82169,4.173655175922795e-11,5.846846857469364e-11,3.491221897002409e-23
17,20,Ca,4s²→4s4p ¹P,lower,12,17,4.097153449042437e-11,2.0485767245212178e-11,0.5000000000000004,17467961711.519726,5.01847711654651e-11,6.477773766557478e-11,2.6571486663328766e-23
17,20,Ca,4s²→4s4p ¹P,lower,12,18,1.0390989598912968e-10,4.0971534490424375e-11,0.0,10248109579.95218,5.4911535719272086e-11,1.3630574534440803e-10,3.9212811640941354e-22
17,20,Ca,4s²→4s4p ¹P,lower,12,19,1.0390989598912968e-10,4.0971534490424375e-11,0.0,10248109579.952168,5.491153571927237e-11,1.3630574534440798e-10,3.921281164094131e-22
17,20,Ca,4s²→4s4p ¹P,lower,13,14,7.096477940147566e-11,6.145730173563656e-11,-0.4999999999999997,33955419263.943916,6.527924185667266e-12,7.124286571014372e-11,4.46056854660366e-22
17,20,Ca,4s²→4s4p ¹P,lower,13,15,4.097153449042439e-11,2.0485767245212194e-11,0.49999999999999983,30255531256.60497,2.19758907413504e-11,4.6471086049229585e-11,7.342922562720002e-23
17,20,Ca,4s²→4s4p ¹P,lower,13,16,8.194306898084876e-11,8.194306898084876e-11,-0.9999999999999999,46705548975.26854,1.43010374457045e-12,8.193058865454287e-11,6.357050843785011e-22
17,20,Ca,4s²→4s4p ¹P,lower,13,17,4.097153449042439e-11,2.0485767245212197e-11,0.4999999999999997,20105833392.82162,4.1712050764375456e-11,5.845098154598428e-11,3.4912218970024044e-23
17,20,Ca,4s²→4s4p ¹P,lower,13,18,1.0390989598912968e-10,4.097153449042438e-11,0.0,10248109581.051865,5.466164313076944e-11,1.364061499316944e-10,3.921281164494623e-22
17,20,Ca,4s²→4s4p ¹P,lower,13,19,1.0390989598912968e-10,4.097153449042438e-11,0.0,10248109580.563475,5.495468435838499e-11,1.3628835473368136e-10,3.9212811643169837e-22
17,20,Ca,4s²→4s4p ¹P,lower,14,15,4.0971534490424375e-11,2.0485767245212175e-11,0.5000000000000004,41364789612.25282,1.1124342186439352e-11,4.244284426403265e-11,1.1442859837240816e-22
17,20,Ca,4s²→4s4p ¹P,lower,14,16,4.097153449042439e-11,2.04857672452122e-11,0.4999999999999997,30255531256.604694,2.1929322837124346e-11,4.6449082497009544e-11,7.34292256271988e-23
17,20,Ca,4s²→4s4p ¹P,lower,14,17,8.194306898084876e-11,8.194306898084876e-11,-1.0,46705548975.2805,1.4301037445696848e-12,8.193058865454282e-11,6.357050843785026e-22
17,20,Ca,4s²→4s4p ¹P,lower,14,18,1.0390989598912968e-10,4.097153449042438e-11,0.0,10248109580.37757,5.469435376542378e-11,1.3639303734108342e-10,3.9212811642486565e-22
17,20,Ca,4s²→4s4p ¹P,lower,14,19,1.0390989598912968e-10,4.097153449042438e-11,0.0,10248109579.238476,5.5213787517631285e-11,1.3618359165810456e-10,3.9212811638341066e-22
17,20,Ca,4s²→4s4p ¹P,lower,15,16,7.096477940147566e-11,6.145730173563657e-11,-0.49999999999999983,33955419263.943214,6.527924185666935e-12,7.124286571014382e-11,4.460568546603601e-22
17,20,Ca,4s²→4s4p ¹P,lower,15,17,7.096477940147567e-11,6.145730173563659e-11,-0.5000000000000004,27751023284.34619,1.2900857389121453e-11,7.208535437612651e-11,3.966591324566298e-22
17,20,Ca,4s²→4s4p ¹P,lower,15,18,1.0390989598912968e-10,4.097153449042438e-11,0.0,10248109579.141937,5.500856025668493e-11,1.362666183165569e-10,3.9212811637981976e-22
17,20,Ca,4s²→4s4p ¹P,lower,15,19,1.0390989598912968e-10,4.097153449042438e-11,0.0,10248109581.051865,5.4661643130769584e-11,1.364061499316945e-10,3.921281164494627e-22
17,20,Ca,4s²→4s4p ¹P,lower,16,17,7.096477940147566e-11,6.145730173563656e-11,-0.4999999999999997,33955419263.943665,6.527924185667305e-12,7.124286571014385e-11,4.460568546603652e-22
17,20,Ca,4s²→4s4p ¹P,lower,16,18,1.0390989598912968e-10,4.097153449042438e-11,0.0,10248109579.56199,5.4792060587403964e-11,1.3635381573512985e-10,3.9212811639511525e-22
17,20,Ca,4s²→4s4p ¹P,lower,16,19,1.0390989598912968e-10,4.097153449042438e-11,0.0,10248109579.073591,5.508387505348856e-11,1.3623619077923153e-10,3.921281163773516e-22
17,20,Ca,4s²→4s4p ¹P,lower,17,18,1.0390989598912968e-10,4.097153449042438e-11,0.0,10248109580.886988,5.456352325838137e-11,1.3644542828023072e-10,3.921281164434044e-22
17,20,Ca,4s²→4s4p ¹P,lower,17,19,1.0390989598912968e-10,4.097153449042438e-11,0.0,10248109580.886993,5.456352325838139e-11,1.3644542828023072e-10,3.9212811644340427e-22
17,20,Ca,4s²→4s4p ¹P,lower,18,19,1.909827201185669e-10,1.909827201185669e-10,-1.0,1.8775733191917784e+16,2.6630133264998287e-18,1.9098272011856692e-10,3.5154355169103415e-21
17,20,Ca,4s²→4s4p ¹P,upper,0,1,5.326067017542202e-12,5.326067017542202e-12,-1.0,456026831342.4368,8.331804552105831e-13,5.26049429449843e-12,2.5917618788536398e-24
17,20,Ca,4s²→4s4p ¹P,upper,0,2,9.535785035375814e-12,-9.535785035375814e-12,1.0,82958853525.9276,1.016559444666383e-11,1.4861717775100885e-11,3.5057413712986436e-24
17,20,Ca,4s²→4s4p ¹P,upper,0,3,1.487897415846253e-11,1.487897415846253e-11,-1.0,82859167434.85762,9.718278832238219e-12,1.477157841583435e-11,3.513847451349683e-24
17,20,Ca,4s²→4s4p ¹P,upper,0,4,1.2817833200007757e-11,2.6629663698625337e-12,0.0,79202580160.92505,1.1142223984694274e-11,1.4765667873620675e-11,1.6592829565842618e-24
17,20,Ca,4s²→4s4p ¹P,upper,0,5,1.2836568769576122e-11,2.6629663698625337e-12,0.0,78953580824.48668,1.1643192609639363e-11,1.5100832756863382e-11,1.5481393635920432e-24
17,20,Ca,4s²→4s4p ¹P,upper,0,6,1.2836568769576124e-11,2.6629663698625337e-12,0.0,79107324981.84413,1.1201195043649419e-11,1.4704962018477392e-11,1.6801460183687598e-24
17,20,Ca,4s²→4s4p ¹P,upper,0,7,1.2835432337047629e-11,2.6629663698625337e-12,0.0,79487580596.08815,1.0074548288765022e-11,1.4099264602161005e-11,1.963129785864558e-24
17,20,Ca,4s²→4s4p ¹P,upper,0,8,1.282569748023124e-11,2.6629663698625337e-12,0.0,79218713549.0668,1.0848148094064319e-11,1.463405662387754e-11,1.7121136093512207e-24
17,20,Ca,4s²→4s4p ¹P,upper,0,9,1.2825697480231242e-11,2.6629663698625337e-12,0.0,79473189532.82626,1.020093442356199e-11,1.4207468173799415e-11,1.9057176978035747e-24
17,20,Ca,4s²→4s4p ¹P,upper,0,10,3.471162455031497e-11,-3.471162455031497e-11,1.0,26790201004.888096,3.471860835084608e-11,4.003755729004004e-11,3.5423170259850785e-24
17,20,Ca,4s²→4s4p ¹P,upper,0,11,4.0834075653608125e-11,4.0834075653608125e-11,-1.0,26229787723.011524,3.550988673716695e-11,4.083255920942136e-11,3.542456642902954e-24
17,20,Ca,4s²→4s4p ¹P,upper,0,12,4.005481350969562e-11,2.6629663698625337e-12,0.0,25007286760.694798,3.742856442341828e-11,4.2609431175126766e-11,1.770019460384958e-24
17,20,Ca,4s²→4s4p ¹P,upper,0,13,4.1076010230036666e-11,2.6629663698625337e-12,0.0,24383584481.811794,3.8357737735877557e-11,4.3564910170852424e-11,1.7701588885548123e-24
17,20,Ca,4s²→4s4p ¹P,upper,0,14,4.1076010230036666e-11,2.6629663698625337e-12,0.0,24383584481.75715,3.852470088859665e-11,4.3524199679449983e-11,1.770158888116533e-24
17,20,Ca,4s²→4s4p ¹P,upper,0,15,4.0968931103960284e-11,2.6629663698625337e-12,0.0,24447517496.592514,3.8373273888851446e-11,4.3530046709401724e-11,1.7701447585058532e-24
17,20,Ca,4s²→4s4p ¹P,upper,0,16,4.080510404560337e-11,2.6629663698625337e-12,0.0,24545985129.46311,3.8070757168439856e-11,4.3217169613306016e-11,1.7701229244658544e-24
17,20,Ca,4s²→4s4p ¹P,upper,0,17,4.080510404560337e-11,2.6629663698625337e-12,0.0,24545985129.40112,3.823534894276386e-11,4.3257124882398197e-11,1.7701229239784926e-24
17,20,Ca,4s²→4s4p ¹P,upper,0,18,9.442722216049603e-11,-9.442722216049603e-11,1.0,10301639797.665163,9.442722216049602e-11,9.975315490022112e-11,3.545194750316311e-24
17,20,Ca,4s²→4s4p ¹P,upper,0,19,1.0429225704025034e-10,2.6629663698625337e-12,0.0,9590784772.39241,1.0164370687296312e-10,1.068751917435588e-10,1.7724318317110895e-24
17,20,Ca,4s²→4s4p ¹P,upper,1,2,1.4861852052918017e-11,1.4861852052918017e-11,-1.0,82979396658.6382,9.700960808487726e-12,1.475447868293254e-11,3.5141076567049204e-24
17,20,Ca,4s²→4s4p ¹P,upper,1,3,9.552907140920329e-12,-9.552907140920329e-12,1.0,82839000612.99301,1.0182550179517413e-11,1.4879108436279667e-11,3.506215162322922e-24
17,20,Ca,4s²→4s4p ¹P,upper,1,4,1.2817861097541747e-11,2.663100647679668e-12,0.0,79033534995.16776,1.1716833038621735e-11,1.5153184735196416e-11,1.5150181157810586e-24
17,20,Ca,4s²→4s4p ¹P,upper,1,5,1.2836596626392452e-11,2.663100647679668e-12,0.0,79059856408.38075,1.1055102137707944e-11,1.492944072271523e-11,1.636523249793261e-24
17,20,Ca,4s²→4s4p ¹P,upper,1,6,1.2836596626392452e-11,2.663100647679668e-12,0.0,79270934163.43767,1.0519929193572029e-11,1.444138353467789e-11,1.8071275954214402e-24
17,20,Ca,4s²→4s4p ¹P,upper,1,7,1.283546019633036e-11,2.663100647679668e-12,0.0,79049854749.30843,1.1238281155760372e-11,1.4928283555063835e-11,1.6239219849835619e-24
17,20,Ca,4s²→4s4p ¹P,upper,1,8,1.2825725360659452e-11,2.663100647679668e-12,0.0,79226406251.83324,1.0729010680659117e-11,1.474378768118485e-11,1.7148697606666778e-24
17,20,Ca,4s²→4s4p ¹P,upper,1,9,1.2825725360659452e-11,2.663100647679668e-12,0.0,79304343559.07796,1.0634085256693467e-11,1.4275053370573682e-11,1.7811465397943546e-24
17,20,Ca,4s²→4s4p ¹P,upper,1,10,4.0037691567857174e-11,4.0037691567857174e-11,-1.0,26790204449.244717,3.471323698115998e-11,4.003617715654674e-11,3.5426739306564884e-24
17,20,Ca,4s²→4s4p ¹P,upper,1,11,3.5508008636065924e-11,-3.5508008636065924e-11,1.0,26229790955.449284,3.551498166916723e-11,4.0834209931425263e-11,3.5428135757602554e-24
17,20,Ca,4s²→4s4p ¹P,upper,1,12,4.00548224371192e-11,2.663100647679668e-12,0.0,25007285365.583225,3.7426227523656826e-11,4.255089627176745e-11,1.770197683400752e-24
17,20,Ca,4s²→4s4p ¹P,upper,1,13,4.10760189355143e-11,2.663100647679668e-12,0.0,24383583188.31236,3.8471217256973366e-11,4.3584602297928427e-11,1.7703371392071436e-24
17,20,Ca,4s²→4s4p ¹P,upper,1,14,4.107601893551431e-11,2.663100647679668e-12,0.0,24383583188.308964,3.838868670678313e-11,4.362835686581862e-11,1.7703371391763923e-24
17,20,Ca,4s²→4s4p ¹P,upper,1,15,4.096893983219114e-11,2.663100647679668e-12,0.0,24447516192.946114,3.841730641764569e-11,4.34892320833222e-11,1.770323006635839e-24
17,20,Ca,4s²→4s4p ¹P,upper,1,16,4.08051128088769e-11,2.663100647679668e-12,0.0,24545983809.997997,3.8144304982419795e-11,4.327303202206154e-11,1.7703011680013983e-24
17,20,Ca,4s²→4s4p ¹P,upper,1,17,4.08051128088769e-11,2.663100647679668e-12,0.0,24545983809.94476,3.8194225399291916e-11,4.337969583348506e-11,1.7703011675756802e-24
17,20,Ca,4s²→4s4p ¹P,upper,1,18,9.975328917803823e-11,9.975328917803823e-11,-1.0,10301639993.184748,9.456101031978122e-11,9.962634669173966e-11,3.545552235613743e-24
17,20,Ca,4s²→4s4p ¹P,upper,1,19,1.0429226046894515e-10,2.663100647679668e-12,0.0,9590784693.551598,1.0178553050764527e-10,1.0674013756184601e-10,1.772610541021815e-24
17,20,Ca,4s²→4s4p ¹P,upper,2,3,2.4414759193838345e-11,2.4414759193838345e-11,-1.0,99481474410.48663,3.8193478232276284e-12,2.4114173145292223e-11,5.44609492819437e-23
17,20,Ca,4s²→4s4p ¹P,upper,2,4,1.7493284251477962e-11,1.2198751405238348e-11,0.0,53967991892.70131,1.535470041643823e-11,2.2810904063411732e-11,8.226589589452592e-24
17,20,Ca,4s²→4s4p ¹P,upper,2,5,1.7507016985650148e-11,1.2198751405238348e-11,0.0,109915945493.97441,4.088937141289737e-12,1.750701698565048e-11,2.3736775224136215e-23
17,20,Ca,4s²→4s4p ¹P,upper,2,6,1.7507016985650148e-11,1.2198751405238348e-11,0.0,48107497663.87984,1.7507016985650087e-11,2.4451340434613807e-11,6.645898468037813e-24
17,20,Ca,4s²→4s4p ¹P,upper,2,7,1.7506183742858228e-11,1.2198751405238348e-11,0.0,52781914075.02904,1.5271833673635144e-11,2.2868719523507874e-11,7.931373225536546e-24
17,20,Ca,4s²→4s4p ¹P,upper,2,8,1.7499047454481508e-11,1.2198751405238348e-11,0.0,56734651627.57744,1.4335051221197113e-11,2.214151490199686e-11,9.034921787942624e-24
17,20,Ca,4s²→4s4p ¹P,upper,2,9,1.7499047454481508e-11,1.2198751405238348e-11,0.0,94188458415.6356,5.4175900317565394e-12,1.7499047454482788e-11,2.0281597240555442e-23
17,20,Ca,4s²→4s4p ¹P,upper,2,10,2.517583951493916e-11,-2.517583951493916e-11,1.0,27514881006.38556,2.5175839514939156e-11,4.9550933963070356e-11,7.289117807631392e-23
17,20,Ca,4s²→4s4p ¹P,upper,2,11,5.0369860688983935e-11,5.0369860688983935e-11,-1.0,26907909098.056553,2.6499554001130882e-11,5.0319193335520535e-11,7.295353716829066e-23
17,20,Ca,4s²→4s4p ¹P,upper,2,12,4.17864359721702e-11,1.2198751405238348e-11,0.0,24740681830.619926,2.790581800189805e-11,5.175204503241088e-11,3.5962248371068057e-23
17,20,Ca,4s²→4s4p ¹P,upper,2,13,4.2766304053283146e-11,1.2198751405238348e-11,0.0,24135924511.422115,2.939275585175429e-11,5.3085534192117675e-11,3.602272708994771e-23
17,20,Ca,4s²→4s4p ¹P,upper,2,14,4.2766304053283146e-11,1.2198751405238348e-11,0.0,24135891965.934814,3.024404847211445e-11,5.2726226766859934e-11,3.602248419262627e-23
17,20,Ca,4s²→4s4p ¹P,upper,2,15,4.2663467530907875e-11,1.2198751405238348e-11,0.0,24197967967.219666,2.9039278967822246e-11,5.288726879458476e-11,3.601668459464808e-23
17,20,Ca,4s²→4s4p ¹P,upper,2,16,4.250617204750743e-11,1.2198751405238348e-11,0.0,24293441449.582363,2.963745452863592e-11,5.2865423458542424e-11,3.6006845388621575e-23
17,20,Ca,4s²→4s4p ¹P,upper,2,17,4.250617204750743e-11,1.2198751405238348e-11,0.0,24293453553.88713,2.960286033108754e-11,5.24060864394171e-11,3.6006951290813846e-23
17,20,Ca,4s²→4s4p ¹P,upper,2,18,8.489143712512022e-11,-8.489143712512022e-11,1.0,10340715383.10448,8.489143712512022e-11,1.0928893993559692e-10,7.418395252854318e-23
17,20,Ca,4s²→4s4p ¹P,upper,2,19,1.049694861591188e-10,1.2198751405238348e-11,0.0,9575246975.059189,9.280462798196559e-11,1.1586408880299305e-10,3.7019458736794326e-23
17,20,Ca,4s²→4s4p ¹P,upper,3,4,1.7505322172052078e-11,1.2216007788599997e-11,0.0,139969961543.14142,2.6072749528631537e-12,1.722037849843428e-11,2.789287016864084e-23
17,20,Ca,4s²→4s4p ¹P,upper,3,5,1.7519045470007035e-11,1.2216007788599997e-11,0.0,53911234973.0035,1.472245087691078e-11,2.2408903321574806e-11,8.283108296354745e-24
17,20,Ca,4s²→4s4p ¹P,upper,3,6,1.7519045470007035e-11,1.2216007788599997e-11,0.0,49403168696.28158,1.6661936163460828e-11,2.3561064157516577e-11,7.019914434862779e-24
17,20,Ca,4s²→4s4p ¹P,upper,3,7,1.751821279934243e-11,1.2216007788599997e-11,0.0,50050115173.666855,1.697172985445634e-11,2.3946223056774374e-11,7.178658163386382e-24
17,20,Ca,4s²→4s4p ¹P,upper,3,8,1.7511081413165975e-11,1.2216007788599997e-11,0.0,52756646932.46204,1.559667098188424e-11,2.309080953527899e-11,7.920922861142333e-24
17,20,Ca,4s²→4s4p ¹P,upper,3,9,1.751108141316598e-11,1.2216007788599997e-11,0.0,115034361490.91472,3.88736686289822e-12,1.7511081413166027e-11,2.4744592438194367e-23
17,20,Ca,4s²→4s4p ¹P,upper,3,10,4.9590598708777504e-11,4.9590598708777504e-11,-1.0,27516908784.68556,2.5691990275813687e-11,4.954013748997203e-11,7.309167589558842e-23
17,20,Ca,4s²→4s4p ¹P,upper,3,11,2.5955101495145593e-11,-2.5955101495145593e-11,1.0,26910255759.24808,2.5955101495145587e-11,5.0364568965788154e-11,7.31571701394993e-23
17,20,Ca,4s²→4s4p ¹P,upper,3,12,4.179147690260075e-11,1.2216007788599997e-11,0.0,24739887739.353725,2.8296746564074587e-11,5.177617941283928e-11,3.606035938444502e-23
17,20,Ca,4s²→4s4p ¹P,upper,3,13,4.2771229498603306e-11,1.2216007788599997e-11,0.0,24135214948.47562,2.9405539560631944e-11,5.2858966966755046e-11,3.612140241504943e-23
17,20,Ca,4s²→4s4p ¹P,upper,3,14,4.2771229498603306e-11,1.2216007788599997e-11,0.0,24135206019.850826,2.944001284226658e-11,5.318267661158866e-11,3.612132071826077e-23
17,20,Ca,4s²→4s4p ¹P,upper,3,15,4.2668404847207045e-11,1.2216007788599997e-11,0.0,24197283347.43737,2.9054742962810157e-11,5.243838630267923e-11,3.611556333319489e-23
17,20,Ca,4s²→4s4p ¹P,upper,3,16,4.251112763238154e-11,1.2216007788599997e-11,0.0,24292775729.855038,2.8921963957421332e-11,5.2369710903036774e-11,3.610587328100355e-23
17,20,Ca,4s²→4s4p ¹P,upper,3,17,4.251112763238154e-11,1.2216007788599997e-11,0.0,24292765089.88124,2.8766020216365333e-11,5.2791173751536585e-11,3.610577713088445e-23
17,20,Ca,4s²→4s4p ¹P,upper,3,18,1.0930619631895855e-10,1.0930619631895855e-10,-1.0,10340832548.43582,8.487418074175856e-11,1.0930619631895858e-10,7.439335396544989e-23
17,20,Ca,4s²→4s4p ¹P,upper,3,19,1.0497149296334583e-10,1.2216007788599997e-11,0.0,9575201033.554548,9.300206853839296e-11,1.157093078256351e-10,3.7123749132273024e-23
17,20,Ca,4s²→4s4p ¹P,upper,4,5,2.1733319247230206e-11,1.8816816536950355e-11,-0.49999999999999983,103288338481.85217,3.925842470639643e-12,2.1555306292552595e-11,4.122506250724803e-23
17,20,Ca,4s²→4s4p ¹P,upper,4,6,2.1733319247230212e-11,1.881681653695036e-11,-0.5000000000000004,100562261489.29956,3.877509992838575e-12,2.1030162426293972e-11,4.015287441894797e-23
17,20,Ca,4s²→4s4p ¹P,upper,4,7,2.509431129190452e-11,2.5094311291904524e-11,-1.0,96787508177.25166,3.92565538021012e-12,2.478535883807192e-11,5.753483006582208e-23
17,20,Ca,4s²→4s4p ¹P,upper,4,8,1.2542181800997876e-11,6.265060243424555e-12,0.49999999999999983,65675455828.50882,1.3344114956255821e-11,1.7898330998171647e-11,3.26823572079287e-24
17,20,Ca,4s²→4s4p ¹P,upper,4,9,1.254218180099787e-11,6.265060243424548e-12,0.5000000000000004,57062581031.194824,1.548576805829904e-11,1.973363006878764e-11,2.4899882937906357e-24
17,20,Ca,4s²→4s4p ¹P,upper,4,10,3.9421637516810704e-11,1.2538160074596363e-11,0.0,26396699559.498215,2.4847921936196098e-11,4.945110753815328e-11,3.7720629492163057e-23
17,20,Ca,4s²→4s4p ¹P,upper,4,11,4.0177593780711296e-11,1.2538160074596363e-11,0.0,25859571143.34191,2.673525319075564e-11,5.070926935834196e-11,3.7784219465121325e-23
17,20,Ca,4s²→4s4p ¹P,upper,4,12,2.742803433279594e-11,-2.742803433279594e-11,1.0,25673392705.132534,2.7428034332795933e-11,5.248110058250719e-11,7.712760148241478e-23
17,20,Ca,4s²→4s4p ¹P,upper,4,13,4.8490069481248885e-11,3.3032959576732615e-11,-0.49999999999999983,24317036363.626038,2.912274909985491e-11,5.313765688096171e-11,4.736583824863636e-23
17,20,Ca,4s²→4s4p ¹P,upper,4,14,4.849006948124889e-11,3.3032959576732634e-11,-0.5000000000000004,24317024175.68202,2.9237728954034577e-11,5.314411048084266e-11,4.736574582772047e-23
17,20,Ca,4s²→4s4p ¹P,upper,4,15,5.3420453624665516e-11,5.3420453624665516e-11,-1.0,25068435819.879116,2.8355147908232896e-11,5.2948740382608966e-11,7.719568307158152e-23
17,20,Ca,4s²→4s4p ¹P,upper,4,16,3.611980487248374e-11,-7.820898881342002e-12,0.49999999999999983,24478015586.49566,2.8968431285898258e-11,5.2674899219638626e-11,4.734266201760509e-23
17,20,Ca,4s²→4s4p ¹P,upper,4,17,3.611980487248373e-11,-7.820898881342023e-12,0.5000000000000004,24477964768.844982,2.9132284329973675e-11,5.286677902630753e-11,4.734227565911701e-23
17,20,Ca,4s²→4s4p ¹P,upper,4,18,9.789642571062936e-11,1.2538160074596363e-11,0.0,10278380538.33347,8.504119414864632e-11,1.0924932783136832e-10,3.9065988816718714e-23
17,20,Ca,4s²→4s4p ¹P,upper,4,19,9.172009374092959e-11,-9.172009374092958e-11,1.0,9626531512.45267,9.172009374092956e-11,1.167964138901223e-10,7.838906259013204e-23
17,20,Ca,4s²→4s4p ¹P,upper,5,6,2.1749903992135566e-11,1.8835969387061974e-11,-0.4999999999999997,103210199253.62773,3.928793059432525e-12,2.1571755056443103e-11,4.1288204103942226e-23
17,20,Ca,4s²→4s4p ¹P,upper,5,7,1.2556732111312073e-11,6.2792373160539075e-12,0.49999999999999983,98425117558.65521,7.760487286154448e-12,1.4242204621898877e-11,6.826977923006583e-24
17,20,Ca,4s²→4s4p ¹P,upper,5,8,2.5103512587051603e-11,2.5103512587051603e-11,-0.9999999999999999,96752368007.72748,3.9270699021788354e-12,2.479444675116404e-11,5.757715929068633e-23
17,20,Ca,4s²→4s4p ¹P,upper,5,9,1.2551759983385395e-11,6.2842130935361786e-12,0.4999999999999997,65633850589.682625,1.2778619324347174e-11,1.7487004022869103e-11,3.2799464774826747e-24
17,20,Ca,4s²→4s4p ¹P,upper,5,10,3.942773331475769e-11,1.2557312924707985e-11,0.0,26395566906.30211,2.5736780029949915e-11,4.9026136199269926e-11,3.7830712014241256e-23
17,20,Ca,4s²→4s4p ¹P,upper,5,11,4.0183574901204184e-11,1.2557312924707985e-11,0.0,25858527535.318684,2.7171775606819454e-11,5.0263833876996775e-11,3.789481660676185e-23
17,20,Ca,4s²→4s4p ¹P,upper,5,12,4.750632392515604e-11,3.254041012840413e-11,-0.49999999999999983,24934816641.60759,2.7509004981413796e-11,5.223890861230959e-11,4.741451561651716e-23
17,20,Ca,4s²→4s4p ¹P,upper,5,13,2.8432286079564523e-11,-2.8432286079564523e-11,0.9999999999999999,25001191551.361877,2.8432286079564523e-11,5.352349126152892e-11,7.743320761307181e-23
17,20,Ca,4s²→4s4p ¹P,upper,5,14,4.850311903140915e-11,3.305211242684423e-11,-0.4999999999999997,24316803059.43307,2.84433120046699e-11,5.307435796582075e-11,4.750554181316234e-23
17,20,Ca,4s²→4s4p ¹P,upper,5,15,3.6272252213159787e-11,-7.88383385032658e-12,0.49999999999999983,24380108713.47242,2.939769952601201e-11,5.3439606474777144e-11,4.749587223825863e-23
17,20,Ca,4s²→4s4p ¹P,upper,5,16,5.3275430836584726e-11,5.3275430836584726e-11,-0.9999999999999999,25176730144.549942,2.8171863448834683e-11,5.280360717790539e-11,7.741573545421235e-23
17,20,Ca,4s²→4s4p ¹P,upper,5,17,3.611566261125417e-11,-7.801746031230375e-12,0.4999999999999997,24477700886.20901,2.885559761149628e-11,5.3252046713509655e-11,4.748166049661894e-23
17,20,Ca,4s²→4s4p ¹P,upper,5,18,9.789888056944066e-11,1.2557312924707985e-11,0.0,10278315840.450142,8.525449090038161e-11,1.0908736597249025e-10,3.918471482449225e-23
17,20,Ca,4s²→4s4p ¹P,upper,5,19,1.1107057717819267e-10,6.468643983247093e-11,-0.49999999999999983,9587137345.339993,9.239705905695592e-11,1.1626574160400279e-10,4.900086071624671e-23
17,20,Ca,4s²→4s4p ¹P,upper,6,7,1.2556732111312068e-11,6.279237316053903e-12,0.5000000000000004,134723119668.58983,3.928611495920366e-12,1.2860346604327196e-11,1.0737142002094239e-23
17,20,Ca,4s²→4s4p ¹P,upper,6,8,1.2551759983385395e-11,6.284213093536179e-12,0.4999999999999997,99058989990.52405,6.718124400057721e-12,1.3698006910273919e-11,6.961671879664865e-24
17,20,Ca,4s²→4s4p ¹P,upper,6,9,2.5103512587051607e-11,2.5103512587051607e-11,-1.0,96752368007.76555,3.9270699021729305e-12,2.4794446751162834e-11,5.757715929069658e-23
17,20,Ca,4s²→4s4p ¹P,upper,6,10,3.942773331475769e-11,1.2557312924707986e-11,0.0,26395650782.66712,2.4828795513131352e-11,4.9469730907260896e-11,3.783114283466511e-23
17,20,Ca,4s²→4s4p ¹P,upper,6,11,4.0183574901204184e-11,1.2557312924707986e-11,0.0,25858600495.148876,2.632875158987283e-11,5.070539999764576e-11,3.7895237268604434e-23
17,20,Ca,4s²→4s4p ¹P,upper,6,12,4.750632392515604e-11,3.2540410128404154e-11,-0.5000000000000004,24934772594.09989,2.8205358172652143e-11,5.21416832757316e-11,4.741421967834486e-23
17,20,Ca,4s²→4s4p ¹P,upper,6,13,4.850311903140915e-11,3.305211242684423e-11,-0.4999999999999997,24316773958.981377,2.920383613571129e-11,5.30743579658208e-11,4.750533278882032e-23
17,20,Ca,4s²→4s4p ¹P,upper,6,14,2.8432286079564526e-11,-2.8432286079564526e-11,1.0,25001191551.361885,2.8432286079564526e-11,5.35234912615289e-11,7.743320761307174e-23
17,20,Ca,4s²→4s4p ¹P,upper,6,15,3.627225221315978e-11,-7.883833850326606e-12,0.5000000000000004,24380106964.799576,2.927777777202058e-11,5.304928521139582e-11,4.749585899402413e-23
17,20,Ca,4s²→4s4p ¹P,upper,6,16,3.611566261125417e-11,-7.801746031230375e-12,0.4999999999999997,24477739284.906532,2.8842564210355217e-11,5.2815203837124036e-11,4.748195445019692e-23
17,20,Ca,4s²→4s4p ¹P,upper,6,17,5.3275430836584726e-11,5.3275430836584726e-11,-1.0,25176642580.727562,2.8260094807146593e-11,5.298957763198742e-11,7.7415084365156e-23
17,20,Ca,4s²→4s4p ¹P,upper,6,18,9.789888056944066e-11,1.2557312924707986e-11,0.0,10278315789.138603,8.523584958170506e-11,1.0910193206164665e-10,3.9184708574240825e-23
17,20,Ca,4s²→4s4p ¹P,upper,6,19,1.110705771781927e-10,6.4686439832471e-11,-0.5000000000000004,9587137402.938637,9.238008644559889e-11,1.1627922781566363e-10,4.9000869379695046e-23
17,20,Ca,4s²→4s4p ¹P,upper,7,8,2.1739274125927645e-11,1.8829251048479965e-11,-0.49999999999999983,103260498571.5259,3.926885132212584e-12,2.1561212294723486e-11,4.1247802427906406e-23
17,20,Ca,4s²→4s4p ¹P,upper,7,9,2.1739274125927652e-11,1.8829251048479972e-11,-0.5000000000000004,82832709830.84308,7.757058794447727e-12,2.208254978595132e-11,3.456415155164897e-23
17,20,Ca,4s²→4s4p ¹P,upper,7,10,3.942736333870836e-11,1.2556151217308158e-11,0.0,26395407194.8338,2.623749679297635e-11,4.946310495302049e-11,3.782268727506017e-23
17,20,Ca,4s²→4s4p ¹P,upper,7,11,4.0183211884362325e-11,1.2556151217308158e-11,0.0,25858742154.053852,2.6556774858121347e-11,5.006413644369573e-11,3.788905892346295e-23
17,20,Ca,4s²→4s4p ¹P,upper,7,12,5.252234562470046e-11,5.252234562470046e-11,-1.0,25675655676.175278,2.7421193627894655e-11,5.205261758277664e-11,7.734671957719272e-23
17,20,Ca,4s²→4s4p ¹P,upper,7,13,3.637488909245632e-11,-7.938648284828093e-12,0.49999999999999983,24316759891.45811,2.9504880006061244e-11,5.354575022158067e-11,4.749663513051644e-23
17,20,Ca,4s²→4s4p ¹P,upper,7,14,3.6374889092456314e-11,-7.938648284828114e-12,0.5000000000000004,24316819507.465473,2.8444472241961623e-11,5.3073229827473525e-11,4.749707994565488e-23
17,20,Ca,4s²→4s4p ¹P,upper,7,15,2.8326142332760995e-11,-2.8326142332760995e-11,1.0,25070064631.49567,2.8326142332760992e-11,5.3415040156877796e-11,7.741161602338005e-23
17,20,Ca,4s²→4s4p ¹P,upper,7,16,4.823779540425862e-11,3.291521017324652e-11,-0.49999999999999983,24477762882.14418,2.8261243264107252e-11,5.298843617447678e-11,4.7473536729434884e-23
17,20,Ca,4s²→4s4p ¹P,upper,7,17,4.823779540425863e-11,3.2915210173246545e-11,-0.5000000000000004,24477733877.378315,2.855592771699266e-11,5.3180791659286835e-11,4.747332517997002e-23
17,20,Ca,4s²→4s4p ¹P,upper,7,18,9.7898731566106e-11,1.2556151217308158e-11,0.0,10278319775.665634,8.5311418884934e-11,1.0904258384844108e-10,3.9177509518951366e-23
17,20,Ca,4s²→4s4p ¹P,upper,7,19,1.168144050328341e-10,1.1681440503283412e-10,-1.0,9626632756.28723,9.170210259821778e-11,1.168144050328341e-10,7.861356974804974e-23
17,20,Ca,4s²→4s4p ¹P,upper,8,9,2.173065525708264e-11,1.8819299493515426e-11,-0.4999999999999997,103301621521.20595,3.9253160649328075e-12,2.1552663983772644e-11,4.1215156055020687e-23
17,20,Ca,4s²→4s4p ¹P,upper,8,10,3.942419526658732e-11,1.2546199662343619e-11,0.0,26396056698.55475,2.5383187738718714e-11,4.986930785942495e-11,3.7765821287972626e-23
17,20,Ca,4s²→4s4p ¹P,upper,8,11,4.018010340851601e-11,1.2546199662343619e-11,0.0,25859294933.38722,2.5806148158298477e-11,5.051054440057242e-11,3.7831617859365284e-23
17,20,Ca,4s²→4s4p ¹P,upper,8,12,3.540169440291922e-11,-7.436897541352524e-12,0.49999999999999983,24934981139.01095,2.8215463060569107e-11,5.193326407403035e-11,4.733388150284459e-23
17,20,Ca,4s²→4s4p ¹P,upper,8,13,5.3535798666616126e-11,5.3535798666616126e-11,-0.9999999999999999,25000273082.590496,2.8454411208428427e-11,5.306356589504315e-11,7.730035638737481e-23
17,20,Ca,4s²→4s4p ¹P,upper,8,14,3.637706226884526e-11,-7.948599839792625e-12,0.4999999999999997,24316939610.431374,2.9122397318466726e-11,5.3075172406391086e-11,4.7424474980449686e-23
17,20,Ca,4s²→4s4p ¹P,upper,8,15,4.839097508229326e-11,3.2987346437378185e-11,-0.49999999999999983,24380291967.598553,2.900875543155937e-11,5.303843694210246e-11,4.7415168906023697e-23
17,20,Ca,4s²→4s4p ¹P,upper,8,16,2.817191824953312e-11,-2.817191824953312e-11,0.9999999999999999,25175345234.807594,2.8171918249533123e-11,5.324094927393969e-11,7.727963397484679e-23
17,20,Ca,4s²→4s4p ¹P,upper,8,17,4.823100547832425e-11,3.290525861828198e-11,-0.4999999999999997,24477875594.15769,2.8829663684253685e-11,5.2911199158199444e-11,4.7400926340902266e-23
17,20,Ca,4s²→4s4p ¹P,upper,8,18,9.789745571171888e-11,1.2546199662343619e-11,0.0,10278353355.127977,8.549560884076475e-11,1.0889593444478477e-10,3.911579910433921e-23
17,20,Ca,4s²→4s4p ¹P,upper,8,19,9.858572790121872e-11,-3.9582927245419334e-11,0.49999999999999983,9587145351.773073,9.240747492730415e-11,1.1625506357496723e-10,4.8914658299943306e-23
17,20,Ca,4s²→4s4p ¹P,upper,9,10,3.9424195266587325e-11,1.254619966234362e-11,0.0,26396015799.034286,2.5998064157302886e-11,4.94095054016079e-11,3.776562733466904e-23
17,20,Ca,4s²→4s4p ¹P,upper,9,11,4.018010340851601e-11,1.254619966234362e-11,0.0,25859198039.486725,2.6690435851238343e-11,5.0164749116376e-11,3.783105560173707e-23
17,20,Ca,4s²→4s4p ¹P,upper,9,12,3.5401694402919215e-11,-7.436897541352545e-12,0.5000000000000004,24934998686.36185,2.743113230523152e-11,5.2042950246926084e-11,4.733398508787778e-23
17,20,Ca,4s²→4s4p ¹P,upper,9,13,3.637706226884526e-11,-7.948599839792625e-12,0.4999999999999997,24316903936.724438,2.913538008596354e-11,5.351239387144687e-11,4.742419620650314e-23
17,20,Ca,4s²→4s4p ¹P,upper,9,14,5.353579866661613e-11,5.353579866661613e-11,-1.0,25000191859.357315,2.8542272978226383e-11,5.324969558462351e-11,7.729973963614816e-23
17,20,Ca,4s²→4s4p ¹P,upper,9,15,4.8390975082293266e-11,3.298734643737821e-11,-0.5000000000000004,24380286116.61679,2.8728925653616287e-11,5.33349841366008e-11,4.7415118289408555e-23
17,20,Ca,4s²→4s4p ¹P,upper,9,16,4.823100547832425e-11,3.290525861828198e-11,-0.4999999999999997,24477884973.915104,2.8446074046486233e-11,5.31184090108846e-11,4.740098785658097e-23
17,20,Ca,4s²→4s4p ¹P,upper,9,17,2.817191824953312e-11,-2.817191824953312e-11,1.0,25175345234.807594,2.8171918249533117e-11,5.324094927393972e-11,7.72796339748467e-23
17,20,Ca,4s²→4s4p ¹P,upper,9,18,9.789745571171888e-11,1.254619966234362e-11,0.0,10278353421.896803,8.541340294481181e-11,1.089604252333991e-10,3.911580722218421e-23
17,20,Ca,4s²→4s4p ¹P,upper,9,19,9.858572790121871e-11,-3.958292724541939e-11,0.5000000000000004,9587145329.221767,9.24074749273052e-11,1.162550635749665e-10,4.891465490581853e-23
17,20,Ca,4s²→4s4p ¹P,upper,10,11,7.554570020392309e-11,7.554570020392309e-11,-1.0,48078338612.40248,1.5403148732954828e-12,7.553419550703934e-11,5.393902091188155e-22
17,20,Ca,4s²→4s4p ¹P,upper,10,12,5.4718888346347926e-11,3.737459092017751e-11,0.0,17257511825.806587,4.59227311413055e-11,7.137589019247864e-11,8.036397893037892e-23
17,20,Ca,4s²→4s4p ¹P,upper,10,13,5.547077855034733e-11,3.737459092017751e-11,0.0,33212310141.85956,1.2216620061062758e-11,5.6652034337323185e-11,2.2728222120280155e-22
17,20,Ca,4s²→4s4p ¹P,upper,10,14,5.547077855034733e-11,3.737459092017751e-11,0.0,15190587699.752922,5.479927539121307e-11,7.787832242728433e-11,6.628339783076623e-23
17,20,Ca,4s²→4s4p ¹P,upper,10,15,5.53915333996509e-11,3.737459092017751e-11,0.0,16682423772.426136,4.804127917771246e-11,7.321311677789262e-11,7.87976672646149e-23
17,20,Ca,4s²→4s4p ¹P,upper,10,16,5.527047288323226e-11,3.737459092017751e-11,0.0,17966448835.540897,4.3015509054850614e-11,6.994373390328319e-11,8.978060320250999e-23
17,20,Ca,4s²→4s4p ¹P,upper,10,17,5.527047288323226e-11,3.737459092017751e-11,0.0,28910168554.466377,1.7373010772827466e-11,5.780796155343371e-11,1.9299062756326455e-22
17,20,Ca,4s²→4s4p ¹P,upper,10,18,5.971559761018106e-11,-5.971559761018106e-11,1.0,10716765316.029228,5.971559761018106e-11,1.344647794505361e-10,6.785195859959238e-22
17,20,Ca,4s²→4s4p ¹P,upper,10,19,1.1075488041216623e-10,3.737459092017751e-11,0.0,9445272766.472982,6.720205675680804e-11,1.4148205058551144e-10,3.3317854457750314e-22
17,20,Ca,4s²→4s4p ¹P,upper,11,12,5.526599568777463e-11,3.817110928374559e-11,0.0,41383561743.77839,6.346299548470381e-12,5.5566782288624647e-11,2.641380588291438e-22
17,20,Ca,4s²→4s4p ¹P,upper,11,13,5.6010541958480514e-11,3.817110928374559e-11,0.0,16859639362.8147,4.700960680603532e-11,7.305637420273343e-11,8.415652230837963e-23
17,20,Ca,4s²→4s4p ¹P,upper,11,14,5.6010541958480514e-11,3.817110928374559e-11,0.0,15454288977.970467,5.327631062438081e-11,7.722558428386869e-11,7.138674359252761e-23
17,20,Ca,4s²→4s4p ¹P,upper,11,15,5.5932061555655845e-11,3.817110928374559e-11,0.0,15680480953.3902,5.2235216666913377e-11,7.647000453576016e-11,7.301619031154514e-23
17,20,Ca,4s²→4s4p ¹P,upper,11,16,5.5812173495010443e-11,3.817110928374559e-11,0.0,16555289879.618961,4.8351534059591086e-11,7.377395349554538e-11,8.028695586200383e-23
17,20,Ca,4s²→4s4p ¹P,upper,11,17,5.5812173495010443e-11,3.817110928374559e-11,0.0,36379838106.637535,9.138093536129727e-12,5.648117022132109e-11,2.50405716180109e-22
17,20,Ca,4s²→4s4p ¹P,upper,11,18,1.3526129781410415e-10,1.3526129781410415e-10,-1.0,10736523403.523357,5.891907924661297e-11,1.3526129781410415e-10,7.068290034971771e-22
17,20,Ca,4s²→4s4p ¹P,upper,11,19,1.1102619993773666e-10,3.817110928374559e-11,0.0,9439295732.717888,6.623367076285343e-11,1.423612833691326e-10,3.4681486124531e-22
17,20,Ca,4s²→4s4p ¹P,upper,12,13,7.011164100508803e-11,6.046099390952855e-11,-0.49999999999999983,34254065805.7134,6.52945952109105e-12,7.038632573662192e-11,4.347186551120752e-22
17,20,Ca,4s²→4s4p ¹P,upper,12,14,7.011164100508804e-11,6.046099390952856e-11,-0.5000000000000004,28060651651.437424,1.2549158253379897e-11,7.117647341154914e-11,3.867562616799823e-22
17,20,Ca,4s²→4s4p ¹P,upper,12,15,8.084848795746145e-11,8.084848795746145e-11,-1.0,44632276094.15066,1.682232122574997e-12,8.083617592224892e-11,6.176131195785126e-22
17,20,Ca,4s²→4s4p ¹P,upper,12,16,4.0347411383207536e-11,1.9607135451453938e-11,0.49999999999999983,20417880269.31928,4.110051582166487e-11,5.7572723992736595e-11,3.3836914025524204e-23
17,20,Ca,4s²→4s4p ¹P,upper,12,17,4.0347411383207516e-11,1.9607135451453915e-11,0.5000000000000004,17739632652.958115,4.941744005705205e-11,6.378432614363499e-11,2.575457878451323e-23
17,20,Ca,4s²→4s4p ¹P,upper,12,18,1.0499429224615043e-10,3.99661944073923e-11,0.0,10095765163.946856,5.749490726233042e-11,1.3690119958362717e-10,3.7518919125995964e-22
17,20,Ca,4s²→4s4p ¹P,upper,12,19,6.429205940813364e-11,-6.429205940813364e-11,1.0,9976411071.604622,6.429205940813363e-11,1.4422444822291825e-10,7.760758733877556e-22
17,20,Ca,4s²→4s4p ¹P,upper,13,14,7.099606805727465e-11,6.148439850640876e-11,-0.4999999999999997,33940454781.333397,6.530802373616977e-12,7.127427697531129e-11,4.46450277883905e-22
17,20,Ca,4s²→4s4p ¹P,upper,13,15,4.0936051757012346e-11,2.0548452229237944e-11,0.49999999999999983,30281664060.78611,2.1957045648179673e-11,4.643080499666648e-11,7.330080593975245e-23
17,20,Ca,4s²→4s4p ¹P,upper,13,16,8.170771691614925e-11,8.170771691614925e-11,-0.9999999999999999,46550700785.600975,1.4516008193801879e-12,8.169527257249524e-11,6.31946358502046e-22
17,20,Ca,4s²→4s4p ¹P,upper,13,17,4.085453496736981e-11,2.0630540048334146e-11,0.4999999999999997,20163542601.904396,4.1592904285074607e-11,5.828341263762714e-11,3.471053433070262e-23
17,20,Ca,4s²→4s4p ¹P,upper,13,18,1.053881014886957e-10,4.098959900427251e-11,0.0,10085892371.733625,5.624078755545989e-11,1.3802274336472546e-10,3.933437240348241e-22
17,20,Ca,4s²→4s4p ¹P,upper,13,19,1.297051839055701e-10,9.311872591203545e-11,-0.49999999999999983,9537000888.467686,6.326865481125342e-11,1.4524785281979846e-10,4.941466161320597e-22
17,20,Ca,4s²→4s4p ¹P,upper,14,15,4.093605175701232e-11,2.0548452229237918e-11,0.5000000000000004,41400029234.77142,1.1115187917250703e-11,4.24060774008254e-11,1.142273447116902e-22
17,20,Ca,4s²→4s4p ¹P,upper,14,16,4.0854534967369806e-11,2.063054004833415e-11,0.4999999999999997,30341583480.747032,2.1867903255799513e-11,4.631621416551184e-11,7.300219193356249e-23
17,20,Ca,4s²→4s4p ¹P,upper,14,17,8.170771691614926e-11,8.170771691614926e-11,-1.0,46550700785.61233,1.451600819379438e-12,8.169527257249518e-11,6.319463585020473e-22
17,20,Ca,4s²→4s4p ¹P,upper,14,18,1.0538810148869571e-10,4.098959900427251e-11,0.0,10085892371.267618,5.627312666417726e-11,1.3800956157535144e-10,3.933437240168361e-22
17,20,Ca,4s²→4s4p ¹P,upper,14,19,1.2970518390557012e-10,9.311872591203553e-11,-0.5000000000000004,9537000888.460794,6.330978824784652e-11,1.452299285354097e-10,4.941466161317618e-22
17,20,Ca,4s²→4s4p ¹P,upper,15,16,7.066807696180219e-11,6.124135250600753e-11,-0.49999999999999983,34095067443.919765,6.502686342565123e-12,7.094499910501643e-11,4.423172382757157e-22
17,20,Ca,4s²→4s4p ¹P,upper,15,17,7.066807696180219e-11,6.124135250600754e-11,-0.5000000000000004,27866829596.704155,1.284793346361053e-11,7.178396085715719e-11,3.9333831928258445e-22
17,20,Ca,4s²→4s4p ¹P,upper,15,18,1.0534641253870298e-10,4.088229355006915e-11,0.0,10086936258.96957,5.6688936305009067e-11,1.3777553400424856e-10,3.9142471098648447e-22
17,20,Ca,4s²→4s4p ¹P,upper,15,19,1.4514054736559508e-10,1.4514054736559508e-10,-1.0,9996025036.347158,6.337596026545679e-11,1.451405473655951e-10,8.10936182287399e-22
17,20,Ca,4s²→4s4p ¹P,upper,16,17,7.052584901195088e-11,6.107717686781509e-11,-0.4999999999999997,34166746963.117764,6.487547757673454e-12,7.080221530496038e-11,4.405560296523812e-22
17,20,Ca,4s²→4s4p ¹P,upper,16,18,1.0528280883005575e-10,4.071811791187674e-11,0.0,10088529462.86573,5.6638149488769336e-11,1.3769916373304502e-10,3.8849562220957426e-22
17,20,Ca,4s²→4s4p ¹P,upper,16,19,9.100850917799483e-11,-1.1411008995886214e-11,0.49999999999999983,9537815271.744587,6.390508719044711e-11,1.448158729596919e-10,4.880190607121005e-22
17,20,Ca,4s²→4s4p ¹P,upper,17,18,1.0528280883005575e-10,4.071811791187674e-11,0.0,10088529463.657524,5.641477527337336e-11,1.3779082988772124e-10,3.884956222401993e-22
17,20,Ca,4s²→4s4p ¹P,upper,17,19,9.100850917799481e-11,-1.1411008995886271e-11,0.5000000000000004,9537815268.6994,6.418704586847937e-11,1.4469112057266675e-10,4.880190605396498e-22
17,20,Ca,4s²→4s4p ¹P,upper,18,19,1.4246504201916763e-10,9.709018853035856e-11,0.0,6250840520.642239,1.303937498467792e-10,1.92708415274694e-10,4.874744444061161e-22
18,26,Fe,3d⁶4s²→3d⁶4s4p,lower,0,1,4.091316794143102e-12,4.091316794143102e-12,-1.0,542372999841.5041,7.860520451753051e-13,4.061486490570172e-12,1.4596389007790326e-24
18,26,Fe,3d⁶4s²→3d⁶4s4p,lower,0,2,6.997218967322444e-12,-6.997218967322444e-12,1.0,112022927813.05026,7.293658569443419e-12,1.1069891655925953e-11,2.0670399304620465e-24
18,26,Fe,3d⁶4s²→3d⁶4s4p,lower,0,3,1.1174718302767593e-11,1.1174718302767593e-11,-1.0,110975365632.72064,7.096822380213079e-12,1.0941664249146604e-11,2.075885807328126e-24
18,26,Fe,3d⁶4s²→3d⁶4s4p,lower,0,4,9.490881439817083e-12,2.04509425642414e-12,0.0,107238286109.99889,7.968875534956129e-12,1.062858380772302e-11,1.0268338422014378e-24
18,26,Fe,3d⁶4s²→3d⁶4s4p,lower,0,5,9.471864485063712e-12,2.04509425642414e-12,0.0,107020639696.00386,8.815903405122859e-12,1.1282418114301847e-11,8.768003294902757e-25
18,26,Fe,3d⁶4s²→3d⁶4s4p,lower,0,6,9.483796890724199e-12,2.04509425642414e-12,0.0,107259690031.48248,8.251855510165789e-12,1.0699314162121945e-11,1.0080788027671948e-24
18,26,Fe,3d⁶4s²→3d⁶4s4p,lower,0,7,9.457011502844329e-12,2.04509425642414e-12,0.0,108194078106.3457,7.250930193017311e-12,1.0166871592326613e-11,1.1909312631518846e-24
18,26,Fe,3d⁶4s²→3d⁶4s4p,lower,0,8,9.493076636069072e-12,2.04509425642414e-12,0.0,107300804881.44319,7.79215840011889e-12,1.0662469546466253e-11,1.05337034738182e-24
18,26,Fe,3d⁶4s²→3d⁶4s4p,lower,0,9,9.493704848612618e-12,2.04509425642414e-12,0.0,107520365229.80597,7.490749511332138e-12,1.055879965332024e-11,1.1207837995936883e-24
18,26,Fe,3d⁶4s²→3d⁶4s4p,lower,0,10,2.6053825823359724e-11,-2.6053825823359724e-11,1.0,35635827315.54916,2.6055860923024055e-11,3.014332714316619e-11,2.089126379535762e-24
18,26,Fe,3d⁶4s²→3d⁶4s4p,lower,0,11,2.897831900795859e-11,2.897831900795859e-11,-1.0,37182555036.88175,2.489272395088688e-11,2.8978291599432973e-11,2.0889423564211e-24
18,26,Fe,3d⁶4s²→3d⁶4s4p,lower,0,12,2.948433329664832e-11,2.04509425642414e-12,0.0,33977696956.776924,2.744651334117635e-11,3.143804392319186e-11,1.0437864375150793e-24
18,26,Fe,3d⁶4s²→3d⁶4s4p,lower,0,13,3.0059792470845655e-11,2.04509425642414e-12,0.0,33324944305.81702,2.7978294930064485e-11,3.1983099332020696e-11,1.043855616059886e-24
18,26,Fe,3d⁶4s²→3d⁶4s4p,lower,0,14,2.981251462071579e-11,2.04509425642414e-12,0.0,33602331435.011448,2.7805939263366068e-11,3.166498815064659e-11,1.0438263834452314e-24
18,26,Fe,3d⁶4s²→3d⁶4s4p,lower,0,15,3.079922002590943e-11,2.04509425642414e-12,0.0,32522190069.964275,2.8704304208555705e-11,3.269465825486294e-11,1.0439388448167868e-24
18,26,Fe,3d⁶4s²→3d⁶4s4p,lower,0,16,2.953955106246515e-11,2.04509425642414e-12,0.0,33913953507.766487,2.7496251157794456e-11,3.149120100893512e-11,1.0437932524729992e-24
18,26,Fe,3d⁶4s²→3d⁶4s4p,lower,0,17,2.9728369237044675e-11,2.04509425642414e-12,0.0,33697780520.445724,2.774361793271463e-11,3.160915517297002e-11,1.0438162679009087e-24
18,26,Fe,3d⁶4s²→3d⁶4s4p,lower,0,18,2.830709727043029e-11,-1.4951254527110917e-11,0.5773502691896257,33969033147.64789,2.7464466590681996e-11,3.137123437260492e-11,1.3915795651516717e-24
18,26,Fe,3d⁶4s²→3d⁶4s4p,lower,0,19,2.856823600043845e-11,-1.5102283635831588e-11,0.5773502691896257,33669845287.050076,2.773006662973683e-11,3.165671803636591e-11,1.3916243994302872e-24
18,26,Fe,3d⁶4s²→3d⁶4s4p,lower,0,20,2.8829646892232133e-11,-1.525346540850605e-11,0.5773502691896257,33375587118.993755,2.804803745756236e-11,3.1945021630489934e-11,1.3916681082669775e-24
18,26,Fe,3d⁶4s²→3d⁶4s4p,lower,0,21,2.8721958266481725e-11,-1.5191186406925888e-11,0.5773502691896257,33496180903.311718,2.790836542831501e-11,3.183302305215107e-11,1.3916502416809828e-24
18,26,Fe,3d⁶4s²→3d⁶4s4p,lower,0,22,2.8534834566689785e-11,-1.508296624418577e-11,0.5773502691896257,33707818669.411892,2.7692737722051595e-11,3.159458399713469e-11,1.3916187310926826e-24
18,26,Fe,3d⁶4s²→3d⁶4s4p,lower,0,23,2.973763135908619e-11,1.850533737928857e-11,-0.5773502691896257,35075389264.75525,2.6538815671995985e-11,3.0475986128207674e-11,1.3914103326382158e-24
18,26,Fe,3d⁶4s²→3d⁶4s4p,lower,0,24,8.194069062833366e-11,-8.194069062833366e-11,1.0,11908542467.218716,8.194084364433844e-11,8.60307333997974e-11,2.0909727411675504e-24
18,26,Fe,3d⁶4s²→3d⁶4s4p,lower,0,25,7.138273745806522e-11,7.138273745806522e-11,-1.0,14425318555.780228,6.735375387665602e-11,7.13249899353258e-11,2.0908641055991352e-24
18,26,Fe,3d⁶4s²→3d⁶4s4p,lower,1,2,1.1088535761465548e-11,1.1088535761465548e-11,-1.0,112078584846.99075,7.0084262526656046e-12,1.085577216784972e-11,2.0779050883540815e-24
18,26,Fe,3d⁶4s²→3d⁶4s4p,lower,1,3,7.08340150862449e-12,-7.08340150862449e-12,1.0,110926032991.98915,7.379310567538849e-12,1.1158291978512067e-11,2.0697931502356087e-24
18,26,Fe,3d⁶4s²→3d⁶4s4p,lower,1,4,9.491124625716091e-12,2.0462225377189625e-12,0.0,106881336050.74825,8.630390631414936e-12,1.1228801933490053e-11,9.06509719773422e-25
18,26,Fe,3d⁶4s²→3d⁶4s4p,lower,1,5,9.472108159202009e-12,2.0462225377189625e-12,0.0,107372886277.66736,8.156352750674563e-12,1.0838722003305429e-11,9.995379299837246e-25
18,26,Fe,3d⁶4s²→3d⁶4s4p,lower,1,6,9.484040258282333e-12,2.0462225377189625e-12,0.0,107291553062.79422,7.979844775680635e-12,1.0755877071120895e-11,1.0179962330139315e-24
18,26,Fe,3d⁶4s²→3d⁶4s4p,lower,1,7,9.457255559682205e-12,2.0462225377189625e-12,0.0,107957860885.51271,7.449353628824017e-12,1.0589062369600021e-11,1.1224994099447991e-24
18,26,Fe,3d⁶4s²→3d⁶4s4p,lower,1,8,9.493319765734771e-12,2.0462225377189625e-12,0.0,107649874349.96854,7.38107920043465e-12,1.0405341742959073e-11,1.1588881597059714e-24
18,26,Fe,3d⁶4s²→3d⁶4s4p,lower,1,9,9.49394796219048e-12,2.0462225377189625e-12,0.0,107283621513.33566,7.728711680806422e-12,1.0859217992325886e-11,1.0485544404786353e-24
18,26,Fe,3d⁶4s²→3d⁶4s4p,lower,1,10,3.0145142617502826e-11,3.0145142617502826e-11,-1.0,35635879645.19133,2.6057278136323456e-11,3.014511511436015e-11,2.0914298641249648e-24
18,26,Fe,3d⁶4s²→3d⁶4s4p,lower,1,11,2.488700221381549e-11,-2.488700221381549e-11,1.0,37182614490.982445,2.4889045466114458e-11,2.8978761756530075e-11,2.0912454341942293e-24
18,26,Fe,3d⁶4s²→3d⁶4s4p,lower,1,12,2.948441157805349e-11,2.0462225377189625e-12,0.0,33977674373.341038,2.749583000741527e-11,3.14406445668207e-11,1.0449364656330838e-24
18,26,Fe,3d⁶4s²→3d⁶4s4p,lower,1,13,3.005986925364978e-11,2.0462225377189625e-12,0.0,33324922997.313095,2.8030491527865355e-11,3.1904793639320175e-11,1.045005797075872e-24
18,26,Fe,3d⁶4s²→3d⁶4s4p,lower,1,14,2.981259204038795e-11,2.0462225377189625e-12,0.0,33602309590.710808,2.7734091938531664e-11,3.1753554514280634e-11,1.0449764997426197e-24
18,26,Fe,3d⁶4s²→3d⁶4s4p,lower,1,15,3.079929496531683e-11,2.0462225377189625e-12,0.0,32522170262.47425,2.8705571280385596e-11,3.264810335309915e-11,1.0450892095387615e-24
18,26,Fe,3d⁶4s²→3d⁶4s4p,lower,1,16,2.953962919754065e-11,2.0462225377189625e-12,0.0,33913931050.980415,2.758118438451931e-11,3.1438597103668434e-11,1.0449432955704334e-24
18,26,Fe,3d⁶4s²→3d⁶4s4p,lower,1,17,2.972844687585065e-11,2.0462225377189625e-12,0.0,33697758489.830326,2.7642211239862213e-11,3.1661544128993113e-11,1.044966362128134e-24
18,26,Fe,3d⁶4s²→3d⁶4s4p,lower,1,18,3.066547352427797e-11,1.904257132125402e-11,-0.5773502691896257,33969033052.156033,2.7513383460533512e-11,3.148101453078593e-11,1.393112636131073e-24
18,26,Fe,3d⁶4s²→3d⁶4s4p,lower,1,19,3.0926678363916894e-11,1.919360042997469e-11,-0.5773502691896257,33669845195.749336,2.7749850921111865e-11,3.173978540452169e-11,1.3931575696068092e-24
18,26,Fe,3d⁶4s²→3d⁶4s4p,lower,1,20,3.1188153703453345e-11,1.9344782202649152e-11,-0.5773502691896257,33375587031.779667,2.7989551991817153e-11,3.1996119274892223e-11,1.3932013754956202e-24
18,26,Fe,3d⁶4s²→3d⁶4s4p,lower,1,21,3.108043873420683e-11,1.928250320106899e-11,-0.5773502691896257,33496180814.478554,2.7862578386040015e-11,3.188004471415252e-11,1.3931834693566657e-24
18,26,Fe,3d⁶4s²→3d⁶4s4p,lower,1,22,3.089326857195679e-11,1.9174283038328872e-11,-0.5773502691896257,33707818577.601963,2.765904045123831e-11,3.168172574018235e-11,1.393151888771848e-24
18,26,Fe,3d⁶4s²→3d⁶4s4p,lower,1,23,2.7379612794132223e-11,-1.4414020585145467e-11,0.5773502691896257,35075389152.98667,2.6484657759345458e-11,3.050499115992718e-11,1.3929430307467462e-24
18,26,Fe,3d⁶4s²→3d⁶4s4p,lower,1,24,8.603200742247676e-11,8.603200742247676e-11,-1.0,11908544416.58319,8.200048405061673e-11,8.597394253045451e-11,2.0932803056849007e-24
18,26,Fe,3d⁶4s²→3d⁶4s4p,lower,1,25,6.729142066392212e-11,-6.729142066392212e-11,1.0,14425322021.064526,6.72915745784149e-11,7.138372064848913e-11,2.093171430218533e-24
18,26,Fe,3d⁶4s²→3d⁶4s4p,lower,2,3,1.8171937270090038e-11,1.8171937270090038e-11,-1.0,109875085378.93474,5.196860445285869e-12,1.816663144277841e-11,2.686351397908067e-23
18,26,Fe,3d⁶4s²→3d⁶4s4p,lower,2,4,1.2948275886130467e-11,9.042313223746584e-12,0.0,70801578479.48067,1.1503879691031996e-11,1.707987826309905e-11,4.273106166277081e-24
18,26,Fe,3d⁶4s²→3d⁶4s4p,lower,2,5,1.2934343228092201e-11,9.042313223746584e-12,0.0,173248089573.02652,2.3279954903288398e-12,1.2824493476046943e-11,1.4562891885503137e-23
18,26,Fe,3d⁶4s²→3d⁶4s4p,lower,2,6,1.2943083920889694e-11,9.042313223746584e-12,0.0,66676892629.7114,1.2575455008201097e-11,1.7811091007170943e-11,3.805858192564302e-24
18,26,Fe,3d⁶4s²→3d⁶4s4p,lower,2,7,1.292347029569122e-11,9.042313223746584e-12,0.0,77839148617.30779,1.0165567336508872e-11,1.6175007410821157e-11,5.055540028605432e-24
18,26,Fe,3d⁶4s²→3d⁶4s4p,lower,2,8,1.2949885016360717e-11,9.042313223746584e-12,0.0,69771120366.1197,1.1658741152884431e-11,1.71567989989537e-11,4.161111604417291e-24
18,26,Fe,3d⁶4s²→3d⁶4s4p,lower,2,9,1.2950345542542642e-11,9.042313223746584e-12,0.0,158511459291.19995,3.057109078857422e-12,1.2927725429723392e-11,1.387481749424109e-23
18,26,Fe,3d⁶4s²→3d⁶4s4p,lower,2,10,1.905660685603728e-11,-1.905660685603728e-11,1.0,36567782083.18629,1.905968259770109e-11,3.7133243831872914e-11,4.007371493256972e-23
18,26,Fe,3d⁶4s²→3d⁶4s4p,lower,2,11,3.5975537975281036e-11,3.5975537975281036e-11,-1.0,38247918971.374825,1.7890911527787865e-11,3.5564940273408453e-11,4.000251471232537e-23
18,26,Fe,3d⁶4s²→3d⁶4s4p,lower,2,12,3.0771852850722655e-11,9.042313223746584e-12,0.0,33611728572.58514,2.075701660767909e-11,3.841017819675663e-11,1.9749417829282856e-23
18,26,Fe,3d⁶4s²→3d⁶4s4p,lower,2,13,3.1323667430698345e-11,9.042313223746584e-12,0.0,32979146853.13379,2.1612924288339828e-11,3.875042647172102e-11,1.9775584346382174e-23
18,26,Fe,3d⁶4s²→3d⁶4s4p,lower,2,14,3.108644472964183e-11,9.042313223746584e-12,0.0,33248149935.022114,2.0891188091053808e-11,3.834287353295539e-11,1.9764819470286963e-23
18,26,Fe,3d⁶4s²→3d⁶4s4p,lower,2,15,3.203393469624148e-11,9.042313223746584e-12,0.0,32200300059.166813,2.1814163542446456e-11,3.960710296962322e-11,1.9807377298228253e-23
18,26,Fe,3d⁶4s²→3d⁶4s4p,lower,2,16,3.08247643120052e-11,9.042313223746584e-12,0.0,33550044539.355328,2.0905660629574723e-11,3.8107961176399513e-11,1.9752171580609203e-23
18,26,Fe,3d⁶4s²→3d⁶4s4p,lower,2,17,3.1005756810836717e-11,9.042313223746584e-12,0.0,33340518480.698227,2.1324523706425676e-11,3.8589269295784495e-11,1.976060378016687e-23
18,26,Fe,3d⁶4s²→3d⁶4s4p,lower,2,18,2.5318341684034654e-11,-7.954035559788471e-12,0.5773502691896257,33953172890.11768,2.103609542094612e-11,3.840158846802382e-11,2.6283302032144223e-23
18,26,Fe,3d⁶4s²→3d⁶4s4p,lower,2,19,2.556867635291972e-11,-8.105064668509143e-12,0.5773502691896257,33654677527.707737,2.0838548690114948e-11,3.84552278195103e-11,2.630026404827482e-23
18,26,Fe,3d⁶4s²→3d⁶4s4p,lower,2,20,2.581948756772404e-11,-8.256246441183604e-12,0.5773502691896257,33361057539.196537,2.135239852096993e-11,3.888253151080259e-11,2.6316756279946795e-23
18,26,Fe,3d⁶4s²→3d⁶4s4p,lower,2,21,2.5716139768885014e-11,-8.193967439603442e-12,0.5773502691896257,33481380369.749893,2.1096036345036394e-11,3.870691029617629e-11,2.6309977054103468e-23
18,26,Fe,3d⁶4s²→3d⁶4s4p,lower,2,22,2.5536644690530693e-11,-8.085747276863324e-12,0.5773502691896257,33692577215.23468,2.0905107621485708e-11,3.8516975957561265e-11,2.6298159488589422e-23
18,26,Fe,3d⁶4s²→3d⁶4s4p,lower,2,23,3.45291121742173e-11,2.5502556346611015e-11,-0.5773502691896257,35056866644.8234,1.9626185534405537e-11,3.7225323265113323e-11,2.6219586664211007e-23
18,26,Fe,3d⁶4s²→3d⁶4s4p,lower,2,24,7.494347166101122e-11,-7.494347166101122e-11,1.0,11941508648.316353,7.494643038778198e-11,9.302571447949031e-11,4.07926876980499e-23
18,26,Fe,3d⁶4s²→3d⁶4s4p,lower,2,25,7.837995642538768e-11,7.837995642538768e-11,-1.0,14484092577.743614,6.032263873489877e-11,7.835894104981088e-11,4.075098049585828e-23
18,26,Fe,3d⁶4s²→3d⁶4s4p,lower,3,4,1.3009398726097144e-11,9.129624046343452e-12,0.0,160890245228.0691,2.662752592851199e-12,1.2961952637552606e-11,1.40628458190489e-23
18,26,Fe,3d⁶4s²→3d⁶4s4p,lower,3,5,1.29955315987198e-11,9.129624046343452e-12,0.0,70533003849.61563,1.1787042829767309e-11,1.7247006706630282e-11,4.299523610521708e-24
18,26,Fe,3d⁶4s²→3d⁶4s4p,lower,3,6,1.3004231164295087e-11,9.129624046343452e-12,0.0,68543428846.877716,1.2473745794385375e-11,1.7598193695769207e-11,4.082663890821684e-24
18,26,Fe,3d⁶4s²→3d⁶4s4p,lower,3,7,1.2984709903376491e-11,9.129624046343452e-12,0.0,65444084907.433395,1.2734501089392347e-11,1.7930126963180674e-11,3.723656745581981e-24
18,26,Fe,3d⁶4s²→3d⁶4s4p,lower,3,8,1.3011000296986933e-11,9.129624046343452e-12,0.0,77318500608.54352,1.0208946815358263e-11,1.627483731148517e-11,5.126555235660126e-24
18,26,Fe,3d⁶4s²→3d⁶4s4p,lower,3,9,1.3011458660061304e-11,9.129624046343452e-12,0.0,152058752618.65598,3.657586864392698e-12,1.3026620297206861e-11,1.363775223751339e-23
18,26,Fe,3d⁶4s²→3d⁶4s4p,lower,3,10,3.7228544126127314e-11,3.7228544126127314e-11,-1.0,36588582159.19055,1.8969296033440406e-11,3.681063546062732e-11,4.0836420472098245e-23
18,26,Fe,3d⁶4s²→3d⁶4s4p,lower,3,11,1.7803600705190998e-11,-1.7803600705190998e-11,1.0,38270379382.531654,1.7806786779096937e-11,3.605488559716894e-11,4.0759267892519034e-23
18,26,Fe,3d⁶4s²→3d⁶4s4p,lower,3,12,3.079762222408993e-11,9.129624046343452e-12,0.0,33604638627.75749,2.0290997579691533e-11,3.8194355717947044e-11,2.0119390169309616e-23
18,26,Fe,3d⁶4s²→3d⁶4s4p,lower,3,13,3.134898320679991e-11,9.129624046343452e-12,0.0,32972422739.272682,2.1124106222840414e-11,3.856076841793778e-11,2.0146533780714417e-23
18,26,Fe,3d⁶4s²→3d⁶4s4p,lower,3,14,3.111195353429781e-11,9.129624046343452e-12,0.0,33241156476.729584,2.0929660291775828e-11,3.837597951436432e-11,2.0135017989090844e-23
18,26,Fe,3d⁶4s²→3d⁶4s4p,lower,3,15,3.205868960070411e-11,9.129624046343452e-12,0.0,32193868317.49327,2.234870169551668e-11,3.98605412158527e-11,2.0179031061110487e-23
18,26,Fe,3d⁶4s²→3d⁶4s4p,lower,3,16,3.0850489488529994e-11,9.129624046343452e-12,0.0,33542747928.574654,2.125282877036126e-11,3.845470456775859e-11,2.0121536469741656e-23
18,26,Fe,3d⁶4s²→3d⁶4s4p,lower,3,17,3.1031331943762544e-11,9.129624046343452e-12,0.0,33333453328.459244,2.1544024053593947e-11,3.862236246135963e-11,2.013060864530204e-23
18,26,Fe,3d⁶4s²→3d⁶4s4p,lower,3,18,3.5500960553915964e-11,2.6125972829878506e-11,-0.5773502691896257,33952575170.58626,2.0586361217658794e-11,3.8255291730253974e-11,2.6774279833616326e-23
18,26,Fe,3d⁶4s²→3d⁶4s4p,lower,3,19,3.5756761151435204e-11,2.6277001938599178e-11,-0.5773502691896257,33654115864.011887,2.0775758913530564e-11,3.841879353606162e-11,2.6791936747767955e-23
18,26,Fe,3d⁶4s²→3d⁶4s4p,lower,3,20,3.601290362132896e-11,2.642818371127364e-11,-0.5773502691896257,33360526259.26321,2.1098899206985286e-11,3.876594325054744e-11,2.680908630980686e-23
18,26,Fe,3d⁶4s²→3d⁶4s4p,lower,3,21,3.590737630866651e-11,2.6365904709693477e-11,-0.5773502691896257,33480831030.339794,2.118491530981906e-11,3.8798299299678455e-11,2.6802024313516566e-23
18,26,Fe,3d⁶4s²→3d⁶4s4p,lower,3,22,3.5724038276662116e-11,2.6257684546953362e-11,-0.5773502691896257,33691954520.803776,2.1259354585661517e-11,3.867952982415689e-11,2.678957953060757e-23
18,26,Fe,3d⁶4s²→3d⁶4s4p,lower,3,23,2.440526958205266e-11,-7.330619076520978e-12,0.5773502691896257,35056107188.43332,2.0101249178436398e-11,3.752592362637427e-11,2.6707937971986144e-23
18,26,Fe,3d⁶4s²→3d⁶4s4p,lower,3,24,9.311540893110125e-11,9.311540893110125e-11,-1.0,11942187137.181232,7.488306307712784e-11,9.309377562468744e-11,4.158249898990997e-23
18,26,Fe,3d⁶4s²→3d⁶4s4p,lower,3,25,6.020801915529763e-11,-6.020801915529763e-11,1.0,14485305859.602367,6.021108901457757e-11,7.846491164622519e-11,4.153915339011766e-23
18,26,Fe,3d⁶4s²→3d⁶4s4p,lower,4,5,1.603565245924313e-11,1.3892148684214262e-11,-0.49999999999999983,148569150578.66858,2.5717883708566593e-12,1.5846105037516353e-11,2.3199676834196725e-23
18,26,Fe,3d⁶4s²→3d⁶4s4p,lower,4,6,1.6046232987291807e-11,1.3898258825202298e-11,-0.5000000000000004,117544625145.70229,4.7629483723028386e-12,1.6180113636835904e-11,1.9766186023485146e-23
18,26,Fe,3d⁶4s²→3d⁶4s4p,lower,4,7,1.8501160742705395e-11,1.8501160742705395e-11,-1.0,111544178468.42444,4.427745668383406e-12,1.8452561133965668e-11,2.851673690299024e-23
18,26,Fe,3d⁶4s²→3d⁶4s4p,lower,4,8,9.269048455507717e-12,4.632838130680145e-12,0.49999999999999983,104718282674.1438,7.544071596941765e-12,1.176472005634642e-11,2.4396346988085417e-24
18,26,Fe,3d⁶4s²→3d⁶4s4p,lower,4,9,9.269370247799786e-12,4.63251647213608e-12,0.5000000000000004,91115082922.36638,9.120291011567581e-12,1.2684485739924034e-11,1.876557239010306e-24
18,26,Fe,3d⁶4s²→3d⁶4s4p,lower,4,10,2.9587898364653855e-11,9.26792425449223e-12,0.0,35125594923.5196,1.9400250696998515e-11,3.672599478563527e-11,2.063831664901809e-23
18,26,Fe,3d⁶4s²→3d⁶4s4p,lower,4,11,2.8483205850179038e-11,9.26792425449223e-12,0.0,36604774847.645164,1.8647950775568314e-11,3.5879231871468107e-11,2.0564067748112228e-23
18,26,Fe,3d⁶4s²→3d⁶4s4p,lower,4,12,2.0145397547544773e-11,-2.0145397547544773e-11,1.0,34892709816.1481,2.0148519155521814e-11,3.867301546984059e-11,4.213402842020028e-23
18,26,Fe,3d⁶4s²→3d⁶4s4p,lower,4,13,3.55422215411918e-11,2.4262996052191716e-11,-0.49999999999999983,33233288023.28393,2.1159042004472443e-11,3.922615537687129e-11,2.5860119322330307e-23
18,26,Fe,3d⁶4s²→3d⁶4s4p,lower,4,14,3.5300811572386055e-11,2.4139067599009614e-11,-0.5000000000000004,33508204515.147587,2.0743950001156974e-11,3.893027954628264e-11,2.5843910618757093e-23
18,26,Fe,3d⁶4s²→3d⁶4s4p,lower,4,15,3.999917127908792e-11,3.999917127908792e-11,-1.0,33320708728.888847,2.1482444445020864e-11,3.968962958377486e-11,4.2204106857884286e-23
18,26,Fe,3d⁶4s²→3d⁶4s4p,lower,4,16,2.6099495409775648e-11,-5.466412059491565e-12,0.49999999999999983,33816939859.155132,2.0649942697218638e-11,3.8706541719599946e-11,2.5825395317723655e-23
18,26,Fe,3d⁶4s²→3d⁶4s4p,lower,4,17,2.627965727416377e-11,-5.561046773333726e-12,0.5000000000000004,33602787721.93082,2.0652901268519036e-11,3.8843146884143965e-11,2.5838290061821746e-23
18,26,Fe,3d⁶4s²→3d⁶4s4p,lower,4,18,2.273151475309863e-11,-1.4243288233036993e-11,0.7986541716418109,34341150473.812744,2.0785019126056888e-11,3.869558656316576e-11,3.405859881377143e-23
18,26,Fe,3d⁶4s²→3d⁶4s4p,lower,4,19,2.7262510130535252e-11,-2.857102932690081e-12,0.408248290463863,33460131399.24103,2.046166533421864e-11,3.866944858534801e-11,2.412020725641751e-23
18,26,Fe,3d⁶4s²→3d⁶4s4p,lower,4,20,3.587530887456057e-11,2.5637440182915965e-11,-0.5463428522861039,33319427289.717724,2.1462617624558832e-11,3.919987735729324e-11,2.686789347925732e-23
18,26,Fe,3d⁶4s²→3d⁶4s4p,lower,4,21,3.7281710539081306e-11,3.153630906652008e-11,-0.7459067426872383,33749809754.776646,2.122662675871526e-11,3.9056504587710976e-11,3.232658808595514e-23
18,26,Fe,3d⁶4s²→3d⁶4s4p,lower,4,22,3.031622773440278e-11,6.735958941021683e-12,0.08534713286766836,33320508872.01943,2.1050700944058843e-11,3.892969949875037e-11,2.0870552996060248e-23
18,26,Fe,3d⁶4s²→3d⁶4s4p,lower,4,23,3.634236256275065e-11,3.203753663341432e-11,-0.7986541716418109,35484267281.42522,1.9266794851616238e-11,3.7465186008719376e-11,3.398476827172943e-23
18,26,Fe,3d⁶4s²→3d⁶4s4p,lower,4,24,8.449560037478765e-11,9.26792425449223e-12,0.0,11888745165.01574,7.534788919047844e-11,9.274539643524643e-11,2.1379680759786808e-23
18,26,Fe,3d⁶4s²→3d⁶4s4p,lower,4,25,6.995429354046176e-11,9.26792425449223e-12,0.0,14390212446.608875,6.059391283996569e-11,7.820220007284177e-11,2.133584113386799e-23
18,26,Fe,3d⁶4s²→3d⁶4s4p,lower,5,6,1.6029367554936753e-11,1.3878783430154126e-11,-0.4999999999999997,125976515567.19958,3.994998304751225e-12,1.6026131142463163e-11,2.1004795410533304e-23
18,26,Fe,3d⁶4s²→3d⁶4s4p,lower,5,7,9.240852064860192e-12,4.631830615337486e-12,0.49999999999999983,153189312890.85986,3.989087117068503e-12,9.844448118763405e-12,4.6102309120464695e-24
18,26,Fe,3d⁶4s²→3d⁶4s4p,lower,5,8,1.851862110706824e-11,1.851862110706824e-11,-0.9999999999999999,9266126270033.209,2.172338818010561e-14,1.761225655598703e-11,4.143597336224517e-23
18,26,Fe,3d⁶4s²→3d⁶4s4p,lower,5,9,9.259652472154897e-12,4.613041077087921e-12,0.4999999999999997,104824536020.39757,7.53643530409267e-12,1.1752781351818685e-11,2.434663683075631e-24
18,26,Fe,3d⁶4s²→3d⁶4s4p,lower,5,10,2.95818037982107e-11,9.248448859444066e-12,0.0,35127553618.32564,1.886700956634673e-11,3.6936780125898963e-11,2.0555363310958886e-23
18,26,Fe,3d⁶4s²→3d⁶4s4p,lower,5,11,2.8476874860532367e-11,9.248448859444066e-12,0.0,36607032183.75164,1.813194192051436e-11,3.6139701552516504e-11,2.0481832088824894e-23
18,26,Fe,3d⁶4s²→3d⁶4s4p,lower,5,12,3.496719760301715e-11,2.3955109760462562e-11,-0.49999999999999983,33880652679.91102,2.0637963068488974e-11,3.832370938320866e-11,2.571747133699762e-23
18,26,Fe,3d⁶4s²→3d⁶4s4p,lower,5,13,2.0741694735954905e-11,-2.0741694735954905e-11,0.9999999999999999,34182478745.851795,2.0744779572891857e-11,3.9230337053257e-11,4.199182474733691e-23
18,26,Fe,3d⁶4s²→3d⁶4s4p,lower,5,14,3.528749695295697e-11,2.4119592203961433e-11,-0.4999999999999997,33508743395.662247,2.0880721582884182e-11,3.859937297390622e-11,2.5739586402972424e-23
18,26,Fe,3d⁶4s²→3d⁶4s4p,lower,5,15,2.7308002187977024e-11,-6.1171746528537745e-12,0.49999999999999983,32437995710.89771,2.1897732594640144e-11,3.958746119860954e-11,2.5801737619285944e-23
18,26,Fe,3d⁶4s²→3d⁶4s4p,lower,5,16,3.871712148741167e-11,3.871712148741166e-11,-0.9999999999999999,34819705299.80755,2.039402067874824e-11,3.8592945228107894e-11,4.1963805059370205e-23
18,26,Fe,3d⁶4s²→3d⁶4s4p,lower,5,17,2.6283785361018787e-11,-5.580522168381871e-12,0.4999999999999997,33603294231.880333,2.1077267754152147e-11,3.871826735795141e-11,2.573390561706078e-23
18,26,Fe,3d⁶4s²→3d⁶4s4p,lower,5,18,3.5350487086368134e-11,2.5331984571447237e-11,-0.5463428522861037,33909689448.166706,2.0437669501843344e-11,3.828122647309269e-11,2.6723672866923876e-23
18,26,Fe,3d⁶4s²→3d⁶4s4p,lower,5,19,2.7264558025487308e-11,-2.876578327738251e-12,0.40824829046386313,33460945303.846226,2.1013941799335103e-11,3.863171264852977e-11,2.4022562904722503e-23
18,26,Fe,3d⁶4s²→3d⁶4s4p,lower,5,20,2.3251605591166874e-11,-1.4680814842438188e-11,0.7986541716418107,33727572829.10755,2.0854614057927237e-11,3.901014126813284e-11,3.395888164908231e-23
18,26,Fe,3d⁶4s²→3d⁶4s4p,lower,5,21,3.049053145218397e-11,6.700485838686908e-12,0.08534713286766828,33117592096.836517,2.1132596119656857e-11,3.856735500234585e-11,2.0795807016973385e-23
18,26,Fe,3d⁶4s²→3d⁶4s4p,lower,5,22,3.708038660594657e-11,3.1377018807964764e-11,-0.7459067426872384,33965055912.96441,2.0761866036201135e-11,3.880350714894512e-11,3.218165042995883e-23
18,26,Fe,3d⁶4s²→3d⁶4s4p,lower,5,23,2.4703052955279424e-11,-6.327773508462762e-12,0.5463428522861037,35008926736.92315,2.0006317429654222e-11,3.762881118861955e-11,2.665511798438554e-23
18,26,Fe,3d⁶4s²→3d⁶4s4p,lower,5,24,8.449346642797041e-11,9.248448859444066e-12,0.0,11888820496.984129,7.482015810872216e-11,9.31677824068757e-11,2.1290315111945513e-23
18,26,Fe,3d⁶4s²→3d⁶4s4p,lower,5,25,6.995171599799277e-11,9.248448859444066e-12,0.0,14390345653.989244,6.020134357926501e-11,7.850021256900494e-11,2.1246841086994854e-23
18,26,Fe,3d⁶4s²→3d⁶4s4p,lower,6,7,9.246983333622477e-12,4.6440508973135414e-12,0.5000000000000004,217361999907.88684,1.9307313982897033e-12,9.0038092193844e-12,6.85553768624813e-24
18,26,Fe,3d⁶4s²→3d⁶4s4p,lower,6,8,9.265424349604827e-12,4.625583017608041e-12,0.4999999999999997,152783281191.46103,3.999679992525463e-12,9.870626394218024e-12,4.6348053003047285e-24
18,26,Fe,3d⁶4s²→3d⁶4s4p,lower,6,9,1.853148470613242e-11,1.853148470613242e-11,-1.0,111363148431.92772,4.434885514774362e-12,1.848280528442753e-11,2.861075187984052e-23
18,26,Fe,3d⁶4s²→3d⁶4s4p,lower,6,10,2.9585626621671066e-11,9.260669141420126e-12,0.0,35126326887.69495,1.909428727909914e-11,3.683251106915731e-11,2.060740297172782e-23
18,26,Fe,3d⁶4s²→3d⁶4s4p,lower,6,11,2.848084599276361e-11,9.260669141420126e-12,0.0,36605670006.74362,1.835202988261468e-11,3.603180036864318e-11,2.0533537283644644e-23
18,26,Fe,3d⁶4s²→3d⁶4s4p,lower,6,12,3.4975570530526316e-11,2.396733004243864e-11,-0.5000000000000004,33880341685.413616,2.0335234889195318e-11,3.8464116826182865e-11,2.5782903676503473e-23
18,26,Fe,3d⁶4s²→3d⁶4s4p,lower,6,13,3.553726921360405e-11,2.4255740939119606e-11,-0.4999999999999997,33233528407.12086,2.0888394137280593e-11,3.901776688958386e-11,2.5821314597567384e-23
18,26,Fe,3d⁶4s²→3d⁶4s4p,lower,6,14,2.0481617547614623e-11,-2.0481617547614623e-11,1.0,34484729127.615265,2.0484719826825785e-11,3.899470830594404e-11,4.2087516106648035e-23
18,26,Fe,3d⁶4s²→3d⁶4s4p,lower,6,15,2.7305267360630984e-11,-6.104954370877729e-12,0.5000000000000004,32437710840.459087,2.154559527377228e-11,3.9571916480588866e-11,2.586755847322318e-23
18,26,Fe,3d⁶4s²→3d⁶4s4p,lower,6,16,2.6101015921928145e-11,-5.4736671725636676e-12,0.4999999999999997,33817153676.31396,2.0733365581279077e-11,3.866425874321548e-11,2.5786587370019432e-23
18,26,Fe,3d⁶4s²→3d⁶4s4p,lower,6,17,3.891861119707202e-11,3.891861119707202e-11,-1.0,34587662131.60332,2.1078850078873046e-11,3.8916067225970975e-11,4.208189320045788e-23
18,26,Fe,3d⁶4s²→3d⁶4s4p,lower,6,18,3.3014513824630006e-11,1.6688345916946185e-11,-0.25231131935570733,33636371495.495724,2.0573641153797938e-11,3.8572741146187566e-11,2.196687273904134e-23
18,26,Fe,3d⁶4s²→3d⁶4s4p,lower,6,19,3.7643075845780586e-11,3.3510723515784755e-11,-0.816496580927726,34069814899.967865,2.0557375421632083e-11,3.8649537915323397e-11,3.4653962984373444e-23
18,26,Fe,3d⁶4s²→3d⁶4s4p,lower,6,20,3.3518608835025854e-11,1.6820416914878638e-11,-0.2523113193557066,33059833877.965054,2.100659249846904e-11,3.9090163522487724e-11,2.1995697477092684e-23
18,26,Fe,3d⁶4s²→3d⁶4s4p,lower,6,21,2.473417682454288e-11,-1.0459752649850566e-11,0.6605596098195701,33602118822.201546,2.084190061620233e-11,3.8966821529296455e-11,2.9716633638249627e-23
18,26,Fe,3d⁶4s²→3d⁶4s4p,lower,6,22,2.4554348267540562e-11,-1.0335935493630016e-11,0.6605596098195698,33815518225.259468,2.096308176614401e-11,3.876072856302885e-11,2.970293189837832e-23
18,26,Fe,3d⁶4s²→3d⁶4s4p,lower,6,23,2.766491630466014e-11,2.0672791304048534e-12,0.25231131935570733,34709614754.58326,1.9893252689994694e-11,3.7698926688342415e-11,2.191173180853759e-23
18,26,Fe,3d⁶4s²→3d⁶4s4p,lower,6,24,8.449480490335285e-11,9.260669141420126e-12,0.0,11888773245.887901,7.502560388579468e-11,9.300485402861042e-11,2.1346368008744034e-23
18,26,Fe,3d⁶4s²→3d⁶4s4p,lower,6,25,6.995333271335208e-11,9.260669141420126e-12,0.0,14390262006.752354,6.104268950277451e-11,7.785067484407395e-11,2.1302660714844525e-23
18,26,Fe,3d⁶4s²→3d⁶4s4p,lower,7,8,1.6024432663800518e-11,1.386832261202525e-11,-0.49999999999999983,126013036007.82123,3.993911043936957e-12,1.6021197263017317e-11,2.09913838932782e-23
18,26,Fe,3d⁶4s²→3d⁶4s4p,lower,7,9,1.6024990166292734e-11,1.3868644270569313e-11,-0.5000000000000004,117698738830.74594,4.756773269510627e-12,1.6158692872814548e-11,1.9713435381402785e-23
18,26,Fe,3d⁶4s²→3d⁶4s4p,lower,7,10,2.957705133540786e-11,9.233236488213163e-12,0.0,35128677791.54097,1.965842619820842e-11,3.718941131805517e-11,2.0489698234230535e-23
18,26,Fe,3d⁶4s²→3d⁶4s4p,lower,7,11,2.8471937966424746e-11,9.233236488213163e-12,0.0,36608773987.94414,1.8152752153818053e-11,3.592867609103084e-11,2.041769586054088e-23
18,26,Fe,3d⁶4s²→3d⁶4s4p,lower,7,12,3.864655829025016e-11,3.864655829025017e-11,-1.0,34885970045.462,2.019947720035511e-11,3.834104435326158e-11,4.182632746752243e-23
18,26,Fe,3d⁶4s²→3d⁶4s4p,lower,7,13,2.6603670438270936e-11,-5.76183530948632e-12,0.49999999999999983,33234231119.037067,2.091514998662828e-11,3.899086316220172e-11,2.5674217727719618e-23
18,26,Fe,3d⁶4s²→3d⁶4s4p,lower,7,14,2.6367379597523755e-11,-5.637906856304223e-12,0.5000000000000004,33509101386.574387,2.1339208713640104e-11,3.8936862270104205e-11,2.5658044131701774e-23
18,26,Fe,3d⁶4s²→3d⁶4s4p,lower,7,15,2.1498010536382527e-11,-2.1498010536382527e-11,1.0,33314327769.67802,2.1501055389991036e-11,3.9956191432729393e-11,4.1893645781556574e-23
18,26,Fe,3d⁶4s²→3d⁶4s4p,lower,7,16,3.501066331661479e-11,2.3967572802196956e-11,-0.49999999999999983,33817901978.336876,2.0758569398410497e-11,3.8636972973045414e-11,2.5639904158701398e-23
18,26,Fe,3d⁶4s²→3d⁶4s4p,lower,7,17,3.519495668099668e-11,2.406220751603912e-11,-0.5000000000000004,33603730507.139557,2.0746706623826228e-11,3.876898171271092e-11,2.5652612330543098e-23
18,26,Fe,3d⁶4s²→3d⁶4s4p,lower,7,18,3.7229684957114094e-11,3.2744448975742383e-11,-0.7986541716418109,34338615418.64691,2.022941475932491e-11,3.828703263383688e-11,3.381285516398379e-23
18,26,Fe,3d⁶4s²→3d⁶4s4p,lower,7,19,3.451458892522507e-11,2.1358263675395474e-11,-0.408248290463863,33461676653.92142,2.0694222253818806e-11,3.860881009019254e-11,2.3946683224661848e-23
18,26,Fe,3d⁶4s²→3d⁶4s4p,lower,7,20,2.6089958450739293e-11,-7.136279440210569e-12,0.5463428522861039,33319990419.39489,2.1034205371708777e-11,3.885073502637906e-11,2.667474012256844e-23
18,26,Fe,3d⁶4s²→3d⁶4s4p,lower,7,21,2.3776085527365907e-11,-1.3035148323814683e-11,0.7459067426872383,33748095954.92169,2.0937199218356944e-11,3.891729722938929e-11,3.209337336515359e-23
18,26,Fe,3d⁶4s²→3d⁶4s4p,lower,7,22,3.181384124282045e-11,1.176520180168371e-11,-0.08534713286766836,33323292266.340233,2.1134601364474802e-11,3.8831945561491216e-11,2.0720210439418254e-23
18,26,Fe,3d⁶4s²→3d⁶4s4p,lower,7,23,2.1853993579197858e-11,-1.353637589070893e-11,0.7986541716418109,35481173225.85397,1.9310145926170808e-11,3.740600789106565e-11,3.373931017874659e-23
18,26,Fe,3d⁶4s²→3d⁶4s4p,lower,7,24,8.449180267195203e-11,9.233236488213163e-12,0.0,11888879219.309444,7.49666343950162e-11,9.304694065360852e-11,2.1220638505852692e-23
18,26,Fe,3d⁶4s²→3d⁶4s4p,lower,7,25,6.994970636682727e-11,9.233236488213163e-12,0.0,14390449430.725117,6.091817767033796e-11,7.794163502862802e-11,2.1177445788743515e-23
18,26,Fe,3d⁶4s²→3d⁶4s4p,lower,8,9,1.605696645996283e-11,1.390558002998032e-11,-0.4999999999999997,148374192348.24362,2.5751348352730595e-12,1.586716681743328e-11,2.326162729759342e-23
18,26,Fe,3d⁶4s²→3d⁶4s4p,lower,8,10,2.958860258867766e-11,9.270172247624174e-12,0.0,35125208524.969376,1.9402561319905414e-11,3.734767308605089e-11,2.0647476716550074e-23
18,26,Fe,3d⁶4s²→3d⁶4s4p,lower,8,11,2.8483937386135532e-11,9.270172247624174e-12,0.0,36604841449.621796,1.787976310736358e-11,3.608397453412174e-11,2.0574253212172778e-23
18,26,Fe,3d⁶4s²→3d⁶4s4p,lower,8,12,2.6046363152100996e-11,-5.436488653394323e-12,0.49999999999999983,33880080588.437344,2.0495079951380085e-11,3.831114492674023e-11,2.5833792632787585e-23
18,26,Fe,3d⁶4s²→3d⁶4s4p,lower,8,13,3.926031584302315e-11,3.926031584302315e-11,-0.9999999999999999,34186691402.28397,2.0893004186984734e-11,3.9135399526633494e-11,4.21857187302653e-23
18,26,Fe,3d⁶4s²→3d⁶4s4p,lower,8,14,2.6359506640826633e-11,-5.6009710968931916e-12,0.4999999999999997,33508101816.38787,2.112102997213023e-11,3.8765909923185304e-11,2.585584928072541e-23
18,26,Fe,3d⁶4s²→3d⁶4s4p,lower,8,15,3.6266094227110155e-11,2.4635795759922015e-11,-0.49999999999999983,32437429534.59281,2.2184256543310113e-11,3.977678580679893e-11,2.5918612366793988e-23
18,26,Fe,3d⁶4s²→3d⁶4s4p,lower,8,16,2.0198500380343425e-11,-2.0198500380343422e-11,0.9999999999999999,34824074667.54178,2.0201620397703563e-11,3.8730609064605114e-11,4.2157177018706165e-23
18,26,Fe,3d⁶4s²→3d⁶4s4p,lower,8,17,3.522021936108542e-11,2.409914327545011e-11,-0.4999999999999997,33602722666.166782,2.1057778462707913e-11,3.869980134487182e-11,2.5850336798025533e-23
18,26,Fe,3d⁶4s²→3d⁶4s4p,lower,8,18,2.558064535177277e-11,-6.813363464378999e-12,0.5463428522861037,33909291969.596794,2.0558792276556624e-11,3.8437994856724063e-11,2.6844338075729785e-23
18,26,Fe,3d⁶4s²→3d⁶4s4p,lower,8,19,3.4537457641011954e-11,2.1395199434806493e-11,-0.40824829046386313,33459953542.907852,2.0959180260889925e-11,3.865286720376118e-11,2.413125531332802e-23
18,26,Fe,3d⁶4s²→3d⁶4s4p,lower,8,20,3.777980128977135e-11,3.319943594950643e-11,-0.7986541716418107,33729136443.977432,2.1151089908595746e-11,3.912455705540352e-11,3.411342648987157e-23
18,26,Fe,3d⁶4s²→3d⁶4s4p,lower,8,21,3.2006941731192234e-11,1.1818135268381332e-11,-0.08534713286766828,33115817566.585228,2.1361530830216264e-11,3.8792208253824705e-11,2.0889942771096734e-23
18,26,Fe,3d⁶4s²→3d⁶4s4p,lower,8,22,2.3574905153690607e-11,-1.2858397700896522e-11,0.7459067426872384,33966234603.43908,2.0774246812354484e-11,3.8836818634240984e-11,3.232794413421711e-23
18,26,Fe,3d⁶4s²→3d⁶4s4p,lower,8,23,3.446075206851447e-11,2.4846394615530998e-11,-0.5463428522861037,35008573130.82323,1.981807123674585e-11,3.7596148629118074e-11,2.677538326611895e-23
18,26,Fe,3d⁶4s²→3d⁶4s4p,lower,8,24,8.449584697610547e-11,9.270172247624174e-12,0.0,11888736465.050692,7.492951506376684e-11,9.308417741339075e-11,2.1390008301472644e-23
18,26,Fe,3d⁶4s²→3d⁶4s4p,lower,8,25,6.995459140227112e-11,9.270172247624174e-12,0.0,14390197016.294788,6.024709989795285e-11,7.84702279237387e-11,2.134612422921251e-23
18,26,Fe,3d⁶4s²→3d⁶4s4p,lower,9,10,2.958880414759935e-11,9.270815564712294e-12,0.0,35125093586.2579,1.988995841962854e-11,3.7064692917075655e-11,2.065011283430582e-23
18,26,Fe,3d⁶4s²→3d⁶4s4p,lower,9,11,2.8484146761867026e-11,9.270815564712294e-12,0.0,36604586996.58154,1.842939786343887e-11,3.5807234377311156e-11,2.057660916539317e-23
18,26,Fe,3d⁶4s²→3d⁶4s4p,lower,9,12,2.6046228884291117e-11,-5.43584533630622e-12,0.5000000000000004,33880071020.809032,2.0250542257197534e-11,3.850578540937045e-11,2.5837254493706164e-23
18,26,Fe,3d⁶4s²→3d⁶4s4p,lower,9,13,2.6595556848379398e-11,-5.7242562329871844e-12,0.4999999999999997,33233267755.320724,2.081346853733975e-11,3.9068825685417237e-11,2.5875812452353837e-23
18,26,Fe,3d⁶4s²→3d⁶4s4p,lower,9,14,3.9013102253747046e-11,3.9013102253747046e-11,-1.0,34486379687.522964,2.1153292049574498e-11,3.901055443854397e-11,4.217700015643687e-23
18,26,Fe,3d⁶4s²→3d⁶4s4p,lower,9,15,3.626653123970189e-11,2.463643907701015e-11,-0.5000000000000004,32437450914.561306,2.156203483968896e-11,3.981757815766538e-11,2.5922194770537054e-23
18,26,Fe,3d⁶4s²→3d⁶4s4p,lower,9,16,3.5036399880124836e-11,2.400515187869609e-11,-0.4999999999999997,33816925753.215366,2.0296995604289866e-11,3.855249841421947e-11,2.584106639889095e-23
18,26,Fe,3d⁶4s²→3d⁶4s4p,lower,9,17,2.0387126490939596e-11,-2.0387126490939596e-11,1.0,34590044008.353935,2.039023771364412e-11,3.892050877965975e-11,4.2173410153738676e-23
18,26,Fe,3d⁶4s²→3d⁶4s4p,lower,9,18,2.854565455948128e-11,1.8431387891862354e-12,0.25231131935570733,33635793158.661854,2.0177443403967558e-11,3.836393445884365e-11,2.201359171970825e-23
18,26,Fe,3d⁶4s²→3d⁶4s4p,lower,9,19,2.276862235394173e-11,-1.497923880965233e-11,0.816496580927726,34070589929.99918,2.0627150543031597e-11,3.8829567761817064e-11,3.4727311673157965e-23
18,26,Fe,3d⁶4s²→3d⁶4s4p,lower,9,20,2.904304505439132e-11,1.711067791253782e-12,0.2523113193557066,33059115613.673187,2.12641223873068e-11,3.921771153135724e-11,2.2042035925448612e-23
18,26,Fe,3d⁶4s²→3d⁶4s4p,lower,9,21,3.664512138228828e-11,2.8991237355982984e-11,-0.6605596098195701,33602251529.856564,2.1107908433257226e-11,3.889690171968147e-11,2.977924748904056e-23
18,26,Fe,3d⁶4s²→3d⁶4s4p,lower,9,22,3.64611081195408e-11,2.8867420199762438e-11,-0.6605596098195698,33815659663.531788,2.1135519296888892e-11,3.882638438129803e-11,2.9765508319095984e-23
18,26,Fe,3d⁶4s²→3d⁶4s4p,lower,9,23,3.2126998247278906e-11,1.6464205575727566e-11,-0.25231131935570733,34708967582.66497,1.9433531447441895e-11,3.766615189997233e-11,2.1958176571291953e-23
18,26,Fe,3d⁶4s²→3d⁶4s4p,lower,9,24,8.449591755785437e-11,9.270815564712294e-12,0.0,11888733974.851795,7.530412082563147e-11,9.278151515558545e-11,2.1392964230700557e-23
18,26,Fe,3d⁶4s²→3d⁶4s4p,lower,9,25,6.995467665562465e-11,9.270815564712294e-12,0.0,14390192642.790014,6.05483971045296e-11,7.82381312408351e-11,2.1349069379133625e-23
18,26,Fe,3d⁶4s²→3d⁶4s4p,lower,10,11,5.503214483131831e-11,5.503214483131831e-11,-1.0,62158122213.08733,1.30692066109583e-12,5.501608343061644e-11,2.850155382845606e-22
18,26,Fe,3d⁶4s²→3d⁶4s4p,lower,10,12,4.0677915495760916e-11,2.8098920079783863e-11,0.0,22537539363.32395,3.563956012508485e-11,5.40559079004821e-11,4.210920054377252e-23
18,26,Fe,3d⁶4s²→3d⁶4s4p,lower,10,13,4.109693446624372e-11,2.8098920079783863e-11,0.0,55522556888.434525,4.713116420777012e-12,4.1303279658593786e-11,1.4570386535718653e-22
18,26,Fe,3d⁶4s²→3d⁶4s4p,lower,10,14,4.0916413908635915e-11,2.8098920079783863e-11,0.0,21095438358.63429,3.907548710743874e-11,5.654470510357766e-11,3.79579150129408e-23
18,26,Fe,3d⁶4s²→3d⁶4s4p,lower,10,15,4.164083156394456e-11,2.8098920079783863e-11,0.0,24156993185.781384,3.179475376540343e-11,5.2306673745336226e-11,5.215301739859774e-23
18,26,Fe,3d⁶4s²→3d⁶4s4p,lower,10,16,4.071795643330357e-11,2.8098920079783863e-11,0.0,22189245363.337757,3.6439756674514595e-11,5.461614032458991e-11,4.1038634051710195e-23
18,26,Fe,3d⁶4s²→3d⁶4s4p,lower,10,17,4.0855144555202415e-11,2.8098920079783863e-11,0.0,62731783774.03513,2.9171318588696493e-12,4.0906503418313845e-11,1.5068770450019909e-22
18,26,Fe,3d⁶4s²→3d⁶4s4p,lower,10,18,2.6476760249914168e-11,1.1102571296248807e-11,0.5773502691896257,35765610278.15906,2.2131889620217578e-11,3.447620579378253e-11,1.8902665453795667e-23
18,26,Fe,3d⁶4s²→3d⁶4s4p,lower,10,19,2.6608295951542058e-11,1.0951542187528136e-11,0.5773502691896257,44741264977.58321,1.5370557251284748e-11,3.06758488396431e-11,2.8743633600101235e-23
18,26,Fe,3d⁶4s²→3d⁶4s4p,lower,10,20,2.6741879478694792e-11,1.0800360414853675e-11,0.5773502691896257,20671307234.8645,4.477468875183316e-11,5.21148281992754e-11,6.736090488961774e-24
18,26,Fe,3d⁶4s²→3d⁶4s4p,lower,10,21,2.6686619817860226e-11,1.0862639416433837e-11,0.5773502691896257,18730236218.224403,5.0124289121563534e-11,5.67533600493095e-11,5.4978543485731324e-24
18,26,Fe,3d⁶4s²→3d⁶4s4p,lower,10,22,2.65913646308545e-11,1.0970859579173955e-11,0.5773502691896257,29706519804.03342,2.8669891325638494e-11,3.9065136116835944e-11,1.3470394244400892e-23
18,26,Fe,3d⁶4s²→3d⁶4s4p,lower,10,23,5.0273235748734704e-11,4.455916320264829e-11,-0.5773502691896257,25267603472.976135,2.570972002177511e-11,5.6447778316663104e-11,1.1506605188861953e-22
18,26,Fe,3d⁶4s²→3d⁶4s4p,lower,10,24,5.588686480497393e-11,-5.588686480497393e-11,1.0,12262738387.837334,5.588701702887283e-11,1.1208462906363325e-10,3.863284644571078e-22
18,26,Fe,3d⁶4s²→3d⁶4s4p,lower,10,25,9.743656328142495e-11,9.743656328142495e-11,-1.0,15076145697.426603,4.1239787569496136e-11,9.743611276133283e-11,3.8226604927828643e-22
18,26,Fe,3d⁶4s²→3d⁶4s4p,lower,11,12,3.988160095767036e-11,2.6933224751534452e-11,0.0,51913604309.491165,6.24007269727041e-12,4.0271500732418375e-11,1.2932329921242873e-22
18,26,Fe,3d⁶4s²→3d⁶4s4p,lower,11,13,4.030889862535713e-11,2.6933224751534452e-11,0.0,22749425618.396492,3.534736011101524e-11,5.351533468000979e-11,4.0989871958760227e-23
18,26,Fe,3d⁶4s²→3d⁶4s4p,lower,11,14,4.012483287204324e-11,2.6933224751534452e-11,0.0,22226044469.85199,3.6608026287091444e-11,5.422593396208441e-11,3.859594577024226e-23
18,26,Fe,3d⁶4s²→3d⁶4s4p,lower,11,15,4.0863285956997993e-11,2.6933224751534452e-11,0.0,20816198099.96163,3.98798079726592e-11,5.696291631627653e-11,3.631048896115228e-23
18,26,Fe,3d⁶4s²→3d⁶4s4p,lower,11,16,3.9922440581344657e-11,2.6933224751534452e-11,0.0,25196736717.507904,3.0453800903037616e-11,5.0129994223931164e-11,4.793381304204059e-23
18,26,Fe,3d⁶4s²→3d⁶4s4p,lower,11,17,4.0062352932560924e-11,2.6933224751534452e-11,0.0,60153534257.733116,3.727725115765182e-12,4.01306336219864e-11,1.4138132098797728e-22
18,26,Fe,3d⁶4s²→3d⁶4s4p,lower,11,18,5.0075534694261894e-11,4.392957353506951e-11,-0.5773502691896257,31154902243.785892,1.6714840556252375e-11,5.2709047225377446e-11,1.5394012635808609e-22
18,26,Fe,3d⁶4s²→3d⁶4s4p,lower,11,19,5.0310681436444115e-11,4.4080602643790176e-11,-0.5773502691896257,45636375291.88411,5.476703557886373e-12,5.0515546798795384e-11,2.1876474648566437e-22
18,26,Fe,3d⁶4s²→3d⁶4s4p,lower,11,20,5.054632613382404e-11,4.423178441646464e-11,-0.5773502691896257,39176243820.34785,8.907909091093591e-12,5.121494676475476e-11,2.0110399112631695e-22
18,26,Fe,3d⁶4s²→3d⁶4s4p,lower,11,21,5.044922150843417e-11,4.4169505414884475e-11,-0.5773502691896257,28911044862.067368,1.9565783903167713e-11,5.40142393089901e-11,1.4234078804275441e-22
18,26,Fe,3d⁶4s²→3d⁶4s4p,lower,11,22,5.0280590401226804e-11,4.406128525214436e-11,-0.5773502691896257,25414421853.315067,2.5486169115837942e-11,5.6288084146647774e-11,1.1560765725881682e-22
18,26,Fe,3d⁶4s²→3d⁶4s4p,lower,11,23,2.552572333004633e-11,1.0472981628670021e-11,0.5773502691896257,48736753963.33004,1.3613425277458222e-11,2.8876576929668813e-11,2.8470020946968056e-23
18,26,Fe,3d⁶4s²→3d⁶4s4p,lower,11,24,1.1091900963629225e-10,1.1091900963629225e-10,-1.0,12231984340.026966,5.705345342228455e-11,1.1091855015750146e-10,3.55581278578279e-22
18,26,Fe,3d⁶4s²→3d⁶4s4p,lower,11,25,4.2404418450106635e-11,-4.2404418450106635e-11,1.0,15017839726.178272,4.240457721090413e-11,9.627079802366851e-11,3.521662862866949e-22
18,26,Fe,3d⁶4s²→3d⁶4s4p,lower,12,13,5.1445718546479687e-11,4.4408393599736486e-11,-0.49999999999999983,49934961966.143974,3.719648736025689e-12,5.1561064901663355e-11,2.3948527221816484e-22
18,26,Fe,3d⁶4s²→3d⁶4s4p,lower,12,14,5.1230523776708945e-11,4.4284465146554394e-11,-0.5000000000000004,41670795439.49039,7.308036022388767e-12,5.171720424314808e-11,2.188233518043524e-22
18,26,Fe,3d⁶4s²→3d⁶4s4p,lower,12,15,6.01445688266327e-11,6.01445688266327e-11,-1.0,55170128054.383766,1.6356355193941406e-12,6.013395018080684e-11,3.4018824211205103e-22
18,26,Fe,3d⁶4s²→3d⁶4s4p,lower,12,16,2.9441036238543335e-11,1.467898548805321e-11,0.49999999999999983,32965228061.270992,2.3697955548611145e-11,3.778172585348826e-11,2.458958016642291e-23
18,26,Fe,3d⁶4s²→3d⁶4s4p,lower,12,17,2.9536391667526586e-11,1.458435077421105e-11,0.5000000000000004,28592423164.681885,2.9068314367442674e-11,4.143363131047704e-11,1.9028768639150908e-23
18,26,Fe,3d⁶4s²→3d⁶4s4p,lower,12,18,1.8673119654770333e-11,5.902109314507781e-12,0.7986541716418109,26413448538.355362,3.559698329504998e-11,4.019433562825885e-11,2.6440174461405896e-24
18,26,Fe,3d⁶4s²→3d⁶4s4p,lower,12,19,3.215535028793132e-11,1.728829461485469e-11,0.408248290463863,20962556419.450874,4.245637756855768e-11,5.3248599985480457e-11,1.454992202223349e-23
18,26,Fe,3d⁶4s²→3d⁶4s4p,lower,12,20,5.220945966361106e-11,4.578283773046074e-11,-0.5463428522861039,23590959448.390327,2.8282877432343416e-11,5.935822396923675e-11,1.1794532760722348e-22
18,26,Fe,3d⁶4s²→3d⁶4s4p,lower,12,21,5.5374957785293566e-11,5.1681706614064855e-11,-0.7459067426872383,52283688847.9773,2.795833387010981e-12,5.541925340475765e-11,2.8486010958062914e-22
18,26,Fe,3d⁶4s²→3d⁶4s4p,lower,12,22,3.995382144244072e-11,2.6881356488566457e-11,0.08534713286766836,22998504912.064915,3.488243159796391e-11,5.302854264497194e-11,4.0878431070096264e-23
18,26,Fe,3d⁶4s²→3d⁶4s4p,lower,12,23,5.4931067555977506e-11,5.21829341809591e-11,-0.7986541716418109,55461673741.68886,2.399614058724839e-12,5.4949178009641913e-11,2.8227696117837023e-22
18,26,Fe,3d⁶4s²→3d⁶4s4p,lower,12,24,8.898738990519384e-11,2.9413321802037007e-11,0.0,11733053272.351677,5.4797929707849625e-11,1.1329032625962183e-10,2.0680382627923614e-22
18,26,Fe,3d⁶4s²→3d⁶4s4p,lower,12,25,7.531833949436398e-11,2.9413321802037007e-11,0.0,14120109496.039589,4.0346065908449775e-11,9.857940704877243e-11,2.024100312488896e-22
18,26,Fe,3d⁶4s²→3d⁶4s4p,lower,13,14,5.1729950502828227e-11,4.486128693991634e-11,-0.4999999999999997,49787634047.25483,3.7034467101439906e-12,5.1845946040299606e-11,2.4234406462250865e-22
18,26,Fe,3d⁶4s²→3d⁶4s4p,lower,13,15,3.036747841731463e-11,1.462452008310113e-11,0.49999999999999983,46445179325.75758,1.260584780375136e-11,3.2856943472713993e-11,4.9358910991459276e-23
18,26,Fe,3d⁶4s²→3d⁶4s4p,lower,13,16,5.945881622336656e-11,5.945881622336656e-11,-0.9999999999999999,59378129562.87807,1.379449415646033e-12,5.945345807959952e-11,3.3415561768234746e-22
18,26,Fe,3d⁶4s²→3d⁶4s4p,lower,13,17,2.9825430405210134e-11,1.5161172567573034e-11,0.4999999999999997,32540326405.438076,2.402416840443883e-11,3.8285835952701074e-11,2.5229949951492963e-23
18,26,Fe,3d⁶4s²→3d⁶4s4p,lower,13,18,5.225640075470923e-11,4.6073679307402145e-11,-0.5463428522861037,71730461097.16396,9.37026049382004e-13,5.2244240437880947e-11,2.579735190045961e-22
18,26,Fe,3d⁶4s²→3d⁶4s4p,lower,13,19,3.246912080313668e-11,1.7865116408216654e-11,0.40824829046386313,30067762433.708817,2.5904034355324814e-11,4.152448870100307e-11,3.0232706913752455e-23
18,26,Fe,3d⁶4s²→3d⁶4s4p,lower,13,20,1.9022226557710445e-11,6.060879893516717e-12,0.7986541716418107,21859703518.925743,4.3793032193952984e-11,4.774349010575334e-11,1.952651712570046e-24
18,26,Fe,3d⁶4s²→3d⁶4s4p,lower,13,21,4.0470350535341604e-11,2.7442180574641812e-11,0.08534713286766828,20150197041.16341,4.179397178100295e-11,5.8160850404866086e-11,3.3406443492843227e-23
18,26,Fe,3d⁶4s²→3d⁶4s4p,lower,13,22,5.5738658604636716e-11,5.2118713543919666e-11,-0.7459067426872384,27868193389.397987,1.8688364455318002e-11,5.876621928873549e-11,1.9042693494359397e-22
18,26,Fe,3d⁶4s²→3d⁶4s4p,lower,13,23,2.789195641917729e-11,1.4413921227492143e-11,0.5463428522861037,20428294206.792843,4.5080268505816615e-11,5.298584258612189e-11,7.813264431719345e-24
18,26,Fe,3d⁶4s²→3d⁶4s4p,lower,13,24,8.917971056009018e-11,2.999014359539897e-11,0.0,11726511645.166534,5.4033459014430566e-11,1.1395800480044731e-10,2.1460638024963795e-22
18,26,Fe,3d⁶4s²→3d⁶4s4p,lower,13,25,7.554546629434976e-11,2.999014359539897e-11,0.0,14108977925.903318,3.935821423751017e-11,9.932354165702974e-11,2.09860238090111e-22
18,26,Fe,3d⁶4s²→3d⁶4s4p,lower,14,15,3.024889422544869e-11,1.4376663176736894e-11,0.5000000000000004,61476385908.56718,6.421780794991158e-12,3.089774096135193e-11,6.849927258312053e-23
18,26,Fe,3d⁶4s²→3d⁶4s4p,lower,14,16,2.960642792200264e-11,1.5007950375050954e-11,0.4999999999999997,47660529848.09681,1.230569240915543e-11,3.2048496007403686e-11,4.6988786686613055e-23
18,26,Fe,3d⁶4s²→3d⁶4s4p,lower,14,17,5.940022874468664e-11,5.940022874468664e-11,-1.0,76983693142.1345,6.435258361722935e-13,5.938288474923442e-11,3.3443217040355984e-22
18,26,Fe,3d⁶4s²→3d⁶4s4p,lower,14,18,4.683015500283783e-11,3.716996346456081e-11,-0.25231131935570733,24764615160.18316,2.8274242115725553e-11,5.4688023979882196e-11,8.569543391528414e-23
18,26,Fe,3d⁶4s²→3d⁶4s4p,lower,14,19,5.6649849621038386e-11,5.3992341063399374e-11,-0.816496580927726,30328149872.338444,1.4896085388855868e-11,5.855403970939917e-11,2.2211228994796476e-22
18,26,Fe,3d⁶4s²→3d⁶4s4p,lower,14,20,4.724417940959683e-11,3.7302034462493264e-11,-0.2523113193557066,37705314906.55359,1.1307021676961408e-11,4.855866142895561e-11,1.6050735533422117e-22
18,26,Fe,3d⁶4s²→3d⁶4s4p,lower,14,21,2.4552206697580842e-11,1.0021864897764057e-11,0.6605596098195701,24769663843.12405,3.673422355949145e-11,4.417913402855316e-11,6.926201353186576e-24
18,26,Fe,3d⁶4s²→3d⁶4s4p,lower,14,22,2.4474871208154228e-11,1.0145682053984607e-11,0.6605596098195698,19841621682.731995,4.747654848063095e-11,5.341033998996965e-11,4.403947214902023e-24
18,26,Fe,3d⁶4s²→3d⁶4s4p,lower,14,23,3.563041807973688e-11,2.2548896678019474e-11,0.25231131935570733,19747406446.69331,4.4604847926975526e-11,5.706710758714605e-11,1.9390703764220133e-23
18,26,Fe,3d⁶4s²→3d⁶4s4p,lower,14,24,8.909666480964112e-11,2.974228668903475e-11,0.0,11729335149.145483,5.427937943161723e-11,1.1371095078716745e-10,2.1123871090043394e-22
18,26,Fe,3d⁶4s²→3d⁶4s4p,lower,14,25,7.544741468235222e-11,2.974228668903475e-11,0.0,14113780518.782118,3.980791536276724e-11,9.899472025806418e-11,2.0664645175208647e-22
18,26,Fe,3d⁶4s²→3d⁶4s4p,lower,15,16,5.2138481644156675e-11,4.546558333857949e-11,-0.49999999999999983,48743726655.28909,3.881387211557914e-12,5.224933134399685e-11,2.450581051501931e-22
18,26,Fe,3d⁶4s²→3d⁶4s4p,lower,15,17,5.230132516692584e-11,4.5560218052421646e-11,-0.5000000000000004,40703603564.06395,7.31632120742756e-12,5.277932227130374e-11,2.2755633983974443e-22
18,26,Fe,3d⁶4s²→3d⁶4s4p,lower,15,18,5.706220217626972e-11,5.4242459512124916e-11,-0.7986541716418109,27234188164.66022,1.9120675096310118e-11,6.014679639378519e-11,1.9953825599604482e-22
18,26,Fe,3d⁶4s²→3d⁶4s4p,lower,15,19,5.0712342292233546e-11,4.2856274211778e-11,-0.408248290463863,66540231364.00329,1.2362782031847108e-12,5.0692026524264314e-11,2.4170117967598763e-22
18,26,Fe,3d⁶4s²→3d⁶4s4p,lower,15,20,2.8913989136597584e-11,1.4361731096171957e-11,0.5463428522861039,33005960489.798622,2.387393882208227e-11,3.747709773665384e-11,2.2954273317480885e-23
18,26,Fe,3d⁶4s²→3d⁶4s4p,lower,15,21,2.1610349095044214e-11,8.462862212567842e-12,0.7459067426872383,23267022378.92069,4.0314441728811666e-11,4.5729727899945394e-11,3.6674205115874764e-24
18,26,Fe,3d⁶4s²→3d⁶4s4p,lower,15,22,4.449878443549132e-11,3.326321233806624e-11,-0.08534713286766836,21018973592.4764,3.788022112123993e-11,5.841156729364414e-11,5.2372535884057205e-23
18,26,Fe,3d⁶4s²→3d⁶4s4p,lower,15,23,1.8914311759518117e-11,7.961634645673596e-12,0.7986541716418109,20377239713.230335,4.729619840470075e-11,5.08871532033261e-11,1.613763619500345e-24
18,26,Fe,3d⁶4s²→3d⁶4s4p,lower,15,24,8.943165885968755e-11,3.073124702459569e-11,0.0,11717956959.527182,5.349123916126271e-11,1.1460685208914718e-10,2.248088893545489e-22
18,26,Fe,3d⁶4s²→3d⁶4s4p,lower,15,25,7.584272086657234e-11,3.073124702459569e-11,0.0,14094445649.349152,3.903447718097143e-11,9.990268368816645e-11,2.195796831093688e-22
18,26,Fe,3d⁶4s²→3d⁶4s4p,lower,16,17,5.1205237805208654e-11,4.429764365579354e-11,-0.4999999999999997,50289478270.11683,3.824120049501351e-12,5.132742332688485e-11,2.3746799365285918e-22
18,26,Fe,3d⁶4s²→3d⁶4s4p,lower,16,18,2.8055469790658523e-11,1.3385136915964427e-11,0.5463428522861037,38210773232.86099,1.93417695653048e-11,3.406429967115418e-11,2.677985571195331e-23
18,26,Fe,3d⁶4s²→3d⁶4s4p,lower,16,19,4.9649947490026144e-11,4.1593699815149915e-11,-0.40824829046386313,26058605061.42244,2.4567336388634063e-11,5.537034332705427e-11,1.1561540246929582e-22
18,26,Fe,3d⁶4s²→3d⁶4s4p,lower,16,20,5.636000747352619e-11,5.339793632984985e-11,-0.7986541716418107,31858736996.69638,1.3158257675953475e-11,5.785647608219579e-11,2.3024480314340347e-22
18,26,Fe,3d⁶4s²→3d⁶4s4p,lower,16,21,4.370172715151392e-11,3.201663564872476e-11,-0.08534713286766828,40589030502.189804,1.0603713908118922e-11,4.494525157260752e-11,1.3673209919765118e-22
18,26,Fe,3d⁶4s²→3d⁶4s4p,lower,16,22,2.1078777690272044e-11,7.340102679446901e-12,0.7459067426872384,27229395145.118515,3.377126819660667e-11,3.9805509574600426e-11,4.552128859955949e-24
18,26,Fe,3d⁶4s²→3d⁶4s4p,lower,16,23,5.0982768392137063e-11,4.5044894995874426e-11,-0.5463428522861037,24226906533.38302,2.7474139903095005e-11,5.7880522104644166e-11,1.1294688517849764e-22
18,26,Fe,3d⁶4s²→3d⁶4s4p,lower,16,24,8.900570054307272e-11,2.94686726279676e-11,0.0,11732430019.832338,5.457025527467477e-11,1.1342890591724445e-10,2.0754723913285306e-22
18,26,Fe,3d⁶4s²→3d⁶4s4p,lower,16,25,7.53399723334991e-11,2.94686726279676e-11,0.0,14119048226.541878,3.989782265967696e-11,9.879466893229505e-11,2.0312050678576615e-22
18,26,Fe,3d⁶4s²→3d⁶4s4p,lower,17,18,3.6133667514629616e-11,2.223026528012583e-11,0.25231131935570733,59225592150.91555,4.957881132225845e-12,3.645111181140773e-11,1.0902248493843638e-22
18,26,Fe,3d⁶4s²→3d⁶4s4p,lower,17,19,1.7979928190992284e-11,5.407887681287264e-12,0.816496580927726,56376625547.34314,1.354352898128358e-11,2.250546160652515e-11,9.936822806930833e-24
18,26,Fe,3d⁶4s²→3d⁶4s4p,lower,17,20,3.64540930977401e-11,2.2098194282193378e-11,0.2523113193557066,28620409419.5091,2.6243627624801746e-11,4.4905960693469106e-11,4.304870590401439e-23
18,26,Fe,3d⁶4s²→3d⁶4s4p,lower,17,21,5.422726153781665e-11,4.9378363846922583e-11,-0.6605596098195701,25564669795.844677,2.3338919933747267e-11,5.902044358810782e-11,1.5355166173569591e-22
18,26,Fe,3d⁶4s²→3d⁶4s4p,lower,17,22,5.4056404116642254e-11,4.925454669070203e-11,-0.6605596098195698,46522357607.80248,4.510122277863633e-12,5.421464078851337e-11,2.62766574301013e-22
18,26,Fe,3d⁶4s²→3d⁶4s4p,lower,17,23,4.6033624952078397e-11,3.6851332066667165e-11,-0.25231131935570733,38632752365.43978,1.099575905636798e-11,4.7289404919886806e-11,1.5199142462863429e-22
18,26,Fe,3d⁶4s²→3d⁶4s4p,lower,17,24,8.906854433348069e-11,2.965794205565189e-11,0.0,11730291650.810038,5.43338336680084e-11,1.1364086280166843e-10,2.1009783777632813e-22
18,26,Fe,3d⁶4s²→3d⁶4s4p,lower,17,25,7.541420484056362e-11,2.965794205565189e-11,0.0,14115408161.958372,3.9954095860026934e-11,9.888515969283132e-11,2.055570870754598e-22
18,26,Fe,3d⁶4s²→3d⁶4s4p,lower,18,19,2.8383032951590023e-11,1.3419933180610543e-11,0.5393446629166316,31572544719.614056,2.5707177980614422e-11,3.8282441065659086e-11,1.9673663571955966e-23
18,26,Fe,3d⁶4s²→3d⁶4s4p,lower,18,20,4.6127728868122796e-11,3.561104784594907e-11,-0.20601132958329824,21446936695.513836,3.607426314889662e-11,5.854521467827622e-11,6.252721997129202e-23
18,26,Fe,3d⁶4s²→3d⁶4s4p,lower,18,21,4.604352926446452e-11,3.5588825322456254e-11,-0.20601132958329824,27340670815.175037,2.394727049503946e-11,5.187218662220068e-11,9.510343085305159e-23
18,26,Fe,3d⁶4s²→3d⁶4s4p,lower,18,22,2.8366753528659263e-11,1.343797895393333e-11,0.5393446629166314,72290365528.19022,4.4988978462254465e-12,2.8711804047286453e-11,6.532522581881206e-23
18,26,Fe,3d⁶4s²→3d⁶4s4p,lower,18,23,5.7948517029981595e-11,5.7948517029981595e-11,-0.9999999999999999,56390456295.54957,2.0848285676311032e-12,5.7948308182825834e-11,3.164668377169303e-22
18,26,Fe,3d⁶4s²→3d⁶4s4p,lower,18,24,7.117117599915678e-11,-1.905067587507272e-11,0.5773502691896257,11897452465.09005,5.5184472554230637e-11,1.1311566357564461e-10,2.75499535950368e-22
18,26,Fe,3d⁶4s²→3d⁶4s4p,lower,18,25,8.961757593262387e-11,6.94706466036859e-11,-0.5773502691896257,14398517118.63799,4.0039905715766494e-11,9.871919120220819e-11,2.693354100591495e-22
18,26,Fe,3d⁶4s²→3d⁶4s4p,lower,19,20,2.8634240638170014e-11,1.3540293437125123e-11,0.5393446629166316,31295556296.516743,2.591828920296621e-11,3.8608422995855034e-11,2.0023500849639804e-23
18,26,Fe,3d⁶4s²→3d⁶4s4p,lower,19,21,4.624602020197344e-11,3.58504154121823e-11,-0.20601132958329824,21392163291.40207,3.616542142200698e-11,5.869665965433903e-11,6.286301399367786e-23
18,26,Fe,3d⁶4s²→3d⁶4s4p,lower,19,22,4.610036745246345e-11,3.5811800067557794e-11,-0.20601132958329846,27308032921.286865,2.402017273150785e-11,5.196143207576813e-11,9.535853647239277e-23
18,26,Fe,3d⁶4s²→3d⁶4s4p,lower,19,23,5.1071486492850994e-11,4.507683387315633e-11,-0.5393446629166316,33964866983.41531,1.3041305846870959e-11,5.2677595728560295e-11,1.8226410769864415e-22
18,26,Fe,3d⁶4s²→3d⁶4s4p,lower,19,24,7.110160185575982e-11,-1.8789085785346666e-11,0.5773502691896257,11897126320.586412,5.467712210187518e-11,1.134981579390309e-10,2.801766675827794e-22
18,26,Fe,3d⁶4s²→3d⁶4s4p,lower,19,25,8.982050996721973e-11,6.973223669341195e-11,-0.5773502691896257,14397702774.872759,3.974556396707445e-11,9.899445987495608e-11,2.7379321752701945e-22
18,26,Fe,3d⁶4s²→3d⁶4s4p,lower,20,21,2.8707375851443565e-11,1.3860327270395606e-11,0.5393446629166315,31215666781.918633,2.6000741273033972e-11,3.872052546422341e-11,2.0128444267888247e-23
18,26,Fe,3d⁶4s²→3d⁶4s4p,lower,20,22,4.630407552104917e-11,3.607365457900829e-11,-0.20601132958329835,21365320766.839756,3.620604022671117e-11,5.876633369987783e-11,6.301724157000723e-23
18,26,Fe,3d⁶4s²→3d⁶4s4p,lower,20,23,3.685896324358808e-11,2.408860588814712e-11,0.20601132958329824,37277029124.34838,1.6162731906553767e-11,4.020576229405761e-11,6.980313812877177e-23
18,26,Fe,3d⁶4s²→3d⁶4s4p,lower,20,24,7.103285395140976e-11,-1.8527231273896174e-11,0.5773502691896257,11896791635.943438,5.422653239497128e-11,1.1385143085935132e-10,2.8489147966766926e-22
18,26,Fe,3d⁶4s²→3d⁶4s4p,lower,20,25,9.002395225771857e-11,6.999409120486246e-11,-0.5773502691896257,14396867853.569632,3.9529337195314374e-11,9.923855112456147e-11,2.782827515942361e-22
18,26,Fe,3d⁶4s²→3d⁶4s4p,lower,21,22,2.8565965107971587e-11,1.3853553160128363e-11,0.5393446629166316,31370261604.199306,2.5856828949213624e-11,3.852037966118979e-11,1.992958762356323e-23
18,26,Fe,3d⁶4s²→3d⁶4s4p,lower,21,23,3.6788556815277144e-11,2.3980735493165613e-11,0.20601132958329824,44430431252.60899,1.1000285865062202e-11,3.8353297773489584e-11,8.825248224181983e-23
18,26,Fe,3d⁶4s²→3d⁶4s4p,lower,21,24,7.106106568308191e-11,-1.863510166887767e-11,0.5773502691896257,11896930513.27074,5.4204700100317456e-11,1.1380514416794574e-10,2.8294524387213138e-22
18,26,Fe,3d⁶4s²→3d⁶4s4p,lower,21,25,8.99401080474825e-11,6.988622080988095e-11,-0.5773502691896257,14397214208.107405,3.958608447175161e-11,9.915087328080455e-11,2.7643001923610836e-22
18,26,Fe,3d⁶4s²→3d⁶4s4p,lower,22,23,5.104195751740612e-11,4.5043375169356064e-11,-0.5393446629166314,50466076883.090416,3.7197266047132816e-12,5.114800273282492e-11,2.358307946860553e-22
18,26,Fe,3d⁶4s²→3d⁶4s4p,lower,22,24,7.111045086941714e-11,-1.882254448914693e-11,0.5773502691896257,11897168494.128666,5.432854364983334e-11,1.1364794854893377e-10,2.795765990835282e-22
18,26,Fe,3d⁶4s²→3d⁶4s4p,lower,22,25,8.979453674779201e-11,6.969877798961169e-11,-0.5773502691896257,14397808028.054893,3.983182712437094e-11,9.8939707986863e-11,2.732215188370751e-22
18,26,Fe,3d⁶4s²→3d⁶4s4p,lower,23,24,1.0310811679899715e-10,7.699919290505431e-11,-0.5773502691896257,11898545770.639261,5.550259308680789e-11,1.124825493489576e-10,2.5916611913879334e-22
18,26,Fe,3d⁶4s²→3d⁶4s4p,lower,23,25,5.7774550161975484e-11,-1.152212957370431e-11,0.5773502691896257,14401252345.791483,4.102614303727199e-11,9.776456791181715e-11,2.5373570512558415e-22
18,26,Fe,3d⁶4s²→3d⁶4s4p,lower,24,25,1.533234280863989e-10,1.533234280863989e-10,-1.0,15491379361.78599,1.639937044721087e-11,1.5314601628468482e-10,2.0491933833885003e-21
18,26,Fe,3d⁶4s²→3d⁶4s4p,upper,0,1,4.091338013023139e-12,4.091338013023139e-12,-1.0,542370139300.4096,7.860562566184766e-13,4.0615075551340535e-12,1.4596539283288895e-24
18,26,Fe,3d⁶4s²→3d⁶4s4p,upper,0,2,6.995886794030897e-12,-6.995886794030897e-12,1.0,112040267033.46443,7.29233145591118e-12,1.1068487858705848e-11,2.0669597646007963e-24
18,26,Fe,3d⁶4s²→3d⁶4s4p,upper,0,3,1.118328742160326e-11,1.118328742160326e-11,-1.0,110867939657.53427,7.105460258835296e-12,1.0950198077231719e-11,2.0758377866905845e-24
18,26,Fe,3d⁶4s²→3d⁶4s4p,upper,0,4,9.483049997603495e-12,2.04505807419671e-12,0.0,107329913365.10294,7.961019191905672e-12,1.0620640648284873e-11,1.0267560473030438e-24
18,26,Fe,3d⁶4s²→3d⁶4s4p,upper,0,5,9.473641950566663e-12,2.04505807419671e-12,0.0,107000038239.507,8.817690656857403e-12,1.1284210090628812e-11,8.768053659693942e-25
18,26,Fe,3d⁶4s²→3d⁶4s4p,upper,0,6,9.485471690404588e-12,2.04505807419671e-12,0.0,107240053547.98854,8.253557428185658e-12,1.0700991729097866e-11,1.0080571715473783e-24
18,26,Fe,3d⁶4s²→3d⁶4s4p,upper,0,7,9.458429616402392e-12,2.04505807419671e-12,0.0,108176896610.94151,7.2524226885111845e-12,1.0168286933845653e-11,1.1908653567703475e-24
18,26,Fe,3d⁶4s²→3d⁶4s4p,upper,0,8,9.489232619205338e-12,2.04505807419671e-12,0.0,107345853566.93555,7.788308133236371e-12,1.0658559158291e-11,1.0533250803457458e-24
18,26,Fe,3d⁶4s²→3d⁶4s4p,upper,0,9,9.489814292444353e-12,2.04505807419671e-12,0.0,107566350273.00468,7.486832695953182e-12,1.055484987293217e-11,1.1207674404284065e-24
18,26,Fe,3d⁶4s²→3d⁶4s4p,upper,0,10,2.6123929477087662e-11,-2.6123929477087662e-11,1.0,35546950195.30327,2.6125964140893804e-11,3.021335832780614e-11,2.0890628688082008e-24
18,26,Fe,3d⁶4s²→3d⁶4s4p,upper,0,11,2.941709231386987e-11,2.941709231386987e-11,-1.0,36584782615.00608,2.533156349835451e-11,2.941706487475153e-11,2.088940556271934e-24
18,26,Fe,3d⁶4s²→3d⁶4s4p,upper,0,12,2.8969958900773653e-11,2.04505807419671e-12,0.0,34583228872.872246,2.6931014455318326e-11,3.092239577789813e-11,1.0436841944994626e-24
18,26,Fe,3d⁶4s²→3d⁶4s4p,upper,0,13,3.006447047918009e-11,2.04505807419671e-12,0.0,33319738843.428444,2.798302144223371e-11,3.1987754836976376e-11,1.0438192882634318e-24
18,26,Fe,3d⁶4s²→3d⁶4s4p,upper,0,14,2.9825999720775084e-11,2.04505807419671e-12,0.0,33587083042.081722,2.781948926038443e-11,3.167846992772786e-11,1.0437911246716958e-24
18,26,Fe,3d⁶4s²→3d⁶4s4p,upper,0,15,3.0635197499827365e-11,2.04505807419671e-12,0.0,32696896494.844986,2.8539962125286514e-11,3.2530265500545905e-11,1.0438840262320072e-24
18,26,Fe,3d⁶4s²→3d⁶4s4p,upper,0,16,2.9401902220579364e-11,2.04505807419671e-12,0.0,34073301211.500053,2.7358331993977805e-11,3.135319310428677e-11,1.0437393240467626e-24
18,26,Fe,3d⁶4s²→3d⁶4s4p,upper,0,17,2.958692446134617e-11,2.04505807419671e-12,0.0,33859454101.99496,2.7601916710558794e-11,3.146736928227699e-11,1.0437621987501352e-24
18,26,Fe,3d⁶4s²→3d⁶4s4p,upper,0,18,2.797847512992826e-11,-1.476121472124196e-11,0.5773502691896257,34353214931.13476,2.713533897442161e-11,3.1042059318904877e-11,1.3914722679495712e-24
18,26,Fe,3d⁶4s²→3d⁶4s4p,upper,0,19,2.8453295674074317e-11,-1.5035833822552672e-11,0.5773502691896257,33800901801.086452,2.7614965415020442e-11,3.154154796689093e-11,1.3915556577479214e-24
18,26,Fe,3d⁶4s²→3d⁶4s4p,upper,0,20,2.8828714908246603e-11,-1.5252951533517297e-11,0.5773502691896257,33376648422.831173,2.8047118723018375e-11,3.194403387432965e-11,1.391618795722745e-24
18,26,Fe,3d⁶4s²→3d⁶4s4p,upper,0,21,2.8708228183725727e-11,-1.518327101824942e-11,0.5773502691896257,33511640674.499405,2.789463048078635e-11,3.181921737267261e-11,1.3915987923905294e-24
18,26,Fe,3d⁶4s²→3d⁶4s4p,upper,0,22,2.8521070869197577e-11,-1.507503124392039e-11,0.5773502691896257,33723513090.998486,2.7678968465114637e-11,3.1580746694922084e-11,1.3915672344936553e-24
18,26,Fe,3d⁶4s²→3d⁶4s4p,upper,0,23,2.9953889616023355e-11,1.863036684793303e-11,-0.5773502691896257,34810896059.65492,2.6755428348812413e-11,3.069253205157935e-11,1.3914021428631274e-24
18,26,Fe,3d⁶4s²→3d⁶4s4p,upper,0,24,8.348071285745596e-11,-8.348071285745596e-11,1.0,11694054040.746872,8.348086580195661e-11,8.757068320457725e-11,2.0909070605039004e-24
18,26,Fe,3d⁶4s²→3d⁶4s4p,upper,0,25,7.851591125482069e-11,2.04505807419671e-12,0.0,12739513565.52246,7.646318111822291e-11,8.051632488900374e-11,1.045310551363727e-24
18,26,Fe,3d⁶4s²→3d⁶4s4p,upper,1,2,1.1087224807054036e-11,1.1087224807054036e-11,-1.0,112096113680.57266,7.007001486331054e-12,1.0854462107511319e-11,2.0780168307153268e-24
18,26,Fe,3d⁶4s²→3d⁶4s4p,upper,1,3,7.09194940858012e-12,-7.09194940858012e-12,1.0,110819023830.80624,7.387797233532016e-12,1.1166951259055689e-11,2.069956361187068e-24
18,26,Fe,3d⁶4s²→3d⁶4s4p,upper,1,4,9.483313572705163e-12,2.046279938826429e-12,0.0,106971724519.86163,8.622556410550101e-12,1.1220858529687191e-11,9.064300921417898e-25
18,26,Fe,3d⁶4s²→3d⁶4s4p,upper,1,5,9.47390578741117e-12,2.046279938826429e-12,0.0,107351939397.67564,8.158119375688478e-12,1.084058203492791e-11,9.996067148503786e-25
18,26,Fe,3d⁶4s²→3d⁶4s4p,upper,1,6,9.485735198215962e-12,2.046279938826429e-12,0.0,107271821845.96489,7.981506771008053e-12,1.0757627816756782e-11,1.0180623275377062e-24
18,26,Fe,3d⁶4s²→3d⁶4s4p,upper,1,7,9.458693877573385e-12,2.046279938826429e-12,0.0,107940833279.30328,7.45075530263792e-12,1.059054646372727e-11,1.1225548863303916e-24
18,26,Fe,3d⁶4s²→3d⁶4s4p,upper,1,8,9.48949602258186e-12,2.046279938826429e-12,0.0,107695525000.35045,7.377116643221576e-12,1.0401508040228993e-11,1.1589970270521614e-24
18,26,Fe,3d⁶4s²→3d⁶4s4p,upper,1,9,9.49007767967615e-12,2.046279938826429e-12,0.0,107329157762.65414,7.724745777272947e-12,1.0855321425836056e-11,1.0486049942966e-24
18,26,Fe,3d⁶4s²→3d⁶4s4p,upper,1,10,3.02152674901108e-11,3.02152674901108e-11,-1.0,35547006442.12543,2.6127287451685808e-11,3.0215239981604284e-11,2.091557449566339e-24
18,26,Fe,3d⁶4s²→3d⁶4s4p,upper,1,11,2.5325754300846735e-11,-2.5325754300846735e-11,1.0,36584843940.84609,2.5327794926899224e-11,2.941762785109862e-11,2.091434844188817e-24
18,26,Fe,3d⁶4s²→3d⁶4s4p,upper,1,12,2.8970045180733165e-11,2.046279938826429e-12,0.0,34583203087.25957,2.6980306456729497e-11,3.092508749341779e-11,1.044929459773372e-24
18,26,Fe,3d⁶4s²→3d⁶4s4p,upper,1,13,3.006455361808483e-11,2.046279938826429e-12,0.0,33319715778.20452,2.803512709897417e-11,3.190953763892505e-11,1.0450648767648736e-24
18,26,Fe,3d⁶4s²→3d⁶4s4p,upper,1,14,2.982608352440665e-11,2.046279938826429e-12,0.0,33587059417.968403,2.7747553832810278e-11,3.176712939630982e-11,1.0450366456513719e-24
18,26,Fe,3d⁶4s²→3d⁶4s4p,upper,1,15,3.0635279089876675e-11,2.046279938826429e-12,0.0,32696874697.28304,2.8541137489152786e-11,3.248381471206096e-11,1.0451297694786555e-24
18,26,Fe,3d⁶4s²→3d⁶4s4p,upper,1,16,2.9401987233003763e-11,2.046279938826429e-12,0.0,34073276548.060585,2.744320607477208e-11,3.130069647171197e-11,1.0449847210979839e-24
18,26,Fe,3d⁶4s²→3d⁶4s4p,upper,1,17,2.958700894214572e-11,2.046279938826429e-12,0.0,33859429899.43682,2.7500385760931728e-11,3.151983373905877e-11,1.045007650825359e-24
18,26,Fe,3d⁶4s²→3d⁶4s4p,upper,1,18,3.033678221479085e-11,1.88525527342651e-11,-0.5773502691896257,34353214821.751827,2.7184207336474315e-11,3.1151853315490686e-11,1.3931323663451764e-24
18,26,Fe,3d⁶4s²→3d⁶4s4p,upper,1,19,3.08117256641773e-11,1.9127171835575812e-11,-0.5773502691896257,33800901700.28284,2.7634666184158772e-11,3.16246871559757e-11,1.3932159557941557e-24
18,26,Fe,3d⁶4s²→3d⁶4s4p,upper,1,20,3.118723794819807e-11,1.9344289546540437e-11,-0.5773502691896257,33376648328.363163,2.7988544250710306e-11,3.1995223656004246e-11,1.393279245305749e-24
18,26,Fe,3d⁶4s²→3d⁶4s4p,upper,1,21,3.1066721744395003e-11,1.927460903127256e-11,-0.5773502691896257,33511640578.07383,2.7848751934426155e-11,3.186632965573724e-11,1.3932591940355185e-24
18,26,Fe,3d⁶4s²→3d⁶4s4p,upper,1,22,3.087951792068854e-11,1.916636925694353e-11,-0.5773502691896257,33723512991.350918,2.7645179035892845e-11,3.16679767600888e-11,1.3932275602505682e-24
18,26,Fe,3d⁶4s²→3d⁶4s4p,upper,1,23,2.7595802102904907e-11,-1.4539028834909889e-11,0.5773502691896257,34810895943.09738,2.6701208941625317e-11,3.072164168895868e-11,1.3930620743908329e-24
18,26,Fe,3d⁶4s²→3d⁶4s4p,upper,1,24,8.757205087047909e-11,8.757205087047909e-11,-1.0,11694056039.766357,8.354038749172354e-11,8.751395984536294e-11,2.0934060547668222e-24
18,26,Fe,3d⁶4s²→3d⁶4s4p,upper,1,25,7.851594308951581e-11,2.046279938826429e-12,0.0,12739512273.94985,7.661612628906728e-11,8.037086431618012e-11,1.046559706490294e-24
18,26,Fe,3d⁶4s²→3d⁶4s4p,upper,2,3,1.8179174215634157e-11,1.8179174215634157e-11,-1.0,109829362951.99815,5.19909213465628e-12,1.817386630476266e-11,2.6884230006618816e-23
18,26,Fe,3d⁶4s²→3d⁶4s4p,upper,2,4,1.2941586411276694e-11,9.040944868227608e-12,0.0,70838112206.0648,1.1497909851591584e-11,1.7071117171624236e-11,4.2688285539867796e-24
18,26,Fe,3d⁶4s²→3d⁶4s4p,upper,2,5,1.2934694174623168e-11,9.040944868227608e-12,0.0,173232665849.35492,2.3283342374589613e-12,1.2824842316526495e-11,1.4562959746472103e-23
18,26,Fe,3d⁶4s²→3d⁶4s4p,upper,2,6,1.2943361030774071e-11,9.040944868227608e-12,0.0,66675523596.03222,1.2575727270792992e-11,1.7811438272429635e-11,3.805967256316811e-24
18,26,Fe,3d⁶4s²→3d⁶4s4p,upper,2,7,1.292355649161375e-11,9.040944868227608e-12,0.0,77838601860.55351,1.0165655539670275e-11,1.617509624214075e-11,5.055541077113927e-24
18,26,Fe,3d⁶4s²→3d⁶4s4p,upper,2,8,1.2946117459875164e-11,9.040944868227608e-12,0.0,69791394037.76115,1.1655340046665725e-11,1.7151832395373978e-11,4.158741860919726e-24
18,26,Fe,3d⁶4s²→3d⁶4s4p,upper,2,9,1.2946543820208353e-11,9.040944868227608e-12,0.0,158562639322.42877,3.0560332440767205e-12,1.2923930191862584e-11,1.386715141713275e-23
18,26,Fe,3d⁶4s²→3d⁶4s4p,upper,2,10,1.9128042683056763e-11,-1.9128042683056763e-11,1.0,36471349776.141846,1.913111411545157e-11,3.72019390236847e-11,4.0065921109074145e-23
18,26,Fe,3d⁶4s²→3d⁶4s4p,upper,2,11,3.6412979107900775e-11,3.6412979107900775e-11,-1.0,37596942641.12742,1.8331089371445552e-11,3.6000786484848665e-11,4.001904000072012e-23
18,26,Fe,3d⁶4s²→3d⁶4s4p,upper,2,12,3.027895210036187e-11,9.040944868227608e-12,0.0,34197978170.198025,2.0245622816266282e-11,3.789336893325238e-11,1.9718871803275464e-23
18,26,Fe,3d⁶4s²→3d⁶4s4p,upper,2,13,3.1327764152217846e-11,9.040944868227608e-12,0.0,32974205424.92771,2.161880088251952e-11,3.8753772199811786e-11,1.9770007390425464e-23
18,26,Fe,3d⁶4s²→3d⁶4s4p,upper,2,14,3.109898199181397e-11,9.040944868227608e-12,0.0,33233479674.83617,2.0905997352335813e-11,3.8355029891790485e-11,1.9759652403235365e-23
18,26,Fe,3d⁶4s²→3d⁶4s4p,upper,2,15,3.18758803397949e-11,9.040944868227608e-12,0.0,32370014126.965652,2.1651398021326645e-11,3.944157145724169e-11,1.9794775095464163e-23
18,26,Fe,3d⁶4s²→3d⁶4s4p,upper,2,16,3.069247914020638e-11,9.040944868227608e-12,0.0,33704482205.717415,2.0769897776096134e-11,3.796909998257007e-11,1.9739940082736326e-23
18,26,Fe,3d⁶4s²→3d⁶4s4p,upper,2,17,3.086976709767825e-11,9.040944868227608e-12,0.0,33497262501.75975,2.1185350607671617e-11,3.8446258050288224e-11,1.974830450374554e-23
18,26,Fe,3d⁶4s²→3d⁶4s4p,upper,2,18,2.5004038241182717e-11,-7.765327927211061e-12,0.5773502691896257,34336462341.674896,2.071111832046274e-11,3.807121758778769e-11,2.6253714465383286e-23
18,26,Fe,3d⁶4s²→3d⁶4s4p,upper,2,19,2.5458878298116623e-11,-8.039947028521775e-12,0.5773502691896257,33785450838.873062,2.0725023402815208e-11,3.83389941598972e-11,2.6285204102718786e-23
18,26,Fe,3d⁶4s²→3d⁶4s4p,upper,2,20,2.5819012198169045e-11,-8.2570647394864e-12,0.5773502691896257,33362125207.193474,2.135272728925678e-11,3.8880225493175705e-11,2.630901456354468e-23
18,26,Fe,3d⁶4s²→3d⁶4s4p,upper,2,21,2.570338318335222e-11,-8.187384224218524e-12,0.5773502691896257,33496815316.321465,2.1083626353117467e-11,3.869181167907211e-11,2.6301432892798632e-23
18,26,Fe,3d⁶4s²→3d⁶4s4p,upper,2,22,2.5523861219705667e-11,-8.079144449889494e-12,0.5773502691896257,33708245810.38826,2.0892664561290282e-11,3.8501844174890384e-11,2.6289604066989338e-23
18,26,Fe,3d⁶4s²→3d⁶4s4p,upper,2,23,3.4739743953613406e-11,2.5626253641963928e-11,-0.5773502691896257,34793058771.95115,1.98435951862364e-11,3.7440023662453244e-11,2.622738660545975e-23
18,26,Fe,3d⁶4s²→3d⁶4s4p,upper,2,24,7.648482606342505e-11,-7.648482606342505e-11,1.0,11725253656.505415,7.648777787794089e-11,9.456432831899396e-11,4.0783550664769457e-23
18,26,Fe,3d⁶4s²→3d⁶4s4p,upper,2,25,7.900825742767886e-11,9.040944868227608e-12,0.0,12719581432.535501,6.975262203062594e-11,8.72879212913756e-11,2.0337290063498722e-23
18,26,Fe,3d⁶4s²→3d⁶4s4p,upper,3,4,1.3009735213908576e-11,9.138229347406549e-12,0.0,160909678312.15295,2.662043858877144e-12,1.2962286684438476e-11,1.4065588761403552e-23
18,26,Fe,3d⁶4s²→3d⁶4s4p,upper,3,5,1.3002879099895596e-11,9.138229347406549e-12,0.0,70493113480.12936,1.1793695183176002e-11,1.725679280375503e-11,4.30446087168981e-24
18,26,Fe,3d⁶4s²→3d⁶4s4p,upper,3,6,1.3011500538693915e-11,9.138229347406549e-12,0.0,68505077306.704956,1.2480712941360832e-11,1.7608073018258943e-11,4.087306526936096e-24
18,26,Fe,3d⁶4s²→3d⁶4s4p,upper,3,7,1.2991799870972577e-11,9.138229347406549e-12,0.0,65408302730.87009,1.2741452278063559e-11,1.7939953675962688e-11,3.7277792251401244e-24
18,26,Fe,3d⁶4s²→3d⁶4s4p,upper,3,8,1.3014242535789617e-11,9.138229347406549e-12,0.0,77299322409.86398,1.021142726467592e-11,1.627895142677622e-11,5.129316760132211e-24
18,26,Fe,3d⁶4s²→3d⁶4s4p,upper,3,9,1.301466666434628e-11,9.138229347406549e-12,0.0,152031076764.12277,3.658060076246509e-12,1.3029832344288225e-11,1.364572948039284e-23
18,26,Fe,3d⁶4s²→3d⁶4s4p,upper,3,10,3.730721689869092e-11,3.730721689869092e-11,-1.0,36494281331.13571,1.903075820387782e-11,3.6888757428809397e-11,4.091607468680977e-23
18,26,Fe,3d⁶4s²→3d⁶4s4p,upper,3,11,1.8233804892266618e-11,-1.8233804892266618e-11,1.0,37620853139.14531,1.8236969467607958e-11,3.650226229281612e-11,4.0864188770000073e-23
18,26,Fe,3d⁶4s²→3d⁶4s4p,upper,3,12,3.030814233488222e-11,9.138229347406549e-12,0.0,34189671013.113003,1.9766825674932265e-11,3.7688528259868836e-11,2.0130176402825236e-23
18,26,Fe,3d⁶4s²→3d⁶4s4p,upper,3,13,3.135597803087087e-11,9.138229347406549e-12,0.0,32966702716.63686,2.112052907031748e-11,3.857363908189171e-11,2.0183447106571203e-23
18,26,Fe,3d⁶4s²→3d⁶4s4p,upper,3,14,3.1127403239310544e-11,9.138229347406549e-12,0.0,33225695909.926617,2.0934939551856092e-11,3.839769281402101e-11,2.0172309647471903e-23
18,26,Fe,3d⁶4s²→3d⁶4s4p,upper,3,15,3.1903609496926734e-11,9.138229347406549e-12,0.0,32362739161.92947,2.217827327852973e-11,3.9704761835704216e-11,2.0208745996081156e-23
18,26,Fe,3d⁶4s²→3d⁶4s4p,upper,3,16,3.07212764589539e-11,9.138229347406549e-12,0.0,33696249004.301735,2.1109219616875293e-11,3.832538664054663e-11,2.0151383687106004e-23
18,26,Fe,3d⁶4s²→3d⁶4s4p,upper,3,17,3.0898399184429764e-11,9.138229347406549e-12,0.0,33489279893.41244,2.1396940995814227e-11,3.848925473099471e-11,2.0160434209929596e-23
18,26,Fe,3d⁶4s²→3d⁶4s4p,upper,3,18,3.5185491356374487e-11,2.5944502142845216e-11,-0.5773502691896257,34335757531.973248,2.0250291325608495e-11,3.7935279112498814e-11,2.680000928315424e-23
18,26,Fe,3d⁶4s²→3d⁶4s4p,upper,3,19,3.565047061109609e-11,2.6219121244155933e-11,-0.5773502691896257,33784810429.20217,2.065262277779548e-11,3.831231618150875e-11,2.683290062482865e-23
18,26,Fe,3d⁶4s²→3d⁶4s4p,upper,3,20,3.601828706184354e-11,2.6436238955120555e-11,-0.5773502691896257,33361529512.722538,2.10897032996214e-11,3.877336231532758e-11,2.685775917477966e-23
18,26,Fe,3d⁶4s²→3d⁶4s4p,upper,3,21,3.5900223545229043e-11,2.6366558439852682e-11,-0.5773502691896257,33496198984.60069,2.1163243539823343e-11,3.8793017990361103e-11,2.684982903002248e-23
18,26,Fe,3d⁶4s²→3d⁶4s4p,upper,3,22,3.571686178348824e-11,2.6258318665523652e-11,-0.5773502691896257,33707553522.62794,2.1238043891913777e-11,3.867425717013979e-11,2.683731752206622e-23
18,26,Fe,3d⁶4s²→3d⁶4s4p,upper,3,23,2.4609021236579355e-11,-7.44707942632977e-12,0.5773502691896257,34792249283.970634,2.0307869794910494e-11,3.775085983763332e-11,2.677239285389816e-23
18,26,Fe,3d⁶4s²→3d⁶4s4p,upper,3,24,9.466400027905921e-11,9.466400027905921e-11,-1.0,11725969495.91999,7.641441330399826e-11,9.4642310292619e-11,4.166407014356683e-23
18,26,Fe,3d⁶4s²→3d⁶4s4p,upper,3,25,7.901944882909425e-11,9.138229347406549e-12,0.0,12719129341.552193,7.011072200336084e-11,8.702087822284454e-11,2.077516869643221e-23
18,26,Fe,3d⁶4s²→3d⁶4s4p,upper,4,5,1.6030295056544345e-11,1.3885050869166648e-11,-0.49999999999999983,148620508458.42224,2.5708749231525534e-12,1.584081074902195e-11,2.3184356388428542e-23
18,26,Fe,3d⁶4s²→3d⁶4s4p,upper,4,6,1.6040786296624543e-11,1.3891108379715619e-11,-0.5000000000000004,117584595777.19968,4.761327201660394e-12,1.617462152613755e-11,1.9752784921798726e-23
18,26,Fe,3d⁶4s²→3d⁶4s4p,upper,4,7,1.84946092203674e-11,1.84946092203674e-11,-1.0,111584463538.05447,4.426117403027683e-12,1.8446026740856433e-11,2.849677951422136e-23
18,26,Fe,3d⁶4s²→3d⁶4s4p,upper,4,8,9.263079617295648e-12,4.626790368651145e-12,0.49999999999999983,104785759379.12584,7.539214348470061e-12,1.1757143210631481e-11,2.436491745622674e-24
18,26,Fe,3d⁶4s²→3d⁶4s4p,upper,4,9,9.263377772017227e-12,4.626492533596038e-12,0.5000000000000004,91174030543.29555,9.114394982123291e-12,1.2676284091128367e-11,1.874130216746699e-24
18,26,Fe,3d⁶4s²→3d⁶4s4p,upper,4,10,2.965194486698342e-11,9.259912242036125e-12,0.0,35041179939.86162,1.947695716371838e-11,3.678808129694011e-11,2.0608195684921436e-23
18,26,Fe,3d⁶4s²→3d⁶4s4p,upper,4,11,2.8895920700819528e-11,9.259912242036125e-12,0.0,36034474836.03888,1.908617846194443e-11,3.630892355971165e-11,2.055881179122518e-23
18,26,Fe,3d⁶4s²→3d⁶4s4p,upper,4,12,1.963777375850166e-11,-1.9637773758501658e-11,1.0,35548435936.442726,1.9640917191653298e-11,3.8149408051932873e-11,4.2032934914394134e-23
18,26,Fe,3d⁶4s²→3d⁶4s4p,upper,4,13,3.5541322943753136e-11,2.4257329708608942e-11,-0.49999999999999983,33228338363.844856,2.117117726888414e-11,3.922285461172761e-11,2.5817408307641862e-23
18,26,Fe,3d⁶4s²→3d⁶4s4p,upper,4,14,3.530849932733438e-11,2.413781529334715e-11,-0.5000000000000004,33493309308.768543,2.0765092105181234e-11,3.893583108077619e-11,2.5801846408032808e-23
18,26,Fe,3d⁶4s²→3d⁶4s4p,upper,4,15,3.982677441869063e-11,3.982677441869063e-11,-1.0,33507399529.404003,2.1326092275353516e-11,3.951782016896954e-11,4.212437320033761e-23
18,26,Fe,3d⁶4s²→3d⁶4s4p,upper,4,16,2.5969904060873638e-11,-5.405434597211083e-12,0.49999999999999983,33975026399.78026,2.052034255738027e-11,3.856060424955695e-11,2.5773039446136426e-23
18,26,Fe,3d⁶4s²→3d⁶4s4p,upper,4,17,2.614637142554193e-11,-5.498168904869191e-12,0.5000000000000004,33763197375.757027,2.0519364244707586e-11,3.869350379509807e-11,2.5785813224565683e-23
18,26,Fe,3d⁶4s²→3d⁶4s4p,upper,4,18,2.241750102688355e-11,-1.398836630586717e-11,0.7986541716418109,34737140126.18942,2.0466052352176224e-11,3.8358389765147687e-11,3.3976224670568594e-23
18,26,Fe,3d⁶4s²→3d⁶4s4p,upper,4,19,2.715389235901382e-11,-2.818102246869714e-12,0.408248290463863,33589072999.174603,2.035453507132061e-11,3.854675022941739e-11,2.4072948245113527e-23
18,26,Fe,3d⁶4s²→3d⁶4s4p,upper,4,20,3.586865352814036e-11,2.562890765484837e-11,-0.5463428522861039,33320603260.474632,2.1468747915213957e-11,3.9190932680439086e-11,2.682313357474669e-23
18,26,Fe,3d⁶4s²→3d⁶4s4p,upper,4,21,3.726135086701325e-11,3.15180240349477e-11,-0.7459067426872383,33765195936.08517,2.122020381810359e-11,3.903477045802546e-11,3.227160568762654e-23
18,26,Fe,3d⁶4s²→3d⁶4s4p,upper,4,22,3.030129731613897e-11,6.729125273164398e-12,0.08534713286766836,33336321265.21987,2.1044232392303682e-11,3.890788476066377e-11,2.0835086535480538e-23
18,26,Fe,3d⁶4s²→3d⁶4s4p,upper,4,23,3.654937228171305e-11,3.2202529136809795e-11,-0.7986541716418109,35210156020.07202,1.949130619887576e-11,3.7673424914484825e-11,3.394600953987865e-23
18,26,Fe,3d⁶4s²→3d⁶4s4p,upper,4,24,8.602559774964504e-11,9.259912242036125e-12,0.0,11675333361.366692,7.689393534775408e-11,9.427687756339244e-11,2.1346232438668425e-23
18,26,Fe,3d⁶4s²→3d⁶4s4p,upper,4,25,6.922936127764961e-11,-6.922936127764961e-11,1.0,12785277456.278006,6.924162004767996e-11,8.773951286580764e-11,4.276083997787751e-23
18,26,Fe,3d⁶4s²→3d⁶4s4p,upper,5,6,1.6032443248866516e-11,1.3881473391940539e-11,-0.4999999999999997,125952352893.82262,3.995764552412819e-12,1.6029206215361383e-11,2.1012857963881975e-23
18,26,Fe,3d⁶4s²→3d⁶4s4p,upper,5,7,9.242496965303755e-12,4.632928765095416e-12,0.49999999999999983,153162031051.7152,3.989798333754964e-12,9.846200384140645e-12,4.6118704545012696e-24
18,26,Fe,3d⁶4s²→3d⁶4s4p,upper,5,8,1.8516521001031012e-11,1.8516521001031012e-11,-0.9999999999999999,12585698750893.031,1.5966492508910087e-14,1.7610258648323182e-11,4.145277556792167e-23
18,26,Fe,3d⁶4s²→3d⁶4s4p,upper,5,9,9.258569445766826e-12,4.6168575458209684e-12,0.4999999999999997,104836800993.17491,7.535548769820357e-12,1.175141259561269e-11,2.4341067019661835e-24
18,26,Fe,3d⁶4s²→3d⁶4s4p,upper,5,10,2.964893739993245e-11,9.250277254261052e-12,0.0,35042189568.683235,1.8935233379823213e-11,3.700836442904514e-11,2.0567258361116487e-23
18,26,Fe,3d⁶4s²→3d⁶4s4p,upper,5,11,2.8892834539008795e-11,9.250277254261052e-12,0.0,36035598550.81755,1.8565512504618887e-11,3.658016069932994e-11,2.0518142077870297e-23
18,26,Fe,3d⁶4s²→3d⁶4s4p,upper,5,12,3.4466730233341386e-11,2.369912025452994e-11,-0.49999999999999983,34480402452.91842,2.012434934026875e-11,3.781127458896022e-11,2.569115645656975e-23
18,26,Fe,3d⁶4s²→3d⁶4s4p,upper,5,13,2.074455767888459e-11,-2.074455767888459e-11,0.9999999999999999,34177205619.108356,2.074764318243527e-11,3.923685523403104e-11,4.200836468761246e-23
18,26,Fe,3d⁶4s²→3d⁶4s4p,upper,5,14,3.5301913297593725e-11,2.4128180305572058e-11,-0.4999999999999997,33493582637.337425,2.0892446009887553e-11,3.8614619839722455e-11,2.5750268052711637e-23
18,26,Fe,3d⁶4s²→3d⁶4s4p,upper,5,15,2.7150483286314658e-11,-6.033153834066195e-12,0.49999999999999983,32611188898.778297,2.173255906855141e-11,3.9425326848250715e-11,2.5801660057207807e-23
18,26,Fe,3d⁶4s²→3d⁶4s4p,upper,5,16,3.858097093275547e-11,3.858097093275547e-11,-0.9999999999999999,34992784766.40616,2.0254631391676966e-11,3.845691490366263e-11,4.197236690799921e-23
18,26,Fe,3d⁶4s²→3d⁶4s4p,upper,5,17,2.6148399207900908e-11,-5.5078038926442466e-12,0.4999999999999997,33763439219.03694,2.0935207490612263e-11,3.8578501072135104e-11,2.573419166743965e-23
18,26,Fe,3d⁶4s²→3d⁶4s4p,upper,5,18,3.503065403739225e-11,2.5153945279299357e-11,-0.5463428522861037,34291461952.031094,2.0107947705410727e-11,3.795485419524358e-11,2.6710309098383414e-23
18,26,Fe,3d⁶4s²→3d⁶4s4p,upper,5,19,2.7154893994256235e-11,-2.8277372346447917e-12,0.40824829046386313,33589435338.13016,2.089805081909803e-11,3.8518626058081173e-11,2.4024559138889752e-23
18,26,Fe,3d⁶4s²→3d⁶4s4p,upper,5,20,2.3249526189630045e-11,-1.467822554819188e-11,0.7986541716418107,33728801266.35042,2.0851875080406968e-11,3.9010988120154005e-11,3.397181712269885e-23
18,26,Fe,3d⁶4s²→3d⁶4s4p,upper,5,21,3.0477805315934217e-11,6.703489679008394e-12,0.08534713286766828,33132395801.827595,2.1117247155506864e-11,3.8555387238718444e-11,2.080305464846228e-23
18,26,Fe,3d⁶4s²→3d⁶4s4p,upper,5,22,3.706831926710769e-11,3.136854884650503e-11,-0.7459067426872384,33981188227.92334,2.074639879757858e-11,3.879152452685913e-11,3.219290988895506e-23
18,26,Fe,3d⁶4s²→3d⁶4s4p,upper,5,23,2.4908367285887923e-11,-6.444293935958217e-12,0.5463428522861037,34746146603.04655,2.02188363752887e-11,3.7847001224472524e-11,2.6681783180599924e-23
18,26,Fe,3d⁶4s²→3d⁶4s4p,upper,5,24,8.602456115978867e-11,9.250277254261052e-12,0.0,11675368658.92607,7.635815095915995e-11,9.470946640947029e-11,2.1302021945522847e-23
18,26,Fe,3d⁶4s²→3d⁶4s4p,upper,5,25,8.349958819342382e-11,4.8494914014103906e-11,-0.49999999999999983,12734965478.860466,7.017983556121507e-11,8.698883867748962e-11,2.659645246332361e-23
18,26,Fe,3d⁶4s²→3d⁶4s4p,upper,6,7,9.248575727475766e-12,4.645043786193342e-12,0.5000000000000004,217324377012.88202,1.9310674048303703e-12,9.005359777969335e-12,6.857892653887073e-24
18,26,Fe,3d⁶4s²→3d⁶4s4p,upper,6,8,9.264318611506603e-12,4.629270401974001e-12,0.4999999999999997,152801639924.93094,3.999194994006979e-12,9.86944894683336e-12,4.633711705292337e-24
18,26,Fe,3d⁶4s²→3d⁶4s4p,upper,6,9,1.852923169223915e-11,1.852923169223915e-11,-1.0,111376801968.91849,4.434337493438297e-12,1.8480558177059512e-11,2.8603829994083904e-23
18,26,Fe,3d⁶4s²→3d⁶4s4p,upper,6,10,2.965271944235543e-11,9.262392275358981e-12,0.0,35040982327.7627,1.9162397630826914e-11,3.6903907027089205e-11,2.0618880596247006e-23
18,26,Fe,3d⁶4s²→3d⁶4s4p,upper,6,11,2.889671554139795e-11,9.262392275358981e-12,0.0,36034313557.527954,1.878404493260387e-11,3.6471645609277436e-11,2.056956891769278e-23
18,26,Fe,3d⁶4s²→3d⁶4s4p,upper,6,12,3.4475061572612715e-11,2.3711235275627886e-11,-0.5000000000000004,34480080145.32632,1.981940681454498e-11,3.7951062325861496e-11,2.5755860417979927e-23
18,26,Fe,3d⁶4s²→3d⁶4s4p,upper,6,13,3.5543015639007334e-11,2.4259809741931797e-11,-0.4999999999999997,33228323338.062977,2.0891393981823002e-11,3.902413961730544e-11,2.5830867180790558e-23
18,26,Fe,3d⁶4s²→3d⁶4s4p,upper,6,14,2.0493413827263047e-11,-2.0493413827263047e-11,1.0,34468571035.83912,2.0496516307388105e-11,3.90099487933279e-11,4.210361269307197e-23
18,26,Fe,3d⁶4s²→3d⁶4s4p,upper,6,15,2.7147793757176915e-11,-6.021038812968282e-12,0.5000000000000004,32610901935.449207,2.1379680416124042e-11,3.940971061808804e-11,2.586687464035135e-23
18,26,Fe,3d⁶4s²→3d⁶4s4p,upper,6,16,2.5969387974415094e-11,-5.402954563888223e-12,0.4999999999999997,33974968843.27395,2.059487892406492e-11,3.8528066721247304e-11,2.5786341458778235e-23
18,26,Fe,3d⁶4s²→3d⁶4s4p,upper,6,17,3.877855456916959e-11,3.877855456916959e-11,-1.0,34763062963.94879,2.093691649685364e-11,3.877601314236267e-11,4.208940251282715e-23
18,26,Fe,3d⁶4s²→3d⁶4s4p,upper,6,18,3.269864911631282e-11,1.6607002798223975e-11,-0.25231131935570733,34009183284.36582,2.0244785194769167e-11,3.824556532804538e-11,2.1955829825125266e-23
18,26,Fe,3d⁶4s²→3d⁶4s4p,upper,6,19,3.753062412274551e-11,3.341842125317066e-11,-0.816496580927726,34205625555.580326,2.044073283713722e-11,3.853634489814907e-11,3.4657941042594023e-23
18,26,Fe,3d⁶4s²→3d⁶4s4p,upper,6,20,3.35185555406402e-11,1.682189966499966e-11,-0.2523113193557066,33060750417.36959,2.1004002286890892e-11,3.909091606753596e-11,2.200353393853396e-23
18,26,Fe,3d⁶4s²→3d⁶4s4p,upper,6,21,2.4720231517403435e-11,-1.0448931942299935e-11,0.6605596098195701,33617740897.82585,2.0826521764542495e-11,3.895476720152922e-11,2.9726298681729556e-23
18,26,Fe,3d⁶4s²→3d⁶4s4p,upper,6,22,2.454038208555604e-11,-1.032509234801326e-11,0.6605596098195698,33831378353.232204,2.094781143698827e-11,3.874863991432411e-11,2.9712565117258007e-23
18,26,Fe,3d⁶4s²→3d⁶4s4p,upper,6,23,2.787007045079949e-11,2.014346570804573e-12,0.25231131935570733,34453082419.10762,2.0106147240387547e-11,3.791712718632281e-11,2.1932871771509008e-23
18,26,Fe,3d⁶4s²→3d⁶4s4p,upper,6,24,8.602586473913617e-11,9.262392275358981e-12,0.0,11675324276.346518,7.65632736192071e-11,9.45460942659331e-11,2.1357620004373892e-23
18,26,Fe,3d⁶4s²→3d⁶4s4p,upper,6,25,8.350662494112635e-11,4.850702903520188e-11,-0.5000000000000004,12734950480.58681,6.975583158962026e-11,8.733178056046845e-11,2.6665788861377646e-23
18,26,Fe,3d⁶4s²→3d⁶4s4p,upper,7,8,1.602229242602106e-11,1.3867818851716252e-11,-0.49999999999999983,126030559366.01926,3.99333431834861e-12,1.6019057452714432e-11,2.0985922722892618e-23
18,26,Fe,3d⁶4s²→3d⁶4s4p,upper,7,9,1.6022808587185618e-11,1.386811668677136e-11,-0.5000000000000004,117715238836.72127,4.756089400057051e-12,1.6156493288311192e-11,1.9708193736363668e-23
18,26,Fe,3d⁶4s²→3d⁶4s4p,upper,7,10,2.964408015010779e-11,9.234696978331273e-12,0.0,35043346235.97922,1.9726329087341852e-11,3.726083471705734e-11,2.0499999885351337e-23
18,26,Fe,3d⁶4s²→3d⁶4s4p,upper,7,11,2.888785015710655e-11,9.234696978331273e-12,0.0,36037291172.23954,1.8586632614457083e-11,3.6367946833767235e-11,2.045222490603258e-23
18,26,Fe,3d⁶4s²→3d⁶4s4p,upper,7,12,3.813238297886906e-11,3.813238297886906e-11,-1.0,35543397568.0402,1.9682544746813837e-11,3.782811819808698e-11,4.181005532815582e-23
18,26,Fe,3d⁶4s²→3d⁶4s4p,upper,7,13,2.660782853645877e-11,-5.762720488241543e-12,0.49999999999999983,33229032702.996315,2.0918405985794783e-11,3.899697830616905e-11,2.5682337186737575e-23
18,26,Fe,3d⁶4s²→3d⁶4s4p,upper,7,14,2.6379950196972394e-11,-5.643206072979752e-12,0.5000000000000004,33493950133.67933,2.1351297319243774e-11,3.8951833347725465e-11,2.5666739084319781e-23
18,26,Fe,3d⁶4s²→3d⁶4s4p,upper,7,15,2.133216519832323e-11,-2.133216519832323e-11,1.0,33502611114.09043,2.133521779057806e-11,3.97932763562929e-11,4.1898631630773563e-23
18,26,Fe,3d⁶4s²→3d⁶4s4p,upper,7,16,3.48773463472843e-11,2.3900043817578476e-11,-0.49999999999999983,33975736096.535545,2.0620314631829173e-11,3.8500519368999454e-11,2.5638343234010615e-23
18,26,Fe,3d⁶4s²→3d⁶4s4p,upper,7,17,3.5057898961329056e-11,2.399277812523659e-11,-0.5000000000000004,33763893639.588688,2.0604217634251927e-11,3.862878642980323e-11,2.5650983954065998e-23
18,26,Fe,3d⁶4s²→3d⁶4s4p,upper,7,18,3.690546923453432e-11,3.2482975526234565e-11,-0.7986541716418109,34735291660.27926,1.989886355797621e-11,3.796025043429285e-11,3.379806542926065e-23
18,26,Fe,3d⁶4s²→3d⁶4s4p,upper,7,19,3.440383467081536e-11,2.131271146723711e-11,-0.408248290463863,33590193714.782486,2.0578047226634222e-11,3.849537079656375e-11,2.3946880733083058e-23
18,26,Fe,3d⁶4s²→3d⁶4s4p,upper,7,20,2.6088649112080672e-11,-7.1342984344809724e-12,0.5463428522861039,33321023710.872704,2.103186552924167e-11,3.8851203564983716e-11,2.6682802411516984e-23
18,26,Fe,3d⁶4s²→3d⁶4s4p,upper,7,21,2.3761981457777413e-11,-1.3023414814580297e-11,0.7459067426872383,33763963671.268757,2.0922101252060717e-11,3.8904983072011194e-11,3.2102184177406865e-23
18,26,Fe,3d⁶4s²→3d⁶4s4p,upper,7,22,3.180116514549431e-11,1.1765483947203001e-11,-0.08534713286766836,33338344750.121964,2.1119629210513375e-11,3.881959885274229e-11,2.0725835820454706e-23
18,26,Fe,3d⁶4s²→3d⁶4s4p,upper,7,23,2.2062656227566263e-11,-1.3707919916442397e-11,0.7986541716418109,35207921361.59256,1.9525193449544794e-11,3.7623430574905245e-11,3.3767346252716034e-23
18,26,Fe,3d⁶4s²→3d⁶4s4p,upper,7,24,8.602288719715888e-11,9.234696978331273e-12,0.0,11675425641.524443,7.650472950826118e-11,9.45880574192009e-11,2.1230625452824865e-23
18,26,Fe,3d⁶4s²→3d⁶4s4p,upper,7,25,8.772397049801701e-11,8.772397049801702e-11,-1.0,12785032524.51281,6.926145167162504e-11,8.771854241948182e-11,4.25288847172684e-23
18,26,Fe,3d⁶4s²→3d⁶4s4p,upper,8,9,1.605012083293408e-11,1.3899663455210045e-11,-0.4999999999999997,148437476605.3235,2.574036957227695e-12,1.5860402108357998e-11,2.324179712779739e-23
18,26,Fe,3d⁶4s²→3d⁶4s4p,upper,8,10,2.9653922722617446e-11,9.266243746769962e-12,0.0,35040412285.969376,1.9475542303202545e-11,3.741380567523956e-11,2.063481761287526e-23
18,26,Fe,3d⁶4s²→3d⁶4s4p,upper,8,11,2.889795030088455e-11,9.266243746769962e-12,0.0,36034082513.22372,1.832059851902916e-11,3.6518402851943656e-11,2.0586312976063772e-23
18,26,Fe,3d⁶4s²→3d⁶4s4p,upper,8,12,2.5557122826359503e-11,-5.182599253498924e-12,0.49999999999999983,34479971047.80671,1.998596201689676e-11,3.779326883289215e-11,2.577643513908682e-23
18,26,Fe,3d⁶4s²→3d⁶4s4p,upper,8,13,3.9261078679915603e-11,3.926107867991561e-11,-0.9999999999999999,34180310356.36702,2.0901506605370613e-11,3.913619825559309e-11,4.215089296701473e-23
18,26,Fe,3d⁶4s²→3d⁶4s4p,upper,8,14,2.6373219707932348e-11,-5.611659304541044e-12,0.4999999999999997,33493097231.455307,2.1137961782095912e-11,3.8775554256722986e-11,2.5835675223964817e-23
18,26,Fe,3d⁶4s²→3d⁶4s4p,upper,8,15,3.610313465620332e-11,2.4549674835097213e-11,-0.49999999999999983,32610752715.12372,2.2024933875008777e-11,3.960882335193817e-11,2.5887445144222713e-23
18,26,Fe,3d⁶4s²→3d⁶4s4p,upper,8,16,2.006444993172446e-11,-2.006444993172446e-11,0.9999999999999999,34996030738.15171,2.006757476089084e-11,3.8588713522421264e-11,4.2114384669733275e-23
18,26,Fe,3d⁶4s²→3d⁶4s4p,upper,8,17,3.507949634776404e-11,2.4024324893675258e-11,-0.4999999999999997,33763018281.70888,2.0920889477208418e-11,3.8554425960138684e-11,2.5819710849036733e-23
18,26,Fe,3d⁶4s²→3d⁶4s4p,upper,8,18,2.526818474333338e-11,-6.637424278268345e-12,0.5463428522861037,34291140196.8931,2.0235217292631935e-11,3.8105657787075134e-11,2.679877938501768e-23
18,26,Fe,3d⁶4s²→3d⁶4s4p,upper,8,19,3.442338637615874e-11,2.1344258235675805e-11,-0.40824829046386313,33588700819.33783,2.084851652402477e-11,3.853417520974497e-11,2.4104399513199927e-23
18,26,Fe,3d⁶4s²→3d⁶4s4p,upper,8,20,3.777540683124201e-11,3.3194746549222895e-11,-0.7986541716418107,33729941685.34045,2.1153794144062285e-11,3.9119711493424814e-11,3.408536857592506e-23
18,26,Fe,3d⁶4s²→3d⁶4s4p,upper,8,21,3.1992304574920876e-11,1.1813031322022618e-11,-0.08534713286766828,33131074295.538364,2.135136942055473e-11,3.8774650882122706e-11,2.087218502601238e-23
18,26,Fe,3d⁶4s²→3d⁶4s4p,upper,8,22,2.356372331134226e-11,-1.2852027845474016e-11,0.7459067426872384,33982069471.076515,2.0764215609826965e-11,3.8819127016713076e-11,3.230045746538713e-23
18,26,Fe,3d⁶4s²→3d⁶4s4p,upper,8,23,3.466900804514442e-11,2.496081493698923e-11,-0.5463428522861037,34745902560.36746,2.0036296465939155e-11,3.780856000877969e-11,2.677030392458813e-23
18,26,Fe,3d⁶4s²→3d⁶4s4p,upper,8,24,8.602627951171709e-11,9.266243746769962e-12,0.0,11675310156.79678,7.647285834066677e-11,9.461999508805986e-11,2.1375310259984203e-23
18,26,Fe,3d⁶4s²→3d⁶4s4p,upper,8,25,7.429083786633644e-11,-2.99783930130729e-11,0.49999999999999983,12734945719.794163,6.971690362967332e-11,8.736367671942401e-11,2.668785086050727e-23
18,26,Fe,3d⁶4s²→3d⁶4s4p,upper,9,10,2.9654108862730265e-11,9.266839416880168e-12,0.0,35040304025.65352,1.9962188576420446e-11,3.713069624031788e-11,2.0637252986092523e-23
18,26,Fe,3d⁶4s²→3d⁶4s4p,upper,9,11,2.88981413104041e-11,9.266839416880168e-12,0.0,36033865903.125534,1.8865816441156272e-11,3.624057762118335e-11,2.0588517148971165e-23
18,26,Fe,3d⁶4s²→3d⁶4s4p,upper,9,12,2.5557002040096787e-11,-5.182003583388736e-12,0.5000000000000004,34479963962.63182,1.9739698597369157e-11,3.7986986877712974e-11,2.5779634735028182e-23
18,26,Fe,3d⁶4s²→3d⁶4s4p,upper,9,13,2.6600885639083713e-11,-5.730578049692646e-12,0.4999999999999997,33228212044.468227,2.0822071248503227e-11,3.9069596881647884e-11,2.5854759352995032e-23
18,26,Fe,3d⁶4s²→3d⁶4s4p,upper,9,14,3.9022645519502195e-11,3.9022645519502195e-11,-1.0,34469097718.592316,2.1170241217245304e-11,3.902009826255141e-11,4.2142263526848425e-23
18,26,Fe,3d⁶4s²→3d⁶4s4p,upper,9,15,3.610353970698443e-11,2.4550270505207434e-11,-0.5000000000000004,32610776993.96191,2.140179783629148e-11,3.964950632260059e-11,2.5890771061978143e-23
18,26,Fe,3d⁶4s²→3d⁶4s4p,upper,9,16,3.4899380119770416e-11,2.3932186256127375e-11,-0.4999999999999997,33974900070.023026,2.0163143044348083e-11,3.841081345834706e-11,2.5810286089121326e-23
18,26,Fe,3d⁶4s²→3d⁶4s4p,upper,9,17,2.0249322876930445e-11,-2.0249322876930445e-11,1.0,34764341224.08427,2.025243895914394e-11,3.877476498278209e-11,4.213011068542101e-23
18,26,Fe,3d⁶4s²→3d⁶4s4p,upper,9,18,2.823303164756688e-11,1.9222288940151747e-12,0.25231131935570733,34009011137.310814,1.9852242880891026e-11,3.8031773489886796e-11,2.1976512872825564e-23
18,26,Fe,3d⁶4s²→3d⁶4s4p,upper,9,19,2.2659321123321205e-11,-1.4889189560931507e-11,0.816496580927726,34205922203.83889,2.0516189584216174e-11,3.8710610946318297e-11,3.4689933019191234e-23
18,26,Fe,3d⁶4s²→3d⁶4s4p,upper,9,20,2.9041904893496643e-11,1.7073320272394896e-12,0.2523113193557066,33060412999.6851,2.126680400070737e-11,3.921278771291823e-11,2.202377247773884e-23
18,26,Fe,3d⁶4s²→3d⁶4s4p,upper,9,21,3.6628453900886036e-11,2.897816363453908e-11,-0.6605596098195701,33617765997.164936,2.109789432015957e-11,3.8879252586914074e-11,2.9753638879454804e-23
18,26,Fe,3d⁶4s²→3d⁶4s4p,upper,9,22,3.6444407482218254e-11,2.885432404025241e-11,-0.6605596098195698,33831410831.45473,2.1125383088150317e-11,3.880865035335195e-11,2.973990171130369e-23
18,26,Fe,3d⁶4s²→3d⁶4s4p,upper,9,23,3.2333027470365285e-11,1.6514885121434578e-11,-0.25231131935570733,34452872569.892624,1.965331636486562e-11,3.787862124773902e-11,2.1953428358748668e-23
18,26,Fe,3d⁶4s²→3d⁶4s4p,upper,9,24,8.602634367582855e-11,9.266839416880168e-12,0.0,11675307973.464334,7.684653953857688e-11,9.43168753373937e-11,2.137804697220389e-23
18,26,Fe,3d⁶4s²→3d⁶4s4p,upper,9,25,7.429059749908984e-11,-2.9977797342962735e-11,0.5000000000000004,12734945047.25665,6.926227946900074e-11,8.772466804502945e-11,2.6691267876531765e-23
18,26,Fe,3d⁶4s²→3d⁶4s4p,upper,10,11,5.554102179095754e-11,5.554102179095754e-11,-1.0,67412713893.15751,9.95442019460491e-13,5.552480793409029e-11,2.913320909048095e-22
18,26,Fe,3d⁶4s²→3d⁶4s4p,upper,10,12,4.035552150387963e-11,2.8168987551284372e-11,0.0,22716743527.79776,3.5353250787725643e-11,5.3635844860960155e-11,4.149934677950504e-23
18,26,Fe,3d⁶4s²→3d⁶4s4p,upper,10,13,4.1148292580993785e-11,2.8168987551284372e-11,0.0,55545487704.453896,4.69253171024535e-12,4.135492637100391e-11,1.4621336430095388e-22
18,26,Fe,3d⁶4s²→3d⁶4s4p,upper,10,14,4.0974380489291747e-11,2.8168987551284372e-11,0.0,21065336177.806618,3.9130631383736544e-11,5.662634379049825e-11,3.8073097601178405e-23
18,26,Fe,3d⁶4s²→3d⁶4s4p,upper,10,15,4.156711347917974e-11,2.8168987551284372e-11,0.0,24200723710.381138,3.173084879507006e-11,5.222048943688979e-11,5.2038977749005024e-23
18,26,Fe,3d⁶4s²→3d⁶4s4p,upper,10,16,4.066671183321915e-11,2.8168987551284372e-11,0.0,22216741623.94662,3.639246697140908e-11,5.4551232118119145e-11,4.095895086802715e-23
18,26,Fe,3d⁶4s²→3d⁶4s4p,upper,10,17,4.080068254599402e-11,2.8168987551284372e-11,0.0,63396963622.164474,2.8071362229241894e-12,4.0851991730343844e-11,1.5074170396515627e-22
18,26,Fe,3d⁶4s²→3d⁶4s4p,upper,10,18,2.634412452848106e-11,1.1362714755845703e-11,0.5773502691896257,35944862920.257935,2.2014898373421873e-11,3.431256623487592e-11,1.875966939715143e-23
18,26,Fe,3d⁶4s²→3d⁶4s4p,upper,10,19,2.65793077641423e-11,1.108809565453499e-11,0.5773502691896257,44802192550.48312,1.534175833196626e-11,3.064541107364818e-11,2.873602503757886e-23
18,26,Fe,3d⁶4s²→3d⁶4s4p,upper,10,20,2.6769767167958816e-11,1.0870977943570365e-11,0.5773502691896257,20647100772.083244,4.482677566879175e-11,5.217636549968932e-11,6.75344529726865e-24
18,26,Fe,3d⁶4s²→3d⁶4s4p,upper,10,21,2.670821323391365e-11,1.0940658458838241e-11,0.5773502691896257,18712210591.69714,5.01722423514215e-11,5.6808383788392265e-11,5.509587662524828e-24
18,26,Fe,3d⁶4s²→3d⁶4s4p,upper,10,22,2.661340017148319e-11,1.1048898233167271e-11,0.5773502691896257,29679991864.967045,2.8694387877354816e-11,3.910137311381392e-11,1.3500811168500823e-23
18,26,Fe,3d⁶4s²→3d⁶4s4p,upper,10,23,5.0528130519425615e-11,4.475429632502069e-11,-0.5773502691896257,25139434123.721344,2.5842077165069935e-11,5.673365691128792e-11,1.162189500880973e-22
18,26,Fe,3d⁶4s²→3d⁶4s4p,upper,10,24,5.7356783380368284e-11,-5.7356783380368284e-11,1.0,12030418293.90793,5.7356934799461064e-11,1.1369468209483785e-10,3.8852464358183547e-22
18,26,Fe,3d⁶4s²→3d⁶4s4p,upper,10,25,8.3390994221873e-11,2.8168987551284372e-11,0.0,12545848971.622545,5.056024968412407e-11,1.0654471824780399e-10,1.8924271979799312e-22
18,26,Fe,3d⁶4s²→3d⁶4s4p,upper,11,12,3.980332290906775e-11,2.7372034239673165e-11,0.0,52831454957.30969,5.921594130646553e-12,4.019338962142416e-11,1.3058539150993446e-22
18,26,Fe,3d⁶4s²→3d⁶4s4p,upper,11,13,4.0606876032077304e-11,2.7372034239673165e-11,0.0,22580632422.944004,3.5600161875788015e-11,5.39294620210922e-11,4.172015392795169e-23
18,26,Fe,3d⁶4s²→3d⁶4s4p,upper,11,14,4.043063510798066e-11,2.7372034239673165e-11,0.0,22055447147.27286,3.6881707711723075e-11,5.465690181280196e-11,3.9287492219253604e-23
18,26,Fe,3d⁶4s²→3d⁶4s4p,upper,11,15,4.1031223741736385e-11,2.7372034239673165e-11,0.0,20724503671.65806,4.0041106166531016e-11,5.723307799648115e-11,3.677391763774451e-23
18,26,Fe,3d⁶4s²→3d⁶4s4p,upper,11,16,4.011879671774208e-11,2.7372034239673165e-11,0.0,25075690078.818474,3.0585367513319765e-11,5.0391816039610967e-11,4.8568579262069676e-23
18,26,Fe,3d⁶4s²→3d⁶4s4p,upper,11,17,4.025459098006595e-11,2.7372034239673165e-11,0.0,61767626576.269356,3.3381334788884145e-12,4.0323322486809795e-11,1.446853181130004e-22
18,26,Fe,3d⁶4s²→3d⁶4s4p,upper,11,18,5.016596877404059e-11,4.4178307035111834e-11,-0.5773502691896257,31157522141.986416,1.665752214977065e-11,5.28075994199887e-11,1.5520968317134304e-22
18,26,Fe,3d⁶4s²→3d⁶4s4p,upper,11,19,5.0592256107700086e-11,4.445292613642255e-11,-0.5773502691896257,45994260617.55891,5.245144447801204e-12,5.079849722465616e-11,2.229034294831124e-22
18,26,Fe,3d⁶4s²→3d⁶4s4p,upper,11,20,5.092990369227714e-11,4.467004384738717e-11,-0.5773502691896257,39073524606.728386,8.832976024204053e-12,5.1604274185657793e-11,2.0524297886527613e-22
18,26,Fe,3d⁶4s²→3d⁶4s4p,upper,11,21,5.082148222939098e-11,4.46003633321193e-11,-0.5773502691896257,28729009829.731445,1.9654603912407492e-11,5.441626691471382e-11,1.4490899178932745e-22
18,26,Fe,3d⁶4s²→3d⁶4s4p,upper,11,22,5.0653173397155394e-11,4.449212355779027e-11,-0.5773502691896257,25239847318.784267,2.5640447877753464e-11,5.6710514465413304e-11,1.1761838256413192e-22
18,26,Fe,3d⁶4s²→3d⁶4s4p,upper,11,23,2.5816629921774067e-11,1.0786725465936847e-11,0.5773502691896257,48210807469.526405,1.3750083696656579e-11,2.920907729290501e-11,2.920267977113271e-23
18,26,Fe,3d⁶4s²→3d⁶4s4p,upper,11,24,1.1289780517132583e-10,1.1289780517132583e-10,-1.0,12010372702.014477,5.815464367565942e-11,1.1289733797880182e-10,3.6729229143202184e-22
18,26,Fe,3d⁶4s²→3d⁶4s4p,upper,11,25,8.312517257766075e-11,2.7372034239673165e-11,0.0,12556200964.388365,5.124576533710207e-11,1.0579915012487783e-10,1.7916442489790507e-22
18,26,Fe,3d⁶4s²→3d⁶4s4p,upper,12,13,5.100536932900629e-11,4.38951034671106e-11,-0.49999999999999983,49961559910.10001,3.804228746776941e-12,5.111968987889046e-11,2.3475604325365168e-22
18,26,Fe,3d⁶4s²→3d⁶4s4p,upper,12,14,5.079722624759125e-11,4.3775589051848814e-11,-0.5000000000000004,41950490919.51135,7.288688085741504e-12,5.127967320288068e-11,2.1482783638158505e-22
18,26,Fe,3d⁶4s²→3d⁶4s4p,upper,12,15,5.946454817719228e-11,5.946454817719228e-11,-1.0,53184556158.24304,1.9243554483458588e-12,5.945405282335865e-11,3.3128026666388155e-22
18,26,Fe,3d⁶4s²→3d⁶4s4p,upper,12,16,2.911660474279685e-11,1.4232339161290578e-11,0.49999999999999983,33332466346.39674,2.3438196919130954e-11,3.736378538245008e-11,2.4040430548025544e-23
18,26,Fe,3d⁶4s²→3d⁶4s4p,upper,12,17,2.921183497887101e-11,1.4139604853632467e-11,0.5000000000000004,28911484346.258286,2.8749078271001315e-11,4.097451697736348e-11,1.860075042883935e-23
18,26,Fe,3d⁶4s²→3d⁶4s4p,upper,12,18,1.8406133894685412e-11,5.6494074526344895e-12,0.7986541716418109,26797902118.41481,3.508636442134453e-11,3.9617617009271895e-11,2.568533895763469e-24
18,26,Fe,3d⁶4s²→3d⁶4s4p,upper,12,19,3.18165604635432e-11,1.6819671511631947e-11,0.408248290463863,21187972026.948177,4.2005588761739477e-11,5.2681091604779685e-11,1.4236917077871504e-23
18,26,Fe,3d⁶4s²→3d⁶4s4p,upper,12,20,5.1757046327227356e-11,4.526668141335003e-11,-0.5463428522861039,23794007220.88227,2.8048314686042396e-11,5.88417881432272e-11,1.1581832063924193e-22
18,26,Fe,3d⁶4s²→3d⁶4s4p,upper,12,21,5.488112678554811e-11,5.1155797793449355e-11,-0.7459067426872383,52089589544.92215,2.8937700821388467e-12,5.492501721229884e-11,2.7915136585358484e-22
18,26,Fe,3d⁶4s²→3d⁶4s4p,upper,12,22,3.959925323342832e-11,2.6366899031666056e-11,0.08534713286766836,23204802232.262638,3.457461331946965e-11,5.255426813746299e-11,4.013208940905057e-23
18,26,Fe,3d⁶4s²→3d⁶4s4p,upper,12,23,5.464678156724151e-11,5.184030289531145e-11,-0.7986541716418109,57050106849.32094,2.2184772314835164e-12,5.4664802989805104e-11,2.8018745358407502e-22
18,26,Fe,3d⁶4s²→3d⁶4s4p,upper,12,24,9.027587578993183e-11,2.8897686000537784e-11,0.0,11533067848.66167,5.6845503909709e-11,1.1431559904286753e-10,2.002466965387674e-22
18,26,Fe,3d⁶4s²→3d⁶4s4p,upper,12,25,4.959158751914796e-11,-4.9591587519147954e-11,1.0,13208727897.517529,4.959158751914795e-11,1.0738695952022352e-10,4.0667459816341663e-22
18,26,Fe,3d⁶4s²→3d⁶4s4p,upper,13,14,5.174571104772189e-11,4.487273798445665e-11,-0.4999999999999997,49774492674.92538,3.703992795759087e-12,5.1861742113186593e-11,2.424950015064379e-22
18,26,Fe,3d⁶4s²→3d⁶4s4p,upper,13,15,3.028490053773136e-11,1.4711403844818393e-11,0.49999999999999983,46581630607.07179,1.2564352100156995e-11,3.276816680506203e-11,4.9126514434358374e-23
18,26,Fe,3d⁶4s²→3d⁶4s4p,upper,13,16,5.932552861164006e-11,5.932552861164006e-11,-0.9999999999999999,58732971998.720726,1.4368889280958058e-12,5.932018273793624e-11,3.324329024985826e-22
18,26,Fe,3d⁶4s²→3d⁶4s4p,upper,13,17,2.9758386101373764e-11,1.5236753786240346e-11,0.4999999999999997,32613592027.556114,2.39710384589795e-11,3.819876219135971e-11,2.5110058732754497e-23
18,26,Fe,3d⁶4s²→3d⁶4s4p,upper,13,18,5.197209186646137e-11,4.589850295818395e-11,-0.5463428522861037,67108518306.77118,1.1625673195452952e-12,5.195999987358904e-11,2.545020513380009e-22
18,26,Fe,3d⁶4s²→3d⁶4s4p,upper,13,19,3.2409946386907614e-11,1.7916820444239798e-11,0.40824829046386313,30122618053.337097,2.5857416494933157e-11,4.144816553847034e-11,3.0117879157519754e-23
18,26,Fe,3d⁶4s²→3d⁶4s4p,upper,13,20,1.9023421046661804e-11,6.0663321306927116e-12,0.7986541716418107,21858339666.462128,4.379576498624303e-11,4.774646872594029e-11,1.9528947383872013e-24
18,26,Fe,3d⁶4s²→3d⁶4s4p,upper,13,21,4.0464245288409274e-11,2.7448047357892985e-11,0.08534713286766828,20153247458.00353,4.1787662584641666e-11,5.815202723079392e-11,3.339618243451604e-23
18,26,Fe,3d⁶4s²→3d⁶4s4p,upper,13,22,5.573015618387644e-11,5.211310652538962e-11,-0.7459067426872384,27872288700.02565,1.8685806834420703e-11,5.875724332257577e-11,1.9036619792973648e-22
18,26,Fe,3d⁶4s²→3d⁶4s4p,upper,13,23,2.7989201125307568e-11,1.4300263742926375e-11,0.5463428522861037,20352085658.319252,4.524812089392924e-11,5.318528061320087e-11,7.875818136734359e-24
18,26,Fe,3d⁶4s²→3d⁶4s4p,upper,13,24,9.063303821521254e-11,2.9994834933145645e-11,0.0,11521328740.556202,5.556838876332781e-11,1.155025947868186e-10,2.150342074832149e-22
18,26,Fe,3d⁶4s²→3d⁶4s4p,upper,13,25,9.702849572965762e-11,6.923947169298851e-11,-0.49999999999999983,12672616398.359367,4.876825036338168e-11,1.0836129436807182e-10,2.655068083262151e-22
18,26,Fe,3d⁶4s²→3d⁶4s4p,upper,14,15,3.016951169723048e-11,1.4472375014294766e-11,0.5000000000000004,61712259925.07227,6.381369692395943e-12,3.081687757727571e-11,6.8250382686201e-23
18,26,Fe,3d⁶4s²→3d⁶4s4p,upper,14,16,2.954554373379901e-11,1.5090459263374824e-11,0.4999999999999997,47753614348.5087,1.2283961868204427e-11,3.1982304706489786e-11,4.677841239084657e-23
18,26,Fe,3d⁶4s²→3d⁶4s4p,upper,14,17,5.927196839643263e-11,5.927196839643263e-11,-1.0,75192233020.46223,6.802051493312875e-13,5.925466209917078e-11,3.3289041007348346e-22
18,26,Fe,3d⁶4s²→3d⁶4s4p,upper,14,18,4.658164902487073e-11,3.710041662548702e-11,-0.25231131935570733,24895647590.111046,2.8127894182824564e-11,5.439672771654947e-11,8.475820297030097e-23
18,26,Fe,3d⁶4s²→3d⁶4s4p,upper,14,19,5.655300902452778e-11,5.39118350804337e-11,-0.816496580927726,30379481189.95065,1.4871479101989735e-11,5.845392794949151e-11,2.21345794333158e-22
18,26,Fe,3d⁶4s²→3d⁶4s4p,upper,14,20,4.7254099062594656e-11,3.731531349226271e-11,-0.2523113193557066,37697688709.35775,1.1309138604677015e-11,4.856886066166113e-11,1.6057668905519976e-22
18,26,Fe,3d⁶4s²→3d⁶4s4p,upper,14,21,2.45520118091484e-11,1.0044481884963112e-11,0.6605596098195701,24769791599.79969,3.673402231575272e-11,4.4178919074457176e-11,6.926175768786852e-24
18,26,Fe,3d⁶4s²→3d⁶4s4p,upper,14,22,2.4474835701500648e-11,1.0168321479249787e-11,0.6605596098195698,19841712121.513817,4.747633763085845e-11,5.341009065596738e-11,4.403890101345093e-24
18,26,Fe,3d⁶4s²→3d⁶4s4p,upper,14,23,3.576705904826445e-11,2.250776039806762e-11,0.25231131935570733,19670176214.53137,4.4778891952938864e-11,5.729239906923131e-11,1.9550489293219556e-23
18,26,Fe,3d⁶4s²→3d⁶4s4p,upper,14,24,9.055421299017711e-11,2.975580610262203e-11,0.0,11523916724.05583,5.5805520467943095e-11,1.1526436945493046e-10,2.11774293254155e-22
18,26,Fe,3d⁶4s²→3d⁶4s4p,upper,14,25,9.685806966098548e-11,6.900044286246492e-11,-0.5000000000000004,12673831200.45878,4.885471801177248e-11,1.081904091725323e-10,2.6153292944499513e-22
18,26,Fe,3d⁶4s²→3d⁶4s4p,upper,15,16,5.18764872192063e-11,4.5232209015901705e-11,-0.49999999999999983,49010756047.19606,3.855436379572191e-12,5.1986781950614606e-11,2.4263787701773304e-22
18,26,Fe,3d⁶4s²→3d⁶4s4p,upper,15,17,5.20360775299199e-11,4.532494332355982e-11,-0.5000000000000004,40915100528.17764,7.276766300757874e-12,5.2511656818089084e-11,2.252718664225416e-22
18,26,Fe,3d⁶4s²→3d⁶4s4p,upper,15,18,5.6594516797894514e-11,5.38151407245578e-11,-0.7986541716418109,27453418943.44249,1.8975212437406995e-11,5.965338195852519e-11,1.9617770643099376e-22
18,26,Fe,3d⁶4s²→3d⁶4s4p,upper,15,19,5.0477496726679595e-11,4.2644876665560343e-11,-0.408248290463863,67454267023.376465,1.1937360388987382e-12,5.0457274330788257e-11,2.395798072128703e-22
18,26,Fe,3d⁶4s²→3d⁶4s4p,upper,15,20,2.8832253102816066e-11,1.419786676384226e-11,0.5463428522861039,33099449924.087334,2.380496948348796e-11,3.737317059378326e-11,2.28363383338921e-23
18,26,Fe,3d⁶4s²→3d⁶4s4p,upper,15,21,2.1541999960692518e-11,8.308750383742932e-12,0.7459067426872383,23336400455.117928,4.019424985481099e-11,4.5594136434917224e-11,3.646591191096435e-24
18,26,Fe,3d⁶4s²→3d⁶4s4p,upper,15,22,4.436599904272938e-11,3.309764914552623e-11,-0.08534713286766836,21081785822.01273,3.7766123608895876e-11,5.82390744456093e-11,5.2074927034499574e-23
18,26,Fe,3d⁶4s²→3d⁶4s4p,upper,15,23,1.889398971891465e-11,7.624245281880835e-12,0.7986541716418109,20361364991.68856,4.733193229609529e-11,5.09280116808193e-11,1.6183723641985314e-24
18,26,Fe,3d⁶4s²→3d⁶4s4p,upper,15,24,9.082395365089605e-11,3.05668621766545e-11,0.0,11515067224.571926,5.519125095880414e-11,1.1598235612006909e-10,2.2292103036934293e-22
18,26,Fe,3d⁶4s²→3d⁶4s4p,upper,15,25,1.0905613569634025e-10,1.0905613569634025e-10,-1.0,13269791779.181032,4.7922591819029643e-11,1.0905605638980321e-10,4.535275664043858e-22
18,26,Fe,3d⁶4s²→3d⁶4s4p,upper,16,17,5.096295657652454e-11,4.408877482539972e-11,-0.4999999999999997,50529083273.99889,3.805884060995218e-12,5.1084564019499113e-11,2.352269290375246e-22
18,26,Fe,3d⁶4s²→3d⁶4s4p,upper,16,18,2.783362673228281e-11,1.3427025653456112e-11,0.5463428522861037,38514974212.53017,1.9189486172031205e-11,3.379460540763746e-11,2.63544810905457e-23
18,26,Fe,3d⁶4s²→3d⁶4s4p,upper,16,19,4.9437569540421565e-11,4.140870816740027e-11,-0.40824829046386313,26170480007.478977,2.4462427627169508e-11,5.513347083841616e-11,1.14626961775493e-22
18,26,Fe,3d⁶4s²→3d⁶4s4p,upper,16,20,5.6228392939820496e-11,5.325919648094735e-11,-0.7986541716418107,31928785949.654243,1.3133114739237615e-11,5.772129462346466e-11,2.291213013443085e-22
18,26,Fe,3d⁶4s²→3d⁶4s4p,upper,16,21,4.3590522525916256e-11,3.187748125374708e-11,-0.08534713286766828,40686073302.87479,1.0581710473599908e-11,4.483081057970794e-11,1.3600260593737337e-22
18,26,Fe,3d⁶4s²→3d⁶4s4p,upper,16,22,2.102601885528709e-11,7.212422086250443e-12,0.7459067426872384,27299054351.300644,3.368523399092384e-11,3.970378516390321e-11,4.5284873289837934e-24
18,26,Fe,3d⁶4s²→3d⁶4s4p,upper,16,23,5.1050683766365817e-11,4.5025264868713685e-11,-0.5463428522861037,24196919109.66151,2.7503556884832186e-11,5.795901387205897e-11,1.133097264417748e-22
18,26,Fe,3d⁶4s²→3d⁶4s4p,upper,16,24,9.04154139796705e-11,2.933069367849442e-11,0.0,11528477642.848856,5.624733413559756e-11,1.1483088248754696e-10,2.0602902304768142e-22
18,26,Fe,3d⁶4s²→3d⁶4s4p,upper,16,25,6.869287307032839e-11,-9.91394308134844e-12,0.49999999999999983,12675958396.566559,4.931133656558986e-11,1.0775018972017891e-10,2.545253591676157e-22
18,26,Fe,3d⁶4s²→3d⁶4s4p,upper,17,18,3.5846712820330516e-11,2.2171551770945617e-11,0.25231131935570733,59658419419.525665,4.930278828370896e-12,3.616160731036393e-11,1.0723927315193826e-22
18,26,Fe,3d⁶4s²→3d⁶4s4p,upper,17,19,1.790217576591517e-11,5.360133315998934e-12,0.816496580927726,56621445319.64307,1.3485008972966682e-11,2.2408101394366163e-11,9.850881159312404e-24
18,26,Fe,3d⁶4s²→3d⁶4s4p,upper,17,20,3.636773228801152e-11,2.1956654904169933e-11,0.2523113193557066,28688130499.58496,2.6182430060609728e-11,4.479896549629432e-11,4.283778233601698e-23
18,26,Fe,3d⁶4s²→3d⁶4s4p,upper,17,21,5.408562744182714e-11,4.9227486511469526e-11,-0.6605596098195701,25631142749.148556,2.3279131108868974e-11,5.886618561182828e-11,1.5274024199399421e-22
18,26,Fe,3d⁶4s²→3d⁶4s4p,upper,17,22,5.391466369622868e-11,4.9103646917182854e-11,-0.6605596098195698,46638371299.05392,4.500350240091224e-12,5.407248444925697e-11,2.613771425042615e-22
18,26,Fe,3d⁶4s²→3d⁶4s4p,upper,17,23,4.609002304807692e-11,3.676420799836502e-11,-0.25231131935570733,38620428406.29786,1.0979294618647729e-11,4.73477492217522e-11,1.5258094610843345e-22
18,26,Fe,3d⁶4s²→3d⁶4s4p,upper,17,24,9.047574995548857e-11,2.951616229381061e-11,0.0,11526494401.295221,5.601549787124612e-11,1.1503906579181092e-10,2.0852728500757887e-22
18,26,Fe,3d⁶4s²→3d⁶4s4p,upper,17,25,6.86663509928427e-11,-9.728474466032288e-12,0.5000000000000004,12675035572.359646,4.906965766070222e-11,1.0796160653429858e-10,2.5757314493556183e-22
18,26,Fe,3d⁶4s²→3d⁶4s4p,upper,18,19,2.8171927746161637e-11,1.3152821291188894e-11,0.5393446629166316,31809603622.26997,2.5516534280165077e-11,3.799599444449049e-11,1.937508828420693e-23
18,26,Fe,3d⁶4s²→3d⁶4s4p,upper,18,20,4.587329736866539e-11,3.5281630304701896e-11,-0.20601132958329824,21565732591.876404,3.587774474409106e-11,5.82199064605608e-11,6.18128287748976e-23
18,26,Fe,3d⁶4s²→3d⁶4s4p,upper,18,21,4.5778755448855466e-11,3.525676675762755e-11,-0.20601132958329824,27496491356.85394,2.3815132504191e-11,5.157294581258561e-11,9.397017589488167e-23
18,26,Fe,3d⁶4s²→3d⁶4s4p,upper,18,22,2.8205451305325162e-11,1.3116204143604558e-11,0.5393446629166314,72573237746.2457,4.4998244859145596e-12,2.854843516144772e-11,6.447560639658425e-23
18,26,Fe,3d⁶4s²→3d⁶4s4p,upper,18,23,5.783591582289157e-11,5.7835915822891576e-11,-0.9999999999999999,58263276937.094604,1.902096043342312e-12,5.7835707337147335e-11,3.1609814988643294e-22
18,26,Fe,3d⁶4s²→3d⁶4s4p,upper,18,24,7.271362344597141e-11,-2.0269008502477533e-11,0.5773502691896257,11684215951.967768,5.703705803934464e-11,1.1432757247825947e-10,2.7011283551120633e-22
18,26,Fe,3d⁶4s²→3d⁶4s4p,upper,18,25,5.7952027452503317e-11,-3.357646735806973e-11,0.7986541716418109,12931421282.89381,4.9542556653156714e-11,1.0752382074318717e-10,3.316824767951033e-22
18,26,Fe,3d⁶4s²→3d⁶4s4p,upper,19,20,2.8579499466053288e-11,1.3425650163163543e-11,0.5393446629166316,31355707601.064133,2.5868995605286607e-11,3.8533837705315033e-11,1.9943788075919763e-23
18,26,Fe,3d⁶4s²→3d⁶4s4p,upper,19,21,4.614608063881941e-11,3.5732420993826606e-11,-0.20601132958329824,21438478603.28982,3.608749036549203e-11,5.856959675574047e-11,6.258918012851774e-23
18,26,Fe,3d⁶4s²→3d⁶4s4p,upper,19,22,4.600023783921747e-11,3.569379865135396e-11,-0.20601132958329846,27367452942.95893,2.39680542279911e-11,5.184856316508514e-11,9.494434079858832e-23
18,26,Fe,3d⁶4s²→3d⁶4s4p,upper,19,23,5.1158965411216806e-11,4.5078509625047733e-11,-0.5393446629166316,33928342598.163563,1.3039116836820893e-11,5.2768240295615805e-11,1.8308803086564237e-22
18,26,Fe,3d⁶4s²→3d⁶4s4p,upper,19,24,7.25824717275419e-11,-1.9793354266278468e-11,0.5773502691896257,11683684141.089874,5.632621025057508e-11,1.1492264456427077e-10,2.7859621177698594e-22
18,26,Fe,3d⁶4s²→3d⁶4s4p,upper,19,25,7.169272972920228e-11,-2.458139130400793e-12,0.408248290463863,12623792724.15506,4.894651574988813e-11,1.0805513370114654e-10,2.414909280852529e-22
18,26,Fe,3d⁶4s²→3d⁶4s4p,upper,20,21,2.870034816757972e-11,1.386680268109886e-11,0.5393446629166315,31223318615.00899,2.5994386330983246e-11,3.8711015453698665e-11,2.0118460853211267e-23
18,26,Fe,3d⁶4s²→3d⁶4s4p,upper,20,22,4.6292647832601456e-11,3.606985755796774e-11,-0.20601132958329835,21370592327.977703,3.619714657028159e-11,5.875178982679981e-11,6.298568527803275e-23
18,26,Fe,3d⁶4s²→3d⁶4s4p,upper,20,23,3.699002257031434e-11,2.4043026974198693e-11,0.20601132958329824,37157547136.05013,1.6205244568970755e-11,4.035013438668392e-11,7.039093987273677e-23
18,26,Fe,3d⁶4s²→3d⁶4s4p,upper,20,24,7.248082289856726e-11,-1.941729535966468e-11,0.5773502691896257,11683246208.469501,5.576547085130211e-11,1.153900085188099e-10,2.8538160736974623e-22
18,26,Fe,3d⁶4s²→3d⁶4s4p,upper,20,25,9.812140736460694e-11,7.284308507898451e-11,-0.5463428522861039,12703928835.379728,4.859080864160716e-11,1.0842228668120867e-10,2.753135248560899e-22
18,26,Fe,3d⁶4s²→3d⁶4s4p,upper,21,22,2.8552729648567573e-11,1.3847227093675855e-11,0.5393446629166316,31384803243.96803,2.584484887129628e-11,3.8502531544802364e-11,1.9911121964508643e-23
18,26,Fe,3d⁶4s²→3d⁶4s4p,upper,21,23,3.691168948660811e-11,2.3922336781457145e-11,0.20601132958329824,44316289760.67639,1.1013186983789057e-11,3.8482321443996504e-11,8.898719184088943e-23
18,26,Fe,3d⁶4s²→3d⁶4s4p,upper,21,24,7.251324850270501e-11,-1.953798555240623e-11,0.5773502691896257,11683388462.36627,5.575769120708083e-11,1.1533120478894091e-10,2.831964492446327e-22
18,26,Fe,3d⁶4s²→3d⁶4s4p,upper,21,25,1.0268913319671209e-10,8.83860196645902e-11,-0.7459067426872383,12880343025.669544,4.9054244675943054e-11,1.0814668341874637e-10,3.294185309508795e-22
18,26,Fe,3d⁶4s²→3d⁶4s4p,upper,22,23,5.121879815925905e-11,4.514640155038231e-11,-0.5393446629166314,50530873301.798386,3.666810513357026e-12,5.1325230615849206e-11,2.378357447140277e-22
18,26,Fe,3d⁶4s²→3d⁶4s4p,upper,22,24,7.256398689110882e-11,-1.9725462340943896e-11,0.5773502691896257,11683606234.23226,5.5882237737718306e-11,1.1517410838332558e-10,2.7981612193660145e-22
18,26,Fe,3d⁶4s²→3d⁶4s4p,upper,22,25,8.15020194301301e-11,2.295403007332466e-11,0.08534713286766836,12530066404.800413,4.895094757994706e-11,1.08090339974871e-10,2.100832947042527e-22
18,26,Fe,3d⁶4s²→3d⁶4s4p,upper,23,24,1.0477030845063237e-10,7.810492432536911e-11,-0.5773502691896257,11684626354.480768,5.6826017256584014e-11,1.1423901939522463e-10,2.6336806007158866e-22
18,26,Fe,3d⁶4s²→3d⁶4s4p,upper,23,25,1.0289451940910688e-10,9.141238318096129e-11,-0.7986541716418109,12926703158.74553,4.978879973966212e-11,1.0720374218515394e-10,3.2341146139366987e-22
18,26,Fe,3d⁶4s²→3d⁶4s4p,upper,24,25,1.1608283056120558e-10,8.552577093165266e-11,0.0,7590030627.79716,1.0772146315648099e-10,1.5820616072790697e-10,3.1644324607727016e-22
19,29,Cu,3d¹⁰4s→3d¹⁰4p,lower,0,1,3.666275588822039e-12,3.666275588822039e-12,-1.0,591333155025.8469,7.493069052607088e-13,3.644783724243515e-12,1.156126356892491e-24
19,29,Cu,3d¹⁰4s→3d¹⁰4p,lower,0,2,6.219766513657063e-12,-6.219766513657063e-12,1.0,125815099049.06621,6.435386284938571e-12,9.857640161017837e-12,1.6612557013103585e-24
19,29,Cu,3d¹⁰4s→3d¹⁰4p,lower,0,3,9.891893105717506e-12,9.891893105717506e-12,-1.0,125779636346.4762,6.226237384163424e-12,9.62172196711698e-12,1.6679679457796736e-24
19,29,Cu,3d¹⁰4s→3d¹⁰4p,lower,0,4,8.388746274633643e-12,1.833106304752575e-12,0.0,121421655141.84937,6.978428851152411e-12,9.337943546227115e-12,8.316076642634832e-25
19,29,Cu,3d¹⁰4s→3d¹⁰4p,lower,0,5,8.388746274633643e-12,1.833106304752575e-12,0.0,120906102981.34212,7.628677889915893e-12,9.988547757829031e-12,7.105512843425544e-25
19,29,Cu,3d¹⁰4s→3d¹⁰4p,lower,0,6,8.388764797542201e-12,1.833106304752575e-12,0.0,121267399061.19598,7.262746210979452e-12,9.628841455432804e-12,7.97333333713892e-25
19,29,Cu,3d¹⁰4s→3d¹⁰4p,lower,0,7,8.388728787201517e-12,1.833106304752575e-12,0.0,121869275966.60748,6.521148615093465e-12,9.189001561487207e-12,9.233658626586054e-25
19,29,Cu,3d¹⁰4s→3d¹⁰4p,lower,0,8,8.388728787201517e-12,1.833106304752575e-12,0.0,121736200137.92075,6.621972401864779e-12,9.285824421314554e-12,8.96230087405743e-25
19,29,Cu,3d¹⁰4s→3d¹⁰4p,lower,0,9,8.388799755408753e-12,1.833106304752575e-12,0.0,121537192659.66042,6.799944913612224e-12,9.379511668874108e-12,8.551838281824882e-25
19,29,Cu,3d¹⁰4s→3d¹⁰4p,lower,0,10,2.2785138483209214e-11,-2.2785138483209214e-11,1.0,40676761049.56693,2.2789635769684602e-11,2.645134614909034e-11,1.678391087870962e-24
19,29,Cu,3d¹⁰4s→3d¹⁰4p,lower,0,11,2.67238163337738e-11,2.67238163337738e-11,-1.0,40230274351.717766,2.3061186129259755e-11,2.672373717620364e-11,1.6784291877313024e-24
19,29,Cu,3d¹⁰4s→3d¹⁰4p,lower,0,12,2.6957180748408837e-11,1.833106304752575e-12,0.0,37160384017.28748,2.5075191977548055e-11,2.86440889881602e-11,8.386674662333426e-25
19,29,Cu,3d¹⁰4s→3d¹⁰4p,lower,0,13,2.6957180748408833e-11,1.833106304752575e-12,0.0,37160384017.190674,2.5125469214831762e-11,2.8707098021067397e-11,8.386674660124645e-25
19,29,Cu,3d¹⁰4s→3d¹⁰4p,lower,0,14,2.6955620231515315e-11,1.833106304752575e-12,0.0,37162542801.91651,2.5185687158708728e-11,2.8640993744141333e-11,8.386673028421155e-25
19,29,Cu,3d¹⁰4s→3d¹⁰4p,lower,0,15,2.6945084944055934e-11,1.833106304752575e-12,0.0,37177123663.695244,2.5120066863148195e-11,2.8697641822568047e-11,8.386662011234457e-25
19,29,Cu,3d¹⁰4s→3d¹⁰4p,lower,0,16,2.6945084944055938e-11,1.833106304752575e-12,0.0,37177123663.744865,2.508645770700827e-11,2.8677100299628923e-11,8.386662012364146e-25
19,29,Cu,3d¹⁰4s→3d¹⁰4p,lower,0,17,2.6980816488389395e-11,1.833106304752575e-12,0.0,37127717548.07153,2.5188450607062164e-11,2.862569170968151e-11,8.386699327383241e-25
19,29,Cu,3d¹⁰4s→3d¹⁰4p,lower,0,18,2.48209174887221e-11,-1.308221472534704e-11,0.5773502691896257,38708484331.57857,2.41218251972112e-11,2.7611594567376376e-11,1.1179494524609693e-24
19,29,Cu,3d¹⁰4s→3d¹⁰4p,lower,0,19,2.4810350444510926e-11,-1.3076102712399086e-11,0.5773502691896257,38724352742.30377,2.405594970168462e-11,2.7571972480705915e-11,1.117947695863482e-24
19,29,Cu,3d¹⁰4s→3d¹⁰4p,lower,0,20,2.48209174887221e-11,-1.308221472534704e-11,0.5773502691896257,38708484331.86171,2.4066340630259063e-11,2.7581804937716087e-11,1.1179494530343753e-24
19,29,Cu,3d¹⁰4s→3d¹⁰4p,lower,0,21,2.4827053094448537e-11,-1.3085763575416936e-11,0.5773502691896257,38699276539.743164,2.4126863177042536e-11,2.7617793104600985e-11,1.1179504717463732e-24
19,29,Cu,3d¹⁰4s→3d¹⁰4p,lower,0,22,2.4827053094448527e-11,-1.308576357541693e-11,0.5773502691896257,38699276539.87867,2.4088175688397378e-11,2.7610210933586364e-11,1.1179504720207619e-24
19,29,Cu,3d¹⁰4s→3d¹⁰4p,lower,0,23,2.710599319935087e-11,1.6847847453276768e-11,-0.5773502691896257,38452177471.07564,2.4241880548172448e-11,2.772811661053632e-11,1.117977735181989e-24
19,29,Cu,3d¹⁰4s→3d¹⁰4p,lower,0,24,2.7104064348224076e-11,1.6846732128843965e-11,-0.5773502691896257,38455033970.91619,2.4251014999856334e-11,2.7779247464812543e-11,1.1179774206977141e-24
19,29,Cu,3d¹⁰4s→3d¹⁰4p,lower,0,25,2.7105993199350868e-11,1.6847847453276765e-11,-0.5773502691896257,38452177470.86047,2.4276557657245344e-11,2.778370493558585e-11,1.1179777347380171e-24
19,29,Cu,3d¹⁰4s→3d¹⁰4p,lower,0,26,2.7100281074983195e-11,1.6844544516548226e-11,-0.5773502691896257,38460637981.17824,2.423119520329512e-11,2.7749787283713894e-11,1.1179768045396458e-24
19,29,Cu,3d¹⁰4s→3d¹⁰4p,lower,0,27,2.7100281074983195e-11,1.6844544516548226e-11,-0.5773502691896257,38460637981.14831,2.4232596465805267e-11,2.7759775066741396e-11,1.117976804477786e-24
19,29,Cu,3d¹⁰4s→3d¹⁰4p,lower,0,28,7.087096923029148e-11,-7.087096923029148e-11,1.0,13756573844.531952,7.087430609394615e-11,7.453400896209369e-11,1.679939076355821e-24
19,29,Cu,3d¹⁰4s→3d¹⁰4p,lower,1,2,9.886042102479101e-12,9.886042102479101e-12,-1.0,125874778545.01407,6.220260567483893e-12,9.615898332965835e-12,1.6680668558832173e-24
19,29,Cu,3d¹⁰4s→3d¹⁰4p,lower,1,3,6.225617516895469e-12,-6.225617516895469e-12,1.0,125720458178.9799,6.441204264616873e-12,9.863612490770703e-12,1.6613981336857717e-24
19,29,Cu,3d¹⁰4s→3d¹⁰4p,lower,1,4,8.38876003708009e-12,1.833169284069464e-12,0.0,121026616504.73737,7.485078956228243e-12,9.897305990586841e-12,7.396926732976118e-25
19,29,Cu,3d¹⁰4s→3d¹⁰4p,lower,1,5,8.38876003708009e-12,1.833169284069464e-12,0.0,121313170054.16336,7.267897607371505e-12,9.496160079273257e-12,8.085239747741943e-25
19,29,Cu,3d¹⁰4s→3d¹⁰4p,lower,1,6,8.38877855995826e-12,1.833169284069464e-12,0.0,121239933955.59535,7.187213096092506e-12,9.682658814839123e-12,7.903475189665086e-25
19,29,Cu,3d¹⁰4s→3d¹⁰4p,lower,1,7,8.388742549676652e-12,1.833169284069464e-12,0.0,121979548415.79156,6.445819507706825e-12,9.194901082400815e-12,9.456312234839564e-25
19,29,Cu,3d¹⁰4s→3d¹⁰4p,lower,1,8,8.388742549676652e-12,1.833169284069464e-12,0.0,121896867948.5236,6.497837671991667e-12,9.284450317943985e-12,9.286807665736106e-25
19,29,Cu,3d¹⁰4s→3d¹⁰4p,lower,1,9,8.388813517767461e-12,1.833169284069464e-12,0.0,121354395600.17111,6.963373031165564e-12,9.631882876816248e-12,8.148147834054165e-25
19,29,Cu,3d¹⁰4s→3d¹⁰4p,lower,1,10,2.645141407203125e-11,2.645141407203125e-11,-1.0,40676764942.77897,2.2788661193284103e-11,2.6451334971979814e-11,1.6785062972541563e-24
19,29,Cu,3d¹⁰4s→3d¹⁰4p,lower,1,11,2.305754074495176e-11,-2.305754074495176e-11,1.0,40230278117.95916,2.3062034246574166e-11,2.672387436555527e-11,1.6785444023555272e-24
19,29,Cu,3d¹⁰4s→3d¹⁰4p,lower,1,12,2.6957185031117698e-11,1.833169284069464e-12,0.0,37160382539.43403,2.5074200392224788e-11,2.8623771292737926e-11,8.38724998414823e-25
19,29,Cu,3d¹⁰4s→3d¹⁰4p,lower,1,13,2.6957185031117695e-11,1.833169284069464e-12,0.0,37160382539.304924,2.5186976723726217e-11,2.8647154999356717e-11,8.387249981223317e-25
19,29,Cu,3d¹⁰4s→3d¹⁰4p,lower,1,14,2.695562451447211e-11,1.833169284069464e-12,0.0,37162541323.8558,2.5100344866297138e-11,2.8693329180222615e-11,8.387248351126325e-25
19,29,Cu,3d¹⁰4s→3d¹⁰4p,lower,1,15,2.6945089228687328e-11,1.833169284069464e-12,0.0,37177122183.8337,2.5159439893490014e-11,2.8704249053538695e-11,8.387237331017053e-25
19,29,Cu,3d¹⁰4s→3d¹⁰4p,lower,1,16,2.694508922868733e-11,1.833169284069464e-12,0.0,37177122183.92716,2.5141808393733257e-11,2.8616932235519898e-11,8.387237333173294e-25
19,29,Cu,3d¹⁰4s→3d¹⁰4p,lower,1,17,2.6980820767346518e-11,1.833169284069464e-12,0.0,37127716074.106186,2.510937120549287e-11,2.8699896154007908e-11,8.387274652554477e-25
19,29,Cu,3d¹⁰4s→3d¹⁰4p,lower,1,18,2.693409606178903e-11,1.674849031416908e-11,-0.5773502691896257,38708484324.46379,2.4025277348564288e-11,2.7623175434609455e-11,1.1180261249216542e-24
19,29,Cu,3d¹⁰4s→3d¹⁰4p,lower,1,19,2.692352611036364e-11,1.6742378301221124e-11,-0.5773502691896257,38724352734.82659,2.4035141990821577e-11,2.763193235198653e-11,1.118024367379742e-24
19,29,Cu,3d¹⁰4s→3d¹⁰4p,lower,1,20,2.693409606178903e-11,1.674849031416908e-11,-0.5773502691896257,38708484324.33009,2.4073689570185885e-11,2.765523814688966e-11,1.1180261246510721e-24
19,29,Cu,3d¹⁰4s→3d¹⁰4p,lower,1,21,2.694023335390869e-11,1.6752039164238974e-11,-0.5773502691896257,38699276532.45548,2.4115174746667087e-11,2.7667441909296938e-11,1.1180271439795673e-24
19,29,Cu,3d¹⁰4s→3d¹⁰4p,lower,1,22,2.6940233353908684e-11,1.6752039164238967e-11,-0.5773502691896257,38699276532.44427,2.410800938584982e-11,2.7666816546316422e-11,1.118027143956835e-24
19,29,Cu,3d¹⁰4s→3d¹⁰4p,lower,1,23,2.499277376227288e-11,-1.318157186445473e-11,0.5773502691896257,38452177464.016556,2.4179531665147907e-11,2.773841334542653e-11,1.118054411157565e-24
19,29,Cu,3d¹⁰4s→3d¹⁰4p,lower,1,24,2.499084543137856e-11,-1.3180456540021927e-11,0.5773502691896257,38455033964.00887,2.4179840519926716e-11,2.7755978890410235e-11,1.1180540969485401e-24
19,29,Cu,3d¹⁰4s→3d¹⁰4p,lower,1,25,2.4992773762272878e-11,-1.3181571864454727e-11,0.5773502691896257,38452177463.964516,2.4191697928287316e-11,2.7786293845344165e-11,1.1180544110499896e-24
19,29,Cu,3d¹⁰4s→3d¹⁰4p,lower,1,26,2.4987063178864996e-11,-1.3178268927726189e-11,0.5773502691896257,38460637974.001945,2.4203540093303274e-11,2.7802422879139594e-11,1.1180534801614839e-24
19,29,Cu,3d¹⁰4s→3d¹⁰4p,lower,1,27,2.4987063178864996e-11,-1.3178268927726189e-11,0.5773502691896257,38460637973.904854,2.4228654400007896e-11,2.7817667892054974e-11,1.1180534799611903e-24
19,29,Cu,3d¹⁰4s→3d¹⁰4p,lower,1,28,7.453724481911353e-11,7.453724481911353e-11,-1.0,13756573994.846151,7.087090625097458e-11,7.453724481911353e-11,1.680054498639685e-24
19,29,Cu,3d¹⁰4s→3d¹⁰4p,lower,2,3,1.611165961937457e-11,1.611165961937457e-11,-1.0,130240207352.46114,3.633786809764326e-12,1.6051192106304786e-11,2.1870806645902906e-23
19,29,Cu,3d¹⁰4s→3d¹⁰4p,lower,2,4,1.1483011188931976e-11,8.052872818409638e-12,0.0,79111252678.41148,1.0229017266124267e-11,1.5109465514234804e-11,3.3076857967266446e-24
19,29,Cu,3d¹⁰4s→3d¹⁰4p,lower,2,5,1.1483011188931976e-11,8.052872818409638e-12,0.0,177300020704.0066,2.7897303119708494e-12,1.147136666110279e-11,1.0846834672805062e-23
19,29,Cu,3d¹⁰4s→3d¹⁰4p,lower,2,6,1.1483024720579522e-11,8.052872818409638e-12,0.0,76074426091.30927,1.0818952641126393e-11,1.5524165930846915e-11,3.070231633374775e-24
19,29,Cu,3d¹⁰4s→3d¹⁰4p,lower,2,7,1.1482998413749807e-11,8.052872818409638e-12,0.0,90869235464.06976,8.32259027125353e-12,1.3904981939855397e-11,4.279858156726162e-24
19,29,Cu,3d¹⁰4s→3d¹⁰4p,lower,2,8,1.1482998413749806e-11,8.052872818409638e-12,0.0,76819791180.76257,1.093492491731123e-11,1.5613542393073126e-11,3.1225056532807487e-24
19,29,Cu,3d¹⁰4s→3d¹⁰4p,lower,2,9,1.1483050258589967e-11,8.052872818409638e-12,0.0,277610018769.10767,1.1086705556997586e-12,1.1205400874169253e-11,1.325380804357822e-23
19,29,Cu,3d¹⁰4s→3d¹⁰4p,lower,2,10,1.6565371969552152e-11,-1.6565371969552152e-11,1.0,41777578079.751434,1.6585328985384128e-11,3.2670678034040194e-11,3.176182107761266e-23
19,29,Cu,3d¹⁰4s→3d¹⁰4p,lower,2,11,3.2943582847430864e-11,3.2943582847430864e-11,-1.0,41293135603.93596,1.7449863580360196e-11,3.2941819829745274e-11,3.177550856768073e-23
19,29,Cu,3d¹⁰4s→3d¹⁰4p,lower,2,12,2.8074509360046545e-11,8.052872818409638e-12,0.0,36780253829.35834,1.9027666384286723e-11,3.4808032780353086e-11,1.5691937319438126e-23
19,29,Cu,3d¹⁰4s→3d¹⁰4p,lower,2,13,2.8074509360046545e-11,8.052872818409638e-12,0.0,36780264706.77221,1.9418740061199444e-11,3.450791885906196e-11,1.569196896051471e-23
19,29,Cu,3d¹⁰4s→3d¹⁰4p,lower,2,14,2.8073010953060146e-11,8.052872818409638e-12,0.0,36782274409.643555,1.948234117736615e-11,3.489909824809462e-11,1.5691716408502846e-23
19,29,Cu,3d¹⁰4s→3d¹⁰4p,lower,2,15,2.806289515619062e-11,8.052872818409638e-12,0.0,36796453640.53299,1.9203085149890468e-11,3.4874066988336644e-11,1.5691386559240253e-23
19,29,Cu,3d¹⁰4s→3d¹⁰4p,lower,2,16,2.8062895156190623e-11,8.052872818409638e-12,0.0,36796433144.543465,1.9517906677631557e-11,3.4578313733831394e-11,1.5691347416181765e-23
19,29,Cu,3d¹⁰4s→3d¹⁰4p,lower,2,17,2.809720520416759e-11,8.052872818409638e-12,0.0,36748616712.96767,1.8948522269569127e-11,3.458877849875419e-11,1.5692964176847523e-23
19,29,Cu,3d¹⁰4s→3d¹⁰4p,lower,2,18,2.2181677085378164e-11,-6.862448211689977e-12,0.5773502691896257,38689396564.804924,1.7836836809874785e-11,3.350557551492719e-11,2.0823234947928336e-23
19,29,Cu,3d¹⁰4s→3d¹⁰4p,lower,2,19,2.2171566771529997e-11,-6.856336198742022e-12,0.5773502691896257,38705150761.01399,1.8506637514138068e-11,3.38473727447378e-11,2.0822450981918534e-23
19,29,Cu,3d¹⁰4s→3d¹⁰4p,lower,2,20,2.2181677085378164e-11,-6.862448211689977e-12,0.5773502691896257,38689395012.92754,1.7836566659347212e-11,3.34988993689541e-11,2.0823231841999156e-23
19,29,Cu,3d¹⁰4s→3d¹⁰4p,lower,2,21,2.2187547693581485e-11,-6.8659970617598724e-12,0.5773502691896257,38680137558.411995,1.8481064807666676e-11,3.3863605744528177e-11,2.0823475308257792e-23
19,29,Cu,3d¹⁰4s→3d¹⁰4p,lower,2,22,2.2187547693581482e-11,-6.865997061759866e-12,0.5773502691896257,38680207303.863205,1.7844858845966695e-11,3.35344689886118e-11,2.0823602085037633e-23
19,29,Cu,3d¹⁰4s→3d¹⁰4p,lower,2,23,3.13528263102683e-11,2.3067613966933833e-11,-0.5773502691896257,38433656051.1853,1.8165526555237334e-11,3.392684430298007e-11,2.0833540347202527e-23
19,29,Cu,3d¹⁰4s→3d¹⁰4p,lower,2,24,3.135093747236516e-11,2.306649864250103e-11,-0.5773502691896257,38436528638.91593,1.8185490180564104e-11,3.3937129264074624e-11,2.0833470275042795e-23
19,29,Cu,3d¹⁰4s→3d¹⁰4p,lower,2,25,3.135282631026829e-11,2.3067613966933827e-11,-0.5773502691896257,38433649293.149704,1.8193957309034668e-11,3.39424249178025e-11,2.0833527356450823e-23
19,29,Cu,3d¹⁰4s→3d¹⁰4p,lower,2,26,3.1347232695585217e-11,2.306431103020529e-11,-0.5773502691896257,38442126052.27791,1.8153798851414227e-11,3.391748153302833e-11,2.0833256494829335e-23
19,29,Cu,3d¹⁰4s→3d¹⁰4p,lower,2,27,3.1347232695585217e-11,2.306431103020529e-11,-0.5773502691896257,38442083250.67224,1.8218996579588774e-11,3.395102055188744e-11,2.0833172797772306e-23
19,29,Cu,3d¹⁰4s→3d¹⁰4p,lower,2,28,6.465120271663442e-11,-6.465120271663442e-11,1.0,13796866457.787745,6.465332812607742e-11,8.075524677871718e-11,3.2349641208697606e-23
19,29,Cu,3d¹⁰4s→3d¹⁰4p,lower,3,4,1.1487159354647379e-11,8.058786800964932e-12,0.0,164304168987.5274,3.2161718673996883e-12,1.158638616769635e-11,1.0114378781162852e-23
19,29,Cu,3d¹⁰4s→3d¹⁰4p,lower,3,5,1.1487159354647379e-11,8.058786800964932e-12,0.0,79060043338.00656,1.071562483610077e-11,1.5357485733974723e-11,3.299926884449752e-24
19,29,Cu,3d¹⁰4s→3d¹⁰4p,lower,3,6,1.1487172881408471e-11,8.058786800964932e-12,0.0,78568336519.28958,1.0516371028075024e-11,1.535612203454767e-11,3.2644881181620184e-24
19,29,Cu,3d¹⁰4s→3d¹⁰4p,lower,3,7,1.1487146584078503e-11,8.058786800964932e-12,0.0,73439042836.491,1.1606799884850885e-11,1.6094071761544878e-11,2.8700799360181127e-24
19,29,Cu,3d¹⁰4s→3d¹⁰4p,lower,3,8,1.1487146584078502e-11,8.058786800964932e-12,0.0,90743223754.31372,8.944440187705462e-12,1.4152183109546875e-11,4.255034136481228e-24
19,29,Cu,3d¹⁰4s→3d¹⁰4p,lower,3,9,1.1487198410196845e-11,8.058786800964932e-12,0.0,172562456217.3605,2.765786010848543e-12,1.1517837558869514e-11,1.0553962047065163e-23
19,29,Cu,3d¹⁰4s→3d¹⁰4p,lower,3,10,3.267703158892672e-11,3.267703158892672e-11,-1.0,41778720876.94977,1.7175161051121074e-11,3.267527235497809e-11,3.1806404672035954e-23
19,29,Cu,3d¹⁰4s→3d¹⁰4p,lower,3,11,1.6831923228056293e-11,-1.6831923228056293e-11,1.0,41295480191.67711,1.6851796405017482e-11,3.294905582392048e-11,3.1822232257510853e-23
19,29,Cu,3d¹⁰4s→3d¹⁰4p,lower,3,12,2.8076206294320942e-11,8.058786800964932e-12,0.0,36779616184.285736,1.9491248246060714e-11,3.493131076813842e-11,1.5714081002700432e-23
19,29,Cu,3d¹⁰4s→3d¹⁰4p,lower,3,13,2.8076206294320942e-11,8.058786800964932e-12,0.0,36779608941.73863,1.951313478151781e-11,3.490229126811465e-11,1.5714066260657168e-23
19,29,Cu,3d¹⁰4s→3d¹⁰4p,lower,3,14,2.807470797790354e-11,8.058786800964932e-12,0.0,36781681806.93519,1.9824191604785045e-11,3.4683211638460896e-11,1.5713963770985254e-23
19,29,Cu,3d¹⁰4s→3d¹⁰4p,lower,3,15,2.806459279272145e-11,8.058786800964932e-12,0.0,36795981313.931114,1.886910408739771e-11,3.460915039929265e-11,1.571389321229677e-23
19,29,Cu,3d¹⁰4s→3d¹⁰4p,lower,3,16,2.8064592792721453e-11,8.058786800964932e-12,0.0,36795971992.28249,1.8918736361602924e-11,3.45680285513761e-11,1.5713874331571733e-23
19,29,Cu,3d¹⁰4s→3d¹⁰4p,lower,3,17,2.8098900767806348e-11,8.058786800964932e-12,0.0,36748017433.22847,1.9382306832333352e-11,3.4507411181366604e-11,1.571519783943356e-23
19,29,Cu,3d¹⁰4s→3d¹⁰4p,lower,3,18,3.118883187128439e-11,2.2974107831064547e-11,-0.5773502691896257,38689337375.03541,1.8154526717859604e-11,3.355908617368782e-11,2.085266966494258e-23
19,29,Cu,3d¹⁰4s→3d¹⁰4p,lower,3,19,3.1178483910146336e-11,2.2967995818116592e-11,-0.5773502691896257,38705161638.009735,1.822934296100672e-11,3.361791991637596e-11,2.0852011616915757e-23
19,29,Cu,3d¹⁰4s→3d¹⁰4p,lower,3,20,3.118883187128439e-11,2.2974107831064547e-11,-0.5773502691896257,38689309877.48267,1.8202328564448487e-11,3.3691262504947617e-11,2.0852617263884052e-23
19,29,Cu,3d¹⁰4s→3d¹⁰4p,lower,3,21,3.1194840335525685e-11,2.2977656681134442e-11,-0.5773502691896257,38680096469.49498,1.8236189086776087e-11,3.372465825902462e-11,2.0852939230899635e-23
19,29,Cu,3d¹⁰4s→3d¹⁰4p,lower,3,22,3.119484033552568e-11,2.2977656681134436e-11,-0.5773502691896257,38680075229.44108,1.832875922345279e-11,3.371631803244508e-11,2.0852898403667452e-23
19,29,Cu,3d¹⁰4s→3d¹⁰4p,lower,3,23,2.2344355090261607e-11,-6.9559543475592616e-12,0.5773502691896257,38433579143.97727,1.85401448890642e-11,3.384188590814502e-11,2.0862963239780952e-23
19,29,Cu,3d¹⁰4s→3d¹⁰4p,lower,3,24,2.2342508959587563e-11,-6.954839023126459e-12,0.5773502691896257,38436434340.36015,1.8384658180311783e-11,3.3808387220780067e-11,2.0862857962921e-23
19,29,Cu,3d¹⁰4s→3d¹⁰4p,lower,3,25,2.2344355090261603e-11,-6.955954347559258e-12,0.5773502691896257,38433600022.849434,1.8297185439865315e-11,3.383641817288957e-11,2.086300425446778e-23
19,29,Cu,3d¹⁰4s→3d¹⁰4p,lower,3,26,2.233888797620964e-11,-6.95265141083072e-12,0.5773502691896257,38442058633.51877,1.8267757241130205e-11,3.3821423725944414e-11,2.086269750100822e-23
19,29,Cu,3d¹⁰4s→3d¹⁰4p,lower,3,27,2.233888797620964e-11,-6.95265141083072e-12,0.5773502691896257,38442071223.74774,1.831007089316055e-11,3.3776776631776795e-11,2.0862722887261522e-23
19,29,Cu,3d¹⁰4s→3d¹⁰4p,lower,3,28,8.076286233600898e-11,8.076286233600898e-11,-1.0,13796929309.64174,6.46518024299542e-11,8.075764812558477e-11,3.239706322523006e-23
19,29,Cu,3d¹⁰4s→3d¹⁰4p,lower,4,5,1.4178587941222092e-11,1.2279017346890035e-11,-0.49999999999999983,277906731678.6952,9.977941363941864e-13,1.364861255029027e-11,2.114692937470558e-23
19,29,Cu,3d¹⁰4s→3d¹⁰4p,lower,4,6,1.417860437981269e-11,1.2279026837712911e-11,-0.5000000000000004,154122722670.2707,2.6566035635402437e-12,1.4076581883909312e-11,1.7204084719896037e-23
19,29,Cu,3d¹⁰4s→3d¹⁰4p,lower,4,7,1.637200520866002e-11,1.637200520866002e-11,-1.0,125116405502.82713,4.037185169418901e-12,1.6337433151465504e-11,2.221584365434734e-23
19,29,Cu,3d¹⁰4s→3d¹⁰4p,lower,4,8,8.186002604344723e-12,4.0930147425600274e-12,0.49999999999999983,126521084175.86739,6.34344948706805e-12,1.0115740090903409e-11,2.1369274278519327e-24
19,29,Cu,3d¹⁰4s→3d¹⁰4p,lower,4,9,8.186038967366391e-12,4.092978379661232e-12,0.5000000000000004,110504834608.95966,7.428850674006606e-12,1.0904840828074536e-11,1.6660441178674754e-24
19,29,Cu,3d¹⁰4s→3d¹⁰4p,lower,4,10,2.5943568794128228e-11,8.186011564593357e-12,0.0,40083418235.45163,1.6946929512591513e-11,3.2536312834227935e-11,1.6090137009366853e-23
19,29,Cu,3d¹⁰4s→3d¹⁰4p,lower,4,11,2.620225622125839e-11,8.186011564593357e-12,0.0,39655908008.46221,1.705749883636759e-11,3.2624077694835955e-11,1.6104820281400734e-23
19,29,Cu,3d¹⁰4s→3d¹⁰4p,lower,4,12,1.8708770739375203e-11,-1.8708770739375203e-11,1.0,38091071100.53815,1.8728396107142266e-11,3.508033923941028e-11,3.2914112105920494e-23
19,29,Cu,3d¹⁰4s→3d¹⁰4p,lower,4,13,3.178837994426617e-11,2.163340271657763e-11,-0.49999999999999983,37062253928.22068,1.8816327133095783e-11,3.490126152241094e-11,2.0197663894421107e-23
19,29,Cu,3d¹⁰4s→3d¹⁰4p,lower,4,14,3.1786855201410196e-11,2.163262064775216e-11,-0.5000000000000004,37064405681.25972,1.8788779471796747e-11,3.486881485889641e-11,2.0197602527793033e-23
19,29,Cu,3d¹⁰4s→3d¹⁰4p,lower,4,15,3.506866998815456e-11,3.506866998815456e-11,-1.0,38108857896.70267,1.913957736374396e-11,3.50523082643039e-11,3.2913014903873263e-23
19,29,Cu,3d¹⁰4s→3d¹⁰4p,lower,4,16,2.3866846388059683e-11,-5.255317647187243e-12,0.49999999999999983,37078856526.19803,1.877026859533622e-11,3.48468127390778e-11,2.0197011541997334e-23
19,29,Cu,3d¹⁰4s→3d¹⁰4p,lower,4,17,2.3901046736073275e-11,-5.273224851857081e-12,0.5000000000000004,37029874534.981476,1.885025064577753e-11,3.493513965623664e-11,2.0198978712330546e-23
19,29,Cu,3d¹⁰4s→3d¹⁰4p,lower,4,18,1.9915203008918187e-11,-1.244649524758141e-11,0.7986541716418109,39137885810.92455,1.7656668204975426e-11,3.369202013799899e-11,2.6559560618741645e-23
19,29,Cu,3d¹⁰4s→3d¹⁰4p,lower,4,19,2.369100807138438e-11,-2.3563912335622036e-12,0.408248290463863,38475147478.35397,1.8328279034524795e-11,3.396228452673636e-11,1.879417552043608e-23
19,29,Cu,3d¹⁰4s→3d¹⁰4p,lower,4,20,3.107234116783296e-11,2.2300284076816094e-11,-0.5463428522861039,38639327236.47898,1.8117504450212938e-11,3.387827068344986e-11,2.092229897367068e-23
19,29,Cu,3d¹⁰4s→3d¹⁰4p,lower,4,21,3.240817647570117e-11,2.746042127866775e-11,-0.7459067426872383,39003515425.415726,1.826495196555333e-11,3.3913151599047527e-11,2.5184112755941393e-23
19,29,Cu,3d¹⁰4s→3d¹⁰4p,lower,4,22,2.643146075013357e-11,5.9806211147275015e-12,0.08534713286766836,38242546323.30322,1.8000920975137947e-11,3.395719244991032e-11,1.62656238516833e-23
19,29,Cu,3d¹⁰4s→3d¹⁰4p,lower,4,23,3.291482407849338e-11,2.8956047181312305e-11,-0.7986541716418109,38873450288.71824,1.782556137854677e-11,3.3829095346640087e-11,2.6571550429625075e-23
19,29,Cu,3d¹⁰4s→3d¹⁰4p,lower,4,24,3.028278286669111e-11,1.880224819500585e-11,-0.408248290463863,38211142200.34586,1.8041586109178568e-11,3.4025788917959086e-11,1.880462441792253e-23
19,29,Cu,3d¹⁰4s→3d¹⁰4p,lower,4,25,2.2599085258140493e-11,-6.02234156726942e-12,0.5463428522861039,38384683628.44803,1.8097792004162682e-11,3.395120195298189e-11,2.0933317968775818e-23
19,29,Cu,3d¹⁰4s→3d¹⁰4p,lower,4,26,2.0628173637367415e-11,-1.1207991655198397e-11,0.7459067426872383,38759659203.462395,1.8287032804169228e-11,3.403645186814714e-11,2.5195330640248663e-23
19,29,Cu,3d¹⁰4s→3d¹⁰4p,lower,4,27,2.7917223260278246e-11,1.0405085980883486e-11,-0.08534713286766836,38012237977.043755,1.7861373909805588e-11,3.383365920680577e-11,1.6273352545428847e-23
19,29,Cu,3d¹⁰4s→3d¹⁰4p,lower,4,28,7.31634702890797e-11,8.186011564593357e-12,0.0,13732706746.596601,6.525985611831017e-11,8.029282626050452e-11,1.6676414112523456e-23
19,29,Cu,3d¹⁰4s→3d¹⁰4p,lower,5,6,1.4178604379812687e-11,1.2279026837712905e-11,-0.4999999999999997,142058848799.19965,3.606597073832436e-12,1.4176319451228379e-11,1.6414590231704882e-23
19,29,Cu,3d¹⁰4s→3d¹⁰4p,lower,5,7,8.186002604344723e-12,4.093014742560027e-12,0.49999999999999983,178961771352.06042,3.753157504235104e-12,8.727831199290484e-12,3.772471675840839e-24
19,29,Cu,3d¹⁰4s→3d¹⁰4p,lower,5,8,1.6372005208660017e-11,1.637200520866002e-11,-0.9999999999999999,145995839677.71136,2.648695690286369e-12,1.6184073924771864e-11,2.4305023541175798e-23
19,29,Cu,3d¹⁰4s→3d¹⁰4p,lower,5,9,8.186038967366398e-12,4.092978379661239e-12,0.4999999999999997,126651288295.24347,5.9699272712317454e-12,9.900821089263181e-12,2.1514309719145712e-24
19,29,Cu,3d¹⁰4s→3d¹⁰4p,lower,5,10,2.5943568794128228e-11,8.186011564593357e-12,0.0,40083405818.02596,1.6959375116646832e-11,3.267727090125276e-11,1.60901124607205e-23
19,29,Cu,3d¹⁰4s→3d¹⁰4p,lower,5,11,2.620225622125839e-11,8.186011564593357e-12,0.0,39655940940.75143,1.689027253848678e-11,3.266657460968994e-11,1.6104871234788448e-23
19,29,Cu,3d¹⁰4s→3d¹⁰4p,lower,5,12,3.1788379944266176e-11,2.163340271657763e-11,-0.49999999999999983,37062223696.930336,1.9090592844995367e-11,3.498743001451306e-11,2.0197601381448538e-23
19,29,Cu,3d¹⁰4s→3d¹⁰4p,lower,5,13,1.87087707393752e-11,-1.87087707393752e-11,0.9999999999999999,38091071100.53812,1.8728396107142263e-11,3.508033923941028e-11,3.291411210592056e-23
19,29,Cu,3d¹⁰4s→3d¹⁰4p,lower,5,14,3.178685520141019e-11,2.1632620647752143e-11,-0.4999999999999997,37064358890.66003,1.904034940194018e-11,3.496956970241849e-11,2.019750430563107e-23
19,29,Cu,3d¹⁰4s→3d¹⁰4p,lower,5,15,2.3866846388059683e-11,-5.25531764718724e-12,0.49999999999999983,37078790469.98427,1.9237288943681704e-11,3.5008042185800325e-11,2.0196872446018062e-23
19,29,Cu,3d¹⁰4s→3d¹⁰4p,lower,5,16,3.506866998815457e-11,3.506866998815456e-11,-0.9999999999999999,38109440237.17454,1.8697499476839545e-11,3.471384192926048e-11,3.2914263206469756e-23
19,29,Cu,3d¹⁰4s→3d¹⁰4p,lower,5,17,2.390104673607328e-11,-5.273224851857065e-12,0.4999999999999997,37029880069.367195,1.8821193484518956e-11,3.471561810406245e-11,2.0198990270171843e-23
19,29,Cu,3d¹⁰4s→3d¹⁰4p,lower,5,18,3.107234116783296e-11,2.230028407681609e-11,-0.5463428522861037,38639399817.79667,1.800446165631251e-11,3.366747049843436e-11,2.0922437596370487e-23
19,29,Cu,3d¹⁰4s→3d¹⁰4p,lower,5,19,2.3691008071384376e-11,-2.3563912335622076e-12,0.40824829046386313,38475280800.28163,1.7830002420648037e-11,3.355063821067407e-11,1.8794431294417062e-23
19,29,Cu,3d¹⁰4s→3d¹⁰4p,lower,5,20,1.9915203008918187e-11,-1.2446495247581409e-11,0.7986541716418107,39137854216.48716,1.8094992281267547e-11,3.398521625422825e-11,2.655950915290021e-23
19,29,Cu,3d¹⁰4s→3d¹⁰4p,lower,5,21,2.6431460750133578e-11,5.980621114727501e-12,0.08534713286766828,38242507017.19195,1.8158426018558247e-11,3.3927238795346484e-11,1.626555095339572e-23
19,29,Cu,3d¹⁰4s→3d¹⁰4p,lower,5,22,3.2408176475701154e-11,2.7460421278667744e-11,-0.7459067426872384,39003589746.38241,1.7988483935198785e-11,3.3856333568191135e-11,2.5184256346625692e-23
19,29,Cu,3d¹⁰4s→3d¹⁰4p,lower,5,23,2.2599085258140493e-11,-6.022341567269417e-12,0.5463428522861037,38384604605.92495,1.8476792471618907e-11,3.4000716421469136e-11,2.0933163127857815e-23
19,29,Cu,3d¹⁰4s→3d¹⁰4p,lower,5,24,3.028278286669111e-11,1.880224819500585e-11,-0.40824829046386313,38211134964.6665,1.8070269933387836e-11,3.3902623229926564e-11,1.8804610515689196e-23
19,29,Cu,3d¹⁰4s→3d¹⁰4p,lower,5,25,3.291482407849337e-11,2.8956047181312302e-11,-0.7986541716418107,38873255561.30286,1.8136643983065932e-11,3.412769368873001e-11,2.657116638847209e-23
19,29,Cu,3d¹⁰4s→3d¹⁰4p,lower,5,26,2.7917223260278246e-11,1.0405085980883484e-11,-0.08534713286766828,38012207939.870514,1.7993269470021114e-11,3.390460462786048e-11,1.6273298398935267e-23
19,29,Cu,3d¹⁰4s→3d¹⁰4p,lower,5,27,2.0628173637367415e-11,-1.1207991655198399e-11,0.7459067426872384,38759659304.2275,1.8307821779850874e-11,3.40332080058336e-11,2.519533085663885e-23
19,29,Cu,3d¹⁰4s→3d¹⁰4p,lower,5,28,7.31634702890797e-11,8.186011564593357e-12,0.0,13732706768.907715,6.475767809970882e-11,8.069838843878219e-11,1.6676415245414644e-23
19,29,Cu,3d¹⁰4s→3d¹⁰4p,lower,6,7,8.18601209521526e-12,4.093033724205765e-12,0.5000000000000004,233354089750.03763,2.0258119289835747e-12,8.235971510832418e-12,5.170720427750927e-24
19,29,Cu,3d¹⁰4s→3d¹⁰4p,lower,6,8,8.186012095215266e-12,4.093033724205771e-12,0.4999999999999997,183308322433.25473,3.0800287087374254e-12,8.477758776854567e-12,3.941099989389279e-24
19,29,Cu,3d¹⁰4s→3d¹⁰4p,lower,6,9,1.6372096916103342e-11,1.6372096916103342e-11,-1.0,293234944663.22675,8.863674590101289e-13,1.5821856161206695e-11,2.9162712627899996e-23
19,29,Cu,3d¹⁰4s→3d¹⁰4p,lower,6,10,2.5943574783440453e-11,8.1860305462391e-12,0.0,40083431545.742004,1.6796539480879813e-11,3.2763299039335504e-11,1.6090220415020372e-23
19,29,Cu,3d¹⁰4s→3d¹⁰4p,lower,6,11,2.6202262151439853e-11,8.1860305462391e-12,0.0,39655992091.305954,1.6720015113822777e-11,3.274954171689354e-11,1.6105023940387552e-23
19,29,Cu,3d¹⁰4s→3d¹⁰4p,lower,6,12,3.1788392862121197e-11,2.1633421698223392e-11,-0.5000000000000004,37062235162.902176,1.9234262614650897e-11,3.483505592802716e-11,2.0197718661621634e-23
19,29,Cu,3d¹⁰4s→3d¹⁰4p,lower,6,13,3.178839286212119e-11,2.1633421698223373e-11,-0.4999999999999997,37062211246.57227,1.9312950885280395e-11,3.4898345988540536e-11,2.019766755316344e-23
19,29,Cu,3d¹⁰4s→3d¹⁰4p,lower,6,14,1.8707187620078482e-11,-1.8707187620078482e-11,1.0,38093402706.49824,1.872681355154697e-11,3.507879408876679e-11,3.291419206480617e-23
19,29,Cu,3d¹⁰4s→3d¹⁰4p,lower,6,15,2.386684220843725e-11,-5.255298665541514e-12,0.5000000000000004,37078788262.29527,1.9395038521307437e-11,3.488174438526557e-11,2.019695968149515e-23
19,29,Cu,3d¹⁰4s→3d¹⁰4p,lower,6,16,2.3866842208437255e-11,-5.2552986655414975e-12,0.4999999999999997,37078826712.85249,1.9034889424553357e-11,3.4768527964018377e-11,2.0197042716862385e-23
19,29,Cu,3d¹⁰4s→3d¹⁰4p,lower,6,17,3.5104503379139955e-11,3.5104503379139955e-11,-1.0,38055656215.710686,1.910258856514302e-11,3.507541134848997e-11,3.291487183907168e-23
19,29,Cu,3d¹⁰4s→3d¹⁰4p,lower,6,18,2.9002214235652023e-11,1.4704264846191137e-11,-0.25231131935570733,38323992378.89948,1.8313734779753045e-11,3.3776083514731954e-11,1.7154981950257394e-23
19,29,Cu,3d¹⁰4s→3d¹⁰4p,lower,6,19,3.284914552923928e-11,2.927083614255022e-11,-0.816496580927726,39199292173.60548,1.7818341646294147e-11,3.3910961132414925e-11,2.704903794794024e-23
19,29,Cu,3d¹⁰4s→3d¹⁰4p,lower,6,20,2.900221423565202e-11,1.4704264846191124e-11,-0.2523113193557066,38323955845.28877,1.8459558657005075e-11,3.382438568665675e-11,1.7154910643936036e-23
19,29,Cu,3d¹⁰4s→3d¹⁰4p,lower,6,21,2.133715317060683e-11,-8.88298871796944e-12,0.6605596098195701,38825996062.01148,1.772109821951024e-11,3.384001539279873e-11,2.3183858173421503e-23
19,29,Cu,3d¹⁰4s→3d¹⁰4p,lower,6,22,2.1337153170606827e-11,-8.882988717969427e-12,0.6605596098195698,38825971478.9675,1.7930863451262118e-11,3.393727766359752e-11,2.3183817168105223e-23
19,29,Cu,3d¹⁰4s→3d¹⁰4p,lower,6,23,2.5217259662064928e-11,1.6243480613829208e-12,0.25231131935570733,38075178821.26986,1.8337537003391364e-11,3.3805067215923214e-11,1.7163705131202284e-23
19,29,Cu,3d¹⁰4s→3d¹⁰4p,lower,6,24,1.9890164099141942e-11,-1.3046442714585882e-11,0.816496580927726,38920326946.9324,1.79351314766801e-11,3.4049955493020894e-11,2.706129252332424e-23
19,29,Cu,3d¹⁰4s→3d¹⁰4p,lower,6,25,2.5217259662064928e-11,1.6243480613829398e-12,0.2523113193557066,38075149587.97804,1.8336447177529883e-11,3.388856581442523e-11,1.7163646322165013e-23
19,29,Cu,3d¹⁰4s→3d¹⁰4p,lower,6,26,3.200359216234215e-11,2.5360959349740727e-11,-0.6605596098195701,38585272863.14933,1.80166160928543e-11,3.41010255727297e-11,2.3194574398357913e-23
19,29,Cu,3d¹⁰4s→3d¹⁰4p,lower,6,27,3.200359216234215e-11,2.536095934974072e-11,-0.6605596098195698,38585204111.00985,1.829535058126568e-11,3.4148993460251235e-11,2.3194440740084573e-23
19,29,Cu,3d¹⁰4s→3d¹⁰4p,lower,6,28,7.316347241287384e-11,8.1860305462391e-12,0.0,13732706639.387232,6.515971352302885e-11,8.037411974395435e-11,1.6676490726771155e-23
19,29,Cu,3d¹⁰4s→3d¹⁰4p,lower,7,8,1.4178556901959359e-11,1.2278990466099992e-11,-0.49999999999999983,248421715585.60355,1.17156373871611e-12,1.3730592448765509e-11,2.0668752142041543e-23
19,29,Cu,3d¹⁰4s→3d¹⁰4p,lower,7,9,1.4178619884394205e-11,1.2279026828998788e-11,-0.5000000000000004,148875060522.21985,2.8911006011803847e-12,1.412590661166662e-11,1.683662750094534e-23
19,29,Cu,3d¹⁰4s→3d¹⁰4p,lower,7,10,2.5943563139644245e-11,8.185993644066663e-12,0.0,40083577145.577484,1.690555016771343e-11,3.242264657853886e-11,1.609033594267795e-23
19,29,Cu,3d¹⁰4s→3d¹⁰4p,lower,7,11,2.6202250622599532e-11,8.185993644066663e-12,0.0,39655613760.046135,1.7697660852826017e-11,3.2867107114211376e-11,1.6104237294886043e-23
19,29,Cu,3d¹⁰4s→3d¹⁰4p,lower,7,12,3.508077594803522e-11,3.508077594803522e-11,-1.0,38090809120.23931,1.915163471908886e-11,3.506441253069611e-11,3.291341727689478e-23
19,29,Cu,3d¹⁰4s→3d¹⁰4p,lower,7,13,2.3878427295777187e-11,-5.261397507917612e-12,0.49999999999999983,37062252222.67724,1.8810774785438774e-11,3.491447323715982e-11,2.019757324162741e-23
19,29,Cu,3d¹⁰4s→3d¹⁰4p,lower,7,14,2.3876933687219555e-11,-5.26061543909214e-12,0.5000000000000004,37064412130.95704,1.877118851007493e-11,3.4867754199889637e-11,2.0197530125259337e-23
19,29,Cu,3d¹⁰4s→3d¹⁰4p,lower,7,15,1.8696664779494543e-11,-1.869666477949454e-11,1.0,38109112641.71768,1.871629395028621e-11,3.506819748707758e-11,3.2913428532135555e-23
19,29,Cu,3d¹⁰4s→3d¹⁰4p,lower,7,16,3.177654932256574e-11,2.1627322855847263e-11,-0.49999999999999983,37078814584.48391,1.9005273641727e-11,3.501407728138367e-11,2.0196837249610695e-23
19,29,Cu,3d¹⁰4s→3d¹⁰4p,lower,7,17,3.181146207131054e-11,2.1645230060517103e-11,-0.5000000000000004,37029891777.84218,1.874589176845966e-11,3.473665811221365e-11,2.0198927412822978e-23
19,29,Cu,3d¹⁰4s→3d¹⁰4p,lower,7,18,3.274455734140782e-11,2.8818500456241426e-11,-0.7986541716418109,39137952728.26828,1.7763854954877253e-11,3.3864120786978465e-11,2.655958756484758e-23
19,29,Cu,3d¹⁰4s→3d¹⁰4p,lower,7,19,3.0107542528240876e-11,1.8728396442222224e-11,-0.408248290463863,38475287995.88277,1.7659617722398557e-11,3.375191636327335e-11,1.8794355605624886e-23
19,29,Cu,3d¹⁰4s→3d¹⁰4p,lower,7,20,2.2435066438103882e-11,-5.928278868156074e-12,0.5463428522861039,38639320106.335915,1.833216591542612e-11,3.400634023751026e-11,2.0922197761367465e-23
19,29,Cu,3d¹⁰4s→3d¹⁰4p,lower,7,21,2.0473596084222412e-11,-1.108841607000773e-11,0.7459067426872383,39003658201.787796,1.7716691273344542e-11,3.372003114251509e-11,2.5184279482081273e-23
19,29,Cu,3d¹⁰4s→3d¹⁰4p,lower,7,22,2.7763918164689233e-11,1.0391384093932517e-11,-0.08534713286766836,38242619635.33672,1.783379173432805e-11,3.391884151354766e-11,1.626569256530535e-23
19,29,Cu,3d¹⁰4s→3d¹⁰4p,lower,7,23,2.0082108657241586e-11,-1.2584041972652283e-11,0.7986541716418109,38873272182.55501,1.8378463852726548e-11,3.4178735097890685e-11,2.6571096114503417e-23
19,29,Cu,3d¹⁰4s→3d¹⁰4p,lower,7,24,2.3862700642157897e-11,-2.4302429863458262e-12,0.408248290463863,38211065736.605804,1.8374390731158034e-11,3.418526738109337e-11,1.8804392887370024e-23
19,29,Cu,3d¹⁰4s→3d¹⁰4p,lower,7,25,3.124030768210235e-11,2.2394346775929443e-11,-0.5463428522861039,38384675543.97353,1.798147738988215e-11,3.405776495957334e-11,2.0933210135929943e-23
19,29,Cu,3d¹⁰4s→3d¹⁰4p,lower,7,26,3.256622019333566e-11,2.7579996863858416e-11,-0.7459067426872383,38759543695.03383,1.8557744753250862e-11,3.41540339894172e-11,2.5194995126234834e-23
19,29,Cu,3d¹⁰4s→3d¹⁰4p,lower,7,27,2.658401146112926e-11,5.966919227776534e-12,0.08534713286766836,38012220822.442535,1.788940351969478e-11,3.399305713972916e-11,1.6273245891281472e-23
19,29,Cu,3d¹⁰4s→3d¹⁰4p,lower,7,28,7.316346828401516e-11,8.185993644066663e-12,0.0,13732706864.124857,6.488287191286473e-11,8.059776122840494e-11,1.6676342608065734e-23
19,29,Cu,3d¹⁰4s→3d¹⁰4p,lower,8,9,1.4178619884394202e-11,1.227902682899878e-11,-0.4999999999999997,139957214117.97693,3.895070652344807e-12,1.4192933488699337e-11,1.623232081036715e-23
19,29,Cu,3d¹⁰4s→3d¹⁰4p,lower,8,10,2.5943563139644245e-11,8.185993644066661e-12,0.0,40083657206.41403,1.6580794519837474e-11,3.243896741458707e-11,1.6090458860255775e-23
19,29,Cu,3d¹⁰4s→3d¹⁰4p,lower,8,11,2.6202250622599532e-11,8.185993644066661e-12,0.0,39655677039.42359,1.7223462775095526e-11,3.297833710395e-11,1.6104339282389137e-23
19,29,Cu,3d¹⁰4s→3d¹⁰4p,lower,8,12,2.3878427295777187e-11,-5.261397507917613e-12,0.49999999999999983,37062196804.25172,1.9178940088257968e-11,3.4987803686728917e-11,2.0197456276051768e-23
19,29,Cu,3d¹⁰4s→3d¹⁰4p,lower,8,13,3.508077594803522e-11,3.508077594803522e-11,-0.9999999999999999,38091388804.08673,1.8709641106859003e-11,3.472591158145246e-11,3.29146616436434e-23
19,29,Cu,3d¹⁰4s→3d¹⁰4p,lower,8,14,2.387693368721956e-11,-5.260615439092123e-12,0.4999999999999997,37064410833.55263,1.8824349399529104e-11,3.467262733348165e-11,2.019752879945554e-23
19,29,Cu,3d¹⁰4s→3d¹⁰4p,lower,8,15,3.1776549322565733e-11,2.162732285584726e-11,-0.49999999999999983,37078800178.87687,1.9440014228929186e-11,3.5005945250958244e-11,2.019680829865926e-23
19,29,Cu,3d¹⁰4s→3d¹⁰4p,lower,8,16,1.8696664779494543e-11,-1.8696664779494543e-11,0.9999999999999999,38109112641.717705,1.8716293950286207e-11,3.5068197487077595e-11,3.2913428532135555e-23
19,29,Cu,3d¹⁰4s→3d¹⁰4p,lower,8,17,3.181146207131053e-11,2.1645230060517083e-11,-0.4999999999999997,37029858675.052284,1.8905712077509184e-11,3.484960410274149e-11,2.0198858462005005e-23
19,29,Cu,3d¹⁰4s→3d¹⁰4p,lower,8,18,2.2435066438103882e-11,-5.92827886815607e-12,0.5463428522861037,38639372316.536835,1.786933026621926e-11,3.394092661356198e-11,2.0922294133841383e-23
19,29,Cu,3d¹⁰4s→3d¹⁰4p,lower,8,19,3.0107542528240876e-11,1.8728396442222227e-11,-0.40824829046386313,38475219803.52641,1.7902428713423174e-11,3.390039951354937e-11,1.8794231488749694e-23
19,29,Cu,3d¹⁰4s→3d¹⁰4p,lower,8,20,3.2744557341407827e-11,2.881850045624143e-11,-0.7986541716418107,39137826868.5808,1.7879632710716783e-11,3.387084076389999e-11,2.6559344072034037e-23
19,29,Cu,3d¹⁰4s→3d¹⁰4p,lower,8,21,2.7763918164689243e-11,1.0391384093932517e-11,-0.08534713286766828,38242672234.55297,1.781944052179835e-11,3.3714399458941406e-11,1.626580015003482e-23
19,29,Cu,3d¹⁰4s→3d¹⁰4p,lower,8,22,2.0473596084222405e-11,-1.1088416070007727e-11,0.7459067426872384,39003638403.53539,1.7862702912272995e-11,3.393978702928564e-11,2.5184245938333473e-23
19,29,Cu,3d¹⁰4s→3d¹⁰4p,lower,8,23,3.124030768210235e-11,2.2394346775929437e-11,-0.5463428522861037,38384639044.03231,1.8086069722218474e-11,3.413067898773991e-11,2.0933139914053564e-23
19,29,Cu,3d¹⁰4s→3d¹⁰4p,lower,8,24,2.3862700642157897e-11,-2.430242986345832e-12,0.40824829046386313,38211162941.52408,1.8019368266427327e-11,3.404690406027076e-11,1.8804583867367868e-23
19,29,Cu,3d¹⁰4s→3d¹⁰4p,lower,8,25,2.0082108657241586e-11,-1.2584041972652282e-11,0.7986541716418107,38873291554.76167,1.797695888196362e-11,3.3984022566818675e-11,2.6571128677408437e-23
19,29,Cu,3d¹⁰4s→3d¹⁰4p,lower,8,26,2.658401146112926e-11,5.966919227776535e-12,0.08534713286766828,38012152145.83168,1.808010113487554e-11,3.3991377632267124e-11,1.6273115299586812e-23
19,29,Cu,3d¹⁰4s→3d¹⁰4p,lower,8,27,3.256622019333566e-11,2.7579996863858416e-11,-0.7459067426872384,38759545586.12673,1.8341857139382167e-11,3.417591136057938e-11,2.5194998708697807e-23
19,29,Cu,3d¹⁰4s→3d¹⁰4p,lower,8,28,7.316346828401516e-11,8.185993644066661e-12,0.0,13732706836.836931,6.508832897649538e-11,8.043193155544446e-11,1.6676341216305067e-23
19,29,Cu,3d¹⁰4s→3d¹⁰4p,lower,9,10,2.5943586086966275e-11,8.186066369864242e-12,0.0,40083705271.61365,1.6466558961500743e-11,3.249437866547533e-11,1.609082081060924e-23
19,29,Cu,3d¹⁰4s→3d¹⁰4p,lower,9,11,2.6202273343369278e-11,8.186066369864242e-12,0.0,39655722971.02437,1.7115799705785153e-11,3.30359724563516e-11,1.6104704083232672e-23
19,29,Cu,3d¹⁰4s→3d¹⁰4p,lower,9,12,2.387841127140467e-11,-5.261324782120049e-12,0.5000000000000004,37062193459.71039,1.9416762468024856e-11,3.493116842244294e-11,2.0197801047807315e-23
19,29,Cu,3d¹⁰4s→3d¹⁰4p,lower,9,13,2.387841127140467e-11,-5.261324782120031e-12,0.4999999999999997,37062222508.84297,1.9027924366791964e-11,3.474809402197054e-11,2.0197862854734915e-23
19,29,Cu,3d¹⁰4s→3d¹⁰4p,lower,9,14,3.5079284536181824e-11,3.5079284536181824e-11,-1.0,38093201348.72467,1.907744601721269e-11,3.5050198771131774e-11,3.291402467566418e-23
19,29,Cu,3d¹⁰4s→3d¹⁰4p,lower,9,15,3.177659882025373e-11,2.1627395581644855e-11,-0.5000000000000004,37078840612.40079,1.9008511699352664e-11,3.471205274849689e-11,2.019724534479822e-23
19,29,Cu,3d¹⁰4s→3d¹⁰4p,lower,9,16,3.177659882025373e-11,2.162739558164484e-11,-0.4999999999999997,37078812416.3662,1.9307718286766965e-11,3.4917180475678025e-11,2.0197185800666582e-23
19,29,Cu,3d¹⁰4s→3d¹⁰4p,lower,9,17,1.8732406463036613e-11,-1.8732406463036613e-11,1.0,38055872377.31818,1.8752024481927237e-11,3.510408447789612e-11,3.2915601935864164e-23
19,29,Cu,3d¹⁰4s→3d¹⁰4p,lower,9,18,2.5053835828414618e-11,1.6678320699122027e-12,0.25231131935570733,38323901481.13094,1.8612577258544696e-11,3.385546463033567e-11,1.715495387507734e-23
19,29,Cu,3d¹⁰4s→3d¹⁰4p,lower,9,19,1.9714512095129208e-11,-1.289873922644688e-11,0.816496580927726,39199286723.284134,1.8297382407695034e-11,3.400456552377675e-11,2.704925537077228e-23
19,29,Cu,3d¹⁰4s→3d¹⁰4p,lower,9,20,2.505383582841462e-11,1.6678320699122208e-12,0.2523113193557066,38323986054.11951,1.814586078107556e-11,3.370227859661267e-11,1.7155118723010964e-23
19,29,Cu,3d¹⁰4s→3d¹⁰4p,lower,9,21,3.184628655348555e-11,2.5255085634072783e-11,-0.6605596098195701,38825882197.06658,1.8290198092868476e-11,3.399330921145242e-11,2.318383780255001e-23
19,29,Cu,3d¹⁰4s→3d¹⁰4p,lower,9,22,3.1846286553485534e-11,2.525508563407277e-11,-0.6605596098195698,38825892989.970184,1.8148049564185285e-11,3.401551406415955e-11,2.3183858288568245e-23
19,29,Cu,3d¹⁰4s→3d¹⁰4p,lower,9,23,2.916792372661098e-11,1.4747748854720418e-11,-0.25231131935570733,38075117330.05471,1.8440903088938593e-11,3.3987023117897624e-11,1.7163733053411554e-23
19,29,Cu,3d¹⁰4s→3d¹⁰4p,lower,9,24,3.302816123232198e-11,2.9418539630689225e-11,-0.816496580927726,38920313981.22612,1.8045659440835154e-11,3.4109809270151164e-11,2.706149117732289e-23
19,29,Cu,3d¹⁰4s→3d¹⁰4p,lower,9,25,2.9167923726610977e-11,1.4747748854720405e-11,-0.2523113193557066,38075182932.236046,1.84750306869239e-11,3.394892503247836e-11,1.7163864930312062e-23
19,29,Cu,3d¹⁰4s→3d¹⁰4p,lower,9,26,2.149072590689257e-11,-8.988862433637387e-12,0.6605596098195701,38585303681.86905,1.7951038929975434e-11,3.398916472021133e-11,2.3194827809894636e-23
19,29,Cu,3d¹⁰4s→3d¹⁰4p,lower,9,27,2.1490725906892577e-11,-8.988862433637377e-12,0.6605596098195698,38585312171.144066,1.7848855778548965e-11,3.395497896841269e-11,2.3194840493015645e-23
19,29,Cu,3d¹⁰4s→3d¹⁰4p,lower,9,28,7.316347642107511e-11,8.186066369864242e-12,0.0,13732706487.905558,6.45538131609276e-11,8.08615716543926e-11,1.6676637910374406e-23
19,29,Cu,3d¹⁰4s→3d¹⁰4p,lower,10,11,4.950895481698301e-11,4.950895481698301e-11,-1.0,105668797156.2505,4.0375217511669337e-13,4.9488298560506574e-11,2.32386123877156e-22
19,29,Cu,3d¹⁰4s→3d¹⁰4p,lower,10,12,3.646076372784679e-11,2.4618244787961788e-11,0.0,24918079361.278526,3.238460530754508e-11,4.8702312492841926e-11,3.3074129941528476e-23
19,29,Cu,3d¹⁰4s→3d¹⁰4p,lower,10,13,3.6460763727846784e-11,2.4618244787961788e-11,0.0,66493798459.372696,3.4220969576712334e-12,3.65327902919038e-11,1.1748001903475288e-22
19,29,Cu,3d¹⁰4s→3d¹⁰4p,lower,10,14,3.645960997845646e-11,2.4618244787961788e-11,0.0,23966698062.564636,3.4232144822906975e-11,4.994406143311693e-11,3.071584297219803e-23
19,29,Cu,3d¹⁰4s→3d¹⁰4p,lower,10,15,3.645182163291533e-11,2.4618244787961788e-11,0.0,28602558168.9486,2.628376184805404e-11,4.4867422955304034e-11,4.267962992601616e-23
19,29,Cu,3d¹⁰4s→3d¹⁰4p,lower,10,16,3.645182163291533e-11,2.4618244787961788e-11,0.0,24209587083.300137,3.3766279988781713e-11,4.962512091010723e-11,3.1286929721909836e-23
19,29,Cu,3d¹⁰4s→3d¹⁰4p,lower,10,17,3.647824222869886e-11,2.4618244787961788e-11,0.0,71019623804.15018,2.5301516240875517e-12,3.6480504699446426e-11,1.2015558377301725e-22
19,29,Cu,3d¹⁰4s→3d¹⁰4p,lower,10,18,2.32181035468608e-11,9.702923757862173e-12,0.5773502691896257,35832314170.9996,2.333725098661978e-11,3.28920632196908e-11,1.1365491554613221e-23
19,29,Cu,3d¹⁰4s→3d¹⁰4p,lower,10,19,2.3212806866751454e-11,9.709035770810128e-12,0.5773502691896257,64335367075.260895,8.534413227420265e-12,2.469596313329484e-11,3.1185906375640915e-23
19,29,Cu,3d¹⁰4s→3d¹⁰4p,lower,10,20,2.32181035468608e-11,9.702923757862173e-12,0.5773502691896257,25526352361.263393,3.58272889705002e-11,4.2671479634662074e-11,5.8542347812009094e-24
19,29,Cu,3d¹⁰4s→3d¹⁰4p,lower,10,21,2.3221180646228315e-11,9.699374907792278e-12,0.5773502691896257,21090349845.258465,4.462833555229755e-11,5.0289508465064065e-11,4.0094130226338876e-24
19,29,Cu,3d¹⁰4s→3d¹⁰4p,lower,10,22,2.322118064622831e-11,9.699374907792284e-12,0.5773502691896257,29313477037.476665,3.029987776713275e-11,3.8149165777499875e-11,7.694158524525683e-24
19,29,Cu,3d¹⁰4s→3d¹⁰4p,lower,10,23,4.4962856645859e-11,3.9632985936485985e-11,-0.5773502691896257,28055132025.80435,2.330481918160183e-11,5.060408913042497e-11,9.085153078828742e-23
19,29,Cu,3d¹⁰4s→3d¹⁰4p,lower,10,24,4.496112864444322e-11,3.963187061205318e-11,-0.5773502691896257,32443654274.40414,1.7439144687979803e-11,4.8180172878541295e-11,1.135411212544219e-22
19,29,Cu,3d¹⁰4s→3d¹⁰4p,lower,10,25,4.4962856645858997e-11,3.963298593648598e-11,-0.5773502691896257,59154060072.28894,2.7702348845250772e-12,4.5005199139041354e-11,1.8441095507283079e-22
19,29,Cu,3d¹⁰4s→3d¹⁰4p,lower,10,26,4.495773936748134e-11,3.962968299975744e-11,-0.5773502691896257,35818799825.00157,1.3896673859040788e-11,4.70191525450446e-11,1.2950127825965227e-22
19,29,Cu,3d¹⁰4s→3d¹⁰4p,lower,10,27,4.495773936748134e-11,3.962968299975744e-11,-0.5773502691896257,28358893158.834972,2.28429158847572e-11,5.039553568355515e-11,9.242261811539678e-23
19,29,Cu,3d¹⁰4s→3d¹⁰4p,lower,10,28,4.8085830747082267e-11,-4.8085830747082267e-11,1.0,14176290426.381676,4.8086969965000807e-11,9.732175744033761e-11,2.9638492421545646e-22
19,29,Cu,3d¹⁰4s→3d¹⁰4p,lower,11,12,3.664528292873011e-11,2.4890710029021225e-11,0.0,55497140126.6422,6.046827929509708e-12,3.706939263814307e-11,1.079423532851824e-22
19,29,Cu,3d¹⁰4s→3d¹⁰4p,lower,11,13,3.664528292873011e-11,2.4890710029021225e-11,0.0,24791234217.724907,3.254327604348624e-11,4.8952526103458976e-11,3.346545925064196e-23
19,29,Cu,3d¹⁰4s→3d¹⁰4p,lower,11,14,3.6644134988971587e-11,2.4890710029021225e-11,0.0,24635515091.705643,3.286124404136484e-11,4.916574165994771e-11,3.3065406438189334e-23
19,29,Cu,3d¹⁰4s→3d¹⁰4p,lower,11,15,3.663638587069806e-11,2.4890710029021225e-11,0.0,23035921682.339382,3.6115201888895294e-11,5.1394898468342496e-11,2.907406207100999e-23
19,29,Cu,3d¹⁰4s→3d¹⁰4p,lower,11,16,3.663638587069806e-11,2.4890710029021225e-11,0.0,28461153311.345474,2.6408209852065345e-11,4.51076015174983e-11,4.31948785057258e-23
19,29,Cu,3d¹⁰4s→3d¹⁰4p,lower,11,17,3.6662673462316406e-11,2.4890710029021225e-11,0.0,57369080268.10221,5.397086949130752e-12,3.6990770597931285e-11,1.1057195537677203e-22
19,29,Cu,3d¹⁰4s→3d¹⁰4p,lower,11,18,4.504945850442108e-11,3.980603105912084e-11,-0.5773502691896257,36448800231.612915,1.3245002789072734e-11,4.6933549740015854e-11,1.3325421455046203e-22
19,29,Cu,3d¹⁰4s→3d¹⁰4p,lower,11,19,4.504001091381027e-11,3.9799919046172885e-11,-0.5773502691896257,62924549010.691864,2.199405555478733e-12,4.506974337728992e-11,1.8756873498657613e-22
19,29,Cu,3d¹⁰4s→3d¹⁰4p,lower,11,20,4.504945850442108e-11,3.980603105912084e-11,-0.5773502691896257,40620587796.19714,1.0010545555529821e-11,4.612296104348133e-11,1.4978594700011385e-22
19,29,Cu,3d¹⁰4s→3d¹⁰4p,lower,11,21,4.505494434076132e-11,3.9809579909190735e-11,-0.5773502691896257,30983879575.30153,1.9109970539357184e-11,4.891344808801579e-11,1.0702975432754622e-22
19,29,Cu,3d¹⁰4s→3d¹⁰4p,lower,11,22,4.505494434076131e-11,3.980957990919073e-11,-0.5773502691896257,28067659912.04528,2.3281964393906625e-11,5.068544320596356e-11,9.1681131963412e-23
19,29,Cu,3d¹⁰4s→3d¹⁰4p,lower,11,23,2.3418361702794603e-11,9.875968880497031e-12,0.5773502691896257,41553489110.088,1.8802407065322824e-11,3.000102960876939e-11,1.556691259474806e-23
19,29,Cu,3d¹⁰4s→3d¹⁰4p,lower,11,24,2.341740193025098e-11,9.877084204929834e-12,0.5773502691896257,24966217847.04009,3.67180210856895e-11,4.3529559573123314e-11,5.802069350751898e-24
19,29,Cu,3d¹⁰4s→3d¹⁰4p,lower,11,25,2.3418361702794603e-11,9.875968880497035e-12,0.5773502691896257,20928516696.348007,4.4968644673979907e-11,5.0684508545034506e-11,4.08799257647175e-24
19,29,Cu,3d¹⁰4s→3d¹⁰4p,lower,11,26,2.341551976813124e-11,9.879271817225573e-12,0.5773502691896257,22546665954.78102,4.1326952152628684e-11,4.748261668197939e-11,4.7384612991552565e-24
19,29,Cu,3d¹⁰4s→3d¹⁰4p,lower,11,27,2.341551976813124e-11,9.879271817225573e-12,0.5773502691896257,32245578178.907715,2.678341217348351e-11,3.5553710755771285e-11,9.59152165957304e-24
19,29,Cu,3d¹⁰4s→3d¹⁰4p,lower,11,28,9.759478556406528e-11,9.759478556406528e-11,-1.0,14186366905.717878,4.7813475177766035e-11,9.759473183391393e-11,3.028274634363402e-22
19,29,Cu,3d¹⁰4s→3d¹⁰4p,lower,12,13,4.658312940897789e-11,4.034217345595283e-11,-0.49999999999999983,56797668333.59278,3.060064433620855e-12,4.6668948632808794e-11,1.9794864285496203e-22
19,29,Cu,3d¹⁰4s→3d¹⁰4p,lower,12,14,4.6581774832602276e-11,4.034139138712736e-11,-0.5000000000000004,47333491991.57776,5.8033953898173015e-12,4.6925784400002064e-11,1.8437475816841542e-22
19,29,Cu,3d¹⁰4s→3d¹⁰4p,lower,12,15,5.3777440727529766e-11,5.3777440727529766e-11,-1.0,64072896816.10644,1.4886624919611764e-12,5.3776038270846586e-11,2.735025919915898e-22
19,29,Cu,3d¹⁰4s→3d¹⁰4p,lower,12,16,2.688872241372025e-11,1.3453453092187962e-11,0.49999999999999983,38538544846.92093,1.9555584000829557e-11,3.3237129797646526e-11,2.3136484755170737e-23
19,29,Cu,3d¹⁰4s→3d¹⁰4p,lower,12,17,2.6906635390500254e-11,1.3435545887518121e-11,0.5000000000000004,33620139158.16345,2.4045041664599786e-11,3.607282526341934e-11,1.8001083834165205e-23
19,29,Cu,3d¹⁰4s→3d¹⁰4p,lower,12,18,1.6760553728128395e-11,6.262275491793793e-12,0.7986541716418109,32120898626.008907,2.8928966222007397e-11,3.341205061911594e-11,2.5150291676780723e-24
19,29,Cu,3d¹⁰4s→3d¹⁰4p,lower,12,19,2.8689921563066777e-11,1.6352379505813e-11,0.408248290463863,24623635231.41368,3.5736184799684914e-11,4.580796307127077e-11,1.2666840273803158e-23
19,29,Cu,3d¹⁰4s→3d¹⁰4p,lower,12,20,4.6367340797816864e-11,4.10090548161913e-11,-0.5463428522861039,26607998759.774326,2.504561938706948e-11,5.267383716668921e-11,9.321618327403956e-23
19,29,Cu,3d¹⁰4s→3d¹⁰4p,lower,12,21,4.9272806468448723e-11,4.616919201804295e-11,-0.7459067426872383,65878923022.68157,1.5459135843494733e-12,4.926935440137394e-11,2.2828726104165323e-22
19,29,Cu,3d¹⁰4s→3d¹⁰4p,lower,12,22,3.5671001648304745e-11,2.46893918541027e-11,0.08534713286766836,27661702402.407803,2.800723164459616e-11,4.532910023312236e-11,3.715859372970571e-23
19,29,Cu,3d¹⁰4s→3d¹⁰4p,lower,12,23,5.0168394863340765e-11,4.766481792068751e-11,-0.7986541716418109,63040020077.408585,1.6783690531180154e-12,5.0172960536776805e-11,2.360675639881716e-22
19,29,Cu,3d¹⁰4s→3d¹⁰4p,lower,12,24,4.43914287048756e-11,3.751101893438105e-11,-0.408248290463863,25452851193.750034,2.8020458159748526e-11,5.247617765345326e-11,7.353997061474031e-23
19,29,Cu,3d¹⁰4s→3d¹⁰4p,lower,12,25,2.5207053411509612e-11,1.2686429172105782e-11,0.5463428522861039,20141928093.587795,4.65067963035217e-11,5.288488727448863e-11,5.091277953065934e-24
19,29,Cu,3d¹⁰4s→3d¹⁰4p,lower,12,26,1.887231192885512e-11,7.500779084176804e-12,0.7459067426872383,19688589593.80124,4.9061280246822874e-11,5.255452185765953e-11,1.5285286239857451e-24
19,29,Cu,3d¹⁰4s→3d¹⁰4p,lower,12,27,3.897078641010974e-11,2.9113856720258684e-11,-0.08534713286766836,23432029841.84532,3.433302574153955e-11,5.19124392639014e-11,3.840066704932595e-23
19,29,Cu,3d¹⁰4s→3d¹⁰4p,lower,12,28,7.751910677106162e-11,2.689478230396856e-11,0.0,13531711728.018997,4.6081667787027304e-11,9.947313065915115e-11,1.7199305654042183e-22
19,29,Cu,3d¹⁰4s→3d¹⁰4p,lower,13,14,4.6581774832602263e-11,4.034139138712734e-11,-0.4999999999999997,56772219762.817154,3.180826781814581e-12,4.6671228822006007e-11,1.9793446476729863e-22
19,29,Cu,3d¹⁰4s→3d¹⁰4p,lower,13,15,2.6888722413720247e-11,1.3453453092187958e-11,0.49999999999999983,55155975776.69266,1.0012216634912322e-11,2.8679791029861e-11,4.1633910904652744e-23
19,29,Cu,3d¹⁰4s→3d¹⁰4p,lower,13,16,5.3777440727529766e-11,5.3777440727529766e-11,-0.9999999999999999,62961588508.6487,1.8768447264513003e-12,5.377744072752978e-11,2.734414399587924e-22
19,29,Cu,3d¹⁰4s→3d¹⁰4p,lower,13,17,2.690663539050027e-11,1.3435545887518137e-11,0.4999999999999997,38512885867.55181,1.9568616703613916e-11,3.325926872866694e-11,2.3167293977147675e-23
19,29,Cu,3d¹⁰4s→3d¹⁰4p,lower,13,18,4.636734079781686e-11,4.100905481619129e-11,-0.5463428522861037,60511211032.55494,2.553383811882124e-12,4.6407392544042813e-11,1.985331790498886e-22
19,29,Cu,3d¹⁰4s→3d¹⁰4p,lower,13,19,2.868992156306677e-11,1.6352379505812993e-11,0.40824829046386313,37096102625.19164,2.0012986312561418e-11,3.495539665688055e-11,2.756960658295165e-23
19,29,Cu,3d¹⁰4s→3d¹⁰4p,lower,13,20,1.6760553728128395e-11,6.2622754917937904e-12,0.7986541716418107,26713998488.941174,3.559034293841954e-11,3.932290007531352e-11,1.7428209125739855e-24
19,29,Cu,3d¹⁰4s→3d¹⁰4p,lower,13,21,3.567100164830475e-11,2.4689391854102703e-11,0.08534713286766828,23533786481.532585,3.540780915481871e-11,5.023918548978765e-11,2.7393955050485717e-23
19,29,Cu,3d¹⁰4s→3d¹⁰4p,lower,13,22,4.927280646844872e-11,4.616919201804295e-11,-0.7459067426872384,30786763034.408836,1.745364661313745e-11,5.224595224453864e-11,1.4409281734807784e-22
19,29,Cu,3d¹⁰4s→3d¹⁰4p,lower,13,23,2.5207053411509615e-11,1.268642917210578e-11,0.5463428522861037,24165352581.067127,3.7646753915325864e-11,4.52934574372004e-11,7.306263687376146e-24
19,29,Cu,3d¹⁰4s→3d¹⁰4p,lower,13,24,4.43914287048756e-11,3.751101893438105e-11,-0.40824829046386313,31875733339.550217,1.8361484645096232e-11,4.800703925048495e-11,1.060160979410191e-22
19,29,Cu,3d¹⁰4s→3d¹⁰4p,lower,13,25,5.0168394863340765e-11,4.76648179206875e-11,-0.7986541716418107,38646111751.81808,9.382151725923043e-12,5.100187878194905e-11,1.9565465867741899e-22
19,29,Cu,3d¹⁰4s→3d¹⁰4p,lower,13,26,3.897078641010974e-11,2.9113856720258684e-11,-0.08534713286766828,23021374191.871613,3.5219466680654244e-11,5.250388744102816e-11,3.713841846686811e-23
19,29,Cu,3d¹⁰4s→3d¹⁰4p,lower,13,27,1.8872311928855118e-11,7.500779084176803e-12,0.7459067426872384,19554236401.385235,4.9422007284653306e-11,5.289127665626262e-11,1.5077718807732422e-24
19,29,Cu,3d¹⁰4s→3d¹⁰4p,lower,13,28,7.751910677106162e-11,2.689478230396856e-11,0.0,13531711728.033445,4.599800166919357e-11,9.95118468907465e-11,1.719930565406675e-22
19,29,Cu,3d¹⁰4s→3d¹⁰4p,lower,14,15,2.6887939850118547e-11,1.345188895453697e-11,0.5000000000000004,72066313503.355,5.121943640207978e-12,2.735534602153373e-11,5.619959230309803e-23
19,29,Cu,3d¹⁰4s→3d¹⁰4p,lower,14,16,2.688793985011857e-11,1.3451888954536986e-11,0.4999999999999997,55157584123.72842,1.0011923715650162e-11,2.8678956424514464e-11,4.163149420279062e-23
19,29,Cu,3d¹⁰4s→3d¹⁰4p,lower,14,17,5.381169099921844e-11,5.381169099921844e-11,-1.0,64029914922.02066,1.4897751512000678e-12,5.3810287649563516e-11,2.738504524595395e-22
19,29,Cu,3d¹⁰4s→3d¹⁰4p,lower,14,18,4.172814615831284e-11,3.341145246626962e-11,-0.25231131935570733,28459944341.863213,2.414885539311632e-11,4.818526042539426e-11,7.078737560787221e-23
19,29,Cu,3d¹⁰4s→3d¹⁰4p,lower,14,19,5.0241171141649164e-11,4.7978023762628705e-11,-0.816496580927726,33632923785.570026,1.3759832178094824e-11,5.206516446597276e-11,1.7136530382358168e-22
19,29,Cu,3d¹⁰4s→3d¹⁰4p,lower,14,20,4.1728146158312834e-11,3.34114524662696e-11,-0.2523113193557066,46758397760.411575,7.792323979671022e-12,4.241220503279547e-11,1.3600352641713249e-22
19,29,Cu,3d¹⁰4s→3d¹⁰4p,lower,14,21,2.174583870377423e-11,9.824198902109044e-12,0.6605596098195701,30499496443.525455,2.929947810261575e-11,3.6466942022442486e-11,6.417017807869548e-24
19,29,Cu,3d¹⁰4s→3d¹⁰4p,lower,14,22,2.1745838703774236e-11,9.824198902109057e-12,0.6605596098195698,23604128002.73143,3.963228332510532e-11,4.519072261261695e-11,3.863720612392328e-24
19,29,Cu,3d¹⁰4s→3d¹⁰4p,lower,14,23,3.23518627192628e-11,2.0331535681461406e-11,0.25231131935570733,22379059689.78532,3.904823889816242e-11,5.068907183392102e-11,1.6920411457045606e-23
19,29,Cu,3d¹⁰4s→3d¹⁰4p,lower,14,24,1.6045341793520146e-11,5.660744905492602e-12,0.816496580927726,21772855987.10174,4.454263549125716e-11,4.733325286025815e-11,9.75283791067655e-25
19,29,Cu,3d¹⁰4s→3d¹⁰4p,lower,14,25,3.235186271926282e-11,2.0331535681461422e-11,0.2523113193557066,24653359711.94002,3.4410198439669985e-11,4.7211989789874536e-11,2.0423023116842292e-23
19,29,Cu,3d¹⁰4s→3d¹⁰4p,lower,14,26,4.819806250782196e-11,4.4068146969819216e-11,-0.6605596098195701,37557071082.44803,1.0968688051043602e-11,4.939822405183411e-11,1.6967996402750726e-22
19,29,Cu,3d¹⁰4s→3d¹⁰4p,lower,14,27,4.819806250782195e-11,4.40681469698192e-11,-0.6605596098195698,30842442116.315018,1.789647125940791e-11,5.138953050991351e-11,1.3412984742552046e-22
19,29,Cu,3d¹⁰4s→3d¹⁰4p,lower,14,28,7.751856411690393e-11,2.6893218166317584e-11,0.0,13531736268.068747,4.590735426079324e-11,9.9552852245765e-11,1.7197407339136638e-22
19,29,Cu,3d¹⁰4s→3d¹⁰4p,lower,15,16,4.656213023212746e-11,4.03239876353418e-11,-0.49999999999999983,56796173928.52679,3.17948497174807e-12,4.6651546496837436e-11,1.9776755491421626e-22
19,29,Cu,3d¹⁰4s→3d¹⁰4p,lower,15,17,4.659314986158667e-11,4.0341894840011645e-11,-0.5000000000000004,47321684718.05641,5.804921109067119e-12,4.693724323217398e-11,1.8446413541262807e-22
19,29,Cu,3d¹⁰4s→3d¹⁰4p,lower,15,18,4.99939095722434e-11,4.7515165235735975e-11,-0.7986541716418109,31075706987.978775,1.6774733664660146e-11,5.270815995151859e-11,1.5312740358292916e-22
19,29,Cu,3d¹⁰4s→3d¹⁰4p,lower,15,19,4.423060582042754e-11,3.742506122171676e-11,-0.408248290463863,62811135862.126175,2.3070660806964035e-12,4.426209685541109e-11,1.801962921798113e-22
19,29,Cu,3d¹⁰4s→3d¹⁰4p,lower,15,20,2.5124079973690098e-11,1.2768385911338467e-11,0.5463428522861039,41470564556.98342,1.8131915543092924e-11,3.095934344222057e-11,2.0332354539365556e-23
19,29,Cu,3d¹⁰4s→3d¹⁰4p,lower,15,21,1.881756132190591e-11,7.608248709486812e-12,0.7459067426872383,28671281029.06449,3.239934589075916e-11,3.7450047049680776e-11,3.189786184792144e-24
19,29,Cu,3d¹⁰4s→3d¹⁰4p,lower,15,22,3.8845448584497113e-11,2.9088048873427066e-11,-0.08534713286766836,24735587304.48421,3.17490332648235e-11,5.014512948948872e-11,4.196040743836871e-23
19,29,Cu,3d¹⁰4s→3d¹⁰4p,lower,15,23,1.6801700310698058e-11,6.112622806842258e-12,0.7986541716418109,24394713204.652702,3.929794131449446e-11,4.2726630816179205e-11,1.472193374461596e-24
19,29,Cu,3d¹⁰4s→3d¹⁰4p,lower,15,24,2.8777054729717968e-11,1.6266421793148717e-11,0.408248290463863,27032893402.703964,3.164446847701665e-11,4.275758464733068e-11,1.539156748424111e-23
19,29,Cu,3d¹⁰4s→3d¹⁰4p,lower,15,25,4.650721758178862e-11,4.1091011555423986e-11,-0.5463428522861039,38006247356.6982,1.1371322400532523e-11,4.784927126072745e-11,1.5422291509026355e-22
19,29,Cu,3d¹⁰4s→3d¹⁰4p,lower,15,26,4.941084783247256e-11,4.6276661643352955e-11,-0.7459067426872383,32284973453.557858,1.5565805961762633e-11,5.178073288220879e-11,1.5475887913297026e-22
19,29,Cu,3d¹⁰4s→3d¹⁰4p,lower,15,27,3.576867227586677e-11,2.4663584007271076e-11,0.08534713286766836,21903062051.774162,3.896334763987752e-11,5.2876610459639707e-11,2.4122362964987175e-23
19,29,Cu,3d¹⁰4s→3d¹⁰4p,lower,15,28,7.751490129854554e-11,2.6882658423561204e-11,0.0,13531901912.015509,4.610824565415832e-11,9.945425847766558e-11,1.7184593783007704e-22
19,29,Cu,3d¹⁰4s→3d¹⁰4p,lower,16,17,4.659314986158666e-11,4.0341894840011626e-11,-0.4999999999999997,56784435346.93694,3.060931307283188e-12,4.667898749523917e-11,1.9803279867284822e-22
19,29,Cu,3d¹⁰4s→3d¹⁰4p,lower,16,18,2.51240799736901e-11,1.2768385911338474e-11,0.5463428522861037,44348035060.584404,1.6253616864845815e-11,2.989674529306284e-11,2.2926742324047783e-23
19,29,Cu,3d¹⁰4s→3d¹⁰4p,lower,16,19,4.423060582042755e-11,3.742506122171677e-11,-0.40824829046386313,29744386781.572227,2.115388617347616e-11,4.900501211116046e-11,9.41345565627086e-23
19,29,Cu,3d¹⁰4s→3d¹⁰4p,lower,16,20,4.99939095722434e-11,4.7515165235735975e-11,-0.7986541716418107,35233539949.9852,1.2263084224571741e-11,5.144855654533564e-11,1.775509472259926e-22
19,29,Cu,3d¹⁰4s→3d¹⁰4p,lower,16,21,3.8845448584497113e-11,2.9088048873427063e-11,-0.08534713286766828,49978465913.1088,7.242781798401429e-12,3.948496630064743e-11,1.1736716649906648e-22
19,29,Cu,3d¹⁰4s→3d¹⁰4p,lower,16,22,1.8817561321905908e-11,7.608248709486817e-12,0.7459067426872384,33356305422.212353,2.7121779675561575e-11,3.298805133858739e-11,4.3045483767550956e-24
19,29,Cu,3d¹⁰4s→3d¹⁰4p,lower,16,23,4.650721758178863e-11,4.109101155542398e-11,-0.5463428522861037,26747127361.344902,2.4736019416376573e-11,5.264435759801267e-11,9.509591222233373e-23
19,29,Cu,3d¹⁰4s→3d¹⁰4p,lower,16,24,2.8777054729717962e-11,1.6266421793148713e-11,0.40824829046386313,23197062449.642982,3.846523709208888e-11,4.802415279594732e-11,1.1413554933816958e-23
19,29,Cu,3d¹⁰4s→3d¹⁰4p,lower,16,25,1.6801700310698058e-11,6.112622806842262e-12,0.7986541716418107,23693779102.32452,4.055469666469347e-11,4.388538523719425e-11,1.3889916520786842e-24
19,29,Cu,3d¹⁰4s→3d¹⁰4p,lower,16,26,3.576867227586677e-11,2.466358400727108e-11,0.08534713286766828,27586392607.040718,2.8104186027302183e-11,4.546537398334079e-11,3.7382048904531625e-23
19,29,Cu,3d¹⁰4s→3d¹⁰4p,lower,16,27,4.9410847832472563e-11,4.6276661643352955e-11,-0.7459067426872384,50095241072.55237,4.084983198634864e-12,4.955572199064758e-11,2.182930796503485e-22
19,29,Cu,3d¹⁰4s→3d¹⁰4p,lower,16,28,7.751490129854554e-11,2.6882658423561207e-11,0.0,13531901912.029243,4.586711660816072e-11,9.95656941958419e-11,1.718459378303108e-22
19,29,Cu,3d¹⁰4s→3d¹⁰4p,lower,17,18,3.226581407782754e-11,2.0400238532948818e-11,0.25231131935570733,63676912920.782845,5.0961920117997115e-12,3.263791844177535e-11,8.451009749304667e-23
19,29,Cu,3d¹⁰4s→3d¹⁰4p,lower,17,19,1.6009877792924493e-11,5.833667236589735e-12,0.816496580927726,67648710721.337944,1.0859426126922259e-11,1.9309524844865242e-11,8.803374796124384e-24
19,29,Cu,3d¹⁰4s→3d¹⁰4p,lower,17,20,3.226581407782756e-11,2.0400238532948834e-11,0.2523113193557066,33518710561.850613,2.190969277926785e-11,3.89706199930083e-11,3.590716406581487e-23
19,29,Cu,3d¹⁰4s→3d¹⁰4p,lower,17,21,4.80756287307366e-11,4.3987492097109396e-11,-0.6605596098195701,29069332907.29274,2.034236805654982e-11,5.2165083472874927e-11,1.2205180878128076e-22
19,29,Cu,3d¹⁰4s→3d¹⁰4p,lower,17,22,4.807562873073659e-11,4.398749209710938e-11,-0.6605596098195698,47907739747.481445,5.384822392989962e-12,4.833614206124308e-11,2.0068238816452127e-22
19,29,Cu,3d¹⁰4s→3d¹⁰4p,lower,17,23,4.188308105119087e-11,3.348015531775704e-11,-0.25231131935570733,46620891136.08227,7.688018010315722e-12,4.255954590723601e-11,1.3713314950712433e-22
19,29,Cu,3d¹⁰4s→3d¹⁰4p,lower,17,24,5.0437313272087714e-11,4.815094609372584e-11,-0.816496580927726,35669680979.17934,1.1679998332474874e-11,5.174500855345489e-11,1.8468811074954192e-22
19,29,Cu,3d¹⁰4s→3d¹⁰4p,lower,17,25,4.188308105119085e-11,3.3480155317757015e-11,-0.2523113193557066,24469713825.167213,3.102537162934215e-11,5.2099544956558144e-11,5.496686459062063e-23
19,29,Cu,3d¹⁰4s→3d¹⁰4p,lower,17,26,2.18171561484802e-11,9.743544029399227e-12,0.6605596098195701,22184010890.29729,4.248352661129313e-11,4.7745595221954944e-11,3.463902453541118e-24
19,29,Cu,3d¹⁰4s→3d¹⁰4p,lower,17,27,2.181715614848021e-11,9.743544029399237e-12,0.6605596098195698,23370075997.245632,4.006207264331068e-11,4.560440213668216e-11,3.842116367543048e-24
19,29,Cu,3d¹⁰4s→3d¹⁰4p,lower,17,28,7.752732923983009e-11,2.6918472832900857e-11,0.0,13531339904.829624,4.586743694689941e-11,9.958489737929258e-11,1.7228068262642971e-22
19,29,Cu,3d¹⁰4s→3d¹⁰4p,lower,18,19,2.479175792801728e-11,1.190632287751234e-11,0.5393446629166316,36708910756.53235,2.1946660899426067e-11,3.310214535245852e-11,1.5457692203545495e-23
19,29,Cu,3d¹⁰4s→3d¹⁰4p,lower,18,20,4.012212479282684e-11,3.115620985492976e-11,-0.20601132958329824,24774530952.673393,3.116690885061314e-11,5.0788306915072286e-11,4.773371600458549e-23
19,29,Cu,3d¹⁰4s→3d¹⁰4p,lower,18,21,4.012689817251179e-11,3.115747616302799e-11,-0.20601132958329824,30651065590.87545,2.1790081041440655e-11,4.564148270042029e-11,6.952165943212799e-23
19,29,Cu,3d¹⁰4s→3d¹⁰4p,lower,18,22,2.4799787404512384e-11,1.1897297966317347e-11,0.5393446629166314,105189018913.51459,1.8002338753059856e-12,2.4853556046857233e-11,5.590492193836094e-23
19,29,Cu,3d¹⁰4s→3d¹⁰4p,lower,18,23,5.1840388367072076e-11,5.184038836707207e-11,-0.9999999999999999,95820313119.74135,4.695045995009363e-13,5.1822213461149546e-11,2.5479307016173047e-22
19,29,Cu,3d¹⁰4s→3d¹⁰4p,lower,18,24,4.547845483740129e-11,3.98594080880081e-11,-0.5393446629166316,34336775245.468697,1.5056834044751226e-11,4.788123716068713e-11,1.2765367844483287e-22
19,29,Cu,3d¹⁰4s→3d¹⁰4p,lower,18,25,3.26635994049786e-11,2.047650252131469e-11,0.20601132958329824,28703736816.74076,2.7684721831653782e-11,4.2805670100961317e-11,2.837587712354517e-23
19,29,Cu,3d¹⁰4s→3d¹⁰4p,lower,18,26,3.265997698218575e-11,2.0477681082100554e-11,0.20601132958329824,26731412990.27934,3.0678760600888385e-11,4.479769469183842e-11,2.4792897105581185e-23
19,29,Cu,3d¹⁰4s→3d¹⁰4p,lower,18,27,4.547512743613714e-11,3.9857364481069286e-11,-0.5393446629166314,29727557126.759907,2.059083484321979e-11,4.989575212728087e-11,1.0392566447154847e-22
19,29,Cu,3d¹⁰4s→3d¹⁰4p,lower,18,28,6.151807661244458e-11,-1.614162374600747e-11,0.5773502691896257,13743029542.80096,4.736222962947345e-11,9.830251884830536e-11,2.1188329723995515e-22
19,29,Cu,3d¹⁰4s→3d¹⁰4p,lower,19,20,2.4791757928017276e-11,1.1890026886996359e-11,0.5393446629166316,36708910756.53305,2.1946173993058333e-11,3.30993493113432e-11,1.5457692203545983e-23
19,29,Cu,3d¹⁰4s→3d¹⁰4p,lower,19,21,4.0118678731738134e-11,3.114688984606561e-11,-0.20601132958329824,24776658831.112473,3.116034505137439e-11,5.078366757486959e-11,4.772550016064956e-23
19,29,Cu,3d¹⁰4s→3d¹⁰4p,lower,19,22,4.011867873173813e-11,3.114688984606561e-11,-0.20601132958329846,30657343372.52493,2.1788190286316958e-11,4.5639792914478424e-11,6.949315471279105e-23
19,29,Cu,3d¹⁰4s→3d¹⁰4p,lower,19,23,4.547087335011589e-11,3.984986367630212e-11,-0.5393446629166316,39667861370.538376,1.0508873630783131e-11,4.665290109978253e-11,1.5056350773250447e-22
19,29,Cu,3d¹⁰4s→3d¹⁰4p,lower,19,24,5.182787025152516e-11,5.1827870251525166e-11,-0.9999999999999999,75798135507.94725,8.308751187173495e-13,5.1818259145882205e-11,2.5432640876913725e-22
19,29,Cu,3d¹⁰4s→3d¹⁰4p,lower,19,25,4.547087335011589e-11,3.984986367630212e-11,-0.5393446629166316,34342393736.545177,1.5056878133686687e-11,4.7879849892815905e-11,1.2761015719792719e-22
19,29,Cu,3d¹⁰4s→3d¹⁰4p,lower,19,26,3.265334044323537e-11,2.046709476513818e-11,0.20601132958329824,28712756211.73589,2.7678333365935264e-11,4.279700361029165e-11,2.8357969277531905e-23
19,29,Cu,3d¹⁰4s→3d¹⁰4p,lower,19,27,3.265334044323537e-11,2.0467094765138177e-11,0.20601132958329846,26736854908.20852,3.067227301994536e-11,4.478700998629048e-11,2.4782672533234137e-23
19,29,Cu,3d¹⁰4s→3d¹⁰4p,lower,19,28,6.152085518631249e-11,-1.6152210062969848e-11,0.5773502691896257,13743047609.044014,4.713446461907296e-11,9.840637441236634e-11,2.1171826508275778e-22
19,29,Cu,3d¹⁰4s→3d¹⁰4p,lower,20,21,2.4799787404512384e-11,1.1897297966317341e-11,0.5393446629166315,36697025177.5743,2.195425559049037e-11,3.3114104465061613e-11,1.5467710029397762e-23
19,29,Cu,3d¹⁰4s→3d¹⁰4p,lower,20,22,4.012689817251179e-11,3.115747616302799e-11,-0.20601132958329835,24771583823.05302,3.115685036525037e-11,5.079214457411902e-11,4.7745072325402094e-23
19,29,Cu,3d¹⁰4s→3d¹⁰4p,lower,20,23,3.26635994049786e-11,2.0476502521314694e-11,0.20601132958329824,44268444977.73265,1.2884258918001474e-11,3.5100642023151295e-11,5.927227673524266e-23
19,29,Cu,3d¹⁰4s→3d¹⁰4p,lower,20,24,4.547845483740129e-11,3.985940808800811e-11,-0.5393446629166316,39661499733.67589,1.0551327600428603e-11,4.6662620166841706e-11,1.5061514824468246e-22
19,29,Cu,3d¹⁰4s→3d¹⁰4p,lower,20,25,5.184038836707207e-11,5.1840388367072076e-11,-0.9999999999999999,68558645701.43773,1.1979126530399281e-12,5.1836633047110586e-11,2.5421526705791937e-22
19,29,Cu,3d¹⁰4s→3d¹⁰4p,lower,20,26,4.547512743613715e-11,3.98573644810693e-11,-0.5393446629166315,34339318248.639893,1.5067700710985056e-11,4.789220441775963e-11,1.276352764510476e-22
19,29,Cu,3d¹⁰4s→3d¹⁰4p,lower,20,27,3.265997698218575e-11,2.0477681082100557e-11,0.20601132958329835,28706918966.6168,2.7688247273423465e-11,4.280922694587047e-11,2.8369680417112235e-23
19,29,Cu,3d¹⁰4s→3d¹⁰4p,lower,20,28,6.151807661244458e-11,-1.6141623746007468e-11,0.5773502691896257,13743029546.482286,4.694812293373502e-11,9.85009632460276e-11,2.118832973132664e-22
19,29,Cu,3d¹⁰4s→3d¹⁰4p,lower,21,22,2.480273681358054e-11,1.190344475494684e-11,0.5393446629166316,36692661230.16195,2.195930156624427e-11,3.312110991386372e-11,1.5471391102431975e-23
19,29,Cu,3d¹⁰4s→3d¹⁰4p,lower,21,23,3.266745311985109e-11,2.048264930994419e-11,0.20601132958329824,52331376939.729416,8.700035973296578e-12,3.379341973551498e-11,7.345061267325867e-23
19,29,Cu,3d¹⁰4s→3d¹⁰4p,lower,21,24,3.2666230064524964e-11,2.0483047282339078e-11,0.20601132958329824,44264992500.80246,1.2903279752949098e-11,3.510449556316858e-11,5.92823006648042e-23
19,29,Cu,3d¹⁰4s→3d¹⁰4p,lower,21,25,4.5485538659804137e-11,3.9866596781893986e-11,-0.5393446629166315,39655403781.88787,1.0538576830811611e-11,4.6669515369544545e-11,1.5066253216380027e-22
19,29,Cu,3d¹⁰4s→3d¹⁰4p,lower,21,26,5.184081430147356e-11,5.1840814301473564e-11,-0.9999999999999998,65702648155.39167,1.5679638855579424e-12,5.1840213438366504e-11,2.540946815907654e-22
19,29,Cu,3d¹⁰4s→3d¹⁰4p,lower,21,27,4.548051497845547e-11,3.986351126969879e-11,-0.5393446629166316,34335298937.91034,1.5086154257325115e-11,4.790349888637168e-11,1.276659592725175e-22
19,29,Cu,3d¹⁰4s→3d¹⁰4p,lower,21,28,6.151646405295906e-11,-1.613547695737797e-11,0.5773502691896257,13743019048.845936,4.692212321654028e-11,9.851657537019427e-11,2.11979145474263e-22
19,29,Cu,3d¹⁰4s→3d¹⁰4p,lower,22,23,4.5485538659804137e-11,3.9866596781893986e-11,-0.5393446629166314,58868154705.67026,2.929656540497256e-12,4.556290603194116e-11,1.89290688405229e-22
19,29,Cu,3d¹⁰4s→3d¹⁰4p,lower,22,24,3.266623006452496e-11,2.048304728233907e-11,0.20601132958329846,52333406620.44174,8.67925459122653e-12,3.3789448108099166e-11,7.344529044115811e-23
19,29,Cu,3d¹⁰4s→3d¹⁰4p,lower,22,25,3.266745311985108e-11,2.0482649309944185e-11,0.20601132958329835,44263308955.06663,1.2890467726169413e-11,3.5105243678490215e-11,5.928662867759758e-23
19,29,Cu,3d¹⁰4s→3d¹⁰4p,lower,22,26,4.548051497845546e-11,3.9863511269698784e-11,-0.5393446629166316,39659889543.27017,1.049968801436756e-11,4.666167624359055e-11,1.506298540291892e-22
19,29,Cu,3d¹⁰4s→3d¹⁰4p,lower,22,27,5.184081430147355e-11,5.184081430147355e-11,-1.0,65334188812.783844,1.692095391171996e-12,5.1840664085479146e-11,2.540760534229926e-22
19,29,Cu,3d¹⁰4s→3d¹⁰4p,lower,22,28,6.151646405295906e-11,-1.6135476957377983e-11,0.5773502691896257,13743019047.247204,4.7017977466232835e-11,9.847086404010162e-11,2.119791454424265e-22
19,29,Cu,3d¹⁰4s→3d¹⁰4p,lower,23,24,2.496119648010694e-11,1.1980980279063977e-11,0.5393446629166316,50400634639.428635,1.3019065930420111e-11,2.8142120305163428e-11,2.792552998752519e-23
19,29,Cu,3d¹⁰4s→3d¹⁰4p,lower,23,25,4.0389564319626074e-11,3.1363885845757385e-11,-0.20601132958329824,28664016104.534832,2.4436901160121228e-11,4.7187121039402864e-11,6.355965378200008e-23
19,29,Cu,3d¹⁰4s→3d¹⁰4p,lower,23,26,4.038512204041842e-11,3.1362707284971515e-11,-0.20601132958329824,24186205888.86495,3.221997740540775e-11,5.1646428043781445e-11,4.682186945735209e-23
19,29,Cu,3d¹⁰4s→3d¹⁰4p,lower,23,27,2.4959378465991956e-11,1.1983023886002787e-11,0.5393446629166314,26531235590.89268,3.3684683151531555e-11,4.191761101646856e-11,8.467158040780284e-24
19,29,Cu,3d¹⁰4s→3d¹⁰4p,lower,23,28,9.025228918913815e-11,6.798201211307954e-11,-0.5773502691896257,13742732750.508017,4.6829138581696647e-11,9.86481205550828e-11,2.1457529566494197e-22
19,29,Cu,3d¹⁰4s→3d¹⁰4p,lower,24,25,2.4961196480106936e-11,1.1978006575223045e-11,0.5393446629166316,50400634639.427765,1.3022668637323754e-11,2.8142312764188427e-11,2.792552998752454e-23
19,29,Cu,3d¹⁰4s→3d¹⁰4p,lower,24,26,4.038362184208166e-11,3.136077548638699e-11,-0.20601132958329824,28668233962.045704,2.4434466381520675e-11,4.718538306539051e-11,6.354095089829299e-23
19,29,Cu,3d¹⁰4s→3d¹⁰4p,lower,24,27,4.0383621842081654e-11,3.1360775486386986e-11,-0.20601132958329846,24187104379.495304,3.220822419772712e-11,5.164313711389504e-11,4.6818391943552244e-23
19,29,Cu,3d¹⁰4s→3d¹⁰4p,lower,24,28,9.025083408203007e-11,6.798008031449501e-11,-0.5773502691896257,13742736110.891552,4.684383970547677e-11,9.864012187124121e-11,2.1454501750212e-22
19,29,Cu,3d¹⁰4s→3d¹⁰4p,lower,25,26,2.4959378465991952e-11,1.1983023886002783e-11,0.5393446629166315,50404304634.43532,1.3011741629995863e-11,2.813930070234047e-11,2.792145890889173e-23
19,29,Cu,3d¹⁰4s→3d¹⁰4p,lower,25,27,4.038512204041842e-11,3.136270728497152e-11,-0.20601132958329835,28667168922.322433,2.444001533156159e-11,4.719344240171669e-11,6.35456702237615e-23
19,29,Cu,3d¹⁰4s→3d¹⁰4p,lower,25,28,9.025228918913815e-11,6.798201211307955e-11,-0.5773502691896257,13742732750.514116,4.674649358474922e-11,9.868731046535261e-11,2.145752956650336e-22
19,29,Cu,3d¹⁰4s→3d¹⁰4p,lower,26,27,2.495663238241631e-11,1.1977303031774764e-11,0.5393446629166316,50409852111.34182,1.3002818611336487e-11,2.8134088352998488e-11,2.7915319119004906e-23
19,29,Cu,3d¹⁰4s→3d¹⁰4p,lower,26,28,9.02479800673962e-11,6.797629125885153e-11,-0.5773502691896257,13742742699.929497,4.681482141915003e-11,9.865189991796016e-11,2.1448563467363137e-22
19,29,Cu,3d¹⁰4s→3d¹⁰4p,lower,27,28,9.02479800673962e-11,6.797629125885153e-11,-0.5773502691896257,13742742699.923615,4.7034591957357385e-11,9.854730854434844e-11,2.144856346735434e-22
19,29,Cu,3d¹⁰4s→3d¹⁰4p,upper,0,1,3.6662878021488356e-12,3.6662878021488356e-12,-1.0,591331186158.966,7.493093988626724e-13,3.6447958659689075e-12,1.1561340615339074e-24
19,29,Cu,3d¹⁰4s→3d¹⁰4p,upper,0,2,6.224564130596317e-12,-6.224564130596317e-12,1.0,125737683921.50328,6.440154844278733e-12,9.862509628955157e-12,1.661347522054256e-24
19,29,Cu,3d¹⁰4s→3d¹⁰4p,upper,0,3,9.890839266712214e-12,9.890839266712214e-12,-1.0,125797237454.00987,6.22510811712471e-12,9.620670007524887e-12,1.6680334260347596e-24
19,29,Cu,3d¹⁰4s→3d¹⁰4p,upper,0,4,8.383635840417502e-12,1.8331440372929115e-12,0.0,121498519264.13564,6.973248661022597e-12,9.332793771914304e-12,8.316197255112037e-25
19,29,Cu,3d¹⁰4s→3d¹⁰4p,upper,0,5,8.390189294070883e-12,1.8331440372929115e-12,0.0,120884851335.94669,7.630104939314543e-12,9.990054279284514e-12,7.106012461789485e-25
19,29,Cu,3d¹⁰4s→3d¹⁰4p,upper,0,6,8.390231123088673e-12,1.8331440372929115e-12,0.0,121245583026.86021,7.264193437228756e-12,9.630354589408325e-12,7.9737669642874665e-25
19,29,Cu,3d¹⁰4s→3d¹⁰4p,upper,0,7,8.389885458538975e-12,1.8331440372929115e-12,0.0,121851766656.371,6.522285653057487e-12,9.190183294344667e-12,9.233953142833215e-25
19,29,Cu,3d¹⁰4s→3d¹⁰4p,upper,0,8,8.386340361741393e-12,1.8331440372929115e-12,0.0,121772575325.00922,6.619506299091325e-12,9.283428151589651e-12,8.962793850528443e-25
19,29,Cu,3d¹⁰4s→3d¹⁰4p,upper,0,9,8.386378056069238e-12,1.8331440372929115e-12,0.0,121573809538.24034,6.797460613983588e-12,9.377079617313701e-12,8.552170024738643e-25
19,29,Cu,3d¹⁰4s→3d¹⁰4p,upper,0,10,2.3085262014562957e-11,-2.3085262014562957e-11,1.0,40185440283.39389,2.3089755052923305e-11,2.675154514129959e-11,1.6785020185713717e-24
19,29,Cu,3d¹⁰4s→3d¹⁰4p,upper,0,11,2.6752698666823587e-11,2.6752698666823587e-11,-1.0,40183583043.85251,2.3089992747548985e-11,2.6752619501450185e-11,1.6785021760211486e-24
19,29,Cu,3d¹⁰4s→3d¹⁰4p,upper,0,12,2.645664600523104e-11,1.8331440372929115e-12,0.0,37865944846.84582,2.4573452582953454e-11,2.8142503905968755e-11,8.386481242064298e-25
19,29,Cu,3d¹⁰4s→3d¹⁰4p,upper,0,13,2.6940826961863997e-11,1.8331440372929115e-12,0.0,37183022642.39298,2.510904135383524e-11,2.8690741832616577e-11,8.387002239398857e-25
19,29,Cu,3d¹⁰4s→3d¹⁰4p,upper,0,14,2.6955409058811694e-11,1.8331440372929115e-12,0.0,37162837617.36352,2.518543802832215e-11,2.864081563784575e-11,8.387017492784628e-25
19,29,Cu,3d¹⁰4s→3d¹⁰4p,upper,0,15,2.6872036529369415e-11,1.8331440372929115e-12,0.0,37278541638.12619,2.50468233833502e-11,2.8624461262006403e-11,8.386929939890738e-25
19,29,Cu,3d¹⁰4s→3d¹⁰4p,upper,0,16,2.6803443018639013e-11,1.8331440372929115e-12,0.0,37374277964.05551,2.4944459793749855e-11,2.8535175091408766e-11,8.38685729104392e-25
19,29,Cu,3d¹⁰4s→3d¹⁰4p,upper,0,17,2.6815757132681916e-11,1.8331440372929115e-12,0.0,37357054828.720665,2.5023013674378516e-11,2.8460328554489457e-11,8.38687037621131e-25
19,29,Cu,3d¹⁰4s→3d¹⁰4p,upper,0,18,2.4802772491669334e-11,-1.3071693363453227e-11,0.5773502691896257,38735710599.01478,2.4103638202775585e-11,2.7593475608647474e-11,1.1179923727631505e-24
19,29,Cu,3d¹⁰4s→3d¹⁰4p,upper,0,19,2.492255214575371e-11,-1.3140973835220639e-11,0.5773502691896257,38556493792.0812,2.416831759602362e-11,2.7684410182187568e-11,1.118012184273024e-24
19,29,Cu,3d¹⁰4s→3d¹⁰4p,upper,0,20,2.4997140640486117e-11,-1.3184115160587058e-11,0.5773502691896257,38445729954.757645,2.4242833256660262e-11,2.775836546692305e-11,1.1180243824330643e-24
19,29,Cu,3d¹⁰4s→3d¹⁰4p,upper,0,21,2.49822709510081e-11,-1.3175514700863908e-11,0.5773502691896257,38467760515.390945,2.428229433038205e-11,2.777332689803861e-11,1.1180219585067101e-24
19,29,Cu,3d¹⁰4s→3d¹⁰4p,upper,0,22,2.4983320260579536e-11,-1.3176121610221794e-11,0.5773502691896257,38466205055.14582,2.4244673502115968e-11,2.776679269189347e-11,1.118022129917408e-24
19,29,Cu,3d¹⁰4s→3d¹⁰4p,upper,0,23,2.7096300046522113e-11,1.6842266725702347e-11,-0.5773502691896257,38466571436.774216,2.4232114784260798e-11,2.771842341131206e-11,1.1180220899080516e-24
19,29,Cu,3d¹⁰4s→3d¹⁰4p,upper,0,24,2.711342178644652e-11,1.6852167073205238e-11,-0.5773502691896257,38441214902.22017,2.426032515612814e-11,2.7788630963051516e-11,1.118024878624112e-24
19,29,Cu,3d¹⁰4s→3d¹⁰4p,upper,0,25,2.6993406054839813e-11,1.6782769664955287e-11,-0.5773502691896257,38619661254.99757,2.4163771868717367e-11,2.7670973964450957e-11,1.1180052116701591e-24
19,29,Cu,3d¹⁰4s→3d¹⁰4p,upper,0,26,2.6924993896649185e-11,1.6743210871994334e-11,-0.5773502691896257,38722124830.65763,2.4055610729762616e-11,2.75742798267726e-11,1.1179938783023672e-24
19,29,Cu,3d¹⁰4s→3d¹⁰4p,upper,0,27,2.711011015875307e-11,1.685025218373911e-11,-0.5773502691896257,38446116663.74081,2.424237896121847e-11,2.776963018575766e-11,1.118024339801566e-24
19,29,Cu,3d¹⁰4s→3d¹⁰4p,upper,0,28,7.59310116987438e-11,1.8331440372929115e-12,0.0,13172729126.293676,7.408934087222363e-11,7.772905920123435e-11,8.399281983376673e-25
19,29,Cu,3d¹⁰4s→3d¹⁰4p,upper,1,2,9.890851932745155e-12,9.890851932745155e-12,-1.0,125797029140.82637,6.225121327661195e-12,9.620682630053891e-12,1.6680329660732204e-24
19,29,Cu,3d¹⁰4s→3d¹⁰4p,upper,1,3,6.224551464563378e-12,-6.224551464563378e-12,1.0,125737890632.22054,6.440142230364145e-12,9.862496429877207e-12,1.66134696938847e-24
19,29,Cu,3d¹⁰4s→3d¹⁰4p,upper,1,4,8.383635780847141e-12,1.8331437648559244e-12,0.0,121102597737.33804,7.479963408158322e-12,9.892050321131652e-12,7.396038881381422e-25
19,29,Cu,3d¹⁰4s→3d¹⁰4p,upper,1,5,8.390189234547052e-12,1.8331437648559244e-12,0.0,121291738110.25143,7.269347178787258e-12,9.497595393885732e-12,8.08512530513927e-25
19,29,Cu,3d¹⁰4s→3d¹⁰4p,upper,1,6,8.390231063565139e-12,1.8331437648559244e-12,0.0,121218202770.46103,7.188688900928842e-12,9.684120800257657e-12,7.90339133491852e-25
19,29,Cu,3d¹⁰4s→3d¹⁰4p,upper,1,7,8.389885399012989e-12,1.8331437648559244e-12,0.0,121961968860.96211,6.447016533616477e-12,9.196043818311325e-12,9.455898440403973e-25
19,29,Cu,3d¹⁰4s→3d¹⁰4p,upper,1,8,8.386340302190244e-12,1.8331437648559244e-12,0.0,121933458517.81769,6.4954163715822696e-12,9.282012175105847e-12,9.286767917075534e-25
19,29,Cu,3d¹⁰4s→3d¹⁰4p,upper,1,9,8.386377996518356e-12,1.8331437648559244e-12,0.0,121390840069.568,6.960938803672322e-12,9.629391748780336e-12,8.147792949403632e-25
19,29,Cu,3d¹⁰4s→3d¹⁰4p,upper,1,10,2.6751549816711793e-11,2.6751549816711793e-11,-1.0,40185440267.15632,2.308884445483234e-11,2.6751470651599375e-11,1.6785015201700766e-24
19,29,Cu,3d¹⁰4s→3d¹⁰4p,upper,1,11,2.308641086467475e-11,-2.308641086467475e-11,1.0,40183583027.617065,2.3090903885893316e-11,2.6752693446522465e-11,1.678501677619791e-24
19,29,Cu,3d¹⁰4s→3d¹⁰4p,upper,1,12,2.6456645986354264e-11,1.8331437648559244e-12,0.0,37865944853.60404,2.457252247982303e-11,2.8122149517220536e-11,8.386478753527485e-25
19,29,Cu,3d¹⁰4s→3d¹⁰4p,upper,1,13,2.6940826943326475e-11,1.8331437648559244e-12,0.0,37183022648.76073,2.517061142479206e-11,2.863073929302364e-11,8.386999749847252e-25
19,29,Cu,3d¹⁰4s→3d¹⁰4p,upper,1,14,2.6955409040284202e-11,1.8331437648559244e-12,0.0,37162837623.80342,2.5100155572533505e-11,2.8693089874051677e-11,8.38701500505826e-25
19,29,Cu,3d¹⁰4s→3d¹⁰4p,upper,1,15,2.687203651078444e-11,1.8331437648559244e-12,0.0,37278541644.562584,2.5086263911735828e-11,2.8631004608657257e-11,8.386927450800179e-25
19,29,Cu,3d¹⁰4s→3d¹⁰4p,upper,1,16,2.6803443000006476e-11,1.8331437648559244e-12,0.0,37374277970.58739,2.499989221179753e-11,2.847496554871547e-11,8.386854803052966e-25
19,29,Cu,3d¹⁰4s→3d¹⁰4p,upper,1,17,2.6815757114057935e-11,1.8331437648559244e-12,0.0,37357054835.21078,2.4943960582093907e-11,2.8534444870333773e-11,8.386867887420185e-25
19,29,Cu,3d¹⁰4s→3d¹⁰4p,upper,1,18,2.6915950092564284e-11,1.6737981165602062e-11,-0.5773502691896257,38735710599.28654,2.4007145622708185e-11,2.7604994343243336e-11,1.1179920415789258e-24
19,29,Cu,3d¹⁰4s→3d¹⁰4p,upper,1,19,2.703576253533181e-11,1.6807261637369474e-11,-0.5773502691896257,38556493792.007835,2.4147577648197248e-11,2.7744325520156674e-11,1.1180118523781534e-24
19,29,Cu,3d¹⁰4s→3d¹⁰4p,upper,1,20,2.7110371219133087e-11,1.6850402962735893e-11,-0.5773502691896257,38445729954.62136,2.4250239240321106e-11,2.783176947458995e-11,1.1180240504002174e-24
19,29,Cu,3d¹⁰4s→3d¹⁰4p,upper,1,21,2.7095497518727874e-11,1.6841802503012744e-11,-0.5773502691896257,38467760515.47496,2.4270669823022413e-11,2.782293296902501e-11,1.118021626930346e-24
19,29,Cu,3d¹⁰4s→3d¹⁰4p,upper,1,22,2.709654711156462e-11,1.684240941237063e-11,-0.5773502691896257,38466205055.091705,2.4264558525404132e-11,2.7823358547293962e-11,1.1180217980560298e-24
19,29,Cu,3d¹⁰4s→3d¹⁰4p,upper,1,23,2.4983073236601218e-11,-1.3175978923553511e-11,0.5773502691896257,38466571436.85903,2.4169825811548296e-11,2.7728660115007143e-11,1.118021758333265e-24
19,29,Cu,3d¹⁰4s→3d¹⁰4p,upper,1,24,2.5000190360423357e-11,-1.3185879271056402e-11,0.5773502691896257,38441214902.45834,2.41892139197396e-11,2.776530078573027e-11,1.1180245473647693e-24
19,29,Cu,3d¹⁰4s→3d¹⁰4p,upper,1,25,2.4880207179037918e-11,-1.3116481862806451e-11,0.5773502691896257,38619661255.255585,2.4078945879788376e-11,2.767350068042554e-11,1.1180048804554294e-24
19,29,Cu,3d¹⁰4s→3d¹⁰4p,upper,1,26,2.4811813779028406e-11,-1.3076923069845498e-11,0.5773502691896257,38722124830.63008,2.402800312937809e-11,2.7626831305797514e-11,1.1179935465126508e-24
19,29,Cu,3d¹⁰4s→3d¹⁰4p,upper,1,27,2.4996879624848434e-11,-1.3183964381590276e-11,0.5773502691896257,38446116663.64938,2.4238497897627246e-11,2.7827462798612952e-11,1.1180240078615823e-24
19,29,Cu,3d¹⁰4s→3d¹⁰4p,upper,1,28,7.593101169216656e-11,1.8331437648559244e-12,0.0,13172729126.578762,7.42162265093521e-11,7.76079170955156e-11,8.399279487205191e-25
19,29,Cu,3d¹⁰4s→3d¹⁰4p,upper,2,3,1.611540339730853e-11,1.611540339730853e-11,-1.0,130210033475.36545,3.634626604121893e-12,1.6054921825570272e-11,2.188098712572508e-23
19,29,Cu,3d¹⁰4s→3d¹⁰4p,upper,2,4,1.1482664924229877e-11,8.05770816788923e-12,0.0,79113544703.89116,1.0228682754398861e-11,1.5109072385909205e-11,3.3076050160204623e-24
19,29,Cu,3d¹⁰4s→3d¹⁰4p,upper,2,5,1.1487450554746597e-11,8.05770816788923e-12,0.0,177236341984.6115,2.790657344917394e-12,1.1475801445748885e-11,1.0855586615306621e-23
19,29,Cu,3d¹⁰4s→3d¹⁰4p,upper,2,6,1.1487481105806098e-11,8.05770816788923e-12,0.0,76044864218.08475,1.0823146679110331e-11,1.5530214404763217e-11,3.072651871091607e-24
19,29,Cu,3d¹⁰4s→3d¹⁰4p,upper,2,7,1.1487228641618047e-11,8.05770816788923e-12,0.0,90835844466.19415,8.325628471909236e-12,1.3910120727214315e-11,4.283078632550983e-24
19,29,Cu,3d¹⁰4s→3d¹⁰4p,upper,2,8,1.148463967742911e-11,8.05770816788923e-12,0.0,76808714841.41364,1.093647977878063e-11,1.5615825494425227e-11,3.1234781059215433e-24
19,29,Cu,3d¹⁰4s→3d¹⁰4p,upper,2,9,1.1484667202697948e-11,8.05770816788923e-12,0.0,277710349871.0447,1.1079762246926587e-12,1.1206974665983084e-11,1.325966817695352e-23
19,29,Cu,3d¹⁰4s→3d¹⁰4p,upper,2,10,1.686069788396664e-11,-1.686069788396664e-11,1.0,41246618240.63608,1.6880556590550633e-11,3.2975673138380016e-11,3.1815360819387187e-23
19,29,Cu,3d¹⁰4s→3d¹⁰4p,upper,2,11,3.29772627974199e-11,3.29772627974199e-11,-1.0,41244015767.40279,1.747408872062935e-11,3.297549848059698e-11,3.181441982743425e-23
19,29,Cu,3d¹⁰4s→3d¹⁰4p,upper,2,12,2.7595658385034298e-11,8.05770816788923e-12,0.0,37463810683.77654,1.8522759966813977e-11,3.431168948469327e-11,1.5690235697839903e-23
19,29,Cu,3d¹⁰4s→3d¹⁰4p,upper,2,13,2.806019246631256e-11,8.05770816788923e-12,0.0,36801759658.91488,1.9398136292680498e-11,3.449621673728121e-11,1.5709562487227148e-23
19,29,Cu,3d¹⁰4s→3d¹⁰4p,upper,2,14,2.807419315644305e-11,8.05770816788923e-12,0.0,36782095464.44885,1.947783222544073e-11,3.490369772724588e-11,1.5709934127859748e-23
19,29,Cu,3d¹⁰4s→3d¹⁰4p,upper,2,15,2.799415280184722e-11,8.05770816788923e-12,0.0,36894353381.05873,1.9125763547133637e-11,3.480569146249605e-11,1.570676732352878e-23
19,29,Cu,3d¹⁰4s→3d¹⁰4p,upper,2,16,2.7928315407679617e-11,8.05770816788923e-12,0.0,36987171487.39424,1.9373120862165042e-11,3.4441440069249044e-11,1.5704033879091273e-23
19,29,Cu,3d¹⁰4s→3d¹⁰4p,upper,2,17,2.7940133758741875e-11,8.05770816788923e-12,0.0,36970587823.86975,1.8778528948056204e-11,3.442852728233501e-11,1.5704767404794193e-23
19,29,Cu,3d¹⁰4s→3d¹⁰4p,upper,2,18,2.216284130288365e-11,-6.847129232856909e-12,0.5773502691896257,38716511918.30545,1.7813909350190947e-11,3.3492140436953e-11,2.0846191968552508e-23
19,29,Cu,3d¹⁰4s→3d¹⁰4p,upper,2,19,2.2277458008535915e-11,-6.9164097046243215e-12,0.5773502691896257,38537653704.722496,1.8613528412327824e-11,3.396459033030504e-11,2.0853352321571532e-23
19,29,Cu,3d¹⁰4s→3d¹⁰4p,upper,2,20,2.234885899037502e-11,-6.9595510299907405e-12,0.5773502691896257,38427224082.98418,1.8008172778537884e-11,3.3679498950580264e-11,2.0857976518245348e-23
19,29,Cu,3d¹⁰4s→3d¹⁰4p,upper,2,21,2.2334623078691196e-11,-6.950950570267591e-12,0.5773502691896257,38449134719.339676,1.8630609400225488e-11,3.402390444746116e-11,2.0856957965142238e-23
19,29,Cu,3d¹⁰4s→3d¹⁰4p,upper,2,22,2.2335627637204807e-11,-6.951557479625477e-12,0.5773502691896257,38447648762.402245,1.7996488068863663e-11,3.3695201316736704e-11,2.0857142949417995e-23
19,29,Cu,3d¹⁰4s→3d¹⁰4p,upper,2,23,3.134686927756177e-11,2.3066830856298666e-11,-0.5773502691896257,38447972118.73734,1.8151177668217315e-11,3.3921899123722446e-11,2.0857048650420197e-23
19,29,Cu,3d¹⁰4s→3d¹⁰4p,upper,2,24,3.13636354550782e-11,2.3076731203801554e-11,-0.5773502691896257,38422698672.05323,1.8190168195859855e-11,3.395124755822495e-11,2.08581217898298e-23
19,29,Cu,3d¹⁰4s→3d¹⁰4p,upper,2,25,3.1246120098253e-11,2.3007333795551602e-11,-0.5773502691896257,38600688125.81401,1.80770044556267e-11,3.38345430499817e-11,2.085081709456805e-23
19,29,Cu,3d¹⁰4s→3d¹⁰4p,upper,2,26,3.117914165913094e-11,2.2967775002590653e-11,-0.5773502691896257,38702941967.53434,1.7974177594153195e-11,3.374689157432889e-11,2.084671670824211e-23
19,29,Cu,3d¹⁰4s→3d¹⁰4p,upper,2,27,3.1360392569361155e-11,2.307481631433543e-11,-0.5773502691896257,38427552625.33698,1.8224171012913456e-11,3.396562039249677e-11,2.0857852104700168e-23
19,29,Cu,3d¹⁰4s→3d¹⁰4p,upper,2,28,7.633534424794437e-11,8.05770816788923e-12,0.0,13155222099.167475,6.809733215171446e-11,8.376707537405983e-11,1.616596950911464e-23
19,29,Cu,3d¹⁰4s→3d¹⁰4p,upper,3,4,1.148265584494619e-11,8.057695229419302e-12,0.0,164372350268.57278,3.214763746381863e-12,1.1581844525781981e-11,1.010679710624466e-23
19,29,Cu,3d¹⁰4s→3d¹⁰4p,upper,3,5,1.148744147924531e-11,8.057695229419302e-12,0.0,79058125956.06438,1.0715891995801276e-11,1.5357846053753094e-11,3.300058963676335e-24
19,29,Cu,3d¹⁰4s→3d¹⁰4p,upper,3,6,1.1487472030328946e-11,8.057695229419302e-12,0.0,78566317122.63185,1.0516650005557052e-11,1.5356504923842164e-11,3.2646282962629064e-24
19,29,Cu,3d¹⁰4s→3d¹⁰4p,upper,3,7,1.1487219565941437e-11,8.057695229419302e-12,0.0,73438617504.03093,1.1606873101772736e-11,1.609415659779619e-11,2.8700947176079762e-24
19,29,Cu,3d¹⁰4s→3d¹⁰4p,upper,3,8,1.1484630599706583e-11,8.057695229419302e-12,0.0,90763126895.01283,8.942473676629732e-12,1.4149089602072955e-11,4.253193143603894e-24
19,29,Cu,3d¹⁰4s→3d¹⁰4p,upper,3,9,1.1484658124997176e-11,8.057695229419302e-12,0.0,172602425250.4986,2.7651152853877874e-12,1.1515290578580124e-11,1.0549430861348508e-23
19,29,Cu,3d¹⁰4s→3d¹⁰4p,upper,3,10,3.297610128127517e-11,3.297610128127517e-11,-1.0,41246022262.23804,1.7472964181119474e-11,3.2974336986462394e-11,3.1814258636483965e-23
19,29,Cu,3d¹⁰4s→3d¹⁰4p,upper,3,11,1.6861859400111373e-11,-1.6861859400111373e-11,1.0,41244603851.84665,1.6881717623241536e-11,3.2976808773152456e-11,3.181532159483211e-23
19,29,Cu,3d¹⁰4s→3d¹⁰4p,upper,3,12,2.759565460710892e-11,8.057695229419302e-12,0.0,37463729394.079666,1.8995469262421092e-11,3.44285978522148e-11,1.5690015822549326e-23
19,29,Cu,3d¹⁰4s→3d¹⁰4p,upper,3,13,2.806018875093042e-11,8.057695229419302e-12,0.0,36801673805.21012,1.949786741053068e-11,3.4884817914534674e-11,1.5709316036236005e-23
19,29,Cu,3d¹⁰4s→3d¹⁰4p,upper,3,14,2.8074189442913782e-11,8.057695229419302e-12,0.0,36782073841.65521,1.9824886742066218e-11,3.468193441202831e-11,1.570983975517304e-23
19,29,Cu,3d¹⁰4s→3d¹⁰4p,upper,3,15,2.7994149077700296e-11,8.057695229419302e-12,0.0,36894455000.88895,1.8797018488040733e-11,3.453507928253523e-11,1.570693669604887e-23
19,29,Cu,3d¹⁰4s→3d¹⁰4p,upper,3,16,2.79283116747535e-11,8.057695229419302e-12,0.0,36987287748.64294,1.877804814660256e-11,3.4425451727459306e-11,1.5704228654020367e-23
19,29,Cu,3d¹⁰4s→3d¹⁰4p,upper,3,17,2.794013002739474e-11,8.057695229419302e-12,0.0,36970555000.100334,1.9219155389138146e-11,3.4341579997710844e-11,1.5704651625506886e-23
19,29,Cu,3d¹⁰4s→3d¹⁰4p,upper,3,18,3.1170278482502755e-11,2.296253263016544e-11,-0.5773502691896257,38716507706.17211,1.8137502090583312e-11,3.3539926196600796e-11,2.0846124401723788e-23
19,29,Cu,3d¹⁰4s→3d¹⁰4p,upper,3,19,3.128758263084934e-11,2.3031813101932853e-11,-0.5773502691896257,38537717287.713585,1.8341907202901673e-11,3.372901072277734e-11,2.0853409564415915e-23
19,29,Cu,3d¹⁰4s→3d¹⁰4p,upper,3,20,3.1360638855969744e-11,2.3074954427299272e-11,-0.5773502691896257,38427196202.29972,1.8378654106404527e-11,3.386643016502798e-11,2.0857862424369335e-23
19,29,Cu,3d¹⁰4s→3d¹⁰4p,upper,3,21,3.1346074069880214e-11,2.3066353967576122e-11,-0.5773502691896257,38449148203.233505,1.8391546520515202e-11,3.38788567181736e-11,2.0856918246664812e-23
19,29,Cu,3d¹⁰4s→3d¹⁰4p,upper,3,22,3.1347101854132135e-11,2.3066960876934008e-11,-0.5773502691896257,38447576478.76545,1.848491909103975e-11,3.3871555077463695e-11,2.0856942203389804e-23
19,29,Cu,3d¹⁰4s→3d¹⁰4p,upper,3,23,2.2335395037228596e-11,-6.951427458990133e-12,0.5773502691896257,38447948742.74289,1.8531483987963982e-11,3.383110562608256e-11,2.085693942319227e-23
19,29,Cu,3d¹⁰4s→3d¹⁰4p,upper,3,24,2.2351782719415985e-11,-6.961327806493024e-12,0.5773502691896257,38422658033.53198,1.839494592232558e-11,3.3816648832448e-11,2.085797775412673e-23
19,29,Cu,3d¹⁰4s→3d¹⁰4p,upper,3,25,2.2236935882192634e-11,-6.891930398243073e-12,0.5773502691896257,38600692654.74244,1.818608306281755e-11,3.372280047346953e-11,2.0850762301003344e-23
19,29,Cu,3d¹⁰4s→3d¹⁰4p,upper,3,26,2.217149482212246e-11,-6.85237160528212e-12,0.5773502691896257,38702926973.50305,1.8094165483447663e-11,3.3645155531318105e-11,2.0846625031551847e-23
19,29,Cu,3d¹⁰4s→3d¹⁰4p,upper,3,27,2.2348612984116096e-11,-6.959412917026897e-12,0.5773502691896257,38427594136.06289,1.8320851975660005e-11,3.378550997345367e-11,2.0857870993125654e-23
19,29,Cu,3d¹⁰4s→3d¹⁰4p,upper,3,28,7.633534288220307e-11,8.057695229419302e-12,0.0,13155222150.556751,6.849931323074102e-11,8.343867947663026e-11,1.6165917362753314e-23
19,29,Cu,3d¹⁰4s→3d¹⁰4p,upper,4,5,1.4175318892603106e-11,1.2274506964042637e-11,-0.49999999999999983,277966290062.0072,9.97586576720394e-13,1.3645465815283912e-11,2.113710726928061e-23
19,29,Cu,3d¹⁰4s→3d¹⁰4p,upper,4,6,1.4175356019548726e-11,1.2274528396354741e-11,-0.5000000000000004,154157792021.8386,2.656003225244087e-12,1.4073356920572779e-11,1.7196178935957323e-23
19,29,Cu,3d¹⁰4s→3d¹⁰4p,upper,4,7,1.6367936539499236e-11,1.6367936539499236e-11,-1.0,125147430593.66109,4.036186645401317e-12,1.6333373079235164e-11,2.2204786492820263e-23
19,29,Cu,3d¹⁰4s→3d¹⁰4p,upper,4,8,8.182152165731283e-12,4.0889972318465174e-12,0.49999999999999983,126580622379.7135,6.340465969586555e-12,1.0110981764166921e-11,2.1349171061313256e-24
19,29,Cu,3d¹⁰4s→3d¹⁰4p,upper,4,9,8.182171489840698e-12,4.088977917618183e-12,0.5000000000000004,110557067918.58963,7.425341022346125e-12,1.0899688577626398e-11,1.664469893764941e-24
19,29,Cu,3d¹⁰4s→3d¹⁰4p,upper,4,10,2.622693068219073e-11,8.180766030346445e-12,0.0,39613390428.76856,1.7248972509232803e-11,3.2830557450204186e-11,1.6086123231728304e-23
19,29,Cu,3d¹⁰4s→3d¹⁰4p,upper,4,11,2.6228021957010672e-11,8.180766030346445e-12,0.0,39611790597.50463,1.709106554419985e-11,3.2647768336870315e-11,1.608649845715683e-23
19,29,Cu,3d¹⁰4s→3d¹⁰4p,upper,4,12,1.8212295572746235e-11,-1.8212295572746235e-11,1.0,38851504995.017654,1.8232066806867672e-11,3.457337523342078e-11,3.284969621932131e-23
19,29,Cu,3d¹⁰4s→3d¹⁰4p,upper,4,13,3.176882869255067e-11,2.1619960019641667e-11,-0.49999999999999983,37084868021.12815,1.880510796946317e-11,3.487973540557346e-11,2.0171833100464416e-23
19,29,Cu,3d¹⁰4s→3d¹⁰4p,upper,4,14,3.178307672846491e-11,2.1627267996159023e-11,-0.5000000000000004,37064866338.59959,1.879373614162857e-11,3.486345907851302e-11,2.0172656110575104e-23
19,29,Cu,3d¹⁰4s→3d¹⁰4p,upper,4,15,3.4990203364507374e-11,3.4990203364507374e-11,-1.0,38216968749.989365,1.907170302514118e-11,3.497386008894521e-11,3.2868327613070755e-23
19,29,Cu,3d¹⁰4s→3d¹⁰4p,upper,4,16,2.3732463005098388e-11,-5.189575593860149e-12,0.49999999999999983,37274488689.57877,1.8633641095941687e-11,3.469997362455889e-11,2.0164254981767715e-23
19,29,Cu,3d¹⁰4s→3d¹⁰4p,upper,4,17,2.3744243471316582e-11,-5.195747094694025e-12,0.5000000000000004,37257417167.556595,1.869025591966212e-11,3.476477317526159e-11,2.0164948200660558e-23
19,29,Cu,3d¹⁰4s→3d¹⁰4p,upper,4,18,1.990088745835095e-11,-1.243723867666978e-11,0.7986541716418109,39165465675.5212,1.7643750305759106e-11,3.3668831509617376e-11,2.652542311011257e-23
19,29,Cu,3d¹⁰4s→3d¹⁰4p,upper,4,19,2.3798250699598617e-11,-2.407534259594566e-12,0.408248290463863,38310881017.34821,1.8444041727570256e-11,3.4069438212471845e-11,1.8777454790559972e-23
19,29,Cu,3d¹⁰4s→3d¹⁰4p,upper,4,20,3.1240815707587175e-11,2.239150197614497e-11,-0.5463428522861039,38378310806.65543,1.829748742687067e-11,3.4049425592093135e-11,2.0907668560671063e-23
19,29,Cu,3d¹⁰4s→3d¹⁰4p,upper,4,21,3.255704680161437e-11,2.7571178313684256e-11,-0.7459067426872383,38766470994.333855,1.842358657713486e-11,3.406331776956232e-11,2.516362811728318e-23
19,29,Cu,3d¹⁰4s→3d¹⁰4p,upper,4,22,2.657925687726753e-11,5.962012774610394e-12,0.08534713286766836,38018028599.153046,1.8161490295385375e-11,3.410845072291472e-11,1.6252820939967095e-23
19,29,Cu,3d¹⁰4s→3d¹⁰4p,upper,4,23,3.290058761094427e-11,2.89430295772348e-11,-0.7986541716418109,38887785225.12123,1.7821071426279484e-11,3.381432819001929e-11,2.653797327426933e-23
19,29,Cu,3d¹⁰4s→3d¹⁰4p,upper,4,24,3.028858580273274e-11,1.8800819065837018e-11,-0.408248290463863,38197907641.47076,1.805593704963577e-11,3.4029957914526696e-11,1.878199355175203e-23
19,29,Cu,3d¹⁰4s→3d¹⁰4p,upper,4,25,2.2493034436983738e-11,-5.9659687022633575e-12,0.5463428522861039,38551244470.70233,1.7990534820532987e-11,3.3833539820569625e-11,2.0900461958999435e-23
19,29,Cu,3d¹⁰4s→3d¹⁰4p,upper,4,26,2.0461730631088004e-11,-1.1082270603431224e-11,0.7459067426872383,39026634877.29863,1.8117661570844335e-11,3.385594186305591e-11,2.5152174066495043e-23
19,29,Cu,3d¹⁰4s→3d¹⁰4p,upper,4,27,2.7924661410660292e-11,1.0400678607960462e-11,-0.08534713286766836,37998763503.935165,1.787638830591157e-11,3.383837541131204e-11,1.625371858679727e-23
19,29,Cu,3d¹⁰4s→3d¹⁰4p,upper,4,28,6.772811434957553e-11,-6.772811434957554e-11,1.0,13212192822.012657,6.772932483735181e-11,8.408867143575067e-11,3.3389452586425724e-23
19,29,Cu,3d¹⁰4s→3d¹⁰4p,upper,5,6,1.4181171702242195e-11,1.2281244233400674e-11,-0.4999999999999997,142033130830.95688,3.6072501212007547e-12,1.4178886359925479e-11,1.6420535154878412e-23
19,29,Cu,3d¹⁰4s→3d¹⁰4p,upper,5,7,8.187326192712866e-12,4.09389661281599e-12,0.49999999999999983,178932839590.55716,3.753764359505595e-12,8.729242394744106e-12,3.773691693628584e-24
19,29,Cu,3d¹⁰4s→3d¹⁰4p,upper,5,8,1.637101946439224e-11,1.637101946439224e-11,-0.9999999999999999,146004545220.6754,2.6485390746359414e-12,1.6183099506655432e-11,2.430208721639777e-23
19,29,Cu,3d¹⁰4s→3d¹⁰4p,upper,5,9,8.185529745250921e-12,4.09569375466413e-12,0.4999999999999997,126659164435.4783,5.969556502946109e-12,9.900204840631005e-12,2.1511622904274895e-24
19,29,Cu,3d¹⁰4s→3d¹⁰4p,upper,5,10,2.6229026278038732e-11,8.187481867392385e-12,0.0,39612564541.116714,1.7255252996203264e-11,3.297850387303495e-11,1.611146554315996e-23
19,29,Cu,3d¹⁰4s→3d¹⁰4p,upper,5,11,2.6230117465673746e-11,8.187481867392385e-12,0.0,39611009934.17622,1.69175932182469e-11,3.26967177941408e-11,1.6111916802216874e-23
19,29,Cu,3d¹⁰4s→3d¹⁰4p,upper,5,12,3.1300499571313805e-11,2.138401266893872e-11,-0.49999999999999983,37761575324.627365,1.8590564005477645e-11,3.448757793573942e-11,2.017632031289733e-23
19,29,Cu,3d¹⁰4s→3d¹⁰4p,upper,5,13,1.8690906111198063e-11,-1.8690906111198063e-11,0.9999999999999999,38115823102.96629,1.8710541773141522e-11,3.506541521894578e-11,3.292498697791755e-23
19,29,Cu,3d¹⁰4s→3d¹⁰4p,upper,5,14,3.1787647000763946e-11,2.1633983833204946e-11,-0.4999999999999997,37064605018.1945,1.9038751027418788e-11,3.4970810857918365e-11,2.02044839426514e-23
19,29,Cu,3d¹⁰4s→3d¹⁰4p,upper,5,15,2.3796617563316553e-11,-5.217236799688076e-12,0.49999999999999983,37179291206.291885,1.9163343158288373e-11,3.493632160881962e-11,2.0199828033983193e-23
19,29,Cu,3d¹⁰4s→3d¹⁰4p,upper,5,16,3.492816511580558e-11,3.492816511580558e-11,-0.9999999999999999,38322445587.69532,1.8554056206540652e-11,3.457372225050531e-11,3.2919489550014084e-23
19,29,Cu,3d¹⁰4s→3d¹⁰4p,upper,5,17,2.3742774807212145e-11,-5.189031257648067e-12,0.4999999999999997,37257204878.00596,1.8654537559211663e-11,3.4552141036970697e-11,2.0196861415472542e-23
19,29,Cu,3d¹⁰4s→3d¹⁰4p,upper,5,18,3.1055686184132975e-11,2.2291833788478424e-11,-0.5463428522861037,38666424921.320045,1.7985037241509954e-11,3.365079337073094e-11,2.092849860805424e-23
19,29,Cu,3d¹⁰4s→3d¹⁰4p,upper,5,19,2.3797572234324097e-11,-2.4008184225486286e-12,0.40824829046386313,38310596948.22748,1.7940629745696656e-11,3.366399874833995e-11,1.8807337780534453e-23
19,29,Cu,3d¹⁰4s→3d¹⁰4p,upper,5,20,2.0085404223584892e-11,-1.2586036991181139e-11,0.7986541716418107,38866772224.99818,1.826886786670013e-11,3.416318685070673e-11,2.6580743938350554e-23
19,29,Cu,3d¹⁰4s→3d¹⁰4p,upper,5,21,2.6579763650062583e-11,5.96881832837835e-12,0.08534713286766828,38018785002.9554,1.831128940582231e-11,3.4084072144247786e-11,1.627841556527563e-23
19,29,Cu,3d¹⁰4s→3d¹⁰4p,upper,5,22,3.256377070672874e-11,2.7578678246289527e-11,-0.7459067426872384,38765406853.04662,1.814277497135604e-11,3.40141054317745e-11,2.520372030452923e-23
19,29,Cu,3d¹⁰4s→3d¹⁰4p,upper,5,23,2.25894210786575e-11,-6.0155545517426716e-12,0.5463428522861037,38398879583.51844,1.846586336943769e-11,3.399244611146957e-11,2.0939781808439567e-23
19,29,Cu,3d¹⁰4s→3d¹⁰4p,upper,5,24,3.0292754934246625e-11,1.880753490288296e-11,-0.40824829046386313,38197492885.570145,1.8078172916552384e-11,3.391337781805973e-11,1.8811629477312318e-23
19,29,Cu,3d¹⁰4s→3d¹⁰4p,upper,5,25,3.28046092022029e-11,2.886744255880141e-11,-0.7986541716418107,39046276023.00974,1.8023083656216835e-11,3.4016438956159016e-11,2.6572747932127e-23
19,29,Cu,3d¹⁰4s→3d¹⁰4p,upper,5,26,2.7749901225459642e-11,1.0391571002040601e-11,-0.08534713286766828,38264565132.285965,1.781681400354195e-11,3.3730910237343474e-11,1.6270765823174457e-23
19,29,Cu,3d¹⁰4s→3d¹⁰4p,upper,5,27,2.063684618019251e-11,-1.1213846615263413e-11,0.7459067426872384,38744914886.17792,1.8316218324795006e-11,3.404446413662097e-11,2.520473187633458e-23
19,29,Cu,3d¹⁰4s→3d¹⁰4p,upper,5,28,8.03162222813477e-11,4.614192205735337e-11,-0.49999999999999983,13168828073.296444,6.826513697014513e-11,8.365558579181491e-11,2.0854257092871726e-23
19,29,Cu,3d¹⁰4s→3d¹⁰4p,upper,6,7,8.187347626331686e-12,4.093939477440186e-12,0.5000000000000004,233316023136.5285,2.0261424648047707e-12,8.237315192632997e-12,5.172407704391467e-24
19,29,Cu,3d¹⁰4s→3d¹⁰4p,upper,6,8,8.185531892801443e-12,4.095755933516659e-12,0.4999999999999997,183319020512.86032,3.0798502454286407e-12,8.477261392170828e-12,3.940634420575451e-24
19,29,Cu,3d¹⁰4s→3d¹⁰4p,upper,6,9,1.63711009574731e-11,1.63711009574731e-11,-1.0,293250549043.8303,8.863223076058768e-13,1.5820893707759725e-11,2.915913172573776e-23
19,29,Cu,3d¹⁰4s→3d¹⁰4p,upper,6,10,2.622903965841202e-11,8.187524732016585e-12,0.0,39612583683.81613,1.7093223948881187e-11,3.306482545354621e-11,1.6111660086770628e-23
19,29,Cu,3d¹⁰4s→3d¹⁰4p,upper,6,11,2.6230130845490398e-11,8.187524732016585e-12,0.0,39611057612.32794,1.6747361014781632e-11,3.277974258412866e-11,1.6112159176312474e-23
19,29,Cu,3d¹⁰4s→3d¹⁰4p,upper,6,12,3.130052885577155e-11,2.1384055533562937e-11,-0.5000000000000004,37761588395.1093,1.873533134849509e-11,3.433587191020206e-11,2.017655427445013e-23
19,29,Cu,3d¹⁰4s→3d¹⁰4p,upper,6,13,3.177342864559104e-11,2.16267187213118e-11,-0.4999999999999997,37084609307.47061,1.929536824127722e-11,3.488344608873215e-11,2.0203873230523626e-23
19,29,Cu,3d¹⁰4s→3d¹⁰4p,upper,6,14,1.870547919960855e-11,-1.870547919960855e-11,1.0,38094072214.20346,1.8725110346127847e-11,3.508007397708221e-11,3.292597967156772e-23
19,29,Cu,3d¹⁰4s→3d¹⁰4p,upper,6,15,2.3796608165593547e-11,-5.217193935063889e-12,0.5000000000000004,37179288167.30716,1.9321274177524126e-11,3.4810109689200565e-11,2.0200028691427935e-23
19,29,Cu,3d¹⁰4s→3d¹⁰4p,upper,6,16,2.3730985996834282e-11,-5.1828168921900056e-12,0.4999999999999997,37274237768.3262,1.889226624614676e-11,3.462837284688827e-11,2.0196295883508478e-23
19,29,Cu,3d¹⁰4s→3d¹⁰4p,upper,6,17,3.4940550982097504e-11,3.4940550982097504e-11,-1.0,38303309463.7197,1.8936705321270997e-11,3.4911496743891386e-11,3.291920119344444e-23
19,29,Cu,3d¹⁰4s→3d¹⁰4p,upper,6,18,2.8985504681246628e-11,1.4701177517946772e-11,-0.25231131935570733,38350281142.32796,1.8294456972279995e-11,3.3759426599997874e-11,1.7160077275249614e-23
19,29,Cu,3d¹⁰4s→3d¹⁰4p,upper,6,19,3.296173632248177e-11,2.936412531189861e-11,-0.816496580927726,39025562088.60882,1.7928965209692098e-11,3.4024764414162825e-11,2.706622665730579e-23
19,29,Cu,3d¹⁰4s→3d¹⁰4p,upper,6,20,2.917285857616146e-11,1.4750307644791576e-11,-0.2523113193557066,38068733406.352264,1.8632520384119243e-11,3.400209645569746e-11,1.716985321043415e-23
19,29,Cu,3d¹⁰4s→3d¹⁰4p,upper,6,21,2.1485502961775997e-11,-8.984224012307192e-12,0.6605596098195701,38592526693.34537,1.7874957037864668e-11,3.399673564461659e-11,2.3202466698712977e-23
19,29,Cu,3d¹⁰4s→3d¹⁰4p,upper,6,22,2.148651022177216e-11,-8.984918391144497e-12,0.6605596098195698,38590934914.73384,1.8085266252411104e-11,3.409520076287348e-11,2.3202497691539985e-23
19,29,Cu,3d¹⁰4s→3d¹⁰4p,upper,6,23,2.520811742676901e-11,1.6282976042632815e-12,0.25231131935570733,38089020664.98684,1.8326530368803875e-11,3.379681025199501e-11,1.7169247160223554e-23
19,29,Cu,3d¹⁰4s→3d¹⁰4p,upper,6,24,1.989826456160313e-11,-1.3052581338964561e-11,0.816496580927726,38906180534.129776,1.7942997491239773e-11,3.406076636735224e-11,2.7071480049253257e-23
19,29,Cu,3d¹⁰4s→3d¹⁰4p,upper,6,25,2.511030828612264e-11,1.6542987732173703e-12,0.2523113193557066,38237621171.90627,1.8223278899617502e-11,3.377754774829686e-11,1.7163996571801677e-23
19,29,Cu,3d¹⁰4s→3d¹⁰4p,upper,6,26,3.1832482614237976e-11,2.524647223114604e-11,-0.6605596098195701,38849044056.49591,1.784021367463252e-11,3.3927066248507725e-11,2.3190901584150393e-23
19,29,Cu,3d¹⁰4s→3d¹⁰4p,upper,6,27,3.201441406289909e-11,2.5368940637058358e-11,-0.6605596098195698,38570596001.880135,1.8303724026815708e-11,3.416029964047e-11,2.32032470347945e-23
19,29,Cu,3d¹⁰4s→3d¹⁰4p,upper,6,28,8.031624690721665e-11,4.614196492197761e-11,-0.5000000000000004,13168828018.942513,6.852178247044209e-11,8.34455073123455e-11,2.085447431255043e-23
19,29,Cu,3d¹⁰4s→3d¹⁰4p,upper,7,8,1.4177449214232852e-11,1.227893930765272e-11,-0.49999999999999983,248440306325.4497,1.1714778059237305e-12,1.3729519787773472e-11,2.0665505211177653e-23
19,29,Cu,3d¹⁰4s→3d¹⁰4p,upper,7,9,1.417748266499592e-11,1.2278958621881053e-11,-0.5000000000000004,148886946809.01233,2.8908708563765268e-12,1.4124773623615276e-11,1.683392071386898e-23
19,29,Cu,3d¹⁰4s→3d¹⁰4p,upper,7,10,2.6228929088148232e-11,8.187170509152792e-12,0.0,39612752888.75194,1.7201967103293404e-11,3.272280633233208e-11,1.6110558157519603e-23
19,29,Cu,3d¹⁰4s→3d¹⁰4p,upper,7,11,2.623002027982641e-11,8.187170509152792e-12,0.0,39610721651.73397,1.772503402256277e-11,3.289704617525795e-11,1.611017784394098e-23
19,29,Cu,3d¹⁰4s→3d¹⁰4p,upper,7,12,3.458023211224547e-11,3.458023211224547e-11,-1.0,38852789568.202225,1.8652356422918895e-11,3.4563939133605386e-11,3.2899541274737595e-23
19,29,Cu,3d¹⁰4s→3d¹⁰4p,upper,7,13,2.386251361197504e-11,-5.252023480142427e-12,0.49999999999999983,37084660777.69121,1.8793251519182357e-11,3.489926096021777e-11,2.0202270550306947e-23
19,29,Cu,3d¹⁰4s→3d¹⁰4p,upper,7,14,2.3876469854666848e-11,-5.259331456659787e-12,0.5000000000000004,37064667724.32568,1.8769810822953888e-11,3.4868693866155095e-11,2.0203114507468276e-23
19,29,Cu,3d¹⁰4s→3d¹⁰4p,upper,7,15,1.8622266825008135e-11,-1.8622266825008135e-11,1.0,38218751312.596725,1.8641923508139666e-11,3.499615350235078e-11,3.291942800896208e-23
19,29,Cu,3d¹⁰4s→3d¹⁰4p,upper,7,16,3.1638970192215675e-11,2.155751213335939e-11,-0.49999999999999983,37274235287.37814,1.8862878957042266e-11,3.487334040201454e-11,2.019458173390685e-23
19,29,Cu,3d¹⁰4s→3d¹⁰4p,upper,7,17,3.1650999384359304e-11,2.156368363419326e-11,-0.5000000000000004,37257226922.645645,1.857930739465379e-11,3.457287107154006e-11,2.019540540513437e-23
19,29,Cu,3d¹⁰4s→3d¹⁰4p,upper,7,18,3.27276417568345e-11,2.8805175216169018e-11,-0.7986541716418109,39166183070.94054,1.7744581450557967e-11,3.384714868708548e-11,2.656572142355194e-23
19,29,Cu,3d¹⁰4s→3d¹⁰4p,upper,7,19,3.0217194093387433e-11,1.8775470799093802e-11,-0.408248290463863,38310621667.03796,1.7770826657728928e-11,3.386522359773592e-11,1.880596631522985e-23
19,29,Cu,3d¹⁰4s→3d¹⁰4p,upper,7,20,2.2602932241133547e-11,-6.023565436645735e-12,0.5463428522861039,38378171696.04127,1.8505709317654956e-11,3.418405520143125e-11,2.0939132703249164e-23
19,29,Cu,3d¹⁰4s→3d¹⁰4p,upper,7,21,2.06229010832225e-11,-1.1203241774185019e-11,0.7459067426872383,38767041345.881966,1.7870874830270645e-11,3.3876256238852545e-11,2.5201923363419718e-23
19,29,Cu,3d¹⁰4s→3d¹⁰4p,upper,7,22,2.7914056480988827e-11,1.0405923764888841e-11,-0.08534713286766836,38017419795.781746,1.7988732670000592e-11,3.407642137315863e-11,1.627747325450504e-23
19,29,Cu,3d¹⁰4s→3d¹⁰4p,upper,7,23,2.0071937349056194e-11,-1.2575093037735564e-11,0.7986541716418109,38888244396.48847,1.8367760246475605e-11,3.4170180236723695e-11,2.6577829011106497e-23
19,29,Cu,3d¹⁰4s→3d¹⁰4p,upper,7,24,2.3871458894883706e-11,-2.4328825263377803e-12,0.408248290463863,38197441634.69429,1.838259044123157e-11,3.41957914968936e-11,1.881011607737132e-23
19,29,Cu,3d¹⁰4s→3d¹⁰4p,upper,7,25,3.1131128135276134e-11,2.2333905241762592e-11,-0.5463428522861039,38551101853.142654,1.7867867948551378e-11,3.3946283268287524e-11,2.0931896585065634e-23
19,29,Cu,3d¹⁰4s→3d¹⁰4p,upper,7,26,3.239412864828007e-11,2.745020714293046e-11,-0.7459067426872383,39026955827.282196,1.8383273511180155e-11,3.3979679755490055e-11,2.5189931902882575e-23
19,29,Cu,3d¹⁰4s→3d¹⁰4p,upper,7,27,2.6593622668140683e-11,5.967257931538776e-12,0.08534713286766836,37998070425.723755,1.7898050056066457e-11,3.400401602868725e-11,1.6278204985828225e-23
19,29,Cu,3d¹⁰4s→3d¹⁰4p,upper,7,28,8.409605088907477e-11,8.409605088907477e-11,-1.0,13212253530.715158,6.773032370811641e-11,8.408911352459518e-11,3.344163750427955e-23
19,29,Cu,3d¹⁰4s→3d¹⁰4p,upper,8,9,1.4174336356891806e-11,1.2275325709728112e-11,-0.4999999999999997,139999509621.91718,3.893893905328189e-12,1.4188645636889328e-11,1.6222514344006303e-23
19,29,Cu,3d¹⁰4s→3d¹⁰4p,upper,8,10,2.6227795327985107e-11,8.183537596999857e-12,0.0,39613263181.82262,1.688247592302039e-11,3.2735666944511084e-11,1.6096946022466957e-23
19,29,Cu,3d¹⁰4s→3d¹⁰4p,upper,8,11,2.622888656683074e-11,8.183537596999857e-12,0.0,39611225112.015015,1.7254260221351298e-11,3.300471980200329e-11,1.6096556327806802e-23
19,29,Cu,3d¹⁰4s→3d¹⁰4p,upper,8,12,2.340032855447361e-11,-5.0129932045464785e-12,0.49999999999999983,37761676528.62743,1.8683206084651463e-11,3.448405751115846e-11,2.0157553152281776e-23
19,29,Cu,3d¹⁰4s→3d¹⁰4p,upper,8,13,3.50619255755903e-11,3.50619255755903e-11,-0.9999999999999999,38115218794.79501,1.869570268828291e-11,3.4707193017981114e-11,3.2894543250289343e-23
19,29,Cu,3d¹⁰4s→3d¹⁰4p,upper,8,14,2.3877270348538506e-11,-5.2629643688127045e-12,0.4999999999999997,37064782435.98331,1.882654130769917e-11,3.4670051705999996e-11,2.018584053523735e-23
19,29,Cu,3d¹⁰4s→3d¹⁰4p,upper,8,15,3.1703505423759204e-11,2.158825626408031e-11,-0.49999999999999983,37179428162.26581,1.9369752794631365e-11,3.493032239880054e-11,2.0181105605792954e-23
19,29,Cu,3d¹⁰4s→3d¹⁰4p,upper,8,16,1.8557145651413335e-11,-1.8557145651413335e-11,0.9999999999999999,38321161047.248955,1.8576811954868422e-11,3.4923766931839675e-11,3.288764551813883e-23
19,29,Cu,3d¹⁰4s→3d¹⁰4p,upper,8,17,3.16485244093637e-11,2.156005072204031e-11,-0.4999999999999997,37257309690.28334,1.874310707590613e-11,3.468212403931932e-11,2.0178074308897524e-23
19,29,Cu,3d¹⁰4s→3d¹⁰4p,upper,8,18,2.241842619307839e-11,-5.920814324086184e-12,0.5463428522861037,38666480341.606514,1.7853602057504414e-11,3.392034379489293e-11,2.0909077601332804e-23
19,29,Cu,3d¹⁰4s→3d¹⁰4p,upper,8,19,3.0214936915429977e-11,1.8771837886940868e-11,-0.40824829046386313,38310779019.90816,1.8016679811974547e-11,3.4010280282710055e-11,1.8789812764850473e-23
19,29,Cu,3d¹⁰4s→3d¹⁰4p,upper,8,20,3.2916959978902756e-11,2.895705645557338e-11,-0.7986541716418107,38866357645.815056,1.8057843378001186e-11,3.4044737963229464e-11,2.655593222572301e-23
19,29,Cu,3d¹⁰4s→3d¹⁰4p,upper,8,21,2.7911697044968292e-11,1.0402201136013891e-11,-0.08534713286766828,38019355075.94491,1.7976895516788442e-11,3.386708880286402e-11,1.6263616484249666e-23
19,29,Cu,3d¹⁰4s→3d¹⁰4p,upper,8,22,2.0625888688720325e-11,-1.1207658781897283e-11,0.7459067426872384,38765185697.189606,1.8021072180425315e-11,3.4093795725090087e-11,2.5180384514557306e-23
19,29,Cu,3d¹⁰4s→3d¹⁰4p,upper,8,23,3.122905288803666e-11,2.2386574016134917e-11,-0.5463428522861037,38398995280.11212,1.8078723349729843e-11,3.411851105877468e-11,2.092046006847034e-23
19,29,Cu,3d¹⁰4s→3d¹⁰4p,upper,8,24,2.3871829420158947e-11,-2.436515438490719e-12,0.40824829046386313,38197759027.28659,1.8031052826876415e-11,3.4053816761813686e-11,1.879426567073216e-23
19,29,Cu,3d¹⁰4s→3d¹⁰4p,upper,8,25,1.9974326901751642e-11,-1.2496423094409167e-11,0.7986541716418107,39045919769.83191,1.786687141885316e-11,3.386904616771991e-11,2.654807903790708e-23
19,29,Cu,3d¹⁰4s→3d¹⁰4p,upper,8,26,2.6416397824954006e-11,5.979448462351641e-12,0.08534713286766828,38264927489.56037,1.7907667451111784e-11,3.3813700971863375e-11,1.6255556954831616e-23
19,29,Cu,3d¹⁰4s→3d¹⁰4p,upper,8,27,3.2573822326936216e-11,2.7584866079655652e-11,-0.7459067426872384,38744535295.00826,1.8353821397888663e-11,3.418327739769294e-11,2.518107760636771e-23
19,29,Cu,3d¹⁰4s→3d¹⁰4p,upper,8,28,7.2165956181565e-11,-2.9770902592961115e-11,0.49999999999999983,13168832826.858635,6.821552176695613e-11,8.369527708497999e-11,2.0834259735110637e-23
19,29,Cu,3d¹⁰4s→3d¹⁰4p,upper,9,10,2.6227807380774785e-11,8.183576225456515e-12,0.0,39613308565.46928,1.6768990677091947e-11,3.2791195763141274e-11,1.6097171734083254e-23
19,29,Cu,3d¹⁰4s→3d¹⁰4p,upper,9,11,2.6228898619118965e-11,8.183576225456515e-12,0.0,39611274403.69106,1.7146729497040014e-11,3.30623245851469e-11,1.6096791330544603e-23
19,29,Cu,3d¹⁰4s→3d¹⁰4p,upper,9,12,2.3400320279227455e-11,-5.012954576089836e-12,0.5000000000000004,37761673864.22732,1.892269349575097e-11,3.4427650056991515e-11,2.0157734874055565e-23
19,29,Cu,3d¹⁰4s→3d¹⁰4p,upper,9,13,2.3863304953951864e-11,-5.255617763838703e-12,0.4999999999999997,37084748344.89847,1.901396422199881e-11,3.472933423196139e-11,2.018512680151396e-23
19,29,Cu,3d¹⁰4s→3d¹⁰4p,upper,9,14,3.507658015708165e-11,3.507658015708165e-11,-1.0,38092936315.77705,1.9079563301632015e-11,3.504750123146394e-11,3.289435998051527e-23
19,29,Cu,3d¹⁰4s→3d¹⁰4p,upper,9,15,3.170353172751996e-11,2.158829489253699e-11,-0.5000000000000004,37179470763.92276,1.8938005784761424e-11,3.463664946638259e-11,2.0181381941078152e-23
19,29,Cu,3d¹⁰4s→3d¹⁰4p,upper,9,16,3.163652130234929e-11,2.1553917849663106e-11,-0.4999999999999997,37274352576.66914,1.916929743338964e-11,3.4772937120148316e-11,2.017751057281585e-23
19,29,Cu,3d¹⁰4s→3d¹⁰4p,upper,9,17,1.8569450024624404e-11,-1.8569450024624404e-11,1.0,38302588506.66095,1.8589112470253608e-11,3.493614851124639e-11,3.28885105076885e-23
19,29,Cu,3d¹⁰4s→3d¹⁰4p,upper,9,18,2.503644354748226e-11,1.6699234395263267e-12,0.25231131935570733,38350556717.38395,1.859677506863266e-11,3.3834882128127784e-11,1.714399294808953e-23
19,29,Cu,3d¹⁰4s→3d¹⁰4p,upper,9,19,1.9825309277149353e-11,-1.2993024354425506e-11,0.816496580927726,39025113312.95056,1.8410786025414997e-11,3.411449674389588e-11,2.70409589728775e-23
19,29,Cu,3d¹⁰4s→3d¹⁰4p,upper,9,20,2.522124249221583e-11,1.6207933126815259e-12,0.2523113193557066,38069120408.42818,1.8323222666122334e-11,3.387590968993786e-11,1.7153983725322903e-23
19,29,Cu,3d¹⁰4s→3d¹⁰4p,upper,9,21,3.199692267610015e-11,2.5355324969780294e-11,-0.6605596098195701,38592320429.46979,1.8446298960861062e-11,3.414629806785049e-11,2.3180721867812235e-23
19,29,Cu,3d¹⁰4s→3d¹⁰4p,upper,9,22,3.1997954313084806e-11,2.5356019348617595e-11,-0.6605596098195698,38590761821.36459,1.8305597014285865e-11,3.4169580826976835e-11,2.3180811472261058e-23
19,29,Cu,3d¹⁰4s→3d¹⁰4p,upper,9,23,2.915729894597818e-11,1.4742803353209816e-11,-0.25231131935570733,38089318515.57496,1.8433491528075406e-11,3.397486739637157e-11,1.7153201446561683e-23
19,29,Cu,3d¹⁰4s→3d¹⁰4p,upper,9,24,3.303519536547293e-11,2.942368229643766e-11,-0.816496580927726,38905727544.40899,1.8057361231776084e-11,3.411667912357632e-11,2.704618261888616e-23
19,29,Cu,3d¹⁰4s→3d¹⁰4p,upper,9,25,2.9058133875449835e-11,1.471680218425573e-11,-0.2523113193557066,38238019664.4115,1.836566783342518e-11,3.3833959461538766e-11,1.7148153684792998e-23
19,29,Cu,3d¹⁰4s→3d¹⁰4p,upper,9,26,2.132357391511267e-11,-8.87537127367294e-12,0.6605596098195701,38848976145.89548,1.7778309077444822e-11,3.3811458779314345e-11,2.3169445834873092e-23
19,29,Cu,3d¹⁰4s→3d¹⁰4p,upper,9,27,2.1501178517552917e-11,-8.99783967958526e-12,0.6605596098195698,38570604381.19254,1.7861145380251728e-11,3.396234238274424e-11,2.3181910456829764e-23
19,29,Cu,3d¹⁰4s→3d¹⁰4p,upper,9,28,7.21659402460261e-11,-2.977086396450451e-11,0.5000000000000004,13168832787.03307,6.815946353169435e-11,8.374094346145107e-11,2.0834455924901948e-23
19,29,Cu,3d¹⁰4s→3d¹⁰4p,upper,10,11,4.9837960681386544e-11,4.9837960681386544e-11,-1.0,124432171629.89407,2.999440112426691e-13,4.981716652630645e-11,2.356871175945779e-22
19,29,Cu,3d¹⁰4s→3d¹⁰4p,upper,10,12,3.629766743125255e-11,2.491840605185587e-11,0.0,25026606313.459892,3.22300068691284e-11,4.850849766405684e-11,3.291436327398912e-23
19,29,Cu,3d¹⁰4s→3d¹⁰4p,upper,10,13,3.6652076346269973e-11,2.491840605185587e-11,0.0,67353939075.30878,3.231906686565144e-12,3.672455628008684e-11,1.1965174397110866e-22
19,29,Cu,3d¹⁰4s→3d¹⁰4p,upper,10,14,3.666279613765939e-11,2.491840605185587e-11,0.0,23831561886.584568,3.4420612657813676e-11,5.0234082572262865e-11,3.11138584375286e-23
19,29,Cu,3d¹⁰4s→3d¹⁰4p,upper,10,15,3.6601542185261386e-11,2.491840605185587e-11,0.0,28489103117.15626,2.6377162555327892e-11,4.506085390021826e-11,4.3138767852146653e-23
19,29,Cu,3d¹⁰4s→3d¹⁰4p,upper,10,16,3.6551212028565255e-11,2.491840605185587e-11,0.0,24140812016.365246,3.385448730244559e-11,4.977622223949492e-11,3.153511874438957e-23
19,29,Cu,3d¹⁰4s→3d¹⁰4p,upper,10,17,3.656024307499453e-11,2.491840605185587e-11,0.0,74113093388.48082,2.1173288585223255e-12,3.656251395116178e-11,1.2223799942897655e-22
19,29,Cu,3d¹⁰4s→3d¹⁰4p,upper,10,18,2.333623605073983e-11,1.001356865110973e-11,0.5773502691896257,35644678482.328995,2.3456140984978614e-11,3.306991802963559e-11,1.1506091247757739e-23
19,29,Cu,3d¹⁰4s→3d¹⁰4p,upper,10,19,2.3395240531220595e-11,9.944288179342318e-12,0.5773502691896257,63893752252.110275,8.579267488073204e-12,2.4891222484671105e-11,3.1762445060542886e-23
19,29,Cu,3d¹⁰4s→3d¹⁰4p,upper,10,20,2.343221834689618e-11,9.9011468539759e-12,0.5773502691896257,25288447838.538822,3.616367160538912e-11,4.307364577559158e-11,5.9673090637819866e-24
19,29,Cu,3d¹⁰4s→3d¹⁰4p,upper,10,21,2.3424832252510746e-11,9.909747313699049e-12,0.5773502691896257,20901792958.34536,4.503049472894286e-11,5.074363888613549e-11,4.083365310641897e-24
19,29,Cu,3d¹⁰4s→3d¹⁰4p,upper,10,22,2.3425353233372527e-11,9.909140404341163e-12,0.5773502691896257,29052991364.69006,3.0570400507240835e-11,3.849248745412892e-11,7.837528541998709e-24
19,29,Cu,3d¹⁰4s→3d¹⁰4p,upper,10,23,4.5218968133474315e-11,3.99275287402653e-11,-0.5773502691896257,27901495676.85121,2.342528259033052e-11,5.0894395369020324e-11,9.198214324228398e-23
19,29,Cu,3d¹⁰4s→3d¹⁰4p,upper,10,24,4.5234282884191314e-11,3.9937429087768195e-11,-0.5773502691896257,32259968602.29528,1.75270289543561e-11,4.847402483853081e-11,1.1505857686152194e-22
19,29,Cu,3d¹⁰4s→3d¹⁰4p,upper,10,25,4.51269604872031e-11,3.9868031679518244e-11,-0.5773502691896257,59928255804.490616,2.5967666369472084e-12,4.5169478188862194e-11,1.8656403895471375e-22
19,29,Cu,3d¹⁰4s→3d¹⁰4p,upper,10,26,4.50658123027396e-11,3.9828472886557294e-11,-0.5773502691896257,35765481386.908775,1.389435043708992e-11,4.713327468972505e-11,1.3038519592576074e-22
19,29,Cu,3d¹⁰4s→3d¹⁰4p,upper,10,27,4.523132065777991e-11,3.9935514198302065e-11,-0.5773502691896257,28192687366.143078,2.2969936335219933e-11,5.0704085767309864e-11,9.364105216264841e-23
19,29,Cu,3d¹⁰4s→3d¹⁰4p,upper,10,28,7.989421180973295e-11,2.491840605185587e-11,0.0,13003838165.731363,5.1081993660079123e-11,1.0078095100319594e-10,1.4924870075436246e-22
19,29,Cu,3d¹⁰4s→3d¹⁰4p,upper,11,12,3.6298455941249194e-11,2.4919554629530675e-11,0.0,56460541901.47068,5.84370444918484e-12,3.671911430229012e-11,1.0669036116018542e-22
19,29,Cu,3d¹⁰4s→3d¹⁰4p,upper,11,13,3.665285723189666e-11,2.4919554629530675e-11,0.0,24785907134.075474,3.254941331259407e-11,4.896409806112339e-11,3.3487569659927235e-23
19,29,Cu,3d¹⁰4s→3d¹⁰4p,upper,11,14,3.666357679496872e-11,2.4919554629530675e-11,0.0,24622303786.598785,3.287832102332884e-11,4.919280411070088e-11,3.310588396061847e-23
19,29,Cu,3d¹⁰4s→3d¹⁰4p,upper,11,15,3.660232414899996e-11,2.4919554629530675e-11,0.0,23056506782.582787,3.608147206077927e-11,5.1350791063974375e-11,2.90345140155331e-23
19,29,Cu,3d¹⁰4s→3d¹⁰4p,upper,11,16,3.6551995069026394e-11,2.4919554629530675e-11,0.0,28528279414.008453,2.6341589689980632e-11,4.500733694639579e-11,4.3038967794095746e-23
19,29,Cu,3d¹⁰4s→3d¹⁰4p,upper,11,17,3.656102592203455e-11,2.4919554629530675e-11,0.0,57744075700.59246,5.315392566612305e-12,3.688839121475654e-11,1.1030667161819372e-22
19,29,Cu,3d¹⁰4s→3d¹⁰4p,upper,11,18,4.50587456157685e-11,3.9824392030276814e-11,-0.5773502691896257,36444171034.7149,1.3244737382315848e-11,4.6943304284708745e-11,1.3333088575833047e-22
19,29,Cu,3d¹⁰4s→3d¹⁰4p,upper,11,19,4.5165844593234596e-11,3.989367250204422e-11,-0.5773502691896257,62500091138.67925,2.2410238698682485e-12,4.519565781368021e-11,1.884755507861968e-22
19,29,Cu,3d¹⁰4s→3d¹⁰4p,upper,11,20,4.523256842495105e-11,3.993681382741064e-11,-0.5773502691896257,40437712076.40497,1.0065100195039303e-11,4.631028159280608e-11,1.509079437408327e-22
19,29,Cu,3d¹⁰4s→3d¹⁰4p,upper,11,21,4.521926466642818e-11,3.9928213367687495e-11,-0.5773502691896257,30868129099.83402,1.9185013599109725e-11,4.909138576371902e-11,1.0777235660596507e-22
19,29,Cu,3d¹⁰4s→3d¹⁰4p,upper,11,22,4.522020344129293e-11,3.992882027704538e-11,-0.5773502691896257,27963370596.667133,2.3371318955506454e-11,5.087069599282525e-11,9.232498610993446e-23
19,29,Cu,3d¹⁰4s→3d¹⁰4p,upper,11,23,2.3425716403368537e-11,9.91043194112124e-12,0.5773502691896257,41540530632.91169,1.880750381147741e-11,3.00113656234082e-11,1.5581435909038444e-23
19,29,Cu,3d¹⁰4s→3d¹⁰4p,upper,11,24,2.3434219247561143e-11,9.90053159361835e-12,0.5773502691896257,24947633239.367172,3.674528199513811e-11,4.356208671008501e-11,5.811043900792337e-24
19,29,Cu,3d¹⁰4s→3d¹⁰4p,upper,11,25,2.3374817584674626e-11,9.9699290018683e-12,0.5773502691896257,20963255642.28591,4.4893769457929395e-11,5.060089616086535e-11,4.0755038069346555e-24
19,29,Cu,3d¹⁰4s→3d¹⁰4p,upper,11,26,2.3341166036540724e-11,1.0009487794829253e-11,0.5773502691896257,22612443250.9215,4.120611951810638e-11,4.7345155309211847e-11,4.712893372043772e-24
19,29,Cu,3d¹⁰4s→3d¹⁰4p,upper,11,27,2.3432573919961797e-11,9.902446483084476e-12,0.5773502691896257,32221580268.09583,2.680317096294216e-11,3.5580408277941085e-11,9.606701304283572e-24
19,29,Cu,3d¹⁰4s→3d¹⁰4p,upper,11,28,7.989457004995688e-11,2.4919554629530675e-11,0.0,13003823167.382307,5.1201678885534496e-11,1.0072076611224494e-10,1.4926191090109963e-22
19,29,Cu,3d¹⁰4s→3d¹⁰4p,upper,12,13,4.6135066823654255e-11,3.98322555923879e-11,-0.49999999999999983,57159364867.219086,3.069079613066054e-12,4.622005119312114e-11,1.939733396921004e-22
19,29,Cu,3d¹⁰4s→3d¹⁰4p,upper,12,14,4.614776344212844e-11,3.9839563568905255e-11,-0.5000000000000004,47728308675.10587,5.7706834390526315e-12,4.6488527954448756e-11,1.8082236737751078e-22
19,29,Cu,3d¹⁰4s→3d¹⁰4p,upper,12,15,5.32024989372536e-11,5.3202498937253603e-11,-1.0,63999449118.6784,1.5303842294514975e-12,5.320111155933467e-11,2.674647978685257e-22
19,29,Cu,3d¹⁰4s→3d¹⁰4p,upper,12,16,2.6568578078106728e-11,1.3022719978886084e-11,0.49999999999999983,39002285702.29322,1.9324221151103484e-11,3.2840429474018876e-11,2.2580781841452473e-23
19,29,Cu,3d¹⁰4s→3d¹⁰4p,upper,12,17,2.657487242555685e-11,1.3016548478052209e-11,0.5000000000000004,34040259833.09061,2.3749109678836224e-11,3.562659786379167e-11,1.7554061937817777e-23
19,29,Cu,3d¹⁰4s→3d¹⁰4p,upper,12,18,1.6574429036392772e-11,5.775056896076455e-12,0.7986541716418109,32449418222.05299,2.863434241670854e-11,3.307565789530937e-11,2.468378221404851e-24
19,29,Cu,3d¹⁰4s→3d¹⁰4p,upper,12,19,2.846666463278619e-11,1.580476131315167e-11,0.408248290463863,24809846494.62406,3.546526678962341e-11,4.546721249235894e-11,1.2491758775464722e-23
19,29,Cu,3d¹⁰4s→3d¹⁰4p,upper,12,20,4.6079036239043284e-11,4.06037975488912e-11,-0.5463428522861039,26779725377.752373,2.4876151234171106e-11,5.234899871654545e-11,9.216723104440707e-23
19,29,Cu,3d¹⁰4s→3d¹⁰4p,upper,12,21,4.8948114406450813e-11,4.578347388643049e-11,-0.7459067426872383,71442468771.0743,1.1913645118207244e-12,4.894468374186471e-11,2.2644775715766993e-22
19,29,Cu,3d¹⁰4s→3d¹⁰4p,upper,12,22,3.5430332822261665e-11,2.4174308347356628e-11,0.08534713286766836,27850237970.438526,2.781178257284623e-11,4.502969301424583e-11,3.6713313793078226e-23
19,29,Cu,3d¹⁰4s→3d¹⁰4p,upper,12,23,4.968273738470099e-11,4.715532514998103e-11,-0.7986541716418109,65922701758.62709,1.4649763062704862e-12,4.968725999040446e-11,2.322254142649699e-22
19,29,Cu,3d¹⁰4s→3d¹⁰4p,upper,12,24,4.3976110419545615e-11,3.701311463858325e-11,-0.408248290463863,25695236409.31829,2.775142831899061e-11,5.1987644890408854e-11,7.222462515854301e-23
19,29,Cu,3d¹⁰4s→3d¹⁰4p,upper,12,25,2.490615059469571e-11,1.2246326870482876e-11,0.5463428522861039,20378925429.09859,4.596527966231747e-11,5.2270568188225196e-11,4.975711143781174e-24
19,29,Cu,3d¹⁰4s→3d¹⁰4p,upper,12,26,1.8619961191006407e-11,7.13002496931501e-12,0.7459067426872383,19944107507.86895,4.843241406213371e-11,5.188152847060979e-11,1.4901551857193998e-24
19,29,Cu,3d¹⁰4s→3d¹⁰4p,upper,12,27,3.860459675815461e-11,2.861297418070669e-11,-0.08534713286766836,23653733529.792007,3.400831340223574e-11,5.142945123093138e-11,3.771207740566283e-23
19,29,Cu,3d¹⁰4s→3d¹⁰4p,upper,12,28,4.9515818776829305e-11,-4.9515818776829305e-11,1.0,13601415375.063824,4.9516705416241044e-11,1.0230151283024658e-10,3.4023606753169863e-22
19,29,Cu,3d¹⁰4s→3d¹⁰4p,upper,13,14,4.656739196452834e-11,4.032488994440301e-11,-0.4999999999999997,56789588677.927605,3.179877701853583e-12,4.6656818324881585e-11,1.978120859247543e-22
19,29,Cu,3d¹⁰4s→3d¹⁰4p,upper,13,15,2.6843979070671556e-11,1.3473669311509987e-11,0.49999999999999983,55247510869.91054,9.995754644954148e-12,2.8632056238259152e-11,4.149460033291035e-23
19,29,Cu,3d¹⁰4s→3d¹⁰4p,upper,13,16,5.361907122700364e-11,5.361907122700364e-11,-0.9999999999999999,63080841405.14377,1.87633235158565e-12,5.3619071227003645e-11,2.7180978342280536e-22
19,29,Cu,3d¹⁰4s→3d¹⁰4p,upper,13,17,2.6815926885231186e-11,1.3501874853549996e-11,0.4999999999999997,38643082932.28078,1.950282942370534e-11,3.3147023310450226e-11,2.301034228025182e-23
19,29,Cu,3d¹⁰4s→3d¹⁰4p,upper,13,18,4.633696969374167e-11,4.098273989967649e-11,-0.5463428522861037,60544112273.3675,2.552731053093323e-12,4.637699510835989e-11,1.9826854436885017e-22
19,29,Cu,3d¹⁰4s→3d¹⁰4p,upper,13,19,2.8738953913698947e-11,1.629008768864943e-11,0.40824829046386313,37034412272.428856,2.0043812412149383e-11,3.5016961205666985e-11,2.7682857452819356e-23
19,29,Cu,3d¹⁰4s→3d¹⁰4p,upper,13,20,1.6801326217116256e-11,6.1048691200169225e-12,0.7986541716418107,26634888241.497444,3.569556033246019e-11,3.9440213142517896e-11,1.754134292191272e-24
19,29,Cu,3d¹⁰4s→3d¹⁰4p,upper,13,21,3.57625370030126e-11,2.465972443957641e-11,0.08534713286766828,23472734857.619545,3.5498598923180556e-11,5.0371414545548405e-11,2.754719002728656e-23
19,29,Cu,3d¹⁰4s→3d¹⁰4p,upper,13,22,4.940334103522455e-11,4.626958435748759e-11,-0.7459067426872384,30710816885.25244,1.749136428866174e-11,5.2384767896246197e-11,1.449256307362643e-22
19,29,Cu,3d¹⁰4s→3d¹⁰4p,upper,13,23,2.5194435601134075e-11,1.267535155945539e-11,0.5463428522861037,24177324027.845413,3.7628089381331605e-11,4.527105627470208e-11,7.299124742130413e-24
19,29,Cu,3d¹⁰4s→3d¹⁰4p,upper,13,24,4.43853659539907e-11,3.749844101408102e-11,-0.40824829046386313,31880739141.185265,1.8357961420394372e-11,4.800056213354256e-11,1.059945333685023e-22
19,29,Cu,3d¹⁰4s→3d¹⁰4p,upper,13,25,5.004607550288831e-11,4.755834866999947e-11,-0.7986541716418107,38728258895.143715,9.368782058099157e-12,5.087746650190303e-11,1.9463009849254336e-22
19,29,Cu,3d¹⁰4s→3d¹⁰4p,upper,13,26,3.8831208391889717e-11,2.908247711323866e-11,-0.08534713286766828,23104477205.760918,3.509414924120472e-11,5.231337803597374e-11,3.685889175245126e-23
19,29,Cu,3d¹⁰4s→3d¹⁰4p,upper,13,27,1.8868902539893992e-11,7.477059495934648e-12,0.7459067426872384,19556678388.15967,4.941580610172942e-11,5.288470338565031e-11,1.507448464376066e-24
19,29,Cu,3d¹⁰4s→3d¹⁰4p,upper,13,28,9.233046192201627e-11,6.483282816855143e-11,-0.49999999999999983,13114453600.439959,4.912011083407163e-11,1.0274447154650417e-10,2.1495612138093545e-22
19,29,Cu,3d¹⁰4s→3d¹⁰4p,upper,14,15,2.685131816146944e-11,1.3488285264544663e-11,0.5000000000000004,72161640211.87064,5.115614846237649e-12,2.73180833091892e-11,5.604394030982683e-23
19,29,Cu,3d¹⁰4s→3d¹⁰4p,upper,14,16,2.6817168033266543e-11,1.3522662307418546e-11,0.4999999999999997,55301144974.24464,9.986567149796906e-12,2.860341490483053e-11,4.1408283180106163e-23
19,29,Cu,3d¹⁰4s→3d¹⁰4p,upper,14,17,5.3646030181706054e-11,5.3646030181706054e-11,-1.0,64142287544.58886,1.491553292797116e-12,5.364463116151992e-11,2.7214253318733664e-22
19,29,Cu,3d¹⁰4s→3d¹⁰4p,upper,14,18,4.171378158662879e-11,3.340665671755533e-11,-0.25231131935570733,28469527395.9397,2.4141081355623357e-11,4.8168537616505274e-11,7.073478228041892e-23
19,29,Cu,3d¹⁰4s→3d¹⁰4p,upper,14,19,5.034790049200303e-11,4.806960451150716e-11,-0.816496580927726,33568204686.30376,1.3781236511083767e-11,5.217593385726523e-11,1.7215725696194672e-22
19,29,Cu,3d¹⁰4s→3d¹⁰4p,upper,14,20,4.1866141155672046e-11,3.3455786844400126e-11,-0.2523113193557066,46646069825.3564,7.796406396390533e-12,4.2552598490242974e-11,1.3704316051117313e-22
19,29,Cu,3d¹⁰4s→3d¹⁰4p,upper,14,21,2.1803975757503528e-11,9.72125518730136e-12,0.6605596098195701,30412693002.5317,2.9382116607142957e-11,3.65721262960524e-11,6.45744306795744e-24
19,29,Cu,3d¹⁰4s→3d¹⁰4p,upper,14,22,2.1804372622156326e-11,9.720560808464055e-12,0.6605596098195698,23535083093.60967,3.974808435665081e-11,4.5323798964170524e-11,3.887773317244552e-24
19,29,Cu,3d¹⁰4s→3d¹⁰4p,upper,14,23,3.2345947353932945e-11,2.0333776803871834e-11,0.25231131935570733,22383237746.943054,3.904099807979288e-11,5.0679555672568544e-11,1.6913798478429545e-23
19,29,Cu,3d¹⁰4s→3d¹⁰4p,upper,14,24,1.6047626216239538e-11,5.652897860643991e-12,0.816496580927726,21769118982.139534,4.455027070699654e-11,4.734138988136779e-11,9.75634568023076e-25
19,29,Cu,3d¹⁰4s→3d¹⁰4p,upper,14,25,3.228484841060615e-11,2.035977797282592e-11,0.2523113193557066,24705401746.439693,3.433850795198057e-11,4.7111607122033545e-11,2.0331604871335255e-23
19,29,Cu,3d¹⁰4s→3d¹⁰4p,upper,14,26,4.803849106538573e-11,4.395195143075459e-11,-0.6605596098195701,37664688475.14811,1.094750768361197e-11,4.923450036345869e-11,1.6844476234985879e-22
19,29,Cu,3d¹⁰4s→3d¹⁰4p,upper,14,27,4.820678419769294e-11,4.4074419836666915e-11,-0.6605596098195698,30837136093.35294,1.7899273608828368e-11,5.1398853814233706e-11,1.3418182157610541e-22
19,29,Cu,3d¹⁰4s→3d¹⁰4p,upper,14,28,9.234072557383451e-11,6.484744412158617e-11,-0.5000000000000004,13114381703.45035,4.920624968150634e-11,1.0271089793337749e-10,2.1517834039090627e-22
19,29,Cu,3d¹⁰4s→3d¹⁰4p,upper,15,16,4.63757775415922e-11,4.0179778958367514e-11,-0.49999999999999983,57020641887.240364,3.1675027174512955e-12,4.6464835745642834e-11,1.9618396285613527e-22
19,29,Cu,3d¹⁰4s→3d¹⁰4p,upper,15,17,4.638646272850009e-11,4.01859504592014e-11,-0.5000000000000004,47532158561.13282,5.779333246466519e-12,4.672902939837088e-11,1.8283018445151943e-22
19,29,Cu,3d¹⁰4s→3d¹⁰4p,upper,15,18,4.990714051414604e-11,4.742744204117715e-11,-0.7986541716418109,31131654364.88049,1.6742739711950453e-11,5.2616795240725694e-11,1.5261962600081537e-22
19,29,Cu,3d¹⁰4s→3d¹⁰4p,upper,15,19,4.4262301053503685e-11,3.739773762410193e-11,-0.408248290463863,63305921671.36803,2.22947529010041e-12,4.42938204530657e-11,1.8077153053288386e-22
19,29,Cu,3d¹⁰4s→3d¹⁰4p,upper,15,20,2.516617734183811e-11,1.25987013883624e-11,0.5463428522861039,41404344379.915634,1.8156149812068138e-11,3.1015112863133316e-11,2.043200469138612e-23
19,29,Cu,3d¹⁰4s→3d¹⁰4p,upper,15,21,1.883702087757712e-11,7.419025050823116e-12,0.7459067426872383,28629460540.76036,3.2445813815100914e-11,3.750567702591702e-11,3.2013671685541353e-24
19,29,Cu,3d¹⁰4s→3d¹⁰4p,upper,15,22,3.890433329009173e-11,2.902819058989698e-11,-0.08534713286766836,24698140016.608414,3.179491645819259e-11,5.022399504520051e-11,4.2110780712719055e-23
19,29,Cu,3d¹⁰4s→3d¹⁰4p,upper,15,23,1.677253751971383e-11,6.047173787272572e-12,0.7986541716418109,24433342063.079365,3.923570670744842e-11,4.26591901719186e-11,1.4677260327674703e-24
19,29,Cu,3d¹⁰4s→3d¹⁰4p,upper,15,24,2.874062971392932e-11,1.6189384298670357e-11,0.408248290463863,27066318328.955647,3.160486544483642e-11,4.270539220346059e-11,1.5356701665689238e-23
19,29,Cu,3d¹⁰4s→3d¹⁰4p,upper,15,25,4.6343843668710534e-11,4.095617206677073e-11,-0.5463428522861039,38136617332.50188,1.1334542291967016e-11,4.768113602846872e-11,1.5311798383777794e-22
19,29,Cu,3d¹⁰4s→3d¹⁰4p,upper,15,26,4.917863922698461e-11,4.607247396793859e-11,-0.7459067426872383,32433142612.744194,1.549842068974014e-11,5.1537197807711296e-11,1.5326191356741395e-22
19,29,Cu,3d¹⁰4s→3d¹⁰4p,upper,15,27,3.572474390596477e-11,2.458952475654691e-11,0.08534713286766836,21929563393.357395,3.891582614493908e-11,5.281321759703121e-11,2.406734570425287e-23
19,29,Cu,3d¹⁰4s→3d¹⁰4p,upper,15,28,1.0271831771408292e-10,1.0271831771408291e-10,-1.0,13616081932.402067,4.909971327559652e-11,1.0271818854355555e-10,3.5078548142401562e-22
19,29,Cu,3d¹⁰4s→3d¹⁰4p,upper,16,17,4.632691177943314e-11,4.0117196373453645e-11,-0.4999999999999997,57111672975.42601,3.0432583176624446e-12,4.641225897228753e-11,1.9577698718788822e-22
19,29,Cu,3d¹⁰4s→3d¹⁰4p,upper,16,18,2.504409431638902e-11,1.2636331327327152e-11,0.5463428522861037,44493245564.82356,1.619760444101597e-11,2.9803224671344486e-11,2.2800475434276563e-23
19,29,Cu,3d¹⁰4s→3d¹⁰4p,upper,16,19,4.420422521837187e-11,3.7328983538354207e-11,-0.40824829046386313,29766585659.928677,2.1132637643093806e-11,4.89768829064512e-11,9.40852868882666e-23
19,29,Cu,3d¹⁰4s→3d¹⁰4p,upper,16,20,5.002613854321561e-11,4.7514202106986715e-11,-0.7986541716418107,35231818983.99244,1.2249210638633963e-11,5.148204908177882e-11,1.7795199236859066e-22
19,29,Cu,3d¹⁰4s→3d¹⁰4p,upper,16,21,3.8852294781781864e-11,2.895934678742723e-11,-0.08534713286766828,50046674544.46877,7.208495121242868e-12,3.949214901527041e-11,1.1761643274588735e-22
19,29,Cu,3d¹⁰4s→3d¹⁰4p,upper,16,22,1.8810386122385437e-11,7.349486869516055e-12,0.7459067426872384,33353920921.895737,2.7122047943825672e-11,3.2992258032076525e-11,4.310321606965776e-24
19,29,Cu,3d¹⁰4s→3d¹⁰4p,upper,16,23,4.637330296969024e-11,4.094371966754825e-11,-0.5463428522861037,26825550908.83993,2.466174124927442e-11,5.249333410706835e-11,9.457281079000283e-23
19,29,Cu,3d¹⁰4s→3d¹⁰4p,upper,16,24,2.8701957265053478e-11,1.6120630212922616e-11,0.40824829046386313,23255913554.019665,3.8367308512720435e-11,4.790328280768285e-11,1.1358828996344054e-23
19,29,Cu,3d¹⁰4s→3d¹⁰4p,upper,16,25,1.6719614317816535e-11,6.0607225570041695e-12,0.7986541716418107,23808567001.34734,4.0359131247322543e-11,4.3673842435067266e-11,1.3756975470169692e-24
19,29,Cu,3d¹⁰4s→3d¹⁰4p,upper,16,26,3.555441914637281e-11,2.453659411376498e-11,0.08534713286766828,27752583196.116,2.793632059792038e-11,4.519256282032877e-11,3.6931519606807915e-23
19,29,Cu,3d¹⁰4s→3d¹⁰4p,upper,16,27,4.92870602789858e-11,4.6142011731068984e-11,-0.7459067426872384,50316423678.907234,4.045280368624114e-12,4.943158580014092e-11,2.1736677996383527e-22
19,29,Cu,3d¹⁰4s→3d¹⁰4p,upper,16,28,6.668858174488411e-11,-1.121375694154778e-11,0.49999999999999983,13115128356.611532,4.924060523147367e-11,1.0261484940635401e-10,2.1286718972021353e-22
19,29,Cu,3d¹⁰4s→3d¹⁰4p,upper,17,18,3.2150693607350915e-11,2.023937346415073e-11,0.25231131935570733,64011970932.40044,5.050120393446396e-12,3.252157366806828e-11,8.403829742321093e-23
19,29,Cu,3d¹⁰4s→3d¹⁰4p,upper,17,19,1.5978758691312132e-11,5.576425670198896e-12,0.816496580927726,67803348039.754166,1.0825130837628246e-11,1.9278232830635275e-11,8.808944261822802e-24
19,29,Cu,3d¹⁰4s→3d¹⁰4p,upper,17,20,3.226654657549126e-11,2.0190243337305925e-11,0.2523113193557066,33521191234.811214,2.1902496052450075e-11,3.897518641173904e-11,3.595587468637353e-23
19,29,Cu,3d¹⁰4s→3d¹⁰4p,upper,17,21,4.8065542904728e-11,4.39247749944047e-11,-0.6605596098195701,29081673829.103455,2.0326210488192778e-11,5.215514111744807e-11,1.2209399835948705e-22
19,29,Cu,3d¹⁰4s→3d¹⁰4p,upper,17,22,4.806649792396378e-11,4.3925469373242e-11,-0.6605596098195698,48062964775.34805,5.329364869892507e-12,4.8327028176185186e-11,2.0095408075084942e-22
19,29,Cu,3d¹⁰4s→3d¹⁰4p,upper,17,23,4.174331151481341e-11,3.331225337783422e-11,-0.25231131935570733,46807698161.02258,7.646303355966676e-12,4.2417616568922373e-11,1.3632011130278232e-22
19,29,Cu,3d¹⁰4s→3d¹⁰4p,upper,17,24,5.0288286935828674e-11,4.799313232106206e-11,-0.816496580927726,35787122086.55256,1.1633935203504564e-11,5.159226305011619e-11,1.8368933008052375e-22
19,29,Cu,3d¹⁰4s→3d¹⁰4p,upper,17,25,4.166251869373992e-11,3.328625220888013e-11,-0.2523113193557066,24599353172.886345,3.086136899101923e-11,5.1825627991881e-11,5.439492036006947e-23
19,29,Cu,3d¹⁰4s→3d¹⁰4p,upper,17,26,2.167712508838253e-11,9.694078750951463e-12,0.6605596098195701,22327852928.00817,4.2209873817504525e-11,4.7437965508741346e-11,3.419314441604616e-24
19,29,Cu,3d¹⁰4s→3d¹⁰4p,upper,17,27,2.174753510955714e-11,9.571610345039142e-12,0.6605596098195698,23439655681.627243,3.994272766119922e-11,4.546947748590972e-11,3.8205451130660604e-24
19,29,Cu,3d¹⁰4s→3d¹⁰4p,upper,17,28,6.668650736582714e-11,-1.1201413939880105e-11,0.5000000000000004,13115068066.99696,4.950987196380716e-11,1.0249164671459358e-10,2.1305408049247425e-22
19,29,Cu,3d¹⁰4s→3d¹⁰4p,upper,18,19,2.4837220477775515e-11,1.182752864029341e-11,0.5393446629166316,36641768119.4774,2.198697646719861e-11,3.316267868273092e-11,1.5513777659505886e-23
19,29,Cu,3d¹⁰4s→3d¹⁰4p,upper,18,20,4.0245317883730125e-11,3.1174425466296836e-11,-0.20601132958329824,24698671787.089264,3.126284586320258e-11,5.0944025857533725e-11,4.802505107164495e-23
19,29,Cu,3d¹⁰4s→3d¹⁰4p,upper,18,21,4.023372281837899e-11,3.117135663228542e-11,-0.20601132958329824,30569425830.00631,2.184861114532323e-11,4.576288445123984e-11,6.988877132912846e-23
19,29,Cu,3d¹⁰4s→3d¹⁰4p,upper,18,22,2.486672040554441e-11,1.1794694560408294e-11,0.5393446629166314,104756025606.73079,1.8140741031085838e-12,2.4920631319863336e-11,5.618202712535046e-23
19,29,Cu,3d¹⁰4s→3d¹⁰4p,upper,18,23,5.181249873000507e-11,5.1812498730005064e-11,-0.9999999999999999,95550232564.76419,4.724429250197972e-13,5.179433362234741e-11,2.5451222547792544e-22
19,29,Cu,3d¹⁰4s→3d¹⁰4p,upper,18,24,4.547075144958464e-11,3.984629183541873e-11,-0.5393446629166316,34342348552.10344,1.505458330858691e-11,4.787311529759752e-11,1.2760823182337377e-22
19,29,Cu,3d¹⁰4s→3d¹⁰4p,upper,18,25,3.2580878388338875e-11,2.0481578998857325e-11,0.20601132958329824,28776595935.825493,2.7614490132981736e-11,4.269746145721278e-11,2.8233511423760305e-23
19,29,Cu,3d¹⁰4s→3d¹⁰4p,upper,18,26,3.2537652090128494e-11,2.0495694450030555e-11,0.20601132958329824,26831841281.7904,3.056380338474104e-11,4.463017993833014e-11,2.4608651488167507e-23
19,29,Cu,3d¹⁰4s→3d¹⁰4p,upper,18,27,4.546783840017392e-11,3.9844502998609015e-11,-0.5393446629166314,29732219392.79829,2.0587729566347677e-11,4.9887733873390183e-11,1.0389089448023708e-22
19,29,Cu,3d¹⁰4s→3d¹⁰4p,upper,18,28,5.743205854230041e-11,-3.480900832343874e-11,0.7986541716418109,13341039727.082706,5.05451885792658e-11,1.0150086315006974e-10,2.6280792800712004e-22
19,29,Cu,3d¹⁰4s→3d¹⁰4p,upper,19,20,2.4930534612274426e-11,1.1907224503680582e-11,0.5393446629166316,36504588299.09936,2.206904878542672e-11,3.328456505463275e-11,1.563097932570291e-23
19,29,Cu,3d¹⁰4s→3d¹⁰4p,upper,19,21,4.03267629281279e-11,3.1291353929358914e-11,-0.20601132958329824,24648810452.549725,3.132198579019329e-11,5.104704859272994e-11,4.8221666293024455e-23
19,29,Cu,3d¹⁰4s→3d¹⁰4p,upper,19,22,4.0327579843589985e-11,3.1291570488024306e-11,-0.20601132958329846,30498507944.731056,2.1901698203577832e-11,4.587743192645325e-11,7.02183765932274e-23
19,29,Cu,3d¹⁰4s→3d¹⁰4p,upper,19,23,4.5560892445164055e-11,3.9957040501510914e-11,-0.5393446629166316,39591170049.669334,1.0528335534407615e-11,4.674527709136748e-11,1.5116987212018655e-22
19,29,Cu,3d¹⁰4s→3d¹⁰4p,upper,19,24,5.1949643931966166e-11,5.1949643931966166e-11,-0.9999999999999999,76170788449.46257,8.165750717223506e-13,5.19400101485466e-11,2.5556596077753217e-22
19,29,Cu,3d¹⁰4s→3d¹⁰4p,upper,19,25,4.547047925032147e-11,3.9901459991921485e-11,-0.5393446629166316,34343452069.374302,1.5055812965882846e-11,4.78794708186849e-11,1.2761482369886564e-22
19,29,Cu,3d¹⁰4s→3d¹⁰4p,upper,19,26,3.2613372391717543e-11,2.0615691747104055e-11,0.20601132958329824,28747929477.025066,2.764435819918139e-11,4.274477886922891e-11,2.82895413702374e-23
19,29,Cu,3d¹⁰4s→3d¹⁰4p,upper,19,27,3.2730126189315335e-11,2.0577497042555225e-11,0.20601132958329846,26674066201.100033,3.074435053272526e-11,4.489258335000223e-11,2.4900429819136932e-23
19,29,Cu,3d¹⁰4s→3d¹⁰4p,upper,19,28,6.947905222757031e-11,-5.053737692410366e-12,0.408248290463863,13074898022.274181,5.018375625731024e-11,1.0174110322447397e-10,1.8745974168514785e-22
19,29,Cu,3d¹⁰4s→3d¹⁰4p,upper,20,21,2.495916407287624e-11,1.1989981782868821e-11,0.5393446629166315,36462697066.32248,2.2095346251781056e-11,3.3326911214872724e-11,1.5667147905923488e-23
19,29,Cu,3d¹⁰4s→3d¹⁰4p,upper,20,22,4.0385587498121975e-11,3.13662934554648e-11,-0.20601132958329835,24612909691.309505,3.135771272833557e-11,5.111958950414364e-11,4.8362651633267825e-23
19,29,Cu,3d¹⁰4s→3d¹⁰4p,upper,20,23,3.27684433021616e-11,2.06550693978202e-11,0.20601132958329824,44128020646.71457,1.2924646526604417e-11,3.521337351773912e-11,5.965857971700777e-23
19,29,Cu,3d¹⁰4s→3d¹⁰4p,upper,20,24,4.564148238547369e-11,4.004101209993274e-11,-0.5393446629166316,39521469690.494156,1.0587846937098718e-11,4.682990905832139e-11,1.517063223635689e-22
19,29,Cu,3d¹⁰4s→3d¹⁰4p,upper,20,25,5.1904167062404145e-11,5.190416706240415e-11,-0.9999999999999999,68593716087.28698,1.192699876088989e-12,5.1900407099975335e-11,2.548629254713073e-22
19,29,Cu,3d¹⁰4s→3d¹⁰4p,upper,20,26,4.5476005805360934e-11,3.993922822842392e-11,-0.5393446629166315,34338492525.245865,1.5068191263190862e-11,4.7893121778866706e-11,1.276387375262624e-22
19,29,Cu,3d¹⁰4s→3d¹⁰4p,upper,20,27,3.2777156178860374e-11,2.0652220009995725e-11,0.20601132958329835,28604269900.172596,2.7787447346851356e-11,4.29630534475273e-11,2.8575016991275e-23
19,29,Cu,3d¹⁰4s→3d¹⁰4p,upper,20,28,9.271544883148004e-11,6.748293014177039e-11,-0.5463428522861039,13145006843.515871,5.023829830438219e-11,1.017523369139223e-10,2.0983003452071167e-22
19,29,Cu,3d¹⁰4s→3d¹⁰4p,upper,21,22,2.4952515998745988e-11,1.1974518391713335e-11,0.5393446629166316,36472411023.50789,2.209190977211238e-11,3.332112221774138e-11,1.5658813046281207e-23
19,29,Cu,3d¹⁰4s→3d¹⁰4p,upper,21,23,3.275905561256735e-11,2.064017296461125e-11,0.20601132958329824,52188087775.90162,8.722955101408966e-12,3.388820822935689e-11,7.387086021604555e-23
19,29,Cu,3d¹⁰4s→3d¹⁰4p,upper,21,24,3.27698630354301e-11,2.0636640301925795e-11,0.20601132958329824,44126103764.91221,1.2943341901798135e-11,3.5215922775645283e-11,5.966372775962141e-23
19,29,Cu,3d¹⁰4s→3d¹⁰4p,upper,21,25,4.552298754027799e-11,3.996128652615304e-11,-0.5393446629166315,39623752182.159134,1.054648333017879e-11,4.670794872484669e-11,1.5091625395568825e-22
19,29,Cu,3d¹⁰4s→3d¹⁰4p,upper,21,26,5.1820752789900736e-11,5.1820752789900736e-11,-0.9999999999999998,65713029520.66995,1.5684640449973838e-12,5.182015216009455e-11,2.5389367045835077e-22
19,29,Cu,3d¹⁰4s→3d¹⁰4p,upper,21,27,4.56255043562912e-11,4.0024326829914074e-11,-0.5393446629166316,34226798875.374302,1.513349368649104e-11,4.805624180455594e-11,1.2848682377108465e-22
19,29,Cu,3d¹⁰4s→3d¹⁰4p,upper,21,28,9.68594167076964e-11,8.261670519317303e-11,-0.7459067426872383,13293300476.114828,4.993290663839386e-11,1.0189494638311932e-10,2.5245540736755675e-22
19,29,Cu,3d¹⁰4s→3d¹⁰4p,upper,22,23,4.5614291779116676e-11,4.001791823358591e-11,-0.5393446629166314,58727747118.49232,2.9332457834207554e-12,4.569187918349262e-11,1.9038631013869428e-22
19,29,Cu,3d¹⁰4s→3d¹⁰4p,upper,22,24,3.277052503164128e-11,2.063769149976924e-11,0.20601132958329846,52169791126.06947,8.705533523893492e-12,3.389735690167315e-11,7.392251617132943e-23
19,29,Cu,3d¹⁰4s→3d¹⁰4p,upper,22,25,3.269488591093029e-11,2.0662454028005826e-11,0.20601132958329835,44226868555.68618,1.290073798040289e-11,3.513476097033055e-11,5.938920905250413e-23
19,29,Cu,3d¹⁰4s→3d¹⁰4p,upper,22,26,4.54638467319857e-11,3.9925382993058444e-11,-0.5393446629166316,39674212358.62275,1.0496012843848401e-11,4.664457294884746e-11,1.5051822899742386e-22
19,29,Cu,3d¹⁰4s→3d¹⁰4p,upper,22,27,5.200720497819496e-11,5.200720497819496e-11,-1.0,65227516270.73509,1.6899513623076513e-12,5.200705427862912e-11,2.557418436037124e-22
19,29,Cu,3d¹⁰4s→3d¹⁰4p,upper,22,28,7.810983379448352e-11,1.9518205386172512e-11,0.08534713286766836,12993120277.479368,5.00586464871328e-11,1.0183376888149074e-10,1.6301682753290337e-22
19,29,Cu,3d¹⁰4s→3d¹⁰4p,upper,23,24,2.496101704259245e-11,1.1966206894586335e-11,0.5393446629166316,50400985616.81072,1.3018980457463066e-11,2.8141916602660465e-11,2.7925094530795247e-23
19,29,Cu,3d¹⁰4s→3d¹⁰4p,upper,23,25,4.029447964013082e-11,3.1330919731147745e-11,-0.20601132958329824,28731602217.8075,2.4379510141321716e-11,4.707599246375118e-11,6.32597676519894e-23
19,29,Cu,3d¹⁰4s→3d¹⁰4p,upper,23,26,4.024136606602043e-11,3.1316804279974515e-11,-0.20601132958329824,24272599307.849064,3.210545275049824e-11,5.1462404483079075e-11,4.6487471005880757e-23
19,29,Cu,3d¹⁰4s→3d¹⁰4p,upper,23,27,2.4959423699374193e-11,1.1967995731396062e-11,0.5393446629166314,26531189378.163017,3.36847422642754e-11,4.191768353945365e-11,8.467185628730717e-24
19,29,Cu,3d¹⁰4s→3d¹⁰4p,upper,23,28,9.792885056077606e-11,8.662150705344381e-11,-0.7986541716418109,13343284092.485209,5.009779056854271e-11,1.0181439094976411e-10,2.663532430706269e-22
19,29,Cu,3d¹⁰4s→3d¹⁰4p,upper,24,25,2.4911778539882597e-11,1.2048183940044683e-11,0.5393446629166316,50500047837.37032,1.2997290907377505e-11,2.8086527162978955e-11,2.781337627175386e-23
19,29,Cu,3d¹⁰4s→3d¹⁰4p,upper,24,26,4.025471242069001e-11,3.1333952184862114e-11,-0.20601132958329824,28759859141.64927,2.4356931861142086e-11,4.703462337894468e-11,6.313266748030525e-23
19,29,Cu,3d¹⁰4s→3d¹⁰4p,upper,24,27,4.03985071046309e-11,3.137214688941094e-11,-0.20601132958329846,24178192382.78636,3.222009601812555e-11,5.1662172615316e-11,4.685291268682737e-23
19,29,Cu,3d¹⁰4s→3d¹⁰4p,upper,24,28,8.972838987963655e-11,5.700338162437653e-11,-0.408248290463863,13074291659.417822,5.00541841795006e-11,1.0184459340048853e-10,1.8853365008298292e-22
19,29,Cu,3d¹⁰4s→3d¹⁰4p,upper,25,26,2.4821057870847778e-11,1.1964938833980224e-11,0.5393446629166315,50685008104.584755,1.2939763984067436e-11,2.798333494443018e-11,2.76122991203513e-23
19,29,Cu,3d¹⁰4s→3d¹⁰4p,upper,25,27,4.030523502472944e-11,3.1251947052408427e-11,-0.20601132958329835,28723919912.99575,2.439184686785898e-11,4.7100034749826983e-11,6.329326379789688e-23
19,29,Cu,3d¹⁰4s→3d¹⁰4p,upper,25,28,6.545919683731809e-11,-1.5578763079366238e-11,0.5463428522861039,13145334906.3538,5.005508160102408e-11,1.0178287127717017e-10,2.0803061321174798e-22
19,29,Cu,3d¹⁰4s→3d¹⁰4p,upper,26,27,2.4877611923326057e-11,1.1796425959986665e-11,0.5393446629166316,50568616506.44932,1.2962613632961858e-11,2.804484109625938e-11,2.7734800761011904e-23
19,29,Cu,3d¹⁰4s→3d¹⁰4p,upper,26,28,5.919980838148149e-11,-3.079595240327229e-11,0.7459067426872383,13291864404.999565,5.016086647949556e-11,1.0169594029844263e-10,2.4928574261433107e-22
19,29,Cu,3d¹⁰4s→3d¹⁰4p,upper,27,28,8.231476713443015e-11,3.248899959202246e-11,-0.08534713286766836,12992939762.06317,5.003598735326647e-11,1.0185184059771693e-10,1.6317976801692548e-22
20,30,Zn,3d¹⁰4s²→3d¹⁰4s4p,lower,0,1,3.543559975339061e-12,3.543559975339061e-12,-1.0,608098595922.8993,7.367475459853179e-13,3.5241479830261413e-12,1.0760110996973633e-24
20,30,Zn,3d¹⁰4s²→3d¹⁰4s4p,lower,0,2,5.989684860817996e-12,-5.989684860817996e-12,1.0,130551090695.28766,6.184990113227262e-12,9.501670687037029e-12,1.552101669203485e-24
20,30,Zn,3d¹⁰4s²→3d¹⁰4s4p,lower,0,3,9.533244836157057e-12,9.533244836157057e-12,-1.0,130611546164.36563,5.989684860817994e-12,9.253653884514337e-12,1.5581871238044278e-24
20,30,Zn,3d¹⁰4s²→3d¹⁰4s4p,lower,0,4,8.078447375870681e-12,1.7717799876695306e-12,0.0,126109043291.94887,6.7051638935419185e-12,9.024743916411414e-12,7.779107255222073e-25
20,30,Zn,3d¹⁰4s²→3d¹⁰4s4p,lower,0,5,8.078447375870681e-12,1.7717799876695306e-12,0.0,125578752382.42186,7.291604186102655e-12,9.614094365666015e-12,6.669557404182461e-25
20,30,Zn,3d¹⁰4s²→3d¹⁰4s4p,lower,0,6,8.078485581114613e-12,1.7717799876695306e-12,0.0,125920063453.37843,6.988941993429067e-12,9.314051893352894e-12,7.401811435754561e-25
20,30,Zn,3d¹⁰4s²→3d¹⁰4s4p,lower,0,7,8.078447375870681e-12,1.7717799876695306e-12,0.0,126509242414.84091,6.315554904532852e-12,8.896603431496547e-12,8.512628027970303e-25
20,30,Zn,3d¹⁰4s²→3d¹⁰4s4p,lower,0,8,8.078447375870681e-12,1.7717799876695306e-12,0.0,126509242414.84099,6.315554904533098e-12,8.89660343149539e-12,8.512628027969977e-25
20,30,Zn,3d¹⁰4s²→3d¹⁰4s4p,lower,0,9,8.078485581114613e-12,1.7717799876695306e-12,0.0,126161580791.14201,6.616063474338604e-12,9.037618512694963e-12,7.874037434070502e-25
20,30,Zn,3d¹⁰4s²→3d¹⁰4s4p,lower,0,10,2.1685257905964658e-11,-2.1685257905964658e-11,1.0,42692129664.485085,2.1685257905964658e-11,2.5224804698649982e-11,1.5679215108799385e-24
20,30,Zn,3d¹⁰4s²→3d¹⁰4s4p,lower,0,11,2.5228817881303717e-11,2.5228817881303717e-11,-1.0,42692129664.4851,2.1685257905964655e-11,2.522480469865005e-11,1.5679215108799409e-24
20,30,Zn,3d¹⁰4s²→3d¹⁰4s4p,lower,0,12,2.5557397127999663e-11,1.7717799876695306e-12,0.0,39198351247.51099,2.3752970784733197e-11,2.7222572148014538e-11,7.834393393525335e-25
20,30,Zn,3d¹⁰4s²→3d¹⁰4s4p,lower,0,13,2.555739712799967e-11,1.7717799876695306e-12,0.0,39198351247.510956,2.375297078473344e-11,2.722257214801431e-11,7.834393393525196e-25
20,30,Zn,3d¹⁰4s²→3d¹⁰4s4p,lower,0,14,2.5571075434330987e-11,1.7717799876695306e-12,0.0,39177307682.92487,2.387023116530343e-11,2.719634361821903e-11,7.8344080224201485e-25
20,30,Zn,3d¹⁰4s²→3d¹⁰4s4p,lower,0,15,2.5557397127999663e-11,1.7717799876695306e-12,0.0,39198351247.47047,2.3752970784733242e-11,2.7222572148014457e-11,7.83439339273702e-25
20,30,Zn,3d¹⁰4s²→3d¹⁰4s4p,lower,0,16,2.555739712799967e-11,1.7717799876695306e-12,0.0,39198351247.37392,2.3807769382559018e-11,2.7254596468023078e-11,7.834393390859149e-25
20,30,Zn,3d¹⁰4s²→3d¹⁰4s4p,lower,0,17,2.5571075434330987e-11,1.7717799876695306e-12,0.0,39177307683.04797,2.383084705604533e-11,2.7184809473145395e-11,7.834408024819518e-25
20,30,Zn,3d¹⁰4s²→3d¹⁰4s4p,lower,0,18,2.360991395024988e-11,-1.242439104403859e-11,0.5773502691896257,40669376160.922745,2.28907012645221e-11,2.629604221241107e-11,1.0443364367313256e-24
20,30,Zn,3d¹⁰4s²→3d¹⁰4s4p,lower,0,19,2.360548024999651e-11,-1.2421826426281575e-11,0.5773502691896257,40676724595.89735,2.2874490989931498e-11,2.6250331985788524e-11,1.0443356910544981e-24
20,30,Zn,3d¹⁰4s²→3d¹⁰4s4p,lower,0,20,2.360991395024988e-11,-1.2424391044038588e-11,0.5773502691896257,40669376160.792496,2.2909969821656665e-11,2.6305062879077385e-11,1.0443364365040926e-24
20,30,Zn,3d¹⁰4s²→3d¹⁰4s4p,lower,0,21,2.3609909499915446e-11,-1.2424388469799911e-11,0.5773502691896257,40669383535.46305,2.2909965364218513e-11,2.6305058421029537e-11,1.0443364357554614e-24
20,30,Zn,3d¹⁰4s²→3d¹⁰4s4p,lower,0,22,2.360990949991544e-11,-1.2424388469799907e-11,0.5773502691896257,40669383535.80395,2.2878927724944388e-11,2.6254768328515503e-11,1.0443364363503754e-24
20,30,Zn,3d¹⁰4s²→3d¹⁰4s4p,lower,0,23,2.565225143491817e-11,1.596795101937765e-11,-0.5773502691896257,40669376160.92269,2.2886502756985883e-11,2.6299696423588918e-11,1.0443364367313412e-24
20,30,Zn,3d¹⁰4s²→3d¹⁰4s4p,lower,0,24,2.5647816457183273e-11,1.5965386401620637e-11,-0.5773502691896257,40676724595.54235,2.2923885301831443e-11,2.6300621492224847e-11,1.0443356904354894e-24
20,30,Zn,3d¹⁰4s²→3d¹⁰4s4p,lower,0,25,2.565225143491817e-11,1.596795101937765e-11,-0.5773502691896257,40669376161.011505,2.2878932182797994e-11,2.6285330684259916e-11,1.0443364368861632e-24
20,30,Zn,3d¹⁰4s²→3d¹⁰4s4p,lower,0,26,2.565224698330181e-11,1.5967948445138974e-11,-0.5773502691896257,40669383535.682014,2.2878927724944243e-11,2.6285326226444225e-11,1.0443364361375617e-24
20,30,Zn,3d¹⁰4s²→3d¹⁰4s4p,lower,0,27,2.565224698330181e-11,1.596794844513897e-11,-0.5773502691896257,40669383535.44962,2.2928321383502302e-11,2.6305058421028997e-11,1.04433643573214e-24
20,30,Zn,3d¹⁰4s²→3d¹⁰4s4p,lower,0,28,6.565456320315249e-11,-6.565456320315249e-11,1.0,14833559754.71774,6.565705684605574e-11,6.919575714692516e-11,1.5693989260813907e-24
20,30,Zn,3d¹⁰4s²→3d¹⁰4s4p,lower,0,29,6.919812317849155e-11,6.919812317849155e-11,-1.0,14833559754.717587,6.569431366305889e-11,6.916038658916002e-11,1.5693989260757784e-24
20,30,Zn,3d¹⁰4s²→3d¹⁰4s4p,lower,1,2,9.533244836157057e-12,9.533244836157057e-12,-1.0,130611546164.36563,5.989684860817994e-12,9.253653884514138e-12,1.5581871238044302e-24
20,30,Zn,3d¹⁰4s²→3d¹⁰4s4p,lower,1,3,5.989684860817996e-12,-5.989684860817996e-12,1.0,130551090695.28772,6.184990113227056e-12,9.50167068703696e-12,1.5521016692034858e-24
20,30,Zn,3d¹⁰4s²→3d¹⁰4s4p,lower,1,4,8.078447375870681e-12,1.7717799876695306e-12,0.0,125708568981.25569,7.167501056302719e-12,9.520314609153032e-12,6.949361352512786e-25
20,30,Zn,3d¹⁰4s²→3d¹⁰4s4p,lower,1,5,8.078447375870681e-12,1.7717799876695306e-12,0.0,125994788913.78218,7.014521737256734e-12,9.112359971362101e-12,7.564203627163037e-25
20,30,Zn,3d¹⁰4s²→3d¹⁰4s4p,lower,1,6,8.078485581114613e-12,1.7717799876695306e-12,0.0,125876138973.60675,6.962052308678744e-12,9.366626195404065e-12,7.306475659106301e-25
20,30,Zn,3d¹⁰4s²→3d¹⁰4s4p,lower,1,7,8.078447375870681e-12,1.7717799876695306e-12,0.0,126739373726.70676,6.171856571364058e-12,8.795176655566341e-12,8.928204366613236e-25
20,30,Zn,3d¹⁰4s²→3d¹⁰4s4p,lower,1,8,8.078447375870681e-12,1.7717799876695306e-12,0.0,126573568463.6556,6.267316091774538e-12,8.958714489259855e-12,8.625366874707485e-25
20,30,Zn,3d¹⁰4s²→3d¹⁰4s4p,lower,1,9,8.078485581114613e-12,1.7717799876695306e-12,0.0,126000549507.32828,6.759705585791394e-12,9.274571813200087e-12,7.552788445077486e-25
20,30,Zn,3d¹⁰4s²→3d¹⁰4s4p,lower,1,10,2.5228817881303717e-11,2.5228817881303717e-11,-1.0,42692129664.48506,2.1685257905964655e-11,2.5224804698650028e-11,1.5679215108799414e-24
20,30,Zn,3d¹⁰4s²→3d¹⁰4s4p,lower,1,11,2.1685257905964658e-11,-2.1685257905964658e-11,1.0,42692129664.48508,2.1685257905964655e-11,2.5224804698649963e-11,1.5679215108799394e-24
20,30,Zn,3d¹⁰4s²→3d¹⁰4s4p,lower,1,12,2.5557397127999663e-11,1.7717799876695306e-12,0.0,39198351247.5499,2.373916736707057e-11,2.719469089626622e-11,7.8343933942819385e-25
20,30,Zn,3d¹⁰4s²→3d¹⁰4s4p,lower,1,13,2.555739712799967e-11,1.7717799876695306e-12,0.0,39198351247.44852,2.3821533048729033e-11,2.7182635249821996e-11,7.834393392337602e-25
20,30,Zn,3d¹⁰4s²→3d¹⁰4s4p,lower,1,14,2.5571075434330987e-11,1.7717799876695306e-12,0.0,39177307682.92667,2.38214773927158e-11,2.7268307288985365e-11,7.834408022429947e-25
20,30,Zn,3d¹⁰4s²→3d¹⁰4s4p,lower,1,15,2.5557397127999663e-11,1.7717799876695306e-12,0.0,39198351247.41283,2.3775884033253365e-11,2.72425673315894e-11,7.834393391615818e-25
20,30,Zn,3d¹⁰4s²→3d¹⁰4s4p,lower,1,16,2.555739712799967e-11,1.7717799876695306e-12,0.0,39198351247.40124,2.3834687742086127e-11,2.718648500064617e-11,7.834393391417587e-25
20,30,Zn,3d¹⁰4s²→3d¹⁰4s4p,lower,1,17,2.5571075434330987e-11,1.7717799876695306e-12,0.0,39177307683.10704,2.374826781558837e-11,2.7172742955517208e-11,7.8344080259423465e-25
20,30,Zn,3d¹⁰4s²→3d¹⁰4s4p,lower,1,18,2.5652251434918173e-11,1.596795101937765e-11,-0.5773502691896257,40669376160.83653,2.2892496444662326e-11,2.6349098741668317e-11,1.0443364365806331e-24
20,30,Zn,3d¹⁰4s²→3d¹⁰4s4p,lower,1,19,2.5647816457183273e-11,1.5965386401620637e-11,-0.5773502691896257,40676724595.54501,2.2927758225314225e-11,2.6349726823518052e-11,1.0443356904395899e-24
20,30,Zn,3d¹⁰4s²→3d¹⁰4s4p,lower,1,20,2.565225143491817e-11,1.596795101937765e-11,-0.5773502691896257,40669376160.78167,2.290211656454072e-11,2.6351214315203623e-11,1.0443364364848623e-24
20,30,Zn,3d¹⁰4s²→3d¹⁰4s4p,lower,1,21,2.565224698330181e-11,1.5967948445138974e-11,-0.5773502691896257,40669383535.507095,2.286890388045123e-11,2.6340242535926875e-11,1.0443364358319405e-24
20,30,Zn,3d¹⁰4s²→3d¹⁰4s4p,lower,1,22,2.56522469833018e-11,1.5967948445138967e-11,-0.5773502691896257,40669383535.59594,2.284468569700846e-11,2.6321305842277444e-11,1.0443364359868196e-24
20,30,Zn,3d¹⁰4s²→3d¹⁰4s4p,lower,1,23,2.3609913950249877e-11,-1.2424391044038588e-11,0.5773502691896257,40669376161.0149,2.2844690155330274e-11,2.6321310300519207e-11,1.044336436891786e-24
20,30,Zn,3d¹⁰4s²→3d¹⁰4s4p,lower,1,24,2.360548024999651e-11,-1.2421826426281575e-11,0.5773502691896257,40676724595.63936,2.2864467010156246e-11,2.6335805188114783e-11,1.044335690604008e-24
20,30,Zn,3d¹⁰4s²→3d¹⁰4s4p,lower,1,25,2.360991395024988e-11,-1.2424391044038588e-11,0.5773502691896257,40669376160.755714,2.290211656454097e-11,2.6351214315203613e-11,1.0443364364393664e-24
20,30,Zn,3d¹⁰4s²→3d¹⁰4s4p,lower,1,26,2.3609909499915446e-11,-1.2424388469799911e-11,0.5773502691896257,40669383535.37092,2.293219425668889e-11,2.6354164339157013e-11,1.0443364355941447e-24
20,30,Zn,3d¹⁰4s²→3d¹⁰4s4p,lower,1,27,2.3609909499915446e-11,-1.242438846979991e-11,0.5773502691896257,40669383535.40147,2.2892491986991075e-11,2.6349094283091923e-11,1.0443364356475464e-24
20,30,Zn,3d¹⁰4s²→3d¹⁰4s4p,lower,1,28,6.919812317849155e-11,6.919812317849155e-11,-1.0,14833559754.717592,6.569431366305884e-11,6.916038658916006e-11,1.5693989260757812e-24
20,30,Zn,3d¹⁰4s²→3d¹⁰4s4p,lower,1,29,6.565456320315249e-11,-6.565456320315249e-11,1.0,14833559754.717735,6.565705684605573e-11,6.919575714692518e-11,1.569398926081393e-24
20,30,Zn,3d¹⁰4s²→3d¹⁰4s4p,lower,2,3,1.5522929696975052e-11,1.5522929696975052e-11,-1.0,138816182746.3302,3.2273985597397606e-12,1.5437893463904174e-11,2.0648312158231706e-23
20,30,Zn,3d¹⁰4s²→3d¹⁰4s4p,lower,2,4,1.1061755930877932e-11,7.761464848487526e-12,0.0,81914491741.04036,9.87323362368694e-12,1.4536087449656394e-11,3.055303144625238e-24
20,30,Zn,3d¹⁰4s²→3d¹⁰4s4p,lower,2,5,1.1061755930877932e-11,7.761464848487526e-12,0.0,181127666276.12946,2.9232427402056374e-12,1.1061755930878071e-11,9.957844810039142e-24
20,30,Zn,3d¹⁰4s²→3d¹⁰4s4p,lower,2,6,1.1061783832360764e-11,7.761464848487526e-12,0.0,79277229071.02188,1.0343367322389062e-11,1.485943838761647e-11,2.8709236372391976e-24
20,30,Zn,3d¹⁰4s²→3d¹⁰4s4p,lower,2,7,1.1061755930877932e-11,7.761464848487526e-12,0.0,95397512263.9065,7.843696504076244e-12,1.3241626448598027e-11,4.0562859294155924e-24
20,30,Zn,3d¹⁰4s²→3d¹⁰4s4p,lower,2,8,1.1061755930877932e-11,7.761464848487526e-12,0.0,79261116226.14339,1.0716592246760346e-11,1.5121588724055247e-11,2.8635890553969944e-24
20,30,Zn,3d¹⁰4s²→3d¹⁰4s4p,lower,2,9,1.1061783832360764e-11,7.761464848487526e-12,0.0,341393641762.1727,8.274769931972968e-13,1.070057847986597e-11,1.2773465498228563e-23
20,30,Zn,3d¹⁰4s²→3d¹⁰4s4p,lower,2,10,1.5695573045146663e-11,-1.5695573045146663e-11,1.0,43875782763.962135,1.569557304514666e-11,3.1204293465644636e-11,2.9490148696875976e-23
20,30,Zn,3d¹⁰4s²→3d¹⁰4s4p,lower,2,11,3.121850274212171e-11,3.121850274212171e-11,-1.0,43875140258.58526,1.6138664134149405e-11,3.12042934656446e-11,2.9489245024365424e-23
20,30,Zn,3d¹⁰4s²→3d¹⁰4s4p,lower,2,12,2.6651110300096067e-11,7.761464848487526e-12,0.0,38784571148.698906,1.782238369160264e-11,3.2994503787492444e-11,1.4560696206033947e-23
20,30,Zn,3d¹⁰4s²→3d¹⁰4s4p,lower,2,13,2.6651110300096073e-11,7.761464848487526e-12,0.0,38784477914.750084,1.8372370952580865e-11,3.290925927511182e-11,1.4560528399782445e-23
20,30,Zn,3d¹⁰4s²→3d¹⁰4s4p,lower,2,14,2.6664227555619287e-11,7.761464848487526e-12,0.0,38764058282.88547,1.8232442453363873e-11,3.3224035102907956e-11,1.4561008102745467e-23
20,30,Zn,3d¹⁰4s²→3d¹⁰4s4p,lower,2,15,2.6651110300096067e-11,7.761464848487526e-12,0.0,38784432726.00531,1.845035868181916e-11,3.322476181127731e-11,1.4560437294329851e-23
20,30,Zn,3d¹⁰4s²→3d¹⁰4s4p,lower,2,16,2.6651110300096073e-11,7.761464848487526e-12,0.0,38784522336.16337,1.8297480737562156e-11,3.283987199302687e-11,1.4560612214719217e-23
20,30,Zn,3d¹⁰4s²→3d¹⁰4s4p,lower,2,17,2.6664227555619287e-11,7.761464848487526e-12,0.0,38764135413.01706,1.7916439913915334e-11,3.310876052525245e-11,1.456115217445253e-23
20,30,Zn,3d¹⁰4s²→3d¹⁰4s4p,lower,2,18,2.1082409435057344e-11,-6.434706183220594e-12,0.5773502691896257,40648300820.33647,1.6963818917493777e-11,3.218808733259898e-11,1.9324831111559342e-23
20,30,Zn,3d¹⁰4s²→3d¹⁰4s4p,lower,2,19,2.1078172861670727e-11,-6.43214156546358e-12,0.5773502691896257,40655571275.7352,1.7130206607458196e-11,3.227399273979844e-11,1.9324463606505135e-23
20,30,Zn,3d¹⁰4s²→3d¹⁰4s4p,lower,2,20,2.1082409435057344e-11,-6.434706183220593e-12,0.5773502691896257,40648300820.33648,1.6963818917493887e-11,3.2188087332598986e-11,1.932483111155936e-23
20,30,Zn,3d¹⁰4s²→3d¹⁰4s4p,lower,2,21,2.1082405182548446e-11,-6.4347036089819165e-12,0.5773502691896257,40648248979.78612,1.713461954286219e-11,3.227842723944407e-11,1.9324734379744147e-23
20,30,Zn,3d¹⁰4s²→3d¹⁰4s4p,lower,2,22,2.108240518254844e-11,-6.434703608981912e-12,0.5773502691896257,40648308176.27314,1.6963814470030785e-11,3.218808288089055e-11,1.9324830839693632e-23
20,30,Zn,3d¹⁰4s²→3d¹⁰4s4p,lower,2,23,2.975231616816198e-11,2.1957635880195645e-11,-0.5773502691896257,40648339857.84931,1.686883327839546e-11,3.199022676731947e-11,1.9324894076523503e-23
20,30,Zn,3d¹⁰4s²→3d¹⁰4s4p,lower,2,24,2.9747976069088576e-11,2.1955071262438632e-11,-0.5773502691896257,40655532172.66123,1.7496858057701195e-11,3.232373188389678e-11,1.9324400565978553e-23
20,30,Zn,3d¹⁰4s²→3d¹⁰4s4p,lower,2,25,2.975231616816198e-11,2.1957635880195645e-11,-0.5773502691896257,40648339857.84934,1.686883327839549e-11,3.1990226767319554e-11,1.9324894076523377e-23
20,30,Zn,3d¹⁰4s²→3d¹⁰4s4p,lower,2,26,2.9752311811766344e-11,2.195763330595697e-11,-0.5773502691896257,40648209949.342415,1.750124401528333e-11,3.2328168530873714e-11,1.9324671420387702e-23
20,30,Zn,3d¹⁰4s²→3d¹⁰4s4p,lower,2,27,2.9752311811766344e-11,2.195763330595697e-11,-0.5773502691896257,40648347213.85884,1.6868828823162096e-11,3.19902223240666e-11,1.9324893804739082e-23
20,30,Zn,3d¹⁰4s²→3d¹⁰4s4p,lower,2,28,5.966487834233449e-11,-5.966487834233449e-11,1.0,14880497231.703884,5.967689763270445e-11,7.517826863061793e-11,3.0045170386472454e-23
20,30,Zn,3d¹⁰4s²→3d¹⁰4s4p,lower,2,29,7.518780803930955e-11,7.518780803930955e-11,-1.0,14880497231.703884,5.967689763270442e-11,7.51782686306179e-11,3.0045170386472236e-23
20,30,Zn,3d¹⁰4s²→3d¹⁰4s4p,lower,3,4,1.1061755930877932e-11,7.761464848487526e-12,0.0,167859321732.7187,3.347282278115075e-12,1.118129665135181e-11,9.238479801694238e-24
20,30,Zn,3d¹⁰4s²→3d¹⁰4s4p,lower,3,5,1.1061755930877932e-11,7.761464848487526e-12,0.0,81891384956.52463,1.0263595124723756e-11,1.4804002196717382e-11,3.0458946401795703e-24
20,30,Zn,3d¹⁰4s²→3d¹⁰4s4p,lower,3,6,1.1061783832360764e-11,7.761464848487526e-12,0.0,81902727455.02827,1.0007007524239246e-11,1.4713959884634728e-11,3.0506129873503977e-24
20,30,Zn,3d¹⁰4s²→3d¹⁰4s4p,lower,3,7,1.1061755930877932e-11,7.761464848487526e-12,0.0,76129647705.88316,1.1294429442847253e-11,1.5536448519388474e-11,2.6519346098945516e-24
20,30,Zn,3d¹⁰4s²→3d¹⁰4s4p,lower,3,8,1.1061755930877932e-11,7.761464848487526e-12,0.0,95283572701.93405,8.329718935499092e-12,1.3535187981722613e-11,4.0267246895687884e-24
20,30,Zn,3d¹⁰4s²→3d¹⁰4s4p,lower,3,9,1.1061783832360764e-11,7.761464848487526e-12,0.0,182307443875.39084,2.4500297258244338e-12,1.1061783832360799e-11,9.886559235178032e-24
20,30,Zn,3d¹⁰4s²→3d¹⁰4s4p,lower,3,10,3.121850274212171e-11,3.121850274212171e-11,-1.0,43875140258.58527,1.6138664134149227e-11,3.12042934656446e-11,2.948924502436541e-23
20,30,Zn,3d¹⁰4s²→3d¹⁰4s4p,lower,3,11,1.5695573045146663e-11,-1.5695573045146663e-11,1.0,43875782763.96213,1.569557304514666e-11,3.120429346564466e-11,2.9490148696875917e-23
20,30,Zn,3d¹⁰4s²→3d¹⁰4s4p,lower,3,12,2.6651110300096067e-11,7.761464848487526e-12,0.0,38784443760.08716,1.8218838609333e-11,3.3210329718403335e-11,1.4560457737282764e-23
20,30,Zn,3d¹⁰4s²→3d¹⁰4s4p,lower,3,13,2.6651110300096073e-11,7.761464848487526e-12,0.0,38784451762.951485,1.82188386093329e-11,3.321032971840344e-11,1.4560473145013719e-23
20,30,Zn,3d¹⁰4s²→3d¹⁰4s4p,lower,3,14,2.6664227555619287e-11,7.761464848487526e-12,0.0,38764040126.14469,1.8509660184942554e-11,3.296463012120677e-11,1.456097967382238e-23
20,30,Zn,3d¹⁰4s²→3d¹⁰4s4p,lower,3,15,2.6651110300096067e-11,7.761464848487526e-12,0.0,38784542258.39501,1.790276742627356e-11,3.3095069496027596e-11,1.4560642683281684e-23
20,30,Zn,3d¹⁰4s²→3d¹⁰4s4p,lower,3,16,2.6651110300096073e-11,7.761464848487526e-12,0.0,38784529309.28968,1.7902767426273378e-11,3.3095069496027725e-11,1.4560617752865504e-23
20,30,Zn,3d¹⁰4s²→3d¹⁰4s4p,lower,3,17,2.6664227555619287e-11,7.761464848487526e-12,0.0,38764084311.39533,1.8385943358809748e-11,3.2922927407542425e-11,1.4561063181634698e-23
20,30,Zn,3d¹⁰4s²→3d¹⁰4s4p,lower,3,18,2.975231616816198e-11,2.1957635880195645e-11,-0.5773502691896257,40648262213.13908,1.7201315351356564e-11,3.215249687257373e-11,1.9324770112137697e-23
20,30,Zn,3d¹⁰4s²→3d¹⁰4s4p,lower,3,19,2.9747976069088576e-11,2.1955071262438632e-11,-0.5773502691896257,40655620115.90796,1.7188729601118272e-11,3.21157246222731e-11,1.9324545648455455e-23
20,30,Zn,3d¹⁰4s²→3d¹⁰4s4p,lower,3,20,2.975231616816198e-11,2.1957635880195645e-11,-0.5773502691896257,40648307782.34181,1.7237224221962492e-11,3.2059920983762693e-11,1.9324845319034747e-23
20,30,Zn,3d¹⁰4s²→3d¹⁰4s4p,lower,3,21,2.9752311811766344e-11,2.195763330595697e-11,-0.5773502691896257,40648315138.28797,1.7237219795857594e-11,3.205991653754463e-11,1.9324845047182703e-23
20,30,Zn,3d¹⁰4s²→3d¹⁰4s4p,lower,3,22,2.975231181176634e-11,2.1957633305956962e-11,-0.5773502691896257,40648297732.98344,1.7193138058633922e-11,3.21201523374444e-11,1.9324816321163764e-23
20,30,Zn,3d¹⁰4s²→3d¹⁰4s4p,lower,3,23,2.108240943505734e-11,-6.434706183220593e-12,0.5773502691896257,40648262213.63442,1.7193142488082963e-11,3.2156867949819563e-11,1.9324770112537865e-23
20,30,Zn,3d¹⁰4s²→3d¹⁰4s4p,lower,3,24,2.1078172861670727e-11,-6.43214156546358e-12,0.5773502691896257,40655572297.136375,1.7232814667747883e-11,3.214806332696275e-11,1.9324466080180496e-23
20,30,Zn,3d¹⁰4s²→3d¹⁰4s4p,lower,3,25,2.1082409435057344e-11,-6.434706183220593e-12,0.5773502691896257,40648230548.59456,1.7332948574264908e-11,3.21201567862366e-11,1.9324716734074516e-23
20,30,Zn,3d¹⁰4s²→3d¹⁰4s4p,lower,3,26,2.1082405182548446e-11,-6.4347036089819165e-12,0.5773502691896257,40648237904.401085,1.7332944155294445e-11,3.2120152337444665e-11,1.9324716462062314e-23
20,30,Zn,3d¹⁰4s²→3d¹⁰4s4p,lower,3,27,2.1082405182548443e-11,-6.434703608981915e-12,0.5773502691896257,40648250000.21686,1.723721979585788e-11,3.215249242239509e-11,1.9324736851512354e-23
20,30,Zn,3d¹⁰4s²→3d¹⁰4s4p,lower,3,28,7.518780803930955e-11,7.518780803930955e-11,-1.0,14880497231.703888,5.967689763270438e-11,7.517826863061793e-11,3.004517038647224e-23
20,30,Zn,3d¹⁰4s²→3d¹⁰4s4p,lower,3,29,5.966487834233449e-11,-5.966487834233449e-11,1.0,14880497231.703876,5.967689763270442e-11,7.517826863061796e-11,3.0045170386472454e-23
20,30,Zn,3d¹⁰4s²→3d¹⁰4s4p,lower,4,5,1.3651605145184097e-11,1.1822636858163776e-11,-0.49999999999999983,323092382670.5245,8.238680417034791e-13,1.3009561150532754e-11,1.9985207421784897e-23
20,30,Zn,3d¹⁰4s²→3d¹⁰4s4p,lower,4,6,1.3651639057585631e-11,1.1822656437489828e-11,-0.5000000000000004,172848647586.28403,2.1729400141735575e-12,1.3453493371076583e-11,1.6639952742800655e-23
20,30,Zn,3d¹⁰4s²→3d¹⁰4s4p,lower,4,7,1.5763515810885037e-11,1.5763515810885037e-11,-1.0,136697540791.3617,3.27741922546993e-12,1.5677161621909214e-11,2.1293318461060248e-23
20,30,Zn,3d¹⁰4s²→3d¹⁰4s4p,lower,4,8,7.881757905442519e-12,3.94087895272126e-12,0.49999999999999983,134022906179.98308,6.063298571728836e-12,9.64124285710632e-12,2.0520783279189183e-24
20,30,Zn,3d¹⁰4s²→3d¹⁰4s4p,lower,4,9,7.881777484841519e-12,3.94085937339521e-12,0.5000000000000004,117208511689.56517,7.019771704072421e-12,1.0394011094733127e-11,1.6057753452520604e-24
20,30,Zn,3d¹⁰4s²→3d¹⁰4s4p,lower,4,10,2.4745802359660837e-11,7.881757905442519e-12,0.0,42056224996.71628,1.616827763266051e-11,3.117785291325621e-11,1.4903264816680154e-23
20,30,Zn,3d¹⁰4s²→3d¹⁰4s4p,lower,4,11,2.4745802359660837e-11,7.881757905442519e-12,0.0,42056547288.43871,1.5839505560607646e-11,3.0924710688024936e-11,1.4903733312156225e-23
20,30,Zn,3d¹⁰4s²→3d¹⁰4s4p,lower,4,12,1.761415046499173e-11,-1.761415046499173e-11,1.0,40213037280.34914,1.7614150464991726e-11,3.336299724644983e-11,3.049531759910383e-23
20,30,Zn,3d¹⁰4s²→3d¹⁰4s4p,lower,4,13,3.021780979271485e-11,2.0629712090659644e-11,-0.49999999999999983,39091321686.595955,1.7949370319262088e-11,3.3308288149259933e-11,1.8702551720882045e-23
20,30,Zn,3d¹⁰4s²→3d¹⁰4s4p,lower,4,14,3.023116684057198e-11,2.063656772903005e-11,-0.5000000000000004,39070534148.11664,1.767638323367519e-11,3.303836642249534e-11,1.870343391641215e-23
20,30,Zn,3d¹⁰4s²→3d¹⁰4s4p,lower,4,15,3.337766627587677e-11,3.337766627587677e-11,-1.0,40213158855.417244,1.7724830321935202e-11,3.324584205755561e-11,3.049553946217637e-23
20,30,Zn,3d¹⁰4s²→3d¹⁰4s4p,lower,4,16,2.2609972887168106e-11,-4.8661962797746035e-12,0.49999999999999983,39091325793.81234,1.7867603175865685e-11,3.32788470667615e-11,1.870255768371619e-23
20,30,Zn,3d¹⁰4s²→3d¹⁰4s4p,lower,4,17,2.2623044797387268e-11,-4.873051918145017e-12,0.5000000000000004,39070540111.38996,1.7676383233675195e-11,3.3038366422495284e-11,1.8703445274515568e-23
20,30,Zn,3d¹⁰4s²→3d¹⁰4s4p,lower,4,18,1.8898590784565202e-11,-1.1755941807988298e-11,0.7986541716418109,41130663149.21814,1.675802099591814e-11,3.225206969078066e-11,2.4602732824179828e-23
20,30,Zn,3d¹⁰4s²→3d¹⁰4s4p,lower,4,19,2.254525715267972e-11,-2.1546374393551835e-12,0.408248290463863,40408932756.17102,1.7048650380736917e-11,3.2334210894741565e-11,1.7407480277182444e-23
20,30,Zn,3d¹⁰4s²→3d¹⁰4s4p,lower,4,20,2.9639146123740654e-11,2.1315503392200733e-11,-0.5463428522861039,40594598952.856766,1.731163780504866e-11,3.23497857703448e-11,1.9378137447326048e-23
20,30,Zn,3d¹⁰4s²→3d¹⁰4s4p,lower,4,21,3.091649856171306e-11,2.6222474690095958e-11,-0.7459067426872383,40996371644.7236,1.6974626218558045e-11,3.228757343873786e-11,2.3327413150769752e-23
20,30,Zn,3d¹⁰4s²→3d¹⁰4s4p,lower,4,22,2.5172109021313383e-11,5.783201205621346e-12,0.08534713286766836,40178322217.058,1.7337195536714914e-11,3.2427623247719167e-11,1.5065465079408228e-23
20,30,Zn,3d¹⁰4s²→3d¹⁰4s4p,lower,4,23,3.124540147744322e-11,2.7519457618873337e-11,-0.7986541716418109,41130577763.06027,1.6941719911556045e-11,3.2395126017785285e-11,2.4602596388282365e-23
20,30,Zn,3d¹⁰4s²→3d¹⁰4s4p,lower,4,24,2.871770139625522e-11,1.791815325024022e-11,-0.408248290463863,40408864150.76613,1.7459215586778403e-11,3.240102706351778e-11,1.7407368470906276e-23
20,30,Zn,3d¹⁰4s²→3d¹⁰4s4p,lower,4,25,2.1329624098530506e-11,-5.551987581315695e-12,0.5463428522861039,40594648286.969284,1.6938145767007676e-11,3.2153012190385306e-11,1.9378215611763828e-23
20,30,Zn,3d¹⁰4s²→3d¹⁰4s4p,lower,4,26,1.943197172910427e-11,-1.0458958879210919e-11,0.7459067426872383,40996317165.51315,1.6976912770254043e-11,3.2340520402177816e-11,2.3327323850211154e-23
20,30,Zn,3d¹⁰4s²→3d¹⁰4s4p,lower,4,27,2.6453663943133215e-11,9.980314605263694e-12,-0.08534713286766836,40178470062.52868,1.695724632241394e-11,3.234146083444518e-11,1.506571362873012e-23
20,30,Zn,3d¹⁰4s²→3d¹⁰4s4p,lower,4,28,6.788544662714179e-11,7.881757905442519e-12,0.0,14805811580.538876,5.984633528556953e-11,7.506852789565133e-11,1.5454307851786826e-23
20,30,Zn,3d¹⁰4s²→3d¹⁰4s4p,lower,4,29,6.788544662714179e-11,7.881757905442519e-12,0.0,14805811600.280445,5.984633528556971e-11,7.506852789565154e-11,1.545430865557904e-23
20,30,Zn,3d¹⁰4s²→3d¹⁰4s4p,lower,5,6,1.3651639057585628e-11,1.1822656437489822e-11,-0.4999999999999997,154528503356.19672,2.955488036416673e-12,1.3601828006331165e-11,1.5714643876851632e-23
20,30,Zn,3d¹⁰4s²→3d¹⁰4s4p,lower,5,7,7.881757905442519e-12,3.940878952721259e-12,0.49999999999999983,188133061516.45258,3.740085694855762e-12,8.377243894302939e-12,3.555687067218573e-24
20,30,Zn,3d¹⁰4s²→3d¹⁰4s4p,lower,5,8,1.5763515810885037e-11,1.5763515810885037e-11,-0.9999999999999999,136697540791.33752,3.277419225471985e-12,1.5677161621909433e-11,2.1293318461057973e-23
20,30,Zn,3d¹⁰4s²→3d¹⁰4s4p,lower,5,9,7.881777484841524e-12,3.940859373395214e-12,0.4999999999999997,134164355175.89688,5.6134099487221485e-12,9.500981165782611e-12,2.065311641284955e-24
20,30,Zn,3d¹⁰4s²→3d¹⁰4s4p,lower,5,10,2.4745802359660837e-11,7.881757905442519e-12,0.0,42056195133.808426,1.6382055356662683e-11,3.1206081657943745e-11,1.490322255503999e-23
20,30,Zn,3d¹⁰4s²→3d¹⁰4s4p,lower,5,11,2.4745802359660837e-11,7.881757905442519e-12,0.0,42056517418.01201,1.5894997847315632e-11,3.1037014470467e-11,1.490369104535841e-23
20,30,Zn,3d¹⁰4s²→3d¹⁰4s4p,lower,5,12,3.021780979271484e-11,2.0629712090659637e-11,-0.49999999999999983,39091302640.53558,1.8267351508059865e-11,3.335200911671441e-11,1.8702517888001454e-23
20,30,Zn,3d¹⁰4s²→3d¹⁰4s4p,lower,5,13,1.7614150464991735e-11,-1.7614150464991735e-11,0.9999999999999999,40213037280.34915,1.7614150464991735e-11,3.3362997246449765e-11,3.0495317599103884e-23
20,30,Zn,3d¹⁰4s²→3d¹⁰4s4p,lower,5,14,3.023116684057198e-11,2.0636567729030038e-11,-0.4999999999999997,39070518362.43957,1.771782884507409e-11,3.316175968641501e-11,1.8703405472021014e-23
20,30,Zn,3d¹⁰4s²→3d¹⁰4s4p,lower,5,15,2.2609972887168103e-11,-4.866196279774602e-12,0.49999999999999983,39091325793.8123,1.7867603175865624e-11,3.32788470667616e-11,1.8702557683716227e-23
20,30,Zn,3d¹⁰4s²→3d¹⁰4s4p,lower,5,16,3.337766627587677e-11,3.337766627587677e-11,-0.9999999999999999,40213158855.41722,1.7724830321935765e-11,3.324584205755588e-11,3.049553946217653e-23
20,30,Zn,3d¹⁰4s²→3d¹⁰4s4p,lower,5,17,2.2623044797387274e-11,-4.873051918145001e-12,0.4999999999999997,39070534104.32841,1.771782884507412e-11,3.316175968641498e-11,1.8703435258680795e-23
20,30,Zn,3d¹⁰4s²→3d¹⁰4s4p,lower,5,18,2.9639146123740654e-11,2.131550339220073e-11,-0.5463428522861037,40594628235.77707,1.7259531775155215e-11,3.23208276771325e-11,1.9378185263834068e-23
20,30,Zn,3d¹⁰4s²→3d¹⁰4s4p,lower,5,19,2.2545257152679716e-11,-2.1546374393551867e-12,0.40824829046386313,40408984488.012596,1.6920524291295824e-11,3.225773204257083e-11,1.7407565000218233e-23
20,30,Zn,3d¹⁰4s²→3d¹⁰4s4p,lower,5,20,1.8898590784565202e-11,-1.1755941807988298e-11,0.7986541716418107,41130651245.75857,1.685193334371124e-11,3.234826075026994e-11,2.460271616577111e-23
20,30,Zn,3d¹⁰4s²→3d¹⁰4s4p,lower,5,21,2.5172109021313386e-11,5.7832012056213455e-12,0.08534713286766828,40178534130.58964,1.6844526563245447e-11,3.2253342646742344e-11,1.5065820161650674e-23
20,30,Zn,3d¹⁰4s²→3d¹⁰4s4p,lower,5,22,3.091649856171305e-11,2.622247469009595e-11,-0.7459067426872384,40996191777.05104,1.719020578072388e-11,3.234052040217765e-11,2.332711372466977e-23
20,30,Zn,3d¹⁰4s²→3d¹⁰4s4p,lower,5,23,2.1329624098530506e-11,-5.551987581315693e-12,0.5463428522861037,40594617227.65517,1.6992020995091398e-11,3.2177398214704036e-11,1.9378164190985628e-23
20,30,Zn,3d¹⁰4s²→3d¹⁰4s4p,lower,5,24,2.8717701396255224e-11,1.7918153250240225e-11,-0.40824829046386313,40408867278.709694,1.7297284059184983e-11,3.2391216787559826e-11,1.740737280999927e-23
20,30,Zn,3d¹⁰4s²→3d¹⁰4s4p,lower,5,25,3.1245401477443224e-11,2.7519457618873334e-11,-0.7986541716418107,41130479725.39702,1.7124130570340555e-11,3.2443806487978995e-11,2.4602433225625203e-23
20,30,Zn,3d¹⁰4s²→3d¹⁰4s4p,lower,5,26,2.6453663943133215e-11,9.98031460526369e-12,-0.08534713286766828,40178506110.13872,1.6844526563245502e-11,3.225334264674244e-11,1.506577154534657e-23
20,30,Zn,3d¹⁰4s²→3d¹⁰4s4p,lower,5,27,1.9431971729104268e-11,-1.0458958879210919e-11,0.7459067426872384,40996317118.571014,1.6974626218558568e-11,3.234347336934479e-11,2.3327323510959805e-23
20,30,Zn,3d¹⁰4s²→3d¹⁰4s4p,lower,5,28,6.788544662714179e-11,7.881757905442519e-12,0.0,14805811596.56058,5.97512245602635e-11,7.514425387933517e-11,1.5454308501588645e-23
20,30,Zn,3d¹⁰4s²→3d¹⁰4s4p,lower,5,29,6.788544662714179e-11,7.881757905442519e-12,0.0,14805811588.875477,5.978694960479228e-11,7.511583311451102e-11,1.5454308189708332e-23
20,30,Zn,3d¹⁰4s²→3d¹⁰4s4p,lower,6,7,7.881777484841519e-12,3.94091811137335e-12,0.5000000000000004,235994302908.57495,2.172940014175978e-12,7.967429959864338e-12,4.6855358622469054e-24
20,30,Zn,3d¹⁰4s²→3d¹⁰4s4p,lower,6,8,7.881777484841524e-12,3.940918111373356e-12,0.4999999999999997,192430635328.8811,2.955488036419772e-12,8.215423384924208e-12,3.699782487275873e-24
20,30,Zn,3d¹⁰4s²→3d¹⁰4s4p,lower,6,9,1.5763594128189226e-11,1.5763594128189226e-11,-1.0,1.1288090234271965e+17,1.7717799876695303e-18,1.4992068915847685e-11,3.00958595685233e-23
20,30,Zn,3d¹⁰4s²→3d¹⁰4s4p,lower,6,10,2.474581483206727e-11,7.881797064094613e-12,0.0,42056261398.827095,1.6145767960675482e-11,3.133524093261754e-11,1.4903455651077372e-23
20,30,Zn,3d¹⁰4s²→3d¹⁰4s4p,lower,6,11,2.474581483206727e-11,7.881797064094613e-12,0.0,42056587284.30498,1.564013268629841e-11,3.116310173342826e-11,1.490392450668684e-23
20,30,Zn,3d¹⁰4s²→3d¹⁰4s4p,lower,6,12,3.021783652635747e-11,2.0629751249311748e-11,-0.5000000000000004,39091346826.49569,1.8062636173521626e-11,3.31109472417647e-11,1.8702780853551385e-23
20,30,Zn,3d¹⁰4s²→3d¹⁰4s4p,lower,6,13,3.021783652635747e-11,2.0629751249311735e-11,-0.4999999999999997,39091339098.980385,1.8026410251960646e-11,3.3148115613179845e-11,1.870276676792373e-23
20,30,Zn,3d¹⁰4s²→3d¹⁰4s4p,lower,6,14,1.762782258308044e-11,-1.762782258308044e-11,1.0,40190306791.24134,1.762782258308044e-11,3.3376745764988786e-11,3.0496233081161226e-23
20,30,Zn,3d¹⁰4s²→3d¹⁰4s4p,lower,6,15,2.260996445934039e-11,-4.866157121122521e-12,0.5000000000000004,39091321006.983154,1.8062636173521386e-11,3.315684952787732e-11,1.8702733218124296e-23
20,30,Zn,3d¹⁰4s²→3d¹⁰4s4p,lower,6,16,2.2609964459340398e-11,-4.866157121122508e-12,0.4999999999999997,39091299461.9008,1.815065497592672e-11,3.314811561318018e-11,1.8702693019819718e-23
20,30,Zn,3d¹⁰4s²→3d¹⁰4s4p,lower,6,17,3.3391416711269665e-11,3.3391416711269665e-11,-1.0,40189990199.88887,1.806426592246497e-11,3.337674576498868e-11,3.049565436772618e-23
20,30,Zn,3d¹⁰4s²→3d¹⁰4s4p,lower,6,18,2.7649831053068443e-11,1.4085751290767225e-11,-0.25231131935570733,40256131211.53963,1.7386404791137425e-11,3.2160954983313903e-11,1.5889201792531118e-23
20,30,Zn,3d¹⁰4s²→3d¹⁰4s4p,lower,6,19,3.135151415024336e-11,2.795458775369002e-11,-0.816496580927726,41186934021.08389,1.6702250387504197e-11,3.210389328074556e-11,2.505750871721051e-23
20,30,Zn,3d¹⁰4s²→3d¹⁰4s4p,lower,6,20,2.7649831053068437e-11,1.4085751290767205e-11,-0.2523113193557066,40256131211.539604,1.7386404791137933e-11,3.216095498331417e-11,1.5889201792531033e-23
20,30,Zn,3d¹⁰4s²→3d¹⁰4s4p,lower,6,21,2.0265278242248492e-11,-8.360363020737654e-12,0.6605596098195701,40805151591.211716,1.6722539138566282e-11,3.2138624615386205e-11,2.147327078589333e-23
20,30,Zn,3d¹⁰4s²→3d¹⁰4s4p,lower,6,22,2.026527824224849e-11,-8.360363020737641e-12,0.6605596098195698,40805073508.34617,1.733613137316152e-11,3.2462121432761645e-11,2.1473153834709027e-23
20,30,Zn,3d¹⁰4s²→3d¹⁰4s4p,lower,6,23,2.385204235332827e-11,1.677842837422002e-12,0.25231131935570733,40256071682.47597,1.766240253501216e-11,3.221369380447835e-11,1.5889101760696163e-23
20,30,Zn,3d¹⁰4s²→3d¹⁰4s4p,lower,6,24,1.871039252958513e-11,-1.2190993625500793e-11,0.816496580927726,41186739763.77675,1.6702250387504197e-11,3.2103893280745516e-11,2.5057178481328435e-23
20,30,Zn,3d¹⁰4s²→3d¹⁰4s4p,lower,6,25,2.3852042353328276e-11,1.677842837422019e-12,0.2523113193557066,40256071682.47598,1.766240253501149e-11,3.221369380447805e-11,1.5889101760696213e-23
20,30,Zn,3d¹⁰4s²→3d¹⁰4s4p,lower,6,26,3.0376819137633433e-11,2.412395714892688e-11,-0.6605596098195701,40805023344.773895,1.722232550747868e-11,3.2455279250066644e-11,2.1473066238496838e-23
20,30,Zn,3d¹⁰4s²→3d¹⁰4s4p,lower,6,27,3.037681913763343e-11,2.412395714892687e-11,-0.6605596098195698,40805201751.3977,1.6735814648723623e-11,3.219975383866587e-11,2.1473358379356902e-23
20,30,Zn,3d¹⁰4s²→3d¹⁰4s4p,lower,6,28,6.7885451173621e-11,7.881797064094613e-12,0.0,14805811334.120218,5.973926250394184e-11,7.515377221122897e-11,1.545446075042404e-23
20,30,Zn,3d¹⁰4s²→3d¹⁰4s4p,lower,6,29,6.7885451173621e-11,7.881797064094613e-12,0.0,14805811308.565935,6.013442533073138e-11,7.483795729597952e-11,1.545445971712575e-23
20,30,Zn,3d¹⁰4s²→3d¹⁰4s4p,lower,7,8,1.3651605145184097e-11,1.1822636858163776e-11,-0.49999999999999983,323092382670.5752,8.238680417032563e-13,1.3009561150532376e-11,1.9985207421785509e-23
20,30,Zn,3d¹⁰4s²→3d¹⁰4s4p,lower,7,9,1.3651639057585631e-11,1.1822656437489828e-11,-0.5000000000000004,172848647586.27405,2.1729400141732897e-12,1.3453493371076709e-11,1.663995274280023e-23
20,30,Zn,3d¹⁰4s²→3d¹⁰4s4p,lower,7,10,2.4745802359660837e-11,7.881757905442519e-12,0.0,42056570397.096176,1.5839505560607814e-11,3.092471068802486e-11,1.4903767478882445e-23
20,30,Zn,3d¹⁰4s²→3d¹⁰4s4p,lower,7,11,2.4745802359660837e-11,7.881757905442519e-12,0.0,42056285491.48872,1.616827763266095e-11,3.1177852913255964e-11,1.4903354263152484e-23
20,30,Zn,3d¹⁰4s²→3d¹⁰4s4p,lower,7,12,3.337766627587677e-11,3.337766627587677e-11,-1.0,40213158855.417244,1.7724830321935558e-11,3.324584205755571e-11,3.0495539462176335e-23
20,30,Zn,3d¹⁰4s²→3d¹⁰4s4p,lower,7,13,2.2609972887168106e-11,-4.8661962797746035e-12,0.49999999999999983,39091325793.81232,1.7867603175865715e-11,3.327884706676157e-11,1.8702557683716153e-23
20,30,Zn,3d¹⁰4s²→3d¹⁰4s4p,lower,7,14,2.2623044797387268e-11,-4.873051918145017e-12,0.5000000000000004,39070540111.38992,1.767638323367509e-11,3.303836642249521e-11,1.8703445274515544e-23
20,30,Zn,3d¹⁰4s²→3d¹⁰4s4p,lower,7,15,1.761415046499173e-11,-1.761415046499173e-11,1.0,40213037280.34911,1.7614150464991726e-11,3.336299724644973e-11,3.049531759910386e-23
20,30,Zn,3d¹⁰4s²→3d¹⁰4s4p,lower,7,16,3.021780979271485e-11,2.0629712090659644e-11,-0.49999999999999983,39091302640.53564,1.8267351508059794e-11,3.335200911671434e-11,1.8702517888001657e-23
20,30,Zn,3d¹⁰4s²→3d¹⁰4s4p,lower,7,17,3.023116684057198e-11,2.063656772903005e-11,-0.5000000000000004,39070491615.41881,1.7813814747710795e-11,3.325637250147759e-11,1.8703357439641967e-23
20,30,Zn,3d¹⁰4s²→3d¹⁰4s4p,lower,7,18,3.1245401477443224e-11,2.751945761887334e-11,-0.7986541716418109,41130808552.1662,1.6752979140867877e-11,3.2168393079605045e-11,2.4602980767892062e-23
20,30,Zn,3d¹⁰4s²→3d¹⁰4s4p,lower,7,19,2.871770139625522e-11,1.791815325024022e-11,-0.408248290463863,40408984089.25147,1.676808515757394e-11,3.227121198167041e-11,1.7407557380520543e-23
20,30,Zn,3d¹⁰4s²→3d¹⁰4s4p,lower,7,20,2.1329624098530506e-11,-5.551987581315695e-12,0.5463428522861039,40594610284.11375,1.698702586773864e-11,3.241900636274122e-11,1.9378153085617803e-23
20,30,Zn,3d¹⁰4s²→3d¹⁰4s4p,lower,7,21,1.943197172910427e-11,-1.0458958879210919e-11,0.7459067426872383,40996332807.34729,1.6814506059499607e-11,3.229784389629978e-11,2.33273462675851e-23
20,30,Zn,3d¹⁰4s²→3d¹⁰4s4p,lower,7,22,2.645366394313321e-11,9.980314605263691e-12,-0.08534713286766836,40178343619.86081,1.737336713021963e-11,3.244288874083576e-11,1.5065501527311583e-23
20,30,Zn,3d¹⁰4s²→3d¹⁰4s4p,lower,7,23,1.88985907845652e-11,-1.1755941807988296e-11,0.7986541716418109,41130638294.04711,1.6928770572400735e-11,3.2366124707468616e-11,2.4602699972681553e-23
20,30,Zn,3d¹⁰4s²→3d¹⁰4s4p,lower,7,24,2.254525715267972e-11,-2.1546374393551835e-12,0.408248290463863,40408890513.96224,1.7033633602638346e-11,3.242241684047113e-11,1.7407407106648548e-23
20,30,Zn,3d¹⁰4s²→3d¹⁰4s4p,lower,7,25,2.9639146123740654e-11,2.1315503392200733e-11,-0.5463428522861039,40594560031.81059,1.7355262968067424e-11,3.246832865863857e-11,1.937807212455489e-23
20,30,Zn,3d¹⁰4s²→3d¹⁰4s4p,lower,7,26,3.091649856171306e-11,2.6222474690095958e-11,-0.7459067426872383,40996364101.562996,1.6814506059499584e-11,3.229784389629973e-11,2.3327399502320098e-23
20,30,Zn,3d¹⁰4s²→3d¹⁰4s4p,lower,7,27,2.517210902131339e-11,5.7832012056213455e-12,0.08534713286766836,40178555916.24885,1.6801914876392724e-11,3.224078527050162e-11,1.5065855290586226e-23
20,30,Zn,3d¹⁰4s²→3d¹⁰4s4p,lower,7,28,6.788544662714179e-11,7.881757905442519e-12,0.0,14805811577.327225,6.016367772224117e-11,7.481443450609881e-11,1.5454307725706787e-23
20,30,Zn,3d¹⁰4s²→3d¹⁰4s4p,lower,7,29,6.788544662714179e-11,7.881757905442519e-12,0.0,14805811580.538872,5.98463352855699e-11,7.506852789565142e-11,1.5454307851786797e-23
20,30,Zn,3d¹⁰4s²→3d¹⁰4s4p,lower,8,9,1.3651639057585628e-11,1.1822656437489822e-11,-0.4999999999999997,154528503356.1938,2.95548803641578e-12,1.3601828006331205e-11,1.5714643876851438e-23
20,30,Zn,3d¹⁰4s²→3d¹⁰4s4p,lower,8,10,2.4745802359660837e-11,7.881757905442519e-12,0.0,42056570397.09614,1.5839505560608214e-11,3.092471068802469e-11,1.4903767478882395e-23
20,30,Zn,3d¹⁰4s²→3d¹⁰4s4p,lower,8,11,2.4745802359660837e-11,7.881757905442519e-12,0.0,42056333814.44764,1.6005137218288022e-11,3.112145644841449e-11,1.4903422646501314e-23
20,30,Zn,3d¹⁰4s²→3d¹⁰4s4p,lower,8,12,2.2609972887168103e-11,-4.866196279774602e-12,0.49999999999999983,39091325793.81229,1.78676031758657e-11,3.3278847066761625e-11,1.8702557683716162e-23
20,30,Zn,3d¹⁰4s²→3d¹⁰4s4p,lower,8,13,3.337766627587677e-11,3.337766627587677e-11,-0.9999999999999999,40213158855.417175,1.7724830321935823e-11,3.324584205755594e-11,3.0495539462176505e-23
20,30,Zn,3d¹⁰4s²→3d¹⁰4s4p,lower,8,14,2.2623044797387274e-11,-4.873051918145001e-12,0.4999999999999997,39070534104.3284,1.771782884507411e-11,3.3161759686415e-11,1.8703435258680766e-23
20,30,Zn,3d¹⁰4s²→3d¹⁰4s4p,lower,8,15,3.021780979271484e-11,2.0629712090659637e-11,-0.49999999999999983,39091321686.59596,1.794937031926179e-11,3.3308288149259914e-11,1.8702551720882218e-23
20,30,Zn,3d¹⁰4s²→3d¹⁰4s4p,lower,8,16,1.7614150464991735e-11,-1.7614150464991735e-11,0.9999999999999999,40213037280.34911,1.7614150464991735e-11,3.33629972464498e-11,3.049531759910386e-23
20,30,Zn,3d¹⁰4s²→3d¹⁰4s4p,lower,8,17,3.023116684057198e-11,2.0636567729030038e-11,-0.4999999999999997,39070532941.60563,1.7690063265734108e-11,3.310313549655402e-11,1.8703431906907727e-23
20,30,Zn,3d¹⁰4s²→3d¹⁰4s4p,lower,8,18,2.1329624098530512e-11,-5.551987581315695e-12,0.5463428522861037,40594581437.83166,1.7186609928696988e-11,3.245819526993852e-11,1.9378107841809532e-23
20,30,Zn,3d¹⁰4s²→3d¹⁰4s4p,lower,8,19,2.8717701396255224e-11,1.7918153250240225e-11,-0.40824829046386313,40409007875.97049,1.6717892829348468e-11,3.21525425947658e-11,1.7407595074333817e-23
20,30,Zn,3d¹⁰4s²→3d¹⁰4s4p,lower,8,20,3.1245401477443224e-11,2.7519457618873334e-11,-0.7986541716418107,41130842863.175606,1.674867509320552e-11,3.2148542134761156e-11,2.4603038013881004e-23
20,30,Zn,3d¹⁰4s²→3d¹⁰4s4p,lower,8,21,2.6453663943133215e-11,9.98031460526369e-12,-0.08534713286766828,40178531551.10562,1.6801914876392572e-11,3.2240785270501693e-11,1.5065812817606304e-23
20,30,Zn,3d¹⁰4s²→3d¹⁰4s4p,lower,8,22,1.9431971729104264e-11,-1.0458958879210914e-11,0.7459067426872384,40996296636.80436,1.7244369462290234e-11,3.244920601075546e-11,2.3327292751006245e-23
20,30,Zn,3d¹⁰4s²→3d¹⁰4s4p,lower,8,23,2.963914612374065e-11,2.1315503392200727e-11,-0.5463428522861037,40594573084.85968,1.7186609928696836e-11,3.245819526993851e-11,1.9378093204628208e-23
20,30,Zn,3d¹⁰4s²→3d¹⁰4s4p,lower,8,24,2.2545257152679716e-11,-2.1546374393551867e-12,0.40824829046386313,40408846437.97112,1.724517898510534e-11,3.2454619400850044e-11,1.7407334884717187e-23
20,30,Zn,3d¹⁰4s²→3d¹⁰4s4p,lower,8,25,1.8898590784565202e-11,-1.1755941807988298e-11,0.7986541716418107,41130627300.62719,1.7097695664576102e-11,3.2421850742618305e-11,2.4602684606130026e-23
20,30,Zn,3d¹⁰4s²→3d¹⁰4s4p,lower,8,26,2.5172109021313386e-11,5.7832012056213455e-12,0.08534713286766828,40178324115.09637,1.7373367130219547e-11,3.2442888740835816e-11,1.506546728329058e-23
20,30,Zn,3d¹⁰4s²→3d¹⁰4s4p,lower,8,27,3.091649856171306e-11,2.6222474690095958e-11,-0.7459067426872384,40996372792.117966,1.6882744205307115e-11,3.2350979382986336e-11,2.332741462423425e-23
20,30,Zn,3d¹⁰4s²→3d¹⁰4s4p,lower,8,28,6.788544662714179e-11,7.881757905442519e-12,0.0,14805811585.517044,6.00350667646779e-11,7.491767806128068e-11,1.5454308057866238e-23
20,30,Zn,3d¹⁰4s²→3d¹⁰4s4p,lower,8,29,6.788544662714179e-11,7.881757905442519e-12,0.0,14805811593.636045,5.992914879839334e-11,7.500243230611304e-11,1.545430838678103e-23
20,30,Zn,3d¹⁰4s²→3d¹⁰4s4p,lower,9,10,2.474581483206727e-11,7.881797064094613e-12,0.0,42056664225.325264,1.5582470250275835e-11,3.104875006124958e-11,1.4904035195249973e-23
20,30,Zn,3d¹⁰4s²→3d¹⁰4s4p,lower,9,11,2.474581483206727e-11,7.881797064094613e-12,0.0,42056462799.12458,1.5754546071067233e-11,3.124907969045713e-11,1.4903745414304968e-23
20,30,Zn,3d¹⁰4s²→3d¹⁰4s4p,lower,9,12,2.260996445934039e-11,-4.866157121122521e-12,0.5000000000000004,39091321006.98312,1.806263617352093e-11,3.3156849527877336e-11,1.8702733218124264e-23
20,30,Zn,3d¹⁰4s²→3d¹⁰4s4p,lower,9,13,2.2609964459340398e-11,-4.866157121122508e-12,0.4999999999999997,39091299461.90076,1.815065497592677e-11,3.3148115613180174e-11,1.8702693019819686e-23
20,30,Zn,3d¹⁰4s²→3d¹⁰4s4p,lower,9,14,3.3391416711269665e-11,3.3391416711269665e-11,-1.0,40189990199.88887,1.8064265922464966e-11,3.33767457649887e-11,3.0495654367726163e-23
20,30,Zn,3d¹⁰4s²→3d¹⁰4s4p,lower,9,15,3.021783652635747e-11,2.0629751249311748e-11,-0.5000000000000004,39091329545.60427,1.804246569850041e-11,3.315684952787768e-11,1.8702749355646424e-23
20,30,Zn,3d¹⁰4s²→3d¹⁰4s4p,lower,9,16,3.021783652635747e-11,2.0629751249311735e-11,-0.4999999999999997,39091349777.83031,1.815065497592637e-11,3.30454300088475e-11,1.8702786233499072e-23
20,30,Zn,3d¹⁰4s²→3d¹⁰4s4p,lower,9,17,1.762782258308044e-11,-1.762782258308044e-11,1.0,40190306791.24134,1.7627822583080436e-11,3.3376745764988786e-11,3.0496233081161214e-23
20,30,Zn,3d¹⁰4s²→3d¹⁰4s4p,lower,9,18,2.3852042353328276e-11,1.6778428374220011e-12,0.25231131935570733,40256179719.84719,1.7363080675130876e-11,3.2173537265258815e-11,1.5889283368924718e-23
20,30,Zn,3d¹⁰4s²→3d¹⁰4s4p,lower,9,19,1.871039252958513e-11,-1.2190993625500793e-11,0.816496580927726,41186696698.925026,1.7145773155652275e-11,3.24513027371465e-11,2.5057119434471488e-23
20,30,Zn,3d¹⁰4s²→3d¹⁰4s4p,lower,9,20,2.3852042353328276e-11,1.677842837422019e-12,0.2523113193557066,40256071682.47602,1.7662402535011904e-11,3.221369380447858e-11,1.588910176069624e-23
20,30,Zn,3d¹⁰4s²→3d¹⁰4s4p,lower,9,21,3.0376819137633433e-11,2.412395714892688e-11,-0.6605596098195701,40805147214.753654,1.680521601962033e-11,3.2308581211639605e-11,2.147326869734339e-23
20,30,Zn,3d¹⁰4s²→3d¹⁰4s4p,lower,9,22,3.037681913763343e-11,2.4123957148926867e-11,-0.6605596098195698,40805200784.35212,1.6765587353378262e-11,3.2260895910264514e-11,2.1473357412868404e-23
20,30,Zn,3d¹⁰4s²→3d¹⁰4s4p,lower,9,23,2.764983105306844e-11,1.4085751290767225e-11,-0.25231131935570733,40256199370.44469,1.7207585435075508e-11,3.216426536764864e-11,1.5889316002678645e-23
20,30,Zn,3d¹⁰4s²→3d¹⁰4s4p,lower,9,24,3.135151415024336e-11,2.795458775369002e-11,-0.816496580927726,41186539542.056885,1.714577315565195e-11,3.245130273714644e-11,2.50568522684361e-23
20,30,Zn,3d¹⁰4s²→3d¹⁰4s4p,lower,9,25,2.7649831053068437e-11,1.4085751290767205e-11,-0.2523113193557066,40256131211.53963,1.738640479113732e-11,3.2160954983313955e-11,1.5889201792530986e-23
20,30,Zn,3d¹⁰4s²→3d¹⁰4s4p,lower,9,26,2.0265278242248492e-11,-8.360363020737654e-12,0.6605596098195701,40805087509.88969,1.7107519931986314e-11,3.2439909430398945e-11,2.1473175672904192e-23
20,30,Zn,3d¹⁰4s²→3d¹⁰4s4p,lower,9,27,2.0265278242248495e-11,-8.360363020737644e-12,0.6605596098195698,40805089884.52701,1.701729188934383e-11,3.2419397861313345e-11,2.1473176967160227e-23
20,30,Zn,3d¹⁰4s²→3d¹⁰4s4p,lower,9,28,6.7885451173621e-11,7.881797064094613e-12,0.0,14805811322.552265,5.984788870597143e-11,7.506729767035592e-11,1.545446028266865e-23
20,30,Zn,3d¹⁰4s²→3d¹⁰4s4p,lower,9,29,6.7885451173621e-11,7.881797064094613e-12,0.0,14805811363.899927,5.955677640373217e-11,7.529846842059946e-11,1.545446195458043e-23
20,30,Zn,3d¹⁰4s²→3d¹⁰4s4p,lower,10,11,4.6914075787268375e-11,4.6914075787268375e-11,-1.0,1.254236808125868e+16,1.7717799876695303e-18,4.68854969998747e-11,2.091862126809426e-22
20,30,Zn,3d¹⁰4s²→3d¹⁰4s4p,lower,10,12,3.464497034746847e-11,2.3457037893634188e-11,0.0,26156263200.009857,3.0888667216042266e-11,4.636268001091482e-11,2.9741374213050483e-23
20,30,Zn,3d¹⁰4s²→3d¹⁰4s4p,lower,10,13,3.4644970347468476e-11,2.3457037893634188e-11,0.0,72197647160.15048,2.792407719324988e-12,3.46869698342479e-11,1.0730371610769943e-22
20,30,Zn,3d¹⁰4s²→3d¹⁰4s4p,lower,10,14,3.4655061986482285e-11,2.3457037893634188e-11,0.0,25310513396.204563,3.236727992106977e-11,4.736741501205726e-11,2.797282863139641e-23
20,30,Zn,3d¹⁰4s²→3d¹⁰4s4p,lower,10,15,3.464497034746847e-11,2.3457037893634188e-11,0.0,30428826829.23165,2.4547500945542665e-11,4.240245438748222e-11,3.936288427558662e-23
20,30,Zn,3d¹⁰4s²→3d¹⁰4s4p,lower,10,16,3.4644970347468476e-11,2.3457037893634188e-11,0.0,25317779320.088444,3.23577482829006e-11,4.735411502024554e-11,2.7958762445248245e-23
20,30,Zn,3d¹⁰4s²→3d¹⁰4s4p,lower,10,17,3.4655061986482285e-11,2.3457037893634188e-11,0.0,72111344436.45992,2.802783925157801e-12,3.4697071824099154e-11,1.0732852337672027e-22
20,30,Zn,3d¹⁰4s²→3d¹⁰4s4p,lower,10,18,2.2109414260837802e-11,9.260866861926067e-12,0.5773502691896257,36378649752.764435,2.3262927933913522e-11,3.2068876382227136e-11,9.658872767708905e-24
20,30,Zn,3d¹⁰4s²→3d¹⁰4s4p,lower,10,19,2.2107195408895528e-11,9.263431479683081e-12,0.5773502691896257,73056784068.12663,6.77776156506938e-12,2.308893769602542e-11,3.134345998077606e-23
20,30,Zn,3d¹⁰4s²→3d¹⁰4s4p,lower,10,20,2.2109414260837802e-11,9.260866861926069e-12,0.5773502691896257,27448811680.254925,3.317159069876422e-11,3.9844741759063444e-11,5.5644620223615405e-24
20,30,Zn,3d¹⁰4s²→3d¹⁰4s4p,lower,10,21,2.2109412033326236e-11,9.260869436164745e-12,0.5773502691896257,22093013911.88194,4.2614446071806596e-11,4.7992082076239674e-11,3.6169000719963435e-24
20,30,Zn,3d¹⁰4s²→3d¹⁰4s4p,lower,10,22,2.2109412033326233e-11,9.26086943616475e-12,0.5773502691896257,29678745177.154736,3.0186118653432795e-11,3.739586457570889e-11,6.491643148792795e-24
20,30,Zn,3d¹⁰4s²→3d¹⁰4s4p,lower,10,23,4.2671145828281844e-11,3.765320892534231e-11,-0.5773502691896257,29586766145.687332,2.2091740406682606e-11,4.8025858443031074e-11,8.197629983734739e-23
20,30,Zn,3d¹⁰4s²→3d¹⁰4s4p,lower,10,24,4.266717641049865e-11,3.765064430758529e-11,-0.5773502691896257,33522353549.54866,1.7211255937197904e-11,4.598191932609128e-11,9.944267316071011e-23
20,30,Zn,3d¹⁰4s²→3d¹⁰4s4p,lower,10,25,4.2671145828281844e-11,3.765320892534231e-11,-0.5773502691896257,57366304960.77636,3.710187632865928e-12,4.2804247187222877e-11,1.620959399944758e-22
20,30,Zn,3d¹⁰4s²→3d¹⁰4s4p,lower,10,26,4.267114184392646e-11,3.765320635110363e-11,-0.5773502691896257,39045883593.35672,1.2101898558697645e-11,4.4327121539475424e-11,1.21581509008359e-22
20,30,Zn,3d¹⁰4s²→3d¹⁰4s4p,lower,10,27,4.267114184392646e-11,3.765320635110363e-11,-0.5773502691896257,30108971173.972145,2.1371030046187878e-11,4.769862346531056e-11,8.433837482064521e-23
20,30,Zn,3d¹⁰4s²→3d¹⁰4s4p,lower,10,28,4.396930529718783e-11,-4.396930529718783e-11,1.0,15313122651.237377,4.3969305297187826e-11,9.088338108445621e-11,2.687417951945158e-22
20,30,Zn,3d¹⁰4s²→3d¹⁰4s4p,lower,10,29,9.088338108445621e-11,9.088338108445621e-11,-1.0,15313122651.237373,4.3969305297187826e-11,9.088338108445621e-11,2.6874179519451556e-22
20,30,Zn,3d¹⁰4s²→3d¹⁰4s4p,lower,11,12,3.464497034746847e-11,2.3457037893634188e-11,0.0,58168133881.33398,5.813121346881591e-12,3.505967363231798e-11,9.577107340057532e-23
20,30,Zn,3d¹⁰4s²→3d¹⁰4s4p,lower,11,13,3.4644970347468476e-11,2.3457037893634188e-11,0.0,26156263200.009827,3.088866721604228e-11,4.636268001091497e-11,2.974137421305053e-23
20,30,Zn,3d¹⁰4s²→3d¹⁰4s4p,lower,11,14,3.4655061986482285e-11,2.3457037893634188e-11,0.0,26148720829.082695,3.0897843456530473e-11,4.637572560833804e-11,2.97562671372596e-23
20,30,Zn,3d¹⁰4s²→3d¹⁰4s4p,lower,11,15,3.464497034746847e-11,2.3457037893634188e-11,0.0,24319509679.704746,3.422524251994841e-11,4.8649312029671775e-11,2.5890581558676095e-23
20,30,Zn,3d¹⁰4s²→3d¹⁰4s4p,lower,11,16,3.4644970347468476e-11,2.3457037893634188e-11,0.0,30428826829.23148,2.4547500945542694e-11,4.240245438748245e-11,3.93628842755861e-23
20,30,Zn,3d¹⁰4s²→3d¹⁰4s4p,lower,11,17,3.4655061986482285e-11,2.3457037893634188e-11,0.0,58137357325.40928,5.819314070151887e-12,3.506986757435284e-11,9.58039298335702e-23
20,30,Zn,3d¹⁰4s²→3d¹⁰4s4p,lower,11,18,4.2671145828281844e-11,3.765320892534231e-11,-0.5773502691896257,39045879527.894875,1.2101900063206414e-11,4.432712566965798e-11,1.2158152914912683e-22
20,30,Zn,3d¹⁰4s²→3d¹⁰4s4p,lower,11,19,4.266717641049865e-11,3.765064430758529e-11,-0.5773502691896257,69528098990.1788,1.7774792548050164e-12,4.267632840904526e-11,1.6945428331822118e-22
20,30,Zn,3d¹⁰4s²→3d¹⁰4s4p,lower,11,20,4.2671145828281844e-11,3.765320892534231e-11,-0.5773502691896257,41837218661.497475,1.011539524966488e-11,4.382646809920641e-11,1.3109403954325643e-22
20,30,Zn,3d¹⁰4s²→3d¹⁰4s4p,lower,11,21,4.267114184392646e-11,3.765320635110363e-11,-0.5773502691896257,32325296538.111637,1.8567680058328636e-11,4.6510176284323736e-11,9.4247878019893e-23
20,30,Zn,3d¹⁰4s²→3d¹⁰4s4p,lower,11,22,4.267114184392645e-11,3.7653206351103625e-11,-0.5773502691896257,29586768987.15786,2.2091738180595125e-11,4.80258539860602e-11,8.197628569210802e-23
20,30,Zn,3d¹⁰4s²→3d¹⁰4s4p,lower,11,23,2.21094142608378e-11,9.260866861926069e-12,0.5773502691896257,41432510180.84553,1.940233579033816e-11,2.938876742024316e-11,1.2383098689043527e-23
20,30,Zn,3d¹⁰4s²→3d¹⁰4s4p,lower,11,24,2.2107195408895528e-11,9.263431479683081e-12,0.5773502691896257,25735382152.278576,3.579104341492331e-11,4.204949204005892e-11,4.896076484891969e-24
20,30,Zn,3d¹⁰4s²→3d¹⁰4s4p,lower,11,25,2.2109414260837802e-11,9.260866861926069e-12,0.5773502691896257,22093011855.350163,4.2614450051175214e-11,4.799208653022077e-11,3.616900710450747e-24
20,30,Zn,3d¹⁰4s²→3d¹⁰4s4p,lower,11,26,2.2109412033326236e-11,9.260869436164745e-12,0.5773502691896257,24424308276.553726,3.802568819518892e-11,4.3968191806388304e-11,4.415218121113689e-24
20,30,Zn,3d¹⁰4s²→3d¹⁰4s4p,lower,11,27,2.2109412033326236e-11,9.260869436164747e-12,0.5773502691896257,36378653297.68957,2.326292561287066e-11,3.206887332095702e-11,9.658871142639141e-24
20,30,Zn,3d¹⁰4s²→3d¹⁰4s4p,lower,11,28,9.088338108445621e-11,9.088338108445621e-11,-1.0,15313122651.237373,4.3969305297187826e-11,9.088338108445621e-11,2.6874179519451546e-22
20,30,Zn,3d¹⁰4s²→3d¹⁰4s4p,lower,11,29,4.396930529718783e-11,-4.396930529718783e-11,1.0,15313122651.237373,4.396930529718784e-11,9.088338108445621e-11,2.6874179519451607e-22
20,30,Zn,3d¹⁰4s²→3d¹⁰4s4p,lower,12,13,4.416020868271274e-11,3.824386255565137e-11,-0.49999999999999983,60484753943.76917,2.6650481215740505e-12,4.4213700482179216e-11,1.7824968268155804e-22
20,30,Zn,3d¹⁰4s²→3d¹⁰4s4p,lower,12,14,4.41720835286963e-11,3.825071819402178e-11,-0.5000000000000004,50403480271.827774,5.521892093980899e-12,4.448918506959991e-11,1.6667063808105667e-22
20,30,Zn,3d¹⁰4s²→3d¹⁰4s4p,lower,12,15,5.0991816740868495e-11,5.09918167408685e-11,-1.0,1.2542363814139526e+16,1.7717799876695303e-18,5.096075390386276e-11,2.471312682560374e-22
20,30,Zn,3d¹⁰4s²→3d¹⁰4s4p,lower,12,16,2.5495908370434257e-11,1.2747954185217127e-11,0.49999999999999983,41460813301.663925,1.79836011920755e-11,3.118748982281447e-11,2.156504769415446e-23
20,30,Zn,3d¹⁰4s²→3d¹⁰4s4p,lower,12,17,2.5502766773197642e-11,1.2741098546846712e-11,0.5000000000000004,36227533264.82056,2.208604495639371e-11,3.372524495244446e-11,1.6828446806934686e-23
20,30,Zn,3d¹⁰4s²→3d¹⁰4s4p,lower,12,18,1.591455857127792e-11,5.858208657003429e-12,0.7986541716418109,34748137384.54527,2.6634505715767038e-11,3.100995321246459e-11,2.395164184035996e-24
20,30,Zn,3d¹⁰4s²→3d¹⁰4s4p,lower,12,19,2.7251471530455216e-11,1.5459513025636548e-11,0.408248290463863,26312331040.218575,3.330305852322877e-11,4.3016746330994376e-11,1.1772864027455208e-23
20,30,Zn,3d¹⁰4s²→3d¹⁰4s4p,lower,12,20,4.404141513986976e-11,3.8929653857192465e-11,-0.5463428522861039,28057831814.353416,2.376170707285073e-11,5.001205033098538e-11,8.433651227854497e-23
20,30,Zn,3d¹⁰4s²→3d¹⁰4s4p,lower,12,21,4.679595505416412e-11,4.3836625155087683e-11,-0.7459067426872383,71949938773.50305,1.1474533273479964e-12,4.677631990827587e-11,2.0578322488355267e-22
20,30,Zn,3d¹⁰4s²→3d¹⁰4s4p,lower,12,22,3.387662500300948e-11,2.3397351670613075e-11,0.08534713286766836,29814746927.00028,2.566949481551363e-11,4.248399473781333e-11,3.499668307409986e-23
20,30,Zn,3d¹⁰4s²→3d¹⁰4s4p,lower,12,23,4.749733828876704e-11,4.513360808386507e-11,-0.7986541716418109,61746676489.49935,2.4143391697468283e-12,4.752350703223932e-11,2.099501195926356e-22
20,30,Zn,3d¹⁰4s²→3d¹⁰4s4p,lower,12,24,4.202607244196002e-11,3.553230371523195e-11,-0.408248290463863,26738787248.429802,2.6767948692877574e-11,4.9803792948070025e-11,6.527434998334768e-23
20,30,Zn,3d¹⁰4s²→3d¹⁰4s4p,lower,12,25,2.3866798518315382e-11,1.2062162883676033e-11,0.5463428522861039,21314684754.964676,4.393752753489108e-11,4.9988659754717e-11,4.5802063535669706e-24
20,30,Zn,3d¹⁰4s²→3d¹⁰4s4p,lower,12,26,1.7872002436014582e-11,7.15519158578081e-12,0.7459067426872383,20939343563.854977,4.610761597656786e-11,4.9438723048253625e-11,1.389514543807536e-24
20,30,Zn,3d¹⁰4s²→3d¹⁰4s4p,lower,12,27,3.6900462854952554e-11,2.7594465070255423e-11,-0.08534713286766836,25045717066.48287,3.194623378966558e-11,4.8782925721702115e-11,3.5211570893897035e-23
20,30,Zn,3d¹⁰4s²→3d¹⁰4s4p,lower,12,28,7.208573437040154e-11,2.549590837043425e-11,0.0,14580708647.968513,4.2327551427526664e-11,9.274203248576272e-11,1.5421249315257026e-22
20,30,Zn,3d¹⁰4s²→3d¹⁰4s4p,lower,12,29,7.208573437040154e-11,2.549590837043425e-11,0.0,14580708647.968512,4.2327551427526586e-11,9.274203248576283e-11,1.5421249315257038e-22
20,30,Zn,3d¹⁰4s²→3d¹⁰4s4p,lower,13,14,4.41720835286963e-11,3.8250718194021776e-11,-0.4999999999999997,60468299852.94426,2.6657998961263323e-12,4.422558970715631e-11,1.7834540799603178e-22
20,30,Zn,3d¹⁰4s²→3d¹⁰4s4p,lower,13,15,2.5495908370434257e-11,1.2747954185217135e-11,0.49999999999999983,59045362935.56027,9.22443897139044e-12,2.7098706315051752e-11,3.821202860504314e-23
20,30,Zn,3d¹⁰4s²→3d¹⁰4s4p,lower,13,16,5.099181674086851e-11,5.099181674086851e-11,-0.9999999999999999,1.2542363814139524e+16,1.7717799876695303e-18,5.096075390386277e-11,2.4713126825603886e-22
20,30,Zn,3d¹⁰4s²→3d¹⁰4s4p,lower,13,17,2.5502766773197662e-11,1.2741098546846734e-11,0.4999999999999997,41449661838.05375,1.7988441408928403e-11,3.119587776628458e-11,2.1576637986093394e-23
20,30,Zn,3d¹⁰4s²→3d¹⁰4s4p,lower,13,18,4.4041415139869766e-11,3.892965385719246e-11,-0.5463428522861037,61769829300.25476,2.468251547004053e-12,4.407582921502825e-11,1.7792469378839406e-22
20,30,Zn,3d¹⁰4s²→3d¹⁰4s4p,lower,13,19,2.7251471530455213e-11,1.5459513025636545e-11,0.40824829046386313,40116693774.20353,1.8187068014859215e-11,3.274318556403177e-11,2.6111922846222357e-23
20,30,Zn,3d¹⁰4s²→3d¹⁰4s4p,lower,13,20,1.5914558571277922e-11,5.858208657003437e-12,0.7986541716418107,28784532927.85639,3.2949281872271267e-11,3.6576980184460733e-11,1.6470366378736558e-24
20,30,Zn,3d¹⁰4s²→3d¹⁰4s4p,lower,13,21,3.3876625003009484e-11,2.339735167061308e-11,0.08534713286766828,25024818148.256798,3.3170839696181945e-11,4.739484624881347e-11,2.5184227982526517e-23
20,30,Zn,3d¹⁰4s²→3d¹⁰4s4p,lower,13,22,4.679595505416413e-11,4.3836625155087683e-11,-0.7459067426872384,32240376429.32349,1.6773135367626055e-11,4.967942758409792e-11,1.2903248578138497e-22
20,30,Zn,3d¹⁰4s²→3d¹⁰4s4p,lower,13,23,2.3866798518315385e-11,1.2062162883676043e-11,0.5463428522861037,26110693838.815884,3.46896153371706e-11,4.209191359910388e-11,6.8488355761319e-24
20,30,Zn,3d¹⁰4s²→3d¹⁰4s4p,lower,13,24,4.2026072441960026e-11,3.553230371523196e-11,-0.40824829046386313,34468305268.60777,1.6521443931121567e-11,4.513150589509398e-11,9.829928698357752e-23
20,30,Zn,3d¹⁰4s²→3d¹⁰4s4p,lower,13,25,4.7497338288767045e-11,4.513360808386507e-11,-0.7986541716418107,39967838129.140785,9.449866185935932e-12,4.8393746062366586e-11,1.7223537048394845e-22
20,30,Zn,3d¹⁰4s²→3d¹⁰4s4p,lower,13,26,3.690046285495256e-11,2.7594465070255423e-11,-0.08534713286766828,24190242038.512253,3.359142015684327e-11,4.987580071315857e-11,3.2974369805486696e-23
20,30,Zn,3d¹⁰4s²→3d¹⁰4s4p,lower,13,27,1.7872002436014582e-11,7.155191585780816e-12,0.7459067426872384,20663384796.884922,4.676674133165965e-11,5.0054002640963814e-11,1.3531897183074265e-24
20,30,Zn,3d¹⁰4s²→3d¹⁰4s4p,lower,13,28,7.208573437040154e-11,2.5495908370434254e-11,0.0,14580708647.953125,4.225311254806572e-11,9.277597037725167e-11,1.542124931523621e-22
20,30,Zn,3d¹⁰4s²→3d¹⁰4s4p,lower,13,29,7.208573437040154e-11,2.5495908370434254e-11,0.0,14580708647.997616,4.2086067418639764e-11,9.285186658691303e-11,1.5421249315296083e-22
20,30,Zn,3d¹⁰4s²→3d¹⁰4s4p,lower,14,15,2.5502766773197642e-11,1.2761665461957917e-11,0.5000000000000004,76845277348.76959,4.6172601464868744e-12,2.5902082089030107e-11,5.102847547487748e-23
20,30,Zn,3d¹⁰4s²→3d¹⁰4s4p,lower,14,16,2.5502766773197662e-11,1.2761665461957931e-11,0.4999999999999997,59029463299.294304,9.226929200690912e-12,2.7105995420959525e-11,3.8232552558371196e-23
20,30,Zn,3d¹⁰4s²→3d¹⁰4s4p,lower,14,17,5.1019239294350103e-11,5.1019239294350103e-11,-1.0,1.2542363787752406e+16,1.7717799876695303e-18,5.098815975226574e-11,2.4739714592662134e-22
20,30,Zn,3d¹⁰4s²→3d¹⁰4s4p,lower,14,18,3.964663334622337e-11,3.171357387384767e-11,-0.25231131935570733,30173664230.897915,2.2655321815358527e-11,4.564333070854298e-11,6.471188759238092e-23
20,30,Zn,3d¹⁰4s²→3d¹⁰4s4p,lower,14,19,4.7741120589528186e-11,4.558241033677046e-11,-0.816496580927726,35253026604.08114,1.3171080065180803e-11,4.948798115357997e-11,1.5405091268683293e-22
20,30,Zn,3d¹⁰4s²→3d¹⁰4s4p,lower,14,20,3.9646633346223355e-11,3.171357387384764e-11,-0.2523113193557066,50754735958.78922,6.662192690662915e-12,4.018003040142554e-11,1.2578652381458288e-22
20,30,Zn,3d¹⁰4s²→3d¹⁰4s4p,lower,14,21,2.065603154376201e-11,9.267459562342785e-12,0.6605596098195701,32992926407.50224,2.691041002348355e-11,3.3906202831450804e-11,6.111859496561311e-24
20,30,Zn,3d¹⁰4s²→3d¹⁰4s4p,lower,14,22,2.065603154376202e-11,9.267459562342798e-12,0.6605596098195698,25296208304.87672,3.689224839822996e-11,4.226698965732202e-11,3.614413153425415e-24
20,30,Zn,3d¹⁰4s²→3d¹⁰4s4p,lower,14,23,3.0640063400167124e-11,1.930566542050244e-11,0.25231131935570733,23874586173.796036,3.6498030514943374e-11,4.763690623905679e-11,1.5481689080645534e-23
20,30,Zn,3d¹⁰4s²→3d¹⁰4s4p,lower,14,24,1.5199262223809764e-11,5.436828957579646e-12,0.816496580927726,23427615166.432743,4.13476131999196e-11,4.4039819202752776e-11,9.079702611023811e-25
20,30,Zn,3d¹⁰4s²→3d¹⁰4s4p,lower,14,25,3.064006340016714e-11,1.9305665420502458e-11,0.2523113193557066,26592236967.753445,3.166746247733528e-11,4.404539458686227e-11,1.9083502929723012e-23
20,30,Zn,3d¹⁰4s²→3d¹⁰4s4p,lower,14,26,4.5650815361691945e-11,4.175177973200732e-11,-0.6605596098195701,40767241775.49486,9.614911872813906e-12,4.661874658223886e-11,1.562788313232903e-22
20,30,Zn,3d¹⁰4s²→3d¹⁰4s4p,lower,14,27,4.565081536169194e-11,4.175177973200731e-11,-0.6605596098195698,32102650582.083572,1.751868991158867e-11,4.8864767458726565e-11,1.1793600441807714e-22
20,30,Zn,3d¹⁰4s²→3d¹⁰4s4p,lower,14,28,7.209058503459416e-11,2.5509619647175052e-11,0.0,14580454101.098587,4.2239678938644715e-11,9.278962455156465e-11,1.5436952402429775e-22
20,30,Zn,3d¹⁰4s²→3d¹⁰4s4p,lower,14,29,7.209058503459416e-11,2.5509619647175052e-11,0.0,14580454101.275562,4.207249043106646e-11,9.286555039511648e-11,1.543695240266834e-22
20,30,Zn,3d¹⁰4s²→3d¹⁰4s4p,lower,15,16,4.416020868271274e-11,3.824386255565137e-11,-0.49999999999999983,60484753943.76552,2.6650481215744108e-12,4.4213700482179255e-11,1.7824968268155466e-22
20,30,Zn,3d¹⁰4s²→3d¹⁰4s4p,lower,15,17,4.41720835286963e-11,3.825071819402178e-11,-0.5000000000000004,50403480271.82735,5.521892093980822e-12,4.448918506959991e-11,1.6667063808105556e-22
20,30,Zn,3d¹⁰4s²→3d¹⁰4s4p,lower,15,18,4.749733828876704e-11,4.513360808386507e-11,-0.7986541716418109,32712550725.24365,1.5993130320194108e-11,5.0084278016713356e-11,1.382517333579638e-22
20,30,Zn,3d¹⁰4s²→3d¹⁰4s4p,lower,15,19,4.202607244196002e-11,3.553230371523195e-11,-0.408248290463863,63970775596.726746,2.4865534421619214e-12,4.207229091469133e-11,1.615993643422195e-22
20,30,Zn,3d¹⁰4s²→3d¹⁰4s4p,lower,15,20,2.3866798518315382e-11,1.2062162883676033e-11,0.5463428522861039,44853775254.42124,1.648208941075531e-11,2.8983082126263083e-11,1.927859766030897e-23
20,30,Zn,3d¹⁰4s²→3d¹⁰4s4p,lower,15,21,1.7872002436014582e-11,7.15519158578081e-12,0.7459067426872383,30853934048.16766,3.0008440526255355e-11,3.4911052525197074e-11,3.007540354607353e-24
20,30,Zn,3d¹⁰4s²→3d¹⁰4s4p,lower,15,22,3.6900462854952554e-11,2.7594465070255426e-11,-0.08534713286766836,26271064778.231228,2.975835281065438e-11,4.7379020152685e-11,3.8501408314872697e-23
20,30,Zn,3d¹⁰4s²→3d¹⁰4s4p,lower,15,23,1.591455857127792e-11,5.8582086570034325e-12,0.7986541716418109,26325451046.31334,3.634659888921249e-11,3.9664789856109407e-11,1.378418427631827e-24
20,30,Zn,3d¹⁰4s²→3d¹⁰4s4p,lower,15,24,2.7251471530455216e-11,1.5459513025636548e-11,0.408248290463863,29264711489.07891,2.89931381163392e-11,3.977372016465978e-11,1.447795212090444e-23
20,30,Zn,3d¹⁰4s²→3d¹⁰4s4p,lower,15,25,4.404141513986976e-11,3.8929653857192465e-11,-0.5463428522861039,41250180508.68428,1.0035424295275907e-11,4.5136417625674115e-11,1.4215945254538374e-22
20,30,Zn,3d¹⁰4s²→3d¹⁰4s4p,lower,15,26,4.679595505416412e-11,4.3836625155087683e-11,-0.7459067426872383,33714721955.45918,1.5126819096981378e-11,4.9148022452746964e-11,1.3687368813389162e-22
20,30,Zn,3d¹⁰4s²→3d¹⁰4s4p,lower,15,27,3.387662500300948e-11,2.3397351670613075e-11,0.08534713286766836,23137229212.529408,3.6887177878464415e-11,5.0066263457904823e-11,2.1652885688671366e-23
20,30,Zn,3d¹⁰4s²→3d¹⁰4s4p,lower,15,28,7.208573437040154e-11,2.549590837043425e-11,0.0,14580708647.968493,4.232755142752659e-11,9.274203248576276e-11,1.5421249315256977e-22
20,30,Zn,3d¹⁰4s²→3d¹⁰4s4p,lower,15,29,7.208573437040154e-11,2.549590837043425e-11,0.0,14580708648.07237,4.20301870860877e-11,9.287717466067024e-11,1.5421249315396912e-22
20,30,Zn,3d¹⁰4s²→3d¹⁰4s4p,lower,16,17,4.41720835286963e-11,3.8250718194021776e-11,-0.4999999999999997,60468299852.94582,2.6657998961259716e-12,4.422558970715629e-11,1.7834540799603298e-22
20,30,Zn,3d¹⁰4s²→3d¹⁰4s4p,lower,16,18,2.3866798518315392e-11,1.2062162883676041e-11,0.5463428522861037,47228930482.8543,1.5139677401539047e-11,2.8241274936097057e-11,2.1127697531962957e-23
20,30,Zn,3d¹⁰4s²→3d¹⁰4s4p,lower,16,19,4.2026072441960026e-11,3.553230371523196e-11,-0.40824829046386313,31466944943.390423,1.9920721182858175e-11,4.648365139739859e-11,8.569646332399508e-23
20,30,Zn,3d¹⁰4s²→3d¹⁰4s4p,lower,16,20,4.7497338288767045e-11,4.513360808386507e-11,-0.7986541716418107,36908621062.855194,1.1787267119354908e-11,4.8903929833498567e-11,1.5947658715166064e-22
20,30,Zn,3d¹⁰4s²→3d¹⁰4s4p,lower,16,21,3.690046285495256e-11,2.7594465070255423e-11,-0.08534713286766828,54240255394.75809,6.270624187712134e-12,3.7396961324800983e-11,1.0851558073587008e-22
20,30,Zn,3d¹⁰4s²→3d¹⁰4s4p,lower,16,22,1.7872002436014582e-11,7.1551915857808194e-12,0.7459067426872384,36104921902.947716,2.4909537970334482e-11,3.0639193323173465e-11,4.104272045981339e-24
20,30,Zn,3d¹⁰4s²→3d¹⁰4s4p,lower,16,23,4.4041415139869766e-11,3.892965385719246e-11,-0.5463428522861037,28323688592.445866,2.3303909621621226e-11,4.9796171127364254e-11,8.566266826532139e-23
20,30,Zn,3d¹⁰4s²→3d¹⁰4s4p,lower,16,24,2.7251471530455213e-11,1.5459513025636545e-11,0.40824829046386313,24839840506.813873,3.5801564018991886e-11,4.4978869973683355e-11,1.0516127950627428e-23
20,30,Zn,3d¹⁰4s²→3d¹⁰4s4p,lower,16,25,1.5914558571277922e-11,5.858208657003437e-12,0.7986541716418107,25592090609.58681,3.747685234675982e-11,4.070300683410097e-11,1.302872333050596e-24
20,30,Zn,3d¹⁰4s²→3d¹⁰4s4p,lower,16,26,3.3876625003009484e-11,2.339735167061308e-11,0.08534713286766828,29814746927.00036,2.5669494815513067e-11,4.2483994737813354e-11,3.49966830740999e-23
20,30,Zn,3d¹⁰4s²→3d¹⁰4s4p,lower,16,27,4.6795955054164136e-11,4.383662515508769e-11,-0.7459067426872384,55504355024.16486,3.16466093132015e-12,4.686920666955164e-11,1.9868275857240324e-22
20,30,Zn,3d¹⁰4s²→3d¹⁰4s4p,lower,16,28,7.208573437040154e-11,2.5495908370434254e-11,0.0,14580708647.997593,4.208606741863972e-11,9.285186658691303e-11,1.5421249315296095e-22
20,30,Zn,3d¹⁰4s²→3d¹⁰4s4p,lower,16,29,7.208573437040154e-11,2.5495908370434254e-11,0.0,14580708647.9531,4.225311254806559e-11,9.277597037725167e-11,1.5421249315236194e-22
20,30,Zn,3d¹⁰4s²→3d¹⁰4s4p,lower,17,18,3.064006340016713e-11,1.930566542050244e-11,0.25231131935570733,66535491272.396835,4.9234551522889535e-12,3.100659631748616e-11,7.581116838662357e-23
20,30,Zn,3d¹⁰4s²→3d¹⁰4s4p,lower,17,19,1.5199262223809764e-11,5.436828957579646e-12,0.816496580927726,72708198445.24002,9.967139968975984e-12,1.8144542905295123e-11,8.23955631958941e-24
20,30,Zn,3d¹⁰4s²→3d¹⁰4s4p,lower,17,20,3.064006340016714e-11,1.9305665420502458e-11,0.2523113193557066,35681165411.35574,2.0437496543696076e-11,3.680842117685235e-11,3.30247667377376e-23
20,30,Zn,3d¹⁰4s²→3d¹⁰4s4p,lower,17,21,4.5650815361691945e-11,4.175177973200732e-11,-0.6605596098195701,30698136523.870827,1.920451486988331e-11,4.949418545611788e-11,1.1052302468866033e-22
20,30,Zn,3d¹⁰4s²→3d¹⁰4s4p,lower,17,22,4.565081536169194e-11,4.175177973200731e-11,-0.6605596098195698,49510412948.92293,5.417826726669067e-12,4.593706400083959e-11,1.7931961918145001e-22
20,30,Zn,3d¹⁰4s²→3d¹⁰4s4p,lower,17,23,3.964663334622336e-11,3.171357387384766e-11,-0.25231131935570733,50754735958.788925,6.662192690662885e-12,4.018003040142556e-11,1.2578652381458218e-22
20,30,Zn,3d¹⁰4s²→3d¹⁰4s4p,lower,17,24,4.7741120589528186e-11,4.558241033677046e-11,-0.816496580927726,37359024993.43608,1.1312219499094065e-11,4.902600573745906e-11,1.640205946105401e-22
20,30,Zn,3d¹⁰4s²→3d¹⁰4s4p,lower,17,25,3.9646633346223355e-11,3.171357387384764e-11,-0.2523113193557066,25999952594.920967,2.9087923519421196e-11,4.9154423262649077e-11,4.9769253181472397e-23
20,30,Zn,3d¹⁰4s²→3d¹⁰4s4p,lower,17,26,2.065603154376201e-11,9.267459562342785e-12,0.6605596098195701,23814778834.456142,3.9496244545432475e-11,4.4557981956189184e-11,3.2056469984663057e-24
20,30,Zn,3d¹⁰4s²→3d¹⁰4s4p,lower,17,27,2.0656031543762022e-11,9.267459562342794e-12,0.6605596098195698,25237866461.25275,3.698948057617815e-11,4.235188420968925e-11,3.5978651272881875e-24
20,30,Zn,3d¹⁰4s²→3d¹⁰4s4p,lower,17,28,7.209058503459416e-11,2.5509619647175052e-11,0.0,14580454101.180178,4.2140913798049896e-11,9.283452097967344e-11,1.5436952402539787e-22
20,30,Zn,3d¹⁰4s²→3d¹⁰4s4p,lower,17,29,7.209058503459416e-11,2.5509619647175052e-11,0.0,14580454101.18017,4.214091379804984e-11,9.283452097967347e-11,1.5436952402539806e-22
20,30,Zn,3d¹⁰4s²→3d¹⁰4s4p,lower,18,19,2.3599112849616406e-11,1.1329214713946915e-11,0.5393446629166316,38738859800.71133,2.0753969745810917e-11,3.141603182305961e-11,1.4126252085638108e-23
20,30,Zn,3d¹⁰4s²→3d¹⁰4s4p,lower,18,20,3.8187615577638186e-11,2.965399691416624e-11,-0.20601132958329824,26067320654.112167,2.9602198089513714e-11,4.829915061169481e-11,4.335738066788796e-23
20,30,Zn,3d¹⁰4s²→3d¹⁰4s4p,lower,18,21,3.818761211529493e-11,2.965399599562102e-11,-0.20601132958329824,31999066064.488277,2.0985129120299503e-11,4.355333739406003e-11,6.228534732824928e-23
20,30,Zn,3d¹⁰4s²→3d¹⁰4s4p,lower,18,22,2.36012422364498e-11,1.1326821323709633e-11,0.5393446629166314,123448339957.49266,1.246978899800449e-12,2.361980433408337e-11,5.180665935880952e-23
20,30,Zn,3d¹⁰4s²→3d¹⁰4s4p,lower,18,23,4.9176978999711895e-11,4.91769789997119e-11,-0.9999999999999999,1.254236562587279e+16,1.7717799876695303e-18,4.914702171282279e-11,2.2985312842887753e-22
20,30,Zn,3d¹⁰4s²→3d¹⁰4s4p,lower,18,24,4.3139544303168604e-11,3.7847764285764987e-11,-0.5393446629166316,36649759153.55177,1.3882901786649267e-11,4.5305125461930955e-11,1.167057728839608e-22
20,30,Zn,3d¹⁰4s²→3d¹⁰4s4p,lower,18,25,3.098517839278371e-11,1.952298208554566e-11,0.20601132958329824,30821435159.013508,2.5554774754486204e-11,4.015548514423113e-11,2.643149624097867e-23
20,30,Zn,3d¹⁰4s²→3d¹⁰4s4p,lower,18,26,3.098517558346143e-11,1.9522983004090884e-11,0.20601132958329824,28683025176.559906,2.8388591550670357e-11,4.201581167456709e-11,2.3085629985114437e-23
20,30,Zn,3d¹⁰4s²→3d¹⁰4s4p,lower,18,27,4.314343739090075e-11,3.785015767600227e-11,-0.5393446629166314,31689612090.101456,1.9116745315138503e-11,4.717631919446781e-11,9.517628971593244e-23
20,30,Zn,3d¹⁰4s²→3d¹⁰4s4p,lower,18,28,5.689036624958502e-11,-1.4340127891837228e-11,0.5773502691896257,14817454868.043373,4.306600804012498e-11,9.190827000564184e-11,1.9143816794509215e-22
20,30,Zn,3d¹⁰4s²→3d¹⁰4s4p,lower,18,29,8.405532328133746e-11,6.351710689154912e-11,-0.5773502691896257,14817454870.185734,4.2980463153645024e-11,9.19483057540499e-11,1.9143816797892366e-22
20,30,Zn,3d¹⁰4s²→3d¹⁰4s4p,lower,19,20,2.3599112849616403e-11,1.1322376870669867e-11,0.5393446629166316,38738859800.710815,2.0753969745811418e-11,3.1416031823059963e-11,1.4126252085637706e-23
20,30,Zn,3d¹⁰4s²→3d¹⁰4s4p,lower,19,21,3.8184162814412385e-11,2.964955394736388e-11,-0.20601132958329824,26069677749.835682,2.9599521716304446e-11,4.8294783483834675e-11,4.334953946926684e-23
20,30,Zn,3d¹⁰4s²→3d¹⁰4s4p,lower,19,22,3.8184162814412385e-11,2.964955394736388e-11,-0.20601132958329846,32001956469.42099,2.0983233963399776e-11,4.354940336536517e-11,6.22740938560749e-23
20,30,Zn,3d¹⁰4s²→3d¹⁰4s4p,lower,19,23,4.3139544303168604e-11,3.7845718032527754e-11,-0.5393446629166316,42298743055.46913,9.615511758192542e-12,4.41845843872666e-11,1.3706871579674049e-22
20,30,Zn,3d¹⁰4s²→3d¹⁰4s4p,lower,19,24,4.916809490319762e-11,4.916809490319762e-11,-0.9999999999999999,1.2542365635070648e+16,1.7717799876695303e-18,4.9138143028260127e-11,2.2977008742160656e-22
20,30,Zn,3d¹⁰4s²→3d¹⁰4s4p,lower,19,25,4.3139544303168604e-11,3.7845718032527754e-11,-0.5393446629166316,36649759153.55165,1.3882901786649716e-11,4.530512546193096e-11,1.1670577288396015e-22
20,30,Zn,3d¹⁰4s²→3d¹⁰4s4p,lower,19,26,3.0982376952139616e-11,1.951854095583374e-11,0.20601132958329824,30824222052.32967,2.5552464412248253e-11,4.0151854428609905e-11,2.6426715953660837e-23
20,30,Zn,3d¹⁰4s²→3d¹⁰4s4p,lower,19,27,3.0982376952139616e-11,1.9518540955833737e-11,0.20601132958329846,28685616156.072548,2.8386027502730144e-11,4.2012016541732506e-11,2.3081459061061226e-23
20,30,Zn,3d¹⁰4s²→3d¹⁰4s4p,lower,19,28,5.6891486101383684e-11,-1.4344569940094372e-11,0.5773502691896257,14817464349.254951,4.3308327964851184e-11,9.17919550901213e-11,1.9137261436268957e-22
20,30,Zn,3d¹⁰4s²→3d¹⁰4s4p,lower,19,29,8.405196666083437e-11,6.351266484329199e-11,-0.5773502691896257,14817464353.412708,4.307038545381462e-11,9.190384207005596e-11,1.913726144284251e-22
20,30,Zn,3d¹⁰4s²→3d¹⁰4s4p,lower,20,21,2.3601242236449795e-11,1.1326821323709625e-11,0.5393446629166315,38735364570.10866,2.0755842302970944e-11,3.141886678589246e-11,1.412880239181648e-23
20,30,Zn,3d¹⁰4s²→3d¹⁰4s4p,lower,20,22,3.8187612115294926e-11,2.9653995995621024e-11,-0.20601132958329835,26067323017.54901,2.9602195405581654e-11,4.829914623257239e-11,4.335737280574971e-23
20,30,Zn,3d¹⁰4s²→3d¹⁰4s4p,lower,20,23,3.098517839278371e-11,1.952298208554566e-11,0.20601132958329824,47375728748.22996,1.1805541900791378e-11,3.314796063089513e-11,5.449744532143853e-23
20,30,Zn,3d¹⁰4s²→3d¹⁰4s4p,lower,20,24,4.3139544303168604e-11,3.7847764285764987e-11,-0.5393446629166316,42298743055.46946,9.615511758191906e-12,4.418458438726659e-11,1.3706871579674204e-22
20,30,Zn,3d¹⁰4s²→3d¹⁰4s4p,lower,20,25,4.91769789997119e-11,4.917697899971191e-11,-0.9999999999999999,1.254236562587279e+16,1.7717799876695303e-18,4.914702171282284e-11,2.2985312842887396e-22
20,30,Zn,3d¹⁰4s²→3d¹⁰4s4p,lower,20,26,4.314343739090075e-11,3.785015767600227e-11,-0.5393446629166315,36646452626.584785,1.3884153998995884e-11,4.530921400291875e-11,1.1672684228638505e-22
20,30,Zn,3d¹⁰4s²→3d¹⁰4s4p,lower,20,27,3.0985175583461423e-11,1.9522983004090877e-11,0.20601132958329835,30821437953.489925,2.5554772437520535e-11,4.01554815034677e-11,2.6431491448067567e-23
20,30,Zn,3d¹⁰4s²→3d¹⁰4s4p,lower,20,28,5.6890366249585014e-11,-1.4340127891837227e-11,0.5773502691896257,14817454869.734476,4.3049345394688356e-11,9.191607587920022e-11,1.9143816797181112e-22
20,30,Zn,3d¹⁰4s²→3d¹⁰4s4p,lower,20,29,8.405532328133746e-11,6.351710689154912e-11,-0.5773502691896257,14817454870.195255,4.29034151726855e-11,9.198428186631808e-11,1.9143816797903834e-22
20,30,Zn,3d¹⁰4s²→3d¹⁰4s4p,lower,21,22,2.3601240096603593e-11,1.1326816864997447e-11,0.5393446629166316,38735368082.11514,2.0755840421107585e-11,3.141886393724881e-11,1.4128799829794024e-23
20,30,Zn,3d¹⁰4s²→3d¹⁰4s4p,lower,21,23,3.098517558346143e-11,1.9522977626833478e-11,0.20601132958329824,55888277583.381676,7.974128668735119e-12,3.198441852632937e-11,6.702285091012092e-23
20,30,Zn,3d¹⁰4s²→3d¹⁰4s4p,lower,21,24,3.0982376952139616e-11,1.9523892739101004e-11,0.20601132958329824,47380011440.27477,1.1804475247840576e-11,3.3144963605259115e-11,5.44875876931043e-23
20,30,Zn,3d¹⁰4s²→3d¹⁰4s4p,lower,21,25,4.314343739090075e-11,3.785015562207271e-11,-0.5393446629166315,42294927596.667816,9.616378525884947e-12,4.4188571794611546e-11,1.370934627486492e-22
20,30,Zn,3d¹⁰4s²→3d¹⁰4s4p,lower,21,26,4.917697008228754e-11,4.917697008228754e-11,-0.9999999999999998,1.254236562588204e+16,1.7717799876695303e-18,4.9147012800830736e-11,2.2985304506882523e-22
20,30,Zn,3d¹⁰4s²→3d¹⁰4s4p,lower,21,27,4.31434334792292e-11,3.78501532172901e-11,-0.5393446629166316,36646455949.1971,1.3884152740165741e-11,4.530920989488348e-11,1.1672682111992233e-22
20,30,Zn,3d¹⁰4s²→3d¹⁰4s4p,lower,21,28,5.689036737347499e-11,-1.4340132350549414e-11,0.5773502691896257,14817454883.609182,4.2903419612704833e-11,9.198427741166584e-11,1.9143810223648197e-22
20,30,Zn,3d¹⁰4s²→3d¹⁰4s4p,lower,21,29,8.405531991207443e-11,6.351710243283695e-11,-0.5773502691896257,14817454879.691507,4.304934979323954e-11,9.191607143361506e-11,1.9143810217462835e-22
20,30,Zn,3d¹⁰4s²→3d¹⁰4s4p,lower,22,23,4.314343739090074e-11,3.785015562207271e-11,-0.5393446629166314,62606297513.77524,2.638677411757138e-12,4.321015806240188e-11,1.706295576912575e-22
20,30,Zn,3d¹⁰4s²→3d¹⁰4s4p,lower,22,24,3.098237695213961e-11,1.9523892739100998e-11,0.20601132958329846,55893323200.74913,7.973409585577489e-12,3.1981529621586907e-11,6.701073853630355e-23
20,30,Zn,3d¹⁰4s²→3d¹⁰4s4p,lower,22,25,3.0985175583461423e-11,1.952297762683347e-11,0.20601132958329835,47375733043.62792,1.1805540830423191e-11,3.314795762548058e-11,5.44974354392337e-23
20,30,Zn,3d¹⁰4s²→3d¹⁰4s4p,lower,22,26,4.314343347922919e-11,3.785015321729009e-11,-0.5393446629166316,42294931431.409836,9.61637765399839e-12,4.418856778818113e-11,1.3709343788904403e-22
20,30,Zn,3d¹⁰4s²→3d¹⁰4s4p,lower,22,27,4.9176970082287534e-11,4.917697008228754e-11,-1.0,1.2542365625882042e+16,1.7717799876695303e-18,4.914701280083069e-11,2.298530450688279e-22
20,30,Zn,3d¹⁰4s²→3d¹⁰4s4p,lower,22,28,5.6890367373474995e-11,-1.4340132350549417e-11,0.5773502691896257,14817454882.564035,4.289086512758048e-11,9.199013204696372e-11,1.9143810221996872e-22
20,30,Zn,3d¹⁰4s²→3d¹⁰4s4p,lower,22,29,8.405531991207443e-11,6.351710243283695e-11,-0.5773502691896257,14817454879.706959,4.28908651275805e-11,9.199013204696372e-11,1.9143810217481279e-22
20,30,Zn,3d¹⁰4s²→3d¹⁰4s4p,lower,23,24,2.3599112849616403e-11,1.1329214713946915e-11,0.5393446629166316,52966718172.531166,1.2437389106813049e-11,2.666324142132268e-11,2.4697849933063593e-23
20,30,Zn,3d¹⁰4s²→3d¹⁰4s4p,lower,23,25,3.8187615577638186e-11,2.965399691416624e-11,-0.20601132958329824,30205152615.82225,2.329127371676975e-11,4.471019178475819e-11,5.645669836140349e-23
20,30,Zn,3d¹⁰4s²→3d¹⁰4s4p,lower,23,26,3.818761211529493e-11,2.965399599562102e-11,-0.20601132958329824,25613678042.516407,3.03770955256861e-11,4.877792007191199e-11,4.1973269159579565e-23
20,30,Zn,3d¹⁰4s²→3d¹⁰4s4p,lower,23,27,2.36012422364498e-11,1.1326821323709625e-11,0.5393446629166314,28364466662.203327,3.1438605630438165e-11,3.930300401228968e-11,7.734270633342964e-24
20,30,Zn,3d¹⁰4s²→3d¹⁰4s4p,lower,23,28,8.405532328133746e-11,6.351710689154912e-11,-0.5773502691896257,14817454870.195267,4.290341517268557e-11,9.198428186631808e-11,1.9143816797903808e-22
20,30,Zn,3d¹⁰4s²→3d¹⁰4s4p,lower,23,29,5.6890366249585014e-11,-1.4340127891837228e-11,0.5773502691896257,14817454865.998707,4.330401748335609e-11,9.179636819473448e-11,1.9143816791278804e-22
20,30,Zn,3d¹⁰4s²→3d¹⁰4s4p,lower,24,25,2.3599112849616403e-11,1.1322376870669867e-11,0.5393446629166316,52966718172.53125,1.2437389106813047e-11,2.6663241421322676e-11,2.4697849933063843e-23
20,30,Zn,3d¹⁰4s²→3d¹⁰4s4p,lower,24,26,3.8184162814412385e-11,2.964955394736388e-11,-0.20601132958329824,30207883771.939117,2.3289168083485387e-11,4.4706149196026186e-11,5.644648788002573e-23
20,30,Zn,3d¹⁰4s²→3d¹⁰4s4p,lower,24,27,3.818416281441239e-11,2.9649553947363884e-11,-0.20601132958329846,25615991803.33831,3.037435182973978e-11,4.877351407263286e-11,4.196568590760001e-23
20,30,Zn,3d¹⁰4s²→3d¹⁰4s4p,lower,24,28,8.405196666083437e-11,6.351266484329199e-11,-0.5773502691896257,14817464353.42808,4.2984864746862053e-11,9.194387251509436e-11,1.9137261442860904e-22
20,30,Zn,3d¹⁰4s²→3d¹⁰4s4p,lower,24,29,5.6891486101383684e-11,-1.4344569940094372e-11,0.5773502691896257,14817464357.317389,4.290783859989353e-11,9.197984386300858e-11,1.913726144900767e-22
20,30,Zn,3d¹⁰4s²→3d¹⁰4s4p,lower,25,26,2.3601242236449795e-11,1.1326821323709625e-11,0.5393446629166315,52961940202.464325,1.2438510779958376e-11,2.6665647391859636e-11,2.4702309455387248e-23
20,30,Zn,3d¹⁰4s²→3d¹⁰4s4p,lower,25,27,3.818761211529493e-11,2.965399599562102e-11,-0.20601132958329835,30205155354.42247,2.3291271605028245e-11,4.4710187731034707e-11,5.645668812392277e-23
20,30,Zn,3d¹⁰4s²→3d¹⁰4s4p,lower,25,28,8.405532328133746e-11,6.351710689154912e-11,-0.5773502691896257,14817454870.17031,4.3049345394688485e-11,9.191607587920024e-11,1.914381679787396e-22
20,30,Zn,3d¹⁰4s²→3d¹⁰4s4p,lower,25,29,5.6890366249585014e-11,-1.4340127891837227e-11,0.5773502691896257,14817454868.043373,4.3066008040125054e-11,9.190827000564184e-11,1.9143816794509262e-22
20,30,Zn,3d¹⁰4s²→3d¹⁰4s4p,lower,26,27,2.3601240096603593e-11,1.1326816864997444e-11,0.5393446629166316,52961945004.34976,1.2438509652198774e-11,2.66656449741739e-11,2.470230497603782e-23
20,30,Zn,3d¹⁰4s²→3d¹⁰4s4p,lower,26,28,8.405531991207443e-11,6.351710243283695e-11,-0.5773502691896257,14817454879.691507,4.306601243395356e-11,9.190826556109458e-11,1.9143810217462819e-22
20,30,Zn,3d¹⁰4s²→3d¹⁰4s4p,lower,26,29,5.689036737347499e-11,-1.4340132350549414e-11,0.5773502691896257,14817454879.2557,4.304934979323961e-11,9.191607143361503e-11,1.9143810216769942e-22
20,30,Zn,3d¹⁰4s²→3d¹⁰4s4p,lower,27,28,8.405531991207443e-11,6.351710243283695e-11,-0.5773502691896257,14817454879.70696,4.289086512758051e-11,9.199013204696373e-11,1.9143810217481232e-22
20,30,Zn,3d¹⁰4s²→3d¹⁰4s4p,lower,27,29,5.689036737347499e-11,-1.4340132350549414e-11,0.5773502691896257,14817454882.563997,4.289086512758048e-11,9.199013204696373e-11,1.914381022199683e-22
20,30,Zn,3d¹⁰4s²→3d¹⁰4s4p,lower,28,29,1.3485268638164404e-10,1.3485268638164404e-10,-1.0,2.8220222856777364e+16,1.7717799876695303e-18,1.3485268638164404e-10,1.752710514414747e-21
20,30,Zn,3d¹⁰4s²→3d¹⁰4s4p,upper,0,1,3.5435720592346447e-12,3.5435720592346447e-12,-1.0,608096521277.8553,7.367500607087462e-13,3.524160000730468e-12,1.0760184366181614e-24
20,30,Zn,3d¹⁰4s²→3d¹⁰4s4p,upper,0,2,5.988755468732254e-12,-5.988755468732254e-12,1.0,130567507369.09169,6.184063857254396e-12,9.500694409125266e-12,1.5520555886946638e-24
20,30,Zn,3d¹⁰4s²→3d¹⁰4s4p,upper,0,3,9.5378895151073e-12,9.5378895151073e-12,-1.0,130530714020.99872,5.994377490702745e-12,9.258272035004364e-12,1.5581566955765976e-24
20,30,Zn,3d¹⁰4s²→3d¹⁰4s4p,upper,0,4,8.073600676078488e-12,1.771756012202277e-12,0.0,126187536107.69397,6.700298157487768e-12,9.019828708124786e-12,7.778709936286893e-25
20,30,Zn,3d¹⁰4s²→3d¹⁰4s4p,upper,0,5,8.079761063946466e-12,1.771756012202277e-12,0.0,125557770491.86871,7.292928618769412e-12,9.615421448261408e-12,6.669597714071271e-25
20,30,Zn,3d¹⁰4s²→3d¹⁰4s4p,upper,0,6,8.079777307447807e-12,1.771756012202277e-12,0.0,125899209859.12285,6.990252899434795e-12,9.31535121854674e-12,7.401728288601586e-25
20,30,Zn,3d¹⁰4s²→3d¹⁰4s4p,upper,0,7,8.079474721365158e-12,1.771756012202277e-12,0.0,126492297551.936,6.316626437749889e-12,8.897630546963409e-12,8.512321056254961e-25
20,30,Zn,3d¹⁰4s²→3d¹⁰4s4p,upper,0,8,8.07611150170755e-12,1.771756012202277e-12,0.0,126547516732.90846,6.3132030417924065e-12,8.894235239476484e-12,8.512547721512657e-25
20,30,Zn,3d¹⁰4s²→3d¹⁰4s4p,upper,0,9,8.076161558411427e-12,1.771756012202277e-12,0.0,126199238219.10408,6.61373742535163e-12,9.035254967891973e-12,7.873769578691467e-25
20,30,Zn,3d¹⁰4s²→3d¹⁰4s4p,upper,0,10,2.1715354021931515e-11,-2.1715354021931515e-11,1.0,42637309975.47417,2.1715354021931515e-11,2.5254852553647942e-11,1.5678834277318999e-24
20,30,Zn,3d¹⁰4s²→3d¹⁰4s4p,upper,0,11,2.55169872864588e-11,2.55169872864588e-11,-1.0,42172519717.30966,2.1973475262054242e-11,2.5512970734151942e-11,1.567919706673436e-24
20,30,Zn,3d¹⁰4s²→3d¹⁰4s4p,upper,0,12,2.5121589209946236e-11,1.771756012202277e-12,0.0,39880886563.55408,2.3316156023124313e-11,2.678572366089447e-11,7.833702918851719e-25
20,30,Zn,3d¹⁰4s²→3d¹⁰4s4p,upper,0,13,2.5549616901633065e-11,1.771756012202277e-12,0.0,39210329021.34237,2.3745197664694854e-11,2.7214752301509833e-11,7.834173404923329e-25
20,30,Zn,3d¹⁰4s²→3d¹⁰4s4p,upper,0,14,2.5547076673948697e-11,1.771756012202277e-12,0.0,39214241955.03763,2.3846207186210856e-11,2.7172270860676232e-11,7.834170680025774e-25
20,30,Zn,3d¹⁰4s²→3d¹⁰4s4p,upper,0,15,2.5483334449295093e-11,1.771756012202277e-12,0.0,39312686433.288605,2.3678760427420276e-11,2.7148317061637198e-11,7.834102104679476e-25
20,30,Zn,3d¹⁰4s²→3d¹⁰4s4p,upper,0,16,2.5419766102794984e-11,1.771756012202277e-12,0.0,39411356762.489525,2.3669862142048213e-11,2.7116614189851592e-11,7.834033194936029e-25
20,30,Zn,3d¹⁰4s²→3d¹⁰4s4p,upper,0,17,2.5443471238649602e-11,1.771756012202277e-12,0.0,39374503857.6551,2.3702992142605716e-11,2.70569060884486e-11,7.834058954450522e-25
20,30,Zn,3d¹⁰4s²→3d¹⁰4s4p,upper,0,18,2.3438745679003747e-11,-1.2325396280578621e-11,0.5773502691896257,40955037137.73056,2.2719258082741e-11,2.6124543393110947e-11,1.0442791301203074e-24
20,30,Zn,3d¹⁰4s²→3d¹⁰4s4p,upper,0,19,2.354296202577377e-11,-1.2385680036921143e-11,0.5773502691896257,40780647601.344154,2.281187724894458e-11,2.618767808172773e-11,1.0442969189877552e-24
20,30,Zn,3d¹⁰4s²→3d¹⁰4s4p,upper,0,20,2.3612230450017202e-11,-1.2425747670660384e-11,0.5773502691896257,40665558748.391754,2.291230000046406e-11,2.630734747704508e-11,1.0443086164314862e-24
20,30,Zn,3d¹⁰4s²→3d¹⁰4s4p,upper,0,21,2.3603779196420468e-11,-1.2420859150545079e-11,0.5773502691896257,40679565556.18711,2.2903835253860486e-11,2.6298881572500836e-11,1.0443071944930228e-24
20,30,Zn,3d¹⁰4s²→3d¹⁰4s4p,upper,0,22,2.3602652225118946e-11,-1.2420207267835957e-11,0.5773502691896257,40681434089.36035,2.287166861610896e-11,2.6247464152799717e-11,1.0443070053630329e-24
20,30,Zn,3d¹⁰4s²→3d¹⁰4s4p,upper,0,23,2.5794659513954618e-11,1.6050285344661464e-11,-0.5773502691896257,40434797292.1548,2.302914394042387e-11,2.644229883145877e-11,1.0443319726223483e-24
20,30,Zn,3d¹⁰4s²→3d¹⁰4s4p,upper,0,24,2.581449339333418e-11,1.6061754477304893e-11,-0.5773502691896257,40402344566.71151,2.3090807253824412e-11,2.6467529438439667e-11,1.0443352463617535e-24
20,30,Zn,3d¹⁰4s²→3d¹⁰4s4p,upper,0,25,2.569998176409923e-11,1.5995536635252614e-11,-0.5773502691896257,40590433841.0584,2.2926767279676793e-11,2.6333119272311297e-11,1.0443162349689188e-24
20,30,Zn,3d¹⁰4s²→3d¹⁰4s4p,upper,0,26,2.5631344064205045e-11,1.5955845541987176e-11,-0.5773502691896257,40704016685.27914,2.2858033509453903e-11,2.6264386091972697e-11,1.0443047114838653e-24
20,30,Zn,3d¹⁰4s²→3d¹⁰4s4p,upper,0,27,2.5801786212476302e-11,1.6054406430231645e-11,-0.5773502691896257,40423130388.593155,2.3078084328352558e-11,2.6454804119941296e-11,1.044333149694792e-24
20,30,Zn,3d¹⁰4s²→3d¹⁰4s4p,upper,0,28,6.651832149017406e-11,-6.651832149017406e-11,1.0,14645880929.906755,6.652081424822705e-11,7.005946674823869e-11,1.5693615669744723e-24
20,30,Zn,3d¹⁰4s²→3d¹⁰4s4p,upper,0,29,7.133575654462803e-11,1.771756012202277e-12,0.0,14021459447.047474,6.955442310017252e-11,7.30736789192324e-11,7.846057631277207e-25
20,30,Zn,3d¹⁰4s²→3d¹⁰4s4p,upper,1,2,9.532327527966898e-12,9.532327527966898e-12,-1.0,130628131419.59297,5.988695433902162e-12,9.25273794724846e-12,1.558247812914079e-24
20,30,Zn,3d¹⁰4s²→3d¹⁰4s4p,upper,1,3,5.994317455872655e-12,-5.994317455872655e-12,1.0,130470599437.05849,6.189595982505527e-12,9.506371368622465e-12,1.5521864916470626e-24
20,30,Zn,3d¹⁰4s²→3d¹⁰4s4p,upper,1,4,8.07361385096671e-12,1.771816047032368e-12,0.0,125786038060.06699,7.1626434730010125e-12,9.515401142453842e-12,6.949002269152066e-25
20,30,Zn,3d¹⁰4s²→3d¹⁰4s4p,upper,1,5,8.079774228789554e-12,1.771816047032368e-12,0.0,125973469407.1421,7.0158302244316434e-12,9.113723395584951e-12,7.564591579385011e-25
20,30,Zn,3d¹⁰4s²→3d¹⁰4s4p,upper,1,6,8.079790472264429e-12,1.771816047032368e-12,0.0,125855238828.22496,6.9633385123196484e-12,9.367978361801641e-12,7.306878643706185e-25
20,30,Zn,3d¹⁰4s²→3d¹⁰4s4p,upper,1,7,8.079487886674816e-12,1.771816047032368e-12,0.0,126722303340.95142,6.1728781515387066e-12,8.796238687259014e-12,8.92845404318477e-25
20,30,Zn,3d¹⁰4s²→3d¹⁰4s4p,upper,1,8,8.076124672499767e-12,1.771816047032368e-12,0.0,126611922548.32216,6.26490819520549e-12,8.956383355279474e-12,8.62593069311672e-25
20,30,Zn,3d¹⁰4s²→3d¹⁰4s4p,upper,1,9,8.07617472912201e-12,1.771816047032368e-12,0.0,126037961730.44556,6.757350885462935e-12,9.272244333518554e-12,7.552940406022291e-25
20,30,Zn,3d¹⁰4s²→3d¹⁰4s4p,upper,1,10,2.525892608116616e-11,2.525892608116616e-11,-1.0,42637314106.74611,2.171529398710142e-11,2.5254912462013632e-11,1.5679895692900926e-24
20,30,Zn,3d¹⁰4s²→3d¹⁰4s4p,upper,1,11,2.1973415227224155e-11,-2.1973415227224155e-11,1.0,42172523714.75809,2.1973415227224152e-11,2.5513030642324592e-11,1.5680258531536619e-24
20,30,Zn,3d¹⁰4s²→3d¹⁰4s4p,upper,1,12,2.5121593444107673e-11,1.771816047032368e-12,0.0,39880884880.79508,2.3302275581397042e-11,2.6757931118651644e-11,7.8342328537150165e-25
20,30,Zn,3d¹⁰4s²→3d¹⁰4s4p,upper,1,13,2.5549621064860443e-11,1.771816047032368e-12,0.0,39210327421.814835,2.3813703941524155e-11,2.7174874014452045e-11,7.834703401500119e-25
20,30,Zn,3d¹⁰4s²→3d¹⁰4s4p,upper,1,14,2.5547080837590037e-11,1.771816047032368e-12,0.0,39214240355.09635,2.379739392873583e-11,2.7244288935041932e-11,7.834700677433355e-25
20,30,Zn,3d¹⁰4s²→3d¹⁰4s4p,upper,1,15,2.5483338623351073e-11,1.771816047032368e-12,0.0,39312684821.22458,2.3701620059696236e-11,2.7168367502942924e-11,7.834632091639721e-25
20,30,Zn,3d¹⁰4s²→3d¹⁰4s4p,upper,1,16,2.541977028728921e-11,1.771816047032368e-12,0.0,39411355138.36371,2.3696734352223e-11,2.704858455687313e-11,7.834563174281025e-25
20,30,Zn,3d¹⁰4s²→3d¹⁰4s4p,upper,1,17,2.5443475419245227e-11,1.771816047032368e-12,0.0,39374502238.10775,2.3620324411621408e-11,2.7044900059945733e-11,7.834588937872373e-25
20,30,Zn,3d¹⁰4s²→3d¹⁰4s4p,upper,1,18,2.5481043183153065e-11,1.5868968339813267e-11,-0.5773502691896257,40955037129.24823,2.2720996899364735e-11,2.6177634359389165e-11,1.0443497587668e-24
20,30,Zn,3d¹⁰4s²→3d¹⁰4s4p,upper,1,19,2.5585289979066535e-11,1.592925209615579e-11,-0.5773502691896257,40780647592.76975,2.286509784593573e-11,2.6287114903536322e-11,1.0443675495767927e-24
20,30,Zn,3d¹⁰4s²→3d¹⁰4s4p,upper,1,20,2.565457842735702e-11,1.596931972989503e-11,-0.5773502691896257,40665558740.282974,2.2904389988855348e-11,2.635355836513761e-11,1.0443792492122378e-24
20,30,Zn,3d¹⁰4s²→3d¹⁰4s4p,upper,1,21,2.564612473976295e-11,1.5964431209779725e-11,-0.5773502691896257,40679565548.11936,2.2862715475189832e-11,2.6334124063347702e-11,1.0443778271769585e-24
20,30,Zn,3d¹⁰4s²→3d¹⁰4s4p,upper,1,22,2.564499744369872e-11,1.5963779327070603e-11,-0.5773502691896257,40681434081.038,2.2837367307946457e-11,2.6314058349092282e-11,1.0443776375804404e-24
20,30,Zn,3d¹⁰4s²→3d¹⁰4s4p,upper,1,23,2.3752277301338215e-11,-1.2506713285426821e-11,0.5773502691896257,40434797284.3709,2.2987291057162662e-11,2.646397941472744e-11,1.0444026087411224e-24
20,30,Zn,3d¹⁰4s²→3d¹⁰4s4p,upper,1,24,2.3772105571811542e-11,-1.2518182418070248e-11,0.5773502691896257,40402344558.96258,2.303136115365228e-11,2.6502787757964357e-11,1.0444058829307016e-24
20,30,Zn,3d¹⁰4s²→3d¹⁰4s4p,upper,1,25,2.365762651298162e-11,-1.2451964576017969e-11,0.5773502691896257,40590433832.78409,2.2949891074504763e-11,2.6399070238619357e-11,1.0443868683603831e-24
20,30,Zn,3d¹⁰4s²→3d¹⁰4s4p,upper,1,26,2.3589008554590604e-11,-1.2412273482752531e-11,0.5773502691896257,40704016676.82903,2.2911246758707406e-11,2.6333279314906955e-11,1.044375343208041e-24
20,30,Zn,3d¹⁰4s²→3d¹⁰4s4p,upper,1,27,2.3759401982915917e-11,-1.2510834370997e-11,0.5773502691896257,40423130380.68806,2.304221399383238e-11,2.6498916744068752e-11,1.0444037857377987e-24
20,30,Zn,3d¹⁰4s²→3d¹⁰4s4p,upper,1,28,7.00618935494087e-11,7.00618935494087e-11,-1.0,14645881097.031345,6.655799934224804e-11,7.002414410992456e-11,1.5694679089874586e-24
20,30,Zn,3d¹⁰4s²→3d¹⁰4s4p,upper,1,29,7.133575803572979e-11,1.771816047032368e-12,0.0,14021459373.76326,6.967178747392586e-11,7.296178985779112e-11,7.8465892395378465e-25
20,30,Zn,3d¹⁰4s²→3d¹⁰4s4p,upper,2,3,1.5526644983839552e-11,1.5526644983839552e-11,-1.0,138782864551.992,3.2281756952072303e-12,1.5441588409220824e-11,2.0658182411595187e-23
20,30,Zn,3d¹⁰4s²→3d¹⁰4s4p,upper,2,4,1.1057551580513507e-11,7.760511480934531e-12,0.0,81945598118.36041,9.86947134842681e-12,1.453058602388101e-11,3.053023881362265e-24
20,30,Zn,3d¹⁰4s²→3d¹⁰4s4p,upper,2,5,1.1062050349252939e-11,7.760511480934531e-12,0.0,181119954088.48175,2.9234095109825873e-12,1.106205034925308e-11,9.958161249955291e-24
20,30,Zn,3d¹⁰4s²→3d¹⁰4s4p,upper,2,6,1.1062062213569869e-11,7.760511480934531e-12,0.0,79275267654.20607,1.034363098890071e-11,1.4859797346613305e-11,2.8710450662348855e-24
20,30,Zn,3d¹⁰4s²→3d¹⁰4s4p,upper,2,7,1.1061841205338302e-11,7.760511480934531e-12,0.0,95396729300.15967,7.843772433531238e-12,1.324172055155364e-11,4.056313939355612e-24
20,30,Zn,3d¹⁰4s²→3d¹⁰4s4p,upper,2,8,1.1059384976885232e-11,7.760511480934531e-12,0.0,79278087880.11484,1.0714294307960547e-11,1.5118357279659445e-11,2.8623755943796312e-24
20,30,Zn,3d¹⁰4s²→3d¹⁰4s4p,upper,2,9,1.1059421530826295e-11,7.760511480934531e-12,0.0,341525475949.2716,8.270993072973313e-13,1.0698292311733706e-11,1.2768508014775787e-23
20,30,Zn,3d¹⁰4s²→3d¹⁰4s4p,upper,2,10,1.572659855319926e-11,-1.572659855319926e-11,1.0,43815884450.36686,1.572659855319926e-11,3.123340902863242e-11,2.948470464792992e-23
20,30,Zn,3d¹⁰4s²→3d¹⁰4s4p,upper,2,11,3.150574275519105e-11,3.150574275519105e-11,-1.0,43310763750.45212,1.642523301732923e-11,3.1491491812834955e-11,2.949771177108803e-23
20,30,Zn,3d¹⁰4s²→3d¹⁰4s4p,upper,2,12,2.623319773707027e-11,7.760511480934531e-12,0.0,39445794075.23625,1.7387114668899385e-11,3.2557755063051214e-11,1.4539772792842083e-23
20,30,Zn,3d¹⁰4s²→3d¹⁰4s4p,upper,2,13,2.6643373339334412e-11,7.760511480934531e-12,0.0,38796188476.2871,1.8365495933102874e-11,3.290056602749396e-11,1.4556769434081792e-23
20,30,Zn,3d¹⁰4s²→3d¹⁰4s4p,upper,2,14,2.6640937402117727e-11,7.760511480934531e-12,0.0,38799954220.86934,1.8209445362404403e-11,3.319904154324395e-11,1.4556614647698972e-23
20,30,Zn,3d¹⁰4s²→3d¹⁰4s4p,upper,2,15,2.6579818542149074e-11,7.760511480934531e-12,0.0,38895327635.227974,1.837778825398488e-11,3.314959355103707e-11,1.4554071956109922e-23
20,30,Zn,3d¹⁰4s²→3d¹⁰4s4p,upper,2,16,2.6518878705551382e-11,7.760511480934531e-12,0.0,38991018806.65595,1.8161628068519944e-11,3.2701516703100015e-11,1.4551734210174136e-23
20,30,Zn,3d¹⁰4s²→3d¹⁰4s4p,upper,2,17,2.6541602207683907e-11,7.760511480934531e-12,0.0,38955322131.64788,1.7789816323843256e-11,3.298010049349737e-11,1.4552680581873607e-23
20,30,Zn,3d¹⁰4s²→3d¹⁰4s4p,upper,2,18,2.0919187897957998e-11,-6.336640811846367e-12,0.5773502691896257,40933236723.926544,1.6793679337728437e-11,3.2015914410277755e-11,1.9309706537530718e-23
20,30,Zn,3d¹⁰4s²→3d¹⁰4s4p,upper,2,19,2.101872105769372e-11,-6.3969245681888894e-12,0.5773502691896257,40759237563.20235,1.706880580365172e-11,3.221044085004837e-11,1.9316064375743739e-23
20,30,Zn,3d¹⁰4s²→3d¹⁰4s4p,upper,2,20,2.108490195038813e-11,-6.43699220192813e-12,0.5773502691896257,40644503224.78716,1.6967050262195565e-11,3.218945369856949e-11,1.9320408687828233e-23
20,30,Zn,3d¹⁰4s²→3d¹⁰4s4p,upper,2,21,2.107682632867867e-11,-6.432103681812825e-12,0.5773502691896257,40658415176.318726,1.7129398051434883e-11,3.227133035253073e-11,1.931979601923164e-23
20,30,Zn,3d¹⁰4s²→3d¹⁰4s4p,upper,2,22,2.107574947013988e-11,-6.431451799103703e-12,0.5773502691896257,40660338240.560715,1.6957478212566525e-11,3.2179872512750414e-11,1.931982367447951e-23
20,30,Zn,3d¹⁰4s²→3d¹⁰4s4p,upper,2,23,2.989100399401514e-11,2.203904081339372e-11,-0.5773502691896257,40414357852.10635,1.7012317589532186e-11,3.2131463562052516e-11,1.932894772243953e-23
20,30,Zn,3d¹⁰4s²→3d¹⁰4s4p,upper,2,24,2.9910417936658017e-11,2.205050994603715e-11,-0.5773502691896257,40381857133.62284,1.7662725268944483e-11,3.248970120192742e-11,1.9329924028486226e-23
20,30,Zn,3d¹⁰4s²→3d¹⁰4s4p,upper,2,25,2.97983383721082e-11,2.198429210398487e-11,-0.5773502691896257,40569606540.96729,1.6917563176641916e-11,3.2036962800252055e-11,1.9323236102132582e-23
20,30,Zn,3d¹⁰4s²→3d¹⁰4s4p,upper,2,26,2.9731167234025227e-11,2.194460101071943e-11,-0.5773502691896257,40682764395.62422,1.7481401689538122e-11,3.230630032620943e-11,1.931883090983557e-23
20,30,Zn,3d¹⁰4s²→3d¹⁰4s4p,upper,2,27,2.9897979738290056e-11,2.20431618989639e-11,-0.5773502691896257,40402719793.982025,1.70194500471344e-11,3.213857697158005e-11,1.9329375024455602e-23
20,30,Zn,3d¹⁰4s²→3d¹⁰4s4p,upper,2,28,6.05295660214418e-11,-6.05295660214418e-11,1.0,14691039119.931587,6.05415639253073e-11,7.604103816315568e-11,3.0039696503325935e-23
20,30,Zn,3d¹⁰4s²→3d¹⁰4s4p,upper,2,29,7.173476549674769e-11,7.760511480934531e-12,0.0,14001886785.435408,6.378975483803382e-11,7.888358726281602e-11,1.4992340374295297e-23
20,30,Zn,3d¹⁰4s²→3d¹⁰4s4p,upper,3,4,1.1061498004110652e-11,7.766133502905023e-12,0.0,167871140541.9019,3.3469024301205194e-12,1.1181038098321454e-11,9.238760109293227e-24
20,30,Zn,3d¹⁰4s²→3d¹⁰4s4p,upper,3,5,1.1065995168471485e-11,7.766133502905023e-12,0.0,81859979260.8578,1.0267523073481556e-11,1.4809696906115406e-11,3.0482658486155553e-24
20,30,Zn,3d¹⁰4s²→3d¹⁰4s4p,upper,3,6,1.1066007028559012e-11,7.766133502905023e-12,0.0,81871436253.32938,1.0010820735362827e-11,1.4719598419792622e-11,3.052979339011927e-24
20,30,Zn,3d¹⁰4s²→3d¹⁰4s4p,upper,3,7,1.106578609911413e-11,7.766133502905023e-12,0.0,76101851894.51222,1.1298546011365408e-11,1.5542136072737692e-11,2.6538994373382962e-24
20,30,Zn,3d¹⁰4s²→3d¹⁰4s4p,upper,3,8,1.1063330746487782e-11,7.766133502905023e-12,0.0,95270161394.38518,8.330861863516553e-12,1.3537145275335719e-11,4.027986026340786e-24
20,30,Zn,3d¹⁰4s²→3d¹⁰4s4p,upper,3,9,1.1063367287391818e-11,7.766133502905023e-12,0.0,182293047890.77032,2.4500602018386414e-12,1.1063367287391857e-11,9.890089898680334e-24
20,30,Zn,3d¹⁰4s²→3d¹⁰4s4p,upper,3,10,3.125324353703882e-11,3.125324353703882e-11,-1.0,43817164573.05115,1.6164193416694123e-11,3.1239023311815437e-11,2.9525610167956014e-23
20,30,Zn,3d¹⁰4s²→3d¹⁰4s4p,upper,3,11,1.59790977713515e-11,-1.59790977713515e-11,1.0,43313181448.781166,1.5979097771351497e-11,3.149710605406143e-11,2.954038791653345e-23
20,30,Zn,3d¹⁰4s²→3d¹⁰4s4p,upper,3,12,2.6234861437626386e-11,7.766133502905023e-12,0.0,39445000913.21213,1.7781221481904228e-11,3.277829160248744e-11,1.455983068269613e-23
20,30,Zn,3d¹⁰4s²→3d¹⁰4s4p,upper,3,13,2.6645011428753094e-11,7.766133502905023e-12,0.0,38795550742.71961,1.8206845622803023e-11,3.3207182698573314e-11,1.4577090092898393e-23
20,30,Zn,3d¹⁰4s²→3d¹⁰4s4p,upper,3,14,2.6642575641307327e-11,7.766133502905023e-12,0.0,38799324040.31317,1.848186460376279e-11,3.294516884598852e-11,1.4576961479986816e-23
20,30,Zn,3d¹⁰4s²→3d¹⁰4s4p,upper,3,15,2.6581460548148946e-11,7.766133502905023e-12,0.0,38894824757.948105,1.7824214752468072e-11,3.302553306680909e-11,1.4574650809236043e-23
20,30,Zn,3d¹⁰4s²→3d¹⁰4s4p,upper,3,16,2.6520524484613305e-11,7.766133502905023e-12,0.0,38990406355.99055,1.7760674696710384e-11,3.296190496612124e-11,1.4572102415225705e-23
20,30,Zn,3d¹⁰4s²→3d¹⁰4s4p,upper,3,17,2.654324657780503e-11,7.766133502905023e-12,0.0,38954649549.19611,1.825520802963511e-11,3.279992770685688e-11,1.4572952465920728e-23
20,30,Zn,3d¹⁰4s²→3d¹⁰4s4p,upper,3,18,2.9588218454573387e-11,2.1863285795685923e-11,-0.5773502691896257,40933133089.31825,1.7026628681795565e-11,3.198589988568871e-11,1.9336526902340295e-23
20,30,Zn,3d¹⁰4s²→3d¹⁰4s4p,upper,3,19,2.9690215439984054e-11,2.1923569552028442e-11,-0.5773502691896257,40759226933.3092,1.7122143062246916e-11,3.2057778894811107e-11,1.9343051159404088e-23
20,30,Zn,3d¹⁰4s²→3d¹⁰4s4p,upper,3,20,2.975801707234262e-11,2.1963637185767686e-11,-0.5773502691896257,40644450454.42373,1.7235201879998782e-11,3.206675838936308e-11,1.9347338682082396e-23
20,30,Zn,3d¹⁰4s²→3d¹⁰4s4p,upper,3,21,2.974974442372543e-11,2.1958748665652378e-11,-0.5773502691896257,40658421605.27411,1.7226796756835025e-11,3.205831497593573e-11,1.9346821077230912e-23
20,30,Zn,3d¹⁰4s²→3d¹⁰4s4p,upper,3,22,2.9748641276754313e-11,2.195809678294326e-11,-0.5773502691896257,40660267825.235886,1.7181551109619157e-11,3.211744832892239e-11,1.934672307436317e-23
20,30,Zn,3d¹⁰4s²→3d¹⁰4s4p,upper,3,23,2.1217070939142126e-11,-6.512395829554165e-12,0.5773502691896257,40414226445.0746,1.7330509839535055e-11,3.23038308449484e-11,1.9355768707302274e-23
20,30,Zn,3d¹⁰4s²→3d¹⁰4s4p,upper,3,24,2.1236028967541453e-11,-6.523864962197593e-12,0.5773502691896257,40381836274.68575,1.7394244997682242e-11,3.231927920318933e-11,1.9356929391095665e-23
20,30,Zn,3d¹⁰4s²→3d¹⁰4s4p,upper,3,25,2.1126596430888852e-11,-6.457647120145313e-12,0.5773502691896257,40569439824.455246,1.737611160322882e-11,3.217243501493463e-11,1.9349984329031335e-23
20,30,Zn,3d¹⁰4s²→3d¹⁰4s4p,upper,3,26,2.106102920421675e-11,-6.417956026879875e-12,0.5773502691896257,40682732061.95382,1.730797746646872e-11,3.210384099004314e-11,1.9345787070029572e-23
20,30,Zn,3d¹⁰4s²→3d¹⁰4s4p,upper,3,27,2.1223882741675018e-11,-6.5165169151243444e-12,0.5773502691896257,40402570156.77194,1.738160938187289e-11,3.230657615797498e-11,1.9356165660229136e-23
20,30,Zn,3d¹⁰4s²→3d¹⁰4s4p,upper,3,28,7.605621100528135e-11,7.605621100528135e-11,-1.0,14691108652.931564,6.053595170929377e-11,7.604665397228904e-11,3.0083129865512474e-23
20,30,Zn,3d¹⁰4s²→3d¹⁰4s4p,upper,3,29,7.173537392397569e-11,7.766133502905023e-12,0.0,14001856987.518265,6.416802250806318e-11,7.85773035388076e-11,1.5013976944224947e-23
20,30,Zn,3d¹⁰4s²→3d¹⁰4s4p,upper,4,5,1.3648478745122597e-11,1.1818350453565654e-11,-0.49999999999999983,323159273717.6923,8.237034781501715e-13,1.3006581927900915e-11,1.9975979588159879e-23
20,30,Zn,3d¹⁰4s²→3d¹⁰4s4p,upper,4,6,1.3648493165255518e-11,1.1818358777920323e-11,-0.5000000000000004,172888095548.5472,2.1724482709664116e-12,1.3450393182498216e-11,1.6632259422161895e-23
20,30,Zn,3d¹⁰4s²→3d¹⁰4s4p,upper,4,7,1.5759611847503672e-11,1.575961184750367e-11,-1.0,136731291987.38599,3.276612838185651e-12,1.567327905748267e-11,2.1282755704359293e-23
20,30,Zn,3d¹⁰4s²→3d¹⁰4s4p,upper,4,8,7.878082658691246e-12,3.937111017134666e-12,0.49999999999999983,134085428196.55174,6.060471491702265e-12,9.63674699575921e-12,2.050164552475532e-24
20,30,Zn,3d¹⁰4s²→3d¹⁰4s4p,upper,4,9,7.878108324674274e-12,3.937085363846134e-12,0.5000000000000004,117263101106.1358,7.0165039301734736e-12,1.0389172183371732e-11,1.6042803074548787e-24
20,30,Zn,3d¹⁰4s²→3d¹⁰4s4p,upper,4,10,2.4772731909611996e-11,7.876795573708899e-12,0.0,42004474174.802185,1.6202408406430247e-11,3.120298717953359e-11,1.4886884808586852e-23
20,30,Zn,3d¹⁰4s²→3d¹⁰4s4p,upper,4,11,2.5017592145886666e-11,7.876795573708899e-12,0.0,41559873220.182236,1.613085652291059e-11,3.12068880255006e-11,1.4900754959108556e-23
20,30,Zn,3d¹⁰4s²→3d¹⁰4s4p,upper,4,12,1.718223723018264e-11,-1.718223723018264e-11,1.0,40950323517.39478,1.718223723018264e-11,3.2921226460004985e-11,3.043746189473546e-23
20,30,Zn,3d¹⁰4s²→3d¹⁰4s4p,upper,4,13,3.0206826268175226e-11,2.0620851094356934e-11,-0.49999999999999983,39103373279.40814,1.794627764475709e-11,3.329556687802617e-11,1.8679464263593374e-23
20,30,Zn,3d¹⁰4s²→3d¹⁰4s4p,upper,4,14,3.020434569424346e-11,2.0619577915272295e-11,-0.5000000000000004,39107321931.4903,1.7657266814625687e-11,3.3009597188145705e-11,1.8679449747239507e-23
20,30,Zn,3d¹⁰4s²→3d¹⁰4s4p,upper,4,15,3.329846379764446e-11,3.3298463797644463e-11,-1.0,40335420568.81227,1.7655594726024207e-11,3.3166793428355464e-11,3.04545221856798e-23
20,30,Zn,3d¹⁰4s²→3d¹⁰4s4p,upper,4,16,2.2479545071948672e-11,-4.802177071521763e-12,0.49999999999999983,39302618455.87206,1.7734972463246987e-11,3.3136095488612236e-11,1.8672240337192065e-23
20,30,Zn,3d¹⁰4s²→3d¹⁰4s4p,upper,4,17,2.250218858908006e-11,-4.8140585081212085e-12,0.5000000000000004,39266169947.14684,1.7553498706631614e-11,3.290607707395763e-11,1.8673703551742326e-23
20,30,Zn,3d¹⁰4s²→3d¹⁰4s4p,upper,4,18,1.8735702551665916e-11,-1.162393056729086e-11,0.7986541716418109,41425290971.86668,1.65915995550298e-11,3.2076074502332727e-11,2.4560981322310788e-23
20,30,Zn,3d¹⁰4s²→3d¹⁰4s4p,upper,4,19,2.2486363530903987e-11,-2.1340234608411553e-12,0.408248290463863,40511117252.22574,1.6991047059053097e-11,3.226674362894667e-11,1.7382863043044525e-23
20,30,Zn,3d¹⁰4s²→3d¹⁰4s4p,upper,4,20,2.963782788073626e-11,2.1311802139697052e-11,-0.5463428522861039,40590924369.45958,1.7318336102689265e-11,3.234718644075539e-11,1.9354872779076916e-23
20,30,Zn,3d¹⁰4s²→3d¹⁰4s4p,upper,4,21,3.0906224582898685e-11,2.6212921685016537e-11,-0.7459067426872383,41006405293.33082,1.6973219040333386e-11,3.2276554915511506e-11,2.3298690885153113e-23
20,30,Zn,3d¹⁰4s²→3d¹⁰4s4p,upper,4,22,2.51640490071735e-11,5.778860506640159e-12,0.08534713286766836,40190542584.405655,1.7334385658230967e-11,3.241540072499985e-11,1.5046884060920846e-23
20,30,Zn,3d¹⁰4s²→3d¹⁰4s4p,upper,4,23,3.1382035631703685e-11,2.7628422315452176e-11,-0.7986541716418109,40887716318.96337,1.7088496870773306e-11,3.253274333139527e-11,2.4582349912675235e-23
20,30,Zn,3d¹⁰4s²→3d¹⁰4s4p,upper,4,24,2.8876272305034513e-11,1.7981350391528316e-11,-0.408248290463863,40140278769.89413,1.7628268130310056e-11,3.2562945643372255e-11,1.7395779418860567e-23
20,30,Zn,3d¹⁰4s²→3d¹⁰4s4p,upper,4,25,2.137639795608424e-11,-5.583076692041788e-12,0.5463428522861039,40516330168.82514,1.6990511475835736e-11,3.219587501593297e-11,1.935782562162167e-23
20,30,Zn,3d¹⁰4s²→3d¹⁰4s4p,upper,4,26,1.941449928842652e-11,-1.0448315859938154e-11,0.7459067426872383,41031363347.18424,1.6960810964876385e-11,3.231472536567747e-11,2.3297584348869875e-23
20,30,Zn,3d¹⁰4s²→3d¹⁰4s4p,upper,4,27,2.6594875811343385e-11,9.988136518679773e-12,-0.08534713286766836,39941438009.81995,1.7111079272551578e-11,3.248616256699041e-11,1.505439394615327e-23
20,30,Zn,3d¹⁰4s²→3d¹⁰4s4p,upper,4,28,6.874284394604698e-11,7.876795573708899e-12,0.0,14619199338.230957,6.071432589120302e-11,7.59271217626342e-11,1.5436859699582782e-23
20,30,Zn,3d¹⁰4s²→3d¹⁰4s4p,upper,4,29,6.343695515101225e-11,-6.343695515101225e-11,1.0,14065605130.664558,6.344908923555338e-11,7.91808245540176e-11,3.095084783681207e-23
20,30,Zn,3d¹⁰4s²→3d¹⁰4s4p,upper,5,6,1.3653961043673643e-11,1.182467296392493e-11,-0.4999999999999997,154502224318.0857,2.955990730584671e-12,1.3604141520134487e-11,1.57199900907918e-23
20,30,Zn,3d¹⁰4s²→3d¹⁰4s4p,upper,5,7,7.882963020851618e-12,3.9417016228161275e-12,0.49999999999999983,188104300233.13208,3.740657560328851e-12,8.37852476851527e-12,3.5567744591700054e-24
20,30,Zn,3d¹⁰4s²→3d¹⁰4s4p,upper,5,8,1.5762478872861977e-11,1.576247887286198e-11,-0.9999999999999999,136706490469.74867,3.2772056764649816e-12,1.56761303692177e-11,2.1290510552453696e-23
20,30,Zn,3d¹⁰4s²→3d¹⁰4s4p,upper,5,9,7.881265737358042e-12,3.943399549850751e-12,0.4999999999999997,134173063017.57782,5.613046079041562e-12,9.500363962232217e-12,2.065042491114898e-24
20,30,Zn,3d¹⁰4s²→3d¹⁰4s4p,upper,5,10,2.4774740306190877e-11,7.883109759713512e-12,0.0,42003566412.82199,1.6410505678092673e-11,3.123744601069442e-11,1.4909721094932896e-23
20,30,Zn,3d¹⁰4s²→3d¹⁰4s4p,upper,5,11,2.5019580886809844e-11,7.883109759713512e-12,0.0,41558997420.6307,1.618004551185868e-11,3.1325605554205394e-11,1.492364037427353e-23
20,30,Zn,3d¹⁰4s²→3d¹⁰4s4p,upper,5,12,2.9793315535796634e-11,2.0412626161659275e-11,-0.49999999999999983,39767620177.17162,1.7834026685556247e-11,3.2916587172725595e-11,1.8683923316551127e-23
20,30,Zn,3d¹⁰4s²→3d¹⁰4s4p,upper,5,13,1.760500128158257e-11,-1.7605001281582566e-11,0.9999999999999999,40226341576.12946,1.7605001281582563e-11,3.335655090886977e-11,3.050522977545545e-23
20,30,Zn,3d¹⁰4s²→3d¹⁰4s4p,upper,5,14,3.020865654720341e-11,2.0625892101276893e-11,-0.4999999999999997,39107076812.346375,1.7692481878258366e-11,3.3139077181798555e-11,1.8708252605327085e-23
20,30,Zn,3d¹⁰4s²→3d¹⁰4s4p,upper,5,15,2.2538918205788852e-11,-4.827724352254265e-12,0.49999999999999983,39204596182.802765,1.7792395328591864e-11,3.3206013706711036e-11,1.8704612851466866e-23
20,30,Zn,3d¹⁰4s²→3d¹⁰4s4p,upper,5,16,3.324105505017484e-11,3.324105505017484e-11,-0.9999999999999999,40443830691.95312,1.758580940844657e-11,3.310938197792689e-11,3.049953118856968e-23
20,30,Zn,3d¹⁰4s²→3d¹⁰4s4p,upper,5,17,2.250083859427811e-11,-4.807744322116581e-12,0.4999999999999997,39265931357.46735,1.758878884786842e-11,3.303544067827847e-11,1.870250644265361e-23
20,30,Zn,3d¹⁰4s²→3d¹⁰4s4p,upper,5,18,2.9472946930399153e-11,2.122315444967257e-11,-0.5463428522861037,40878397342.45853,1.7088527886238538e-11,3.2150907759434004e-11,1.9373547969056673e-23
20,30,Zn,3d¹⁰4s²→3d¹⁰4s4p,upper,5,19,2.248576517423354e-11,-2.127709274836547e-12,0.40824829046386313,40510729327.35005,1.6856834701394383e-11,3.2196536035397326e-11,1.7409696896711617e-23
20,30,Zn,3d¹⁰4s²→3d¹⁰4s4p,upper,5,20,1.889998420318698e-11,-1.175643342285678e-11,0.7986541716418107,41126859385.45274,1.6852919838382422e-11,3.2351902191294773e-11,2.461102566496778e-23
20,30,Zn,3d¹⁰4s²→3d¹⁰4s4p,upper,5,21,2.5166572488951026e-11,5.785078327711457e-12,0.08534713286766828,40188195145.277794,1.683707083362319e-11,3.224852486936177e-11,1.5070503726815957e-23
20,30,Zn,3d¹⁰4s²→3d¹⁰4s4p,upper,5,22,3.091046741518233e-11,2.621839367221373e-11,-0.7459067426872384,41008622578.99533,1.7181753843079925e-11,3.233458109682291e-11,2.3334321816528863e-23
20,30,Zn,3d¹⁰4s²→3d¹⁰4s4p,upper,5,23,2.14649597362596e-11,-5.6285708581825665e-12,0.5463428522861037,40361507779.00754,1.7132641195063786e-11,3.2320953950422063e-11,1.9393536236490896e-23
20,30,Zn,3d¹⁰4s²→3d¹⁰4s4p,upper,5,24,2.8880204592166942e-11,1.798766457753293e-11,-0.40824829046386313,40139852511.20202,1.746127921590495e-11,3.2559392799180264e-11,1.7422571551418858e-23
20,30,Zn,3d¹⁰4s²→3d¹⁰4s4p,upper,5,25,3.129385982550304e-11,2.755900208598183e-11,-0.7986541716418107,41049078517.34971,1.7170340692297844e-11,3.249296366555454e-11,2.4613855579665065e-23
20,30,Zn,3d¹⁰4s²→3d¹⁰4s4p,upper,5,26,2.6434196804448844e-11,9.979880885159808e-12,-0.08534713286766828,40211754717.803406,1.6822342469436867e-11,3.223378946846455e-11,1.5069763253946496e-23
20,30,Zn,3d¹⁰4s²→3d¹⁰4s4p,upper,5,27,1.9575505053371776e-11,-1.0569337253442295e-11,0.7459067426872384,40744542994.83011,1.7122393664737788e-11,3.249441401776109e-11,2.3345279250728656e-23
20,30,Zn,3d¹⁰4s²→3d¹⁰4s4p,upper,5,28,6.874356773374697e-11,7.883109759713512e-12,0.0,14619160728.446712,6.061330725736538e-11,7.60090994082466e-11,1.5461500172922383e-23
20,30,Zn,3d¹⁰4s²→3d¹⁰4s4p,upper,5,29,7.556433408858429e-11,4.3539985122074084e-11,-0.49999999999999983,14017102179.048506,6.389769878300521e-11,7.882051137907599e-11,1.9328162803498358e-23
20,30,Zn,3d¹⁰4s²→3d¹⁰4s4p,upper,6,7,7.88297134568434e-12,3.941718271525453e-12,0.5000000000000004,235958560974.33438,2.17326917172821e-12,7.968636794444785e-12,4.686955383952985e-24
20,30,Zn,3d¹⁰4s²→3d¹⁰4s4p,upper,6,8,7.881248432503556e-12,3.943441851848611e-12,0.4999999999999997,192443495499.04385,2.9552917061881266e-12,8.214871862834091e-12,3.699282929020514e-24
20,30,Zn,3d¹⁰4s²→3d¹⁰4s4p,upper,6,9,1.5762546828148367e-11,1.5762546828148367e-11,-1.0,54036561145672.51,3.705988697315168e-15,1.4991072918062475e-11,3.007748694570031e-23
20,30,Zn,3d¹⁰4s²→3d¹⁰4s4p,upper,6,10,2.477474560367234e-11,7.883126408422842e-12,0.0,42003634944.728615,1.6174308604062223e-11,3.1366640805865134e-11,1.4909871882117052e-23
20,30,Zn,3d¹⁰4s²→3d¹⁰4s4p,upper,6,11,2.5019586132450387e-11,7.883126408422842e-12,0.0,41559060781.04867,1.5926620074267378e-11,3.1452067056827447e-11,1.4923783620431297e-23
20,30,Zn,3d¹⁰4s²→3d¹⁰4s4p,upper,6,12,2.979332694251479e-11,2.0412642810368623e-11,-0.5000000000000004,39767673910.39547,1.7627879250586856e-11,3.2676450784632694e-11,1.8684094171143003e-23
20,30,Zn,3d¹⁰4s²→3d¹⁰4s4p,upper,6,13,3.0211148400467456e-11,2.0627181929070874e-11,-0.4999999999999997,39103161985.81982,1.8017436472034293e-11,3.314163444037108e-11,1.8708407692733886e-23
20,30,Zn,3d¹⁰4s²→3d¹⁰4s4p,upper,6,14,1.760243827470393e-11,-1.760243827470393e-11,1.0,40230575106.79742,1.760243827470393e-11,3.335402152180619e-11,3.050524109063238e-23
20,30,Zn,3d¹⁰4s²→3d¹⁰4s4p,upper,6,15,2.2538914639723854e-11,-4.827707703544949e-12,0.5000000000000004,39204592052.14235,1.798773063446535e-11,3.308406131560649e-11,1.8704685405298227e-23
20,30,Zn,3d¹⁰4s²→3d¹⁰4s4p,upper,6,16,2.2478193502651105e-11,-4.795846236807816e-12,0.4999999999999997,39302357902.516716,1.8012718720244816e-11,3.301174461855313e-11,1.8701079071588526e-23
20,30,Zn,3d¹⁰4s²→3d¹⁰4s4p,upper,6,17,3.326483457208304e-11,3.326483457208304e-11,-1.0,40403512133.982185,1.793606540208163e-11,3.3250179162142116e-11,3.049991600878531e-23
20,30,Zn,3d¹⁰4s²→3d¹⁰4s4p,upper,6,18,2.7485699036952037e-11,1.4043807859463542e-11,-0.25231131935570733,40533015430.61237,1.721581226682911e-11,3.199126050859727e-11,1.5885538492028584e-23
20,30,Zn,3d¹⁰4s²→3d¹⁰4s4p,upper,6,19,3.12907154924755e-11,2.7904764477522953e-11,-0.816496580927726,41294875596.901634,1.6638272133566115e-11,3.204274905620515e-11,2.5061401791340425e-23
20,30,Zn,3d¹⁰4s²→3d¹⁰4s4p,upper,6,20,2.7652726942460493e-11,1.408766302500497e-11,-0.2523113193557066,40252292112.93308,1.7387520359498682e-11,3.2164545933788615e-11,1.5894468516262055e-23
20,30,Zn,3d¹⁰4s²→3d¹⁰4s4p,upper,6,21,2.0258843784058938e-11,-8.354968270882743e-12,0.6605596098195701,40815460162.52839,1.6715061109568373e-11,3.213377690595753e-11,2.147981724505723e-23
20,30,Zn,3d¹⁰4s²→3d¹⁰4s4p,upper,6,22,2.0257763949277435e-11,-8.35422243700863e-12,0.6605596098195698,40817266622.87255,1.732775241766753e-11,3.2456166740708354e-11,2.1479623327567779e-23
20,30,Zn,3d¹⁰4s²→3d¹⁰4s4p,upper,6,23,2.3987336523941017e-11,1.6431802845756383e-12,0.25231131935570733,40028368057.506996,1.7801643914994802e-11,3.235728224405583e-11,1.5901446938592098e-23
20,30,Zn,3d¹⁰4s²→3d¹⁰4s4p,upper,6,24,1.8871510767562967e-11,-1.2325983227215989e-11,0.816496580927726,40902461149.22584,1.686787697321616e-11,3.2271545419757664e-11,2.5076604349035344e-23
20,30,Zn,3d¹⁰4s²→3d¹⁰4s4p,upper,6,25,2.389745057156631e-11,1.667106347905216e-12,0.2523113193557066,40179361289.546394,1.770834574342059e-11,3.226269153833751e-11,1.589667712905184e-23
20,30,Zn,3d¹⁰4s²→3d¹⁰4s4p,upper,6,26,3.0357354717348724e-11,2.41114667166236e-11,-0.6605596098195701,40839996347.34333,1.720039486945493e-11,3.243568846146722e-11,2.1478609737400927e-23
20,30,Zn,3d¹⁰4s²→3d¹⁰4s4p,upper,6,27,3.052480958892245e-11,2.422423247660777e-11,-0.6605596098195698,40556831423.55746,1.688420096476175e-11,3.235044493496026e-11,2.1490367992145204e-23
20,30,Zn,3d¹⁰4s²→3d¹⁰4s4p,upper,6,28,6.874356964292544e-11,7.883126408422842e-12,0.0,14619160614.413382,6.060138407413774e-11,7.601860945059652e-11,1.5461564649837936e-23
20,30,Zn,3d¹⁰4s²→3d¹⁰4s4p,upper,6,29,7.556434368153126e-11,4.354000177078344e-11,-0.5000000000000004,14017102149.205723,6.430299155128207e-11,7.8490220577811e-11,1.9328243744535816e-23
20,30,Zn,3d¹⁰4s²→3d¹⁰4s4p,upper,7,8,1.3650453073067002e-11,1.1822500830369004e-11,-0.49999999999999983,323117530276.4715,8.238057006573207e-13,1.3008463303077981e-11,1.9981812031813555e-23
20,30,Zn,3d¹⁰4s²→3d¹⁰4s4p,upper,7,9,1.3650497502650754e-11,1.1822526483657537e-11,-0.5000000000000004,172862989568.7493,2.1727608983039512e-12,1.345236839750524e-11,1.6637162742580804e-23
20,30,Zn,3d¹⁰4s²→3d¹⁰4s4p,upper,7,10,2.4774646923052444e-11,7.882816273794771e-12,0.0,42003978235.77381,1.586840669142169e-11,3.09556677489715e-11,1.4909198221673835e-23
20,30,Zn,3d¹⁰4s²→3d¹⁰4s4p,upper,7,11,2.5019488417518325e-11,7.882816273794771e-12,0.0,41558831148.5334,1.645216986697473e-11,3.146659811826219e-11,1.4922264202913638e-23
20,30,Zn,3d¹⁰4s²→3d¹⁰4s4p,upper,7,12,3.294184907768631e-11,3.294184907768631e-11,-1.0,40952162792.94331,1.7287776693372453e-11,3.2810549529546056e-11,3.048334970790921e-23
20,30,Zn,3d¹⁰4s²→3d¹⁰4s4p,upper,7,13,2.260231183651854e-11,-4.861239246853264e-12,0.49999999999999983,39103158479.39268,1.7858829956766022e-11,3.3272105075756e-11,1.870696079635292e-23
20,30,Zn,3d¹⁰4s²→3d¹⁰4s4p,upper,7,14,2.2599884415484103e-11,-4.859966067768625e-12,0.5000000000000004,39107109460.00635,1.7651299688020385e-11,3.301541118817753e-11,1.8706952197053532e-23
20,30,Zn,3d¹⁰4s²→3d¹⁰4s4p,upper,7,15,1.7538851950140788e-11,-1.7538851950140788e-11,1.0,40336913297.00376,1.7538851950140788e-11,3.3289824069507125e-11,3.049998677682896e-23
20,30,Zn,3d¹⁰4s²→3d¹⁰4s4p,upper,7,16,3.008415206659612e-11,2.0561788919025432e-11,-0.49999999999999983,39302371223.99663,1.8129927534963984e-11,3.321513467185035e-11,1.869966749485336e-23
20,30,Zn,3d¹⁰4s²→3d¹⁰4s4p,upper,7,17,3.0107295525849355e-11,2.0573670355624877e-11,-0.5000000000000004,39265897388.74001,1.7685291568933667e-11,3.3129665227151874e-11,1.8701086043147436e-23
20,30,Zn,3d¹⁰4s²→3d¹⁰4s4p,upper,7,18,3.10768271136896e-11,2.738354241479453e-11,-0.7986541716418109,41426137965.061775,1.6580577352138082e-11,3.1998423970556727e-11,2.459749778071978e-23
20,30,Zn,3d¹⁰4s²→3d¹⁰4s4p,upper,7,19,2.86577157718579e-11,1.7893635308344825e-11,-0.408248290463863,40510749527.9044,1.670446966005952e-11,3.22097214903219e-11,1.740844563381234e-23
20,30,Zn,3d¹⁰4s²→3d¹⁰4s4p,upper,7,20,2.1331543499880128e-11,-5.5521902921933826e-12,0.5463428522861039,40590792277.14055,1.6988318518896104e-11,3.242236657167479e-11,1.9383294519137917e-23
20,30,Zn,3d¹⁰4s²→3d¹⁰4s4p,upper,7,21,1.9425476603234322e-11,-1.0453309837512866e-11,0.7459067426872383,41006830174.934715,1.6807326984212324e-11,3.229274063525415e-11,2.3332958923134223e-23
20,30,Zn,3d¹⁰4s²→3d¹⁰4s4p,upper,7,22,2.6447108178558446e-11,9.980751340863512e-12,-0.08534713286766836,40189841597.92196,1.7365239465078976e-11,3.243666271193395e-11,1.5069051937470984e-23
20,30,Zn,3d¹⁰4s²→3d¹⁰4s4p,upper,7,23,1.9036047454044345e-11,-1.1868810467948504e-11,0.7986541716418109,40888439741.332886,1.706981788014344e-11,3.250967572053491e-11,2.4618771675418938e-23
20,30,Zn,3d¹⁰4s²→3d¹⁰4s4p,upper,7,24,2.2703441644155905e-11,-2.221738544024643e-12,0.408248290463863,40139894049.81046,1.7198585955141476e-11,3.259035564276945e-11,1.7421358581864224e-23
20,30,Zn,3d¹⁰4s²→3d¹⁰4s4p,upper,7,25,2.968652890325353e-11,2.1342688539545455e-11,-0.5463428522861039,40516101457.76011,1.740160287742713e-11,3.251720714224575e-11,1.938609928068477e-23
20,30,Zn,3d¹⁰4s²→3d¹⁰4s4p,upper,7,26,3.089677900736217e-11,2.620792770744183e-11,-0.7459067426872383,41031874978.40096,1.67925903485798e-11,3.227799882172457e-11,2.333199192216533e-23
20,30,Zn,3d¹⁰4s²→3d¹⁰4s4p,upper,7,27,2.5314708684403537e-11,5.7714753288238985e-12,0.08534713286766836,39940810352.67847,1.6950398305688448e-11,3.2391276138216844e-11,1.5076684992971496e-23
20,30,Zn,3d¹⁰4s²→3d¹⁰4s4p,upper,7,28,6.874353407911882e-11,7.882816273794771e-12,0.0,14619162507.22117,6.102546293865964e-11,7.567852950801988e-11,1.5460353753302513e-23
20,30,Zn,3d¹⁰4s²→3d¹⁰4s4p,upper,7,29,7.919656699851592e-11,7.919656699851592e-11,-1.0,14065671445.853643,6.343093445092637e-11,7.919656699851592e-11,3.0998071909121266e-23
20,30,Zn,3d¹⁰4s²→3d¹⁰4s4p,upper,8,9,1.3647512068385295e-11,1.1819079323011227e-11,-0.4999999999999997,154575232562.06754,2.9545945711890307e-12,1.3597716075372138e-11,1.5705144011563023e-23
20,30,Zn,3d¹⁰4s²→3d¹⁰4s4p,upper,8,10,2.477355031836871e-11,7.879369113148468e-12,0.0,42004456436.507576,1.5871681978518582e-11,3.0952356839877043e-11,1.4896704695143779e-23
20,30,Zn,3d¹⁰4s²→3d¹⁰4s4p,upper,8,11,2.5018402544710327e-11,7.879369113148468e-12,0.0,41559338379.092285,1.629304364937053e-11,3.140664993943225e-11,1.4909811388622992e-23
20,30,Zn,3d¹⁰4s²→3d¹⁰4s4p,upper,8,12,2.2194373467331604e-11,-4.650147288797297e-12,0.49999999999999983,39767792058.50052,1.743493668029102e-11,3.284000924446385e-11,1.8666931995730244e-23
20,30,Zn,3d¹⁰4s²→3d¹⁰4s4p,upper,8,13,3.336748015444454e-11,3.336748015444454e-11,-0.9999999999999999,40225466646.43773,1.7719388374694397e-11,3.3235695974390815e-11,3.047705401523303e-23
20,30,Zn,3d¹⁰4s²→3d¹⁰4s4p,upper,8,14,2.260062595689996e-11,-4.8634132284149126e-12,0.4999999999999997,39107228512.78375,1.7696160893357444e-11,3.3135419952787924e-11,1.8691199904834167e-23
20,30,Zn,3d¹⁰4s²→3d¹⁰4s4p,upper,8,15,3.014386140356737e-11,2.0590203225116245e-11,-0.49999999999999983,39204729157.05377,1.78777946020759e-11,3.3231722962396554e-11,1.868753120959805e-23
20,30,Zn,3d¹⁰4s²→3d¹⁰4s4p,upper,8,16,1.7478576177312862e-11,-1.7478576177312865e-11,0.9999999999999999,40442688862.65115,1.7478576177312865e-11,3.3222667574781303e-11,3.0470914380451566e-23
20,30,Zn,3d¹⁰4s²→3d¹⁰4s4p,upper,8,17,3.010494003100064e-11,2.0570223194978557e-11,-0.4999999999999997,39266067806.51619,1.756465266061741e-11,3.297324114933706e-11,1.8685431150883128e-23
20,30,Zn,3d¹⁰4s²→3d¹⁰4s4p,upper,8,18,2.1167222154138317e-11,-5.460675576810595e-12,0.5463428522861037,40878438700.2625,1.7018785065455008e-11,3.228432425398527e-11,1.935583639579393e-23
20,30,Zn,3d¹⁰4s²→3d¹⁰4s4p,upper,8,19,2.865556352041609e-11,1.7890188147698525e-11,-0.40824829046386313,40511014507.33935,1.6657644538195014e-11,3.208776911951338e-11,1.7393879344508535e-23
20,30,Zn,3d¹⁰4s²→3d¹⁰4s4p,upper,8,20,3.1245579047188647e-11,2.7518912295718757e-11,-0.7986541716418107,41126629379.128685,1.6753351583103533e-11,3.214852840396761e-11,2.4588793950899553e-23
20,30,Zn,3d¹⁰4s²→3d¹⁰4s4p,upper,8,21,2.644688566206312e-11,9.977400545150522e-12,-0.08534713286766828,40188640548.67673,1.6798117990022146e-11,3.223230861752944e-11,1.505674255983149e-23
20,30,Zn,3d¹⁰4s²→3d¹⁰4s4p,upper,8,22,1.9426244705685514e-11,-1.0455914799351751e-11,0.7459067426872384,41008439963.75009,1.7239310097620136e-11,3.2439539978337974e-11,2.3313166517136134e-23
20,30,Zn,3d¹⁰4s²→3d¹⁰4s4p,upper,8,23,2.9776512474930384e-11,2.1391049731044546e-11,-0.5463428522861037,40361553478.483444,1.7330210739046837e-11,3.259844112209737e-11,1.9375800245763782e-23
20,30,Zn,3d¹⁰4s²→3d¹⁰4s4p,upper,8,24,2.2703779239409893e-11,-2.2251857046709505e-12,0.40824829046386313,40140087230.285034,1.741267647247862e-11,3.2619170773327605e-11,1.74066633308818e-23
20,30,Zn,3d¹⁰4s²→3d¹⁰4s4p,upper,8,25,1.894637238947756e-11,-1.1796523213119852e-11,0.7986541716418107,41048804940.077705,1.7147393354368664e-11,3.2467271511819924e-11,2.4591545813436502e-23
20,30,Zn,3d¹⁰4s²→3d¹⁰4s4p,upper,8,26,2.5151683396976287e-11,5.7825979877021714e-12,0.08534713286766828,40212020533.99435,1.7354791345213385e-11,3.2419590558028726e-11,1.5055705704209722e-23
20,30,Zn,3d¹⁰4s²→3d¹⁰4s4p,upper,8,27,3.106209987471997e-11,2.6331816126304275e-11,-0.7459067426872384,40744312051.05299,1.703435595351994e-11,3.2498234367741817e-11,2.3324010799322932e-23
20,30,Zn,3d¹⁰4s²→3d¹⁰4s4p,upper,8,28,6.874313887874051e-11,7.879369113148468e-12,0.0,14619183603.895931,6.09002349625981e-11,7.577862275935046e-11,1.5446900284841126e-23
20,30,Zn,3d¹⁰4s²→3d¹⁰4s4p,upper,8,29,6.771874286521987e-11,-2.7777506249212097e-11,0.49999999999999983,14017107427.823177,6.3770780299764e-11,7.892248462926793e-11,1.9309911398156776e-23
20,30,Zn,3d¹⁰4s²→3d¹⁰4s4p,upper,9,10,2.477356663676621e-11,7.879420419725525e-12,0.0,42004546897.52106,1.5614911081047133e-11,3.107641870062748e-11,1.4897014770368245e-23
20,30,Zn,3d¹⁰4s²→3d¹⁰4s4p,upper,9,11,2.501841870340165e-11,7.879420419725525e-12,0.0,41559449288.41317,1.604396622361918e-11,3.153464280204869e-11,1.4910162317769252e-23
20,30,Zn,3d¹⁰4s²→3d¹⁰4s4p,upper,9,12,2.2194362717675516e-11,-4.650095982220255e-12,0.5000000000000004,39767785771.16046,1.763128052442463e-11,3.2718546716644e-11,1.866716143146163e-23
20,30,Zn,3d¹⁰4s²→3d¹⁰4s4p,upper,9,13,2.2603042450192557e-11,-4.864635100922508e-12,0.4999999999999997,39103257051.240944,1.8145073469708678e-11,3.3138011100063706e-11,1.8691409615719652e-23
20,30,Zn,3d¹⁰4s²→3d¹⁰4s4p,upper,9,14,3.33649851028523e-11,3.33649851028523e-11,-1.0,40229268723.96421,1.8042574873648032e-11,3.3350320801672615e-11,3.0476525860940743e-23
20,30,Zn,3d¹⁰4s²→3d¹⁰4s4p,upper,9,15,3.0143896449294807e-11,2.0590254531693317e-11,-0.5000000000000004,39204736783.91818,1.7970949967592372e-11,3.30804347263204e-11,1.868778445625755e-23
20,30,Zn,3d¹⁰4s²→3d¹⁰4s4p,upper,9,16,3.008183118476602e-11,2.055839306495618e-11,-0.4999999999999997,39302548089.614,1.801606501035565e-11,3.290558846029962e-11,1.8684265036182294e-23
20,30,Zn,3d¹⁰4s²→3d¹⁰4s4p,upper,9,17,1.750228774393467e-11,-1.750228774393467e-11,1.0,40402844944.39904,1.7502287743934668e-11,3.3246478431842277e-11,3.047239098403714e-23
20,30,Zn,3d¹⁰4s²→3d¹⁰4s4p,upper,9,18,2.368943173651179e-11,1.718738968684824e-12,0.25231131935570733,40533455200.69462,1.7195677630332133e-11,3.200022306198308e-11,1.587128650757256e-23
20,30,Zn,3d¹⁰4s²→3d¹⁰4s4p,upper,9,19,1.8651178111041753e-11,-1.2142217649374585e-11,0.816496580927726,41294162547.64566,1.7085813788774173e-11,3.2386289509821275e-11,2.503823792437835e-23
20,30,Zn,3d¹⁰4s²→3d¹⁰4s4p,upper,9,20,2.3854062412977378e-11,1.6748838031433962e-12,0.2523113193557066,40252612790.70956,1.7666640892941482e-11,3.221367833869734e-11,1.5880014854742222e-23
20,30,Zn,3d¹⁰4s²→3d¹⁰4s4p,upper,9,21,3.0368895126616636e-11,2.411751509903111e-11,-0.6605596098195701,40815351973.61691,1.6801406114578128e-11,3.230009683855954e-11,2.1460405934453044e-23
20,30,Zn,3d¹⁰4s²→3d¹⁰4s4p,upper,9,22,3.0367787662035034e-11,2.4116769265156997e-11,-0.6605596098195698,40817290473.01957,1.6760662509842923e-11,3.225129855400805e-11,2.1460418230100215e-23
20,30,Zn,3d¹⁰4s²→3d¹⁰4s4p,upper,9,23,2.778576584614751e-11,1.411936654357273e-11,-0.25231131935570733,40028862286.333954,1.735111576062451e-11,3.230418306497003e-11,1.588728559302275e-23
20,30,Zn,3d¹⁰4s²→3d¹⁰4s4p,upper,9,24,3.1514593076918224e-11,2.8088530055364356e-11,-0.816496580927726,40901817710.06367,1.73135806720132e-11,3.261586151351751e-11,2.5053497197434162e-23
20,30,Zn,3d¹⁰4s²→3d¹⁰4s4p,upper,9,25,2.7694590493042255e-11,1.4095440480243151e-11,-0.2523113193557066,40179797723.018684,1.743573743219663e-11,3.2206326159072153e-11,1.5882417732296106e-23
20,30,Zn,3d¹⁰4s²→3d¹⁰4s4p,upper,9,26,2.0246249566580583e-11,-8.348919888475234e-12,0.6605596098195701,40839957499.75314,1.7088953337413385e-11,3.2416624675645576e-11,2.14593130451592e-23
20,30,Zn,3d¹⁰4s²→3d¹⁰4s4p,upper,9,27,2.040957337556513e-11,-8.461685648459403e-12,0.6605596098195698,40556623953.74162,1.716847261396661e-11,3.256674925251392e-11,2.1470765507042913e-23
20,30,Zn,3d¹⁰4s²→3d¹⁰4s4p,upper,9,28,6.874314475954205e-11,7.879420419725525e-12,0.0,14619183277.492779,6.071340195195839e-11,7.592840526629442e-11,1.5447099947264947e-23
20,30,Zn,3d¹⁰4s²→3d¹⁰4s4p,upper,9,29,6.77187218198252e-11,-2.7777454942635074e-11,0.5000000000000004,14017107348.211182,6.405406664575675e-11,7.869275165666693e-11,1.931016130967717e-23
20,30,Zn,3d¹⁰4s²→3d¹⁰4s4p,upper,10,11,4.723234130839032e-11,4.723234130839032e-11,-1.0,139043575187.01385,2.5812124012272953e-13,4.720356950180988e-11,2.1164342633680342e-22
20,30,Zn,3d¹⁰4s²→3d¹⁰4s4p,upper,10,12,3.434529753579113e-11,2.3487110034133792e-11,0.0,26382187023.189083,3.061606003368388e-11,4.5975586768671566e-11,2.93023973106158e-23
20,30,Zn,3d¹⁰4s²→3d¹⁰4s4p,upper,10,13,3.465960389573065e-11,2.3487110034133792e-11,0.0,72360147663.1874,2.7655208357131338e-12,3.470162661207994e-11,1.075047615952169e-22
20,30,Zn,3d¹⁰4s²→3d¹⁰4s4p,upper,10,14,3.465773138815273e-11,2.3487110034133792e-11,0.0,25308126994.37211,3.236933786384e-11,4.737308600303543e-11,2.798625158716878e-23
20,30,Zn,3d¹⁰4s²→3d¹⁰4s4p,upper,10,15,3.46107722110236e-11,2.3487110034133792e-11,0.0,30460142380.28593,2.4519130493253604e-11,4.236299500674519e-11,3.931358120469389e-23
20,30,Zn,3d¹⁰4s²→3d¹⁰4s4p,upper,10,16,3.456399466366031e-11,2.3487110034133792e-11,0.0,25375816336.117535,3.2280853309525375e-11,4.7249312847340544e-11,2.785464346237258e-23
20,30,Zn,3d¹⁰4s²→3d¹⁰4s4p,upper,10,17,3.458143211407999e-11,2.3487110034133792e-11,0.0,73035374593.69746,2.686706132571232e-12,3.462337398994958e-11,1.073028851722856e-22
20,30,Zn,3d¹⁰4s²→3d¹⁰4s4p,upper,10,18,2.2037030469555298e-11,9.389957741352894e-12,0.5773502691896257,36493114796.344604,2.318771014566169e-11,3.197093432668289e-11,9.609035843324866e-24
20,30,Zn,3d¹⁰4s²→3d¹⁰4s4p,upper,10,19,2.208865789577579e-11,9.329673985010372e-12,0.5773502691896257,73168875945.65544,6.75876786236852e-12,2.3069968113073375e-11,3.133827934185803e-23
20,30,Zn,3d¹⁰4s²→3d¹⁰4s4p,upper,10,20,2.2123178067614395e-11,9.289606351271131e-12,0.5773502691896257,27430613230.17484,3.319344368096192e-11,3.987134530177217e-11,5.572386589625395e-24
20,30,Zn,3d¹⁰4s²→3d¹⁰4s4p,upper,10,21,2.21189575981763e-11,9.294494871386436e-12,0.5773502691896257,22082073196.662857,4.2635454985995504e-11,4.801597122809082e-11,3.620775309492506e-24
20,30,Zn,3d¹⁰4s²→3d¹⁰4s4p,upper,10,22,2.2118394983906052e-11,9.295146754095558e-12,0.5773502691896257,29665253788.61998,3.0199590542092064e-11,3.741315727191068e-11,6.498523396326791e-24
20,30,Zn,3d¹⁰4s²→3d¹⁰4s4p,upper,10,23,4.2825183205251467e-11,3.776563936659298e-11,-0.5773502691896257,29478302035.738255,2.2175752842593438e-11,4.819851082996471e-11,8.253872529625865e-23
20,30,Zn,3d¹⁰4s²→3d¹⁰4s4p,upper,10,24,4.284294619687528e-11,3.777710849923641e-11,-0.5773502691896257,33379382517.039806,1.7289836170950427e-11,4.617079025061827e-11,1.0021000009223444e-22
20,30,Zn,3d¹⁰4s²→3d¹⁰4s4p,upper,10,25,4.2740415821367736e-11,3.771089065718413e-11,-0.5773502691896257,57253325515.82365,3.721060514597654e-12,4.287373060135066e-11,1.6259824846655306e-22
20,30,Zn,3d¹⁰4s²→3d¹⁰4s4p,upper,10,26,4.267898860285345e-11,3.767119956391869e-11,-0.5773502691896257,39043528680.07186,1.2099817791036796e-11,4.433537395250283e-11,1.2165571760702375e-22
20,30,Zn,3d¹⁰4s²→3d¹⁰4s4p,upper,10,27,4.2831565585921064e-11,3.776976045216316e-11,-0.5773502691896257,29993752485.50874,2.145619060810353e-11,4.787722954365754e-11,8.493946490595323e-23
20,30,Zn,3d¹⁰4s²→3d¹⁰4s4p,upper,10,28,4.4802967468242546e-11,-4.4802967468242546e-11,1.0,15107871475.099346,4.4802967468242546e-11,9.177718753651012e-11,2.6957899026443634e-22
20,30,Zn,3d¹⁰4s²→3d¹⁰4s4p,upper,10,29,7.508192445711001e-11,2.3487110034133792e-11,0.0,13840602831.973574,4.789589093701755e-11,9.476589255484095e-11,1.3256071217036665e-22
20,30,Zn,3d¹⁰4s²→3d¹⁰4s4p,upper,11,12,3.4522328040478995e-11,2.3745231274256523e-11,0.0,59025221622.953896,5.586726868868673e-12,3.4936393925291325e-11,9.613562019777466e-23
20,30,Zn,3d¹⁰4s²→3d¹⁰4s4p,upper,11,13,3.4835037142528917e-11,2.3745231274256523e-11,0.0,26011960282.071056,3.1054266012111255e-11,4.6626947698914025e-11,3.012149890757995e-23
20,30,Zn,3d¹⁰4s²→3d¹⁰4s4p,upper,11,14,3.483317406561981e-11,2.3745231274256523e-11,0.0,26013339898.443733,3.105257682670954e-11,4.662452667516997e-11,3.01186651256758e-23
20,30,Zn,3d¹⁰4s²→3d¹⁰4s4p,upper,11,15,3.478645172413802e-11,2.3745231274256523e-11,0.0,24217042277.206627,3.436452438651795e-11,4.886176288809994e-11,2.615367033031501e-23
20,30,Zn,3d¹⁰4s²→3d¹⁰4s4p,upper,11,16,3.473991073134702e-11,2.3745231274256523e-11,0.0,30350474334.380333,2.4598738251277352e-11,4.252793048913942e-11,3.9689240192273625e-23
20,30,Zn,3d¹⁰4s²→3d¹⁰4s4p,upper,11,17,3.4757259926138374e-11,2.3745231274256523e-11,0.0,58374154790.23376,5.704662283158766e-12,3.5173824675191025e-11,9.704240124175828e-23
20,30,Zn,3d¹⁰4s²→3d¹⁰4s4p,upper,11,18,4.277271793522712e-11,3.784238356703742e-11,-0.5773502691896257,38988571821.62009,1.2098993293054325e-11,4.4433383577691123e-11,1.22378701675328e-22
20,30,Zn,3d¹⁰4s²→3d¹⁰4s4p,upper,11,19,4.2865815998261975e-11,3.790266732337994e-11,-0.5773502691896257,71391669015.25896,1.5843155005109426e-12,4.2875014007006875e-11,1.7172655154702994e-22
20,30,Zn,3d¹⁰4s²→3d¹⁰4s4p,upper,11,20,4.29277224841476e-11,3.7942734957119186e-11,-0.5773502691896257,41624007861.636185,1.0149237099736781e-11,4.409035321735898e-11,1.3285761927188539e-22
20,30,Zn,3d¹⁰4s²→3d¹⁰4s4p,upper,11,21,4.2920168249826096e-11,3.793784643700388e-11,-0.5773502691896257,32145924097.208984,1.86631256048642e-11,4.678280249378558e-11,9.544195192633641e-23
20,30,Zn,3d¹⁰4s²→3d¹⁰4s4p,upper,11,22,4.291916092066944e-11,3.793719455429476e-11,-0.5773502691896257,29420487301.382282,2.2210313023405573e-11,4.830664373090253e-11,8.300246068426551e-23
20,30,Zn,3d¹⁰4s²→3d¹⁰4s4p,upper,11,23,2.2301821572477534e-11,9.466701941797334e-12,0.5773502691896257,41073613882.35383,1.9569238182261932e-11,2.9648809805748925e-11,1.2615046475886846e-23
20,30,Zn,3d¹⁰4s²→3d¹⁰4s4p,upper,11,24,2.2311645832178555e-11,9.455232809153907e-12,0.5773502691896257,25494682604.343445,3.6128391636932966e-11,4.244709658604099e-11,4.990806933675914e-24
20,30,Zn,3d¹⁰4s²→3d¹⁰4s4p,upper,11,25,2.225510936681011e-11,9.521450651206186e-12,0.5773502691896257,21939887409.006767,4.291122784550387e-11,4.832771577515963e-11,3.669349882065168e-24
20,30,Zn,3d¹⁰4s²→3d¹⁰4s4p,upper,11,26,2.222143611551209e-11,9.561141744471624e-12,0.5773502691896257,24290438942.6645,3.823419895611524e-11,4.421164517696158e-11,4.4672915564720576e-24
20,30,Zn,3d¹⁰4s²→3d¹⁰4s4p,upper,11,27,2.2305350084405887e-11,9.462580856227155e-12,0.5773502691896257,36055318710.88444,2.3469810911247897e-11,3.235849267370201e-11,9.841179284481431e-24
20,30,Zn,3d¹⁰4s²→3d¹⁰4s4p,upper,11,28,9.203530877663285e-11,9.203530877663285e-11,-1.0,15118912243.315557,4.4544846228119806e-11,9.203530877663286e-11,2.7539279190755896e-22
20,30,Zn,3d¹⁰4s²→3d¹⁰4s4p,upper,11,29,7.516306972639952e-11,2.3745231274256523e-11,0.0,13836755961.410501,4.7784606977325234e-11,9.49505420596099e-11,1.3537012078359392e-22
20,30,Zn,3d¹⁰4s²→3d¹⁰4s4p,upper,12,13,4.3775636377019344e-11,3.7803088324539577e-11,-0.49999999999999983,60823731835.274704,2.676331969353473e-12,4.3828657248000456e-11,1.750106212186752e-22
20,30,Zn,3d¹⁰4s²→3d¹⁰4s4p,upper,12,14,4.377342497114573e-11,3.780181514545494e-11,-0.5000000000000004,50816544114.4232,5.488379101478698e-12,4.40876349314596e-11,1.6357706332682207e-22
20,30,Zn,3d¹⁰4s²→3d¹⁰4s4p,upper,12,15,5.048070102782709e-11,5.048070102782709e-11,-1.0,110790664633.43068,3.626354200440228e-13,5.044995113610992e-11,2.4159369214499454e-22
20,30,Zn,3d¹⁰4s²→3d¹⁰4s4p,upper,12,16,2.520981815776514e-11,1.2380060158660876e-11,0.49999999999999983,41930588466.57133,1.77830691240723e-11,3.083681523103942e-11,2.1077492987033166e-23
20,30,Zn,3d¹⁰4s²→3d¹⁰4s4p,upper,12,17,2.5221918580468137e-11,1.236817872206143e-11,0.5000000000000004,36631192058.65782,2.1843418059148963e-11,3.335268037166386e-11,1.645484540434362e-23
20,30,Zn,3d¹⁰4s²→3d¹⁰4s4p,upper,12,18,1.5710046506298096e-11,5.55830666289178e-12,0.7986541716418109,35181198720.636086,2.630563784421073e-11,3.0629331692265855e-11,2.33883604752403e-24
20,30,Zn,3d¹⁰4s²→3d¹⁰4s4p,upper,12,19,2.6972786774086714e-11,1.5048213769341483e-11,0.408248290463863,26579645788.83273,3.2966425390671e-11,4.258605462144548e-11,1.1545945722909047e-23
20,30,Zn,3d¹⁰4s²→3d¹⁰4s4p,upper,12,20,4.365774843090742e-11,3.849403936987969e-11,-0.5463428522861039,28308218409.11935,2.3545824979761646e-11,4.957809354020418e-11,8.293901685925784e-23
20,30,Zn,3d¹⁰4s²→3d¹⁰4s4p,upper,12,21,4.638121680140734e-11,4.339515891519917e-11,-0.7459067426872383,79797073917.7513,8.437441211761814e-13,4.636175041087794e-11,2.029264605678656e-22
20,30,Zn,3d¹⁰4s²→3d¹⁰4s4p,upper,12,22,3.357150790417602e-11,2.29610977368228e-11,0.08534713286766836,30086656957.479515,2.5433435683875586e-11,4.2105303348870946e-11,3.440503751252629e-23
20,30,Zn,3d¹⁰4s²→3d¹⁰4s4p,upper,12,23,4.721755658294208e-11,4.481065954563481e-11,-0.7986541716418109,63442602166.6506,2.248535012457528e-12,4.724357942138168e-11,2.0818047684111746e-22
20,30,Zn,3d¹⁰4s²→3d¹⁰4s4p,upper,12,24,4.17969859530724e-11,3.5163587621710946e-11,-0.408248290463863,26887889884.82756,2.6613908900065053e-11,4.953528095696574e-11,6.462594474190192e-23
20,30,Zn,3d¹⁰4s²→3d¹⁰4s4p,upper,12,25,2.3671082979391253e-11,1.1599160538140851e-11,0.5463428522861039,21481956466.869358,4.359455141129472e-11,4.960032475430253e-11,4.5117957253063424e-24
20,30,Zn,3d¹⁰4s²→3d¹⁰4s4p,upper,12,26,1.7694665165860415e-11,6.733921370244484e-12,0.7459067426872383,21132753251.269726,4.5685222416705275e-11,4.898667964795656e-11,1.3648886445468057e-24
20,30,Zn,3d¹⁰4s²→3d¹⁰4s4p,upper,12,27,3.6684516597031293e-11,2.717037374886241e-11,-0.08534713286766836,25192571516.199215,3.175647488828212e-11,4.850292517997632e-11,3.4834852733578825e-23
20,30,Zn,3d¹⁰4s²→3d¹⁰4s4p,upper,12,28,7.274262718892602e-11,2.5059032803891538e-11,0.0,14409944582.068956,4.3614577935036374e-11,9.317053296103227e-11,1.4943705117419937e-22
20,30,Zn,3d¹⁰4s²→3d¹⁰4s4p,upper,12,29,4.6254717920829605e-11,-4.6254717920829605e-11,1.0,14488315726.971775,4.6254717920829605e-11,9.637278352861269e-11,3.065522698596842e-22
20,30,Zn,3d¹⁰4s²→3d¹⁰4s4p,upper,13,14,4.414449811998032e-11,3.823089338285946e-11,-0.4999999999999997,60506273132.1393,2.664101208874509e-12,4.419797088887274e-11,1.7812287077518399e-22
20,30,Zn,3d¹⁰4s²→3d¹⁰4s4p,upper,13,15,2.5454954668878054e-11,1.2777276929328301e-11,0.49999999999999983,59139870472.99475,9.209830191108784e-12,2.705516748257442e-11,3.808850203372141e-23
20,30,Zn,3d¹⁰4s²→3d¹⁰4s4p,upper,13,16,5.084605633175741e-11,5.08460563317574e-11,-0.9999999999999999,219946063846.57404,1.3016575083474197e-13,5.0815082491107466e-11,2.455215853815278e-22
20,30,Zn,3d¹⁰4s²→3d¹⁰4s4p,upper,13,17,2.5435076521715277e-11,1.2797256959465985e-11,0.4999999999999997,41559882163.485245,1.7940851844141597e-11,3.1112987871888557e-11,2.1461465272661067e-23
20,30,Zn,3d¹⁰4s²→3d¹⁰4s4p,upper,13,18,4.388459859059976e-11,3.882815573125514e-11,-0.5463428522861037,61594543718.18342,2.525434466463724e-12,4.3918884257090957e-11,1.7638580768938922e-22
20,30,Zn,3d¹⁰4s²→3d¹⁰4s4p,upper,13,19,2.721450085110202e-11,1.5477292006746018e-11,0.40824829046386313,40170169879.439156,1.816400395235847e-11,3.269804942245234e-11,2.6032939932378657e-23
20,30,Zn,3d¹⁰4s²→3d¹⁰4s4p,upper,13,20,1.5912304108857827e-11,5.848567858725787e-12,0.7986541716418107,28787800660.12152,3.294551523232515e-11,3.65728562109141e-11,1.6467121555539927e-24
20,30,Zn,3d¹⁰4s²→3d¹⁰4s4p,upper,13,21,3.386716793168543e-11,2.3390079609294024e-11,0.08534713286766828,25031799304.31763,3.316157808609472e-11,4.738164086903533e-11,2.5170264215258317e-23
20,30,Zn,3d¹⁰4s²→3d¹⁰4s4p,upper,13,22,4.6781863733185e-11,4.382339495379629e-11,-0.7459067426872384,32250095542.293087,1.6768073254697147e-11,4.9664468542472097e-11,1.2895487440699319e-22
20,30,Zn,3d¹⁰4s²→3d¹⁰4s4p,upper,13,23,2.392694239262938e-11,1.19764304234e-11,0.5463428522861037,26041546520.558083,3.478110997171821e-11,4.2204358410855876e-11,6.887653930060922e-24
20,30,Zn,3d¹⁰4s²→3d¹⁰4s4p,upper,13,24,4.215860532904562e-11,3.5592665859115494e-11,-0.40824829046386313,34365654360.42678,1.6566056643889466e-11,4.527432885560467e-11,9.8971854521231e-23
20,30,Zn,3d¹⁰4s²→3d¹⁰4s4p,upper,13,25,4.7535189775454256e-11,4.5164003367564393e-11,-0.7986541716418107,39942778451.31933,9.452358927384444e-12,4.843235093075177e-11,1.7254652110864124e-22
20,30,Zn,3d¹⁰4s²→3d¹⁰4s4p,upper,13,26,3.6879458542221263e-11,2.758488216674237e-11,-0.08534713286766828,24204053848.419815,3.35723630387314e-11,4.98472037553327e-11,3.2935753846408354e-23
20,30,Zn,3d¹⁰4s²→3d¹⁰4s4p,upper,13,27,1.7916195925319856e-11,7.03566402814027e-12,0.7459067426872384,20605047010.92804,4.689896614507272e-11,5.019590708716861e-11,1.3611705697348395e-24
20,30,Zn,3d¹⁰4s²→3d¹⁰4s4p,upper,13,28,7.289155293814233e-11,2.5488111041296077e-11,0.0,14402311418.323313,4.3122059885289335e-11,9.36314313183214e-11,1.543302429293774e-22
20,30,Zn,3d¹⁰4s²→3d¹⁰4s4p,upper,13,29,8.690769611561514e-11,6.114498640365665e-11,-0.49999999999999983,13958160800.196531,4.6138238110447823e-11,9.665326004758365e-11,1.9311333953278383e-22
20,30,Zn,3d¹⁰4s²→3d¹⁰4s4p,upper,14,15,2.5453676603422046e-11,1.277473057115898e-11,0.5000000000000004,76991361857.04836,4.608781182160167e-12,2.5852220901043265e-11,5.0830659722824474e-23
20,30,Zn,3d¹⁰4s²→3d¹⁰4s4p,upper,14,16,2.542199523327441e-11,1.2806592037896113e-11,0.4999999999999997,59215224257.6741,9.198466584433254e-12,2.702010755165068e-11,3.798759894030618e-23
20,30,Zn,3d¹⁰4s²→3d¹⁰4s4p,upper,14,17,5.086727284678697e-11,5.086727284678697e-11,-1.0,263177090955.77652,1.038565194665735e-13,5.0836286007768225e-11,2.4576870234550375e-22
20,30,Zn,3d¹⁰4s²→3d¹⁰4s4p,upper,14,18,3.949329065475155e-11,3.1646246134167474e-11,-0.25231131935570733,30288745985.65418,2.2572174328010902e-11,4.5465720538448473e-11,6.418199275546152e-23
20,30,Zn,3d¹⁰4s²→3d¹⁰4s4p,upper,14,19,4.7658561642346125e-11,4.550720275222688e-11,-0.816496580927726,35311632483.50827,1.3150970353296923e-11,4.940234409155538e-11,1.5349826138380654e-22
20,30,Zn,3d¹⁰4s²→3d¹⁰4s4p,upper,14,20,3.962920107993599e-11,3.1690101299708897e-11,-0.2523113193557066,50785135248.345055,6.65582211077169e-12,4.0162379506828583e-11,1.2569604083095663e-22
20,30,Zn,3d¹⁰4s²→3d¹⁰4s4p,upper,14,21,2.0642939667862686e-11,9.247470003821187e-12,0.6605596098195701,33013205744.387203,2.6893764315593006e-11,3.388550413806914e-11,6.1047786938889966e-24
20,30,Zn,3d¹⁰4s²→3d¹⁰4s4p,upper,14,22,2.0642515928980758e-11,9.2482158376953e-12,0.6605596098195698,25312134222.06053,3.686898717278438e-11,4.2240448958502916e-11,3.6100036191787905e-24
20,30,Zn,3d¹⁰4s²→3d¹⁰4s4p,upper,14,23,3.070970702879568e-11,1.9245618559279568e-11,0.25231131935570733,23818830879.188423,3.658261200284097e-11,4.774938934408401e-11,1.555932880871135e-23
20,30,Zn,3d¹⁰4s²→3d¹⁰4s4p,upper,14,24,1.5233024453495638e-11,5.2764550474879404e-12,0.816496580927726,23361539438.485043,4.1464326631447715e-11,4.4164622367565937e-11,9.13435055773915e-25
20,30,Zn,3d¹⁰4s²→3d¹⁰4s4p,upper,14,25,3.06532910175719e-11,1.9269544622609144e-11,0.2523113193557066,26580202680.602,3.168127148330072e-11,4.406595947445004e-11,1.9104322040229017e-23
20,30,Zn,3d¹⁰4s²→3d¹⁰4s4p,upper,14,26,4.560982380840324e-11,4.171390499132753e-11,-0.6605596098195701,40804170143.41965,9.606067295528902e-12,4.65768878392132e-11,1.5599978377442197e-22
20,30,Zn,3d¹⁰4s²→3d¹⁰4s4p,upper,14,27,4.5764844012602804e-11,4.18266707513117e-11,-0.6605596098195698,32027454202.15517,1.755529991765103e-11,4.898726208038307e-11,1.1857941475443556e-22
20,30,Zn,3d¹⁰4s²→3d¹⁰4s4p,upper,14,28,7.28906625878679e-11,2.5485564683126772e-11,0.0,14402357020.111866,4.3124555485056044e-11,9.36288956423878e-11,1.5430101224131907e-22
20,30,Zn,3d¹⁰4s²→3d¹⁰4s4p,upper,14,29,8.6905904612614e-11,6.114244004548737e-11,-0.5000000000000004,13958175168.600828,4.5990725704070947e-11,9.672219625558511e-11,1.9307670823038347e-22
20,30,Zn,3d¹⁰4s²→3d¹⁰4s4p,upper,15,16,4.3976446839833506e-11,3.8100640869166224e-11,-0.49999999999999983,60733255446.667206,2.6547202944977533e-12,4.402971593455796e-11,1.7676601081447914e-22
20,30,Zn,3d¹⁰4s²→3d¹⁰4s4p,upper,15,17,4.399701908636989e-11,3.8112522305765666e-11,-0.5000000000000004,50603683569.09334,5.500133729557549e-12,4.4312863649376264e-11,1.6535137876383649e-22
20,30,Zn,3d¹⁰4s²→3d¹⁰4s4p,upper,15,18,4.726449305504158e-11,4.4922394364935314e-11,-0.7986541716418109,32869671412.8035,1.5920133492989952e-11,4.983853298088864e-11,1.3685794737730226e-22
20,30,Zn,3d¹⁰4s²→3d¹⁰4s4p,upper,15,19,4.19111398322128e-11,3.543248725848561e-11,-0.408248290463863,64167181872.7731,2.4764415715511084e-12,4.195723233894978e-11,1.6073014502687443e-22
20,30,Zn,3d¹⁰4s²→3d¹⁰4s4p,upper,15,20,2.3830400515909467e-11,1.1986661657947407e-11,0.5463428522861039,44923778033.87341,1.6454875458383844e-11,2.893995382702903e-11,1.9229386919043195e-23
20,30,Zn,3d¹⁰4s²→3d¹⁰4s4p,upper,15,21,1.7840469773343542e-11,7.0855421126279235e-12,0.7459067426872383,30904552514.412495,2.995902703229209e-11,3.485415594007726e-11,2.998365593656312e-24
20,30,Zn,3d¹⁰4s²→3d¹⁰4s4p,upper,15,22,3.683968918129575e-11,2.7519603291004304e-11,-0.08534713286766836,26314423901.001358,2.970866879572331e-11,4.730177293313779e-11,3.83809864941461e-23
20,30,Zn,3d¹⁰4s²→3d¹⁰4s4p,upper,15,23,1.5926450048844078e-11,5.670041482192286e-12,0.7986541716418109,26290898796.886242,3.6393974352104734e-11,3.971732905795249e-11,1.382711718627289e-24
20,30,Zn,3d¹⁰4s²→3d¹⁰4s4p,upper,15,24,2.7296961432133995e-11,1.5317113406116147e-11,0.408248290463863,29213378602.041275,2.9042409431482768e-11,3.984557205940724e-11,1.4538620299971854e-23
20,30,Zn,3d¹⁰4s²→3d¹⁰4s4p,upper,15,25,4.401765367530138e-11,3.888154048968624e-11,-0.5463428522861039,41285902030.893036,1.002027764457686e-11,4.5112180225793545e-11,1.4207371108860478e-22
20,30,Zn,3d¹⁰4s²→3d¹⁰4s4p,upper,15,26,4.670691821047887e-11,4.374677965758262e-11,-0.7459067426872383,33781132877.778522,1.5095344056649276e-11,4.905460582301136e-11,1.3637366461877964e-22
20,30,Zn,3d¹⁰4s²→3d¹⁰4s4p,upper,15,27,3.3924856759571415e-11,2.331032727896469e-11,0.08534713286766836,23103023542.63271,3.694059792682833e-11,5.014178452124151e-11,2.1725533576417996e-23
20,30,Zn,3d¹⁰4s²→3d¹⁰4s4p,upper,15,28,7.286834635538549e-11,2.542166822393556e-11,0.0,14403500138.038149,4.3260729393851866e-11,9.353128403613823e-11,1.5356826667270018e-22
20,30,Zn,3d¹⁰4s²→3d¹⁰4s4p,upper,15,29,9.67354189486567e-11,9.673541894865671e-11,-1.0,14502978970.8123,4.5892082500785576e-11,9.67354189486567e-11,3.1526103771928173e-22
20,30,Zn,3d¹⁰4s²→3d¹⁰4s4p,upper,16,17,4.394183047679961e-11,3.8048799372291426e-11,-0.4999999999999997,60784754160.49296,2.6519751754015233e-12,4.3995057736524855e-11,1.7649064875341753e-22
20,30,Zn,3d¹⁰4s²→3d¹⁰4s4p,upper,16,18,2.3720502752071274e-11,1.2017900600502267e-11,0.5463428522861037,47518794081.20287,1.5048309117177092e-11,2.8067650594701944e-11,2.0863362793662005e-23
20,30,Zn,3d¹⁰4s²→3d¹⁰4s4p,upper,16,19,4.1857281070212227e-11,3.5368764325011386e-11,-0.40824829046386313,31595267187.215076,1.9838268723986026e-11,4.629725857272606e-11,8.502637436165208e-23
20,30,Zn,3d¹⁰4s²→3d¹⁰4s4p,upper,16,20,4.736844566729277e-11,4.499748847303162e-11,-0.7986541716418107,37018782153.92982,1.1746075738796253e-11,4.8771362213403474e-11,1.5868111102827056e-22
20,30,Zn,3d¹⁰4s²→3d¹⁰4s4p,upper,16,21,3.6792932709534335e-11,2.7455976722463384e-11,-0.08534713286766828,54443729099.46228,6.235462214735657e-12,3.728806324746667e-11,1.0797551646392011e-22
20,30,Zn,3d¹⁰4s²→3d¹⁰4s4p,upper,16,22,1.7814898313023802e-11,7.022661377961112e-12,0.7459067426872384,36213564848.14539,2.4834035704586513e-11,3.0548132521400634e-11,4.082008118613521e-24
20,30,Zn,3d¹⁰4s²→3d¹⁰4s4p,upper,16,23,4.4044426489957985e-11,3.8869625908357404e-11,-0.5463428522861037,28324643748.729046,2.32988471135279e-11,4.9800780202828864e-11,8.572352634430664e-23
20,30,Zn,3d¹⁰4s²→3d¹⁰4s4p,upper,16,24,2.7261255679855812e-11,1.525339047264191e-11,0.40824829046386313,24826794747.434505,3.581912241494178e-11,4.5003912464414974e-11,1.0533272194374011e-23
20,30,Zn,3d¹⁰4s²→3d¹⁰4s4p,upper,16,25,1.5877430292430093e-11,5.68205296419301e-12,0.7986541716418107,25639229355.642403,3.7407638121772964e-11,4.062849691888882e-11,1.2985983673778562e-24
20,30,Zn,3d¹⁰4s²→3d¹⁰4s4p,upper,16,26,3.376760225052289e-11,2.3261174165015034e-11,0.08534713286766828,29911314039.36748,2.5585273734337273e-11,4.234858036501584e-11,3.4783762559536556e-23
20,30,Zn,3d¹⁰4s²→3d¹⁰4s4p,upper,16,27,4.6806409624264244e-11,4.381039230361714e-11,-0.7459067426872384,55798634179.33998,3.095416872638656e-12,4.687969230666518e-11,1.991083660079628e-22
20,30,Zn,3d¹⁰4s²→3d¹⁰4s4p,upper,16,28,7.284613973735737e-11,2.535794529046133e-11,0.0,14404637888.275494,4.308525875181974e-11,9.357767162928309e-11,1.5283894596263892e-22
20,30,Zn,3d¹⁰4s²→3d¹⁰4s4p,upper,16,29,6.26123489612602e-11,-1.0298930071899236e-11,0.49999999999999983,13958892766.94268,4.626593783893904e-11,9.652365440370981e-11,1.9124451232723418e-22
20,30,Zn,3d¹⁰4s²→3d¹⁰4s4p,upper,17,18,3.045788863732364e-11,1.9221026712619497e-11,0.25231131935570733,66895611462.88868,4.903365006028211e-12,3.0822206223511876e-11,7.487174481223473e-23
20,30,Zn,3d¹⁰4s²→3d¹⁰4s4p,upper,17,19,1.5138142121925555e-11,5.360070094560085e-12,0.816496580927726,73008664255.40308,9.923898780775421e-12,1.8072873803987224e-11,8.182198846638996e-24
20,30,Zn,3d¹⁰4s²→3d¹⁰4s4p,upper,17,20,3.056100401482662e-11,1.9177171547078068e-11,0.2523113193557066,35774969472.587715,2.038178368494804e-11,3.67147661349224e-11,3.287155356423534e-23
20,30,Zn,3d¹⁰4s²→3d¹⁰4s4p,upper,17,21,4.552826863989876e-11,4.161980284296578e-11,-0.6605596098195701,30783364001.547714,1.9148556111905132e-11,4.9361685848717147e-11,1.0996320640398398e-22
20,30,Zn,3d¹⁰4s²→3d¹⁰4s4p,upper,17,22,4.5527243206937624e-11,4.1619057009091664e-11,-0.6605596098195698,49696002817.00313,5.384592781981654e-12,4.5812744895430434e-11,1.7846455934090615e-22
20,30,Zn,3d¹⁰4s²→3d¹⁰4s4p,upper,17,23,3.9656289437412215e-11,3.16216542875074e-11,-0.25231131935570733,50815457338.85218,6.632690043646203e-12,4.0189959929098384e-11,1.2602970868460625e-22
20,30,Zn,3d¹⁰4s²→3d¹⁰4s4p,upper,17,24,4.777788948605323e-11,4.5590817799299024e-11,-0.816496580927726,37351318200.51931,1.1301723679252047e-11,4.9064020157884096e-11,1.6441745678162555e-22
20,30,Zn,3d¹⁰4s²→3d¹⁰4s4p,upper,17,25,3.958188132434123e-11,3.159772822417782e-11,-0.2523113193557066,26042911588.7936,2.9038108841867034e-11,4.9075731277325346e-11,4.962585554080403e-23
20,30,Zn,3d¹⁰4s²→3d¹⁰4s4p,upper,17,26,2.0591024775504623e-11,9.153367855459437e-12,0.6605596098195701,23886112207.054092,3.9378039770625514e-11,4.4425183002907456e-11,3.1871879039526465e-24
20,30,Zn,3d¹⁰4s²→3d¹⁰4s4p,upper,17,27,2.0656307695421876e-11,9.040602095475268e-12,0.6605596098195698,25228181884.955055,3.7002959452395705e-11,4.236891483101376e-11,3.60263113963846e-24
20,30,Zn,3d¹⁰4s²→3d¹⁰4s4p,upper,17,28,7.28544150658406e-11,2.5381708163660196e-11,0.0,14404213875.203945,4.3129094159210126e-11,9.357036296914503e-11,1.531107486882506e-22
20,30,Zn,3d¹⁰4s²→3d¹⁰4s4p,upper,17,29,6.260844466030119e-11,-1.0275167198700402e-11,0.5000000000000004,13958759524.62966,4.60458699478822e-11,9.66413067182376e-11,1.9158511803731135e-22
20,30,Zn,3d¹⁰4s²→3d¹⁰4s4p,upper,18,19,2.348691469924312e-11,1.1191498582259189e-11,0.5393446629166316,38923959116.62429,2.0655358058506535e-11,3.1266535013249865e-11,1.399174148354666e-23
20,30,Zn,3d¹⁰4s²→3d¹⁰4s4p,upper,18,20,3.805638565835192e-11,2.94829669468128e-11,-0.20601132958329824,26157185956.74283,2.950067590433272e-11,4.813298468614854e-11,4.305810676286201e-23
20,30,Zn,3d¹⁰4s²→3d¹⁰4s4p,upper,18,21,3.804979565943457e-11,2.948122261484936e-11,-0.20601132958329824,32114720048.416874,2.0909851570966904e-11,4.3396061666270765e-11,6.183365297590535e-23
20,30,Zn,3d¹⁰4s²→3d¹⁰4s4p,upper,18,22,2.3515878279720548e-11,1.1159244197507052e-11,0.5393446629166314,123542213495.91336,1.2532439833136366e-12,2.3534372338043806e-11,5.1406882919295137e-23
20,30,Zn,3d¹⁰4s²→3d¹⁰4s4p,upper,18,23,4.9148122274314444e-11,4.914812227431444e-11,-0.9999999999999999,121606766564.60368,3.1415424804923297e-13,4.9118183789797825e-11,2.2907888209546134e-22
20,30,Zn,3d¹⁰4s²→3d¹⁰4s4p,upper,18,24,4.3135850747336003e-11,3.7766305588851094e-11,-0.5393446629166316,36649517888.17547,1.388531442471747e-11,4.530111977841021e-11,1.1666066397397819e-22
20,30,Zn,3d¹⁰4s²→3d¹⁰4s4p,upper,18,25,3.09077172990109e-11,1.93416248867418e-11,0.20601132958329824,30898692569.504948,2.5491191093621966e-11,4.005469080259948e-11,2.6296967461355168e-23
20,30,Zn,3d¹⁰4s²→3d¹⁰4s4p,upper,18,26,3.086415379033781e-11,1.9355787545586153e-11,0.20601132958329824,28795550582.777798,2.827777586605292e-11,4.185147925853785e-11,2.2904668722383732e-23
20,30,Zn,3d¹⁰4s²→3d¹⁰4s4p,upper,18,27,4.3124662863712145e-11,3.7759441246382913e-11,-0.5393446629166314,31702082159.336746,1.9110597049785463e-11,4.715557550414668e-11,9.507810057483776e-23
20,30,Zn,3d¹⁰4s²→3d¹⁰4s4p,upper,18,28,5.774367972604898e-11,-1.5010310615844777e-11,0.5773502691896257,14631028675.965986,4.4097168652089426e-11,9.260068738419527e-11,1.891582931301506e-22
20,30,Zn,3d¹⁰4s²→3d¹⁰4s4p,upper,18,29,5.385629308432413e-11,-3.253804049859014e-11,0.7986541716418109,14202980840.044802,4.69052191772897e-11,9.572659356407127e-11,2.349732312286204e-22
20,30,Zn,3d¹⁰4s²→3d¹⁰4s4p,upper,19,20,2.3570232179334528e-11,1.12584830351873e-11,0.5393446629166316,38786344891.54249,2.072859718685684e-11,3.137752576104196e-11,1.4091473853187757e-23
20,30,Zn,3d¹⁰4s²→3d¹⁰4s4p,upper,19,21,3.8130753835420556e-11,2.958563714370571e-11,-0.20601132958329824,26106190264.046776,2.955814518479149e-11,4.8227209609593094e-11,4.322813708331563e-23
20,30,Zn,3d¹⁰4s²→3d¹⁰4s4p,upper,19,22,3.8129876345898635e-11,2.958540453755516e-11,-0.20601132958329846,32047486568.17343,2.09534613182673e-11,4.3487476828783786e-11,6.209676712515538e-23
20,30,Zn,3d¹⁰4s²→3d¹⁰4s4p,upper,19,23,4.3209846142668726e-11,3.786000597101069e-11,-0.5393446629166316,42226803528.753006,9.633350646708991e-12,4.42565649039446e-11,1.375012099529473e-22
20,30,Zn,3d¹⁰4s²→3d¹⁰4s4p,upper,19,24,4.9272401923627964e-11,4.9272401923627964e-11,-0.9999999999999999,147556436141.13666,2.296048396500446e-13,4.924238715964746e-11,2.303897588605122e-22
20,30,Zn,3d¹⁰4s²→3d¹⁰4s4p,upper,19,25,4.3126571031698506e-11,3.780886123999206e-11,-0.5393446629166316,36660384276.74727,1.387915261862824e-11,4.529148595876422e-11,1.1663261983716984e-22
20,30,Zn,3d¹⁰4s²→3d¹⁰4s4p,upper,19,26,3.0929742036782205e-11,1.9460202074442507e-11,0.20601132958329824,30876677948.213997,2.5509067428483463e-11,4.008362389905017e-11,2.633688982829673e-23
20,30,Zn,3d¹⁰4s²→3d¹⁰4s4p,upper,19,27,3.1037739809214305e-11,1.942503337232922e-11,0.20601132958329846,28634563154.266857,2.8436883652592655e-11,4.208661994016347e-11,2.316199426333486e-23
20,30,Zn,3d¹⁰4s²→3d¹⁰4s4p,upper,19,28,5.7716625522257236e-11,-1.4905896086988423e-11,0.5773502691896257,14630821791.314873,4.422959315090088e-11,9.259271263537449e-11,1.9069760547684402e-22
20,30,Zn,3d¹⁰4s²→3d¹⁰4s4p,upper,19,29,6.526202511815223e-11,-4.592318277944519e-12,0.408248290463863,13916008276.975187,4.7001199715619416e-11,9.573289551172e-11,1.6747072679004753e-22
20,30,Zn,3d¹⁰4s²→3d¹⁰4s4p,upper,20,21,2.3599397486976063e-11,1.1332448932930679e-11,0.5393446629166315,38738392760.14101,2.0754220350524275e-11,3.141641010450265e-11,1.4126590425958533e-23
20,30,Zn,3d¹⁰4s²→3d¹⁰4s4p,upper,20,22,3.818374905471948e-11,2.9654803714930584e-11,-0.20601132958329835,26069960187.41618,2.959920146698314e-11,4.829425971700467e-11,4.334859571102514e-23
20,30,Zn,3d¹⁰4s²→3d¹⁰4s4p,upper,20,23,3.1076703226776225e-11,1.9495903044069935e-11,0.20601132958329824,47235167639.22377,1.1841124369481872e-11,3.324583115356535e-11,5.481627515353374e-23
20,30,Zn,3d¹⁰4s²→3d¹⁰4s4p,upper,20,24,4.328810961443203e-11,3.794011929508288e-11,-0.5393446629166316,42151763180.173515,9.649888845951469e-12,4.4336734458101516e-11,1.3800590015861736e-22
20,30,Zn,3d¹⁰4s²→3d¹⁰4s4p,upper,20,25,4.922710843420127e-11,4.922710843420126e-11,-0.9999999999999999,539112434217.43695,4.551299547249923e-14,4.919712063545644e-11,2.302571865262982e-22
20,30,Zn,3d¹⁰4s²→3d¹⁰4s4p,upper,20,26,4.312710938167198e-11,3.784118209514189e-11,-0.5393446629166315,36660310677.822136,1.3878916853506265e-11,4.5292065723363916e-11,1.1663838482052974e-22
20,30,Zn,3d¹⁰4s²→3d¹⁰4s4p,upper,20,27,3.108122055813392e-11,1.949443254970464e-11,0.20601132958329835,30726201323.046577,2.5634120423753897e-11,4.0279768285772384e-11,2.659445688598551e-23
20,30,Zn,3d¹⁰4s²→3d¹⁰4s4p,upper,20,28,5.769874144268082e-11,-1.4836496909613e-11,0.5773502691896257,14630682911.419731,4.3909291701706314e-11,9.278177697029189e-11,1.9172357758280578e-22
20,30,Zn,3d¹⁰4s²→3d¹⁰4s4p,upper,20,29,8.721559375115269e-11,6.355255569752875e-11,-0.5463428522861039,13991514899.281534,4.685392431341905e-11,9.584063087353468e-11,1.8743702306821237e-22
20,30,Zn,3d¹⁰4s²→3d¹⁰4s4p,upper,21,22,2.3594790857350916e-11,1.1324590738525289e-11,0.5393446629166316,38745955748.34888,2.0750168718436883e-11,3.141027845023227e-11,1.412107919624926e-23
20,30,Zn,3d¹⁰4s²→3d¹⁰4s4p,upper,21,23,3.1071392068491044e-11,1.9487435878856403e-11,0.20601132958329824,55730124718.99684,7.997609554062001e-12,3.2073392788368515e-11,6.738994912681516e-23
20,30,Zn,3d¹⁰4s²→3d¹⁰4s4p,upper,21,24,3.10839696685994e-11,1.9483343438978687e-11,0.20601132958329824,47223666962.57434,1.1844208706287007e-11,3.325358578841128e-11,5.484031528730766e-23
20,30,Zn,3d¹⁰4s²→3d¹⁰4s4p,upper,21,25,4.317999978749476e-11,3.786979325215395e-11,-0.5393446629166315,42258907397.27076,9.624671890192865e-12,4.422601828685296e-11,1.3732495546318715e-22
20,30,Zn,3d¹⁰4s²→3d¹⁰4s4p,upper,21,26,4.914989427884404e-11,4.9149894278844035e-11,-0.9999999999999998,1555806803795.0388,1.4766829457661525e-14,4.911995349393861e-11,2.295793353103181e-22
20,30,Zn,3d¹⁰4s²→3d¹⁰4s4p,upper,21,27,4.326951204473194e-11,3.792478778740116e-11,-0.5393446629166316,36538945515.55725,1.3925509338536028e-11,4.544158999478648e-11,1.174045640317621e-22
20,30,Zn,3d¹⁰4s²→3d¹⁰4s4p,upper,21,28,5.770091924660532e-11,-1.4844964074826532e-11,0.5773502691896257,14630699918.570885,4.3772811781478575e-11,9.284175930178974e-11,1.915982797491173e-22
20,30,Zn,3d¹⁰4s²→3d¹⁰4s4p,upper,21,29,9.113274862210011e-11,7.777573806603728e-11,-0.7459067426872383,14151392338.638113,4.686341195725549e-11,9.583164746328309e-11,2.256248899969449e-22
20,30,Zn,3d¹⁰4s²→3d¹⁰4s4p,upper,22,23,4.326225442278263e-11,3.79198088891998e-11,-0.5393446629166314,62407987735.67719,2.650173267365174e-12,4.332915804001753e-11,1.7155215041500435e-22
20,30,Zn,3d¹⁰4s²→3d¹⁰4s4p,upper,22,24,3.108326196817135e-11,1.948221434500591e-11,0.20601132958329846,55707917619.50407,8.001054144705869e-12,3.208563865842158e-11,6.743951828479512e-23
20,30,Zn,3d¹⁰4s²→3d¹⁰4s4p,upper,22,25,3.1010746855351866e-11,1.950584233378727e-11,0.20601132958329835,47336506899.63023,1.181539350479981e-11,3.31753071731112e-11,5.458686846049116e-23
20,30,Zn,3d¹⁰4s²→3d¹⁰4s4p,upper,22,26,4.311868954553568e-11,3.7831585835955594e-11,-0.5393446629166316,42319189362.21837,9.610871594805494e-12,4.416322433825263e-11,1.3693616752244094e-22
20,30,Zn,3d¹⁰4s²→3d¹⁰4s4p,upper,22,27,4.9319477650949815e-11,4.9319477650949815e-11,-1.0,192216996892.80234,1.5707473059365128e-13,4.928943386256919e-11,2.3095105013602673e-22
20,30,Zn,3d¹⁰4s²→3d¹⁰4s4p,upper,22,28,5.770120974379174e-11,-1.4846093168799302e-11,0.5773502691896257,14630702183.958733,4.3761477508665566e-11,9.284650444293209e-11,1.9158157386850898e-22
20,30,Zn,3d¹⁰4s²→3d¹⁰4s4p,upper,22,29,7.342113640386087e-11,1.8494777301783518e-11,0.08534713286766836,13827950699.329607,4.6904076243715877e-11,9.581117182787582e-11,1.4566383910080787e-22
20,30,Zn,3d¹⁰4s²→3d¹⁰4s4p,upper,23,24,2.3747705845564403e-11,1.1381816685463343e-11,0.5393446629166316,52635281119.211044,1.2515712559911609e-11,2.683112592561931e-11,2.5009808602008763e-23
20,30,Zn,3d¹⁰4s²→3d¹⁰4s4p,upper,23,25,3.833556862616653e-11,2.9806497387572644e-11,-0.20601132958329824,30088527080.303547,2.3381633548459924e-11,4.488337858088506e-11,5.68941972031039e-23
20,30,Zn,3d¹⁰4s²→3d¹⁰4s4p,upper,23,26,3.828227639877684e-11,2.979233472872829e-11,-0.20601132958329824,25550331363.05037,3.045255944227712e-11,4.8898664162065987e-11,4.218011244651289e-23
20,30,Zn,3d¹⁰4s²→3d¹⁰4s4p,upper,23,27,2.3741592183881806e-11,1.138868102793153e-11,0.5393446629166314,28196788987.79101,3.1625561549140595e-11,3.9536726776810525e-11,7.826530181834645e-24
20,30,Zn,3d¹⁰4s²→3d¹⁰4s4p,upper,23,28,8.50019272395717e-11,6.415843289015922e-11,-0.5773502691896257,14630398674.423845,4.362462093151362e-11,9.299043079011015e-11,1.9380529387931566e-22
20,30,Zn,3d¹⁰4s²→3d¹⁰4s4p,upper,23,29,9.227353582614135e-11,8.168616277290459e-11,-0.7986541716418109,14207437459.224064,4.6591231396924404e-11,9.604070824999658e-11,2.4081291525405447e-22
20,30,Zn,3d¹⁰4s²→3d¹⁰4s4p,upper,24,25,2.370240295186415e-11,1.1463540683635902e-11,0.5393446629166316,52735326753.126076,1.2492205558654252e-11,2.677987498079686e-11,2.491301335428981e-23
20,30,Zn,3d¹⁰4s²→3d¹⁰4s4p,upper,24,26,3.82977380210833e-11,2.981219984918546e-11,-0.20601132958329824,30118107764.485535,2.3358891604894364e-11,4.483898439182313e-11,5.677972068941898e-23
20,30,Zn,3d¹⁰4s²→3d¹⁰4s4p,upper,24,27,3.843012855020706e-11,2.9847368551298745e-11,-0.20601132958329846,25452040799.84815,3.057001101987645e-11,4.908769088058577e-11,4.2508068514271623e-23
20,30,Zn,3d¹⁰4s²→3d¹⁰4s4p,upper,24,28,8.501692219234865e-11,6.417829801061639e-11,-0.5773502691896257,14630358072.82963,4.368212654869501e-11,9.297400457945618e-11,1.9410071164720183e-22
20,30,Zn,3d¹⁰4s²→3d¹⁰4s4p,upper,24,29,8.449526979511977e-11,5.386472020157248e-11,-0.408248290463863,13913959430.305061,4.677766761714327e-11,9.596028467001956e-11,1.7047204956879233e-22
20,30,Zn,3d¹⁰4s²→3d¹⁰4s4p,upper,25,26,2.3614229181988935e-11,1.1385926339059373e-11,0.5393446629166315,52932604399.9577,1.2445492396909784e-11,2.6680296080167064e-11,2.4728959969493514e-23
20,30,Zn,3d¹⁰4s²→3d¹⁰4s4p,upper,25,27,3.834111873955831e-11,2.9732675884496626e-11,-0.20601132958329835,30084163604.72367,2.338503750059737e-11,4.4889870876889665e-11,5.691054493696199e-23
20,30,Zn,3d¹⁰4s²→3d¹⁰4s4p,upper,25,28,8.493037532690155e-11,6.406360534381426e-11,-0.5773502691896257,14630591230.17645,4.386438477595425e-11,9.282715513288204e-11,1.9239766529992047e-22
20,30,Zn,3d¹⁰4s²→3d¹⁰4s4p,upper,25,29,6.14235369949744e-11,-1.4325447263327469e-11,0.5463428522861039,13991367996.927483,4.707154897027813e-11,9.575733378530344e-11,1.8809886316566016e-22
20,30,Zn,3d¹⁰4s²→3d¹⁰4s4p,upper,26,27,2.366356185391419e-11,1.1225106491442875e-11,0.5393446629166316,52821182440.57543,1.2472198780361418e-11,2.67359079237154e-11,2.4829589955652867e-23
20,30,Zn,3d¹⁰4s²→3d¹⁰4s4p,upper,26,28,8.487853096765245e-11,6.399485835367056e-11,-0.5773502691896257,14630729530.8986,4.394873974977488e-11,9.275078446946644e-11,1.9137984016572014e-22
20,30,Zn,3d¹⁰4s²→3d¹⁰4s4p,upper,26,29,5.5457653865186535e-11,-2.862584378719324e-11,0.7459067426872383,14151250805.812193,4.7128361181732815e-11,9.569404386853554e-11,2.253653576733766e-22
20,30,Zn,3d¹⁰4s²→3d¹⁰4s4p,upper,27,28,8.500731499197359e-11,6.41655708197491e-11,-0.5773502691896257,14630384096.003174,4.360492939272421e-11,9.300346295164755e-11,1.9391142187624665e-22
20,30,Zn,3d¹⁰4s²→3d¹⁰4s4p,upper,27,29,7.745171808945021e-11,3.0824700349166296e-11,-0.08534713286766836,13825567217.149368,4.687081539037753e-11,9.590825494856161e-11,1.474475562752821e-22
20,30,Zn,3d¹⁰4s²→3d¹⁰4s4p,upper,28,29,9.873796497653896e-11,6.829007750237634e-11,0.0,8881335453.810055,9.233078563865053e-11,1.3495058402700865e-10,2.281153360468788e-22
