line_index,Z,symbol,split,transition,level,seat_index,n,subshell,occupancy_index,direction_x,direction_y,direction_z,phase_rad,r_m,v_m_s,k,z,koppa_felt_m,n_eff,q_effective,static_screening,swept_screening_mean,swept_screening_variance,force_residual,path_length_m,period_s,angular_rate_rad_s,action_closure_residual
0,1,H,CALIBRATION,1s→2p,lower,0,1,s,0,0.0,0.0,1.0,0.0,5.29177210903e-11,2187691.2636430627,137.03599908369577,5.325135452066933e-05,2.8179403262054656e-15,1.0,1.0,0.0,0.0,0.0,6.098992584414043e-10,3.3249184764400027e-10,1.519829846055685e-16,4.134137333521859e+16,6.098992422209903e-10
0,1,H,CALIBRATION,1s→2p,upper,0,2,p,0,0.8660254037844387,0.49999999999999994,0.0,0.0,2.116708843612e-10,1093845.6318215313,274.07199816739154,1.3312838630167332e-05,2.8179403262054656e-15,2.0,1.0,0.0,0.0,0.0,6.098992584414043e-10,1.329967390576001e-09,1.215863876844548e-15,5167671666902324.0,6.098992422209903e-10
1,2,He,CALIBRATION,1s²→1s2p ¹P,lower,0,1,s,0,0.0,0.0,1.0,0.0,2.7963571310356892e-11,4139944.602793728,72.41460617557377,0.0001906986654395654,5.332615729809179e-15,1.0,1.8923806441955007,0.10761935755342415,0.5445854421607914,1.2555183081794623,1.4515431934471173e-09,1.7570030039350304e-10,4.244025397705479e-17,1.4804777819135043e+17,6.098992422209903e-10
1,2,He,CALIBRATION,1s²→1s2p ¹P,lower,1,1,s,1,0.0,0.0,-1.0,0.0,2.7963571310356892e-11,4139944.602793728,72.41460617557377,0.0001906986654395654,5.332615729809179e-15,1.0,1.8923806441955007,0.10761935755342415,0.5445854421607896,1.2555183081794308,1.4515431934471173e-09,1.7570030039350304e-10,4.244025397705479e-17,1.4804777819135043e+17,6.098992422209903e-10
1,2,He,CALIBRATION,1s²→1s2p ¹P,upper,0,1,s,0,0.0,0.0,1.0,0.0,2.6498036112491024e-11,4368913.8179782815,68.61944878984342,0.00021237605524285861,5.627548381253656e-15,1.0,1.9970431342779733,0.0029568655989882374,0.0006448703335548627,7.184493059365269e-05,5.474782021480245e-10,1.664920711711177e-10,3.810834411198389e-17,1.648768912319053e+17,6.098992422209903e-10
1,2,He,CALIBRATION,1s²→1s2p ¹P,upper,1,2,p,0,0.8660254037844387,0.49999999999999994,0.0,0.0,1.6561298346003588e-10,1398050.2458502655,214.43611121263555,2.174724036270991e-05,3.601625358490901e-15,2.0,1.2781056167149984,0.7218943843776904,0.6372863522894376,0.010931965435395359,9.36102385700255e-10,1.0405770643542732e-09,7.443059127831387e-16,8441670554094144.0,6.098992422209903e-10
2,3,Li,HOLDOUT,2s→2p,lower,0,1,s,0,0.0,0.0,1.0,0.0,1.8164143070580972e-11,6373415.782473617,47.03795707545164,0.0004519632231034817,8.209524647092548e-15,1.0,2.9133067761400016,0.0866932265631328,-0.4007749498094386,10.617521124083508,1.4933193622864575e-09,1.1412867685858226e-10,1.790698751718458e-17,3.5087896839989856e+17,6.098992422209903e-10
2,3,Li,HOLDOUT,2s→2p,lower,1,1,s,1,0.0,0.0,-1.0,0.0,1.836573155200354e-11,6303459.015141725,47.5599916299701,0.00044209587322118415,8.11941412782886e-15,1.0,2.8813293355868055,0.11867066313196428,1.4913612785889352,25.507801708792616,1.5869677505379738e-10,1.1539529464315319e-10,1.8306662162149186e-17,3.4321850982593024e+17,6.098990201763854e-10
2,3,Li,HOLDOUT,2s→2p,lower,2,2,s,0,0.0,0.0,1.0,0.0,1.0298422355631143e-10,2248259.6289682793,133.344233974247,5.624080371200558e-05,5.791915502463813e-15,2.0,2.0553719497186775,0.9446280526155493,1.3179871420880827,0.05689812712726168,1.1959320320271026e-09,6.470689603203138e-10,2.878088242047259e-16,2.183110724468334e+16,6.098992422209903e-10
2,3,Li,HOLDOUT,2s→2p,upper,0,1,s,0,0.0,0.0,1.0,0.0,1.8306467198831567e-11,6323865.487740778,47.40652036023964,0.000444962940444425,8.14569947394151e-15,1.0,2.8906571931955027,0.10934280675622907,0.5449633213420046,0.8667835398159126,5.71580595841902e-10,1.1502292573006354e-10,1.8188705302641702e-17,3.4544434046479526e+17,6.098992422209903e-10
2,3,Li,HOLDOUT,2s→2p,upper,1,1,s,1,0.0,0.0,-1.0,0.0,1.8306467198831567e-11,6323865.487740778,47.40652036023964,0.000444962940444425,8.14569947394151e-15,1.0,2.8906571931955027,0.10934280675622907,0.544963321342003,0.8667835398159007,5.71580595841902e-10,1.1502292573006354e-10,1.8188705302641702e-17,3.4544434046479526e+17,6.098992422209903e-10
2,3,Li,HOLDOUT,2s→2p,upper,2,2,p,0,0.8660254037844387,0.49999999999999994,0.0,0.0,1.3750016706319163e-10,1683890.8430990581,178.03556520816838,3.154906295458658e-05,4.338001426942805e-15,2.0,1.5394227431296237,1.4605772583429464,1.2782594112311767,0.029986097459558395,8.038210441237526e-10,8.639390294261841e-10,5.130611838450155e-16,1.2246463979386906e+16,6.098992422209903e-10
3,4,Be,CALIBRATION,2s²→2s2p ¹P,lower,0,1,s,0,0.0,0.0,1.0,0.0,1.3552475337469833e-11,8542176.483514832,35.09555891037327,0.0008118871612853456,1.1003080730128038e-14,1.0,3.9046535612570556,0.09534644088706966,0.6111166904951534,1.9499005502640763,1.1313924769482628e-09,8.515271391630416e-11,9.968503235754566e-18,6.303037836857341e+17,6.098992422209903e-10
3,4,Be,CALIBRATION,2s²→2s2p ¹P,lower,1,1,s,1,0.0,0.0,-1.0,0.0,1.3552475337469833e-11,8542176.483514832,35.09555891037327,0.0008118871612853456,1.1003080730128038e-14,1.0,3.9046535612570556,0.09534644088706966,0.6111166904951314,1.9499005502636981,1.1313924769482628e-09,8.515271391630416e-11,9.968503235754566e-18,6.303037836857341e+17,6.098992422209903e-10
3,4,Be,CALIBRATION,2s²→2s2p ¹P,lower,2,2,s,0,0.0,0.0,1.0,0.0,7.212938565833472e-11,3209999.2274860675,93.39331157247177,0.0001146485192435091,8.269527259672077e-15,2.0,2.9345998503834605,1.0654001524522942,36.003203143603,208554.77595042993,1.156391176131026e-09,4.532022961843387e-10,1.4118454992254535e-16,4.450334906069097e+16,6.098992422209903e-10
3,4,Be,CALIBRATION,2s²→2s2p ¹P,lower,3,2,s,1,0.0,0.0,-1.0,0.0,7.212938565833472e-11,3209999.2274860675,93.39331157247177,0.0001146485192435091,8.269527259672077e-15,2.0,2.9345998503834605,1.0654001524522942,-32.270145386900445,208629.74880569152,1.156391176131026e-09,4.532022961843387e-10,1.4118454992254535e-16,4.450334906069097e+16,6.098992422209903e-10
3,4,Be,CALIBRATION,2s²→2s2p ¹P,upper,0,1,s,0,0.0,0.0,1.0,0.0,1.3522119757891204e-11,8561352.672060914,35.01694994744715,0.0008155364365012247,1.1027781361293396e-14,1.0,3.913419052469078,0.08658094741543729,-2.250439611368363,277.329763939488,5.678266308408446e-10,8.49619841847048e-11,9.923897243711196e-18,6.331368768616845e+17,6.098990201763854e-10
3,4,Be,CALIBRATION,2s²→2s2p ¹P,upper,1,1,s,1,0.0,0.0,-1.0,0.0,1.3642533347669011e-11,8485787.292646041,35.32877359061384,0.0008012035722257495,1.0930446452361325e-14,1.0,3.878877899121399,0.12112210089679856,3.4902950812896685,374.66434726007196,5.959804876235358e-10,8.571856508278146e-11,1.01014274959575e-17,6.220096426662529e+17,6.098990201763854e-10
3,4,Be,CALIBRATION,2s²→2s2p ¹P,upper,2,2,s,0,0.0,0.0,1.0,0.0,7.334483324741761e-11,3156804.126355434,94.96707619490913,0.00011088016545485592,8.132487245732483e-15,2.0,2.8859685814154155,1.1140314171586239,1.4304519055273666,0.06448939235125212,8.354736716232092e-11,4.6083917861771114e-10,1.4598282318825882e-16,4.30405795007596e+16,6.098992422209903e-10
3,4,Be,CALIBRATION,2s²→2s2p ¹P,upper,3,2,p,0,0.8660254037844387,0.49999999999999994,0.0,0.0,9.812192468632963e-11,2359669.0849925475,127.0485170597329,6.19527800495718e-05,6.07892601813283e-15,2.0,2.1572231184605983,1.8427768841544596,1.7795273864964452,0.08565249997378253,9.826867130870172e-10,6.165182355013283e-10,2.612731757272124e-16,2.4048336725311884e+16,6.098992422209903e-10
4,5,B,CALIBRATION,2s²2p→2s²3s,lower,0,1,s,0,0.0,0.0,1.0,0.0,1.0791560576574187e-11,10727608.42138555,27.945880034394428,0.001280455291554782,1.3818110844408392e-14,1.0,4.903620816916073,0.09637918304938572,0.5402362929923246,0.8679222918148976,5.912345855435597e-10,6.780537485626939e-11,6.320642233836479e-18,9.940738733073083e+17,6.098990201763854e-10
4,5,B,CALIBRATION,2s²2p→2s²3s,lower,1,1,s,1,0.0,0.0,-1.0,0.0,1.0791560576574187e-11,10727608.42138555,27.945880034394428,0.001280455291554782,1.3818110844408392e-14,1.0,4.903620816916073,0.09637918304938572,0.5402362929923256,0.8679222928396652,5.912345855435597e-10,6.780537485626939e-11,6.320642233836479e-18,9.940738733073083e+17,6.098990201763854e-10
4,5,B,CALIBRATION,2s²2p→2s²3s,lower,2,2,s,0,0.0,0.0,1.0,0.0,5.605305512983664e-11,4130645.005985669,72.57763801187812,0.00018984289124714658,1.064127404908389e-14,2.0,3.776259543229234,1.2237404560154352,3.4494268840849838,8059.744718020846,3.0956138656028926e-10,3.521917324143169e-10,8.526313248995254e-17,7.369170148563331e+16,6.098990201763854e-10
4,5,B,CALIBRATION,2s²2p→2s²3s,lower,3,2,s,1,0.0,0.0,-1.0,0.0,5.605305512983664e-11,4130645.005985669,72.57763801187812,0.00018984289124714658,1.064127404908389e-14,2.0,3.776259543229234,1.2237404560154352,-0.09868108267305617,8071.507545244814,3.0956138656028926e-10,3.521917324143169e-10,8.526313248995254e-17,7.369170148563331e+16,6.098990201763854e-10
4,5,B,CALIBRATION,2s²2p→2s²3s,lower,4,2,p,0,0.8660254037844387,0.49999999999999994,0.0,0.0,7.691103443885088e-11,3010429.828848346,99.58460254650313,0.00010083600037951724,7.755401097865031e-15,2.0,2.7521523524623985,2.2478476501027496,3.5114608722413747,4.979533819859213,8.487366515688781e-10,4.83246281546171e-10,1.6052401451623907e-16,3.914171550041793e+16,6.098992422209903e-10
4,5,B,CALIBRATION,2s²2p→2s²3s,upper,0,1,s,0,0.0,0.0,1.0,0.0,1.0774416672920096e-11,10744677.845262323,27.90148409448946,0.0012845333715988262,1.3840097775876658e-14,1.0,4.911423299908279,0.08857670243474429,0.31240405519016495,0.02721596918144246,1.0676991763904719e-09,6.76976565327223e-11,6.3005757369051695e-18,9.972398665690628e+17,6.098990201763854e-10
4,5,B,CALIBRATION,2s²2p→2s²3s,upper,1,1,s,1,0.0,0.0,-1.0,0.0,1.0789694279730369e-11,10729463.979218746,27.941047062616548,0.0012808982913806782,1.3820500967426506e-14,1.0,4.904468997765004,0.09553100252792705,0.3161396990585521,0.02848090387473772,6.568323340921076e-10,6.779364856736148e-11,6.318456234036195e-18,9.944177935954337e+17,6.098990201763854e-10
4,5,B,CALIBRATION,2s²2p→2s²3s,upper,2,2,s,0,0.0,0.0,1.0,0.0,5.266877144058103e-11,4396063.661813503,68.19565890370363,0.00021502380376687872,1.1325039574882081e-14,2.0,4.018906812740056,0.9810931914180718,-28.648439831584326,17343.736044979854,1.3218509823180355e-09,3.3092765086265853e-10,7.527817527695705e-17,8.346622754952582e+16,6.098992422209903e-10
4,5,B,CALIBRATION,2s²2p→2s²3s,upper,3,2,s,1,0.0,0.0,-1.0,0.0,5.4387753088875394e-11,4257121.485859983,70.42140070368201,0.00020164649700091117,1.096709989012221e-14,2.0,3.8918850722755023,1.10811492768652,33.92074532687126,19673.592205533245,4.671357528330943e-10,3.4172833109853305e-10,8.027215860143591e-17,7.827353115513693e+16,6.098990201763854e-10
4,5,B,CALIBRATION,2s²2p→2s²3s,upper,4,3,s,0,0.0,0.0,1.0,0.0,1.6194297372510633e-10,2144600.0426853076,139.78944886367825,5.117421798392372e-05,8.287305038373424e-15,3.0,2.9409086350429576,2.0590913683579495,2.695278850124513,0.25701388399914493,1.0389131575746222e-09,1.0175177131105578e-09,4.744556993650426e-16,1.3242933567008014e+16,6.098990201763854e-10
5,6,C,CALIBRATION,2p²→2p3s,lower,0,1,s,0,0.0,0.0,1.0,0.0,8.968347871941625e-12,12908468.513285507,23.224479161989745,0.001853992759103502,1.6627252015701074e-14,1.0,5.900498268567212,0.09950173131792715,0.38779285571859573,41.31972703074076,5.806412979868882e-10,5.634979157865893e-11,4.365335168975564e-18,1.4393362855237745e+18,6.098990201763854e-10
5,6,C,CALIBRATION,2p²→2p3s,lower,1,1,s,1,0.0,0.0,-1.0,0.0,8.968347871941625e-12,12908468.513285507,23.224479161989745,0.001853992759103502,1.6627252015701074e-14,1.0,5.900498268567212,0.09950173131792714,0.41007684285247353,41.32678936525729,5.806412979868882e-10,5.634979157865893e-11,4.365335168975564e-18,1.4393362855237745e+18,6.098990201763854e-10
5,6,C,CALIBRATION,2p²→2p3s,lower,2,2,s,0,0.0,0.0,1.0,0.0,4.637383979345336e-11,4992799.243572346,60.04496543415966,0.0002773618987281104,1.2862336256425426e-14,2.0,4.564445931239918,1.4355540659790291,10.615744868635705,157393.39079720608,4.664973854606733e-13,2.913754288277262e-10,5.835913174414904e-17,1.076641327483342e+17,6.098992422209903e-10
5,6,C,CALIBRATION,2p²→2p3s,lower,3,2,s,1,0.0,0.0,-1.0,0.0,4.637383979345336e-11,4992799.243572346,60.04496543415966,0.0002773618987281104,1.2862336256425426e-14,2.0,4.564445931239918,1.4355540659790291,-6.745727367459835,157351.86147728976,4.664973854606733e-13,2.913754288277262e-10,5.835913174414904e-17,1.076641327483342e+17,6.098992422209903e-10
5,6,C,CALIBRATION,2p²→2p3s,lower,4,2,p,0,0.8660254037844387,0.49999999999999994,0.0,0.0,5.810173368296439e-11,3984997.6509424876,75.23027220081207,0.00017669112405378797,1.0266060633916812e-14,2.0,3.6431078892790865,2.356892114949436,3.2386485205536095,1.1906732907846194,1.0750751912862454e-09,3.6506395939846313e-10,9.160957957205376e-17,6.858655324618827e+16,6.098992422209903e-10
5,6,C,CALIBRATION,2p²→2p3s,lower,5,2,p,1,-0.8660254037844385,0.5000000000000002,0.0,0.0,5.81017336829644e-11,3984997.650942487,75.23027220081207,0.00017669112405378792,1.026606063391681e-14,2.0,3.643107889279086,2.356892114949436,2.6632471036116545,0.5158099240669517,1.0750751912862456e-09,3.650639593984632e-10,9.160957957205378e-17,6.858655324618826e+16,6.098992422209903e-10
5,6,C,CALIBRATION,2p²→2p3s,upper,0,1,s,0,0.0,0.0,1.0,0.0,8.957030718380949e-12,12924778.284345934,23.195172203696426,0.0018586807358849993,1.6648260446984847e-14,1.0,5.907953512061336,0.09204648787550722,0.33932083169436633,0.051878891898661676,5.900166170194479e-10,5.627868380568739e-11,4.3543248918900435e-18,1.4429757685013484e+18,6.098990201763854e-10
5,6,C,CALIBRATION,2p²→2p3s,upper,1,1,s,1,0.0,0.0,-1.0,0.0,8.966042896591757e-12,12911787.000835795,23.218510186126373,0.0018549461243635415,1.6631526521910142e-14,1.0,5.902015158818335,0.0979848411244139,0.3438954758453099,0.05489547270671678,5.903975784697724e-10,5.6335308991407224e-11,4.36309156801925e-18,1.4400764249905526e+18,6.098992422209903e-10
5,6,C,CALIBRATION,2p²→2p3s,upper,2,2,s,0,0.0,0.0,1.0,0.0,4.3842666957079784e-11,5281048.9943269845,56.767596422991616,0.0003103122979461455,1.360491873153897e-14,2.0,4.827965519716611,1.172034479198159,1.0278707756248933,5.352355550228493,3.0989049194298627e-10,2.754716008522916e-10,5.216228842947852e-17,1.2045455627726571e+17,6.098990201763854e-10
5,6,C,CALIBRATION,2p²→2p3s,upper,3,2,s,1,0.0,0.0,-1.0,0.0,4.496515765499711e-11,5149215.177199938,58.221000226877756,0.0002950126749575081,1.326529143968677e-14,2.0,4.707442281983779,1.2925577169015294,2.584715217292747,12.17149128418993,2.9272917009416175e-10,2.8252441791289155e-10,5.4867471680708407e-17,1.145156704822026e+17,6.098992422209903e-10
5,6,C,CALIBRATION,2p²→2p3s,upper,4,2,p,0,0.8660254037844387,0.49999999999999994,0.0,0.0,5.5647717806567547e-11,4160732.5757207116,72.052806217201,0.00019261859042631331,1.0718784964342296e-14,2.0,3.803765773413597,2.196234230426765,2.9388927164217318,1.2900533281150193,1.0267125751638608e-09,3.4964492290030103e-10,8.403446184948246e-17,7.476915028543474e+16,6.098992422209903e-10
5,6,C,CALIBRATION,2p²→2p3s,upper,5,3,s,0,0.0,0.0,1.0,0.0,1.412454037048714e-10,2458861.6638395474,121.92327141001898,6.727082997616013e-05,9.501695537544503e-15,3.0,3.3718583211941664,2.628141677954366,3.292031858688583,0.5002061356630294,2.0083765177689092e-10,8.874710452650972e-10,3.609276025229083e-16,1.7408436659484332e+16,6.098992422209903e-10
6,7,N,HOLDOUT,2p³→2p²3s,lower,0,1,s,0,0.0,0.0,1.0,0.0,7.673341141194363e-12,15086991.962295348,19.870923160112117,0.0025325843105602577,1.9433383383765387e-14,1.0,6.8963076339993545,0.10369236582532425,1.1172485792158824,22.25663031745236,5.75818895531132e-10,4.821302431532906e-11,3.1956684563643056e-18,1.9661568128778703e+18,6.098992422209903e-10
6,7,N,HOLDOUT,2p³→2p²3s,lower,1,1,s,1,0.0,0.0,-1.0,0.0,7.673341141194363e-12,15086991.962295348,19.870923160112117,0.0025325843105602577,1.9433383383765387e-14,1.0,6.8963076339993545,0.10369236582532425,1.1172485792140436,22.25663015435508,5.75818895531132e-10,4.821302431532906e-11,3.1956684563643056e-18,1.9661568128778703e+18,6.098992422209903e-10
6,7,N,HOLDOUT,2p³→2p²3s,lower,2,2,s,0,0.0,0.0,1.0,0.0,3.976923730350772e-11,5821969.138489796,51.493309371572074,0.000377136348712525,1.4998424947726844e-14,2.0,5.322477842503915,1.6775221525869801,2.5136662928915507,4.496634840727473,-2.3756133804870407e-10,2.49877487503138e-10,4.291975473575863e-17,1.463937840712949e+17,6.098990201763854e-10
6,7,N,HOLDOUT,2p³→2p²3s,lower,3,2,s,1,0.0,0.0,-1.0,0.0,3.976923730350772e-11,5821969.138489796,51.493309371572074,0.000377136348712525,1.4998424947726844e-14,2.0,5.322477842503915,1.6775221525869801,2.246941867953403,4.998860118803349,-2.3756133804870407e-10,2.49877487503138e-10,4.291975473575863e-17,1.463937840712949e+17,6.098990201763854e-10
6,7,N,HOLDOUT,2p³→2p²3s,lower,4,2,p,0,0.8660254037844387,0.49999999999999994,0.0,0.0,4.698841362876264e-11,4927497.107511867,60.84071719554591,0.00027015396760954617,1.26941063734887e-14,2.0,4.50474634094971,2.4952536636328704,3.3717971056588194,1.5627507803819776,1.0471458649391802e-09,2.9523691011991843e-10,5.991620160869012e-17,1.0486621545562538e+17,6.098990201763854e-10
6,7,N,HOLDOUT,2p³→2p²3s,lower,5,2,p,1,-0.8660254037844385,0.5000000000000002,0.0,0.0,4.6988413628762646e-11,4927497.107511866,60.84071719554593,0.00027015396760954617,1.2694106373488702e-14,2.0,4.504746340949709,2.4952536636328704,2.6872251597725634,0.044717064796298354,1.0471456478076427e-09,2.952369101199185e-10,5.991620160869014e-17,1.0486621545562534e+17,6.098990201763854e-10
6,7,N,HOLDOUT,2p³→2p²3s,lower,6,2,p,2,-5.511259909704863e-16,-1.0,0.0,0.0,4.6988413628762646e-11,4927497.107511866,60.84071719554593,0.00027015396760954617,1.2694106373488702e-14,2.0,4.504746340949709,2.495253663632871,2.513213576778784,0.17559812020116639,1.047145720184822e-09,2.952369101199185e-10,5.991620160869014e-17,1.0486621545562534e+17,6.098990201763854e-10
6,7,N,HOLDOUT,2p³→2p²3s,upper,0,1,s,0,0.0,0.0,1.0,0.0,7.665508368496842e-12,15102408.158201627,19.850639372184656,0.0025377626474150697,1.9453240811018918e-14,1.0,6.903354421707693,0.09664557813892852,0.41316331270388895,0.14869503868495765,5.795674890688856e-10,4.816380955300152e-11,3.1891476543656595e-18,1.9701769839908367e+18,6.098990201763854e-10
6,7,N,HOLDOUT,2p³→2p²3s,upper,1,1,s,1,0.0,0.0,-1.0,0.0,7.671224593424189e-12,15091154.575292468,19.865442137265365,0.002533982020948785,1.943874519839705e-14,1.0,6.898210376432118,0.10178962341935584,0.4237386288500925,0.16395790545686362,5.798122894694434e-10,4.819972565347756e-11,3.1939057686408624e-18,1.967241917050464e+18,6.098992422209903e-10
6,7,N,HOLDOUT,2p³→2p²3s,upper,2,2,s,0,0.0,0.0,1.0,0.0,3.777524916560742e-11,6129285.110132405,48.91148847104681,0.0004180018858316018,1.5790125388982545e-14,2.0,5.603427880335898,1.3965721165869698,1.1981963050239735,8.914349731759598,4.8627673014143585e-11,2.373488905323925e-10,3.8723747756492485e-17,1.6225664278907866e+17,6.098992422209903e-10
6,7,N,HOLDOUT,2p³→2p²3s,upper,3,2,s,1,0.0,0.0,-1.0,0.0,3.856696588515241e-11,6003460.913461072,49.93660528842617,0.00040101624771843336,1.5465979945148646e-14,2.0,5.488398672364566,1.5116013243680084,2.8494743647521235,20.89075017871986,1.1420721819425029e-11,2.4232339339208597e-10,4.036394954262864e-17,1.5566329307155315e+17,6.098992422209903e-10
6,7,N,HOLDOUT,2p³→2p²3s,upper,4,2,p,0,0.8660254037844387,0.49999999999999994,0.0,0.0,4.533138646398188e-11,5107615.061062952,58.69519421802509,0.00029026516040400323,1.3158122163303561e-14,2.0,4.669411215326127,2.330588789703921,3.131602421969865,1.466280295740483,1.1254166633225577e-09,2.8482550138457053e-10,5.576487225043446e-17,1.126728180952774e+17,6.098990201763854e-10
6,7,N,HOLDOUT,2p³→2p²3s,upper,5,2,p,1,-0.8660254037844385,0.5000000000000002,0.0,0.0,4.53313864639819e-11,5107615.06106295,58.69519421802511,0.000290265160404003,1.3158122163303558e-14,2.0,4.669411215326125,2.330588789703923,2.368069049165411,0.08255519678193646,1.1254170674974614e-09,2.848255013845707e-10,5.576487225043451e-17,1.1267281809527733e+17,6.098992422209903e-10
6,7,N,HOLDOUT,2p³→2p²3s,upper,6,3,s,0,0.0,0.0,1.0,0.0,1.2695517678695048e-10,2735634.0808872585,109.5879233609954,8.326732353331258e-05,1.05712177797479e-14,3.0,3.7513987366732886,3.248601261251042,3.902498197601994,0.45439002990557353,3.0329413920414773e-11,7.976829014581541e-10,2.915897659819469e-16,2.154803096748119e+16,6.098992422209903e-10
7,8,O,CALIBRATION,2p⁴→2p³3s,lower,0,1,s,0,0.0,0.0,1.0,0.0,6.704602160558482e-12,17266891.211261116,17.362271779675165,0.0033173164300489924,2.2241286904162627e-14,1.0,7.892745881568018,0.10725411842215389,0.8121568028353825,7.286935618105923,6.004939874555545e-10,4.212625778570556e-11,2.4397129321247865e-18,2.5753789408770545e+18,6.098990201763854e-10
7,8,O,CALIBRATION,2p⁴→2p³3s,lower,1,1,s,1,0.0,0.0,-1.0,0.0,6.704602160558482e-12,17266891.211261116,17.362271779675165,0.0033173164300489924,2.2241286904162627e-14,1.0,7.892745881568018,0.10725411842215389,0.8121568028352759,7.286886764090097,6.004939874555545e-10,4.212625778570556e-11,2.4397129321247865e-18,2.5753789408770545e+18,6.098990201763854e-10
7,8,O,CALIBRATION,2p⁴→2p³3s,lower,2,2,s,0,0.0,0.0,1.0,0.0,3.4672538946005967e-11,6677770.918445254,44.89409140584878,0.0004961598608189074,1.7203122097688465e-14,2.0,6.104856777025352,1.8951432211992456,2.7314709682566263,4.259357424931401,2.434930406043507e-10,2.1785398726815666e-10,3.2623758725595567e-17,1.9259538301605936e+17,6.098990201763854e-10
7,8,O,CALIBRATION,2p⁴→2p³3s,lower,3,2,s,1,0.0,0.0,-1.0,0.0,3.4672538946005967e-11,6677770.918445254,44.89409140584878,0.0004961598608189074,1.7203122097688465e-14,2.0,6.104856777025352,1.8951432211992456,2.166764955892137,6.104319685314626,2.434930406043507e-10,2.1785398726815666e-10,3.2623758725595567e-17,1.9259538301605936e+17,6.098990201763854e-10
7,8,O,CALIBRATION,2p⁴→2p³3s,lower,4,2,p,0,0.8660254037844387,0.49999999999999994,0.0,0.0,3.855964574662587e-11,6004600.606647414,49.92712715448779,0.00040116851950745244,1.5468915996905736e-14,2.0,5.489440586463948,2.510559429371697,1.5655250610285716,89.08146548663407,2.3979561649162426e-09,2.4227739960524947e-10,4.0348628572737284e-17,1.557224007218179e+17,6.098990201763854e-10
7,8,O,CALIBRATION,2p⁴→2p³3s,lower,5,2,p,1,-0.8660254037844385,0.5000000000000002,0.0,0.0,4.0804982928029113e-11,5674191.131281091,52.83439543431706,0.0003582337632764514,1.461772259473922e-14,2.0,5.187378334027004,2.8126215126453227,2.9719254167850875,0.0970570997193838,-1.8770486883898393e-08,2.5638526919310636e-10,4.5184461231784585e-17,1.3905632900984418e+17,6.098992422209903e-10
7,8,O,CALIBRATION,2p⁴→2p³3s,lower,6,2,p,2,-5.511259909704863e-16,-1.0,0.0,0.0,4.0804982928029113e-11,5674191.131281091,52.83439543431706,0.0003582337632764514,1.461772259473922e-14,2.0,5.187378334027004,2.8126215126453236,2.7856368504666222,0.16406968879153852,-1.8770486692862695e-08,2.5638526919310636e-10,4.5184461231784585e-17,1.3905632900984418e+17,6.098992422209903e-10
7,8,O,CALIBRATION,2p⁴→2p³3s,lower,7,2,p,3,-0.8660254037844387,-0.49999999999999994,0.0,0.0,4.2132369990813984e-11,5495424.831140052,54.55309957134045,0.00033601691305028947,1.4157188903805968e-14,2.0,5.023949149011795,2.9760511547543613,5.895745235973344,137.0782642293384,3.835378232941197e-08,2.6472548808293655e-10,4.8171978730899684e-17,1.3043236903924952e+17,6.098992422209903e-10
7,8,O,CALIBRATION,2p⁴→2p³3s,upper,0,1,s,0,0.0,0.0,1.0,0.0,6.699984112903726e-12,17278792.63149128,17.350312860032616,0.0033218910095371337,2.2256616988696514e-14,1.0,7.898186055155559,0.10181394459521928,0.5666889182673337,0.48290969856546273,5.709845293749e-10,4.2097241736533346e-11,2.4363532009643696e-18,2.5789303885383055e+18,6.098990201763854e-10
7,8,O,CALIBRATION,2p⁴→2p³3s,upper,1,1,s,1,0.0,0.0,-1.0,0.0,6.703830423587627e-12,17268878.95520413,17.360273285699005,0.003318080245040992,2.224384729461089e-14,1.0,7.893654485069822,0.10634551467187557,0.6054850704488358,0.5950640989364877,5.695038753739891e-10,4.2121408819309276e-11,2.439151315413883e-18,2.5759719241171533e+18,6.098992422209903e-10
7,8,O,CALIBRATION,2p⁴→2p³3s,upper,2,2,s,0,0.0,0.0,1.0,0.0,3.3295826885405576e-11,6953882.630372127,43.11152113649595,0.000538038442292541,1.7914434832265723e-14,2.0,6.357279700237173,1.6427202938054204,2.0267605778853555,0.21034266275587252,-2.600133142446377e-10,2.0920385027677535e-10,3.008446667808946e-17,2.0885147722281658e+17,6.098992422209903e-10
7,8,O,CALIBRATION,2p⁴→2p³3s,upper,3,2,s,1,0.0,0.0,-1.0,0.0,3.3885006204698197e-11,6832971.221654859,43.87439201410745,0.0005194907002548197,1.7602945601417575e-14,2.0,6.246741791413678,1.7532582020116285,2.1953154079409467,3.9974173021808515,-3.4560132605805487e-10,2.1290577311904882e-10,3.1158593562389646e-17,2.016517624455226e+17,6.098992422209903e-10
7,8,O,CALIBRATION,2p⁴→2p³3s,upper,4,2,p,0,0.8660254037844387,0.49999999999999994,0.0,0.0,3.83598560827258e-11,6035874.371973048,49.668438990721036,0.0004053582142964135,1.5549482762361145e-14,2.0,5.518031243514481,2.4819687626012956,3.573354470962665,4.152818087035271,1.1851526581069387e-09,2.4102208412450624e-10,3.9931593878704153e-17,1.573487230754007e+17,6.098992422209903e-10
7,8,O,CALIBRATION,2p⁴→2p³3s,upper,5,2,p,1,-0.8660254037844385,0.5000000000000002,0.0,0.0,3.83598560827258e-11,6035874.371973048,49.668438990721036,0.0004053582142964135,1.5549482762361145e-14,2.0,5.518031243514481,2.4819687626012956,2.6168514576140507,0.042823483835866386,1.1851526581069387e-09,2.4102208412450624e-10,3.9931593878704153e-17,1.573487230754007e+17,6.098992422209903e-10
7,8,O,CALIBRATION,2p⁴→2p³3s,upper,6,2,p,2,-5.511259909704863e-16,-1.0,0.0,0.0,3.83598560827258e-11,6035874.371973048,49.668438990721036,0.0004053582142964135,1.5549482762361145e-14,2.0,5.518031243514481,2.4819687626012956,2.4165412316040493,0.16399146521395686,1.1851526581069387e-09,2.4102208412450624e-10,3.9931593878704153e-17,1.573487230754007e+17,6.098992422209903e-10
7,8,O,CALIBRATION,2p⁴→2p³3s,upper,7,3,s,0,0.0,0.0,1.0,0.0,1.1614361960824444e-10,2990288.3131670146,100.25536891541063,9.949121192748824e-05,1.1555269472469426e-14,3.0,4.100608293586304,3.8993917029820357,4.520933111584274,0.3383444777077965,-1.1633790235096822e-10,7.297518842451764e-10,2.4404064351650965e-16,2.5746470819949796e+16,6.098992422209903e-10
8,9,F,CALIBRATION,2p⁵→2p⁴3s,lower,0,1,s,0,0.0,0.0,1.0,0.0,5.953477104713381e-12,19445381.931425594,15.417154523229332,0.004207184419125763,2.5047376114572095e-14,1.0,8.888540286550345,0.1114597134462649,0.5435181080657575,0.8701982210192357,6.019691925918161e-10,3.740679987096518e-11,1.9236855312423675e-18,3.2662226778416e+18,6.098990201763854e-10
8,9,F,CALIBRATION,2p⁵→2p⁴3s,lower,1,1,s,1,0.0,0.0,-1.0,0.0,5.953477104713381e-12,19445381.931425594,15.417154523229332,0.004207184419125763,2.5047376114572095e-14,1.0,8.888540286550345,0.1114597134462649,0.5435181080656749,0.8701982190014808,6.019691925918161e-10,3.740679987096518e-11,1.9236855312423675e-18,3.2662226778416e+18,6.098990201763854e-10
8,9,F,CALIBRATION,2p⁵→2p⁴3s,lower,2,2,s,0,0.0,0.0,1.0,0.0,3.083777916996158e-11,7508169.475051973,39.92883471745618,0.0006272298641475734,1.934237603938787e-14,2.0,6.8640119379084235,2.1359880612579962,36.182780874726205,308785.78185382125,3.7253068172873684e-10,1.937594809867513e-10,2.5806487404229785e-17,2.4347309297699104e+17,6.098990201763854e-10
8,9,F,CALIBRATION,2p⁵→2p⁴3s,lower,3,2,s,1,0.0,0.0,-1.0,0.0,3.083777916996158e-11,7508169.475051973,39.92883471745618,0.0006272298641475734,1.934237603938787e-14,2.0,6.8640119379084235,2.1359880612579962,-31.542427178174513,308745.5591021068,3.7253068172873684e-10,1.937594809867513e-10,2.5806487404229785e-17,2.4347309297699104e+17,6.098990201763854e-10
8,9,F,CALIBRATION,2p⁵→2p⁴3s,lower,4,2,p,0,0.8660254037844387,0.49999999999999994,0.0,0.0,3.428241328843552e-11,6753762.353142241,44.38895571451655,0.0005075164739170683,1.7398889509514443e-14,2.0,6.174328585922593,2.825671452412235,-0.3443214027285597,1122.8501233573706,4.677838571933085e-09,2.1540275546855627e-10,3.1893742214417484e-17,1.9700370263666608e+17,6.098992422209903e-10
8,9,F,CALIBRATION,2p⁵→2p⁴3s,lower,5,2,p,1,-0.8660254037844385,0.5000000000000002,0.0,0.0,3.428241328843553e-11,6753762.353142239,44.38895571451656,0.0005075164739170681,1.7398889509514437e-14,2.0,6.174328585922591,2.8256714524122355,-1.8067962252541485,1101.2981341837285,4.677838452071953e-09,2.154027554685563e-10,3.1893742214417497e-17,1.97003702636666e+17,6.098990201763854e-10
8,9,F,CALIBRATION,2p⁵→2p⁴3s,lower,6,2,p,2,-5.511259909704863e-16,-1.0,0.0,0.0,3.694777905973361e-11,6266554.530056466,47.84007807832778,0.000436934402240263,1.6143755757570012e-14,2.0,5.728920377568321,3.2710798478260177,3.33313894128592,0.4415794141517075,2.543204470083579e-08,2.321497425210358e-10,3.704583458223637e-17,1.6960571621707776e+17,6.098992422209903e-10
8,9,F,CALIBRATION,2p⁵→2p⁴3s,lower,7,2,p,3,-0.8660254037844387,-0.49999999999999994,0.0,0.0,3.5692259308149264e-11,6486988.403937627,46.214427918203896,0.00046821447651589906,1.6711632507634834e-14,2.0,5.930442299371933,3.06955755283423,8.698954464052228,1319.4399639374979,-1.6019651848115044e-08,2.2426107926500728e-10,3.457090799312667e-17,1.8174776631347952e+17,6.098990201763854e-10
8,9,F,CALIBRATION,2p⁵→2p⁴3s,lower,8,2,p,4,0.8660254037844385,-0.5000000000000002,0.0,0.0,3.569225930814928e-11,6486988.403937625,46.21442791820391,0.00046821447651589873,1.6711632507634828e-14,2.0,5.930442299371931,3.069557552834231,8.77267875541732,1311.2892461848076,-1.6019651848115053e-08,2.2426107926500736e-10,3.4570907993126686e-17,1.817477663134794e+17,6.098992422209903e-10
8,9,F,CALIBRATION,2p⁵→2p⁴3s,upper,0,1,s,0,0.0,0.0,1.0,0.0,5.949939600508201e-12,19456943.077415697,15.407993784387374,0.004212188623490002,2.5062267895713293e-14,1.0,8.893824919799211,0.10617508020043608,0.9236963832471653,1.985754905014981,6.026649395369478e-10,3.7384573076519106e-11,1.9214001360734098e-18,3.270107662228004e+18,6.098992422209903e-10
8,9,F,CALIBRATION,2p⁵→2p⁴3s,upper,1,1,s,1,0.0,0.0,-1.0,0.0,5.952663842602748e-12,19448038.589481514,15.41504849554047,0.0042083340816967685,2.5050798125709194e-14,1.0,8.889754652626614,0.11024534737310664,1.2707703391921519,4.418715381425672,6.023975133165943e-10,3.7401689994420765e-11,1.9231600051765374e-18,3.267115211561827e+18,6.098992422209903e-10
8,9,F,CALIBRATION,2p⁵→2p⁴3s,upper,2,2,s,0,0.0,0.0,1.0,0.0,2.9685644465047004e-11,7799570.345017014,38.437047778090914,0.0006768617194770305,2.009307635639551e-14,2.0,7.130412297783504,1.8695877021847078,-5.968557537689195,1312.9199852098066,4.79671597051319e-10,1.8652040513694036e-10,2.3914189742016292e-17,2.6273879127672374e+17,6.098992422209903e-10
8,9,F,CALIBRATION,2p⁵→2p⁴3s,upper,3,2,s,1,0.0,0.0,-1.0,0.0,3.013312192008781e-11,7683746.57150773,39.01644272231297,0.0006569081633347167,1.9794693776065977e-14,2.0,7.024525534478148,1.975474465489821,10.959191257873341,1652.210950917793,4.724691204843853e-10,1.8933198890774683e-10,2.464058218809727e-17,2.5499337877717446e+17,6.098992422209903e-10
8,9,F,CALIBRATION,2p⁵→2p⁴3s,upper,4,2,p,0,0.8660254037844387,0.49999999999999994,0.0,0.0,3.2633246395243364e-11,7095073.209634692,42.253610236593396,0.0005601087486452971,1.8278166802673416e-14,2.0,6.486356944004603,2.5136430563845193,3.2792371046717195,19.953915759780312,4.827938610611927e-10,2.050407342761643e-10,2.889903010411944e-17,2.174185529598083e+17,6.098990201763854e-10
8,9,F,CALIBRATION,2p⁵→2p⁴3s,upper,5,2,p,1,-0.8660254037844385,0.5000000000000002,0.0,0.0,3.4197145956247047e-11,6770602.217463789,44.27855135644046,0.0005100505173339224,1.7442271986327457e-14,2.0,6.1897236872345625,2.8102763091185836,2.977099551059728,0.1478274421303909,1.4250216149487849e-11,2.1486700501976724e-10,3.173528707173919e-17,1.9798734742736483e+17,6.098990201763854e-10
8,9,F,CALIBRATION,2p⁵→2p⁴3s,upper,6,2,p,2,-5.511259909704863e-16,-1.0,0.0,0.0,3.4197145956247047e-11,6770602.217463789,44.27855135644046,0.0005100505173339224,1.7442271986327457e-14,2.0,6.1897236872345625,2.8102763091185836,2.7823046792390196,0.1889816371563362,1.4250216149487849e-11,2.1486700501976724e-10,3.173528707173919e-17,1.9798734742736483e+17,6.098990201763854e-10
8,9,F,CALIBRATION,2p⁵→2p⁴3s,upper,7,2,p,3,-0.8660254037844387,-0.49999999999999994,0.0,0.0,3.4894967438959606e-11,6635205.281314982,45.18209238291816,0.0004898547476195667,1.7093465468004556e-14,2.0,6.065943025494079,2.9340569816209983,4.122520575978882,13.216120098582676,1.2016324583477486e-09,2.1925154670698108e-10,3.30436719605952e-17,1.9014791439257498e+17,6.098992422209903e-10
8,9,F,CALIBRATION,2p⁵→2p⁴3s,upper,8,3,s,0,0.0,0.0,1.0,0.0,1.0707691487512141e-10,3243490.0535609485,92.42897405246093,0.0001170533197075401,1.2533708350174642e-14,3.0,4.447826035781272,4.5521739641866485,5.140219491729486,0.373611547207767,2.9784970535643987e-10,6.727840982814821e-10,2.074259785513598e-16,3.0291216900894772e+16,6.098992422209903e-10
9,10,Ne,HOLDOUT,2p⁶→2p⁵3s,lower,0,1,s,0,0.0,0.0,1.0,0.0,5.353921676382729e-12,21622960.349200636,13.86454274338448,0.00520222219937846,2.7852290198611776e-14,1.0,9.883917675473505,0.11608232435445125,0.29903025366896563,59.81294516000317,5.856150341364371e-10,3.3639682012838267e-11,1.5557389677256596e-18,4.03871435859513e+18,6.098992422209903e-10
9,10,Ne,HOLDOUT,2p⁶→2p⁵3s,lower,1,1,s,1,0.0,0.0,-1.0,0.0,5.353921676382729e-12,21622960.349200636,13.86454274338448,0.00520222219937846,2.7852290198611776e-14,1.0,9.883917675473505,0.11608232435445125,0.5061573680318942,59.595840508423954,5.856150341364371e-10,3.3639682012838267e-11,1.5557389677256596e-18,4.03871435859513e+18,6.098992422209903e-10
9,10,Ne,HOLDOUT,2p⁶→2p⁵3s,lower,2,2,s,0,0.0,0.0,1.0,1.0471975511965976,2.7831233030945247e-11,8319260.306751682,36.03595114780778,0.00077006612800571,2.1431889857764627e-14,2.0,7.605515865065893,2.3944841276423423,38.74478632197414,290668.3855568863,-2.653167282452649e-10,1.7486879446072637e-10,2.1019752719939257e-17,2.989181362357028e+17,6.098992422209903e-10
9,10,Ne,HOLDOUT,2p⁶→2p⁵3s,lower,3,2,s,1,0.0,0.0,-1.0,1.0471975511965976,2.7831233030945247e-11,8319260.306751682,36.03595114780778,0.00077006612800571,2.1431889857764627e-14,2.0,7.605515865065893,2.3944841276423423,-33.05816458239266,290753.54061812983,-2.653167282452649e-10,1.7486879446072637e-10,2.1019752719939257e-17,2.989181362357028e+17,6.098992422209903e-10
9,10,Ne,HOLDOUT,2p⁶→2p⁵3s,lower,4,2,p,0,6.123233995736766e-17,1.0,0.0,1.0471975511965976,3.1240690806473843e-11,7411336.505859828,40.4505257267656,0.0006111554080866676,1.9092917138739926e-14,2.0,6.775486677693329,3.224513325369659,-189.97045179137777,7013399.74907024,7.195352113223408e-10,1.9629104946137682e-10,2.64852431550204e-17,2.3723343865123546e+17,6.098992422209903e-10
9,10,Ne,HOLDOUT,2p⁶→2p⁵3s,lower,5,2,p,1,-0.8660254037844387,-0.4999999999999997,0.0,1.0471975511965976,3.124069080647385e-11,7411336.505859827,40.450525726765605,0.0006111554080866674,1.9092917138739923e-14,2.0,6.775486677693328,3.224513325369659,-7.5877516405580305,511443.4591603285,7.19535300904057e-10,1.9629104946137687e-10,2.6485243155020413e-17,2.3723343865123536e+17,6.098992422209903e-10
9,10,Ne,HOLDOUT,2p⁶→2p⁵3s,lower,6,2,p,2,0.8660254037844385,-0.5000000000000004,0.0,1.0471975511965976,3.1240690806473843e-11,7411336.505859828,40.4505257267656,0.0006111554080866676,1.9092917138739926e-14,2.0,6.775486677693329,3.2245133253696587,-175.69018886725712,6122053.513705316,7.195351217406251e-10,1.9629104946137682e-10,2.64852431550204e-17,2.3723343865123546e+17,6.098992422209903e-10
9,10,Ne,HOLDOUT,2p⁶→2p⁵3s,lower,7,2,p,3,-6.123233995736766e-17,-1.0,0.0,1.0471975511965976,3.124069080647385e-11,7411336.505859827,40.450525726765605,0.0006111554080866674,1.9092917138739923e-14,2.0,6.775486677693328,3.2245133253696596,197.92737569834082,7012630.813534715,7.19535300904057e-10,1.9629104946137687e-10,2.6485243155020413e-17,2.3723343865123536e+17,6.098992422209903e-10
9,10,Ne,HOLDOUT,2p⁶→2p⁵3s,lower,8,2,p,4,0.8660254037844387,0.4999999999999997,0.0,1.0471975511965976,3.124069080647385e-11,7411336.505859827,40.450525726765605,0.0006111554080866674,1.9092917138739923e-14,2.0,6.775486677693328,3.224513325369659,14.61659100448047,511452.18348218955,7.19535300904057e-10,1.9629104946137687e-10,2.6485243155020413e-17,2.3723343865123536e+17,6.098992422209903e-10
9,10,Ne,HOLDOUT,2p⁶→2p⁵3s,lower,9,2,p,5,-0.8660254037844385,0.5000000000000004,0.0,1.0471975511965976,3.124069080647385e-11,7411336.505859827,40.450525726765605,0.0006111554080866674,1.9092917138739923e-14,2.0,6.775486677693328,3.224513325369659,182.81930888667378,6121563.6254737545,7.19535300904057e-10,1.9629104946137687e-10,2.6485243155020413e-17,2.3723343865123536e+17,6.098992422209903e-10
9,10,Ne,HOLDOUT,2p⁶→2p⁵3s,upper,0,1,s,0,0.0,0.0,1.0,0.0,5.351150887495985e-12,21634156.568386696,13.857367494422093,0.005207610943430506,2.7866711921671957e-14,1.0,9.889035499625445,0.1109645003743458,-920174.0541794979,3386882777145.8647,6.03110829138917e-10,3.3622272632815776e-11,1.5541291164522186e-18,4.042897878088086e+18,6.098992422209903e-10
9,10,Ne,HOLDOUT,2p⁶→2p⁵3s,upper,1,1,s,1,0.0,0.0,-1.0,0.0,5.3531519102804365e-12,21626069.661655616,13.862549353179553,0.005203718432733884,2.785629526875091e-14,1.0,9.885338951183956,0.11466104881587465,920862.7196861847,3391950973673.3584,6.02889131684935e-10,3.3634845429774376e-11,1.5552916436503984e-18,4.039875950488894e+18,6.098992422209903e-10
9,10,Ne,HOLDOUT,2p⁶→2p⁵3s,upper,2,2,s,0,0.0,0.0,1.0,0.0,2.6841435892497898e-11,8626038.978302667,34.754359301421765,0.0008279067560954324,2.222220611870144e-14,2.0,7.885974700048047,2.1140252999299345,-185.3813252105778,661849.3560486251,4.787631729549422e-10,1.6864971562334558e-10,1.955123505093766e-17,3.213702505652322e+17,6.098990201763854e-10
9,10,Ne,HOLDOUT,2p⁶→2p⁵3s,upper,3,2,s,1,0.0,0.0,-1.0,0.0,2.719377531281604e-11,8514274.66686392,35.21056927688042,0.0008065919932131907,2.1934281432555946e-14,2.0,7.783799120434834,2.216200879542841,192.91159798030102,698012.154849133,4.725004629912747e-10,1.708635294922287e-10,2.006789024051572e-17,3.130964556749597e+17,6.098990201763854e-10
9,10,Ne,HOLDOUT,2p⁶→2p⁵3s,upper,4,2,p,0,0.8660254037844387,0.49999999999999994,0.0,0.0,2.954284171318232e-11,7837271.528926266,38.25214641262692,0.0006834210969938087,2.0190201291937515e-14,2.0,7.164878938059308,2.8351210633052566,-24.969427577501747,17224.562122499665,5.734418631006408e-10,1.8562314898459937e-10,2.3684664784101258e-17,2.6528495819781597e+17,6.098992422209903e-10
9,10,Ne,HOLDOUT,2p⁶→2p⁵3s,upper,5,2,p,1,-0.8660254037844385,0.5000000000000002,0.0,0.0,2.954284171318232e-11,7837271.528926266,38.25214641262692,0.0006834210969938087,2.0190201291937515e-14,2.0,7.164878938059308,2.8351210633052553,-27.01948970528809,17078.909380889578,5.734417028821452e-10,1.8562314898459937e-10,2.3684664784101258e-17,2.6528495819781597e+17,6.098992422209903e-10
9,10,Ne,HOLDOUT,2p⁶→2p⁵3s,upper,6,2,p,2,-5.511259909704863e-16,-1.0,0.0,0.0,3.1262244746963745e-11,7406226.715846638,40.478433823603176,0.0006103129691404298,1.9079753413514247e-14,2.0,6.7708152781241955,3.229184729477274,3.3255042769334358,0.5107421600134763,1.173098369148172e-09,1.964264768635748e-10,2.6521801775699548e-17,2.3690642741084506e+17,6.098992422209903e-10
9,10,Ne,HOLDOUT,2p⁶→2p⁵3s,upper,7,2,p,3,-0.8660254037844387,-0.49999999999999994,0.0,0.0,3.0510752063908033e-11,7588645.201446483,39.50539919073514,0.0006407477515108715,1.9549695781854754e-14,2.0,6.937583312198686,3.062416682712092,35.23471505757765,19394.979361325753,-8.57997449775889e-11,1.917047090789462e-10,2.5262046648643562e-17,2.4872035882797165e+17,6.098990201763854e-10
9,10,Ne,HOLDOUT,2p⁶→2p⁵3s,upper,8,2,p,4,0.8660254037844385,-0.5000000000000002,0.0,0.0,3.0510752063908033e-11,7588645.201446483,39.50539919073514,0.0006407477515108715,1.9549695781854754e-14,2.0,6.937583312198686,3.062416682712092,36.989350762321614,19292.71725535105,-8.57997449775889e-11,1.917047090789462e-10,2.5262046648643562e-17,2.4872035882797165e+17,6.098990201763854e-10
9,10,Ne,HOLDOUT,2p⁶→2p⁵3s,upper,9,3,s,0,0.0,0.0,1.0,0.0,9.973255262976122e-11,3482342.5171192293,86.08930813847788,0.00013492783900928546,1.345669780521351e-14,3.0,4.7753664902243695,5.224633509754129,5.764558613543272,0.2939872940104214,2.890990995110399e-10,6.266381093308305e-10,1.7994729302194473e-16,3.4916809259327656e+16,6.098992422209903e-10
10,11,Na,HOLDOUT,3s→3p,lower,0,1,s,0,0.0,0.0,1.0,0.0,4.861988301797511e-12,23810759.90626087,12.590629580082057,0.006308194942592045,3.067037001634074e-14,1.0,10.883967176707511,0.1160328231222379,1.088516302940051,3.007870011658848,5.879881345381021e-10,3.054877346153315e-11,1.282981878016441e-18,4.897329740069072e+18,6.098990201763854e-10
10,11,Na,HOLDOUT,3s→3p,lower,1,1,s,1,0.0,0.0,-1.0,0.0,4.863503629027007e-12,23803341.16134093,12.594553679165584,0.006304264652355393,3.066081401507714e-14,1.0,10.880576046961174,0.11942395283659028,1.5195035867624849,6.7370993070108725,5.848925930563948e-10,3.0558294543317087e-11,1.2837817319926035e-18,4.894278482547987e+18,6.098990201763854e-10
10,11,Na,HOLDOUT,3s→3p,lower,2,2,s,0,0.0,0.0,1.0,0.0,2.453398683725997e-11,9437327.645854304,31.766668409747854,0.0009909612228369289,2.4312229597316256e-14,2.0,8.627659489885014,2.37234050358387,-9.886529434126325,2787.9960580041547,-1.1537401850700614e-10,1.541515856224092e-10,1.6334241154605457e-17,3.8466343478760474e+17,6.098990201763854e-10
10,11,Na,HOLDOUT,3s→3p,lower,3,2,s,1,0.0,0.0,-1.0,0.0,2.481937591298627e-11,9328811.210001161,32.13619090914829,0.0009683028331937696,2.4032672014645807e-14,2.0,8.528453136907734,2.471546855241225,14.41190412722368,3439.2162740779086,-2.4086767149151023e-10,1.5594473806984226e-10,1.6716464140967738e-17,3.7586808156284205e+17,6.098992422209903e-10
10,11,Na,HOLDOUT,3s→3p,lower,4,2,p,0,0.8660254037844387,0.49999999999999994,0.0,0.0,2.7209600018753235e-11,8509322.88908039,35.23105914628171,0.0008056540617924033,2.1921524774855197e-14,2.0,7.779272176559504,3.220727826554344,-1192.8394741278157,31036306.61459838,7.144018394762219e-10,1.709629590520637e-10,2.0091253003391415e-17,3.1273237692636595e+17,6.098992422209903e-10
10,11,Na,HOLDOUT,3s→3p,lower,5,2,p,1,-0.8660254037844385,0.5000000000000002,0.0,0.0,2.7209600018753235e-11,8509322.88908039,35.23105914628171,0.0008056540617924033,2.1921524774855197e-14,2.0,7.779272176559504,3.2207278265543424,3.6068504938157764,0.48599802247042584,7.14401592366552e-10,1.709629590520637e-10,2.0091253003391415e-17,3.1273237692636595e+17,6.098992422209903e-10
10,11,Na,HOLDOUT,3s→3p,lower,6,2,p,2,-5.511259909704863e-16,-1.0,0.0,0.0,2.7209600018753242e-11,8509322.889080388,35.231059146281716,0.0008056540617924028,2.192152477485519e-14,2.0,7.779272176559502,3.2207278265543438,3.605664415772648,0.7059271370564558,7.144017159213872e-10,1.7096295905206376e-10,2.0091253003391427e-17,3.1273237692636576e+17,6.098992422209903e-10
10,11,Na,HOLDOUT,3s→3p,lower,7,2,p,3,-0.8660254037844387,-0.49999999999999994,0.0,0.0,2.7209600018753242e-11,8509322.889080388,35.231059146281716,0.0008056540617924028,2.192152477485519e-14,2.0,7.779272176559502,3.2207278265543438,1202.1322364253122,31028870.53319882,7.144017159213872e-10,1.7096295905206376e-10,2.0091253003391427e-17,3.1273237692636576e+17,6.098992422209903e-10
10,11,Na,HOLDOUT,3s→3p,lower,8,2,p,4,0.8660254037844385,-0.5000000000000002,0.0,0.0,2.720960001875324e-11,8509322.889080388,35.231059146281716,0.0008056540617924028,2.1921524774855188e-14,2.0,7.779272176559503,3.2207278265543438,4.538586239003408,5.077328691837969,7.144015923665521e-10,1.7096295905206374e-10,2.0091253003391424e-17,3.127323769263658e+17,6.098990201763854e-10
10,11,Na,HOLDOUT,3s→3p,lower,9,2,p,5,5.511259909704863e-16,1.0,0.0,0.0,2.7209600018753242e-11,8509322.889080388,35.231059146281716,0.0008056540617924028,2.192152477485519e-14,2.0,7.779272176559502,3.220727826554344,3.3080264768454297,0.8308257555949065,7.144017159213872e-10,1.7096295905206376e-10,2.0091253003391427e-17,3.1273237692636576e+17,6.098992422209903e-10
10,11,Na,HOLDOUT,3s→3p,lower,10,3,s,0,0.0,0.0,1.0,0.0,9.358095386619195e-11,3711256.3402596284,80.77923767966602,0.00015325000566311688,1.4341281709953795e-14,3.0,5.089278000881316,5.910721996548073,6.3923786314323126,0.08956568112367215,4.8485049311142854e-11,5.87986474363908e-10,1.5843326907533804e-16,3.965824440693585e+16,6.098992422209903e-10
10,11,Na,HOLDOUT,3s→3p,upper,0,1,s,0,0.0,0.0,1.0,0.0,4.86304793414511e-12,23805571.66798741,12.593373609386852,0.006305446197663948,3.06636871054128e-14,1.0,10.881595617996425,0.11840438200119877,1.3041916267395188,4.686763069200515,6.031178419001947e-10,3.05554313279306e-11,1.2835411707008103e-18,4.895195768242466e+18,6.098990201763854e-10
10,11,Na,HOLDOUT,3s→3p,upper,1,1,s,1,0.0,0.0,-1.0,0.0,4.86304793414511e-12,23805571.66798741,12.593373609386852,0.006305446197663948,3.06636871054128e-14,1.0,10.881595617996425,0.11840438200119877,1.3041915802802113,4.686780955518688,6.031178419001947e-10,3.05554313279306e-11,1.2835411707008103e-18,4.895195768242466e+18,6.098990201763854e-10
10,11,Na,HOLDOUT,3s→3p,upper,2,2,s,0,0.0,0.0,1.0,0.0,2.4805171470514902e-11,9334153.263867477,32.11779896099383,0.0009694121292944571,2.404643409274597e-14,2.0,8.533336873434084,2.466663126465338,2.9338066397563503,8.495448006682908,4.6399059407549924e-10,1.558554889256095e-10,1.6697335528968262e-17,3.762986792880138e+17,6.098992422209903e-10
10,11,Na,HOLDOUT,3s→3p,upper,3,2,s,1,0.0,0.0,-1.0,0.0,2.4805171470514902e-11,9334153.263867477,32.11779896099383,0.0009694121292944571,2.404643409274597e-14,2.0,8.533336873434084,2.466663126465338,1.6104482843659276,40.03370100313256,4.6399059407549924e-10,1.558554889256095e-10,1.6697335528968262e-17,3.762986792880138e+17,6.098992422209903e-10
10,11,Na,HOLDOUT,3s→3p,upper,4,2,p,0,0.8660254037844387,0.49999999999999994,0.0,0.0,2.6850847018748385e-11,8623015.582362505,34.766544851570806,0.0008273265010630926,2.2214417314601472e-14,2.0,7.883210694001665,3.1167893154884867,-189.19322889159324,722847.0211774637,1.2998288072682421e-09,1.6870884747352664e-10,1.9564947536289198e-17,3.211450117883266e+17,6.098992422209903e-10
10,11,Na,HOLDOUT,3s→3p,upper,5,2,p,1,-0.8660254037844385,0.5000000000000002,0.0,0.0,2.7265133848469264e-11,8491991.036211183,35.3029644899103,0.0008023754796099839,2.187687484829593e-14,2.0,7.763427296473139,3.2365727104455453,3.8498862384304213,1.7503907039450168,1.0594174137291836e-09,1.713118883949869e-10,2.017334776549882e-17,3.114597230076663e+17,6.098992422209903e-10
10,11,Na,HOLDOUT,3s→3p,upper,6,2,p,2,-5.511259909704863e-16,-1.0,0.0,0.0,2.7265133848469267e-11,8491991.036211181,35.30296448991031,0.0008023754796099836,2.1876874848295925e-14,2.0,7.763427296473138,3.2365727104455457,4.03054266373591,5.6428154770547625,1.0594172896694923e-09,1.7131188839498692e-10,2.0173347765498827e-17,3.114597230076662e+17,6.098992422209903e-10
10,11,Na,HOLDOUT,3s→3p,upper,7,2,p,3,-0.8660254037844387,-0.49999999999999994,0.0,0.0,2.7195799985256607e-11,8513640.796292776,35.21319082789389,0.000806471899390586,2.1932648469556366e-14,2.0,7.783219632294364,3.216780362285851,203.46564606424994,759381.0207067619,-6.116402680550828e-11,1.708762508843591e-10,2.0070878602109495e-17,3.130498386114103e+17,6.098992422209903e-10
10,11,Na,HOLDOUT,3s→3p,upper,8,2,p,4,0.8660254037844385,-0.5000000000000002,0.0,0.0,2.7064210255159287e-11,8555035.231377617,35.04280811146636,0.0008143333083540883,2.203928787507451e-14,2.0,7.821062664145128,3.1789373269606256,4.2453821410949635,4.667954800183313,-3.74926238953934e-10,1.700494482256359e-10,1.9877118401796793e-17,3.161014177292226e+17,6.098990201763854e-10
10,11,Na,HOLDOUT,3s→3p,upper,9,2,p,5,5.511259909704863e-16,1.0,0.0,0.0,2.706421025515928e-11,8555035.231377618,35.04280811146635,0.0008143333083540886,2.203928787507451e-14,2.0,7.8210626641451295,3.1789373269606256,2.890712329933453,1.0060564873735303,-3.749258722400088e-10,1.7004944822563589e-10,1.9877118401796787e-17,3.161014177292228e+17,6.098990201763854e-10
10,11,Na,HOLDOUT,3s→3p,upper,10,3,p,0,0.8660254037844387,0.49999999999999994,0.0,0.0,1.0633275121981508e-10,3266189.4325059927,91.78661072636666,0.00011869743464518857,1.2621424788557096e-14,3.0,4.47895389096214,6.521046109536986,6.455773367506236,0.393321623262148,2.9371246091829033e-10,6.681083801363243e-10,2.0455285706552432e-16,3.071668319532147e+16,6.098994642655953e-10
11,12,Mg,CALIBRATION,3s²→3s3p ¹P,lower,0,1,s,0,0.0,0.0,1.0,0.0,4.453943990717538e-12,25992162.533345908,11.533955961355264,0.007516980476367352,3.3480210021057424e-14,1.0,11.881092622759915,0.11890737697774871,0.7928439259398042,1.3031369809033346,5.819943164810458e-10,2.7984955441477244e-11,1.0766689922615996e-18,5.835763221880689e+18,6.098990201763854e-10
11,12,Mg,CALIBRATION,3s²→3s3p ¹P,lower,1,1,s,1,0.0,0.0,-1.0,0.0,4.453943990717538e-12,25992162.533345908,11.533955961355264,0.007516980476367352,3.3480210021057424e-14,1.0,11.881092622759915,0.11890737697774871,0.7928440983990227,1.303120425327219,5.819943164810458e-10,2.7984955441477244e-11,1.0766689922615996e-18,5.835763221880689e+18,6.098990201763854e-10
11,12,Mg,CALIBRATION,3s²→3s3p ¹P,lower,2,2,s,0,0.0,0.0,1.0,0.0,2.210370577874755e-11,10474952.687115368,28.619934328558575,0.0012208511994503467,2.6985335712281505e-14,2.0,9.576262300990228,2.4237376898318486,2.953760871242893,0.544807449552072,-2.7811396055298047e-10,1.388816793832471e-10,1.3258454098229715e-17,4.7390029490832755e+17,6.098992422209903e-10
11,12,Mg,CALIBRATION,3s²→3s3p ¹P,lower,3,2,s,1,0.0,0.0,-1.0,0.0,2.210370577874755e-11,10474952.687115368,28.619934328558575,0.0012208511994503467,2.6985335712281505e-14,2.0,9.576262300990228,2.4237376898318486,0.789546689324294,56.59634410090737,-2.7811396055298047e-10,1.388816793832471e-10,1.3258454098229715e-17,4.7390029490832755e+17,6.098992422209903e-10
11,12,Mg,CALIBRATION,3s²→3s3p ¹P,lower,4,2,p,0,0.8660254037844387,0.49999999999999994,0.0,0.0,2.4131885962571113e-11,9594578.41800734,31.246027176904633,0.0010242604125928376,2.4717335472666393e-14,2.0,8.771419054834936,3.228580949378223,6.4948126729986395,84.08386513090731,7.969033761695506e-10,1.5162511131456011e-10,1.5803207260257145e-17,3.975892490495216e+17,6.098990201763854e-10
11,12,Mg,CALIBRATION,3s²→3s3p ¹P,lower,5,2,p,1,-0.8660254037844385,0.5000000000000002,0.0,0.0,2.4131885962571113e-11,9594578.41800734,31.246027176904633,0.0010242604125928376,2.4717335472666393e-14,2.0,8.771419054834936,3.2285809493782245,3.6709364838197898,0.5963046908057588,7.969034652555378e-10,1.5162511131456011e-10,1.5803207260257145e-17,3.975892490495216e+17,6.098990201763854e-10
11,12,Mg,CALIBRATION,3s²→3s3p ¹P,lower,6,2,p,2,-5.511259909704863e-16,-1.0,0.0,0.0,2.4131885962571113e-11,9594578.41800734,31.246027176904633,0.0010242604125928376,2.4717335472666393e-14,2.0,8.771419054834936,3.2285809493782236,-50.36908445798389,2604409.8164425124,7.969033761695506e-10,1.5162511131456011e-10,1.5803207260257145e-17,3.975892490495216e+17,6.098990201763854e-10
11,12,Mg,CALIBRATION,3s²→3s3p ¹P,lower,7,2,p,3,-0.8660254037844387,-0.49999999999999994,0.0,0.0,2.4131885962571113e-11,9594578.41800734,31.246027176904633,0.0010242604125928376,2.4717335472666393e-14,2.0,8.771419054834936,3.228580949378223,3.6839615976911495,0.6217162239961771,7.969033761695506e-10,1.5162511131456011e-10,1.5803207260257145e-17,3.975892490495216e+17,6.098990201763854e-10
11,12,Mg,CALIBRATION,3s²→3s3p ¹P,lower,8,2,p,4,0.8660254037844385,-0.5000000000000002,0.0,0.0,2.4131885962571113e-11,9594578.41800734,31.246027176904633,0.0010242604125928376,2.4717335472666393e-14,2.0,8.771419054834936,3.2285809493782245,3.845699276128396,0.6305479060085893,7.969034652555378e-10,1.5162511131456011e-10,1.5803207260257145e-17,3.975892490495216e+17,6.098990201763854e-10
11,12,Mg,CALIBRATION,3s²→3s3p ¹P,lower,9,2,p,5,5.511259909704863e-16,1.0,0.0,0.0,2.4131885962571113e-11,9594578.41800734,31.246027176904633,0.0010242604125928376,2.4717335472666393e-14,2.0,8.771419054834936,3.2285809493782236,57.00292580378857,2604345.9998668907,7.969033761695506e-10,1.5162511131456011e-10,1.5803207260257145e-17,3.975892490495216e+17,6.098990201763854e-10
11,12,Mg,CALIBRATION,3s²→3s3p ¹P,lower,10,3,s,0,0.0,0.0,1.0,0.0,7.947783468994474e-11,4369808.383913965,68.60540134976831,0.0002124630351389211,1.6886101984495093e-14,3.0,5.992356128858588,6.0076438672260695,7.007230674364298,2.0781219588861535,-2.1717456498852477e-11,4.993739631703088e-10,1.1427822899708657e-16,5.4981472519492504e+16,6.098992422209903e-10
11,12,Mg,CALIBRATION,3s²→3s3p ¹P,lower,11,3,s,1,0.0,0.0,-1.0,0.0,7.947783468994474e-11,4369808.383913965,68.60540134976831,0.0002124630351389211,1.6886101984495093e-14,3.0,5.992356128858588,6.0076438672260695,7.007230674364305,2.077983823285063,-2.1717456498852477e-11,4.993739631703088e-10,1.1427822899708657e-16,5.4981472519492504e+16,6.098992422209903e-10
11,12,Mg,CALIBRATION,3s²→3s3p ¹P,upper,0,1,s,0,0.0,0.0,1.0,0.0,4.4535480881017325e-12,25994473.132655453,11.532930729932238,0.007518316994779898,3.3483186277844776e-14,1.0,11.882148804382956,0.11785119560868243,0.758203082512433,1.1505036126768668,6.032127331625595e-10,2.7982467911978544e-11,1.0764775946478284e-18,5.836800820025559e+18,6.098992422209903e-10
11,12,Mg,CALIBRATION,3s²→3s3p ¹P,upper,1,1,s,1,0.0,0.0,-1.0,0.0,4.45492523566043e-12,25986437.481478255,11.536496998239025,0.007513669450315619,3.3472835646621884e-14,1.0,11.878475685003297,0.12152431498859657,0.8279505318199363,1.4676731509126986,6.030470351637272e-10,2.799112078528517e-11,1.0771434447386544e-18,5.833192726437717e+18,6.098990201763854e-10
11,12,Mg,CALIBRATION,3s²→3s3p ¹P,upper,2,2,s,0,0.0,0.0,1.0,2.6179938779914944,2.2101182084018955e-11,10476148.803358302,28.616666642220338,0.0012211300290292243,2.6988417119838238e-14,2.0,9.577355797374121,2.4226442023192893,-1.3453231823485776,257.8255489872367,4.612195573262076e-10,1.3886582254160862e-10,1.3255426698129077e-17,4.740085287534667e+17,6.098992422209903e-10
11,12,Mg,CALIBRATION,3s²→3s3p ¹P,upper,3,2,s,1,0.0,0.0,-1.0,2.6179938779914944,2.2348628655364057e-11,10360155.686184647,28.93706109067219,0.0011942387468947685,2.6689598280198488e-14,2.0,9.471314219111843,2.5286857805698215,3.403337846422982,3.7149197948220407,4.5485087327862107e-10,1.4042057520299611e-10,1.3553905892577282e-17,4.635700850350847e+17,6.098990201763854e-10
11,12,Mg,CALIBRATION,3s²→3s3p ¹P,upper,4,2,p,0,-1.0,1.2246467991473532e-16,0.0,2.6179938779914944,2.383968784362066e-11,9712177.179545427,30.867688311060203,0.0010495225818832755,2.5020290736928092e-14,2.0,8.878928522457214,3.121071487295055,2.9455367464844775,0.6762266187090923,1.263960054730842e-09,1.4978917638678513e-10,1.542282164108912e-17,4.073953167194821e+17,6.098990201763854e-10
11,12,Mg,CALIBRATION,3s²→3s3p ¹P,upper,5,2,p,1,0.49999999999999967,-0.8660254037844388,0.0,2.6179938779914944,2.4161943481400415e-11,9582642.738177592,31.284945728553158,0.0010217136325891198,2.4686587044794623e-14,2.0,8.760507387335865,3.239492617266287,3.7447045550052507,2.202834469639629,8.287649312472958e-10,1.5181396827523867e-10,1.5842599210174702e-17,3.966006602719768e+17,6.098990201763854e-10
11,12,Mg,CALIBRATION,3s²→3s3p ¹P,upper,6,2,p,2,0.5000000000000006,0.8660254037844384,0.0,2.6179938779914944,2.4161943481400415e-11,9582642.738177592,31.284945728553158,0.0010217136325891198,2.4686587044794623e-14,2.0,8.760507387335865,3.2394926172662872,804.393484601278,12009086.840209395,8.287649312472958e-10,1.5181396827523867e-10,1.5842599210174702e-17,3.966006602719768e+17,6.098990201763854e-10
11,12,Mg,CALIBRATION,3s²→3s3p ¹P,upper,7,2,p,3,1.0,-1.2246467991473532e-16,0.0,2.6179938779914944,2.411519179334894e-11,9601220.43508513,31.224411524235755,0.0010256790283273611,2.4734446486530096e-14,2.0,8.777491225244146,3.2225087725655115,4.406099448816486,3.978298452535849,2.6358708694810966e-10,1.515202187557878e-10,1.578134985861767e-17,3.981399160065226e+17,6.098990201763854e-10
11,12,Mg,CALIBRATION,3s²→3s3p ¹P,upper,8,2,p,4,-0.49999999999999967,0.8660254037844388,0.0,2.6179938779914944,2.4008278752738652e-11,9643976.339448642,31.085980247970983,0.0010348344225016173,2.4844593278348155e-14,2.0,8.816578920179959,3.1834210717363955,3.6025711145670263,0.20216985101198107,-2.2553492486570223e-10,1.5084846430987935e-10,1.564172899230729e-17,4.0169378399726144e+17,6.098992422209903e-10
11,12,Mg,CALIBRATION,3s²→3s3p ¹P,upper,9,2,p,5,-0.5000000000000006,-0.8660254037844384,0.0,2.6179938779914944,2.4008278752738652e-11,9643976.339448642,31.085980247970983,0.0010348344225016173,2.4844593278348155e-14,2.0,8.816578920179959,3.183421071736396,-781.9623194822952,11714795.748529319,-2.2553483669000178e-10,1.5084846430987935e-10,1.564172899230729e-17,4.0169378399726144e+17,6.098992422209903e-10
11,12,Mg,CALIBRATION,3s²→3s3p ¹P,upper,10,3,s,0,0.0,0.0,1.0,2.6179938779914944,8.109307793663836e-11,4282768.852784351,69.999682052674,0.00020408348658596055,1.6549758083296188e-14,3.0,5.87299806507311,6.127001934560267,6.51171217033091,0.3549903925809434,2.6794302189071073e-10,5.095228358054553e-10,1.1897042621718887e-16,5.281300157493923e+16,6.098992422209903e-10
11,12,Mg,CALIBRATION,3s²→3s3p ¹P,upper,11,3,p,0,-1.0,1.2246467991473532e-16,0.0,2.6179938779914944,9.224414859651663e-11,3765039.9905860666,79.62530510953066,0.00015772399943926604,1.4549116041512562e-14,3.0,5.163031986949086,6.83696801402413,7.141298425718069,0.8469014564993328,3.435121982589667e-10,5.795870791349237e-10,1.5393915618003972e-16,4.081603058698776e+16,6.098992422209903e-10
12,13,Al,CALIBRATION,3p→4s,lower,0,1,s,0,0.0,0.0,1.0,0.0,4.1087105258102966e-12,28176148.062491827,10.639937628631523,0.008833276718975528,3.629337703264979e-14,1.0,12.87939872081007,0.1206012791767913,0.6233496956231022,0.6411810562381949,6.032303089707606e-10,2.5815789607225368e-11,9.16228490493753e-19,6.857662005024091e+18,6.098992422209903e-10
12,13,Al,CALIBRATION,3p→4s,lower,1,1,s,1,0.0,0.0,-1.0,0.0,4.1087105258102966e-12,28176148.062491827,10.639937628631523,0.008833276718975528,3.629337703264979e-14,1.0,12.87939872081007,0.1206012791767913,0.6233493290944294,0.641189271701488,6.032303089707606e-10,2.5815789607225368e-11,9.16228490493753e-19,6.857662005024091e+18,6.098992422209903e-10
12,13,Al,CALIBRATION,3p→4s,lower,2,2,s,0,0.0,0.0,1.0,0.0,2.0094124694172592e-11,11522535.853947679,26.017923641113217,0.001477252489294289,2.9684095724656306e-14,2.0,10.533968888059391,2.46603111146908,3.058265274550016,0.5556733196954555,4.579332806781363e-10,1.2625510903905973e-10,1.0957232907702699e-17,5.734281054446367e+17,6.098992422209903e-10
12,13,Al,CALIBRATION,3p→4s,lower,3,2,s,1,0.0,0.0,-1.0,0.0,2.0094124694172592e-11,11522535.853947679,26.017923641113217,0.001477252489294289,2.9684095724656306e-14,2.0,10.533968888059391,2.46603111146908,1.3617348530878972,28.138224732893853,4.579332806781363e-10,1.2625510903905973e-10,1.0957232907702699e-17,5.734281054446367e+17,6.098992422209903e-10
12,13,Al,CALIBRATION,3p→4s,lower,4,2,p,0,0.8660254037844387,0.49999999999999994,0.0,0.0,2.1454495438411807e-11,10791923.44126452,27.779335132576932,0.001295854692329058,2.780190858541831e-14,2.0,9.866038796802819,3.133961212828728,-12.039439357437688,6063.993732339472,1.20375651376743e-09,1.348025705115805e-10,1.2491060675629229e-17,5.0301455339484806e+17,6.098990201763854e-10
12,13,Al,CALIBRATION,3p→4s,lower,5,2,p,1,-0.8660254037844385,0.5000000000000002,0.0,0.0,2.171237022809412e-11,10663749.273338683,28.1132320645925,0.0012652561148460497,2.7471709198897406e-14,2.0,9.74886123152572,3.2511387712879,1027.2764504389488,19908500.514228433,6.738032847288917e-10,1.3642284560120445e-10,1.2793140771068804e-17,4.911370412955017e+17,6.098992422209903e-10
12,13,Al,CALIBRATION,3p→4s,lower,6,2,p,2,-5.511259909704863e-16,-1.0,0.0,0.0,2.171237022809412e-11,10663749.273338683,28.1132320645925,0.0012652561148460497,2.7471709198897406e-14,2.0,9.74886123152572,3.2511387712879,16.06213931420098,2966.873268266683,6.738032847288917e-10,1.3642284560120445e-10,1.2793140771068804e-17,4.911370412955017e+17,6.098992422209903e-10
12,13,Al,CALIBRATION,3p→4s,lower,7,2,p,3,-0.8660254037844387,-0.49999999999999994,0.0,0.0,2.1678679588772112e-11,10680321.709363542,28.069609339311288,0.0012691918167951396,2.7514402732993385e-14,2.0,9.764011848342886,3.2359881516319704,22.66332266976734,6899.268509955312,4.5614765428229655e-10,1.3621116107122693e-10,1.2753469865220376e-17,4.926647707314761e+17,6.098990201763854e-10
12,13,Al,CALIBRATION,3p→4s,lower,8,2,p,4,0.8660254037844385,-0.5000000000000002,0.0,0.0,2.1590655989476783e-11,10723864.636403296,27.95563615959145,0.0012795617256028853,2.7626577034793183e-14,2.0,9.803819043959002,3.1961809489456603,-1008.6976983044764,19467263.96507984,-8.584572152997834e-11,1.3565809248544946e-10,1.2650112350816485e-17,4.9669007933941766e+17,6.098992422209903e-10
12,13,Al,CALIBRATION,3p→4s,lower,9,2,p,5,5.511259909704863e-16,1.0,0.0,0.0,2.1590655989476783e-11,10723864.636403296,27.95563615959145,0.0012795617256028853,2.7626577034793183e-14,2.0,9.803819043959002,3.1961809489456607,-7.934406641666182,2373.2444199657425,-8.584572152997834e-11,1.3565809248544946e-10,1.2650112350816485e-17,4.9669007933941766e+17,6.098992422209903e-10
12,13,Al,CALIBRATION,3p→4s,lower,10,3,s,0,0.0,0.0,1.0,0.0,7.021416254198067e-11,4946336.975190697,60.608983881136005,0.0002722237384659689,1.911396182043518e-14,3.0,6.782954785339026,6.217045214046537,7.244890025119812,3.2702345580341916,2.709601635797869e-10,4.4116859443969224e-10,8.919097033874927e-17,7.0446428414400136e+16,6.098990201763854e-10
12,13,Al,CALIBRATION,3p→4s,lower,11,3,s,1,0.0,0.0,-1.0,0.0,7.021416254198067e-11,4946336.975190697,60.608983881136005,0.0002722237384659689,1.911396182043518e-14,3.0,6.782954785339026,6.217045214046537,5.818127990806205,22.916127600514802,2.709601635797869e-10,4.4116859443969224e-10,8.919097033874927e-17,7.0446428414400136e+16,6.098990201763854e-10
12,13,Al,CALIBRATION,3p→4s,lower,12,3,p,0,0.8660254037844387,0.49999999999999994,0.0,0.0,8.173287395290871e-11,4249243.805663203,70.55195505620317,0.00020090090546509614,1.6420208383403933e-14,3.0,5.82702487724954,7.172975124480198,9.328235051444945,34.673610972176036,4.0643350529536475e-10,5.135427927344771e-10,1.2085510180659679e-16,5.1989408914110264e+16,6.098992422209903e-10
12,13,Al,CALIBRATION,3p→4s,upper,0,1,s,0,0.0,0.0,1.0,0.0,4.1083905859133856e-12,28178342.27302706,10.639109110650844,0.008834652551007734,3.629620337037585e-14,1.0,12.880401700787957,0.11959829895086449,0.6219350641219459,0.6389984778941513,5.84197722128747e-10,2.5813779365565915e-11,9.160858050289013e-19,6.85873012406448e+18,6.098992422209903e-10
12,13,Al,CALIBRATION,3p→4s,upper,1,1,s,1,0.0,0.0,-1.0,0.0,4.1087594689109495e-12,28175812.43124812,10.640064371933352,0.00883306627814544,3.6292944709848076e-14,1.0,12.87924530279845,0.12075469688321129,0.6277494226085312,0.6663903904675457,5.797466202541941e-10,2.5816097125796277e-11,9.16250318914147e-19,6.857498630533435e+18,6.098992422209903e-10
12,13,Al,CALIBRATION,3p→4s,upper,2,2,s,0,0.0,0.0,1.0,0.0,2.0010274421881442e-11,11570819.438093908,25.909354095787844,0.0014896588708077645,2.98084827998534e-14,2.0,10.57811001980741,2.421889971513789,2.8555776652471496,0.18791235394138342,-1.7132439750146706e-10,1.2572826224019697e-10,1.0865977376353262e-17,5.782439158076262e+17,6.098992422209903e-10
12,13,Al,CALIBRATION,3p→4s,upper,3,2,s,1,0.0,0.0,-1.0,0.0,2.006978097322884e-11,11536512.159806075,25.98640332946517,0.0014808383413201613,2.972010116705513e-14,2.0,10.546746107670463,2.4532538821854755,-1.375435431971569,75.85842248199377,-2.8550833587333787e-10,1.2610215292930388e-10,1.0930699953548493e-17,5.748200329238607e+17,6.098992422209903e-10
12,13,Al,CALIBRATION,3p→4s,upper,4,2,p,0,0.8660254037844387,0.49999999999999994,0.0,0.0,2.1653901153601372e-11,10692543.14037502,28.037526158579087,0.0012720981365522707,2.754588730658337e-14,2.0,9.775184751224188,3.2248152531816046,8.96096078453516,112.739079192588,7.975129373407561e-10,1.3605547357142723e-10,1.27243324422683e-17,4.9379292278688026e+17,6.098990201763854e-10
12,13,Al,CALIBRATION,3p→4s,upper,5,2,p,1,-0.8660254037844385,0.5000000000000002,0.0,0.0,2.1653901153601372e-11,10692543.14037502,28.037526158579087,0.0012720981365522707,2.754588730658337e-14,2.0,9.775184751224188,3.224815253181605,3.613568640023896,0.22450797957563995,7.975130697648646e-10,1.3605547357142723e-10,1.27243324422683e-17,4.9379292278688026e+17,6.098990201763854e-10
12,13,Al,CALIBRATION,3p→4s,upper,6,2,p,2,-5.511259909704863e-16,-1.0,0.0,0.0,2.1653901153601372e-11,10692543.14037502,28.037526158579087,0.0012720981365522707,2.754588730658337e-14,2.0,9.775184751224188,3.224815253181605,3.5239517485153917,0.5150901453004073,7.975130697648646e-10,1.3605547357142723e-10,1.27243324422683e-17,4.9379292278688026e+17,6.098990201763854e-10
12,13,Al,CALIBRATION,3p→4s,upper,7,2,p,3,-0.8660254037844387,-0.49999999999999994,0.0,0.0,2.1653901153601372e-11,10692543.14037502,28.037526158579087,0.0012720981365522707,2.754588730658337e-14,2.0,9.775184751224188,3.2248152531816046,3.5722633240458297,0.3118023887232907,7.975129373407561e-10,1.3605547357142723e-10,1.27243324422683e-17,4.9379292278688026e+17,6.098990201763854e-10
12,13,Al,CALIBRATION,3p→4s,upper,8,2,p,4,0.8660254037844385,-0.5000000000000002,0.0,0.0,2.1653901153601372e-11,10692543.14037502,28.037526158579087,0.0012720981365522707,2.754588730658337e-14,2.0,9.775184751224188,3.2248152531816046,3.603150571972485,0.280802674800635,7.975129373407561e-10,1.3605547357142723e-10,1.27243324422683e-17,4.9379292278688026e+17,6.098990201763854e-10
12,13,Al,CALIBRATION,3p→4s,upper,9,2,p,5,5.511259909704863e-16,1.0,0.0,0.0,2.1653901153601372e-11,10692543.14037502,28.037526158579087,0.0012720981365522707,2.754588730658337e-14,2.0,9.775184751224188,3.2248152531816046,3.3676756998686366,0.41641030583815464,7.975129373407561e-10,1.3605547357142723e-10,1.27243324422683e-17,4.9379292278688026e+17,6.098990201763854e-10
12,13,Al,CALIBRATION,3p→4s,upper,10,3,s,0,0.0,0.0,1.0,0.0,6.568913476313098e-11,5287067.787021267,56.70297224785593,0.00031102002465060015,2.0430636313305594e-14,3.0,7.250201902187451,5.749798094225702,1.4682699748335457,989.3171769025829,6.423447259741264e-11,4.1273700638504436e-10,7.806538955264281e-17,8.048618399505414e+16,6.098992422209903e-10
12,13,Al,CALIBRATION,3p→4s,upper,11,3,s,1,0.0,0.0,-1.0,0.0,6.843130254270814e-11,5075205.285573749,59.07001611386221,0.00028659316018537617,1.9611943251316293e-14,3.0,6.959673016825382,6.040326978374092,12.571909461852323,1214.9498267607757,-4.275579273414796e-11,4.2996655468750484e-10,8.471904691415796e-17,7.416496686448867e+16,6.098990201763854e-10
12,13,Al,CALIBRATION,3p→4s,upper,12,4,s,0,0.0,0.0,1.0,0.0,1.5732327605803573e-10,2943433.140267012,101.85128851705613,9.63977605491956e-05,1.5165611494257523e-14,4.0,5.381807184923246,7.618192813427193,7.921571831722795,0.5371880878782014,1.255999118954081e-10,9.884912966052081e-10,3.3582936982069097e-16,1.8709457456131256e+16,6.098992422209903e-10
13,14,Si,CALIBRATION,3p²→3p4s,lower,0,1,s,0,0.0,0.0,1.0,0.0,3.813107854166914e-12,30360441.023098834,9.874443450011542,0.0102559228689238,3.910694004322342e-14,1.0,13.8778453466697,0.12215465329827162,0.5392462692224184,0.3975954805980166,6.022899447566069e-10,2.3958463243992637e-11,7.891342298277075e-19,7.962124908143194e+18,6.098990201763854e-10
13,14,Si,CALIBRATION,3p²→3p4s,lower,1,1,s,1,0.0,0.0,-1.0,0.0,3.813107854166914e-12,30360441.023098834,9.874443450011542,0.0102559228689238,3.910694004322342e-14,1.0,13.8778453466697,0.12215465329827162,0.5392459390858578,0.3976444939776968,6.022899447566069e-10,2.3958463243992637e-11,7.891342298277075e-19,7.962124908143194e+18,6.098990201763854e-10
13,14,Si,CALIBRATION,3p²→3p4s,lower,2,2,s,0,0.0,0.0,1.0,0.5235987755982988,1.8414445784859365e-11,12573567.238861509,23.84307112729491,0.0017590395788580622,3.239173895830364e-14,2.0,11.494827856032408,2.505172142809012,3.2383978528539186,2.4030736556734085,4.180077862656277e-10,1.1570137519528343e-10,9.201953033478173e-18,6.828099735263108e+17,6.098992422209903e-10
13,14,Si,CALIBRATION,3p²→3p4s,lower,3,2,s,1,0.0,0.0,-1.0,0.5235987755982988,1.8414445784859365e-11,12573567.238861509,23.84307112729491,0.0017590395788580622,3.239173895830364e-14,2.0,11.494827856032408,2.505172142809012,3.265840670019305,2.3604111251449456,4.180077862656277e-10,1.1570137519528343e-10,9.201953033478173e-18,6.828099735263108e+17,6.098992422209903e-10
13,14,Si,CALIBRATION,3p²→3p4s,lower,4,2,p,0,0.5000000000000001,0.8660254037844386,0.0,0.5235987755982988,1.951531204403319e-11,11864287.474362524,25.26847555302583,0.0015661808755544828,3.056450850384285e-14,2.0,10.846400195067257,3.153599815592181,3.448903135835291,0.33919430049089194,1.2339034714573165e-09,1.2261832190009417e-10,1.0335076772630421e-17,6.079476181366022e+17,6.098992422209903e-10
13,14,Si,CALIBRATION,3p²→3p4s,lower,5,2,p,1,-0.9999999999999999,3.5882972233212986e-16,0.0,0.5235987755982988,1.951531204403319e-11,11864287.474362524,25.26847555302583,0.0015661808755544828,3.056450850384285e-14,2.0,10.846400195067257,3.153599815592182,3.4365684949182214,0.32866327303736415,1.233903571333301e-09,1.2261832190009417e-10,1.0335076772630421e-17,6.079476181366022e+17,6.098992422209903e-10
13,14,Si,CALIBRATION,3p²→3p4s,lower,6,2,p,2,0.4999999999999995,-0.866025403784439,0.0,0.5235987755982988,1.974146340196463e-11,11728374.311868753,25.56129690511491,0.0015305031587426658,3.0214372094909604e-14,2.0,10.722147596217965,3.277852407892803,4.014998665834412,1.799243075385252,7.607282739899764e-10,1.240392727894477e-10,1.0575998812036872e-17,5.940985261863398e+17,6.098990201763854e-10
13,14,Si,CALIBRATION,3p²→3p4s,lower,7,2,p,3,-0.5000000000000001,-0.8660254037844386,0.0,0.5235987755982988,1.9612236642213514e-11,11805653.606276654,25.393973768687474,0.0015507388482287195,3.041345726173527e-14,2.0,10.792796773907883,3.207203220498024,3.958036934228357,3.2126150223480208,7.060191007010631e-11,1.2322731711128505e-10,1.0437991933438516e-17,6.019534549601591e+17,6.098992422209903e-10
13,14,Si,CALIBRATION,3p²→3p4s,lower,8,2,p,4,0.9999999999999999,-3.5882972233212986e-16,0.0,0.5235987755982988,1.9612236642213514e-11,11805653.606276654,25.393973768687474,0.0015507388482287195,3.041345726173527e-14,2.0,10.792796773907883,3.207203220498024,4.0361260814421325,0.8998472435490219,7.060191007010631e-11,1.2322731711128505e-10,1.0437991933438516e-17,6.019534549601591e+17,6.098992422209903e-10
13,14,Si,CALIBRATION,3p²→3p4s,lower,9,2,p,5,-0.4999999999999995,0.866025403784439,0.0,0.5235987755982988,1.95389142603906e-11,11849955.896048367,25.29903576265398,0.0015623993948569062,3.052758781659525e-14,2.0,10.83329818332334,3.1667018051167872,3.363654918418584,0.21965113734507322,-3.537607396341803e-10,1.2276661899912792e-10,1.0360090794942722e-17,6.064797530777166e+17,6.098992422209903e-10
13,14,Si,CALIBRATION,3p²→3p4s,lower,10,3,s,0,0.0,0.0,1.0,0.5235987755982988,6.304630509070906e-11,5508695.677942744,54.421677203987294,0.00033764176040504586,2.1287065437860614e-14,3.0,7.554122150813956,6.445877847166757,-135.88810977247442,1852813144.4555972,1.8485472125035093e-10,3.961316178179047e-10,7.191023809938299e-17,8.737539289601515e+16,6.098990201763854e-10
13,14,Si,CALIBRATION,3p²→3p4s,lower,11,3,s,1,0.0,0.0,-1.0,0.5235987755982988,6.304630509070906e-11,5508695.677942744,54.421677203987294,0.00033764176040504586,2.1287065437860614e-14,3.0,7.554122150813956,6.445877847166757,150.20425503795926,1852807680.5422983,1.8485472125035093e-10,3.961316178179047e-10,7.191023809938299e-17,8.737539289601515e+16,6.098990201763854e-10
13,14,Si,CALIBRATION,3p²→3p4s,lower,12,3,p,0,0.5000000000000001,0.8660254037844386,0.0,0.5235987755982988,7.157361387772522e-11,4852387.486773734,61.782464573810586,0.00026198084727468583,1.8750916006197665e-14,3.0,6.654121037206969,7.345878965235289,7.8232453845043315,0.9033645557369635,4.643287680560308e-10,4.4971027909826803e-10,9.267814664926365e-17,6.779575913357464e+16,6.098992422209903e-10
13,14,Si,CALIBRATION,3p²→3p4s,lower,13,3,p,1,-0.9999999999999999,3.5882972233212986e-16,0.0,0.5235987755982988,7.157361387772523e-11,4852387.486773733,61.7824645738106,0.0002619808472746857,1.875091600619766e-14,3.0,6.654121037206968,7.345878965235289,7.430027181387381,0.7655574239814119,4.643285161623697e-10,4.497102790982681e-10,9.267814664926369e-17,6.7795759133574616e+16,6.098992422209903e-10
13,14,Si,CALIBRATION,3p²→3p4s,upper,0,1,s,0,0.0,0.0,1.0,0.0,3.812836227878947e-12,30362603.899604216,9.873740045197765,0.010257384183977173,3.9109726019940696e-14,1.0,13.878834003771974,0.12116599620656088,0.5404587244617146,0.4041458634639642,6.030875346384796e-10,2.395675656569104e-11,7.890218060646413e-19,7.963259391420205e+18,6.098992422209903e-10
13,14,Si,CALIBRATION,3p²→3p4s,upper,1,1,s,1,0.0,0.0,-1.0,0.0,3.813145225780176e-12,30360143.468562312,9.874540227730897,0.01025572183881234,3.9106556766596756e-14,1.0,13.877709333630992,0.1222906663440886,0.5438566112871824,0.41453202868065864,6.027922662649942e-10,2.3958698056763985e-11,7.891496982408211e-19,7.961968839608142e+18,6.098992422209903e-10
13,14,Si,CALIBRATION,3p²→3p4s,upper,2,2,s,0,0.0,0.0,1.0,0.0,1.8344908840564137e-11,12621227.73433084,23.753034515377482,0.001772400240805605,3.251452084657275e-14,2.0,11.538399356510007,2.461600642745747,2.9377279414296202,0.28869695441345566,4.495012437276006e-10,1.1526446168858148e-10,9.132587107595887e-18,6.879962088676543e+17,6.098992422209903e-10
13,14,Si,CALIBRATION,3p²→3p4s,upper,3,2,s,1,0.0,0.0,-1.0,0.0,1.839262300727627e-11,12588485.728800174,23.814814939506917,0.0017632162427918582,3.243017163397675e-14,2.0,11.508466425776316,2.4915335733888324,-2.276498999236089,115.15962873394233,4.4172512216455693e-10,1.1556425863981149e-10,9.180155669988282e-18,6.844312376663223e+17,6.098990201763854e-10
13,14,Si,CALIBRATION,3p²→3p4s,upper,4,2,p,0,0.8660254037844387,0.49999999999999994,0.0,0.0,1.9460749879745355e-11,11897551.413642071,25.197828324259177,0.00157497539918718,3.0650202310333805e-14,2.0,10.876810280651412,3.1231897304502634,9.884289220781548,167.7716447010116,1.2668165576470723e-09,1.2227549771111292e-10,1.0277366616033981e-17,6.113614062747387e+17,6.098992422209903e-10
13,14,Si,CALIBRATION,3p²→3p4s,upper,5,2,p,1,-0.8660254037844385,0.5000000000000002,0.0,0.0,1.9692234782282046e-11,11757694.075972596,25.497555563436546,0.0015381649336191796,3.028990500670216e-14,2.0,10.748951894055693,3.2510481084714646,3.9170373610677696,0.9101370861282089,6.487812636524093e-10,1.2372996024956535e-10,1.0523318556349699e-17,5.970726129342872e+17,6.098992422209903e-10
13,14,Si,CALIBRATION,3p²→3p4s,upper,6,2,p,2,-5.511259909704863e-16,-1.0,0.0,0.0,1.9692234782282046e-11,11757694.075972596,25.497555563436546,0.0015381649336191796,3.028990500670216e-14,2.0,10.748951894055693,3.2510481084714637,3.869919857072504,1.3002762081629287,6.48781161957296e-10,1.2372996024956535e-10,1.0523318556349699e-17,5.970726129342872e+17,6.098992422209903e-10
13,14,Si,CALIBRATION,3p²→3p4s,upper,7,2,p,3,-0.8660254037844387,-0.49999999999999994,0.0,0.0,1.966438398753538e-11,11774346.574449616,25.461494283729593,0.001542525045030644,3.033280479587289e-14,2.0,10.764175704429457,3.235824296393511,3.652013510664873,0.5955251729007379,5.27716342479702e-10,1.2355496854521982e-10,1.0493573275083871e-17,5.987650862550789e+17,6.098990201763854e-10
13,14,Si,CALIBRATION,3p²→3p4s,upper,8,2,p,4,0.8660254037844385,-0.5000000000000002,0.0,0.0,1.9588410488009387e-11,11820013.28714386,25.363123603767168,0.0015545135918395576,3.0450450346143134e-14,2.0,10.805924477168254,3.19407551524811,3.5593138100115134,0.3705968386995799,-7.093621541184327e-11,1.230776129692631e-10,1.041264590650922e-17,6.034187048703732e+17,6.098992422209903e-10
13,14,Si,CALIBRATION,3p²→3p4s,upper,9,2,p,5,5.511259909704863e-16,1.0,0.0,0.0,1.9588410488009387e-11,11820013.28714386,25.363123603767168,0.0015545135918395576,3.0450450346143134e-14,2.0,10.805924477168254,3.1940755152481093,3.354521138459938,0.4814900400381281,-7.093621541184327e-11,1.230776129692631e-10,1.041264590650922e-17,6.034187048703732e+17,6.098992422209903e-10
13,14,Si,CALIBRATION,3p²→3p4s,upper,10,3,s,0,0.0,0.0,1.0,0.0,5.931330447631897e-11,5855396.3807919435,51.19934475886891,0.0003814794906036503,2.2626809177645374e-14,3.0,8.02955583098305,5.970444168119465,-3.980169792871185,4845.523982773039,2.856954219912519e-10,3.7267648320587654e-10,6.364667034812628e-17,9.871978019922544e+16,6.098992422209903e-10
13,14,Si,CALIBRATION,3p²→3p4s,upper,11,3,s,1,0.0,0.0,-1.0,0.0,6.150306157241243e-11,5646920.648893899,53.08954678842926,0.00035479865450924956,2.182120349409146e-14,3.0,7.74367125207193,6.256328746883631,17.214452331251877,5634.116234775889,2.627442009940958e-10,3.864351328183432e-10,6.843289588176467e-17,9.181527723209896e+16,6.098990201763854e-10
13,14,Si,CALIBRATION,3p²→3p4s,upper,12,3,p,0,0.8660254037844387,0.49999999999999994,0.0,0.0,7.040247705851958e-11,4933106.374577778,60.77153729036687,0.00027076938279346573,1.9062835260266478e-14,3.0,6.764811547991786,7.235188454813938,9.34985702434188,36.60859283715043,4.951127656252867e-10,4.423518094431381e-10,8.967003260313817e-17,7.007006828008775e+16,6.098992422209903e-10
13,14,Si,CALIBRATION,3p²→3p4s,upper,13,4,s,0,0.0,0.0,1.0,0.0,1.4446029359142831e-10,3205521.274892902,93.5237773488233,0.00011432887272185554,1.651598251937629e-14,4.0,5.861012160472576,8.138987838931971,8.50674065580843,0.817483826733011,2.127981623933079e-10,9.076707941645118e-10,2.8315856184571335e-16,2.218963560989955e+16,6.098992422209903e-10
14,17,Cl,CALIBRATION,3p⁵→3p⁴4s,lower,0,1,s,0,0.0,0.0,1.0,0.0,3.1360684495035417e-12,36914894.55195924,8.121178771837739,0.015162187345585375,4.7549657359952146e-14,1.0,16.873904999961717,0.1260950000154064,0.4331941172641694,0.1705146959387105,6.040298160283092e-10,1.970449920423012e-11,5.337818093045132e-19,1.1771074243549463e+19,6.098992422209903e-10
14,17,Cl,CALIBRATION,3p⁵→3p⁴4s,lower,1,1,s,1,0.0,0.0,-1.0,0.0,3.1360684495035417e-12,36914894.55195924,8.121178771837739,0.015162187345585375,4.7549657359952146e-14,1.0,16.873904999961717,0.1260950000154064,0.4331943624668931,0.17050431547960002,6.040298160283092e-10,1.970449920423012e-11,5.337818093045132e-19,1.1771074243549463e+19,6.098992422209903e-10
14,17,Cl,CALIBRATION,3p⁵→3p⁴4s,lower,2,2,s,0,0.0,0.0,1.0,0.0,1.4706382266240496e-11,15743863.313943915,19.041861074497636,0.0027579171493234043,4.0558983856570256e-14,2.0,14.393130854969339,2.606869144139835,3.457898994611565,3.5241374018812985,4.639726098812711e-10,9.240292497700871e-11,5.869139177241836e-18,1.0705463130851036e+18,6.098992422209903e-10
14,17,Cl,CALIBRATION,3p⁵→3p⁴4s,lower,3,2,s,1,0.0,0.0,-1.0,0.0,1.4706382266240493e-11,15743863.313943917,19.041861074497636,0.002757917149323405,4.0558983856570256e-14,2.0,14.39313085496934,2.6068691441398344,2.7360800404700614,12.22128295459435,4.639727967174087e-10,9.24029249770087e-11,5.8691391772418345e-18,1.070546313085104e+18,6.098992422209903e-10
14,17,Cl,CALIBRATION,3p⁵→3p⁴4s,lower,4,2,p,0,0.8660254037844387,0.49999999999999994,0.0,0.0,1.5295974735219804e-11,15137006.712568417,19.805266899371798,0.002549403637800201,3.8995613633669333e-14,2.0,13.838339041827547,3.161660958879162,22.14187657591973,5787.812945162183,5.380414156585264e-10,9.610744371532324e-11,6.349170978138247e-18,9.896071989263062e+17,6.098990201763854e-10
14,17,Cl,CALIBRATION,3p⁵→3p⁴4s,lower,5,2,p,1,-0.8660254037844385,0.5000000000000002,0.0,0.0,1.52959747352198e-11,15137006.712568419,19.805266899371798,0.002549403637800202,3.899561363366934e-14,2.0,13.838339041827549,3.1616609588791613,4.090721679630722,2.1627198014123223,5.380412135412226e-10,9.610744371532321e-11,6.349170978138245e-18,9.896071989263064e+17,6.098990201763854e-10
14,17,Cl,CALIBRATION,3p⁵→3p⁴4s,lower,6,2,p,2,-5.511259909704863e-16,-1.0,0.0,0.0,1.5263242552913463e-11,15169468.180802999,19.762885186666473,0.0025603498075172544,3.907924013244115e-14,2.0,13.868015503743408,3.131984497467137,3.575752572222644,0.6955184582589589,5.687433508186112e-10,9.590178134838411e-11,6.322026600098483e-18,9.938561959042862e+17,6.098992422209903e-10
14,17,Cl,CALIBRATION,3p⁵→3p⁴4s,lower,7,2,p,3,-0.8660254037844387,-0.49999999999999994,0.0,0.0,1.5243616118028014e-11,15188999.14886151,19.73747282897642,0.0025669470463398933,3.9129555369711204e-14,2.0,13.885870827648652,3.1141291723596694,-12.108646905004345,4710.050008313912,4.986649683500128e-10,9.577846482107954e-11,6.3057785363203876e-18,9.964170595255341e+17,6.098992422209903e-10
14,17,Cl,CALIBRATION,3p⁵→3p⁴4s,lower,8,2,p,4,0.8660254037844385,-0.5000000000000002,0.0,0.0,1.5243616118028014e-11,15188999.14886151,19.73747282897642,0.0025669470463398933,3.9129555369711204e-14,2.0,13.885870827648652,3.11412917235967,3.4785113661299216,0.5087408640571679,4.986649683500128e-10,9.577846482107954e-11,6.3057785363203876e-18,9.964170595255341e+17,6.098992422209903e-10
14,17,Cl,CALIBRATION,3p⁵→3p⁴4s,lower,9,2,p,5,5.511259909704863e-16,1.0,0.0,0.0,1.538167223985244e-11,15052672.338343902,19.91622824582012,0.002521075259271401,3.87783533301137e-14,2.0,13.76124006938472,3.2387599302976366,4.0638175176692055,2.6921291349736323,4.750191265740381e-10,9.664589701729296e-11,6.420514234612375e-18,9.786109145755862e+17,6.098990201763854e-10
14,17,Cl,CALIBRATION,3p⁵→3p⁴4s,lower,10,3,s,0,0.0,0.0,1.0,0.0,4.841911753164598e-11,7172846.719820056,41.795464159524215,0.0005724554504191553,2.771778773547642e-14,3.0,9.83618690492292,7.16381309163753,8.346695590840548,14.820099215992572,1.5056084687870616e-10,3.0422628786143957e-10,4.2413605050390875e-17,1.4814079821120234e+17,6.098992422209903e-10
14,17,Cl,CALIBRATION,3p⁵→3p⁴4s,lower,11,3,s,1,0.0,0.0,-1.0,0.0,4.841911753164598e-11,7172846.719820056,41.795464159524215,0.0005724554504191553,2.771778773547642e-14,3.0,9.83618690492292,7.16381309163753,7.388087922336967,26.233509944183176,1.5056084687870616e-10,3.0422628786143957e-10,4.2413605050390875e-17,1.4814079821120234e+17,6.098992422209903e-10
14,17,Cl,CALIBRATION,3p⁵→3p⁴4s,lower,12,3,p,0,0.8660254037844387,0.49999999999999994,0.0,0.0,5.240918515950028e-11,6626756.499008317,45.23969728552173,0.0004886080518486589,2.5607549859759076e-14,3.0,9.087328649801911,7.91267135214504,-19.77569075827421,38263.685766796516,4.40547479958432e-10,3.292966221554266e-10,4.969197558484385e-17,1.2644265463850808e+17,6.098992422209903e-10
14,17,Cl,CALIBRATION,3p⁵→3p⁴4s,lower,13,3,p,1,-0.8660254037844385,0.5000000000000002,0.0,0.0,5.240918515950028e-11,6626756.499008317,45.23969728552173,0.0004886080518486589,2.5607549859759076e-14,3.0,9.087328649801911,7.912671352145039,4.513247872906492,609.312315048379,4.40547479958432e-10,3.292966221554266e-10,4.969197558484385e-17,1.2644265463850808e+17,6.098992422209903e-10
14,17,Cl,CALIBRATION,3p⁵→3p⁴4s,lower,14,3,p,2,-5.511259909704863e-16,-1.0,0.0,0.0,5.434171669018699e-11,6391091.955071867,46.90786177189792,0.0004544736691875607,2.4696879374140188e-14,3.0,8.764159817179696,8.2358401909881,8.968175981714255,3.1671475613437434,7.948852747888506e-10,3.414390758746986e-10,5.342421581084247e-17,1.1760931277730445e+17,6.098992422209903e-10
14,17,Cl,CALIBRATION,3p⁵→3p⁴4s,lower,15,3,p,3,-0.8660254037844387,-0.49999999999999994,0.0,0.0,5.353229774884123e-11,6487726.530867367,46.20916997250803,0.00046832103486154936,2.5070301080253912e-14,3.0,8.896675648917185,8.103324348436747,39.60589255802173,41568.92680999629,1.6353011476077637e-10,3.3635334667508204e-10,5.184456297206377e-17,1.2119275285559365e+17,6.098992422209903e-10
14,17,Cl,CALIBRATION,3p⁵→3p⁴4s,lower,16,3,p,4,0.8660254037844385,-0.5000000000000002,0.0,0.0,5.353229774884123e-11,6487726.530867367,46.20916997250803,0.00046832103486154936,2.5070301080253912e-14,3.0,8.896675648917185,8.103324348436747,12.922286063617507,753.4113031744323,1.6353011476077637e-10,3.3635334667508204e-10,5.184456297206377e-17,1.2119275285559365e+17,6.098992422209903e-10
14,17,Cl,CALIBRATION,3p⁵→3p⁴4s,upper,0,1,s,0,0.0,0.0,1.0,0.0,3.1359061956284114e-12,36916804.55318932,8.120758598379293,0.015163756389519098,4.755211761089285e-14,1.0,16.87477806704473,0.1252219329343877,0.4351898127271046,0.18115897275858045,6.041782687006791e-10,1.970347973306587e-11,5.337265771385309e-19,1.177229236150397e+19,6.098990201763854e-10
14,17,Cl,CALIBRATION,3p⁵→3p⁴4s,upper,1,1,s,1,0.0,0.0,-1.0,0.0,3.1360957136965837e-12,36914573.62590881,8.121249375330402,0.015161923716510534,4.754924397874326e-14,1.0,16.873758303736444,0.1262416962339419,0.4384189733322023,0.18252706231926277,6.036284199531387e-10,1.9704670510207252e-11,5.337910904753715e-19,1.1770869576680362e+19,6.098992422209903e-10
14,17,Cl,CALIBRATION,3p⁵→3p⁴4s,upper,2,2,s,0,0.0,0.0,1.0,0.0,1.4667957116061895e-11,15785106.979128018,18.9921080925459,0.002772385720132583,4.06652348520871e-14,2.0,14.430836052105267,2.569163947089028,0.04830741645058503,29.71114951170531,4.703324145461734e-10,9.216149263798036e-11,5.83850922010485e-18,1.076162607664213e+18,6.098990201763854e-10
14,17,Cl,CALIBRATION,3p⁵→3p⁴4s,upper,3,2,s,1,0.0,0.0,-1.0,0.0,1.469431486844877e-11,15756792.63137646,19.026236177216933,0.0027624487725027313,4.059229207111493e-14,2.0,14.404950911708987,2.5950490872620056,9.180062991711969,163.8048924003898,4.56268299072848e-10,9.232710328050784e-11,5.859511224172432e-18,1.0723053624779073e+18,6.098992422209903e-10
14,17,Cl,CALIBRATION,3p⁵→3p⁴4s,upper,4,2,p,0,0.8660254037844387,0.49999999999999994,0.0,0.0,1.5317971433063288e-11,15115269.88113704,19.833748279554253,0.002542086977464992,3.8939615701170946e-14,2.0,13.818467104874998,3.1815328983902296,3.7389517178247327,0.35418903794303025,6.878293936623122e-10,9.624565304401988e-11,6.367445225978317e-18,9.867670759922737e+17,6.098992422209903e-10
14,17,Cl,CALIBRATION,3p⁵→3p⁴4s,upper,5,2,p,1,-0.8660254037844385,0.5000000000000002,0.0,0.0,1.528280804253868e-11,15150047.79212276,19.788218632278937,0.002553798337231225,3.902920976725928e-14,2.0,13.850261272145024,3.1497387287286776,3.7233423333608084,0.3705107113293135,5.482923471632248e-10,9.602471494532505e-11,6.3382450182931385e-18,9.913130983490474e+17,6.098990201763854e-10
14,17,Cl,CALIBRATION,3p⁵→3p⁴4s,upper,6,2,p,2,-5.511259909704863e-16,-1.0,0.0,0.0,1.528280804253868e-11,15150047.79212276,19.788218632278937,0.002553798337231225,3.902920976725928e-14,2.0,13.850261272145024,3.1497387287286784,3.6119838704730234,0.6283263013747695,5.4829244804797e-10,9.602471494532505e-11,6.3382450182931385e-18,9.913130983490474e+17,6.098990201763854e-10
14,17,Cl,CALIBRATION,3p⁵→3p⁴4s,upper,7,2,p,3,-0.8660254037844387,-0.49999999999999994,0.0,0.0,1.5210206733618402e-11,15222361.9505807,19.694214273269438,0.002578236085161315,3.921550386337858e-14,2.0,13.91637129384664,3.0836287076596234,3.5866793229178833,0.6439776357033394,5.878733375091425e-10,9.556854746783515e-11,6.278168117280211e-18,1.0007991487016038e+18,6.098992422209903e-10
14,17,Cl,CALIBRATION,3p⁵→3p⁴4s,upper,8,2,p,4,0.8660254037844385,-0.5000000000000002,0.0,0.0,1.5351416870907613e-11,15082338.92606228,19.877053517339984,0.002531022383652106,3.885477972104174e-14,2.0,13.788361435375801,3.2116385624759727,3.731024392967646,1.137724874328789,3.683110983925252e-10,9.645579692767553e-11,6.395281090056923e-18,9.824721100919837e+17,6.098992422209903e-10
14,17,Cl,CALIBRATION,3p⁵→3p⁴4s,upper,9,2,p,5,5.511259909704863e-16,1.0,0.0,0.0,1.5351416870907613e-11,15082338.92606228,19.877053517339984,0.002531022383652106,3.885477972104174e-14,2.0,13.788361435375801,3.211638562475972,4.39302747272311,4.742511165421334,3.6831099659994683e-10,9.645579692767553e-11,6.395281090056923e-18,9.824721100919837e+17,6.098992422209903e-10
14,17,Cl,CALIBRATION,3p⁵→3p⁴4s,upper,10,3,s,0,0.0,0.0,1.0,0.0,4.6223833782404724e-11,7513502.882481609,39.90049151361776,0.0006281212826434292,2.903417376410073e-14,3.0,10.303331654718566,6.696668343202133,-7.538081036048305,9444.041057860471,2.473349555626732e-10,2.9043291326311676e-10,3.865479494794453e-17,1.62546077805897e+17,6.098990201763854e-10
14,17,Cl,CALIBRATION,3p⁵→3p⁴4s,upper,11,3,s,1,0.0,0.0,-1.0,0.0,4.747048829730689e-11,7316185.714970873,40.97660579973311,0.0005955634491160806,2.8271687741568632e-14,3.0,10.03274891191122,6.967251085154282,22.54222211370812,10632.57710179722,1.8732173217646308e-10,2.9826587459427915e-10,4.076794742702436e-17,1.5412071746870858e+17,6.098990201763854e-10
14,17,Cl,CALIBRATION,3p⁵→3p⁴4s,upper,12,3,p,0,0.8660254037844387,0.49999999999999994,0.0,0.0,5.088783896279795e-11,6824870.449251104,43.926468675005594,0.0005182596746149114,2.637311486271568e-14,3.0,9.359004027678875,7.640995974465726,-0.5066714702242675,4044.449060217284,4.619208279956774e-10,3.1973772208517297e-10,4.6848907164275614e-17,1.3411594181156901e+17,6.098992422209903e-10
14,17,Cl,CALIBRATION,3p⁵→3p⁴4s,upper,13,3,p,1,-0.8660254037844385,0.5000000000000002,0.0,0.0,5.237954261235151e-11,6630506.702468836,45.214109788679316,0.0004891612329096578,2.5622041643501824e-14,3.0,9.092471336326527,7.907528660190515,8.760433418441837,1.976867505261535,1.2132581186497488e-10,3.2911037253871404e-10,4.963578008543019e-17,1.2658580758407214e+17,6.098990201763854e-10
14,17,Cl,CALIBRATION,3p⁵→3p⁴4s,upper,14,3,p,2,-5.511259909704863e-16,-1.0,0.0,0.0,5.23795426123515e-11,6630506.702468838,45.2141097886793,0.000489161232909658,2.562204164350183e-14,3.0,9.092471336326529,7.907528660190515,8.217410624551514,1.5953745773945274,1.2132581186497483e-10,3.29110372538714e-10,4.9635780085430166e-17,1.2658580758407221e+17,6.098994642655953e-10
14,17,Cl,CALIBRATION,3p⁵→3p⁴4s,upper,15,3,p,3,-0.8660254037844387,-0.49999999999999994,0.0,0.0,5.2840907241651344e-11,6572614.409801246,45.61236051713943,0.00048065659260670594,2.5398330425019148e-14,3.0,9.013083133388992,7.9869168773947665,19.01118925319065,4646.439697860191,9.57695906092708e-10,3.320092119987831e-10,5.051402551527787e-17,1.2438496522672202e+17,6.098987981317805e-10
14,17,Cl,CALIBRATION,3p⁵→3p⁴4s,upper,16,4,s,0,0.0,0.0,1.0,0.0,1.1808763544010637e-10,3921414.318770622,76.45008500249116,0.00017109765399151317,2.0204517389207268e-14,4.0,7.16995927888009,9.830040719758685,10.298116160368298,0.4150796119975285,1.771605006786491e-10,7.419664959568557e-10,1.8920890159585713e-16,3.320766229381864e+16,6.098992422209903e-10
15,18,Ar,HOLDOUT,3p⁶→3p⁵4s,lower,0,1,s,0,0.0,0.0,1.0,0.0,2.9608037331631177e-12,39100070.97885932,7.667312372964545,0.01701036708017145,5.0364358353446633e-14,1.0,17.872755460817515,0.12724453913342076,0.4160720521843676,0.14267361948585286,6.028619020245509e-10,1.860327851365297e-11,4.7578631055967685e-19,1.3205897621956694e+19,6.098992422209903e-10
15,18,Ar,HOLDOUT,3p⁶→3p⁵4s,lower,1,1,s,1,0.0,0.0,-1.0,0.0,2.9608037331631177e-12,39100070.97885932,7.667312372964545,0.01701036708017145,5.0364358353446633e-14,1.0,17.872755460817515,0.12724453913342076,0.41607181453198905,0.1426493390280156,6.028619020245509e-10,1.860327851365297e-11,4.7578631055967685e-19,1.3205897621956694e+19,6.098992422209903e-10
15,18,Ar,HOLDOUT,3p⁶→3p⁵4s,lower,2,2,s,0,0.0,0.0,1.0,2.0943951023931953,1.3779452296074868e-11,16802937.247966878,17.84166979712278,0.0031414417055814253,4.328734612295932e-14,2.0,15.361342367830925,2.6386576301976943,2.929951219965707,1.8602409791629653,4.1097180184979467e-10,8.657885220767963e-11,5.152602246262361e-18,1.2194198206813532e+18,6.098992422209903e-10
15,18,Ar,HOLDOUT,3p⁶→3p⁵4s,lower,3,2,s,1,0.0,0.0,-1.0,2.0943951023931953,1.3779452296074868e-11,16802937.247966878,17.84166979712278,0.0031414417055814253,4.328734612295932e-14,2.0,15.361342367830925,2.6386576301976943,2.8738070046841573,2.195041758291265,4.1097180184979467e-10,8.657885220767963e-11,5.152602246262361e-18,1.2194198206813532e+18,6.098992422209903e-10
15,18,Ar,HOLDOUT,3p⁶→3p⁵4s,lower,4,2,p,0,-0.8660254037844385,0.5000000000000003,0.0,2.0943951023931953,1.4245637992674954e-11,16253064.437082674,18.44528821998634,0.0029391997937328837,4.1870776249663554e-14,2.0,14.858645465372646,3.1413545354867938,4.405011058574408,4.701250212037229,5.512064467051996e-10,8.950798332697456e-11,5.507145047844325e-18,1.1409151661329546e+18,6.098990201763854e-10
15,18,Ar,HOLDOUT,3p⁶→3p⁵4s,lower,5,2,p,1,-5.808743272571611e-16,-0.9999999999999999,0.0,2.0943951023931953,1.4245637992674954e-11,16253064.437082674,18.44528821998634,0.0029391997937328837,4.1870776249663554e-14,2.0,14.858645465372646,3.141354535486794,3.641201736137734,1.0865810472442636,5.512064467051996e-10,8.950798332697456e-11,5.507145047844325e-18,1.1409151661329546e+18,6.098990201763854e-10
15,18,Ar,HOLDOUT,3p⁶→3p⁵4s,lower,6,2,p,2,0.8660254037844392,0.4999999999999993,0.0,2.0943951023931953,1.4245637992674954e-11,16253064.437082674,18.44528821998634,0.0029391997937328837,4.1870776249663554e-14,2.0,14.858645465372646,3.1413545354867947,4.205390624025793,0.7417999798702354,5.512064467051996e-10,8.950798332697456e-11,5.507145047844325e-18,1.1409151661329546e+18,6.098990201763854e-10
15,18,Ar,HOLDOUT,3p⁶→3p⁵4s,lower,7,2,p,3,0.8660254037844385,-0.5000000000000003,0.0,2.0943951023931953,1.4245637992674954e-11,16253064.437082674,18.44528821998634,0.0029391997937328837,4.1870776249663554e-14,2.0,14.858645465372646,3.1413545354867947,3.964750152550531,1.562292331132746,5.512064467051996e-10,8.950798332697456e-11,5.507145047844325e-18,1.1409151661329546e+18,6.098990201763854e-10
15,18,Ar,HOLDOUT,3p⁶→3p⁵4s,lower,8,2,p,4,5.808743272571611e-16,0.9999999999999999,0.0,2.0943951023931953,1.4245637992674955e-11,16253064.437082672,18.445288219986345,0.002939199793732883,4.187077624966355e-14,2.0,14.858645465372645,3.141354535486795,4.873370239443629,5.707492843109348,5.512066122781565e-10,8.950798332697457e-11,5.507145047844326e-18,1.1409151661329544e+18,6.098992422209903e-10
15,18,Ar,HOLDOUT,3p⁶→3p⁵4s,lower,9,2,p,5,-0.8660254037844392,-0.4999999999999993,0.0,2.0943951023931953,1.4245637992674957e-11,16253064.43708267,18.445288219986345,0.0029391997937328824,4.187077624966355e-14,2.0,14.858645465372643,3.141354535486796,3.4579841032419347,1.2367368315734473,5.512064467051998e-10,8.950798332697458e-11,5.507145047844328e-18,1.1409151661329541e+18,6.098990201763854e-10
15,18,Ar,HOLDOUT,3p⁶→3p⁵4s,lower,10,3,s,0,0.0,0.0,1.0,2.0943951023931953,4.500723993270239e-11,7716600.904271345,38.85032564455379,0.0006625378181352116,2.9818998545300615e-14,3.0,10.581841733126328,7.418158257677256,-1425.353857688138,344219724.2580065,-1.5236432778660234e-10,2.8278882866186204e-10,3.6646812783246427e-17,1.7145243555947184e+17,6.098992422209903e-10
15,18,Ar,HOLDOUT,3p⁶→3p⁵4s,lower,11,3,s,1,0.0,0.0,-1.0,2.0943951023931953,4.500723993270239e-11,7716600.904271345,38.85032564455379,0.0006625378181352116,2.9818998545300615e-14,3.0,10.581841733126328,7.418158257677256,1439.754513635386,344218055.2468809,-1.5236432778660234e-10,2.8278882866186204e-10,3.6646812783246427e-17,1.7145243555947184e+17,6.098992422209903e-10
15,18,Ar,HOLDOUT,3p⁶→3p⁵4s,lower,12,3,p,0,-0.8660254037844385,0.5000000000000003,0.0,2.0943951023931953,4.8983985919154245e-11,7090131.638871849,42.28305950715771,0.0005593288121820342,2.739815466010203e-14,3.0,9.722758997169887,8.277241005820496,-17483.013559499974,14126326354.806845,4.955714166083772e-10,3.077754606143217e-10,4.3408991016038963e-17,1.4474386895696435e+17,6.098990201763854e-10
15,18,Ar,HOLDOUT,3p⁶→3p⁵4s,lower,13,3,p,1,-5.808743272571611e-16,-0.9999999999999999,0.0,2.0943951023931953,4.898398591915426e-11,7090131.638871848,42.283059507157716,0.0005593288121820341,2.7398154660102034e-14,3.0,9.722758997169885,8.277241005820496,-9944.71810292755,4916675028.373402,4.955714166083775e-10,3.0777546061432175e-10,4.3408991016038976e-17,1.447438689569643e+17,6.098990201763854e-10
15,18,Ar,HOLDOUT,3p⁶→3p⁵4s,lower,14,3,p,2,0.8660254037844392,0.4999999999999993,0.0,2.0943951023931953,4.8983985919154245e-11,7090131.638871849,42.28305950715771,0.0005593288121820342,2.739815466010203e-14,3.0,9.722758997169887,8.277241005820494,114.52013569655719,334316039.90982497,4.955712942555928e-10,3.077754606143217e-10,4.3408991016038963e-17,1.4474386895696435e+17,6.098990201763854e-10
15,18,Ar,HOLDOUT,3p⁶→3p⁵4s,lower,15,3,p,3,0.8660254037844385,-0.5000000000000003,0.0,2.0943951023931953,4.898398591915426e-11,7090131.638871848,42.283059507157716,0.0005593288121820341,2.7398154660102034e-14,3.0,9.722758997169885,8.277241005820496,17502.106724553407,14126263677.372076,4.955714166083775e-10,3.0777546061432175e-10,4.3408991016038976e-17,1.447438689569643e+17,6.098990201763854e-10
15,18,Ar,HOLDOUT,3p⁶→3p⁵4s,lower,16,3,p,4,5.808743272571611e-16,0.9999999999999999,0.0,2.0943951023931953,4.8983985919154264e-11,7090131.638871846,42.28305950715773,0.0005593288121820338,2.739815466010202e-14,3.0,9.722758997169883,8.277241005820498,9964.17771241353,4916627837.139275,4.955711719028089e-10,3.077754606143218e-10,4.3408991016038994e-17,1.4474386895696422e+17,6.098990201763854e-10
15,18,Ar,HOLDOUT,3p⁶→3p⁵4s,lower,17,3,p,5,-0.8660254037844392,-0.4999999999999993,0.0,2.0943951023931953,4.8983985919154245e-11,7090131.638871849,42.28305950715771,0.0005593288121820342,2.739815466010203e-14,3.0,9.722758997169887,8.277241005820494,-96.45023439509092,334322610.63179934,4.955712942555928e-10,3.077754606143217e-10,4.3408991016038963e-17,1.4474386895696435e+17,6.098990201763854e-10
15,18,Ar,HOLDOUT,3p⁶→3p⁵4s,upper,0,1,s,0,0.0,0.0,1.0,0.0,2.9606622179131294e-12,39101939.90409019,7.66694590435501,0.017011993259521525,5.036676569485821e-14,1.0,17.87360975194256,0.1263902480306425,0.41740243790335335,0.15253854069304135,6.041280644349071e-10,1.8602389347113502e-11,4.757408300647414e-19,1.320716009665291e+19,6.098992422209903e-10
15,18,Ar,HOLDOUT,3p⁶→3p⁵4s,upper,1,1,s,1,0.0,0.0,-1.0,0.0,2.960825758156936e-12,39099780.12120948,7.66736940900031,0.017010114007639052,5.036398370300381e-14,1.0,17.872622508945067,0.12737749101013485,0.42068774389173225,0.15344186734744494,6.030943692033656e-10,1.860341690077052e-11,4.75793389198094e-19,1.3205701150596729e+19,6.098992422209903e-10
15,18,Ar,HOLDOUT,3p⁶→3p⁵4s,upper,2,2,s,0,0.0,0.0,1.0,0.0,1.3746348323219155e-11,16843402.102012035,17.79880668907074,0.0031565903716827353,4.33915907628707e-14,2.0,15.398335571321415,2.601664427584683,3.2844325994172507,0.9786213526573003,4.609739800753832e-10,8.637085381182334e-11,5.127874599722693e-18,1.2253001092342175e+18,6.098992422209903e-10
15,18,Ar,HOLDOUT,3p⁶→3p⁵4s,upper,3,2,s,1,0.0,0.0,-1.0,0.0,1.3768458192250384e-11,16816354.381104153,17.827434603594252,0.0031464605863894568,4.3321911037266864e-14,2.0,15.37360838850784,2.626391609933027,3.4391280958638415,1.6992238037326413,4.342900349885976e-10,8.650977421606401e-11,5.1443833934227444e-18,1.2213680098596142e+18,6.098990201763854e-10
15,18,Ar,HOLDOUT,3p⁶→3p⁵4s,upper,4,2,p,0,0.8660254037844387,0.49999999999999994,0.0,0.0,1.4263450486693478e-11,16232767.271727188,18.468351882439187,0.002931863309743651,4.181848715228183e-14,2.0,14.840089679469212,3.15991032178577,3.8084311875884818,0.6423292516920249,5.725520233821933e-10,8.961990252767598e-11,5.520925731730786e-18,1.1380673482107928e+18,6.098990201763854e-10
15,18,Ar,HOLDOUT,3p⁶→3p⁵4s,upper,5,2,p,1,-0.8660254037844385,0.5000000000000002,0.0,0.0,1.4263450486693478e-11,16232767.271727188,18.468351882439187,0.002931863309743651,4.181848715228183e-14,2.0,14.840089679469212,3.15991032178577,4.2976864824613905,1.912518813123698,5.725520233821933e-10,8.961990252767598e-11,5.520925731730786e-18,1.1380673482107928e+18,6.098990201763854e-10
15,18,Ar,HOLDOUT,3p⁶→3p⁵4s,upper,6,2,p,2,-5.511259909704863e-16,-1.0,0.0,0.0,1.4233260284751818e-11,16267198.632652303,18.429261532360105,0.0029443140647721832,4.190718844395811e-14,2.0,14.87156702867047,3.128432973086049,3.617354798361294,0.5086335282493352,6.014818424358658e-10,8.943021189441536e-11,5.4975791415558634e-18,1.1429003831314359e+18,6.098992422209903e-10
15,18,Ar,HOLDOUT,3p⁶→3p⁵4s,upper,7,2,p,3,-0.8660254037844387,-0.49999999999999994,0.0,0.0,1.4216237500629626e-11,16286677.275337063,18.407220388284856,0.002951369437935172,4.1957368881786176e-14,2.0,14.889374516416545,3.110625483682432,3.630952888612382,0.6226188782702993,5.099995609317703e-10,8.932325458733152e-11,5.484436946668909e-18,1.1456390816920256e+18,6.098992422209903e-10
15,18,Ar,HOLDOUT,3p⁶→3p⁵4s,upper,8,2,p,4,0.8660254037844385,-0.5000000000000002,0.0,0.0,1.4216237500629626e-11,16286677.275337063,18.407220388284856,0.002951369437935172,4.1957368881786176e-14,2.0,14.889374516416545,3.1106254836824316,3.5817341563747624,0.7592926674471331,5.099995609317703e-10,8.932325458733152e-11,5.484436946668909e-18,1.1456390816920256e+18,6.098992422209903e-10
15,18,Ar,HOLDOUT,3p⁶→3p⁵4s,upper,9,2,p,5,5.511259909704863e-16,1.0,0.0,0.0,1.4344360194578917e-11,16141205.958408792,18.57311397751062,0.0028988820977694186,4.158260897202108e-14,2.0,14.756383797528702,3.2436162013940004,3.804723132021601,0.8207370655462451,4.4014502969988514e-10,9.012827321546996e-11,5.58373850427932e-18,1.1252649640315743e+18,6.098990201763854e-10
15,18,Ar,HOLDOUT,3p⁶→3p⁵4s,upper,10,3,s,0,0.0,0.0,1.0,0.0,4.308718955243393e-11,8060467.901736934,37.19293490833185,0.0007229014567264808,3.1147792093704494e-14,3.0,11.053389528530918,6.946610468144733,-16.25097502197144,24517.936484937167,1.8983927506236703e-10,2.7072479632351465e-10,3.3586734619360836e-17,1.8707341986016374e+17,6.098992422209903e-10
15,18,Ar,HOLDOUT,3p⁶→3p⁵4s,upper,11,3,s,1,0.0,0.0,-1.0,0.0,4.414721610726002e-11,7866926.592146649,38.10795162360802,0.000688602808311015,3.0399896990572527e-14,3.0,10.78798465243155,7.21201534214421,32.116199068139636,27103.33771328866,6.418583798416139e-11,2.773851395980181e-10,3.525965780269573e-17,1.7819756908415638e+17,6.098992422209903e-10
15,18,Ar,HOLDOUT,3p⁶→3p⁵4s,upper,12,3,p,0,0.8660254037844387,0.49999999999999994,0.0,0.0,4.745811311793644e-11,7318093.4838344455,40.96592352396657,0.0005958740879068974,2.8279059867932737e-14,3.0,10.035365051896708,7.964634950142976,-30.322015046329042,69881.2874085063,4.5334689286764994e-10,2.9818811904908504e-10,4.0746694437257186e-17,1.5420110499649482e+17,6.098992422209903e-10
15,18,Ar,HOLDOUT,3p⁶→3p⁵4s,upper,13,3,p,1,-0.8660254037844385,0.5000000000000002,0.0,0.0,4.745811311793644e-11,7318093.4838344455,40.96592352396657,0.0005958740879068974,2.8279059867932737e-14,3.0,10.035365051896708,7.964634950142976,-31.323782120397386,69607.8111415228,4.5334689286764994e-10,2.9818811904908504e-10,4.0746694437257186e-17,1.5420110499649482e+17,6.098992422209903e-10
15,18,Ar,HOLDOUT,3p⁶→3p⁵4s,upper,14,3,p,2,-5.511259909704863e-16,-1.0,0.0,0.0,4.8993848301871695e-11,7088704.406797553,42.2915727326027,0.000559103650869373,2.7392639455716695e-14,3.0,9.720801821450422,8.27919818870936,9.012667541216187,3.1121433154713865,8.938051040923019e-10,3.0783742779250576e-10,4.3426472614278006e-17,1.4468560140695757e+17,6.098994642655953e-10
15,18,Ar,HOLDOUT,3p⁶→3p⁵4s,upper,15,3,p,3,-0.8660254037844387,-0.49999999999999994,0.0,0.0,4.8357619695718236e-11,7181968.644213483,41.7423791235211,0.000573912393795174,2.7753037277806305e-14,3.0,9.848695878942731,8.15130411877472,50.195325643432845,75005.4867482087,2.068980751594272e-10,3.03839885562315e-10,4.2305933179911476e-17,1.4851782799494163e+17,6.098994642655953e-10
15,18,Ar,HOLDOUT,3p⁶→3p⁵4s,upper,16,3,p,4,0.8660254037844385,-0.5000000000000002,0.0,0.0,4.8357619695718236e-11,7181968.644213483,41.7423791235211,0.000573912393795174,2.7753037277806305e-14,3.0,9.848695878942731,8.151304118774718,50.001269060617474,75202.92295248822,2.068980751594272e-10,3.03839885562315e-10,4.2305933179911476e-17,1.4851782799494163e+17,6.098994642655953e-10
15,18,Ar,HOLDOUT,3p⁶→3p⁵4s,upper,17,4,s,0,0.0,0.0,1.0,0.0,1.1171052052109037e-10,4145272.4624729757,72.32153271323222,0.0001911898167005561,2.135791394195098e-14,4.0,7.579264097018959,10.420735900852653,10.90262523378094,0.27240352979276244,1.3856655196888402e-10,7.018979011954987e-10,1.6932491351286527e-16,3.710727014015094e+16,6.098990201763854e-10
16,19,K,HOLDOUT,4s→4p,lower,0,1,s,0,0.0,0.0,1.0,0.0,2.803959828013892e-12,41287194.97495454,7.261148600234499,0.018966594120723046,5.3181567988751887e-14,1.0,18.872496161181743,0.12750383877794996,0.40217390196076264,0.1314614970449922,6.036848433412791e-10,1.7617799193298686e-11,4.267133963444579e-19,1.472460288569797e+19,6.098992422209903e-10
16,19,K,HOLDOUT,4s→4p,lower,1,1,s,1,0.0,0.0,-1.0,0.0,2.8041018263404696e-12,41285104.21186581,7.261516319821623,0.018964673251509988,5.3178874900509406e-14,1.0,18.871540467330664,0.12845953257382456,0.3996646112672669,0.1331712433949504,6.007486138705296e-10,1.7618691395097882e-11,4.267566167371831e-19,1.4723111630273958e+19,6.098990201763854e-10
16,19,K,HOLDOUT,4s→4p,lower,2,2,s,0,0.0,0.0,1.0,3.141592653589793,1.2933602939738887e-11,17901838.592160575,16.746461904269577,0.003565774446275704,4.611831086079725e-14,2.0,16.36596432930802,2.634035668870891,3.247501071815336,0.6692713663735398,4.295000059371654e-10,8.126422395986208e-11,4.539434513472188e-18,1.3841339242877663e+18,6.098990201763854e-10
16,19,K,HOLDOUT,4s→4p,lower,3,2,s,1,0.0,0.0,-1.0,3.141592653589793,1.2952318238398231e-11,17875971.542753898,16.770694520462143,0.0035554772440529216,4.605167275435654e-14,2.0,16.342316523206165,2.657683473529175,3.326965597271236,0.735379433865609,3.5276347679028277e-10,8.138181564941795e-11,4.552581405423328e-18,1.380136838342891e+18,6.098992422209903e-10
16,19,K,HOLDOUT,4s→4p,lower,4,2,p,0,-0.8660254037844388,-0.4999999999999997,0.0,3.141592653589793,1.3345983898584802e-11,17348685.117689293,17.280413816164184,0.003348819371875564,4.469328941632015e-14,2.0,15.860268225233316,3.1397317758609606,3.460274970405073,0.8782479282960924,5.667073326995973e-10,8.385528994144336e-11,4.833524233830363e-18,1.2999180314857815e+18,6.098990201763854e-10
16,19,K,HOLDOUT,4s→4p,lower,5,2,p,1,0.8660254037844384,-0.5000000000000004,0.0,3.141592653589793,1.3345983898584802e-11,17348685.117689293,17.280413816164184,0.003348819371875564,4.469328941632015e-14,2.0,15.860268225233316,3.1397317758609606,4.108036515772876,1.987120595306727,5.667073326995973e-10,8.385528994144336e-11,4.833524233830363e-18,1.2999180314857815e+18,6.098990201763854e-10
16,19,K,HOLDOUT,4s→4p,lower,6,2,p,2,7.731705958955177e-16,1.0,0.0,3.141592653589793,1.3345983898584798e-11,17348685.117689297,17.28041381616418,0.0033488193718755645,4.469328941632014e-14,2.0,15.86026822523332,3.139731775860959,4.258439037348813,0.26137817416152204,5.667073326995971e-10,8.385528994144335e-11,4.833524233830361e-18,1.2999180314857823e+18,6.098990201763854e-10
16,19,K,HOLDOUT,4s→4p,lower,7,2,p,3,0.8660254037844388,0.4999999999999997,0.0,3.141592653589793,1.3345983898584798e-11,17348685.117689297,17.28041381616418,0.0033488193718755645,4.469328941632014e-14,2.0,15.86026822523332,3.1397317758609598,3.941264976447705,0.2638096515363558,5.667074703716199e-10,8.385528994144335e-11,4.833524233830361e-18,1.2999180314857823e+18,6.098990201763854e-10
16,19,K,HOLDOUT,4s→4p,lower,8,2,p,4,-0.8660254037844384,0.5000000000000004,0.0,3.141592653589793,1.3345983898584798e-11,17348685.117689297,17.28041381616418,0.0033488193718755645,4.469328941632014e-14,2.0,15.86026822523332,3.1397317758609593,4.281913338009328,2.0423582996200524,5.667073326995971e-10,8.385528994144335e-11,4.833524233830361e-18,1.2999180314857823e+18,6.098990201763854e-10
16,19,K,HOLDOUT,4s→4p,lower,9,2,p,5,-7.731705958955177e-16,-1.0,0.0,3.141592653589793,1.3345983898584798e-11,17348685.117689297,17.28041381616418,0.0033488193718755645,4.469328941632014e-14,2.0,15.86026822523332,3.1397317758609593,3.4053279726116634,1.230642202310641,5.667073326995971e-10,8.385528994144335e-11,4.833524233830361e-18,1.2999180314857823e+18,6.098990201763854e-10
16,19,K,HOLDOUT,4s→4p,lower,10,3,s,0,0.0,0.0,1.0,3.141592653589793,4.038093287700058e-11,8600665.799904266,34.856889568170054,0.0008230434043852552,3.3235260467339035e-14,3.0,11.79416759051545,7.205832403515249,2.3873303797241188,1012.9146628211239,6.441872210174803e-11,2.537208841429751e-10,2.950014452901998e-17,2.1298828895562426e+17,6.098990201763854e-10
16,19,K,HOLDOUT,4s→4p,lower,11,3,s,1,0.0,0.0,-1.0,3.141592653589793,4.1293038901964464e-11,8410689.007122848,35.644221031845504,0.000787085195703243,3.2501139605334325e-14,3.0,11.53365076722514,7.466349219405216,13.704447987769294,1215.3007722024304,-3.334357547323244e-10,2.594518153176182e-10,3.084786693431341e-17,2.0368297492202058e+17,6.098990201763854e-10
16,19,K,HOLDOUT,4s→4p,lower,12,3,p,0,-0.8660254037844388,-0.4999999999999997,0.0,3.141592653589793,4.460805514387578e-11,7785654.569410873,38.50574865957414,0.0006744485985536523,3.008584027599106e-14,3.0,10.676535622918442,8.323464380492462,8.84788840133751,3.545777645784208,5.222375536468661e-10,2.802806766618571e-10,3.5999629082319463e-17,1.7453472347762198e+17,6.098990201763854e-10
16,19,K,HOLDOUT,4s→4p,lower,13,3,p,1,0.8660254037844384,-0.5000000000000004,0.0,3.141592653589793,4.460805514387577e-11,7785654.5694108745,38.50574865957413,0.0006744485985536527,3.008584027599108e-14,3.0,10.676535622918443,8.32346438049246,9.227819736756441,4.524277507247799,5.222378420316556e-10,2.8028067666185703e-10,3.599962908231945e-17,1.7453472347762205e+17,6.098990201763854e-10
16,19,K,HOLDOUT,4s→4p,lower,14,3,p,2,7.731705958955177e-16,1.0,0.0,3.141592653589793,4.460805514387578e-11,7785654.569410873,38.50574865957414,0.0006744485985536523,3.008584027599106e-14,3.0,10.676535622918442,8.323464380492462,11.050211304783396,24.30615542518754,5.222375536468661e-10,2.802806766618571e-10,3.5999629082319463e-17,1.7453472347762198e+17,6.098990201763854e-10
16,19,K,HOLDOUT,4s→4p,lower,15,3,p,3,0.8660254037844388,0.4999999999999997,0.0,3.141592653589793,4.460805514387579e-11,7785654.569410872,38.505748659574145,0.0006744485985536522,3.0085840275991065e-14,3.0,10.67653562291844,8.323464380492466,9.554919134997991,3.437180026230267,5.222378420316561e-10,2.8028067666185713e-10,3.5999629082319475e-17,1.7453472347762192e+17,6.098992422209903e-10
16,19,K,HOLDOUT,4s→4p,lower,16,3,p,4,-0.8660254037844384,0.5000000000000004,0.0,3.141592653589793,4.460805514387577e-11,7785654.5694108745,38.50574865957413,0.0006744485985536527,3.008584027599108e-14,3.0,10.676535622918443,8.32346438049246,9.351236777601263,4.26985428777016,5.222378420316556e-10,2.8028067666185703e-10,3.599962908231945e-17,1.7453472347762205e+17,6.098990201763854e-10
16,19,K,HOLDOUT,4s→4p,lower,17,3,p,5,-7.731705958955177e-16,-1.0,0.0,3.141592653589793,4.460805514387579e-11,7785654.569410872,38.505748659574145,0.0006744485985536522,3.0085840275991065e-14,3.0,10.67653562291844,8.323464380492464,9.243513224084165,23.82833405860924,5.222377459033929e-10,2.8028067666185713e-10,3.5999629082319475e-17,1.7453472347762192e+17,6.098992422209903e-10
16,19,K,HOLDOUT,4s→4p,lower,18,4,s,0,0.0,0.0,1.0,3.141592653589793,1.0618911968329795e-10,4360809.712573903,68.74697080580752,0.0002115888931622783,2.246843829966571e-14,4.0,7.973354897092827,11.026645099310933,11.51115657019445,0.6855666502943362,6.66687121758048e-11,6.672059165764322e-10,1.5300046563660398e-16,4.106644565450519e+16,6.098992422209903e-10
16,19,K,HOLDOUT,4s→4p,upper,0,1,s,0,0.0,0.0,1.0,0.0,2.804051273935211e-12,41285848.51398992,7.261385409056419,0.018965357061038513,5.3179833627641186e-14,1.0,18.87188068998295,0.12811930998518703,0.40385951728981095,0.1320777416997959,6.041096718521261e-10,1.7618373764967917e-11,4.267412297217978e-19,1.4723642501746868e+19,6.098992422209903e-10
16,19,K,HOLDOUT,4s→4p,upper,1,1,s,1,0.0,0.0,-1.0,0.0,2.804051273935211e-12,41285848.51398992,7.261385409056419,0.018965357061038513,5.3179833627641186e-14,1.0,18.87188068998295,0.12811930998518703,0.40651523840701476,0.13220431695012372,6.041096718521261e-10,1.7618373764967917e-11,4.267412297217978e-19,1.4723642501746868e+19,6.098992422209903e-10
16,19,K,HOLDOUT,4s→4p,upper,2,2,s,0,0.0,0.0,1.0,0.0,1.2950202539231235e-11,17878891.974151608,16.767955107812313,0.0035566390690805385,4.6059196303535805e-14,2.0,16.34498639847261,2.655013600277341,3.2289876141775076,0.6400166357256288,4.588813353320871e-10,8.136852231949746e-11,4.551094242145203e-18,1.3805878263285414e+18,6.098990201763854e-10
16,19,K,HOLDOUT,4s→4p,upper,3,2,s,1,0.0,0.0,-1.0,0.0,1.2950202539231235e-11,17878891.974151608,16.767955107812313,0.0035566390690805385,4.6059196303535805e-14,2.0,16.34498639847261,2.655013600277341,3.196352327773227,0.7007091341536088,4.588813353320871e-10,8.136852231949746e-11,4.551094242145203e-18,1.3805878263285414e+18,6.098990201763854e-10
16,19,K,HOLDOUT,4s→4p,upper,4,2,p,0,0.8660254037844387,0.49999999999999994,0.0,0.0,1.3328676453679565e-11,17371212.591658387,17.258004092584738,0.0033575219820007845,4.47513241842054e-14,2.0,15.88086297216445,3.119137030063207,3.856349879570735,0.7327086678497616,6.27020386504479e-10,8.374654405790996e-11,4.820995864049516e-18,1.3032961413706478e+18,6.098992422209903e-10
16,19,K,HOLDOUT,4s→4p,upper,5,2,p,1,-0.8660254037844385,0.5000000000000002,0.0,0.0,1.3349946489042058e-11,17343535.60385793,17.285544588342965,0.0033468316440196043,4.4680023355494374e-14,2.0,15.855560509919968,3.144439490748551,4.448268211597837,2.4996586258834843,5.441482638659314e-10,8.388018763158277e-11,4.836394928201623e-18,1.29914645111828e+18,6.098992422209903e-10
16,19,K,HOLDOUT,4s→4p,upper,6,2,p,2,-5.511259909704863e-16,-1.0,0.0,0.0,1.3349946489042058e-11,17343535.60385793,17.285544588342965,0.0033468316440196043,4.4680023355494374e-14,2.0,15.855560509919968,3.144439490748552,3.678489805588724,0.5881154792245397,5.441484016197196e-10,8.388018763158277e-11,4.836394928201623e-18,1.29914645111828e+18,6.098992422209903e-10
16,19,K,HOLDOUT,4s→4p,upper,7,2,p,3,-0.8660254037844387,-0.49999999999999994,0.0,0.0,1.3348602829425507e-11,17345281.390192043,17.283804814462037,0.0033475054566894777,4.468452081068248e-14,2.0,15.857156517878794,3.1428434830469256,3.667630454001094,0.5877790958283339,5.577362786417373e-10,8.38717451692222e-11,4.8354214199515846e-18,1.2994080063537664e+18,6.098992422209903e-10
16,19,K,HOLDOUT,4s→4p,upper,8,2,p,4,0.8660254037844385,-0.5000000000000002,0.0,0.0,1.3337637948122723e-11,17359540.9579166,17.269607458328757,0.003353011692162158,4.472125598588118e-14,2.0,15.870192697125411,3.1298073022438397,4.011211095901417,1.954185335826401,4.762352672524457e-10,8.380285078812558e-11,4.827480806738058e-18,1.3015453729841242e+18,6.098992422209903e-10
16,19,K,HOLDOUT,4s→4p,upper,9,2,p,5,5.511259909704863e-16,1.0,0.0,0.0,1.3337637948122723e-11,17359540.9579166,17.269607458328757,0.003353011692162158,4.472125598588118e-14,2.0,15.870192697125411,3.12980730224384,3.858129195110536,0.78499934952728,4.762354047523352e-10,8.380285078812558e-11,4.827480806738058e-18,1.3015453729841242e+18,6.098992422209903e-10
16,19,K,HOLDOUT,4s→4p,upper,10,3,s,0,0.0,0.0,1.0,0.0,4.133207607974033e-11,8402745.308351098,35.67791798973726,0.0007855991307471729,3.247044304022002e-14,3.0,11.5227575042171,7.477242490218173,8.244784241580945,2.414177185976721,7.69998557311146e-11,2.596970931394533e-10,3.0906219766217646e-17,2.032984090162811e+17,6.098992422209903e-10
16,19,K,HOLDOUT,4s→4p,upper,11,3,s,1,0.0,0.0,-1.0,0.0,4.133207607974033e-11,8402745.308351098,35.67791798973726,0.0007855991307471729,3.247044304022002e-14,3.0,11.5227575042171,7.477242490218173,7.795051091952133,5.130922153771371,7.69998557311146e-11,2.596970931394533e-10,3.0906219766217646e-17,2.032984090162811e+17,6.098992422209903e-10
16,19,K,HOLDOUT,4s→4p,upper,12,3,p,0,0.8660254037844387,0.49999999999999994,0.0,0.0,4.3439102803249954e-11,7995167.624352149,37.49670702173581,0.0007112360168130641,3.089545445171671e-14,3.0,10.963842691913703,8.036157319450322,7.504397031669475,63.83363049616281,9.500455925442174e-10,2.729359324904437e-10,3.413761228208893e-17,1.8405462149080067e+17,6.098994642655953e-10
16,19,K,HOLDOUT,4s→4p,upper,13,3,p,1,-0.8660254037844385,0.5000000000000002,0.0,0.0,4.465352435900958e-11,7777726.6934446255,38.544997762993766,0.0006730757602191824,3.005520485440615e-14,3.0,10.665664057860795,8.334335948126022,15.357936795919828,1415.4023221895109,6.574629744162938e-10,2.8056636816631476e-10,3.6073055691554085e-17,1.7417945851065485e+17,6.098990201763854e-10
16,19,K,HOLDOUT,4s→4p,upper,14,3,p,2,-5.511259909704863e-16,-1.0,0.0,0.0,4.465352435900958e-11,7777726.6934446255,38.544997762993766,0.0006730757602191824,3.005520485440615e-14,3.0,10.665664057860795,8.33433594812602,55.05112744072858,92613.8518653689,6.574628780919627e-10,2.8056636816631476e-10,3.6073055691554085e-17,1.7417945851065485e+17,6.098990201763854e-10
16,19,K,HOLDOUT,4s→4p,upper,15,3,p,3,-0.8660254037844387,-0.49999999999999994,0.0,0.0,4.4519317464585136e-11,7801173.246641218,38.42915014470101,0.000677139953837549,3.014580857284837e-14,3.0,10.697816519571795,8.302183480717586,11.13651911823361,104.36038648111733,3.58630289968628e-10,2.797231213791449e-10,3.585654523178026e-17,1.752311960498273e+17,6.098992422209903e-10
16,19,K,HOLDOUT,4s→4p,upper,16,3,p,4,0.8660254037844385,-0.5000000000000002,0.0,0.0,4.433089536725474e-11,7834331.011955735,38.266503871548935,0.0006829083587719089,3.027393899814115e-14,3.0,10.743286050669116,8.25671394210497,3.589469306055942,1183.3572381283263,-3.545220399396614e-11,2.785392304256506e-10,3.5553671398435973e-17,1.7672395170575795e+17,6.098992422209903e-10
16,19,K,HOLDOUT,4s→4p,upper,17,3,p,5,5.511259909704863e-16,1.0,0.0,0.0,4.433089536725474e-11,7834331.011955735,38.266503871548935,0.0006829083587719089,3.027393899814115e-14,3.0,10.743286050669116,8.256713942104971,-35.26880057419183,86713.40003065843,-3.545210905652457e-11,2.785392304256506e-10,3.5553671398435973e-17,1.7672395170575795e+17,6.098992422209903e-10
16,19,K,HOLDOUT,4s→4p,upper,18,4,p,0,0.8660254037844387,0.49999999999999994,0.0,0.0,1.1409927729622412e-10,4058487.9716843097,73.86801688008536,0.0001832682025761046,2.0910769465311533e-14,4.0,7.420586330679758,11.579413673097827,11.64574606488777,2.1090949321464114,4.37020919566268e-10,7.169069026674447e-10,1.7664384067890234e-16,3.5569795601313744e+16,6.098992422209903e-10
17,20,Ca,CALIBRATION,4s²→4s4p ¹P,lower,0,1,s,0,0.0,0.0,1.0,0.0,2.663013326499829e-12,43472420.873428546,6.896152824634637,0.021027432401031103,5.599633270602012e-14,1.0,19.87136923563698,0.12863076414657235,0.3926213847180247,0.11629670528223121,5.95154228567225e-10,1.673220620588716e-11,3.848924414539406e-19,1.632452246514559e+19,6.098992422209903e-10
17,20,Ca,CALIBRATION,4s²→4s4p ¹P,lower,1,1,s,1,0.0,0.0,-1.0,0.0,2.663013326499829e-12,43472420.873428546,6.896152824634637,0.021027432401031103,5.599633270602012e-14,1.0,19.87136923563698,0.12863076414657235,0.39516882089239685,0.11669631525165616,5.95154228567225e-10,1.673220620588716e-11,3.848924414539406e-19,1.632452246514559e+19,6.098992422209903e-10
17,20,Ca,CALIBRATION,4s²→4s4p ¹P,lower,2,2,s,0,0.0,0.0,1.0,0.0,1.2200324557328906e-11,18977796.136022676,15.79701119409484,0.004007284238257524,4.889016830021033e-14,2.0,17.349610935886645,2.650389059617108,3.1607806923178177,0.44955519157118146,3.0426327010438883e-10,7.665690000143127e-11,4.039294102012461e-18,1.5555156788531866e+18,6.098990201763854e-10
17,20,Ca,CALIBRATION,4s²→4s4p ¹P,lower,3,2,s,1,0.0,0.0,-1.0,0.0,1.2200324557328906e-11,18977796.136022676,15.79701119409484,0.004007284238257524,4.889016830021033e-14,2.0,17.349610935886645,2.650389059617108,2.9734852786172024,0.6366004681072588,3.0426327010438883e-10,7.665690000143127e-11,4.039294102012461e-18,1.5555156788531866e+18,6.098990201763854e-10
17,20,Ca,CALIBRATION,4s²→4s4p ¹P,lower,4,2,p,0,0.8660254037844387,0.49999999999999994,0.0,0.0,1.255402675664852e-11,18443108.07444151,16.254985699262527,0.0037846595323500795,4.751271703392777e-14,2.0,16.860796019022395,3.1392039829954324,4.161533806044677,1.5059314816751566,6.15060653343334e-10,7.887927646331337e-11,4.276897155562646e-18,1.469098993649522e+18,6.098990201763854e-10
17,20,Ca,CALIBRATION,4s²→4s4p ¹P,lower,5,2,p,1,-0.8660254037844385,0.5000000000000002,0.0,0.0,1.255402675664852e-11,18443108.07444151,16.254985699262527,0.0037846595323500795,4.751271703392777e-14,2.0,16.860796019022395,3.139203982995433,3.923934116728693,0.5441768993747852,6.150607690702036e-10,7.887927646331337e-11,4.276897155562646e-18,1.469098993649522e+18,6.098990201763854e-10
17,20,Ca,CALIBRATION,4s²→4s4p ¹P,lower,6,2,p,2,-5.511259909704863e-16,-1.0,0.0,0.0,1.255402675664852e-11,18443108.07444151,16.254985699262527,0.0037846595323500795,4.751271703392777e-14,2.0,16.860796019022395,3.139203982995433,3.8219571264635204,0.8855741483498731,6.150607690702036e-10,7.887927646331337e-11,4.276897155562646e-18,1.469098993649522e+18,6.098990201763854e-10
17,20,Ca,CALIBRATION,4s²→4s4p ¹P,lower,7,2,p,3,-0.8660254037844387,-0.49999999999999994,0.0,0.0,1.255402675664852e-11,18443108.07444151,16.254985699262527,0.0037846595323500795,4.751271703392777e-14,2.0,16.860796019022395,3.1392039829954324,3.7763577183719246,0.7703658199019816,6.15060653343334e-10,7.887927646331337e-11,4.276897155562646e-18,1.469098993649522e+18,6.098990201763854e-10
17,20,Ca,CALIBRATION,4s²→4s4p ¹P,lower,8,2,p,4,0.8660254037844385,-0.5000000000000002,0.0,0.0,1.255402675664852e-11,18443108.07444151,16.254985699262527,0.0037846595323500795,4.751271703392777e-14,2.0,16.860796019022395,3.1392039829954332,3.60371626543804,0.8031952523836847,6.150607690702036e-10,7.887927646331337e-11,4.276897155562646e-18,1.469098993649522e+18,6.098990201763854e-10
17,20,Ca,CALIBRATION,4s²→4s4p ¹P,lower,9,2,p,5,5.511259909704863e-16,1.0,0.0,0.0,1.255402675664852e-11,18443108.07444151,16.254985699262527,0.0037846595323500795,4.751271703392777e-14,2.0,16.860796019022395,3.139203982995433,3.9471362920934014,0.7882319531916058,6.150607690702036e-10,7.887927646331337e-11,4.276897155562646e-18,1.469098993649522e+18,6.098990201763854e-10
17,20,Ca,CALIBRATION,4s²→4s4p ¹P,lower,10,3,s,0,0.0,0.0,1.0,0.0,3.7316773477274623e-11,9306884.706282312,32.21190199096748,0.0009637563708703365,3.5964278179048617e-14,3.0,12.762611700680262,7.237388309812225,8.032293249488713,1.9138610875081938,9.138194186180899e-10,2.344682028237608e-10,2.519298457253807e-17,2.494021813528458e+17,6.098990201763854e-10
17,20,Ca,CALIBRATION,4s²→4s4p ¹P,lower,11,3,s,1,0.0,0.0,-1.0,0.0,3.7316773477274623e-11,9306884.706282312,32.21190199096748,0.0009637563708703365,3.5964278179048617e-14,3.0,12.762611700680262,7.237388309812224,7.286239866810619,5.460623365313791,9.138192908017752e-10,2.344682028237608e-10,2.519298457253807e-17,2.494021813528458e+17,6.098990201763854e-10
17,20,Ca,CALIBRATION,4s²→4s4p ¹P,lower,12,3,p,0,0.8660254037844387,0.49999999999999994,0.0,0.0,4.0971534490424375e-11,8476687.843961963,35.3666978799444,0.0007994862060763001,3.275617666687366e-14,3.0,11.62415554447951,8.375844451945177,10.122549391712127,9.252470476541696,1.757123399780135e-10,2.574317435228361e-10,3.0369378731600635e-17,2.068921252130082e+17,6.098990201763854e-10
17,20,Ca,CALIBRATION,4s²→4s4p ¹P,lower,13,3,p,1,-0.8660254037844385,0.5000000000000002,0.0,0.0,4.097153449042438e-11,8476687.843961963,35.3666978799444,0.0007994862060763001,3.275617666687366e-14,3.0,11.624155544479509,8.375844451945179,9.650551668717446,3.788578918016149,1.7571249405670391e-10,2.5743174352283614e-10,3.036937873160064e-17,2.0689212521300816e+17,6.098992422209903e-10
17,20,Ca,CALIBRATION,4s²→4s4p ¹P,lower,14,3,p,2,-5.511259909704863e-16,-1.0,0.0,0.0,4.097153449042438e-11,8476687.843961963,35.3666978799444,0.0007994862060763001,3.275617666687366e-14,3.0,11.624155544479509,8.37584445194518,9.293887027523436,3.905083822961413,1.7571257109604908e-10,2.5743174352283614e-10,3.036937873160064e-17,2.0689212521300816e+17,6.098992422209903e-10
17,20,Ca,CALIBRATION,4s²→4s4p ¹P,lower,15,3,p,3,-0.8660254037844387,-0.49999999999999994,0.0,0.0,4.097153449042438e-11,8476687.843961963,35.3666978799444,0.0007994862060763001,3.275617666687366e-14,3.0,11.624155544479509,8.37584445194518,9.321435385666598,4.07730526834305,1.7571257109604908e-10,2.5743174352283614e-10,3.036937873160064e-17,2.0689212521300816e+17,6.098992422209903e-10
17,20,Ca,CALIBRATION,4s²→4s4p ¹P,lower,16,3,p,4,0.8660254037844385,-0.5000000000000002,0.0,0.0,4.097153449042438e-11,8476687.843961963,35.3666978799444,0.0007994862060763001,3.275617666687366e-14,3.0,11.624155544479509,8.37584445194518,9.158468521010178,4.513061498136802,1.7571257109604908e-10,2.5743174352283614e-10,3.036937873160064e-17,2.0689212521300816e+17,6.098992422209903e-10
17,20,Ca,CALIBRATION,4s²→4s4p ¹P,lower,17,3,p,5,5.511259909704863e-16,1.0,0.0,0.0,4.097153449042438e-11,8476687.843961963,35.3666978799444,0.0007994862060763001,3.275617666687366e-14,3.0,11.624155544479509,8.37584445194518,9.918871423880878,5.253378328919907,1.7571257109604908e-10,2.5743174352283614e-10,3.036937873160064e-17,2.0689212521300816e+17,6.098992422209903e-10
17,20,Ca,CALIBRATION,4s²→4s4p ¹P,lower,18,4,s,0,0.0,0.0,1.0,0.0,9.549136005928345e-11,4849344.948036266,61.82122765290196,0.00026165241637991256,2.4985545102915785e-14,4.0,8.866598369937945,11.133401638990383,-15139.057453766929,339035427695.5393,7.168030232357193e-10,5.999899104870853e-10,1.2372597060352457e-16,5.078307550573863e+16,6.098992422209903e-10
17,20,Ca,CALIBRATION,4s²→4s4p ¹P,lower,19,4,s,1,0.0,0.0,-1.0,0.0,9.549136005928345e-11,4849344.948036266,61.82122765290196,0.00026165241637991256,2.4985545102915785e-14,4.0,8.866598369937945,11.133401638990383,15162.712841937933,339035437674.67584,7.168030232357193e-10,5.999899104870853e-10,1.2372597060352457e-16,5.078307550573863e+16,6.098992422209903e-10
17,20,Ca,CALIBRATION,4s²→4s4p ¹P,upper,0,1,s,0,0.0,0.0,1.0,0.0,2.6629663698625337e-12,43473187.431625605,6.896031225488399,0.021028173969706545,5.5997320100947265e-14,1.0,19.871719631604545,0.1282803683773544,0.39243132747753584,0.11598895884639258,6.050824650099957e-10,1.6731911168633632e-11,3.8487886803675236e-19,1.6325098177589735e+19,6.098992422209903e-10
17,20,Ca,CALIBRATION,4s²→4s4p ¹P,upper,1,1,s,1,0.0,0.0,-1.0,0.0,2.663100647679668e-12,43470995.44360694,6.8963789520050875,0.021026053474474213,5.599449662601961e-14,1.0,19.870717667545406,0.12928233242109544,0.3954526018554796,0.11696956471358012,6.042817648932453e-10,1.6732754861041332e-11,3.8491768339531164e-19,1.6323451943689312e+19,6.098992422209903e-10
17,20,Ca,CALIBRATION,4s²→4s4p ¹P,upper,2,2,s,0,0.0,0.0,1.0,0.0,1.2198751405238348e-11,18980243.514338195,15.794974272776246,0.004008317864381051,4.889647318076032e-14,2.0,17.35184834329069,2.6481516559413243,3.1563489144729457,0.4364677007254125,4.907446322262817e-10,7.664701559532992e-11,4.038252488037293e-18,1.5559169036093123e+18,6.098992422209903e-10
17,20,Ca,CALIBRATION,4s²→4s4p ¹P,upper,3,2,s,1,0.0,0.0,-1.0,0.0,1.2216007788599997e-11,18953431.943483885,15.817317881739484,0.003997001529840079,4.882740181957251e-14,2.0,17.327337050221242,2.672662948608344,3.027986122022556,0.6138753967750515,4.698759385905312e-10,7.675544064972289e-11,4.049685612536842e-18,1.5515242189982285e+18,6.098992422209903e-10
17,20,Ca,CALIBRATION,4s²→4s4p ¹P,upper,4,2,p,0,0.8660254037844387,0.49999999999999994,0.0,0.0,1.2538160074596363e-11,18466447.29886756,16.234441479081063,0.0037942443494026405,4.757284301494304e-14,2.0,16.88213287291391,3.1178671299103837,4.101039050155145,1.3536798857678192,6.560347311492483e-10,7.877958315976957e-11,4.266093086817011e-18,1.4728195515929434e+18,6.098992422209903e-10
17,20,Ca,CALIBRATION,4s²→4s4p ¹P,upper,5,2,p,1,-0.8660254037844385,0.5000000000000002,0.0,0.0,1.2557312924707986e-11,18438281.63163206,16.25924063800429,0.003782678949402011,4.7500283261346695e-14,2.0,16.856383657104914,3.143616343304663,3.936617616119795,0.5589295889367362,5.345136039126323e-10,7.889992406618153e-11,4.279136507537862e-18,1.468330186735458e+18,6.098992422209903e-10
17,20,Ca,CALIBRATION,4s²→4s4p ¹P,upper,6,2,p,2,-5.511259909704863e-16,-1.0,0.0,0.0,1.2557312924707986e-11,18438281.63163206,16.25924063800429,0.003782678949402011,4.7500283261346695e-14,2.0,16.856383657104914,3.143616343304663,3.834678194513572,0.907009629847522,5.345136039126323e-10,7.889992406618153e-11,4.279136507537862e-18,1.468330186735458e+18,6.098992422209903e-10
17,20,Ca,CALIBRATION,4s²→4s4p ¹P,upper,7,2,p,3,-0.8660254037844387,-0.49999999999999994,0.0,0.0,1.2556151217308158e-11,18439987.559494894,16.25773645631526,0.003783378936099553,4.7504678034044444e-14,2.0,16.85794322621888,3.1420567748031965,3.784797957549021,0.7838199430981269,5.651859026689356e-10,7.889262484331569e-11,4.278344797618546e-18,1.468601901996537e+18,6.098990201763854e-10
17,20,Ca,CALIBRATION,4s²→4s4p ¹P,upper,8,2,p,4,0.8660254037844385,-0.5000000000000002,0.0,0.0,1.254619966234362e-11,18454614.024454996,16.24485115769597,0.0037893832141282255,4.7542358401586125e-14,2.0,16.87131482503922,3.128685173871108,3.593094402659529,0.7759170945861189,4.6000641846738433e-10,7.883009737937892e-11,4.271565759918782e-18,1.4709325948195287e+18,6.098990201763854e-10
17,20,Ca,CALIBRATION,4s²→4s4p ¹P,upper,9,2,p,5,5.511259909704863e-16,1.0,0.0,0.0,1.254619966234362e-11,18454614.024454996,16.24485115769597,0.0037893832141282255,4.7542358401586125e-14,2.0,16.87131482503922,3.1286851738711086,3.9304202025064296,0.7655648668447618,4.6000653404999384e-10,7.883009737937892e-11,4.271565759918782e-18,1.4709325948195287e+18,6.098990201763854e-10
17,20,Ca,CALIBRATION,4s²→4s4p ¹P,upper,10,3,s,0,0.0,0.0,1.0,0.0,3.737459092017751e-11,9292487.216922272,32.261810105485736,0.0009607768691583784,3.5908642450363304e-14,3.0,12.742868298675631,7.257131698439593,3.3046492122202973,794.5407877782699,2.4435454125224877e-10,2.348314805315069e-10,2.527111149573198e-17,2.4863114185700733e+17,6.098994642655953e-10
17,20,Ca,CALIBRATION,4s²→4s4p ¹P,upper,11,3,s,1,0.0,0.0,-1.0,0.0,3.817110928374559e-11,9098580.441604843,32.94936610431522,0.0009210980699850394,3.515933509044608e-14,3.0,12.476962256255561,7.523037738914093,12.6265542542251,955.6447444487417,1.3896741111125465e-10,2.398361530103766e-10,2.6359733207796243e-17,2.3836300836767386e+17,6.098992422209903e-10
17,20,Ca,CALIBRATION,4s²→4s4p ¹P,upper,12,3,p,0,0.8660254037844387,0.49999999999999994,0.0,0.0,3.99661944073923e-11,8689916.903852377,34.49888661962893,0.0008402138600413254,3.358015047419711e-14,3.0,11.916558403284183,8.08344161087376,4.534345050838361,819.6876773368423,1.0712920236974757e-09,2.5111500548441024e-10,2.889728501006575e-17,2.174316827685014e+17,6.098992422209903e-10
17,20,Ca,CALIBRATION,4s²→4s4p ¹P,upper,13,3,p,1,-0.8660254037844385,0.5000000000000002,0.0,0.0,4.098959900427251e-11,8472952.085411908,35.382291198856194,0.000798781678705726,3.274174070210735e-14,3.0,11.61903266638587,8.380967338636403,12.126558738346567,237.7092122789843,6.054355237218011e-10,2.5754524621082803e-10,3.039616459701809e-17,2.0670980666409395e+17,6.098992422209903e-10
17,20,Ca,CALIBRATION,4s²→4s4p ¹P,upper,14,3,p,2,-5.511259909704863e-16,-1.0,0.0,0.0,4.098959900427251e-11,8472952.085411908,35.382291198856194,0.000798781678705726,3.274174070210735e-14,3.0,11.61903266638587,8.380967338636404,11.614885737960362,234.78418690584658,6.054356008290951e-10,2.5754524621082803e-10,3.039616459701809e-17,2.0670980666409395e+17,6.098992422209903e-10
17,20,Ca,CALIBRATION,4s²→4s4p ¹P,upper,15,3,p,3,-0.8660254037844387,-0.49999999999999994,0.0,0.0,4.088229355006915e-11,8495191.394731844,35.289664949269,0.0008029803726367067,3.282767930907776e-14,3.0,11.649529624100417,8.350470376922571,14.20794469575,975.5221344091635,4.064011490316986e-10,2.5687102615759727e-10,3.023722647577919e-17,2.0779635037666506e+17,6.098990201763854e-10
17,20,Ca,CALIBRATION,4s²→4s4p ¹P,upper,16,3,p,4,0.8660254037844385,-0.5000000000000002,0.0,0.0,4.071811791187674e-11,8529444.04540237,35.14794826066035,0.0008094686678289922,3.2960040662630695e-14,3.0,11.69650058098053,8.303499409547884,6.864740960430275,162.28199858468602,-1.1689505855727676e-10,2.558394801999099e-10,2.9994860021130584e-17,2.0947540021034432e+17,6.098992422209903e-10
17,20,Ca,CALIBRATION,4s²→4s4p ¹P,upper,17,3,p,5,5.511259909704863e-16,1.0,0.0,0.0,4.071811791187674e-11,8529444.04540237,35.14794826066035,0.0008094686678289922,3.2960040662630695e-14,3.0,11.69650058098053,8.303499409547884,7.525963507972881,170.98975172072252,-1.1689505855727676e-10,2.558394801999099e-10,2.9994860021130584e-17,2.0947540021034432e+17,6.098992422209903e-10
17,20,Ca,CALIBRATION,4s²→4s4p ¹P,upper,18,4,s,0,0.0,0.0,1.0,0.0,9.709018853035856e-11,4769488.570308043,62.85631123352028,0.0002531058708809994,2.4574096721976826e-14,4.0,8.72058804561962,11.279411951627852,11.699702298196964,0.4331173851691934,1.2830754766898067e-10,6.100356460452449e-10,1.2790378612980827e-16,4.912431052512272e+16,6.098992422209903e-10
17,20,Ca,CALIBRATION,4s²→4s4p ¹P,upper,19,4,p,0,0.8660254037844387,0.49999999999999994,0.0,0.0,1.0425825381552594e-10,4441572.034229089,67.49692579330961,0.0002194987311558262,2.288455442503002e-14,4.0,8.121021659761517,11.87897834589775,11.869832150318295,2.2287686326853855,5.306136624014502e-10,6.550739285259126e-10,1.4748695360056498e-16,4.26016346109919e+16,6.098990201763854e-10
18,26,Fe,HOLDOUT,3d⁶4s²→3d⁶4s4p,lower,0,1,s,0,0.0,0.0,1.0,0.0,2.04509425642414e-12,56607481.90822753,5.2959864649345425,0.03565383637059023,7.291545598098019e-14,1.0,25.875443600739928,0.12455639922171854,0.3562302019451485,0.06696858675693183,6.055024502696631e-10,1.2849706183761518e-11,2.2699660452294197e-19,2.767964446157414e+19,6.098992422209903e-10
18,26,Fe,HOLDOUT,3d⁶4s²→3d⁶4s4p,lower,1,1,s,1,0.0,0.0,-1.0,0.0,2.0462225377189625e-12,56576268.70350189,5.298908267901447,0.03561452836254709,7.287525060567507e-14,1.0,25.86117595463996,0.13882404526935752,0.3596055663695908,0.07107320052071565,6.03155206956597e-10,1.2856795384215511e-11,2.2724714228847188e-19,2.764912792260151e+19,6.098990201763854e-10
18,26,Fe,HOLDOUT,3d⁶4s²→3d⁶4s4p,lower,2,2,s,0,0.0,0.0,1.0,0.0,9.042313223746584e-12,25605756.681183066,11.7080101061926,0.0072951432239585084,6.596497004312531e-14,2.0,23.408930781707255,2.5910692159991653,3.1253070192430212,0.17491399693839563,4.609040868569417e-10,5.681452959036022e-11,2.218818615585439e-18,2.831770593163947e+18,6.098992422209903e-10
18,26,Fe,HOLDOUT,3d⁶4s²→3d⁶4s4p,lower,3,2,s,1,0.0,0.0,-1.0,0.0,9.129624046343452e-12,25360876.972259592,11.821060380834663,0.0071562767705667645,6.53341164868554e-14,2.0,23.185060336189558,2.8149396610990642,3.2688319259267384,0.21485130354669715,4.395837414730995e-10,5.7363119668058625e-11,2.2618744505879646e-18,2.777866519313793e+18,6.098992422209903e-10
18,26,Fe,HOLDOUT,3d⁶4s²→3d⁶4s4p,lower,4,2,p,0,0.8660254037844387,0.49999999999999994,0.0,0.0,9.26792425449223e-12,24982430.357053496,12.000131841270484,0.006944291852896121,6.435917089372874e-14,2.0,22.839082252814222,3.1609177482344797,3.7626636457327316,0.37303695015505406,5.760862121274298e-10,5.82320855038789e-11,2.3309215585359474e-18,2.695579902365336e+18,6.098990201763854e-10
18,26,Fe,HOLDOUT,3d⁶4s²→3d⁶4s4p,lower,5,2,p,1,-0.8660254037844385,0.5000000000000002,0.0,0.0,9.248448859444066e-12,25035038.389801607,11.974915050344995,0.006973569243403183,6.449469851540639e-14,2.0,22.887176820473194,3.112823179139785,-23317.902164016094,2175627988.8745594,5.219941289961793e-10,5.810971798786076e-11,2.3211355654055084e-18,2.7069445666271964e+18,6.098992422209903e-10
18,26,Fe,HOLDOUT,3d⁶4s²→3d⁶4s4p,lower,6,2,p,2,-5.511259909704863e-16,-1.0,0.0,0.0,9.260669141420126e-12,25002002.415431622,11.990737902455503,0.006955176888769802,6.440959198694894e-14,2.0,22.856975141727197,3.1430248577570197,3.873333400462217,1.3202931853876896,5.163333651693467e-10,5.818650028402233e-11,2.3272736046177134e-18,2.6998051688949074e+18,6.098990201763854e-10
18,26,Fe,HOLDOUT,3d⁶4s²→3d⁶4s4p,lower,7,2,p,3,-0.8660254037844387,-0.49999999999999994,0.0,0.0,9.233236488213163e-12,25076285.280667204,11.955218033475148,0.006996567011287776,6.460095782085081e-14,2.0,22.92488496654579,3.0751150457056893,3.794777291593032,0.8702612231641295,1.0089751267666227e-09,5.8014135840455386e-11,2.3135059755115294e-18,2.715871656994678e+18,6.098990201763854e-10
18,26,Fe,HOLDOUT,3d⁶4s²→3d⁶4s4p,lower,8,2,p,4,0.8660254037844385,-0.5000000000000002,0.0,0.0,9.270172247624174e-12,24976372.181394864,12.00304254848181,0.006940924315121284,6.434356395889716e-14,2.0,22.83354383360552,3.166456166648919,23435.002265959614,2196164967.9702125,5.454080236300468e-10,5.824621006129617e-11,2.3320524549471728e-18,2.6942727183732736e+18,6.098992422209903e-10
18,26,Fe,HOLDOUT,3d⁶4s²→3d⁶4s4p,lower,9,2,p,5,5.511259909704863e-16,1.0,0.0,0.0,9.270815564712294e-12,24974639.029989637,12.003875517079871,0.00693996106431259,6.433909905352646e-14,2.0,22.831959376571728,3.1680406220027426,4.082980807078462,0.5172066936409906,4.807564666403987e-10,5.825025214177211e-11,2.332376138522963e-18,2.6938988113463444e+18,6.098992422209903e-10
18,26,Fe,HOLDOUT,3d⁶4s²→3d⁶4s4p,lower,10,3,s,0,0.0,0.0,1.0,0.0,2.8098920079783863e-11,12360009.116980987,24.255035345251127,0.0016997935476329384,4.776236304707022e-14,3.0,16.949387679683504,9.050612337206447,14.21878688207764,1439.5595752146826,1.0472065375695782e-09,1.7655072179291142e-10,1.428402844382651e-17,4.3987488066751565e+17,6.098992422209903e-10
18,26,Fe,HOLDOUT,3d⁶4s²→3d⁶4s4p,lower,11,3,s,1,0.0,0.0,-1.0,0.0,2.6933224751534452e-11,12894961.950059915,23.24880516600571,0.0018501149993616311,4.982956309399183e-14,3.0,17.68297313843068,8.31702688009103,1.2130793964703817,1476.3556409631556,1.1271746825953672e-09,1.6922644203380684e-10,1.3123454159011345e-17,4.787752699136132e+17,6.098992422209903e-10
18,26,Fe,HOLDOUT,3d⁶4s²→3d⁶4s4p,lower,12,3,p,0,0.8660254037844387,0.49999999999999994,0.0,0.0,2.9413321802037007e-11,11807673.771120824,25.38962913535362,0.001551269613613446,4.5627992346933894e-14,3.0,16.191965430430127,9.808034580787853,7.883018797258152,678.7961900887354,8.112864594655687e-10,1.848093513819039e-10,1.565163087702424e-17,4.014396554932156e+17,6.098990201763854e-10
18,26,Fe,HOLDOUT,3d⁶4s²→3d⁶4s4p,lower,13,3,p,1,-0.8660254037844385,0.5000000000000002,0.0,0.0,2.999014359539897e-11,11580568.371027447,25.88754268314051,0.0014921701367499166,4.475039666989612e-14,3.0,15.880533825978972,10.119466081618912,24.436874776199087,3605.1138587413607,-3.1814070013138577e-09,1.8843362959881679e-10,1.6271535520678302e-17,3.8614581267974035e+17,6.098992422209903e-10
18,26,Fe,HOLDOUT,3d⁶4s²→3d⁶4s4p,lower,14,3,p,2,-5.511259909704863e-16,-1.0,0.0,0.0,2.974228668903475e-11,11677074.866321249,25.673592182289976,0.0015171437189971395,4.5123323438881297e-14,3.0,16.012874019813857,9.987125993022746,14.746246226672737,847.8451077578738,8.693400799978871e-10,1.8687629872646613e-10,1.600369106696836e-17,3.926085101797603e+17,6.098992422209903e-10
18,26,Fe,HOLDOUT,3d⁶4s²→3d⁶4s4p,lower,15,3,p,3,-0.8660254037844387,-0.49999999999999994,0.0,0.0,3.073124702459569e-11,11301295.651474396,26.52726441688023,0.001421068678364012,4.367121259372017e-14,3.0,15.49756472399336,10.502436233728666,25.085414587014565,3091.9082005048185,3.7198999342339844e-08,1.93090119776246e-10,1.7085662186977206e-17,3.677460808026901e+17,6.098992422209903e-10
18,26,Fe,HOLDOUT,3d⁶4s²→3d⁶4s4p,lower,16,3,p,4,0.8660254037844385,-0.5000000000000002,0.0,0.0,2.94686726279676e-11,11785495.49034783,25.43740806192885,0.0015454476061904565,4.554228957050276e-14,3.0,16.161552161691198,9.838447812280489,7.4078322896135536,239.95037818399788,-6.219766206963497e-10,1.851571308781313e-10,1.5710593672516576e-17,3.999330285125453e+17,6.098994642655953e-10
18,26,Fe,HOLDOUT,3d⁶4s²→3d⁶4s4p,lower,17,3,p,5,5.511259909704863e-16,1.0,0.0,0.0,2.965794205565189e-11,11710283.4617368,25.60078575207577,0.001525785241615641,4.5251650285205493e-14,3.0,16.05841325466949,9.941586631017945,11.738969343682065,698.4730703059496,-4.0199441852341546e-09,1.8634634576525548e-10,1.5913051667292235e-17,3.948447751284611e+17,6.098990201763854e-10
18,26,Fe,HOLDOUT,3d⁶4s²→3d⁶4s4p,lower,18,3,d,0,0.776534393824027,0.2523113193557069,0.5773502691896257,0.0,2.94385396362442e-11,11797559.004450602,25.411397212499974,0.0015486130345208308,4.558890619794588e-14,3.0,16.178094963186894,9.821905011028292,4.694578375887627,3109.638331219761,-6.122231295835662e-10,1.8496779970727343e-10,1.5678480576998577e-17,4.007521823509771e+17,6.098992422209903e-10
18,26,Fe,HOLDOUT,3d⁶4s²→3d⁶4s4p,lower,19,3,d,1,5.455787998194379e-17,0.816496580927726,0.5773502691896257,0.0,2.9700129725970245e-11,11693649.541865863,25.63720222045961,0.0015214537044467107,4.5187372394125303e-14,3.0,16.035603016112468,9.964397155667717,4.045347984682644,2052.6773047268152,6.983087898083292e-09,1.8661141871554392e-10,1.5958355691046974e-17,3.937238540625214e+17,6.098992422209903e-10
18,26,Fe,HOLDOUT,3d⁶4s²→3d⁶4s4p,lower,20,3,d,2,-0.776534393824027,0.25231131935570705,0.5773502691896257,0.0,2.996198423742074e-11,11591452.208618678,25.863235477699085,0.0014949762458507732,4.47924547134993e-14,3.0,15.895458926845045,10.104541076275815,10.45769172524771,2.0077319977590733,4.929033396818804e-10,1.8825669913450835e-10,1.6240993427426847e-17,3.8687198140040544e+17,6.098990201763854e-10
18,26,Fe,HOLDOUT,3d⁶4s²→3d⁶4s4p,lower,21,3,d,3,-0.4799246488165452,-0.6605596098195698,0.5773502691896257,0.0,2.985411384243924e-11,11633335.030354805,25.770121570276537,0.0015057992112901106,4.495430107771018e-14,3.0,15.952893203471053,10.047106196037518,10.880172575522847,8.79892829925716,-2.2721606427672732e-08,1.8757892945368094e-10,1.6124260924681714e-17,3.896727630822319e+17,6.098992422209903e-10
18,26,Fe,HOLDOUT,3d⁶4s²→3d⁶4s4p,lower,22,3,d,4,0.479924648816545,-0.6605596098195701,0.5773502691896257,0.0,2.966667102216998e-11,11706837.88902059,25.608320610740176,0.0015248874955294182,4.523833567569195e-14,3.0,16.05368831092609,9.946311789876308,11.294289436202336,14.569161693101982,4.253597654975541e-09,1.8640119147942884e-10,1.5922420148505482e-17,3.946124551781371e+17,6.098994642655953e-10
18,26,Fe,HOLDOUT,3d⁶4s²→3d⁶4s4p,lower,23,3,d,5,-0.776534393824027,-0.2523113193557069,-0.5773502691896257,0.0,2.85099773937374e-11,12181802.306154704,24.609860714004004,0.0016511315977595154,4.7073724526209295e-14,3.0,16.705011134709522,9.294988464811997,6.358648191402084,110.41670687096375,-1.501115779169987e-08,1.7913347106835298e-10,1.4705005594931385e-17,4.2728207525098214e+17,6.098994642655953e-10
18,26,Fe,HOLDOUT,3d⁶4s²→3d⁶4s4p,lower,24,4,s,0,0.0,0.0,1.0,0.0,8.39857848847578e-11,5513677.643425094,54.37250368771451,0.00033825275085850616,2.840842277028007e-14,4.0,10.081271951040144,15.918728039042676,16.926344656154047,12.65704663380233,-1.449469532895426e-10,5.276982495998555e-10,9.570712757012933e-17,6.565012937595046e+16,6.098992422209903e-10
18,26,Fe,HOLDOUT,3d⁶4s²→3d⁶4s4p,lower,25,4,s,1,0.0,0.0,-1.0,0.0,6.933764320164109e-11,6678486.93873169,44.88927817787026,0.0004962662674555852,3.440993338584556e-14,4.0,12.211022733820878,13.78897725365175,14.746763363700905,6.413589603776323,-1.953800076007789e-10,4.356612609990118e-10,6.523352744353023e-17,9.631834354839483e+16,6.098990201763854e-10
18,26,Fe,HOLDOUT,3d⁶4s²→3d⁶4s4p,upper,0,1,s,0,0.0,0.0,1.0,0.0,2.04505807419671e-12,56608483.43713787,5.295892767254772,0.03565509799405664,7.291674603902045e-14,1.0,25.875901402499704,0.12409859748778851,0.3561434084970143,0.0668510869028556,6.065069837999096e-10,1.284947884412175e-11,2.269885724529387e-19,2.768062391547166e+19,6.098990201763854e-10
18,26,Fe,HOLDOUT,3d⁶4s²→3d⁶4s4p,upper,1,1,s,1,0.0,0.0,-1.0,0.0,2.046279938826429e-12,56574681.657458834,5.299056914100642,0.03561253031266336,7.287320634965112e-14,1.0,25.86045051130642,0.1395494886213939,0.35977079332359657,0.07117397998455179,6.038496182194319e-10,1.285715604601056e-11,2.272598920459938e-19,2.7647576748421444e+19,6.098992422209903e-10
18,26,Fe,HOLDOUT,3d⁶4s²→3d⁶4s4p,upper,2,2,s,0,0.0,0.0,1.0,0.0,9.040944868227608e-12,25609632.136567757,11.706238355994545,0.007297351644661593,6.597495390345552e-14,2.0,23.412473745423476,2.587526253141117,3.1244612090499326,0.17565370961227533,4.939940561688606e-10,5.680593195906839e-11,2.2181471274613008e-18,2.832627840323097e+18,6.098992422209903e-10
18,26,Fe,HOLDOUT,3d⁶4s²→3d⁶4s4p,upper,3,2,s,1,0.0,0.0,-1.0,0.0,9.138229347406549e-12,25336995.104856867,11.832202546486366,0.007142805250321977,6.527259256130187e-14,2.0,23.16322739495181,2.836772603215085,3.2894783714891984,0.21681065510119094,4.728511008508943e-10,5.741718836926213e-11,2.2661404058232534e-18,2.7726372518815764e+18,6.098992422209903e-10
18,26,Fe,HOLDOUT,3d⁶4s²→3d⁶4s4p,upper,4,2,p,0,0.8660254037844387,0.49999999999999994,0.0,0.0,9.259912242036125e-12,25004046.063333724,11.98975786721253,0.006956313958780455,6.441485678635792e-14,2.0,22.85884345645338,3.141156544324768,3.738070825813889,0.35821488955449354,5.661437310455472e-10,5.818174454493376e-11,2.326893191508404e-18,2.7002465476752384e+18,6.098992422209903e-10
18,26,Fe,HOLDOUT,3d⁶4s²→3d⁶4s4p,upper,5,2,p,1,-0.8660254037844385,0.5000000000000002,0.0,0.0,9.250277254261052e-12,25030090.004669275,11.97728246059342,0.006970812747052936,6.448195059777677e-14,2.0,22.882652978179202,3.1173470212629506,-43184.7799720998,7461056707.633892,5.153180745597433e-10,5.812120613131057e-11,2.322053421320829e-18,2.70587457182858e+18,6.098992422209903e-10
18,26,Fe,HOLDOUT,3d⁶4s²→3d⁶4s4p,upper,6,2,p,2,-5.511259909704863e-16,-1.0,0.0,0.0,9.262392275358981e-12,24997351.154977456,11.992969020651834,0.006952589309621466,6.43976095151813e-14,2.0,22.852722932531627,3.147277067090131,3.8775217573570604,1.3266060221184346,5.215235541407892e-10,5.8197327053869244e-11,2.328139757411098e-18,2.698800743030357e+18,6.098990201763854e-10
18,26,Fe,HOLDOUT,3d⁶4s²→3d⁶4s4p,upper,7,2,p,3,-0.8660254037844387,-0.49999999999999994,0.0,0.0,9.234696978331273e-12,25072319.404262464,11.957109079785942,0.006994354137606981,6.459074101993802e-14,2.0,22.921259339410327,3.0787406689290666,3.7962328961449754,0.8753931566469239,8.584253068246391e-10,5.8023312370506775e-11,2.314237922505184e-18,2.7150126813141064e+18,6.098992422209903e-10
18,26,Fe,HOLDOUT,3d⁶4s²→3d⁶4s4p,upper,8,2,p,4,0.8660254037844385,-0.5000000000000002,0.0,0.0,9.266243746769964e-12,24986961.121436924,11.99795591560755,0.006946810887495628,6.437084294624986e-14,2.0,22.84322430380535,3.156775696402983,43341.41847670466,7512745286.807032,5.438614208876541e-10,5.822152656244975e-11,2.330076325788176e-18,2.696557721152857e+18,6.098990201763854e-10
18,26,Fe,HOLDOUT,3d⁶4s²→3d⁶4s4p,upper,9,2,p,5,5.511259909704863e-16,1.0,0.0,0.0,9.266839416880168e-12,24985354.965851907,11.998727190777704,0.006945917837680965,6.436670520463303e-14,2.0,22.841755947084536,3.1582440518960055,4.073771367594423,0.5135347183509278,4.966044640836478e-10,5.822526926813412e-11,2.3303759081154544e-18,2.6962110641886607e+18,6.098990201763854e-10
18,26,Fe,HOLDOUT,3d⁶4s²→3d⁶4s4p,upper,10,3,s,0,0.0,0.0,1.0,0.0,2.8168987551284372e-11,12329264.860199539,24.31551770517712,0.0016913479397871092,4.764355906075355e-14,3.0,16.907227813765882,9.092772192294653,17.571076839100506,3604.6850376488956,6.297015233622363e-10,1.7699096870035464e-10,1.4355354573629477e-17,4.376893148095194e+17,6.098990201763854e-10
18,26,Fe,HOLDOUT,3d⁶4s²→3d⁶4s4p,upper,11,3,s,1,0.0,0.0,-1.0,0.0,2.7372034239673165e-11,12688238.854387594,23.627586258461058,0.0017912709604884973,4.9030730063023387e-14,3.0,17.39949196477356,8.60050805346546,-1.438296930445914,3556.5845454956716,1.1096522831076985e-09,1.71983563362331e-10,1.3554565399977401e-17,4.635475296898904e+17,6.098990201763854e-10
18,26,Fe,HOLDOUT,3d⁶4s²→3d⁶4s4p,upper,12,3,p,0,0.8660254037844387,0.49999999999999994,0.0,0.0,2.8897686000537784e-11,12018363.974090708,24.944531439245402,0.0016071236754010192,4.644215533576886e-14,3.0,16.480886732724443,9.519113287310883,6.495076581599942,371.8894134341136,1.1571928784072418e-09,1.8156951609006824e-10,1.5107673264139558e-17,4.1589364538970515e+17,6.098994642655953e-10
18,26,Fe,HOLDOUT,3d⁶4s²→3d⁶4s4p,upper,13,3,p,1,-0.8660254037844385,0.5000000000000002,0.0,0.0,2.9994834933145645e-11,11578757.113934418,25.891592253819343,0.0014917034079504972,4.474339749068598e-14,3.0,15.878050033421315,10.121949876486918,23.830752418858797,2668.838550776217,-3.092605832044029e-09,1.884631061432177e-10,1.627662660929405e-17,3.8602503196773286e+17,6.098994642655953e-10
18,26,Fe,HOLDOUT,3d⁶4s²→3d⁶4s4p,upper,14,3,p,2,-5.511259909704863e-16,-1.0,0.0,0.0,2.975580610262203e-11,11671769.44108548,25.685262162968083,0.0015157654176449437,4.510282186450284e-14,3.0,16.00559864418302,9.994401365105789,20.55560464864315,4373.527845327998,7.327157655121609e-10,1.869612437072794e-10,1.6018243390686093e-17,3.922518314856536e+17,6.098990201763854e-10
18,26,Fe,HOLDOUT,3d⁶4s²→3d⁶4s4p,upper,15,3,p,3,-0.8660254037844387,-0.49999999999999994,0.0,0.0,3.05668621766545e-11,11362072.637887636,26.38536713806254,0.001436394445148875,4.390607103617777e-14,3.0,15.580908732478404,10.41909192454104,24.424841900102283,3034.2494661857677,2.5635470067548206e-08,1.92057259314939e-10,1.6903364855678747e-17,3.717121035264601e+17,6.098990201763854e-10
18,26,Fe,HOLDOUT,3d⁶4s²→3d⁶4s4p,upper,16,3,p,4,0.8660254037844385,-0.5000000000000002,0.0,0.0,2.933069367849442e-11,11840937.421063958,25.318304399337194,0.0015600221542713337,4.575653193859746e-14,3.0,16.237580162036828,9.762419817176987,6.991040663831133,306.69912390817143,-4.185730517790709e-10,1.8429018357010133e-10,1.556381703717695e-17,4.0370464984078637e+17,6.098992422209903e-10
18,26,Fe,HOLDOUT,3d⁶4s²→3d⁶4s4p,upper,17,3,p,5,5.511259909704863e-16,1.0,0.0,0.0,2.951616229381061e-11,11766533.362512251,25.478401221818476,0.0015404785490716662,4.54690148645332e-14,3.0,16.135549231363633,9.864450680959958,5.978693481574324,3870.890813142335,-2.993667113273593e-09,1.8545551724879893e-10,1.5761270676344955e-17,3.9864712916894464e+17,6.098990201763854e-10
18,26,Fe,HOLDOUT,3d⁶4s²→3d⁶4s4p,upper,18,3,d,0,0.776534393824027,0.2523113193557069,0.5773502691896257,0.0,2.91093183675624e-11,11930987.320900694,25.12721285646024,0.0015838402027519999,4.6104508705252545e-14,3.0,16.361066370534246,9.638933589381152,4.471885279359719,2075.4554337808104,-1.1579230995919657e-09,1.8289924146908095e-10,1.5329765806445724e-17,4.098683167447795e+17,6.098992422209903e-10
18,26,Fe,HOLDOUT,3d⁶4s²→3d⁶4s4p,upper,19,3,d,1,5.455787998194379e-17,0.816496580927726,0.5773502691896257,0.0,2.958497260376146e-11,11739166.13055414,25.53779839776818,0.0015333210278068812,4.536326060043794e-14,3.0,16.098020308869508,9.90197982429663,3.6231774082916286,2257.6683660869144,5.499396547835302e-09,1.858878651772646e-10,1.5834844068987536e-17,3.9679489610416646e+17,6.098990201763854e-10
18,26,Fe,HOLDOUT,3d⁶4s²→3d⁶4s4p,upper,20,3,d,2,-0.776534393824027,0.25231131935570705,0.5773502691896257,0.0,2.9961031510375246e-11,11591820.803739041,25.862413082101767,0.0014950713244829585,4.479387906309237e-14,3.0,15.895964384529801,10.104035658309213,10.435970010952467,1.9488677874933422,2.020536930649296e-09,1.8825071297393436e-10,1.6239960586106755e-17,3.868965859778524e+17,6.098994642655953e-10
18,26,Fe,HOLDOUT,3d⁶4s²→3d⁶4s4p,upper,21,3,d,3,-0.4799246488165452,-0.6605596098195698,0.5773502691896257,0.0,2.9840341317633704e-11,11638704.28513548,25.758233103566674,0.0015071895065708158,4.497504930642907e-14,3.0,15.960256109110308,10.039743467062873,11.334967248537756,21.618898557291647,-1.5926641083168857e-08,1.8749239412818003e-10,1.6109387225143124e-17,3.9003254558143277e+17,6.098992422209903e-10
18,26,Fe,HOLDOUT,3d⁶4s²→3d⁶4s4p,upper,22,3,d,4,0.479924648816545,-0.6605596098195701,0.5773502691896257,0.0,2.965286452909604e-11,11712288.639860325,25.596402822563565,0.001526307813616181,4.525939882686138e-14,3.0,16.061162972817815,9.938837110867706,11.448520536593227,14.401509241437257,3.595431387669532e-09,1.8631444272500294e-10,1.5907603411592907e-17,3.9498000701982675e+17,6.098992422209903e-10
18,26,Fe,HOLDOUT,3d⁶4s²→3d⁶4s4p,upper,23,3,d,5,-0.776534393824027,-0.2523113193557069,-0.5773502691896257,0.0,2.8726597455329175e-11,12089942.392360123,24.79684751760644,0.0016263239479300778,4.671875338414907e-14,3.0,16.57904283837651,9.42095686805584,8.706198227119987,21.933451722731654,-1.0902158123543173e-08,1.8049453505658676e-10,1.4929313076846824e-17,4.208623179671867e+17,6.098987981317805e-10
18,26,Fe,HOLDOUT,3d⁶4s²→3d⁶4s4p,upper,24,4,s,0,0.0,0.0,1.0,0.0,8.552577093165266e-11,5414397.782566122,55.369492608264764,0.00032618118973244263,2.7896897715270823e-14,4.0,9.899747505595961,16.100252487908364,15.596968016133879,0.5362011888517096,-1.7608704995653592e-11,5.373742673029669e-10,9.924912961387214e-17,6.330720815007913e+16,6.098992422209903e-10
18,26,Fe,HOLDOUT,3d⁶4s²→3d⁶4s4p,upper,25,4,p,0,0.8660254037844387,0.49999999999999994,0.0,0.0,7.848927351968574e-11,5899793.993741787,50.81405525650644,0.0003872864378652371,3.039783115206937e-14,4.0,10.787251550142644,15.212748451894019,15.702556017866245,3.9443869343418974,3.313768922602873e-10,4.931626501500892e-10,8.358980850402777e-17,7.516688241816981e+16,6.098992422209903e-10
19,29,Cu,HOLDOUT,3d¹⁰4s→3d¹⁰4p,lower,0,1,s,0,0.0,0.0,1.0,0.0,1.833106304752575e-12,63153803.91252071,4.747021389483776,0.04437696764347702,8.134769917305875e-14,1.0,28.867786310648583,0.13221368899969024,0.34998313420867033,0.05675094522030425,5.949899553877549e-10,1.1517746600519645e-11,1.8237613392969614e-19,3.4451795702620172e+19,6.098992422209903e-10
19,29,Cu,HOLDOUT,3d¹⁰4s→3d¹⁰4p,lower,1,1,s,1,0.0,0.0,-1.0,0.0,1.833169284069464e-12,63151634.23650448,4.7471844810424,0.04437391851634702,8.134490443796859e-14,1.0,28.86679454547025,0.13320545416036933,0.34982633240693944,0.0584013007779831,5.943610163315539e-10,1.1518142311238176e-11,1.823886657960812e-19,3.4449428530852196e+19,6.098992422209903e-10
19,29,Cu,HOLDOUT,3d¹⁰4s→3d¹⁰4p,lower,2,2,s,0,0.0,0.0,1.0,0.0,8.052872818409638e-12,28751884.881751433,10.42688015874311,0.009197954057025363,7.40699542108002e-14,2.0,26.285139370051905,2.7148606171715417,2.7800542393305725,0.9281946633424413,1.1223218644446988e-10,5.05976921732173e-11,1.7598043530471705e-18,3.570388547056384e+18,6.098992422209903e-10
19,29,Cu,HOLDOUT,3d¹⁰4s→3d¹⁰4p,lower,3,2,s,1,0.0,0.0,-1.0,0.0,8.058786800964932e-12,28730785.161679156,10.434537598361922,0.009184459077796112,7.401559759014586e-14,2.0,26.26584988398691,2.7341501035384534,3.2680499199476216,0.11642756781539472,1.222374896979881e-10,5.063485082151564e-11,1.76239008215661e-18,3.565150173502422e+18,6.098992422209903e-10
19,29,Cu,HOLDOUT,3d¹⁰4s→3d¹⁰4p,lower,4,2,p,0,0.8660254037844387,0.49999999999999994,0.0,0.0,8.186011564593357e-12,28284259.118781332,10.599268545129812,0.008901192814518719,7.286526731832553e-14,2.0,25.85763319425689,3.1423668150774224,4.034846433861302,1.7894730625537945,8.656850162868519e-10,5.143422758705516e-11,1.8184753353819253e-18,3.455194131549747e+18,6.098992422209903e-10
19,29,Cu,HOLDOUT,3d¹⁰4s→3d¹⁰4p,lower,5,2,p,1,-0.8660254037844385,0.5000000000000002,0.0,0.0,8.186011564593357e-12,28284259.118781332,10.599268545129812,0.008901192814518719,7.286526731832553e-14,2.0,25.85763319425689,3.1423668150774224,4.290678808874305,1.4466285698655872,8.656850162868519e-10,5.143422758705516e-11,1.8184753353819253e-18,3.455194131549747e+18,6.098992422209903e-10
19,29,Cu,HOLDOUT,3d¹⁰4s→3d¹⁰4p,lower,6,2,p,2,-5.511259909704863e-16,-1.0,0.0,0.0,8.1860305462391e-12,28284193.533662435,10.599293122612883,0.008901151534659858,7.286509835942864e-14,2.0,25.857573235962057,3.1424267770295806,4.315841246344832,3.2867143634241125,9.9179838665741e-10,5.143434685225279e-11,1.81848376871832e-18,3.4551781078629146e+18,6.098992422209903e-10
19,29,Cu,HOLDOUT,3d¹⁰4s→3d¹⁰4p,lower,7,2,p,3,-0.8660254037844387,-0.49999999999999994,0.0,0.0,8.185993644066663e-12,28284321.03781555,10.599245341586377,0.008901231786999026,7.286542683273817e-14,2.0,25.85768980099592,3.142310207892221,4.184239757398769,2.504624900184664,8.503008374561371e-10,5.143411498906514e-11,1.818467373506997e-18,3.455209259576749e+18,6.098990201763854e-10
19,29,Cu,HOLDOUT,3d¹⁰4s→3d¹⁰4p,lower,8,2,p,4,0.8660254037844385,-0.5000000000000002,0.0,0.0,8.185993644066663e-12,28284321.03781555,10.599245341586377,0.008901231786999026,7.286542683273817e-14,2.0,25.85768980099592,3.1423102078922205,3.949865486459924,2.1675122787811403,8.503007017176822e-10,5.143411498906514e-11,1.818467373506997e-18,3.455209259576749e+18,6.098990201763854e-10
19,29,Cu,HOLDOUT,3d¹⁰4s→3d¹⁰4p,lower,9,2,p,5,5.511259909704863e-16,1.0,0.0,0.0,8.186066369864242e-12,28284069.757198766,10.599339507133617,0.008901073628910308,7.286477948930814e-14,2.0,25.857460078803435,3.1425399353484806,5.5151353668999334,6.671159238909381,1.0318054212440894e-09,5.143457193872794e-11,1.8184996848141694e-18,3.45514786702955e+18,6.098992422209903e-10
19,29,Cu,HOLDOUT,3d¹⁰4s→3d¹⁰4p,lower,10,3,s,0,0.0,0.0,1.0,0.0,2.4618244787961788e-11,14107541.433387576,21.250510545409206,0.0022144264645514436,5.4515292769268225e-14,3.0,19.34579389858,9.654206290740175,-29.929250105464426,56046.99271995886,6.935143410984813e-09,1.5468099394027195e-10,1.0964418901098995e-17,5.730522852013439e+17,6.098992422209903e-10
19,29,Cu,HOLDOUT,3d¹⁰4s→3d¹⁰4p,lower,11,3,s,1,0.0,0.0,-1.0,0.0,2.4890710029021225e-11,13953113.750411788,21.485703002396324,0.0021662115327731692,5.3918543123778564e-14,3.0,19.13402587782378,9.865974357596397,45.8730008916531,59709.39005310966,8.520345041667935e-09,1.5639294353961374e-10,1.120846187719198e-17,5.605751597340216e+17,6.098992422209903e-10
19,29,Cu,HOLDOUT,3d¹⁰4s→3d¹⁰4p,lower,12,3,p,0,0.8660254037844387,0.49999999999999994,0.0,0.0,2.689478230396856e-11,12913393.551142486,23.215621580237247,0.0018554077567715403,4.990078770346522e-14,3.0,17.70824855282148,11.291752144605924,18.92846108054376,597.529032006688,2.4421643107877743e-08,1.6898490101208878e-10,1.308601804342424e-17,4.801449368577712e+17,6.098987981317805e-10
19,29,Cu,HOLDOUT,3d¹⁰4s→3d¹⁰4p,lower,13,3,p,1,-0.8660254037844385,0.5000000000000002,0.0,0.0,2.689478230396856e-11,12913393.551142486,23.215621580237247,0.0018554077567715403,4.990078770346522e-14,3.0,17.70824855282148,11.291752144605924,15.516618691079149,58.03821301988711,2.4421643107877743e-08,1.6898490101208878e-10,1.308601804342424e-17,4.801449368577712e+17,6.098987981317805e-10
19,29,Cu,HOLDOUT,3d¹⁰4s→3d¹⁰4p,lower,14,3,p,2,-5.511259909704863e-16,-1.0,0.0,0.0,2.6893218166317584e-11,12914144.607595839,23.214271413971016,0.001855623587953015,4.990368998538544e-14,3.0,17.70927848304861,11.29072257114698,12.245188541883246,4.186931903550467,3.672401622610668e-08,1.6897507324538177e-10,1.3084495983264276e-17,4.802007899437696e+17,6.098990201763854e-10
19,29,Cu,HOLDOUT,3d¹⁰4s→3d¹⁰4p,lower,15,3,p,3,-0.8660254037844387,-0.49999999999999994,0.0,0.0,2.6882658423561204e-11,12919217.396262283,23.205156226160753,0.0018570816845413817,4.9923292590177606e-14,3.0,17.716234842134668,11.283765816362703,13.892320967835143,44.77056445537208,2.307939644090998e-08,1.689087244248473e-10,1.3074222628509608e-17,4.805781181573651e+17,6.098992422209903e-10
19,29,Cu,HOLDOUT,3d¹⁰4s→3d¹⁰4p,lower,16,3,p,4,0.8660254037844385,-0.5000000000000002,0.0,0.0,2.6882658423561207e-11,12919217.39626228,23.205156226160756,0.0018570816845413813,4.99232925901776e-14,3.0,17.716234842134664,11.283765816362708,12.834731000504348,4.24510279136915,2.3079396349417682e-08,1.689087244248473e-10,1.3074222628509609e-17,4.80578118157365e+17,6.098990201763854e-10
19,29,Cu,HOLDOUT,3d¹⁰4s→3d¹⁰4p,lower,17,3,p,5,5.511259909704863e-16,1.0,0.0,0.0,2.6918472832900857e-11,12902028.674485607,23.236071284886712,0.0018521433629034361,4.9856870796953776e-14,3.0,17.692663798913443,11.307337360415572,17.708821695148554,140.6873685381635,4.0348957234904467e-08,1.691337529953955e-10,1.3109082087987122e-17,4.793001725832017e+17,6.098990201763854e-10
19,29,Cu,HOLDOUT,3d¹⁰4s→3d¹⁰4p,lower,18,3,d,0,0.776534393824027,0.2523113193557069,0.5773502691896257,0.0,2.5834093835333098e-11,13443587.78663431,22.300033499841117,0.002010893031303092,5.19495992635015e-14,3.0,18.435308505434143,10.564691047632179,-5.0631676059036135,10526.595283179686,-1.5023792598567144e-08,1.6232039881046365e-10,1.2074187440635714e-17,5.2038162717546586e+17,6.098994642655953e-10
19,29,Cu,HOLDOUT,3d¹⁰4s→3d¹⁰4p,lower,19,3,d,1,5.455787998194379e-17,0.816496580927726,0.5773502691896257,0.0,2.582350751837072e-11,13449098.969858335,22.290895373131292,0.0020125420957825837,5.197089594147912e-14,3.0,18.442866038778476,10.557133102066228,9.113538237820286,426.31029761561786,-2.92381726076748e-08,1.622538830192685e-10,1.206429392652299e-17,5.208083743190467e+17,6.098992422209903e-10
19,29,Cu,HOLDOUT,3d¹⁰4s→3d¹⁰4p,lower,20,3,d,2,-0.776534393824027,0.25231131935570705,0.5773502691896257,0.0,2.5834093835333098e-11,13443587.78663431,22.300033499841117,0.002010893031303092,5.19495992635015e-14,3.0,18.435308505434143,10.564691047632179,10.234845985151342,30.454549537506445,-1.5023792598567144e-08,1.6232039881046365e-10,1.2074187440635714e-17,5.2038162717546586e+17,6.098994642655953e-10
19,29,Cu,HOLDOUT,3d¹⁰4s→3d¹⁰4p,lower,21,3,d,3,-0.4799246488165452,-0.6605596098195698,0.5773502691896257,0.0,2.58402406239626e-11,13440389.87165553,22.30533941818407,0.002009936456288265,5.193724166936345e-14,3.0,18.430923176893607,10.569076410054992,7.3548309388960105,318.5937635728612,-1.3855530750962324e-08,1.6235902022246686e-10,1.2079933824305662e-17,5.2013408339517414e+17,6.098992422209903e-10
19,29,Cu,HOLDOUT,3d¹⁰4s→3d¹⁰4p,lower,22,3,d,4,0.479924648816545,-0.6605596098195701,0.5773502691896257,0.0,2.584024062396259e-11,13440389.871655533,22.30533941818406,0.002009936456288266,5.193724166936346e-14,3.0,18.430923176893614,10.569076410054986,11.290902550540782,6.205327190298046,-1.3855530835496665e-08,1.623590202224668e-10,1.2079933824305654e-17,5.2013408339517446e+17,6.098990201763854e-10
19,29,Cu,HOLDOUT,3d¹⁰4s→3d¹⁰4p,lower,23,3,d,5,-0.776534393824027,-0.2523113193557069,-0.5773502691896257,0.0,2.600629453173898e-11,13354571.061232433,22.448677432274902,0.00198435093837419,5.160561495769182e-14,3.0,18.313239097998235,10.68676044737036,26.07993617740465,12227.355373917246,-1.529179906868785e-08,1.634023676960072e-10,1.2235688210934386e-17,5.135130283529648e+17,6.098992422209903e-10
19,29,Cu,HOLDOUT,3d¹⁰4s→3d¹⁰4p,lower,24,3,d,6,-5.455787998194379e-17,-0.816496580927726,-0.5773502691896257,0.0,2.6004362733154445e-11,13355563.138667205,22.44700990046888,0.0019846457741876174,5.160944860879693e-14,3.0,18.314599542387157,10.6853996319032,14.784575490682588,462.9955075750066,-2.8087571583662563e-08,1.6339022984752438e-10,1.22338704965929e-17,5.135893263648194e+17,6.098990201763854e-10
19,29,Cu,HOLDOUT,3d¹⁰4s→3d¹⁰4p,lower,25,3,d,7,0.776534393824027,-0.25231131935570705,-0.5773502691896257,0.0,2.6006294531738977e-11,13354571.061232435,22.4486774322749,0.001984350938374191,5.160561495769183e-14,3.0,18.31323909799824,10.686760447370357,13.78221915583001,75.09415588576601,-1.5291798897439237e-08,1.6340236769600717e-10,1.2235688210934382e-17,5.135130283529649e+17,6.098990201763854e-10
19,29,Cu,HOLDOUT,3d¹⁰4s→3d¹⁰4p,lower,26,3,d,8,0.4799246488165452,0.6605596098195698,-0.5773502691896257,0.0,2.6000573677510965e-11,13357509.440795384,22.44373918122783,0.0019852242599782055,5.161696963794551e-14,3.0,18.317268523372533,10.682730992969358,11.77352294594762,18.065871471159657,-1.6292635188201508e-08,1.633664225087772e-10,1.2230305599473295e-17,5.137390277026418e+17,6.098992422209903e-10
19,29,Cu,HOLDOUT,3d¹⁰4s→3d¹⁰4p,lower,27,3,d,9,-0.479924648816545,0.6605596098195701,-0.5773502691896257,0.0,2.6000573677510965e-11,13357509.440795384,22.44373918122783,0.0019852242599782055,5.161696963794551e-14,3.0,18.317268523372533,10.682730992969358,11.234347723443985,12.092077063255326,-1.6292635188201508e-08,1.633664225087772e-10,1.2230305599473295e-17,5.137390277026418e+17,6.098992422209903e-10
19,29,Cu,HOLDOUT,3d¹⁰4s→3d¹⁰4p,lower,28,4,s,0,0.0,0.0,1.0,0.0,7.270407553504406e-11,6369251.53200516,47.06871074153036,0.0004513728102792876,3.2816642893010435e-14,4.0,11.645613140857426,17.354386804610723,17.926711952659087,0.23258132174510998,-1.6354896021424203e-09,4.5681317917386365e-10,7.172164215503204e-17,8.760515122615266e+16,6.098992422209903e-10
19,29,Cu,HOLDOUT,3d¹⁰4s→3d¹⁰4p,upper,0,1,s,0,0.0,0.0,1.0,0.0,1.8331440372929115e-12,63152503.98550731,4.747119101861718,0.04437514079468122,8.134602475180331e-14,1.0,28.8671921102534,0.13280788949878208,0.3500896668486075,0.056797197730859526,5.985608224454337e-10,1.1517983681062689e-11,1.8238364204380429e-19,3.4450377439389614e+19,6.098990201763854e-10
19,29,Cu,HOLDOUT,3d¹⁰4s→3d¹⁰4p,upper,1,1,s,1,0.0,0.0,-1.0,0.0,1.8331437648559244e-12,63152513.371065736,4.747118396357513,0.04437515398451476,8.134603684123477e-14,1.0,28.867196400419285,0.13280359929703628,0.3497746385816135,0.05834148499265415,5.973242829206516e-10,1.1517981969290615e-11,1.8238358783306556e-19,3.4450387679238672e+19,6.098992422209903e-10
19,29,Cu,HOLDOUT,3d¹⁰4s→3d¹⁰4p,upper,2,2,s,0,0.0,0.0,1.0,0.0,8.05770816788923e-12,28734631.165346775,10.433140981518564,0.009186918170185049,7.402550557763004e-14,2.0,26.269365922773126,2.730634068346741,2.830074665601989,0.7727897834466239,2.4625972654451965e-10,5.0628073570022545e-11,1.7619183374477657e-18,3.5661047244000655e+18,6.098992422209903e-10
19,29,Cu,HOLDOUT,3d¹⁰4s→3d¹⁰4p,upper,3,2,s,1,0.0,0.0,-1.0,0.0,8.057695229419302e-12,28734677.305359595,10.433124228754874,0.009186947673599241,7.402562444248537e-14,2.0,26.269408104239577,2.7305918865868977,3.2703047639816805,0.115799733683778,2.3614370310452135e-10,5.0627992275218404e-11,1.7619126791368304e-18,3.5661161768004014e+18,6.098990201763854e-10
19,29,Cu,HOLDOUT,3d¹⁰4s→3d¹⁰4p,upper,4,2,p,0,0.8660254037844387,0.49999999999999994,0.0,0.0,8.180766030346445e-12,28302395.079314336,10.592476614076821,0.008912611422739412,7.291198876882428e-14,2.0,25.87421319421795,3.1257868111645086,3.966983846424098,1.4812670839622046,7.297627590031547e-10,5.1401268923346647e-11,1.8161455516149876e-18,3.459626515943247e+18,6.098990201763854e-10
19,29,Cu,HOLDOUT,3d¹⁰4s→3d¹⁰4p,upper,5,2,p,1,-0.8660254037844385,0.5000000000000002,0.0,0.0,8.187481867392385e-12,28279179.849474315,10.60117229692476,0.008897996160454879,7.285218221985138e-14,2.0,25.85298969689378,3.1470103111143173,4.350004809967956,1.7079617564184946,8.198555907139523e-10,5.144346577199912e-11,1.8191286326486377e-18,3.4539532798355855e+18,6.098990201763854e-10
19,29,Cu,HOLDOUT,3d¹⁰4s→3d¹⁰4p,upper,6,2,p,2,-5.511259909704863e-16,-1.0,0.0,0.0,8.187524732016585e-12,28279031.79784008,10.601227798148937,0.008897902992305622,7.285180081258666e-14,2.0,25.852854347233894,3.1471456647841958,4.370816509985162,3.638956752041896,9.581284416296593e-10,5.144373509837609e-11,1.819147680377986e-18,3.453917114565462e+18,6.098992422209903e-10
19,29,Cu,HOLDOUT,3d¹⁰4s→3d¹⁰4p,upper,7,2,p,3,-0.8660254037844387,-0.49999999999999994,0.0,0.0,8.187170509152792e-12,28280255.307185285,10.600769149486089,0.008898672955227319,7.285495278963263e-14,2.0,25.85397288655024,3.146027119994294,4.204554880536393,2.6306745968139347,7.69408654696688e-10,5.144150945048284e-11,1.8189902775528648e-18,3.454215992639895e+18,6.098992422209903e-10
19,29,Cu,HOLDOUT,3d¹⁰4s→3d¹⁰4p,upper,8,2,p,4,0.8660254037844385,-0.5000000000000002,0.0,0.0,8.183537596999857e-12,28292809.741251945,10.59606524561227,0.00890657547230764,7.288729523814635e-14,2.0,25.865450222749637,3.1345497832476457,3.9259411827500514,2.03579396017581,7.507793739788401e-10,5.141868319022124e-11,1.8173763461622877e-18,3.4572835287790807e+18,6.098992422209903e-10
19,29,Cu,HOLDOUT,3d¹⁰4s→3d¹⁰4p,upper,9,2,p,5,5.511259909704863e-16,1.0,0.0,0.0,8.183576225456515e-12,28292676.19235539,10.596115261835964,0.008906491390130578,7.288695119250574e-14,2.0,25.865328131576376,3.134671877306752,5.417457618912603,6.148278620996271,8.502887020312279e-10,5.1418925899972553e-11,1.817393503194506e-18,3.457250890429276e+18,6.098992422209903e-10
19,29,Cu,HOLDOUT,3d¹⁰4s→3d¹⁰4p,upper,10,3,s,0,0.0,0.0,1.0,0.0,2.491840605185587e-11,13937605.304316096,21.509610256158027,0.0021613988571606815,5.3858614362747086e-14,3.0,19.11275901121409,9.887241165982802,5.98049344381285,152.31855611232575,6.512198410249592e-09,1.5656696278335568e-10,1.1233419182481166e-17,5.593297290088125e+17,6.098992422209903e-10
19,29,Cu,HOLDOUT,3d¹⁰4s→3d¹⁰4p,upper,11,3,s,1,0.0,0.0,-1.0,0.0,2.4919554629530675e-11,13936962.900287181,21.51060171034986,0.0021611996178645693,5.3856131942696954e-14,3.0,19.11187807699875,9.888122110810983,9.883067743669312,62.55096139443599,6.8781398972781386e-09,1.5657417950972617e-10,1.1234454782576758e-17,5.592781695934212e+17,6.098992422209903e-10
19,29,Cu,HOLDOUT,3d¹⁰4s→3d¹⁰4p,upper,12,3,p,0,0.8660254037844387,0.49999999999999994,0.0,0.0,2.639306160309268e-11,13158871.584748337,22.782535422526013,0.0019266192338080806,5.0849380123599885e-14,3.0,18.044874708923235,10.955125656773866,14.652297831396051,419.54501874287337,1.2989746741950865e-08,1.6583249687603763e-10,1.2602334159734804e-17,4.985731395105148e+17,6.098992422209903e-10
19,29,Cu,HOLDOUT,3d¹⁰4s→3d¹⁰4p,upper,13,3,p,1,-0.8660254037844385,0.5000000000000002,0.0,0.0,2.6878387978590448e-11,12921270.004737161,23.201469970838076,0.0018576718386199241,4.9931224415327784e-14,3.0,17.71904960193509,11.280951044534133,16.254496995320554,63.281354087251344,2.2664691708989085e-08,1.6888189242775192e-10,1.3070069146905598e-17,4.80730839030577e+17,6.098990201763854e-10
19,29,Cu,HOLDOUT,3d¹⁰4s→3d¹⁰4p,upper,14,3,p,2,-5.511259909704863e-16,-1.0,0.0,0.0,2.6893003931625137e-11,12914247.484083913,23.21408648622209,0.001855653152558971,4.9904087527500985e-14,3.0,17.70941955846878,11.290581498680783,13.071422452072918,18.992008755402534,3.6825880398638246e-08,1.6897372716910991e-10,1.308428751867738e-17,4.8020844071261434e+17,6.098994642655953e-10
19,29,Cu,HOLDOUT,3d¹⁰4s→3d¹⁰4p,upper,15,3,p,3,-0.8660254037844387,-0.49999999999999994,0.0,0.0,2.6809437334160925e-11,12954501.95520929,23.141951657928992,0.0018672395428462256,5.005964151180318e-14,3.0,17.764620863782326,11.23537963308642,15.383853254435204,122.33621350872814,1.7507012854177435e-08,1.6844866275175178e-10,1.3003098330925402e-17,4.8320678251245875e+17,6.098990201763854e-10
19,29,Cu,HOLDOUT,3d¹⁰4s→3d¹⁰4p,upper,16,3,p,4,0.8660254037844385,-0.5000000000000002,0.0,0.0,2.6740683248413194e-11,12987809.815370286,23.08260301480653,0.0018768537616362844,5.018835194350868e-14,3.0,17.81029622124414,11.189704193509808,12.239346305901742,5.124855466339493,1.4676428780597294e-08,1.6801666809037307e-10,1.2936489714496399e-17,4.856947630962641e+17,6.098990201763854e-10
19,29,Cu,HOLDOUT,3d¹⁰4s→3d¹⁰4p,upper,17,3,p,5,5.511259909704863e-16,1.0,0.0,0.0,2.6753026250080917e-11,12981817.649971401,23.09325751472564,0.0018751223190053954,5.0165196622463946e-14,3.0,17.80207911287268,11.197921580042351,17.202506252713913,231.21043001392994,2.426801729292415e-08,1.680942214570982e-10,1.2948434956446066e-17,4.852466980228877e+17,6.098992422209903e-10
19,29,Cu,HOLDOUT,3d¹⁰4s→3d¹⁰4p,upper,18,3,d,0,0.776534393824027,0.2523113193557069,0.5773502691896257,0.0,2.5815935656645158e-11,13453043.615486821,22.284359329281152,0.0020137228335591977,5.1986139101481417e-14,3.0,18.44827536553409,10.551724370542367,-6.182965400166946,11217.307840220494,-8.712825778313279e-09,1.6220630760892644e-10,1.2057220079343119e-17,5.211139272429949e+17,6.098994642655953e-10
19,29,Cu,HOLDOUT,3d¹⁰4s→3d¹⁰4p,upper,19,3,d,1,5.455787998194379e-17,0.816496580927726,0.5773502691896257,0.0,2.5935932953718658e-11,13390800.669603555,22.387941199103487,0.0019951322319508255,5.174561580167967e-14,3.0,18.362921074116002,10.637078386395576,11.092519435238442,132.7788445491693,-1.8216858197936953e-08,1.6296027286279992e-10,1.2169569011113097e-17,5.163030261336175e+17,6.098992422209903e-10
19,29,Cu,HOLDOUT,3d¹⁰4s→3d¹⁰4p,upper,20,3,d,2,-0.776534393824027,0.25231131935570705,0.5773502691896257,0.0,2.6010655921159154e-11,13352331.806478,22.45244219100016,0.0019836855340389773,5.159696188166868e-14,3.0,18.31016838853619,10.689831171253163,12.225026342103469,30.94799966199038,-1.4794596043284879e-08,1.634297711139309e-10,1.223979253081784e-17,5.1334083411622624e+17,6.098990201763854e-10
19,29,Cu,HOLDOUT,3d¹⁰4s→3d¹⁰4p,upper,21,3,d,3,-0.4799246488165452,-0.6605596098195698,0.5773502691896257,0.0,2.599575948795021e-11,13359983.13588159,22.439583564655262,0.0019859596207490384,5.1626528653772814e-14,3.0,18.320660722894445,10.679338900194397,9.701227765377215,221.14368992656176,-1.261163472634171e-08,1.6333617406366308e-10,1.2225776964117773e-17,5.139293253607124e+17,6.098990201763854e-10
19,29,Cu,HOLDOUT,3d¹⁰4s→3d¹⁰4p,upper,22,3,d,4,0.479924648816545,-0.6605596098195701,0.5773502691896257,0.0,2.5996810685793656e-11,13359442.916328097,22.440490960411942,0.0019857990168743347,5.162444110171724e-14,3.0,18.319919915136325,10.68007972940076,12.799321550183892,15.404526683634286,-1.1872055566767618e-08,1.6334277893450796e-10,1.2226765738477623e-17,5.1388776407209683e+17,6.098990201763854e-10
19,29,Cu,HOLDOUT,3d¹⁰4s→3d¹⁰4p,upper,23,3,d,5,-0.776534393824027,-0.2523113193557069,-0.5773502691896257,0.0,2.5996563073359922e-11,13359570.162540011,22.440277220940278,0.001985836845787935,5.162493281492817e-14,3.0,18.320094408970114,10.679905251419566,27.29556342599419,12728.865147932376,-1.1325410589988837e-08,1.6334122313970245e-10,1.2226532826460857e-17,5.1389755348968736e+17,6.098990201763854e-10
19,29,Cu,HOLDOUT,3d¹⁰4s→3d¹⁰4p,upper,24,3,d,6,-5.455787998194379e-17,-0.816496580927726,-0.5773502691896257,0.0,2.6013710978247514e-11,13350763.705103857,22.455079321446792,0.0019832196322922477,5.159090232083684e-14,3.0,18.308018037524324,10.691981134957128,13.054208231831167,112.21555353762108,-2.815008618920221e-08,1.6344896660374109e-10,1.224266792627423e-17,5.1322026743003616e+17,6.098990201763854e-10
19,29,Cu,HOLDOUT,3d¹⁰4s→3d¹⁰4p,upper,25,3,d,7,0.776534393824027,-0.25231131935570705,-0.5773502691896257,0.0,2.5893511141245e-11,13412739.0630404,22.351322618815118,0.002001674910247059,5.1830391589632806e-14,3.0,18.393005383270733,10.606994363123995,11.631795398394456,30.118628660413933,-8.358185770282012e-09,1.626937287539615e-10,1.2129791535442134e-17,5.179961493007276e+17,6.098987981317805e-10
19,29,Cu,HOLDOUT,3d¹⁰4s→3d¹⁰4p,upper,26,3,d,8,0.4799246488165452,0.6605596098195698,-0.5773502691896257,0.0,2.5824993301950532e-11,13448325.2058469,22.292177904030748,0.0020123105281730736,5.1967905911514163e-14,3.0,18.44180496948004,10.558194769703682,10.42634218614289,4.622668849136809,-8.605814800037501e-09,1.622632184728268e-10,1.2065682230994828e-17,5.2074844893884883e+17,6.098992422209903e-10
19,29,Cu,HOLDOUT,3d¹⁰4s→3d¹⁰4p,upper,27,3,d,9,-0.479924648816545,0.6605596098195701,-0.5773502691896257,0.0,2.601039429240131e-11,13352466.1125537,22.452216352613814,0.001983725440530709,5.159748087607123e-14,3.0,18.31035256362241,10.689647062119807,10.789639924328567,2.313586498367442,-1.2520355460647901e-08,1.6342812725196367e-10,1.2239546303608445e-17,5.133511611723048e+17,6.098990201763854e-10
19,29,Cu,HOLDOUT,3d¹⁰4s→3d¹⁰4p,upper,28,4,p,0,0.8660254037844387,0.49999999999999994,0.0,0.0,7.590888037992199e-11,6100347.445080761,49.143505464061505,0.00041406425054492846,3.143115366421702e-14,4.0,11.153945799321116,17.846054221757623,18.055202948549674,3.4132157066841287,9.61431914039548e-10,4.769495618875786e-10,7.818399954779369e-17,8.036408144275979e+16,6.098990201763854e-10
20,30,Zn,CALIBRATION,3d¹⁰4s²→3d¹⁰4s4p,lower,0,1,s,0,0.0,0.0,1.0,0.0,1.7717799876695306e-12,65339735.70466941,4.588210447545103,0.047502158128940514,8.416337314397032e-14,1.0,29.866982051142866,0.13301794874638004,0.3481201728424352,0.053895873814905015,6.035030230961204e-10,1.1132421986080022e-11,1.7037751784607327e-19,3.6878018805603795e+19,6.098990201763854e-10
20,30,Zn,CALIBRATION,3d¹⁰4s²→3d¹⁰4s4p,lower,1,1,s,1,0.0,0.0,-1.0,0.0,1.7717799876695306e-12,65339735.70466941,4.588210447545103,0.047502158128940514,8.416337314397032e-14,1.0,29.866982051142866,0.13301794874638004,0.3476952259471581,0.05535553854109875,6.035030230961204e-10,1.1132421986080022e-11,1.7037751784607327e-19,3.6878018805603795e+19,6.098990201763854e-10
20,30,Zn,CALIBRATION,3d¹⁰4s²→3d¹⁰4s4p,lower,2,2,s,0,0.0,0.0,1.0,0.0,7.761464848487526e-12,29831388.37347415,10.049564379865512,0.009901603388141828,7.685094664072779e-14,2.0,27.272027702663397,2.7279722935109527,2.0963314015013994,5.341683925235867,4.2691790641895853e-10,4.8766721898207656e-11,1.634745298732749e-18,3.8435255400644357e+18,6.098990201763854e-10
20,30,Zn,CALIBRATION,3d¹⁰4s²→3d¹⁰4s4p,lower,3,2,s,1,0.0,0.0,-1.0,0.0,7.761464848487526e-12,29831388.37347415,10.049564379865512,0.009901603388141828,7.685094664072779e-14,2.0,27.272027702663397,2.7279722935109523,3.2741460804389035,0.10641958048049895,4.2691790641895853e-10,4.8766721898207656e-11,1.634745298732749e-18,3.8435255400644357e+18,6.098990201763854e-10
20,30,Zn,CALIBRATION,3d¹⁰4s²→3d¹⁰4s4p,lower,4,2,p,0,0.8660254037844387,0.49999999999999994,0.0,0.0,7.881757905442519e-12,29376095.411712553,10.205320135244033,0.009601669086913137,7.567803123122067e-14,2.0,26.855796245027626,3.144203757789659,4.171088352951598,2.694717584259943,6.39887226017271e-10,4.9522545466222984e-11,1.6858110232879292e-18,3.7270994318954844e+18,6.098992422209903e-10
20,30,Zn,CALIBRATION,3d¹⁰4s²→3d¹⁰4s4p,lower,5,2,p,1,-0.8660254037844385,0.5000000000000002,0.0,0.0,7.881757905442519e-12,29376095.411712553,10.205320135244033,0.009601669086913137,7.567803123122067e-14,2.0,26.855796245027626,3.1442037577896587,4.349620875606624,2.08237300054834,6.39887226017271e-10,4.9522545466222984e-11,1.6858110232879292e-18,3.7270994318954844e+18,6.098992422209903e-10
20,30,Zn,CALIBRATION,3d¹⁰4s²→3d¹⁰4s4p,lower,6,2,p,2,-5.511259909704863e-16,-1.0,0.0,0.0,7.881797064094613e-12,29375949.464247685,10.205370837966127,0.009601573680375201,7.567765524466936e-14,2.0,26.85566281901154,3.1443371851351554,46.16678941790549,6924700.202053741,6.84198054577511e-10,4.952279150729047e-11,1.6858277744371367e-18,3.7270623977454715e+18,6.098992422209903e-10
20,30,Zn,CALIBRATION,3d¹⁰4s²→3d¹⁰4s4p,lower,7,2,p,3,-0.8660254037844387,-0.49999999999999994,0.0,0.0,7.881757905442519e-12,29376095.411712553,10.205320135244033,0.009601669086913137,7.567803123122067e-14,2.0,26.855796245027626,3.1442037577896595,4.4041771281292545,3.7488774875439725,6.39887226017271e-10,4.9522545466222984e-11,1.6858110232879292e-18,3.7270994318954844e+18,6.098992422209903e-10
20,30,Zn,CALIBRATION,3d¹⁰4s²→3d¹⁰4s4p,lower,8,2,p,4,0.8660254037844385,-0.5000000000000002,0.0,0.0,7.881757905442519e-12,29376095.411712553,10.205320135244033,0.009601669086913137,7.567803123122067e-14,2.0,26.855796245027626,3.144203757789659,4.114474674561487,3.1864619128893006,6.39887226017271e-10,4.9522545466222984e-11,1.6858110232879292e-18,3.7270994318954844e+18,6.098992422209903e-10
20,30,Zn,CALIBRATION,3d¹⁰4s²→3d¹⁰4s4p,lower,9,2,p,5,5.511259909704863e-16,1.0,0.0,0.0,7.881797064094613e-12,29375949.464247685,10.205370837966127,0.009601573680375201,7.567765524466936e-14,2.0,26.85566281901154,3.144337185135156,-36.405265798357924,6924722.495807032,6.84198054577511e-10,4.952279150729047e-11,1.6858277744371367e-18,3.7270623977454715e+18,6.098992422209903e-10
20,30,Zn,CALIBRATION,3d¹⁰4s²→3d¹⁰4s4p,lower,10,3,s,0,0.0,0.0,1.0,0.0,2.3457037893634188e-11,14805914.964126838,20.248154789917766,0.0024390971324700175,5.721399386260368e-14,3.0,20.303479577101598,9.696520478025553,695.161505670328,492671188.8616478,2.250340972310356e-09,1.473849158432371e-10,9.954461862055478e-18,6.311928654958132e+17,6.098992422209903e-10
20,30,Zn,CALIBRATION,3d¹⁰4s²→3d¹⁰4s4p,lower,11,3,s,1,0.0,0.0,-1.0,0.0,2.3457037893634188e-11,14805914.964126838,20.248154789917766,0.0024390971324700175,5.721399386260368e-14,3.0,20.303479577101598,9.696520478025553,-680.578700969044,492668975.80460435,2.250340972310356e-09,1.473849158432371e-10,9.954461862055478e-18,6.311928654958132e+17,6.098992422209903e-10
20,30,Zn,CALIBRATION,3d¹⁰4s²→3d¹⁰4s4p,lower,12,3,p,0,0.8660254037844387,0.49999999999999994,0.0,0.0,2.5495908370434247e-11,13621907.614250397,22.00811123446291,0.0020645930220059335,5.263867451130122e-14,3.0,18.679840031311986,11.320160163909536,-593.1566873303059,737369739.7614163,6.8871447932087534e-09,1.6019551686630948e-10,1.1760138256900439e-17,5.3427818363383885e+17,6.098992422209903e-10
20,30,Zn,CALIBRATION,3d¹⁰4s²→3d¹⁰4s4p,lower,13,3,p,1,-0.8660254037844385,0.5000000000000002,0.0,0.0,2.5495908370434254e-11,13621907.614250394,22.008111234462913,0.0020645930220059327,5.263867451130121e-14,3.0,18.679840031311983,11.32016016390954,-2969.6119668183424,748819113.3755434,6.887144793208757e-09,1.6019551686630953e-10,1.1760138256900446e-17,5.342781836338385e+17,6.098994642655953e-10
20,30,Zn,CALIBRATION,3d¹⁰4s²→3d¹⁰4s4p,lower,14,3,p,2,-5.511259909704863e-16,-1.0,0.0,0.0,2.5509619647175052e-11,13614585.915706085,22.019946831739688,0.0020623742042483466,5.261038152052063e-14,3.0,18.669799722609397,11.330200590107466,-1082.8441565635387,691504641.268706,1.0803452047251238e-08,1.6028166735886998e-10,1.1772790472750665e-17,5.337039949638673e+17,6.098992422209903e-10
20,30,Zn,CALIBRATION,3d¹⁰4s²→3d¹⁰4s4p,lower,15,3,p,3,-0.8660254037844387,-0.49999999999999994,0.0,0.0,2.5495908370434247e-11,13621907.614250397,22.00811123446291,0.0020645930220059335,5.263867451130122e-14,3.0,18.679840031311986,11.320160163909536,626.3260529767075,737359120.8256373,6.8871447932087534e-09,1.6019551686630948e-10,1.1760138256900439e-17,5.3427818363383885e+17,6.098992422209903e-10
20,30,Zn,CALIBRATION,3d¹⁰4s²→3d¹⁰4s4p,lower,16,3,p,4,0.8660254037844385,-0.5000000000000002,0.0,0.0,2.5495908370434254e-11,13621907.614250394,22.008111234462913,0.0020645930220059327,5.263867451130121e-14,3.0,18.679840031311983,11.320160163909543,2998.024422392222,748814475.4282533,6.887144872761989e-09,1.6019551686630953e-10,1.1760138256900446e-17,5.342781836338385e+17,6.098994642655953e-10
20,30,Zn,CALIBRATION,3d¹⁰4s²→3d¹⁰4s4p,lower,17,3,p,5,5.511259909704863e-16,1.0,0.0,0.0,2.5509619647175052e-11,13614585.915706085,22.019946831739688,0.0020623742042483466,5.261038152052063e-14,3.0,18.669799722609397,11.330200590107465,1111.5442290725618,691489896.619385,1.0803451967612417e-08,1.6028166735886998e-10,1.1772790472750665e-17,5.337039949638673e+17,6.098992422209903e-10
20,30,Zn,CALIBRATION,3d¹⁰4s²→3d¹⁰4s4p,lower,18,3,d,0,0.776534393824027,0.2523113193557069,0.5773502691896257,0.0,2.4588489499855954e-11,14124613.403579883,21.224825730381944,0.002219789198666853,5.458126340331358e-14,3.0,19.36920483934119,10.630795031685885,2826.6960064478453,751189599.571654,-3.905322348894358e-09,1.5449403595123445e-10,1.0937930231214537e-17,5.744400608123012e+17,6.098990201763854e-10
20,30,Zn,CALIBRATION,3d¹⁰4s²→3d¹⁰4s4p,lower,19,3,d,1,5.455787998194379e-17,0.816496580927726,0.5773502691896257,0.0,2.458404745159881e-11,14127165.55511131,21.220991346812166,0.002220591450744402,5.459112559571502e-14,3.0,19.37270462686675,10.627295136913734,391.1532007448638,435509721.19462085,-7.48013721029601e-09,1.544661257388914e-10,1.0933978591551541e-17,5.746476686934867e+17,6.098992422209903e-10
20,30,Zn,CALIBRATION,3d¹⁰4s²→3d¹⁰4s4p,lower,20,3,d,2,-0.776534393824027,0.25231131935570705,0.5773502691896257,0.0,2.458848949985595e-11,14124613.403579885,21.22482573038194,0.0022197891986668536,5.458126340331359e-14,3.0,19.369204839341194,10.630795031685885,935.6051641339527,619401833.2974194,-3.905322126920509e-09,1.5449403595123445e-10,1.0937930231214535e-17,5.744400608123013e+17,6.098990201763854e-10
20,30,Zn,CALIBRATION,3d¹⁰4s²→3d¹⁰4s4p,lower,21,3,d,3,-0.4799246488165452,-0.6605596098195698,0.5773502691896257,0.0,2.4588485041143773e-11,14124615.964843245,21.224821881614044,0.0022197900037105173,5.458127330071653e-14,3.0,19.369208351623847,10.630791522006385,982.9079054608771,960123941.6637158,-3.818550054982501e-09,1.544940079363196e-10,1.0937926264392716e-17,5.744402691425928e+17,6.098990201763854e-10
20,30,Zn,CALIBRATION,3d¹⁰4s²→3d¹⁰4s4p,lower,22,3,d,4,0.479924648816545,-0.6605596098195701,0.5773502691896257,0.0,2.4588485041143764e-11,14124615.96484325,21.224821881614037,0.0022197900037105186,5.4581273300716545e-14,3.0,19.369208351623854,10.630791522006382,-8601.40888394395,3494316573.0204053,-3.818549980991241e-09,1.5449400793631954e-10,1.0937926264392708e-17,5.744402691425932e+17,6.098992422209903e-10
20,30,Zn,CALIBRATION,3d¹⁰4s²→3d¹⁰4s4p,lower,23,3,d,5,-0.776534393824027,-0.2523113193557069,-0.5773502691896257,0.0,2.458848949985595e-11,14124613.403579885,21.22482573038194,0.0022197891986668536,5.458126340331359e-14,3.0,19.369204839341194,10.630795031685883,-2805.098300818518,751144280.0982492,-3.9053222009117915e-09,1.5449403595123445e-10,1.0937930231214535e-17,5.744400608123013e+17,6.098990201763854e-10
20,30,Zn,CALIBRATION,3d¹⁰4s²→3d¹⁰4s4p,lower,24,3,d,6,-5.455787998194379e-17,-0.816496580927726,-0.5773502691896257,0.0,2.458404745159881e-11,14127165.55511131,21.220991346812166,0.002220591450744402,5.459112559571502e-14,3.0,19.37270462686675,10.62729513691373,-365.9842235554702,435511038.2216369,-7.48013728426056e-09,1.544661257388914e-10,1.0933978591551541e-17,5.746476686934867e+17,6.098992422209903e-10
20,30,Zn,CALIBRATION,3d¹⁰4s²→3d¹⁰4s4p,lower,25,3,d,7,0.776534393824027,-0.25231131935570705,-0.5773502691896257,0.0,2.458848949985595e-11,14124613.403579885,21.22482573038194,0.0022197891986668536,5.458126340331359e-14,3.0,19.369204839341194,10.630795031685885,-912.5425350281565,619410040.545415,-3.905322126920509e-09,1.5449403595123445e-10,1.0937930231214535e-17,5.744400608123013e+17,6.098990201763854e-10
20,30,Zn,CALIBRATION,3d¹⁰4s²→3d¹⁰4s4p,lower,26,3,d,8,0.4799246488165452,0.6605596098195698,-0.5773502691896257,0.0,2.4588485041143773e-11,14124615.964843245,21.224821881614044,0.0022197900037105173,5.458127330071653e-14,3.0,19.369208351623847,10.630791522006385,-966.1148275032614,960109837.8615413,-3.818550054982501e-09,1.544940079363196e-10,1.0937926264392716e-17,5.744402691425928e+17,6.098990201763854e-10
20,30,Zn,CALIBRATION,3d¹⁰4s²→3d¹⁰4s4p,lower,27,3,d,9,-0.479924648816545,0.6605596098195701,-0.5773502691896257,0.0,2.458848504114377e-11,14124615.964843249,21.22482188161404,0.0022197900037105177,5.458127330071654e-14,3.0,19.36920835162385,10.630791522006383,8623.837509101733,3494334804.0594435,-3.818550128973755e-09,1.544940079363196e-10,1.0937926264392713e-17,5.7444026914259296e+17,6.098994642655953e-10
20,30,Zn,CALIBRATION,3d¹⁰4s²→3d¹⁰4s4p,lower,28,4,s,0,0.0,0.0,1.0,0.0,6.742634319082202e-11,6867798.586882741,43.65190012598699,0.0005247998403333862,3.5385334140807496e-14,4.0,12.557162340075553,17.44283764438212,-25239.507724576433,633326302301.0496,-2.627909082531987e-10,4.236522088534213e-10,6.168675500510199e-17,1.018563110777981e+17,6.098992422209903e-10
20,30,Zn,CALIBRATION,3d¹⁰4s²→3d¹⁰4s4p,lower,29,4,s,1,0.0,0.0,-1.0,0.0,6.742634319082202e-11,6867798.586882741,43.65190012598699,0.0005247998403333862,3.5385334140807496e-14,4.0,12.557162340075553,17.442837644382124,25275.992307707762,633326443149.0975,-2.627907691567386e-10,4.236522088534213e-10,6.168675500510199e-17,1.018563110777981e+17,6.098992422209903e-10
20,30,Zn,CALIBRATION,3d¹⁰4s²→3d¹⁰4s4p,upper,0,1,s,0,0.0,0.0,1.0,0.0,1.771756012202277e-12,65340619.88436625,4.588148360553432,0.04750344373952637,8.416451204581847e-14,1.0,29.86738621223796,0.13261378768659723,0.3480705859082952,0.05383436542364599,6.046885002984545e-10,1.1132271343776442e-11,1.7037290683004386e-19,3.687901688175927e+19,6.098990201763854e-10
20,30,Zn,CALIBRATION,3d¹⁰4s²→3d¹⁰4s4p,upper,1,1,s,1,0.0,0.0,-1.0,0.0,1.771816047032368e-12,65338405.93387214,4.588303827054102,0.04750022465494555,8.416166028127504e-14,1.0,29.866374209067814,0.1336257908471317,0.3478031242344208,0.05540635968662041,6.043470778047386e-10,1.1132648553738789e-11,1.7038445298169575e-19,3.687651776453209e+19,6.098992422209903e-10
20,30,Zn,CALIBRATION,3d¹⁰4s²→3d¹⁰4s4p,upper,2,2,s,0,0.0,0.0,1.0,0.0,7.760511480934531e-12,29835053.116166167,10.048329957138806,0.00990403633273654,7.686038766779465e-14,2.0,27.275378031617873,2.724621965685171,2.113488322497259,5.183900816622976,4.6460889123782996e-10,4.876073171320634e-11,1.6343437205675785e-18,3.8444699411195756e+18,6.098992422209903e-10
20,30,Zn,CALIBRATION,3d¹⁰4s²→3d¹⁰4s4p,upper,3,2,s,1,0.0,0.0,-1.0,0.0,7.766133502905023e-12,29813455.068173926,10.055609365451593,0.00988970215839285,7.680474726604682e-14,2.0,27.255632971287675,2.7443670260469335,3.286071906586908,0.10793057170386725,4.6525974031989523e-10,4.879605591904797e-11,1.6367125449722902e-18,3.838905815490014e+18,6.098990201763854e-10
20,30,Zn,CALIBRATION,3d¹⁰4s²→3d¹⁰4s4p,upper,4,2,p,0,0.8660254037844387,0.49999999999999994,0.0,0.0,7.876795573708899e-12,29394602.167297013,10.198894895523857,0.009613770880164015,7.572570791552742e-14,2.0,26.872715227968246,3.127284773824275,4.067252544683486,2.112490258565154,6.060722779550036e-10,4.949136621638496e-11,1.68368892814772e-18,3.731797009612648e+18,6.098992422209903e-10
20,30,Zn,CALIBRATION,3d¹⁰4s²→3d¹⁰4s4p,upper,5,2,p,1,-0.8660254037844385,0.5000000000000002,0.0,0.0,7.883109759713512e-12,29371057.780465756,10.207070519584331,0.009598376238075289,7.566505339977357e-14,2.0,26.85119081341987,3.1488091890729453,4.442769466676682,2.6013896289041503,6.289778106910557e-10,4.953103941711594e-11,1.6863893628665386e-18,3.7258212400601103e+18,6.098990201763854e-10
20,30,Zn,CALIBRATION,3d¹⁰4s²→3d¹⁰4s4p,upper,6,2,p,2,-5.511259909704863e-16,-1.0,0.0,0.0,7.883126408422842e-12,29370995.750481922,10.207092076375414,0.009598335695681574,7.566489359953506e-14,2.0,26.85113410525006,3.1488658980970077,582198.8601428416,1355805420994.3743,6.574518688070744e-10,4.953114402404178e-11,1.6863964860036817e-18,3.7258055026366254e+18,6.098992422209903e-10
20,30,Zn,CALIBRATION,3d¹⁰4s²→3d¹⁰4s4p,upper,7,2,p,3,-0.8660254037844387,-0.49999999999999994,0.0,0.0,7.882816273794771e-12,29372151.29724678,10.206690513272049,0.00959909096758581,7.566787049292182e-14,2.0,26.85219051278257,3.147809489155861,4.456288886227295,4.14561461051447,6.105188246115439e-10,4.952919539070344e-11,1.686263797617919e-18,3.726098678068909e+18,6.098992422209903e-10
20,30,Zn,CALIBRATION,3d¹⁰4s²→3d¹⁰4s4p,upper,8,2,p,4,0.8660254037844385,-0.5000000000000002,0.0,0.0,7.879369113148468e-12,29385001.377322376,10.202227120920345,0.009607491855110523,7.570097457798332e-14,2.0,26.863938130272434,3.1360618714988604,4.061505791228712,2.831798923412195,6.051862005203946e-10,4.95075362415791e-11,1.684789311590304e-18,3.7293596676778363e+18,6.098990201763854e-10
20,30,Zn,CALIBRATION,3d¹⁰4s²→3d¹⁰4s4p,upper,9,2,p,5,5.511259909704863e-16,1.0,0.0,0.0,7.879420419725525e-12,29384810.037889116,10.202293552806506,0.009607366737807446,7.57004816536718e-14,2.0,26.863763206656436,3.136236796174582,-581641.8478995652,1353258431364.5474,6.405066790791349e-10,4.950785861031023e-11,1.6848112527007737e-18,3.7293111006396483e+18,6.098990201763854e-10
20,30,Zn,CALIBRATION,3d¹⁰4s²→3d¹⁰4s4p,upper,10,3,s,0,0.0,0.0,1.0,0.0,2.3487110034133792e-11,14786957.9466658,20.274113112467326,0.0024328552478971727,5.714073890448074e-14,3.0,20.277483654674953,9.722516386961525,-111.64097953107284,616210.4625174844,1.8001234863850148e-09,1.4757386467457967e-10,9.98000164786125e-18,6.295775821365816e+17,6.098992422209903e-10
20,30,Zn,CALIBRATION,3d¹⁰4s²→3d¹⁰4s4p,upper,11,3,s,1,0.0,0.0,-1.0,0.0,2.3745231274256523e-11,14626217.127646104,20.496923803581442,0.0023802502898032504,5.6519593621994293e-14,3.0,20.057058375718515,9.942941677824184,129.3970501130636,644317.3317813703,2.192515929090116e-09,1.4919568825798978e-10,1.020056566615464e-17,6.159643997025697e+17,6.098990201763854e-10
20,30,Zn,CALIBRATION,3d¹⁰4s²→3d¹⁰4s4p,upper,12,3,p,0,0.8660254037844387,0.49999999999999994,0.0,0.0,2.5059032803891538e-11,13859389.988488076,21.630999506400673,0.0021372081674452424,5.3556369576755246e-14,3.0,19.005501670389265,10.994498445963833,-48.71716304705754,208438.81972996687,4.264817920500025e-09,1.5745054672554258e-10,1.136056831190439e-17,5.530696295004564e+17,6.098990201763854e-10
20,30,Zn,CALIBRATION,3d¹⁰4s²→3d¹⁰4s4p,upper,13,3,p,1,-0.8660254037844385,0.5000000000000002,0.0,0.0,2.5488111041296077e-11,13626074.831545783,22.00138056676081,0.0020658564168257788,5.265477774742948e-14,3.0,18.685554572524417,11.31444561384015,564.1031503231746,13219630.842322212,6.5920289670877065e-09,1.601465248024333e-10,1.1752946228629055e-17,5.3460512665959e+17,6.098990201763854e-10
20,30,Zn,CALIBRATION,3d¹⁰4s²→3d¹⁰4s4p,upper,14,3,p,2,-5.511259909704863e-16,-1.0,0.0,0.0,2.5485564683126772e-11,13627436.2636896,21.999182546081624,0.002066269252344447,5.2660038683380394e-14,3.0,18.687421516228643,11.312578752687752,873.3829487612005,32609003.552975733,9.343794642721703e-09,1.601305255621971e-10,1.1750598018855976e-17,5.347119607952778e+17,6.098992422209903e-10
20,30,Zn,CALIBRATION,3d¹⁰4s²→3d¹⁰4s4p,upper,15,3,p,3,-0.8660254037844387,-0.49999999999999994,0.0,0.0,2.542166822393556e-11,13661688.340202965,21.944027014419955,0.002076669294603218,5.27923978182373e-14,3.0,18.734391685762063,11.265608450571598,83.82744090879783,217108.30667338788,4.925324898069e-09,1.5972905226862607e-10,1.1691750557548808e-17,5.374032978425828e+17,6.098990201763854e-10
20,30,Zn,CALIBRATION,3d¹⁰4s²→3d¹⁰4s4p,upper,16,3,p,4,0.8660254037844385,-0.5000000000000002,0.0,0.0,2.535794529046133e-11,13696019.31013277,21.88902127045072,0.0020871194890600907,5.2925061818241387e-14,3.0,18.781470042521555,11.218530071303762,-529.8856366518928,12952697.84414991,4.176004135042789e-09,1.5932866926929041e-10,1.1633210034350183e-17,5.401076133437624e+17,6.098992422209903e-10
20,30,Zn,CALIBRATION,3d¹⁰4s²→3d¹⁰4s4p,upper,17,3,p,5,5.511259909704863e-16,1.0,0.0,0.0,2.5381708163660196e-11,13683196.81733215,21.909533422793473,0.002083213310714899,5.287551229521794e-14,3.0,18.763886446956157,11.236113761389186,-837.7435696919185,32092155.840415098,7.326314079174412e-09,1.594779758050299e-10,1.165502315972122e-17,5.390967672113897e+17,6.098992422209903e-10
20,30,Zn,CALIBRATION,3d¹⁰4s²→3d¹⁰4s4p,upper,18,3,d,0,0.776534393824027,0.2523113193557069,0.5773502691896257,0.0,2.4416984013132606e-11,14223825.03001406,21.076781904122146,0.002251082422343393,5.496464351860245e-14,3.0,19.50525460296592,10.494745316701907,-77.27467083050003,327865.348716039,-2.2811976211089126e-09,1.5341643519695363e-10,1.0785877559181559e-17,5.82538163696377e+17,6.098992422209903e-10
20,30,Zn,CALIBRATION,3d¹⁰4s²→3d¹⁰4s4p,upper,19,3,d,1,5.455787998194379e-17,0.816496580927726,0.5773502691896257,0.0,2.4521398541988957e-11,14163258.582855633,21.16691270205949,0.0022319525765266807,5.473059865582984e-14,3.0,19.422199308786656,10.577800534699714,-149.60517709711945,1170800.5326104653,-4.822268253238924e-09,1.5407249103051995e-10,1.087832225396364e-17,5.77587716239077e+17,6.098992422209903e-10
20,30,Zn,CALIBRATION,3d¹⁰4s²→3d¹⁰4s4p,upper,20,3,d,2,-0.776534393824027,0.25231131935570705,0.5773502691896257,0.0,2.4590797719364383e-11,14123287.594284097,21.226818189366224,0.002219372496425626,5.4576140123523324e-14,3.0,19.367386745557365,10.632613132828354,-4162.389823777998,766452302.5290049,-3.66007120439713e-09,1.5450853892213556e-10,1.0939983901812454e-17,5.743322260409026e+17,6.098990201763854e-10
20,30,Zn,CALIBRATION,3d¹⁰4s²→3d¹⁰4s4p,upper,21,3,d,3,-0.4799246488165452,-0.6605596098195698,0.5773502691896257,0.0,2.4582330554150854e-11,14128152.235134793,21.21950931803077,0.002220901645981997,5.4594938389787165e-14,3.0,19.374057669738768,10.625942235664315,39623.87041943901,69067547880.76219,-2.759356432978825e-09,1.5445533815407246e-10,1.0932451433384404e-17,5.747279414379684e+17,6.098992422209903e-10
20,30,Zn,CALIBRATION,3d¹⁰4s²→3d¹⁰4s4p,upper,22,3,d,4,0.479924648816545,-0.6605596098195701,0.5773502691896257,0.0,2.4581201460178077e-11,14128801.186796531,21.218534682203487,0.002221105677038648,5.459744611163223e-14,3.0,19.37494758277978,10.625052329285545,-336.63857347393105,5395335.007709321,-2.537263856615871e-09,1.5444824384741228e-10,1.0931447176972473e-17,5.747807408716537e+17,6.098990201763854e-10
20,30,Zn,CALIBRATION,3d¹⁰4s²→3d¹⁰4s4p,upper,23,3,d,5,-0.776534393824027,-0.2523113193557069,-0.5773502691896257,0.0,2.473113826118184e-11,14043142.887142302,21.347960382464358,0.002194255641740724,5.426643965626813e-14,3.0,19.257483613693594,10.742516289557027,100.19706549790517,346581.6797245408,-2.833475337969621e-09,1.5539032455248466e-10,1.1065209960567857e-17,5.678324523050568e+17,6.098990201763854e-10
20,30,Zn,CALIBRATION,3d¹⁰4s²→3d¹⁰4s4p,upper,24,3,d,6,-5.455787998194379e-17,-0.816496580927726,-0.5773502691896257,0.0,2.4751003381639003e-11,14031871.880438102,21.365107988046987,0.0021907348422265482,5.4222885488223685e-14,3.0,19.24202758446564,10.75797220131214,177.72231305607318,1214445.8185957703,-6.749550594959764e-09,1.5551514078546645e-10,1.1082993210782578e-17,5.669213350294858e+17,6.098994642655953e-10
20,30,Zn,CALIBRATION,3d¹⁰4s²→3d¹⁰4s4p,upper,25,3,d,7,0.776534393824027,-0.25231131935570705,-0.5773502691896257,0.0,2.4636310714836885e-11,14097196.304408118,21.266105084048274,0.0022111799558621765,5.447531643903989e-14,3.0,19.331607533504567,10.66839239329038,4200.935356583792,772104434.8126631,-2.0471574375720036e-09,1.5479450550657412e-10,1.0980517130074348e-17,5.722121492776218e+17,6.098990201763854e-10
20,30,Zn,CALIBRATION,3d¹⁰4s²→3d¹⁰4s4p,upper,26,3,d,8,0.4799246488165452,0.6605596098195698,-0.5773502691896257,0.0,2.456756372469319e-11,14136644.245858608,21.20676256586322,0.0022235722837763787,5.462775377813776e-14,3.0,19.38570283768126,10.614297078330614,-39560.907288961214,68901083547.50209,-2.405493362635455e-09,1.5436255542819044e-10,1.0919320932434982e-17,5.754190527101259e+17,6.098990201763854e-10
20,30,Zn,CALIBRATION,3d¹⁰4s²→3d¹⁰4s4p,upper,27,3,d,9,-0.479924648816545,0.6605596098195701,-0.5773502691896257,0.0,2.473827619077173e-11,14039090.908565618,21.35412185536093,0.002192989572710828,5.425078173320295e-14,3.0,19.25192710033539,10.748072787090774,365.2903119360507,5534038.7681184765,-3.3610700658648343e-09,1.5543517348680753e-10,1.1071598189593064e-17,5.6750481724360026e+17,6.098992422209903e-10
20,30,Zn,CALIBRATION,3d¹⁰4s²→3d¹⁰4s4p,upper,28,4,s,0,0.0,0.0,1.0,0.0,6.829007750237634e-11,6780934.528423759,44.2110828151127,0.0005116084353849847,3.49377797033101e-14,4.0,12.398339091288005,17.60166089701952,18.116707116230387,0.21932057500959531,-1.37691256904547e-10,4.290792115890862e-10,6.327729751563115e-17,9.92960438240504e+16,6.098992422209903e-10
20,30,Zn,CALIBRATION,3d¹⁰4s²→3d¹⁰4s4p,upper,29,4,p,0,0.8660254037844387,0.49999999999999994,0.0,0.0,7.131375072472114e-11,6493425.738776538,46.168612695413,0.0004691441988046966,3.345643244750715e-14,4.0,11.872654696190232,18.127345311746808,18.267319932777077,3.7678185796751014,5.059387364909161e-10,4.4807751075343543e-10,6.900479481541898e-17,9.105432925330024e+16,6.098990201763854e-10
21,1,H,CONTROL,2->1,lower,0,1,s,0,0.0,0.0,1.0,0.0,5.29177210903e-11,2187691.2636430627,137.03599908369577,5.325135452066933e-05,2.8179403262054656e-15,1.0,1.0,0.0,0.0,0.0,6.098992584414043e-10,3.3249184764400027e-10,1.519829846055685e-16,4.134137333521859e+16,6.098992422209903e-10
21,1,H,CONTROL,2->1,upper,0,2,p,0,0.8660254037844387,0.49999999999999994,0.0,0.0,2.116708843612e-10,1093845.6318215313,274.07199816739154,1.3312838630167332e-05,2.8179403262054656e-15,2.0,1.0,0.0,0.0,0.0,6.098992584414043e-10,1.329967390576001e-09,1.215863876844548e-15,5167671666902324.0,6.098992422209903e-10
22,1,H,CONTROL,3->1,lower,0,1,s,0,0.0,0.0,1.0,0.0,5.29177210903e-11,2187691.2636430627,137.03599908369577,5.325135452066933e-05,2.8179403262054656e-15,1.0,1.0,0.0,0.0,0.0,6.098992584414043e-10,3.3249184764400027e-10,1.519829846055685e-16,4.134137333521859e+16,6.098992422209903e-10
22,1,H,CONTROL,3->1,upper,0,3,p,0,0.8660254037844387,0.49999999999999994,0.0,0.0,4.762594898127e-10,729230.4212143542,411.10799725108734,5.916817168963258e-06,2.817940326205465e-15,3.0,1.0,0.0,0.0,0.0,6.098993663730712e-10,2.9924266287960025e-09,4.10354058435035e-15,1531161975378466.2,6.098990201763854e-10
23,1,H,CONTROL,3->2,lower,0,2,s,0,0.0,0.0,1.0,0.0,2.116708843612e-10,1093845.6318215313,274.07199816739154,1.3312838630167332e-05,2.8179403262054656e-15,2.0,1.0,0.0,0.0,0.0,6.098992584414043e-10,1.329967390576001e-09,1.215863876844548e-15,5167671666902324.0,6.098992422209903e-10
23,1,H,CONTROL,3->2,upper,0,3,p,0,0.8660254037844387,0.49999999999999994,0.0,0.0,4.762594898127e-10,729230.4212143542,411.10799725108734,5.916817168963258e-06,2.817940326205465e-15,3.0,1.0,0.0,0.0,0.0,6.098993663730712e-10,2.9924266287960025e-09,4.10354058435035e-15,1531161975378466.2,6.098990201763854e-10
24,2,He,CONTROL,2->1,lower,0,1,s,0,0.0,0.0,1.0,0.0,2.645886054515e-11,4375382.527286125,68.51799954184789,0.0002130054180826773,5.635880652410931e-15,1.0,2.0,0.0,0.0,0.0,6.098992584414043e-10,1.6624592382200014e-10,3.7995746151392125e-17,1.6536549334087437e+17,6.098992422209903e-10
24,2,He,CONTROL,2->1,upper,0,2,p,0,0.8660254037844387,0.49999999999999994,0.0,0.0,1.058354421806e-10,2187691.2636430627,137.03599908369577,5.325135452066933e-05,5.635880652410931e-15,2.0,2.0,0.0,0.0,0.0,6.098992584414043e-10,6.649836952880005e-10,3.03965969211137e-16,2.0670686667609296e+16,6.098992422209903e-10
25,2,He,CONTROL,3->1,lower,0,1,s,0,0.0,0.0,1.0,0.0,2.645886054515e-11,4375382.527286125,68.51799954184789,0.0002130054180826773,5.635880652410931e-15,1.0,2.0,0.0,0.0,0.0,6.098992584414043e-10,1.6624592382200014e-10,3.7995746151392125e-17,1.6536549334087437e+17,6.098992422209903e-10
25,2,He,CONTROL,3->1,upper,0,3,p,0,0.8660254037844387,0.49999999999999994,0.0,0.0,2.3812974490635e-10,1458460.8424287084,205.55399862554367,2.3667268675853032e-05,5.63588065241093e-15,3.0,2.0,0.0,0.0,0.0,6.098993663730712e-10,1.4962133143980012e-09,1.0258851460875874e-15,6124647901513865.0,6.098990201763854e-10
26,3,Li,CONTROL,2->1,lower,0,1,s,0,0.0,0.0,1.0,0.0,1.7639240363433332e-11,6563073.790929188,45.678666361231926,0.0004792621906860239,8.453820978616394e-15,1.0,3.0,0.0,0.0,0.0,6.098991929944678e-10,1.1083061588133342e-10,1.6886998289507608e-17,3.720723600169673e+17,6.098992422209903e-10
26,3,Li,CONTROL,2->1,upper,0,2,p,0,0.8660254037844387,0.49999999999999994,0.0,0.0,7.055696145373333e-11,3281536.895464594,91.35733272246385,0.00011981554767150597,8.453820978616394e-15,2.0,3.0,0.0,0.0,0.0,6.098991929944678e-10,4.433224635253337e-10,1.3509598631606086e-16,4.650904500212091e+16,6.098992422209903e-10
27,3,Li,CONTROL,3->1,lower,0,1,s,0,0.0,0.0,1.0,0.0,1.7639240363433332e-11,6563073.790929188,45.678666361231926,0.0004792621906860239,8.453820978616394e-15,1.0,3.0,0.0,0.0,0.0,6.098991929944678e-10,1.1083061588133342e-10,1.6886998289507608e-17,3.720723600169673e+17,6.098992422209903e-10
27,3,Li,CONTROL,3->1,upper,0,3,p,0,0.8660254037844387,0.49999999999999994,0.0,0.0,1.5875316327090001e-10,2187691.2636430627,137.03599908369577,5.325135452066933e-05,8.453820978616398e-15,3.0,3.0,0.0,0.0,0.0,6.098994190838853e-10,9.97475542932001e-10,4.559489538167055e-16,1.3780457778406194e+16,6.098994642655953e-10
