hostname,hd_name,hip_name,sy_pnum
"Kepler-543",,,1
"HD 67087","HD 67087","HIP 39767",2
"Kepler-78",,,1
"Kepler-215",,,4
"Kepler-981",,,1
"K2-187",,,4
"Kepler-1431",,,1
"70 Vir","HD 117176","HIP 65721",1
"HD 158259","HD 158259","HIP 85268",5
"Kepler-267",,,3
"Kepler-1751",,,1
"HD 40979","HD 40979","HIP 28767",1
"Kepler-302",,,2
"BD+20 594",,,1
"Kepler-271",,,3
"K2-167","HD 212657","HIP 110758",1
"Kepler-264",,,2
"GJ 414 B",,,2
"Kepler-107",,,4
"Kepler-1178",,,1
"Kepler-292",,,5
"Kepler-1192",,,1
"Kepler-96",,,1
"Kepler-393",,,2
"HD 136418","HD 136418","HIP 74961",1
"HIP 54373",,"HIP 54373",2
"K2-339",,,1
"Kepler-178",,,3
"Kepler-1515",,,1
"Kepler-1265",,,1
"Kepler-514",,,1
"Kepler-85",,,4
"Kepler-1064",,,1
"Kepler-1642",,,2
"Kepler-758",,,4
"Kepler-1729",,,1
"Kepler-672",,,1
"HD 38283","HD 38283","HIP 26380",1
"Kepler-190",,,2
"K2-42",,,1
"HD 224693","HD 224693","HIP 118319",1
"Kepler-1787",,,1
"Kepler-37",,,4
"HD 29021","HD 29021","HIP 21571",1
"Kepler-149",,,3
"Kepler-1238",,,1
"Kepler-341",,,4
"Kepler-254",,,3
"TOI-6628",,,1
"Kepler-172",,,4
"Kepler-226",,,3
"Kepler-1731",,,1
"Kepler-266",,,2
"Kepler-1110",,,1
"Kepler-245",,,4
"Kepler-140",,,2
"HR 810","HD 17051","HIP 12653",1
"TIC 77552382",,,1
"Kepler-1830",,,1
"Kepler-894",,,1
"HIP 65426","HD 116434","HIP 65426",1
"Kepler-189",,,2
"Kepler-1727",,,1
"Kepler-1581",,,1
"HD 108874","HD 108874","HIP 61028",2
"TOI-672",,,1
"Gl 725 A","HD 173739","HIP 91768",1
"Kepler-1885",,,1
"HD 23596","HD 23596","HIP 17747",1
"Kepler-1435",,,1
"Kepler-1912",,,1
"WASP-145 A",,,1
"Kepler-667",,,1
"K2-47",,,1
"HD 3651","HD 3651","HIP 3093",1
"EPIC 206024342",,,3
"HD 23472","HD 23472","HIP 17264",5
"Kepler-128",,,2
"Kepler-738",,,1
"Kepler-1324",,,1
"HD 38801","HD 38801","HIP 27384",1
"Kepler-1984",,,1
"Kepler-1204",,,1
"Kepler-1750",,,1
"HD 95127","HD 95127","HIP 53733",1
"Kepler-185",,,2
"TIC 153919886",,,1
"HD 7924","HD 7924","HIP 6379",3
"Kepler-278",,,2
"Kepler-58",,,4
"Kepler-587",,,1
"Kepler-1444",,,1
"Kepler-834",,,1
"Kepler-1363",,,1
"K2-273",,,1
"Kepler-148",,,3
"WASP-173 A",,,1
"TOI-157",,,1
"HD 114729","HD 114729","HIP 64459",1
"Kepler-561",,,2
"K2-279",,,1
"Kepler-207",,,3
"HATS-51",,,1
"Kepler-160",,,3
"Kepler-506",,,1
"Kepler-1171",,,1
"Kepler-321",,,2
"Kepler-1428",,,1
"CoRoT-22",,,1
"CoRoT-2",,,1
"HD 21411","HD 21411","HIP 16012",1
"HD 103197","HD 103197","HIP 57931",1
"K2-367",,,1
"Kepler-1725",,,1
"Kepler-1054",,,1
"Kepler-1976",,,1
"Kepler-328",,,2
"Kepler-462",,,2
"Kepler-454",,,3
"Kepler-352",,,3
"Kepler-1123",,,1
"Kepler-1041",,,1
"Kepler-1260",,,1
"Kepler-474",,,1
"K2-8",,,2
"WASP-24",,,1
"Kepler-942",,,1
"HAT-P-19",,,1
"Kepler-1490",,,1
"HD 83443","HD 83443","HIP 47202",2
"Kepler-926",,,1
"Kepler-600",,,1
"G 9-40",,,1
"Kepler-404",,,2
"Kepler-950",,,1
"Kepler-745",,,1
"TOI-3364",,,1
"WASP-54",,,1
"Kepler-1816",,,1
"BD+48 740",,"HIP 12684",1
"Kepler-1625",,,1
"Kepler-125",,,2
"Kepler-524",,,2
"K2-335",,,1
"Kepler-1437",,,1
"Kepler-551",,,1
"Kepler-1571",,,1
"Kepler-410 A","HD 175289",,1
"Kepler-625",,,2
"Kepler-1756",,,1
"Kepler-1302",,,1
"HD 65216","HD 65216","HIP 38558",2
"Kepler-1281",,,1
"Kepler-1121",,,1
"HD 5319","HD 5319","HIP 4297",2
"Kepler-285",,,2
"HD 109271","HD 109271","HIP 61300",2
"WASP-14",,,1
"K2-90",,,2
"Kepler-104",,,3
"Kepler-555",,,1
"Kepler-1500",,,1
"Kepler-1065",,,2
"KOI-142",,,3
"TOI-3714",,,1
"HAT-P-1",,,1
"L 168-9",,"HIP 115211",1
"Kepler-1268",,,1
"Kepler-1939",,,1
"Kepler-419",,,2
"Kepler-1348",,,1
"WASP-107",,,2
"HAT-P-17",,,2
"Kepler-578",,,1
"KIC 5437945",,,2
"Kepler-95",,,1
"TOI-1685",,,1
"TOI-836",,"HIP 73427",2
"Kepler-1153",,,1
"Kepler-755",,,2
"WASP-32",,,1
"HD 1605","HD 1605","HIP 1640",2
"HD 102956","HD 102956","HIP 57820",1
"Ross 458",,"HIP 63510",1
"Kepler-1211",,,1
"Kepler-1029",,,1
"Kepler-1949",,,1
"Kepler-1373",,,1
"Kepler-1273",,,1
"Kepler-1426",,,1
"Wendelstein-1",,,1
"Kepler-1045",,,1
"Kepler-1649",,,2
"eps Tau","HD 28305","HIP 20889",1
"Kepler-1071",,,1
"Kepler-386",,,2
"Kepler-1235",,,1
"Kepler-430",,,2
"TOI-6109",,,2
"HIP 107773","HD 207229","HIP 107773",1
"Kepler-1276",,,1
"GJ 9714","HD 199981","HIP 103768",1
"Kepler-1768",,,1
"Kepler-167 B",,,4
"Kepler-61",,,1
"Kepler-1716",,,1
"HD 17156","HD 17156","HIP 13192",1
"HD 165155","HD 165155","HIP 88650",1
"HD 27442","HD 27442","HIP 19921",1
"Kepler-379",,,2
"tau Cet","HD 10700","HIP 8102",3
"Kepler-357",,,3
"Kepler-327",,,3
"TOI-4336 A",,,2
"Kepler-1341",,,1
"K2-272",,,1
"Kepler-1831",,,1
"Kepler-1594",,,1
"HD 187123","HD 187123","HIP 97336",2
"Kepler-1617",,,1
"Kepler-501",,,2
"Kepler-1905",,,1
"TOI-1736",,,2
"WASP-130",,,1
"Kepler-382",,,2
"CT Cha",,,1
"Kepler-491",,,1
"K2-89",,,1
"nu Oph","HD 163917","HIP 88048",2
"Kepler-1502",,,1
"Kepler-1685",,,1
"Kepler-36",,,2
"HD 4313","HD 4313","HIP 3574",1
"HD 25171","HD 25171","HIP 18387",1
"WASP-50",,,1
"HAT-P-60",,,1
"GJ 3341",,,1
"Kepler-782",,,1
"Kepler-1223",,,1
"K2-100",,,1
"Kepler-1770",,,1
"Kepler-1062",,,1
"HD 118203","HD 118203","HIP 66192",2
"Kepler-373",,,2
"Kepler-678",,,1
"Kepler-1769",,,1
"Kepler-712",,,2
"HATS-17",,,1
"Kepler-279",,,4
"Kepler-718",,,1
"GJ 832","HD 204961","HIP 106440",1
"Kepler-1212",,,1
"TOI-1814",,,1
"HD 12661","HD 12661","HIP 9683",2
"TOI-4633",,,1
"WASP-195",,,1
"Kepler-1017",,,1
"EPIC 211945201",,,1
"KOI-3680",,,1
"Kepler-218",,,3
"Kepler-1445",,,1
"Kepler-941",,,1
"Kepler-1206",,,1
"K2-185",,,2
"Kepler-1909",,,1
"Kepler-1012",,,1
"Qatar-8",,,1
"Kepler-219",,,3
"HD 135872","HD 135872",,1
"HD 30562","HD 30562","HIP 22336",1
"Kepler-1622",,,1
"Kepler-1365",,,2
"Kepler-447",,,1
"Kepler-97",,,2
"Kepler-1992",,,1
"Kepler-1217",,,1
"Kepler-530",,,1
"eps Ind C",,,1
"K2-107",,,1
"K2-218",,,1
"GJ 143","HD 21749","HIP 16069",2
"TOI-1117",,,3
"TIC 142589416",,,1
"GJ 229","HD 42581","HIP 29295",2
"Kepler-1315",,,2
"HD 73344","HD 73344","HIP 42403",3
"Kepler-1325",,,1
"Kepler-129",,,3
"K2-221",,,1
"HATS-46",,,1
"Kepler-536",,,1
"Kepler-1111",,,1
"HATS-53",,,1
"Kepler-1556",,,1
"K2-294",,,1
"Kepler-937",,,2
"Kepler-1013",,,1
"K2-226",,,1
"HAT-P-44",,,2
"TIC 183374187",,,1
"Kepler-1068",,,1
"Kepler-1406",,,1
"Kepler-1849",,,1
"Kepler-1923",,,1
"TOI-4914",,,1
"Kepler-1619",,,1
"HD 7199","HD 7199","HIP 5529",1
"TOI-712",,,3
"Kepler-1146",,,1
"HATS-12",,,1
"K2-407",,,2
"Kepler-1841",,,1
"K2-388",,,1
"Kepler-1599",,,1
"Kepler-1924",,,1
"Kepler-1864",,,1
"Kepler-1451",,,1
"HD 7449","HD 7449","HIP 5806",1
"TOI-1739",,,1
"HD 25015","HD 25015","HIP 18527",1
"HD 149143","HD 149143","HIP 81022",1
"Kepler-539",,,2
"K2-121",,,1
"Kepler-1822",,,1
"TOI-2382",,,1
"USco CTIO 108",,,1
"Kepler-571",,,1
"Kepler-1058",,,1
"HD 290327","HD 290327","HIP 25191",1
"Kepler-833",,,1
"HD 217107","HD 217107","HIP 113421",2
"GJ 685",,"HIP 86087",1
"HD 160691","HD 160691","HIP 86796",4
"Kepler-721",,,1
"PZ Tel","HD 174429","HIP 92680",1
"HD 10975","HD 10975",,1
"TOI-1107",,,1
"Kepler-863",,,1
"Kepler-877",,,1
"Kepler-323",,,2
"Kepler-1216",,,1
"Kepler-1696",,,1
"Kepler-1847",,,1
"K2-48",,,1
"K2-320",,,1
"Kepler-1096",,,1
"GJ 251","HD 265866","HIP 33226",2
"Kepler-855",,,1
"Kepler-1824",,,1
"Kepler-1766",,,1
"TOI-1036",,,1
"TOI-3664",,,1
"TOI-1710",,,1
"WASP-26",,,1
"HD 120084","HD 120084","HIP 66903",1
"TOI-1135",,"HIP 62908",1
"TOI-1518",,,1
"Kepler-581",,,1
"HD 9446","HD 9446","HIP 7245",2
"Kepler-844",,,1
"HD 87646","HD 87646","HIP 49522 A",1
"Kepler-1489",,,2
"TOI-1994",,,1
"Kepler-1516",,,1
"Kepler-1090",,,2
"TOI-2104",,,1
"HD 125136","HD 125136","HIP 70175",1
"TOI-2459",,,1
"TOI-5335",,,1
"TOI-5292 A",,,1
"HIP 57274",,"HIP 57274",3
"Kepler-788",,,1
"OGLE-TR-10",,,1
"Kepler-1521",,,1
"K2-63",,,2
"TOI-2120",,,1
"Kepler-594",,,1
"K2-188",,,2
"HD 28192","HD 28192",,1
"WASP-161",,,1
"WASP-124",,,1
"2MASS J12073346-3932539",,,1
"Kepler-115",,,2
"Kepler-1592",,,1
"HIP 67851","HD 121056","HIP 67851",2
"HD 48265","HD 48265","HIP 31895",2
"TrES-1 B",,,1
"Kepler-1024",,,1
"WASP-188",,,1
"Kepler-728",,,1
"KOI-1599",,,2
"TOI-2094",,,1
"HD 6718","HD 6718","HIP 5301",1
"TOI-260",,"HIP 1532",1
"Kepler-567",,,1
"K2-108",,,1
"TOI-1794",,,1
"K2-207",,,1
"TOI-771",,,2
"K2-393",,,1
"Kepler-1284",,,1
"NGTS-33",,,1
"Kepler-34",,,1
"WASP-45",,,1
"TOI-2374",,,1
"TOI-5634 B",,,1
"K2-378",,,1
"TOI-5027",,,1
"Kepler-1450",,,1
"HD 180617","HD 180617","HIP 94761",1
"HD 181342","HD 181342","HIP 95124",1
"Kepler-1591",,,1
"Kepler-1382",,,1
"K2-36",,,2
"TIC 67686059",,,1
"TOI-6223",,,1
"BEBOP-3",,,1
"HD 212301","HD 212301","HIP 110852",1
"Kepler-1507",,,1
"HD 28109","HD 28109","HIP 20295",3
"HD 175541","HD 175541","HIP 92895",1
"HD 141399","HD 141399","HIP 77301",4
"HIP 71135",,"HIP 71135",1
"KOI-7892",,,3
"TOI-220",,,1
"Kepler-1940",,,1
"WASP-121",,,1
"WASP-85 A",,,1
"TOI-2719",,,1
"TOI-1266",,,3
"TOI-122",,,1
"HD 12648","HD 12648","HIP 10800",1
"WASP-184",,,1
"HATS-55",,,1
"TOI-5795",,,1
"HATS-65 B",,,1
"TOI-2266",,,1
"WASP-156",,,1
"Kepler-1688",,,1
"eps CrB","HD 143107","HIP 78159",1
"HAT-P-59",,,1
"WASP-81",,,1
"Kepler-1969",,,1
"Kepler-329",,,2
"CoRoT-1",,,1
"Kepler-1290",,,1
"K2-39",,,1
"Kepler-1097",,,1
"Kepler-1357",,,1
"Kepler-1236",,,1
"Kepler-1385",,,1
"TOI-1260",,,3
"KELT-2 B",,,1
"Kepler-957",,,1
"K2-27 C",,,1
"Kepler-1618",,,1
"Kepler-466",,,2
"K2-264",,,2
"Kepler-693",,,1
"K2-411",,,1
"TOI-3912",,,1
"HATS-7",,,1
"1RXS J160929.1-210524",,,1
"Kepler-915",,,1
"Kepler-932",,,1
"K2-163",,,1
"HD 102272","HD 102272","HIP 57428",1
"Kepler-1380",,,1
"TOI-1846",,,1
"HD 133131 A","HD 133131 A","HIP 73674 A",3
"GJ 328",,"HIP 43790",2
"V2376 Ori",,,1
"CoRoT-19",,,1
"TOI-4479",,,1
"TOI-139",,,1
"HAT-P-28",,,1
"TOI-3457",,,1
"KIC 10068024",,,1
"HD 75289","HD 75289","HIP 43177",1
"TOI-4527",,"HIP 6069",1
"Kepler-1910",,,1
"Kepler-993",,,1
"TOI-2443",,"HIP 12493",1
"Gaia-4",,,1
"K2-239",,,3
"TOI-4379",,,1
"Kepler-463",,,1
"TIC 294329732",,,1
"Kepler-710",,,1
"CoRoT-18",,,1
"Kepler-1354",,,1
"24 Sex","HD 90043","HIP 50887",2
"K2-318",,,1
"TOI-1259 A",,,1
"WASP-77 B",,,1
"CoRoT-21",,,1
"K2-354",,,1
"TIC 365102760",,,1
"NGTS-17",,,1
"K2-122 B",,,1
"HD 147379","HD 147379","HIP 79755",1
"Kepler-1503",,,1
"K2-118",,,1
"HIP 74890","HD 135760","HIP 74890",1
"HAT-P-56","HD 262389","HIP 32209",1
"HD 148156","HD 148156","HIP 80680",1
"Kepler-1858",,,1
"Kepler-438",,,1
"Kepler-818",,,1
"TOI-251",,,1
"TOI-1753",,,1
"GJ 508.2",,"HIP 65143",1
"K2-223",,,2
"GJ 1252",,,1
"Kepler-1239",,,1
"WASP-53",,,2
"V0391 Peg",,,1
"HIP 19976",,"HIP 19976",1
"WASP-49",,,1
"TOI-1279",,,1
"Kepler-1327",,,1
"TOI-912",,,1
"Kepler-824",,,1
"HATS-39",,,1
"Kepler-636",,,1
"Kepler-437",,,1
"KMT-2019-BLG-1953L",,,1
"Kepler-795 B",,,1
"HD 1237 B","HD 1237 B",,1
"HAT-P-35",,,1
"HD 95872","HD 95872",,1
"TOI-3980",,,1
"TOI-2158",,,1
"OGLE-2016-BLG-1227L",,,1
"HAT-P-67 B",,,1
"OGLE-2008-BLG-092L B",,,1
"TOI-329",,,1
"GJ 414 A","HD 97101","HIP 54646",2
"HD 11755","HD 11755","HIP 9242",1
"PSR B1620-26 B",,,1
"ITG 15 C",,,1
"TOI-393",,,1
"K2-282",,,2
"WASP-64",,,1
"TOI-4336 C",,,2
"TOI-3353",,,1
"Kepler-132",,,4
"NGTS-4",,,1
"K2-184",,,1
"TOI-4529",,,1
"WASP-104 B",,,1
"LHS 3154",,,1
"Kepler-449",,,2
"TOI-1472",,,2
"HD 85628 B","HD 85628 B",,1
"TIC 393818340",,,1
"HD 156846 B","HD 156846 B",,1
"HD 13189","HD 13189","HIP 10085",1
"GJ 900 C",,"HIP 116384 C",1
"WASP-102",,,1
"HD 62509","HD 62509","HIP 37826",1
"HAT-P-8 B",,,1
"TOI-929",,,1
"HAT-P-18",,,1
"KMT-2016-BLG-1337L B",,,1
"NGTS-31",,,1
"WASP-29",,,1
"TOI-2421",,,1
"HD 95544","HD 95544","HIP 54203",1
"K2-196",,,1
"Kepler-1410",,,1
"HD 11964 B","HD 11964 B",,2
"TOI-1235",,,1
"SR 12 B",,,1
"Luhman 16 A",,,1
"gam1 Leo","HD 89484","HIP 50583 A",1
"Kepler-1795",,,1
"K2-414",,,2
"HAT-P-52",,,1
"K2-231",,,1
"HAT-P-33 B",,,1
"TOI-5634 A",,,1
"Kepler-1338",,,1
"TOI-1630",,,1
"HD 87646 B","HD 87646 B",,1
"HD 6860","HD 6860","HIP 5447",1
"OGLE-2016-BLG-1093L",,,1
"TOI-2152 B",,,1
"UZ For Ab",,,2
"GJ 3512",,,2
"HD 65216 B","HD 65216 B",,2
"WASP-149",,,1
"HATS-31",,,1
"WASP-26 B",,,1
"HAT-P-7 C",,,1
"HIP 94235 B",,"HIP 94235 B",1
"OGLE-2023-BLG-0836L B",,,1
"K2-293",,,1
"Kepler-413",,,1
"TOI-871",,,1
"TIC 206466666",,,1
"EPIC 201170410",,,1
"bet Cnc B",,,1
"TWA 7",,,1
"HD 166724","HD 166724","HIP 89354",1
"mu2 Sco","HD 151985",,1
"RR Cae Ab",,,1
"HD 27969","HD 27969","HIP 20753",1
"HD 124330","HD 124330",,1
"HD 12235","HD 12235",,2
"BD+05 4868 B",,,1
"TOI-3288 B",,,1
"TOI-2133",,,1
"Kepler-988",,,1
"Kepler-888",,,1
"NGTS-6",,,1
"K2-386",,,1
"Wolf 327",,,1
"HATS-67",,,1
"HD 75302","HD 75302","HIP 43297",1
"HD 164595 B","HD 164595 B",,1
"HD 25723","HD 25723","HIP 19011",1
"BD-14 3065 A",,,1
"HD 205158","HD 205158",,1
"NGC 2682 Sand 1429",,,1
"CoRoT-32",,,1
"Qatar-4",,,1
"HD 219139","HD 219139",,1
"TOI-1648",,,1
"K2-372",,,1
"TYC 4282-00605-1",,,1
"TOI-4155",,,1
"TOI-4562",,,2
"HD 2567","HD 2567",,1
"TIC 241249530",,,1
"WASP-55 B",,,1
"WASP-64 A",,,1
"WASP-142",,,1
"ZTF J1828+2308",,,1
"LP 789-76",,,1
"LkCa 15",,,2
"GJ 160.2",,"HIP 19165",1
"HS Psc",,,1
"TOI-833",,,1
"alf Cen A","HD 128620","HIP 71683",2
"KELT-19 B",,,1
"bet UMi","HD 131873","HIP 72607",1
"MOA-2009-BLG-319L",,,1
"psi1 Dra C",,,1
"KELT-24 B",,,1
"OGLE-2016-BLG-1190L",,,1
"MOA-2010-BLG-117L",,,1
"OGLE-2017-BLG-1140L",,,1
"MOA-2011-BLG-291L",,,1
"OGLE-2015-BLG-1670L",,,1
"SWEEPS-4",,,1
"OGLE-2003-BLG-235L",,,1
"OGLE-2006-BLG-109L",,,2
"MOA-2008-BLG-379L",,,1
"MOA-bin-1L",,,1
"MOA-2010-BLG-328L",,,1
"KMT-2017-BLG-1057L",,,1
"OGLE-2017-BLG-0364L",,,1
"OGLE-2019-BLG-1053L",,,1
"OGLE-2017-BLG-0406L",,,1
"KMT-2019-BLG-0253L",,,1
"OGLE-2017-BLG-1375L",,,1
"KMT-2023-BLG-0949L",,,1
"OGLE-2018-BLG-0567L",,,1
"KMT-2025-BLG-1616L",,,1
"KMT-2020-BLG-0202L",,,1
"OGLE-2019-BLG-0960L",,,1
"KMT-2021-BLG-0322L",,,1
"OGLE-2018-BLG-0532L",,,1
"KMT-2017-BLG-2509L",,,1
"KMT-2021-BLG-0852L",,,1
"OGLE-2014-BLG-0319L",,,1
"KMT-2021-BLG-1689L",,,1
"MOA-2022-BLG-249L",,,1
"M62H",,,1
"OGLE-2015-BLG-1609L",,,1
"KMT-2018-BLG-1990L",,,1
"KMT-2019-BLG-0335L",,,1
"KMT-2023-BLG-1642L",,,1
"KMT-2023-BLG-1431L",,,1
"OGLE-2014-BLG-0221L",,,1
"KMT-2017-BLG-0673L",,,1
"WASP-20 B",,,1
"HD 181720","HD 181720","HIP 95262",1
"NGTS-18",,,1
"HD 66428","HD 66428","HIP 39417",2
"TOI-2211",,"HIP 101503",1
"Kepler-230",,,2
"Kepler-691",,,1
"Kepler-1175",,,1
"Kepler-616",,,3
"Kepler-809",,,1
"K2-201",,,2
"Kepler-203",,,3
"HD 174205","HD 174205",,1
"K2-260",,,1
"Kepler-402",,,4
"CoRoT-12",,,1
"Kepler-237",,,2
"Gl 49",,"HIP 4872",1
"HD 97658","HD 97658","HIP 54906",1
"HD 181433","HD 181433","HIP 95467",3
"Kepler-10",,,3
"Kepler-930",,,1
"Kepler-783",,,2
"Kepler-1857",,,1
"Kepler-1794",,,1
"WASP-77 A",,,1
"Kepler-676",,,1
"K2-180",,,1
"HD 3765","HD 3765","HIP 3206",1
"Kepler-1185",,,1
"Kepler-874",,,1
"HD 156411","HD 156411","HIP 84787",1
"Kepler-962",,,1
"Kepler-48",,,5
"Kepler-885",,,1
"K2-252",,,1
"GJ 463",,"HIP 60398",1
"TOI-4930",,,1
"Kepler-1401",,,1
"Kepler-1300",,,1
"Kepler-224",,,4
"Kepler-391",,,2
"Kepler-1056",,,1
"HD 219415","HD 219415",,1
"Kepler-1252",,,1
"Kepler-1596",,,1
"Kepler-314",,,2
"XO-2 S",,,4
"Kepler-1219",,,1
"Kepler-856",,,1
"Kepler-1210",,,1
"Kepler-286",,,4
"HD 103774 B","HD 103774 B",,1
"Kepler-1982",,,1
"Kepler-2000",,,2
"Kepler-868",,,1
"Kepler-1269",,,1
"Kepler-464",,,1
"K2-148",,,3
"HD 220842","HD 220842","HIP 115714",1
"HD 210193","HD 210193","HIP 109381",1
"HD 113996","HD 113996","HIP 64022",1
"WASP-141",,,1
"GJ 3138",,"HIP 10037",3
"HD 141937","HD 141937","HIP 77740",1
"Kepler-1142",,,1
"Kepler-481",,,1
"TOI-5789","HD 191785","HIP 99452",4
"Kepler-1656",,,2
"Kepler-1562",,,1
"Kepler-692",,,1
"HD 164604","HD 164604","HIP 88414",2
"Kepler-1848",,,1
"tau Boo","HD 120136","HIP 67275",1
"Kepler-780",,,1
"Qatar-2",,,1
"Kepler-75",,,1
"HD 102843","HD 102843","HIP 57735",1
"Kepler-1932",,,1
"Kepler-1167",,,1
"TOI-6448",,,1
"HD 195019","HD 195019","HIP 100970",1
"Kepler-1413",,,1
"Kepler-913",,,2
"HIP 55846","HD 99491","HIP 55846",2
"Kepler-1789",,,1
"Kepler-158",,,3
"Kepler-535",,,1
"HD 147018","HD 147018","HIP 80250",2
"K2-277",,,1
"HD 89307","HD 89307","HIP 50473",1
"Kepler-583",,,1
"Kepler-1370",,,2
"Kepler-1915",,,1
"TOI-216",,,2
"HD 26161","HD 26161","HIP 19428",1
"TOI-2411",,,1
"Kepler-570",,,1
"HD 32963","HD 32963","HIP 23884",1
"K2-72",,,4
"Kepler-405",,,2
"Kepler-1078",,,1
"K2-202",,,1
"Kepler-805",,,1
"HD 6434","HD 6434","HIP 5054",1
"Kepler-428",,,1
"Kepler-904",,,1
"WASP-71",,,1
"Kepler-17",,,1
"CoRoT-36",,,1
"Kepler-106",,,4
"K2-412",,,1
"Kepler-243",,,2
"Kepler-250",,,3
"K2-346",,,1
"HD 164922","HD 164922","HIP 88348",4
"HIP 12961",,"HIP 12961",1
"TIC 237913194",,,1
"Kepler-290",,,3
"Kepler-1955",,,1
"Kepler-1218",,,1
"Kepler-152",,,2
"Kepler-1412",,,1
"Kepler-1475",,,1
"Kepler-1566",,,1
"HD 40307","HD 40307","HIP 27887",5
"Kepler-1678",,,1
"Kepler-143",,,2
"Kepler-1088",,,1
"DMPP-3 B",,,1
"NGTS-14 A",,,1
"Kepler-1786",,,1
"Kepler-1419",,,1
"TOI-1782",,,2
"HD 142415","HD 142415","HIP 78169",1
"HD 27894","HD 27894","HIP 20277",3
"HD 98649","HD 98649","HIP 55409",1
"HD 111591","HD 111591","HIP 62653",1
"WASP-57",,,1
"K2-30",,,1
"HAT-P-49","HD 340099",,1
"HD 156279","HD 156279","HIP 84171",2
"Kepler-354",,,3
"Kepler-836",,,1
"Kepler-194",,,3
"Kepler-968",,,3
"K2-265",,,1
"TIC 393818343",,,1
"Kepler-1965",,,1
"Kepler-121",,,2
"HD 159868","HD 159868","HIP 86375",2
"HN Lib",,"HIP 71253",1
"K2-110",,,1
"Kepler-209",,,2
"Kepler-1991",,,2
"Kepler-556",,,1
"Kepler-1368",,,1
"HD 49674","HD 49674","HIP 32916",1
"Kepler-1491",,,2
"Kepler-1316",,,1
"Kepler-634",,,1
"Kepler-1840",,,1
"Kepler-1247",,,1
"TOI-1842",,,1
"Kepler-1519",,,1
"Kepler-399",,,3
"Kepler-1001",,,2
"Kepler-1103",,,1
"HD 69830","HD 69830","HIP 40693",3
"Kepler-939",,,1
"Kepler-1724",,,1
"Kepler-770",,,3
"Kepler-1524",,,1
"Kepler-596",,,1
"TOI-5205",,,1
"Kepler-1138",,,1
"HAT-P-13",,,2
"WASP-18","HD 10069","HIP 7562",1
"GJ 3929",,,2
"TOI-2427",,,1
"Kepler-510",,,1
"Kepler-1396",,,1
"Kepler-1102",,,1
"Kepler-753",,,1
"KELT-23 A",,,1
"Kepler-1950",,,1
"HD 222582","HD 222582","HIP 116906",1
"Kepler-1166",,,1
"Kepler-1448",,,1
"Kepler-355",,,2
"Kepler-284",,,2
"HIP 35965",,"HIP 35965",1
"WASP-127 B",,,1
"TOI-2109",,,1
"Kepler-907",,,1
"BD+05 4868 A",,"HIP 107587",1
"Kepler-349",,,2
"HIP 9618","HD 12572","HIP 9618",2
"K2-232","HD 286123",,1
"TOI-6651",,,1
"GJ 1151",,,1
"GJ 3470",,,1
"TOI-451 B",,,3
"Kepler-213",,,2
"Kepler-720",,,1
"Kepler-305",,,4
"TOI-1670",,,2
"bet Pic","HD 39060","HIP 27321",3
"Kepler-317",,,2
"TOI-2184",,,1
"Kepler-83",,,3
"WASP-28",,,1
"Kepler-1552",,,1
"47 UMa","HD 95128","HIP 53721",3
"K2-119",,,1
"HD 179079","HD 179079","HIP 94256",1
"Kepler-659",,,1
"Kepler-986",,,1
"Kepler-1655",,,1
"Kepler-1251",,,1
"Kepler-695",,,1
"Kepler-1801",,,2
"Kepler-1671",,,1
"Kepler-15",,,1
"Kepler-1027",,,1
"GJ 179",,"HIP 22627",1
"Kepler-1320",,,1
"Kepler-309",,,2
"HD 17092","HD 17092",,1
"Kepler-604",,,1
"CoRoT-8",,,1
"Kepler-472",,,1
"Kepler-1780",,,1
"Kepler-1466",,,1
"Kepler-1464",,,2
"Kepler-987",,,1
"Kepler-408",,,1
"TOI-5340",,,1
"BD-10 3166",,,1
"NGC 2682 YBP 1514",,,1
"Kepler-749",,,1
"Kepler-253",,,3
"Kepler-703",,,1
"WASP-72",,,1
"Kepler-336",,,3
"K2-244",,,1
"Kepler-661",,,1
"Kepler-1306",,,1
"Kepler-1135",,,1
"Kepler-1038",,,2
"Kepler-1118",,,1
"HD 99283","HD 99283",,1
"BD-210397",,"HIP 10337",2
"Kepler-1322",,,2
"TOI-5502",,,1
"K2-401",,,1
"Kepler-348",,,2
"Kepler-1873",,,1
"Kepler-159",,,2
"CoRoT-10",,,1
"Kepler-1570",,,1
"K2-329",,,1
"Kepler-394",,,3
"WASP-110",,,1
"TIC 18942729",,,1
"Kepler-1870",,,1
"Kepler-1163",,,1
"Kepler-886",,,1
"Kepler-820",,,1
"HAT-P-21",,,1
"HD 31527","HD 31527","HIP 22905",3
"Kepler-1336",,,2
"K2-88",,,1
"Kapteyn","HD 33793","HIP 24186",1
"HD 34445","HD 34445","HIP 24681",6
"Proxima Cen",,"HIP 70890",2
"Kepler-801",,,1
"Kepler-1367",,,1
"TOI-1696",,,1
"TOI-4311",,,2
"HD 101930","HD 101930","HIP 57172",1
"Kepler-1424",,,1
"Kepler-137",,,2
"TYC 8998-760-1",,,2
"Kepler-784",,,2
"2MASS J22362452+4751425",,,1
"TOI-5007",,,1
"GJ 581",,"HIP 74995",3
"Kepler-74",,,1
"Kepler-99",,,1
"Kepler-1802",,,2
"GJ 338 B","HD 79211","HIP 120005",1
"K2-205",,,1
"HD 13908","HD 13908","HIP 10743",2
"Kepler-611",,,1
"K2-326",,,1
"Kepler-1156",,,1
"K2-165",,,3
"K2-10",,,1
"Kepler-1267",,,1
"TOI-2194",,,1
"Kepler-541",,,1
"TOI-4030",,,1
"Kepler-1584",,,1
"Kepler-586",,,1
"Kepler-1867",,,1
"51 Eri","HD 29391","HIP 21547",1
"HD 222237","HD 222237","HIP 116745",1
"HD 29985","HD 29985","HIP 21865",1
"HD 97037","HD 97037",,1
"HD 147513","HD 147513","HIP 80337",1
"gam Psc",,,1
"TOI-1246",,,4
"TOI-6420",,,1
"Kepler-1467",,,1
"HD 150706","HD 150706","HIP 80902",1
"TOI-205",,,1
"HD 149806","HD 149806","HIP 81375",1
"TOI-1301",,,1
"Kepler-1875",,,1
"Kepler-482",,,1
"HD 51608","HD 51608","HIP 33229",2
"Kepler-1345",,,1
"HD 72659","HD 72659","HIP 42030",2
"Kepler-1294",,,1
"TOI-1295",,,1
"TOI-1680",,,1
"TOI-1716",,,1
"HD 196885 A","HD 196885 A","HIP 101966",1
"TOI-1269",,,2
"TOI-480",,"HIP 27849",1
"HD 99706","HD 99706","HIP 55994",2
"51 Peg","HD 217014","HIP 113357",1
"K2-178",,,1
"Kepler-171",,,3
"K2-330",,,1
"TOI-1194",,,1
"Kepler-946",,,1
"Kepler-592",,,1
"FU Tau",,,1
"NGTS-8",,,1
"HIP 8541 B",,"HIP 8541 B",2
"HD 14787","HD 14787","HIP 11130",1
"HD 18143","HD 18143","HIP 13642 A",2
"HD 102195","HD 102195","HIP 57370",1
"Ross 128",,"HIP 57548",1
"Kepler-609",,,1
"Kepler-1654",,,1
"HD 21693","HD 21693","HIP 16085",2
"TOI-1774","HD 85426","HIP 48443",2
"Kepler-1233",,,1
"Kepler-498",,,1
"Kepler-1807",,,1
"TOI-2453",,,1
"TOI-5630",,,1
"Kepler-1456",,,1
"TOI-733",,,1
"HATS-2",,,1
"WASP-170",,,1
"Kepler-1333",,,1
"TIC 139270665",,,2
"KELT-16 B",,,1
"K2-278",,,1
"K2-210",,,1
"HD 45652","HD 45652","HIP 30905",1
"HD 135344 A","HD 135344 A",,1
"Kepler-585",,,1
"TOI-7510",,,3
"GJ 720 B",,,1
"WASP-89",,,1
"Kepler-418",,,2
"Kepler-1979",,,1
"KIC 8121913",,,1
"TOI-2529",,,1
"Kepler-1183",,,1
"Kepler-1996",,,2
"K2-283",,,1
"TOI-3523 C",,,1
"AU Mic","HD 197481","HIP 102409",4
"HAT-P-30",,,1
"Kepler-1951",,,1
"HIP 5763",,"HIP 5763",1
"Kepler-1455",,,1
"TOI-2081",,,1
"Kepler-1214",,,1
"Kepler-1861",,,1
"K2-334",,,1
"HD 23596 B","HD 23596 B",,1
"K2-338",,,1
"Wolf 1061",,"HIP 80824",3
"Kepler-1868",,,1
"Kepler-545",,,1
"Kepler-1361",,,1
"L 363-38",,,1
"Kepler-1535",,,1
"TOI-1054",,"HIP 99212",1
"WASP-31",,,1
"Kepler-479",,,1
"WASP-3 C",,,1
"HATS-5",,,1
"Kepler-519 B",,,1
"HATS-4",,,1
"Kepler-1462",,,1
"Kepler-1182",,,1
"WASP-37",,,1
"Kepler-878",,,1
"CoRoT-30",,,1
"TOI-4794",,,1
"EPIC 206042996",,,2
"TOI-1444",,,1
"Kepler-1086 A",,,2
"Kepler-697",,,1
"HATS-64",,,1
"bet Cnc","HD 69267","HIP 40526",1
"TOI-1811",,,1
"Kepler-1104",,,1
"K2-276",,,1
"Kepler-1809",,,1
"K2-391",,,1
"HD 81040","HD 81040","HIP 46076",1
"Kepler-563",,,1
"Kepler-860",,,1
"TOI-3362",,,1
"HD 180053","HD 180053","HIP 94465",1
"Kepler-1152",,,1
"HD 106515 A","HD 106515 A","HIP 59743 A",1
"HD 95338","HD 95338","HIP 53719",1
"TOI-941",,,1
"Kepler-908 C",,,1
"24 Boo","HD 127243","HIP 70791",1
"Kepler-1887",,,1
"Kepler-1834",,,2
"ome Ser","HD 141680","HIP 77578",1
"TOI-5777",,,1
"HD 150010","HD 150010",,1
"K2-331",,,2
"GJ 667 C",,,5
"TOI-2407",,,1
"HD 64121","HD 64121",,1
"TOI-5319",,,1
"TOI-2485",,,1
"TOI-858 B",,,1
"HIP 113103",,"HIP 113103",2
"Kepler-273",,,2
"TIC 52059926",,,1
"Kepler-900",,,1
"WASP-114",,,1
"CI Tau",,,1
"Kepler-1944",,,1
"IC 4651 9122",,,1
"WASP-148",,,2
"HD 8326","HD 8326","HIP 6390",1
"DMPP-1","HD 38677","HIP 27305",4
"TIC 117642575",,,1
"Kepler-564",,,1
"WASP-44",,,1
"HD 62364","HD 62364","HIP 36941",2
"NGTS-26",,,1
"HD 154857","HD 154857","HIP 84069",2
"Kepler-1048",,,1
"TOI-178",,,6
"EPIC 212424622",,,1
"K2-357",,,1
"TOI-2981",,,1
"TOI-4641",,"HIP 13224",1
"HATS-24",,,1
"WASP-6",,,1
"Kepler-1339",,,1
"TOI-4600",,,2
"LSPM J2116+0234",,,1
"psi1 Dra B","HD 162004","HIP 86620",1
"OGLE-TR-113",,,1
"HD 43691 C","HD 43691 C",,1
"WASP-147",,,1
"TOI-6086",,,1
"HIP 111909",,"HIP 111909",2
"TOI-5181 B",,,1
"Kepler-400",,,2
"DS Tuc A","HD 222259 A","HIP 116748 A",1
"OGLE-2014-BLG-0676L",,,1
"Kepler-530 B",,,1
"K2-57",,,1
"HD 233832","HD 233832","HIP 55806",1
"Kepler-694",,,1
"BD+20 274",,,1
"Kepler-515",,,1
"K2-150",,,1
"Kepler-1006",,,1
"HD 190228","HD 190228","HIP 98714",1
"Kepler-1796",,,1
"WASP-159",,,1
"Kepler-1341 B",,,1
"Kepler-650",,,1
"TOI-1466",,,1
"TOI-762 B",,,1
"WASP-165",,,1
"TOI-4640",,,1
"omi UMa B",,,1
"LP 890-9",,,2
"Ross 458 B",,,1
"TOI-3884",,,1
"WASP-189","HD 133112","HIP 73608",1
"HD 132563","HD 132563","HIP 73261 A",1
"TOI-1807",,"HIP 65469",1
"TAP 26",,,1
"TOI-6383 B",,,1
"Kepler-1988",,,1
"HD 212301 B","HD 212301 B",,1
"WASP-177",,,1
"HD 137388","HD 137388","HIP 76351",1
"Kepler-1697",,,1
"HAT-P-57 C",,,1
"HIP 94235",,"HIP 94235",1
"Kepler-1651 B",,,1
"WD 1620-391","HD 147513 B",,1
"PH1 Ba",,,1
"HD 332231","HD 332231",,1
"WASP-85 B",,,1
"Kepler-1076",,,1
"Kepler-632",,,1
"WASP-68 B",,,1
"KMT-2023-BLG-0469L",,,1
"Kepler-1248",,,1
"TOI-1105",,,1
"K2-131",,,1
"TOI-4463 B",,,1
"K2-159",,,1
"HD 18599 B","HD 18599 B",,1
"Kepler-16 B",,,1
"NSVS 14256825 Ab",,,1
"Kepler-108 A",,,2
"HAT-P-39 B",,,1
"HD 202206 B","HD 202206 B",,1
"Kepler-35 B",,,1
"Kepler-1647 B",,,1
"TOI-6692",,,1
"HD 20781","HD 20781","HIP 15526",5
"ADS 16402 A",,,1
"TOI-2169 A",,,1
"K2-394",,,1
"CFBDSIR J145829+101343",,,1
"HD 8673 B","HD 8673 B",,1
"HATS-15",,,1
"TOI-286",,,2
"TOI-5938",,,1
"Kepler-1646",,,1
"K2-157",,,3
"K2-373",,,1
"K2-316",,,2
"TIC 34085383",,,1
"TOI-682",,,1
"HD 100546","HD 100546","HIP 56379",1
"TOI-4513",,,1
"BD+15 2375",,,1
"TOI-3593",,,1
"WASP-98",,,1
"Kepler-104 B",,,3
"HATS-57",,,1
"Ross 176",,,1
"WASP-24 Ba",,,1
"TIC 349520724",,,1
"HD 114729 B","HD 114729 B",,1
"TOI-2257",,,1
"HD 5388","HD 5388","HIP 4311",1
"b Cen A",,,1
"HD 213240 C","HD 213240 C",,1
"TOI-1742",,,1
"HD 143105","HD 143105","HIP 77838",1
"2MASS J22501512+2325342",,,1
"HD 128717","HD 128717","HIP 71425",1
"TOI-3331 B",,,1
"TIC 437041147",,,1
"TOI-4582",,,1
"WASP-173 B",,,1
"WASP-1 B",,,1
"TOI-6029",,,1
"TIC 160113658",,,1
"HD 87816","HD 87816","HIP 49477",2
"2MASS J04372171+2651014",,,1
"CoRoT-31",,,1
"G 264-012",,,2
"TOI-159",,,1
"KMT-2023-BLG-0332L",,,1
"TOI-1232",,,2
"HD 224018","HD 224018",,3
"2MASS J0249-0557 A",,,1
"alf Cen B","HD 128621","HIP 71681",2
"HD 41004 A","HD 41004 A","HIP 28393 A",2
"Kepler-1319 B",,,1
"HIP 94076","HD 178911 A","HIP 94076",1
"Kepler-1063",,,1
"HD 196050 Bb","HD 196050 Bb",,1
"MOA-2013-BLG-605L",,,1
"MOA-2012-BLG-006L",,,1
"OGLE-2017-BLG-1522L",,,1
"OGLE-2013-BLG-1761L",,,1
"MOA-2015-BLG-337L",,,1
"OGLE-2018-BLG-0740L",,,1
"OGLE-2018-BLG-1011L",,,2
"OGLE-2016-BLG-1067L",,,1
"PSR J1719-1438",,,1
"OGLE-2011-BLG-0251L",,,1
"MOA-2011-BLG-322L",,,1
"KMT-2016-BLG-1836L",,,1
"KMT-2018-BLG-0029L",,,1
"OGLE-2018-BLG-0516L",,,1
"KMT-2016-BLG-2397L",,,1
"KMT-2019-BLG-0953L",,,1
"KMT-2021-BLG-1253L",,,1
"KMT-2022-BLG-1551L",,,1
"KMT-2016-BLG-1337L",,,1
"KMT-2021-BLG-2478L",,,1
"KMT-2021-BLG-1105L",,,1
"KMT-2024-BLG-1005L",,,1
"MOA-bin-29",,,1
"KMT-2017-BLG-1194L",,,1
"MOA-2016-BLG-526L",,,1
"KMT-2016-BLG-2321L",,,1
"KMT-2019-BLG-0578L",,,1
"WASP-193 B",,,1
"Kepler-154",,,5
"HD 85390","HD 85390","HIP 48235",1
"55 Cnc","HD 75732","HIP 43587",7
"Kepler-1604",,,1
"Kepler-1513",,,2
"GJ 740","HD 176029","HIP 93101",1
"Kepler-1242",,,1
"TIC 154870955",,,1
"Kepler-974",,,2
"TOI-2589",,,1
"Kepler-1293",,,1
"Kepler-1838",,,1
"TOI-2048",,,1
"TOI-1752",,,2
"CoRoT-9",,,1
"Kepler-1081",,,1
"Kepler-791",,,1
"Kepler-832",,,1
"Kepler-325",,,3
"Kepler-598",,,2
"TOI-1442",,,1
"Kepler-332",,,3
"Kepler-398",,,3
"Kepler-222",,,3
"Kepler-945",,,1
"Kepler-40",,,1
"Kepler-340",,,2
"Kepler-1733",,,1
"HD 96167","HD 96167","HIP 54195",1
"EPIC 229004835",,,1
"Kepler-1201",,,1
"Kepler-1845",,,1
"Kepler-607",,,2
"TOI-2803 A",,,1
"Kepler-231",,,2
"BD+55 362",,,1
"HD 205739","HD 205739","HIP 106824",1
"Kepler-431",,,3
"HD 63765","HD 63765","HIP 38041",1
"HD 89839","HD 89839","HIP 50653",1
"Kepler-1196",,,1
"Kepler-1675",,,1
"Kepler-436",,,2
"Kepler-363",,,3
"Kepler-971",,,1
"Kepler-1735",,,1
"K2-261",,,1
"Kepler-293",,,2
"Kepler-560 A",,,1
"K2-213",,,1
"TOI-4342",,,2
"Kepler-1585",,,1
"Kepler-989",,,1
"WASP-116",,,1
"Kepler-1815",,,1
"Kepler-141",,,2
"Kepler-668",,,1
"Kepler-487",,,3
"Kepler-182",,,2
"TOI-1080",,,1
"Kepler-1608",,,1
"HD 134987","HD 134987","HIP 74500",2
"gam Cep B",,,1
"Kepler-523",,,1
"Kepler-1630",,,1
"LHS 1815",,"HIP 28754",1
"Kepler-333",,,2
"Kepler-719",,,1
"Kepler-1086",,,2
"Kepler-1714",,,1
"Kepler-1680",,,1
"Kepler-1224",,,1
"Kepler-210",,,2
"K2-308",,,1
"Kepler-1517",,,1
"K2-183",,,3
"Kepler-1886",,,1
"Kepler-1961",,,1
"Kepler-212",,,2
"Kepler-1872",,,1
"Kepler-1978",,,1
"Kepler-193",,,2
"HD 87883","HD 87883","HIP 49699",1
"Kepler-146",,,2
"Kepler-1004",,,1
"K2-230",,,1
"WASP-22",,,1
"Kepler-562",,,1
"Kepler-1225",,,1
"WASP-87",,,1
"Kepler-195",,,2
"HD 135625","HD 135625","HIP 74856",1
"HD 24040","HD 24040","HIP 17960",2
"Kepler-1590",,,1
"Kepler-1530",,,3
"TOI-206",,,1
"Kepler-443",,,1
"Kepler-1747",,,1
"Kepler-588",,,1
"Kepler-1720",,,1
"Kepler-1386",,,1
"HATS-70",,,1
"Kepler-180",,,2
"K2-379",,,1
"Kepler-803",,,1
"HD 128311","HD 128311","HIP 71395",2
"TOI-5076",,"HIP 15683",1
"Kepler-1199",,,1
"Kepler-55",,,5
"Kepler-1967",,,1
"Kepler-1814",,,2
"Kepler-1701",,,1
"GJ 687",,"HIP 86162",2
"Kepler-1317",,,1
"Kepler-1550",,,1
"TIC 320419023",,,1
"HD 27631","HD 27631","HIP 20199",1
"Kepler-761",,,1
"TOI-1451",,,1
"Kepler-1836",,,1
"HD 219828","HD 219828","HIP 115100",2
"Kepler-795",,,1
"Kepler-553",,,2
"Kepler-816",,,1
"WASP-140",,,1
"Kepler-1495",,,1
"Kepler-1263",,,1
"Kepler-1388",,,4
"HD 221420","HD 221420","HIP 116250",1
"Kepler-144",,,2
"Kepler-1672",,,1
"OGLE-TR-111",,,1
"Kepler-1165",,,2
"Kepler-739",,,1
"Kepler-764",,,1
"Kepler-1036",,,1
"HD 220773","HD 220773","HIP 115697",1
"HAT-P-3",,,1
"KOI-1783",,,2
"HD 28185","HD 28185","HIP 20723",2
"Kepler-1446",,,1
"Kepler-100",,,4
"HATS-61",,,1
"HATS-74 A",,,1
"TOI-2136",,,1
"Kepler-969",,,2
"Kepler-574",,,1
"TOI-6894",,,1
"HAT-P-14 B",,,1
"GJ 3090",,"HIP 6365",2
"HD 189733","HD 189733","HIP 98505",1
"Kepler-622",,,1
"Kepler-1869",,,2
"Kepler-221",,,4
"TOI-3688 A",,,1
"PH2",,,1
"TOI-181",,,1
"2MASS J05272374-1416122",,,2
"HAT-P-14",,,1
"K2-33",,,1
"Kepler-767",,,1
"KOI-3503",,,2
"Kepler-935",,,1
"HD 208487","HD 208487","HIP 108375",1
"Kepler-579",,,1
"K2-274",,,1
"Kepler-621",,,1
"HD 183263","HD 183263","HIP 95740",2
"HD 21175 B","HD 21175 B",,1
"Kepler-353",,,2
"Kepler-1927",,,1
"Kepler-669",,,1
"CoRoT-24",,,2
"WASP-76",,,1
"TOI-2431",,"HIP 11707",1
"TOI-1338 B",,,2
"GJ 3998",,"HIP 84460",3
"HD 99492","HD 99492","HIP 55848",2
"Kepler-1057",,,1
"Kepler-940",,,1
"Kepler-1075",,,1
"TOI-2260",,,1
"Kepler-759",,,1
"K2-141",,,2
"WASP-76 B",,,1
"HATS-75",,,1
"WASP-15",,,1
"Kepler-162",,,2
"Kepler-338",,,4
"HD 46375","HD 46375","HIP 31246",1
"Kepler-1782",,,1
"Kepler-608",,,1
"EPIC 206215704",,,1
"HD 50499","HD 50499","HIP 32970",2
"Kepler-991",,,1
"HD 107148","HD 107148","HIP 60081",2
"TOI-270",,,3
"Kepler-1960",,,1
"Kepler-740",,,1
"TOI-2977",,,1
"Kepler-217",,,3
"KELT-15",,,1
"TOI-620",,,1
"Kepler-1880",,,1
"Kepler-452",,,1
"Kepler-1863",,,1
"Kepler-301",,,3
"Kepler-1028",,,1
"HD 104985","HD 104985","HIP 58952",1
"Kepler-1660 A",,,1
"Kepler-1855",,,1
"Kepler-772",,,1
"HR 5183","HD 120066","HIP 67246",1
"Kepler-1534",,,1
"Kepler-670",,,1
"Kepler-110",,,2
"K2-58",,,3
"Kepler-751",,,1
"Kepler-811",,,1
"K2-212",,,1
"HAT-P-45",,,1
"Kepler-1922",,,1
"ups Leo",,,1
"Kepler-1568",,,1
"Kepler-655",,,1
"Kepler-526",,,1
"Kepler-315",,,2
"Kepler-1369",,,1
"Kepler-1742",,,1
"81 Cet","HD 16400","HIP 12247",1
"Kepler-1899",,,1
"EPIC 201238110",,,1
"HD 37124","HD 37124","HIP 26381",3
"Kepler-270",,,2
"Kepler-1468",,,3
"Kepler-1546",,,1
"Kepler-1709",,,1
"Kepler-557",,,1
"Kepler-174",,,3
"Kepler-722",,,2
"Kepler-849",,,1
"Kepler-1292",,,1
"HD 96700","HD 96700","HIP 54400",3
"Kepler-796",,,1
"HD 169830","HD 169830","HIP 90485",2
"XO-3",,,1
"eps Ind A","HD 209100","HIP 108870",1
"Kepler-1471",,,2
"Kepler-864",,,2
"HD 22496","HD 22496","HIP 16711",1
"Kepler-664",,,1
"Kepler-1839",,,1
"HAT-P-25",,,1
"HD 108147","HD 108147","HIP 60644",1
"WASP-42",,,1
"WASP-93",,,1
"Kepler-1612",,,1
"Kepler-734",,,1
"K2-49",,,1
"K2-182",,,1
"Kepler-1305",,,1
"Kepler-857",,,1
"GJ 680",,"HIP 86057",1
"Kepler-1155",,,1
"WASP-7","HD 197286",,1
"K2-17",,,1
"K2-69",,,1
"Kepler-1602",,,1
"K2-160",,,1
"Kepler-1661",,,1
"Kepler-831",,,1
"Kepler-1287",,,1
"TOI-559",,,1
"TOI-283",,,1
"Kepler-415",,,2
"TOI-5624",,,5
"Kepler-881",,,1
"Kepler-1935",,,1
"HD 11505","HD 11505",,1
"Kepler-1555",,,1
"Qatar-3",,,1
"Kepler-1901",,,1
"K2-193",,,1
"Kepler-1808",,,1
"Kepler-1946",,,1
"Kepler-1067",,,2
"HD 64114","HD 64114","HIP 38392",1
"Kepler-396",,,2
"Kepler-1403",,,1
"Kepler-1605",,,1
"Kepler-289",,,4
"HD 165131","HD 165131","HIP 88595",1
"GJ 393",,"HIP 51317",1
"Kepler-1245",,,2
"Kepler-1631",,,1
"Kepler-559",,,1
"Kepler-1016",,,2
"K2-233",,,3
"Kepler-1187",,,1
"Kepler-891",,,1
"Kepler-1506",,,1
"HIP 97233","HD 186641","HIP 97233",1
"Kepler-1494",,,1
"Kepler-1441",,,1
"Kepler-1837",,,1
"HD 178911 B","HD 178911 B","HIP 94075",1
"GJ 876",,"HIP 113020",4
"HD 180902","HD 180902","HIP 94951",1
"LHS 1678",,,3
"Kepler-615",,,1
"Kepler-453",,,1
"HD 147873","HD 147873","HIP 80486",2
"TOI-3135",,,1
"Kepler-680",,,1
"HD 103891","HD 103891","HIP 58331",1
"Kepler-1651",,,1
"HD 185283","HD 185283","HIP 96861",1
"TIC 4672985",,,1
"Kepler-641",,,1
"Kepler-1480",,,1
"HIP 114933","HD 219553","HIP 114933",1
"K2-377",,,1
"Kepler-1934",,,1
"TOI-2018",,"HIP 74981",1
"TOI-1467",,,1
"Kepler-1723",,,1
"18 Del","HD 199665","HIP 103527",1
"HD 96127","HD 96127","HIP 54232",1
"HD 132406","HD 132406","HIP 73146",1
"TOI-244",,,1
"HD 133131 B","HD 133131 B","HIP 73674 B",3
"HD 134060","HD 134060","HIP 74273",2
"HD 100655","HD 100655","HIP 56508",1
"Kepler-610",,,2
"TOI-1180",,,1
"TOI-1184",,,1
"TOI-1221",,,1
"TOI-1244",,,1
"Kepler-1310",,,1
"Kepler-1114",,,1
"WASP-8 B",,,2
"alf Tau B",,,1
"HAT-P-35 C",,,1
"K2-266 B",,,4
"TOI-5489",,,2
"K2-266",,,4
"HD 18742","HD 18742","HIP 13993",1
"Kepler-949",,,2
"LP 261-75 A",,,1
"Kepler-1977",,,1
"TOI-2154",,,1
"TOI-2449",,,1
"Kepler-1866",,,1
"HD 102117","HD 102117","HIP 57291",1
"Kepler-1256",,,1
"TOI-5614",,,1
"HD 16905","HD 16905","HIP 12436",1
"Kepler-1645",,,1
"HATS-28",,,1
"HATS-37 A",,,1
"TOI-913",,,1
"Kepler-306",,,4
"K2-60",,,1
"Kepler-1754",,,1
"HD 72490","HD 72490","HIP 41997",1
"Kepler-1439",,,1
"HD 24085","HD 24085","HIP 17515",1
"HD 96063","HD 96063","HIP 54158",1
"HATS-40",,,1
"K2-384",,,5
"Kepler-965",,,1
"HD 106270","HD 106270","HIP 59625",1
"Kepler-786",,,1
"GJ 9689",,"HIP 99699",1
"HD 196067","HD 196067","HIP 102125",2
"WASP-160 B",,,1
"HD 207832","HD 207832","HIP 107985",2
"DH Tau",,,1
"Kepler-1139",,,1
"TOI-2641",,,1
"Kepler-1781",,,1
"TOI-1756",,,1
"Kepler-504",,,1
"Kepler-1860",,,1
"HATS-34",,,1
"HD 5583","HD 5583",,1
"Kepler-1259",,,1
"TOI-6019",,,1
"TOI-5688 A",,,1
"Kepler-1856",,,1
"Kepler-1404",,,1
"HAT-P-30 B",,,1
"TOI-3540 A",,,1
"Kepler-1331",,,1
"HATS-11",,,1
"K2-241",,,1
"Kepler-528",,,1
"GJ 15 A","HD 1326","HIP 1475",2
"HD 132563 B","HD 132563 B",,1
"HD 212771","HD 212771","HIP 110813",1
"HD 196050","HD 196050","HIP 101806",1
"HD 176986","HD 176986","HIP 93540",3
"11 Com B",,,1
"Kepler-978",,,1
"HD 46375 B","HD 46375 B",,1
"Kepler-478",,,1
"HD 75898","HD 75898","HIP 43674",2
"HD 188015","HD 188015","HIP 97769",1
"TOI-375",,,3
"TOI-132",,,1
"omi CrB","HD 136512","HIP 75049",1
"TOI-2096",,,2
"HATS-26",,,1
"WASP-35",,,1
"TOI-6330",,,1
"TOI-2818",,,1
"HAT-P-34","HD 351766",,1
"Kepler-1030",,,1
"HD 76700","HD 76700","HIP 43686",1
"HD 168863","HD 168863","HIP 90055",1
"HD 161178","HD 161178",,1
"Kepler-1170",,,1
"K2-115",,,1
"TOI-6008",,,1
"TOI-540",,,1
"Kepler-1647",,,1
"GJ 1148",,"HIP 57050",2
"TOI-3819",,,1
"HATS-42",,,1
"HD 79498","HD 79498","HIP 45406",1
"HAT-P-64",,,1
"WASP-135",,,1
"Kepler-1335",,,1
"K2-21",,,2
"Kepler-381",,,3
"Kepler-371",,,2
"TOI-4898",,,1
"TOI-6954",,,1
"NY Vir",,,2
"HATS-69",,,1
"Kepler-1906",,,1
"WDS J17302-5138 B",,,4
"Kepler-508",,,1
"TOI-4662",,,1
"Kepler-1011",,,1
"Kepler-1644",,,1
"K2-419 A",,,1
"Kepler-547",,,1
"Kepler-1447",,,1
"HD 23127","HD 23127","HIP 17054",1
"Kepler-1326",,,1
"KELT-17",,,1
"HAT-P-23",,,1
"TOI-2583 A",,,1
"TOI-3856",,,1
"WASP-144",,,1
"HD 25463","HD 25463","HIP 18893",2
"TOI-4034",,,1
"HATS-3",,,1
"Kepler-1334",,,1
"Kepler-1194",,,1
"DP Leo",,,1
"TOI-1718",,"HIP 36272",1
"K2-249",,,1
"TOI-2368",,,1
"HD 127195","HD 127195","HIP 71018",2
"TOI-2025",,,1
"TOI-2107",,,1
"TOI-2842",,,1
"Kepler-889",,,1
"HIP 54515","HD 96855","HIP 54515",1
"Kepler-1301",,,1
"Kepler-573",,,1
"TOI-1468",,,2
"Kepler-1291",,,1
"HATS-18",,,1
"HD 143361","HD 143361","HIP 78521",1
"HD 110113","HD 110113","HIP 61820",2
"WASP-74",,,1
"Kepler-1980",,,1
"LP 791-18",,,3
"K2-18",,,2
"DENIS-P J082303.1-491201",,,1
"HD 145457","HD 145457","HIP 79219",1
"TOI-1683",,"HIP 20528",1
"Kepler-850",,,1
"BD+37 3172",,,1
"WASP-99",,,1
"Kepler-1792",,,1
"HD 8535","HD 8535","HIP 6511",1
"EPIC 201595106",,,2
"K2-374",,,2
"DMPP-2","HD 11231","HIP 8501",3
"TOI-2084 B",,,1
"TOI-1798",,,2
"KMT-2019-BLG-0297L",,,1
"HAT-P-10 B",,,1
"WASP-98 B",,,1
"HIP 109600",,"HIP 109600",1
"Kepler-444 B",,,5
"WASP-69",,,1
"HAT-P-63",,,1
"HD 196885 B","HD 196885 B",,1
"Kepler-1063 B",,,1
"WASP-63",,,1
"K2-102",,,1
"DMPP-9","HD 200133","HIP 104083",1
"HD 40979 C","HD 40979 C",,1
"TOI-1820",,,1
"KMT-2019-BLG-1715L",,,1
"HD 142245 B","HD 142245 B",,1
"Kepler-477",,,1
"Kepler-779",,,1
"HD 4917","HD 4917","HIP 3975",1
"GJ 3222","HD 21175","HIP 15799",1
"K2-224",,,2
"K2-65",,"HIP 109656",1
"TOI-2498",,,1
"XO-6",,,1
"HD 4113 C","HD 4113 C",,1
"TOI-1227",,,1
"TOI-7149",,,1
"OGLE-2016-BLG-0613L B",,,1
"K2-206",,,1
"HU Aqr B",,,2
"HD 93385","HD 93385",,3
"HAT-P-24 B",,,1
"TOI-4145 B",,,1
"K2-409",,,1
"HD 195019 B","HD 195019 B",,1
"K2-356",,,1
"HD 60292","HD 60292","HIP 37196",1
"HD 222076","HD 222076","HIP 116630",1
"HD 185269 Ba","HD 185269 Ba",,1
"Kepler-938",,,1
"nu Oct A","HD 205478","HIP 107089",1
"TOI-5592",,,1
"K2-35",,,2
"HD 284154","HD 284154",,4
"TOI-3976 A",,,1
"ITG 15 A",,,1
"TIC 241249532",,,1
"Kepler-21 B",,,1
"TOI-3235",,,1
"Kepler-132 B",,,4
"TOI-3688 B",,,1
"Kepler-779 B",,,1
"HD 94890","HD 94890","HIP 53502",2
"TOI-2000",,,2
"TOI-5293 A",,,1
"Kepler-410 B",,,1
"Kepler-432 B",,,2
"K2-290 B",,,2
"Kepler-1948",,,1
"TOI-4552",,,1
"NY Vir Ab",,,2
"2MASS J02192210-3925225",,,1
"Kepler-1874",,,1
"BD-14 3065 B",,,1
"HAT-P-35 B",,,1
"WASP-139 B",,,1
"8 UMi","HD 133086","HIP 73136",1
"TOI-858 A",,,1
"Gaia-5",,,1
"WASP-183",,,1
"K2-402",,,1
"MWC 758","HD 36112","HIP 25793",1
"OGLE-2013-BLG-0341L A",,,1
"GJ 3305 B",,,1
"HD 214823 B","HD 214823 B",,1
"HAT-P-61",,,1
"Kepler-785",,,1
"TOI-1224",,,2
"TYC 2187-512-1",,,1
"TOI-4438",,,1
"WASP-14 C",,,1
"K2-286",,,1
"TOI-4127",,,1
"HD 108202","HD 108202","HIP 60648",1
"TOI-2295",,,2
"TOI-470",,,1
"HD 94771","HD 94771","HIP 53437",1
"K2-259",,,1
"EPIC 212624936",,,2
"K2-125",,,1
"K2-323",,,1
"LP 375-24",,,1
"HD 28254 B","HD 28254 B",,1
"Qatar-10",,,1
"Kepler-1130 B",,,3
"TOI-257","HD 19916",,1
"HD 331093","HD 331093",,1
"TIC 641991121",,,2
"GJ 3293",,,4
"TIC 65612701",,,1
"TOI-2141",,,3
"TOI-6393",,,1
"HD 101930 B","HD 101930 B",,1
"HD 220845 B","HD 220845 B",,1
"Qatar-5",,,1
"HD 136925","HD 136925","HIP 75281",1
"HD 105618","HD 105618",,2
"HD 115954","HD 115954","HIP 65042",1
"K2-404",,,1
"Kepler-970 A",,,1
"HIP 81208 A",,"HIP 81208 A",1
"TOI-4363",,,1
"HAT-P-41 B",,,1
"HD 16417 B","HD 16417 B",,1
"EPIC 201757695",,,1
"HD 222582 B","HD 222582 B",,1
"CFHTWIR-Oph 98 A",,,1
"OGLE-2007-BLG-349L B",,,1
"OGLE-2013-BLG-1721L",,,1
"KMT-2016-BLG-1397L",,,1
"MOA-2007-BLG-400L",,,1
"OGLE-2013-BLG-0341L B",,,1
"OGLE-2008-BLG-092L",,,1
"KMT-2017-BLG-2331L",,,1
"KMT-2023-BLG-0548L",,,1
"KMT-2024-BLG-2059L",,,1
"KMT-2024-BLG-2005L",,,1
"KMT-2018-BLG-0087L",,,1
"KMT-2021-BLG-1077L",,,2
"OGLE-2018-BLG-1647L",,,1
"OGLE-2018-BLG-0932L",,,1
"MOA-2020-BLG-135L",,,1
"MOA-2020-BLG-208L",,,1
"KMT-2021-BLG-1770L",,,1
"KMT-2021-BLG-1303L",,,1
"OGLE-2017-BLG-1275L",,,1
"MOA-2019-BLG-008L",,,1
"Gaia22dkvL",,,1
"KMT-2021-BLG-0240L",,,1
"OGLE-2013-BLG-0911L",,,1
"Kepler-512",,,1
"Kepler-101",,,2
"Kepler-288",,,3
"Kepler-1752",,,1
"KOI-13",,,1
"HD 3167","HD 3167","HIP 2736",4
"Kepler-496",,,1
"Kepler-875",,,1
"TOI-5293 B",,,1
"HD 86226","HD 86226","HIP 48739",2
"Kepler-961",,,1
"Kepler-1319",,,1
"GJ 338 A","HD 79210","HIP 45343",1
"HD 22781","HD 22781","HIP 17187",1
"Kepler-1126",,,2
"Kepler-1700",,,1
"HD 203030","HD 203030","HIP 105232",1
"Kepler-312",,,2
"K2-24",,,2
"Kepler-11",,,6
"Kepler-520",,,2
"Kepler-32",,,5
"Kepler-879",,,2
"Kepler-103",,,2
"KOI-94",,,4
"GJ 806",,"HIP 102401",2
"K2-22",,,1
"Kepler-1047",,,2
"Kepler-1881",,,1
"HAT-P-29",,,1
"Kepler-918",,,1
"Kepler-299",,,4
"Kepler-1670",,,1
"K2-199",,,2
"Kepler-480",,,1
"Kepler-1051",,,1
"Kepler-1304",,,1
"Kepler-1539",,,1
"Kepler-825",,,2
"Kepler-376",,,2
"Kepler-929",,,1
"Kepler-1876",,,1
"Kepler-1083",,,1
"HD 4203","HD 4203","HIP 3502",2
"OGLE2-TR-L9",,,1
"Kepler-1871",,,1
"HD 163607","HD 163607","HIP 87601",2
"Kepler-1154",,,2
"Kepler-1717",,,1
"Kepler-1903",,,1
"Kepler-1767",,,1
"WASP-73","HD 202678",,1
"Kepler-1533",,,1
"WASP-138",,,1
"Kepler-372",,,3
"WASP-136",,,1
"Kepler-68",,,4
"Kepler-191",,,3
"K2-27",,,1
"Kepler-1810",,,1
"HATS-25",,,1
"HD 47536","HD 47536","HIP 31688",1
"HD 68988","HD 68988","HIP 40687",2
"Kepler-1191",,,1
"HD 38529","HD 38529","HIP 27253",2
"Kepler-1674",,,1
"Kepler-754",,,1
"Kepler-928",,,1
"Kepler-1052",,,2
"Kepler-441",,,1
"Kepler-584",,,1
"Kepler-176",,,4
"Kepler-681",,,1
"TOI-883",,,1
"Kepler-1743",,,1
"HR 8799","HD 218396","HIP 114189",4
"K2-124",,,1
"Kepler-973",,,1
"Kepler-925",,,1
"Kepler-771",,,1
"K2-229",,,2
"Kepler-105",,,2
"KELT-10",,,1
"Kepler-1989",,,1
"Kepler-797",,,1
"Kepler-1904",,,1
"Kepler-1115",,,1
"Kepler-1482",,,1
"KELT-9","HD 195689","HIP 101252",1
"Kepler-665",,,1
"K2-214",,,1
"HD 177830","HD 177830","HIP 93746",2
"Kepler-444",,"HIP 94931",5
"Kepler-1865",,,1
"Kepler-760",,,2
"14 And","HD 221345","HIP 116076",1
"Kepler-1542",,,4
"Kepler-1472",,,1
"Kepler-727",,,1
"Kepler-84",,,5
"Kepler-1846",,,1
"Kepler-145",,,2
"HD 30856","HD 30856","HIP 22491",1
"HD 45364","HD 45364","HIP 30579",2
"HD 113538","HD 113538","HIP 63833",2
"Kepler-18",,,3
"HD 45184","HD 45184","HIP 30503",2
"GJ 649",,"HIP 83043",1
"Kepler-1309",,,1
"Kepler-899",,,1
"Kepler-384",,,2
"K2-38",,,2
"Kepler-1569",,,1
"Kepler-1488",,,2
"Kepler-1698",,,1
"K2-341",,,1
"K2-324",,,1
"Kepler-848",,,1
"Kepler-716",,,2
"Kepler-1133",,,1
"TOI-4588",,"HIP 92247",1
"Kepler-896",,,2
"Kepler-175",,,2
"HAT-P-15",,,1
"HD 235088","HD 235088","HIP 98668",1
"Kepler-1109",,,1
"HD 39091","HD 39091","HIP 26394",3
"Kepler-1956",,,1
"HAT-P-37",,,1
"Kepler-1859",,,2
"WASP-126",,,2
"Qatar-7",,,1
"Kepler-1821",,,1
"Kepler-25",,,3
"Kepler-1669",,,3
"Kepler-311",,,3
"Kepler-1390",,,1
"Kepler-223",,,4
"Kepler-35",,,1
"Kepler-1193",,,1
"Kepler-1258",,,1
"Kepler-1987",,,4
"Kepler-612",,,1
"Kepler-131",,,2
"Kepler-1629",,,1
"HN Peg","HD 206860","HIP 107350",1
"Kepler-1926",,,1
"WASP-33","HD 15082","HIP 11397",1
"HD 156668","HD 156668","HIP 84607",2
"Kepler-1650",,,1
"Kepler-1344",,,1
"Kepler-1391",,,1
"Kepler-227",,,2
"HAT-P-16",,,1
"HD 154088","HD 154088","HIP 83541",1
"Kepler-257",,,3
"Kepler-43",,,1
"GJ 3323",,,2
"K2-64",,,1
"Kepler-124",,,3
"Kepler-1829",,,1
"HD 16417","HD 16417","HIP 12186",1
"Kepler-489",,,1
"Kepler-619",,,3
"Kepler-374",,,3
"Kepler-1092",,,1
"Kepler-1778",,,1
"Kepler-516",,,1
"Kepler-1453",,,1
"Kepler-200",,,2
"HD 81817","HD 81817","HIP 47193",2
"EPIC 212587672",,,2
"HD 94834","HD 94834","HIP 53545",1
"Kepler-1392",,,1
"Kepler-1572",,,1
"Kepler-1308",,,1
"Kepler-1913",,,1
"Kepler-202",,,2
"K2-99",,,2
"Kepler-709",,,1
"HD 88986","HD 88986","HIP 50316",1
"HD 1666","HD 1666","HIP 1666",1
"HD 20794","HD 20794","HIP 15510",4
"HD 13808","HD 13808","HIP 10301",2
"HD 11964","HD 11964","HIP 9094",2
"Kepler-1093",,,2
"Kepler-380",,,2
"HD 33142","HD 33142","HIP 23844",3
"IRAS 04125+2902",,,1
"Kepler-1254",,,3
"KELT-11","HD 93396","HIP 52733",1
"WASP-47",,,4
"TOI-1136",,,6
"Kepler-731",,,1
"Kepler-640",,,1
"Kepler-623",,,1
"Kepler-57",,,2
"K2-34",,,1
"WASP-100 B",,,1
"WASP-52",,,1
"Kepler-656",,,2
"Kepler-1026",,,1
"KOI-55",,,2
"iot Dra","HD 137759","HIP 75458",2
"TOI-1836","HD 148193",,2
"Kepler-837",,,1
"Kepler-1851",,,1
"HAT-P-66",,,1
"Kepler-303",,,2
"K2-62",,,2
"Kepler-674",,,1
"Kepler-66",,,1
"TOI-2654",,,1
"TOI-1691",,,1
"Kepler-826",,,1
"Kepler-1931",,,1
"Kepler-52",,,3
"HATS-6",,,1
"HD 260655","HD 260655","HIP 31635",2
"K2-68",,,1
"LTT 1445 B",,,2
"TOI-451",,,3
"WASP-127",,,1
"WASP-84",,,2
"Kepler-985",,,1
"Kepler-653",,,2
"KOI-12",,,2
"Kepler-591",,,1
"Kepler-1527",,,1
"TrES-1",,,1
"Kepler-5",,,1
"Kepler-1981",,,1
"HAT-P-39",,,1
"HD 13931","HD 13931","HIP 10626",1
"HAT-P-50",,,1
"Kepler-151",,,2
"Kepler-568",,,1
"HD 564","HD 564","HIP 801",1
"HD 95086","HD 95086","HIP 53524",1
"2MASS J19383260+4603591",,,3
"Kepler-81",,,3
"Kepler-1918",,,1
"Kepler-1452",,,1
"Kepler-370",,,2
"TOI-3785",,,1
"TOI-5678",,,1
"HD 159243","HD 159243","HIP 85911",2
"XO-5",,,1
"HD 43197","HD 43197","HIP 29550",2
"HD 103720","HD 103720","HIP 58237",1
"Kepler-1303",,,1
"Kepler-979",,,1
"Kepler-1665",,,1
"Kepler-1197",,,1
"TOI-5344",,,1
"Kepler-1972",,,2
"TOI-1296",,,1
"WASP-92",,,1
"Kepler-1151",,,1
"EPIC 212737443",,,2
"HD 111998","HD 111998","HIP 62875",1
"Kepler-1019",,,1
"GJ 1061",,,3
"Kepler-513",,,1
"TOI-1201",,,1
"Kepler-1033",,,1
"GJ 676 A",,"HIP 85647",4
"Kepler-1347",,,1
"HAT-P-69",,,1
"Kepler-920",,,2
"Kepler-1686",,,1
"TOI-4145 A",,,1
"Kepler-1469",,,1
"Kepler-1558",,,1
"Kepler-742",,,1
"HD 142245","HD 142245","HIP 77783",1
"Kepler-1105",,,1
"Kepler-883",,,1
"Kepler-518",,,1
"Kepler-525",,,1
"Kepler-1549",,,1
"K2-114",,,1
"Kepler-1329",,,1
"CoRoT-27",,,1
"Kepler-1823",,,1
"Kepler-1962",,,1
"Kepler-538 B",,,1
"Kepler-1438",,,1
"Kepler-631",,,1
"Kepler-1125",,,1
"Kepler-127",,,3
"Kepler-924",,,1
"Kepler-475",,,1
"Kepler-233",,,2
"Kepler-1022",,,1
"K2-25",,,1
"eps Ind B",,,1
"Kepler-762",,,1
"Kepler-298",,,3
"Kepler-1253",,,1
"K2-169",,,1
"K2-15",,,1
"Kepler-873",,,1
"WASP-1",,,1
"Kepler-1249",,,1
"TOI-3629",,,1
"HD 15906","HD 15906",,2
"HAT-P-32 B",,,1
"Kepler-1567",,,1
"Kepler-1683",,,1
"HD 32518","HD 32518","HIP 24003",1
"HD 33564","HD 33564","HIP 25110",1
"K2-203",,,1
"HD 4113","HD 4113","HIP 3391",1
"HD 114783","HD 114783","HIP 64457",2
"Kepler-1405",,,1
"HD 117207","HD 117207","HIP 65808",1
"Kepler-1262",,,1
"HD 52265","HD 52265","HIP 33719",1
"Kepler-1854",,,1
"HD 240210","HD 240210",,1
"Kepler-1243",,,1
"Kepler-1005",,,1
"TOI-4747",,,1
"Kepler-102",,,5
"TOI-1411",,"HIP 76042",1
"WASP-194",,,1
"Kepler-118",,,2
"Kepler-1158",,,1
"KIC 7917485",,,1
"Kepler-139",,,5
"Kepler-1800",,,1
"WASP-48",,,1
"HIP 79762","HD 147379 B","HIP 79762",1
"Kepler-150",,,5
"Kepler-984",,,1
"TOI-880",,,2
"HD 70642","HD 70642","HIP 40952",1
"K2-340",,,1
"HATS-54",,,1
"Kepler-813",,,1
"Kepler-1921",,,2
"Kepler-197",,,4
"Kepler-1432",,,1
"HD 11506","HD 11506","HIP 8770",3
"Kepler-1298",,,1
"HD 167042","HD 167042","HIP 89047",1
"HD 25912","HD 25912",,2
"HD 219134","HD 219134","HIP 114622",6
"TOI-2714",,,1
"TOI-2986",,,1
"CD Cet",,,1
"TOI-1064",,,2
"Kepler-1072",,,1
"KIC 9663113",,,2
"Kepler-1783",,,1
"Gaia-1",,,1
"Kepler-917",,,1
"K2-395",,,2
"HIP 99770",,"HIP 99770",1
"K2-128",,,1
"Kepler-890",,,1
"Kepler-1757",,,1
"Kepler-1134",,,1
"TOI-1174",,,1
"Kepler-1296",,,1
"HR 2562","HD 50571","HIP 32775",1
"TOI-2525",,,2
"TOI-1273",,,1
"Kepler-409",,,1
"HIP 63242","HD 112410","HIP 63242",1
"Kepler-1274",,,1
"Kepler-737",,,1
"Kepler-1228",,,1
"TOI-762 A",,,1
"TOI-904",,,2
"TOI-938",,,1
"HD 30177","HD 30177","HIP 21850",2
"K2-136",,,3
"TYC 3667-1280-1",,,1
"Kepler-1877",,,1
"Kepler-999",,,1
"TOI-1238",,,2
"HD 8673","HD 8673","HIP 6702",1
"Kepler-1925",,,1
"HIP 4845",,"HIP 4845",1
"Kepler-601",,,1
"TOI-3896",,,1
"Kepler-83 B",,,3
"HD 126105","HD 126105","HIP 70382",1
"HD 86728","HD 86728","HIP 49081",1
"Kepler-1237",,,1
"Kepler-427",,,1
"Kepler-1990",,,2
"TOI-1775",,,1
"TOI-1723",,,1
"TOI-2019",,,1
"BEBOP-4 A","HD 111605",,1
"Kepler-1037",,,1
"Kepler-406",,,2
"TOI-1533",,,2
"GJ 504","HD 115383","HIP 64792",1
"TOI-2537",,,2
"Kepler-1307",,,1
"TOI-5380",,,1
"Kepler-690",,,1
"HD 136118","HD 136118","HIP 74948",1
"HD 206893","HD 206893","HIP 107412",2
"K2-392",,,1
"K2-117",,,2
"GJ 4274",,,2
"HD 74698","HD 74698","HIP 42532",2
"HD 213519","HD 213519",,1
"HD 215497","HD 215497","HIP 112441",2
"Kepler-1933",,,1
"KOI-134",,,2
"Kepler-1159",,,1
"TOI-5349",,,1
"WASP-97",,,1
"HAT-P-58",,,1
"Kepler-1246",,,1
"Kepler-1414",,,1
"K2-220",,,1
"TOI-2152",,,1
"Kepler-483",,,1
"CoRoT-16",,,1
"HD 307842","HD 307842",,1
"Kepler-1520",,,1
"TOI-6884",,,1
"TOI-3523 A",,,1
"WASP-129",,,1
"HD 199509","HD 199509","HIP 104436",1
"GJ 3082",,"HIP 5812",1
"TOI-4791",,,1
"TOI-2031 A",,,1
"K2-390",,,1
"Kepler-842",,,1
"Kepler-1107",,,1
"HD 128356","HD 128356","HIP 71481",1
"TOI-4377",,,1
"K2-337",,,1
"Kepler-1898",,,1
"K2-369",,,1
"Kepler-1736",,,1
"TOI-2570",,,1
"K2-113",,,1
"HD 68475","HD 68475","HIP 40051",1
"Kepler-1532",,,1
"K2-133",,,4
"BD+63 1405",,"HIP 88617",1
"Kepler-1411",,,1
"Kepler-964",,,1
"K2-247",,,2
"HIP 90988","HD 170707","HIP 90988",1
"Kepler-629",,,1
"K2-322",,,1
"HAT-P-53",,,1
"HATS-43",,,1
"CoRoT-6",,,1
"K2-289",,,1
"Gaia-2",,,1
"TOI-3919",,,1
"K2-147",,,1
"Kepler-830",,,1
"K2-170",,,2
"K2-31",,,1
"HD 76920","HD 76920","HIP 43803",1
"TOI-4406",,,1
"Kepler-1213",,,1
"TOI-2992",,,1
"Kepler-1818",,,1
"HD 158038","HD 158038","HIP 85294",1
"Kepler-1793",,,1
"K2-132",,,1
"TOI-5232",,,1
"OGLE-TR-56",,,1
"TOI-921",,,1
"KOI-7913 A",,,1
"Kepler-606",,,1
"TOI-444",,"HIP 19950",1
"TOI-5616",,,1
"TOI-1181",,,1
"Kepler-995",,,1
"TOI-5803",,,1
"TOI-1268",,,1
"HD 156098","HD 156098",,2
"Pr0211 B",,,2
"Kepler-1442",,,1
"UZ For",,,2
"TOI-2364",,,1
"Kepler-1478",,,1
"GJ 3634",,,1
"TOI-5713",,,1
"TIC 9344899",,,1
"HAT-P-31",,,1
"17 Sco",,"HIP 79540",1
"TOI-908",,,1
"Kepler-1943",,,1
"SPECULOOS-3",,,1
"TOI-813",,,1
"WASP-120",,,1
"NGTS-3 A",,,1
"WASP-187",,,1
"Kepler-919",,,1
"K2-347",,,1
"Kepler-1389",,,1
"Kepler-595",,,2
"K2-13",,,1
"HATS-56",,,1
"TOI-1291",,,1
"K2-87",,,1
"HAT-P-55",,,1
"K2-263",,,1
"K2-240",,,2
"Teegarden's Star",,,3
"TOI-198",,"HIP 738",1
"Kepler-1692",,,1
"WASP-163",,,1
"K2-343",,,2
"KOI-4777",,,1
"Kepler-643",,,1
"Kepler-1719",,,1
"TOI-782",,,1
"K2-66",,,1
"BD-08 2823",,"HIP 49067",2
"K2-155",,,3
"TOI-5388",,,1
"Kepler-1797",,,1
"MXB 1658-298",,,1
"HD 233832 B","HD 233832 B",,1
"WASP-56",,,1
"K2-190",,,2
"WASP-38","HD 146389",,1
"DP Leo Ab",,,1
"OGLE-2015-BLG-0954L",,,1
"WASP-46",,,1
"HD 43691 B","HD 43691 B",,1
"OGLE-2012-BLG-0950L",,,1
"K2-358",,,1
"GJ 900 A",,"HIP 116384",1
"TOI-481",,,1
"TOI-1439",,,1
"BD+48 738",,,1
"NGTS-2",,,1
"TOI-5726",,,1
"Kepler-1676",,,1
"GJ 9066",,,1
"HD 19994 B","HD 19994 B",,1
"TOI-5817 B",,,1
"TOI-1799",,"HIP 54491",1
"HD 113996 B","HD 113996 B",,1
"HIP 107772",,"HIP 107772",1
"TIC 249022743",,,1
"K2-375",,,1
"Kepler-1149",,,1
"WASP-168 B",,,1
"TOI-5398",,,2
"Kepler-693 c",,,1
"KIC 5479689",,,1
"GJ 3473",,,2
"TOI-4443",,,1
"OGLE-2019-BLG-0249L",,,1
"Kepler-1737",,,1
"TOI-2071",,,1
"TOI-1338 A",,,2
"K2-85",,,1
"WASP-117",,,1
"HD 77338","HD 77338","HIP 44291",1
"alf Tau","HD 29139","HIP 21421",1
"MOA-2011-BLG-262L",,,1
"HD 152079","HD 152079","HIP 82632",1
"HD 2638 C","HD 2638 C",,1
"Kepler-333 B",,,2
"Kepler-68 B",,,4
"HD 12484","HD 12484","HIP 9519",1
"COCONUTS-2 A",,,1
"Qatar-6 B",,,1
"TOI-7041",,,1
"LP 714-47",,,1
"HD 112640","HD 112640","HIP 63203",1
"K2-257",,,1
"OGLE-2018-BLG-1700L Ab",,,1
"TOI-5800",,,1
"TOI-1839",,,2
"WASP-95",,,1
"WASP-106",,,1
"HD 204941","HD 204941","HIP 106353",1
"HD 169142","HD 169142",,1
"K2-32 B",,,4
"TIC 172900988 Ab",,,1
"HD 122562","HD 122562",,1
"WASP-133",,,1
"K2-370",,,1
"TOI-2207",,,1
"HD 143811 B","HD 143811 B",,1
"HD 180902 B","HD 180902 B",,1
"KMT-2021-BLG-0322L B",,,1
"2MASS J19383260+4603591 Ab",,,3
"TOI-3540 B",,,1
"HD 5608 B","HD 5608 B","HIP 4552 B",1
"Kepler-711",,,1
"TOI-6130",,,1
"WASP-12 B",,,1
"HD 13167","HD 13167","HIP 9960",1
"CoRoT-14",,,1
"TIC 434398831",,,2
"TIC 38828280",,,1
"HD 59686 B","HD 59686 B",,1
"TOI-128",,"HIP 24718",1
"HATS-65",,,1
"TOI-4364",,,1
"TOI-6716",,,1
"TOI-2128",,"HIP 83827",1
"K2-385",,,1
"TOI-6478",,,1
"DMPP-7","HD 118006","HIP 66197",1
"TOI-1470",,,2
"HAT-P-22 B",,,1
"TOI-3493","HD 119355",,1
"TOI-3837",,,1
"HD 194490","HD 194490",,1
"K2-29 B",,,1
"TOI-5486",,,1
"WASP-186",,,1
"HD 170469 B","HD 170469 B",,1
"GJ 9404",,"HIP 60093",1
"K2-344",,,1
"TOI-2236",,,1
"HD 11112","HD 11112",,1
"4 UMa","HD 73108","HIP 42527",1
"HD 114082","HD 114082","HIP 64184",1
"TIC 178172313",,,1
"TOI-4578",,,1
"TOI-5736",,,1
"HD 16141 B","HD 16141 B",,1
"TOI-3862",,,1
"Kepler-743 B",,,1
"HD 22532","HD 22532",,1
"TOI-778","HD 115447",,1
"HD 24064","HD 24064","HIP 18451",1
"2MASS J11550485-7919108",,,1
"TOI-5688 B",,,1
"PSR B0329+54",,,1
"vB 10",,,1
"WASP-114 B",,,1
"HD 188015 B","HD 188015 B",,1
"HIP 21152 C",,"HIP 21152 C",1
"HD 102956 B","HD 102956 B",,1
"Kepler-504 B",,,1
"Kepler-1964",,,1
"HD 142245 C","HD 142245 C",,1
"OGLE-2014-BLG-1760L",,,1
"OGLE-2014-BLG-1722L",,,2
"KMT-2016-BLG-2142L",,,1
"OGLE-2018-BLG-0596L",,,1
"OGLE-2013-BLG-0102L",,,1
"KMT-2022-BLG-1790L",,,1
"MOA-2022-BLG-033L",,,1
"OGLE-2012-BLG-0838L",,,1
"KMT-2018-BLG-1976L",,,1
"OGLE-2019-BLG-0954L",,,1
"KMT-2018-BLG-1743L",,,1
"OGLE-2018-BLG-0383L",,,1
"KMT-2021-BLG-0909L",,,1
"KMT-2025-BLG-0481L",,,1
"KMT-2018-BLG-0030L",,,1
"OGLE-2019-BLG-0362L",,,1
"OGLE-2019-BLG-1470L B",,,1
"OGLE-2006-BLG-284L A",,,1
"OGLE-2016-BLG-0007L",,,1
"KMT-2022-BLG-0440L",,,1
"OGLE-2019-BLG-0679L",,,1
"KMT-2022-BLG-1013L",,,1
"OGLE-2019-BLG-1180L",,,1
"KMT-2023-BLG-0416L",,,1
"MOA-2022-BLG-563L",,,1
"KMT-2021-BLG-0192L",,,1
"KMT-2021-BLG-2294L",,,1
"KMT-2023-BLG-0735L",,,1
"HD 115404 A","HD 115404 A","HIP 64797 A",2
"WASP-83",,,1
"WASP-11",,,1
"Kepler-268",,,2
"Kepler-54",,,3
"Kepler-540",,,1
"TOI-1075",,,1
"Kepler-1577",,,1
"Kepler-378",,,2
"Kepler-1504",,,1
"GPX-1",,,1
"Kepler-433",,,1
"KIC 3558849",,,1
"Kepler-389",,,2
"Kepler-20",,,6
"Kepler-216",,,2
"TOI-2196",,,1
"Kepler-847",,,1
"Kepler-161",,,2
"Kepler-412",,,1
"Kepler-1394",,,1
"HIP 67522","HD 120411","HIP 67522",2
"LTT 1445 A",,"HIP 14101",2
"Kepler-364",,,2
"Kepler-688",,,1
"Kepler-153",,,2
"Kepler-707",,,1
"Kepler-244",,,3
"K2-153",,,1
"HD 30669","HD 30669","HIP 22320",1
"Kepler-1098",,,1
"Kepler-497",,,1
"Kepler-1160",,,1
"Kepler-1505",,,1
"Kepler-733",,,1
"Kepler-112",,,2
"TOI-5734",,,1
"Kepler-337",,,2
"Kepler-345",,,2
"Kepler-1777",,,1
"Kepler-1755",,,1
"Kepler-660",,,1
"K2-74",,,1
"Kepler-28",,,2
"CoRoT-20",,,2
"Kepler-331",,,3
"gam Cep","HD 222404","HIP 116727",1
"EPIC 211822797",,,1
"Kepler-1136",,,1
"Kepler-291",,,2
"rho CrB","HD 143761","HIP 78459",3
"Kepler-1023",,,1
"Kepler-225",,,2
"HD 89744","HD 89744","HIP 50786",1
"TOI-1669",,,2
"Kepler-605",,,2
"Kepler-1179",,,1
"Kepler-45",,,1
"Kepler-1994",,,1
"K2-54",,,1
"K2-332",,,1
"KELT-16",,,1
"Kepler-1476",,,1
"TOI-1333",,,1
"Kepler-1788",,,1
"Kepler-646",,,1
"Kepler-1371",,,2
"Kepler-1321",,,3
"Kepler-815",,,1
"Kepler-342",,,4
"Kepler-923",,,1
"Kepler-597",,,1
"Kepler-757",,,1
"Kepler-580",,,1
"HD 86081","HD 86081","HIP 48711",1
"Kepler-549",,,3
"K2-81",,,1
"TrES-2",,,1
"Kepler-774",,,1
"HD 108236","HD 108236","HIP 60689",5
"WASP-172",,,1
"Kepler-450",,,3
"Kepler-1131",,,1
"Kepler-696",,,1
"XO-7",,,1
"K2-376",,,1
"Kepler-1358",,,1
"K2-52",,,1
"Kepler-934",,,1
"Kepler-769",,,2
"Kepler-1694",,,1
"Kepler-307",,,2
"HD 72892","HD 72892","HIP 42098",1
"Kepler-134",,,2
"Kepler-258",,,2
"Gl 378",,"HIP 49189",1
"Kepler-24",,,4
"Kepler-732",,,2
"TOI-5817","HD 204660","HIP 106097",1
"Kepler-183",,,2
"HD 110014","HD 110014","HIP 61740",1
"Kepler-1745",,,1
"HIP 105854","HD 203949","HIP 105854",1
"WASP-10",,,1
"HD 16141","HD 16141","HIP 12048",1
"Kepler-9",,,3
"Kepler-1832",,,1
"Kepler-495",,,2
"HD 125595","HD 125595","HIP 70170",1
"HD 158996","HD 158996","HIP 84769",1
"61 Vir","HD 115617","HIP 64924",3
"Kepler-30",,,3
"HATS-77",,,1
"Kepler-1381",,,1
"Kepler-806",,,1
"Kepler-356",,,2
"Kepler-1477",,,1
"WASP-176",,,1
"HD 42012","HD 42012","HIP 29242",1
"K2-365",,,1
"HAT-P-9",,,1
"Kepler-417",,,2
"Kepler-280",,,2
"Kepler-956",,,1
"TOI-1853",,,1
"HIP 55507",,"HIP 55507",1
"Kepler-1311",,,3
"K2-5",,,2
"Kepler-1084",,,1
"K2-9",,,1
"Kepler-1746",,,1
"Kepler-635",,,1
"91 Aqr","HD 219449","HIP 114855",1
"Kepler-1738",,,1
"Kepler-1730",,,1
"Kepler-165",,,2
"Kepler-1227",,,1
"Kepler-1116",,,1
"Kepler-1463",,,1
"Kepler-970",,,1
"Kepler-188",,,2
"Kepler-1422",,,1
"Kepler-1995",,,1
"Kepler-542",,,1
"Kepler-326",,,3
"Kepler-1785",,,1
"K2-146",,,2
"HAT-P-20",,,1
"Kepler-1952",,,1
"K2-406",,,1
"Kepler-308",,,2
"Wendelstein-2",,,1
"Kepler-269",,,2
"HATS-63",,,1
"Kepler-1541",,,1
"Kepler-911",,,1
"Kepler-294",,,2
"TOI-4487 B",,,1
"LTT 1445 C",,,2
"HD 209458","HD 209458","HIP 108859",1
"TOI-776",,,2
"K2-237",,,1
"WASP-12",,,1
"TOI-1173 B",,,1
"TOI-1420",,,1
"Kepler-123",,,2
"KELT-4 C",,,1
"EPIC 206317286",,,2
"Kepler-94",,,2
"Kepler-1231",,,1
"Kepler-1313",,,1
"GJ 436",,"HIP 57087",1
"L 98-59",,,5
"TRAPPIST-1",,,7
"WASP-164",,,1
"TOI-431",,"HIP 26013",3
"WASP-131",,,1
"WASP-39",,,1
"WASP-103",,,1
"Kepler-7",,,1
"KELT-19 A",,,1
"Kepler-1929",,,1
"Kepler-724",,,1
"HD 221585","HD 221585","HIP 116221",1
"Kepler-1458",,,1
"HATS-48 A",,,1
"Kepler-490",,,1
"Kepler-424",,,2
"Kepler-1264",,,1
"Kepler-1621",,,1
"WASP-113",,,1
"Kepler-1753",,,1
"WASP-193",,,1
"TOI-677",,,1
"TOI-2134",,,2
"WASP-17",,,1
"Kepler-8",,,1
"Kepler-310",,,3
"Kepler-645",,,1
"Kepler-546",,,1
"K2-12",,,1
"HD 98219","HD 98219","HIP 55174",1
"Kepler-1124",,,1
"Kepler-743",,,1
"Kepler-1356",,,1
"GJ 3021","HD 1237","HIP 1292",1
"WASP-55",,,1
"TOI-1386",,,2
"WASP-2",,,1
"K2-105",,,1
"Kepler-1891",,,1
"Kepler-1205",,,1
"Kepler-1518",,,2
"GJ 1265",,,1
"GJ 625",,"HIP 80459",1
"Kepler-544",,,1
"HD 202696","HD 202696","HIP 105056",2
"HD 213240","HD 213240","HIP 111143",1
"Kepler-684",,,1
"Kepler-1691",,,1
"Kepler-439",,,1
"Kepler-1583",,,1
"TOI-1693",,,1
"HD 73583","HD 73583","HIP 42401",2
"GJ 896 A",,"HIP 116132 A",1
"Kepler-262",,,2
"Kepler-872",,,1
"K2-79",,,1
"TOI-4487 A",,,1
"Kepler-1323",,,1
"HD 88133","HD 88133","HIP 49813",1
"Kepler-1474",,,1
"HD 5608","HD 5608","HIP 4552",1
"TOI-1873",,,1
"Kepler-272",,,3
"Kepler-1611",,,1
"HD 2952","HD 2952","HIP 2611",1
"WASP-119",,,1
"Kepler-1416",,,1
"Kepler-1862",,,1
"BD+20 2457",,,2
"2MASS J01225093-2439505",,,1
"Kepler-922",,,1
"Kepler-1919",,,1
"Kepler-893",,,1
"HD 192310","HD 192310","HIP 99825",2
"Kepler-248",,,2
"Kepler-335",,,2
"HD 50554","HD 50554","HIP 33212",1
"HD 206255","HD 206255","HIP 107160",1
"Kepler-1485",,,1
"KELT-3",,,1
"HD 155193","HD 155193",,1
"HD 6061","HD 6061",,1
"Kepler-192",,,3
"Kepler-590",,,1
"NGC 2682 YBP 401",,,1
"K2-342",,,1
"TOI-3160 A",,,1
"Kepler-1677",,,1
"Kepler-1122",,,1
"Kepler-91",,,1
"Pr0201",,,1
"Kepler-1186",,,1
"Kepler-1061",,,1
"HD 19994","HD 19994","HIP 14954",1
"Kepler-736",,,1
"Kepler-1257",,,1
"Kepler-777",,,1
"Kepler-1557",,,1
"Kepler-1726",,,1
"Kepler-1749",,,1
"TOI-4551",,,1
"Kepler-59",,,2
"Kepler-1638",,,1
"Kepler-1843",,,1
"Kepler-630",,,1
"Kepler-963",,,2
"Kepler-1942",,,1
"TOI-1776",,"HIP 53688",1
"Kepler-552",,,1
"Kepler-685",,,1
"HD 210277","HD 210277","HIP 109378",1
"HD 75784","HD 75784","HIP 43569",2
"Kepler-862",,,1
"Kepler-686",,,1
"Kepler-933",,,1
"HD 204313","HD 204313","HIP 106006",3
"K2-43",,,2
"HD 1502","HD 1502","HIP 1547",1
"Kepler-1459",,,1
"Kepler-1610",,,2
"TOI-4029",,,1
"K2-11",,,1
"Kepler-730",,,2
"K2-295",,,1
"K2-292","HD 119130",,1
"Kepler-713",,,1
"Kepler-871",,,1
"Kepler-1295",,,1
"Kepler-798",,,1
"Kepler-861",,,1
"HD 98736","HD 98736","HIP 55486 A",1
"HD 218566","HD 218566","HIP 114322",1
"TOI-5882",,,1
"K2-383",,,1
"BD-17 63",,"HIP 2247",1
"TOI-2180",,,1
"Kepler-936",,,1
"TOI-1860",,,1
"KOI-2513",,,1
"Kepler-1758",,,1
"NGTS-35",,,1
"Kepler-996",,,1
"K2-37",,,3
"HATS-44",,,1
"K2-245",,,1
"XO-1",,,1
"Kepler-259",,,2
"Kepler-814",,,1
"HD 131496","HD 131496","HIP 72845",1
"K2-275",,,2
"K2-284",,,1
"Kepler-776",,,1
"Kepler-983",,,1
"K2-366",,,1
"2MASS J12514562-8806328",,,1
"TOI-1478",,,1
"OGLE-2023-BLG-0766L",,,1
"Kepler-1721",,,1
"mu Leo","HD 85503","HIP 48455",1
"Kepler-1666",,,2
"Kepler-1900",,,1
"TOI-1824",,,1
"LHS 3509","HD 190360 B",,3
"Kepler-1598",,,1
"Kepler-276",,,3
"TIC 172900988 Aa",,,1
"TOI-1601",,,1
"Kepler-617",,,1
"HD 44219","HD 44219","HIP 30114",1
"HD 23079","HD 23079","HIP 17096",2
"HD 153557","HD 153557","HIP 83020 A",3
"Kepler-589",,,2
"TOI-5005",,,1
"Kepler-576",,,1
"KOI-1257",,,1
"Kepler-1008",,,1
"K2-315",,,1
"Kepler-1525",,,1
"Ross 508",,,1
"K2-371",,,1
"TOI-707",,,1
"Kepler-901",,,1
"Kepler-1408",,,1
"HD 197037","HD 197037","HIP 101948",1
"Kepler-841",,,1
"Kepler-119",,,2
"Kepler-1679",,,1
"Kepler-618",,,1
"TOI-3523 B",,,1
"Kepler-1681",,,1
"EPIC 248847494",,,1
"Kepler-884",,,1
"K2-333",,,1
"HD 216770","HD 216770","HIP 113238",1
"XO-4",,,1
"Kepler-1544",,,1
"HD 56414","HD 56414",,1
"Kepler-1020",,,1
"Kepler-1040",,,1
"Kepler-1137",,,1
"Kepler-870",,,1
"HD 231701","HD 231701","HIP 96078",1
"K2-91",,,1
"HD 213885","HD 213885","HIP 111553",2
"TOI-5126",,,2
"Kepler-1113",,,1
"Kepler-1351",,,1
"K2-95",,,1
"NGTS-12",,,1
"BD+14 4559",,"HIP 104780",1
"WASP-13",,,1
"TOI-763",,,2
"Kepler-1739",,,1
"TOI-1408",,,2
"TOI-333",,,1
"HD 457","HD 457",,1
"TOI-5542",,,1
"Kepler-1776",,,1
"WASP-123",,,1
"Kepler-369",,,2
"2MASS J04414489+2301513",,,1
"HD 47186","HD 47186","HIP 31540",2
"K2-242",,,1
"Kepler-1732",,,1
"TOI-4638",,,1
"HD 73267","HD 73267","HIP 42202",2
"KOI-13 B",,,1
"Kepler-663",,,1
"Kepler-1704",,,1
"Kepler-1893",,,1
"WASP-58",,,1
"Kepler-1937",,,1
"HD 145377","HD 145377","HIP 79346",1
"HATS-58 B",,,1
"HD 207897","HD 207897","HIP 107038",1
"NGTS-30",,,1
"K2-83",,,2
"Kepler-1917",,,1
"Kepler-1882",,,1
"TOI-2497",,,1
"TOI-2373",,,1
"Kepler-912",,,1
"HAT-P-38",,,1
"Kepler-1007",,,1
"Kepler-808",,,1
"AB Pic","HD 44627","HIP 30034",1
"TOI-1750",,,1
"Kepler-1119",,,1
"Kepler-1350",,,2
"HD 47366","HD 47366","HIP 31674",2
"TOI-172",,,1
"Kepler-638",,,1
"TOI-1230",,,1
"Kepler-1423",,,1
"TOI-544","HD 290498",,2
"HD 55696","HD 55696","HIP 34801",1
"BD-13 2130",,,1
"WASP-185",,,1
"Kepler-1510",,,1
"K2-46",,,1
"GJ 2030",,,2
"HIP 65 A",,"HIP 65 A",1
"HAT-P-70","HD 287325",,1
"K2-191",,,1
"TOI-6383 A",,,1
"TOI-1453",,,2
"kap CrB","HD 142091","HIP 77655",1
"Kepler-869",,,1
"TOI-2274",,,1
"Kepler-1198",,,1
"Kepler-566",,,1
"TOI-2379",,,1
"TIC 445805957",,,1
"TOI-3331 A",,,1
"KIC 10001893",,,3
"POTS-1",,,1
"K2-417",,,1
"Kepler-514 B",,,1
"Oph 11",,,1
"WTS-2",,,1
"Kepler-582",,,1
"CoRoT-26",,,1
"TOI-2015",,,2
"K2-28",,,1
"Kepler-383",,,2
"Kepler-1813",,,1
"Kepler-717",,,1
"TOI-4201",,,1
"TOI-1937 B",,,1
"HD 204941 B","HD 204941 B",,1
"Kepler-1433",,,1
"Kepler-1221",,,1
"Kepler-476",,,1
"PH1 Ab",,,1
"2MASS J19144055-5934460",,,1
"GJ 367",,"HIP 47780",3
"Kepler-14 B",,,1
"Kepler-477 A",,,1
"KMT-2023-BLG-0119L",,,1
"TOI-6324",,,1
"TIC 290487717",,,1
"K2-192",,,1
"HD 7449 B","HD 7449 B",,1
"HAT-P-67",,,1
"TOI-7009",,,1
"GJ 411","HD 95735","HIP 54035",2
"NGTS-9",,,1
"HD 285507","HD 285507","HIP 19207",1
"Kepler-1575",,,1
"WTS-1",,,1
"WASP-94 A",,,2
"WASP-155",,,1
"TOI-1052","HD 212729",,2
"TOI-1806",,,1
"Kepler-1493",,,1
"HATS-76",,,1
"TOI-1298",,,1
"HD 207832 C","HD 207832 C",,2
"HD 189733 B","HD 189733 B",,1
"HIP 116454 B",,"HIP 116454 B",1
"Kepler-1652",,,1
"TOI-6255",,,1
"WDS J07542-2518 B",,,2
"K2-228",,,1
"HAT-P-7 B",,,1
"MOA-2007-BLG-192L",,,1
"MARVELS-7 c",,,1
"Wolf 503",,"HIP 67285",1
"K2-209",,,1
"Kepler-908 B",,,1
"HAT-P-62",,,1
"HAT-P-16 B",,,1
"Kepler-931",,,1
"Kepler-20 B",,,6
"TOI-3321",,,1
"HD 164509 B","HD 164509 B",,1
"TOI-2587 B",,,1
"Kepler-1207",,,1
"HATS-33",,,1
"HD 1397","HD 1397","HIP 1419",1
"TOI-2567",,,1
"K2-419 B",,,1
"HD 86081 B","HD 86081 B",,1
"HD 196050 Ba","HD 196050 Ba",,1
"TOI-5108",,"HIP 54186",1
"TOI-1278",,,1
"NN Ser Ab",,,2
"TOI-159 B",,,1
"TOI-4633 B",,,1
"GJ 229 Ba",,,2
"GJ 229 Bb",,,2
"2MASS J13013268+6337496 A",,,2
"HATS-37 B",,,1
"Kepler-38 Ab",,,1
"HD 14067","HD 14067","HIP 10657",1
"K2-380",,,1
"TOI-3984 B",,,1
"TOI-5082",,"HIP 34271",1
"TOI-163","HD 271181",,1
"TOI-4961",,,1
"TOI-3568",,,1
"HD 108341 B","HD 108341 B",,1
"Kepler-1708",,,1
"Kepler-78 B",,,1
"HD 81688","HD 81688","HIP 46471",1
"HD 18599","HD 18599","HIP 13754",1
"TOI-2084",,,1
"TOI-1452",,,1
"TOI-4734",,,1
"RR Cae",,,1
"HD 202673","HD 202673","HIP 105149",1
"NGTS-14 B",,,1
"HD 175607","HD 175607","HIP 93373",1
"TOI-532",,,1
"K2-288 A",,,1
"WISPIT 1",,,2
"TOI-892",,,1
"USco1556 A",,,1
"K2-397",,,1
"HIP 19976 C",,"HIP 19976 C",1
"HD 151450","HD 151450",,2
"MASCARA-4","HD 85628",,1
"TOI-2989",,,1
"TOI-5210",,,1
"TOI-5926",,,1
"WASP-123 B",,,1
"NGTS-25",,,1
"TOI-808",,,1
"TIC 139702105",,,1
"GJ 2126",,"HIP 83941",1
"Lupus-TR-3",,,1
"Kepler-1008 B",,,1
"HD 184010","HD 184010",,3
"K2-290 C",,,2
"HD 40979 B","HD 40979 B",,1
"TIC 86380416",,,1
"TOI-1410",,,2
"HAT-P-29 B",,,1
"TOI-5515",,,1
"HD 167768","HD 167768",,1
"HD 79181","HD 79181",,1
"TOI-2010",,,1
"K2-186",,,1
"WASP-160 A",,,1
"TOI-209",,,1
"DS Tuc B",,,1
"HD 79498 B","HD 79498 B",,1
"TIC 600433892",,,1
"Gl 725 B","HD 173740","HIP 91772",1
"Kepler-565",,,1
"2MASS J01033563-5515561 A",,,1
"WASP-14 B",,,1
"HD 207832 B","HD 207832 B",,2
"OGLE-2016-BLG-1195L",,,1
"MOA-2012-BLG-505L",,,1
"OGLE-2016-BLG-0613L AB",,,1
"UKIRT-2017-BLG-001L",,,1
"OGLE-2017-BLG-0373L",,,1
"OGLE-2017-BLG-0482L",,,1
"OGLE-2011-BLG-0173L",,,1
"KMT-2017-BLG-1038L",,,1
"KMT-2017-BLG-0165L",,,1
"OGLE-2005-BLG-071L",,,1
"MOA-2009-BLG-266L",,,1
"KMT-2017-BLG-2197L",,,1
"OGLE-2018-BLG-0677L",,,1
"KMT-2018-BLG-0748L",,,1
"KMT-2016-BLG-2364L",,,1
"OGLE-2017-BLG-0604L",,,1
"KMT-2023-BLG-0830L",,,1
"KMT-2024-BLG-2242L",,,1
"OGLE-2018-BLG-0962L",,,1
"KMT-2021-BLG-1372L",,,1
"KMT-2024-BLG-0176L",,,1
"KMT-2024-BLG-0349L",,,1
"KMT-2024-BLG-1870L",,,1
"KMT-2021-BLG-0748L",,,1
"KMT-2019-BLG-1042L",,,1
"KMT-2019-BLG-2974L",,,1
"KMT-2023-BLG-0466L",,,1
"KMT-2025-BLG-0121L",,,1
"KMT-2021-BLG-1898L",,,1
"KMT-2018-BLG-2602L",,,1
"KMT-2019-BLG-0298L",,,1
"KMT-2021-BLG-2010L",,,1
"KMT-2022-BLG-0371L",,,1
"KMT-2021-BLG-1150L",,,1
"OGLE-2023-BLG-0836L",,,1
"OGLE-2016-BLG-1598L",,,1
"OGLE-2016-BLG-1800L",,,1
"HD 284154 B","HD 284154 B",,4
"HD 216437","HD 216437","HIP 113137",1
"Kepler-167",,,4
"KELT-20","HD 185603","HIP 96618",1
"Kepler-256",,,4
"Kepler-304",,,4
"Kepler-33",,,5
"Kepler-1399",,,1
"Kepler-790",,,1
"Kepler-282",,,4
"Kepler-361",,,2
"Kepler-461",,,1
"Kepler-822",,,1
"Kepler-550",,,1
"HD 90156","HD 90156","HIP 50921",1
"Kepler-1561",,,1
"Kepler-235",,,4
"Kepler-750",,,2
"Kepler-351",,,3
"HAT-P-16 C",,,1
"Kepler-1511",,,1
"HD 240237","HD 240237","HIP 114840",1
"7 CMa","HD 47205","HIP 31592",2
"Kepler-1108",,,1
"Kepler-87",,,2
"TOI-1231",,,1
"HD 8574","HD 8574","HIP 6643",1
"Kepler-1461",,,1
"Kepler-1827",,,1
"Kepler-1460",,,1
"Kepler-763",,,3
"HD 233604","HD 233604",,1
"Kepler-1449",,,1
"Kepler-1889",,,1
"HD 74156","HD 74156","HIP 42723",2
"Kepler-249",,,3
"Kepler-682",,,1
"Kepler-1189",,,1
"BD-06 1339",,"HIP 27803",2
"WASP-41",,,2
"HD 104067","HD 104067","HIP 58451",2
"Kepler-1762",,,1
"Kepler-366",,,2
"TOI-1272",,,1
"Kepler-1398",,,2
"Kepler-880",,,2
"Kepler-411",,,4
"Kepler-1487",,,2
"Kepler-1722",,,1
"Kepler-1820",,,1
"CoRoT-13",,,1
"TOI-6695",,,2
"Kepler-1623",,,1
"Kepler-1355",,,1
"HD 238090","HD 238090","HIP 59514",1
"Kepler-752",,,1
"CoRoT-4",,,1
"KELT-12",,,1
"TOI-4137",,,1
"Kepler-955",,,1
"Kepler-620",,,1
"Kepler-626",,,1
"TOI-654",,,1
"Kepler-65",,,4
"Kepler-994",,,1
"Kepler-1002",,,1
"Kepler-748",,,1
"Kepler-1805",,,1
"Kepler-943",,,1
"Kepler-1430",,,1
"Kepler-169",,,5
"HIP 41378",,"HIP 41378",6
"WASP-108",,,1
"Kepler-93",,,2
"Kepler-177",,,2
"Kepler-401",,,3
"K2-130",,,1
"Kepler-92",,,3
"Kepler-281",,,3
"TOI-2145",,"HIP 86040",1
"Kepler-493",,,1
"Kepler-27",,,3
"K2-189",,,2
"TOI-2095",,,2
"Kepler-1106",,,1
"HD 143811 A","HD 143811 A","HIP 78663",1
"HD 139357","HD 139357","HIP 76311",1
"Kepler-846",,,1
"Kepler-403",,,3
"Kepler-1993",,,1
"Kepler-1852",,,1
"Kepler-434",,,1
"Kepler-775",,,1
"K2-368",,,3
"Kepler-44",,,1
"Kepler-1817",,,1
"Kepler-1132",,,1
"HIP 14810",,"HIP 14810",3
"HD 145934","HD 145934",,1
"HD 73526","HD 73526","HIP 42282",2
"Kepler-1366",,,1
"Kepler-1695",,,1
"Kepler-538",,,1
"Kepler-385",,,3
"Kepler-122",,,5
"Kepler-322",,,2
"Kepler-346",,,2
"K2-4",,,1
"Kepler-835",,,1
"HATS-36",,,1
"CoRoT-7",,,3
"HD 17674","HD 17674","HIP 13291",1
"Kepler-1014",,,1
"Kepler-1492",,,1
"Kepler-657",,,1
"Kepler-865",,,2
"Kepler-1574",,,1
"Kepler-1278",,,1
"HATS-60",,,1
"Kepler-179",,,2
"K2-97",,,1
"HR 858","HD 17926","HIP 13363",3
"Kepler-229",,,3
"Kepler-1190",,,1
"Kepler-1421",,,1
"Kepler-1255",,,1
"Kepler-768",,,1
"Kepler-726",,,1
"Kepler-1763",,,1
"Kepler-238",,,5
"GJ 2056",,"HIP 34785",1
"Kepler-1099",,,1
"Kepler-959",,,1
"Kepler-1938",,,1
"HD 100777","HD 100777","HIP 56572",1
"HD 103774","HD 103774","HIP 58263",1
"Kepler-1337",,,1
"Kepler-343",,,2
"HD 68402","HD 68402","HIP 39589",1
"HD 203387","HD 203387",,2
"HATS-13",,,1
"Kepler-804",,,2
"Kepler-502",,,1
"TOI-4405",,,1
"WASP-153",,,1
"Kepler-1120",,,1
"Kepler-704",,,1
"GJ 317",,,2
"Kepler-1117",,,1
"HD 45350","HD 45350","HIP 30860",1
"Kepler-1879",,,1
"Kepler-1240",,,1
"Kepler-1059",,,1
"Kepler-1372",,,1
"TOI-4153",,,1
"Kepler-1397",,,1
"HD 140901","HD 140901","HIP 77358",2
"HIP 56640","HD 100939","HIP 56640",1
"Kepler-532",,,1
"Kepler-196",,,3
"Kepler-1624",,,1
"Kepler-1383",,,1
"GJ 357",,"HIP 47103",3
"TOI-700",,,4
"HATS-72",,,1
"55 Cnc B",,,7
"TrES-4 B",,,1
"TOI-421",,,2
"Kepler-76",,,1
"Kepler-637",,,1
"TOI-1130",,,2
"TOI-4010",,,4
"Kepler-644",,,1
"HAT-P-11",,"HIP 97657",2
"TOI-199",,,2
"WASP-157",,,1
"Kepler-1402",,,1
"Kepler-313",,,2
"HAT-P-12",,,1
"Kepler-1496",,,1
"Kepler-242",,,2
"Kepler-1560",,,1
"K2-7",,,1
"Kepler-23",,,3
"HD 114386","HD 114386","HIP 64295",2
"HATS-50",,,1
"HD 86065","HD 86065",,1
"HD 134606","HD 134606","HIP 74653",5
"Kepler-1168",,,1
"Kepler-966",,,1
"WASP-20",,,1
"WASP-94 B",,,2
"11 Com","HD 107383","HIP 60202",1
"ups And B",,,3
"HD 20868","HD 20868","HIP 15578",1
"KELT-4 B",,,1
"HD 110106 B","HD 110106 B",,6
"K2-98",,,1
"TIC 56658273",,,1
"K2-22 B",,,1
"Kepler-1039",,,1
"Kepler-700",,,1
"Kepler-1100",,,1
"WASP-12 C",,,1
"Kepler-187",,,2
"HD 29399","HD 29399",,1
"K2-154",,,2
"Kepler-1589",,,1
"HD 112570","HD 112570","HIP 63211",1
"Kepler-1069",,,1
"Kepler-1636",,,1
"Kepler-432",,,2
"Kepler-903",,,2
"HD 28254","HD 28254","HIP 20606",1
"Kepler-533",,,1
"K2-268",,,5
"Kepler-69",,,2
"WASP-171",,,1
"K2-204",,,1
"BD-11 4672",,"HIP 90979",2
"Kepler-1150",,,1
"GJ 887","HD 217987","HIP 114046",4
"Kepler-126",,,3
"HD 175167","HD 175167","HIP 93281",1
"K2-84",,,2
"Kepler-1637",,,1
"Kepler-1798",,,1
"Kepler-603",,,3
"Kepler-1790",,,1
"ups And","HD 9826","HIP 7513",3
"K2-222",,,1
"Kepler-1563",,,1
"WASP-118",,,1
"HD 48948","HD 48948","HIP 32769",3
"Kepler-747",,,1
"Kepler-1328",,,1
"K2-345",,,1
"Kepler-649",,,1
"TOI-4507",,,1
"Kepler-723",,,1
"Kepler-1641",,,2
"Kepler-186",,,5
"HD 102329","HD 102329","HIP 57467",2
"Kepler-1997",,,1
"K2-19",,,3
"K2-111",,,2
"Kepler-1095",,,1
"HD 1461","HD 1461","HIP 1499",2
"HD 80653","HD 80653",,2
"Kepler-198",,,3
"Kepler-876",,,1
"Kepler-1330",,,1
"Kepler-1025",,,1
"Kepler-422",,,1
"HD 41004 B","HD 41004 B","HIP 28393 B",2
"Kepler-705",,,1
"ROXs 42 B",,,1
"Kepler-1600",,,2
"Kepler-157",,,3
"HD 130322","HD 130322","HIP 72339",1
"HD 173416","HD 173416","HIP 91852",1
"TOI-5799",,,2
"Kepler-375",,,2
"HD 110537","HD 110537","HIP 62039",1
"omi UMa","HD 71369","HIP 41704",1
"Kepler-16",,,1
"Kepler-1734",,,1
"Kepler-1579",,,1
"EPIC 201841433",,,1
"Kepler-1523",,,1
"TOI-799",,,1
"CoRoT-5",,,1
"Kepler-1582",,,1
"Kepler-1941",,,1
"WASP-3 B",,,1
"Kepler-416",,,3
"Kepler-1314",,,1
"TOI-1437",,,1
"Kepler-1353",,,1
"Kepler-1616",,,1
"Kepler-1148",,,1
"Kepler-658",,,1
"Kepler-505",,,1
"Kepler-251",,,4
"Kepler-1614",,,1
"Kepler-1374",,,1
"HD 127506","HD 127506","HIP 70950",1
"TOI-663",,,3
"HD 164509","HD 164509","HIP 88268",1
"Kepler-673",,,1
"Kepler-1690",,,1
"Kepler-1999",,,1
"Kepler-1286",,,1
"HD 121504","HD 121504","HIP 68162",1
"TOI-201","HD 39474","HIP 27515",3
"HD 99109","HD 99109","HIP 55664",1
"Kepler-255",,,3
"Kepler-1297",,,1
"Kepler-958",,,1
"HATS-9",,,1
"HD 35843","HD 35843","HIP 25359",2
"Kepler-1643",,,1
"Kepler-1759",,,1
"Kepler-1202",,,1
"Kepler-867",,,1
"HD 1690","HD 1690","HIP 1692",1
"Kepler-1954",,,1
"Kepler-1089",,,1
"HD 33283 B","HD 33283 B",,1
"Kepler-390",,,2
"HD 28678","HD 28678","HIP 21109",1
"HD 168746","HD 168746","HIP 90004",1
"TOI-6016",,,1
"TOI-2768",,,1
"TIC 257060897",,,1
"TOI-1789","HD 82139",,1
"Kepler-1684",,,1
"Kepler-1593",,,1
"HIP 54597",,"HIP 54597",1
"Kepler-1436",,,1
"TOI-5350",,,1
"Kepler-1443",,,1
"GJ 3988",,,1
"Kepler-1540",,,1
"TOI-3693",,,1
"TIC 38825265",,,1
"K2-16",,,3
"TOI-1751",,,1
"K2-319",,,1
"HD 189567","HD 189567","HIP 98959",2
"HD 190647","HD 190647","HIP 99115",1
"HD 95089","HD 95089","HIP 53666",2
"TOI-1450 A",,,2
"HD 96992","HD 96992","HIP 54595",1
"Kepler-414",,,2
"Kepler-228",,,3
"TOI-512",,,1
"WD 0806-661",,,1
"eps Eri","HD 22049","HIP 16537",1
"Kepler-220",,,4
"WASP-61",,,1
"WASP-190",,,1
"Kepler-1576",,,1
"HATS-32",,,1
"WASP-8",,,2
"TOI-6564",,,1
"Kepler-1784",,,1
"HAT-P-43",,,1
"Kepler-648",,,1
"TOI-2322",,,2
"TOI-2338",,,1
"TOI-2524",,,1
"TOI-5386 A",,,1
"WASP-174",,,1
"Kepler-976",,,1
"AF Lep","HD 35850","HIP 25486",1
"ROXs 12",,,1
"Kepler-67",,,1
"Kepler-1395",,,1
"TIC 161045582",,,1
"K2-80",,,3
"Kepler-1379",,,1
"Kepler-135",,,2
"Kepler-1744",,,1
"CoRoT-3",,,1
"Kepler-1342",,,1
"Kepler-1275",,,1
"TIC 62895484",,,1
"Kepler-1586",,,1
"Kepler-1220",,,1
"Kepler-442",,,1
"Kepler-1578",,,1
"HAT-P-4",,,1
"Kepler-741",,,1
"Kepler-735",,,1
"K2-408",,,1
"K2-352",,,3
"Kepler-1393",,,1
"TOI-277",,,1
"CoRoT-28",,,1
"ZTF J1230-2655",,,1
"TOI-4214",,,1
"Kepler-1603",,,1
"HIP 5158",,"HIP 5158",2
"WASP-43",,,1
"K2-396",,,2
"Kepler-1547",,,1
"K2-225",,,1
"K2-285",,,4
"HD 330075","HD 330075","HIP 77517",1
"Kepler-1169",,,1
"HAT-P-42",,,1
"Kepler-851",,,1
"2MASS J21252752-8138278",,,1
"Kepler-116",,,2
"Kepler-1554",,,1
"TOI-1243",,,1
"Kepler-1060",,,1
"Kepler-425",,,1
"Kepler-1543",,,1
"HIP 109600 B",,"HIP 109600 B",1
"TOI-1859",,,1
"HIP 38594",,"HIP 38594",2
"TOI-2227",,,1
"HIP 91258",,"HIP 91258",1
"Kepler-1415",,,1
"Kepler-1538",,,1
"TOI-4087",,,1
"OGLE-TR-211",,,1
"HATS-23",,,1
"Kepler-484",,,1
"TOI-674",,,1
"K2-149",,,1
"K2-321",,,1
"WASP-105",,,1
"TOI-5786",,,1
"CoRoT-17",,,1
"HD 200964","HD 200964","HIP 104202",2
"Kepler-1377",,,1
"Kepler-392",,,2
"HD 110082","HD 110082","HIP 62662",1
"HAT-P-41",,,1
"GJ 27.1",,"HIP 3143",1
"HD 73534","HD 73534","HIP 42446",1
"KELT-6",,,2
"Kepler-1812",,,1
"Kepler-1957",,,1
"TOI-5261",,,1
"NGTS-5",,,1
"Kepler-1318",,,1
"WDS J16102-8414 B","HD 142022 B",,1
"Kepler-1376",,,1
"K2-55",,,1
"WASP-56 B",,,1
"Kepler-1968",,,1
"K2-382",,,1
"Kepler-909",,,1
"Kepler-136 B",,,2
"TOI-530",,,1
"Kepler-330",,,2
"HAT-P-46",,,1
"K2-246",,,1
"K2-50",,,2
"TIC 279401253",,,2
"TOI-3261",,,1
"TOI-2093",,,2
"HD 168009","HD 168009","HIP 89474",1
"GJ 682",,"HIP 86214",2
"K2-162",,,1
"TOI-6054",,"HIP 17540",2
"K2-86",,,1
"TYC 0434-04538-1",,,1
"HATS-52",,,1
"Kepler-1609",,,1
"WASP-167",,,1
"HD 16175","HD 16175","HIP 12191",1
"TOI-6281",,,1
"TOI-5788",,,2
"Kepler-1580",,,1
"WASP-150",,,1
"GJ 1002",,,2
"HIP 98599",,"HIP 98599",1
"GJ 422","HD 304043","HIP 55042",1
"TOI-2420",,,1
"TOI-2458","HD 34562",,2
"TIC 24750448",,,2
"WASP-75 B",,,1
"Kepler-1883",,,1
"HIP 39330",,"HIP 39330",1
"TYC 1422-614-1",,,2
"HD 152843","HD 152843",,2
"TOI-1749",,,3
"Kepler-613",,,1
"TOI-5300",,,1
"HD 56957","HD 56957",,1
"HATS-68",,,1
"Kepler-577",,,1
"K2-317",,,1
"Kepler-1588",,,1
"WASP-70 B",,,1
"Kepler-910",,,1
"TIC 231949697",,,1
"NGTS-27",,,1
"USco1621 A",,,1
"EPIC 246851721",,,1
"HD 202772 A","HD 202772 A",,1
"GJ 3942",,"HIP 79126",1
"HD 102888","HD 102888","HIP 57749",1
"Kepler-296 B",,,5
"ROXs 42 B B",,,1
"Kepler-444 C",,,5
"Kepler-1031",,,1
"Kepler-397",,,2
"TOI-1743",,,1
"HD 219449 C","HD 219449 C",,1
"HD 4113 B","HD 4113 B",,1
"GJ 3378",,,1
"K2-70",,,1
"GJ 273",,"HIP 36208",2
"Kepler-108",,,2
"TOI-4511",,,1
"LHS 1478",,,1
"HATS-58 A",,,1
"NGTS-34",,,1
"HD 116029 B","HD 116029 B",,2
"16 Cyg C",,,1
"2MASS J13013268+6337496 B",,,2
"HD 5891","HD 5891","HIP 4715",1
"Kepler-1761",,,1
"K2-413",,,2
"TOI-4561",,,1
"TOI-1823",,,1
"ISO-Oph 96",,,1
"K2-349",,,1
"TOI-1855",,,1
"Kepler-1010",,,1
"TIC 166184426",,,2
"2MASS J16262785-2625152",,,1
"Kepler-1715",,,1
"WASP-178","HD 134004",,1
"HD 22946","HD 22946","HIP 17047",3
"HD 132563 Ab","HD 132563 Ab",,1
"Kepler-1711",,,1
"HD 4732","HD 4732","HIP 3834",2
"TIC 662037581",,,1
"HD 105779","HD 105779",,1
"Gl 410","HD 95650","HIP 53985",1
"TOI-2580",,,1
"HD 110106","HD 110106",,6
"OGLE-2015-BLG-0051L",,,1
"WASP-182",,,1
"Kepler-1597",,,1
"LHS 1678 B",,,3
"HD 27442 B","HD 27442 B",,1
"Kepler-1945",,,1
"Kepler-14",,,1
"Kepler-1364",,,1
"HD 21520","HD 21520","HIP 16038",1
"WASP-45 B",,,1
"HIP 34222",,"HIP 34222",1
"K2-2016-BLG-0005L",,,1
"KMT-2019-BLG-0371L",,,1
"K2-139",,,1
"KMT-2018-BLG-1292L",,,1
"TOI-1722",,,1
"NGTS-10",,,1
"TOI-815",,,2
"Kepler-47",,,3
"K2-31 B",,,1
"EPIC 249893012",,,3
"KMT-2019-BLG-1216L",,,1
"WASP-169",,,1
"HD 93963 B","HD 93963 B",,2
"HD 110067","HD 110067",,6
"GJ 86 B",,,1
"TOI-2803 B",,,1
"TIC 32032563",,,1
"HD 10442","HD 10442",,1
"OGLE-2015-BLG-1649L",,,1
"KOI-13 C",,,1
"PSR J2322-2650",,,1
"MXB 1658-298 Ab",,,1
"HD 25171 B","HD 25171 B",,1
"KMT-2016-BLG-1105L",,,1
"BEBOP-4 B",,,1
"Kepler-413 Ab",,,1
"HD 217786 B","HD 217786 B",,2
"HD 126614 B","HD 126614 B",,1
"Kepler-1661 Ab",,,1
"TOI-2583 B",,,1
"TOI-3976 B",,,1
"TOI-3474",,,1
"WASP-78",,,1
"TOI-6038 A",,,1
"EPIC 228836835",,,1
"Kepler-454 B",,,3
"TOI-4308",,,1
"CHXR 73",,,1
"HD 177830 B","HD 177830 B",,2
"KOI-1257 B",,,1
"KIC 3526061",,,1
"HD 69123","HD 69123","HIP 40344",1
"HIP 97166",,"HIP 97166",2
"TOI-1768",,,1
"Kepler-1936",,,1
"TOI-6034",,,1
"K2-61",,,1
"TIC 390586021",,,1
"TOI-5181 A",,,1
"HIP 67291",,"HIP 67291",1
"HIP 66074",,"HIP 66074",1
"TOI-5599",,,1
"HAT-P-3 B",,,1
"HD 154672","HD 154672","HIP 83983",1
"TOI-5174",,,1
"BD+42 2315",,,1
"Pr0211",,,2
"BD+03 2562",,,1
"TOI-1453 B",,,2
"XEST 17-036",,,1
"EPIC 201427007",,,1
"TOI-6038 B",,,1
"HD 142 B","HD 142 B",,3
"TOI-5595",,,1
"K2-258",,,1
"K2-129",,,1
"TOI-7155",,,1
"TOI-3486",,,1
"HIP 65 B",,"HIP 65 B",1
"HIP 77900",,"HIP 77900",1
"TIC 445839811",,,1
"WASP-36 B",,,1
"HD 35759","HD 35759","HIP 25883",1
"KMT-2023-BLG-1592L",,,1
"HATS-30 B",,,1
"CoRoT-35",,,1
"Kepler-1027 B",,,1
"HIP 86221",,"HIP 86221",1
"HIP 84709","HD 156384","HIP 84709",5
"HIP 50583 B","HD 89485","HIP 50583 B",1
"WDS J17190-3459 B",,,5
"Kepler-636 B",,,1
"75 Cet B",,,2
"HD 219449 B","HD 219449 B",,1
"OGLE-2012-BLG-0724L",,,1
"MOA-2008-BLG-310L",,,1
"MOA-2016-BLG-319L",,,1
"PSR B1257+12",,,3
"MOA-2009-BLG-387L",,,1
"OGLE-2014-BLG-0124L",,,1
"OGLE-2017-BLG-1806L",,,1
"KMT-2023-BLG-1896L",,,1
"OGLE-2016-BLG-1266L",,,1
"KMT-2019-BLG-0842L",,,1
"MOA-2013-BLG-220L",,,1
"OGLE-2018-BLG-1428L",,,1
"OGLE-2018-BLG-0977L",,,1
"KMT-2018-BLG-1025L",,,1
"OGLE-2019-BLG-1470L A",,,1
"OGLE-2018-BLG-1212L",,,1
"KMT-2018-BLG-0885L",,,1
"KMT-2021-BLG-0320L",,,1
"KMT-2021-BLG-1554L",,,1
"OGLE-2019-BLG-0468L",,,2
"KMT-2022-BLG-0303L",,,1
"K2-194",,,1
"Kepler-156",,,2
"Kepler-241",,,2
"Kepler-295",,,3
"HD 33283","HD 33283","HIP 23889",1
"Kepler-714",,,1
"Kepler-1195",,,1
"Kepler-275",,,3
"Kepler-1573",,,1
"Kepler-1425",,,1
"XO-2 N",,,4
"Kepler-1427",,,1
"Kepler-992",,,1
"Kepler-201",,,2
"Kepler-1181",,,2
"Kepler-82",,,5
"HD 192263","HD 192263","HIP 99711",1
"BD+15 2940",,"HIP 78407",1
"HAT-P-65",,,1
"DMPP-4","HD 184960","HIP 96258",1
"Kepler-1481",,,1
"Kepler-1639",,,1
"HD 92788","HD 92788","HIP 52409",2
"HATS-71",,,1
"Kepler-1407",,,1
"Kepler-240",,,2
"Kepler-1042",,,1
"Kepler-729",,,1
"Kepler-395",,,2
"Kepler-554",,,1
"HD 108863","HD 108863","HIP 61020",1
"TIC 46432937",,,1
"WASP-59",,,1
"Kepler-350",,,3
"HD 63454","HD 63454","HIP 37284",1
"Kepler-1633",,,1
"HD 136352","HD 136352","HIP 75181",3
"Kepler-1509",,,1
"Kepler-1791",,,1
"Kepler-560",,,1
"Kepler-377",,,2
"Kepler-746",,,1
"Kepler-113",,,2
"Kepler-49",,,4
"HIP 70849 B",,"HIP 70849 B",1
"K2-3",,,3
"Kepler-234",,,2
"K2-172",,,2
"Kepler-675",,,1
"HD 155918","HD 155918","HIP 84988",2
"Kepler-1483",,,1
"Kepler-1693",,,2
"Kepler-205",,,2
"Kepler-1180",,,1
"HD 170469","HD 170469","HIP 90593",1
"HD 141004","HD 141004","HIP 77257",1
"Kepler-319",,,3
"Kepler-1272",,,1
"Kepler-239",,,2
"TOI-2193 A",,,1
"Kepler-359",,,3
"alf Ari","HD 12929","HIP 9884",1
"GJ 849",,"HIP 109388",2
"HD 62549","HD 62549",,1
"WASP-66",,,1
"Kepler-1774",,,1
"Kepler-1250",,,1
"Kepler-1850",,,1
"K2-179",,,1
"LHS 1903",,"HIP 34730",4
"Kepler-1055",,,1
"Kepler-1140",,,1
"HATS-29",,,1
"Kepler-206",,,3
"Kepler-1826",,,1
"Kepler-42",,,3
"Kepler-794",,,1
"Kepler-211",,,2
"K2-270",,,2
"Kepler-80",,,6
"Kepler-1384",,,1
"WASP-197",,,1
"Kepler-614",,,1
"Kepler-56",,,3
"Kepler-1702",,,1
"11 UMi","HD 136726","HIP 74793",1
"Kepler-819",,,1
"V830 Tau",,,1
"K2-168",,,2
"Kepler-130",,,3
"Kepler-1266",,,2
"Kepler-1559",,,1
"HD 39194","HD 39194","HIP 27080",3
"HD 60532","HD 60532","HIP 36795",2
"K2-381",,,3
"HD 20782","HD 20782","HIP 15527",5
"Kepler-339",,,3
"EPIC 220674823",,,2
"TOI-2545",,,1
"Kepler-1018",,,1
"Kepler-1606",,,1
"HD 162020","HD 162020","HIP 87330",1
"Kepler-828",,,1
"Kepler-1032",,,1
"Kepler-232",,,2
"HAT-P-36",,,1
"TOI-1694",,,2
"Kepler-181",,,2
"Kepler-1667",,,1
"Kepler-344",,,2
"GJ 536","HD 122303","HIP 68469",2
"Kepler-1844",,,1
"TOI-1249",,,1
"K2-176",,,1
"Kepler-265",,,4
"Kepler-960",,,1
"HD 108341","HD 108341","HIP 60788",1
"K2-122",,,1
"Kepler-1145",,,1
"Kepler-1164",,,1
"Kepler-683",,,1
"Kepler-199",,,2
"Kepler-531",,,1
"Kepler-1779",,,1
"Kepler-324",,,4
"Kepler-1299",,,1
"Kepler-843",,,1
"TIC 87422071",,,1
"HD 86264","HD 86264","HIP 48780",1
"HD 153950","HD 153950","HIP 83547",1
"Kepler-689",,,1
"Kepler-2001",,,2
"HD 219077","HD 219077","HIP 114699",1
"Kepler-593",,,1
"KELT-1",,,1
"Kepler-38",,,1
"Kepler-1986",,,1
"HD 217786","HD 217786","HIP 113834",2
"Kepler-1894",,,2
"Kepler-62",,,5
"Kepler-1512",,,1
"Kepler-1177",,,1
"TIC 260969020",,,1
"Kepler-1215",,,1
"Kepler-624",,,1
"Kepler-39",,,1
"K2-32",,,4
"K2-75",,,2
"Kepler-845",,,1
"HAT-P-24",,,1
"K2-138",,,6
"TOI-1062",,,2
"Kepler-274",,,2
"HD 2039","HD 2039","HIP 1931",1
"TOI-406",,,2
"TOI-1516",,,1
"Kepler-263",,,2
"HD 210702","HD 210702","HIP 109577",1
"LHS 4","HD 1326 B",,2
"Kepler-120",,,2
"Kepler-829",,,1
"Kepler-77",,,1
"HD 80883","HD 80883",,1
"Kepler-163",,,2
"Kepler-1828",,,1
"HD 216435","HD 216435","HIP 113044",1
"Kepler-548",,,1
"Kepler-948",,,1
"Kepler-1203",,,1
"Kepler-1804",,,1
"HD 43691","HD 43691","HIP 30057",1
"GJ 1132",,,2
"GJ 486",,"HIP 62452",1
"GJ 9827",,"HIP 115752",3
"HD 207496","HD 207496","HIP 108162 A",1
"HD 63935","HD 63935","HIP 38374",2
"Kepler-170",,,2
"GJ 1214",,,1
"GJ 341","HD 304636","HIP 45908",1
"TOI-500",,,4
"WASP-80",,,1
"KOBE-1",,"HIP 5957",2
"WASP-25",,,1
"Kepler-51",,,4
"TOI-1803",,,2
"WASP-19",,,1
"TOI-125",,,3
"HD 192699","HD 192699","HIP 99894",1
"Kepler-347",,,3
"Kepler-1920",,,1
"Kepler-19",,,3
"KOI-351",,,8
"Kepler-358",,,2
"HIP 78530","HD 143567","HIP 78530",1
"Kepler-1687",,,1
"16 Cyg B","HD 186427","HIP 96901",1
"K2-14",,,1
"Kepler-897",,,1
"Kepler-1712",,,1
"Kepler-1771",,,1
"KELT-18",,,1
"HD 4208","HD 4208","HIP 3479",1
"Kepler-866",,,1
"HAT-P-40",,,1
"HD 80606","HD 80606","HIP 45982",1
"TOI-561",,,4
"Kepler-1244",,,1
"Kepler-1409",,,1
"HAT-P-68",,,1
"Kepler-1332",,,1
"Kepler-407",,,2
"Kepler-972",,,1
"Kepler-1587",,,1
"HATS-8",,,1
"NGC 2682 Sand 978",,,1
"K2-350",,,2
"Kepler-1035",,,1
"HATS-10",,,1
"WASP-4",,,1
"HAT-P-33",,,1
"Kepler-362",,,2
"Kepler-1288",,,1
"Kepler-944",,,1
"Kepler-26",,,4
"Kepler-725",,,2
"GJ 86","HD 13445","HIP 10138",1
"Kepler-1710",,,1
"HD 164595","HD 164595","HIP 88194",1
"NGTS-20",,,1
"Kepler-773",,,1
"Kepler-1526",,,1
"Kepler-1417",,,1
"Kepler-975",,,2
"Kepler-651",,,1
"Kepler-647",,,2
"Kepler-1200",,,1
"TrES-3",,,1
"Kepler-1537",,,1
"Kepler-499",,,1
"Gliese 12",,,1
"NGC 2682 YBP 1194",,,1
"Kepler-1811",,,1
"Kepler-1346",,,1
"Kepler-252",,,2
"HIP 79098 AB","HD 144844","HIP 79098 AB",1
"Kepler-1112",,,1
"HD 33844","HD 33844","HIP 24275",2
"Kepler-1930",,,1
"WASP-62",,,1
"HD 155358","HD 155358","HIP 83949",2
"Kepler-471",,,1
"Kepler-810",,,1
"TOI-3894",,,1
"Kepler-1668",,,1
"HATS-14",,,1
"HAT-P-2","HD 147506","HIP 80076",2
"K2-123",,,1
"HD 185269","HD 185269","HIP 96507",1
"Kepler-1895",,,1
"Kepler-1094",,,1
"K2-200",,,1
"Kepler-1907",,,2
"Kepler-334",,,3
"HATS-16",,,1
"Kepler-572",,,1
"Kepler-1283",,,1
"Kepler-537",,,1
"Kepler-1360",,,1
"Kepler-1173",,,1
"Kepler-1748",,,1
"TOI-1759",,,1
"TOI-1346",,,2
"HAT-P-27",,,1
"Kepler-1799",,,1
"Kepler-1536",,,1
"Kepler-998",,,1
"K2-166",,,2
"HD 171028","HD 171028",,1
"Kepler-1362",,,1
"KOI-4978",,,1
"Kepler-1640",,,1
"Kepler-569",,,1
"TOI-1728",,,1
"Kepler-599",,,1
"Kepler-671",,,1
"Kepler-882",,,1
"Kepler-1141",,,1
"Kepler-1226",,,1
"HD 117618","HD 117618","HIP 66047",1
"TOI-2200",,,1
"HD 66141","HD 66141","HIP 39311",1
"HD 70573","HD 70573",,1
"TOI-1695",,,1
"HD 202206","HD 202206","HIP 104903",1
"Kepler-1375",,,1
"TOI-521",,,1
"K2-136 B",,,3
"K2-104",,,1
"Kepler-1230",,,1
"Kepler-1241",,,1
"6 Lyn","HD 45410","HIP 31039",1
"K2-29",,,1
"Kepler-921",,,1
"Kepler-467",,,1
"HD 216520","HD 216520","HIP 112527",2
"MASCARA-1","HD 201585","HIP 104513",1
"HD 177565","HD 177565","HIP 93858",1
"HD 220197","HD 220197","HIP 115359",1
"TOI-3288",,,1
"TOI-558",,,1
"TOI-2337",,,1
"KELT-24","HD 93148","HIP 52796",1
"HD 167677","HD 167677","HIP 89583",1
"UCAC3 113-933",,,1
"WASP-68","HD 193334",,1
"Kepler-1522",,,1
"K2-250",,,1
"K2-6",,,1
"K2-161",,,1
"Kepler-1564",,,1
"TIC 2010985858",,,1
"HIP 75092","HD 136295","HIP 75092",1
"HD 190007","HD 190007","HIP 98698",1
"TOI-469","HD 42813","HIP 29442",3
"TOI-669",,,1
"HD 109833","HD 109833","HIP 61723",2
"TIC 150070085",,,1
"TOI-1226",,,1
"Kepler-1819",,,1
"TOI-3023",,,1
"TOI-2346",,,1
"TOI-1288",,,2
"TOI-1883",,,1
"75 Cet","HD 15779","HIP 11791",2
"TOI-1758",,,1
"TOI-1772",,,1
"TOI-2088",,,1
"GJ 480",,"HIP 61706",1
"Kepler-421",,,1
"TOI-2345",,,2
"TOI-2587 A",,,1
"TOI-5322",,,1
"TOI-5422",,,1
"TOI-5218",,,1
"Kepler-423",,,1
"TOI-4504",,,3
"K2-353",,,1
"Kepler-388",,,2
"TOI-5704",,,1
"HD 188641","HD 188641",,1
"TOI-3464",,,1
"TIC 198190129",,,1
"HD 42618","HD 42618","HIP 29432",1
"Kepler-1162",,,2
"HD 20003","HD 20003","HIP 14530",2
"14 Her","HD 145675","HIP 79248",2
"HD 191806","HD 191806","HIP 99306",1
"Kepler-1928",,,1
"Kepler-1050",,,2
"Kepler-1349",,,1
"K2-140",,,1
"K2-254",,,2
"HD 183579","HD 183579","HIP 96160",1
"TOI-2267 A",,,3
"K2-174",,,1
"2MASS J05154048+1616394",,,1
"Kepler-1484",,,1
"K2-216",,,1
"TOI-791",,,2
"LHS 3844",,,1
"HD 15337","HD 15337","HIP 11433",2
"HIP 96895","HD 186408","HIP 96895",1
"YZ Cet",,"HIP 5643",3
"Kepler-98",,,1
"GQ Lup",,,1
"GJ 724",,"HIP 91608",1
"TOI-4495",,,2
"Gl 51",,,1
"Kepler-1498",,,1
"HD 126525","HD 126525","HIP 70695",1
"KELT-8","HD 343246",,1
"Kepler-1627",,,1
"HATS-27",,,1
"HD 2685","HD 2685",,1
"HD 116029","HD 116029","HIP 65117",2
"Kepler-515 B",,,1
"Kepler-25 B",,,3
"HD 285968","HD 285968","HIP 21932",1
"WD 1856+534",,,1
"K2-44",,,1
"GJ 163",,"HIP 19394",3
"Kepler-895",,,1
"TOI-2416",,,1
"KELT-7","HD 33643","HIP 24323",1
"HD 135344 B","HD 135344 B",,1
"TOI-905",,,1
"TOI-3807",,,1
"HD 4732 B","HD 4732 B",,2
"TOI-6303",,,1
"Kepler-1953",,,1
"HD 73256","HD 73256","HIP 42214",1
"WASP-36",,,1
"K2-405",,,1
"HD 144899","HD 144899",,1
"Kepler-1021",,,1
"2MASS J03220140+1714465",,,1
"Kepler-1983",,,1
"TOI-238",,,2
"WASP-23",,,1
"HD 154345","HD 154345","HIP 83389",1
"TOI-2328",,,1
"HAT-P-6",,,1
"KELT-21","HD 332124",,1
"WASP-65",,,1
"TOI-907",,,1
"Kepler-136",,,2
"Kepler-812",,,1
"TOI-615",,,1
"K2-280",,,1
"TOI-6699",,,1
"WASP-192",,,1
"CoRoT-25",,,1
"Barnard's star",,"HIP 87937",4
"Kepler-908",,,1
"HIP 48714",,"HIP 48714",1
"TOI-6002",,,1
"Kepler-1172",,,1
"HD 86950","HD 86950","HIP 49129",1
"HD 222155","HD 222155","HIP 116616",1
"PDS 70",,,2
"WASP-90",,,1
"Kepler-1340",,,1
"K2-348",,,2
"K2-403",,,1
"AB Aur",,,1
"HD 31253","HD 31253","HIP 22826",1
"HD 106252","HD 106252","HIP 59610",1
"TOI-1448",,,1
"WASP-181",,,1
"WASP-162",,,1
"Kepler-1634",,,1
"HIP 10090",,"HIP 10090",2
"TOI-332",,,1
"K2-156",,,1
"TOI-1634",,,2
"K2-227",,,1
"HD 11977","HD 11977","HIP 8928",1
"Kepler-1234",,,1
"HD 10697","HD 10697","HIP 8159",1
"TOI-5916",,,1
"Gl 686",,"HIP 86287",1
"HD 211403","HD 211403","HIP 109876",1
"HD 77946","HD 77946","HIP 44746",1
"Kepler-793",,,1
"TOI-7333",,,1
"HD 13724","HD 13724",,1
"TOI-1422",,,2
"Kepler-789",,,1
"Kepler-778",,,1
"Kepler-1947",,,1
"Kepler-1892",,,1
"HD 196068","HD 196068",,2
"KELT-2 A","HD 42176","HIP 29301",1
"LP 544-12",,,2
"NLTT 37349",,,1
"TIC 245076932",,,1
"Kepler-1601",,,1
"Kepler-1082",,,1
"Kepler-1878",,,1
"TOI-1898",,"HIP 47288",1
"HD 126614","HD 126614","HIP 70623",1
"Kepler-1985",,,1
"Kepler-1718",,,1
"HD 197037 B","HD 197037 B",,1
"Kepler-1418",,,1
"Kepler-755 B",,,2
"TOI-6000",,,1
"GJ 238",,"HIP 31300",1
"Kepler-1473",,,1
"TrES-5",,,1
"K2-173",,,1
"HD 89744 B","HD 89744 B",,1
"OGLE-2017-BLG-0448L",,,1
"KMT-2019-BLG-1552L",,,1
"Kepler-1015",,,1
"HD 19994 C","HD 19994 C",,1
"Kepler-1628",,,1
"WASP-88",,,1
"BD-14 3065 C",,,1
"2MASS J16262774-2527247",,,1
"OGLE-2018-BLG-0799L",,,1
"TOI-2202",,,2
"TOI-697",,,1
"HD 98736 B","HD 98736 B",,1
"Kepler-1626",,,1
"WASP-54 B",,,1
"OGLE-2018-BLG-0506L",,,1
"TIC 77319217",,,1
"Kepler-368",,,2
"HAT-P-57",,,1
"TOI-4666",,,1
"TOI-1294",,,2
"HD 224538","HD 224538","HIP 118228",1
"HD 19615","HD 19615",,1
"KELT-18 B",,,1
"TOI-6080",,,1
"WASP-70 A","HD 358155",,1
"GSC 06214-00210",,,1
"K2-351",,,1
"K2-59",,,2
"WASP-24 Bb",,,1
"TOI-3984 A",,,1
"nu Oct B",,,1
"TOI-5110",,,1
"HIP 45983","HD 80607","HIP 45983",1
"Kepler-1959",,,1
"HIP 79098 B",,"HIP 79098 B",1
"TOI-2447",,,1
"KOI-984",,,2
"WASP-154",,,1
"NGTS-15",,,1
"2MASS J11011926-7732383",,,1
"K2-415",,,1
"HD 96167 B","HD 96167 B",,1
"HAT-P-8 C",,,1
"HD 38529 B","HD 38529 B",,2
"Kepler-1966",,,1
"EPIC 206032309",,,1
"HD 185269 Bb","HD 185269 Bb",,1
"KIC 10525077",,,1
"HATS-49",,,1
"HAT-P-57 B",,,1
"CoRoT-23",,,1
"K2-152",,,1
"TOI-6041",,,2
"K2-398",,,2
"Kepler-365",,,2
"TOI-757",,,1
"HD 40956","HD 40956","HIP 28951",1
"G 229-20 B",,,1
"18 Del B",,,1
"KMT-2023-BLG-1866L",,,1
"Kepler-411 B",,,4
"TOI-1438",,,2
"TOI-2285",,,1
"OGLE-2018-BLG-1119L",,,1
"b Cen B",,,1
"HD 20329","HD 20329","HIP 15249",1
"G 192-15",,,2
"OGLE-2019-BLG-0304L B",,,1
"KOI-7913 B",,,1
"WISE J033605.05-014350.4",,,1
"HIP 81208 C",,"HIP 81208 C",1
"2MASS J0249-0557 B",,,1
"WASP-2 B",,,1
"WASP-58 B",,,1
"TOI-5786 B",,,1
"TOI-3160 B",,,1
"TOI-5386 B",,,1
"WISPIT 1 B",,,2
"Kepler-34 B",,,1
"2MASS J01033563-5515561 B",,,1
"TOI-5153",,,1
"TOI-3682",,,1
"TOI-954",,,1
"KELT-15 B",,,1
"BD+60 1417",,,1
"HD 217958","HD 217958",,1
"EPIC 212499991",,,1
"WASP-132",,,3
"TIC 423703298",,,1
"NGTS-16",,,1
"PSR B1620-26",,,1
"WISEP J121756.91+162640.2 A",,,1
"TOI-2031 B",,,1
"TYC 3318-01333-1",,,1
"TOI-4463 A",,,1
"HD 9174","HD 9174","HIP 6993",1
"HD 284149 A","HD 284149 A","HIP 19176",1
"WASP-145 B",,,1
"Kepler-1699",,,1
"TOI-5720",,,1
"TOI-5605",,,1
"Kepler-89 B",,,4
"TOI-1011",,"HIP 36964",1
"TIC 102840237",,,2
"TIC 188624430",,,1
"HD 125612 B","HD 125612 B",,3
"ome Ser B",,,1
"HD 80869","HD 80869","HIP 46022",1
"TIC 270471727",,,1
"HD 142022 A","HD 142022 A","HIP 79242",1
"TOI-2152 C",,,1
"TOI-756",,,2
"BD+45 564",,,1
"TOI-1259 B",,,1
"WASP-87 B",,,1
"TOI-564",,,1
"HD 75289 B","HD 75289 B",,1
"K2-290",,,2
"K2-253",,,1
"HD 109749 B","HD 109749 B",,1
"HD 8535 B","HD 8535 B",,1
"Kepler-1540 B",,,1
"Kepler-130 B",,,3
"HR 858 B",,,3
"2MASS J03590986+2009361",,,1
"TOI-6677",,,1
"HD 360","HD 360",,1
"HU Aqr",,,2
"TIC 147027702",,,1
"TOI-2886",,,1
"Kepler-390 B",,,2
"TOI-1937 A",,,1
"EPIC 220194953",,,3
"Kepler-517 B",,,1
"UCAC4 328-061594",,,1
"Kepler-1620",,,1
"K2-288 B",,,1
"GJ 896 B",,,1
"MOA-2011-BLG-028L",,,1
"MOA-2010-BLG-353L",,,1
"OGLE-2016-BLG-0263L",,,1
"OGLE-2013-BLG-0132L",,,1
"OGLE-2017-BLG-0173L",,,1
"OGLE-2017-BLG-1434L",,,1
"KMT-2017-BLG-1146L",,,1
"OGLE-2005-BLG-169L",,,1
"MOA-2010-BLG-477L",,,1
"MOA-2010-BLG-073L",,,1
"MOA-2011-BLG-293L",,,1
"OGLE-2012-BLG-0358L",,,1
"OGLE-2018-BLG-1700L",,,1
"KMT-2024-BLG-0404L",,,2
"OGLE-2018-BLG-1269L",,,1
"OGLE-2017-BLG-1049L",,,1
"KMT-2024-BLG-1281L",,,1
"KMT-2016-BLG-2605L",,,1
"OGLE-2019-BLG-0304L",,,1
"KMT-2021-BLG-0712L",,,1
"KMT-2021-BLG-0171L",,,1
"KMT-2018-BLG-1988L",,,1
"AT2021ueyL",,,1
"TOI-2267 B",,,3
"KMT-2021-BLG-0119L",,,1
"OGLE-2017-BLG-1237L",,,1
"KMT-2019-BLG-1806L",,,1
"KMT-2019-BLG-1367L",,,1
"KMT-2021-BLG-2609L",,,1
"KMT-2023-BLG-1743L",,,1
"K2-126",,,1
"Kepler-246",,,2
"Kepler-1689",,,1
"NGTS-21",,,1
"HIP 70849",,"HIP 70849",1
"K2-336",,,1
"Kepler-1049",,,1
"Kepler-1232",,,1
"Kepler-318",,,2
"HD 149026","HD 149026","HIP 80838",1
"HIP 56998","HD 101581","HIP 56998",2
"Kepler-781",,,1
"HD 63433","HD 63433","HIP 38228",3
"Kepler-297",,,3
"Kepler-261",,,2
"Kepler-204",,,2
"Kepler-60",,,3
"Kepler-1312",,,2
"Kepler-1279",,,1
"Kepler-1548",,,1
"Kepler-173",,,2
"Kepler-654",,,1
"Kepler-166",,,3
"Kepler-990",,,2
"HD 10647","HD 10647","HIP 7978",1
"HD 154391","HD 154391","HIP 83289",1
"Kepler-6",,,1
"OGLE-TR-132",,,1
"Kepler-1147",,,1
"Kepler-1208",,,1
"Kepler-109",,,2
"Kepler-954",,,1
"Kepler-1044",,,1
"Kepler-247",,,3
"Kepler-1896",,,1
"Kepler-787",,,1
"HD 179949","HD 179949","HIP 94645",1
"Kepler-387",,,2
"Kepler-1713",,,1
"WASP-16",,,1
"EPIC 212297394",,,2
"Kepler-527",,,1
"OGLE-TR-182",,,1
"TOI-1760",,,1
"Kepler-1285",,,1
"Kepler-859",,,1
"HD 10180","HD 10180","HIP 7599",6
"DMPP-3 A","HD 42936","HIP 28941",1
"Kepler-511",,,2
"HD 148427","HD 148427","HIP 80687",1
"Kepler-1073",,,3
"K2-73",,,2
"Kepler-522",,,1
"Kepler-1229",,,1
"Kepler-283",,,2
"PH1",,,1
"Kepler-602",,,1
"Kepler-687",,,1
"HAT-P-7",,,1
"Kepler-287",,,2
"GJ 900 B",,"HIP 116384 B",1
"Kepler-967",,,2
"Kepler-1209",,,1
"Kepler-823",,,1
"HD 214823","HD 214823","HIP 111928",1
"HD 129445","HD 129445","HIP 72203",1
"NGTS-38",,,1
"Kepler-698",,,1
"Kepler-677",,,1
"WASP-34",,,1
"Kepler-1902",,,1
"WASP-100",,,1
"Kepler-1595",,,1
"Kepler-997",,,1
"Kepler-155",,,2
"HD 238914","HD 238914","HIP 91388",1
"Kepler-435",,,1
"Kepler-1897",,,1
"Kepler-1127",,,1
"K2-195",,,2
"Kepler-1741",,,1
"Kepler-316",,,2
"Kepler-1531",,,1
"Kepler-953",,,2
"Kepler-500",,,1
"K2-255",,,1
"TOI-5238",,,1
"Kepler-46",,,3
"Kepler-800",,,1
"Kepler-977",,,1
"Kepler-927",,,1
"Qatar-6",,,1
"Kepler-702",,,1
"Kepler-529",,,3
"K2-387",,,1
"Kepler-446",,,3
"TOI-5728",,,1
"Kepler-1551",,,1
"Kepler-1387",,,1
"Kepler-168",,,2
"Kepler-1077",,,1
"Kepler-1289",,,1
"Kepler-1529",,,1
"HD 93083","HD 93083","HIP 52521",2
"Kepler-1129",,,2
"Kepler-639",,,1
"HIP 67537","HD 120457","HIP 67537",1
"HD 191939","HD 191939","HIP 99175",6
"Kepler-1963",,,1
"Kepler-1130",,,3
"Kepler-902",,,1
"Kepler-951",,,1
"HATS-1",,,1
"Kepler-744",,,1
"Kepler-914",,,1
"Kepler-1958",,,1
"Kepler-111",,,2
"Kepler-765",,,1
"Kepler-184",,,3
"Kepler-1501",,,1
"Kepler-133",,,2
"HAT-P-22","HD 233731",,1
"Kepler-164",,,4
"GJ 674",,"HIP 85523",1
"Kepler-1764",,,1
"WASP-175",,,1
"Kepler-1454",,,1
"HD 147873 B","HD 147873 B",,2
"K2-45",,,1
"TOI-4940",,,1
"Kepler-1087",,,1
"Kepler-1400",,,1
"WASP-180 B",,,1
"Kepler-916",,,1
"Kepler-1271",,,1
"Kepler-29",,,2
"HD 208897","HD 208897","HIP 108513",1
"Kepler-662",,,1
"Kepler-1174",,,1
"Kepler-1420",,,1
"Kepler-360",,,2
"Kepler-1911",,,1
"Kepler-521",,,1
"WASP-21",,,1
"Kepler-1085",,,2
"K2-71",,,1
"Kepler-260",,,2
"Kepler-1607",,,1
"Kepler-117",,,2
"Kepler-1998",,,1
"Kepler-53",,,3
"Kepler-214",,,2
"Kepler-1176",,,1
"HD 125390","HD 125390","HIP 69888",1
"Kepler-296",,,5
"Kepler-666",,,1
"Kepler-1091",,,1
"Kepler-63",,,1
"Kepler-465",,,1
"HD 5278","HD 5278","HIP 3911",2
"HAT-P-8",,,1
"Kepler-1143",,,2
"Kepler-905",,,1
"Kepler-1429",,,1
"Kepler-952",,,1
"TOI-1659",,,1
"Kepler-858",,,1
"Kepler-852",,,1
"Kepler-277",,,2
"HD 59686 A","HD 59686 A","HIP 36616",1
"Kepler-708",,,1
"NGTS-32",,,1
"Kepler-31",,,3
"Kepler-1553",,,1
"Kepler-79",,,4
"Kepler-509",,,1
"Kepler-41",,,1
"Kepler-1465",,,1
"Kepler-147",,,2
"HATS-62",,,1
"K2-53",,,1
"Kepler-1282",,,1
"Kepler-1222",,,1
"HD 89345","HD 89345","HIP 50496",1
"TrES-4",,,1
"Kepler-12",,,1
"V1298 Tau",,,4
"HAT-P-26",,,1
"NGTS-11",,,1
"LP 729-55",,,2
"TOI-1173",,,1
"LHS 1140",,,2
"Kepler-236",,,2
"KELT-4 A",,"HIP 51260",1
"HD 195689 B","HD 195689 B",,1
"TOI-2445",,,1
"TOI-824",,,1
"TOI-2076",,,4
"WASP-96",,,1
"LTT 9779",,"HIP 117883",1
"WASP-18 B",,,1
"Kepler-1280",,,1
"K2-287",,,1
"TOI-1416",,"HIP 70705",1
"Kepler-1514",,,2
"Kepler-982",,,1
"Kepler-898",,,1
"CD-35 2722",,,1
"WASP-75",,,1
"WASP-5",,,1
"Kepler-1565",,,1
"Kepler-892",,,1
"K2-269",,,1
"Kepler-817",,,1
"Kepler-766",,,1
"Kepler-50",,,2
"Kepler-1053",,,1
"HAT-P-32",,,1
"WASP-151",,,1
"TOI-5143",,,1
"Kepler-517",,,1
"Kepler-627",,,1
"TOI-849",,,1
"Kepler-792",,,1
"xi Aql","HD 188310","HIP 97938",1
"WASP-166",,,1
"Kepler-445",,,3
"Kepler-142",,,3
"Kepler-1161",,,1
"HIP 116454",,"HIP 116454",1
"Kepler-300",,,2
"Kepler-679",,,1
"K2-171",,,1
"HD 142","HD 142","HIP 522",3
"TOI-4994",,,1
"HD 4308","HD 4308","HIP 3497",1
"Kepler-575",,,1
"TOI-1203",,"HIP 54779",4
"HAT-P-27 B",,,1
"K2-127",,,1
"Kepler-1128",,,1
"Kepler-1773",,,1
"Kepler-906",,,1
"WASP-79",,,1
"HIP 8541","HD 11343","HIP 8541",2
"Kepler-1508",,,1
"Kepler-1070",,,1
"Kepler-138",,,4
"Kepler-1000",,,1
"Kepler-980",,,1
"K2-151",,,1
"Kepler-4",,,1
"Kepler-1615",,,1
"Kepler-1890",,,1
"TOI-7008",,,1
"WISPIT 2",,,2
"Kepler-1352",,,1
"K2-291","HD 285181",,1
"HD 125612","HD 125612","HIP 70123",3
"Kepler-320",,,2
"Kepler-1632",,,1
"Kepler-22",,,1
"Kepler-507",,,1
"HIP 109384",,"HIP 109384",1
"K2-211",,,1
"Kepler-485",,,1
"K2-26",,,1
"Kepler-887",,,2
"BD+49 828",,,1
"HD 82943","HD 82943","HIP 47007",2
"HD 113337","HD 113337","HIP 63584",2
"WASP-3",,,1
"HAT-P-5",,,1
"Kepler-821",,,1
"Kepler-353 B",,,2
"Kepler-1480 B",,,1
"HD 211810","HD 211810","HIP 110094",1
"HD 215152","HD 215152","HIP 112190",4
"HD 187085","HD 187085","HIP 97546",1
"KELT-3 B",,,1
"TOI-4603","HD 245134",,1
"TOI-4329",,,1
"Kepler-1825",,,1
"Kepler-1270",,,1
"HD 2638","HD 2638","HIP 2350",1
"Kepler-1497",,,1
"Kepler-1101",,,1
"Kepler-1277",,,1
"HD 82886","HD 82886","HIP 47087",1
"NGTS-13",,,1
"HD 93963 A","HD 93963 A",,2
"TOI-2193 B",,,1
"Kepler-1914",,,1
"Kepler-114",,,3
"Kepler-1157",,,1
"Kepler-208",,,4
"TOI-715",,,1
"Kepler-1673",,,1
"TOI-2005",,,1
"Kepler-1343",,,1
"Kepler-534",,,2
"HATS-22",,,1
"HD 111232","HD 111232","HIP 62534",2
"TOI-2406",,,1
"Kepler-756",,,1
"Kepler-440",,,1
"HD 16760","HD 16760","HIP 12638",1
"TOI-2518",,,1
"HD 37605","HD 37605","HIP 26664",2
"Kepler-1486",,,1
"Kepler-1833",,,1
"Kepler-473",,,1
"Kepler-1545",,,1
"HD 93351","HD 93351",,2
"Kepler-1074",,,1
"Kepler-1080",,,1
"Kepler-367",,,2
"Kepler-715",,,1
"HD 18438","HD 18438","HIP 14417",1
"Kepler-1440",,,1
"TOI-942",,,2
"Kepler-642",,,1
"Qatar-1",,,1
"Kepler-1479",,,1
"TOI-640",,,1
"HATS-47",,,1
"Kepler-1613",,,1
"Kepler-1853",,,1
"HD 156846","HD 156846","HIP 84856",1
"GJ 720 A",,"HIP 91128",1
"HD 221416","HD 221416","HIP 116158",1
"NGTS-23",,,1
"Wolf 1069",,,1
"gam Lib","HD 138905","HIP 76333",2
"TOI-2796",,,1
"TOI-3071",,,1
"Kepler-1663",,,1
"GJ 514",,"HIP 65859",1
"HIP 65891","HD 117253","HIP 65891",1
"HIP 39017","HD 65526","HIP 39017",1
"Kepler-1184",,,1
"Kepler-1705",,,2
"WASP-101",,,1
"Kepler-853",,,1
"HAT-P-54",,,1
"TOI-261",,"HIP 4739",2
"HD 97048","HD 97048","HIP 54413",1
"Kepler-652",,,1
"TOI-262",,"HIP 10117",1
"HIP 8152",,"HIP 8152",2
"HD 190360","HD 190360","HIP 98767",3
"HD 152581","HD 152581","HIP 82651",1
"Kepler-1003",,,1
"Kepler-802",,,1
"NSVS 14256825",,,1
"GJ 96",,"HIP 11048",1
"TOI-1777",,"HIP 49576",1
"Kepler-1528",,,1
"TOI-4602","HD 25295","HIP 18841",1
"TOI-5301",,,1
"HIP 65407",,"HIP 65407",2
"TOI-1347",,,2
"TOI-4156",,,2
"TOI-5532",,,1
"HD 168443","HD 168443","HIP 89844",2
"HATS-35",,,1
"HD 39855","HD 39855","HIP 27922 A",1
"Kepler-1043",,,1
"TOI-1732",,,1
"Kepler-838",,,1
"K2-101",,,1
"G 268-110",,,1
"HD 18015","HD 18015","HIP 13467",1
"HD 181234","HD 181234","HIP 95015",1
"Kepler-21","HD 179070","HIP 94112",1
"TOI-169",,,1
"Kepler-426",,,1
"TOI-4515",,,1
"Kepler-1740",,,1
"Kepler-519",,,1
"HD 106906","HD 106906","HIP 59960",1
"K2-325",,,1
"K2-181",,,1
"Kepler-1888",,,1
"TOI-2147",,,1
"Kepler-1682",,,1
"Kepler-1728",,,1
"HAT-P-51",,,1
"HD 208527","HD 208527","HIP 108296",1
"HIP 21152","HD 28736","HIP 21152",1
"Kepler-468",,,1
"TrES-2 B",,,1
"K2-238",,,1
"DE CVn",,,1
"HD 211970","HD 211970","HIP 110443",1
"Kepler-1359",,,1
"K2-281",,,1
"G 229-20 A",,,1
"TOI-5573",,,1
"HD 216536","HD 216536",,1
"HD 180314","HD 180314","HIP 94576",1
"CoRoT-29",,,1
"HD 106315","HD 106315",,2
"HD 103949","HD 103949","HIP 58374",1
"HATS-59",,,2
"Kepler-1434",,,1
"KOI-217",,,1
"GJ 9773",,"HIP 109638",1
"WASP-168",,,1
"WASP-158",,,1
"Kepler-839",,,1
"Kepler-947",,,1
"Kepler-1884",,,1
"WASP-82",,,1
"TOI-1199",,,1
"Kepler-1009",,,1
"K2-271",,,1
"HD 109749","HD 109749","HIP 61595 A",1
"Kepler-1765",,,1
"Kepler-1378",,,1
"HD 190984","HD 190984","HIP 99496",1
"HD 28471","HD 28471","HIP 20625",3
"HD 219666","HD 219666",,1
"CoRoT-11",,,1
"Kepler-827",,,1
"Kepler-1188",,,1
"TOI-4860",,,1
"Kepler-1842",,,1
"HATS-38",,,1
"Kepler-1144",,,1
"TOI-5716",,,1
"Kepler-1835",,,1
"Kepler-1772",,,1
"K2-137",,,1
"K2-198",,,3
"Kepler-1635",,,1
"WASP-140 B",,,1
"HD 109246","HD 109246","HIP 61177",1
"K2-197",,,1
"GJ 180",,"HIP 22762",3
"Kepler-1470",,,1
"Kepler-1261",,,1
"TOI-1744",,,1
"TOI-2384",,,1
"WASP-60",,,1
"HD 4760","HD 4760","HIP 3869",1
"TOI-1248",,,1
"Kepler-1916",,,1
"K2-217",,,1
"TOI-237",,,2
"HATS-45",,,1
"Kepler-1760",,,1
"HD 137496","HD 137496",,2
"SR 12 AB",,,1
"KELT-14",,,1
"Kepler-1499",,,1
"HD 221287","HD 221287","HIP 116084",1
"LTT 3780",,,2
"Kepler-558",,,1
"TOI-2046",,,1
"DMPP-8","HD 191122","HIP 100359",1
"HIP 8923",,"HIP 8923",1
"Kepler-1775",,,1
"K2-77",,,1
"TOI-5159",,,1
"K2-215",,,1
"KOI-7368",,,1
"Kepler-1046",,,1
"Qatar-9",,,1
"Kepler-1066",,,1
"TOI-6707",,,1
"LHS 475",,,1
"HD 220689","HD 220689","HIP 115662",1
"TOI-2876",,,1
"TOI-519",,,1
"TOI-1443",,,1
"Kepler-1034",,,1
"TOI-4559",,,1
"K2-27 A",,,1
"TOI-2092",,,1
"GJ 433",,"HIP 56528",3
"tau Boo B",,,1
"KMT-2019-BLG-2783L",,,1
"TOI-1431","HD 201033",,1
"TOI-150",,,1
"Kepler-1653",,,1
"TOI-3082",,,1
"Kepler-1079",,,1
"WASP-180 A",,,1
"K2-248",,,1
"HATS-66",,,1
"PH1 Bb",,,1
"TOI-1801",,"HIP 57099",1
"TOI-1899",,,1
"HIP 35173",,"HIP 35173",1
"TOI-628","HD 288842",,1
"kap And","HD 222439","HIP 116805",1
"HD 178911 C","HD 178911 C",,1
"HIP 79431",,"HIP 79431",1
"K2-177",,,1
"HATS-30",,,1
"HD 107148 B","HD 107148 B",,2
"HD 135694","HD 135694","HIP 74326",1
"HD 125271","HD 125271",,1
"HD 112300","HD 112300","HIP 63090",1
"HD 30856 B","HD 30856 B",,1
"2MASS J19270636+0122577",,,1
"Kepler-1664",,,1
"NN Ser",,,2
"NGTS-1",,,1
"WASP-139",,,1
"TOI-3757",,,1
"GJ 3305",,,1
"TOI-2068",,,1
"Kepler-1806",,,1
"KPS-1",,,1
"Kepler-701",,,1
"OGLE-2012-BLG-0563L",,,1
"TIC 88692598",,,1
"NGTS-3 B",,,1
"KMT-2021-BLG-1391L",,,1
"HD 284149 B","HD 284149 B",,1
"HD 100508","HD 100508","HIP 56363",1
"HD 65216 C","HD 65216 C",,2
"HIP 59743 B","HD 106515 B","HIP 59743 B",1
"K2-208",,,1
"EPIC 201497682",,,1
"TOI-2969",,,1
"TOI-2669",,,1
"GU Psc",,,1
"OGLE-2015-BLG-0966L",,,1
"KMT-2016-BLG-0212L",,,1
"HD 36384","HD 36384","HIP 26638",1
"HD 206610","HD 206610","HIP 107251",1
"Kepler-951 B",,,1
"TOI-7384",,,1
"HATS-74 B",,,1
"K2-265 B",,,1
"OGLE-2006-BLG-284L B",,,1
"HIP 81208 B",,"HIP 81208 B",1
"GJ 680 B",,,1
"Kepler-1660 B",,,1
"TOI-1450 B",,,2
"DE CVn Ab",,,1
"BEBOP-3 B",,,1
"VHS J125601.92-125723.9 B",,,1
"Kepler-47 B",,,3
"Kepler-453 Ab",,,1
"TOI-837",,,1
"K2-116",,"HIP 110620",1
"TOI-5160",,,1
"WASP-91",,,1
"TOI-269",,,1
"TOI-7166",,,1
"DMPP-6","HD 67200","HIP 39242",2
"K2-175",,,1
"K2-243",,,2
"WASP-33 C",,,1
"K2-151 A",,,1
"Kepler-1457",,,1
"TOI-4465",,,1
"EPIC 220492298",,,1
"HATS-41",,,1
"G 261-6",,,1
"TOI-4184",,,1
"NGTS-24",,,1
"VHS J125601.92-125723.9",,,1
"TIC 356227008",,,1
"HD 109988","HD 109988",,1
"GJ 4276",,,1
"HD 171238","HD 171238","HIP 91085",1
"HD 109286","HD 109286","HIP 61298",1
"TCP J05074264+2447555",,,1
"HD 148164","HD 148164","HIP 80484",2
"WASP-67",,,1
"K2-164",,,1
"WASP-104",,,1
"Kepler-99 A",,,1
"HD 88072","HD 88072",,1
"TOI-622",,,1
"HIP 948",,"HIP 948",1
"CoRoT-9 B",,,1
"TOI-969",,,2
"GJ 3779",,,1
"HD 220074","HD 220074","HIP 115218",1
"TOI-4773",,,1
"K2-251",,,1
"tau Gem","HD 54719","HIP 34693",1
"K2-158",,,2
"K2-416",,,1
"GJ 1289",,,1
"TOI-2169 B",,,1
"K2-219",,,3
"HAT-P-4 B",,,1
"K2-389",,,2
"HD 100655 B","HD 100655 B",,1
"psi1 Dra A",,,1
"HD 202772 B","HD 202772 B",,1
"WASP-129 B",,,1
"TIC 88785435",,,1
"K2-400",,,1
"HIP 18606",,"HIP 18606",1
"Kepler-1150 A",,,1
"HD 213472","HD 213472","HIP 111136",1
"TOI-3877",,,1
"G 196-3",,,1
"HD 80913","HD 80913",,1
"K2-355",,,1
"Kepler-197 B",,,4
"2MASS J15283577+6621288",,,1
"OGLE-2012-BLG-0026L",,,2
"WASP-49 B",,,1
"HAT-P-10 C",,,1
"TIC 388076435",,,1
"Kepler-633",,,2
"Kepler-799",,,2
"OGLE-2007-BLG-349L A",,,1
"MOA-2016-BLG-227L",,,1
"KMT-2016-BLG-1820L",,,1
"KMT-2016-BLG-1107L",,,1
"SWEEPS-11",,,1
"OGLE-2007-BLG-368L",,,1
"OGLE-2005-BLG-390L",,,1
"OGLE-2012-BLG-0406L",,,1
"OGLE-2008-BLG-355L",,,1
"OGLE-2011-BLG-0265L",,,1
"KMT-2017-BLG-0849L",,,1
"KMT-2022-BLG-2076L",,,1
"KMT-2023-BLG-2209L",,,1
"MOA-2022-BLG-091L",,,1
"OGLE-2015-BLG-1771L",,,1
"KMT-2024-BLG-1209L",,,1
"KMT-2019-BLG-1339L",,,1
"OGLE-2019-BLG-1492L",,,1
"KMT-2022-BLG-1818L",,,2
"KMT-2018-BLG-1996L",,,1
"OGLE-2018-BLG-1185L",,,1
"KMT-2024-BLG-2087L",,,1
"OGLE-2017-BLG-1099L",,,1
"OGLE-2019-BLG-0299L",,,1
"KMT-2021-BLG-0912L",,,1
"KMT-2020-BLG-0414L",,,2
"KMT-2018-BLG-0247L",,,1
"OGLE-2018-BLG-0298L",,,1
"OGLE-2018-BLG-1126L",,,1
"OGLE-2018-BLG-1367L",,,1
"CWISEP J193518.59-154620.3",,,1
"KMT-2021-BLG-1547L",,,1
"OGLE-2017-BLG-1691L",,,1
"OGLE-2017-BLG-0640L",,,1
"KMT-2023-BLG-1454L",,,1
"KMT-2019-BLG-0414L",,,1
"KMT-2017-BLG-0428L",,,1
"KMT-2017-BLG-1003L",,,1
"KMT-2024-BLG-1044L",,,1
"KMT-2022-BLG-2286L",,,1
"KMT-2021-BLG-0736L",,,1
