scale,class,type,id,xi,B,sigmaB
C,dwarf,F,D631-7@0.450000,0.0832396,0.58715,0.220618
C,dwarf,T,D631-7@0.900000,0.104673,1.04583,0.26087
C,dwarf,T,D631-7@1.350000,0.113874,1.36737,0.247179
C,dwarf,F,D631-7@1.800000,0.0999857,1.6497,0.237045
C,dwarf,F,D631-7@2.250000,0.0821496,2.02568,0.212492
C,dwarf,F,D631-7@2.690000,0.0694439,2.50597,0.233805
C,dwarf,F,D631-7@3.140000,0.0574791,3.11198,0.229921
C,dwarf,F,D631-7@3.590000,0.0483276,3.72683,0.259897
C,dwarf,F,D631-7@4.040000,0.0410603,4.46412,0.334809
C,dwarf,F,D631-7@4.490000,0.0346962,5.35587,0.39497
C,dwarf,F,D631-7@4.940000,0.0296884,6.36717,0.508909
C,dwarf,F,D631-7@5.390000,0.0253822,7.28137,0.702408
C,dwarf,F,D631-7@5.840000,0.0218608,8.30702,0.930272
C,dwarf,F,D631-7@6.290000,0.0189186,8.94273,1.20765
C,dwarf,F,D631-7@6.740000,0.0164677,9.32734,1.31585
C,dwarf,F,D631-7@7.190000,0.0143863,9.87028,1.35738
C,dwarf,F,DDO064@0.100000,0.00200225,61.4445,90.2618
C,dwarf,F,DDO064@0.300000,0.0144134,13.8945,9.23631
C,dwarf,F,DDO064@0.490000,0.0294107,5.25107,3.11025
C,dwarf,F,DDO064@0.690000,0.0464556,3.28433,1.64931
C,dwarf,F,DDO064@0.890000,0.041371,4.27541,1.75577
C,dwarf,F,DDO064@1.090000,0.0454581,4.40711,1.53667
C,dwarf,F,DDO064@1.290000,0.0570428,5.26572,1.37834
C,dwarf,F,DDO064@1.480000,0.0743106,4.63764,1.05807
C,dwarf,F,DDO064@1.680000,0.0827689,4.36885,0.966682
C,dwarf,F,DDO064@1.880000,0.0861235,4.11701,0.821623
C,dwarf,F,DDO064@2.080000,0.0849351,3.78952,0.754638
C,dwarf,F,DDO064@2.270000,0.0798603,3.67709,0.73383
C,dwarf,F,DDO064@2.370000,0.0783445,3.60561,1.04594
C,dwarf,F,DDO064@2.980000,0.0667409,3.43903,1.26856
C,dwarf,F,DDO154@0.490000,0.0569593,2.12176,0.492002
C,dwarf,F,DDO154@0.990000,0.0507276,2.88887,0.21399
C,dwarf,F,DDO154@1.480000,0.042443,4.13454,0.200289
C,dwarf,F,DDO154@1.970000,0.0385157,4.82152,0.140569
C,dwarf,F,DDO154@2.470000,0.0339873,5.40521,0.113198
C,dwarf,F,DDO154@2.960000,0.0319773,5.79514,0.0551918
C,dwarf,F,DDO154@3.460000,0.0309867,5.76922,0.0517419
C,dwarf,F,DDO154@3.950000,0.0276282,6.10817,0.0527704
C,dwarf,F,DDO154@4.440000,0.0232603,6.76485,0.0856311
C,dwarf,F,DDO154@4.940000,0.0195362,7.48561,0.186364
C,dwarf,F,DDO154@5.430000,0.0164062,7.84238,0.231631
C,dwarf,F,DDO154@5.920000,0.0138777,7.83582,0.447761
C,dwarf,F,DDO161@0.600000,0.0651798,2.03552,0.898173
C,dwarf,F,DDO161@0.730000,0.071153,1.64968,0.959994
C,dwarf,F,DDO161@0.850000,0.0742916,1.70359,0.457956
C,dwarf,F,DDO161@0.980000,0.0804516,1.5776,1.19582
C,dwarf,F,DDO161@1.070000,0.0841481,1.58161,0.59569
C,dwarf,F,DDO161@1.540000,0.097613,1.72769,0.327604
C,dwarf,T,DDO161@2.020000,0.10186,1.63582,0.263522
C,dwarf,F,DDO161@2.490000,0.0995587,1.5542,0.254323
C,dwarf,F,DDO161@2.960000,0.0924694,1.60615,0.260572
C,dwarf,F,DDO161@3.430000,0.0839702,1.77964,0.322614
C,dwarf,F,DDO161@3.900000,0.0772714,1.88136,0.28639
C,dwarf,F,DDO161@4.370000,0.0707271,2.08284,0.273744
C,dwarf,F,DDO161@4.860000,0.0648895,2.3578,0.189009
C,dwarf,F,DDO161@5.340000,0.0600259,2.57297,0.152879
C,dwarf,F,DDO161@5.810000,0.0556416,2.70194,0.189645
C,dwarf,F,DDO161@6.280000,0.052358,2.86076,0.153961
C,dwarf,F,DDO161@6.750000,0.049596,3.08173,0.105934
C,dwarf,F,DDO161@7.220000,0.0476289,3.22285,0.128482
C,dwarf,F,DDO161@7.690000,0.0463821,3.19105,0.132916
C,dwarf,F,DDO161@8.160000,0.045383,3.20695,0.138034
C,dwarf,F,DDO161@8.640000,0.0438351,3.24836,0.139437
C,dwarf,F,DDO161@9.110000,0.0425889,3.18102,0.211058
C,dwarf,F,DDO161@9.580000,0.0405529,3.3299,0.245742
C,dwarf,F,DDO161@10.050000,0.0384257,3.46513,0.114096
C,dwarf,F,DDO161@10.520000,0.0353638,3.80831,0.363341
C,dwarf,F,DDO161@10.990000,0.0323423,3.90377,0.277004
C,dwarf,F,DDO161@11.460000,0.0293553,4.1246,0.117316
C,dwarf,F,DDO161@11.940000,0.0266365,4.33677,0.125024
C,dwarf,F,DDO161@12.410000,0.0241997,4.6203,0.136949
C,dwarf,F,DDO161@12.900000,0.0221566,4.78226,0.106753
C,dwarf,F,DDO161@13.370000,0.0201352,5.04679,0.200039
C,dwarf,T,DDO168@0.410000,0.108188,1.57732,0.862267
C,dwarf,T,DDO168@0.820000,0.15435,1.34528,0.149475
C,dwarf,T,DDO168@1.240000,0.12984,1.64677,0.169189
C,dwarf,T,DDO168@1.640000,0.101607,2.4454,0.148615
C,dwarf,F,DDO168@2.060000,0.0945905,3.08951,0.154476
C,dwarf,F,DDO168@2.470000,0.0827279,4.13072,0.190283
C,dwarf,F,DDO168@2.890000,0.0722013,4.1703,0.268035
C,dwarf,F,DDO168@3.300000,0.0626488,4.51683,0.362665
C,dwarf,F,DDO168@3.710000,0.0556822,4.55339,0.413944
C,dwarf,F,DDO168@4.120000,0.0491414,4.153,0.431273
C,dwarf,F,DDO170@1.870000,0.0400386,3.18668,0.690255
C,dwarf,F,DDO170@3.360000,0.0390672,4.25872,0.301325
C,dwarf,F,DDO170@4.860000,0.0398453,4.42593,0.168607
C,dwarf,F,DDO170@6.350000,0.0386563,3.91611,0.140867
C,dwarf,F,DDO170@7.850000,0.0356826,3.81214,0.143118
C,dwarf,F,DDO170@9.340000,0.0304069,3.81139,0.15504
C,dwarf,F,DDO170@10.830000,0.0242745,4.25817,0.184521
C,dwarf,F,DDO170@12.330000,0.0184773,5.28054,0.169792
C,HSB,T,ESO079-G014@0.410000,0.321525,2.60002,1.81688
C,HSB,T,ESO079-G014@0.980000,0.365636,2.20437,1.03221
C,HSB,T,ESO079-G014@1.780000,0.344698,1.47237,0.532677
C,HSB,T,ESO079-G014@2.690000,0.337742,1.56407,0.235998
C,HSB,T,ESO079-G014@3.360000,0.320536,1.9272,0.238718
C,HSB,T,ESO079-G014@4.390000,0.27338,2.69568,0.282783
C,HSB,T,ESO079-G014@5.650000,0.239048,3.09801,0.343986
C,HSB,T,ESO079-G014@6.340000,0.232026,3.68317,0.507831
C,HSB,T,ESO079-G014@6.890000,0.234415,3.61357,0.276952
C,HSB,T,ESO079-G014@8.340000,0.252539,3.50143,0.190987
C,HSB,T,ESO079-G014@10.040000,0.274766,2.99487,0.12053
C,HSB,T,ESO079-G014@11.650000,0.262769,2.9356,0.0832328
C,HSB,T,ESO079-G014@13.360000,0.236327,3.01617,0.0751457
C,HSB,T,ESO079-G014@15.060000,0.202583,3.19314,0.0804599
C,HSB,T,ESO079-G014@16.670000,0.174523,3.38649,0.0772425
C,HSB,T,ESO116-G012@0.250000,0.186718,2.90982,0.946734
C,HSB,T,ESO116-G012@0.830000,0.227733,2.63218,0.432994
C,HSB,T,ESO116-G012@1.380000,0.296421,2.01616,0.231761
C,HSB,T,ESO116-G012@1.850000,0.32447,2.38832,0.242701
C,HSB,T,ESO116-G012@2.680000,0.230522,3.23743,0.236551
C,HSB,T,ESO116-G012@3.190000,0.221612,3.05215,0.225705
C,HSB,T,ESO116-G012@3.680000,0.213719,3.30294,0.204537
C,HSB,T,ESO116-G012@4.130000,0.203056,3.85775,0.408468
C,HSB,T,ESO116-G012@5.230000,0.16281,4.0262,0.322863
C,HSB,T,ESO116-G012@6.050000,0.131044,4.65994,0.179557
C,HSB,T,ESO116-G012@6.810000,0.108232,4.92092,0.191369
C,HSB,F,ESO116-G012@7.560000,0.0978733,4.99305,0.192393
C,HSB,F,ESO116-G012@8.320000,0.0917233,4.93039,0.188251
C,HSB,F,ESO116-G012@9.090000,0.0842888,5.00048,0.20993
C,HSB,F,ESO116-G012@9.860000,0.0697629,5.67067,0.479981
C,HSB,T,ESO563-G021@0.450000,1.46831,0.168109,0.17398
C,HSB,T,ESO563-G021@1.340000,1.67555,0.470733,0.169561
C,HSB,T,ESO563-G021@2.230000,1.31778,0.581015,0.0892301
C,HSB,T,ESO563-G021@3.120000,1.06486,1.3254,0.0951172
C,HSB,T,ESO563-G021@4.010000,0.966205,1.5956,0.0850987
C,HSB,T,ESO563-G021@4.900000,0.980531,2.461,0.114594
C,HSB,T,ESO563-G021@5.790000,1.06543,2.59745,0.096117
C,HSB,T,ESO563-G021@6.690000,1.10316,2.5498,0.0878954
C,HSB,T,ESO563-G021@7.580000,1.07236,2.74762,0.114006
C,HSB,T,ESO563-G021@8.470000,1.07289,2.74053,0.0573283
C,HSB,T,ESO563-G021@10.230000,1.03484,2.48734,0.167703
C,HSB,T,ESO563-G021@12.060000,0.975245,2.54075,0.0776977
C,HSB,T,ESO563-G021@13.440000,0.893921,2.48728,0.327358
C,HSB,T,ESO563-G021@15.180000,0.816152,2.41202,0.250538
C,HSB,T,ESO563-G021@16.830000,0.745858,2.44241,0.210016
C,HSB,T,ESO563-G021@18.560000,0.649099,2.59375,0.207828
C,HSB,T,ESO563-G021@20.300000,0.584179,2.66832,0.173985
C,HSB,T,ESO563-G021@21.940000,0.544171,2.63379,0.178899
C,HSB,T,ESO563-G021@23.680000,0.504075,2.61783,0.153601
C,HSB,T,ESO563-G021@25.410000,0.443559,2.77244,0.126465
C,HSB,T,ESO563-G021@27.060000,0.392311,2.85135,0.153351
C,HSB,T,ESO563-G021@28.800000,0.341146,3.08089,0.165302
C,HSB,T,ESO563-G021@30.530000,0.299193,3.29262,0.243505
C,HSB,T,ESO563-G021@32.180000,0.270615,3.43151,0.321012
C,HSB,T,ESO563-G021@33.910000,0.247018,3.6369,0.3695
C,HSB,T,ESO563-G021@35.650000,0.223248,4.00084,0.220796
C,HSB,T,ESO563-G021@37.300000,0.204616,4.19818,0.206116
C,HSB,T,ESO563-G021@39.030000,0.185818,4.39048,0.219524
C,HSB,T,ESO563-G021@40.760000,0.16943,4.46782,0.278565
C,HSB,T,ESO563-G021@42.410000,0.156424,4.56285,0.265289
C,dwarf,F,F561-1@1.610000,0.0842885,1.25469,1.07239
C,dwarf,F,F561-1@3.230000,0.0787358,2.01547,0.496422
C,dwarf,F,F561-1@4.840000,0.0649673,2.0473,0.449956
C,dwarf,F,F561-1@6.450000,0.0678282,1.72052,0.349699
C,dwarf,F,F561-1@8.060000,0.0714326,1.37192,0.272206
C,dwarf,F,F561-1@9.660000,0.0669008,1.22223,0.242505
C,LSB,F,F563-1@1.070000,0.0498011,2.85011,1.84935
C,LSB,F,F563-1@1.780000,0.0553102,5.75877,2.87534
C,LSB,F,F563-1@2.490000,0.0519277,8.83174,2.24146
C,LSB,F,F563-1@2.970000,0.0482042,12.8109,3.70315
C,LSB,F,F563-1@3.040000,0.0472347,14.4193,6.18476
C,LSB,F,F563-1@3.190000,0.0456758,16.1533,3.31607
C,LSB,F,F563-1@6.950000,0.0337847,10.727,5.91179
C,LSB,F,F563-1@8.580000,0.0342241,10.1288,1.94705
C,LSB,F,F563-1@9.260000,0.034696,8.49745,4.5888
C,LSB,F,F563-1@9.890000,0.0353465,9.43692,4.36114
C,LSB,F,F563-1@10.080000,0.0357397,8.18853,1.84957
C,LSB,F,F563-1@11.840000,0.0351382,8.47749,1.50923
C,LSB,F,F563-1@14.560000,0.0268586,9.97447,1.95927
C,LSB,F,F563-1@15.430000,0.025347,9.88455,1.66663
C,LSB,F,F563-1@17.930000,0.0240812,8.87332,3.88507
C,LSB,F,F563-1@19.020000,0.023596,8.76913,1.20819
C,LSB,F,F563-1@20.100000,0.023089,7.52852,1.51991
C,dwarf,F,F563-V2@0.280000,0.0224851,6.99423,9.2747
C,dwarf,F,F563-V2@0.870000,0.0586777,7.37676,3.34498
C,dwarf,F,F563-V2@1.460000,0.0848239,8.5929,2.54996
C,dwarf,T,F563-V2@2.050000,0.101622,9.9145,3.45487
C,dwarf,T,F563-V2@2.350000,0.103068,10.8191,4.12494
C,dwarf,F,F563-V2@4.760000,0.0843649,10.0633,1.53245
C,dwarf,F,F563-V2@7.860000,0.0801374,6.6429,0.994144
C,dwarf,F,F563-V2@8.700000,0.0846869,5.77744,1.63941
C,dwarf,F,F563-V2@10.180000,0.0700101,6.07512,5.34405
C,dwarf,F,F563-V2@10.470000,0.067699,6.10849,4.17241
C,LSB,F,F568-V1@0.390000,0.0588418,4.10249,14.3351
C,LSB,T,F568-V1@1.180000,0.108727,5.19566,8.32652
C,LSB,F,F568-V1@1.950000,0.0953451,7.98587,3.02793
C,LSB,F,F568-V1@2.740000,0.0780185,10.5592,1.53678
C,LSB,F,F568-V1@3.530000,0.0760623,10.0597,1.33842
C,LSB,F,F568-V1@4.300000,0.0750796,9.63183,2.38869
C,LSB,F,F568-V1@5.090000,0.068833,10.3522,1.18859
C,LSB,F,F568-V1@5.870000,0.0613132,10.8379,1.19991
C,LSB,F,F568-V1@6.400000,0.0585098,10.6035,4.67303
C,LSB,F,F568-V1@7.440000,0.0559233,9.54312,2.61802
C,LSB,F,F568-V1@8.210000,0.0550433,8.63153,2.01916
C,LSB,F,F568-V1@9.000000,0.0525017,8.10829,3.85692
C,LSB,F,F568-V1@9.720000,0.0523257,7.53293,2.63313
C,LSB,F,F568-V1@11.790000,0.0528227,6.37561,1.41053
C,LSB,F,F568-V1@17.630000,0.0325706,7.54023,1.86589
C,HSB,T,F571-8@0.220000,1.03733,0.209508,0.236542
C,HSB,T,F571-8@0.780000,1.46648,0.382287,0.0815546
C,HSB,T,F571-8@1.330000,1.26796,0.588627,0.0833455
C,HSB,T,F571-8@2.330000,0.877873,0.725885,0.0840388
C,HSB,T,F571-8@3.440000,0.525106,1.25842,0.220776
C,HSB,T,F571-8@3.780000,0.44669,1.39713,0.269481
C,HSB,T,F571-8@4.770000,0.280686,2.56058,0.195092
C,HSB,T,F571-8@5.440000,0.218069,3.28808,0.393395
C,HSB,T,F571-8@6.110000,0.173235,3.9531,0.272628
C,HSB,T,F571-8@7.220000,0.129858,5.09962,0.329008
C,HSB,F,F571-8@9.330000,0.0823197,7.37872,0.437258
C,HSB,F,F571-8@11.100000,0.0617046,8.89846,0.508483
C,HSB,F,F571-8@15.550000,0.0332649,12.4654,0.865655
C,dwarf,F,F571-V1@1.950000,0.0550662,2.96538,1.85336
C,dwarf,F,F571-V1@3.880000,0.0689732,3.85507,1.33857
C,dwarf,F,F571-V1@5.830000,0.0525776,5.09944,1.00694
C,dwarf,F,F571-V1@7.780000,0.0475703,4.98156,0.776346
C,dwarf,F,F571-V1@9.720000,0.0441894,4.92746,0.716721
C,dwarf,F,F571-V1@11.660000,0.0365915,5.17936,0.737275
C,dwarf,F,F571-V1@13.590000,0.0270614,5.95187,0.851281
C,HSB,F,F574-1@0.470000,0.0558613,2.77251,1.59465
C,HSB,T,F574-1@1.410000,0.119381,3.10536,0.660458
C,HSB,T,F574-1@2.350000,0.112391,4.33789,0.628888
C,HSB,F,F574-1@3.290000,0.0861775,6.15281,0.722893
C,HSB,F,F574-1@4.220000,0.0747056,6.795,1.02826
C,HSB,F,F574-1@5.170000,0.0692174,6.54686,0.663737
C,HSB,F,F574-1@6.110000,0.0662706,6.1378,0.604168
C,HSB,F,F574-1@7.050000,0.0613153,6.15495,0.585552
C,HSB,F,F574-1@7.990000,0.0589905,5.91658,0.549798
C,HSB,F,F574-1@8.920000,0.0546992,5.91025,0.540086
C,HSB,F,F574-1@9.870000,0.054239,5.55582,0.49991
C,HSB,F,F574-1@10.790000,0.0545126,5.16054,0.482625
C,HSB,F,F574-1@11.800000,0.0542377,4.81019,0.425424
C,HSB,F,F574-1@12.600000,0.0533245,4.60036,0.47434
C,HSB,F,F579-V1@0.420000,0.0855397,11.0311,5.6237
C,HSB,T,F579-V1@1.470000,0.171291,8.56912,1.91339
C,HSB,T,F579-V1@2.110000,0.172633,7.57521,1.67266
C,HSB,T,F579-V1@2.840000,0.157212,6.63428,1.23713
C,HSB,T,F579-V1@3.900000,0.135088,6.0209,1.08495
C,HSB,T,F579-V1@4.740000,0.137793,5.24894,1.66966
C,HSB,T,F579-V1@5.690000,0.135781,4.5223,0.77647
C,HSB,T,F579-V1@6.320000,0.130923,4.38344,0.93351
C,HSB,T,F579-V1@7.370000,0.124068,4.11488,1.72077
C,HSB,T,F579-V1@8.210000,0.116112,4.0918,1.43944
C,HSB,T,F579-V1@9.160000,0.110526,3.92188,0.631666
C,HSB,F,F579-V1@10.850000,0.0970687,3.83707,0.612586
C,HSB,F,F579-V1@12.210000,0.0827491,3.99973,0.638553
C,HSB,F,F579-V1@15.160000,0.0638366,4.17581,0.820509
C,dwarf,F,F583-1@0.260000,0.0150118,16.9824,30.2427
C,dwarf,F,F583-1@0.440000,0.0230637,3.06421,4.28989
C,dwarf,F,F583-1@0.770000,0.0338931,1.36416,1.81803
C,dwarf,F,F583-1@0.890000,0.0358763,2.9485,3.25351
C,dwarf,F,F583-1@1.220000,0.0365927,3.84663,3.66658
C,dwarf,F,F583-1@1.550000,0.0320682,6.01196,2.01692
C,dwarf,F,F583-1@1.800000,0.0270219,6.66985,0.995315
C,dwarf,F,F583-1@2.210000,0.0238045,9.8877,2.85269
C,dwarf,F,F583-1@2.310000,0.0235022,10.9882,2.13744
C,dwarf,F,F583-1@2.540000,0.0228402,10.7578,2.16116
C,dwarf,F,F583-1@3.100000,0.0219582,12.2102,5.9988
C,dwarf,F,F583-1@3.430000,0.0232699,12.0871,1.95303
C,dwarf,F,F583-1@3.860000,0.0242946,11.6997,3.8802
C,dwarf,F,F583-1@4.090000,0.02454,11.9093,1.72876
C,dwarf,F,F583-1@4.370000,0.0249626,11.3138,1.14934
C,dwarf,F,F583-1@4.760000,0.0255547,11.3389,2.3495
C,dwarf,F,F583-1@5.400000,0.0270069,10.8395,0.896957
C,dwarf,F,F583-1@5.860000,0.0280485,9.88935,4.24025
C,dwarf,F,F583-1@6.080000,0.0283451,9.72098,1.58926
C,dwarf,F,F583-1@6.430000,0.0291073,8.70891,1.39776
C,dwarf,F,F583-1@6.970000,0.0309146,8.5785,2.6926
C,dwarf,F,F583-1@7.960000,0.0336972,7.47521,2.51346
C,dwarf,F,F583-1@10.290000,0.0376635,5.75613,0.815508
C,dwarf,F,F583-1@15.490000,0.0342413,4.42728,0.570605
C,dwarf,F,F583-1@16.260000,0.0327066,4.30446,0.862898
C,dwarf,F,IC2574@0.850000,0.0168224,2.3071,0.0895963
C,dwarf,F,IC2574@1.140000,0.0196066,2.31511,0.969115
C,dwarf,F,IC2574@1.420000,0.0211358,2.78663,0.611699
C,dwarf,F,IC2574@1.710000,0.0233526,2.69397,0.608316
C,dwarf,F,IC2574@1.990000,0.0260748,2.3494,0.474626
C,dwarf,F,IC2574@2.280000,0.0261529,3.55243,0.16333
C,dwarf,F,IC2574@2.550000,0.0270766,3.45561,0.673657
C,dwarf,F,IC2574@2.840000,0.0268103,3.60241,0.630725
C,dwarf,F,IC2574@3.130000,0.0263478,4.10618,0.846121
C,dwarf,F,IC2574@3.410000,0.0256157,4.31119,0.297323
C,dwarf,F,IC2574@3.700000,0.0233352,4.41186,0.226896
C,dwarf,F,IC2574@3.980000,0.0212166,5.60105,2.92978
C,dwarf,F,IC2574@4.260000,0.021164,4.44509,1.33724
C,dwarf,F,IC2574@4.550000,0.0244869,4.46554,0.915436
C,dwarf,F,IC2574@4.840000,0.0278188,3.4589,0.250256
C,dwarf,F,IC2574@5.120000,0.0292485,3.62809,0.0867964
C,dwarf,F,IC2574@5.410000,0.02895,3.65399,0.0681398
C,dwarf,F,IC2574@5.680000,0.0298168,3.61956,0.277174
C,dwarf,F,IC2574@5.970000,0.0301482,3.67168,0.20708
C,dwarf,F,IC2574@6.260000,0.0313175,3.80829,0.139896
C,dwarf,F,IC2574@6.540000,0.0324257,3.94972,0.0913231
C,dwarf,F,IC2574@6.830000,0.0316695,4.05346,0.320613
C,dwarf,F,IC2574@7.100000,0.0313862,4.06902,0.0753521
C,dwarf,F,IC2574@7.390000,0.0308625,4.26037,0.167671
C,dwarf,F,IC2574@7.680000,0.031411,4.45667,0.545715
C,dwarf,F,IC2574@7.960000,0.0315536,4.06487,0.65265
C,dwarf,F,IC2574@8.250000,0.0313863,3.50181,1.16727
C,dwarf,F,IC2574@8.520000,0.0301184,4.93252,1.85549
C,dwarf,F,IC2574@8.810000,0.0294224,4.39093,0.899958
C,dwarf,F,IC2574@9.100000,0.0290035,4.38397,0.819299
C,dwarf,F,IC2574@9.380000,0.0292974,4.92896,0.194171
C,dwarf,F,IC2574@9.670000,0.0305742,4.47108,0.466309
C,dwarf,F,IC2574@9.960000,0.0304135,4.62187,0.647475
C,dwarf,F,IC2574@10.230000,0.0311713,4.443,1.22429
C,bulge,T,IC4202@0.770000,5.14864,0.0966341,0.0218046
C,bulge,T,IC4202@1.590000,4.43753,0.267446,0.0271222
C,bulge,T,IC4202@2.360000,3.11254,0.559845,0.0652342
C,bulge,T,IC4202@3.130000,2.34717,1.03005,0.0417303
C,bulge,T,IC4202@3.950000,1.98781,1.45992,0.0477516
C,bulge,T,IC4202@4.730000,1.77335,1.54278,0.0438633
C,bulge,T,IC4202@5.500000,1.52415,1.62032,0.0520984
C,bulge,T,IC4202@6.270000,1.3165,1.82329,0.0538698
C,bulge,T,IC4202@7.080000,1.1956,1.96022,0.059231
C,bulge,T,IC4202@7.860000,1.1421,1.91297,0.0757049
C,bulge,T,IC4202@8.660000,1.09894,1.96127,0.0960624
C,bulge,T,IC4202@9.450000,1.04985,1.89675,0.0858934
C,bulge,T,IC4202@10.240000,0.991973,1.74862,0.101698
C,bulge,T,IC4202@11.020000,0.929009,1.74952,0.104388
C,bulge,T,IC4202@11.790000,0.867842,1.75052,0.0707502
C,bulge,T,IC4202@12.470000,0.813284,1.8555,0.115856
C,bulge,T,IC4202@13.340000,0.748217,1.80946,0.0932512
C,bulge,T,IC4202@14.110000,0.6956,1.98013,0.0890265
C,bulge,T,IC4202@14.590000,0.664986,1.87699,0.0791128
C,bulge,T,IC4202@14.980000,0.641835,1.9255,0.11695
C,bulge,T,IC4202@15.750000,0.59793,2.03082,0.0831982
C,bulge,T,IC4202@16.520000,0.556945,2.09544,0.0878571
C,bulge,T,IC4202@17.100000,0.527286,2.08702,0.107745
C,bulge,T,IC4202@17.880000,0.489644,2.06293,0.27734
C,bulge,T,IC4202@18.650000,0.455677,2.23232,0.263902
C,bulge,T,IC4202@19.620000,0.41777,2.07728,0.37107
C,bulge,T,IC4202@20.780000,0.382081,2.42827,0.195042
C,bulge,T,IC4202@22.130000,0.348938,2.24282,0.306011
C,bulge,T,IC4202@23.000000,0.328638,2.46936,0.445493
C,bulge,T,IC4202@23.580000,0.315925,2.46482,0.0852035
C,bulge,T,IC4202@25.030000,0.281931,2.49603,0.162766
C,bulge,T,IC4202@25.900000,0.263109,2.78393,0.138407
C,dwarf,F,KK98-251@0.250000,0.00950792,2.36293,2.22394
C,dwarf,F,KK98-251@0.410000,0.0142167,2.49592,1.4596
C,dwarf,F,KK98-251@0.570000,0.0188538,2.64449,1.10648
C,dwarf,F,KK98-251@0.740000,0.0259264,2.45209,0.797427
C,dwarf,F,KK98-251@0.900000,0.0318154,2.47613,0.655927
C,dwarf,F,KK98-251@1.070000,0.0385007,2.31165,0.528378
C,dwarf,F,KK98-251@1.240000,0.0449332,2.16592,0.439781
C,dwarf,F,KK98-251@1.400000,0.0494588,2.13423,0.391602
C,dwarf,F,KK98-251@1.570000,0.0523208,2.25374,0.369466
C,dwarf,F,KK98-251@1.720000,0.0544974,2.47241,0.362258
C,dwarf,F,KK98-251@1.890000,0.0555716,2.71813,0.358829
C,dwarf,F,KK98-251@2.060000,0.0552811,2.90195,0.356068
C,dwarf,F,KK98-251@2.460000,0.0507278,2.76317,0.331912
C,dwarf,F,KK98-251@2.790000,0.0457236,2.91815,0.337358
C,dwarf,F,KK98-251@3.130000,0.0378124,3.07307,0.359424
C,HSB,T,NGC0024@0.210000,0.25814,1.73669,1.29953
C,HSB,T,NGC0024@0.320000,0.324671,2.87626,1.64411
C,HSB,T,NGC0024@0.430000,0.323011,2.91762,1.31899
C,HSB,T,NGC0024@0.540000,0.340547,3.57803,1.32543
C,HSB,T,NGC0024@0.640000,0.339499,4.81434,1.14548
C,HSB,T,NGC0024@0.740000,0.341527,4.94563,1.48993
C,HSB,T,NGC0024@0.850000,0.353289,5.35313,1.26867
C,HSB,T,NGC0024@0.960000,0.368943,5.12454,0.914905
C,HSB,T,NGC0024@1.070000,0.380722,4.65596,0.792884
C,HSB,T,NGC0024@1.170000,0.388261,4.4359,0.676681
C,HSB,T,NGC0024@1.280000,0.397107,4.19414,0.587585
C,HSB,T,NGC0024@1.380000,0.404798,4.07878,0.617534
C,HSB,T,NGC0024@1.480000,0.415401,3.91683,0.667642
C,HSB,T,NGC0024@1.590000,0.41841,3.95618,0.732754
C,HSB,T,NGC0024@1.700000,0.419445,3.72322,0.68662
C,HSB,T,NGC0024@1.800000,0.412946,3.78351,0.732035
C,HSB,T,NGC0024@1.910000,0.405361,3.74006,0.660421
C,HSB,T,NGC0024@2.020000,0.391766,4.00833,0.703244
C,HSB,T,NGC0024@2.130000,0.378688,3.84741,0.735592
C,HSB,T,NGC0024@2.230000,0.365924,4.04276,0.642132
C,HSB,T,NGC0024@2.340000,0.355343,4.04485,0.662733
C,HSB,T,NGC0024@2.440000,0.345038,4.22874,0.727185
C,HSB,T,NGC0024@2.540000,0.333928,4.1974,0.749256
C,HSB,T,NGC0024@2.650000,0.322302,4.09075,0.864459
C,HSB,T,NGC0024@2.760000,0.311026,4.14726,0.868211
C,HSB,F,NGC0024@7.070000,0.0904141,5.26151,0.314679
C,HSB,F,NGC0024@8.490000,0.0632353,6.50794,0.313118
C,HSB,F,NGC0024@9.910000,0.0451701,8.25331,0.749612
C,HSB,F,NGC0024@11.270000,0.0337464,9.89312,0.509046
C,dwarf,T,NGC0055@1.230000,0.142698,1.45929,0.345754
C,dwarf,T,NGC0055@1.840000,0.148749,1.60622,0.222136
C,dwarf,T,NGC0055@2.460000,0.143997,1.63066,0.0908026
C,dwarf,T,NGC0055@3.070000,0.139358,1.82434,0.203918
C,dwarf,T,NGC0055@3.680000,0.136268,2.09319,0.324246
C,dwarf,T,NGC0055@4.300000,0.133147,2.26655,0.287704
C,dwarf,T,NGC0055@4.910000,0.126413,2.35075,0.185314
C,dwarf,T,NGC0055@5.520000,0.119289,2.46851,0.0546283
C,dwarf,T,NGC0055@6.140000,0.112025,2.48899,0.161013
C,dwarf,T,NGC0055@6.750000,0.105319,2.72298,0.179461
C,dwarf,F,NGC0055@7.370000,0.0995124,2.87878,0.160709
C,dwarf,F,NGC0055@7.980000,0.094293,2.93679,0.334438
C,dwarf,F,NGC0055@8.590000,0.0903324,2.92266,0.499658
C,dwarf,F,NGC0055@9.210000,0.085037,2.88888,0.311579
C,dwarf,F,NGC0055@9.820000,0.0790304,3.01879,0.27823
C,dwarf,F,NGC0055@10.430000,0.0730923,2.97481,0.397105
C,dwarf,F,NGC0055@11.050000,0.0664224,3.08986,0.506534
C,dwarf,F,NGC0055@11.660000,0.0607622,3.26123,0.310233
C,dwarf,F,NGC0055@12.280000,0.05706,3.28985,0.473799
C,dwarf,F,NGC0055@12.890000,0.0543871,3.38823,0.193835
C,dwarf,F,NGC0055@13.500000,0.0525546,3.27934,0.417026
C,HSB,F,NGC0100@0.230000,0.0622113,1.00785,2.42417
C,HSB,T,NGC0100@0.690000,0.125636,1.43482,0.586839
C,HSB,T,NGC0100@1.150000,0.159248,1.84908,0.448263
C,HSB,T,NGC0100@1.590000,0.166649,2.13971,0.400882
C,HSB,T,NGC0100@2.050000,0.163074,2.31612,0.371322
C,HSB,T,NGC0100@2.510000,0.158186,2.41237,0.347728
C,HSB,T,NGC0100@2.970000,0.153496,2.61352,0.337773
C,HSB,T,NGC0100@3.420000,0.147205,2.84768,0.335514
C,HSB,T,NGC0100@3.880000,0.133053,3.21869,0.35225
C,HSB,T,NGC0100@4.340000,0.118356,3.50582,0.276412
C,HSB,T,NGC0100@4.790000,0.106539,3.68818,0.506296
C,HSB,F,NGC0100@5.240000,0.0963469,3.84401,0.389267
C,HSB,F,NGC0100@5.700000,0.085326,3.93987,0.562122
C,HSB,F,NGC0100@6.160000,0.0753716,4.26498,0.764275
C,HSB,F,NGC0100@7.160000,0.0594125,5.08441,0.624273
C,HSB,F,NGC0100@7.520000,0.055296,5.35215,0.506114
C,HSB,F,NGC0100@7.980000,0.0507719,5.68956,0.730854
C,HSB,F,NGC0100@8.440000,0.0472163,5.97422,1.39285
C,HSB,F,NGC0100@8.900000,0.0443263,6.24349,1.09016
C,HSB,F,NGC0100@9.350000,0.0420439,6.4643,0.73796
C,HSB,F,NGC0100@9.620000,0.0411375,6.53546,1.9635
C,LSB,F,NGC0247@1.080000,0.0731937,4.70928,0.244991
C,LSB,F,NGC0247@1.610000,0.0882221,4.83606,0.164632
C,LSB,F,NGC0247@2.150000,0.0906961,5.5699,0.584321
C,LSB,F,NGC0247@2.700000,0.0895732,5.33248,0.231847
C,LSB,F,NGC0247@3.220000,0.0904958,4.84769,0.330851
C,LSB,F,NGC0247@3.770000,0.0905585,4.43751,0.0890045
C,LSB,F,NGC0247@4.310000,0.0904549,4.05479,0.125113
C,LSB,F,NGC0247@4.850000,0.0886637,3.87466,0.179971
C,LSB,F,NGC0247@5.380000,0.085029,3.8338,0.306296
C,LSB,F,NGC0247@5.920000,0.0825743,3.91987,0.379503
C,LSB,F,NGC0247@6.460000,0.0812809,3.92398,0.482062
C,LSB,F,NGC0247@6.990000,0.0810324,3.82769,0.641768
C,LSB,F,NGC0247@7.530000,0.0819715,3.82189,0.631862
C,LSB,F,NGC0247@8.070000,0.0816794,3.88086,0.410763
C,LSB,F,NGC0247@8.620000,0.0810705,3.85681,0.115994
C,LSB,F,NGC0247@9.140000,0.0812286,3.85196,0.168699
C,LSB,F,NGC0247@9.690000,0.0811938,3.82686,0.404465
C,LSB,F,NGC0247@10.230000,0.0805724,3.8484,0.624888
C,LSB,F,NGC0247@10.760000,0.0794451,3.85918,0.704393
C,LSB,F,NGC0247@11.300000,0.0773338,3.84873,0.695733
C,LSB,F,NGC0247@11.840000,0.0740106,3.9123,0.663228
C,LSB,F,NGC0247@12.380000,0.0699491,3.95891,0.633425
C,LSB,F,NGC0247@12.910000,0.0650357,4.08319,0.699975
C,LSB,F,NGC0247@13.480000,0.0595576,4.35195,0.689744
C,LSB,F,NGC0247@14.010000,0.054455,4.75413,0.677904
C,LSB,F,NGC0247@14.540000,0.0497239,4.92422,0.846782
C,HSB,T,NGC0289@1.500000,3.32606,1.67635,0.576502
C,HSB,T,NGC0289@2.520000,3.16887,1.46554,0.483476
C,HSB,T,NGC0289@3.460000,2.09783,1.31198,0.377851
C,HSB,T,NGC0289@4.320000,1.75666,1.4024,0.477574
C,HSB,T,NGC0289@5.430000,1.4089,1.24479,0.39691
C,HSB,T,NGC0289@6.380000,1.09192,1.24486,0.40551
C,HSB,T,NGC0289@7.570000,0.807919,1.57493,0.1285
C,HSB,T,NGC0289@10.600000,0.442333,2.2698,0.10527
C,HSB,T,NGC0289@13.570000,0.288202,2.66272,0.122805
C,HSB,T,NGC0289@16.640000,0.201399,2.74502,0.138208
C,HSB,T,NGC0289@19.710000,0.155747,2.6257,0.138298
C,HSB,T,NGC0289@22.680000,0.131555,2.53629,0.165184
C,HSB,T,NGC0289@25.750000,0.111516,2.73766,0.223489
C,HSB,F,NGC0289@28.720000,0.0938468,3.45293,0.27823
C,HSB,F,NGC0289@31.790000,0.0855387,3.58255,0.265959
C,HSB,F,NGC0289@34.770000,0.0799852,3.58254,0.178927
C,HSB,F,NGC0289@37.840000,0.0722118,3.72818,0.175492
C,HSB,F,NGC0289@40.810000,0.0657634,3.83788,0.179663
C,HSB,F,NGC0289@43.880000,0.0587192,3.99756,0.212178
C,HSB,F,NGC0289@46.850000,0.0524276,4.1018,0.250665
C,HSB,F,NGC0289@49.920000,0.0468716,4.16353,0.399887
C,HSB,F,NGC0289@52.990000,0.0423532,4.24322,0.533433
C,HSB,F,NGC0289@55.960000,0.0386206,4.25656,0.574141
C,HSB,F,NGC0289@59.030000,0.0346675,4.28866,0.6433
C,HSB,F,NGC0289@62.000000,0.0306362,4.08683,0.278319
C,HSB,F,NGC0289@65.070000,0.027112,4.40018,0.36204
C,HSB,F,NGC0289@68.050000,0.0244115,5.15814,0.963268
C,HSB,F,NGC0289@71.120000,0.0220144,5.40715,0.573486
C,dwarf,T,NGC0300@0.910000,0.169746,2.20553,0.519733
C,dwarf,T,NGC0300@1.360000,0.160766,3.10171,0.358656
C,dwarf,T,NGC0300@1.820000,0.150981,3.28762,0.573352
C,dwarf,T,NGC0300@2.270000,0.147061,3.22056,0.273857
C,dwarf,T,NGC0300@2.720000,0.139998,3.51413,0.278559
C,dwarf,T,NGC0300@3.170000,0.128429,3.82864,0.292015
C,dwarf,T,NGC0300@3.630000,0.115218,5.01141,0.598196
C,dwarf,T,NGC0300@4.080000,0.104198,5.17333,0.811985
C,dwarf,F,NGC0300@4.540000,0.0968194,4.92054,0.731591
C,dwarf,F,NGC0300@4.990000,0.0878961,4.70917,0.312019
C,dwarf,F,NGC0300@5.450000,0.0791424,4.7067,0.46601
C,dwarf,F,NGC0300@5.900000,0.0735839,4.91049,1.47078
C,dwarf,F,NGC0300@6.360000,0.0740339,5.13746,1.363
C,dwarf,F,NGC0300@6.810000,0.0750094,4.76785,0.915859
C,dwarf,F,NGC0300@7.260000,0.0744373,4.49652,0.905408
C,dwarf,F,NGC0300@7.710000,0.0707048,4.43745,1.08672
C,dwarf,F,NGC0300@8.170000,0.0640189,4.76228,0.329901
C,dwarf,F,NGC0300@8.620000,0.0572646,5.06863,1.07362
C,dwarf,F,NGC0300@9.070000,0.0520512,5.78283,0.901061
C,dwarf,F,NGC0300@9.530000,0.0478397,6.41744,0.754214
C,dwarf,F,NGC0300@9.960000,0.0429331,6.72973,0.209867
C,dwarf,F,NGC0300@10.450000,0.0382055,6.99961,0.310109
C,dwarf,F,NGC0300@10.930000,0.0341521,7.12764,2.14214
C,dwarf,F,NGC0300@11.320000,0.0311023,7.60601,1.73758
C,dwarf,F,NGC0300@11.800000,0.0287712,8.00722,2.07246
C,HSB,T,NGC0801@1.170000,4.48419,0.896685,0.0903975
C,HSB,T,NGC0801@1.560000,4.42526,0.908264,0.0793132
C,HSB,T,NGC0801@1.960000,4.28616,1.55555,0.0940916
C,HSB,T,NGC0801@2.730000,3.99262,1.48302,0.0806557
C,HSB,T,NGC0801@3.520000,3.50623,1.42715,0.0743557
C,HSB,T,NGC0801@10.590000,1.07952,1.4264,0.0523222
C,HSB,T,NGC0801@17.650000,0.547454,1.62919,0.0999236
C,HSB,T,NGC0801@24.610000,0.352817,1.73334,0.0630306
C,HSB,T,NGC0801@31.670000,0.270905,1.78624,0.0386214
C,HSB,T,NGC0801@38.740000,0.195037,1.97383,0.0739061
C,HSB,T,NGC0801@45.800000,0.137329,2.26412,0.099452
C,HSB,T,NGC0801@52.860000,0.105154,2.61008,0.0628352
C,HSB,F,NGC0801@59.820000,0.0883147,2.74617,0.223762
C,bulge,S,NGC0891@0.920000,17.8655,1.03592,0.106248
C,bulge,T,NGC0891@2.320000,8.51819,0.580051,0.0725064
C,bulge,T,NGC0891@3.240000,6.74387,0.639612,0.0380147
C,bulge,T,NGC0891@4.170000,4.62448,0.801882,0.0317157
C,bulge,T,NGC0891@5.100000,3.30743,0.908542,0.0328221
C,bulge,T,NGC0891@6.030000,2.51092,1.03049,0.0354232
C,bulge,T,NGC0891@6.960000,2.01063,1.11495,0.0321543
C,bulge,T,NGC0891@7.890000,1.6219,1.24112,0.0373435
C,bulge,T,NGC0891@8.800000,1.38155,1.30638,0.0371103
C,bulge,T,NGC0891@9.730000,1.13824,1.44679,0.0350544
C,bulge,T,NGC0891@10.640000,0.969974,1.55256,0.0362493
C,bulge,T,NGC0891@11.580000,0.841706,1.60076,0.0335874
C,bulge,T,NGC0891@12.520000,0.723274,1.66202,0.0367156
C,bulge,T,NGC0891@13.460000,0.647205,1.69639,0.0357954
C,bulge,T,NGC0891@14.400000,0.573503,1.77305,0.0452658
C,bulge,T,NGC0891@15.330000,0.505815,1.871,0.0767456
C,bulge,T,NGC0891@16.270000,0.447674,1.88273,0.0801506
C,bulge,T,NGC0891@17.110000,0.400235,1.96454,0.0821706
C,HSB,T,NGC1003@1.250000,0.404881,1.35724,0.438939
C,HSB,T,NGC1003@2.080000,0.317738,1.66572,0.251957
C,HSB,T,NGC1003@2.900000,0.313381,1.7541,0.18129
C,HSB,T,NGC1003@3.730000,0.269831,1.86047,0.148646
C,HSB,T,NGC1003@4.560000,0.235583,2.01337,0.173816
C,HSB,T,NGC1003@5.390000,0.203208,2.28431,0.193542
C,HSB,T,NGC1003@6.220000,0.157965,2.78455,0.142493
C,HSB,T,NGC1003@7.040000,0.131317,3.29667,0.199798
C,HSB,T,NGC1003@7.870000,0.114794,3.65157,0.177261
C,HSB,F,NGC1003@8.700000,0.0995121,3.59173,0.16522
C,HSB,F,NGC1003@9.540000,0.0860728,3.65925,0.148901
C,HSB,F,NGC1003@10.340000,0.0744311,3.91214,0.135176
C,HSB,F,NGC1003@11.210000,0.0661305,3.7459,0.142701
C,HSB,F,NGC1003@11.980000,0.0607249,3.84953,0.194708
C,HSB,F,NGC1003@12.850000,0.0553652,3.96959,0.133291
C,HSB,F,NGC1003@13.720000,0.0506136,4.20461,0.156208
C,HSB,F,NGC1003@14.490000,0.0466834,4.34311,0.116174
C,HSB,F,NGC1003@15.360000,0.0427319,4.73757,0.170553
C,HSB,F,NGC1003@16.130000,0.0392786,5.30855,0.275636
C,HSB,F,NGC1003@17.000000,0.0370951,5.33336,0.328207
C,HSB,F,NGC1003@17.780000,0.0333445,5.78259,0.374491
C,HSB,F,NGC1003@18.650000,0.0303222,6.53301,0.4675
C,HSB,F,NGC1003@19.520000,0.0265999,7.24645,0.500664
C,HSB,F,NGC1003@20.290000,0.024661,7.11499,0.505364
C,HSB,F,NGC1003@21.160000,0.0228299,7.23255,0.518561
C,HSB,F,NGC1003@21.930000,0.0207722,7.66989,0.57886
C,HSB,F,NGC1003@22.800000,0.0189452,8.39679,0.528687
C,HSB,F,NGC1003@23.670000,0.0169586,9.20372,0.540402
C,HSB,F,NGC1003@24.440000,0.016549,9.30277,0.558166
C,HSB,F,NGC1003@25.310000,0.0154579,9.61704,0.472109
C,HSB,F,NGC1003@26.080000,0.0144266,10.0003,0.436377
C,HSB,F,NGC1003@26.950000,0.0146839,10.0336,0.443962
C,HSB,F,NGC1003@27.730000,0.0166275,8.76458,0.338282
C,HSB,F,NGC1003@28.600000,0.0166108,8.21065,0.249252
C,HSB,F,NGC1003@29.470000,0.0179503,7.50592,0.239127
C,HSB,F,NGC1003@30.240000,0.0194686,6.98521,0.194371
C,HSB,T,NGC1090@0.350000,1.05556,0.367655,0.345139
C,HSB,T,NGC1090@1.070000,1.40112,0.789604,0.209623
C,HSB,T,NGC1090@1.600000,1.26505,1.01544,0.107914
C,HSB,T,NGC1090@3.700000,0.867232,1.49007,0.0819537
C,HSB,T,NGC1090@5.090000,0.721297,2.06118,0.185506
C,HSB,T,NGC1090@6.610000,0.644068,2.01271,0.153742
C,HSB,T,NGC1090@8.170000,0.560868,1.8475,0.270967
C,HSB,T,NGC1090@9.110000,0.490904,2.10515,0.117114
C,HSB,T,NGC1090@10.370000,0.423749,1.90327,0.136014
C,HSB,T,NGC1090@11.280000,0.402095,2.12367,0.177374
C,HSB,T,NGC1090@13.620000,0.333508,2.0726,0.0781393
C,HSB,T,NGC1090@15.040000,0.288554,2.02229,0.0536869
C,HSB,T,NGC1090@16.370000,0.249921,2.09442,0.0562717
C,HSB,T,NGC1090@17.590000,0.217191,2.26999,0.124782
C,HSB,T,NGC1090@18.800000,0.191375,2.41041,0.152996
C,HSB,T,NGC1090@20.130000,0.167942,2.50418,0.105631
C,HSB,T,NGC1090@21.350000,0.150128,2.64124,0.099887
C,HSB,T,NGC1090@22.570000,0.135695,2.76421,0.0800784
C,HSB,T,NGC1090@23.890000,0.122799,2.88574,0.0780025
C,HSB,T,NGC1090@25.110000,0.11342,2.90095,0.0793756
C,HSB,T,NGC1090@26.330000,0.105598,2.9351,0.0808057
C,HSB,F,NGC1090@27.650000,0.0982475,3.00409,0.0827051
C,HSB,F,NGC1090@28.870000,0.0924513,3.05752,0.0841762
C,HSB,F,NGC1090@30.090000,0.0866834,3.05198,0.0850739
C,HSB,T,NGC1705@0.220000,0.825494,4.31489,1.28931
C,HSB,T,NGC1705@0.660000,0.558589,3.2632,0.787995
C,HSB,T,NGC1705@1.110000,0.3515,4.17761,0.61741
C,HSB,T,NGC1705@1.550000,0.216077,4.97486,0.449912
C,HSB,T,NGC1705@2.000000,0.142706,5.79004,0.509905
C,HSB,F,NGC1705@2.450000,0.0976055,6.85381,0.515452
C,HSB,F,NGC1705@2.890000,0.0701136,7.84533,0.748324
C,HSB,F,NGC1705@3.340000,0.0521507,9.02468,1.1119
C,HSB,F,NGC1705@3.780000,0.040365,10.3896,1.33872
C,HSB,F,NGC1705@4.220000,0.0333606,11.2919,1.79406
C,HSB,F,NGC1705@4.660000,0.0283537,12.0314,2.08656
C,HSB,F,NGC1705@5.110000,0.0246222,12.5641,2.26611
C,HSB,F,NGC1705@5.560000,0.0215654,13.3695,3.60494
C,HSB,F,NGC1705@6.000000,0.0204056,12.9841,3.8135
C,dwarf,F,NGC2366@0.120000,0.0196671,2.32422,3.48633
C,dwarf,F,NGC2366@0.360000,0.0539329,1.41815,0.551587
C,dwarf,F,NGC2366@0.590000,0.068031,1.81353,0.324775
C,dwarf,F,NGC2366@0.830000,0.079128,1.60297,0.285748
C,dwarf,F,NGC2366@1.070000,0.0842218,1.8894,0.335893
C,dwarf,F,NGC2366@1.310000,0.0868875,2.15717,0.377696
C,dwarf,F,NGC2366@1.540000,0.0861551,2.56776,0.311854
C,dwarf,F,NGC2366@1.790000,0.0865508,2.82253,0.243866
C,dwarf,F,NGC2366@2.020000,0.0874759,2.88649,0.239472
C,dwarf,F,NGC2366@2.260000,0.0846016,2.91,0.232525
C,dwarf,F,NGC2366@2.490000,0.0788563,3.23549,0.273442
C,dwarf,F,NGC2366@2.740000,0.0740843,3.44175,0.283182
C,dwarf,F,NGC2366@2.970000,0.0719067,3.36871,0.243724
C,dwarf,F,NGC2366@3.210000,0.0696222,3.31349,0.146663
C,dwarf,F,NGC2366@3.440000,0.0672956,3.45279,0.211117
C,dwarf,F,NGC2366@3.690000,0.0641662,3.56486,0.380434
C,dwarf,F,NGC2366@3.920000,0.0615903,3.61786,0.406839
C,dwarf,F,NGC2366@4.160000,0.0580689,3.71202,0.330418
C,dwarf,F,NGC2366@4.400000,0.0550057,3.36805,0.290757
C,dwarf,F,NGC2366@4.640000,0.0523598,3.40787,0.191527
C,dwarf,F,NGC2366@4.870000,0.05112,3.31279,0.23672
C,dwarf,F,NGC2366@5.110000,0.049653,3.11311,0.312546
C,dwarf,F,NGC2366@5.350000,0.0474051,2.88406,0.547079
C,dwarf,F,NGC2366@5.590000,0.0447893,3.10494,0.734008
C,dwarf,F,NGC2366@5.820000,0.0419141,3.06061,0.926928
C,dwarf,F,NGC2366@6.060000,0.0397557,3.14978,0.754928
C,HSB,T,NGC2403@0.160000,0.523479,2.2285,0.514828
C,HSB,T,NGC2403@0.260000,0.74642,1.9966,0.27828
C,HSB,T,NGC2403@0.360000,0.955998,1.68619,0.0874323
C,HSB,T,NGC2403@0.460000,1.0894,1.67788,0.0806674
C,HSB,T,NGC2403@0.560000,1.13292,1.8178,0.174915
C,HSB,T,NGC2403@0.660000,1.07948,1.8897,0.0717972
C,HSB,T,NGC2403@0.760000,1.0309,2.04036,0.0711422
C,HSB,T,NGC2403@0.860000,0.963047,2.08945,0.0896277
C,HSB,T,NGC2403@0.960000,0.913084,1.97422,0.0545159
C,HSB,T,NGC2403@1.060000,0.877966,1.96053,0.0573314
C,HSB,T,NGC2403@1.160000,0.85253,1.93763,0.0789862
C,HSB,T,NGC2403@1.270000,0.833289,2.04377,0.0882203
C,HSB,T,NGC2403@1.360000,0.836616,2.04015,0.075561
C,HSB,T,NGC2403@1.470000,0.824965,1.95871,0.0631986
C,HSB,T,NGC2403@1.570000,0.823015,1.96231,0.0612814
C,HSB,T,NGC2403@1.670000,0.829468,1.9541,0.0670216
C,HSB,T,NGC2403@1.770000,0.83135,1.83952,0.0555997
C,HSB,T,NGC2403@1.870000,0.825614,1.82538,0.0479355
C,HSB,T,NGC2403@1.970000,0.819123,1.82061,0.0599377
C,HSB,T,NGC2403@2.080000,0.812571,1.80685,0.0736597
C,HSB,T,NGC2403@2.180000,0.809952,1.69827,0.0698677
C,HSB,T,NGC2403@2.280000,0.78455,1.67636,0.0546267
C,HSB,T,NGC2403@2.370000,0.747758,1.69205,0.0344613
C,HSB,T,NGC2403@2.470000,0.71011,1.67498,0.0386003
C,HSB,T,NGC2403@2.570000,0.677306,1.72268,0.04947
C,HSB,T,NGC2403@2.680000,0.642254,1.74213,0.039739
C,HSB,T,NGC2403@2.780000,0.61366,1.75772,0.057278
C,HSB,T,NGC2403@2.880000,0.587506,1.80485,0.097983
C,HSB,T,NGC2403@2.980000,0.565005,1.84685,0.0993604
C,HSB,T,NGC2403@3.080000,0.547161,1.9197,0.118946
C,HSB,T,NGC2403@3.190000,0.52924,1.87888,0.126499
C,HSB,T,NGC2403@3.290000,0.518007,1.86127,0.125314
C,HSB,T,NGC2403@3.390000,0.508794,1.91263,0.108816
C,HSB,T,NGC2403@3.490000,0.499384,2.04271,0.0939266
C,HSB,T,NGC2403@3.590000,0.487518,2.14981,0.096155
C,HSB,T,NGC2403@3.690000,0.479247,2.20571,0.133918
C,HSB,T,NGC2403@3.790000,0.468235,2.27722,0.203752
C,HSB,T,NGC2403@3.900000,0.454107,2.44479,0.211329
C,HSB,T,NGC2403@3.990000,0.442472,2.45248,0.201602
C,HSB,T,NGC2403@4.470000,0.390306,2.48171,0.225457
C,HSB,T,NGC2403@4.970000,0.343098,2.6699,0.113416
C,HSB,T,NGC2403@5.470000,0.302465,2.88988,0.0102544
C,HSB,T,NGC2403@5.960000,0.265817,3.06684,0.043181
C,HSB,T,NGC2403@6.460000,0.234329,3.26123,0.0232945
C,HSB,T,NGC2403@6.960000,0.210721,3.36607,0.0293864
C,HSB,T,NGC2403@7.450000,0.19136,3.46285,0.0247347
C,HSB,T,NGC2403@7.950000,0.174734,3.55383,0.0135384
C,HSB,T,NGC2403@8.450000,0.161662,3.6715,0.0838373
C,HSB,T,NGC2403@8.940000,0.151035,3.77315,0.0660301
C,HSB,T,NGC2403@9.440000,0.141439,3.81574,0.100163
C,HSB,T,NGC2403@9.940000,0.132419,3.8104,0.153616
C,HSB,T,NGC2403@10.430000,0.125755,3.82382,0.0746698
C,HSB,T,NGC2403@10.930000,0.11926,3.90846,0.0128246
C,HSB,T,NGC2403@11.430000,0.112893,4.07262,0.0708009
C,HSB,T,NGC2403@11.920000,0.106593,4.136,0.141897
C,HSB,T,NGC2403@12.420000,0.101158,4.31246,0.175112
C,HSB,F,NGC2403@12.920000,0.0958996,4.43939,0.178911
C,HSB,F,NGC2403@13.420000,0.0901145,4.54836,0.230496
C,HSB,F,NGC2403@13.910000,0.084466,4.68159,0.268223
C,HSB,F,NGC2403@14.410000,0.0795437,4.7988,0.184736
C,HSB,F,NGC2403@14.910000,0.0750818,4.98766,0.0416879
C,HSB,F,NGC2403@15.400000,0.0708679,5.11609,0.0603241
C,HSB,F,NGC2403@15.900000,0.0667635,5.18163,0.0522059
C,HSB,F,NGC2403@16.400000,0.0628674,5.41551,0.189947
C,HSB,F,NGC2403@16.890000,0.0589622,5.60667,0.345605
C,HSB,F,NGC2403@17.390000,0.0554574,5.96373,0.342914
C,HSB,F,NGC2403@17.890000,0.0520597,6.1754,0.579398
C,HSB,F,NGC2403@18.380000,0.0489798,6.29512,0.782461
C,HSB,F,NGC2403@18.880000,0.0460482,6.32686,0.744952
C,HSB,F,NGC2403@19.380000,0.0438208,6.57469,0.614292
C,HSB,F,NGC2403@19.870000,0.0422722,6.84738,0.563902
C,HSB,F,NGC2403@20.370000,0.0407841,6.82157,0.529556
C,HSB,F,NGC2403@20.870000,0.0394281,6.78548,0.315981
C,bulge,T,NGC2683@2.890000,2.84774,1.34966,0.142821
C,bulge,T,NGC2683@5.770000,1.59245,1.521,0.0717453
C,bulge,T,NGC2683@8.660000,0.781812,1.94901,0.094612
C,bulge,T,NGC2683@11.540000,0.515127,2.09237,0.104619
C,bulge,T,NGC2683@14.430000,0.312803,2.03807,0.284382
C,bulge,T,NGC2683@17.310000,0.213248,3.04105,0.320111
C,bulge,T,NGC2683@20.200000,0.152857,2.87631,0.340392
C,bulge,T,NGC2683@23.080000,0.114221,2.65399,0.353866
C,bulge,F,NGC2683@28.850000,0.0714826,3.86005,0.482506
C,bulge,F,NGC2683@31.740000,0.0586791,4.01118,0.517572
C,bulge,F,NGC2683@34.620000,0.0491069,4.17046,0.662854
C,bulge,T,NGC2841@3.440000,4.83624,1.51818,0.153416
C,bulge,T,NGC2841@3.770000,4.24214,1.71508,0.157072
C,bulge,T,NGC2841@4.130000,3.76497,1.836,0.102646
C,bulge,T,NGC2841@4.470000,3.40033,1.91564,0.0742467
C,bulge,T,NGC2841@4.800000,3.10582,1.96588,0.0759459
C,bulge,T,NGC2841@5.130000,2.86391,1.95601,0.108996
C,bulge,T,NGC2841@5.480000,2.65204,2.02974,0.111636
C,bulge,T,NGC2841@5.830000,2.46246,2.12202,0.172202
C,bulge,T,NGC2841@6.160000,2.30764,2.1568,0.128034
C,bulge,T,NGC2841@6.510000,2.19629,2.15799,0.0928962
C,bulge,T,NGC2841@6.860000,2.09683,2.17235,0.116087
C,bulge,T,NGC2841@7.180000,2.00782,2.20877,0.105331
C,bulge,T,NGC2841@7.510000,1.92549,2.1473,0.278605
C,bulge,T,NGC2841@7.850000,1.85844,2.15544,0.317215
C,bulge,T,NGC2841@8.210000,1.78656,2.18448,0.115417
C,bulge,T,NGC2841@8.570000,1.70556,2.21951,0.119015
C,bulge,T,NGC2841@8.900000,1.63145,2.20671,0.174612
C,bulge,T,NGC2841@9.240000,1.55225,2.26188,0.15406
C,bulge,T,NGC2841@9.600000,1.47252,2.29495,0.147786
C,bulge,T,NGC2841@9.930000,1.40985,2.30298,0.194537
C,bulge,T,NGC2841@10.270000,1.35416,2.30393,0.195224
C,bulge,T,NGC2841@10.600000,1.30293,2.34897,0.135556
C,bulge,T,NGC2841@10.930000,1.25554,2.34943,0.173653
C,bulge,T,NGC2841@11.270000,1.20816,2.35321,0.161279
C,bulge,T,NGC2841@12.310000,1.06548,2.47345,0.0649376
C,bulge,T,NGC2841@14.350000,0.814024,2.70889,0.0720106
C,bulge,T,NGC2841@16.400000,0.621847,2.8925,0.0796376
C,bulge,T,NGC2841@18.480000,0.492008,3.05751,0.115756
C,bulge,T,NGC2841@20.570000,0.407694,3.31492,0.125501
C,bulge,T,NGC2841@22.510000,0.357554,3.43095,0.13033
C,bulge,T,NGC2841@24.590000,0.307299,3.60548,0.137885
C,bulge,T,NGC2841@26.680000,0.256841,3.89569,0.112749
C,bulge,T,NGC2841@28.770000,0.217138,4.15737,0.121988
C,bulge,T,NGC2841@30.700000,0.189059,4.47464,0.131297
C,bulge,T,NGC2841@32.790000,0.166967,4.71098,0.138712
C,bulge,T,NGC2841@34.880000,0.151534,4.77862,0.142185
C,bulge,T,NGC2841@36.960000,0.13992,4.81571,0.0963142
C,bulge,T,NGC2841@38.900000,0.130505,4.63222,0.0953394
C,bulge,T,NGC2841@40.990000,0.120585,4.65441,0.0968527
C,bulge,T,NGC2841@43.080000,0.110936,4.77849,0.0998017
C,bulge,T,NGC2841@45.160000,0.101129,5.11177,0.158204
C,bulge,F,NGC2841@47.100000,0.0917677,5.52011,0.168991
C,bulge,F,NGC2841@49.190000,0.0828081,6.02784,0.181908
C,bulge,F,NGC2841@51.270000,0.0757712,6.54732,0.19413
C,bulge,F,NGC2841@53.360000,0.0707245,6.55257,0.197042
C,bulge,F,NGC2841@55.300000,0.0678005,6.64223,0.199032
C,bulge,F,NGC2841@57.380000,0.0654272,6.87013,0.270034
C,bulge,F,NGC2841@59.470000,0.0632565,6.80864,0.26855
C,bulge,F,NGC2841@61.560000,0.0606172,6.95986,0.340528
C,bulge,F,NGC2841@63.640000,0.0575827,7.33452,0.352756
C,HSB,S,NGC2903@0.320000,19.0134,0.0989453,0.0359801
C,HSB,S,NGC2903@0.640000,10.1288,0.196481,0.0491203
C,HSB,T,NGC2903@0.960000,7.08187,0.749377,0.0936721
C,HSB,T,NGC2903@1.280000,5.83155,0.912492,0.0986478
C,HSB,T,NGC2903@1.600000,4.9621,0.965414,0.0983861
C,HSB,T,NGC2903@1.920000,4.36365,1.32578,0.112235
C,HSB,T,NGC2903@2.240000,4.39136,1.20205,0.0739722
C,HSB,T,NGC2903@2.560000,4.73224,1.03701,0.0619113
C,HSB,T,NGC2903@2.880000,4.61649,1.07108,0.0400405
C,HSB,T,NGC2903@3.200000,4.41319,1.01783,0.0378726
C,HSB,T,NGC2903@3.520000,3.9593,1.03137,0.0383766
C,HSB,T,NGC2903@3.840000,3.42789,1.10217,0.0306159
C,HSB,T,NGC2903@4.800000,2.48314,1.19477,0.0223322
C,HSB,T,NGC2903@5.760000,1.80305,1.32041,0.0251506
C,HSB,T,NGC2903@6.720000,1.32571,1.46687,0.0286218
C,HSB,T,NGC2903@7.680000,1.01777,1.63938,0.0161516
C,HSB,T,NGC2903@8.640000,0.81371,1.78693,0.0177804
C,HSB,T,NGC2903@9.600000,0.667657,1.96005,0.019503
C,HSB,T,NGC2903@10.560000,0.56188,2.07538,0.0208581
C,HSB,T,NGC2903@11.520000,0.482435,2.1714,0.0220447
C,HSB,T,NGC2903@12.480000,0.413332,2.31578,0.0472608
C,HSB,T,NGC2903@13.440000,0.354597,2.43041,0.0755568
C,HSB,T,NGC2903@14.400000,0.307486,2.53523,0.08006
C,HSB,T,NGC2903@15.360000,0.268786,2.66205,0.141598
C,HSB,T,NGC2903@16.320000,0.237513,2.80527,0.150015
C,HSB,T,NGC2903@17.280000,0.210502,3.02145,0.0964294
C,HSB,T,NGC2903@18.240000,0.188317,3.13192,0.10103
C,HSB,T,NGC2903@19.200000,0.169577,3.2687,0.106012
C,HSB,T,NGC2903@20.160000,0.153338,3.44272,0.111656
C,HSB,T,NGC2903@21.120000,0.139576,3.45584,0.114558
C,HSB,T,NGC2903@22.080000,0.127824,3.49082,0.117668
C,HSB,T,NGC2903@23.040000,0.11735,3.60312,0.12214
C,HSB,T,NGC2903@24.000000,0.108729,3.94718,0.173502
C,HSB,T,NGC2903@24.960000,0.100922,3.99959,0.355519
C,HSB,T,NGC2915@0.340000,0.932202,0.178804,0.267544
C,HSB,T,NGC2915@0.670000,0.581604,0.781782,0.624427
C,HSB,T,NGC2915@1.000000,0.3742,1.03549,0.786149
C,HSB,T,NGC2915@1.340000,0.25638,2.30831,0.857502
C,HSB,T,NGC2915@1.680000,0.181743,3.78958,1.25491
C,HSB,T,NGC2915@2.010000,0.135697,5.04171,1.8044
C,HSB,T,NGC2915@2.340000,0.105389,6.97967,2.17646
C,HSB,F,NGC2915@2.670000,0.0839991,9.55145,2.11053
C,HSB,F,NGC2915@3.010000,0.0672379,11.4695,2.03372
C,HSB,F,NGC2915@3.350000,0.0550422,11.7861,2.30647
C,HSB,F,NGC2915@3.680000,0.0475085,11.3262,2.25106
C,HSB,F,NGC2915@4.020000,0.0425019,12.4774,2.09464
C,HSB,F,NGC2915@4.350000,0.0392902,12.6852,2.1846
C,HSB,F,NGC2915@4.680000,0.0364873,11.7713,2.29862
C,HSB,F,NGC2915@5.020000,0.033421,11.9511,2.2533
C,HSB,F,NGC2915@5.350000,0.0302621,12.9459,2.49772
C,HSB,F,NGC2915@5.690000,0.0271199,13.6821,2.76631
C,HSB,F,NGC2915@6.030000,0.0244798,13.787,2.68583
C,HSB,F,NGC2915@6.360000,0.0229102,13.3189,2.0737
C,HSB,F,NGC2915@6.690000,0.0221376,13.912,2.08851
C,HSB,F,NGC2915@7.020000,0.0218738,12.8634,1.80442
C,HSB,F,NGC2915@7.360000,0.0215385,11.7817,1.9246
C,HSB,F,NGC2915@7.700000,0.0203645,12.6599,2.03128
C,HSB,F,NGC2915@8.030000,0.0196687,13.0774,2.52242
C,HSB,F,NGC2915@8.370000,0.0191633,13.0993,2.49237
C,HSB,F,NGC2915@8.700000,0.0186203,12.9069,2.23195
C,HSB,F,NGC2915@9.030000,0.0182792,13.5152,1.83181
C,HSB,F,NGC2915@9.370000,0.017702,13.8977,1.78846
C,HSB,F,NGC2915@9.700000,0.0173164,13.47,1.65177
C,HSB,F,NGC2915@10.040000,0.0165788,13.978,2.08458
C,HSB,T,NGC2976@0.110000,0.206033,0.634435,0.675486
C,HSB,T,NGC2976@0.170000,0.223695,0.737973,0.669614
C,HSB,T,NGC2976@0.240000,0.254746,0.996866,0.442894
C,HSB,T,NGC2976@0.310000,0.276471,1.42239,0.790216
C,HSB,T,NGC2976@0.380000,0.291219,1.91415,0.572046
C,HSB,T,NGC2976@0.450000,0.305191,1.865,0.454879
C,HSB,T,NGC2976@0.520000,0.321714,1.53105,0.288072
C,HSB,T,NGC2976@0.590000,0.339695,1.55911,0.245916
C,HSB,T,NGC2976@0.660000,0.356636,1.6649,0.215733
C,HSB,T,NGC2976@0.730000,0.372569,1.77485,0.189197
C,HSB,T,NGC2976@0.800000,0.387372,1.8467,0.198014
C,HSB,T,NGC2976@0.870000,0.402358,1.87968,0.212485
C,HSB,T,NGC2976@0.940000,0.421738,1.891,0.238782
C,HSB,T,NGC2976@1.010000,0.45157,1.65038,0.214683
C,HSB,T,NGC2976@1.080000,0.485234,1.56766,0.195194
C,HSB,T,NGC2976@1.140000,0.513762,1.7371,0.188287
C,HSB,T,NGC2976@1.210000,0.554718,1.88574,0.171431
C,HSB,T,NGC2976@1.290000,0.600962,1.84383,0.152293
C,HSB,T,NGC2976@1.350000,0.635443,1.76604,0.166989
C,HSB,T,NGC2976@1.420000,0.668359,1.68438,0.183238
C,HSB,T,NGC2976@1.490000,0.69792,1.64189,0.194988
C,HSB,T,NGC2976@1.560000,0.724536,1.61847,0.202573
C,HSB,T,NGC2976@1.630000,0.73772,1.65087,0.181823
C,HSB,T,NGC2976@1.740000,0.736758,1.69526,0.135864
C,HSB,T,NGC2976@1.930000,0.636318,1.78235,0.167825
C,HSB,T,NGC2976@2.100000,0.553757,2.10382,0.210619
C,HSB,T,NGC2976@2.270000,0.493683,2.01894,0.253728
C,HSB,T,NGC2998@0.330000,0.935504,8.15877,3.62612
C,HSB,T,NGC2998@0.990000,1.36518,3.59497,0.862793
C,HSB,T,NGC2998@1.980000,1.37201,2.50726,0.508228
C,HSB,T,NGC2998@2.640000,1.41026,2.70609,0.51115
C,HSB,T,NGC2998@3.630000,1.66033,2.08444,0.311111
C,HSB,T,NGC2998@7.590000,1.01736,1.70889,0.165912
C,HSB,T,NGC2998@12.500000,0.590887,1.92802,0.0900945
C,HSB,T,NGC2998@17.480000,0.387593,2.06278,0.0973011
C,HSB,T,NGC2998@22.460000,0.251952,2.49305,0.0468178
C,HSB,T,NGC2998@27.440000,0.18858,2.75199,0.051439
C,HSB,T,NGC2998@32.320000,0.149258,2.92449,0.05492
C,HSB,T,NGC2998@37.300000,0.117684,3.21389,0.0905321
C,HSB,F,NGC2998@42.280000,0.0927547,3.26754,0.0965774
C,dwarf,F,NGC3109@0.260000,0.00581751,7.64977,4.01299
C,dwarf,F,NGC3109@0.520000,0.00937703,7.99957,0.999946
C,dwarf,F,NGC3109@0.770000,0.0181812,4.93127,0.992872
C,dwarf,F,NGC3109@1.030000,0.024051,4.57926,1.05491
C,dwarf,F,NGC3109@1.290000,0.0299065,4.75945,0.352552
C,dwarf,F,NGC3109@1.550000,0.0340814,5.22737,0.666577
C,dwarf,F,NGC3109@1.810000,0.0371893,5.43489,0.507046
C,dwarf,F,NGC3109@2.060000,0.0387295,5.68744,1.0422
C,dwarf,F,NGC3109@2.320000,0.0379374,6.38148,1.68171
C,dwarf,F,NGC3109@2.580000,0.0364916,5.90973,0.83826
C,dwarf,F,NGC3109@2.840000,0.0351025,6.97855,1.29833
C,dwarf,F,NGC3109@3.100000,0.0339813,7.17449,1.16422
C,dwarf,F,NGC3109@3.350000,0.0335801,7.0774,0.979087
C,dwarf,F,NGC3109@3.610000,0.0329925,7.33378,0.968613
C,dwarf,F,NGC3109@3.870000,0.0302964,7.93546,0.957477
C,dwarf,F,NGC3109@4.130000,0.0278482,8.23816,0.9253
C,dwarf,F,NGC3109@4.380000,0.0270577,8.67502,0.784524
C,dwarf,F,NGC3109@4.640000,0.0264024,8.86569,0.720056
C,dwarf,F,NGC3109@4.900000,0.0260198,9.13487,0.567198
C,dwarf,F,NGC3109@5.160000,0.0256351,9.24165,0.5601
C,dwarf,F,NGC3109@5.420000,0.0257172,9.25226,0.833278
C,dwarf,F,NGC3109@5.670000,0.0257951,9.43034,0.906219
C,dwarf,F,NGC3109@5.930000,0.0247418,9.31622,0.955509
C,dwarf,F,NGC3109@6.190000,0.0233085,9.4452,0.913131
C,dwarf,F,NGC3109@6.450000,0.0220022,9.92438,0.884788
C,HSB,T,NGC3198@0.320000,1.94559,0.297356,0.875007
C,HSB,T,NGC3198@0.640000,1.31811,0.691102,0.520322
C,HSB,T,NGC3198@0.960000,1.01026,0.663771,0.469746
C,HSB,T,NGC3198@1.280000,0.83078,1.00073,0.526878
C,HSB,T,NGC3198@1.610000,0.684978,1.33467,0.295257
C,HSB,T,NGC3198@1.930000,0.557244,1.70982,0.458026
C,HSB,T,NGC3198@2.240000,0.525816,1.77519,0.350276
C,HSB,T,NGC3198@2.570000,0.478121,1.91103,0.334265
C,HSB,T,NGC3198@2.890000,0.425728,2.40752,0.149483
C,HSB,T,NGC3198@3.210000,0.426122,2.27332,0.241426
C,HSB,T,NGC3198@3.540000,0.449972,2.235,0.313736
C,HSB,T,NGC3198@3.850000,0.475683,2.16809,0.280893
C,HSB,T,NGC3198@4.170000,0.497649,2.05122,0.182681
C,HSB,T,NGC3198@4.500000,0.502419,1.94767,0.185601
C,HSB,T,NGC3198@4.820000,0.508789,2.04513,0.173595
C,HSB,T,NGC3198@5.150000,0.507699,2.07221,0.136263
C,HSB,T,NGC3198@5.460000,0.507766,2.01397,0.0709398
C,HSB,T,NGC3198@5.780000,0.504543,2.00131,0.0260024
C,HSB,T,NGC3198@6.100000,0.499929,1.99856,0.0810844
C,HSB,T,NGC3198@6.430000,0.491982,1.98205,0.0245663
C,HSB,T,NGC3198@6.740000,0.473633,2.01987,0.0345061
C,HSB,T,NGC3198@7.060000,0.44475,2.11098,0.0454005
C,HSB,T,NGC3198@8.040000,0.366385,2.28108,0.0931051
C,HSB,T,NGC3198@9.040000,0.308005,2.44622,0.0991712
C,HSB,T,NGC3198@10.040000,0.271484,2.63577,0.0693625
C,HSB,T,NGC3198@11.040000,0.246624,2.74384,0.0708088
C,HSB,T,NGC3198@12.050000,0.224937,2.79191,0.0715874
C,HSB,T,NGC3198@14.050000,0.18071,3.01885,0.0769133
C,HSB,T,NGC3198@16.070000,0.13899,3.25898,0.085202
C,HSB,T,NGC3198@18.130000,0.112109,3.58132,0.0936292
C,HSB,F,NGC3198@20.050000,0.0966664,3.80496,0.0988303
C,HSB,F,NGC3198@22.120000,0.0824633,3.99058,0.104329
C,HSB,F,NGC3198@24.030000,0.0715839,4.06736,0.108463
C,HSB,F,NGC3198@26.100000,0.0634747,4.16707,0.111868
C,HSB,F,NGC3198@28.160000,0.0572808,4.22261,0.114125
C,HSB,F,NGC3198@30.080000,0.0511145,4.31105,0.118111
C,HSB,F,NGC3198@32.140000,0.045181,4.62735,0.125914
C,HSB,F,NGC3198@34.060000,0.0412848,4.84382,0.130914
C,HSB,F,NGC3198@36.120000,0.038406,4.90993,0.132701
C,HSB,F,NGC3198@38.190000,0.0358481,5.04261,0.135372
C,HSB,F,NGC3198@40.100000,0.0337823,5.16474,0.137726
C,HSB,F,NGC3198@42.170000,0.0323341,5.13119,0.205247
C,HSB,F,NGC3198@44.080000,0.0295422,5.30136,0.213478
C,HSB,S,NGC3521@0.510000,11.6623,1.06909,0.494923
C,HSB,S,NGC3521@0.690000,10.2465,1.12594,0.211113
C,HSB,T,NGC3521@0.860000,9.43622,1.21407,0.108038
C,HSB,T,NGC3521@1.030000,8.84639,1.20618,0.102782
C,HSB,T,NGC3521@1.200000,7.75796,1.16803,0.100313
C,HSB,T,NGC3521@1.380000,6.91497,1.23908,0.0711676
C,HSB,T,NGC3521@1.550000,6.33894,1.25331,0.0947222
C,HSB,T,NGC3521@1.710000,6.05126,1.23837,0.0838185
C,HSB,T,NGC3521@1.890000,5.67034,1.2313,0.110219
C,HSB,T,NGC3521@2.060000,5.49736,1.22248,0.13905
C,HSB,T,NGC3521@2.230000,5.26269,1.27079,0.154352
C,HSB,T,NGC3521@2.410000,4.93073,1.22089,0.111915
C,HSB,T,NGC3521@2.580000,4.52893,1.21874,0.119596
C,HSB,T,NGC3521@2.750000,4.23239,1.21211,0.0954889
C,HSB,T,NGC3521@2.920000,3.97575,1.18123,0.149623
C,HSB,T,NGC3521@3.090000,3.79882,1.21316,0.0756244
C,HSB,T,NGC3521@3.260000,3.63263,1.1913,0.111635
C,HSB,T,NGC3521@3.430000,3.51028,1.16074,0.122644
C,HSB,T,NGC3521@3.610000,3.35229,1.18776,0.100656
C,HSB,T,NGC3521@3.780000,3.2499,1.19195,0.110956
C,HSB,T,NGC3521@3.950000,3.13356,1.2049,0.0885797
C,HSB,T,NGC3521@4.120000,3.02904,1.20599,0.0908877
C,HSB,T,NGC3521@4.290000,2.88743,1.19301,0.0921571
C,HSB,T,NGC3521@4.460000,2.74854,1.22774,0.108376
C,HSB,T,NGC3521@4.640000,2.57783,1.25826,0.229919
C,HSB,T,NGC3521@4.810000,2.42165,1.24552,0.271016
C,HSB,T,NGC3521@4.980000,2.26953,1.33161,0.176742
C,HSB,T,NGC3521@5.150000,2.13753,1.34243,0.150254
C,HSB,T,NGC3521@5.320000,2.01288,1.31744,0.285754
C,HSB,T,NGC3521@5.490000,1.90086,1.37738,0.271632
C,HSB,T,NGC3521@5.670000,1.79362,1.42657,0.241725
C,HSB,T,NGC3521@5.840000,1.70263,1.35298,0.412399
C,HSB,T,NGC3521@6.010000,1.61887,1.43643,0.342847
C,HSB,T,NGC3521@6.190000,1.54022,1.47974,0.330683
C,HSB,T,NGC3521@6.350000,1.47454,1.54944,0.281195
C,HSB,T,NGC3521@6.640000,1.36165,1.51672,0.361124
C,HSB,T,NGC3521@8.820000,0.817916,1.90091,0.193711
C,HSB,T,NGC3521@11.070000,0.549677,2.25363,0.229656
C,HSB,T,NGC3521@13.320000,0.394691,2.50999,0.152305
C,HSB,T,NGC3521@15.490000,0.296103,2.877,0.174575
C,HSB,T,NGC3521@17.740000,0.221627,3.35627,0.348661
C,HSB,T,NGC3726@3.500000,0.848801,1.08899,0.14947
C,HSB,T,NGC3726@5.240000,0.797945,1.16202,0.113414
C,HSB,T,NGC3726@6.980000,0.708777,1.32151,0.0893158
C,HSB,T,NGC3726@8.720000,0.615518,1.55822,0.0741106
C,HSB,T,NGC3726@10.470000,0.476742,1.63493,0.0968847
C,HSB,T,NGC3726@12.190000,0.388675,1.68016,0.100809
C,HSB,T,NGC3726@13.940000,0.331554,1.63731,0.100758
C,HSB,T,NGC3726@16.030000,0.267238,1.5473,0.1028
C,HSB,T,NGC3726@22.300000,0.139922,2.48784,0.154309
C,HSB,F,NGC3726@27.520000,0.0883135,3.61112,0.455689
C,HSB,F,NGC3726@30.080000,0.072836,4.05367,0.508508
C,HSB,F,NGC3726@32.520000,0.0619129,4.30725,0.784075
C,dwarf,F,NGC3741@0.230000,0.0990767,2.34176,0.78297
C,dwarf,F,NGC3741@0.470000,0.0786585,2.51738,0.695552
C,dwarf,F,NGC3741@0.700000,0.0576532,4.29143,0.803734
C,dwarf,F,NGC3741@0.930000,0.0441365,5.20021,0.877287
C,dwarf,F,NGC3741@1.170000,0.034151,5.84266,0.955296
C,dwarf,F,NGC3741@1.400000,0.0278494,5.77111,0.956846
C,dwarf,F,NGC3741@1.640000,0.0236457,6.0201,0.971125
C,dwarf,F,NGC3741@1.870000,0.0203833,7.83982,1.11275
C,dwarf,F,NGC3741@2.100000,0.0179287,8.72365,1.17568
C,dwarf,F,NGC3741@2.330000,0.0170355,8.53131,1.13234
C,dwarf,F,NGC3741@2.570000,0.0166205,9.69856,1.16914
C,dwarf,F,NGC3741@2.800000,0.016564,10.1455,1.15278
C,dwarf,F,NGC3741@3.260000,0.015516,10.5876,1.12765
C,dwarf,F,NGC3741@3.730000,0.0141934,10.7093,1.10353
C,dwarf,F,NGC3741@4.210000,0.0138139,10.6836,1.06119
C,dwarf,F,NGC3741@4.670000,0.0130879,11.0955,1.06441
C,dwarf,F,NGC3741@5.140000,0.0123301,11.5413,1.08036
C,dwarf,F,NGC3741@5.610000,0.011242,12.3263,1.14388
C,dwarf,F,NGC3741@6.070000,0.0102067,12.6483,1.2094
C,dwarf,F,NGC3741@6.540000,0.00916724,13.0184,1.33562
C,dwarf,F,NGC3741@7.000000,0.00828589,14.2745,1.79261
C,HSB,T,NGC3769@1.740000,1.44888,0.94435,0.2029
C,HSB,T,NGC3769@3.500000,0.867407,1.15085,0.154171
C,HSB,T,NGC3769@5.240000,0.504703,1.58215,0.144576
C,HSB,T,NGC3769@6.980000,0.323067,2.15463,0.196502
C,HSB,T,NGC3769@8.720000,0.222127,2.54873,0.178006
C,HSB,T,NGC3769@10.470000,0.159941,2.80933,0.200992
C,HSB,T,NGC3769@12.310000,0.117719,2.98784,0.23295
C,HSB,F,NGC3769@14.520000,0.087132,3.2505,0.361795
C,HSB,F,NGC3769@17.070000,0.0670993,4.0408,1.00689
C,HSB,F,NGC3769@31.820000,0.0236483,6.05021,1.02003
C,HSB,F,NGC3769@34.610000,0.0200847,6.22869,1.09794
C,HSB,F,NGC3769@37.160000,0.0174846,6.11119,1.13571
C,HSB,T,NGC3877@0.870000,1.85457,0.275373,0.13113
C,HSB,T,NGC3877@1.740000,1.18131,0.970623,0.218117
C,HSB,T,NGC3877@2.610000,0.886642,1.96735,0.276404
C,HSB,T,NGC3877@3.500000,0.78938,2.26946,0.233338
C,HSB,T,NGC3877@4.370000,0.751979,2.21511,0.179525
C,HSB,T,NGC3877@5.240000,0.778605,1.95115,0.129264
C,HSB,T,NGC3877@6.110000,0.861899,1.54964,0.101396
C,HSB,T,NGC3877@6.980000,0.862711,1.44016,0.0776135
C,HSB,T,NGC3877@7.850000,0.803528,1.408,0.0883123
C,HSB,T,NGC3877@8.720000,0.747768,1.39447,0.0799168
C,HSB,T,NGC3877@9.600000,0.687323,1.37803,0.078975
C,HSB,T,NGC3877@10.470000,0.592187,1.44941,0.0971958
C,HSB,T,NGC3877@11.350000,0.518336,1.50961,0.125057
C,HSB,T,NGC3893@1.740000,3.70903,1.01304,0.0950161
C,HSB,T,NGC3893@3.500000,1.99517,1.34819,0.105376
C,HSB,T,NGC3893@5.240000,1.37221,1.62762,0.107389
C,HSB,T,NGC3893@6.980000,0.867595,1.85368,0.107318
C,HSB,T,NGC3893@8.810000,0.607348,2.01054,0.125388
C,HSB,T,NGC3893@10.900000,0.428793,2.35148,0.17511
C,HSB,T,NGC3893@13.120000,0.304436,2.7224,0.247491
C,HSB,T,NGC3893@15.330000,0.222427,2.92196,0.41136
C,HSB,T,NGC3893@17.300000,0.17708,3.1442,0.418036
C,HSB,T,NGC3893@19.050000,0.148498,3.06561,0.495637
C,HSB,T,NGC3917@0.870000,0.227,0.929752,0.298439
C,HSB,T,NGC3917@1.740000,0.201947,2.17708,0.342364
C,HSB,T,NGC3917@2.610000,0.217825,2.96282,0.41866
C,HSB,T,NGC3917@3.500000,0.246258,3.6803,0.32066
C,HSB,T,NGC3917@4.370000,0.269937,3.01803,0.197441
C,HSB,T,NGC3917@5.240000,0.28664,2.73796,0.166659
C,HSB,T,NGC3917@6.110000,0.284582,2.70558,0.171574
C,HSB,T,NGC3917@6.980000,0.272365,2.76426,0.165856
C,HSB,T,NGC3917@7.850000,0.254566,2.79408,0.145959
C,HSB,T,NGC3917@8.720000,0.227265,2.90221,0.16645
C,HSB,T,NGC3917@9.600000,0.212297,2.86368,0.167222
C,HSB,T,NGC3917@10.470000,0.192909,2.84759,0.146567
C,HSB,T,NGC3917@11.350000,0.174621,2.94474,0.150461
C,HSB,T,NGC3917@12.190000,0.15659,3.05754,0.156224
C,HSB,T,NGC3917@13.120000,0.13383,3.32394,0.242623
C,HSB,T,NGC3917@13.940000,0.119405,3.55772,0.257806
C,HSB,T,NGC3917@14.860000,0.102873,3.81785,0.418013
C,HSB,T,NGC3949@1.740000,2.30317,1.17391,0.104984
C,HSB,T,NGC3949@2.610000,2.062,1.2148,0.0921576
C,HSB,T,NGC3949@3.500000,1.82419,1.12525,0.0917966
C,HSB,T,NGC3949@4.370000,1.33639,1.31246,0.110347
C,HSB,T,NGC3949@5.240000,1.03101,1.49196,0.163096
C,HSB,T,NGC3949@6.110000,0.792155,1.7491,0.237454
C,HSB,T,NGC3949@7.070000,0.625283,2.00899,0.606262
C,HSB,T,NGC3953@3.500000,1.85085,1.57259,0.130325
C,HSB,T,NGC3953@5.240000,1.42216,1.71954,0.110118
C,HSB,T,NGC3953@6.980000,1.16924,1.77766,0.0921751
C,HSB,T,NGC3953@8.720000,1.0669,1.66215,0.0909339
C,HSB,T,NGC3953@10.470000,0.920279,1.61931,0.0809653
C,HSB,T,NGC3953@12.190000,0.773429,1.64016,0.0897305
C,HSB,T,NGC3953@13.940000,0.636731,1.75783,0.0957388
C,HSB,T,NGC3953@15.680000,0.502413,1.82461,0.164639
C,HSB,T,NGC3972@0.870000,0.415015,1.35054,0.334224
C,HSB,T,NGC3972@1.740000,0.34085,2.79404,0.398055
C,HSB,T,NGC3972@2.610000,0.334604,2.84579,0.420184
C,HSB,T,NGC3972@3.500000,0.326289,2.83289,0.294398
C,HSB,T,NGC3972@4.370000,0.296493,2.90394,0.232316
C,HSB,T,NGC3972@5.240000,0.318757,2.5051,0.190042
C,HSB,T,NGC3972@6.110000,0.319295,2.41144,0.172526
C,HSB,T,NGC3972@6.980000,0.270262,2.78577,0.167146
C,HSB,T,NGC3972@7.850000,0.223832,3.17774,0.289316
C,HSB,T,NGC3972@8.720000,0.184506,3.47042,0.253807
C,HSB,T,NGC3992@9.190000,0.804831,2.58572,0.145968
C,HSB,T,NGC3992@13.790000,0.686828,2.2882,0.11441
C,HSB,T,NGC3992@18.350000,0.517864,2.42095,0.101466
C,HSB,T,NGC3992@22.940000,0.39351,2.52981,0.10642
C,HSB,T,NGC3992@27.520000,0.272883,2.8859,0.115873
C,HSB,T,NGC3992@32.110000,0.19335,2.93323,0.179387
C,HSB,T,NGC3992@36.700000,0.14567,3.46292,0.150438
C,HSB,T,NGC3992@41.440000,0.112793,3.86395,0.198809
C,HSB,F,NGC3992@46.020000,0.0908226,4.17884,0.303274
C,HSB,T,NGC4010@0.870000,0.191678,2.88,0.967328
C,HSB,T,NGC4010@1.740000,0.377396,1.41168,0.289576
C,HSB,T,NGC4010@2.610000,0.432832,1.18093,0.241594
C,HSB,T,NGC4010@3.500000,0.41258,1.51582,0.187896
C,HSB,T,NGC4010@4.370000,0.366237,1.72774,0.230854
C,HSB,T,NGC4010@5.240000,0.315316,2.03558,0.223131
C,HSB,T,NGC4010@6.110000,0.281274,2.3929,0.21224
C,HSB,T,NGC4010@6.980000,0.257736,2.78789,0.22391
C,HSB,T,NGC4010@7.850000,0.238855,2.75978,0.218215
C,HSB,T,NGC4010@8.720000,0.214141,2.68591,0.215718
C,HSB,T,NGC4010@9.600000,0.182213,2.73334,0.224839
C,HSB,T,NGC4010@10.470000,0.154662,2.85816,0.182735
C,bulge,T,NGC4013@5.490000,1.45193,1.52937,0.154481
C,bulge,T,NGC4013@6.170000,1.3592,1.40994,0.0723044
C,bulge,T,NGC4013@6.920000,1.24246,1.36118,0.0561311
C,bulge,T,NGC4013@7.690000,1.12436,1.36753,0.0420778
C,bulge,T,NGC4013@8.360000,1.01938,1.38748,0.0426917
C,bulge,T,NGC4013@9.120000,0.902123,1.43717,0.0442206
C,bulge,T,NGC4013@9.880000,0.776704,1.49379,0.108922
C,bulge,T,NGC4013@10.560000,0.661551,1.57321,0.133891
C,bulge,T,NGC4013@11.310000,0.560846,1.69597,0.127654
C,bulge,T,NGC4013@12.080000,0.480654,1.85279,0.119535
C,bulge,T,NGC4013@12.770000,0.424005,1.98684,0.106819
C,bulge,T,NGC4013@13.470000,0.378335,2.08833,0.135459
C,bulge,T,NGC4013@14.170000,0.340021,2.09107,0.232341
C,bulge,T,NGC4013@14.980000,0.302582,1.82272,0.178917
C,bulge,T,NGC4013@15.680000,0.274024,1.8993,0.140689
C,bulge,T,NGC4013@16.370000,0.249193,2.05023,0.125014
C,bulge,T,NGC4013@17.190000,0.223808,2.22723,0.13417
C,bulge,T,NGC4013@17.880000,0.205026,2.33743,0.140809
C,bulge,T,NGC4013@18.580000,0.188432,2.44746,0.147437
C,bulge,T,NGC4013@19.390000,0.17211,2.56763,0.154677
C,bulge,T,NGC4013@20.090000,0.159592,2.73733,0.162936
C,bulge,T,NGC4013@20.790000,0.148231,2.98513,0.173554
C,bulge,T,NGC4013@21.480000,0.138455,3.12932,0.180886
C,bulge,T,NGC4013@22.300000,0.12851,3.17285,0.185547
C,bulge,T,NGC4013@22.990000,0.12116,3.22627,0.18978
C,bulge,T,NGC4013@23.690000,0.114668,3.38647,0.196888
C,bulge,T,NGC4013@24.390000,0.10948,3.48535,0.201465
C,bulge,T,NGC4013@25.200000,0.103636,3.68818,0.209556
C,bulge,F,NGC4013@25.900000,0.0981211,3.87683,0.2178
C,bulge,F,NGC4013@26.590000,0.0930142,4.07358,0.271572
C,bulge,F,NGC4013@27.410000,0.0873516,4.20789,0.374035
C,bulge,F,NGC4013@28.100000,0.0828419,4.32801,0.240445
C,bulge,F,NGC4013@28.800000,0.0787303,4.44334,0.246852
C,bulge,F,NGC4013@29.610000,0.0743777,4.47361,0.251326
C,bulge,F,NGC4013@30.310000,0.0711052,4.36828,0.251051
C,bulge,F,NGC4013@31.010000,0.067295,4.30638,0.506633
C,HSB,T,NGC4051@1.740000,2.55208,1.02524,0.250804
C,HSB,T,NGC4051@3.500000,0.855076,1.39811,0.188022
C,HSB,T,NGC4051@5.240000,0.682416,1.70441,0.170441
C,HSB,T,NGC4051@6.980000,0.746248,1.52827,0.126082
C,HSB,T,NGC4051@8.720000,0.712573,1.29719,0.0837939
C,HSB,T,NGC4051@10.470000,0.525566,1.34019,0.128798
C,HSB,T,NGC4051@12.190000,0.403399,1.48028,0.189631
C,HSB,T,NGC4085@0.870000,1.60608,0.396313,0.137113
C,HSB,T,NGC4085@1.740000,1.51788,0.751631,0.111004
C,HSB,T,NGC4085@2.710000,1.18397,1.2157,0.134595
C,HSB,T,NGC4085@3.580000,0.991193,1.4134,0.109066
C,HSB,T,NGC4085@4.450000,0.880282,1.34154,0.101132
C,HSB,T,NGC4085@5.320000,0.692764,1.49247,0.100994
C,HSB,T,NGC4085@6.200000,0.516977,1.79438,0.19527
C,HSB,T,NGC4088@1.740000,1.68005,0.766732,0.204101
C,HSB,T,NGC4088@3.500000,1.4436,1.13831,0.165725
C,HSB,T,NGC4088@5.240000,1.73948,0.895323,0.088427
C,HSB,T,NGC4088@6.980000,1.59851,0.892964,0.0648521
C,HSB,T,NGC4088@8.720000,1.12124,1.05348,0.0706178
C,HSB,T,NGC4088@10.470000,0.857939,1.10918,0.0867515
C,HSB,T,NGC4088@12.190000,0.685591,1.12649,0.0802789
C,HSB,T,NGC4088@13.940000,0.509193,1.28099,0.107873
C,HSB,T,NGC4088@15.680000,0.39557,1.41497,0.102754
C,HSB,T,NGC4088@17.420000,0.318518,1.52576,0.103567
C,HSB,T,NGC4088@19.280000,0.257704,1.83005,0.184075
C,HSB,T,NGC4088@21.480000,0.204713,2.141,0.18703
C,HSB,T,NGC4100@2.610000,0.952324,1.80151,0.315264
C,HSB,T,NGC4100@3.500000,0.818928,2.37634,0.240845
C,HSB,T,NGC4100@4.370000,0.839945,2.39103,0.176481
C,HSB,T,NGC4100@5.240000,0.955819,2.05653,0.137855
C,HSB,T,NGC4100@6.110000,1.00507,1.82796,0.100057
C,HSB,T,NGC4100@6.980000,0.97563,1.71855,0.100987
C,HSB,T,NGC4100@7.850000,0.805129,1.87083,0.117047
C,HSB,T,NGC4100@8.720000,0.673497,1.97225,0.0981014
C,HSB,T,NGC4100@9.600000,0.5465,2.18494,0.0887633
C,HSB,T,NGC4100@10.470000,0.446936,2.44968,0.0893113
C,HSB,T,NGC4100@11.350000,0.379212,2.63565,0.121433
C,HSB,T,NGC4100@12.190000,0.335997,2.71196,0.13775
C,HSB,T,NGC4100@13.120000,0.296454,2.73622,0.156778
C,HSB,T,NGC4100@13.940000,0.263421,2.80497,0.138707
C,HSB,T,NGC4100@14.860000,0.232776,2.88038,0.212408
C,HSB,T,NGC4100@15.680000,0.210624,2.91656,0.205485
C,HSB,T,NGC4100@16.610000,0.18988,2.98503,0.22645
C,HSB,T,NGC4100@17.420000,0.173632,3.25733,0.318413
C,HSB,T,NGC4100@18.350000,0.155987,3.40348,0.238436
C,HSB,T,NGC4100@19.160000,0.141725,3.27062,0.228363
C,HSB,T,NGC4100@20.090000,0.127565,3.02901,0.241554
C,HSB,T,NGC4100@21.020000,0.115333,3.20203,0.308043
C,HSB,T,NGC4100@21.950000,0.104812,3.37419,0.38013
C,HSB,F,NGC4100@22.760000,0.0963974,3.58307,0.405631
C,bulge,T,NGC4138@2.610000,3.4994,1.09087,0.17917
C,bulge,T,NGC4138@5.240000,1.24754,1.80877,0.12615
C,bulge,T,NGC4138@7.850000,0.586807,2.21152,0.23948
C,bulge,T,NGC4138@10.650000,0.315221,2.43088,0.612223
C,bulge,T,NGC4138@13.470000,0.194951,2.48967,0.329667
C,bulge,T,NGC4138@16.030000,0.13823,3.03249,0.738524
C,bulge,T,NGC4138@18.580000,0.103507,3.63804,1.01865
C,bulge,T,NGC4157@1.740000,2.13905,0.776397,0.194905
C,bulge,T,NGC4157@3.500000,2.27425,0.962925,0.128799
C,bulge,T,NGC4157@5.240000,1.77157,1.23484,0.108049
C,bulge,T,NGC4157@6.980000,1.41593,1.27114,0.0872724
C,bulge,T,NGC4157@8.720000,1.18151,1.21937,0.0885715
C,bulge,T,NGC4157@10.470000,0.859987,1.29976,0.0857575
C,bulge,T,NGC4157@12.190000,0.635534,1.44898,0.0915148
C,bulge,T,NGC4157@13.940000,0.480332,1.60665,0.110565
C,bulge,T,NGC4157@15.680000,0.372826,1.80087,0.125278
C,bulge,T,NGC4157@17.420000,0.310225,1.90598,0.152897
C,bulge,T,NGC4157@19.160000,0.254523,2.08898,0.152345
C,bulge,T,NGC4157@20.900000,0.209414,2.37931,0.169022
C,bulge,T,NGC4157@22.650000,0.185517,2.53274,0.177977
C,bulge,T,NGC4157@24.390000,0.158479,2.78319,0.272333
C,bulge,T,NGC4157@26.130000,0.135764,3.03249,0.371725
C,bulge,T,NGC4157@27.870000,0.117619,3.21158,0.474756
C,bulge,T,NGC4157@29.610000,0.103315,3.47888,0.511489
C,HSB,T,NGC4183@0.870000,0.276287,2.86986,0.999272
C,HSB,T,NGC4183@1.740000,0.21859,3.55051,0.711179
C,HSB,T,NGC4183@2.610000,0.208533,3.30867,0.486953
C,HSB,T,NGC4183@3.500000,0.174379,3.74196,0.489031
C,HSB,T,NGC4183@4.370000,0.175042,3.79341,0.4084
C,HSB,T,NGC4183@5.240000,0.171442,3.41311,0.357465
C,HSB,T,NGC4183@6.110000,0.166092,3.25074,0.32823
C,HSB,T,NGC4183@6.980000,0.161422,3.15972,0.307113
C,HSB,T,NGC4183@7.850000,0.160567,3.03963,0.284794
C,HSB,T,NGC4183@8.720000,0.159985,2.89677,0.310006
C,HSB,T,NGC4183@9.600000,0.143352,2.98828,0.317018
C,HSB,T,NGC4183@10.470000,0.125433,2.91733,0.294361
C,HSB,T,NGC4183@11.350000,0.116694,2.84081,0.289246
C,HSB,F,NGC4183@12.310000,0.0977732,3.18323,0.298248
C,HSB,F,NGC4183@13.120000,0.084593,3.32877,0.293176
C,HSB,F,NGC4183@14.050000,0.0747084,3.45542,0.281553
C,HSB,F,NGC4183@14.980000,0.0687548,3.58705,0.342251
C,HSB,F,NGC4183@16.030000,0.0608218,3.92964,0.375263
C,HSB,F,NGC4183@16.950000,0.0534835,4.15045,0.369767
C,HSB,F,NGC4183@17.880000,0.0501699,4.11852,0.370289
C,HSB,F,NGC4183@18.930000,0.0451809,4.39925,0.423928
C,HSB,F,NGC4183@19.970000,0.0403172,4.8447,0.882428
C,HSB,F,NGC4183@21.020000,0.0368818,5.12167,1.04246
C,HSB,T,NGC4214@0.210000,0.815761,5.59117,1.4527
C,HSB,T,NGC4214@0.630000,0.762978,2.58393,0.426839
C,HSB,T,NGC4214@1.040000,0.573264,2.31345,0.553699
C,HSB,T,NGC4214@1.460000,0.405924,2.60783,0.341793
C,HSB,T,NGC4214@1.880000,0.284791,3.36344,0.414574
C,HSB,T,NGC4214@2.300000,0.195531,4.29346,0.492549
C,HSB,T,NGC4214@2.710000,0.144182,5.10602,0.847816
C,HSB,T,NGC4214@3.140000,0.106909,5.94322,0.931921
C,HSB,F,NGC4214@3.550000,0.0825148,6.81089,0.865604
C,HSB,F,NGC4214@3.960000,0.066623,7.61889,1.02343
C,HSB,F,NGC4214@4.380000,0.0549683,8.28663,1.56836
C,HSB,F,NGC4214@4.800000,0.0464386,9.0176,1.99643
C,HSB,F,NGC4214@5.220000,0.0398178,9.719,2.25973
C,HSB,F,NGC4214@5.630000,0.0359391,9.98376,2.32129
C,bulge,T,NGC4217@0.870000,5.98335,0.136487,0.0468282
C,bulge,T,NGC4217@1.740000,6.09387,0.286847,0.0475661
C,bulge,T,NGC4217@2.610000,5.80852,0.437219,0.0461176
C,bulge,T,NGC4217@3.500000,4.88563,0.489101,0.0381737
C,bulge,T,NGC4217@4.370000,3.49546,0.616327,0.0421511
C,bulge,T,NGC4217@5.240000,2.56897,0.707432,0.0485096
C,bulge,T,NGC4217@6.110000,1.98701,0.867149,0.0603234
C,bulge,T,NGC4217@6.980000,1.58573,0.96152,0.0665268
C,bulge,T,NGC4217@7.850000,1.32328,1.05802,0.074849
C,bulge,T,NGC4217@8.720000,1.0739,1.19874,0.0927445
C,bulge,T,NGC4217@9.600000,0.880591,1.3419,0.0899284
C,bulge,T,NGC4217@10.470000,0.741395,1.4614,0.0849297
C,bulge,T,NGC4217@11.350000,0.633897,1.54386,0.0972061
C,bulge,T,NGC4217@12.190000,0.549649,1.6056,0.118262
C,bulge,T,NGC4217@13.120000,0.475106,1.67062,0.116852
C,bulge,T,NGC4217@13.940000,0.41989,1.70219,0.130279
C,bulge,T,NGC4217@14.860000,0.36899,1.77669,0.145548
C,bulge,T,NGC4217@15.790000,0.328109,1.88038,0.181664
C,bulge,T,NGC4217@16.720000,0.295471,1.99429,0.268893
C,HSB,T,NGC4559@0.670000,0.80728,1.10293,0.548948
C,HSB,T,NGC4559@1.320000,0.683034,1.42152,0.341431
C,HSB,T,NGC4559@1.970000,0.616793,1.375,0.323396
C,HSB,T,NGC4559@2.620000,0.558246,1.50729,0.300742
C,HSB,T,NGC4559@3.280000,0.545698,1.60777,0.189523
C,HSB,T,NGC4559@3.930000,0.533013,1.54443,0.145056
C,HSB,T,NGC4559@4.580000,0.478682,1.5341,0.167276
C,HSB,T,NGC4559@5.220000,0.417835,1.6019,0.162306
C,HSB,T,NGC4559@5.900000,0.368852,1.60549,0.158731
C,HSB,T,NGC4559@6.540000,0.323021,1.71687,0.165965
C,HSB,T,NGC4559@7.190000,0.286036,1.86293,0.15709
C,HSB,T,NGC4559@7.870000,0.264955,1.93803,0.156743
C,HSB,T,NGC4559@8.510000,0.247722,1.98482,0.152968
C,HSB,T,NGC4559@9.160000,0.225481,2.06094,0.183899
C,HSB,T,NGC4559@9.840000,0.201627,2.18232,0.19308
C,HSB,T,NGC4559@10.480000,0.182345,2.34319,0.175739
C,HSB,T,NGC4559@11.130000,0.166388,2.45839,0.147097
C,HSB,T,NGC4559@11.780000,0.150827,2.60491,0.13537
C,HSB,T,NGC4559@12.430000,0.137067,2.71653,0.122021
C,HSB,T,NGC4559@13.080000,0.126505,2.79708,0.145815
C,HSB,T,NGC4559@13.730000,0.118772,2.88486,0.166993
C,HSB,T,NGC4559@14.380000,0.111516,2.98157,0.207267
C,HSB,T,NGC4559@15.030000,0.104264,3.05105,0.234242
C,HSB,F,NGC4559@15.680000,0.0991423,3.02625,0.257354
C,HSB,F,NGC4559@16.330000,0.0953629,3.02095,0.278026
C,HSB,F,NGC4559@16.980000,0.091769,3.01909,0.275891
C,HSB,F,NGC4559@17.720000,0.0878354,2.92507,0.274135
C,HSB,F,NGC4559@18.280000,0.0855363,2.96,0.306676
C,HSB,F,NGC4559@19.020000,0.0819928,2.96779,0.308942
C,HSB,F,NGC4559@19.670000,0.0786656,2.94226,0.284986
C,HSB,F,NGC4559@20.320000,0.0750461,2.93636,0.2907
C,HSB,F,NGC4559@20.970000,0.0711546,2.95115,0.304043
C,bulge,S,NGC5005@0.490000,28.6023,0.987796,0.375456
C,bulge,S,NGC5005@0.980000,21.0545,0.818165,0.122198
C,bulge,S,NGC5005@1.470000,13.2802,0.820785,0.104135
C,bulge,T,NGC5005@1.970000,9.22318,0.937096,0.0865012
C,bulge,T,NGC5005@2.460000,7.45023,1.01842,0.0637655
C,bulge,T,NGC5005@2.950000,6.36179,0.986456,0.188397
C,bulge,T,NGC5005@3.440000,5.54303,1.1109,0.198345
C,bulge,T,NGC5005@3.930000,4.70905,1.12713,0.197574
C,bulge,T,NGC5005@4.420000,4.02047,1.16477,0.204963
C,bulge,T,NGC5005@4.920000,3.53311,1.19074,0.207687
C,bulge,T,NGC5005@5.740000,2.9545,1.24906,0.214399
C,bulge,T,NGC5005@6.560000,2.53491,1.29344,0.220327
C,bulge,T,NGC5005@7.370000,2.16966,1.35534,0.22897
C,bulge,T,NGC5005@8.190000,1.89651,1.40589,0.235553
C,bulge,T,NGC5005@9.010000,1.68377,1.4394,0.241168
C,bulge,T,NGC5005@9.830000,1.4786,1.49109,0.248514
C,bulge,T,NGC5005@10.650000,1.2786,1.59156,0.264054
C,bulge,T,NGC5005@11.470000,1.1006,1.72981,0.287214
C,bulge,S,NGC5033@0.760000,23.8881,0.726841,0.112907
C,bulge,T,NGC5033@2.280000,7.66899,0.81443,0.076115
C,bulge,T,NGC5033@3.800000,3.94823,1.02146,0.0736184
C,bulge,T,NGC5033@5.330000,2.29546,1.27526,0.09109
C,bulge,T,NGC5033@6.850000,1.49076,1.54158,0.109623
C,bulge,T,NGC5033@8.000000,1.10689,1.73065,0.0935489
C,bulge,T,NGC5033@10.280000,0.724748,2.02006,0.0550926
C,bulge,T,NGC5033@12.560000,0.521723,2.25519,0.0413796
C,bulge,T,NGC5033@14.910000,0.388887,2.57209,0.0469789
C,bulge,T,NGC5033@17.150000,0.3078,2.77387,0.0511312
C,bulge,T,NGC5033@19.390000,0.254196,2.99824,0.0550135
C,bulge,T,NGC5033@21.640000,0.223771,3.10802,0.0565095
C,bulge,T,NGC5033@24.010000,0.19357,3.29742,0.0594129
C,bulge,T,NGC5033@26.250000,0.165828,3.39488,0.0934372
C,bulge,T,NGC5033@28.500000,0.140591,3.6544,0.101043
C,bulge,T,NGC5033@30.870000,0.11822,3.651,0.105826
C,bulge,T,NGC5033@33.120000,0.102251,3.63619,0.109634
C,bulge,F,NGC5033@35.360000,0.0885159,3.62437,0.113855
C,bulge,F,NGC5033@37.730000,0.0771451,3.97941,0.123712
C,bulge,F,NGC5033@39.980000,0.0683905,4.19241,0.131013
C,bulge,F,NGC5033@42.220000,0.0611419,4.53363,0.186954
C,bulge,F,NGC5033@44.590000,0.0546815,4.8993,0.249964
C,HSB,T,NGC5055@0.720000,8.76807,0.769631,0.216728
C,HSB,T,NGC5055@1.430000,6.27241,0.909827,0.0954757
C,HSB,T,NGC5055@2.160000,4.99146,0.913814,0.0535967
C,HSB,T,NGC5055@2.870000,4.27278,0.944543,0.0184015
C,HSB,T,NGC5055@3.590000,3.23847,0.985978,0.0368715
C,HSB,T,NGC5055@4.300000,2.68052,0.97391,0.00994413
C,HSB,T,NGC5055@5.030000,2.32042,1.01306,0.0102864
C,HSB,T,NGC5055@5.750000,2.07401,1.05345,0.00471694
C,HSB,T,NGC5055@6.460000,1.90072,1.05392,0.00836937
C,HSB,T,NGC5055@7.180000,1.66695,1.08122,0.00689012
C,HSB,T,NGC5055@7.910000,1.4743,1.13154,0.00725067
C,HSB,T,NGC5055@8.620000,1.31598,1.16326,0.0173924
C,HSB,T,NGC5055@11.490000,0.845682,1.35802,0.0250509
C,HSB,T,NGC5055@14.300000,0.596046,1.54817,0.00631291
C,HSB,T,NGC5055@17.190000,0.433671,1.71892,0.0709583
C,HSB,T,NGC5055@20.070000,0.311631,1.98871,0.0244611
C,HSB,T,NGC5055@22.960000,0.231586,2.20099,0.0928047
C,HSB,T,NGC5055@25.850000,0.179059,2.37443,0.131351
C,HSB,T,NGC5055@28.740000,0.144937,2.52737,0.0318668
C,HSB,T,NGC5055@31.620000,0.121008,2.69194,0.073067
C,HSB,T,NGC5055@34.510000,0.103752,2.81386,0.12037
C,HSB,F,NGC5055@37.400000,0.0875974,3.10952,0.289649
C,HSB,F,NGC5055@40.290000,0.0768679,3.25313,0.164464
C,HSB,F,NGC5055@43.170000,0.0682182,3.38316,0.0166323
C,HSB,F,NGC5055@45.920000,0.061942,3.50283,0.0767099
C,HSB,F,NGC5055@48.810000,0.0553866,3.68546,0.123123
C,HSB,F,NGC5055@51.700000,0.0495211,3.6772,0.143284
C,HSB,F,NGC5055@54.590000,0.0439614,3.83329,0.215734
C,HSB,T,NGC5371@1.450000,6.22264,1.60792,0.148881
C,HSB,T,NGC5371@2.880000,2.91976,1.70937,0.111308
C,HSB,T,NGC5371@4.330000,1.9921,1.66639,0.0775067
C,HSB,T,NGC5371@5.780000,1.59833,1.54146,0.0576247
C,HSB,T,NGC5371@7.220000,1.29598,1.53618,0.05716
C,HSB,T,NGC5371@8.660000,1.14919,1.52607,0.0414317
C,HSB,T,NGC5371@11.550000,1.07071,1.36507,0.0351521
C,HSB,T,NGC5371@14.480000,0.981327,1.22917,0.0311183
C,HSB,T,NGC5371@17.280000,0.813678,1.29519,0.0321122
C,HSB,T,NGC5371@20.200000,0.703327,1.27123,0.0316489
C,HSB,T,NGC5371@23.120000,0.590752,1.31138,0.0327845
C,HSB,T,NGC5371@26.040000,0.465431,1.40487,0.0360222
C,HSB,T,NGC5371@28.840000,0.369091,1.49206,0.0396123
C,HSB,T,NGC5371@31.760000,0.298307,1.48907,0.0419456
C,HSB,T,NGC5371@34.680000,0.247498,1.55235,0.0449955
C,HSB,T,NGC5371@37.480000,0.202695,1.77086,0.0681099
C,HSB,T,NGC5371@40.400000,0.169658,1.98169,0.0758541
C,HSB,T,NGC5371@43.320000,0.1446,2.12708,0.0822061
C,HSB,T,NGC5371@46.240000,0.125325,2.43446,0.137152
C,HSB,T,NGC5585@0.090000,0.279866,1.54861,0.558606
C,HSB,T,NGC5585@0.260000,0.435104,1.9303,0.150054
C,HSB,T,NGC5585@0.430000,0.45343,1.81126,0.110718
C,HSB,T,NGC5585@0.600000,0.417854,1.32623,0.0908488
C,HSB,T,NGC5585@0.770000,0.381251,1.20298,0.0735351
C,HSB,T,NGC5585@0.940000,0.351881,1.19815,0.150356
C,HSB,T,NGC5585@1.110000,0.328337,1.2191,0.216085
C,HSB,T,NGC5585@1.280000,0.296667,1.43078,0.229335
C,HSB,T,NGC5585@1.460000,0.273869,1.49876,0.146121
C,HSB,T,NGC5585@1.630000,0.256505,1.49937,0.0834837
C,HSB,T,NGC5585@2.050000,0.225591,1.90304,0.114468
C,HSB,T,NGC5585@2.740000,0.191981,2.44406,0.0684185
C,HSB,T,NGC5585@3.420000,0.159186,3.05213,0.200414
C,HSB,T,NGC5585@4.110000,0.14551,3.01908,0.348661
C,HSB,T,NGC5585@4.790000,0.130437,3.05911,0.296547
C,HSB,T,NGC5585@5.480000,0.112487,3.48351,0.259901
C,HSB,F,NGC5585@6.160000,0.0992096,3.94031,0.268657
C,HSB,F,NGC5585@6.850000,0.0850361,4.31444,0.23036
C,HSB,F,NGC5585@7.530000,0.0747682,4.53361,0.280223
C,HSB,F,NGC5585@8.210000,0.0689427,4.60955,0.261678
C,HSB,F,NGC5585@8.900000,0.063079,4.71876,0.143148
C,HSB,F,NGC5585@9.570000,0.0571584,4.69716,0.103348
C,HSB,F,NGC5585@10.310000,0.0520524,4.65174,0.280351
C,HSB,F,NGC5585@10.960000,0.0471898,4.80524,0.29025
C,HSB,T,NGC5907@5.030000,0.988733,2.86338,0.160564
C,HSB,T,NGC5907@7.550000,0.885894,2.25017,0.122737
C,HSB,T,NGC5907@10.070000,0.796015,2.14232,0.0729301
C,HSB,T,NGC5907@12.580000,0.676957,2.01648,0.068646
C,HSB,T,NGC5907@15.100000,0.531861,2.04823,0.0356215
C,HSB,T,NGC5907@17.610000,0.433785,2.17215,0.037613
C,HSB,T,NGC5907@20.130000,0.364741,2.27954,0.0393024
C,HSB,T,NGC5907@22.650000,0.30969,2.24424,0.139641
C,HSB,T,NGC5907@25.160000,0.248121,2.49931,0.156207
C,HSB,T,NGC5907@27.680000,0.211032,2.79162,0.0487619
C,HSB,T,NGC5907@30.200000,0.190279,2.57167,0.0471865
C,HSB,T,NGC5907@32.710000,0.161148,2.70161,0.0504974
C,HSB,T,NGC5907@35.230000,0.144,2.78088,0.0522232
C,HSB,T,NGC5907@37.750000,0.12353,2.96876,0.0562798
C,HSB,T,NGC5907@40.260000,0.110739,3.2843,0.0605401
C,HSB,F,NGC5907@42.780000,0.0968093,3.50307,0.0973075
C,HSB,F,NGC5907@45.290000,0.0870613,3.64543,0.101733
C,HSB,F,NGC5907@47.810000,0.0785632,3.89835,0.179647
C,HSB,F,NGC5907@50.330000,0.0734524,3.85207,0.180003
C,bulge,T,NGC5985@3.540000,1.36148,3.20845,0.230203
C,bulge,T,NGC5985@4.230000,1.09629,3.54722,0.189082
C,bulge,T,NGC5985@4.970000,0.916329,4.19947,0.17272
C,bulge,T,NGC5985@5.740000,0.823414,4.37934,0.224059
C,bulge,T,NGC5985@6.470000,0.770985,4.31182,0.229527
C,bulge,T,NGC5985@7.220000,0.748671,4.25607,0.195591
C,bulge,T,NGC5985@8.020000,0.721316,4.42755,0.123724
C,bulge,T,NGC5985@8.790000,0.698825,4.22803,0.212133
C,bulge,T,NGC5985@9.500000,0.688433,4.05396,0.192424
C,bulge,T,NGC5985@10.270000,0.691281,3.99474,0.275134
C,bulge,T,NGC5985@11.080000,0.688511,3.7176,0.253585
C,bulge,T,NGC5985@11.820000,0.669163,3.63326,0.248592
C,bulge,T,NGC5985@12.560000,0.646061,3.51821,0.241514
C,bulge,T,NGC5985@13.390000,0.620538,3.48137,0.230569
C,bulge,T,NGC5985@14.100000,0.599854,3.30885,0.193678
C,bulge,T,NGC5985@14.930000,0.567004,3.19666,0.210655
C,bulge,T,NGC5985@15.640000,0.537453,3.19754,0.115721
C,bulge,T,NGC5985@16.350000,0.513616,3.11415,0.114257
C,bulge,T,NGC5985@17.180000,0.488384,3.13834,0.0869245
C,bulge,T,NGC5985@17.890000,0.46191,3.07797,0.0699538
C,bulge,T,NGC5985@18.720000,0.428204,3.19526,0.0803825
C,bulge,T,NGC5985@19.440000,0.403631,3.42542,0.0780622
C,bulge,T,NGC5985@20.260000,0.382206,3.37722,0.0873418
C,bulge,T,NGC5985@20.980000,0.364887,3.36915,0.0711265
C,bulge,T,NGC5985@21.690000,0.348053,3.46409,0.152898
C,bulge,T,NGC5985@22.520000,0.329826,3.6186,0.103142
C,bulge,T,NGC5985@23.230000,0.315434,3.7433,0.103855
C,bulge,T,NGC5985@24.060000,0.300955,3.6867,0.129601
C,bulge,T,NGC5985@24.770000,0.289677,3.66982,0.15663
C,bulge,T,NGC5985@25.950000,0.273165,3.86945,0.104228
C,bulge,T,NGC5985@28.920000,0.232732,3.93923,0.107924
C,bulge,T,NGC5985@31.760000,0.196989,4.12251,0.114514
C,bulge,T,NGC5985@34.720000,0.17381,4.18538,0.117484
C,HSB,T,NGC6015@0.340000,0.800792,1.43932,0.170286
C,HSB,T,NGC6015@0.670000,0.893067,2.02353,0.272398
C,HSB,T,NGC6015@1.000000,0.997199,2.56526,0.21495
C,HSB,T,NGC6015@1.320000,0.877353,2.90414,0.111698
C,HSB,T,NGC6015@1.650000,0.790391,2.62877,0.120172
C,HSB,T,NGC6015@1.980000,0.743547,2.46362,0.0912451
C,HSB,T,NGC6015@2.310000,0.731714,2.4755,0.0981662
C,HSB,T,NGC6015@2.630000,0.735989,2.71493,0.137835
C,HSB,T,NGC6015@2.960000,0.760048,2.74792,0.0857508
C,HSB,T,NGC6015@3.280000,0.786048,2.57088,0.0563481
C,HSB,T,NGC6015@3.610000,0.806515,2.40305,0.0448568
C,HSB,T,NGC6015@3.940000,0.811077,2.24816,0.0325392
C,HSB,T,NGC6015@4.270000,0.798971,2.1898,0.0367321
C,HSB,T,NGC6015@4.600000,0.761705,2.05041,0.0485624
C,HSB,T,NGC6015@4.940000,0.710703,1.99281,0.06377
C,HSB,T,NGC6015@5.300000,0.648323,1.95554,0.146333
C,HSB,T,NGC6015@5.630000,0.598238,1.94112,0.101742
C,HSB,T,NGC6015@5.960000,0.567178,2.1253,0.114654
C,HSB,T,NGC6015@6.270000,0.539065,2.0425,0.0383826
C,HSB,T,NGC6015@8.240000,0.382502,2.19033,0.117602
C,HSB,T,NGC6015@10.300000,0.271815,2.36752,0.129727
C,HSB,T,NGC6015@11.130000,0.245279,2.52881,0.10862
C,HSB,T,NGC6015@11.950000,0.224899,2.6732,0.0984863
C,HSB,T,NGC6015@12.720000,0.205825,2.78033,0.0872261
C,HSB,T,NGC6015@13.580000,0.185654,3.00155,0.084659
C,HSB,T,NGC6015@14.430000,0.16808,3.20059,0.113439
C,HSB,T,NGC6015@15.290000,0.152273,3.33413,0.130833
C,HSB,T,NGC6015@16.020000,0.14011,3.50236,0.167409
C,HSB,T,NGC6015@16.880000,0.126819,3.76526,0.168384
C,HSB,T,NGC6015@17.730000,0.115357,4.03944,0.198255
C,HSB,T,NGC6015@18.590000,0.105026,4.17976,0.24769
C,HSB,F,NGC6015@19.320000,0.09766,4.43265,0.308123
C,HSB,F,NGC6015@20.180000,0.0903476,4.64333,0.393979
C,HSB,F,NGC6015@21.040000,0.0834784,4.8786,0.370304
C,HSB,F,NGC6015@21.890000,0.0772682,4.88459,0.419535
C,HSB,F,NGC6015@22.630000,0.0727474,4.7752,0.510556
C,HSB,F,NGC6015@23.480000,0.0680993,4.67221,0.548607
C,HSB,F,NGC6015@24.340000,0.0636232,4.76217,0.494771
C,HSB,F,NGC6015@25.190000,0.059976,4.56947,0.33121
C,HSB,F,NGC6015@25.930000,0.0593482,4.73012,0.191678
C,HSB,F,NGC6015@26.780000,0.052229,5.41036,0.208091
C,HSB,F,NGC6015@27.640000,0.0478208,5.36412,0.667851
C,HSB,F,NGC6015@28.370000,0.0445442,6.14275,0.598724
C,HSB,F,NGC6015@29.230000,0.041547,5.91586,0.264657
C,bulge,T,NGC6195@1.330000,9.50778,0.753086,0.117051
C,bulge,T,NGC6195@2.340000,6.69384,1.11508,0.0343462
C,bulge,T,NGC6195@3.330000,4.94847,1.15127,0.035517
C,bulge,T,NGC6195@4.340000,3.90689,1.07401,0.031599
C,bulge,T,NGC6195@5.350000,3.17598,1.05412,0.0368942
C,bulge,T,NGC6195@6.340000,2.72201,0.978209,0.0385406
C,bulge,T,NGC6195@7.340000,2.35488,0.976667,0.0388152
C,bulge,T,NGC6195@8.320000,2.03883,1.11838,0.0580469
C,bulge,T,NGC6195@9.340000,1.76011,1.16337,0.0716784
C,bulge,T,NGC6195@10.380000,1.55999,1.12463,0.0841149
C,bulge,T,NGC6195@11.360000,1.39961,1.24198,0.123212
C,bulge,T,NGC6195@12.340000,1.26044,1.20004,0.0854232
C,bulge,T,NGC6195@13.320000,1.16035,1.22744,0.0441282
C,bulge,T,NGC6195@14.300000,1.0884,1.13169,0.0883481
C,bulge,T,NGC6195@15.470000,1.02292,1.21833,0.0976622
C,bulge,T,NGC6195@16.350000,0.967799,1.22822,0.0604285
C,bulge,T,NGC6195@17.920000,0.877909,1.26518,0.06961
C,bulge,T,NGC6195@19.100000,0.822114,1.31817,0.157364
C,bulge,T,NGC6195@22.520000,0.656976,1.35597,0.0695066
C,bulge,T,NGC6195@26.050000,0.499718,1.56548,0.0945401
C,bulge,T,NGC6195@29.480000,0.385085,1.78113,0.118742
C,bulge,T,NGC6195@33.000000,0.305177,1.83829,0.0866406
C,bulge,T,NGC6195@36.430000,0.257999,2.00213,0.0690165
C,HSB,T,NGC6503@0.760000,1.02983,2.3556,0.611844
C,HSB,T,NGC6503@1.520000,1.56368,1.3083,0.13083
C,HSB,T,NGC6503@2.280000,1.40033,1.17847,0.0428534
C,HSB,T,NGC6503@3.040000,0.939888,1.51535,0.0513679
C,HSB,T,NGC6503@3.790000,0.624912,1.92226,0.0635457
C,HSB,T,NGC6503@4.550000,0.43998,2.27418,0.0751796
C,HSB,T,NGC6503@5.310000,0.33006,2.42876,0.0830344
C,HSB,T,NGC6503@6.070000,0.258153,2.67024,0.0920772
C,HSB,T,NGC6503@6.830000,0.211324,2.89898,0.0999649
C,HSB,T,NGC6503@7.590000,0.176487,3.12365,0.107712
C,HSB,T,NGC6503@8.350000,0.14839,3.31897,0.0577213
C,HSB,T,NGC6503@9.110000,0.127613,3.53737,0.0615195
C,HSB,T,NGC6503@9.860000,0.11249,3.77245,0.0650422
C,HSB,F,NGC6503@10.640000,0.0993525,4.02671,0.0688327
C,HSB,F,NGC6503@11.380000,0.0888611,4.20937,0.0719551
C,HSB,F,NGC6503@12.120000,0.0803759,4.44462,0.0753325
C,HSB,F,NGC6503@12.860000,0.0734707,4.50522,0.0770122
C,HSB,F,NGC6503@13.700000,0.0664607,4.59547,0.0792323
C,HSB,F,NGC6503@14.440000,0.0604664,4.70992,0.0819117
C,HSB,F,NGC6503@15.180000,0.0550412,5.09461,0.0870874
C,HSB,F,NGC6503@15.910000,0.0505055,5.20722,0.0897797
C,HSB,F,NGC6503@16.650000,0.0468916,5.26727,0.183209
C,HSB,F,NGC6503@17.490000,0.04298,5.47065,0.190284
C,HSB,F,NGC6503@18.230000,0.0396713,5.68633,0.197785
C,HSB,F,NGC6503@18.970000,0.0365163,5.83384,0.204696
C,HSB,F,NGC6503@19.710000,0.0339606,6.14375,0.213695
C,HSB,F,NGC6503@20.450000,0.0317393,6.22613,0.218461
C,HSB,F,NGC6503@21.290000,0.0295055,6.66095,0.229688
C,HSB,F,NGC6503@22.030000,0.0276302,6.7561,0.352492
C,HSB,F,NGC6503@22.760000,0.0259563,7.32907,0.496886
C,HSB,F,NGC6503@23.500000,0.0243266,7.19358,1.25106
C,bulge,T,NGC6674@2.500000,3.50122,1.50756,1.09774
C,bulge,T,NGC6674@7.490000,1.27575,2.64326,0.148394
C,bulge,T,NGC6674@12.540000,0.782004,2.68521,0.129185
C,bulge,T,NGC6674@17.450000,0.490381,2.72817,0.0995681
C,bulge,T,NGC6674@22.470000,0.331063,2.95766,0.0889522
C,bulge,T,NGC6674@27.480000,0.240194,3.06338,0.0480531
C,bulge,T,NGC6674@32.500000,0.177517,3.36866,0.0538985
C,bulge,T,NGC6674@37.510000,0.135727,3.57699,0.0591239
C,bulge,T,NGC6674@42.420000,0.108963,3.77874,0.0637762
C,bulge,F,NGC6674@47.440000,0.088347,4.09731,0.0697414
C,bulge,F,NGC6674@52.450000,0.0715425,4.61544,0.0782278
C,bulge,F,NGC6674@57.470000,0.0612387,5.17444,0.0855279
C,bulge,F,NGC6674@62.480000,0.0526226,5.72342,0.0930638
C,bulge,F,NGC6674@67.400000,0.0446468,6.05173,0.200057
C,bulge,F,NGC6674@72.410000,0.0377821,6.65649,0.275062
C,bulge,S,NGC6946@0.190000,62.7745,0.610303,0.0638225
C,bulge,S,NGC6946@0.560000,12.1296,0.77366,0.107122
C,bulge,T,NGC6946@0.940000,5.75168,0.942316,0.0441711
C,bulge,T,NGC6946@1.220000,4.1207,1.11065,0.0497307
C,bulge,T,NGC6946@1.590000,3.12862,1.04023,0.0645103
C,bulge,T,NGC6946@1.960000,2.52802,1.07697,0.115097
C,bulge,T,NGC6946@2.340000,2.22713,1.13631,0.131746
C,bulge,T,NGC6946@2.710000,2.12045,1.04552,0.0752171
C,bulge,T,NGC6946@2.990000,1.94649,1.09257,0.0458421
C,bulge,T,NGC6946@3.370000,1.79074,1.09836,0.030092
C,bulge,T,NGC6946@3.740000,1.64205,1.20083,0.0311904
C,bulge,T,NGC6946@4.120000,1.51873,1.28817,0.0160021
C,bulge,T,NGC6946@4.400000,1.45952,1.35042,0.0323454
C,bulge,T,NGC6946@4.770000,1.39874,1.39487,0.0322514
C,bulge,T,NGC6946@5.150000,1.34662,1.3889,0.063132
C,bulge,T,NGC6946@5.520000,1.32804,1.34396,0.0755036
C,bulge,T,NGC6946@5.890000,1.24805,1.37055,0.0456851
C,bulge,T,NGC6946@6.170000,1.15685,1.39586,0.0623848
C,bulge,T,NGC6946@6.550000,1.08371,1.41935,0.0788528
C,bulge,T,NGC6946@6.920000,1.03478,1.42266,0.0628802
C,bulge,T,NGC6946@7.300000,0.95939,1.42261,0.0635805
C,bulge,T,NGC6946@7.580000,0.896651,1.46593,0.0327582
C,bulge,T,NGC6946@7.950000,0.816716,1.5345,0.0171453
C,bulge,T,NGC6946@8.330000,0.745854,1.58577,0.0178177
C,bulge,T,NGC6946@8.700000,0.701877,1.59538,0.0360539
C,bulge,T,NGC6946@9.080000,0.661448,1.60377,0.0364494
C,bulge,T,NGC6946@9.360000,0.630348,1.57738,0.0547067
C,bulge,T,NGC6946@9.730000,0.587815,1.60843,0.0374054
C,bulge,T,NGC6946@10.100000,0.550648,1.6541,0.0384673
C,bulge,T,NGC6946@10.480000,0.514827,1.66561,0.0391909
C,bulge,T,NGC6946@10.760000,0.490418,1.72311,0.0403066
C,bulge,T,NGC6946@11.130000,0.459032,1.84272,0.0423614
C,bulge,T,NGC6946@11.510000,0.431764,1.89442,0.0435499
C,bulge,T,NGC6946@11.880000,0.407592,1.96668,0.0449526
C,bulge,T,NGC6946@12.260000,0.385771,1.99057,0.0457603
C,bulge,T,NGC6946@12.540000,0.371304,1.99878,0.138643
C,bulge,T,NGC6946@12.910000,0.353561,2.03892,0.141428
C,bulge,T,NGC6946@13.290000,0.337695,2.07368,0.191785
C,bulge,T,NGC6946@13.660000,0.323863,2.1526,0.22141
C,bulge,T,NGC6946@14.030000,0.310328,2.16232,0.223688
C,bulge,T,NGC6946@14.310000,0.300824,2.11222,0.222339
C,bulge,T,NGC6946@14.690000,0.284645,2.07399,0.198706
C,bulge,T,NGC6946@15.060000,0.268552,2.09322,0.177606
C,bulge,T,NGC6946@15.440000,0.254783,2.10018,0.206153
C,bulge,T,NGC6946@15.720000,0.246279,2.1079,0.208188
C,bulge,T,NGC6946@16.090000,0.219596,2.28124,0.255045
C,bulge,T,NGC6946@16.470000,0.209378,2.27965,0.286748
C,bulge,T,NGC6946@16.840000,0.20022,2.30231,0.291431
C,bulge,T,NGC6946@17.210000,0.191592,2.32456,0.296122
C,bulge,T,NGC6946@17.500000,0.185141,2.3657,0.301363
C,bulge,T,NGC6946@17.870000,0.177454,2.41707,0.277116
C,bulge,T,NGC6946@18.240000,0.170328,2.5623,0.352316
C,bulge,T,NGC6946@18.620000,0.163437,2.58323,0.389922
C,bulge,T,NGC6946@18.900000,0.158577,2.65605,0.464809
C,bulge,T,NGC6946@19.270000,0.15276,2.63707,0.53409
C,bulge,T,NGC6946@19.650000,0.147322,2.58067,0.599381
C,bulge,T,NGC6946@20.020000,0.141255,2.71038,0.656015
C,bulge,T,NGC6946@20.400000,0.13555,2.66692,0.727342
C,bulge,T,NGC7331@2.670000,7.39463,0.76923,0.139227
C,bulge,T,NGC7331@3.210000,6.77378,0.803266,0.0881221
C,bulge,T,NGC7331@3.740000,6.31818,0.815896,0.052427
C,bulge,T,NGC7331@4.270000,5.54015,0.821542,0.0328617
C,bulge,T,NGC7331@4.810000,4.83384,0.856058,0.0338363
C,bulge,T,NGC7331@5.350000,4.37997,0.876477,0.0341042
C,bulge,T,NGC7331@5.880000,3.83643,0.910459,0.0354264
C,bulge,T,NGC7331@6.410000,3.41133,0.939256,0.0365469
C,bulge,T,NGC7331@7.480000,2.68252,1.02358,0.0398279
C,bulge,T,NGC7331@8.550000,2.07058,1.14215,0.0447901
C,bulge,T,NGC7331@9.620000,1.70003,1.16942,0.0565848
C,bulge,T,NGC7331@10.660000,1.43105,1.2436,0.0604178
C,bulge,T,NGC7331@11.740000,1.21252,1.32194,0.0644849
C,bulge,T,NGC7331@12.830000,1.0558,1.36669,0.0672141
C,bulge,T,NGC7331@13.910000,0.925933,1.41391,0.046741
C,bulge,T,NGC7331@15.000000,0.812458,1.44531,0.0364364
C,bulge,T,NGC7331@16.080000,0.721364,1.49308,0.0379596
C,bulge,T,NGC7331@17.070000,0.655463,1.50879,0.038853
C,bulge,T,NGC7331@18.150000,0.600806,1.56142,0.0400365
C,bulge,T,NGC7331@19.240000,0.556484,1.61758,0.0411249
C,bulge,T,NGC7331@20.320000,0.513648,1.67343,0.0423652
C,bulge,T,NGC7331@21.410000,0.466887,1.76208,0.0444221
C,bulge,T,NGC7331@22.490000,0.425964,1.86965,0.0467412
C,bulge,T,NGC7331@23.480000,0.394154,1.90322,0.0479804
C,bulge,T,NGC7331@24.570000,0.358955,1.98039,0.0501364
C,bulge,T,NGC7331@25.650000,0.328965,2.05252,0.0521826
C,bulge,T,NGC7331@26.740000,0.303046,2.17362,0.0547971
C,bulge,T,NGC7331@27.820000,0.279182,2.28692,0.0574123
C,bulge,T,NGC7331@28.910000,0.256748,2.39298,0.0600749
C,bulge,T,NGC7331@29.890000,0.238242,2.53624,0.0841904
C,bulge,T,NGC7331@30.980000,0.219875,2.54253,0.0861875
C,bulge,T,NGC7331@32.060000,0.2045,2.64159,0.111932
C,bulge,T,NGC7331@33.150000,0.191519,2.79769,0.117058
C,bulge,T,NGC7331@34.230000,0.179758,2.83858,0.119771
C,bulge,T,NGC7331@35.320000,0.168429,3.03595,0.176362
C,bulge,T,NGC7331@36.310000,0.157275,3.08437,0.233271
C,bulge,S,NGC7814@0.630000,41.565,0.833918,0.0944058
C,bulge,S,NGC7814@1.720000,11.9145,0.948366,0.113804
C,bulge,T,NGC7814@2.790000,5.69321,1.0628,0.0665046
C,bulge,T,NGC7814@3.910000,3.3864,1.24234,0.0696789
C,bulge,T,NGC7814@5.030000,2.25709,1.42381,0.0670691
C,bulge,T,NGC7814@6.140000,1.59495,1.65065,0.0747135
C,bulge,T,NGC7814@7.260000,1.17706,1.87506,0.098131
C,bulge,T,NGC7814@8.370000,0.913292,2.07769,0.05516
C,bulge,T,NGC7814@9.500000,0.725303,2.24422,0.0789001
C,bulge,T,NGC7814@10.650000,0.58828,2.38042,0.0630431
C,bulge,T,NGC7814@11.740000,0.490106,2.52144,0.059534
C,bulge,T,NGC7814@12.820000,0.412699,2.69157,0.0641449
C,bulge,T,NGC7814@14.010000,0.344536,2.95022,0.0846464
C,bulge,T,NGC7814@15.090000,0.29853,3.16119,0.106653
C,bulge,T,NGC7814@16.180000,0.262015,3.3591,0.140015
C,bulge,T,NGC7814@17.360000,0.227716,3.60232,0.17069
C,bulge,T,NGC7814@18.440000,0.201794,3.82699,0.170963
C,bulge,T,NGC7814@19.530000,0.179819,4.05498,0.184558
C,dwarf,F,PGC51017@0.330000,0.0788902,5.01961,2.04213
C,dwarf,F,PGC51017@0.990000,0.098517,1.26258,0.230944
C,dwarf,F,PGC51017@1.650000,0.0666951,1.05253,0.18433
C,dwarf,F,PGC51017@2.310000,0.0441045,1.07875,0.218045
C,dwarf,F,PGC51017@2.970000,0.0322758,1.07451,0.205455
C,dwarf,F,PGC51017@3.630000,0.0262784,1.09168,0.264867
C,LSB,T,UGC00128@1.250000,0.108239,2.67249,2.94679
C,LSB,T,UGC00128@3.750000,0.10167,5.01312,0.836373
C,LSB,F,UGC00128@6.250000,0.0660923,7.06832,0.355969
C,LSB,F,UGC00128@8.760000,0.0517709,7.99756,0.18661
C,LSB,F,UGC00128@11.250000,0.0446905,7.89748,0.139778
C,LSB,F,UGC00128@13.740000,0.0433695,6.78169,0.10232
C,LSB,F,UGC00128@16.220000,0.0422428,6.64457,0.0746828
C,LSB,F,UGC00128@18.710000,0.0406368,6.49302,0.0566851
C,LSB,F,UGC00128@21.300000,0.0386148,6.19421,0.0609743
C,LSB,F,UGC00128@23.790000,0.0370844,5.86534,0.0554707
C,LSB,F,UGC00128@26.280000,0.0343617,5.73031,0.0577473
C,LSB,F,UGC00128@28.770000,0.0331654,5.59264,0.0623302
C,LSB,F,UGC00128@31.250000,0.0298368,5.72321,0.0725231
C,LSB,F,UGC00128@33.740000,0.0252083,6.27412,0.0718411
C,LSB,F,UGC00128@36.230000,0.0223719,6.1878,0.120833
C,LSB,F,UGC00128@38.820000,0.0204392,6.22187,0.138264
C,LSB,F,UGC00128@41.310000,0.0183622,6.92795,0.172666
C,LSB,F,UGC00128@43.800000,0.0161253,7.67124,0.233624
C,LSB,F,UGC00128@46.280000,0.0142404,8.47214,0.265545
C,LSB,F,UGC00128@48.770000,0.0124595,8.5158,0.351194
C,LSB,F,UGC00128@51.260000,0.0110511,9.56449,0.67676
C,LSB,F,UGC00128@53.750000,0.00995455,9.08069,0.864482
C,dwarf,F,UGC00731@0.910000,0.0106669,28.0675,4.51355
C,dwarf,F,UGC00731@1.810000,0.0165519,20.6463,2.22202
C,dwarf,F,UGC00731@2.730000,0.0155283,18.6326,2.11465
C,dwarf,F,UGC00731@3.640000,0.024714,11.152,1.34688
C,dwarf,F,UGC00731@4.550000,0.0249038,10.1111,0.992788
C,dwarf,F,UGC00731@5.450000,0.0253453,9.42353,0.716596
C,dwarf,F,UGC00731@6.360000,0.0318444,7.09948,0.496964
C,dwarf,F,UGC00731@7.280000,0.0431015,5.06627,0.357119
C,dwarf,F,UGC00731@8.190000,0.0470453,4.34801,0.317512
C,dwarf,F,UGC00731@9.090000,0.0448103,4.18043,0.319747
C,dwarf,F,UGC00731@10.000000,0.0429967,3.93892,0.343721
C,dwarf,F,UGC00731@10.910000,0.0387731,4.01451,0.371573
C,LSB,F,UGC01230@0.780000,0.0919287,1.70014,1.83752
C,LSB,T,UGC01230@2.350000,0.11873,3.4205,1.32128
C,LSB,F,UGC01230@3.910000,0.0964052,6.46113,1.56235
C,LSB,F,UGC01230@5.480000,0.0898803,6.96038,1.41859
C,LSB,F,UGC01230@7.030000,0.0807862,6.15203,1.24201
C,LSB,F,UGC01230@8.600000,0.0720736,5.32229,1.1058
C,LSB,F,UGC01230@13.270000,0.0561061,4.96216,1.43857
C,LSB,F,UGC01230@14.850000,0.0531271,5.03284,1.30943
C,LSB,F,UGC01230@25.800000,0.0349785,3.7989,0.752543
C,LSB,F,UGC01230@32.010000,0.0240958,4.27708,0.8305
C,LSB,F,UGC01230@36.540000,0.0174938,5.16084,1.00211
C,dwarf,F,UGC01281@0.380000,0.0107506,4.52471,4.6949
C,dwarf,F,UGC01281@0.540000,0.0166165,4.19326,3.04965
C,dwarf,F,UGC01281@0.690000,0.0181091,5.018,2.82705
C,dwarf,F,UGC01281@0.840000,0.0197004,5.55907,3.73621
C,dwarf,F,UGC01281@1.000000,0.0218358,5.81075,2.72703
C,dwarf,F,UGC01281@1.150000,0.0228516,6.36883,2.19615
C,dwarf,F,UGC01281@1.300000,0.0327739,5.0867,2.74759
C,dwarf,F,UGC01281@1.460000,0.035125,5.20553,1.55633
C,dwarf,F,UGC01281@1.610000,0.0397808,4.84813,1.51581
C,dwarf,F,UGC01281@1.760000,0.0427158,4.95165,1.14489
C,dwarf,F,UGC01281@1.920000,0.0463777,4.88463,1.85198
C,dwarf,F,UGC01281@2.070000,0.0480773,4.97433,0.997358
C,dwarf,F,UGC01281@2.220000,0.0501831,4.97065,1.02947
C,dwarf,F,UGC01281@2.380000,0.0510618,5.0442,1.04065
C,dwarf,F,UGC01281@2.530000,0.0511176,5.24375,1.32722
C,dwarf,F,UGC01281@2.680000,0.0509042,5.3616,1.70687
C,dwarf,F,UGC01281@2.760000,0.0503367,5.44001,2.14731
C,dwarf,F,UGC01281@3.070000,0.0481994,5.90298,0.891015
C,dwarf,F,UGC01281@3.460000,0.0468006,5.62038,0.83111
C,dwarf,F,UGC01281@3.830000,0.0423648,5.79723,0.843233
C,dwarf,F,UGC01281@4.230000,0.0370111,6.16222,0.885058
C,dwarf,F,UGC01281@4.620000,0.0371109,5.76918,0.818324
C,dwarf,F,UGC01281@4.990000,0.036441,5.53648,0.778415
C,dwarf,F,UGC02259@1.020000,0.0970948,9.88164,1.19777
C,dwarf,T,UGC02259@2.040000,0.108811,7.08169,0.597611
C,dwarf,T,UGC02259@3.050000,0.104343,6.36332,0.236555
C,dwarf,F,UGC02259@4.070000,0.0958469,5.46497,0.198006
C,dwarf,F,UGC02259@5.090000,0.0765259,5.59273,0.200456
C,dwarf,F,UGC02259@6.110000,0.0674079,5.58398,0.19479
C,dwarf,F,UGC02259@7.130000,0.0594466,5.72011,0.29799
C,dwarf,F,UGC02259@8.140000,0.0467446,6.61955,0.441303
C,bulge,T,UGC02487@9.930000,1.96757,2.26206,0.123603
C,bulge,T,UGC02487@10.050000,1.94707,2.25857,0.236041
C,bulge,T,UGC02487@10.350000,1.90122,2.25793,0.129025
C,bulge,T,UGC02487@15.070000,1.19401,2.32762,0.135725
C,bulge,T,UGC02487@20.090000,0.815353,2.51522,0.0921788
C,bulge,T,UGC02487@25.120000,0.592491,2.93806,0.0969951
C,bulge,T,UGC02487@30.140000,0.453,3.34084,0.0666423
C,bulge,T,UGC02487@35.170000,0.336986,3.74885,0.0438358
C,bulge,T,UGC02487@40.190000,0.257629,3.97914,0.0874536
C,bulge,T,UGC02487@45.210000,0.204109,4.10443,0.0705632
C,bulge,T,UGC02487@50.240000,0.16497,4.28624,0.0781161
C,bulge,T,UGC02487@55.260000,0.136849,4.53236,0.0597943
C,bulge,T,UGC02487@60.280000,0.116642,4.81613,0.0469938
C,bulge,F,UGC02487@65.310000,0.0993346,5.18813,0.0693853
C,bulge,F,UGC02487@70.330000,0.085711,5.61759,0.120182
C,bulge,F,UGC02487@75.350000,0.0741394,6.13541,0.495268
C,bulge,F,UGC02487@80.380000,0.0644452,6.65654,0.611682
C,bulge,T,UGC02885@1.700000,9.82808,1.73134,0.11353
C,bulge,T,UGC02885@3.410000,4.63187,1.30033,0.101193
C,bulge,T,UGC02885@6.820000,2.0951,1.42623,0.111424
C,bulge,T,UGC02885@13.670000,0.926587,1.80295,0.133059
C,bulge,T,UGC02885@19.490000,0.58175,2.18097,0.154679
C,bulge,T,UGC02885@23.360000,0.474445,2.31102,0.161047
C,bulge,T,UGC02885@27.240000,0.389792,2.34548,0.165759
C,bulge,T,UGC02885@31.220000,0.316317,2.46865,0.176332
C,bulge,T,UGC02885@35.100000,0.263751,2.63338,0.188099
C,bulge,T,UGC02885@38.970000,0.229403,2.74651,0.195481
C,bulge,T,UGC02885@42.850000,0.20086,2.87311,0.203767
C,bulge,T,UGC02885@46.730000,0.168018,3.26221,0.227332
C,bulge,T,UGC02885@50.710000,0.152944,3.41853,0.234146
C,bulge,T,UGC02885@54.580000,0.143779,3.51886,0.236165
C,bulge,T,UGC02885@58.460000,0.131595,3.5895,0.240906
C,bulge,T,UGC02885@62.340000,0.116841,3.79114,0.254439
C,bulge,T,UGC02885@66.210000,0.104865,3.9772,0.266926
C,bulge,F,UGC02885@70.190000,0.0973482,4.04137,0.271233
C,bulge,F,UGC02885@74.070000,0.0886819,4.20392,0.282142
C,bulge,T,UGC02916@0.370000,9.03286,3.11584,1.62092
C,bulge,S,UGC02916@0.740000,10.8659,1.48564,0.616995
C,bulge,T,UGC02916@1.110000,9.51376,1.23746,0.170226
C,bulge,T,UGC02916@1.480000,8.62029,1.08513,0.0811531
C,bulge,T,UGC02916@1.840000,8.0858,0.957164,0.0132393
C,bulge,T,UGC02916@2.210000,7.559,0.852452,0.0119503
C,bulge,T,UGC02916@2.600000,6.77161,0.801296,0.0198631
C,bulge,T,UGC02916@2.960000,5.78414,0.8086,0.0344901
C,bulge,T,UGC02916@3.170000,5.4069,0.800074,0.0661394
C,bulge,T,UGC02916@3.330000,5.09902,0.799946,0.022965
C,bulge,T,UGC02916@3.700000,4.47214,0.805236,0.0124481
C,bulge,T,UGC02916@4.070000,3.93021,0.824942,0.0138558
C,bulge,T,UGC02916@4.440000,3.45407,0.852104,0.0286806
C,bulge,T,UGC02916@4.810000,3.04269,0.892902,0.0241301
C,bulge,T,UGC02916@5.180000,2.69325,0.94586,0.0686897
C,bulge,T,UGC02916@5.550000,2.38634,1.00604,0.0487953
C,bulge,T,UGC02916@5.920000,2.12961,1.0671,0.0790061
C,bulge,T,UGC02916@6.280000,1.92231,1.13594,0.021096
C,bulge,T,UGC02916@6.340000,1.89174,1.14337,0.0520506
C,bulge,T,UGC02916@6.650000,1.7458,1.2038,0.022259
C,bulge,T,UGC02916@7.030000,1.59198,1.27243,0.00903779
C,bulge,T,UGC02916@7.390000,1.46609,1.3267,0.0273979
C,bulge,T,UGC02916@7.770000,1.34882,1.38431,0.0225591
C,bulge,T,UGC02916@8.140000,1.252,1.43678,0.0202605
C,bulge,T,UGC02916@8.510000,1.16455,1.49117,0.105339
C,bulge,T,UGC02916@8.880000,1.08596,1.53245,0.0964457
C,bulge,T,UGC02916@9.250000,1.01894,1.56791,0.120398
C,bulge,T,UGC02916@9.520000,0.972559,1.5961,0.0575474
C,bulge,T,UGC02916@9.620000,0.95625,1.60644,0.059689
C,bulge,T,UGC02916@9.990000,0.899957,1.62866,0.303217
C,bulge,T,UGC02916@10.400000,0.84341,1.66935,0.0646199
C,bulge,T,UGC02916@10.710000,0.806116,1.68043,0.049168
C,bulge,T,UGC02916@11.120000,0.759797,1.70127,0.106349
C,bulge,T,UGC02916@12.670000,0.622657,1.77152,0.0304166
C,bulge,T,UGC02916@12.980000,0.600816,1.7752,0.279321
C,bulge,T,UGC02916@15.860000,0.452599,1.89223,0.151741
C,bulge,T,UGC02916@19.050000,0.360312,2.09413,0.257139
C,bulge,T,UGC02916@22.140000,0.301141,2.1559,0.278763
C,bulge,T,UGC02916@25.340000,0.247616,2.18551,0.220632
C,bulge,T,UGC02916@28.530000,0.201499,2.07795,0.271406
C,bulge,T,UGC02916@31.720000,0.163334,2.05415,0.255381
C,bulge,T,UGC02916@34.910000,0.137045,2.15293,0.255512
C,bulge,T,UGC02916@38.000000,0.116985,2.29163,0.260815
C,bulge,S,UGC02953@0.090000,15.9232,11.5784,5.30301
C,bulge,S,UGC02953@0.170000,30.991,3.14947,0.760782
C,bulge,S,UGC02953@0.260000,35.5086,1.79728,0.255198
C,bulge,S,UGC02953@0.340000,33.2417,1.46812,0.151261
C,bulge,S,UGC02953@0.430000,29.4697,1.32078,0.0915438
C,bulge,S,UGC02953@0.510000,26.5416,1.23645,0.0696038
C,bulge,S,UGC02953@0.600000,23.9435,1.16503,0.0477059
C,bulge,S,UGC02953@0.690000,21.7563,1.11491,0.0384453
C,bulge,S,UGC02953@0.770000,20.1351,1.08885,0.0531806
C,bulge,S,UGC02953@0.860000,18.5204,1.0599,0.0439425
C,bulge,S,UGC02953@0.950000,17.1512,1.04499,0.096461
C,bulge,S,UGC02953@1.030000,16.202,1.02904,0.0902048
C,bulge,S,UGC02953@1.110000,15.3083,1.01061,0.0911702
C,bulge,S,UGC02953@1.200000,14.4836,0.996471,0.0861356
C,bulge,S,UGC02953@1.290000,13.7425,0.985239,0.088131
C,bulge,S,UGC02953@1.380000,13.0563,0.977587,0.116653
C,bulge,S,UGC02953@1.460000,12.4725,0.967266,0.114609
C,bulge,S,UGC02953@1.550000,11.8465,0.967327,0.158658
C,bulge,S,UGC02953@1.630000,11.3209,0.970626,0.143976
C,bulge,S,UGC02953@1.720000,10.76,0.975869,0.0578233
C,bulge,S,UGC02953@1.800000,10.294,0.982819,0.0966574
C,bulge,T,UGC02953@1.890000,9.79944,0.9914,0.0889404
C,bulge,T,UGC02953@1.980000,9.33866,1.00122,0.144438
C,bulge,T,UGC02953@2.070000,8.91238,1.02001,0.0945378
C,bulge,T,UGC02953@2.150000,8.56061,1.03074,0.107665
C,bulge,T,UGC02953@2.230000,8.23368,1.04161,0.129361
C,bulge,T,UGC02953@2.320000,7.89397,1.05272,0.148819
C,bulge,T,UGC02953@2.400000,7.6158,1.07182,0.204969
C,bulge,T,UGC02953@2.490000,7.32865,1.08212,0.0867417
C,bulge,T,UGC02953@2.580000,7.07026,1.09115,0.103508
C,bulge,T,UGC02953@2.670000,6.84052,1.09841,0.0548342
C,bulge,T,UGC02953@2.750000,6.65705,1.11318,0.0540935
C,bulge,T,UGC02953@2.830000,6.49144,1.11799,0.0487217
C,bulge,T,UGC02953@2.920000,6.32462,1.12949,0.0761423
C,bulge,T,UGC02953@3.000000,6.18699,1.13252,0.0452136
C,bulge,T,UGC02953@3.090000,6.04151,1.1434,0.0960106
C,bulge,T,UGC02953@3.180000,5.90014,1.14636,0.139481
C,bulge,T,UGC02953@3.270000,5.76286,1.15006,0.114135
C,bulge,T,UGC02953@3.350000,5.64361,1.16375,0.10325
C,bulge,T,UGC02953@3.430000,5.52639,1.16946,0.111252
C,bulge,T,UGC02953@4.210000,4.52926,1.27852,0.05041
C,bulge,T,UGC02953@4.290000,4.44525,1.29671,0.0216119
C,bulge,T,UGC02953@4.380000,4.35194,1.30652,0.04709
C,bulge,T,UGC02953@4.470000,4.26318,1.3254,0.0428779
C,bulge,T,UGC02953@4.800000,3.96246,1.37496,0.102411
C,bulge,T,UGC02953@5.250000,3.6299,1.42965,0.0275303
C,bulge,T,UGC02953@5.320000,3.58395,1.4483,0.0186626
C,bulge,T,UGC02953@5.410000,3.52502,1.45775,0.041831
C,bulge,T,UGC02953@5.500000,3.46651,1.46787,0.048146
C,bulge,T,UGC02953@5.580000,3.41358,1.47907,0.022014
C,bulge,T,UGC02953@5.670000,3.35099,1.49265,0.0453725
C,bulge,T,UGC02953@5.760000,3.2944,1.50448,0.0503479
C,bulge,T,UGC02953@6.000000,3.15086,1.54015,0.0794232
C,bulge,T,UGC02953@6.180000,3.04846,1.55563,0.0446928
C,bulge,T,UGC02953@6.270000,2.99973,1.56838,0.0325897
C,bulge,T,UGC02953@6.360000,2.95322,1.58075,0.068141
C,bulge,T,UGC02953@6.450000,2.90893,1.59269,0.0599055
C,bulge,T,UGC02953@6.530000,2.87134,1.59377,0.0393814
C,bulge,T,UGC02953@6.610000,2.83613,1.60432,0.0248644
C,bulge,T,UGC02953@6.700000,2.79948,1.61383,0.0129313
C,bulge,T,UGC02953@6.790000,2.76598,1.61172,0.0372969
C,bulge,T,UGC02953@6.870000,2.73154,1.62339,0.143149
C,bulge,T,UGC02953@6.960000,2.69916,1.62162,0.0474571
C,bulge,T,UGC02953@7.050000,2.66677,1.63074,0.0316799
C,bulge,T,UGC02953@7.200000,2.61068,1.64147,0.0143824
C,bulge,T,UGC02953@7.390000,2.53424,1.65799,0.00787021
C,bulge,T,UGC02953@7.470000,2.4992,1.66323,0.0902144
C,bulge,T,UGC02953@7.990000,2.28307,1.7238,0.0147445
C,bulge,T,UGC02953@8.080000,2.25085,1.72901,0.173988
C,bulge,T,UGC02953@8.160000,2.22207,1.73422,0.0599889
C,bulge,T,UGC02953@8.250000,2.19469,1.74764,0.0322136
C,bulge,T,UGC02953@8.340000,2.16785,1.75019,0.019093
C,bulge,T,UGC02953@8.400000,2.15001,1.75211,0.024167
C,bulge,T,UGC02953@9.590000,1.81493,1.81804,0.0368167
C,bulge,T,UGC02953@10.800000,1.5414,1.87706,0.048318
C,bulge,T,UGC02953@12.020000,1.35858,1.85361,0.0311312
C,bulge,T,UGC02953@13.220000,1.20007,1.85936,0.00917607
C,bulge,T,UGC02953@14.420000,1.03985,1.90393,0.023375
C,bulge,T,UGC02953@15.630000,0.878834,2.01032,0.0180794
C,bulge,T,UGC02953@16.830000,0.745984,2.17005,0.0206741
C,bulge,T,UGC02953@18.030000,0.653109,2.28251,0.0178564
C,bulge,T,UGC02953@19.230000,0.576775,2.4233,0.00972619
C,bulge,T,UGC02953@20.430000,0.511143,2.57385,0.00875459
C,bulge,T,UGC02953@21.640000,0.455418,2.69028,0.0222962
C,bulge,T,UGC02953@22.840000,0.407788,2.80779,0.0234305
C,bulge,T,UGC02953@24.040000,0.365739,2.91311,0.0164433
C,bulge,T,UGC02953@25.240000,0.328401,3.00454,0.0229322
C,bulge,T,UGC02953@26.440000,0.296357,3.0891,0.0414094
C,bulge,T,UGC02953@27.650000,0.269197,3.18238,0.0357441
C,bulge,T,UGC02953@28.850000,0.245861,3.2673,0.0454789
C,bulge,T,UGC02953@30.050000,0.225496,3.37019,0.0278569
C,bulge,T,UGC02953@31.250000,0.208149,3.485,0.0363989
C,bulge,T,UGC02953@32.340000,0.194442,3.55172,0.0466495
C,bulge,T,UGC02953@33.550000,0.18089,3.65271,0.0495236
C,bulge,T,UGC02953@34.750000,0.168507,3.75743,0.0615879
C,bulge,T,UGC02953@35.950000,0.157085,3.86686,0.0878434
C,bulge,T,UGC02953@37.150000,0.146744,3.97548,0.0614392
C,bulge,T,UGC02953@38.350000,0.137513,4.10957,0.0491903
C,bulge,T,UGC02953@39.560000,0.129251,4.23856,0.103716
C,bulge,T,UGC02953@40.760000,0.122085,4.35521,0.0970024
C,bulge,T,UGC02953@41.960000,0.115463,4.47332,0.0548998
C,bulge,T,UGC02953@43.160000,0.109156,4.60023,0.074928
C,bulge,T,UGC02953@44.360000,0.103273,4.65933,0.158275
C,bulge,F,UGC02953@45.570000,0.098059,4.70413,0.268859
C,bulge,F,UGC02953@46.770000,0.0933507,4.74082,0.265339
C,bulge,F,UGC02953@47.970000,0.0888208,4.82038,0.201443
C,bulge,F,UGC02953@49.170000,0.0845393,4.97943,0.209599
C,bulge,F,UGC02953@50.370000,0.0806387,5.17524,0.257568
C,bulge,F,UGC02953@51.580000,0.0770168,5.41432,0.236748
C,bulge,F,UGC02953@52.780000,0.0734703,5.63132,0.235453
C,bulge,F,UGC02953@53.980000,0.0700921,5.81515,0.193693
C,bulge,F,UGC02953@55.180000,0.0669987,5.95134,0.210758
C,bulge,F,UGC02953@57.590000,0.06152,6.02474,0.242829
C,bulge,F,UGC02953@59.990000,0.0564006,6.35694,0.227206
C,bulge,F,UGC02953@62.390000,0.0520216,7.08824,0.262682
C,bulge,T,UGC03205@0.280000,6.60404,1.9253,1.08681
C,bulge,T,UGC03205@0.550000,8.37408,0.988485,0.254882
C,bulge,T,UGC03205@0.830000,7.13868,0.942352,0.122224
C,bulge,T,UGC03205@1.390000,4.98732,1.10565,0.176058
C,bulge,T,UGC03205@1.650000,4.43645,1.19894,0.166996
C,bulge,T,UGC03205@3.040000,2.42617,1.80653,0.140333
C,bulge,T,UGC03205@3.320000,2.18728,1.94275,0.119119
C,bulge,T,UGC03205@3.590000,2.01859,2.03924,0.209537
C,bulge,T,UGC03205@3.870000,1.8933,2.09158,0.114001
C,bulge,T,UGC03205@4.150000,1.82357,2.09867,0.100476
C,bulge,T,UGC03205@4.430000,1.77171,2.07766,0.108147
C,bulge,T,UGC03205@4.700000,1.71768,2.07318,0.132433
C,bulge,T,UGC03205@4.970000,1.6561,2.06865,0.107853
C,bulge,T,UGC03205@5.250000,1.59419,2.05181,0.0679279
C,bulge,T,UGC03205@5.520000,1.55345,2.01969,0.154558
C,bulge,T,UGC03205@5.800000,1.51902,1.98245,0.167296
C,bulge,T,UGC03205@6.080000,1.4837,1.93618,0.120255
C,bulge,T,UGC03205@6.360000,1.44917,1.89504,0.163118
C,bulge,T,UGC03205@6.630000,1.40669,1.857,0.163668
C,bulge,T,UGC03205@6.910000,1.35932,1.84385,0.0910985
C,bulge,T,UGC03205@7.190000,1.30932,1.82416,0.0842993
C,bulge,T,UGC03205@7.270000,1.29413,1.80975,0.129312
C,bulge,T,UGC03205@7.460000,1.25852,1.81356,0.122144
C,bulge,T,UGC03205@8.020000,1.16153,1.78122,0.125996
C,bulge,T,UGC03205@8.290000,1.11712,1.76083,0.0895022
C,bulge,T,UGC03205@8.560000,1.07458,1.75734,0.111144
C,bulge,T,UGC03205@8.840000,1.03003,1.74427,0.280936
C,bulge,T,UGC03205@9.120000,0.98816,1.7313,0.140823
C,bulge,T,UGC03205@9.690000,0.906153,1.72965,0.0870304
C,bulge,T,UGC03205@12.110000,0.625802,1.91437,0.0568993
C,bulge,T,UGC03205@14.580000,0.44847,2.30173,0.0395478
C,bulge,T,UGC03205@14.680000,0.442781,2.31542,0.161237
C,bulge,T,UGC03205@15.200000,0.41568,2.40371,0.207089
C,bulge,T,UGC03205@15.500000,0.402043,2.43714,0.299955
C,bulge,T,UGC03205@15.710000,0.393437,2.45715,0.181229
C,bulge,T,UGC03205@16.020000,0.380853,2.48922,0.0925855
C,bulge,T,UGC03205@16.320000,0.369155,2.5209,0.122509
C,bulge,T,UGC03205@16.530000,0.361825,2.53929,0.116279
C,bulge,T,UGC03205@16.840000,0.351178,2.56811,0.264946
C,bulge,T,UGC03205@16.940000,0.348143,2.57521,0.059661
C,bulge,T,UGC03205@19.400000,0.278812,2.73212,0.042611
C,bulge,T,UGC03205@21.770000,0.231072,2.88404,0.0301756
C,bulge,T,UGC03205@24.230000,0.190259,3.11801,0.0513383
C,bulge,T,UGC03205@26.690000,0.158477,3.30413,0.0769925
C,bulge,T,UGC03205@29.060000,0.133181,3.47606,0.04813
C,bulge,T,UGC03205@31.520000,0.112148,3.84249,0.105898
C,bulge,F,UGC03205@36.340000,0.0825587,5.01645,0.186521
C,bulge,F,UGC03205@40.040000,0.0660797,5.6883,0.326819
C,bulge,S,UGC03546@0.630000,54.0448,0.626913,0.35222
C,bulge,S,UGC03546@0.790000,38.8579,0.6331,0.281096
C,bulge,S,UGC03546@0.950000,29.1487,0.652215,0.232199
C,bulge,S,UGC03546@1.110000,22.6427,0.677454,0.184708
C,bulge,S,UGC03546@1.270000,18.1947,0.699552,0.176729
C,bulge,S,UGC03546@1.430000,14.9728,0.735232,0.158157
C,bulge,S,UGC03546@1.590000,12.6395,0.762565,0.0838134
C,bulge,T,UGC03546@1.900000,9.66675,0.826893,0.0474435
C,bulge,T,UGC03546@2.060000,8.62868,0.854421,0.0943343
C,bulge,T,UGC03546@2.220000,7.80009,0.885019,0.134746
C,bulge,T,UGC03546@2.380000,7.1242,0.903841,0.211711
C,bulge,T,UGC03546@2.790000,5.78104,0.941615,0.11163
C,bulge,T,UGC03546@2.860000,5.592,0.949622,0.101408
C,bulge,T,UGC03546@3.020000,5.1897,0.960275,0.199912
C,bulge,T,UGC03546@4.170000,3.14497,0.996447,0.0821461
C,bulge,T,UGC03546@5.560000,1.88638,1.07029,0.149841
C,bulge,T,UGC03546@6.960000,1.30895,1.23218,0.115046
C,bulge,T,UGC03546@8.350000,0.985891,1.48086,0.0477166
C,bulge,T,UGC03546@9.730000,0.799829,1.66284,0.0417339
C,bulge,T,UGC03546@11.140000,0.635732,1.82726,0.0195266
C,bulge,T,UGC03546@12.510000,0.521965,1.92394,0.0109119
C,bulge,T,UGC03546@13.880000,0.443971,2.07945,0.0153654
C,bulge,T,UGC03546@15.350000,0.379937,2.17562,0.0191713
C,bulge,T,UGC03546@16.720000,0.325946,2.23691,0.0357001
C,bulge,T,UGC03546@18.080000,0.278933,2.34461,0.0360709
C,bulge,T,UGC03546@19.450000,0.238896,2.51869,0.0560863
C,bulge,T,UGC03546@20.920000,0.203534,2.69217,0.17415
C,bulge,T,UGC03546@22.920000,0.165531,2.95879,0.0977957
C,bulge,T,UGC03546@25.020000,0.136629,3.31846,0.507324
C,bulge,F,UGC03546@29.230000,0.0980944,4.03962,0.778622
C,bulge,T,UGC03580@0.110000,4.00323,2.23033,2.26208
C,bulge,T,UGC03580@0.230000,5.6959,0.990545,0.696142
C,bulge,T,UGC03580@0.340000,5.56067,0.810526,0.397181
C,bulge,T,UGC03580@0.460000,4.91985,0.704394,0.230207
C,bulge,T,UGC03580@0.570000,4.19239,0.655963,0.208799
C,bulge,T,UGC03580@0.690000,3.6497,0.587883,0.159666
C,bulge,T,UGC03580@0.800000,3.30999,0.538221,0.0990581
C,bulge,T,UGC03580@0.920000,2.99868,0.504467,0.0603249
C,bulge,T,UGC03580@1.030000,2.78485,0.480849,0.0447637
C,bulge,T,UGC03580@1.140000,2.5597,0.475508,0.042995
C,bulge,T,UGC03580@1.260000,2.33453,0.480229,0.0440329
C,bulge,T,UGC03580@1.370000,2.13894,0.495019,0.0392826
C,bulge,T,UGC03580@1.490000,1.93692,0.521939,0.0412451
C,bulge,T,UGC03580@1.610000,1.76277,0.555441,0.0407219
C,bulge,T,UGC03580@1.710000,1.63604,0.590695,0.066281
C,bulge,T,UGC03580@1.830000,1.50085,0.635147,0.104642
C,bulge,T,UGC03580@1.940000,1.38865,0.684364,0.137584
C,bulge,T,UGC03580@2.060000,1.28132,0.738969,0.100022
C,bulge,T,UGC03580@2.180000,1.19004,0.794197,0.123715
C,bulge,T,UGC03580@2.290000,1.12215,0.845715,0.0410718
C,bulge,T,UGC03580@2.400000,1.06427,0.894127,0.0404809
C,bulge,T,UGC03580@2.520000,1.00763,0.944035,0.0365572
C,bulge,T,UGC03580@2.630000,0.959458,0.991522,0.0477522
C,bulge,T,UGC03580@2.750000,0.907827,1.04053,0.0428053
C,bulge,T,UGC03580@2.860000,0.862935,1.08505,0.0785728
C,bulge,T,UGC03580@2.980000,0.816907,1.13107,0.0336556
C,bulge,T,UGC03580@3.090000,0.776959,1.17386,0.135882
C,bulge,T,UGC03580@3.200000,0.73963,1.21334,0.157317
C,bulge,T,UGC03580@4.520000,0.441223,1.47918,0.0698585
C,bulge,T,UGC03580@4.690000,0.416917,1.49322,0.360593
C,bulge,T,UGC03580@6.030000,0.281976,1.71364,0.0814334
C,bulge,T,UGC03580@7.530000,0.204012,2.23166,0.0433579
C,bulge,T,UGC03580@8.580000,0.168037,2.60971,0.337839
C,bulge,T,UGC03580@8.700000,0.164763,2.62485,0.251031
C,bulge,T,UGC03580@8.820000,0.161657,2.63889,0.247576
C,bulge,T,UGC03580@9.030000,0.156403,2.71277,0.0400806
C,bulge,T,UGC03580@9.050000,0.155834,2.71666,0.38229
C,bulge,T,UGC03580@10.530000,0.127085,2.91483,0.0744322
C,bulge,T,UGC03580@12.070000,0.106347,3.03881,0.06566
C,bulge,F,UGC03580@13.580000,0.0902262,3.2982,0.0781152
C,bulge,F,UGC03580@15.090000,0.0773473,3.70961,0.0855097
C,bulge,F,UGC03580@16.600000,0.0670603,4.15762,0.0981472
C,bulge,F,UGC03580@18.110000,0.058887,4.55597,0.119549
C,bulge,F,UGC03580@19.620000,0.0520572,4.98815,0.153542
C,bulge,F,UGC03580@21.020000,0.0464343,5.46726,0.15108
C,bulge,F,UGC03580@24.040000,0.0352122,5.92487,0.180079
C,bulge,F,UGC03580@27.060000,0.0275895,6.40429,0.198326
C,dwarf,F,UGC04278@0.140000,0.0186358,3.26006,6.61986
C,dwarf,F,UGC04278@0.420000,0.0476435,3.68543,3.72372
C,dwarf,F,UGC04278@0.690000,0.0761243,3.52457,1.1556
C,dwarf,F,UGC04278@0.970000,0.0972788,3.39562,0.846261
C,dwarf,T,UGC04278@1.250000,0.103912,2.86599,0.662656
C,dwarf,F,UGC04278@1.520000,0.0882712,3.32901,0.702694
C,dwarf,F,UGC04278@1.800000,0.0660094,4.29271,0.847942
C,dwarf,F,UGC04278@2.070000,0.0581844,4.77375,0.888139
C,dwarf,F,UGC04278@2.350000,0.055797,4.82363,0.855633
C,dwarf,F,UGC04278@2.630000,0.0541717,4.53838,0.796207
C,dwarf,F,UGC04278@2.910000,0.0520298,4.97147,2.6272
C,dwarf,F,UGC04278@3.190000,0.0484092,5.09468,0.810287
C,dwarf,F,UGC04278@3.460000,0.0446892,5.79921,0.90498
C,dwarf,F,UGC04278@3.740000,0.0408793,6.84196,1.77655
C,dwarf,F,UGC04278@4.010000,0.0376088,8.5514,1.06229
C,dwarf,F,UGC04278@4.290000,0.0343973,9.6012,1.13792
C,dwarf,F,UGC04278@4.570000,0.0352961,9.80022,1.0996
C,dwarf,F,UGC04278@4.850000,0.0393753,9.30631,0.984795
C,dwarf,F,UGC04278@5.130000,0.0431954,8.98098,0.898098
C,dwarf,F,UGC04278@5.400000,0.0525924,7.50659,0.725275
C,dwarf,F,UGC04278@5.680000,0.0655129,6.00919,2.2251
C,dwarf,F,UGC04278@5.860000,0.0727886,5.4295,2.11392
C,dwarf,F,UGC04278@6.360000,0.096113,4.13879,0.740577
C,dwarf,T,UGC04278@6.510000,0.101219,3.93366,0.34468
C,dwarf,F,UGC04278@6.690000,0.0962956,4.15684,0.783886
C,dwarf,F,UGC04305@0.250000,0.0245278,0.509588,1.03525
C,dwarf,F,UGC04305@0.500000,0.0469556,1.46023,0.92342
C,dwarf,F,UGC04305@0.750000,0.0759973,1.67077,0.853524
C,dwarf,T,UGC04305@1.000000,0.102863,1.55773,0.680737
C,dwarf,T,UGC04305@1.260000,0.120272,1.80999,0.64477
C,dwarf,T,UGC04305@1.500000,0.109512,2.25313,0.613896
C,dwarf,F,UGC04305@1.760000,0.097108,2.35796,0.459802
C,dwarf,F,UGC04305@2.010000,0.0803475,2.67885,0.495551
C,dwarf,F,UGC04305@2.260000,0.0765934,2.27667,0.456612
C,dwarf,F,UGC04305@2.510000,0.0788995,1.9125,0.425244
C,dwarf,F,UGC04305@2.760000,0.0873296,1.37951,0.275901
C,dwarf,F,UGC04305@3.010000,0.0922086,1.20534,0.235923
C,dwarf,F,UGC04305@3.270000,0.0917607,1.14228,0.220886
C,dwarf,F,UGC04305@3.510000,0.0921432,0.990693,0.199373
C,dwarf,F,UGC04305@3.760000,0.0885492,0.846175,0.177669
C,dwarf,F,UGC04305@4.020000,0.0847161,0.952603,0.186392
C,dwarf,F,UGC04305@4.260000,0.0802177,1.0273,0.190785
C,dwarf,F,UGC04305@4.520000,0.0764251,1.10902,0.197159
C,dwarf,F,UGC04305@4.770000,0.0739782,1.09806,0.194105
C,dwarf,F,UGC04305@5.020000,0.0710501,1.08023,0.192109
C,dwarf,F,UGC04305@5.270000,0.0668503,1.05666,0.189955
C,dwarf,F,UGC04305@5.520000,0.0622143,0.986047,0.185855
C,dwarf,T,UGC04325@0.700000,0.101331,7.47758,1.10444
C,dwarf,T,UGC04325@1.400000,0.12541,8.35896,0.747074
C,dwarf,T,UGC04325@2.090000,0.154251,6.77349,0.493058
C,dwarf,T,UGC04325@2.790000,0.167182,5.24508,0.36071
C,dwarf,T,UGC04325@3.490000,0.163484,4.42434,0.299539
C,dwarf,T,UGC04325@4.190000,0.14328,4.34599,0.289417
C,dwarf,T,UGC04325@4.890000,0.123213,4.435,0.291839
C,dwarf,T,UGC04325@5.590000,0.105098,4.43135,0.295423
C,dwarf,T,UGC04499@0.910000,0.151577,1.52396,0.480632
C,dwarf,T,UGC04499@1.820000,0.113006,3.07525,0.411851
C,dwarf,T,UGC04499@2.730000,0.103733,3.56754,0.371775
C,dwarf,T,UGC04499@3.630000,0.105494,3.12139,0.286967
C,dwarf,F,UGC04499@4.550000,0.091787,3.33241,0.273965
C,dwarf,F,UGC04499@5.450000,0.0810127,3.51042,0.284414
C,dwarf,F,UGC04499@6.370000,0.068712,3.76522,0.27515
C,dwarf,F,UGC04499@7.280000,0.0656801,3.49415,0.2536
C,dwarf,F,UGC04499@8.180000,0.0604364,3.47236,0.249561
C,LSB,F,UGC05005@0.780000,0.0534415,1.56842,1.7523
C,LSB,F,UGC05005@2.340000,0.0666234,2.11979,3.48529
C,LSB,F,UGC05005@3.910000,0.0742366,2.53033,1.17666
C,LSB,F,UGC05005@5.470000,0.0686286,2.79614,0.587142
C,LSB,F,UGC05005@7.040000,0.0564719,3.39676,0.8979
C,LSB,F,UGC05005@8.600000,0.0504592,3.76649,1.26762
C,LSB,F,UGC05005@10.170000,0.0456245,4.14023,2.99193
C,LSB,F,UGC05005@17.970000,0.0314509,5.18747,1.06848
C,LSB,F,UGC05005@21.070000,0.0268073,5.43944,1.09446
C,LSB,F,UGC05005@22.720000,0.0248197,5.51434,1.10287
C,LSB,F,UGC05005@28.610000,0.0201714,5.29168,1.06795
C,bulge,S,UGC05253@0.130000,37.7349,3.41184,0.982374
C,bulge,S,UGC05253@0.250000,42.5811,1.58582,0.230046
C,bulge,S,UGC05253@0.380000,37.1649,1.20563,0.150446
C,bulge,S,UGC05253@0.510000,31.193,1.07946,0.0973813
C,bulge,S,UGC05253@0.630000,26.6976,1.0297,0.0795836
C,bulge,S,UGC05253@0.760000,22.6076,1.01655,0.088358
C,bulge,S,UGC05253@0.890000,19.5029,1.01476,0.0848475
C,bulge,S,UGC05253@1.010000,17.4107,1.01008,0.0296685
C,bulge,S,UGC05253@1.140000,15.4814,1.01486,0.0268939
C,bulge,S,UGC05253@1.270000,13.7734,1.02395,0.0442858
C,bulge,S,UGC05253@1.390000,12.6303,1.02874,0.0302218
C,bulge,S,UGC05253@1.520000,11.5399,1.03821,0.0223087
C,bulge,S,UGC05253@1.650000,10.5536,1.04579,0.0151251
C,bulge,T,UGC05253@1.770000,9.76315,1.06255,0.0169658
C,bulge,T,UGC05253@1.900000,9.02718,1.07938,0.0273383
C,bulge,T,UGC05253@2.030000,8.39819,1.08592,0.0142415
C,bulge,T,UGC05253@2.160000,7.85967,1.09049,0.0268153
C,bulge,T,UGC05253@2.280000,7.44092,1.1002,0.0196688
C,bulge,T,UGC05253@2.410000,7.05274,1.09814,0.0269828
C,bulge,T,UGC05253@2.540000,6.7219,1.10216,0.0236561
C,bulge,T,UGC05253@2.660000,6.4455,1.09757,0.0212375
C,bulge,T,UGC05253@2.790000,6.17585,1.09212,0.0330298
C,bulge,T,UGC05253@2.920000,5.92214,1.09706,0.0314462
C,bulge,T,UGC05253@3.040000,5.70304,1.09424,0.0331374
C,bulge,T,UGC05253@3.170000,5.47529,1.09302,0.0452252
C,bulge,T,UGC05253@3.300000,5.2576,1.09343,0.0321389
C,bulge,T,UGC05253@3.420000,5.06368,1.09547,0.0340616
C,bulge,T,UGC05253@3.550000,4.86224,1.10799,0.0457495
C,bulge,T,UGC05253@3.680000,4.68409,1.1095,0.0247849
C,bulge,T,UGC05253@3.800000,4.52339,1.11264,0.0290723
C,bulge,T,UGC05253@3.930000,4.35197,1.11821,0.0612312
C,bulge,T,UGC05253@4.060000,4.18915,1.12448,0.0760836
C,bulge,T,UGC05253@4.180000,4.042,1.13196,0.0249213
C,bulge,T,UGC05253@4.310000,3.88887,1.14104,0.126067
C,bulge,T,UGC05253@4.440000,3.7439,1.15052,0.0453715
C,bulge,T,UGC05253@4.560000,3.6149,1.16022,0.0534264
C,bulge,T,UGC05253@4.690000,3.48071,1.17155,0.142665
C,bulge,T,UGC05253@4.820000,3.35416,1.18296,0.10017
C,bulge,T,UGC05253@4.940000,3.24201,1.19416,0.0152159
C,bulge,T,UGC05253@4.990000,3.19674,1.19893,0.0461202
C,bulge,T,UGC05253@5.070000,3.12579,1.2068,0.0424326
C,bulge,T,UGC05253@5.200000,3.01453,1.22005,0.0831408
C,bulge,T,UGC05253@5.450000,2.81701,1.23569,0.082546
C,bulge,T,UGC05253@5.580000,2.71929,1.25027,0.0236893
C,bulge,T,UGC05253@5.700000,2.63352,1.26381,0.0239458
C,bulge,T,UGC05253@5.830000,2.54173,1.28025,0.063546
C,bulge,T,UGC05253@6.470000,2.16568,1.35393,0.0755348
C,bulge,T,UGC05253@6.590000,2.10746,1.35495,0.0655444
C,bulge,T,UGC05253@6.660000,2.07542,1.36141,0.0253466
C,bulge,T,UGC05253@6.720000,2.04767,1.36754,0.0525892
C,bulge,T,UGC05253@6.850000,1.99234,1.37884,0.0338545
C,bulge,T,UGC05253@6.970000,1.9443,1.38859,0.0655911
C,bulge,T,UGC05253@7.100000,1.89494,1.39867,0.0718666
C,bulge,T,UGC05253@7.230000,1.84881,1.4078,0.102094
C,bulge,T,UGC05253@8.320000,1.5255,1.48264,0.0256749
C,bulge,T,UGC05253@10.000000,1.15613,1.61446,0.0287307
C,bulge,T,UGC05253@11.610000,0.923569,1.74072,0.0133574
C,bulge,T,UGC05253@13.350000,0.714546,1.97268,0.0323969
C,bulge,T,UGC05253@14.980000,0.574259,2.16976,0.0235574
C,bulge,T,UGC05253@16.610000,0.474492,2.36828,0.0262928
C,bulge,T,UGC05253@18.340000,0.400333,2.54221,0.0329968
C,bulge,T,UGC05253@19.970000,0.350209,2.66886,0.0442268
C,bulge,T,UGC05253@21.600000,0.307602,2.80924,0.0541208
C,bulge,T,UGC05253@23.330000,0.271989,2.91752,0.110244
C,bulge,T,UGC05253@26.700000,0.218126,3.15277,0.275057
C,bulge,T,UGC05253@29.950000,0.17754,3.34042,0.475206
C,bulge,T,UGC05253@33.320000,0.14488,3.43724,0.544602
C,bulge,T,UGC05253@36.680000,0.120825,3.36512,0.371854
C,bulge,T,UGC05253@39.940000,0.102192,3.3598,0.239986
C,bulge,F,UGC05253@43.300000,0.0876867,3.61174,0.122455
C,bulge,F,UGC05253@46.670000,0.0776885,3.85458,0.0960008
C,bulge,F,UGC05253@49.920000,0.0701703,4.02746,0.245807
C,bulge,F,UGC05253@53.290000,0.0620257,4.4709,0.267844
C,dwarf,F,UGC05716@1.030000,0.0748409,6.18282,1.28236
C,dwarf,F,UGC05716@2.070000,0.0655121,5.53929,0.371916
C,dwarf,F,UGC05716@3.090000,0.0489563,6.22941,0.135791
C,dwarf,F,UGC05716@4.130000,0.0404998,6.54844,0.0904755
C,dwarf,F,UGC05716@5.160000,0.037405,6.56813,0.0946387
C,dwarf,F,UGC05716@6.200000,0.0357311,6.52874,0.164655
C,dwarf,F,UGC05716@7.230000,0.0358457,6.16825,0.184101
C,dwarf,F,UGC05716@8.260000,0.035147,5.78636,0.168474
C,dwarf,F,UGC05716@9.280000,0.033065,5.42264,0.148261
C,dwarf,F,UGC05716@10.340000,0.0299738,5.27367,0.107656
C,dwarf,F,UGC05716@11.400000,0.0260651,5.57675,0.163483
C,dwarf,F,UGC05716@12.370000,0.0221488,6.33317,0.354386
C,HSB,T,UGC05721@0.090000,0.482989,1.94755,1.07882
C,HSB,T,UGC05721@0.270000,0.613313,2.7834,0.994793
C,HSB,T,UGC05721@0.450000,0.585093,2.6535,0.511666
C,HSB,T,UGC05721@0.630000,0.499265,3.04519,0.501495
C,HSB,T,UGC05721@0.810000,0.411802,2.96541,0.573102
C,HSB,T,UGC05721@0.990000,0.343195,3.27284,0.50023
C,HSB,T,UGC05721@1.170000,0.30557,3.99818,0.538988
C,HSB,T,UGC05721@1.350000,0.265681,5.06047,0.605402
C,HSB,T,UGC05721@1.530000,0.239764,5.58902,0.629109
C,HSB,T,UGC05721@1.710000,0.219677,5.59323,2.6129
C,HSB,T,UGC05721@1.890000,0.192599,5.82833,0.644927
C,HSB,T,UGC05721@2.070000,0.155177,6.55695,0.728196
C,HSB,T,UGC05721@2.250000,0.12329,7.55573,0.841161
C,HSB,F,UGC05721@2.670000,0.0948779,8.13339,0.913258
C,HSB,F,UGC05721@3.150000,0.07959,7.79968,0.89898
C,HSB,F,UGC05721@3.610000,0.0652224,8.13832,0.94757
C,HSB,F,UGC05721@4.040000,0.0558517,8.42742,0.984996
C,HSB,F,UGC05721@4.490000,0.050896,8.29986,0.971328
C,HSB,F,UGC05721@4.930000,0.0493891,7.80971,0.912798
C,HSB,F,UGC05721@5.380000,0.0475121,7.45824,0.870604
C,HSB,F,UGC05721@5.860000,0.0431332,7.60037,0.883809
C,HSB,F,UGC05721@6.280000,0.0391051,7.88244,0.913124
C,HSB,F,UGC05721@6.740000,0.0358347,8.13711,0.935512
C,HSB,T,UGC05986@0.630000,0.257439,1.66851,0.286192
C,HSB,T,UGC05986@1.260000,0.214852,2.96426,0.438804
C,HSB,T,UGC05986@1.880000,0.237912,3.23366,0.244658
C,HSB,T,UGC05986@2.510000,0.27609,3.18882,0.172491
C,HSB,T,UGC05986@3.130000,0.256584,3.51651,0.148335
C,HSB,T,UGC05986@3.770000,0.226431,4.09292,0.276465
C,HSB,T,UGC05986@4.390000,0.213183,4.16792,0.316315
C,HSB,T,UGC05986@5.020000,0.194514,4.21154,0.232916
C,HSB,T,UGC05986@5.650000,0.161967,4.57236,0.182894
C,HSB,T,UGC05986@6.280000,0.133027,5.00861,0.173574
C,HSB,T,UGC05986@6.900000,0.113452,5.34506,0.210116
C,HSB,F,UGC05986@7.540000,0.0927855,5.77641,0.309088
C,HSB,F,UGC05986@8.160000,0.0769268,6.21395,0.409455
C,HSB,F,UGC05986@8.790000,0.0673109,6.24421,0.584321
C,HSB,F,UGC05986@9.410000,0.0644659,5.86877,0.700961
C,dwarf,F,UGC06399@0.870000,0.0769358,2.85729,1.49778
C,dwarf,T,UGC06399@1.740000,0.10093,3.77932,0.916198
C,dwarf,F,UGC06399@2.610000,0.0918807,4.74619,0.910014
C,dwarf,F,UGC06399@3.500000,0.0968147,4.44538,0.498189
C,dwarf,F,UGC06399@4.370000,0.0893045,4.78573,0.45696
C,dwarf,F,UGC06399@5.240000,0.0837039,4.87227,0.528956
C,dwarf,F,UGC06399@6.110000,0.0762143,4.72295,0.550356
C,dwarf,F,UGC06399@6.980000,0.0672719,4.85241,0.555533
C,dwarf,F,UGC06399@7.850000,0.0591701,5.13731,0.574722
C,dwarf,T,UGC06446@0.580000,0.12219,4.29856,1.73041
C,dwarf,T,UGC06446@1.160000,0.117565,6.84739,1.44945
C,dwarf,F,UGC06446@1.740000,0.0915913,7.28414,0.977576
C,dwarf,F,UGC06446@2.330000,0.0749285,7.27274,0.933278
C,dwarf,F,UGC06446@2.910000,0.0752874,6.40947,0.782109
C,dwarf,F,UGC06446@3.490000,0.0709508,6.22389,0.636534
C,dwarf,F,UGC06446@4.070000,0.0573938,7.23061,0.706383
C,dwarf,F,UGC06446@4.650000,0.0564888,7.20233,0.757168
C,dwarf,F,UGC06446@5.230000,0.0586796,6.61505,0.67133
C,dwarf,F,UGC06446@5.810000,0.0581875,5.96053,0.533116
C,dwarf,F,UGC06446@6.400000,0.0591596,5.42844,0.480748
C,dwarf,F,UGC06446@6.980000,0.0596182,5.03676,0.564412
C,dwarf,F,UGC06446@7.620000,0.0604973,4.62454,0.513838
C,dwarf,F,UGC06446@8.280000,0.0558168,4.84975,0.628354
C,dwarf,F,UGC06446@8.900000,0.0454429,5.46385,0.712958
C,dwarf,F,UGC06446@9.520000,0.0424423,5.32733,0.896426
C,dwarf,F,UGC06446@10.220000,0.040406,4.83134,1.30283
C,bulge,T,UGC06614@3.230000,4.2218,0.858229,0.147757
C,bulge,T,UGC06614@9.180000,0.850314,1.17851,0.110999
C,bulge,T,UGC06614@10.640000,0.668594,1.26326,0.159022
C,bulge,T,UGC06614@11.580000,0.591771,1.3114,0.104912
C,bulge,T,UGC06614@12.520000,0.537014,1.35239,0.107558
C,bulge,T,UGC06614@13.570000,0.500927,1.35332,0.19041
C,bulge,T,UGC06614@15.760000,0.418014,1.42906,0.321949
C,bulge,T,UGC06614@24.940000,0.18273,2.54161,0.611039
C,bulge,T,UGC06614@26.300000,0.164953,2.69766,0.639651
C,bulge,F,UGC06614@34.960000,0.0997695,3.60182,0.258041
C,bulge,F,UGC06614@36.840000,0.0911685,3.77779,0.639606
C,bulge,F,UGC06614@47.380000,0.0658331,4.18955,0.653979
C,bulge,F,UGC06614@64.590000,0.0426832,4.69393,0.736303
C,dwarf,T,UGC06628@1.100000,0.122023,1.67637,1.03075
C,dwarf,F,UGC06628@2.200000,0.0961046,2.12373,0.924382
C,dwarf,F,UGC06628@3.300000,0.0945873,1.63404,0.667334
C,dwarf,F,UGC06628@4.390000,0.0907462,1.33785,0.534493
C,dwarf,F,UGC06628@5.500000,0.0831563,1.21653,0.475682
C,dwarf,F,UGC06628@6.590000,0.0847224,0.996544,0.389665
C,dwarf,F,UGC06628@7.690000,0.0840126,0.86121,0.336747
C,dwarf,F,UGC06667@0.870000,0.0085578,29.5516,9.77647
C,dwarf,F,UGC06667@1.740000,0.0107335,34.0162,4.06388
C,dwarf,F,UGC06667@2.610000,0.021147,18.3045,2.50483
C,dwarf,F,UGC06667@3.500000,0.0354231,12.0451,1.04287
C,dwarf,F,UGC06667@4.370000,0.0360323,11.8001,1.03804
C,dwarf,F,UGC06667@5.240000,0.0416947,9.26902,0.89589
C,dwarf,F,UGC06667@6.110000,0.0396917,9.04726,0.646233
C,dwarf,F,UGC06667@6.980000,0.040768,7.89519,0.557308
C,dwarf,F,UGC06667@7.850000,0.035108,8.28676,0.657526
C,bulge,S,UGC06786@0.160000,19.4845,2.55347,1.14906
C,bulge,S,UGC06786@0.320000,23.186,1.31302,0.458444
C,bulge,S,UGC06786@0.490000,18.2402,1.12725,0.316881
C,bulge,S,UGC06786@0.650000,14.6571,1.0575,0.376001
C,bulge,T,UGC06786@1.300000,7.27963,1.0884,0.0564534
C,bulge,T,UGC06786@1.460000,6.36301,1.12095,0.132309
C,bulge,T,UGC06786@1.620000,5.62913,1.15446,0.0932352
C,bulge,T,UGC06786@3.720000,1.94471,1.82405,0.149111
C,bulge,T,UGC06786@3.890000,1.85239,1.84909,0.08111
C,bulge,T,UGC06786@4.050000,1.77382,1.89072,0.0969783
C,bulge,T,UGC06786@4.220000,1.70737,1.90326,0.0440469
C,bulge,T,UGC06786@4.260000,1.69374,1.90056,0.0832628
C,bulge,T,UGC06786@4.380000,1.65568,1.90904,0.0506664
C,bulge,T,UGC06786@4.540000,1.61458,1.92461,0.0393959
C,bulge,T,UGC06786@4.710000,1.58298,1.90999,0.135841
C,bulge,T,UGC06786@4.860000,1.55751,1.89893,0.0830228
C,bulge,T,UGC06786@5.020000,1.5281,1.87379,0.0407877
C,bulge,T,UGC06786@5.180000,1.49274,1.87626,0.0512496
C,bulge,T,UGC06786@5.350000,1.45243,1.88439,0.0778071
C,bulge,T,UGC06786@5.510000,1.41097,1.88343,0.0692615
C,bulge,T,UGC06786@5.680000,1.36287,1.90901,0.0900214
C,bulge,T,UGC06786@5.840000,1.31779,1.92023,0.0442181
C,bulge,T,UGC06786@6.000000,1.27417,1.95078,0.0703707
C,bulge,T,UGC06786@6.150000,1.23612,1.96178,0.14046
C,bulge,T,UGC06786@6.480000,1.16018,1.98375,0.140221
C,bulge,T,UGC06786@6.640000,1.12438,1.99759,0.122044
C,bulge,T,UGC06786@6.810000,1.08671,2.03368,0.115735
C,bulge,T,UGC06786@7.100000,1.02517,2.06771,0.0473692
C,bulge,T,UGC06786@7.130000,1.01859,2.07232,0.214768
C,bulge,T,UGC06786@8.520000,0.738381,2.39235,0.0637235
C,bulge,T,UGC06786@10.660000,0.503021,2.93576,0.0467112
C,bulge,T,UGC06786@11.990000,0.414644,3.25143,0.162857
C,bulge,T,UGC06786@12.100000,0.40859,3.26961,0.285661
C,bulge,T,UGC06786@12.330000,0.396074,3.31001,0.23925
C,bulge,T,UGC06786@12.780000,0.373669,3.4147,0.0518915
C,bulge,T,UGC06786@14.930000,0.287778,3.76228,0.0541241
C,bulge,T,UGC06786@17.080000,0.225876,4.11678,0.0488185
C,bulge,T,UGC06786@19.230000,0.18073,4.56989,0.0562138
C,bulge,T,UGC06786@21.270000,0.147606,5.10365,0.0499123
C,bulge,T,UGC06786@23.420000,0.12267,5.57733,0.0673211
C,bulge,T,UGC06786@25.570000,0.102238,5.96833,0.148675
C,bulge,F,UGC06786@27.720000,0.0859433,6.20307,0.535513
C,bulge,F,UGC06786@29.870000,0.0735475,6.54294,0.497872
C,bulge,F,UGC06786@32.020000,0.0637221,7.3093,0.337763
C,bulge,F,UGC06786@34.050000,0.0562801,7.22425,0.482758
C,bulge,S,UGC06787@0.120000,58.2335,0.799014,0.490141
C,bulge,S,UGC06787@0.240000,70.4288,0.795911,0.271681
C,bulge,S,UGC06787@0.350000,59.7572,0.944152,0.203068
C,bulge,S,UGC06787@0.470000,48.0337,1.01904,0.0869185
C,bulge,S,UGC06787@0.590000,38.9293,1.03131,0.094163
C,bulge,S,UGC06787@0.710000,32.3575,0.994042,0.119578
C,bulge,S,UGC06787@0.830000,27.2871,0.971465,0.0869205
C,bulge,S,UGC06787@0.940000,23.6571,0.959868,0.0893923
C,bulge,S,UGC06787@1.060000,20.7898,0.953869,0.0887832
C,bulge,S,UGC06787@1.180000,18.564,0.959603,0.0878406
C,bulge,S,UGC06787@1.300000,16.708,0.960353,0.0596234
C,bulge,S,UGC06787@1.420000,15.1589,0.954136,0.0757369
C,bulge,S,UGC06787@1.530000,13.8987,0.943408,0.071907
C,bulge,S,UGC06787@1.660000,12.6285,0.883121,0.0358316
C,bulge,S,UGC06787@1.890000,10.7451,0.79597,0.068635
C,bulge,T,UGC06787@2.010000,9.90556,0.755909,0.127817
C,bulge,T,UGC06787@2.130000,9.15101,0.737441,0.0281943
C,bulge,T,UGC06787@2.240000,8.52396,0.738872,0.111698
C,bulge,T,UGC06787@3.100000,5.20586,1.00165,0.0842614
C,bulge,T,UGC06787@3.790000,3.71397,1.2304,0.0752837
C,bulge,T,UGC06787@3.900000,3.53384,1.25664,0.0771024
C,bulge,T,UGC06787@4.140000,3.19416,1.32081,0.0920663
C,bulge,T,UGC06787@4.250000,3.05444,1.34547,0.0462117
C,bulge,T,UGC06787@4.370000,2.91369,1.37174,0.0467665
C,bulge,T,UGC06787@4.490000,2.78423,1.39716,0.0228733
C,bulge,T,UGC06787@4.610000,2.66418,1.42211,0.0178813
C,bulge,T,UGC06787@4.720000,2.5623,1.43203,0.0288833
C,bulge,T,UGC06787@5.160000,2.22198,1.49777,0.0305928
C,bulge,T,UGC06787@5.430000,2.05373,1.52682,0.0528514
C,bulge,T,UGC06787@5.560000,1.98098,1.53269,0.0398632
C,bulge,T,UGC06787@5.670000,1.92247,1.54871,0.0329682
C,bulge,T,UGC06787@5.790000,1.86144,1.56633,0.040738
C,bulge,T,UGC06787@5.910000,1.79958,1.57368,0.0908936
C,bulge,T,UGC06787@6.030000,1.74269,1.59271,0.102153
C,bulge,T,UGC06787@6.200000,1.6678,1.6186,0.0228837
C,bulge,T,UGC06787@6.500000,1.54696,1.67888,0.206077
C,bulge,T,UGC06787@6.850000,1.42589,1.75816,0.11327
C,bulge,T,UGC06787@6.980000,1.38537,1.79103,0.0462936
C,bulge,T,UGC06787@7.090000,1.3533,1.80502,0.0445137
C,bulge,T,UGC06787@7.210000,1.32028,1.83483,0.0630191
C,bulge,T,UGC06787@7.220000,1.31775,1.85132,0.0314258
C,bulge,T,UGC06787@7.330000,1.28911,1.86405,0.105891
C,bulge,T,UGC06787@7.450000,1.25897,1.89375,0.0553071
C,bulge,T,UGC06787@7.560000,1.23172,1.92348,0.161893
C,bulge,T,UGC06787@8.260000,1.06421,2.15818,0.0148538
C,bulge,T,UGC06787@8.980000,0.917249,2.39738,0.169529
C,bulge,T,UGC06787@9.090000,0.897359,2.44012,0.137534
C,bulge,T,UGC06787@9.300000,0.860937,2.5056,0.0144023
C,bulge,T,UGC06787@10.320000,0.708329,2.72286,0.0206636
C,bulge,T,UGC06787@11.380000,0.594825,2.8026,0.0451593
C,bulge,T,UGC06787@12.400000,0.509177,2.78973,0.0738459
C,bulge,T,UGC06787@13.410000,0.443786,2.74011,0.0399649
C,bulge,T,UGC06787@14.430000,0.389136,2.75385,0.0869378
C,bulge,T,UGC06787@15.440000,0.344034,2.83332,0.0291059
C,bulge,T,UGC06787@16.570000,0.302715,3.00046,0.0305502
C,bulge,T,UGC06787@17.580000,0.272255,3.25988,0.0561747
C,bulge,T,UGC06787@18.600000,0.245611,3.53841,0.0633189
C,bulge,T,UGC06787@19.610000,0.222427,3.90361,0.0850786
C,bulge,T,UGC06787@20.620000,0.203426,4.23447,0.103116
C,bulge,T,UGC06787@21.640000,0.187861,4.51667,0.114497
C,bulge,T,UGC06787@22.770000,0.173602,4.72187,0.138765
C,bulge,T,UGC06787@23.780000,0.162663,4.90448,0.106032
C,bulge,T,UGC06787@24.790000,0.152193,5.11008,0.138321
C,bulge,T,UGC06787@25.810000,0.141775,5.31119,0.0883782
C,bulge,T,UGC06787@26.820000,0.132185,5.52594,0.0739727
C,bulge,T,UGC06787@27.840000,0.123409,5.70206,0.126309
C,bulge,T,UGC06787@29.410000,0.11097,5.86008,0.16068
C,bulge,F,UGC06787@30.990000,0.0995939,6.09698,0.144246
C,bulge,F,UGC06787@32.570000,0.0898891,6.58526,0.183012
C,bulge,F,UGC06787@34.030000,0.082452,7.03781,0.180414
C,bulge,F,UGC06787@37.190000,0.0682691,7.96396,0.259844
C,dwarf,T,UGC06818@0.870000,0.138062,1.41754,0.672425
C,dwarf,T,UGC06818@1.740000,0.136925,1.02325,0.380065
C,dwarf,T,UGC06818@2.610000,0.105378,1.52279,0.35269
C,dwarf,F,UGC06818@3.500000,0.086119,2.33747,0.417405
C,dwarf,F,UGC06818@4.370000,0.0702543,4.05838,0.609077
C,dwarf,F,UGC06818@5.240000,0.0635742,4.73203,0.697841
C,dwarf,F,UGC06818@6.110000,0.054227,4.35248,0.766957
C,dwarf,F,UGC06818@6.980000,0.0463766,5.3173,0.857629
C,LSB,T,UGC06917@1.740000,0.282726,2.21528,0.261942
C,LSB,T,UGC06917@2.610000,0.207997,2.90377,0.326266
C,LSB,T,UGC06917@3.500000,0.17286,3.66987,0.382188
C,LSB,T,UGC06917@4.370000,0.159795,3.89293,0.374721
C,LSB,T,UGC06917@5.240000,0.141974,3.97345,0.285273
C,LSB,T,UGC06917@6.110000,0.12746,3.99286,0.2795
C,LSB,T,UGC06917@6.980000,0.119272,3.8102,0.301798
C,LSB,T,UGC06917@7.850000,0.108614,3.86917,0.262953
C,LSB,F,UGC06917@8.720000,0.0986256,3.98632,0.303719
C,LSB,F,UGC06917@9.600000,0.0943962,4.15201,0.369907
C,LSB,F,UGC06917@10.470000,0.0941505,3.88666,0.420179
C,HSB,T,UGC06923@0.930000,0.457391,1.19905,0.435213
C,HSB,T,UGC06923@1.940000,0.287431,1.6201,0.354678
C,HSB,T,UGC06923@2.870000,0.222658,2.59313,0.33391
C,HSB,T,UGC06923@3.720000,0.182472,2.81573,0.280136
C,HSB,T,UGC06923@4.470000,0.156115,2.80217,0.374564
C,HSB,T,UGC06923@5.160000,0.138342,2.86509,0.360344
C,LSB,T,UGC06930@1.740000,0.247413,2.16124,0.655879
C,LSB,T,UGC06930@3.500000,0.162093,3.99744,0.655318
C,LSB,T,UGC06930@5.240000,0.135491,3.85357,0.509428
C,LSB,T,UGC06930@6.980000,0.124418,3.48815,0.367546
C,LSB,T,UGC06930@8.720000,0.111789,3.38421,0.341707
C,LSB,T,UGC06930@10.470000,0.102289,3.32423,0.323103
C,LSB,F,UGC06930@12.190000,0.0935576,3.23944,0.309084
C,LSB,F,UGC06930@13.940000,0.0801494,3.24626,0.444858
C,LSB,F,UGC06930@15.680000,0.0620232,3.72947,0.511075
C,LSB,F,UGC06930@16.610000,0.0549433,3.97431,0.544628
C,bulge,S,UGC06973@1.740000,12.0545,0.428447,0.0236906
C,bulge,T,UGC06973@2.610000,5.81901,0.619881,0.0299253
C,bulge,T,UGC06973@3.500000,3.40322,0.754465,0.0372794
C,bulge,T,UGC06973@4.370000,2.17289,0.946406,0.047877
C,bulge,T,UGC06973@5.320000,1.49804,1.14092,0.0640519
C,bulge,T,UGC06973@6.280000,1.08794,1.37795,0.0776084
C,bulge,T,UGC06973@6.810000,0.921161,1.55297,0.177232
C,bulge,T,UGC06973@7.330000,0.788819,1.70395,0.120617
C,bulge,T,UGC06973@7.850000,0.683912,1.87661,0.160555
C,LSB,T,UGC06983@1.740000,0.295739,1.95644,0.453866
C,LSB,T,UGC06983@2.610000,0.237712,3.82852,0.420524
C,LSB,T,UGC06983@3.500000,0.165838,4.5443,0.562486
C,LSB,T,UGC06983@4.370000,0.129264,4.81241,0.535284
C,LSB,T,UGC06983@5.240000,0.114932,4.9791,0.446192
C,LSB,F,UGC06983@6.110000,0.0991618,5.10157,0.450289
C,LSB,F,UGC06983@6.980000,0.0952057,4.86834,0.334102
C,LSB,F,UGC06983@7.850000,0.0961976,4.71447,0.387732
C,LSB,F,UGC06983@8.720000,0.0850694,4.88942,0.398397
C,LSB,F,UGC06983@9.600000,0.077686,5.04511,0.403609
C,LSB,F,UGC06983@10.470000,0.0772297,4.9105,0.38241
C,LSB,F,UGC06983@11.350000,0.0737643,4.4941,0.424897
C,LSB,F,UGC06983@12.190000,0.0685521,4.34032,0.458145
C,LSB,F,UGC06983@13.120000,0.0638533,4.40996,0.695884
C,LSB,F,UGC06983@13.940000,0.058395,4.45562,0.808613
C,LSB,F,UGC06983@14.860000,0.0524944,4.6496,0.843816
C,LSB,F,UGC06983@15.680000,0.0477304,4.93641,1.11409
C,LSB,F,UGC07125@1.440000,0.0999716,1.47143,0.372087
C,LSB,T,UGC07125@2.880000,0.102925,1.93965,0.313051
C,LSB,F,UGC07125@4.330000,0.0734765,2.29904,0.222794
C,LSB,F,UGC07125@5.760000,0.0594673,2.50217,0.190642
C,LSB,F,UGC07125@7.200000,0.0440502,3.11873,0.226716
C,LSB,F,UGC07125@8.640000,0.0420738,2.92742,0.221183
C,LSB,F,UGC07125@10.080000,0.0406577,2.86976,0.195984
C,LSB,F,UGC07125@11.470000,0.0400974,2.82153,0.175581
C,LSB,F,UGC07125@13.000000,0.0462934,2.22354,0.143717
C,LSB,F,UGC07125@14.420000,0.0428152,2.15423,0.174578
C,LSB,F,UGC07125@15.840000,0.0366272,2.29944,0.214147
C,LSB,F,UGC07125@17.260000,0.0342295,2.23059,0.22066
C,LSB,F,UGC07125@18.680000,0.0254592,2.75402,0.295347
C,HSB,T,UGC07151@0.500000,0.190935,1.90755,0.343674
C,HSB,T,UGC07151@1.000000,0.229027,2.39503,0.331882
C,HSB,T,UGC07151@1.500000,0.21114,3.46426,0.27994
C,HSB,T,UGC07151@2.000000,0.200113,3.17246,0.199582
C,HSB,T,UGC07151@2.490000,0.179873,3.02428,0.18329
C,HSB,T,UGC07151@3.000000,0.158834,2.94695,0.181553
C,HSB,T,UGC07151@3.490000,0.133157,3.15808,0.218813
C,HSB,T,UGC07151@4.000000,0.130575,3.02662,0.247054
C,HSB,T,UGC07151@4.490000,0.120642,3.01737,0.267193
C,HSB,T,UGC07151@5.010000,0.113682,2.98973,0.27554
C,HSB,T,UGC07151@5.500000,0.109978,2.98497,0.248356
C,dwarf,T,UGC07261@0.950000,0.130815,5.48035,1.32559
C,dwarf,T,UGC07261@1.900000,0.216686,2.99775,0.538644
C,dwarf,T,UGC07261@2.860000,0.145276,3.33958,0.565929
C,dwarf,T,UGC07261@3.810000,0.112791,3.50524,0.570104
C,dwarf,F,UGC07261@4.760000,0.0853448,4.12389,0.636001
C,dwarf,F,UGC07261@5.720000,0.0721702,4.20326,0.63696
C,dwarf,F,UGC07261@6.670000,0.0697056,3.87325,0.576152
C,HSB,T,UGC07399@0.610000,0.263735,4.32438,0.506492
C,HSB,T,UGC07399@1.220000,0.211694,5.96727,0.554346
C,HSB,T,UGC07399@1.840000,0.151809,7.79895,0.465887
C,HSB,T,UGC07399@2.450000,0.125024,8.05924,0.443213
C,HSB,T,UGC07399@3.070000,0.107589,7.9165,0.428199
C,HSB,F,UGC07399@3.680000,0.0897261,8.51714,0.53915
C,HSB,F,UGC07399@4.300000,0.074583,9.10413,0.680226
C,HSB,F,UGC07399@4.910000,0.0679774,9.31651,0.726688
C,HSB,F,UGC07399@5.520000,0.0646126,9.24949,0.86568
C,HSB,F,UGC07399@6.130000,0.0575677,9.90084,0.928437
C,dwarf,T,UGC07524@0.350000,0.105707,1.74283,0.682607
C,dwarf,F,UGC07524@0.690000,0.0719313,3.73003,1.21379
C,dwarf,F,UGC07524@1.030000,0.0602761,4.27054,0.953558
C,dwarf,F,UGC07524@1.380000,0.0510743,4.77539,1.08281
C,dwarf,F,UGC07524@1.720000,0.0492499,5.24505,0.946328
C,dwarf,F,UGC07524@2.070000,0.0493808,5.36623,0.797269
C,dwarf,F,UGC07524@2.410000,0.0486063,5.39936,0.699163
C,dwarf,F,UGC07524@2.760000,0.0526434,4.84909,0.568444
C,dwarf,F,UGC07524@3.100000,0.054164,5.0656,0.538522
C,dwarf,F,UGC07524@3.450000,0.0559592,5.28833,0.513143
C,dwarf,F,UGC07524@3.790000,0.0577032,5.3604,0.511595
C,dwarf,F,UGC07524@4.140000,0.0600251,5.20578,0.552055
C,dwarf,F,UGC07524@4.480000,0.0604372,5.06353,0.690897
C,dwarf,F,UGC07524@4.820000,0.0592509,4.87315,0.795438
C,dwarf,F,UGC07524@5.170000,0.058011,4.99364,0.686446
C,dwarf,F,UGC07524@5.510000,0.0549027,5.06557,0.640772
C,dwarf,F,UGC07524@5.860000,0.0517036,5.15909,0.617053
C,dwarf,F,UGC07524@6.200000,0.0506425,5.17689,0.627242
C,dwarf,F,UGC07524@6.550000,0.0507198,5.11175,0.485581
C,dwarf,F,UGC07524@6.890000,0.0513464,4.94416,0.424539
C,dwarf,F,UGC07524@7.250000,0.0520389,4.69815,0.401988
C,dwarf,F,UGC07524@7.580000,0.053135,4.58942,0.354772
C,dwarf,F,UGC07524@7.940000,0.0544112,4.26748,0.309254
C,dwarf,F,UGC07524@8.270000,0.0559621,3.98365,0.291789
C,dwarf,F,UGC07524@8.630000,0.057556,3.82835,0.286881
C,dwarf,F,UGC07524@8.970000,0.0581788,3.77545,0.297862
C,dwarf,F,UGC07524@9.300000,0.0586114,3.67845,0.310584
C,dwarf,F,UGC07524@9.660000,0.0585496,3.62502,0.326788
C,dwarf,F,UGC07524@9.990000,0.0583209,3.61501,0.342613
C,dwarf,F,UGC07524@10.350000,0.057963,3.63996,0.356177
C,dwarf,F,UGC07524@10.690000,0.0561003,3.23602,0.22775
C,HSB,T,UGC07603@0.340000,0.194842,1.80322,0.531767
C,HSB,T,UGC07603@0.680000,0.196666,2.456,0.43679
C,HSB,T,UGC07603@1.020000,0.162678,3.29002,0.453851
C,HSB,T,UGC07603@1.370000,0.133683,4.34714,0.49657
C,HSB,T,UGC07603@1.710000,0.131944,4.47779,0.454064
C,HSB,T,UGC07603@2.050000,0.115114,4.82311,0.460786
C,HSB,F,UGC07603@2.390000,0.0902655,5.27583,0.504038
C,HSB,F,UGC07603@2.740000,0.0676808,6.03651,0.581517
C,HSB,F,UGC07603@3.080000,0.0549111,6.95406,0.653569
C,HSB,F,UGC07603@3.420000,0.0485757,7.07952,0.66536
C,HSB,F,UGC07603@3.760000,0.0437838,7.49686,0.687807
C,HSB,F,UGC07603@4.110000,0.0388383,7.97917,0.720618
C,HSB,T,UGC07690@0.590000,0.561285,1.92691,0.366665
C,HSB,T,UGC07690@1.180000,0.350807,2.68628,0.38722
C,HSB,T,UGC07690@1.770000,0.223375,2.89781,0.411517
C,HSB,T,UGC07690@2.360000,0.16481,2.76413,0.405218
C,HSB,T,UGC07690@2.950000,0.12302,2.8725,0.42765
C,HSB,F,UGC07690@3.540000,0.0947525,3.00144,0.4547
C,HSB,F,UGC07690@4.130000,0.0742971,3.16666,0.488311
C,dwarf,F,UGC08286@0.470000,0.0763677,4.2697,1.08089
C,dwarf,F,UGC08286@0.950000,0.0965745,6.384,1.02085
C,dwarf,F,UGC08286@1.420000,0.0985213,8.05516,0.813544
C,dwarf,T,UGC08286@1.900000,0.110493,7.17511,0.422672
C,dwarf,T,UGC08286@2.370000,0.114392,6.02881,0.332624
C,dwarf,F,UGC08286@2.840000,0.0990925,6.09983,0.331673
C,dwarf,F,UGC08286@3.300000,0.0923236,5.86423,0.311005
C,dwarf,F,UGC08286@3.780000,0.0869197,5.64058,0.299564
C,dwarf,F,UGC08286@4.250000,0.0834817,5.51145,0.289125
C,dwarf,F,UGC08286@4.730000,0.0821169,5.29159,0.270763
C,dwarf,F,UGC08286@5.200000,0.069481,5.73073,0.285132
C,dwarf,F,UGC08286@5.670000,0.0611273,6.04738,0.297581
C,dwarf,F,UGC08286@6.150000,0.0509785,6.81625,0.32889
C,dwarf,F,UGC08286@6.620000,0.04612,7.05015,0.33895
C,dwarf,F,UGC08286@7.100000,0.0489008,6.2445,0.302129
C,dwarf,F,UGC08286@7.570000,0.0437392,6.59509,0.314801
C,dwarf,F,UGC08286@8.040000,0.0413126,6.65298,0.315681
C,HSB,T,UGC08490@0.340000,0.35595,3.86807,0.735731
C,HSB,T,UGC08490@0.680000,0.380156,3.01929,0.444757
C,HSB,T,UGC08490@1.020000,0.334024,3.30761,0.405484
C,HSB,T,UGC08490@1.360000,0.278568,3.81767,0.413114
C,HSB,T,UGC08490@1.690000,0.23124,4.21708,0.427501
C,HSB,T,UGC08490@2.030000,0.191251,4.54139,0.445093
C,HSB,T,UGC08490@2.370000,0.16639,4.62681,0.445769
C,HSB,T,UGC08490@2.700000,0.146857,4.72242,0.449117
C,HSB,T,UGC08490@3.050000,0.126015,4.9856,0.46871
C,HSB,T,UGC08490@3.380000,0.112028,5.02193,0.473936
C,HSB,T,UGC08490@3.720000,0.104231,4.9798,0.466382
C,HSB,F,UGC08490@4.060000,0.0967742,4.96437,0.462589
C,HSB,F,UGC08490@4.390000,0.084779,5.24079,0.488347
C,HSB,F,UGC08490@4.740000,0.074608,5.51552,0.513946
C,HSB,F,UGC08490@5.080000,0.0643844,5.90347,0.552889
C,HSB,F,UGC08490@5.410000,0.054216,6.53302,0.614187
C,HSB,F,UGC08490@5.750000,0.0500338,6.93479,0.638935
C,HSB,F,UGC08490@6.090000,0.0472227,6.93739,0.639175
C,HSB,F,UGC08490@6.420000,0.0432287,7.1888,0.662339
C,HSB,F,UGC08490@6.770000,0.0400172,7.36426,0.678505
C,HSB,F,UGC08490@7.110000,0.0369212,7.54328,0.697612
C,HSB,F,UGC08490@7.440000,0.0366875,7.2546,0.670914
C,HSB,F,UGC08490@7.780000,0.0348602,7.24643,0.672688
C,HSB,F,UGC08490@8.120000,0.0307835,7.86248,0.729875
C,HSB,F,UGC08490@8.460000,0.0294456,7.75105,0.725923
C,HSB,F,UGC08490@8.800000,0.0283795,7.5559,0.715822
C,HSB,F,UGC08490@9.130000,0.0261054,7.77558,0.743313
C,HSB,F,UGC08490@9.470000,0.0239928,8.24124,0.783767
C,HSB,F,UGC08490@9.770000,0.0230084,8.11662,0.781993
C,HSB,F,UGC08490@10.150000,0.0222648,8.28588,0.788012
C,dwarf,F,UGC08550@0.490000,0.099555,3.98401,0.65019
C,dwarf,T,UGC08550@0.970000,0.119656,4.83919,0.614861
C,dwarf,T,UGC08550@1.470000,0.11045,4.41263,0.395298
C,dwarf,F,UGC08550@1.950000,0.0873854,4.41729,0.373494
C,dwarf,F,UGC08550@2.440000,0.0603255,5.36623,0.438668
C,dwarf,F,UGC08550@2.920000,0.0416535,6.80713,0.538238
C,dwarf,F,UGC08550@3.410000,0.0349665,7.38102,0.554964
C,dwarf,F,UGC08550@3.890000,0.0318279,7.62509,0.567384
C,dwarf,F,UGC08550@4.390000,0.0345464,6.84995,0.530931
C,dwarf,F,UGC08550@4.880000,0.0373429,5.60248,0.391098
C,dwarf,F,UGC08550@5.360000,0.0352131,5.4471,0.378929
C,bulge,S,UGC08699@0.220000,25.2016,1.29579,0.671765
C,bulge,S,UGC08699@0.430000,28.0075,0.720095,0.283726
C,bulge,S,UGC08699@0.650000,22.0576,0.694919,0.162277
C,bulge,S,UGC08699@0.870000,16.0697,0.78612,0.131299
C,bulge,S,UGC08699@1.080000,12.047,0.908792,0.0988021
C,bulge,T,UGC08699@1.310000,9.15366,1.02693,0.0916493
C,bulge,T,UGC08699@1.520000,7.27396,1.14759,0.0499941
C,bulge,T,UGC08699@1.730000,5.92843,1.23713,0.0281723
C,bulge,T,UGC08699@1.960000,4.89829,1.3216,0.0442279
C,bulge,T,UGC08699@2.170000,4.21899,1.3586,0.0607293
C,bulge,T,UGC08699@2.390000,3.65673,1.36685,0.0401686
C,bulge,T,UGC08699@2.600000,3.22209,1.38262,0.0475678
C,bulge,T,UGC08699@2.830000,2.80588,1.39884,0.0327135
C,bulge,T,UGC08699@3.040000,2.47949,1.39669,0.212539
C,bulge,T,UGC08699@5.870000,0.824882,1.85595,0.118999
C,bulge,T,UGC08699@6.080000,0.790018,1.91521,0.148317
C,bulge,T,UGC08699@6.300000,0.757288,1.97331,0.0898198
C,bulge,T,UGC08699@6.520000,0.727843,2.02973,0.119478
C,bulge,T,UGC08699@6.740000,0.700557,2.08658,0.0712721
C,bulge,T,UGC08699@6.950000,0.676472,2.14294,0.0654787
C,bulge,T,UGC08699@7.160000,0.655252,2.19543,0.056454
C,bulge,T,UGC08699@7.390000,0.634927,2.21939,0.0822265
C,bulge,T,UGC08699@7.600000,0.620168,2.23363,0.184032
C,bulge,T,UGC08699@7.820000,0.606337,2.24451,0.147531
C,bulge,T,UGC08699@8.030000,0.594573,2.25322,0.163056
C,bulge,T,UGC08699@8.260000,0.582593,2.25963,0.165062
C,bulge,T,UGC08699@8.470000,0.572036,2.24427,0.146658
C,bulge,T,UGC08699@8.680000,0.560569,2.25874,0.114859
C,bulge,T,UGC08699@8.910000,0.546498,2.25709,0.099408
C,bulge,T,UGC08699@9.530000,0.498241,2.29008,0.145242
C,bulge,T,UGC08699@9.780000,0.477882,2.32661,0.189861
C,bulge,T,UGC08699@9.990000,0.460508,2.33842,0.198388
C,bulge,T,UGC08699@10.210000,0.441979,2.38395,0.25275
C,bulge,T,UGC08699@11.460000,0.352549,2.5494,0.0703187
C,bulge,T,UGC08699@13.390000,0.262133,2.77551,0.11353
C,bulge,T,UGC08699@15.210000,0.206977,3.02499,0.231973
C,bulge,T,UGC08699@17.130000,0.165009,3.44651,0.238724
C,bulge,T,UGC08699@19.060000,0.134847,3.91994,0.172042
C,bulge,T,UGC08699@20.990000,0.112509,4.31378,0.212591
C,bulge,F,UGC08699@22.920000,0.0946109,4.74992,0.370076
C,bulge,F,UGC08699@25.700000,0.0741704,5.46308,0.447197
C,HSB,T,UGC09037@2.430000,1.20784,0.409886,0.0749921
C,HSB,T,UGC09037@3.650000,0.951697,0.696378,0.0607949
C,HSB,T,UGC09037@4.860000,0.74462,0.983776,0.0812764
C,HSB,T,UGC09037@6.080000,0.617895,1.19191,0.0780701
C,HSB,T,UGC09037@7.290000,0.576029,1.1386,0.0945772
C,HSB,T,UGC09037@8.510000,0.494073,1.21171,0.0812224
C,HSB,T,UGC09037@9.730000,0.426235,1.3263,0.106902
C,HSB,T,UGC09037@10.960000,0.374482,1.44283,0.141774
C,HSB,T,UGC09037@12.190000,0.345219,1.51103,0.135676
C,HSB,T,UGC09037@13.410000,0.312748,1.58045,0.11691
C,HSB,T,UGC09037@14.550000,0.282896,1.65475,0.100627
C,HSB,T,UGC09037@15.780000,0.260062,1.79703,0.104088
C,HSB,T,UGC09037@17.000000,0.232366,1.96513,0.0999978
C,HSB,T,UGC09037@18.230000,0.203867,2.11524,0.134897
C,HSB,T,UGC09037@19.460000,0.180469,2.2667,0.207686
C,HSB,T,UGC09037@20.690000,0.17003,2.20662,0.218428
C,HSB,T,UGC09037@21.920000,0.153704,2.21736,0.230892
C,HSB,T,UGC09037@23.140000,0.137579,2.37703,0.241664
C,HSB,T,UGC09037@24.280000,0.128368,2.36611,0.279323
C,HSB,T,UGC09037@25.510000,0.114733,2.39046,0.427096
C,HSB,T,UGC09037@26.730000,0.112683,2.05248,0.585176
C,HSB,T,UGC09037@27.960000,0.108054,2.37799,0.500628
C,bulge,S,UGC09133@0.320000,24.8633,3.15229,0.770314
C,bulge,S,UGC09133@0.630000,30.1113,1.30355,0.173807
C,bulge,S,UGC09133@0.950000,24.4022,1.05915,0.0949845
C,bulge,S,UGC09133@1.260000,19.4453,0.995014,0.0753368
C,bulge,S,UGC09133@1.580000,15.785,0.977494,0.0754067
C,bulge,S,UGC09133@1.890000,13.0764,0.979392,0.053849
C,bulge,S,UGC09133@2.210000,11.0016,0.995544,0.0799289
C,bulge,T,UGC09133@2.520000,9.45126,1.01629,0.0324193
C,bulge,T,UGC09133@2.840000,8.2006,1.03931,0.0374746
C,bulge,T,UGC09133@3.150000,7.29779,1.05295,0.0321545
C,bulge,T,UGC09133@3.470000,6.6383,1.0508,0.0311851
C,bulge,T,UGC09133@3.790000,6.0977,1.04738,0.0430212
C,bulge,T,UGC09133@4.100000,5.62732,1.05665,0.0341146
C,bulge,T,UGC09133@4.420000,5.1752,1.06577,0.0369976
C,bulge,T,UGC09133@4.730000,4.75874,1.08308,0.0123007
C,bulge,T,UGC09133@5.050000,4.35894,1.11542,0.0146871
C,bulge,T,UGC09133@5.360000,4.00834,1.15098,0.039264
C,bulge,T,UGC09133@5.680000,3.69094,1.17954,0.16982
C,bulge,T,UGC09133@5.990000,3.42457,1.21406,0.109823
C,bulge,T,UGC09133@6.310000,3.18817,1.24671,0.0709394
C,bulge,T,UGC09133@6.620000,2.99711,1.26408,0.0695246
C,bulge,T,UGC09133@6.940000,2.82755,1.28712,0.0939371
C,bulge,T,UGC09133@7.570000,2.53805,1.32384,0.0631369
C,bulge,T,UGC09133@7.890000,2.39877,1.35331,0.126372
C,bulge,T,UGC09133@8.200000,2.26628,1.37828,0.100849
C,bulge,T,UGC09133@8.310000,2.22247,1.39652,0.0284153
C,bulge,T,UGC09133@8.520000,2.14531,1.41109,0.0546798
C,bulge,T,UGC09133@8.830000,2.04333,1.42951,0.0569817
C,bulge,T,UGC09133@9.150000,1.94516,1.44913,0.070444
C,bulge,T,UGC09133@9.780000,1.76212,1.50703,0.132452
C,bulge,T,UGC09133@10.100000,1.67302,1.53699,0.0413764
C,bulge,T,UGC09133@11.040000,1.44352,1.61843,0.0564202
C,bulge,T,UGC09133@11.360000,1.37651,1.6494,0.0388296
C,bulge,T,UGC09133@11.670000,1.31699,1.67815,0.124696
C,bulge,T,UGC09133@13.570000,1.0372,1.79451,0.0512536
C,bulge,T,UGC09133@13.880000,0.999047,1.80868,0.113615
C,bulge,T,UGC09133@14.200000,0.963548,1.83305,0.0734511
C,bulge,T,UGC09133@16.610000,0.746276,1.93874,0.127483
C,bulge,T,UGC09133@19.350000,0.584973,2.04742,0.0914966
C,bulge,T,UGC09133@22.190000,0.461157,2.19886,0.0369474
C,bulge,T,UGC09133@24.920000,0.382518,2.29082,0.0228217
C,bulge,T,UGC09133@27.660000,0.323028,2.38897,0.0574446
C,bulge,T,UGC09133@30.500000,0.27329,2.46401,0.090315
C,bulge,T,UGC09133@33.230000,0.233887,2.54076,0.100017
C,bulge,T,UGC09133@35.960000,0.199566,2.64355,0.0552255
C,bulge,T,UGC09133@38.800000,0.170617,2.7509,0.0572916
C,bulge,T,UGC09133@41.540000,0.148559,2.85422,0.0551655
C,bulge,T,UGC09133@44.270000,0.131398,2.95214,0.0158285
C,bulge,T,UGC09133@47.110000,0.117603,3.12601,0.0370883
C,bulge,T,UGC09133@49.840000,0.10596,3.36338,0.0582611
C,bulge,F,UGC09133@52.580000,0.0948584,3.65118,0.0793604
C,bulge,F,UGC09133@55.420000,0.0855201,3.93819,0.0527235
C,bulge,F,UGC09133@58.150000,0.0787522,4.14267,0.0439425
C,bulge,F,UGC09133@60.890000,0.0736036,4.19879,0.0730521
C,bulge,F,UGC09133@63.620000,0.0681293,4.23627,0.139466
C,bulge,F,UGC09133@66.460000,0.0627357,4.2601,0.166483
C,bulge,F,UGC09133@69.190000,0.0580278,4.24084,0.185582
C,bulge,F,UGC09133@71.930000,0.0539971,4.23521,0.0773386
C,bulge,F,UGC09133@74.770000,0.0504603,4.28442,0.0496091
C,bulge,F,UGC09133@77.500000,0.0476167,4.38035,0.0614785
C,bulge,F,UGC09133@80.230000,0.0450156,4.43661,0.123521
C,bulge,F,UGC09133@83.070000,0.0424449,4.5045,0.138723
C,bulge,F,UGC09133@85.810000,0.040051,4.53988,0.150384
C,bulge,F,UGC09133@88.540000,0.0377154,4.5893,0.0616041
C,bulge,F,UGC09133@91.380000,0.0354627,4.72914,0.0502737
C,bulge,F,UGC09133@94.120000,0.0335006,4.94836,0.0539018
C,bulge,F,UGC09133@99.690000,0.030216,5.31939,0.131227
C,bulge,F,UGC09133@108.310000,0.0257428,5.84851,0.210444
C,dwarf,F,UGC09992@0.780000,0.0985014,3.19576,1.2874
C,dwarf,F,UGC09992@1.550000,0.0768388,2.55785,0.925077
C,dwarf,F,UGC09992@2.340000,0.0629051,2.30052,0.789147
C,dwarf,F,UGC09992@3.120000,0.0559699,1.98647,0.67326
C,dwarf,F,UGC09992@3.890000,0.0440538,2.13479,0.704542
C,dwarf,F,UGC10310@1.100000,0.0673706,4.62501,1.40979
C,dwarf,F,UGC10310@2.210000,0.0948242,4.42357,0.8199
C,dwarf,F,UGC10310@3.310000,0.0868147,4.67099,0.719488
C,dwarf,F,UGC10310@4.420000,0.0775522,4.34405,0.635286
C,dwarf,F,UGC10310@5.520000,0.0833705,3.39657,0.484813
C,dwarf,F,UGC10310@6.640000,0.0782018,3.139,0.438767
C,dwarf,F,UGC10310@7.740000,0.0636039,3.38452,0.467914
C,HSB,T,UGC11455@0.620000,1.27161,0.485925,0.111029
C,HSB,T,UGC11455@1.230000,1.60405,0.65772,0.0853204
C,HSB,T,UGC11455@1.830000,1.65908,0.657122,0.103696
C,HSB,T,UGC11455@2.470000,1.5944,1.00823,0.185586
C,HSB,T,UGC11455@3.080000,1.48053,1.26127,0.14078
C,HSB,T,UGC11455@3.680000,1.38261,1.3751,0.142094
C,HSB,T,UGC11455@4.320000,1.30212,1.61642,0.173742
C,HSB,T,UGC11455@4.910000,1.24908,1.86909,0.178342
C,HSB,T,UGC11455@5.530000,1.27665,1.70937,0.172846
C,HSB,T,UGC11455@6.170000,1.33581,1.43462,0.182455
C,HSB,T,UGC11455@6.780000,1.46984,1.19871,0.0867228
C,HSB,T,UGC11455@7.380000,1.59966,1.22892,0.0681595
C,HSB,T,UGC11455@8.000000,1.61155,1.22104,0.0568734
C,HSB,T,UGC11455@8.620000,1.52591,1.36171,0.0697876
C,HSB,T,UGC11455@9.230000,1.47431,1.39413,0.0493308
C,HSB,T,UGC11455@9.850000,1.44871,1.40588,0.0717331
C,HSB,T,UGC11455@10.430000,1.42583,1.38107,0.0796397
C,HSB,T,UGC11455@11.050000,1.38949,1.50941,0.0594917
C,HSB,T,UGC11455@11.670000,1.34655,1.46401,0.0643732
C,HSB,T,UGC11455@12.190000,1.31593,1.41316,0.218778
C,HSB,T,UGC11455@12.910000,1.27017,1.47612,0.099466
C,HSB,T,UGC11455@14.560000,1.15096,1.52842,0.115031
C,HSB,T,UGC11455@16.630000,0.946331,1.67321,0.114997
C,HSB,T,UGC11455@17.770000,0.851971,1.68004,0.113608
C,HSB,T,UGC11455@18.490000,0.805076,1.73265,0.0837446
C,HSB,T,UGC11455@20.240000,0.724626,1.7708,0.0812487
C,HSB,T,UGC11455@22.620000,0.63865,1.78537,0.123984
C,HSB,T,UGC11455@24.890000,0.548065,1.64948,0.100931
C,HSB,T,UGC11455@27.060000,0.459523,1.78274,0.0949457
C,HSB,T,UGC11455@29.130000,0.388362,2.03357,0.0801467
C,HSB,T,UGC11455@31.300000,0.332123,2.24573,0.0947468
C,HSB,T,UGC11455@33.460000,0.291411,2.13928,0.0959784
C,HSB,T,UGC11455@35.530000,0.251853,2.57096,0.126469
C,HSB,T,UGC11455@37.700000,0.216962,2.85414,0.133124
C,HSB,T,UGC11455@39.870000,0.194351,2.96895,0.122033
C,HSB,T,UGC11455@41.930000,0.174417,3.00849,0.19951
C,bulge,S,UGC11914@0.280000,35.7804,0.876021,0.518312
C,bulge,S,UGC11914@0.370000,29.9187,0.982286,0.422331
C,bulge,S,UGC11914@0.470000,25.4045,1.08381,0.285827
C,bulge,S,UGC11914@0.560000,22.4687,1.17448,0.253214
C,bulge,S,UGC11914@0.650000,20.1358,1.27877,0.095136
C,bulge,S,UGC11914@0.750000,18.2127,1.34424,0.0549865
C,bulge,S,UGC11914@0.840000,17.061,1.38885,0.0400736
C,bulge,S,UGC11914@0.930000,16.2368,1.41358,0.0308613
C,bulge,S,UGC11914@1.030000,15.4115,1.4175,0.0400483
C,bulge,S,UGC11914@1.120000,14.6945,1.42886,0.0560114
C,bulge,S,UGC11914@1.210000,13.9947,1.43968,0.05152
C,bulge,S,UGC11914@1.300000,13.2985,1.45074,0.102165
C,bulge,S,UGC11914@1.410000,12.4814,1.45539,0.0668366
C,bulge,S,UGC11914@1.500000,11.8549,1.46052,0.0359823
C,bulge,S,UGC11914@1.590000,11.2707,1.45931,0.0616938
C,bulge,S,UGC11914@1.680000,10.7172,1.46249,0.102525
C,bulge,S,UGC11914@1.780000,10.1436,1.46843,0.0865969
C,bulge,T,UGC11914@1.870000,9.66363,1.46718,0.112551
C,bulge,T,UGC11914@1.960000,9.22748,1.45595,0.0515336
C,bulge,T,UGC11914@2.050000,8.83754,1.45345,0.0491476
C,bulge,T,UGC11914@2.160000,8.40436,1.45053,0.0929137
C,bulge,T,UGC11914@2.250000,8.08052,1.43838,0.0713238
C,bulge,T,UGC11914@2.340000,7.78305,1.43592,0.120815
C,bulge,T,UGC11914@2.430000,7.51635,1.4318,0.0784033
C,bulge,T,UGC11914@2.460000,7.43504,1.4298,0.0508813
C,bulge,T,UGC11914@2.530000,7.25031,1.42567,0.0350026
C,bulge,T,UGC11914@2.620000,7.02452,1.42095,0.0371406
C,bulge,T,UGC11914@2.710000,6.8185,1.41526,0.0551465
C,bulge,T,UGC11914@2.800000,6.61909,1.41104,0.0912796
C,bulge,T,UGC11914@2.990000,6.21315,1.40771,0.102908
C,bulge,T,UGC11914@3.280000,5.64598,1.42191,0.14952
C,bulge,T,UGC11914@3.740000,4.86115,1.45833,0.187785
C,bulge,T,UGC11914@3.830000,4.72437,1.46529,0.15255
C,bulge,T,UGC11914@4.020000,4.45732,1.47967,0.200668
C,bulge,T,UGC11914@4.090000,4.36365,1.48557,0.0244203
C,bulge,T,UGC11914@4.120000,4.32438,1.48814,0.0917346
C,bulge,T,UGC11914@4.300000,4.09593,1.49508,0.0894993
C,bulge,T,UGC11914@4.390000,3.98546,1.50502,0.0819228
C,bulge,T,UGC11914@4.490000,3.86922,1.51571,0.0920883
C,bulge,T,UGC11914@4.580000,3.76831,1.51525,0.0438899
C,bulge,T,UGC11914@4.870000,3.4684,1.53758,0.112791
C,bulge,T,UGC11914@4.910000,3.42982,1.53155,0.0240368
C,bulge,T,UGC11914@4.960000,3.38244,1.53735,0.0744119
C,bulge,T,UGC11914@5.050000,3.30069,1.53662,0.0345874
C,bulge,T,UGC11914@5.140000,3.22114,1.547,0.109961
C,bulge,T,UGC11914@5.240000,3.13657,1.54755,0.111467
C,bulge,T,UGC11914@5.330000,3.06296,1.55798,0.193931
C,bulge,T,UGC11914@5.420000,2.99258,1.5572,0.124576
C,bulge,T,UGC11914@5.510000,2.92433,1.56751,0.132001
C,bulge,T,UGC11914@5.610000,2.85275,1.56715,0.0444761
C,bulge,T,UGC11914@5.710000,2.78573,1.57674,0.0525211
C,bulge,T,UGC11914@5.800000,2.72754,1.57425,0.0716477
C,bulge,T,UGC11914@5.890000,2.67065,1.58321,0.0554963
C,bulge,T,UGC11914@5.980000,2.61651,1.59165,0.0604041
C,bulge,T,UGC11914@6.080000,2.5579,1.60134,0.124486
C,bulge,T,UGC11914@6.150000,2.51899,1.60757,0.0129515
C,bulge,T,UGC11914@6.170000,2.5083,1.60919,0.196742
C,bulge,T,UGC11914@6.260000,2.4597,1.61739,0.0907569
C,bulge,T,UGC11914@6.350000,2.41247,1.62569,0.210248
C,bulge,T,UGC11914@6.730000,2.22606,1.67411,0.12379
C,bulge,T,UGC11914@6.830000,2.17987,1.68455,0.111157
C,bulge,T,UGC11914@6.920000,2.13925,1.70617,0.154453
C,bulge,T,UGC11914@7.370000,1.94793,1.79656,0.0154704
C,bulge,T,UGC11914@8.600000,1.50575,2.11817,0.0303819
C,bulge,T,UGC11914@9.830000,1.16773,2.52001,0.08378
C,HSB,T,UGC12506@0.820000,0.227749,19.0633,9.12186
C,HSB,T,UGC12506@2.460000,0.467036,6.8424,2.2808
C,HSB,T,UGC12506@4.100000,0.514919,5.54345,0.794371
C,HSB,T,UGC12506@5.740000,0.482732,4.39958,0.648827
C,HSB,T,UGC12506@7.380000,0.441442,4.24946,0.531687
C,HSB,T,UGC12506@9.020000,0.437437,3.88404,0.475882
C,HSB,T,UGC12506@10.650000,0.421181,3.66722,0.369911
C,HSB,T,UGC12506@12.290000,0.394393,3.66449,0.355717
C,HSB,T,UGC12506@13.930000,0.361319,3.47019,0.339698
C,HSB,T,UGC12506@15.570000,0.341679,3.36678,0.325455
C,HSB,T,UGC12506@17.210000,0.323813,3.34932,0.31716
C,HSB,T,UGC12506@18.850000,0.298632,3.42492,0.319109
C,HSB,T,UGC12506@20.490000,0.26914,3.46803,0.324429
C,HSB,T,UGC12506@22.130000,0.241845,3.63129,0.336983
C,HSB,T,UGC12506@23.770000,0.215347,3.95013,0.359384
C,HSB,T,UGC12506@25.410000,0.191622,3.80215,0.464361
C,HSB,T,UGC12506@27.050000,0.17435,3.92546,0.373241
C,HSB,T,UGC12506@28.680000,0.163199,4.1191,0.383787
C,HSB,T,UGC12506@30.320000,0.154072,4.19366,0.387621
C,HSB,T,UGC12506@31.960000,0.143876,4.1928,0.390654
C,HSB,T,UGC12506@33.600000,0.130643,4.2175,0.445949
C,HSB,T,UGC12506@35.240000,0.118215,4.2637,0.578007
C,HSB,T,UGC12506@36.880000,0.10953,4.36043,0.674218
C,HSB,T,UGC12506@38.520000,0.104451,4.48884,0.92757
C,HSB,F,UGC12506@40.160000,0.0998541,4.35548,0.845368
C,HSB,F,UGC12506@41.800000,0.0942042,4.10509,0.504133
C,HSB,F,UGC12506@43.440000,0.0894008,4.3469,0.630581
C,HSB,F,UGC12506@45.080000,0.0873345,4.28787,0.504239
C,HSB,F,UGC12506@46.710000,0.0827294,4.25682,0.429383
C,HSB,F,UGC12506@48.350000,0.0833123,3.94285,0.404753
C,HSB,F,UGC12506@49.990000,0.0845841,3.723,0.383882
C,dwarf,F,UGC12632@0.710000,0.0445266,5.71288,3.57944
C,dwarf,F,UGC12632@1.420000,0.0450893,5.48297,1.63836
C,dwarf,F,UGC12632@2.140000,0.0496793,5.87038,0.885799
C,dwarf,F,UGC12632@2.850000,0.0508599,6.34858,0.676871
C,dwarf,F,UGC12632@3.550000,0.0452358,6.37988,0.642434
C,dwarf,F,UGC12632@4.260000,0.0400872,6.86469,0.769203
C,dwarf,F,UGC12632@4.970000,0.0392915,6.48165,0.739599
C,dwarf,F,UGC12632@5.690000,0.0373611,6.27553,0.731985
C,dwarf,F,UGC12632@6.400000,0.0397228,5.58949,0.585409
C,dwarf,F,UGC12632@7.110000,0.041285,5.07282,0.426644
C,dwarf,F,UGC12632@7.820000,0.0439955,4.46678,0.354547
C,dwarf,F,UGC12632@8.520000,0.0434112,4.28603,0.351766
C,dwarf,F,UGC12632@9.250000,0.041337,4.35753,0.357175
C,dwarf,F,UGC12632@9.950000,0.0407365,4.08826,0.31474
C,dwarf,F,UGC12632@10.660000,0.0392002,3.97639,0.303533
C,dwarf,F,UGCA442@0.420000,0.0260175,5.73801,1.54361
C,dwarf,F,UGCA442@1.260000,0.0568972,3.54789,0.451549
C,dwarf,F,UGCA442@2.110000,0.0705329,3.51231,0.298118
C,dwarf,F,UGCA442@2.960000,0.0620829,4.06282,0.316734
C,dwarf,F,UGCA442@3.790000,0.0491975,5.00816,0.374698
C,dwarf,F,UGCA442@4.650000,0.0356223,5.97149,0.660675
C,dwarf,F,UGCA442@5.480000,0.0240193,7.89249,0.772863
C,dwarf,F,UGCA442@6.330000,0.0165526,9.47383,0.217982
C,dwarf,F,UGCA444@0.120000,0.00514218,21.1602,16.9804
C,dwarf,F,UGCA444@0.190000,0.00446746,27.0946,16.6978
C,dwarf,F,UGCA444@0.260000,0.00838577,14.8383,8.81568
C,dwarf,F,UGCA444@0.330000,0.0129013,9.99825,6.06731
C,dwarf,F,UGCA444@0.400000,0.0170273,7.36376,4.34868
C,dwarf,F,UGCA444@0.470000,0.0217622,6.04417,2.94064
C,dwarf,F,UGCA444@0.550000,0.0283475,5.10578,2.12528
C,dwarf,F,UGCA444@0.620000,0.0352729,4.65825,1.36917
C,dwarf,F,UGCA444@0.690000,0.0418306,4.84203,1.72669
C,dwarf,F,UGCA444@0.760000,0.0471061,4.05243,1.2495
C,dwarf,F,UGCA444@0.830000,0.0534649,3.80421,1.00901
C,dwarf,F,UGCA444@0.900000,0.0562635,3.68606,0.980943
C,dwarf,F,UGCA444@0.970000,0.058202,3.27921,0.884312
C,dwarf,F,UGCA444@1.040000,0.0593228,3.22615,0.708989
C,dwarf,F,UGCA444@1.110000,0.0597278,3.02599,0.662381
C,dwarf,F,UGCA444@1.190000,0.0589523,2.97338,0.626821
C,dwarf,F,UGCA444@1.260000,0.057215,3.07497,0.614995
C,dwarf,F,UGCA444@1.330000,0.0556804,3.08378,0.71917
C,dwarf,F,UGCA444@1.400000,0.0536549,3.38605,0.790868
C,dwarf,F,UGCA444@1.480000,0.0515203,3.40608,0.756644
C,dwarf,F,UGCA444@1.550000,0.0498481,3.71934,1.01303
C,dwarf,F,UGCA444@1.620000,0.0489192,3.72226,1.05142
C,dwarf,F,UGCA444@1.690000,0.0469311,3.64713,1.09055
C,dwarf,F,UGCA444@1.750000,0.0453313,4.26865,1.04517
C,dwarf,F,UGCA444@1.830000,0.0439061,3.9878,1.0808
C,dwarf,F,UGCA444@1.900000,0.0423144,4.18648,1.10961
C,dwarf,F,UGCA444@1.970000,0.0408275,4.52202,1.29578
C,dwarf,F,UGCA444@2.040000,0.0394347,4.10796,1.00305
C,dwarf,F,UGCA444@2.110000,0.0386046,4.33549,1.21702
C,dwarf,F,UGCA444@2.190000,0.036764,4.41231,1.21926
C,dwarf,F,UGCA444@2.260000,0.0356326,4.70321,1.00802
C,dwarf,F,UGCA444@2.330000,0.0345836,5.02906,1.52404
C,dwarf,F,UGCA444@2.400000,0.0319956,5.60382,1.6239
C,dwarf,F,UGCA444@2.480000,0.0291017,6.09122,2.30041
C,dwarf,F,UGCA444@2.550000,0.0264757,5.8373,1.55115
C,dwarf,F,UGCA444@2.620000,0.0242709,7.17315,2.91421
A,n1,T,H,0.333333,0.999967,0
A,n1,T,He,3,0.869078,0
A,n2,F,Li,0.0666667,2.18787,0
A,n2,T,Be,0.230769,1.32453,0
A,n2,T,B,0.454545,1.25376,0
A,n2,T,C,0.777778,1.31521,0
A,n2,T,N,1.28571,1.05463,0
A,n2,T,O,2.2,1.07269,0
A,n2,T,F,4.33333,1.00634,0
A,n2,S,Ne,15,0.959982,0
A,n3,F,Na,0.0666667,1.83099,0
A,n3,T,Mg,0.230769,1.31916,0
A,n3,T,Al,0.454545,1.42814,0
A,n3,T,Si,0.777778,1.24076,0
A,n3,T,P,1.28571,1.35514,0
A,n3,T,S,2.2,1.13263,0
A,n3,T,Cl,4.33333,1.05685,0
A,n3,S,Ar,15,0.999318,0
A,n4,F,K,0.0666667,2.01276,0
A,n4,T,Ca,0.230769,1.56298,0
A,n4,T,Fe,0.230769,1.77815,0
A,n4,F,Cu,0.0666667,1.51776,0
A,n4,T,Zn,0.230769,1.21525,0
A,n4,T,Ga,0.454545,1.46352,0
A,n4,T,Ge,0.777778,1.26696,0
A,n4,T,Se,2.2,1.15676,0
A,n4,S,Kr,15,1.04661,0
A,n5+,F,Rb,0.0666667,1.97091,0
A,n5+,T,Sr,0.230769,1.58722,0
A,n5+,F,Ag,0.0666667,1.50348,0
A,n5+,T,Cd,0.230769,1.24482,0
A,n5+,T,In,0.454545,1.43563,0
A,n5+,T,Sn,0.777778,1.26167,0
A,n5+,T,I,4.33333,1.15716,0
A,n5+,S,Xe,15,1.07835,0
A,n5+,F,Cs,0.0666667,2.10667,0
A,n5+,T,Ba,0.230769,1.74524,0
B,planet,S,Mercury,3.7983e+08,0.978443,0
B,planet,S,Venus,1.08781e+08,0.999683,0
B,planet,S,Earth,5.69157e+07,0.999403,0
B,planet,S,Mars,2.45149e+07,0.99482,0
B,planet,S,Jupiter,2.10255e+06,1.00005,0
B,planet,S,Saturn,625807,1.00702,0
B,planet,S,Uranus,154569,0.999917,0
B,planet,S,Neptune,62946.2,0.99913,0
B,giant_host,S,HD 87816 b,5.23956e+07,1.00023,0
B,giant_host,S,HIP 67851 b,4.12996e+08,0.969703,0
B,giant_host,S,eps Tau b,4.1474e+07,1.00186,0
B,giant_host,S,4 UMa b,9.13167e+07,0.997985,0
B,giant_host,S,HD 59686 A b,9.16913e+07,1.00346,0
B,giant_host,S,xi Aql b,2.53527e+08,0.997434,0
B,giant_host,S,18 Del b,1.94963e+07,0.99825,0
B,giant_host,S,HD 167042 b,5.31532e+07,0.998948,0
B,giant_host,S,HD 210702 b,6.50194e+07,0.996814,0
B,giant_host,S,HD 102888 b,1.24931e+08,1.00425,0
B,giant_host,S,nu Oph c,4.37207e+06,1.00068,0
B,giant_host,S,HD 47366 c,3.04283e+07,0.999655,0
B,giant_host,S,HD 47366 b,7.07129e+07,0.999517,0
B,giant_host,S,75 Cet b,2.98923e+07,1.00059,0
B,giant_host,S,HD 145457 b,1.86242e+08,1.00134,0
B,planet,S,WASP-77 A b,9.52114e+10,1.00094,0
B,planet,S,GJ 876 d,4.20709e+10,0.999601,0
B,planet,S,TOI-908 b,3.11589e+10,1.00061,0
B,planet,S,TOI-4552 b,4.71029e+11,1.00044,0
B,planet,S,GJ 876 b,4.19696e+08,1.00866,0
B,planet,S,TOI-2015 c,1.01808e+10,0.986461,0
B,planet,S,61 Vir b,2.12746e+10,1.0087,0
B,planet,S,TOI-2015 b,2.01309e+10,0.986233,0
B,planet,S,HD 82943 c,1.11213e+08,1.04769,0
B,planet,S,TIC 172900988 b,8.64495e+07,1.97314,0
B,planet,S,GJ 876 c,1.08453e+09,1.00211,0
B,planet,S,TOI-4562 c,2.49078e+06,0.999104,0
B,planet,S,61 Vir c,1.13336e+09,1.00762,0
B,planet,S,HD 82943 b,4.39182e+07,1.04894,0
B,planet,S,GJ 625 b,2.78071e+09,0.999788,0
B,planet,S,Kepler-34 b,5.02414e+07,1.97338,0
B,planet,S,GJ 896 A b,6.06507e+07,0.989951,0
B,planet,S,HD 219134 g,3.20847e+08,1.00052,0
B,planet,S,HD 45364 c,5.73634e+07,1.00052,0
B,planet,S,MASCARA-1 b,6.64137e+10,0.998937,0
B,planet,S,HATS-72 b,9.40472e+09,0.999816,0
B,planet,S,Kepler-16 b,7.90247e+07,1.29391,0
B,planet,S,Kepler-35 b,1.38736e+08,1.91063,0
B,planet,S,WASP-113 b,2.16599e+10,1.00037,0
B,planet,S,TOI-1408 b,2.23673e+10,1.00071,0
B,planet,S,HD 73344 b,3.97991e+09,1.02524,0
B,planet,S,HD 216520 b,1.19047e+09,1.00456,0
B,planet,S,61 Vir d,2.36631e+08,1.00928,0
B,planet,S,TOI-1408 c,5.80371e+10,0.999344,0
B,planet,S,HD 45364 b,1.0114e+08,1.00007,0
B,substellar,S,90377 Sedna (2003 VB12),188.152,0.999678,0
B,substellar,S,(2012 VP113),780.741,1.00011,0
B,substellar,S,136199 Eris (2003 UB313),12308.8,0.998097,0
B,substellar,S,136472 Makemake (2005 FY9),27492.3,1.00172,0
B,substellar,S,136108 Haumea (2003 EL61),30782,0.999661,0
B,substellar,S,50000 Quaoar (2002 LM60),30639.4,0.987479,0
B,substellar,S,225088 Gonggong (2007 OR10),12716.9,0.998344,0
B,substellar,S,90482 Orcus (2004 DW),36851,0.997137,0
B,substellar,S,120347 Salacia (2004 SB60),32112.2,0.999098,0
B,substellar,S,(2014 UZ224),4703.8,1.00193,0
B,substellar,S,541132 Leleakuhonua (2015 TG387),28.2265,1.00426,0
B,substellar,S,(2013 SY99),80.6633,1.00036,0
B,substellar,S,474640 Alicanto (2004 VN112),472.689,1.00106,0
B,substellar,S,(2010 GB174),446.579,1.00305,0
B,substellar,S,523622 (2007 TG422),176.416,1.00174,0
B,substellar,S,(2013 RF98),388.005,1.00507,0
B,substellar,S,307261 Mani (2002 MS4),32888.8,0.999749,0
B,substellar,S,20000 Varuna (2000 WR106),30497.7,0.994165,0
B,substellar,S,28978 Ixion (2001 KX76),36664.2,1.00263,0
B,substellar,S,10199 Chariklo (1997 CU26),230906,0.992817,0
B,substellar,S,(2018 VG18),8464.61,1.00144,0
B,substellar,T,(2014 FE72),9.03414,1.00542,0
B,substellar,S,(2015 KG163),143.858,1.0004,0
B,substellar,S,445473 (2010 VZ98),2223.28,1.00338,0
D,constituent,F,H2,-1,1,1.7981e-07
D,constituent,F,H3,-1,2.54186,2.69716e-07
D,constituent,F,He3,-3,2.31297,8.99052e-08
D,alpha_only,T,He4,1,6.35982,1.7981e-07
D,deuteron_rich,T,Li6,3,4.79404,2.69716e-07
D,triton_bearing,T,Li7,0.333333,5.04048,5.39431e-07
D,triton_bearing,T,Be9,1,5.81027,7.64194e-06
D,triton_bearing,T,Be10,0.2,5.84171,7.28232e-06
D,deuteron_rich,T,B10,7,5.82144,1.34858e-06
D,triton_bearing,T,B11,1.66667,6.22839,9.88957e-07
D,deuteron_rich,T,C12,9,6.90485,1.7981e-07
D,triton_bearing,T,C13,2.33333,6.71578,1.7981e-07
D,triton_bearing,T,C14,1,6.76116,3.59621e-07
D,deuteron_rich,S,N14,11,6.72096,1.7981e-07
D,triton_bearing,T,N15,3,6.92221,1.7981e-07
D,deuteron_rich,S,O16,13,7.17102,1.7981e-07
D,triton_bearing,T,O17,3.66667,6.96831,1.7981e-07
D,triton_bearing,T,O18,1.8,6.98302,1.7981e-07
D,triton_bearing,T,F19,4.33333,6.99374,1.7981e-07
D,deuteron_rich,S,Ne20,17,7.2214,1.7981e-07
D,triton_bearing,T,Ne21,5,7.16698,1.61829e-06
D,triton_bearing,T,Ne22,2.6,7.26476,7.19241e-07
D,EC_alt,T,Na22,5.66667,7.11659,5.39431e-06
D,triton_bearing,T,Na23,5.66667,7.29265,1.7981e-07
D,deuteron_rich,S,Mg24,21,7.42681,5.39431e-07
D,triton_bearing,T,Mg25,6.33333,7.39335,1.7082e-06
D,triton_bearing,T,Mg26,3.4,7.49258,9.88957e-07
D,EC_alt,T,Al26,7,7.32706,2.33753e-06
D,triton_bearing,T,Al27,7,7.4905,1.61829e-06
D,deuteron_rich,S,Si28,25,7.59496,1.7981e-07
D,triton_bearing,T,Si29,7.66667,7.59576,1.7981e-07
D,triton_bearing,T,Si30,4.2,7.66051,7.19241e-07
D,triton_bearing,T,Si32,1.88889,7.62528,8.36118e-06
D,triton_bearing,T,P31,8.33333,7.62501,1.7981e-07
D,deuteron_rich,S,S32,29,7.63576,1.7981e-07
D,triton_bearing,T,S33,9,7.63981,1.7981e-07
D,triton_bearing,T,S34,5,7.71701,1.16877e-06
D,triton_bearing,T,S36,2.33333,7.70972,4.67507e-06
D,triton_bearing,T,Cl35,9.66667,7.66017,8.99052e-07
D,EC_alt,T,Cl36,3.57143,7.66166,8.99052e-07
D,triton_bearing,T,Cl37,3.57143,7.70513,1.25867e-06
D,EC_alt,S,Ar36,10.3333,7.65984,7.19241e-07
D,triton_bearing,T,Ar38,5.8,7.74468,4.58516e-06
D,triton_bearing,T,Ar39,3.85714,7.69822,0.000115258
D,triton_bearing,T,Ar40,2.77778,7.72758,1.7981e-07
D,triton_bearing,T,Ar42,1.61538,7.69194,0.00012362
D,triton_bearing,S,K39,11,7.69321,2.69716e-07
D,EC_alt,T,K40,4.14286,7.67619,1.25867e-06
D,triton_bearing,T,K41,4.14286,7.71033,2.69716e-07
D,EC_alt,S,Ca40,11.6667,7.68807,5.39431e-07
D,EC_alt,T,Ca41,6.6,7.68393,3.05678e-06
D,triton_bearing,T,Ca42,6.6,7.74674,3.14668e-06
D,triton_bearing,T,Ca43,4.42857,7.73244,4.76497e-06
D,triton_bearing,T,Ca44,3.22222,7.78415,6.65298e-06
D,triton_bearing,T,Ca46,1.92308,7.79387,4.36939e-05
D,triton_bearing,T,Ca48,1.23529,7.7918,3.59621e-07
D,triton_bearing,T,Sc45,4.71429,7.74887,1.32161e-05
D,EC_alt,S,Ti44,13,7.67208,1.42949e-05
D,triton_bearing,T,Ti46,7.4,7.78261,1.7981e-06
D,triton_bearing,T,Ti47,5,7.7869,1.52839e-06
D,triton_bearing,T,Ti48,3.66667,7.84244,1.43848e-06
D,triton_bearing,T,Ti49,2.81818,7.83179,1.43848e-06
D,triton_bearing,T,Ti50,2.23077,7.87185,1.52839e-06
D,EC_alt,T,V50,3,7.81807,1.7082e-06
D,triton_bearing,T,V51,3,7.85959,1.7082e-06
D,EC_alt,T,Cr50,5.57143,7.82267,1.7082e-06
D,triton_bearing,T,Cr52,4.11111,7.89007,1.97791e-06
D,triton_bearing,T,Cr53,3.18182,7.87588,1.97791e-06
D,triton_bearing,T,Cr54,2.53846,7.89185,2.24763e-06
D,EC_alt,T,Mn53,4.33333,7.85248,5.84384e-06
D,triton_bearing,T,Mn55,3.36364,7.88021,4.22554e-06
D,EC_alt,T,Fe54,6.14286,7.85446,5.75393e-06
D,EC_alt,T,Fe55,4.55556,7.86364,5.03469e-06
D,triton_bearing,T,Fe56,4.55556,7.90299,4.31545e-06
D,triton_bearing,T,Fe57,3.54545,7.88494,4.22554e-06
D,triton_bearing,T,Fe58,2.84615,7.90469,4.94478e-06
D,triton_bearing,T,Fe60,1.94118,7.87197,5.10661e-05
D,triton_bearing,T,Co59,3.72727,7.88292,6.02365e-06
D,triton_bearing,T,Co60,3,7.8638,6.02365e-06
D,EC_alt,T,Ni58,6.71429,7.85058,5.39431e-06
D,EC_alt,T,Ni59,5,7.85465,5.39431e-06
D,triton_bearing,T,Ni60,5,7.89437,5.30441e-06
D,triton_bearing,T,Ni61,3.90909,7.88021,5.2145e-06
D,triton_bearing,T,Ni62,3.15385,7.90676,6.20346e-06
D,triton_bearing,T,Ni63,2.6,7.87884,6.11355e-06
D,triton_bearing,T,Ni64,2.17647,7.89139,6.47317e-06
D,triton_bearing,T,Cu63,4.09091,7.86863,6.11355e-06
D,triton_bearing,T,Cu65,2.73333,7.87308,8.90061e-06
D,EC_alt,T,Zn64,4.27273,7.85403,9.08042e-06
D,triton_bearing,T,Zn66,3.46154,7.87536,1.01593e-05
D,triton_bearing,T,Zn67,2.86667,7.85246,1.01593e-05
D,triton_bearing,T,Zn68,2.41176,7.87181,1.03391e-05
D,triton_bearing,T,Zn70,1.7619,7.84855,2.4634e-05
D,triton_bearing,T,Ga69,3,7.84385,1.56435e-05
D,triton_bearing,T,Ga71,2.15789,7.83758,1.02492e-05
D,triton_bearing,T,Ge70,3.76923,7.84126,1.05189e-05
D,triton_bearing,T,Ge72,2.64706,7.85029,9.88957e-07
D,triton_bearing,T,Ge73,2.26316,7.82629,7.19241e-07
D,triton_bearing,T,Ge74,1.95238,7.84441,2.69716e-07
D,triton_bearing,T,Ge76,1.48,7.82646,2.69716e-07
D,triton_bearing,T,As75,2.36842,7.82254,1.06088e-05
D,EC_alt,T,Se74,3.4,7.81071,2.69716e-07
D,triton_bearing,T,Se76,2.88235,7.83207,2.69716e-07
D,triton_bearing,T,Se77,2.47368,7.81698,7.19241e-07
D,triton_bearing,T,Se78,2.14286,7.83776,2.06782e-06
D,triton_bearing,T,Se79,1.86957,7.81779,2.51734e-06
D,triton_bearing,T,Se80,1.64,7.83147,1.06088e-05
D,triton_bearing,T,Se82,1.27586,7.81563,5.1246e-06
D,triton_bearing,T,Br79,2.57895,7.8106,1.1418e-05
D,triton_bearing,T,Br81,1.95652,7.81811,1.08785e-05
D,EC_alt,T,Kr78,3.66667,7.7869,3.5063e-06
D,triton_bearing,T,Kr80,3.11765,7.81539,7.82175e-06
D,EC_alt,T,Kr81,2.33333,7.80631,1.19574e-05
D,triton_bearing,T,Kr82,2.33333,7.83135,2.69716e-07
D,triton_bearing,T,Kr83,2.04348,7.81791,2.69716e-07
D,triton_bearing,T,Kr84,1.8,7.83744,2.69716e-07
D,triton_bearing,T,Kr85,1.59259,7.82046,2.11277e-05
D,triton_bearing,T,Kr86,1.41379,7.83257,2.69716e-07
D,triton_bearing,T,Rb85,2.13043,7.81945,2.69716e-07
D,triton_bearing,T,Rb87,1.66667,7.83163,2.69716e-07
D,EC_alt,T,Sr84,2.89474,7.80153,1.3306e-05
D,triton_bearing,T,Sr86,2.52381,7.82935,2.69716e-07
D,triton_bearing,T,Sr87,2.21739,7.82646,2.69716e-07
D,triton_bearing,T,Sr88,1.96,7.85106,2.69716e-07
D,triton_bearing,T,Sr90,1.55172,7.81816,1.44747e-05
D,triton_bearing,T,Y89,2.30435,7.83435,3.4164e-06
D,triton_bearing,T,Zr90,2.71429,7.83071,1.16877e-06
D,triton_bearing,T,Zr91,2.3913,7.81574,9.88957e-07
D,triton_bearing,T,Zr92,2.12,7.81517,9.88957e-07
D,triton_bearing,T,Zr93,1.88889,7.79624,4.40535e-06
D,triton_bearing,T,Zr94,1.68966,7.7919,1.61829e-06
D,triton_bearing,T,Zr96,1.36364,7.76361,1.07886e-06
D,EC_alt,T,Nb91,2.80952,7.79559,2.89495e-05
D,EC_alt,T,Nb92,2.47826,7.78792,1.74416e-05
D,triton_bearing,T,Nb93,2.47826,7.78955,1.43848e-05
D,triton_bearing,T,Nb94,2.2,7.77581,1.42949e-05
D,EC_alt,T,Mo92,3.31579,7.78375,1.52839e-06
D,EC_alt,T,Mo93,2.90476,7.77807,1.7981e-06
D,triton_bearing,T,Mo94,2.90476,7.78789,1.34858e-06
D,triton_bearing,T,Mo95,2.56522,7.77565,1.16877e-06
D,triton_bearing,T,Mo96,2.28,7.78038,1.16877e-06
D,triton_bearing,T,Mo97,2.03704,7.7634,1.52839e-06
D,triton_bearing,T,Mo98,1.82759,7.76346,1.61829e-06
D,triton_bearing,T,Mo100,1.48485,7.73604,2.69716e-06
D,EC_alt,T,Tc97,2.36,7.75318,3.82097e-05
D,EC_alt,T,Tc98,2.11111,7.74084,3.10173e-05
D,triton_bearing,T,Tc99,2.11111,7.74408,8.27128e-06
D,EC_alt,T,Ru96,3.52632,7.74031,1.61829e-06
D,triton_bearing,T,Ru98,3.09524,7.75011,5.92475e-05
D,triton_bearing,T,Ru99,2.73913,7.73968,3.14668e-06
D,triton_bearing,T,Ru100,2.44,7.74925,3.05678e-06
D,triton_bearing,T,Ru101,2.18519,7.73307,3.68611e-06
D,triton_bearing,T,Ru102,1.96552,7.73852,3.68611e-06
D,triton_bearing,T,Ru104,1.60606,7.72052,2.15772e-05
D,triton_bearing,T,Ru106,1.32432,7.69673,4.57617e-05
D,EC_alt,T,Rh101,2.52,7.72125,5.19652e-05
D,triton_bearing,T,Rh103,2.25926,7.71763,2.00489e-05
D,EC_alt,T,Pd102,2.91304,7.71412,3.68611e-06
D,triton_bearing,T,Pd104,2.6,7.71822,1.15978e-05
D,triton_bearing,T,Pd105,2.33333,7.70546,9.70976e-06
D,triton_bearing,T,Pd106,2.10345,7.71386,9.35014e-06
D,triton_bearing,T,Pd107,1.90323,7.69669,1.00694e-05
D,triton_bearing,T,Pd108,1.72727,7.7022,9.26023e-06
D,triton_bearing,T,Pd110,1.43243,7.68434,5.03469e-06
D,triton_bearing,T,Ag107,2.40741,7.6904,2.00489e-05
D,triton_bearing,T,Ag109,1.96774,7.68502,1.06088e-05
D,EC_alt,T,Cd106,3.08696,7.67705,9.35014e-06
D,EC_alt,T,Cd108,2.48148,7.68691,9.35014e-06
D,EC_alt,T,Cd109,2.24138,7.67679,1.26766e-05
D,triton_bearing,T,Cd110,2.24138,7.68804,3.14668e-06
D,triton_bearing,T,Cd111,2.03226,7.67528,2.87697e-06
D,triton_bearing,T,Cd112,1.84848,7.68216,1.97791e-06
D,triton_bearing,T,Cd113,1.68571,7.6662,1.97791e-06
D,triton_bearing,T,Cd114,1.54054,7.67027,2.15772e-06
D,triton_bearing,T,Cd116,1.29268,7.65304,1.25867e-06
D,triton_bearing,T,In113,2.09677,7.66256,1.52839e-06
D,triton_bearing,T,In115,1.74286,7.65682,2.69716e-07
D,EC_alt,T,Sn112,2.62963,7.65418,2.33753e-06
D,triton_bearing,T,Sn114,2.37931,7.66223,3.59621e-07
D,triton_bearing,T,Sn115,2.16129,7.65459,2.69716e-07
D,triton_bearing,T,Sn116,1.9697,7.66272,8.09147e-07
D,triton_bearing,T,Sn117,1.8,7.65058,3.68611e-06
D,triton_bearing,T,Sn118,1.64865,7.65681,3.77602e-06
D,triton_bearing,T,Sn119,1.51282,7.64145,5.48422e-06
D,triton_bearing,T,Sn120,1.39024,7.64597,6.9227e-06
D,triton_bearing,T,Sn122,1.17778,7.63106,1.80709e-05
D,triton_bearing,T,Sn124,1,7.61263,9.52995e-06
D,triton_bearing,T,Sn126,0.849057,7.59116,7.62396e-05
D,triton_bearing,T,Sb121,1.5641,7.62581,1.86104e-05
D,triton_bearing,T,Sb123,1.32558,7.61705,9.88957e-06
D,triton_bearing,T,Sb125,1.12766,7.60432,1.80709e-05
D,EC_alt,T,Te120,1.91429,7.62125,1.31262e-05
D,triton_bearing,T,Te122,1.75676,7.62228,9.97947e-06
D,EC_alt,T,Te123,1.4878,7.61096,9.88957e-06
D,triton_bearing,T,Te124,1.4878,7.61791,9.79966e-06
D,triton_bearing,T,Te125,1.37209,7.60421,9.70976e-06
D,triton_bearing,T,Te126,1.26667,7.60889,9.61985e-06
D,triton_bearing,T,Te128,1.08163,7.59587,4.94478e-06
D,triton_bearing,T,Te130,0.924528,7.5793,2.69716e-07
D,triton_bearing,T,I127,1.4186,7.59293,2.5623e-05
D,triton_bearing,T,I129,1.21277,7.58439,2.19369e-05
D,EC_alt,T,Xe124,2.02857,7.58585,9.88957e-06
D,EC_alt,T,Xe126,1.71795,7.59118,2.69716e-07
D,triton_bearing,T,Xe128,1.58537,7.59096,2.69716e-07
D,triton_bearing,T,Xe129,1.46512,7.58026,2.69716e-07
D,triton_bearing,T,Xe130,1.35556,7.58596,2.69716e-07
D,triton_bearing,T,Xe131,1.25532,7.57338,2.69716e-07
D,triton_bearing,T,Xe132,1.16327,7.57687,2.69716e-07
D,triton_bearing,T,Xe134,1,7.56435,2.69716e-07
D,triton_bearing,T,Xe136,0.859649,7.54861,2.69716e-07
D,triton_bearing,T,Cs133,1.29787,7.56101,2.69716e-07
D,EC_alt,T,Cs134,1.11765,7.55082,2.69716e-07
D,triton_bearing,T,Cs135,1.11765,7.55324,2.42744e-06
D,triton_bearing,T,Cs137,0.963636,7.54211,1.97791e-06
D,EC_alt,T,Ba130,1.82051,7.55699,1.97791e-06
D,EC_alt,T,Ba132,1.55814,7.56046,7.19241e-06
D,EC_alt,T,Ba133,1.44444,7.55222,6.74289e-06
D,triton_bearing,T,Ba134,1.44444,7.55938,1.7082e-06
D,triton_bearing,T,Ba135,1.34043,7.54982,1.61829e-06
D,triton_bearing,T,Ba136,1.2449,7.55451,1.61829e-06
D,triton_bearing,T,Ba137,1.15686,7.54469,1.61829e-06
D,triton_bearing,T,Ba138,1.07547,7.54612,1.61829e-06
D,EC_alt,T,La137,1.28571,7.53574,1.07886e-05
D,EC_alt,T,La138,1.19608,7.52963,2.69716e-06
D,triton_bearing,T,La139,1.19608,7.53225,3.95583e-06
D,EC_alt,T,Ce136,1.65116,7.52845,2.15772e-06
D,EC_alt,T,Ce138,1.42553,7.53139,3.23659e-06
D,triton_bearing,T,Ce140,1.32653,7.53073,8.45109e-06
D,triton_bearing,T,Ce142,1.15094,7.50445,1.54637e-05
D,triton_bearing,T,Pr141,1.46809,7.51067,9.52995e-06
D,triton_bearing,T,Nd142,1.62222,7.50351,7.91166e-06
D,triton_bearing,T,Nd143,1.51064,7.48954,7.91166e-06
D,triton_bearing,T,Nd144,1.40816,7.48634,7.82175e-06
D,triton_bearing,T,Nd145,1.31373,7.47039,7.91166e-06
D,triton_bearing,T,Nd146,1.22642,7.46581,7.82175e-06
D,triton_bearing,T,Nd148,1.07018,7.44161,1.24968e-05
D,triton_bearing,T,Nd150,0.934426,7.4168,6.74289e-06
D,EC_alt,T,Pm145,1.44898,7.46452,1.73517e-05
D,EC_alt,T,Pm146,1.35294,7.45193,2.63422e-05
D,triton_bearing,T,Pm147,1.35294,7.44808,7.91166e-06
D,EC_alt,T,Sm144,1.83721,7.46544,9.08042e-06
D,triton_bearing,T,Sm146,1.71111,7.45661,1.87902e-05
D,triton_bearing,T,Sm147,1.59574,7.44466,7.73185e-06
D,triton_bearing,T,Sm148,1.4898,7.44382,7.55203e-06
D,triton_bearing,T,Sm149,1.39216,7.42929,7.0126e-06
D,triton_bearing,T,Sm150,1.30189,7.42763,6.65298e-06
D,triton_bearing,T,Sm151,1.21818,7.41176,6.65298e-06
D,triton_bearing,T,Sm152,1.14035,7.41184,6.02365e-06
D,triton_bearing,T,Sm154,1,7.39635,7.64194e-06
D,EC_alt,T,Eu150,1.43137,7.4094,3.73106e-05
D,triton_bearing,T,Eu151,1.43137,7.40756,6.9227e-06
D,EC_alt,T,Eu152,1.25455,7.39613,6.9227e-06
D,triton_bearing,T,Eu153,1.25455,7.39803,6.9227e-06
D,EC_alt,T,Eu154,1.10169,7.3876,6.9227e-06
D,triton_bearing,T,Eu155,1.10169,7.38722,7.28232e-06
D,EC_alt,T,Gd148,1.93023,7.41568,8.90061e-06
D,EC_alt,T,Gd150,1.68085,7.41053,3.63217e-05
D,EC_alt,T,Gd152,1.47059,7.40226,5.93374e-06
D,triton_bearing,T,Gd154,1.37736,7.39452,5.84384e-06
D,triton_bearing,T,Gd155,1.29091,7.38414,5.66403e-06
D,triton_bearing,T,Gd156,1.21053,7.386,5.66403e-06
D,triton_bearing,T,Gd157,1.13559,7.37538,5.57412e-06
D,triton_bearing,T,Gd158,1.06557,7.37386,5.57412e-06
D,triton_bearing,T,Gd160,0.938462,7.35696,6.29336e-06
D,EC_alt,T,Tb157,1.24561,7.37055,5.84384e-06
D,EC_alt,T,Tb158,1.16949,7.36247,7.19241e-06
D,triton_bearing,T,Tb159,1.16949,7.36216,6.20346e-06
D,EC_alt,T,Dy154,1.76596,7.36605,4.34242e-05
D,EC_alt,T,Dy156,1.54902,7.36542,5.66403e-06
D,EC_alt,T,Dy158,1.36364,7.36335,1.3306e-05
D,triton_bearing,T,Dy160,1.2807,7.35789,3.95583e-06
D,triton_bearing,T,Dy161,1.20339,7.34823,3.86592e-06
D,triton_bearing,T,Dy162,1.13115,7.34836,3.86592e-06
D,triton_bearing,T,Dy163,1.06349,7.33787,3.86592e-06
D,triton_bearing,T,Dy164,1,7.33511,3.77602e-06
D,EC_alt,T,Ho163,1.16393,7.33354,3.86592e-06
D,triton_bearing,T,Ho165,1.09524,7.32454,4.31545e-06
D,EC_alt,T,Er162,1.43636,7.32943,4.22554e-06
D,EC_alt,T,Er164,1.27119,7.32639,3.86592e-06
D,triton_bearing,T,Er166,1.19672,7.32003,1.7981e-06
D,triton_bearing,T,Er167,1.12698,7.31085,1.52839e-06
D,triton_bearing,T,Er168,1.06154,7.30892,1.43848e-06
D,triton_bearing,T,Er170,0.942029,7.29307,7.37222e-06
D,triton_bearing,T,Tm169,1.15873,7.29533,3.95583e-06
D,triton_bearing,T,Tm171,1.02985,7.28402,5.1246e-06
D,EC_alt,T,Yb168,1.33898,7.29301,5.39431e-07
D,triton_bearing,T,Yb170,1.2623,7.28826,2.69716e-07
D,triton_bearing,T,Yb171,1.19048,7.28042,2.69716e-07
D,triton_bearing,T,Yb172,1.12308,7.28001,2.69716e-07
D,triton_bearing,T,Yb173,1.0597,7.27102,2.69716e-07
D,triton_bearing,T,Yb174,1,7.2678,2.69716e-07
D,triton_bearing,T,Yb176,0.890411,7.25003,2.69716e-07
D,EC_alt,T,Lu173,1.15385,7.26347,8.18137e-06
D,EC_alt,T,Lu174,1.08955,7.25666,8.09147e-06
D,triton_bearing,T,Lu175,1.08955,7.25458,6.20346e-06
D,EC_alt,T,Lu176,0.971831,7.24548,6.20346e-06
D,EC_alt,T,Hf172,1.40678,7.25692,0.000127665
D,EC_alt,T,Hf174,1.25397,7.25403,1.16877e-05
D,triton_bearing,T,Hf176,1.18462,7.24758,7.55203e-06
D,triton_bearing,T,Hf177,1.1194,7.23902,7.19241e-06
D,triton_bearing,T,Hf178,1.05797,7.23687,7.19241e-06
D,triton_bearing,T,Hf179,1,7.22707,7.10251e-06
D,triton_bearing,T,Hf180,0.945205,7.22382,7.10251e-06
D,triton_bearing,T,Hf182,0.844156,7.20575,3.04779e-05
D,EC_alt,T,Ta179,1.08696,7.22261,7.37222e-06
D,triton_bearing,T,Ta181,1.02817,7.21346,7.82175e-06
D,EC_alt,T,W180,1.1791,7.21529,7.19241e-06
D,triton_bearing,T,W182,1.11594,7.20888,3.68611e-06
D,triton_bearing,T,W183,1.05634,7.1999,3.68611e-06
D,triton_bearing,T,W184,1,7.19698,3.59621e-06
D,triton_bearing,T,W186,0.896104,7.18217,5.84384e-06
D,triton_bearing,T,Re185,1.08451,7.18433,3.95583e-06
D,triton_bearing,T,Re187,0.973333,7.17259,3.5063e-06
D,EC_alt,T,Os184,1.23881,7.18223,4.04573e-06
D,triton_bearing,T,Os186,1.17391,7.17698,3.68611e-06
D,triton_bearing,T,Os187,1.11268,7.16884,3.5063e-06
D,triton_bearing,T,Os188,1.05479,7.16892,3.5063e-06
D,triton_bearing,T,Os189,1,7.15915,3.14668e-06
D,triton_bearing,T,Os190,0.948052,7.15834,3.05678e-06
D,triton_bearing,T,Os192,0.851852,7.14614,1.08785e-05
D,triton_bearing,T,Os194,0.764706,7.1313,1.11482e-05
D,triton_bearing,T,Ir191,1.02667,7.14577,6.20346e-06
D,triton_bearing,T,Ir193,0.924051,7.13679,6.20346e-06
D,EC_alt,T,Pt190,1.16901,7.14431,3.14668e-06
D,triton_bearing,T,Pt192,1.10959,7.14071,1.20473e-05
D,EC_alt,T,Pt193,1,7.13289,6.29336e-06
D,triton_bearing,T,Pt194,1,7.13482,2.33753e-06
D,triton_bearing,T,Pt195,0.949367,7.12638,2.33753e-06
D,triton_bearing,T,Pt196,0.901235,7.12636,2.33753e-06
D,triton_bearing,T,Pt198,0.811765,7.11523,9.52995e-06
D,triton_bearing,T,Au197,0.974684,7.11658,2.51734e-06
D,EC_alt,T,Hg194,1.22535,7.11563,1.33959e-05
D,EC_alt,T,Hg196,1.10667,7.11543,1.34858e-05
D,triton_bearing,T,Hg198,1.05195,7.1129,2.06782e-06
D,triton_bearing,T,Hg199,1,7.10726,2.42744e-06
D,triton_bearing,T,Hg200,0.950617,7.10781,2.42744e-06
D,triton_bearing,T,Hg201,0.903614,7.10032,3.23659e-06
D,triton_bearing,T,Hg202,0.858824,7.09968,3.14668e-06
D,triton_bearing,T,Hg204,0.775281,7.08951,2.24763e-06
D,triton_bearing,T,Tl203,0.927711,7.08997,5.2145e-06
D,EC_alt,T,Tl204,0.83908,7.08455,5.1246e-06
D,triton_bearing,T,Tl205,0.83908,7.08308,5.39431e-06
D,EC_alt,T,Pb202,1.05063,7.08646,1.69022e-05
D,triton_bearing,T,Pb204,1,7.08447,5.03469e-06
D,EC_alt,T,Pb205,0.905882,7.07943,5.03469e-06
D,triton_bearing,T,Pb206,0.905882,7.08036,5.03469e-06
D,triton_bearing,T,Pb207,0.862069,7.07542,4.94478e-06
D,triton_bearing,T,Pb208,0.820225,7.07325,4.94478e-06
D,triton_bearing,T,Pb210,0.741935,7.04494,6.20346e-06
D,EC_alt,T,Bi207,0.929412,7.06161,1.0429e-05
D,EC_alt,T,Bi208,0.885057,7.05742,9.97947e-06
D,triton_bearing,T,Bi209,0.885057,7.05575,5.84384e-06
D,EC_alt,T,Po208,1,7.04799,7.19241e-06
D,EC_alt,T,Po209,0.952941,7.04424,7.64194e-06
D,triton_bearing,T,Ra226,0.722772,6.8885,7.64194e-06
D,triton_bearing,T,Ra228,0.657143,6.87094,7.91166e-06
D,triton_bearing,T,Ac227,0.777778,6.87838,7.64194e-06
D,triton_bearing,T,Th228,0.835052,6.87332,7.10251e-06
D,triton_bearing,T,Th229,0.79798,6.86395,9.44004e-06
D,triton_bearing,T,Th230,0.762376,6.86066,4.76497e-06
D,EC_alt,T,Th232,0.663551,6.84631,5.48422e-06
D,triton_bearing,T,Pa231,0.818182,6.84936,6.9227e-06
D,triton_bearing,T,U232,0.876289,6.84349,7.0126e-06
D,triton_bearing,T,U233,0.838384,6.83635,8.7208e-06
D,EC_alt,T,U234,0.76699,6.83344,4.31545e-06
D,triton_bearing,T,U235,0.76699,6.82463,4.31545e-06
D,triton_bearing,T,U236,0.733333,6.82064,4.22554e-06
D,triton_bearing,T,U238,0.669725,6.80594,5.66403e-06
D,EC_alt,T,Np235,0.821782,6.82116,5.30441e-06
D,EC_alt,T,Np236,0.786408,6.81411,0.000192037
D,triton_bearing,T,Np237,0.786408,6.81031,4.22554e-06
D,EC_alt,T,Pu236,0.878788,6.81294,6.9227e-06
D,triton_bearing,T,Pu238,0.841584,6.80435,4.31545e-06
D,triton_bearing,T,Pu239,0.805825,6.79712,4.22554e-06
D,triton_bearing,T,Pu240,0.771429,6.79327,4.13564e-06
D,triton_bearing,T,Pu241,0.738318,6.78464,4.13564e-06
D,triton_bearing,T,Pu242,0.706422,6.78004,4.67507e-06
D,triton_bearing,T,Pu244,0.646018,6.7652,8.6309e-06
D,triton_bearing,T,Am241,0.825243,6.7818,4.13564e-06
D,triton_bearing,T,Am243,0.757009,6.77002,5.1246e-06
D,EC_alt,T,Cm243,0.809524,6.7671,5.57412e-06
D,triton_bearing,T,Cm244,0.809524,6.76442,4.04573e-06
D,triton_bearing,T,Cm245,0.775701,6.75706,4.22554e-06
D,triton_bearing,T,Cm246,0.743119,6.7532,5.57412e-06
D,triton_bearing,T,Cm247,0.711712,6.74463,1.38454e-05
D,triton_bearing,T,Cm248,0.681416,6.73995,8.54099e-06
D,triton_bearing,T,Cm250,0.623932,6.72395,3.6951e-05
D,triton_bearing,T,Bk247,0.794393,6.74194,1.88801e-05
D,EC_alt,T,Bk248,0.72973,6.73443,0.000181429
D,triton_bearing,T,Cf249,0.813084,6.72796,4.31545e-06
D,triton_bearing,T,Cf250,0.779817,6.72487,5.57412e-06
D,triton_bearing,T,Cf251,0.747748,6.71637,1.39353e-05
D,triton_bearing,T,Cf252,0.716814,6.71173,8.45109e-06
D,EC_alt,T,Es252,0.765766,6.70445,0.000178552
