obs_wl_vac(nm)	ritz_wl_vac(nm)	Aki(s^-1)	Acc	Ei(eV)	Ek(eV)	conf_i	term_i	J_i	conf_k	term_k	J_k	g_i	g_k	Type	
"50.708"	"50.7058027"	"1.5929e+07"	AAA	"[0.00000000]"	"[24.451678459372]"	"1s2"	"1S"	"0"	"1s.10p"	"1P*"	"1"	1	3		
"50.771"	"50.7718102"	"2.1826e+07"	AAA	"[0.00000000]"	"[24.419889314325]"	"1s2"	"1S"	"0"	"1s.9p"	"1P*"	"1"	1	3		
"50.863"	"50.8643383"	"3.1031e+07"	AAA	"[0.00000000]"	"[24.375466697350]"	"1s2"	"1S"	"0"	"1s.8p"	"1P*"	"1"	1	3		
"50.997"	"50.9998300"	"4.6224e+07"	AAA	"[0.00000000]"	"[24.31070817873]"	"1s2"	"1S"	"0"	"1s.7p"	"1P*"	"1"	1	3		
""	"51.0132995"	"1.07e-02"	C	"[0.00000000]"	"[24.30428920147]"	"1s2"	"1S"	"0"	"1s.7p"	"3P*"	"2"	1	5	M2	
"51.207"	"51.2098570"	"7.3174e+07"	AAA	"[0.00000000]"	"[24.21100267716]"	"1s2"	"1S"	"0"	"1s.6p"	"1P*"	"1"	1	3		
""	"51.2135649"	"2.6480e+02"	AAA	"[0.00000000]"	"[24.209249793955]"	"1s2"	"1S"	"0"	"1s.6d"	"1D"	"2"	1	5	E2	
""	"51.2314135"	"1.53e-02"	C	"[0.00000000]"	"[24.20081545451]"	"1s2"	"1S"	"0"	"1s.6p"	"3P*"	"2"	1	5	M2	
"51.5596"	"51.5616849"	"1.2582e+08"	AAA	"[0.00000000]"	"[24.04580040653]"	"1s2"	"1S"	"0"	"1s.5p"	"1P*"	"1"	1	3		
""	"51.5681122"	"4.3136e+02"	AAA	"[0.00000000]"	"[24.042803412125]"	"1s2"	"1S"	"0"	"1s.5d"	"1D"	"2"	1	5	E2	
""	"51.5993995"	"2.64e-02"	C	"[0.00000000]"	"[24.0282250640]"	"1s2"	"1S"	"0"	"1s.5p"	"3P*"	"2"	1	5	M2	
"52.2186"	"52.2213093"	"2.4356e+08"	AAA	"[0.00000000]"	"[23.74207006880]"	"1s2"	"1S"	"0"	"1s.4p"	"1P*"	"1"	1	3		
""	"52.2339267"	"7.4848e+02"	AAA	"[0.00000000]"	"[23.73633503536]"	"1s2"	"1S"	"0"	"1s.4d"	"1D"	"2"	1	5	E2	
""	"52.2965949"	"5.2e-02"	C	"[0.00000000]"	"[23.7078912279]"	"1s2"	"1S"	"0"	"1s.4p"	"3P*"	"2"	1	5	M2	
"53.70293"	"53.7029926"	"5.6634e+08"	AAA	"[0.00000000]"	"[23.08701852960]"	"1s2"	"1S"	"0"	"1s.3p"	"1P*"	"1"	1	3		
""	"53.7331180"	"1.299e+03"	AA	"[0.00000000]"	"[23.07407479777]"	"1s2"	"1S"	"0"	"1s.3d"	"1D"	"2"	1	5	E2	
""	"53.8896007"	"1.21e-01"	C	"[0.00000000]"	"[23.00707314571]"	"1s2"	"1S"	"0"	"1s.3p"	"3P*"	"2"	1	5	M2	
"58.43339"	"58.4334366"	"1.7989e+09"	AAA	"[0.00000000]"	"[21.2180227112]"	"1s2"	"1S"	"0"	"1s.2p"	"1P*"	"1"	1	3		
"59.14121"	"59.1412080"	"1.764e+02"	AA	"[0.00000000]"	"[20.96409636464]"	"1s2"	"1S"	"0"	"1s.2p"	"3P*"	"1"	1	3		
""	"59.1412348"	"3.27e-01"	A	"[0.00000000]"	"[20.96408688908]"	"1s2"	"1S"	"0"	"1s.2p"	"3P*"	"2"	1	5	M2	
""	"62.5563117"	"1.272e-04"	AA	"[0.00000000]"	"[19.819614525]"	"1s2"	"1S"	"0"	"1s.2s"	"3S"	"1"	1	3	M1	
"267.7931"	"267.792354327"	"4.4174e+05"	AAA	"[19.819614525]"	"[24.44947779185]"	"1s.2s"	"3S"	"1"	"1s.10p"	"3P*"	"0"	3	1		
"267.7931"	"267.792402470"	"4.4174e+05"	AAA	"[19.819614525]"	"[24.44947695951]"	"1s.2s"	"3S"	"1"	"1s.10p"	"3P*"	"1"	3	3		
"267.7931"	"267.792406386"	"4.4174e+05"	AAA	"[19.819614525]"	"[24.44947689179]"	"1s.2s"	"3S"	"1"	"1s.10p"	"3P*"	"2"	3	5		
"269.6919"	"269.691766664"	"6.0234e+05"	AAA	"[19.819614525]"	"[24.41687012452]"	"1s.2s"	"3S"	"1"	"1s.9p"	"3P*"	"0"	3	1		
"269.6919"	"269.691833856"	"6.0234e+05"	AAA	"[19.819614525]"	"[24.41686897915]"	"1s.2s"	"3S"	"1"	"1s.9p"	"3P*"	"1"	3	3		
"269.6919"	"269.691839324"	"6.0234e+05"	AAA	"[19.819614525]"	"[24.41686888593]"	"1s.2s"	"3S"	"1"	"1s.9p"	"3P*"	"2"	3	5		
"272.3998"	"272.399761125"	"8.4996e+05"	AAA	"[19.819614525]"	"[24.37116765163]"	"1s.2s"	"3S"	"1"	"1s.8p"	"3P*"	"0"	3	1		
"272.3998"	"272.399859130"	"8.4996e+05"	AAA	"[19.819614525]"	"[24.37116601407]"	"1s.2s"	"3S"	"1"	"1s.8p"	"3P*"	"1"	3	3		
"272.3998"	"272.399867107"	"8.4996e+05"	AAA	"[19.819614525]"	"[24.37116588077]"	"1s.2s"	"3S"	"1"	"1s.8p"	"3P*"	"2"	3	5		
""	"276.461803599"	"1.2508e+06"	AAA	"[19.819614525]"	"[24.30429185947]"	"1s.2s"	"3S"	"1"	"1s.7p"	"3P*"	"0"	3	1		
""	"276.461955113"	"1.2508e+06"	AAA	"[19.819614525]"	"[24.30428940164]"	"1s.2s"	"3S"	"1"	"1s.7p"	"3P*"	"1"	3	3		
""	"276.461967453"	"1.2508e+06"	AAA	"[19.819614525]"	"[24.30428920147]"	"1s.2s"	"3S"	"1"	"1s.7p"	"3P*"	"2"	3	5		
""	"282.991079543"	"1.9389e+06"	AAA	"[19.819614525]"	"[24.20081970804]"	"1s.2s"	"3S"	"1"	"1s.6p"	"3P*"	"0"	3	1		
""	"282.991333588"	"1.9389e+06"	AAA	"[19.819614525]"	"[24.20081577498]"	"1s.2s"	"3S"	"1"	"1s.6p"	"3P*"	"1"	3	3		
""	"282.991354288"	"1.9389e+06"	AAA	"[19.819614525]"	"[24.20081545451]"	"1s.2s"	"3S"	"1"	"1s.6p"	"3P*"	"2"	3	5		
"294.5967"	"294.59599140"	"3.2006e+06"	AAA	"[19.819614525]"	"[24.0282324989]"	"1s.2s"	"3S"	"1"	"1s.5p"	"3P*"	"0"	3	1		
"294.5967"	"294.59647260"	"3.2006e+06"	AAA	"[19.819614525]"	"[24.0282256244]"	"1s.2s"	"3S"	"1"	"1s.5p"	"3P*"	"1"	3	3		
"294.5967"	"294.59651183"	"3.2006e+06"	AAA	"[19.819614525]"	"[24.0282250640]"	"1s.2s"	"3S"	"1"	"1s.5p"	"3P*"	"2"	3	5		
""	"318.86549283"	"5.6361e+06"	AAA	"[19.819614525]"	"[23.7079060221]"	"1s.2s"	"3S"	"1"	"1s.4p"	"3P*"	"0"	3	1		
"318.8667"	"318.86661458"	"5.6361e+06"	AAA	"[19.819614525]"	"[23.7078923433]"	"1s.2s"	"3S"	"1"	"1s.4p"	"3P*"	"1"	3	3		
"318.8667"	"318.86670605"	"5.6361e+06"	AAA	"[19.819614525]"	"[23.7078912279]"	"1s.2s"	"3S"	"1"	"1s.4p"	"3P*"	"2"	3	5		
"323.2199"	"323.22031567"	"5.1015e+05"	AAA	"[20.615774823]"	"[24.451678459372]"	"1s.2s"	"1S"	"0"	"1s.10p"	"1P*"	"1"	1	3		
"325.9215"	"325.92131153"	"6.9627e+05"	AAA	"[20.615774823]"	"[24.419889314325]"	"1s.2s"	"1S"	"0"	"1s.9p"	"1P*"	"1"	1	3		
""	"329.77223285"	"9.8432e+05"	AAA	"[20.615774823]"	"[24.375466697350]"	"1s.2s"	"1S"	"0"	"1s.8p"	"1P*"	"1"	1	3		
""	"335.55192066"	"1.4537e+06"	AAA	"[20.615774823]"	"[24.31070817873]"	"1s.2s"	"1S"	"0"	"1s.7p"	"1P*"	"1"	1	3		
""	"344.85769318"	"2.2691e+06"	AAA	"[20.615774823]"	"[24.21100267716]"	"1s.2s"	"1S"	"0"	"1s.6p"	"1P*"	"1"	1	3		
""	"345.02591343"	"3.9163e+00"	AAA	"[20.615774823]"	"[24.209249793955]"	"1s.2s"	"1S"	"0"	"1s.6d"	"1D"	"2"	1	5	E2	
"355.5430"	"355.54214789"	"3.6386e+04"	AAA	"[20.96408688908]"	"[24.451273968544]"	"1s.2p"	"3P*"	"2"	"1s.10d"	"3D"	"1"	5	3		
"355.5430"	"355.54216279"	"3.2745e+05"	AAA	"[20.96408688908]"	"[24.451273822448]"	"1s.2p"	"3P*"	"2"	"1s.10d"	"3D"	"2"	5	5		
"355.5430"	"355.54216385"	"1.3099e+05"	AAA	"[20.96408688908]"	"[24.451273812052]"	"1s.2p"	"3P*"	"2"	"1s.10d"	"3D"	"3"	5	7		
"355.5430"	"355.54311399"	"5.4579e+05"	AAA	"[20.96409636464]"	"[24.451273968544]"	"1s.2p"	"3P*"	"1"	"1s.10d"	"3D"	"1"	3	3		
"355.5430"	"355.54312889"	"9.8235e+05"	AAA	"[20.96409636464]"	"[24.451273822448]"	"1s.2p"	"3P*"	"1"	"1s.10d"	"3D"	"2"	3	5		
""	"355.55560276"	"7.2772e+05"	AAA	"[20.96421885051]"	"[24.451273968544]"	"1s.2p"	"3P*"	"0"	"1s.10d"	"3D"	"1"	1	3		
"356.3997"	"356.39866184"	"2.6868e+05"	AAA	"[20.96408688908]"	"[24.44289339729]"	"1s.2p"	"3P*"	"2"	"1s.10s"	"3S"	"1"	5	3		
"356.3997"	"356.39963260"	"1.6121e+05"	AAA	"[20.96409636464]"	"[24.44289339729]"	"1s.2p"	"3P*"	"1"	"1s.10s"	"3S"	"1"	3	3		
""	"356.41218161"	"5.3735e+04"	AAA	"[20.96421885051]"	"[24.44289339729]"	"1s.2p"	"3P*"	"0"	"1s.10s"	"3S"	"1"	1	3		
"358.8294"	"358.82856013"	"5.0298e+04"	AAA	"[20.96408688908]"	"[24.419335779720]"	"1s.2p"	"3P*"	"2"	"1s.9d"	"3D"	"1"	5	3		
"358.8294"	"358.82858095"	"4.5265e+05"	AAA	"[20.96408688908]"	"[24.419335579246]"	"1s.2p"	"3P*"	"2"	"1s.9d"	"3D"	"2"	5	5		
"358.8294"	"358.82858243"	"1.8107e+06"	AAA	"[20.96408688908]"	"[24.419335565023]"	"1s.2p"	"3P*"	"2"	"1s.9d"	"3D"	"3"	5	7		
"358.8294"	"358.82954418"	"7.5448e+05"	AAA	"[20.96409636464]"	"[24.419335779720]"	"1s.2p"	"3P*"	"1"	"1s.9d"	"3D"	"1"	3	3		
"358.8294"	"358.82956500"	"1.3580e+06"	AAA	"[20.96409636464]"	"[24.419335579246]"	"1s.2p"	"3P*"	"1"	"1s.9d"	"3D"	"2"	3	5		
""	"358.84226489"	"1.0060e+06"	AAA	"[20.96421885051]"	"[24.419335779720]"	"1s.2p"	"3P*"	"0"	"1s.9d"	"3D"	"1"	1	3		
""	"360.03314118"	"3.7358e+05"	AAA	"[20.96408688908]"	"[24.40777537914]"	"1s.2p"	"3P*"	"2"	"1s.9s"	"3S"	"1"	5	3		
""	"360.03413184"	"2.2415e+05"	AAA	"[20.96409636464]"	"[24.40777537914]"	"1s.2p"	"3P*"	"1"	"1s.9s"	"3S"	"1"	3	3		
""	"360.04693811"	"7.4716e+04"	AAA	"[20.96421885051]"	"[24.40777537914]"	"1s.2p"	"3P*"	"0"	"1s.9s"	"3S"	"1"	1	3		
"361.4674"	"361.46727015"	"3.8022e+06"	AAA	"[20.615774823]"	"[24.04580040653]"	"1s.2s"	"1S"	"0"	"1s.5p"	"1P*"	"1"	1	3		
""	"361.78337939"	"8.2983e+00"	AAA	"[20.615774823]"	"[24.042803412125]"	"1s.2s"	"1S"	"0"	"1s.5d"	"1D"	"2"	1	5	E2	
""	"363.52666910"	"7.2396e+04"	AAA	"[20.96408688908]"	"[24.374681185743]"	"1s.2p"	"3P*"	"2"	"1s.8d"	"3D"	"1"	5	3		
""	"363.52669954"	"6.5151e+05"	AAA	"[20.96408688908]"	"[24.374680900214]"	"1s.2p"	"3P*"	"2"	"1s.8d"	"3D"	"2"	5	5		
""	"363.52670169"	"2.6063e+06"	AAA	"[20.96408688908]"	"[24.374680880069]"	"1s.2p"	"3P*"	"2"	"1s.8d"	"3D"	"3"	5	7		
""	"363.52767908"	"1.0859e+06"	AAA	"[20.96409636464]"	"[24.374681185743]"	"1s.2p"	"3P*"	"1"	"1s.8d"	"3D"	"1"	3	3		
""	"363.52770952"	"1.9546e+06"	AAA	"[20.96409636464]"	"[24.374680900214]"	"1s.2p"	"3P*"	"1"	"1s.8d"	"3D"	"2"	3	5		
""	"363.54073509"	"1.4479e+06"	AAA	"[20.96421885051]"	"[24.374681185743]"	"1s.2p"	"3P*"	"0"	"1s.8d"	"3D"	"1"	1	3		
"365.3031"	"365.30220420"	"5.4136e+05"	AAA	"[20.96408688908]"	"[24.3581041440]"	"1s.2p"	"3P*"	"2"	"1s.8s"	"3S"	"1"	5	3		
"365.3031"	"365.30322407"	"3.2481e+05"	AAA	"[20.96409636464]"	"[24.3581041440]"	"1s.2p"	"3P*"	"1"	"1s.8s"	"3S"	"1"	3	3		
""	"365.31640792"	"1.0827e+05"	AAA	"[20.96421885051]"	"[24.3581041440]"	"1s.2p"	"3P*"	"0"	"1s.8s"	"3S"	"1"	1	3		
"370.6059"	"370.60494993"	"1.0980e+05"	AAA	"[20.96408688908]"	"[24.309541353601]"	"1s.2p"	"3P*"	"2"	"1s.7d"	"3D"	"1"	5	3		
"370.6059"	"370.60499718"	"9.8814e+05"	AAA	"[20.96408688908]"	"[24.309540927161]"	"1s.2p"	"3P*"	"2"	"1s.7d"	"3D"	"2"	5	5		
"370.6059"	"370.60500048"	"3.9529e+06"	AAA	"[20.96408688908]"	"[24.309540897300]"	"1s.2p"	"3P*"	"2"	"1s.7d"	"3D"	"3"	5	7		
"370.6059"	"370.60599963"	"1.6470e+06"	AAA	"[20.96409636464]"	"[24.309541353601]"	"1s.2p"	"3P*"	"1"	"1s.7d"	"3D"	"1"	3	3		
"370.6059"	"370.60604687"	"2.9644e+06"	AAA	"[20.96409636464]"	"[24.309540927161]"	"1s.2p"	"3P*"	"1"	"1s.7d"	"3D"	"2"	3	5		
""	"370.61956902"	"2.1961e+06"	AAA	"[20.96421885051]"	"[24.309541353601]"	"1s.2p"	"3P*"	"0"	"1s.7d"	"3D"	"1"	1	3		
""	"373.39249221"	"8.2750e+05"	AAA	"[20.96408688908]"	"[24.2845660369]"	"1s.2p"	"3P*"	"2"	"1s.7s"	"3S"	"1"	5	3		
""	"373.39355775"	"4.9650e+05"	AAA	"[20.96409636464]"	"[24.2845660369]"	"1s.2p"	"3P*"	"1"	"1s.7s"	"3S"	"1"	3	3		
""	"373.40733205"	"1.6550e+05"	AAA	"[20.96421885051]"	"[24.2845660369]"	"1s.2p"	"3P*"	"0"	"1s.7s"	"3S"	"1"	1	3		
"382.06914"	"382.06859344"	"1.7876e+05"	AAA	"[20.96408688908]"	"[24.209163835045]"	"1s.2p"	"3P*"	"2"	"1s.6d"	"3D"	"1"	5	3		
"382.06914"	"382.06867323"	"1.6087e+06"	AAA	"[20.96408688908]"	"[24.209163157329]"	"1s.2p"	"3P*"	"2"	"1s.6d"	"3D"	"2"	5	5		
"382.06914"	"382.06867875"	"6.4353e+06"	AAA	"[20.96408688908]"	"[24.209163110443]"	"1s.2p"	"3P*"	"2"	"1s.6d"	"3D"	"3"	5	7		
"382.06914"	"382.06970907"	"2.6814e+06"	AAA	"[20.96409636464]"	"[24.209163835045]"	"1s.2p"	"3P*"	"1"	"1s.6d"	"3D"	"1"	3	3		
"382.06914"	"382.06978886"	"4.8261e+06"	AAA	"[20.96409636464]"	"[24.209163157329]"	"1s.2p"	"3P*"	"1"	"1s.6d"	"3D"	"2"	3	5		
""	"382.08413093"	"3.5752e+06"	AAA	"[20.96421885051]"	"[24.209163835045]"	"1s.2p"	"3P*"	"0"	"1s.6d"	"3D"	"1"	1	3		
"383.4642"	"383.46362972"	"9.6470e+05"	AAA	"[21.2180227112]"	"[24.4512941044573]"	"1s.2p"	"1P*"	"1"	"1s.10d"	"1D"	"2"	3	5		
""	"383.91888931"	"3.7425e+05"	AAA	"[21.2180227112]"	"[24.44746001910]"	"1s.2p"	"1P*"	"1"	"1s.10s"	"1S"	"0"	3	1		
""	"386.85687530"	"1.3592e+06"	AAA	"[20.96408688908]"	"[24.1689982232]"	"1s.2p"	"3P*"	"2"	"1s.6s"	"3S"	"1"	5	3		
""	"386.85801907"	"8.1551e+05"	AAA	"[20.96409636464]"	"[24.1689982232]"	"1s.2p"	"3P*"	"1"	"1s.6s"	"3S"	"1"	3	3		
""	"386.87280469"	"2.7184e+05"	AAA	"[20.96421885051]"	"[24.1689982232]"	"1s.2p"	"3P*"	"0"	"1s.6s"	"3S"	"1"	1	3		
"387.2889"	"387.28839394"	"1.3386e+06"	AAA	"[21.2180227112]"	"[24.419363117280]"	"1s.2p"	"1P*"	"1"	"1s.9d"	"1D"	"2"	3	5		
""	"387.92760543"	"5.1753e+05"	AAA	"[21.2180227112]"	"[24.41408807749]"	"1s.2p"	"1P*"	"1"	"1s.9s"	"1S"	"0"	3	1		
""	"388.97065567"	"9.4746e+06"	AAA	"[19.819614525]"	"[23.0071094335]"	"1s.2s"	"3S"	"1"	"1s.3p"	"3P*"	"0"	3	1		
"388.9750"	"388.97475124"	"9.4746e+06"	AAA	"[19.819614525]"	"[23.0070758719]"	"1s.2s"	"3S"	"1"	"1s.3p"	"3P*"	"1"	3	3		
"388.9750"	"388.97508392"	"9.4746e+06"	AAA	"[19.819614525]"	"[23.00707314571]"	"1s.2s"	"3S"	"1"	"1s.3p"	"3P*"	"2"	3	5		
""	"392.76561856"	"1.9371e+06"	AAA	"[21.2180227112]"	"[24.374719544511]"	"1s.2p"	"1P*"	"1"	"1s.8d"	"1D"	"2"	3	5		
"393.7026"	"393.70594734"	"7.4475e+05"	AAA	"[21.2180227112]"	"[24.3671800778]"	"1s.2p"	"1P*"	"1"	"1s.8s"	"1S"	"0"	3	1		
"396.58509"	"396.58505891"	"6.9507e+06"	AAA	"[20.615774823]"	"[23.74207006880]"	"1s.2s"	"1S"	"0"	"1s.4p"	"1P*"	"1"	1	3		
""	"397.31391155"	"2.2842e+01"	AAA	"[20.615774823]"	"[23.73633503536]"	"1s.2s"	"1S"	"0"	"1s.4d"	"1D"	"2"	1	5	E2	
""	"401.03899037"	"2.9612e+06"	AAA	"[21.2180227112]"	"[24.309597381304]"	"1s.2p"	"1P*"	"1"	"1s.7d"	"1D"	"2"	3	5		
"402.5110"	"402.51170307"	"1.1281e+06"	AAA	"[21.2180227112]"	"[24.2982859057]"	"1s.2p"	"1P*"	"1"	"1s.7s"	"1S"	"0"	3	1		
"402.73292"	"402.73221796"	"3.2224e+05"	AAA	"[20.96408688908]"	"[24.042663494166]"	"1s.2p"	"3P*"	"2"	"1s.5d"	"3D"	"1"	5	3		
"402.73292"	"402.73237136"	"2.8999e+06"	AAA	"[20.96408688908]"	"[24.042662321526]"	"1s.2p"	"3P*"	"2"	"1s.5d"	"3D"	"2"	5	5		
"402.73292"	"402.73238176"	"1.1601e+07"	AAA	"[20.96408688908]"	"[24.042662242088]"	"1s.2p"	"3P*"	"2"	"1s.5d"	"3D"	"3"	5	7		
"402.73292"	"402.73345754"	"4.8336e+06"	AAA	"[20.96409636464]"	"[24.042663494166]"	"1s.2p"	"3P*"	"1"	"1s.5d"	"3D"	"1"	3	3		
"402.73292"	"402.73361094"	"8.6997e+06"	AAA	"[20.96409636464]"	"[24.042662321526]"	"1s.2p"	"3P*"	"1"	"1s.5d"	"3D"	"2"	3	5		
""	"402.74948159"	"6.4448e+06"	AAA	"[20.96421885051]"	"[24.042663494166]"	"1s.2p"	"3P*"	"0"	"1s.5d"	"3D"	"1"	1	3		
"412.19780"	"412.19733416"	"2.4738e+06"	AAA	"[20.96408688908]"	"[23.9719714182]"	"1s.2p"	"3P*"	"2"	"1s.5s"	"3S"	"1"	5	3		
"412.19780"	"412.19863268"	"1.4843e+06"	AAA	"[20.96409636464]"	"[23.9719714182]"	"1s.2p"	"3P*"	"1"	"1s.5s"	"3S"	"1"	3	3		
""	"412.21541880"	"4.9476e+05"	AAA	"[20.96421885051]"	"[23.9719714182]"	"1s.2p"	"3P*"	"0"	"1s.5s"	"3S"	"1"	1	3		
""	"414.25001117"	"3.069e+00"	AA	"[21.2180227112]"	"[24.21100267716]"	"1s.2p"	"1P*"	"1"	"1s.6p"	"1P*"	"1"	3	3	E2	
"414.4930"	"414.49276502"	"4.8812e+06"	AAA	"[21.2180227112]"	"[24.209249793955]"	"1s.2p"	"1P*"	"1"	"1s.6d"	"1D"	"2"	3	5		
"417.0142"	"417.01467142"	"1.8298e+06"	AAA	"[21.2180227112]"	"[24.1911602752]"	"1s.2p"	"1P*"	"1"	"1s.6s"	"1S"	"0"	3	1		
""	"438.45100921"	"5.317e+00"	AA	"[21.2180227112]"	"[24.04580040653]"	"1s.2p"	"1P*"	"1"	"1s.5p"	"1P*"	"1"	3	3	E2	
"438.91624"	"438.91619053"	"8.9889e+06"	AAA	"[21.2180227112]"	"[24.042803412125]"	"1s.2p"	"1P*"	"1"	"1s.5d"	"1D"	"2"	3	5		
"443.8797"	"443.87992687"	"3.2689e+06"	AAA	"[21.2180227112]"	"[24.0112149898]"	"1s.2p"	"1P*"	"1"	"1s.5s"	"1S"	"0"	3	1		
"447.27350"	"447.27251598"	"6.8275e+05"	AAA	"[20.96408688908]"	"[23.73609263507]"	"1s.2p"	"3P*"	"2"	"1s.4d"	"3D"	"1"	5	3		
"447.27350"	"447.27288647"	"6.1440e+06"	AAA	"[20.96408688908]"	"[23.73609033897]"	"1s.2p"	"3P*"	"2"	"1s.4d"	"3D"	"2"	5	5		
"447.27350"	"447.27291049"	"2.4579e+07"	AAA	"[20.96408688908]"	"[23.73609019010]"	"1s.2p"	"3P*"	"2"	"1s.4d"	"3D"	"3"	5	7		
"447.27350"	"447.27404490"	"1.0241e+07"	AAA	"[20.96409636464]"	"[23.73609263507]"	"1s.2p"	"3P*"	"1"	"1s.4d"	"3D"	"1"	3	3		
"447.27350"	"447.27441539"	"1.8432e+07"	AAA	"[20.96409636464]"	"[23.73609033897]"	"1s.2p"	"3P*"	"1"	"1s.4d"	"3D"	"2"	3	5		
""	"447.29380942"	"1.3655e+07"	AAA	"[20.96421885051]"	"[23.73609263507]"	"1s.2p"	"3P*"	"0"	"1s.4d"	"3D"	"1"	1	3		
"471.44644"	"471.4457842"	"5.2894e+06"	AAA	"[20.96408688908]"	"[23.593958713]"	"1s.2p"	"3P*"	"2"	"1s.4s"	"3S"	"1"	5	3		
"471.44644"	"471.4474829"	"3.1736e+06"	AAA	"[20.96409636464]"	"[23.593958713]"	"1s.2p"	"3P*"	"1"	"1s.4s"	"3S"	"1"	3	3		
""	"471.4694416"	"1.0579e+06"	AAA	"[20.96421885051]"	"[23.593958713]"	"1s.2p"	"3P*"	"0"	"1s.4s"	"3S"	"1"	1	3		
""	"491.21185488"	"1.028e+01"	AA	"[21.2180227112]"	"[23.74207006880]"	"1s.2p"	"1P*"	"1"	"1s.4p"	"1P*"	"1"	3	3	E2	
""	"492.19864135"	"6.235e+01"	AA	"[21.2180227112]"	"[23.737009722091]"	"1s.2p"	"1P*"	"1"	"1s.4f"	"1F*"	"3"	3	7	E2	
"492.33053"	"492.33050740"	"1.9863e+07"	AAA	"[21.2180227112]"	"[23.73633503536]"	"1s.2p"	"1P*"	"1"	"1s.4d"	"1D"	"2"	3	5		
"501.70772"	"501.70769515"	"1.3372e+07"	AAA	"[20.615774823]"	"[23.08701852960]"	"1s.2s"	"1S"	"0"	"1s.3p"	"1P*"	"1"	1	3		
""	"504.34934585"	"1.022e+02"	AA	"[20.615774823]"	"[23.07407479777]"	"1s.2s"	"1S"	"0"	"1s.3d"	"1D"	"2"	1	5	E2	
"504.9145"	"504.9146038"	"6.7712e+06"	AAA	"[21.2180227112]"	"[23.673570590]"	"1s.2p"	"1P*"	"1"	"1s.4s"	"1S"	"0"	3	1		
""	"587.60620344"	"4.310e+03"	AA	"[20.96408688908]"	"[23.07407479777]"	"1s.2p"	"3P*"	"2"	"1s.3d"	"1D"	"2"	5	5		
""	"587.60884228"	"1.232e+04"	AA	"[20.96409636464]"	"[23.07407479777]"	"1s.2p"	"3P*"	"1"	"1s.3d"	"1D"	"2"	3	5		
""	"587.72271752"	"1.9641e+06"	AAA	"[20.96408688908]"	"[23.07365649967]"	"1s.2p"	"3P*"	"2"	"1s.3d"	"3D"	"1"	5	3		
"587.7249"	"587.72424420"	"1.7673e+07"	AAA	"[20.96408688908]"	"[23.07365101981]"	"1s.2p"	"3P*"	"2"	"1s.3d"	"3D"	"2"	5	5		
"587.7249"	"587.72433092"	"7.0708e+07"	AAA	"[20.96408688908]"	"[23.07365070854]"	"1s.2p"	"3P*"	"2"	"1s.3d"	"3D"	"3"	5	7		
"587.7249"	"587.72535741"	"2.9462e+07"	AAA	"[20.96409636464]"	"[23.07365649967]"	"1s.2p"	"3P*"	"1"	"1s.3d"	"3D"	"1"	3	3		
"587.7249"	"587.72688410"	"5.3019e+07"	AAA	"[20.96409636464]"	"[23.07365101981]"	"1s.2p"	"3P*"	"1"	"1s.3d"	"3D"	"2"	3	5		
""	"587.75948406"	"3.9282e+07"	AAA	"[20.96421885051]"	"[23.07365649967]"	"1s.2p"	"3P*"	"0"	"1s.3d"	"3D"	"1"	1	3		
""	"663.3733324"	"2.3749e+01"	AAA	"[21.2180227112]"	"[23.08701852960]"	"1s.2p"	"1P*"	"1"	"1s.3p"	"1P*"	"1"	3	3	E2	
"667.9995"	"667.9995639"	"6.3705e+07"	AAA	"[21.2180227112]"	"[23.07407479777]"	"1s.2p"	"1P*"	"1"	"1s.3d"	"1D"	"2"	3	5		
""	"668.1521179"	"1.510e+04"	AA	"[21.2180227112]"	"[23.07365101981]"	"1s.2p"	"1P*"	"1"	"1s.3d"	"3D"	"2"	3	5		
"706.7138"	"706.712523"	"1.5474e+07"	AAA	"[20.96408688908]"	"[22.718466419]"	"1s.2p"	"3P*"	"2"	"1s.3s"	"3S"	"1"	5	3		
"706.7138"	"706.716340"	"9.2844e+06"	AAA	"[20.96409636464]"	"[22.718466419]"	"1s.2p"	"3P*"	"1"	"1s.3s"	"3S"	"1"	3	3		
"706.766"	"706.765685"	"3.0948e+06"	AAA	"[20.96421885051]"	"[22.718466419]"	"1s.2p"	"3P*"	"0"	"1s.3s"	"3S"	"1"	1	3		
""	"716.252940"	"9.5686e+04"	AAA	"[22.718466419]"	"[24.44947779185]"	"1s.3s"	"3S"	"1"	"1s.10p"	"3P*"	"0"	3	1		
""	"716.253284"	"9.5686e+04"	AAA	"[22.718466419]"	"[24.44947695951]"	"1s.3s"	"3S"	"1"	"1s.10p"	"3P*"	"1"	3	3		
""	"716.253312"	"9.5686e+04"	AAA	"[22.718466419]"	"[24.44947689179]"	"1s.3s"	"3S"	"1"	"1s.10p"	"3P*"	"2"	3	5		
"728.3355"	"728.3357121"	"1.8299e+07"	AAA	"[21.2180227112]"	"[22.920317359]"	"1s.2p"	"1P*"	"1"	"1s.3s"	"1S"	"0"	3	1		
""	"730.004286"	"1.2913e+05"	AAA	"[22.718466419]"	"[24.41687012452]"	"1s.3s"	"3S"	"1"	"1s.9p"	"3P*"	"0"	3	1		
""	"730.004778"	"1.2913e+05"	AAA	"[22.718466419]"	"[24.41686897915]"	"1s.3s"	"3S"	"1"	"1s.9p"	"3P*"	"1"	3	3		
""	"730.004819"	"1.2913e+05"	AAA	"[22.718466419]"	"[24.41686888593]"	"1s.3s"	"3S"	"1"	"1s.9p"	"3P*"	"2"	3	5		
""	"750.191239"	"1.7942e+05"	AAA	"[22.718466419]"	"[24.37116765163]"	"1s.3s"	"3S"	"1"	"1s.8p"	"3P*"	"0"	3	1		
""	"750.191982"	"1.7942e+05"	AAA	"[22.718466419]"	"[24.37116601407]"	"1s.3s"	"3S"	"1"	"1s.8p"	"3P*"	"1"	3	3		
""	"750.192042"	"1.7942e+05"	AAA	"[22.718466419]"	"[24.37116588077]"	"1s.3s"	"3S"	"1"	"1s.8p"	"3P*"	"2"	3	5		
""	"781.827528"	"2.5748e+05"	AAA	"[22.718466419]"	"[24.30429185947]"	"1s.3s"	"3S"	"1"	"1s.7p"	"3P*"	"0"	3	1		
""	"781.828740"	"2.5748e+05"	AAA	"[22.718466419]"	"[24.30428940164]"	"1s.3s"	"3S"	"1"	"1s.7p"	"3P*"	"1"	3	3		
""	"781.828839"	"2.5748e+05"	AAA	"[22.718466419]"	"[24.30428920147]"	"1s.3s"	"3S"	"1"	"1s.7p"	"3P*"	"2"	3	5		
""	"809.6339811"	"1.3791e+05"	AAA	"[22.920317359]"	"[24.451678459372]"	"1s.3s"	"1S"	"0"	"1s.10p"	"1P*"	"1"	1	3		
""	"826.7972602"	"1.8722e+05"	AAA	"[22.920317359]"	"[24.419889314325]"	"1s.3s"	"1S"	"0"	"1s.9p"	"1P*"	"1"	1	3		
""	"836.401143"	"3.8126e+05"	AAA	"[22.718466419]"	"[24.20081970804]"	"1s.3s"	"3S"	"1"	"1s.6p"	"3P*"	"0"	3	1		
""	"836.403362"	"3.8126e+05"	AAA	"[22.718466419]"	"[24.20081577498]"	"1s.3s"	"3S"	"1"	"1s.6p"	"3P*"	"1"	3	3		
""	"836.403543"	"3.8126e+05"	AAA	"[22.718466419]"	"[24.20081545451]"	"1s.3s"	"3S"	"1"	"1s.6p"	"3P*"	"2"	3	5		
""	"852.0376235"	"2.6252e+05"	AAA	"[22.920317359]"	"[24.375466697350]"	"1s.3s"	"1S"	"0"	"1s.8p"	"1P*"	"1"	1	3		
""	"858.4969380"	"1.1647e+04"	AAA	"[23.00707314571]"	"[24.451273968544]"	"1s.3p"	"3P*"	"2"	"1s.10d"	"3D"	"1"	5	3		
""	"858.4970249"	"1.0481e+05"	AAA	"[23.00707314571]"	"[24.451273822448]"	"1s.3p"	"3P*"	"2"	"1s.10d"	"3D"	"2"	5	5		
""	"858.4970311"	"4.1928e+05"	AAA	"[23.00707314571]"	"[24.451273812052]"	"1s.3p"	"3P*"	"2"	"1s.10d"	"3D"	"3"	5	7		
""	"858.4985586"	"1.7470e+05"	AAA	"[23.0070758719]"	"[24.451273968544]"	"1s.3p"	"3P*"	"1"	"1s.10d"	"3D"	"1"	3	3		
""	"858.4986455"	"3.1444e+05"	AAA	"[23.0070758719]"	"[24.451273822448]"	"1s.3p"	"3P*"	"1"	"1s.10d"	"3D"	"2"	3	5		
""	"858.5185097"	"2.3293e+05"	AAA	"[23.0071094335]"	"[24.451273968544]"	"1s.3p"	"3P*"	"0"	"1s.10d"	"3D"	"1"	1	3		
""	"863.5077984"	"1.5262e+05"	AAA	"[23.00707314571]"	"[24.44289339729]"	"1s.3p"	"3P*"	"2"	"1s.10s"	"3S"	"1"	5	3		
""	"863.5094379"	"9.1570e+04"	AAA	"[23.0070758719]"	"[24.44289339729]"	"1s.3p"	"3P*"	"1"	"1s.10s"	"3S"	"1"	3	3		
""	"863.5296226"	"3.0523e+04"	AAA	"[23.0071094335]"	"[24.44289339729]"	"1s.3p"	"3P*"	"0"	"1s.10s"	"3S"	"1"	1	3		
""	"877.9117669"	"1.6044e+04"	AAA	"[23.00707314571]"	"[24.419335779720]"	"1s.3p"	"3P*"	"2"	"1s.9d"	"3D"	"1"	5	3		
""	"877.9118915"	"1.4439e+05"	AAA	"[23.00707314571]"	"[24.419335579246]"	"1s.3p"	"3P*"	"2"	"1s.9d"	"3D"	"2"	5	5		
""	"877.9119003"	"5.7759e+05"	AAA	"[23.00707314571]"	"[24.419335565023]"	"1s.3p"	"3P*"	"2"	"1s.9d"	"3D"	"3"	5	7		
""	"877.9134616"	"2.4066e+05"	AAA	"[23.0070758719]"	"[24.419335779720]"	"1s.3p"	"3P*"	"1"	"1s.9d"	"3D"	"1"	3	3		
""	"877.9135862"	"4.3316e+05"	AAA	"[23.0070758719]"	"[24.419335579246]"	"1s.3p"	"3P*"	"1"	"1s.9d"	"3D"	"2"	3	5		
""	"877.9343252"	"3.2088e+05"	AAA	"[23.0071094335]"	"[24.419335779720]"	"1s.3p"	"3P*"	"0"	"1s.9d"	"3D"	"1"	1	3		
""	"885.1574266"	"2.1321e+05"	AAA	"[23.00707314571]"	"[24.40777537914]"	"1s.3p"	"3P*"	"2"	"1s.9s"	"3S"	"1"	5	3		
""	"885.1591494"	"1.2792e+05"	AAA	"[23.0070758719]"	"[24.40777537914]"	"1s.3p"	"3P*"	"1"	"1s.9s"	"3S"	"1"	3	3		
""	"885.1803588"	"4.2641e+04"	AAA	"[23.0071094335]"	"[24.40777537914]"	"1s.3p"	"3P*"	"0"	"1s.9s"	"3S"	"1"	1	3		
""	"886.6095014"	"1.442e+00"	AA	"[19.819614525]"	"[21.2180227112]"	"1s.2s"	"3S"	"1"	"1s.2p"	"1P*"	"1"	3	3		
""	"891.7219292"	"3.8260e+05"	AAA	"[22.920317359]"	"[24.31070817873]"	"1s.3s"	"1S"	"0"	"1s.7p"	"1P*"	"1"	1	3		
""	"899.94359182"	"8.857e+03"	AA	"[23.07365070854]"	"[24.4513392610240]"	"1s.3d"	"3D"	"3"	"1s.10f"	"1F*"	"3"	7	7		
""	"899.94366468"	"1.6007e+03"	AAA	"[23.07365070854]"	"[24.4513391494830]"	"1s.3d"	"3D"	"3"	"1s.10f"	"3F*"	"2"	7	5		
""	"899.94370929"	"3.6017e+05"	AAA	"[23.07365070854]"	"[24.4513390811842]"	"1s.3d"	"3D"	"3"	"1s.10f"	"3F*"	"4"	7	9		
""	"899.94373311"	"3.1161e+04"	AAA	"[23.07365070854]"	"[24.4513390447263]"	"1s.3d"	"3D"	"3"	"1s.10f"	"3F*"	"3"	7	7		
""	"899.94379515"	"6.651e+04"	AA	"[23.07365101981]"	"[24.4513392610240]"	"1s.3d"	"3D"	"2"	"1s.10f"	"1F*"	"3"	5	7		
""	"899.94386801"	"5.6012e+04"	AAA	"[23.07365101981]"	"[24.4513391494830]"	"1s.3d"	"3D"	"2"	"1s.10f"	"3F*"	"2"	5	5		
""	"899.94393644"	"2.5364e+05"	AAA	"[23.07365101981]"	"[24.4513390447263]"	"1s.3d"	"3D"	"2"	"1s.10f"	"3F*"	"3"	5	7		
""	"899.94744762"	"3.0254e+05"	AAA	"[23.07365649967]"	"[24.4513391494830]"	"1s.3d"	"3D"	"1"	"1s.10f"	"3F*"	"2"	3	5		
""	"899.99904827"	"1.2389e+04"	AAA	"[23.07407479777]"	"[24.451678459372]"	"1s.3d"	"1D"	"2"	"1s.10p"	"1P*"	"1"	5	3		
""	"900.22070373"	"2.8406e+05"	AAA	"[23.07407479777]"	"[24.4513392610240]"	"1s.3d"	"1D"	"2"	"1s.10f"	"1F*"	"3"	5	7		
""	"900.22084511"	"7.516e+04"	AA	"[23.07407479777]"	"[24.4513390447263]"	"1s.3d"	"1D"	"2"	"1s.10f"	"3F*"	"3"	5	7		
""	"901.16178877"	"2.2323e+04"	AAA	"[23.07365070854]"	"[24.44947689179]"	"1s.3d"	"3D"	"3"	"1s.10p"	"3P*"	"2"	7	5		
""	"901.16194829"	"1.9927e+04"	AAA	"[23.07365101981]"	"[24.44947695951]"	"1s.3d"	"3D"	"2"	"1s.10p"	"3P*"	"1"	5	3		
""	"901.16199265"	"3.9853e+03"	AAA	"[23.07365101981]"	"[24.44947689179]"	"1s.3d"	"3D"	"2"	"1s.10p"	"3P*"	"2"	5	5		
""	"901.16499242"	"2.6575e+04"	AAA	"[23.07365649967]"	"[24.44947779185]"	"1s.3d"	"3D"	"1"	"1s.10p"	"3P*"	"0"	3	1		
""	"901.16553760"	"6.6439e+03"	AAA	"[23.07365649967]"	"[24.44947695951]"	"1s.3d"	"3D"	"1"	"1s.10p"	"3P*"	"1"	3	3		
""	"901.16558196"	"2.6575e+02"	AAA	"[23.07365649967]"	"[24.44947689179]"	"1s.3d"	"3D"	"1"	"1s.10p"	"3P*"	"2"	3	5		
""	"906.5769928"	"2.2973e+04"	AAA	"[23.00707314571]"	"[24.374681185743]"	"1s.3p"	"3P*"	"2"	"1s.8d"	"3D"	"1"	5	3		
""	"906.5771821"	"2.0674e+05"	AAA	"[23.00707314571]"	"[24.374680900214]"	"1s.3p"	"3P*"	"2"	"1s.8d"	"3D"	"2"	5	5		
""	"906.5771955"	"8.2704e+05"	AAA	"[23.00707314571]"	"[24.374680880069]"	"1s.3p"	"3P*"	"2"	"1s.8d"	"3D"	"3"	5	7		
""	"906.5788000"	"3.4460e+05"	AAA	"[23.0070758719]"	"[24.374681185743]"	"1s.3p"	"3P*"	"1"	"1s.8d"	"3D"	"1"	3	3		
""	"906.5789893"	"6.2023e+05"	AAA	"[23.0070758719]"	"[24.374680900214]"	"1s.3p"	"3P*"	"1"	"1s.8d"	"3D"	"2"	3	5		
""	"906.6010484"	"4.5947e+05"	AAA	"[23.0071094335]"	"[24.374681185743]"	"1s.3p"	"3P*"	"0"	"1s.8d"	"3D"	"1"	1	3		
""	"908.7914547"	"3.6807e+05"	AAA	"[23.08701852960]"	"[24.4512941044573]"	"1s.3p"	"1P*"	"1"	"1s.10d"	"1D"	"2"	3	5		
""	"911.3526704"	"2.2000e+05"	AAA	"[23.08701852960]"	"[24.44746001910]"	"1s.3p"	"1P*"	"1"	"1s.10s"	"1S"	"0"	3	1		
""	"917.7006196"	"3.1109e+05"	AAA	"[23.00707314571]"	"[24.3581041440]"	"1s.3p"	"3P*"	"2"	"1s.8s"	"3S"	"1"	5	3		
""	"917.7024714"	"1.8665e+05"	AAA	"[23.0070758719]"	"[24.3581041440]"	"1s.3p"	"3P*"	"1"	"1s.8s"	"3S"	"1"	3	3		
""	"917.7252691"	"6.2217e+04"	AAA	"[23.0071094335]"	"[24.3581041440]"	"1s.3p"	"3P*"	"0"	"1s.8s"	"3S"	"1"	1	3		
""	"921.25769865"	"1.7331e+04"	AAA	"[23.07407479777]"	"[24.419889314325]"	"1s.3d"	"1D"	"2"	"1s.9p"	"1P*"	"1"	5	3		
""	"921.28527583"	"1.289e+04"	AA	"[23.07365070854]"	"[24.4194249403235]"	"1s.3d"	"3D"	"3"	"1s.9f"	"1F*"	"3"	7	7		
""	"921.28548892"	"9.691e+04"	AA	"[23.07365101981]"	"[24.4194249403235]"	"1s.3d"	"3D"	"2"	"1s.9f"	"1F*"	"3"	5	7		
"921.2865"	"921.28537788"	"2.2685e+03"	AAA	"[23.07365070854]"	"[24.4194247912483]"	"1s.3d"	"3D"	"3"	"1s.9f"	"3F*"	"2"	7	5		
"921.2865"	"921.28544202"	"5.1041e+05"	AAA	"[23.07365070854]"	"[24.4194246975540]"	"1s.3d"	"3D"	"3"	"1s.9f"	"3F*"	"4"	7	9		
"921.2865"	"921.28547704"	"4.3822e+04"	AAA	"[23.07365070854]"	"[24.4194246464065]"	"1s.3d"	"3D"	"3"	"1s.9f"	"3F*"	"3"	7	7		
"921.2865"	"921.28559097"	"7.9378e+04"	AAA	"[23.07365101981]"	"[24.4194247912483]"	"1s.3d"	"3D"	"2"	"1s.9f"	"3F*"	"2"	5	5		
"921.2865"	"921.28569012"	"3.5681e+05"	AAA	"[23.07365101981]"	"[24.4194246464065]"	"1s.3d"	"3D"	"2"	"1s.9f"	"3F*"	"3"	5	7		
"921.2865"	"921.28934237"	"4.2875e+05"	AAA	"[23.07365649967]"	"[24.4194247912483]"	"1s.3d"	"3D"	"1"	"1s.9f"	"3F*"	"2"	3	5		
""	"921.57568882"	"3.9961e+05"	AAA	"[23.07407479777]"	"[24.4194249403235]"	"1s.3d"	"1D"	"2"	"1s.9f"	"1F*"	"3"	5	7		
""	"921.57589016"	"1.095e+05"	AA	"[23.07407479777]"	"[24.4194246464065]"	"1s.3d"	"1D"	"2"	"1s.9f"	"3F*"	"3"	5	7		
""	"923.03842012"	"3.1223e+04"	AAA	"[23.07365070854]"	"[24.41686888593]"	"1s.3d"	"3D"	"3"	"1s.9p"	"3P*"	"2"	7	5		
""	"923.03856996"	"2.7871e+04"	AAA	"[23.07365101981]"	"[24.41686897915]"	"1s.3d"	"3D"	"2"	"1s.9p"	"3P*"	"1"	5	3		
""	"923.03863402"	"5.5742e+03"	AAA	"[23.07365101981]"	"[24.41686888593]"	"1s.3d"	"3D"	"2"	"1s.9p"	"3P*"	"2"	5	5		
""	"923.04154856"	"3.7170e+04"	AAA	"[23.07365649967]"	"[24.41687012452]"	"1s.3d"	"3D"	"1"	"1s.9p"	"3P*"	"0"	3	1		
""	"923.04233565"	"9.2925e+03"	AAA	"[23.07365649967]"	"[24.41686897915]"	"1s.3d"	"3D"	"1"	"1s.9p"	"3P*"	"1"	3	3		
""	"923.04239971"	"3.7170e+02"	AAA	"[23.07365649967]"	"[24.41686888593]"	"1s.3d"	"3D"	"1"	"1s.9p"	"3P*"	"2"	3	5		
""	"930.5715622"	"5.1030e+05"	AAA	"[23.08701852960]"	"[24.419363117280]"	"1s.3p"	"1P*"	"1"	"1s.9d"	"1D"	"2"	3	5		
""	"934.2705409"	"3.0562e+05"	AAA	"[23.08701852960]"	"[24.41408807749]"	"1s.3p"	"1P*"	"1"	"1s.9s"	"1S"	"0"	3	1		
""	"946.613295"	"5.6868e+05"	AAA	"[22.718466419]"	"[24.0282324989]"	"1s.3s"	"3S"	"1"	"1s.5p"	"3P*"	"0"	3	1		
""	"946.618264"	"5.6868e+05"	AAA	"[22.718466419]"	"[24.0282256244]"	"1s.3s"	"3S"	"1"	"1s.5p"	"3P*"	"1"	3	3		
""	"946.618669"	"5.6868e+05"	AAA	"[22.718466419]"	"[24.0282250640]"	"1s.3s"	"3S"	"1"	"1s.5p"	"3P*"	"2"	3	5		
""	"951.9172728"	"3.4553e+04"	AAA	"[23.00707314571]"	"[24.309541353601]"	"1s.3p"	"3P*"	"2"	"1s.7d"	"3D"	"1"	5	3		
""	"951.9175844"	"3.1095e+05"	AAA	"[23.00707314571]"	"[24.309540927161]"	"1s.3p"	"3P*"	"2"	"1s.7d"	"3D"	"2"	5	5		
""	"951.9176063"	"1.2439e+06"	AAA	"[23.00707314571]"	"[24.309540897300]"	"1s.3p"	"3P*"	"2"	"1s.7d"	"3D"	"3"	5	7		
""	"951.9192652"	"5.1829e+05"	AAA	"[23.0070758719]"	"[24.309541353601]"	"1s.3p"	"3P*"	"1"	"1s.7d"	"3D"	"1"	3	3		
""	"951.9195769"	"9.3285e+05"	AAA	"[23.0070758719]"	"[24.309540927161]"	"1s.3p"	"3P*"	"1"	"1s.7d"	"3D"	"2"	3	5		
""	"951.9437947"	"6.9105e+05"	AAA	"[23.0071094335]"	"[24.309541353601]"	"1s.3p"	"3P*"	"0"	"1s.7d"	"3D"	"1"	1	3		
""	"952.70455021"	"2.5364e+04"	AAA	"[23.07407479777]"	"[24.375466697350]"	"1s.3d"	"1D"	"2"	"1s.8p"	"1P*"	"1"	5	3		
""	"952.87682025"	"1.994e+04"	AA	"[23.07365070854]"	"[24.3748073302369]"	"1s.3d"	"3D"	"3"	"1s.8f"	"1F*"	"3"	7	7		
""	"952.87704820"	"1.502e+05"	AA	"[23.07365101981]"	"[24.3748073302369]"	"1s.3d"	"3D"	"2"	"1s.8f"	"1F*"	"3"	5	7		
"952.878"	"952.87697011"	"3.3834e+03"	AAA	"[23.07365070854]"	"[24.3748071255995]"	"1s.3d"	"3D"	"3"	"1s.8f"	"3F*"	"2"	7	5		
"952.878"	"952.87706782"	"7.6127e+05"	AAA	"[23.07365070854]"	"[24.3748069921824]"	"1s.3d"	"3D"	"3"	"1s.8f"	"3F*"	"4"	7	9		
"952.878"	"952.87712283"	"6.4641e+04"	AAA	"[23.07365070854]"	"[24.3748069170618]"	"1s.3d"	"3D"	"3"	"1s.8f"	"3F*"	"3"	7	7		
"952.878"	"952.87719807"	"1.1839e+05"	AAA	"[23.07365101981]"	"[24.3748071255995]"	"1s.3d"	"3D"	"2"	"1s.8f"	"3F*"	"2"	5	5		
"952.878"	"952.87735078"	"5.2655e+05"	AAA	"[23.07365101981]"	"[24.3748069170618]"	"1s.3d"	"3D"	"2"	"1s.8f"	"3F*"	"3"	5	7		
"952.878"	"952.88121116"	"6.3946e+05"	AAA	"[23.07365649967]"	"[24.3748071255995]"	"1s.3d"	"3D"	"1"	"1s.8f"	"3F*"	"2"	3	5		
""	"953.18779781"	"1.697e+05"	AA	"[23.07407479777]"	"[24.3748069170618]"	"1s.3d"	"1D"	"2"	"1s.8f"	"3F*"	"3"	5	7		
"953.188"	"953.18749503"	"5.8976e+05"	AAA	"[23.07407479777]"	"[24.3748073302369]"	"1s.3d"	"1D"	"2"	"1s.8f"	"1F*"	"3"	5	7		
""	"955.55104932"	"4.5676e+04"	AAA	"[23.07365070854]"	"[24.37116588077]"	"1s.3d"	"3D"	"3"	"1s.8p"	"3P*"	"2"	7	5		
""	"955.55118039"	"4.0772e+04"	AAA	"[23.07365101981]"	"[24.37116601407]"	"1s.3d"	"3D"	"2"	"1s.8p"	"3P*"	"1"	5	3		
""	"955.55127855"	"8.1544e+03"	AAA	"[23.07365101981]"	"[24.37116588077]"	"1s.3d"	"3D"	"2"	"1s.8p"	"3P*"	"2"	5	5		
""	"955.55401005"	"5.4376e+04"	AAA	"[23.07365649967]"	"[24.37116765163]"	"1s.3d"	"3D"	"1"	"1s.8p"	"3P*"	"0"	3	1		
""	"955.55521603"	"1.3594e+04"	AAA	"[23.07365649967]"	"[24.37116601407]"	"1s.3d"	"3D"	"1"	"1s.8p"	"3P*"	"1"	3	3		
""	"955.55531420"	"5.4376e+02"	AAA	"[23.07365649967]"	"[24.37116588077]"	"1s.3d"	"3D"	"1"	"1s.8p"	"3P*"	"2"	3	5		
""	"960.607490"	"5.8286e+05"	AAA	"[22.920317359]"	"[24.21100267716]"	"1s.3s"	"1S"	"0"	"1s.6p"	"1P*"	"1"	1	3		
""	"961.913868"	"1.26e+00"	A	"[22.920317359]"	"[24.209249793955]"	"1s.3s"	"1S"	"0"	"1s.6d"	"1D"	"2"	1	5	E2	
""	"962.8337401"	"7.3744e+05"	AAA	"[23.08701852960]"	"[24.374719544511]"	"1s.3p"	"1P*"	"1"	"1s.8d"	"1D"	"2"	3	5		
""	"968.5043158"	"4.4271e+05"	AAA	"[23.08701852960]"	"[24.3671800778]"	"1s.3p"	"1P*"	"1"	"1s.8s"	"1S"	"0"	3	1		
""	"970.5275019"	"4.8062e+05"	AAA	"[23.00707314571]"	"[24.2845660369]"	"1s.3p"	"3P*"	"2"	"1s.7s"	"3S"	"1"	5	3		
""	"970.5295730"	"2.8837e+05"	AAA	"[23.0070758719]"	"[24.2845660369]"	"1s.3p"	"3P*"	"1"	"1s.7s"	"3S"	"1"	3	3		
""	"970.5550710"	"9.6124e+04"	AAA	"[23.0071094335]"	"[24.2845660369]"	"1s.3p"	"3P*"	"0"	"1s.7s"	"3S"	"1"	1	3		
""	"1002.59462782"	"3.9418e+04"	AAA	"[23.07407479777]"	"[24.31070817873]"	"1s.3d"	"1D"	"2"	"1s.7p"	"1P*"	"1"	5	3		
""	"1003.04576109"	"3.363e+04"	AA	"[23.07365070854]"	"[24.3097278970701]"	"1s.3d"	"3D"	"3"	"1s.7f"	"1F*"	"3"	7	7		
""	"1003.04601367"	"2.537e+05"	AA	"[23.07365101981]"	"[24.3097278970701]"	"1s.3d"	"3D"	"2"	"1s.7f"	"1F*"	"3"	5	7		
"1003.048"	"1003.04599601"	"5.4147e+03"	AAA	"[23.07365070854]"	"[24.3097276075680]"	"1s.3d"	"3D"	"3"	"1s.7f"	"3F*"	"2"	7	5		
"1003.048"	"1003.04615764"	"1.2183e+06"	AAA	"[23.07365070854]"	"[24.3097274083893]"	"1s.3d"	"3D"	"3"	"1s.7f"	"3F*"	"4"	7	9		
"1003.048"	"1003.04624860"	"1.8947e+05"	AAA	"[23.07365101981]"	"[24.3097276075680]"	"1s.3d"	"3D"	"2"	"1s.7f"	"3F*"	"2"	5	5		
"1003.048"	"1003.04625277"	"1.0174e+05"	AAA	"[23.07365070854]"	"[24.3097272911601]"	"1s.3d"	"3D"	"3"	"1s.7f"	"3F*"	"3"	7	7		
"1003.048"	"1003.04650536"	"8.2928e+05"	AAA	"[23.07365101981]"	"[24.3097272911601]"	"1s.3d"	"3D"	"2"	"1s.7f"	"3F*"	"3"	5	7		
"1003.048"	"1003.05069539"	"1.0234e+06"	AAA	"[23.07365649967]"	"[24.3097276075680]"	"1s.3d"	"3D"	"1"	"1s.7f"	"3F*"	"2"	3	5		
""	"1003.39050903"	"2.866e+05"	AA	"[23.07407479777]"	"[24.3097272911601]"	"1s.3d"	"1D"	"2"	"1s.7f"	"3F*"	"3"	5	7		
"1003.391"	"1003.39001702"	"9.2892e+05"	AAA	"[23.07407479777]"	"[24.3097278970701]"	"1s.3d"	"1D"	"2"	"1s.7f"	"1F*"	"3"	5	7		
""	"1007.47863118"	"7.0927e+04"	AAA	"[23.07365070854]"	"[24.30428920147]"	"1s.3d"	"3D"	"3"	"1s.7p"	"3P*"	"2"	7	5		
""	"1007.47872213"	"6.3312e+04"	AAA	"[23.07365101981]"	"[24.30428940164]"	"1s.3d"	"3D"	"2"	"1s.7p"	"3P*"	"1"	5	3		
""	"1007.47888600"	"1.2662e+04"	AAA	"[23.07365101981]"	"[24.30428920147]"	"1s.3d"	"3D"	"2"	"1s.7p"	"3P*"	"2"	5	5		
""	"1007.48119617"	"8.4437e+04"	AAA	"[23.07365649967]"	"[24.30429185947]"	"1s.3d"	"3D"	"1"	"1s.7p"	"3P*"	"0"	3	1		
""	"1007.48320831"	"2.1109e+04"	AAA	"[23.07365649967]"	"[24.30428940164]"	"1s.3d"	"3D"	"1"	"1s.7p"	"3P*"	"1"	3	3		
""	"1007.48337219"	"8.4437e+02"	AAA	"[23.07365649967]"	"[24.30428920147]"	"1s.3d"	"3D"	"1"	"1s.7p"	"3P*"	"2"	3	5		
""	"1014.1202611"	"1.1248e+06"	AAA	"[23.08701852960]"	"[24.309597381304]"	"1s.3p"	"1P*"	"1"	"1s.7d"	"1D"	"2"	3	5		
""	"1023.5906694"	"6.7731e+05"	AAA	"[23.08701852960]"	"[24.2982859057]"	"1s.3p"	"1P*"	"1"	"1s.7s"	"1S"	"0"	3	1		
""	"1031.4046979"	"5.5405e+04"	AAA	"[23.00707314571]"	"[24.209163835045]"	"1s.3p"	"3P*"	"2"	"1s.6d"	"3D"	"1"	5	3		
""	"1031.4052794"	"4.9860e+05"	AAA	"[23.00707314571]"	"[24.209163157329]"	"1s.3p"	"3P*"	"2"	"1s.6d"	"3D"	"2"	5	5		
""	"1031.4053197"	"1.9946e+06"	AAA	"[23.00707314571]"	"[24.209163110443]"	"1s.3p"	"3P*"	"2"	"1s.6d"	"3D"	"3"	5	7		
""	"1031.4070370"	"8.3108e+05"	AAA	"[23.0070758719]"	"[24.209163835045]"	"1s.3p"	"3P*"	"1"	"1s.6d"	"3D"	"1"	3	3		
""	"1031.4076185"	"1.4958e+06"	AAA	"[23.0070758719]"	"[24.209163157329]"	"1s.3p"	"3P*"	"1"	"1s.6d"	"3D"	"2"	3	5		
""	"1031.4358341"	"1.1081e+06"	AAA	"[23.0071094335]"	"[24.209163835045]"	"1s.3p"	"3P*"	"0"	"1s.6d"	"3D"	"1"	1	3		
""	"1067.0584604"	"8.0394e+05"	AAA	"[23.00707314571]"	"[24.1689982232]"	"1s.3p"	"3P*"	"2"	"1s.6s"	"3S"	"1"	5	3		
""	"1067.0609640"	"4.8236e+05"	AAA	"[23.0070758719]"	"[24.1689982232]"	"1s.3p"	"3P*"	"1"	"1s.6s"	"3S"	"1"	3	3		
""	"1067.0917865"	"1.6079e+05"	AAA	"[23.0071094335]"	"[24.1689982232]"	"1s.3p"	"3P*"	"0"	"1s.6s"	"3S"	"1"	1	3		
""	"1083.2057482"	"1.0216e+07"	AAA	"[19.819614525]"	"[20.96421885051]"	"1s.2s"	"3S"	"1"	"1s.2p"	"3P*"	"0"	3	1		
""	"1083.3216761"	"1.0216e+07"	AAA	"[19.819614525]"	"[20.96409636464]"	"1s.2s"	"3S"	"1"	"1s.2p"	"3P*"	"1"	3	3		
""	"1083.3306454"	"1.0216e+07"	AAA	"[19.819614525]"	"[20.96408688908]"	"1s.2s"	"3S"	"1"	"1s.2p"	"3P*"	"2"	3	5		
""	"1090.5194664"	"6.6614e+04"	AAA	"[23.07407479777]"	"[24.21100267716]"	"1s.3d"	"1D"	"2"	"1s.6p"	"1P*"	"1"	5	3		
"1091.591"	"1091.59792706"	"9.6197e+03"	AAA	"[23.07365070854]"	"[24.209455342828]"	"1s.3d"	"3D"	"3"	"1s.6f"	"3F*"	"2"	7	5		
"1091.591"	"1091.59822621"	"3.3661e+05"	AAA	"[23.07365101981]"	"[24.209455342828]"	"1s.3d"	"3D"	"2"	"1s.6f"	"3F*"	"2"	5	5		
"1091.591"	"1091.59823109"	"2.1644e+06"	AAA	"[23.07365070854]"	"[24.2094550264796]"	"1s.3d"	"3D"	"3"	"1s.6f"	"3F*"	"4"	7	9		
"1091.591"	"1091.59842230"	"1.7594e+05"	AAA	"[23.07365070854]"	"[24.209454827529]"	"1s.3d"	"3D"	"3"	"1s.6f"	"3F*"	"3"	7	7		
"1091.591"	"1091.59872146"	"1.4356e+06"	AAA	"[23.07365101981]"	"[24.209454827529]"	"1s.3d"	"3D"	"2"	"1s.6f"	"3F*"	"3"	5	7		
""	"1091.59752056"	"6.455e+04"	AA	"[23.07365070854]"	"[24.2094557657828]"	"1s.3d"	"3D"	"3"	"1s.6f"	"1F*"	"3"	7	7		
""	"1091.59781972"	"4.884e+05"	AA	"[23.07365101981]"	"[24.2094557657828]"	"1s.3d"	"3D"	"2"	"1s.6f"	"1F*"	"3"	5	7		
"1091.604"	"1091.60349282"	"1.8181e+06"	AAA	"[23.07365649967]"	"[24.209455342828]"	"1s.3d"	"3D"	"1"	"1s.6f"	"3F*"	"2"	3	5		
""	"1092.00566253"	"8.195e+01"	AA	"[23.07407479777]"	"[24.209455342828]"	"1s.3d"	"1D"	"2"	"1s.6f"	"3F*"	"2"	5	5		
""	"1092.00615815"	"5.518e+05"	AA	"[23.07407479777]"	"[24.209454827529]"	"1s.3d"	"1D"	"2"	"1s.6f"	"3F*"	"3"	5	7		
"1092.009"	"1092.00525574"	"1.6083e+06"	AAA	"[23.07407479777]"	"[24.2094557657828]"	"1s.3d"	"1D"	"2"	"1s.6f"	"1F*"	"3"	5	7		
""	"1099.9651813"	"1.0688e+05"	AAA	"[23.07365101981]"	"[24.20081577498]"	"1s.3d"	"3D"	"2"	"1s.6p"	"3P*"	"1"	5	3		
""	"1099.9651903"	"1.1973e+05"	AAA	"[23.07365070854]"	"[24.20081545451]"	"1s.3d"	"3D"	"3"	"1s.6p"	"3P*"	"2"	7	5		
""	"1099.9654941"	"2.1375e+04"	AAA	"[23.07365101981]"	"[24.20081545451]"	"1s.3d"	"3D"	"2"	"1s.6p"	"3P*"	"2"	5	5		
""	"1099.9666908"	"1.4254e+05"	AAA	"[23.07365649967]"	"[24.20081970804]"	"1s.3d"	"3D"	"1"	"1s.6p"	"3P*"	"0"	3	1		
""	"1099.9705290"	"3.5634e+04"	AAA	"[23.07365649967]"	"[24.20081577498]"	"1s.3d"	"3D"	"1"	"1s.6p"	"3P*"	"1"	3	3		
""	"1099.9708417"	"1.4254e+03"	AAA	"[23.07365649967]"	"[24.20081545451]"	"1s.3d"	"3D"	"1"	"1s.6p"	"3P*"	"2"	3	5		
""	"1101.608760"	"9.2496e+05"	AAA	"[22.920317359]"	"[24.04580040653]"	"1s.3s"	"1S"	"0"	"1s.5p"	"1P*"	"1"	1	3		
""	"1103.0778210"	"8.465e-01"	AA	"[23.08701852960]"	"[24.21100267716]"	"1s.3p"	"1P*"	"1"	"1s.6p"	"1P*"	"1"	3	3	E2	
""	"1104.550013"	"2.514e+00"	AA	"[22.920317359]"	"[24.042803412125]"	"1s.3s"	"1S"	"0"	"1s.5d"	"1D"	"2"	1	5	E2	
""	"1104.8007872"	"1.8457e+06"	AAA	"[23.08701852960]"	"[24.209249793955]"	"1s.3p"	"1P*"	"1"	"1s.6d"	"1D"	"2"	3	5		
""	"1109.8899855"	"4.515e-01"	AA	"[23.07407479777]"	"[24.1911602752]"	"1s.3d"	"1D"	"2"	"1s.6s"	"1S"	"0"	5	1	E2	
""	"1122.9011033"	"1.1168e+06"	AAA	"[23.08701852960]"	"[24.1911602752]"	"1s.3p"	"1P*"	"1"	"1s.6s"	"1S"	"0"	3	1		
""	"1197.0703421"	"8.899e+01"	AA	"[23.00707314571]"	"[24.042803412125]"	"1s.3p"	"3P*"	"2"	"1s.5d"	"1D"	"2"	5	5		
""	"1197.0734930"	"2.500e+02"	AA	"[23.0070758719]"	"[24.042803412125]"	"1s.3p"	"3P*"	"1"	"1s.5d"	"1D"	"2"	3	5		
""	"1197.2320775"	"9.6617e+04"	AAA	"[23.00707314571]"	"[24.042663494166]"	"1s.3p"	"3P*"	"2"	"1s.5d"	"3D"	"1"	5	3		
""	"1197.2334332"	"8.6946e+05"	AAA	"[23.00707314571]"	"[24.042662321526]"	"1s.3p"	"3P*"	"2"	"1s.5d"	"3D"	"2"	5	5		
""	"1197.2335250"	"3.4782e+06"	AAA	"[23.00707314571]"	"[24.042662242088]"	"1s.3p"	"3P*"	"2"	"1s.5d"	"3D"	"3"	5	7		
""	"1197.2352292"	"1.4493e+06"	AAA	"[23.0070758719]"	"[24.042663494166]"	"1s.3p"	"3P*"	"1"	"1s.5d"	"3D"	"1"	3	3		
"1197.240"	"1197.2365849"	"2.6084e+06"	AAA	"[23.0070758719]"	"[24.042662321526]"	"1s.3p"	"3P*"	"1"	"1s.5d"	"3D"	"2"	3	5		
""	"1197.2740308"	"1.9323e+06"	AAA	"[23.0071094335]"	"[24.042663494166]"	"1s.3p"	"3P*"	"0"	"1s.5d"	"3D"	"1"	1	3		
""	"1253.074954"	"7.0932e+05"	AAA	"[22.718466419]"	"[23.7079060221]"	"1s.3s"	"3S"	"1"	"1s.4p"	"3P*"	"0"	3	1		
""	"1253.092277"	"7.0932e+05"	AAA	"[22.718466419]"	"[23.7078923433]"	"1s.3s"	"3S"	"1"	"1s.4p"	"3P*"	"1"	3	3		
"1253.095"	"1253.093690"	"7.0932e+05"	AAA	"[22.718466419]"	"[23.7078912279]"	"1s.3s"	"3S"	"1"	"1s.4p"	"3P*"	"2"	3	5		
""	"1275.9177829"	"1.2754e+05"	AAA	"[23.07407479777]"	"[24.04580040653]"	"1s.3d"	"1D"	"2"	"1s.5p"	"1P*"	"1"	5	3		
"1278.829"	"1278.84113467"	"2.0331e+04"	AAA	"[23.07365070854]"	"[24.043155012649]"	"1s.3d"	"3D"	"3"	"1s.5f"	"3F*"	"2"	7	5		
"1278.829"	"1278.84154525"	"7.1142e+05"	AAA	"[23.07365101981]"	"[24.043155012649]"	"1s.3d"	"3D"	"2"	"1s.5f"	"3F*"	"2"	5	5		
"1278.829"	"1278.84185595"	"4.5746e+06"	AAA	"[23.07365070854]"	"[24.043154465835]"	"1s.3d"	"3D"	"3"	"1s.5f"	"3F*"	"4"	7	9		
"1278.829"	"1278.84235940"	"3.5457e+05"	AAA	"[23.07365070854]"	"[24.043154084167]"	"1s.3d"	"3D"	"3"	"1s.5f"	"3F*"	"3"	7	7		
"1278.829"	"1278.84276998"	"2.8980e+06"	AAA	"[23.07365101981]"	"[24.043154084167]"	"1s.3d"	"3D"	"2"	"1s.5f"	"3F*"	"3"	5	7		
""	"1278.84029601"	"1.537e+05"	AA	"[23.07365070854]"	"[24.043155648442]"	"1s.3d"	"3D"	"3"	"1s.5f"	"1F*"	"3"	7	7		
""	"1278.84070660"	"1.168e+06"	AA	"[23.07365101981]"	"[24.043155648442]"	"1s.3d"	"3D"	"2"	"1s.5f"	"1F*"	"3"	5	7		
"1278.849"	"1278.84877361"	"3.8426e+06"	AAA	"[23.07365649967]"	"[24.043155012649]"	"1s.3d"	"3D"	"1"	"1s.5f"	"3F*"	"2"	3	5		
""	"1279.40078158"	"1.732e+02"	AA	"[23.07407479777]"	"[24.043155012649]"	"1s.3d"	"1D"	"2"	"1s.5f"	"3F*"	"2"	5	5		
""	"1279.40200739"	"1.320e+06"	AA	"[23.07407479777]"	"[24.043154084167]"	"1s.3d"	"1D"	"2"	"1s.5f"	"3F*"	"3"	5	7		
"1279.407"	"1279.39994220"	"3.2475e+06"	AAA	"[23.07407479777]"	"[24.043155648442]"	"1s.3d"	"1D"	"2"	"1s.5f"	"1F*"	"3"	5	7		
"1284.947"	"1284.9458018"	"1.5176e+06"	AAA	"[23.00707314571]"	"[23.9719714182]"	"1s.3p"	"3P*"	"2"	"1s.5s"	"3S"	"1"	5	3		
"1284.947"	"1284.9494322"	"9.1057e+05"	AAA	"[23.0070758719]"	"[23.9719714182]"	"1s.3p"	"3P*"	"1"	"1s.5s"	"3S"	"1"	3	3		
""	"1284.9941277"	"3.0352e+05"	AAA	"[23.0071094335]"	"[23.9719714182]"	"1s.3p"	"3P*"	"0"	"1s.5s"	"3S"	"1"	1	3		
""	"1293.1429079"	"1.423e+00"	AA	"[23.08701852960]"	"[24.04580040653]"	"1s.3p"	"1P*"	"1"	"1s.5p"	"1P*"	"1"	3	3	E2	
"1297.200"	"1297.1977346"	"3.3615e+06"	AAA	"[23.08701852960]"	"[24.042803412125]"	"1s.3p"	"1P*"	"1"	"1s.5d"	"1D"	"2"	3	5		
""	"1297.3892519"	"3.303e+02"	AA	"[23.08701852960]"	"[24.042662321526]"	"1s.3p"	"1P*"	"1"	"1s.5d"	"3D"	"2"	3	5		
"1298.844"	"1298.8405169"	"2.7294e+05"	AAA	"[23.07365649967]"	"[24.0282324989]"	"1s.3d"	"3D"	"1"	"1s.5p"	"3P*"	"0"	3	1		
"1298.844"	"1298.8424145"	"2.0466e+05"	AAA	"[23.07365101981]"	"[24.0282256244]"	"1s.3d"	"3D"	"2"	"1s.5p"	"3P*"	"1"	5	3		
"1298.844"	"1298.8427536"	"2.2927e+05"	AAA	"[23.07365070854]"	"[24.0282250640]"	"1s.3d"	"3D"	"3"	"1s.5p"	"3P*"	"2"	7	5		
"1298.844"	"1298.8431771"	"4.0931e+04"	AAA	"[23.07365101981]"	"[24.0282250640]"	"1s.3d"	"3D"	"2"	"1s.5p"	"3P*"	"2"	5	5		
"1298.844"	"1298.8498708"	"6.8235e+04"	AAA	"[23.07365649967]"	"[24.0282256244]"	"1s.3d"	"3D"	"1"	"1s.5p"	"3P*"	"1"	3	3		
"1298.844"	"1298.8506334"	"2.7294e+03"	AAA	"[23.07365649967]"	"[24.0282250640]"	"1s.3d"	"3D"	"1"	"1s.5p"	"3P*"	"2"	3	5		
""	"1323.0058800"	"7.4166e-01"	AAA	"[23.07407479777]"	"[24.0112149898]"	"1s.3d"	"1D"	"2"	"1s.5s"	"1S"	"0"	5	1	E2	
""	"1341.5350932"	"2.0572e+06"	AAA	"[23.08701852960]"	"[24.0112149898]"	"1s.3p"	"1P*"	"1"	"1s.5s"	"1S"	"0"	3	1		
""	"1449.227743"	"3.4680e+04"	AAA	"[23.593958713]"	"[24.44947779185]"	"1s.4s"	"3S"	"1"	"1s.10p"	"3P*"	"0"	3	1		
""	"1449.229153"	"3.4680e+04"	AAA	"[23.593958713]"	"[24.44947695951]"	"1s.4s"	"3S"	"1"	"1s.10p"	"3P*"	"1"	3	3		
""	"1449.229268"	"3.4680e+04"	AAA	"[23.593958713]"	"[24.44947689179]"	"1s.4s"	"3S"	"1"	"1s.10p"	"3P*"	"2"	3	5		
""	"1506.653045"	"4.6126e+04"	AAA	"[23.593958713]"	"[24.41687012452]"	"1s.4s"	"3S"	"1"	"1s.9p"	"3P*"	"0"	3	1		
""	"1506.655142"	"4.6126e+04"	AAA	"[23.593958713]"	"[24.41686897915]"	"1s.4s"	"3S"	"1"	"1s.9p"	"3P*"	"1"	3	3		
""	"1506.655313"	"4.6126e+04"	AAA	"[23.593958713]"	"[24.41686888593]"	"1s.4s"	"3S"	"1"	"1s.9p"	"3P*"	"2"	3	5		
"1508.776"	"1508.777482"	"1.4057e+06"	AAA	"[22.920317359]"	"[23.74207006880]"	"1s.3s"	"1S"	"0"	"1s.4p"	"1P*"	"1"	1	3		
""	"1519.381283"	"5.6132e+00"	AAA	"[22.920317359]"	"[23.73633503536]"	"1s.3s"	"1S"	"0"	"1s.4d"	"1D"	"2"	1	5	E2	
""	"1593.406304"	"5.7048e+04"	AAA	"[23.673570590]"	"[24.451678459372]"	"1s.4s"	"1S"	"0"	"1s.10p"	"1P*"	"1"	1	3		
""	"1595.249260"	"6.2580e+04"	AAA	"[23.593958713]"	"[24.37116765163]"	"1s.4s"	"3S"	"1"	"1s.8p"	"3P*"	"0"	3	1		
""	"1595.252621"	"6.2580e+04"	AAA	"[23.593958713]"	"[24.37116601407]"	"1s.4s"	"3S"	"1"	"1s.8p"	"3P*"	"1"	3	3		
""	"1595.252894"	"6.2580e+04"	AAA	"[23.593958713]"	"[24.37116588077]"	"1s.4s"	"3S"	"1"	"1s.8p"	"3P*"	"2"	3	5		
""	"1661.276803"	"7.6907e+04"	AAA	"[23.673570590]"	"[24.419889314325]"	"1s.4s"	"1S"	"0"	"1s.9p"	"1P*"	"1"	1	3		
""	"1667.8380014"	"4.9936e+03"	AAA	"[23.7078912279]"	"[24.451273968544]"	"1s.4p"	"3P*"	"2"	"1s.10d"	"3D"	"1"	5	3		
""	"1667.8383292"	"4.4939e+04"	AAA	"[23.7078912279]"	"[24.451273822448]"	"1s.4p"	"3P*"	"2"	"1s.10d"	"3D"	"2"	5	5		
""	"1667.8383525"	"1.7977e+05"	AAA	"[23.7078912279]"	"[24.451273812052]"	"1s.4p"	"3P*"	"2"	"1s.10d"	"3D"	"3"	5	7		
""	"1667.8405038"	"7.4904e+04"	AAA	"[23.7078923433]"	"[24.451273968544]"	"1s.4p"	"3P*"	"1"	"1s.10d"	"3D"	"1"	3	3		
""	"1667.8408316"	"1.3482e+05"	AAA	"[23.7078923433]"	"[24.451273822448]"	"1s.4p"	"3P*"	"1"	"1s.10d"	"3D"	"2"	3	5		
""	"1667.8711938"	"9.9872e+04"	AAA	"[23.7079060221]"	"[24.451273968544]"	"1s.4p"	"3P*"	"0"	"1s.10d"	"3D"	"1"	1	3		
""	"1686.8548639"	"9.3727e+04"	AAA	"[23.7078912279]"	"[24.44289339729]"	"1s.4p"	"3P*"	"2"	"1s.10s"	"3S"	"1"	5	3		
""	"1686.8574237"	"5.6236e+04"	AAA	"[23.7078923433]"	"[24.44289339729]"	"1s.4p"	"3P*"	"1"	"1s.10s"	"3S"	"1"	3	3		
""	"1686.8888175"	"1.8745e+04"	AAA	"[23.7079060221]"	"[24.44289339729]"	"1s.4p"	"3P*"	"0"	"1s.10s"	"3S"	"1"	1	3		
""	"1700.1326984"	"2.148e+02"	AA	"[23.00707314571]"	"[23.73633503536]"	"1s.3p"	"3P*"	"2"	"1s.4d"	"1D"	"2"	5	5		
""	"1700.1390540"	"6.038e+02"	AA	"[23.0070758719]"	"[23.73633503536]"	"1s.3p"	"3P*"	"1"	"1s.4d"	"1D"	"2"	3	5		
"1700.711"	"1700.6979956"	"1.8358e+05"	AAA	"[23.00707314571]"	"[23.73609263507]"	"1s.3p"	"3P*"	"2"	"1s.4d"	"3D"	"1"	5	3		
"1700.711"	"1700.7033521"	"1.6520e+06"	AAA	"[23.00707314571]"	"[23.73609033897]"	"1s.3p"	"3P*"	"2"	"1s.4d"	"3D"	"2"	5	5		
"1700.711"	"1700.7036994"	"6.6090e+06"	AAA	"[23.00707314571]"	"[23.73609019010]"	"1s.3p"	"3P*"	"2"	"1s.4d"	"3D"	"3"	5	7		
"1700.711"	"1700.7043555"	"2.7538e+06"	AAA	"[23.0070758719]"	"[23.73609263507]"	"1s.3p"	"3P*"	"1"	"1s.4d"	"3D"	"1"	3	3		
"1700.711"	"1700.7097120"	"4.9562e+06"	AAA	"[23.0070758719]"	"[23.73609033897]"	"1s.3p"	"3P*"	"1"	"1s.4d"	"3D"	"2"	3	5		
""	"1700.7826541"	"3.6717e+06"	AAA	"[23.0071094335]"	"[23.73609263507]"	"1s.3p"	"3P*"	"0"	"1s.4d"	"3D"	"1"	1	3		
""	"1733.21224844"	"1.4055e+04"	AAA	"[23.73633503536]"	"[24.451678459372]"	"1s.4d"	"1D"	"2"	"1s.10p"	"1P*"	"1"	5	3		
""	"1733.44088757"	"5.427e+03"	AA	"[23.73609019010]"	"[24.4513392610240]"	"1s.4d"	"3D"	"3"	"1s.10f"	"1F*"	"3"	7	7		
""	"1733.44115789"	"9.8084e+02"	AAA	"[23.73609019010]"	"[24.4513391494830]"	"1s.4d"	"3D"	"3"	"1s.10f"	"3F*"	"2"	7	5		
""	"1733.44124835"	"4.147e+04"	AA	"[23.73609033897]"	"[24.4513392610240]"	"1s.4d"	"3D"	"2"	"1s.10f"	"1F*"	"3"	5	7		
""	"1733.44132342"	"2.2069e+05"	AAA	"[23.73609019010]"	"[24.4513390811842]"	"1s.4d"	"3D"	"3"	"1s.10f"	"3F*"	"4"	7	9		
""	"1733.44141177"	"1.9094e+04"	AAA	"[23.73609019010]"	"[24.4513390447263]"	"1s.4d"	"3D"	"3"	"1s.10f"	"3F*"	"3"	7	7		
""	"1733.44151868"	"3.4325e+04"	AAA	"[23.73609033897]"	"[24.4513391494830]"	"1s.4d"	"3D"	"2"	"1s.10f"	"3F*"	"2"	5	5		
""	"1733.44177256"	"1.5470e+05"	AAA	"[23.73609033897]"	"[24.4513390447263]"	"1s.4d"	"3D"	"2"	"1s.10f"	"3F*"	"3"	5	7		
""	"1733.44708342"	"1.8538e+05"	AAA	"[23.73609263507]"	"[24.4513391494830]"	"1s.4d"	"3D"	"1"	"1s.10f"	"3F*"	"2"	3	5		
""	"1734.03448516"	"1.7347e+05"	AAA	"[23.73633503536]"	"[24.4513392610240]"	"1s.4d"	"1D"	"2"	"1s.10f"	"1F*"	"3"	5	7		
""	"1734.03500973"	"4.680e+04"	AA	"[23.73633503536]"	"[24.4513390447263]"	"1s.4d"	"1D"	"2"	"1s.10f"	"3F*"	"3"	5	7		
""	"1735.644932308"	"1.508e+03"	AA	"[23.737006806968]"	"[24.45134760401285]"	"1s.4f"	"3F*"	"3"	"1s.10g"	"1G"	"4"	7	9		
""	"1735.644996465"	"7.9008e+03"	AAA	"[23.737006806968]"	"[24.45134757760769]"	"1s.4f"	"3F*"	"3"	"1s.10g"	"3G"	"3"	7	7		
""	"1735.645195325"	"1.4717e+05"	AAA	"[23.737006806968]"	"[24.45134749576287]"	"1s.4f"	"3F*"	"3"	"1s.10g"	"3G"	"4"	7	9		
""	"1735.647083133"	"4.642e+03"	AA	"[23.737007692183]"	"[24.45134760401285]"	"1s.4f"	"3F*"	"4"	"1s.10g"	"1G"	"4"	9	9		
""	"1735.647147290"	"1.9748e+02"	AAA	"[23.737007692183]"	"[24.45134757760769]"	"1s.4f"	"3F*"	"4"	"1s.10g"	"3G"	"3"	9	7		
""	"1735.647242115"	"1.5482e+05"	AAA	"[23.737007692183]"	"[24.45134753858031]"	"1s.4f"	"3F*"	"4"	"1s.10g"	"3G"	"5"	9	11		
""	"1735.647346150"	"5.0342e+03"	AAA	"[23.737007692183]"	"[24.45134749576287]"	"1s.4f"	"3F*"	"4"	"1s.10g"	"3G"	"4"	9	9		
""	"1735.649743553"	"1.4218e+05"	AAA	"[23.737008760725]"	"[24.45134757760769]"	"1s.4f"	"3F*"	"2"	"1s.10g"	"3G"	"3"	5	7		
""	"1735.652015257"	"1.4867e+05"	AAA	"[23.737009722091]"	"[24.45134760401285]"	"1s.4f"	"1F*"	"3"	"1s.10g"	"1G"	"4"	7	9		
""	"1735.652079415"	"4.540e+03"	AA	"[23.737009722091]"	"[24.45134757760769]"	"1s.4f"	"1F*"	"3"	"1s.10g"	"3G"	"3"	7	7		
""	"1735.652278276"	"2.619e+03"	AA	"[23.737009722091]"	"[24.45134749576287]"	"1s.4f"	"1F*"	"3"	"1s.10g"	"3G"	"4"	7	9		
""	"1735.774930746"	"1.098e+03"	AA	"[23.737006806968]"	"[24.4512941044573]"	"1s.4f"	"3F*"	"3"	"1s.10d"	"1D"	"2"	7	5		
""	"1735.782014755"	"1.9786e+03"	AAA	"[23.737009722091]"	"[24.4512941044573]"	"1s.4f"	"1F*"	"3"	"1s.10d"	"1D"	"2"	7	5		
""	"1735.824219041"	"1.7780e+03"	AAA	"[23.737006806968]"	"[24.451273822448]"	"1s.4f"	"3F*"	"3"	"1s.10d"	"3D"	"2"	7	5		
""	"1735.824244306"	"1.5656e+02"	AAA	"[23.737006806968]"	"[24.451273812052]"	"1s.4f"	"3F*"	"3"	"1s.10d"	"3D"	"3"	7	7		
""	"1735.826395575"	"2.8526e+03"	AAA	"[23.737007692183]"	"[24.451273812052]"	"1s.4f"	"3F*"	"4"	"1s.10d"	"3D"	"3"	9	7		
""	"1735.828612063"	"3.1062e+03"	AAA	"[23.737008760725]"	"[24.451273968544]"	"1s.4f"	"3F*"	"2"	"1s.10d"	"3D"	"1"	5	3		
""	"1735.828967109"	"3.4510e+02"	AAA	"[23.737008760725]"	"[24.451273822448]"	"1s.4f"	"3F*"	"2"	"1s.10d"	"3D"	"2"	5	5		
""	"1735.831303453"	"9.830e+02"	AA	"[23.737009722091]"	"[24.451273822448]"	"1s.4f"	"1F*"	"3"	"1s.10d"	"3D"	"2"	7	5		
""	"1735.831328718"	"8.997e+01"	AA	"[23.737009722091]"	"[24.451273812052]"	"1s.4f"	"1F*"	"3"	"1s.10d"	"3D"	"3"	7	7		
""	"1737.96621298"	"2.2968e+04"	AAA	"[23.73609019010]"	"[24.44947689179]"	"1s.4d"	"3D"	"3"	"1s.10p"	"3P*"	"2"	7	5		
""	"1737.96641068"	"2.0504e+04"	AAA	"[23.73609033897]"	"[24.44947695951]"	"1s.4d"	"3D"	"2"	"1s.10p"	"3P*"	"1"	5	3		
""	"1737.96657566"	"4.1008e+03"	AAA	"[23.73609033897]"	"[24.44947689179]"	"1s.4d"	"3D"	"2"	"1s.10p"	"3P*"	"2"	5	5		
""	"1737.96997673"	"2.7342e+04"	AAA	"[23.73609263507]"	"[24.44947779185]"	"1s.4d"	"3D"	"1"	"1s.10p"	"3P*"	"0"	3	1		
""	"1737.97200451"	"6.8356e+03"	AAA	"[23.73609263507]"	"[24.44947695951]"	"1s.4d"	"3D"	"1"	"1s.10p"	"3P*"	"1"	3	3		
""	"1737.97216948"	"2.7342e+02"	AAA	"[23.73609263507]"	"[24.44947689179]"	"1s.4d"	"3D"	"1"	"1s.10p"	"3P*"	"2"	3	5		
""	"1742.7106318"	"6.8497e+03"	AAA	"[23.7078912279]"	"[24.419335779720]"	"1s.4p"	"3P*"	"2"	"1s.9d"	"3D"	"1"	5	3		
""	"1742.7111229"	"6.1643e+04"	AAA	"[23.7078912279]"	"[24.419335579246]"	"1s.4p"	"3P*"	"2"	"1s.9d"	"3D"	"2"	5	5		
""	"1742.7111577"	"2.4659e+05"	AAA	"[23.7078912279]"	"[24.419335565023]"	"1s.4p"	"3P*"	"2"	"1s.9d"	"3D"	"3"	5	7		
""	"1742.7133640"	"1.0275e+05"	AAA	"[23.7078923433]"	"[24.419335779720]"	"1s.4p"	"3P*"	"1"	"1s.9d"	"3D"	"1"	3	3		
""	"1742.7138551"	"1.8493e+05"	AAA	"[23.7078923433]"	"[24.419335579246]"	"1s.4p"	"3P*"	"1"	"1s.9d"	"3D"	"2"	3	5		
""	"1742.7468713"	"1.3699e+05"	AAA	"[23.7079060221]"	"[24.419335779720]"	"1s.4p"	"3P*"	"0"	"1s.9d"	"3D"	"1"	1	3		
""	"1745.437321"	"8.5957e+04"	AAA	"[23.593958713]"	"[24.30429185947]"	"1s.4s"	"3S"	"1"	"1s.7p"	"3P*"	"0"	3	1		
""	"1745.443360"	"8.5957e+04"	AAA	"[23.593958713]"	"[24.30428940164]"	"1s.4s"	"3S"	"1"	"1s.7p"	"3P*"	"1"	3	3		
""	"1745.443852"	"8.5957e+04"	AAA	"[23.593958713]"	"[24.30428920147]"	"1s.4s"	"3S"	"1"	"1s.7p"	"3P*"	"2"	3	5		
""	"1748.1669007"	"1.7528e+04"	AAA	"[23.74207006880]"	"[24.4512941044573]"	"1s.4p"	"1P*"	"1"	"1s.10d"	"1D"	"2"	3	5		
""	"1757.6689090"	"1.3922e+05"	AAA	"[23.74207006880]"	"[24.44746001910]"	"1s.4p"	"1P*"	"1"	"1s.10s"	"1S"	"0"	3	1		
""	"1766.418095"	"1.0661e+05"	AAA	"[23.673570590]"	"[24.375466697350]"	"1s.4s"	"1S"	"0"	"1s.8p"	"1P*"	"1"	1	3		
""	"1771.4960143"	"1.3193e+05"	AAA	"[23.7078912279]"	"[24.40777537914]"	"1s.4p"	"3P*"	"2"	"1s.9s"	"3S"	"1"	5	3		
""	"1771.4988375"	"7.9160e+04"	AAA	"[23.7078923433]"	"[24.40777537914]"	"1s.4p"	"3P*"	"1"	"1s.9s"	"3S"	"1"	3	3		
""	"1771.5334609"	"2.6387e+04"	AAA	"[23.7079060221]"	"[24.40777537914]"	"1s.4p"	"3P*"	"0"	"1s.9s"	"3S"	"1"	1	3		
""	"1813.81643344"	"1.9866e+04"	AAA	"[23.73633503536]"	"[24.419889314325]"	"1s.4d"	"1D"	"2"	"1s.9p"	"1P*"	"1"	5	3		
""	"1814.39914175"	"7.884e+03"	AA	"[23.73609019010]"	"[24.4194249403235]"	"1s.4d"	"3D"	"3"	"1s.9f"	"1F*"	"3"	7	7		
""	"1814.39953703"	"6.028e+04"	AA	"[23.73609033897]"	"[24.4194249403235]"	"1s.4d"	"3D"	"2"	"1s.9f"	"1F*"	"3"	5	7		
""	"1814.39953758"	"1.3874e+03"	AAA	"[23.73609019010]"	"[24.4194247912483]"	"1s.4d"	"3D"	"3"	"1s.9f"	"3F*"	"2"	7	5		
""	"1814.39978635"	"3.1216e+05"	AAA	"[23.73609019010]"	"[24.4194246975540]"	"1s.4d"	"3D"	"3"	"1s.9f"	"3F*"	"4"	7	9		
""	"1814.39992216"	"2.6801e+04"	AAA	"[23.73609019010]"	"[24.4194246464065]"	"1s.4d"	"3D"	"3"	"1s.9f"	"3F*"	"3"	7	7		
""	"1814.39993285"	"4.8552e+04"	AAA	"[23.73609033897]"	"[24.4194247912483]"	"1s.4d"	"3D"	"2"	"1s.9f"	"3F*"	"2"	5	5		
""	"1814.40031744"	"2.1720e+05"	AAA	"[23.73609033897]"	"[24.4194246464065]"	"1s.4d"	"3D"	"2"	"1s.9f"	"3F*"	"3"	5	7		
""	"1814.40602952"	"2.6221e+05"	AAA	"[23.73609263507]"	"[24.4194247912483]"	"1s.4d"	"3D"	"1"	"1s.9f"	"3F*"	"2"	3	5		
""	"1815.04949104"	"2.4356e+05"	AAA	"[23.73633503536]"	"[24.4194249403235]"	"1s.4d"	"1D"	"2"	"1s.9f"	"1F*"	"3"	5	7		
""	"1815.05027201"	"6.804e+04"	AA	"[23.73633503536]"	"[24.4194246464065]"	"1s.4d"	"1D"	"2"	"1s.9f"	"3F*"	"3"	5	7		
""	"1816.805963581"	"2.239e+03"	AA	"[23.737006806968]"	"[24.41943630642235]"	"1s.4f"	"3F*"	"3"	"1s.9g"	"1G"	"4"	7	9		
""	"1816.806059960"	"1.1702e+04"	AAA	"[23.737006806968]"	"[24.4194362702203]"	"1s.4f"	"3F*"	"3"	"1s.9g"	"3G"	"3"	7	7		
""	"1816.806358901"	"2.1797e+05"	AAA	"[23.737006806968]"	"[24.4194361579319]"	"1s.4f"	"3F*"	"3"	"1s.9g"	"3G"	"4"	7	9		
""	"1816.808320259"	"6.877e+03"	AA	"[23.737007692183]"	"[24.41943630642235]"	"1s.4f"	"3F*"	"4"	"1s.9g"	"1G"	"4"	9	9		
""	"1816.808416638"	"2.9248e+02"	AAA	"[23.737007692183]"	"[24.4194362702203]"	"1s.4f"	"3F*"	"4"	"1s.9g"	"3G"	"3"	9	7		
""	"1816.808559168"	"2.2931e+05"	AAA	"[23.737007692183]"	"[24.41943621668346]"	"1s.4f"	"3F*"	"4"	"1s.9g"	"3G"	"5"	9	11		
""	"1816.808715580"	"7.4545e+03"	AAA	"[23.737007692183]"	"[24.4194361579319]"	"1s.4f"	"3F*"	"4"	"1s.9g"	"3G"	"4"	9	9		
""	"1816.811261389"	"2.1059e+05"	AAA	"[23.737008760725]"	"[24.4194362702203]"	"1s.4f"	"3F*"	"2"	"1s.9g"	"3G"	"3"	5	7		
""	"1816.813724434"	"2.2019e+05"	AAA	"[23.737009722091]"	"[24.41943630642235]"	"1s.4f"	"1F*"	"3"	"1s.9g"	"1G"	"4"	7	9		
""	"1816.813820815"	"6.725e+03"	AA	"[23.737009722091]"	"[24.4194362702203]"	"1s.4f"	"1F*"	"3"	"1s.9g"	"3G"	"3"	7	7		
""	"1816.814119758"	"3.886e+03"	AA	"[23.737009722091]"	"[24.4194361579319]"	"1s.4f"	"1F*"	"3"	"1s.9g"	"3G"	"4"	7	9		
""	"1817.000833135"	"1.590e+03"	AA	"[23.737006806968]"	"[24.419363117280]"	"1s.4f"	"3F*"	"3"	"1s.9d"	"1D"	"2"	7	5		
""	"1817.008595654"	"2.8661e+03"	AAA	"[23.737009722091]"	"[24.419363117280]"	"1s.4f"	"1F*"	"3"	"1s.9d"	"1D"	"2"	7	5		
""	"1817.074165277"	"2.5752e+03"	AAA	"[23.737006806968]"	"[24.419335579246]"	"1s.4f"	"3F*"	"3"	"1s.9d"	"3D"	"2"	7	5		
""	"1817.074203153"	"2.2671e+02"	AAA	"[23.737006806968]"	"[24.419335565023]"	"1s.4f"	"3F*"	"3"	"1s.9d"	"3D"	"3"	7	7		
""	"1817.076560527"	"4.1309e+03"	AAA	"[23.737007692183]"	"[24.419335565023]"	"1s.4f"	"3F*"	"4"	"1s.9d"	"3D"	"3"	9	7		
""	"1817.078834367"	"4.4981e+03"	AAA	"[23.737008760725]"	"[24.419335779720]"	"1s.4f"	"3F*"	"2"	"1s.9d"	"3D"	"1"	5	3		
""	"1817.079368241"	"4.9975e+02"	AAA	"[23.737008760725]"	"[24.419335579246]"	"1s.4f"	"3F*"	"2"	"1s.9d"	"3D"	"2"	5	5		
""	"1817.081928422"	"1.423e+03"	AA	"[23.737009722091]"	"[24.419335579246]"	"1s.4f"	"1F*"	"3"	"1s.9d"	"3D"	"2"	7	5		
""	"1817.081966299"	"1.303e+02"	AA	"[23.737009722091]"	"[24.419335565023]"	"1s.4f"	"1F*"	"3"	"1s.9d"	"3D"	"3"	7	7		
""	"1821.21149196"	"3.2453e+04"	AAA	"[23.73609019010]"	"[24.41686888593]"	"1s.4d"	"3D"	"3"	"1s.9p"	"3P*"	"2"	7	5		
""	"1821.21164084"	"2.8972e+04"	AAA	"[23.73609033897]"	"[24.41686897915]"	"1s.4d"	"3D"	"2"	"1s.9p"	"3P*"	"1"	5	3		
""	"1821.21189021"	"5.7943e+03"	AAA	"[23.73609033897]"	"[24.41686888593]"	"1s.4d"	"3D"	"2"	"1s.9p"	"3P*"	"2"	5	5		
""	"1821.21471926"	"3.8634e+04"	AAA	"[23.73609263507]"	"[24.41687012452]"	"1s.4d"	"3D"	"1"	"1s.9p"	"3P*"	"0"	3	1		
""	"1821.21778337"	"9.6585e+03"	AAA	"[23.73609263507]"	"[24.41686897915]"	"1s.4d"	"3D"	"1"	"1s.9p"	"3P*"	"1"	3	3		
""	"1821.21803274"	"3.8634e+02"	AAA	"[23.73609263507]"	"[24.41686888593]"	"1s.4d"	"3D"	"1"	"1s.9p"	"3P*"	"2"	3	5		
""	"1830.5842458"	"2.4289e+05"	AAA	"[23.74207006880]"	"[24.419363117280]"	"1s.4p"	"1P*"	"1"	"1s.9d"	"1D"	"2"	3	5		
""	"1844.9535106"	"1.9477e+05"	AAA	"[23.74207006880]"	"[24.41408807749]"	"1s.4p"	"1P*"	"1"	"1s.9s"	"1S"	"0"	3	1		
""	"1856.0640144"	"2.9630e+05"	AAA	"[23.07407479777]"	"[23.74207006880]"	"1s.3d"	"1D"	"2"	"1s.4p"	"1P*"	"1"	5	3		
""	"1859.4191017"	"9.7398e+03"	AAA	"[23.7078912279]"	"[24.374681185743]"	"1s.4p"	"3P*"	"2"	"1s.8d"	"3D"	"1"	5	3		
""	"1859.4198979"	"8.7651e+04"	AAA	"[23.7078912279]"	"[24.374680900214]"	"1s.4p"	"3P*"	"2"	"1s.8d"	"3D"	"2"	5	5		
""	"1859.4199541"	"3.5063e+05"	AAA	"[23.7078912279]"	"[24.374680880069]"	"1s.4p"	"3P*"	"2"	"1s.8d"	"3D"	"3"	5	7		
""	"1859.4222121"	"1.4610e+05"	AAA	"[23.7078923433]"	"[24.374681185743]"	"1s.4p"	"3P*"	"1"	"1s.8d"	"3D"	"1"	3	3		
""	"1859.4230083"	"2.6296e+05"	AAA	"[23.7078923433]"	"[24.374680900214]"	"1s.4p"	"3P*"	"1"	"1s.8d"	"3D"	"2"	3	5		
""	"1859.4603576"	"1.9480e+05"	AAA	"[23.7079060221]"	"[24.374681185743]"	"1s.4p"	"3P*"	"0"	"1s.8d"	"3D"	"1"	1	3		
""	"1869.03616142"	"5.611e+05"	AA	"[23.07365070854]"	"[23.737009722091]"	"1s.3d"	"3D"	"3"	"1s.4f"	"1F*"	"3"	7	7		
""	"1869.03703843"	"4.294e+06"	AA	"[23.07365101981]"	"[23.737009722091]"	"1s.3d"	"3D"	"2"	"1s.4f"	"1F*"	"3"	5	7		
"1869.044"	"1869.03887010"	"6.1502e+04"	AAA	"[23.07365070854]"	"[23.737008760725]"	"1s.3d"	"3D"	"3"	"1s.4f"	"3F*"	"2"	7	5		
"1869.044"	"1869.03974712"	"2.1521e+06"	AAA	"[23.07365101981]"	"[23.737008760725]"	"1s.3d"	"3D"	"2"	"1s.4f"	"3F*"	"2"	5	5		
"1869.044"	"1869.04188077"	"1.3838e+07"	AAA	"[23.07365070854]"	"[23.737007692183]"	"1s.3d"	"3D"	"3"	"1s.4f"	"3F*"	"4"	7	9		
"1869.044"	"1869.04437491"	"9.7644e+05"	AAA	"[23.07365070854]"	"[23.737006806968]"	"1s.3d"	"3D"	"3"	"1s.4f"	"3F*"	"3"	7	7		
"1869.044"	"1869.04525193"	"8.0071e+06"	AAA	"[23.07365101981]"	"[23.737006806968]"	"1s.3d"	"3D"	"2"	"1s.4f"	"3F*"	"3"	5	7		
""	"1869.05518700"	"1.1624e+07"	AAA	"[23.07365649967]"	"[23.737008760725]"	"1s.3d"	"3D"	"1"	"1s.4f"	"3F*"	"2"	3	5		
"1870.234"	"1870.23181137"	"8.9780e+06"	AAA	"[23.07407479777]"	"[23.737009722091]"	"1s.3d"	"1D"	"2"	"1s.4f"	"1F*"	"3"	5	7		
""	"1870.23452352"	"5.235e+02"	AA	"[23.07407479777]"	"[23.737008760725]"	"1s.3d"	"1D"	"2"	"1s.4f"	"3F*"	"2"	5	5		
""	"1870.24003537"	"4.852e+06"	AA	"[23.07407479777]"	"[23.737006806968]"	"1s.3d"	"1D"	"2"	"1s.4f"	"3F*"	"3"	5	7		
""	"1892.739594"	"2.5290e+00"	AAA	"[23.08701852960]"	"[23.74207006880]"	"1s.3p"	"1P*"	"1"	"1s.4p"	"1P*"	"1"	3	3	E2	
""	"1906.824601"	"1.9474e+05"	AAA	"[23.7078912279]"	"[24.3581041440]"	"1s.4p"	"3P*"	"2"	"1s.8s"	"3S"	"1"	5	3		
""	"1906.827872"	"1.1684e+05"	AAA	"[23.7078923433]"	"[24.3581041440]"	"1s.4p"	"3P*"	"1"	"1s.8s"	"3S"	"1"	3	3		
""	"1906.867987"	"3.8948e+04"	AAA	"[23.7079060221]"	"[24.3581041440]"	"1s.4p"	"3P*"	"0"	"1s.8s"	"3S"	"1"	1	3		
"1909.459"	"1909.457057"	"7.1159e+06"	AAA	"[23.08701852960]"	"[23.73633503536]"	"1s.3p"	"1P*"	"1"	"1s.4d"	"1D"	"2"	3	5		
""	"1910.176912"	"8.944e+02"	AA	"[23.08701852960]"	"[23.73609033897]"	"1s.3p"	"1P*"	"1"	"1s.4d"	"3D"	"2"	3	5		
""	"1939.8850942"	"2.9506e+04"	AAA	"[23.73633503536]"	"[24.375466697350]"	"1s.4d"	"1D"	"2"	"1s.8p"	"1P*"	"1"	5	3		
""	"1941.14406272"	"1.216e+04"	AA	"[23.73609019010]"	"[24.3748073302369]"	"1s.4d"	"3D"	"3"	"1s.8f"	"1F*"	"3"	7	7		
""	"1941.14451515"	"9.307e+04"	AA	"[23.73609033897]"	"[24.3748073302369]"	"1s.4d"	"3D"	"2"	"1s.8f"	"1F*"	"3"	5	7		
""	"1941.14468464"	"2.0626e+03"	AAA	"[23.73609019010]"	"[24.3748071255995]"	"1s.4d"	"3D"	"3"	"1s.8f"	"3F*"	"2"	7	5		
""	"1941.14509011"	"4.6409e+05"	AAA	"[23.73609019010]"	"[24.3748069921824]"	"1s.4d"	"3D"	"3"	"1s.8f"	"3F*"	"4"	7	9		
""	"1941.14513707"	"7.2183e+04"	AAA	"[23.73609033897]"	"[24.3748071255995]"	"1s.4d"	"3D"	"2"	"1s.8f"	"3F*"	"2"	5	5		
""	"1941.14531841"	"3.9407e+04"	AAA	"[23.73609019010]"	"[24.3748069170618]"	"1s.4d"	"3D"	"3"	"1s.8f"	"3F*"	"3"	7	7		
""	"1941.14577084"	"3.1946e+05"	AAA	"[23.73609033897]"	"[24.3748069170618]"	"1s.4d"	"3D"	"2"	"1s.8f"	"3F*"	"3"	5	7		
""	"1941.15211525"	"3.8984e+05"	AAA	"[23.73609263507]"	"[24.3748071255995]"	"1s.4d"	"3D"	"1"	"1s.8f"	"3F*"	"2"	3	5		
""	"1941.88846452"	"3.5829e+05"	AAA	"[23.73633503536]"	"[24.3748073302369]"	"1s.4d"	"1D"	"2"	"1s.8f"	"1F*"	"3"	5	7		
""	"1941.88972118"	"1.051e+05"	AA	"[23.73633503536]"	"[24.3748069170618]"	"1s.4d"	"1D"	"2"	"1s.8f"	"3F*"	"3"	5	7		
""	"1943.88493552"	"3.575e+03"	AA	"[23.737006806968]"	"[24.3748233575671]"	"1s.4f"	"3F*"	"3"	"1s.8g"	"1G"	"4"	7	9		
""	"1943.88509250"	"1.8624e+04"	AAA	"[23.737006806968]"	"[24.3748233060576]"	"1s.4f"	"3F*"	"3"	"1s.8g"	"3G"	"3"	7	7		
""	"1943.88557988"	"3.4688e+05"	AAA	"[23.737006806968]"	"[24.3748231461435]"	"1s.4f"	"3F*"	"3"	"1s.8g"	"3G"	"4"	7	9		
""	"1943.88763341"	"1.095e+04"	AA	"[23.737007692183]"	"[24.3748233575671]"	"1s.4f"	"3F*"	"4"	"1s.8g"	"1G"	"4"	9	9		
""	"1943.88779039"	"4.6549e+02"	AAA	"[23.737007692183]"	"[24.3748233060576]"	"1s.4f"	"3F*"	"4"	"1s.8g"	"3G"	"3"	9	7		
""	"1943.88802272"	"3.6494e+05"	AAA	"[23.737007692183]"	"[24.3748232298280]"	"1s.4f"	"3F*"	"4"	"1s.8g"	"3G"	"5"	9	11		
""	"1943.88827777"	"1.1860e+04"	AAA	"[23.737007692183]"	"[24.3748231461435]"	"1s.4f"	"3F*"	"4"	"1s.8g"	"3G"	"4"	9	9		
""	"1943.89104702"	"3.3515e+05"	AAA	"[23.737008760725]"	"[24.3748233060576]"	"1s.4f"	"3F*"	"2"	"1s.8g"	"3G"	"3"	5	7		
""	"1943.89382003"	"3.5042e+05"	AAA	"[23.737009722091]"	"[24.3748233575671]"	"1s.4f"	"1F*"	"3"	"1s.8g"	"1G"	"4"	7	9		
""	"1943.89397702"	"1.070e+04"	AA	"[23.737009722091]"	"[24.3748233060576]"	"1s.4f"	"1F*"	"3"	"1s.8g"	"3G"	"3"	7	7		
""	"1943.89446439"	"6.200e+03"	AA	"[23.737009722091]"	"[24.3748231461435]"	"1s.4f"	"1F*"	"3"	"1s.8g"	"3G"	"4"	7	9		
""	"1944.20137993"	"2.445e+03"	AA	"[23.737006806968]"	"[24.374719544511]"	"1s.4f"	"3F*"	"3"	"1s.8d"	"1D"	"2"	7	5		
""	"1944.21026734"	"4.4094e+03"	AAA	"[23.737009722091]"	"[24.374719544511]"	"1s.4f"	"1F*"	"3"	"1s.8d"	"1D"	"2"	7	5		
""	"1944.31920234"	"3.9611e+03"	AAA	"[23.737006806968]"	"[24.374680900214]"	"1s.4f"	"3F*"	"3"	"1s.8d"	"3D"	"2"	7	5		
""	"1944.31926376"	"3.4865e+02"	AAA	"[23.737006806968]"	"[24.374680880069]"	"1s.4f"	"3F*"	"3"	"1s.8d"	"3D"	"3"	7	7		
""	"1944.32196286"	"6.3528e+03"	AAA	"[23.737007692183]"	"[24.374680880069]"	"1s.4f"	"3F*"	"4"	"1s.8d"	"3D"	"3"	9	7		
""	"1944.32428891"	"6.9175e+03"	AAA	"[23.737008760725]"	"[24.374681185743]"	"1s.4f"	"3F*"	"2"	"1s.8d"	"3D"	"1"	5	3		
""	"1944.32515952"	"7.6855e+02"	AAA	"[23.737008760725]"	"[24.374680900214]"	"1s.4f"	"3F*"	"2"	"1s.8d"	"3D"	"2"	5	5		
""	"1944.32809082"	"2.188e+03"	AA	"[23.737009722091]"	"[24.374680900214]"	"1s.4f"	"1F*"	"3"	"1s.8d"	"3D"	"2"	7	5		
""	"1944.32815225"	"2.004e+02"	AA	"[23.737009722091]"	"[24.374680880069]"	"1s.4f"	"1F*"	"3"	"1s.8d"	"3D"	"3"	7	7		
""	"1945.956425"	"1.5207e+05"	AAA	"[23.673570590]"	"[24.31070817873]"	"1s.4s"	"1S"	"0"	"1s.7p"	"1P*"	"1"	1	3		
""	"1952.2743549"	"4.8183e+04"	AAA	"[23.73609019010]"	"[24.37116588077]"	"1s.4d"	"3D"	"3"	"1s.8p"	"3P*"	"2"	7	5		
""	"1952.2744028"	"4.3015e+04"	AAA	"[23.73609033897]"	"[24.37116601407]"	"1s.4d"	"3D"	"2"	"1s.8p"	"3P*"	"1"	5	3		
""	"1952.2748126"	"8.6030e+03"	AAA	"[23.73609033897]"	"[24.37116588077]"	"1s.4d"	"3D"	"2"	"1s.8p"	"3P*"	"2"	5	5		
""	"1952.2764272"	"5.7360e+04"	AAA	"[23.73609263507]"	"[24.37116765163]"	"1s.4d"	"3D"	"1"	"1s.8p"	"3P*"	"0"	3	1		
""	"1952.2814612"	"1.4340e+04"	AAA	"[23.73609263507]"	"[24.37116601407]"	"1s.4d"	"3D"	"1"	"1s.8p"	"3P*"	"1"	3	3		
""	"1952.2818710"	"5.7360e+02"	AAA	"[23.73609263507]"	"[24.37116588077]"	"1s.4d"	"3D"	"1"	"1s.8p"	"3P*"	"2"	3	5		
""	"1954.817372"	"6.4534e+05"	AAA	"[23.07365649967]"	"[23.7079060221]"	"1s.3d"	"3D"	"1"	"1s.4p"	"3P*"	"0"	3	1		
"1954.842"	"1954.842642"	"4.8389e+05"	AAA	"[23.07365101981]"	"[23.7078923433]"	"1s.3d"	"3D"	"2"	"1s.4p"	"3P*"	"1"	5	3		
""	"1954.845120"	"5.4209e+05"	AAA	"[23.07365070854]"	"[23.7078912279]"	"1s.3d"	"3D"	"3"	"1s.4p"	"3P*"	"2"	7	5		
""	"1954.846079"	"9.6778e+04"	AAA	"[23.07365101981]"	"[23.7078912279]"	"1s.3d"	"3D"	"2"	"1s.4p"	"3P*"	"2"	5	5		
""	"1954.859532"	"1.6134e+05"	AAA	"[23.07365649967]"	"[23.7078923433]"	"1s.3d"	"3D"	"1"	"1s.4p"	"3P*"	"1"	3	3		
""	"1954.862970"	"6.4534e+03"	AAA	"[23.07365649967]"	"[23.7078912279]"	"1s.3d"	"3D"	"1"	"1s.4p"	"3P*"	"2"	3	5		
""	"1956.149673"	"1.150e+02"	AA	"[23.07407479777]"	"[23.7078923433]"	"1s.3d"	"1D"	"2"	"1s.4p"	"3P*"	"1"	5	3		
""	"1956.153115"	"2.354e+01"	AA	"[23.07407479777]"	"[23.7078912279]"	"1s.3d"	"1D"	"2"	"1s.4p"	"3P*"	"2"	5	5		
""	"1959.761340"	"3.5063e+05"	AAA	"[23.74207006880]"	"[24.374719544511]"	"1s.4p"	"1P*"	"1"	"1s.8d"	"1D"	"2"	3	5		
""	"1983.398068"	"2.8512e+05"	AAA	"[23.74207006880]"	"[24.3671800778]"	"1s.4p"	"1P*"	"1"	"1s.8s"	"1S"	"0"	3	1		
""	"2043.041148"	"1.1524e+05"	AAA	"[23.593958713]"	"[24.20081970804]"	"1s.4s"	"3S"	"1"	"1s.6p"	"3P*"	"0"	3	1		
""	"2043.054389"	"1.1524e+05"	AAA	"[23.593958713]"	"[24.20081577498]"	"1s.4s"	"3S"	"1"	"1s.6p"	"3P*"	"1"	3	3		
""	"2043.055468"	"1.1524e+05"	AAA	"[23.593958713]"	"[24.20081545451]"	"1s.4s"	"3S"	"1"	"1s.6p"	"3P*"	"2"	3	5		
"2058.692"	"2058.690463"	"1.9746e+06"	AAA	"[20.615774823]"	"[21.2180227112]"	"1s.2s"	"1S"	"0"	"1s.2p"	"1P*"	"1"	1	3		
""	"2060.735852"	"1.4462e+04"	AAA	"[23.7078912279]"	"[24.309541353601]"	"1s.4p"	"3P*"	"2"	"1s.7d"	"3D"	"1"	5	3		
""	"2060.737313"	"1.3015e+05"	AAA	"[23.7078912279]"	"[24.309540927161]"	"1s.4p"	"3P*"	"2"	"1s.7d"	"3D"	"2"	5	5		
""	"2060.737415"	"5.2063e+05"	AAA	"[23.7078912279]"	"[24.309540897300]"	"1s.4p"	"3P*"	"2"	"1s.7d"	"3D"	"3"	5	7		
""	"2060.739672"	"2.1693e+05"	AAA	"[23.7078923433]"	"[24.309541353601]"	"1s.4p"	"3P*"	"1"	"1s.7d"	"3D"	"1"	3	3		
""	"2060.741133"	"3.9044e+05"	AAA	"[23.7078923433]"	"[24.309540927161]"	"1s.4p"	"3P*"	"1"	"1s.7d"	"3D"	"2"	3	5		
""	"2060.786525"	"2.8924e+05"	AAA	"[23.7079060221]"	"[24.309541353601]"	"1s.4p"	"3P*"	"0"	"1s.7d"	"3D"	"1"	1	3		
""	"2068.141261"	"1.3064e+00"	AAA	"[23.07407479777]"	"[23.673570590]"	"1s.3d"	"1D"	"2"	"1s.4s"	"1S"	"0"	5	1	E2	
"2112.583"	"2112.578761"	"3.6179e+06"	AAA	"[23.00707314571]"	"[23.593958713]"	"1s.3p"	"3P*"	"2"	"1s.4s"	"3S"	"1"	5	3		
"2112.583"	"2112.588575"	"2.1707e+06"	AAA	"[23.0070758719]"	"[23.593958713]"	"1s.3p"	"3P*"	"1"	"1s.4s"	"3S"	"1"	3	3		
"2112.720"	"2112.709392"	"7.2358e+05"	AAA	"[23.0071094335]"	"[23.593958713]"	"1s.3p"	"3P*"	"0"	"1s.4s"	"3S"	"1"	1	3		
"2113.780"	"2113.779948"	"4.5925e+06"	AAA	"[23.08701852960]"	"[23.673570590]"	"1s.3p"	"1P*"	"1"	"1s.4s"	"1S"	"0"	3	1		
""	"2149.984645"	"3.0673e+05"	AAA	"[23.7078912279]"	"[24.2845660369]"	"1s.4p"	"3P*"	"2"	"1s.7s"	"3S"	"1"	5	3		
""	"2149.988803"	"1.8404e+05"	AAA	"[23.7078923433]"	"[24.2845660369]"	"1s.4p"	"3P*"	"1"	"1s.7s"	"3S"	"1"	3	3		
""	"2150.039802"	"6.1346e+04"	AAA	"[23.7079060221]"	"[24.2845660369]"	"1s.4p"	"3P*"	"0"	"1s.7s"	"3S"	"1"	1	3		
""	"2158.6002038"	"4.6870e+04"	AAA	"[23.73633503536]"	"[24.31070817873]"	"1s.4d"	"1D"	"2"	"1s.7p"	"1P*"	"1"	5	3		
""	"2161.36765291"	"2.038e+04"	AA	"[23.73609019010]"	"[24.3097278970701]"	"1s.4d"	"3D"	"3"	"1s.7f"	"1F*"	"3"	7	7		
""	"2161.36821382"	"1.562e+05"	AA	"[23.73609033897]"	"[24.3097278970701]"	"1s.4d"	"3D"	"2"	"1s.7f"	"1F*"	"3"	5	7		
""	"2161.36874370"	"3.2808e+03"	AAA	"[23.73609019010]"	"[24.3097276075680]"	"1s.4d"	"3D"	"3"	"1s.7f"	"3F*"	"2"	7	5		
""	"2161.36930461"	"1.1481e+05"	AAA	"[23.73609033897]"	"[24.3097276075680]"	"1s.4d"	"3D"	"2"	"1s.7f"	"3F*"	"2"	5	5		
""	"2161.36949417"	"7.3817e+05"	AAA	"[23.73609019010]"	"[24.3097274083893]"	"1s.4d"	"3D"	"3"	"1s.7f"	"3F*"	"4"	7	9		
""	"2161.36993587"	"6.1644e+04"	AAA	"[23.73609019010]"	"[24.3097272911601]"	"1s.4d"	"3D"	"3"	"1s.7f"	"3F*"	"3"	7	7		
""	"2161.37049678"	"4.9996e+05"	AAA	"[23.73609033897]"	"[24.3097272911601]"	"1s.4d"	"3D"	"2"	"1s.7f"	"3F*"	"3"	5	7		
""	"2161.37795597"	"6.2007e+05"	AAA	"[23.73609263507]"	"[24.3097276075680]"	"1s.4d"	"3D"	"1"	"1s.7f"	"3F*"	"2"	3	5		
""	"2162.29058144"	"5.6085e+05"	AAA	"[23.73633503536]"	"[24.3097278970701]"	"1s.4d"	"1D"	"2"	"1s.7f"	"1F*"	"3"	5	7		
""	"2162.29167316"	"1.489e+01"	AA	"[23.73633503536]"	"[24.3097276075680]"	"1s.4d"	"1D"	"2"	"1s.7f"	"3F*"	"2"	5	5		
""	"2162.29286635"	"1.763e+05"	AA	"[23.73633503536]"	"[24.3097272911601]"	"1s.4d"	"1D"	"2"	"1s.7f"	"3F*"	"3"	5	7		
""	"2164.73769234"	"6.364e+03"	AA	"[23.737006806968]"	"[24.3097514811699]"	"1s.4f"	"3F*"	"3"	"1s.7g"	"1G"	"4"	7	9		
""	"2164.73798267"	"3.3014e+04"	AAA	"[23.737006806968]"	"[24.3097514043543]"	"1s.4f"	"3F*"	"3"	"1s.7g"	"3G"	"3"	7	7		
""	"2164.73888514"	"6.1488e+05"	AAA	"[23.737006806968]"	"[24.3097511655788]"	"1s.4f"	"3F*"	"3"	"1s.7g"	"3G"	"4"	7	9		
""	"2164.74103809"	"1.942e+04"	AA	"[23.737007692183]"	"[24.3097514811699]"	"1s.4f"	"3F*"	"4"	"1s.7g"	"1G"	"4"	9	9		
""	"2164.74132843"	"8.2516e+02"	AAA	"[23.737007692183]"	"[24.3097514043543]"	"1s.4f"	"3F*"	"4"	"1s.7g"	"3G"	"3"	9	7		
""	"2164.74175852"	"6.4692e+05"	AAA	"[23.737007692183]"	"[24.3097512905603]"	"1s.4f"	"3F*"	"4"	"1s.7g"	"3G"	"5"	9	11		
""	"2164.74223090"	"2.1016e+04"	AAA	"[23.737007692183]"	"[24.3097511655788]"	"1s.4f"	"3F*"	"4"	"1s.7g"	"3G"	"4"	9	9		
""	"2164.74536709"	"5.9411e+05"	AAA	"[23.737008760725]"	"[24.3097514043543]"	"1s.4f"	"3F*"	"2"	"1s.7g"	"3G"	"3"	5	7		
""	"2164.74871035"	"6.2114e+05"	AAA	"[23.737009722091]"	"[24.3097514811699]"	"1s.4f"	"1F*"	"3"	"1s.7g"	"1G"	"4"	7	9		
""	"2164.74900069"	"1.897e+04"	AA	"[23.737009722091]"	"[24.3097514043543]"	"1s.4f"	"1F*"	"3"	"1s.7g"	"3G"	"3"	7	7		
""	"2164.74990317"	"1.103e+04"	AA	"[23.737009722091]"	"[24.3097511655788]"	"1s.4f"	"1F*"	"3"	"1s.7g"	"3G"	"4"	7	9		
""	"2165.32028277"	"4.095e+03"	AA	"[23.737006806968]"	"[24.309597381304]"	"1s.4f"	"3F*"	"3"	"1s.7d"	"1D"	"2"	7	5		
""	"2165.33130672"	"7.3892e+03"	AAA	"[23.737009722091]"	"[24.309597381304]"	"1s.4f"	"1F*"	"3"	"1s.7d"	"1D"	"2"	7	5		
""	"2165.53379197"	"6.6361e+03"	AAA	"[23.737006806968]"	"[24.309540927161]"	"1s.4f"	"3F*"	"3"	"1s.7d"	"3D"	"2"	7	5		
""	"2165.53390491"	"5.8392e+02"	AAA	"[23.737006806968]"	"[24.309540897300]"	"1s.4f"	"3F*"	"3"	"1s.7d"	"3D"	"3"	7	7		
""	"2165.53725313"	"1.0640e+04"	AAA	"[23.737007692183]"	"[24.309540897300]"	"1s.4f"	"3F*"	"4"	"1s.7d"	"3D"	"3"	9	7		
""	"2165.53956886"	"1.1585e+04"	AAA	"[23.737008760725]"	"[24.309541353601]"	"1s.4f"	"3F*"	"2"	"1s.7d"	"3D"	"1"	5	3		
""	"2165.54118182"	"1.2872e+03"	AAA	"[23.737008760725]"	"[24.309540927161]"	"1s.4f"	"3F*"	"2"	"1s.7d"	"3D"	"2"	5	5		
""	"2165.54129476"	"2.6271e+01"	AAA	"[23.737008760725]"	"[24.309540897300]"	"1s.4f"	"3F*"	"2"	"1s.7d"	"3D"	"3"	5	7		
""	"2165.54481809"	"3.662e+03"	AA	"[23.737009722091]"	"[24.309540927161]"	"1s.4f"	"1F*"	"3"	"1s.7d"	"3D"	"2"	7	5		
""	"2165.54493103"	"3.356e+02"	AA	"[23.737009722091]"	"[24.309540897300]"	"1s.4f"	"1F*"	"3"	"1s.7d"	"3D"	"3"	7	7		
""	"2182.0550453"	"9.1125e+04"	AAA	"[23.73609263507]"	"[24.30429185947]"	"1s.4d"	"3D"	"1"	"1s.7p"	"3P*"	"0"	3	1		
""	"2182.0556664"	"6.8335e+04"	AAA	"[23.73609033897]"	"[24.30428940164]"	"1s.4d"	"3D"	"2"	"1s.7p"	"3P*"	"1"	5	3		
""	"2182.0558634"	"7.6545e+04"	AAA	"[23.73609019010]"	"[24.30428920147]"	"1s.4d"	"3D"	"3"	"1s.7p"	"3P*"	"2"	7	5		
""	"2182.0564351"	"1.3667e+04"	AAA	"[23.73609033897]"	"[24.30428920147]"	"1s.4d"	"3D"	"2"	"1s.7p"	"3P*"	"2"	5	5		
""	"2182.0644841"	"2.2781e+04"	AAA	"[23.73609263507]"	"[24.30428940164]"	"1s.4d"	"3D"	"1"	"1s.7p"	"3P*"	"1"	3	3		
""	"2182.0652529"	"9.1125e+02"	AAA	"[23.73609263507]"	"[24.30428920147]"	"1s.4d"	"3D"	"1"	"1s.7p"	"3P*"	"2"	3	5		
""	"2184.638443"	"5.3341e+05"	AAA	"[23.74207006880]"	"[24.309597381304]"	"1s.4p"	"1P*"	"1"	"1s.7d"	"1D"	"2"	3	5		
""	"2184.855779"	"4.330e+01"	AA	"[23.74207006880]"	"[24.309540927161]"	"1s.4p"	"1P*"	"1"	"1s.7d"	"3D"	"2"	3	5		
""	"2229.066312"	"4.4367e+05"	AAA	"[23.74207006880]"	"[24.2982859057]"	"1s.4p"	"1P*"	"1"	"1s.7s"	"1S"	"0"	3	1		
""	"2306.974247"	"2.2045e+05"	AAA	"[23.673570590]"	"[24.21100267716]"	"1s.4s"	"1S"	"0"	"1s.6p"	"1P*"	"1"	1	3		
""	"2314.523274"	"4.302e-01"	AA	"[23.673570590]"	"[24.209249793955]"	"1s.4s"	"1S"	"0"	"1s.6d"	"1D"	"2"	1	5	E2	
""	"2472.964597"	"1.842e+01"	AA	"[23.7078912279]"	"[24.209249793955]"	"1s.4p"	"3P*"	"2"	"1s.6d"	"1D"	"2"	5	5		
""	"2472.970099"	"5.148e+01"	AA	"[23.7078923433]"	"[24.209249793955]"	"1s.4p"	"3P*"	"1"	"1s.6d"	"1D"	"2"	3	5		
""	"2473.388665"	"2.2527e+04"	AAA	"[23.7078912279]"	"[24.209163835045]"	"1s.4p"	"3P*"	"2"	"1s.6d"	"3D"	"1"	5	3		
""	"2473.392009"	"2.0272e+05"	AAA	"[23.7078912279]"	"[24.209163157329]"	"1s.4p"	"3P*"	"2"	"1s.6d"	"3D"	"2"	5	5		
""	"2473.392240"	"8.1095e+05"	AAA	"[23.7078912279]"	"[24.209163110443]"	"1s.4p"	"3P*"	"2"	"1s.6d"	"3D"	"3"	5	7		
""	"2473.394168"	"3.3790e+05"	AAA	"[23.7078923433]"	"[24.209163835045]"	"1s.4p"	"3P*"	"1"	"1s.6d"	"3D"	"1"	3	3		
""	"2473.397512"	"6.0816e+05"	AAA	"[23.7078923433]"	"[24.209163157329]"	"1s.4p"	"3P*"	"1"	"1s.6d"	"3D"	"2"	3	5		
""	"2473.461664"	"4.5053e+05"	AAA	"[23.7079060221]"	"[24.209163835045]"	"1s.4p"	"3P*"	"0"	"1s.6d"	"3D"	"1"	1	3		
""	"2596.493058"	"1.6011e+04"	AAA	"[23.9719714182]"	"[24.44947779185]"	"1s.5s"	"3S"	"1"	"1s.10p"	"3P*"	"0"	3	1		
""	"2596.497584"	"1.6011e+04"	AAA	"[23.9719714182]"	"[24.44947695951]"	"1s.5s"	"3S"	"1"	"1s.10p"	"3P*"	"1"	3	3		
""	"2596.497952"	"1.6011e+04"	AAA	"[23.9719714182]"	"[24.44947689179]"	"1s.5s"	"3S"	"1"	"1s.10p"	"3P*"	"2"	3	5		
""	"2612.0212864"	"8.1901e+04"	AAA	"[23.73633503536]"	"[24.21100267716]"	"1s.4d"	"1D"	"2"	"1s.6p"	"1P*"	"1"	5	3		
""	"2619.20605981"	"3.854e+04"	AA	"[23.73609019010]"	"[24.2094557657828]"	"1s.4d"	"3D"	"3"	"1s.6f"	"1F*"	"3"	7	7		
""	"2619.20688352"	"2.961e+05"	AA	"[23.73609033897]"	"[24.2094557657828]"	"1s.4d"	"3D"	"2"	"1s.6f"	"1F*"	"3"	5	7		
""	"2619.20840008"	"5.7436e+03"	AAA	"[23.73609019010]"	"[24.209455342828]"	"1s.4d"	"3D"	"3"	"1s.6f"	"3F*"	"2"	7	5		
""	"2619.20922380"	"2.0100e+05"	AAA	"[23.73609033897]"	"[24.209455342828]"	"1s.4d"	"3D"	"2"	"1s.6f"	"3F*"	"2"	5	5		
""	"2619.21015050"	"1.2923e+06"	AAA	"[23.73609019010]"	"[24.2094550264796]"	"1s.4d"	"3D"	"3"	"1s.6f"	"3F*"	"4"	7	9		
""	"2619.21125132"	"1.0505e+05"	AAA	"[23.73609019010]"	"[24.209454827529]"	"1s.4d"	"3D"	"3"	"1s.6f"	"3F*"	"3"	7	7		
""	"2619.21207504"	"8.5264e+05"	AAA	"[23.73609033897]"	"[24.209454827529]"	"1s.4d"	"3D"	"2"	"1s.6f"	"3F*"	"3"	5	7		
""	"2619.22192858"	"1.0855e+06"	AAA	"[23.73609263507]"	"[24.209455342828]"	"1s.4d"	"3D"	"1"	"1s.6f"	"3F*"	"2"	3	5		
""	"2620.56152820"	"9.5684e+05"	AAA	"[23.73633503536]"	"[24.2094557657828]"	"1s.4d"	"1D"	"2"	"1s.6f"	"1F*"	"3"	5	7		
""	"2620.56387090"	"2.607e+01"	AA	"[23.73633503536]"	"[24.209455342828]"	"1s.4d"	"1D"	"2"	"1s.6f"	"3F*"	"2"	5	5		
""	"2620.56672509"	"3.343e+05"	AA	"[23.73633503536]"	"[24.209454827529]"	"1s.4d"	"1D"	"2"	"1s.6f"	"3F*"	"3"	5	7		
""	"2624.08430331"	"1.360e+04"	AA	"[23.737006806968]"	"[24.2094923832773]"	"1s.4f"	"3F*"	"3"	"1s.6g"	"1G"	"4"	7	9		
""	"2624.08497989"	"7.0158e+04"	AAA	"[23.737006806968]"	"[24.2094922614541]"	"1s.4f"	"3F*"	"3"	"1s.6g"	"3G"	"3"	7	7		
""	"2624.08708653"	"1.3066e+06"	AAA	"[23.737006806968]"	"[24.2094918821374]"	"1s.4f"	"3F*"	"3"	"1s.6g"	"3G"	"4"	7	9		
""	"2624.08921961"	"4.129e+04"	AA	"[23.737007692183]"	"[24.2094923832773]"	"1s.4f"	"3F*"	"4"	"1s.6g"	"1G"	"4"	9	9		
""	"2624.08989620"	"1.7536e+03"	AAA	"[23.737007692183]"	"[24.2094922614541]"	"1s.4f"	"3F*"	"4"	"1s.6g"	"3G"	"3"	9	7		
""	"2624.09089984"	"1.3748e+06"	AAA	"[23.737007692183]"	"[24.2094920807421]"	"1s.4f"	"3F*"	"4"	"1s.6g"	"3G"	"5"	9	11		
""	"2624.09200285"	"4.4636e+04"	AAA	"[23.737007692183]"	"[24.2094918821374]"	"1s.4f"	"3F*"	"4"	"1s.6g"	"3G"	"4"	9	9		
""	"2624.09583069"	"1.2626e+06"	AAA	"[23.737008760725]"	"[24.2094922614541]"	"1s.4f"	"3F*"	"2"	"1s.6g"	"3G"	"3"	5	7		
""	"2624.10049338"	"1.3199e+06"	AAA	"[23.737009722091]"	"[24.2094923832773]"	"1s.4f"	"1F*"	"3"	"1s.6g"	"1G"	"4"	7	9		
""	"2624.10116997"	"4.032e+04"	AA	"[23.737009722091]"	"[24.2094922614541]"	"1s.4f"	"1F*"	"3"	"1s.6g"	"3G"	"3"	7	7		
""	"2624.10327664"	"2.353e+04"	AA	"[23.737009722091]"	"[24.2094918821374]"	"1s.4f"	"1F*"	"3"	"1s.6g"	"3G"	"4"	7	9		
""	"2625.43228485"	"7.805e+03"	AA	"[23.737006806968]"	"[24.209249793955]"	"1s.4f"	"3F*"	"3"	"1s.6d"	"1D"	"2"	7	5		
""	"2625.44849156"	"1.4102e+04"	AAA	"[23.737009722091]"	"[24.209249793955]"	"1s.4f"	"1F*"	"3"	"1s.6d"	"1D"	"2"	7	5		
""	"2625.91402908"	"1.2660e+04"	AAA	"[23.737006806968]"	"[24.209163157329]"	"1s.4f"	"3F*"	"3"	"1s.6d"	"3D"	"2"	7	5		
""	"2625.91428984"	"1.1134e+03"	AAA	"[23.737006806968]"	"[24.209163110443]"	"1s.4f"	"3F*"	"3"	"1s.6d"	"3D"	"3"	7	7		
""	"2625.91921301"	"2.0287e+04"	AAA	"[23.737007692183]"	"[24.209163110443]"	"1s.4f"	"3F*"	"4"	"1s.6d"	"3D"	"3"	9	7		
""	"2625.92112585"	"2.2090e+04"	AAA	"[23.737008760725]"	"[24.209163835045]"	"1s.4f"	"3F*"	"2"	"1s.6d"	"3D"	"1"	5	3		
""	"2625.92489502"	"2.4542e+03"	AAA	"[23.737008760725]"	"[24.209163157329]"	"1s.4f"	"3F*"	"2"	"1s.6d"	"3D"	"2"	5	5		
""	"2625.92515578"	"5.0091e+01"	AAA	"[23.737008760725]"	"[24.209163110443]"	"1s.4f"	"3F*"	"2"	"1s.6d"	"3D"	"3"	5	7		
""	"2625.93024174"	"6.976e+03"	AA	"[23.737009722091]"	"[24.209163157329]"	"1s.4f"	"1F*"	"3"	"1s.6d"	"3D"	"2"	7	5		
""	"2625.93050250"	"6.398e+02"	AA	"[23.737009722091]"	"[24.209163110443]"	"1s.4f"	"1F*"	"3"	"1s.6d"	"3D"	"3"	7	7		
""	"2643.966238"	"2.9767e-01"	AAA	"[23.74207006880]"	"[24.21100267716]"	"1s.4p"	"1P*"	"1"	"1s.6p"	"1P*"	"1"	3	3	E2	
""	"2653.886540"	"8.6854e+05"	AAA	"[23.74207006880]"	"[24.209249793955]"	"1s.4p"	"1P*"	"1"	"1s.6d"	"1D"	"2"	3	5		
""	"2654.378784"	"7.575e+01"	AA	"[23.74207006880]"	"[24.209163157329]"	"1s.4p"	"1P*"	"1"	"1s.6d"	"3D"	"2"	3	5		
""	"2667.8927406"	"1.5976e+05"	AAA	"[23.73609263507]"	"[24.20081970804]"	"1s.4d"	"3D"	"1"	"1s.6p"	"3P*"	"0"	3	1		
""	"2667.9021380"	"1.1980e+05"	AAA	"[23.73609033897]"	"[24.20081577498]"	"1s.4d"	"3D"	"2"	"1s.6p"	"3P*"	"1"	5	3		
""	"2667.9031232"	"1.3420e+05"	AAA	"[23.73609019010]"	"[24.20081545451]"	"1s.4d"	"3D"	"3"	"1s.6p"	"3P*"	"2"	7	5		
""	"2667.9039778"	"2.3961e+04"	AAA	"[23.73609033897]"	"[24.20081545451]"	"1s.4d"	"3D"	"2"	"1s.6p"	"3P*"	"2"	5	5		
""	"2667.9153196"	"3.9939e+04"	AAA	"[23.73609263507]"	"[24.20081577498]"	"1s.4d"	"3D"	"1"	"1s.6p"	"3P*"	"1"	3	3		
""	"2667.9171594"	"1.5976e+03"	AAA	"[23.73609263507]"	"[24.20081545451]"	"1s.4d"	"3D"	"1"	"1s.6p"	"3P*"	"2"	3	5		
""	"2688.837942"	"5.3285e+05"	AAA	"[23.7078912279]"	"[24.1689982232]"	"1s.4p"	"3P*"	"2"	"1s.6s"	"3S"	"1"	5	3		
""	"2688.844446"	"3.1971e+05"	AAA	"[23.7078923433]"	"[24.1689982232]"	"1s.4p"	"3P*"	"1"	"1s.6s"	"3S"	"1"	3	3		
""	"2688.924213"	"1.0657e+05"	AAA	"[23.7079060221]"	"[24.1689982232]"	"1s.4p"	"3P*"	"0"	"1s.6s"	"3S"	"1"	1	3		
""	"2725.974453"	"2.4625e-01"	AAA	"[23.73633503536]"	"[24.1911602752]"	"1s.4d"	"1D"	"2"	"1s.6s"	"1S"	"0"	5	1	E2	
""	"2760.786066"	"7.5443e+05"	AAA	"[23.74207006880]"	"[24.1911602752]"	"1s.4p"	"1P*"	"1"	"1s.6s"	"1S"	"0"	3	1		
""	"2786.796110"	"2.0818e+04"	AAA	"[23.9719714182]"	"[24.41687012452]"	"1s.5s"	"3S"	"1"	"1s.9p"	"3P*"	"0"	3	1		
""	"2786.803285"	"2.0818e+04"	AAA	"[23.9719714182]"	"[24.41686897915]"	"1s.5s"	"3S"	"1"	"1s.9p"	"3P*"	"1"	3	3		
""	"2786.803869"	"2.0818e+04"	AAA	"[23.9719714182]"	"[24.41686888593]"	"1s.5s"	"3S"	"1"	"1s.9p"	"3P*"	"2"	3	5		
""	"2814.857689"	"2.9201e+04"	AAA	"[24.0112149898]"	"[24.451678459372]"	"1s.5s"	"1S"	"0"	"1s.10p"	"1P*"	"1"	1	3		
""	"2854.977721"	"1.2068e+05"	AAA	"[23.593958713]"	"[24.0282324989]"	"1s.4s"	"3S"	"1"	"1s.5p"	"3P*"	"0"	3	1		
""	"2855.022916"	"1.2068e+05"	AAA	"[23.593958713]"	"[24.0282256244]"	"1s.4s"	"3S"	"1"	"1s.5p"	"3P*"	"1"	3	3		
""	"2855.026600"	"1.2068e+05"	AAA	"[23.593958713]"	"[24.0282250640]"	"1s.4s"	"3S"	"1"	"1s.5p"	"3P*"	"2"	3	5		
""	"2930.729689"	"2.5828e+03"	AAA	"[24.0282250640]"	"[24.451273968544]"	"1s.5p"	"3P*"	"2"	"1s.10d"	"3D"	"1"	5	3		
""	"2930.730701"	"2.3243e+04"	AAA	"[24.0282250640]"	"[24.451273822448]"	"1s.5p"	"3P*"	"2"	"1s.10d"	"3D"	"2"	5	5		
""	"2930.730773"	"9.2980e+04"	AAA	"[24.0282250640]"	"[24.451273812052]"	"1s.5p"	"3P*"	"2"	"1s.10d"	"3D"	"3"	5	7		
""	"2930.733571"	"3.8742e+04"	AAA	"[24.0282256244]"	"[24.451273968544]"	"1s.5p"	"3P*"	"1"	"1s.10d"	"3D"	"1"	3	3		
""	"2930.734583"	"6.9730e+04"	AAA	"[24.0282256244]"	"[24.451273822448]"	"1s.5p"	"3P*"	"1"	"1s.10d"	"3D"	"2"	3	5		
""	"2930.781196"	"5.1656e+04"	AAA	"[24.0282324989]"	"[24.451273968544]"	"1s.5p"	"3P*"	"0"	"1s.10d"	"3D"	"1"	1	3		
""	"2989.960614"	"6.3246e+04"	AAA	"[24.0282250640]"	"[24.44289339729]"	"1s.5p"	"3P*"	"2"	"1s.10s"	"3S"	"1"	5	3		
""	"2989.964655"	"3.7948e+04"	AAA	"[24.0282256244]"	"[24.44289339729]"	"1s.5p"	"3P*"	"1"	"1s.10s"	"3S"	"1"	3	3		
""	"2990.014224"	"1.2649e+04"	AAA	"[24.0282324989]"	"[24.44289339729]"	"1s.5p"	"3P*"	"0"	"1s.10s"	"3S"	"1"	1	3		
""	"3032.3248941"	"1.3169e+04"	AAA	"[24.042803412125]"	"[24.451678459372]"	"1s.5d"	"1D"	"2"	"1s.10p"	"1P*"	"1"	5	3		
""	"3033.79423575"	"3.255e+03"	AA	"[24.042662242088]"	"[24.4513392610240]"	"1s.5d"	"3D"	"3"	"1s.10f"	"1F*"	"3"	7	7		
""	"3033.79482546"	"2.500e+04"	AA	"[24.042662321526]"	"[24.4513392610240]"	"1s.5d"	"3D"	"2"	"1s.10f"	"1F*"	"3"	5	7		
""	"3033.79506377"	"5.8822e+02"	AAA	"[24.042662242088]"	"[24.4513391494830]"	"1s.5d"	"3D"	"3"	"1s.10f"	"3F*"	"2"	7	5		
""	"3033.79557079"	"1.3235e+05"	AAA	"[24.042662242088]"	"[24.4513390811842]"	"1s.5d"	"3D"	"3"	"1s.10f"	"3F*"	"4"	7	9		
""	"3033.79565348"	"2.0586e+04"	AAA	"[24.042662321526]"	"[24.4513391494830]"	"1s.5d"	"3D"	"2"	"1s.10f"	"3F*"	"2"	5	5		
""	"3033.79584143"	"1.1451e+04"	AAA	"[24.042662242088]"	"[24.4513390447263]"	"1s.5d"	"3D"	"3"	"1s.10f"	"3F*"	"3"	7	7		
""	"3033.79643113"	"9.2647e+04"	AAA	"[24.042662321526]"	"[24.4513390447263]"	"1s.5d"	"3D"	"2"	"1s.10f"	"3F*"	"3"	5	7		
""	"3033.80435855"	"1.1117e+05"	AAA	"[24.042663494166]"	"[24.4513391494830]"	"1s.5d"	"3D"	"1"	"1s.10f"	"3F*"	"2"	3	5		
""	"3033.814237"	"3.8969e+04"	AAA	"[24.0112149898]"	"[24.419889314325]"	"1s.5s"	"1S"	"0"	"1s.9p"	"1P*"	"1"	1	3		
""	"3034.84256687"	"1.0398e+05"	AAA	"[24.042803412125]"	"[24.4513392610240]"	"1s.5d"	"1D"	"2"	"1s.10f"	"1F*"	"3"	5	7		
""	"3034.84417366"	"2.822e+04"	AA	"[24.042803412125]"	"[24.4513390447263]"	"1s.5d"	"1D"	"2"	"1s.10f"	"3F*"	"3"	5	7		
""	"3037.38771943"	"3.590e+03"	AA	"[24.043154084167]"	"[24.45134760401285]"	"1s.5f"	"3F*"	"3"	"1s.10g"	"1G"	"4"	7	9		
""	"3037.38791591"	"7.5297e+03"	AAA	"[24.043154084167]"	"[24.45134757760769]"	"1s.5f"	"3F*"	"3"	"1s.10g"	"3G"	"3"	7	7		
""	"3037.38852492"	"1.2488e+05"	AAA	"[24.043154084167]"	"[24.45134749576287]"	"1s.5f"	"3F*"	"3"	"1s.10g"	"3G"	"4"	7	9		
""	"3037.39055944"	"4.028e+03"	AA	"[24.043154465835]"	"[24.45134760401285]"	"1s.5f"	"3F*"	"4"	"1s.10g"	"1G"	"4"	9	9		
""	"3037.39075593"	"1.7134e+02"	AAA	"[24.043154465835]"	"[24.45134757760769]"	"1s.5f"	"3F*"	"4"	"1s.10g"	"3G"	"3"	9	7		
""	"3037.39104633"	"1.3433e+05"	AAA	"[24.043154465835]"	"[24.45134753858031]"	"1s.5f"	"3F*"	"4"	"1s.10g"	"3G"	"5"	9	11		
""	"3037.39136494"	"4.3678e+03"	AAA	"[24.043154465835]"	"[24.45134749576287]"	"1s.5f"	"3F*"	"4"	"1s.10g"	"3G"	"4"	9	9		
""	"3037.39482481"	"1.2336e+05"	AAA	"[24.043155012649]"	"[24.45134757760769]"	"1s.5f"	"3F*"	"2"	"1s.10g"	"3G"	"3"	5	7		
""	"3037.39935932"	"1.2671e+05"	AAA	"[24.043155648442]"	"[24.45134760401285]"	"1s.5f"	"1F*"	"3"	"1s.10g"	"1G"	"4"	7	9		
""	"3037.39955580"	"3.264e+03"	AA	"[24.043155648442]"	"[24.45134757760769]"	"1s.5f"	"1F*"	"3"	"1s.10g"	"3G"	"3"	7	7		
""	"3037.40016482"	"5.078e+03"	AA	"[24.043155648442]"	"[24.45134749576287]"	"1s.5f"	"1F*"	"3"	"1s.10g"	"3G"	"4"	7	9		
""	"3037.78586439"	"1.396e+03"	AA	"[24.043154084167]"	"[24.4512941044573]"	"1s.5f"	"3F*"	"3"	"1s.10d"	"1D"	"2"	7	5		
""	"3037.79750734"	"3.3382e+03"	AAA	"[24.043155648442]"	"[24.4512941044573]"	"1s.5f"	"1F*"	"3"	"1s.10d"	"1D"	"2"	7	5		
""	"3037.831169883"	"2.0644e+03"	AAA	"[24.0432156651818]"	"[24.45134959856946]"	"1s.5g"	"3G"	"4"	"1s.10h"	"3H*"	"4"	9	9		
""	"3037.831566933"	"7.9656e+04"	AAA	"[24.0432156651818]"	"[24.45134954522564]"	"1s.5g"	"3G"	"4"	"1s.10h"	"3H*"	"5"	9	11		
""	"3037.833585662"	"1.577e+03"	AA	"[24.0432160086825]"	"[24.45134961750954]"	"1s.5g"	"3G"	"5"	"1s.10h"	"1H*"	"5"	11	11		
""	"3037.833726637"	"4.0172e+01"	AAA	"[24.0432160086825]"	"[24.45134959856946]"	"1s.5g"	"3G"	"5"	"1s.10h"	"3H*"	"4"	11	9		
""	"3037.833915548"	"8.1349e+04"	AAA	"[24.0432160086825]"	"[24.45134957318928]"	"1s.5g"	"3G"	"5"	"1s.10h"	"3H*"	"6"	11	13		
""	"3037.834123688"	"1.6766e+03"	AAA	"[24.0432160086825]"	"[24.45134954522564]"	"1s.5g"	"3G"	"5"	"1s.10h"	"3H*"	"5"	11	11		
""	"3037.836051173"	"7.7331e+04"	AAA	"[24.0432163209841]"	"[24.45134959856946]"	"1s.5g"	"3G"	"3"	"1s.10h"	"3H*"	"4"	7	9		
""	"3037.837474383"	"7.9768e+04"	AAA	"[24.0432165311324]"	"[24.45134961750954]"	"1s.5g"	"1G"	"4"	"1s.10h"	"1H*"	"5"	9	11		
""	"3037.837615358"	"1.913e+03"	AA	"[24.0432165311324]"	"[24.45134959856946]"	"1s.5g"	"1G"	"4"	"1s.10h"	"3H*"	"4"	9	9		
""	"3037.838012410"	"1.571e+01"	AA	"[24.0432165311324]"	"[24.45134954522564]"	"1s.5g"	"1G"	"4"	"1s.10h"	"3H*"	"5"	9	11		
""	"3037.908116470"	"7.381e+01"	AA	"[24.0432156651818]"	"[24.4513392610240]"	"1s.5g"	"3G"	"4"	"1s.10f"	"1F*"	"3"	9	7		
""	"3037.909455126"	"2.3137e+01"	AAA	"[24.0432156651818]"	"[24.4513390811842]"	"1s.5g"	"3G"	"4"	"1s.10f"	"3F*"	"4"	9	9		
""	"3037.909726505"	"8.1334e+02"	AAA	"[24.0432156651818]"	"[24.4513390447263]"	"1s.5g"	"3G"	"4"	"1s.10f"	"3F*"	"3"	9	7		
""	"3037.912012012"	"8.7165e+02"	AAA	"[24.0432160086825]"	"[24.4513390811842]"	"1s.5g"	"3G"	"5"	"1s.10f"	"3F*"	"4"	11	9		
""	"3037.912998007"	"1.268e+01"	AA	"[24.0432163209841]"	"[24.4513392610240]"	"1s.5g"	"3G"	"3"	"1s.10f"	"1F*"	"3"	7	7		
""	"3037.913828276"	"9.1693e+02"	AAA	"[24.0432163209841]"	"[24.4513391494830]"	"1s.5g"	"3G"	"3"	"1s.10f"	"3F*"	"2"	7	5		
""	"3037.914562272"	"8.3039e+02"	AAA	"[24.0432165311324]"	"[24.4513392610240]"	"1s.5g"	"1G"	"4"	"1s.10f"	"1F*"	"3"	9	7		
""	"3037.914608046"	"4.4624e+01"	AAA	"[24.0432163209841]"	"[24.4513390447263]"	"1s.5g"	"3G"	"3"	"1s.10f"	"3F*"	"3"	7	7		
""	"3037.915900934"	"2.144e+01"	AA	"[24.0432165311324]"	"[24.4513390811842]"	"1s.5g"	"1G"	"4"	"1s.10f"	"3F*"	"4"	9	9		
""	"3037.916172313"	"5.895e+01"	AA	"[24.0432165311324]"	"[24.4513390447263]"	"1s.5g"	"1G"	"4"	"1s.10f"	"3F*"	"3"	9	7		
""	"3037.93683088"	"2.9956e+03"	AAA	"[24.043154084167]"	"[24.451273822448]"	"1s.5f"	"3F*"	"3"	"1s.10d"	"3D"	"2"	7	5		
""	"3037.93690826"	"2.6425e+02"	AAA	"[24.043154084167]"	"[24.451273812052]"	"1s.5f"	"3F*"	"3"	"1s.10d"	"3D"	"3"	7	7		
""	"3037.93974930"	"4.3833e+03"	AAA	"[24.043154465835]"	"[24.451273812052]"	"1s.5f"	"3F*"	"4"	"1s.10d"	"3D"	"3"	9	7		
""	"3037.94265477"	"4.7730e+03"	AAA	"[24.043155012649]"	"[24.451273968544]"	"1s.5f"	"3F*"	"2"	"1s.10d"	"3D"	"1"	5	3		
""	"3037.94374227"	"5.3029e+02"	AAA	"[24.043155012649]"	"[24.451273822448]"	"1s.5f"	"3F*"	"2"	"1s.10d"	"3D"	"2"	5	5		
""	"3037.94381966"	"1.0823e+01"	AAA	"[24.043155012649]"	"[24.451273812052]"	"1s.5f"	"3F*"	"2"	"1s.10d"	"3D"	"3"	5	7		
""	"3037.94847498"	"1.247e+03"	AA	"[24.043155648442]"	"[24.451273822448]"	"1s.5f"	"1F*"	"3"	"1s.10d"	"3D"	"2"	7	5		
""	"3037.94855236"	"1.146e+02"	AA	"[24.043155648442]"	"[24.451273812052]"	"1s.5f"	"1F*"	"3"	"1s.10d"	"3D"	"3"	7	7		
""	"3047.6827352"	"2.0219e+04"	AAA	"[24.042662242088]"	"[24.44947689179]"	"1s.5d"	"3D"	"3"	"1s.10p"	"3P*"	"2"	7	5		
""	"3047.6828230"	"1.8051e+04"	AAA	"[24.042662321526]"	"[24.44947695951]"	"1s.5d"	"3D"	"2"	"1s.10p"	"3P*"	"1"	5	3		
""	"3047.6833303"	"3.6101e+03"	AAA	"[24.042662321526]"	"[24.44947689179]"	"1s.5d"	"3D"	"2"	"1s.10p"	"3P*"	"2"	5	5		
""	"3047.6853724"	"2.4070e+04"	AAA	"[24.042663494166]"	"[24.44947779185]"	"1s.5d"	"3D"	"1"	"1s.10p"	"3P*"	"0"	3	1		
""	"3047.6916080"	"6.0174e+03"	AAA	"[24.042663494166]"	"[24.44947695951]"	"1s.5d"	"3D"	"1"	"1s.10p"	"3P*"	"1"	3	3		
""	"3047.6921153"	"2.4070e+02"	AAA	"[24.042663494166]"	"[24.44947689179]"	"1s.5d"	"3D"	"1"	"1s.10p"	"3P*"	"2"	3	5		
""	"3057.610983"	"9.7739e+04"	AAA	"[24.04580040653]"	"[24.4512941044573]"	"1s.5p"	"1P*"	"1"	"1s.10d"	"1D"	"2"	3	5		
""	"3086.797740"	"9.5913e+04"	AAA	"[24.04580040653]"	"[24.44746001910]"	"1s.5p"	"1P*"	"1"	"1s.10s"	"1S"	"0"	3	1		
""	"3105.845898"	"2.7073e+04"	AAA	"[23.9719714182]"	"[24.37116765163]"	"1s.5s"	"3S"	"1"	"1s.8p"	"3P*"	"0"	3	1		
""	"3105.858639"	"2.7073e+04"	AAA	"[23.9719714182]"	"[24.37116601407]"	"1s.5s"	"3S"	"1"	"1s.8p"	"3P*"	"1"	3	3		
""	"3105.859676"	"2.7073e+04"	AAA	"[23.9719714182]"	"[24.37116588077]"	"1s.5s"	"3S"	"1"	"1s.8p"	"3P*"	"2"	3	5		
""	"3170.053733"	"3.5224e+03"	AAA	"[24.0282250640]"	"[24.419335779720]"	"1s.5p"	"3P*"	"2"	"1s.9d"	"3D"	"1"	5	3		
""	"3170.055358"	"3.1699e+04"	AAA	"[24.0282250640]"	"[24.419335579246]"	"1s.5p"	"3P*"	"2"	"1s.9d"	"3D"	"2"	5	5		
""	"3170.055473"	"1.2681e+05"	AAA	"[24.0282250640]"	"[24.419335565023]"	"1s.5p"	"3P*"	"2"	"1s.9d"	"3D"	"3"	5	7		
""	"3170.058275"	"5.2836e+04"	AAA	"[24.0282256244]"	"[24.419335779720]"	"1s.5p"	"3P*"	"1"	"1s.9d"	"3D"	"1"	3	3		
""	"3170.059900"	"9.5099e+04"	AAA	"[24.0282256244]"	"[24.419335579246]"	"1s.5p"	"3P*"	"1"	"1s.9d"	"3D"	"2"	3	5		
""	"3170.113996"	"7.0449e+04"	AAA	"[24.0282324989]"	"[24.419335779720]"	"1s.5p"	"3P*"	"0"	"1s.9d"	"3D"	"1"	1	3		
""	"3266.607706"	"9.0107e+04"	AAA	"[24.0282250640]"	"[24.40777537914]"	"1s.5p"	"3P*"	"2"	"1s.9s"	"3S"	"1"	5	3		
""	"3266.612530"	"5.4064e+04"	AAA	"[24.0282256244]"	"[24.40777537914]"	"1s.5p"	"3P*"	"1"	"1s.9s"	"3S"	"1"	3	3		
""	"3266.671696"	"1.8021e+04"	AAA	"[24.0282324989]"	"[24.40777537914]"	"1s.5p"	"3P*"	"0"	"1s.9s"	"3S"	"1"	1	3		
""	"3287.9563439"	"1.8869e+04"	AAA	"[24.042803412125]"	"[24.419889314325]"	"1s.5d"	"1D"	"2"	"1s.9p"	"1P*"	"1"	5	3		
""	"3290.77690053"	"4.716e+03"	AA	"[24.042662242088]"	"[24.4194249403235]"	"1s.5d"	"3D"	"3"	"1s.9f"	"1F*"	"3"	7	7		
""	"3290.77759436"	"3.625e+04"	AA	"[24.042662321526]"	"[24.4194249403235]"	"1s.5d"	"3D"	"2"	"1s.9f"	"1F*"	"3"	5	7		
""	"3290.77820260"	"8.2998e+02"	AAA	"[24.042662242088]"	"[24.4194247912483]"	"1s.5d"	"3D"	"3"	"1s.9f"	"3F*"	"2"	7	5		
""	"3290.77889644"	"2.9046e+04"	AAA	"[24.042662321526]"	"[24.4194247912483]"	"1s.5d"	"3D"	"2"	"1s.9f"	"3F*"	"2"	5	5		
""	"3290.77902096"	"1.8675e+05"	AAA	"[24.042662242088]"	"[24.4194246975540]"	"1s.5d"	"3D"	"3"	"1s.9f"	"3F*"	"4"	7	9		
""	"3290.77946770"	"1.6033e+04"	AAA	"[24.042662242088]"	"[24.4194246464065]"	"1s.5d"	"3D"	"3"	"1s.9f"	"3F*"	"3"	7	7		
""	"3290.78016154"	"1.2975e+05"	AAA	"[24.042662321526]"	"[24.4194246464065]"	"1s.5d"	"3D"	"2"	"1s.9f"	"3F*"	"3"	5	7		
""	"3290.78913873"	"1.5687e+05"	AAA	"[24.042663494166]"	"[24.4194247912483]"	"1s.5d"	"3D"	"1"	"1s.9f"	"3F*"	"2"	3	5		
""	"3292.01039107"	"1.4564e+05"	AAA	"[24.042803412125]"	"[24.4194249403235]"	"1s.5d"	"1D"	"2"	"1s.9f"	"1F*"	"3"	5	7		
""	"3292.01296017"	"4.093e+04"	AA	"[24.042803412125]"	"[24.4194246464065]"	"1s.5d"	"1D"	"2"	"1s.9f"	"3F*"	"3"	5	7		
""	"3294.97890413"	"5.308e+03"	AA	"[24.043154084167]"	"[24.41943630642235]"	"1s.5f"	"3F*"	"3"	"1s.9g"	"1G"	"4"	7	9		
""	"3294.97922114"	"1.1120e+04"	AAA	"[24.043154084167]"	"[24.4194362702203]"	"1s.5f"	"3F*"	"3"	"1s.9g"	"3G"	"3"	7	7		
""	"3294.98020441"	"1.8442e+05"	AAA	"[24.043154084167]"	"[24.4194361579319]"	"1s.5f"	"3F*"	"3"	"1s.9g"	"3G"	"4"	7	9		
""	"3294.98224628"	"5.950e+03"	AA	"[24.043154465835]"	"[24.41943630642235]"	"1s.5f"	"3F*"	"4"	"1s.9g"	"1G"	"4"	9	9		
""	"3294.98256329"	"2.5303e+02"	AAA	"[24.043154465835]"	"[24.4194362702203]"	"1s.5f"	"3F*"	"4"	"1s.9g"	"3G"	"3"	9	7		
""	"3294.98303209"	"1.9837e+05"	AAA	"[24.043154465835]"	"[24.41943621668346]"	"1s.5f"	"3F*"	"4"	"1s.9g"	"3G"	"5"	9	11		
""	"3294.98354656"	"6.4489e+03"	AAA	"[24.043154465835]"	"[24.4194361579319]"	"1s.5f"	"3F*"	"4"	"1s.9g"	"3G"	"4"	9	9		
""	"3294.98735157"	"1.8218e+05"	AAA	"[24.043155012649]"	"[24.4194362702203]"	"1s.5f"	"3F*"	"2"	"1s.9g"	"3G"	"3"	5	7		
""	"3294.99260203"	"1.8711e+05"	AAA	"[24.043155648442]"	"[24.41943630642235]"	"1s.5f"	"1F*"	"3"	"1s.9g"	"1G"	"4"	7	9		
""	"3294.99291904"	"4.821e+03"	AA	"[24.043155648442]"	"[24.4194362702203]"	"1s.5f"	"1F*"	"3"	"1s.9g"	"3G"	"3"	7	7		
""	"3294.99390232"	"7.508e+03"	AA	"[24.043155648442]"	"[24.4194361579319]"	"1s.5f"	"1F*"	"3"	"1s.9g"	"3G"	"4"	7	9		
""	"3295.494549310"	"3.3076e+03"	AAA	"[24.0432156651818]"	"[24.41943901065559]"	"1s.5g"	"3G"	"4"	"1s.9h"	"3H*"	"4"	9	9		
""	"3295.495190272"	"1.2762e+05"	AAA	"[24.0432156651818]"	"[24.41943893748148]"	"1s.5g"	"3G"	"4"	"1s.9h"	"3H*"	"5"	9	11		
""	"3295.497330599"	"2.527e+03"	AA	"[24.0432160086825]"	"[24.41943903663648]"	"1s.5g"	"3G"	"5"	"1s.9h"	"1H*"	"5"	11	11		
""	"3295.497558177"	"6.4363e+01"	AAA	"[24.0432160086825]"	"[24.41943901065559]"	"1s.5g"	"3G"	"5"	"1s.9h"	"3H*"	"4"	11	9		
""	"3295.497863137"	"1.3033e+05"	AAA	"[24.0432160086825]"	"[24.41943897584046]"	"1s.5g"	"3G"	"5"	"1s.9h"	"3H*"	"6"	11	13		
""	"3295.498199140"	"2.6862e+03"	AAA	"[24.0432160086825]"	"[24.41943893748148]"	"1s.5g"	"3G"	"5"	"1s.9h"	"3H*"	"5"	11	11		
""	"3295.500293761"	"1.2390e+05"	AAA	"[24.0432163209841]"	"[24.41943901065559]"	"1s.5g"	"3G"	"3"	"1s.9h"	"3H*"	"4"	7	9		
""	"3295.501906965"	"1.2780e+05"	AAA	"[24.0432165311324]"	"[24.41943903663648]"	"1s.5g"	"1G"	"4"	"1s.9h"	"1H*"	"5"	9	11		
""	"3295.502134543"	"3.064e+03"	AA	"[24.0432165311324]"	"[24.41943901065559]"	"1s.5g"	"1G"	"4"	"1s.9h"	"3H*"	"4"	9	9		
""	"3295.502775509"	"2.518e+01"	AA	"[24.0432165311324]"	"[24.41943893748148]"	"1s.5g"	"1G"	"4"	"1s.9h"	"3H*"	"5"	9	11		
""	"3295.617801728"	"1.087e+02"	AA	"[24.0432156651818]"	"[24.4194249403235]"	"1s.5g"	"3G"	"4"	"1s.9f"	"1F*"	"3"	9	7		
""	"3295.61992191"	"2.062e+03"	AA	"[24.043154084167]"	"[24.419363117280]"	"1s.5f"	"3F*"	"3"	"1s.9d"	"1D"	"2"	7	5		
""	"3295.619928406"	"3.5767e+01"	AAA	"[24.0432156651818]"	"[24.4194246975540]"	"1s.5g"	"3G"	"4"	"1s.9f"	"3F*"	"4"	9	9		
""	"3295.620376462"	"1.2627e+03"	AAA	"[24.0432156651818]"	"[24.4194246464065]"	"1s.5g"	"3G"	"4"	"1s.9f"	"3F*"	"3"	9	7		
""	"3295.622937501"	"1.3474e+03"	AAA	"[24.0432160086825]"	"[24.4194246975540]"	"1s.5g"	"3G"	"5"	"1s.9f"	"3F*"	"4"	11	9		
""	"3295.623546609"	"2.014e+01"	AA	"[24.0432163209841]"	"[24.4194249403235]"	"1s.5g"	"3G"	"3"	"1s.9f"	"1F*"	"3"	7	7		
""	"3295.624852522"	"1.4174e+03"	AAA	"[24.0432163209841]"	"[24.4194247912483]"	"1s.5g"	"3G"	"3"	"1s.9f"	"3F*"	"2"	7	5		
""	"3295.625387529"	"1.2885e+03"	AAA	"[24.0432165311324]"	"[24.4194249403235]"	"1s.5g"	"1G"	"4"	"1s.9f"	"1F*"	"3"	9	7		
""	"3295.626121352"	"6.8452e+01"	AAA	"[24.0432163209841]"	"[24.4194246464065]"	"1s.5g"	"3G"	"3"	"1s.9f"	"3F*"	"3"	7	7		
""	"3295.627514217"	"3.314e+01"	AA	"[24.0432165311324]"	"[24.4194246975540]"	"1s.5g"	"1G"	"4"	"1s.9f"	"3F*"	"4"	9	9		
""	"3295.627962274"	"8.630e+01"	AA	"[24.0432165311324]"	"[24.4194246464065]"	"1s.5g"	"1G"	"4"	"1s.9f"	"3F*"	"3"	9	7		
""	"3295.63362514"	"4.9347e+03"	AAA	"[24.043155648442]"	"[24.419363117280]"	"1s.5f"	"1F*"	"3"	"1s.9d"	"1D"	"2"	7	5		
""	"3295.86117485"	"4.4277e+03"	AAA	"[24.043154084167]"	"[24.419335579246]"	"1s.5f"	"3F*"	"3"	"1s.9d"	"3D"	"2"	7	5		
""	"3295.86129947"	"3.9052e+02"	AAA	"[24.043154084167]"	"[24.419335565023]"	"1s.5f"	"3F*"	"3"	"1s.9d"	"3D"	"3"	7	7		
""	"3295.86464340"	"6.4780e+03"	AAA	"[24.043154465835]"	"[24.419335565023]"	"1s.5f"	"3F*"	"4"	"1s.9d"	"3D"	"3"	9	7		
""	"3295.86755321"	"7.0538e+03"	AAA	"[24.043155012649]"	"[24.419335779720]"	"1s.5f"	"3F*"	"2"	"1s.9d"	"3D"	"1"	5	3		
""	"3295.86930964"	"7.8370e+02"	AAA	"[24.043155012649]"	"[24.419335579246]"	"1s.5f"	"3F*"	"2"	"1s.9d"	"3D"	"2"	5	5		
""	"3295.86943425"	"1.5995e+01"	AAA	"[24.043155012649]"	"[24.419335565023]"	"1s.5f"	"3F*"	"2"	"1s.9d"	"3D"	"3"	5	7		
""	"3295.87488009"	"1.842e+03"	AA	"[24.043155648442]"	"[24.419335579246]"	"1s.5f"	"1F*"	"3"	"1s.9d"	"3D"	"2"	7	5		
""	"3295.87500470"	"1.693e+02"	AA	"[24.043155648442]"	"[24.419335565023]"	"1s.5f"	"1F*"	"3"	"1s.9d"	"3D"	"3"	7	7		
""	"3313.2547459"	"2.5863e+04"	AAA	"[24.042662321526]"	"[24.41686897915]"	"1s.5d"	"3D"	"2"	"1s.9p"	"3P*"	"1"	5	3		
""	"3313.2548679"	"2.8970e+04"	AAA	"[24.042662242088]"	"[24.41686888593]"	"1s.5d"	"3D"	"3"	"1s.9p"	"3P*"	"2"	7	5		
""	"3313.2549874"	"3.4488e+04"	AAA	"[24.042663494166]"	"[24.41687012452]"	"1s.5d"	"3D"	"1"	"1s.9p"	"3P*"	"0"	3	1		
""	"3313.2555713"	"5.1727e+03"	AAA	"[24.042662321526]"	"[24.41686888593]"	"1s.5d"	"3D"	"2"	"1s.9p"	"3P*"	"2"	5	5		
""	"3313.2651286"	"8.6220e+03"	AAA	"[24.042663494166]"	"[24.41686897915]"	"1s.5d"	"3D"	"1"	"1s.9p"	"3P*"	"1"	3	3		
""	"3313.2659540"	"3.4488e+02"	AAA	"[24.042663494166]"	"[24.41686888593]"	"1s.5d"	"3D"	"1"	"1s.9p"	"3P*"	"2"	3	5		
""	"3318.966130"	"1.3542e+05"	AAA	"[24.04580040653]"	"[24.419363117280]"	"1s.5p"	"1P*"	"1"	"1s.9d"	"1D"	"2"	3	5		
""	"3330.850807"	"2.9323e+05"	AAA	"[23.673570590]"	"[24.04580040653]"	"1s.4s"	"1S"	"0"	"1s.5p"	"1P*"	"1"	1	3		
""	"3357.886706"	"7.0191e-01"	AAA	"[23.673570590]"	"[24.042803412125]"	"1s.4s"	"1S"	"0"	"1s.5d"	"1D"	"2"	1	5	E2	
""	"3366.504182"	"1.3565e+05"	AAA	"[24.04580040653]"	"[24.41408807749]"	"1s.5p"	"1P*"	"1"	"1s.9s"	"1S"	"0"	3	1		
""	"3403.805551"	"5.2980e+04"	AAA	"[24.0112149898]"	"[24.375466697350]"	"1s.5s"	"1S"	"0"	"1s.8p"	"1P*"	"1"	1	3		
""	"3559.475470"	"2.966e-02"	AA	"[20.615774823]"	"[20.96409636464]"	"1s.2s"	"1S"	"0"	"1s.2p"	"3P*"	"1"	1	3		
""	"3578.250331"	"1.010e+01"	AA	"[24.0282256244]"	"[24.374719544511]"	"1s.5p"	"3P*"	"1"	"1s.8d"	"1D"	"2"	3	5		
""	"3578.640718"	"4.9541e+03"	AAA	"[24.0282250640]"	"[24.374681185743]"	"1s.5p"	"3P*"	"2"	"1s.8d"	"3D"	"1"	5	3		
""	"3578.643667"	"4.4583e+04"	AAA	"[24.0282250640]"	"[24.374680900214]"	"1s.5p"	"3P*"	"2"	"1s.8d"	"3D"	"2"	5	5		
""	"3578.643875"	"1.7835e+05"	AAA	"[24.0282250640]"	"[24.374680880069]"	"1s.5p"	"3P*"	"2"	"1s.8d"	"3D"	"3"	5	7		
""	"3578.646507"	"7.4311e+04"	AAA	"[24.0282256244]"	"[24.374681185743]"	"1s.5p"	"3P*"	"1"	"1s.8d"	"3D"	"1"	3	3		
""	"3578.649456"	"1.3375e+05"	AAA	"[24.0282256244]"	"[24.374680900214]"	"1s.5p"	"3P*"	"1"	"1s.8d"	"3D"	"2"	3	5		
""	"3578.717517"	"9.9081e+04"	AAA	"[24.0282324989]"	"[24.374681185743]"	"1s.5p"	"3P*"	"0"	"1s.8d"	"3D"	"1"	1	3		
""	"3701.991277"	"3.276e+01"	AA	"[23.7078912279]"	"[24.042803412125]"	"1s.4p"	"3P*"	"2"	"1s.5d"	"1D"	"2"	5	5		
""	"3702.003606"	"9.122e+01"	AA	"[23.7078923433]"	"[24.042803412125]"	"1s.4p"	"3P*"	"1"	"1s.5d"	"1D"	"2"	3	5		
""	"3703.538523"	"3.5536e+04"	AAA	"[23.7078912279]"	"[24.042663494166]"	"1s.4p"	"3P*"	"2"	"1s.5d"	"3D"	"1"	5	3		
""	"3703.550862"	"5.3303e+05"	AAA	"[23.7078923433]"	"[24.042663494166]"	"1s.4p"	"3P*"	"1"	"1s.5d"	"3D"	"1"	3	3		
""	"3703.551496"	"3.1979e+05"	AAA	"[23.7078912279]"	"[24.042662321526]"	"1s.4p"	"3P*"	"2"	"1s.5d"	"3D"	"2"	5	5		
""	"3703.552374"	"1.2793e+06"	AAA	"[23.7078912279]"	"[24.042662242088]"	"1s.4p"	"3P*"	"2"	"1s.5d"	"3D"	"3"	5	7		
""	"3703.563835"	"9.5937e+05"	AAA	"[23.7078923433]"	"[24.042662321526]"	"1s.4p"	"3P*"	"1"	"1s.5d"	"3D"	"2"	3	5		
""	"3703.702195"	"7.1071e+05"	AAA	"[23.7079060221]"	"[24.042663494166]"	"1s.4p"	"3P*"	"0"	"1s.5d"	"3D"	"1"	1	3		
""	"3727.0177967"	"2.8583e+04"	AAA	"[24.042803412125]"	"[24.375466697350]"	"1s.5d"	"1D"	"2"	"1s.8p"	"1P*"	"1"	5	3		
""	"3730.862837"	"3.3712e+04"	AAA	"[23.9719714182]"	"[24.30429185947]"	"1s.5s"	"3S"	"1"	"1s.7p"	"3P*"	"0"	3	1		
""	"3730.890430"	"3.3712e+04"	AAA	"[23.9719714182]"	"[24.30428940164]"	"1s.5s"	"3S"	"1"	"1s.7p"	"3P*"	"1"	3	3		
""	"3730.892677"	"3.3712e+04"	AAA	"[23.9719714182]"	"[24.30428920147]"	"1s.5s"	"3S"	"1"	"1s.7p"	"3P*"	"2"	3	5		
""	"3732.8325138"	"7.237e+03"	AA	"[24.042662242088]"	"[24.3748073302369]"	"1s.5d"	"3D"	"3"	"1s.8f"	"1F*"	"3"	7	7		
""	"3732.8334065"	"5.568e+04"	AA	"[24.042662321526]"	"[24.3748073302369]"	"1s.5d"	"3D"	"2"	"1s.8f"	"1F*"	"3"	5	7		
""	"3732.8348136"	"1.2278e+03"	AAA	"[24.042662242088]"	"[24.3748071255995]"	"1s.5d"	"3D"	"3"	"1s.8f"	"3F*"	"2"	7	5		
""	"3732.8357064"	"4.2968e+04"	AAA	"[24.042662321526]"	"[24.3748071255995]"	"1s.5d"	"3D"	"2"	"1s.8f"	"3F*"	"2"	5	5		
""	"3732.8363130"	"2.7625e+05"	AAA	"[24.042662242088]"	"[24.3748069921824]"	"1s.5d"	"3D"	"3"	"1s.8f"	"3F*"	"4"	7	9		
""	"3732.8371573"	"2.3458e+04"	AAA	"[24.042662242088]"	"[24.3748069170618]"	"1s.5d"	"3D"	"3"	"1s.8f"	"3F*"	"3"	7	7		
""	"3732.8380500"	"1.8988e+05"	AAA	"[24.042662321526]"	"[24.3748069170618]"	"1s.5d"	"3D"	"2"	"1s.8f"	"3F*"	"3"	5	7		
""	"3732.8488852"	"2.3205e+05"	AAA	"[24.042663494166]"	"[24.3748071255995]"	"1s.5d"	"3D"	"1"	"1s.8f"	"3F*"	"2"	3	5		
""	"3734.41973631"	"2.1319e+05"	AAA	"[24.042803412125]"	"[24.3748073302369]"	"1s.5d"	"1D"	"2"	"1s.8f"	"1F*"	"3"	5	7		
""	"3734.42438376"	"6.287e+04"	AA	"[24.042803412125]"	"[24.3748069170618]"	"1s.5d"	"1D"	"2"	"1s.8f"	"3F*"	"3"	5	7		
""	"3738.18765791"	"8.416e+03"	AA	"[24.043154084167]"	"[24.3748233575671]"	"1s.5f"	"3F*"	"3"	"1s.8g"	"1G"	"4"	7	9		
""	"3738.18823846"	"1.7597e+04"	AAA	"[24.043154084167]"	"[24.3748233060576]"	"1s.5f"	"3F*"	"3"	"1s.8g"	"3G"	"3"	7	7		
""	"3738.19004083"	"2.9181e+05"	AAA	"[24.043154084167]"	"[24.3748231461435]"	"1s.5f"	"3F*"	"3"	"1s.8g"	"3G"	"4"	7	9		
""	"3738.19195963"	"9.418e+03"	AA	"[24.043154465835]"	"[24.3748233575671]"	"1s.5f"	"3F*"	"4"	"1s.8g"	"1G"	"4"	9	9		
""	"3738.19254018"	"4.0040e+02"	AAA	"[24.043154465835]"	"[24.3748233060576]"	"1s.5f"	"3F*"	"4"	"1s.8g"	"3G"	"3"	9	7		
""	"3738.19339936"	"3.1391e+05"	AAA	"[24.043154465835]"	"[24.3748232298280]"	"1s.5f"	"3F*"	"4"	"1s.8g"	"3G"	"5"	9	11		
""	"3738.19434255"	"1.0202e+04"	AAA	"[24.043154465835]"	"[24.3748231461435]"	"1s.5f"	"3F*"	"4"	"1s.8g"	"3G"	"4"	9	9		
""	"3738.19870325"	"2.8829e+05"	AAA	"[24.043155012649]"	"[24.3748233060576]"	"1s.5f"	"3F*"	"2"	"1s.8g"	"3G"	"3"	5	7		
""	"3738.20528866"	"2.9608e+05"	AAA	"[24.043155648442]"	"[24.3748233575671]"	"1s.5f"	"1F*"	"3"	"1s.8g"	"1G"	"4"	7	9		
""	"3738.20586923"	"7.629e+03"	AA	"[24.043155648442]"	"[24.3748233060576]"	"1s.5f"	"1F*"	"3"	"1s.8g"	"3G"	"3"	7	7		
""	"3738.20767161"	"1.190e+04"	AA	"[24.043155648442]"	"[24.3748231461435]"	"1s.5f"	"1F*"	"3"	"1s.8g"	"3G"	"4"	7	9		
""	"3738.838739809"	"9.272e+00"	AA	"[24.0432156651818]"	"[24.37482718164840]"	"1s.5g"	"3G"	"4"	"1s.8h"	"1H*"	"5"	9	11		
""	"3738.839156884"	"5.9389e+03"	AAA	"[24.0432156651818]"	"[24.37482714465648]"	"1s.5g"	"3G"	"4"	"1s.8h"	"3H*"	"4"	9	9		
""	"3738.840331580"	"2.2915e+05"	AAA	"[24.0432156651818]"	"[24.37482704046834]"	"1s.5g"	"3G"	"4"	"1s.8h"	"3H*"	"5"	9	11		
""	"3738.842612699"	"4.538e+03"	AA	"[24.0432160086825]"	"[24.37482718164840]"	"1s.5g"	"3G"	"5"	"1s.8h"	"1H*"	"5"	11	11		
""	"3738.843029775"	"1.1556e+02"	AAA	"[24.0432160086825]"	"[24.37482714465648]"	"1s.5g"	"3G"	"5"	"1s.8h"	"3H*"	"4"	11	9		
""	"3738.843588683"	"2.3402e+05"	AAA	"[24.0432160086825]"	"[24.37482709508499]"	"1s.5g"	"3G"	"5"	"1s.8h"	"3H*"	"6"	11	13		
""	"3738.844204474"	"4.8232e+03"	AAA	"[24.0432160086825]"	"[24.37482704046834]"	"1s.5g"	"3G"	"5"	"1s.8h"	"3H*"	"5"	11	11		
""	"3738.846550911"	"2.2246e+05"	AAA	"[24.0432163209841]"	"[24.37482714465648]"	"1s.5g"	"3G"	"3"	"1s.8h"	"3H*"	"4"	7	9		
""	"3738.848503215"	"2.2947e+05"	AAA	"[24.0432165311324]"	"[24.37482718164840]"	"1s.5g"	"1G"	"4"	"1s.8h"	"1H*"	"5"	9	11		
""	"3738.848920292"	"5.502e+03"	AA	"[24.0432165311324]"	"[24.37482714465648]"	"1s.5g"	"1G"	"4"	"1s.8h"	"3H*"	"4"	9	9		
""	"3738.850094995"	"4.520e+01"	AA	"[24.0432165311324]"	"[24.37482704046834]"	"1s.5g"	"1G"	"4"	"1s.8h"	"3H*"	"5"	9	11		
""	"3739.062573018"	"1.717e+02"	AA	"[24.0432156651818]"	"[24.3748073302369]"	"1s.5g"	"3G"	"4"	"1s.8f"	"1F*"	"3"	9	7		
""	"3739.066384960"	"6.0558e+01"	AAA	"[24.0432156651818]"	"[24.3748069921824]"	"1s.5g"	"3G"	"4"	"1s.8f"	"3F*"	"4"	9	9		
""	"3739.067232030"	"2.1503e+03"	AAA	"[24.0432156651818]"	"[24.3748069170618]"	"1s.5g"	"3G"	"4"	"1s.8f"	"3F*"	"3"	9	7		
""	"3739.069967928"	"3.537e+01"	AA	"[24.0432163209841]"	"[24.3748073302369]"	"1s.5g"	"3G"	"3"	"1s.8f"	"1F*"	"3"	7	7		
""	"3739.070258322"	"2.2814e+03"	AAA	"[24.0432160086825]"	"[24.3748069921824]"	"1s.5g"	"3G"	"5"	"1s.8f"	"3F*"	"4"	11	9		
""	"3739.072275452"	"2.3999e+03"	AAA	"[24.0432163209841]"	"[24.3748071255995]"	"1s.5g"	"3G"	"3"	"1s.8f"	"3F*"	"2"	7	5		
""	"3739.072337593"	"2.1927e+03"	AAA	"[24.0432165311324]"	"[24.3748073302369]"	"1s.5g"	"1G"	"4"	"1s.8f"	"1F*"	"3"	9	7		
""	"3739.074626959"	"1.1463e+02"	AAA	"[24.0432163209841]"	"[24.3748069170618]"	"1s.5g"	"3G"	"3"	"1s.8f"	"3F*"	"3"	7	7		
""	"3739.076149555"	"5.610e+01"	AA	"[24.0432165311324]"	"[24.3748069921824]"	"1s.5g"	"1G"	"4"	"1s.8f"	"3F*"	"4"	9	9		
""	"3739.076996629"	"1.350e+02"	AA	"[24.0432165311324]"	"[24.3748069170618]"	"1s.5g"	"1G"	"4"	"1s.8f"	"3F*"	"3"	9	7		
""	"3739.35808345"	"3.268e+03"	AA	"[24.043154084167]"	"[24.374719544511]"	"1s.5f"	"3F*"	"3"	"1s.8d"	"1D"	"2"	7	5		
""	"3739.37572525"	"7.8248e+03"	AAA	"[24.043155648442]"	"[24.374719544511]"	"1s.5f"	"1F*"	"3"	"1s.8d"	"1D"	"2"	7	5		
""	"3739.79396030"	"7.0195e+03"	AAA	"[24.043154084167]"	"[24.374680900214]"	"1s.5f"	"3F*"	"3"	"1s.8d"	"3D"	"2"	7	5		
""	"3739.79418755"	"6.1901e+02"	AAA	"[24.043154084167]"	"[24.374680880069]"	"1s.5f"	"3F*"	"3"	"1s.8d"	"3D"	"3"	7	7		
""	"3739.79849297"	"1.0268e+04"	AAA	"[24.043154465835]"	"[24.374680880069]"	"1s.5f"	"3F*"	"4"	"1s.8d"	"3D"	"3"	9	7		
""	"3739.80121316"	"1.1181e+04"	AAA	"[24.043155012649]"	"[24.374681185743]"	"1s.5f"	"3F*"	"2"	"1s.8d"	"3D"	"1"	5	3		
""	"3739.80443409"	"1.2422e+03"	AAA	"[24.043155012649]"	"[24.374680900214]"	"1s.5f"	"3F*"	"2"	"1s.8d"	"3D"	"2"	5	5		
""	"3739.80466134"	"2.5353e+01"	AAA	"[24.043155012649]"	"[24.374680880069]"	"1s.5f"	"3F*"	"2"	"1s.8d"	"3D"	"3"	5	7		
""	"3739.81160622"	"2.919e+03"	AA	"[24.043155648442]"	"[24.374680900214]"	"1s.5f"	"1F*"	"3"	"1s.8d"	"3D"	"2"	7	5		
""	"3739.81183347"	"2.684e+02"	AA	"[24.043155648442]"	"[24.374680880069]"	"1s.5f"	"1F*"	"3"	"1s.8d"	"3D"	"3"	7	7		
""	"3758.474117"	"1.3567e+05"	AAA	"[24.0282250640]"	"[24.3581041440]"	"1s.5p"	"3P*"	"2"	"1s.8s"	"3S"	"1"	5	3		
""	"3758.480503"	"8.1405e+04"	AAA	"[24.0282256244]"	"[24.3581041440]"	"1s.5p"	"3P*"	"1"	"1s.8s"	"3S"	"1"	3	3		
""	"3758.558830"	"2.7135e+04"	AAA	"[24.0282324989]"	"[24.3581041440]"	"1s.5p"	"3P*"	"0"	"1s.8s"	"3S"	"1"	1	3		
""	"3769.443128"	"1.9526e+05"	AAA	"[24.04580040653]"	"[24.374719544511]"	"1s.5p"	"1P*"	"1"	"1s.8d"	"1D"	"2"	3	5		
""	"3769.886047"	"1.518e+01"	AA	"[24.04580040653]"	"[24.374680900214]"	"1s.5p"	"1P*"	"1"	"1s.8d"	"3D"	"2"	3	5		
""	"3774.2048500"	"5.2294e+04"	AAA	"[24.042663494166]"	"[24.37116765163]"	"1s.5d"	"3D"	"1"	"1s.8p"	"3P*"	"0"	3	1		
""	"3774.2101915"	"3.9217e+04"	AAA	"[24.042662321526]"	"[24.37116601407]"	"1s.5d"	"3D"	"2"	"1s.8p"	"3P*"	"1"	5	3		
""	"3774.2108103"	"4.3927e+04"	AAA	"[24.042662242088]"	"[24.37116588077]"	"1s.5d"	"3D"	"3"	"1s.8p"	"3P*"	"2"	7	5		
""	"3774.2117229"	"7.8433e+03"	AAA	"[24.042662321526]"	"[24.37116588077]"	"1s.5d"	"3D"	"2"	"1s.8p"	"3P*"	"2"	5	5		
""	"3774.2236641"	"1.3073e+04"	AAA	"[24.042663494166]"	"[24.37116601407]"	"1s.5d"	"3D"	"1"	"1s.8p"	"3P*"	"1"	3	3		
""	"3774.2251956"	"5.2294e+02"	AAA	"[24.042663494166]"	"[24.37116588077]"	"1s.5d"	"3D"	"1"	"1s.8p"	"3P*"	"2"	3	5		
""	"3857.873087"	"2.0203e+05"	AAA	"[24.04580040653]"	"[24.3671800778]"	"1s.5p"	"1P*"	"1"	"1s.8s"	"1S"	"0"	3	1		
""	"4003.234361"	"2.005e+01"	AA	"[23.73609033897]"	"[24.04580040653]"	"1s.4d"	"3D"	"2"	"1s.5p"	"1P*"	"1"	5	3		
""	"4006.399746"	"1.6330e+05"	AAA	"[23.73633503536]"	"[24.04580040653]"	"1s.4d"	"1D"	"2"	"1s.5p"	"1P*"	"1"	5	3		
""	"4037.7123205"	"8.689e+04"	AA	"[23.73609019010]"	"[24.043155648442]"	"1s.4d"	"3D"	"3"	"1s.5f"	"1F*"	"3"	7	7		
""	"4037.7142780"	"6.697e+05"	AA	"[23.73609033897]"	"[24.043155648442]"	"1s.4d"	"3D"	"2"	"1s.5f"	"1F*"	"3"	5	7		
""	"4037.7206807"	"1.1492e+04"	AAA	"[23.73609019010]"	"[24.043155012649]"	"1s.4d"	"3D"	"3"	"1s.5f"	"3F*"	"2"	7	5		
""	"4037.7226383"	"4.0218e+05"	AAA	"[23.73609033897]"	"[24.043155012649]"	"1s.4d"	"3D"	"2"	"1s.5f"	"3F*"	"2"	5	5		
""	"4037.7278710"	"2.5858e+06"	AAA	"[23.73609019010]"	"[24.043154465835]"	"1s.4d"	"3D"	"3"	"1s.5f"	"3F*"	"4"	7	9		
""	"4037.7328898"	"2.0042e+05"	AAA	"[23.73609019010]"	"[24.043154084167]"	"1s.4d"	"3D"	"3"	"1s.5f"	"3F*"	"3"	7	7		
""	"4037.7348473"	"1.6288e+06"	AAA	"[23.73609033897]"	"[24.043154084167]"	"1s.4d"	"3D"	"2"	"1s.5f"	"3F*"	"3"	5	7		
""	"4037.7528309"	"2.1720e+06"	AAA	"[23.73609263507]"	"[24.043155012649]"	"1s.4d"	"3D"	"1"	"1s.5f"	"3F*"	"2"	3	5		
""	"4040.9344466"	"1.8294e+06"	AAA	"[23.73633503536]"	"[24.043155648442]"	"1s.4d"	"1D"	"2"	"1s.5f"	"1F*"	"3"	5	7		
""	"4040.9428203"	"5.211e+01"	AA	"[23.73633503536]"	"[24.043155012649]"	"1s.4d"	"1D"	"2"	"1s.5f"	"3F*"	"2"	5	5		
""	"4040.9550488"	"7.567e+05"	AA	"[23.73633503536]"	"[24.043154084167]"	"1s.4d"	"1D"	"2"	"1s.5f"	"3F*"	"3"	5	7		
""	"4048.99611766"	"4.245e+04"	AA	"[23.737006806968]"	"[24.0432165311324]"	"1s.4f"	"3F*"	"3"	"1s.5g"	"1G"	"4"	7	9		
""	"4048.99889644"	"2.1731e+05"	AAA	"[23.737006806968]"	"[24.0432163209841]"	"1s.4f"	"3F*"	"3"	"1s.5g"	"3G"	"3"	7	7		
""	"4049.00756812"	"4.0469e+06"	AAA	"[23.737006806968]"	"[24.0432156651818]"	"1s.4f"	"3F*"	"3"	"1s.5g"	"3G"	"4"	7	9		
""	"4049.00782286"	"1.280e+05"	AA	"[23.737007692183]"	"[24.0432165311324]"	"1s.4f"	"3F*"	"4"	"1s.5g"	"1G"	"4"	9	9		
""	"4049.01060165"	"5.4316e+03"	AAA	"[23.737007692183]"	"[24.0432163209841]"	"1s.4f"	"3F*"	"4"	"1s.5g"	"3G"	"3"	9	7		
""	"4049.01473124"	"4.2584e+06"	AAA	"[23.737007692183]"	"[24.0432160086825]"	"1s.4f"	"3F*"	"4"	"1s.5g"	"3G"	"5"	9	11		
""	"4049.01927338"	"1.3816e+05"	AAA	"[23.737007692183]"	"[24.0432156651818]"	"1s.4f"	"3F*"	"4"	"1s.5g"	"3G"	"4"	9	9		
""	"4049.02473108"	"3.9107e+06"	AAA	"[23.737008760725]"	"[24.0432163209841]"	"1s.4f"	"3F*"	"2"	"1s.5g"	"3G"	"3"	5	7		
""	"4049.03466456"	"4.0879e+06"	AAA	"[23.737009722091]"	"[24.0432165311324]"	"1s.4f"	"1F*"	"3"	"1s.5g"	"1G"	"4"	7	9		
""	"4049.03744339"	"1.249e+05"	AA	"[23.737009722091]"	"[24.0432163209841]"	"1s.4f"	"1F*"	"3"	"1s.5g"	"3G"	"3"	7	7		
""	"4049.04611523"	"7.332e+04"	AA	"[23.737009722091]"	"[24.0432156651818]"	"1s.4f"	"1F*"	"3"	"1s.5g"	"3G"	"4"	7	9		
""	"4054.4661498"	"1.833e+04"	AA	"[23.737006806968]"	"[24.042803412125]"	"1s.4f"	"3F*"	"3"	"1s.5d"	"1D"	"2"	7	5		
""	"4054.5048009"	"3.3200e+04"	AAA	"[23.737009722091]"	"[24.042803412125]"	"1s.4f"	"1F*"	"3"	"1s.5d"	"1D"	"2"	7	5		
""	"4056.3376915"	"2.9793e+04"	AAA	"[23.737006806968]"	"[24.042662321526]"	"1s.4f"	"3F*"	"3"	"1s.5d"	"3D"	"2"	7	5		
""	"4056.3387458"	"2.6178e+03"	AAA	"[23.737006806968]"	"[24.042662242088]"	"1s.4f"	"3F*"	"3"	"1s.5d"	"3D"	"3"	7	7		
""	"4056.3480577"	"5.1938e+04"	AAA	"[23.737008760725]"	"[24.042663494166]"	"1s.4f"	"3F*"	"2"	"1s.5d"	"3D"	"1"	5	3		
""	"4056.3504934"	"4.7698e+04"	AAA	"[23.737007692183]"	"[24.042662242088]"	"1s.4f"	"3F*"	"4"	"1s.5d"	"3D"	"3"	9	7		
""	"4056.3636199"	"5.7703e+03"	AAA	"[23.737008760725]"	"[24.042662321526]"	"1s.4f"	"3F*"	"2"	"1s.5d"	"3D"	"2"	5	5		
""	"4056.3646742"	"1.1777e+02"	AAA	"[23.737008760725]"	"[24.042662242088]"	"1s.4f"	"3F*"	"2"	"1s.5d"	"3D"	"3"	5	7		
""	"4056.3763784"	"1.638e+04"	AA	"[23.737009722091]"	"[24.042662321526]"	"1s.4f"	"1F*"	"3"	"1s.5d"	"3D"	"2"	7	5		
""	"4056.3774326"	"1.504e+03"	AA	"[23.737009722091]"	"[24.042662242088]"	"1s.4f"	"1F*"	"3"	"1s.5d"	"3D"	"3"	7	7		
""	"4082.048549"	"4.5190e-01"	AAA	"[23.74207006880]"	"[24.04580040653]"	"1s.4p"	"1P*"	"1"	"1s.5p"	"1P*"	"1"	3	3	E2	
""	"4122.728696"	"1.5254e+06"	AAA	"[23.74207006880]"	"[24.042803412125]"	"1s.4p"	"1P*"	"1"	"1s.5d"	"1D"	"2"	3	5		
""	"4124.663803"	"1.507e+02"	AA	"[23.74207006880]"	"[24.042662321526]"	"1s.4p"	"1P*"	"1"	"1s.5d"	"3D"	"2"	3	5		
""	"4139.800269"	"7.2156e+04"	AAA	"[24.0112149898]"	"[24.31070817873]"	"1s.5s"	"1S"	"0"	"1s.7p"	"1P*"	"1"	1	3		
""	"4244.001376"	"3.2711e+05"	AAA	"[23.73609263507]"	"[24.0282324989]"	"1s.4d"	"3D"	"1"	"1s.5p"	"3P*"	"0"	3	1		
""	"4244.067889"	"2.4530e+05"	AAA	"[23.73609033897]"	"[24.0282256244]"	"1s.4d"	"3D"	"2"	"1s.5p"	"3P*"	"1"	5	3		
""	"4244.073869"	"2.7478e+05"	AAA	"[23.73609019010]"	"[24.0282250640]"	"1s.4d"	"3D"	"3"	"1s.5p"	"3P*"	"2"	7	5		
""	"4244.076031"	"4.9061e+04"	AAA	"[23.73609033897]"	"[24.0282250640]"	"1s.4d"	"3D"	"2"	"1s.5p"	"3P*"	"2"	5	5		
""	"4244.101247"	"8.1779e+04"	AAA	"[23.73609263507]"	"[24.0282256244]"	"1s.4d"	"3D"	"1"	"1s.5p"	"3P*"	"1"	3	3		
""	"4244.109389"	"3.2711e+03"	AAA	"[23.73609263507]"	"[24.0282250640]"	"1s.4d"	"3D"	"1"	"1s.5p"	"3P*"	"2"	3	5		
""	"4247.625757"	"3.076e+01"	AA	"[23.73633503536]"	"[24.0282256244]"	"1s.4d"	"1D"	"2"	"1s.5p"	"3P*"	"1"	5	3		
""	"4247.633913"	"6.356e+00"	AA	"[23.73633503536]"	"[24.0282250640]"	"1s.4d"	"1D"	"2"	"1s.5p"	"3P*"	"2"	5	5		
""	"4295.41657"	"1.0736e+06"	AAA	"[22.718466419]"	"[23.0071094335]"	"1s.3s"	"3S"	"1"	"1s.3p"	"3P*"	"0"	3	1		
""	"4295.91607"	"1.0736e+06"	AAA	"[22.718466419]"	"[23.0070758719]"	"1s.3s"	"3S"	"1"	"1s.3p"	"3P*"	"1"	3	3		
""	"4295.95665"	"1.0736e+06"	AAA	"[22.718466419]"	"[23.00707314571]"	"1s.3s"	"3S"	"1"	"1s.3p"	"3P*"	"2"	3	5		
""	"4406.410681"	"5.472e+00"	AA	"[24.0282250640]"	"[24.309597381304]"	"1s.5p"	"3P*"	"2"	"1s.7d"	"1D"	"2"	5	5		
""	"4406.419458"	"1.524e+01"	AA	"[24.0282256244]"	"[24.309597381304]"	"1s.5p"	"3P*"	"1"	"1s.7d"	"1D"	"2"	3	5		
""	"4407.288273"	"7.1691e+03"	AAA	"[24.0282250640]"	"[24.309541353601]"	"1s.5p"	"3P*"	"2"	"1s.7d"	"3D"	"1"	5	3		
""	"4407.294954"	"6.4516e+04"	AAA	"[24.0282250640]"	"[24.309540927161]"	"1s.5p"	"3P*"	"2"	"1s.7d"	"3D"	"2"	5	5		
""	"4407.295422"	"2.5809e+05"	AAA	"[24.0282250640]"	"[24.309540897300]"	"1s.5p"	"3P*"	"2"	"1s.7d"	"3D"	"3"	5	7		
""	"4407.297054"	"1.0754e+05"	AAA	"[24.0282256244]"	"[24.309541353601]"	"1s.5p"	"3P*"	"1"	"1s.7d"	"3D"	"1"	3	3		
""	"4407.303735"	"1.9355e+05"	AAA	"[24.0282256244]"	"[24.309540927161]"	"1s.5p"	"3P*"	"1"	"1s.7d"	"3D"	"2"	3	5		
""	"4407.404758"	"1.4338e+05"	AAA	"[24.0282324989]"	"[24.309541353601]"	"1s.5p"	"3P*"	"0"	"1s.7d"	"3D"	"1"	1	3		
""	"4420.436007"	"8.4323e+03"	AAA	"[24.1689982232]"	"[24.44947779185]"	"1s.6s"	"3S"	"1"	"1s.10p"	"3P*"	"0"	3	1		
""	"4420.449125"	"8.4323e+03"	AAA	"[24.1689982232]"	"[24.44947695951]"	"1s.6s"	"3S"	"1"	"1s.10p"	"3P*"	"1"	3	3		
""	"4420.450192"	"8.4323e+03"	AAA	"[24.1689982232]"	"[24.44947689179]"	"1s.6s"	"3S"	"1"	"1s.10p"	"3P*"	"2"	3	5		
""	"4510.485266"	"3.8108e-01"	AAA	"[23.73633503536]"	"[24.0112149898]"	"1s.4d"	"1D"	"2"	"1s.5s"	"1S"	"0"	5	1	E2	
""	"4606.59625"	"1.4961e+06"	AAA	"[23.74207006880]"	"[24.0112149898]"	"1s.4p"	"1P*"	"1"	"1s.5s"	"1S"	"0"	3	1		
""	"4627.920585"	"4.6719e+04"	AAA	"[24.042803412125]"	"[24.31070817873]"	"1s.5d"	"1D"	"2"	"1s.7p"	"1P*"	"1"	5	3		
""	"4642.4613619"	"1.198e+04"	AA	"[24.042662242088]"	"[24.3097278970701]"	"1s.5d"	"3D"	"3"	"1s.7f"	"1F*"	"3"	7	7		
""	"4642.4627427"	"9.225e+04"	AA	"[24.042662321526]"	"[24.3097278970701]"	"1s.5d"	"3D"	"2"	"1s.7f"	"1F*"	"3"	5	7		
""	"4642.4663943"	"1.9282e+03"	AAA	"[24.042662242088]"	"[24.3097276075680]"	"1s.5d"	"3D"	"3"	"1s.7f"	"3F*"	"2"	7	5		
""	"4642.4677752"	"6.7481e+04"	AAA	"[24.042662321526]"	"[24.3097276075680]"	"1s.5d"	"3D"	"2"	"1s.7f"	"3F*"	"2"	5	5		
""	"4642.4698567"	"4.3385e+05"	AAA	"[24.042662242088]"	"[24.3097274083893]"	"1s.5d"	"3D"	"3"	"1s.7f"	"3F*"	"4"	7	9		
""	"4642.4718945"	"3.6230e+04"	AAA	"[24.042662242088]"	"[24.3097272911601]"	"1s.5d"	"3D"	"3"	"1s.7f"	"3F*"	"3"	7	7		
""	"4642.4732754"	"2.9340e+05"	AAA	"[24.042662321526]"	"[24.3097272911601]"	"1s.5d"	"3D"	"2"	"1s.7f"	"3F*"	"3"	5	7		
""	"4642.4881596"	"3.6443e+05"	AAA	"[24.042663494166]"	"[24.3097276075680]"	"1s.5d"	"3D"	"1"	"1s.7f"	"3F*"	"2"	3	5		
""	"4644.9166497"	"3.2955e+05"	AAA	"[24.042803412125]"	"[24.3097278970701]"	"1s.5d"	"1D"	"2"	"1s.7f"	"1F*"	"3"	5	7		
""	"4644.9216875"	"6.893e+00"	AA	"[24.042803412125]"	"[24.3097276075680]"	"1s.5d"	"1D"	"2"	"1s.7f"	"3F*"	"2"	5	5		
""	"4644.9271935"	"1.042e+05"	AA	"[24.042803412125]"	"[24.3097272911601]"	"1s.5d"	"1D"	"2"	"1s.7f"	"3F*"	"3"	5	7		
""	"4650.61549088"	"1.475e+04"	AA	"[24.043154084167]"	"[24.3097514811699]"	"1s.5f"	"3F*"	"3"	"1s.7g"	"1G"	"4"	7	9		
""	"4650.61683088"	"3.0763e+04"	AAA	"[24.043154084167]"	"[24.3097514043543]"	"1s.5f"	"3F*"	"3"	"1s.7g"	"3G"	"3"	7	7		
""	"4650.62099617"	"5.1013e+05"	AAA	"[24.043154084167]"	"[24.3097511655788]"	"1s.5f"	"3F*"	"3"	"1s.7g"	"3G"	"4"	7	9		
""	"4650.62214884"	"1.647e+04"	AA	"[24.043154465835]"	"[24.3097514811699]"	"1s.5f"	"3F*"	"4"	"1s.7g"	"1G"	"4"	9	9		
""	"4650.62348884"	"7.0000e+02"	AAA	"[24.043154465835]"	"[24.3097514043543]"	"1s.5f"	"3F*"	"4"	"1s.7g"	"3G"	"3"	9	7		
""	"4650.62547391"	"5.4880e+05"	AAA	"[24.043154465835]"	"[24.3097512905603]"	"1s.5f"	"3F*"	"4"	"1s.7g"	"3G"	"5"	9	11		
""	"4650.62765414"	"1.7828e+04"	AAA	"[24.043154465835]"	"[24.3097511655788]"	"1s.5f"	"3F*"	"4"	"1s.7g"	"3G"	"4"	9	9		
""	"4650.63302770"	"5.0400e+05"	AAA	"[24.043155012649]"	"[24.3097514043543]"	"1s.5f"	"3F*"	"2"	"1s.7g"	"3G"	"3"	5	7		
""	"4650.64277879"	"5.1758e+05"	AAA	"[24.043155648442]"	"[24.3097514811699]"	"1s.5f"	"1F*"	"3"	"1s.7g"	"1G"	"4"	7	9		
""	"4650.64411880"	"1.334e+04"	AA	"[24.043155648442]"	"[24.3097514043543]"	"1s.5f"	"1F*"	"3"	"1s.7g"	"3G"	"3"	7	7		
""	"4650.64828414"	"2.085e+04"	AA	"[24.043155648442]"	"[24.3097511655788]"	"1s.5f"	"1F*"	"3"	"1s.7g"	"3G"	"4"	7	9		
""	"4651.592763256"	"2.017e+01"	AA	"[24.0432156651818]"	"[24.30975705163464]"	"1s.5g"	"3G"	"4"	"1s.7h"	"1H*"	"5"	9	11		
""	"4651.593726891"	"1.2920e+04"	AAA	"[24.0432156651818]"	"[24.30975699641729]"	"1s.5g"	"3G"	"4"	"1s.7h"	"3H*"	"4"	9	9		
""	"4651.596441048"	"4.9851e+05"	AAA	"[24.0432156651818]"	"[24.30975684089325]"	"1s.5g"	"3G"	"4"	"1s.7h"	"3H*"	"5"	9	11		
""	"4651.598757925"	"9.871e+03"	AA	"[24.0432160086825]"	"[24.30975705163464]"	"1s.5g"	"3G"	"5"	"1s.7h"	"1H*"	"5"	11	11		
""	"4651.599721563"	"2.5141e+02"	AAA	"[24.0432160086825]"	"[24.30975699641729]"	"1s.5g"	"3G"	"5"	"1s.7h"	"3H*"	"4"	11	9		
""	"4651.601012943"	"5.0910e+05"	AAA	"[24.0432160086825]"	"[24.30975692242005]"	"1s.5g"	"3G"	"5"	"1s.7h"	"3H*"	"6"	11	13		
""	"4651.602435727"	"1.0493e+04"	AAA	"[24.0432160086825]"	"[24.30975684089325]"	"1s.5g"	"3G"	"5"	"1s.7h"	"3H*"	"5"	11	11		
""	"4651.605171770"	"4.8396e+05"	AAA	"[24.0432163209841]"	"[24.30975699641729]"	"1s.5g"	"3G"	"3"	"1s.7h"	"3H*"	"4"	7	9		
""	"4651.607875589"	"4.9921e+05"	AAA	"[24.0432165311324]"	"[24.30975705163464]"	"1s.5g"	"1G"	"4"	"1s.7h"	"1H*"	"5"	9	11		
""	"4651.608839231"	"1.197e+04"	AA	"[24.0432165311324]"	"[24.30975699641729]"	"1s.5g"	"1G"	"4"	"1s.7h"	"3H*"	"4"	9	9		
""	"4651.611553406"	"9.834e+01"	AA	"[24.0432165311324]"	"[24.30975684089325]"	"1s.5g"	"1G"	"4"	"1s.7h"	"3H*"	"5"	9	11		
""	"4652.10161480"	"3.002e+02"	AA	"[24.0432156651818]"	"[24.3097278970701]"	"1s.5g"	"3G"	"4"	"1s.7f"	"1F*"	"3"	9	7		
""	"4652.11014498"	"1.1791e+02"	AAA	"[24.0432156651818]"	"[24.3097274083893]"	"1s.5g"	"3G"	"4"	"1s.7f"	"3F*"	"4"	9	9		
""	"4652.11219128"	"4.2206e+03"	AAA	"[24.0432156651818]"	"[24.3097272911601]"	"1s.5g"	"3G"	"4"	"1s.7f"	"3F*"	"3"	9	7		
""	"4652.11306218"	"7.255e+01"	AA	"[24.0432163209841]"	"[24.3097278970701]"	"1s.5g"	"3G"	"3"	"1s.7f"	"1F*"	"3"	7	7		
""	"4652.11614098"	"4.4418e+03"	AAA	"[24.0432160086825]"	"[24.3097274083893]"	"1s.5g"	"3G"	"5"	"1s.7f"	"3F*"	"4"	11	9		
""	"4652.11673044"	"4.2996e+03"	AAA	"[24.0432165311324]"	"[24.3097278970701]"	"1s.5g"	"1G"	"4"	"1s.7f"	"1F*"	"3"	9	7		
""	"4652.11811561"	"4.6725e+03"	AAA	"[24.0432163209841]"	"[24.3097276075680]"	"1s.5g"	"3G"	"3"	"1s.7f"	"3F*"	"2"	7	5		
""	"4652.12159240"	"3.6054e+00"	AAA	"[24.0432163209841]"	"[24.3097274083893]"	"1s.5g"	"3G"	"3"	"1s.7f"	"3F*"	"4"	7	9		
""	"4652.12363871"	"2.1949e+02"	AAA	"[24.0432163209841]"	"[24.3097272911601]"	"1s.5g"	"3G"	"3"	"1s.7f"	"3F*"	"3"	7	7		
""	"4652.12526068"	"1.092e+02"	AA	"[24.0432165311324]"	"[24.3097274083893]"	"1s.5g"	"1G"	"4"	"1s.7f"	"3F*"	"4"	9	9		
""	"4652.12730699"	"2.324e+02"	AA	"[24.0432165311324]"	"[24.3097272911601]"	"1s.5g"	"1G"	"4"	"1s.7f"	"3F*"	"3"	9	7		
""	"4653.30521598"	"5.736e+03"	AA	"[24.043154084167]"	"[24.309597381304]"	"1s.5f"	"3F*"	"3"	"1s.7d"	"1D"	"2"	7	5		
""	"4653.33253546"	"1.3745e+04"	AAA	"[24.043155648442]"	"[24.309597381304]"	"1s.5f"	"1F*"	"3"	"1s.7d"	"1D"	"2"	7	5		
""	"4654.29136963"	"1.2328e+04"	AAA	"[24.043154084167]"	"[24.309540927161]"	"1s.5f"	"3F*"	"3"	"1s.7d"	"3D"	"2"	7	5		
""	"4654.29189137"	"1.0868e+03"	AAA	"[24.043154084167]"	"[24.309540897300]"	"1s.5f"	"3F*"	"3"	"1s.7d"	"3D"	"3"	7	7		
""	"4654.29855985"	"1.8028e+04"	AAA	"[24.043154465835]"	"[24.309540897300]"	"1s.5f"	"3F*"	"4"	"1s.7d"	"3D"	"3"	9	7		
""	"4654.30014129"	"1.9630e+04"	AAA	"[24.043155012649]"	"[24.309541353601]"	"1s.5f"	"3F*"	"2"	"1s.7d"	"3D"	"1"	5	3		
""	"4654.30759205"	"2.1810e+03"	AAA	"[24.043155012649]"	"[24.309540927161]"	"1s.5f"	"3F*"	"2"	"1s.7d"	"3D"	"2"	5	5		
""	"4654.30811379"	"4.4513e+01"	AAA	"[24.043155012649]"	"[24.309540897300]"	"1s.5f"	"3F*"	"2"	"1s.7d"	"3D"	"3"	5	7		
""	"4654.31870068"	"5.122e+03"	AA	"[24.043155648442]"	"[24.309540927161]"	"1s.5f"	"1F*"	"3"	"1s.7d"	"3D"	"2"	7	5		
""	"4654.31922243"	"4.712e+02"	AA	"[24.043155648442]"	"[24.309540897300]"	"1s.5f"	"1F*"	"3"	"1s.7d"	"3D"	"3"	7	7		
""	"4694.94506"	"1.1237e+06"	AAA	"[23.7078912279]"	"[23.9719714182]"	"1s.4p"	"3P*"	"2"	"1s.5s"	"3S"	"1"	5	3		
""	"4694.96489"	"6.7421e+05"	AAA	"[23.7078923433]"	"[23.9719714182]"	"1s.4p"	"3P*"	"1"	"1s.5s"	"3S"	"1"	3	3		
""	"4695.20809"	"2.2474e+05"	AAA	"[23.7079060221]"	"[23.9719714182]"	"1s.4p"	"3P*"	"0"	"1s.5s"	"3S"	"1"	1	3		
""	"4699.985606"	"2.9544e+05"	AAA	"[24.04580040653]"	"[24.309597381304]"	"1s.5p"	"1P*"	"1"	"1s.7d"	"1D"	"2"	3	5		
""	"4700.991647"	"2.405e+01"	AA	"[24.04580040653]"	"[24.309540927161]"	"1s.5p"	"1P*"	"1"	"1s.7d"	"3D"	"2"	3	5		
""	"4738.943283"	"8.5946e+04"	AAA	"[24.042663494166]"	"[24.30429185947]"	"1s.5d"	"3D"	"1"	"1s.7p"	"3P*"	"0"	3	1		
""	"4738.966562"	"6.4453e+04"	AAA	"[24.042662321526]"	"[24.30428940164]"	"1s.5d"	"3D"	"2"	"1s.7p"	"3P*"	"1"	5	3		
""	"4738.968749"	"7.2195e+04"	AAA	"[24.042662242088]"	"[24.30428920147]"	"1s.5d"	"3D"	"3"	"1s.7p"	"3P*"	"2"	7	5		
""	"4738.970188"	"1.2891e+04"	AAA	"[24.042662321526]"	"[24.30428920147]"	"1s.5d"	"3D"	"2"	"1s.7p"	"3P*"	"2"	5	5		
""	"4738.987802"	"2.1487e+04"	AAA	"[24.042663494166]"	"[24.30428940164]"	"1s.5d"	"3D"	"1"	"1s.7p"	"3P*"	"1"	3	3		
""	"4738.991428"	"8.5946e+02"	AAA	"[24.042663494166]"	"[24.30428920147]"	"1s.5d"	"3D"	"1"	"1s.7p"	"3P*"	"2"	3	5		
""	"4759.137978"	"1.3169e+04"	AAA	"[24.1911602752]"	"[24.451678459372]"	"1s.6s"	"1S"	"0"	"1s.10p"	"1P*"	"1"	1	3		
""	"4836.690640"	"2.2209e+05"	AAA	"[24.0282250640]"	"[24.2845660369]"	"1s.5p"	"3P*"	"2"	"1s.7s"	"3S"	"1"	5	3		
""	"4836.701215"	"1.3326e+05"	AAA	"[24.0282256244]"	"[24.2845660369]"	"1s.5p"	"3P*"	"1"	"1s.7s"	"3S"	"1"	3	3		
""	"4836.830929"	"4.4419e+04"	AAA	"[24.0282324989]"	"[24.2845660369]"	"1s.5p"	"3P*"	"0"	"1s.7s"	"3S"	"1"	1	3		
""	"4910.547292"	"3.2421e+05"	AAA	"[24.04580040653]"	"[24.2982859057]"	"1s.5p"	"1P*"	"1"	"1s.7s"	"1S"	"0"	3	1		
""	"4950.288830"	"1.5082e+03"	AAA	"[24.20081545451]"	"[24.451273968544]"	"1s.6p"	"3P*"	"2"	"1s.10d"	"3D"	"1"	5	3		
""	"4950.291717"	"1.3573e+04"	AAA	"[24.20081545451]"	"[24.451273822448]"	"1s.6p"	"3P*"	"2"	"1s.10d"	"3D"	"2"	5	5		
""	"4950.291923"	"5.4296e+04"	AAA	"[24.20081545451]"	"[24.451273812052]"	"1s.6p"	"3P*"	"2"	"1s.10d"	"3D"	"3"	5	7		
""	"4950.295164"	"2.2623e+04"	AAA	"[24.20081577498]"	"[24.451273968544]"	"1s.6p"	"3P*"	"1"	"1s.10d"	"3D"	"1"	3	3		
""	"4950.298051"	"4.0719e+04"	AAA	"[24.20081577498]"	"[24.451273822448]"	"1s.6p"	"3P*"	"1"	"1s.10d"	"3D"	"2"	3	5		
""	"4950.372902"	"3.0164e+04"	AAA	"[24.20081970804]"	"[24.451273968544]"	"1s.6p"	"3P*"	"0"	"1s.10d"	"3D"	"1"	1	3		
""	"5001.946480"	"1.0521e+04"	AAA	"[24.1689982232]"	"[24.41687012452]"	"1s.6s"	"3S"	"1"	"1s.9p"	"3P*"	"0"	3	1		
""	"5001.969593"	"1.0521e+04"	AAA	"[24.1689982232]"	"[24.41686897915]"	"1s.6s"	"3S"	"1"	"1s.9p"	"3P*"	"1"	3	3		
""	"5001.971475"	"1.0521e+04"	AAA	"[24.1689982232]"	"[24.41686888593]"	"1s.6s"	"3S"	"1"	"1s.9p"	"3P*"	"2"	3	5		
""	"5114.2548766"	"1.1910e+04"	AAA	"[24.209249793955]"	"[24.451678459372]"	"1s.6d"	"1D"	"2"	"1s.10p"	"1P*"	"1"	5	3		
""	"5119.5874629"	"2.064e+03"	AA	"[24.209163110443]"	"[24.4513392610240]"	"1s.6d"	"3D"	"3"	"1s.10f"	"1F*"	"3"	7	7		
""	"5119.5884541"	"1.589e+04"	AA	"[24.209163157329]"	"[24.4513392610240]"	"1s.6d"	"3D"	"2"	"1s.10f"	"1F*"	"3"	5	7		
""	"5119.5898209"	"3.7291e+02"	AAA	"[24.209163110443]"	"[24.4513391494830]"	"1s.6d"	"3D"	"3"	"1s.10f"	"3F*"	"2"	7	5		
""	"5119.5908120"	"1.3051e+04"	AAA	"[24.209163157329]"	"[24.4513391494830]"	"1s.6d"	"3D"	"2"	"1s.10f"	"3F*"	"2"	5	5		
""	"5119.5912647"	"8.3906e+04"	AAA	"[24.209163110443]"	"[24.4513390811842]"	"1s.6d"	"3D"	"3"	"1s.10f"	"3F*"	"4"	7	9		
""	"5119.5920354"	"7.2594e+03"	AAA	"[24.209163110443]"	"[24.4513390447263]"	"1s.6d"	"3D"	"3"	"1s.10f"	"3F*"	"3"	7	7		
""	"5119.5930266"	"5.8698e+04"	AAA	"[24.209163157329]"	"[24.4513390447263]"	"1s.6d"	"3D"	"2"	"1s.10f"	"3F*"	"3"	5	7		
""	"5119.6051390"	"7.0481e+04"	AAA	"[24.209163835045]"	"[24.4513391494830]"	"1s.6d"	"3D"	"1"	"1s.10f"	"3F*"	"2"	3	5		
""	"5121.4206027"	"6.5928e+04"	AAA	"[24.209249793955]"	"[24.4513392610240]"	"1s.6d"	"1D"	"2"	"1s.10f"	"1F*"	"3"	5	7		
""	"5121.4251785"	"1.794e+04"	AA	"[24.209249793955]"	"[24.4513390447263]"	"1s.6d"	"1D"	"2"	"1s.10f"	"3F*"	"3"	5	7		
""	"5121.664411"	"4.6191e+04"	AAA	"[24.20081545451]"	"[24.44289339729]"	"1s.6p"	"3P*"	"2"	"1s.10s"	"3S"	"1"	5	3		
""	"5121.671192"	"2.7715e+04"	AAA	"[24.20081577498]"	"[24.44289339729]"	"1s.6p"	"3P*"	"1"	"1s.10s"	"3S"	"1"	3	3		
""	"5121.754405"	"9.2383e+03"	AAA	"[24.20081970804]"	"[24.44289339729]"	"1s.6p"	"3P*"	"0"	"1s.10s"	"3S"	"1"	1	3		
""	"5125.58498999"	"3.942e+03"	AA	"[24.209454827529]"	"[24.45134760401285]"	"1s.6f"	"3F*"	"3"	"1s.10g"	"1G"	"4"	7	9		
""	"5125.58554950"	"5.7967e+03"	AAA	"[24.209454827529]"	"[24.45134757760769]"	"1s.6f"	"3F*"	"3"	"1s.10g"	"3G"	"3"	7	7		
""	"5125.58728375"	"9.0152e+04"	AAA	"[24.209454827529]"	"[24.45134749576287]"	"1s.6f"	"3F*"	"3"	"1s.10g"	"3G"	"4"	7	9		
""	"5125.58920565"	"2.957e+03"	AA	"[24.2094550264796]"	"[24.45134760401285]"	"1s.6f"	"3F*"	"4"	"1s.10g"	"1G"	"4"	9	9		
""	"5125.58976517"	"1.2577e+02"	AAA	"[24.2094550264796]"	"[24.45134757760769]"	"1s.6f"	"3F*"	"4"	"1s.10g"	"3G"	"3"	9	7		
""	"5125.59059214"	"9.8602e+04"	AAA	"[24.2094550264796]"	"[24.45134753858031]"	"1s.6f"	"3F*"	"4"	"1s.10g"	"3G"	"5"	9	11		
""	"5125.59149942"	"3.2062e+03"	AAA	"[24.2094550264796]"	"[24.45134749576287]"	"1s.6f"	"3F*"	"4"	"1s.10g"	"3G"	"4"	9	9		
""	"5125.59646846"	"9.0553e+04"	AAA	"[24.209455342828]"	"[24.45134757760769]"	"1s.6f"	"3F*"	"2"	"1s.10g"	"3G"	"3"	5	7		
""	"5125.60487118"	"9.1703e+04"	AAA	"[24.2094557657828]"	"[24.45134760401285]"	"1s.6f"	"1F*"	"3"	"1s.10g"	"1G"	"4"	7	9		
""	"5125.60543070"	"2.127e+03"	AA	"[24.2094557657828]"	"[24.45134757760769]"	"1s.6f"	"1F*"	"3"	"1s.10g"	"3G"	"3"	7	7		
""	"5125.60716497"	"5.244e+03"	AA	"[24.2094557657828]"	"[24.45134749576287]"	"1s.6f"	"1F*"	"3"	"1s.10g"	"3G"	"4"	7	9		
""	"5126.327600910"	"3.202e+00"	AA	"[24.2094918821374]"	"[24.45134961750954]"	"1s.6g"	"3G"	"4"	"1s.10h"	"1H*"	"5"	9	11		
""	"5126.328002357"	"2.3219e+03"	AAA	"[24.2094918821374]"	"[24.45134959856946]"	"1s.6g"	"3G"	"4"	"1s.10h"	"3H*"	"4"	9	9		
""	"5126.329133014"	"8.9521e+04"	AAA	"[24.2094918821374]"	"[24.45134954522564]"	"1s.6g"	"3G"	"4"	"1s.10h"	"3H*"	"5"	9	11		
""	"5126.331810466"	"1.773e+03"	AA	"[24.2094920807421]"	"[24.45134961750954]"	"1s.6g"	"3G"	"5"	"1s.10h"	"1H*"	"5"	11	11		
""	"5126.332211914"	"4.5148e+01"	AAA	"[24.2094920807421]"	"[24.45134959856946]"	"1s.6g"	"3G"	"5"	"1s.10h"	"3H*"	"4"	11	9		
""	"5126.332749864"	"9.1424e+04"	AAA	"[24.2094920807421]"	"[24.45134957318928]"	"1s.6g"	"3G"	"5"	"1s.10h"	"3H*"	"6"	11	13		
""	"5126.333342572"	"1.8843e+03"	AAA	"[24.2094920807421]"	"[24.45134954522564]"	"1s.6g"	"3G"	"5"	"1s.10h"	"3H*"	"5"	11	11		
""	"5126.336042230"	"8.6910e+04"	AAA	"[24.2094922614541]"	"[24.45134959856946]"	"1s.6g"	"3G"	"3"	"1s.10h"	"3H*"	"4"	7	9		
""	"5126.338222910"	"8.9648e+04"	AAA	"[24.2094923832773]"	"[24.45134961750954]"	"1s.6g"	"1G"	"4"	"1s.10h"	"1H*"	"5"	9	11		
""	"5126.338624358"	"2.148e+03"	AA	"[24.2094923832773]"	"[24.45134959856946]"	"1s.6g"	"1G"	"4"	"1s.10h"	"3H*"	"4"	9	9		
""	"5126.339755019"	"1.863e+01"	AA	"[24.2094923832773]"	"[24.45134954522564]"	"1s.6g"	"1G"	"4"	"1s.10h"	"3H*"	"5"	9	11		
""	"5126.498221721"	"8.9202e+02"	AAA	"[24.2095005571382]"	"[24.45135024296829]"	"1s.6h"	"3H*"	"5"	"1s.10i"	"3I"	"5"	11	11		
""	"5126.499016298"	"5.1980e+04"	AAA	"[24.2095005571382]"	"[24.45135020548303]"	"1s.6h"	"3H*"	"5"	"1s.10i"	"3I"	"6"	11	13		
""	"5126.500664939"	"7.136e+02"	AA	"[24.20950068659936]"	"[24.45135025716733]"	"1s.6h"	"3H*"	"6"	"1s.10i"	"1I"	"6"	13	13		
""	"5126.500965917"	"1.2106e+01"	AAA	"[24.20950068659936]"	"[24.45135024296829]"	"1s.6h"	"3H*"	"6"	"1s.10i"	"3I"	"5"	13	11		
""	"5126.501344742"	"5.2736e+04"	AAA	"[24.20950068659936]"	"[24.45135022509671]"	"1s.6h"	"3H*"	"6"	"1s.10i"	"3I"	"7"	13	15		
""	"5126.501760495"	"7.5132e+02"	AAA	"[24.20950068659936]"	"[24.45135020548303]"	"1s.6h"	"3H*"	"6"	"1s.10i"	"3I"	"6"	13	13		
""	"5126.503456733"	"5.0992e+04"	AAA	"[24.2095008041069]"	"[24.45135024296829]"	"1s.6h"	"3H*"	"4"	"1s.10i"	"3I"	"5"	9	11		
""	"5126.505014340"	"5.2021e+04"	AAA	"[24.20950089178800]"	"[24.45135025716733]"	"1s.6h"	"1H*"	"5"	"1s.10i"	"1I"	"6"	11	13		
""	"5126.505315318"	"8.392e+02"	AA	"[24.20950089178800]"	"[24.45135024296829]"	"1s.6h"	"1H*"	"5"	"1s.10i"	"3I"	"5"	11	11		
""	"5126.506109897"	"4.596e+00"	AA	"[24.20950089178800]"	"[24.45135020548303]"	"1s.6h"	"1H*"	"5"	"1s.10i"	"3I"	"6"	11	13		
""	"5126.547122568"	"1.470e+02"	AA	"[24.2094918821374]"	"[24.4513392610240]"	"1s.6g"	"3G"	"4"	"1s.10f"	"1F*"	"3"	9	7		
""	"5126.550934716"	"4.6237e+01"	AAA	"[24.2094918821374]"	"[24.4513390811842]"	"1s.6g"	"3G"	"4"	"1s.10f"	"3F*"	"4"	9	9		
""	"5126.551707532"	"1.6245e+03"	AAA	"[24.2094918821374]"	"[24.4513390447263]"	"1s.6g"	"3G"	"4"	"1s.10f"	"3F*"	"3"	9	7		
""	"5126.555144639"	"1.7406e+03"	AAA	"[24.2094920807421]"	"[24.4513390811842]"	"1s.6g"	"3G"	"5"	"1s.10f"	"3F*"	"4"	11	9		
""	"5126.555163128"	"2.533e+01"	AA	"[24.2094922614541]"	"[24.4513392610240]"	"1s.6g"	"3G"	"3"	"1s.10f"	"1F*"	"3"	7	7		
""	"5126.555547391"	"6.3498e+00"	AAA	"[24.2095005571382]"	"[24.45134753858031]"	"1s.6h"	"3H*"	"5"	"1s.10g"	"3G"	"5"	11	11		
""	"5126.556455014"	"3.6871e+02"	AAA	"[24.2095005571382]"	"[24.45134749576287]"	"1s.6h"	"3H*"	"5"	"1s.10g"	"3G"	"4"	11	9		
""	"5126.557527521"	"1.8310e+03"	AAA	"[24.2094922614541]"	"[24.4513391494830]"	"1s.6g"	"3G"	"3"	"1s.10f"	"3F*"	"2"	7	5		
""	"5126.557745477"	"1.6586e+03"	AAA	"[24.2094923832773]"	"[24.4513392610240]"	"1s.6g"	"1G"	"4"	"1s.10f"	"1F*"	"3"	9	7		
""	"5126.558291648"	"3.6411e+02"	AAA	"[24.20950068659936]"	"[24.45134753858031]"	"1s.6h"	"3H*"	"6"	"1s.10g"	"3G"	"5"	13	11		
""	"5126.559395510"	"7.226e+00"	AA	"[24.2095008041069]"	"[24.45134760401285]"	"1s.6h"	"3H*"	"4"	"1s.10g"	"1G"	"4"	9	9		
""	"5126.559748107"	"8.9110e+01"	AAA	"[24.2094922614541]"	"[24.4513390447263]"	"1s.6g"	"3G"	"3"	"1s.10f"	"3F*"	"3"	7	7		
""	"5126.559955235"	"3.7656e+02"	AAA	"[24.2095008041069]"	"[24.45134757760769]"	"1s.6h"	"3H*"	"4"	"1s.10g"	"3G"	"3"	9	7		
""	"5126.561254136"	"3.6925e+02"	AAA	"[24.20950089178800]"	"[24.45134760401285]"	"1s.6h"	"1H*"	"5"	"1s.10g"	"1G"	"4"	11	9		
""	"5126.561557641"	"4.277e+01"	AA	"[24.2094923832773]"	"[24.4513390811842]"	"1s.6g"	"1G"	"4"	"1s.10f"	"3F*"	"4"	9	9		
""	"5126.561690145"	"7.8363e+00"	AAA	"[24.2095008041069]"	"[24.45134749576287]"	"1s.6h"	"3H*"	"4"	"1s.10g"	"3G"	"4"	9	9		
""	"5126.562330461"	"1.174e+02"	AA	"[24.2094923832773]"	"[24.4513390447263]"	"1s.6g"	"1G"	"4"	"1s.10f"	"3F*"	"3"	9	7		
""	"5126.562641146"	"5.974e+00"	AA	"[24.20950089178800]"	"[24.45134753858031]"	"1s.6h"	"1H*"	"5"	"1s.10g"	"3G"	"5"	11	11		
""	"5126.71886916"	"1.443e+03"	AA	"[24.209454827529]"	"[24.4512941044573]"	"1s.6f"	"3F*"	"3"	"1s.10d"	"1D"	"2"	7	5		
""	"5126.73875915"	"4.0845e+03"	AAA	"[24.2094557657828]"	"[24.4512941044573]"	"1s.6f"	"1F*"	"3"	"1s.10d"	"1D"	"2"	7	5		
""	"5127.14886086"	"3.6620e+03"	AAA	"[24.209454827529]"	"[24.451273822448]"	"1s.6f"	"3F*"	"3"	"1s.10d"	"3D"	"2"	7	5		
""	"5127.14908129"	"3.2334e+02"	AAA	"[24.209454827529]"	"[24.451273812052]"	"1s.6f"	"3F*"	"3"	"1s.10d"	"3D"	"3"	7	7		
""	"5127.15329952"	"5.1141e+03"	AAA	"[24.2094550264796]"	"[24.451273812052]"	"1s.6f"	"3F*"	"4"	"1s.10d"	"3D"	"3"	9	7		
""	"5127.15668888"	"5.5687e+03"	AAA	"[24.209455342828]"	"[24.451273968544]"	"1s.6f"	"3F*"	"2"	"1s.10d"	"3D"	"1"	5	3		
""	"5127.15978648"	"6.1870e+02"	AAA	"[24.209455342828]"	"[24.451273822448]"	"1s.6f"	"3F*"	"2"	"1s.10d"	"3D"	"2"	5	5		
""	"5127.16000690"	"1.2627e+01"	AAA	"[24.209455342828]"	"[24.451273812052]"	"1s.6f"	"3F*"	"2"	"1s.10d"	"3D"	"3"	5	7		
""	"5127.16875419"	"1.288e+03"	AA	"[24.2094557657828]"	"[24.451273822448]"	"1s.6f"	"1F*"	"3"	"1s.10d"	"3D"	"2"	7	5		
""	"5127.16897462"	"1.186e+02"	AA	"[24.2094557657828]"	"[24.451273812052]"	"1s.6f"	"1F*"	"3"	"1s.10d"	"3D"	"3"	7	7		
""	"5159.2591658"	"2.0848e+04"	AAA	"[24.209163835045]"	"[24.44947779185]"	"1s.6d"	"3D"	"1"	"1s.10p"	"3P*"	"0"	3	1		
""	"5159.2624854"	"1.5634e+04"	AAA	"[24.209163157329]"	"[24.44947695951]"	"1s.6d"	"3D"	"2"	"1s.10p"	"3P*"	"1"	5	3		
""	"5159.2629327"	"1.7512e+04"	AAA	"[24.209163110443]"	"[24.44947689179]"	"1s.6d"	"3D"	"3"	"1s.10p"	"3P*"	"2"	7	5		
""	"5159.2639393"	"3.1269e+03"	AAA	"[24.209163157329]"	"[24.44947689179]"	"1s.6d"	"3D"	"2"	"1s.10p"	"3P*"	"2"	5	5		
""	"5159.2770353"	"5.2119e+03"	AAA	"[24.209163835045]"	"[24.44947695951]"	"1s.6d"	"3D"	"1"	"1s.10p"	"3P*"	"1"	3	3		
""	"5159.2784891"	"2.0848e+02"	AAA	"[24.209163835045]"	"[24.44947689179]"	"1s.6d"	"3D"	"1"	"1s.10p"	"3P*"	"2"	3	5		
""	"5159.742893"	"6.0761e+04"	AAA	"[24.21100267716]"	"[24.4512941044573]"	"1s.6p"	"1P*"	"1"	"1s.10d"	"1D"	"2"	3	5		
""	"5160.178443"	"4.490e+00"	AA	"[24.21100267716]"	"[24.451273822448]"	"1s.6p"	"1P*"	"1"	"1s.10d"	"3D"	"2"	3	5		
""	"5243.406587"	"7.1005e+04"	AAA	"[24.21100267716]"	"[24.44746001910]"	"1s.6p"	"1P*"	"1"	"1s.10s"	"1S"	"0"	3	1		
""	"5417.74634"	"3.1456e+04"	AAA	"[23.9719714182]"	"[24.20081970804]"	"1s.5s"	"3S"	"1"	"1s.6p"	"3P*"	"0"	3	1		
""	"5417.83945"	"3.1456e+04"	AAA	"[23.9719714182]"	"[24.20081577498]"	"1s.5s"	"3S"	"1"	"1s.6p"	"3P*"	"1"	3	3		
""	"5417.84704"	"3.1456e+04"	AAA	"[23.9719714182]"	"[24.20081545451]"	"1s.5s"	"3S"	"1"	"1s.6p"	"3P*"	"2"	3	5		
""	"5420.570948"	"2.2206e+04"	AAA	"[24.1911602752]"	"[24.419889314325]"	"1s.6s"	"1S"	"0"	"1s.9p"	"1P*"	"1"	1	3		
""	"5673.104835"	"4.024e+00"	AA	"[24.20081577498]"	"[24.419363117280]"	"1s.6p"	"3P*"	"1"	"1s.9d"	"1D"	"2"	3	5		
""	"5673.806238"	"2.0376e+03"	AAA	"[24.20081545451]"	"[24.419335779720]"	"1s.6p"	"3P*"	"2"	"1s.9d"	"3D"	"1"	5	3		
""	"5673.811443"	"1.8337e+04"	AAA	"[24.20081545451]"	"[24.419335579246]"	"1s.6p"	"3P*"	"2"	"1s.9d"	"3D"	"2"	5	5		
""	"5673.811813"	"7.3354e+04"	AAA	"[24.20081545451]"	"[24.419335565023]"	"1s.6p"	"3P*"	"2"	"1s.9d"	"3D"	"3"	5	7		
""	"5673.814559"	"3.0564e+04"	AAA	"[24.20081577498]"	"[24.419335779720]"	"1s.6p"	"3P*"	"1"	"1s.9d"	"3D"	"1"	3	3		
""	"5673.819764"	"5.5012e+04"	AAA	"[24.20081577498]"	"[24.419335579246]"	"1s.6p"	"3P*"	"1"	"1s.9d"	"3D"	"2"	3	5		
""	"5673.916682"	"4.0752e+04"	AAA	"[24.20081970804]"	"[24.419335779720]"	"1s.6p"	"3P*"	"0"	"1s.9d"	"3D"	"1"	1	3		
""	"5886.0843500"	"1.7374e+04"	AAA	"[24.209249793955]"	"[24.419889314325]"	"1s.6d"	"1D"	"2"	"1s.9p"	"1P*"	"1"	5	3		
""	"5896.6574439"	"2.978e+03"	AA	"[24.209163110443]"	"[24.4194249403235]"	"1s.6d"	"3D"	"3"	"1s.9f"	"1F*"	"3"	7	7		
""	"5896.6587588"	"2.294e+04"	AA	"[24.209163157329]"	"[24.4194249403235]"	"1s.6d"	"3D"	"2"	"1s.9f"	"1F*"	"3"	5	7		
""	"5896.6616246"	"5.2411e+02"	AAA	"[24.209163110443]"	"[24.4194247912483]"	"1s.6d"	"3D"	"3"	"1s.9f"	"3F*"	"2"	7	5		
""	"5896.6629395"	"1.8342e+04"	AAA	"[24.209163157329]"	"[24.4194247912483]"	"1s.6d"	"3D"	"2"	"1s.9f"	"3F*"	"2"	5	5		
""	"5896.6642522"	"1.1792e+05"	AAA	"[24.209163110443]"	"[24.4194246975540]"	"1s.6d"	"3D"	"3"	"1s.9f"	"3F*"	"4"	7	9		
""	"5896.6656866"	"1.0124e+04"	AAA	"[24.209163110443]"	"[24.4194246464065]"	"1s.6d"	"3D"	"3"	"1s.9f"	"3F*"	"3"	7	7		
""	"5896.6670015"	"8.1879e+04"	AAA	"[24.209163157329]"	"[24.4194246464065]"	"1s.6d"	"3D"	"2"	"1s.9f"	"3F*"	"3"	5	7		
""	"5896.6819457"	"9.9057e+04"	AAA	"[24.209163835045]"	"[24.4194247912483]"	"1s.6d"	"3D"	"1"	"1s.9f"	"3F*"	"2"	3	5		
""	"5899.0894297"	"9.1988e+04"	AAA	"[24.209249793955]"	"[24.4194249403235]"	"1s.6d"	"1D"	"2"	"1s.9f"	"1F*"	"3"	5	7		
""	"5899.0976793"	"2.592e+04"	AA	"[24.209249793955]"	"[24.4194246464065]"	"1s.6d"	"1D"	"2"	"1s.9f"	"3F*"	"3"	5	7		
""	"5904.53020365"	"5.799e+03"	AA	"[24.209454827529]"	"[24.41943630642235]"	"1s.6f"	"3F*"	"3"	"1s.9g"	"1G"	"4"	7	9		
""	"5904.53122162"	"8.5184e+03"	AAA	"[24.209454827529]"	"[24.4194362702203]"	"1s.6f"	"3F*"	"3"	"1s.9g"	"3G"	"3"	7	7		
""	"5904.53437910"	"1.3247e+05"	AAA	"[24.209454827529]"	"[24.4194361579319]"	"1s.6f"	"3F*"	"3"	"1s.9g"	"3G"	"4"	7	9		
""	"5904.53579800"	"4.346e+03"	AA	"[24.2094550264796]"	"[24.41943630642235]"	"1s.6f"	"3F*"	"4"	"1s.9g"	"1G"	"4"	9	9		
""	"5904.53681598"	"1.8482e+02"	AAA	"[24.2094550264796]"	"[24.4194362702203]"	"1s.6f"	"3F*"	"4"	"1s.9g"	"3G"	"3"	9	7		
""	"5904.53832140"	"1.4490e+05"	AAA	"[24.2094550264796]"	"[24.41943621668346]"	"1s.6f"	"3F*"	"4"	"1s.9g"	"3G"	"5"	9	11		
""	"5904.53997346"	"4.7104e+03"	AAA	"[24.2094550264796]"	"[24.4194361579319]"	"1s.6f"	"3F*"	"4"	"1s.9g"	"3G"	"4"	9	9		
""	"5904.54571151"	"1.3307e+05"	AAA	"[24.209455342828]"	"[24.4194362702203]"	"1s.6f"	"3F*"	"2"	"1s.9g"	"3G"	"3"	5	7		
""	"5904.55658679"	"1.3475e+05"	AAA	"[24.2094557657828]"	"[24.41943630642235]"	"1s.6f"	"1F*"	"3"	"1s.9g"	"1G"	"4"	7	9		
""	"5904.55760478"	"3.125e+03"	AA	"[24.2094557657828]"	"[24.4194362702203]"	"1s.6f"	"1F*"	"3"	"1s.9g"	"3G"	"3"	7	7		
""	"5904.56076228"	"7.714e+03"	AA	"[24.2094557657828]"	"[24.4194361579319]"	"1s.6f"	"1F*"	"3"	"1s.9g"	"3G"	"4"	7	9		
""	"5905.495539056"	"5.097e+00"	AA	"[24.2094918821374]"	"[24.41943903663648]"	"1s.6g"	"3G"	"4"	"1s.9h"	"1H*"	"5"	9	11		
""	"5905.496269859"	"3.6992e+03"	AAA	"[24.2094918821374]"	"[24.41943901065559]"	"1s.6g"	"3G"	"4"	"1s.9h"	"3H*"	"4"	9	9		
""	"5905.498328137"	"1.2171e+05"	AAA	"[24.2094918821374]"	"[24.41943893748148]"	"1s.6g"	"3G"	"4"	"1s.9h"	"3H*"	"5"	9	11		
""	"5905.501125511"	"2.824e+03"	AA	"[24.2094920807421]"	"[24.41943903663648]"	"1s.6g"	"3G"	"5"	"1s.9h"	"1H*"	"5"	11	11		
""	"5905.501856316"	"7.1930e+01"	AAA	"[24.2094920807421]"	"[24.41943901065559]"	"1s.6g"	"3G"	"5"	"1s.9h"	"3H*"	"4"	11	9		
""	"5905.502835615"	"1.4566e+05"	AAA	"[24.2094920807421]"	"[24.41943897584046]"	"1s.6g"	"3G"	"5"	"1s.9h"	"3H*"	"6"	11	13		
""	"5905.503914598"	"2.5617e+03"	AAA	"[24.2094920807421]"	"[24.41943893748148]"	"1s.6g"	"3G"	"5"	"1s.9h"	"3H*"	"5"	11	11		
""	"5905.506939487"	"1.3847e+05"	AAA	"[24.2094922614541]"	"[24.41943901065559]"	"1s.6g"	"3G"	"3"	"1s.9h"	"3H*"	"4"	7	9		
""	"5905.509635397"	"1.4283e+05"	AAA	"[24.2094923832773]"	"[24.41943903663648]"	"1s.6g"	"1G"	"4"	"1s.9h"	"1H*"	"5"	9	11		
""	"5905.510366203"	"3.422e+03"	AA	"[24.2094923832773]"	"[24.41943901065559]"	"1s.6g"	"1G"	"4"	"1s.9h"	"3H*"	"4"	9	9		
""	"5905.512424491"	"2.969e+01"	AA	"[24.2094923832773]"	"[24.41943893748148]"	"1s.6g"	"1G"	"4"	"1s.9h"	"3H*"	"5"	9	11		
""	"5905.715304830"	"2.089e+00"	AA	"[24.2095005571382]"	"[24.41943989900212]"	"1s.6h"	"3H*"	"5"	"1s.9i"	"1I"	"6"	11	13		
""	"5905.715852738"	"1.6372e+03"	AAA	"[24.2095005571382]"	"[24.41943987952483]"	"1s.6h"	"3H*"	"5"	"1s.9i"	"3I"	"5"	11	11		
""	"5905.717299215"	"9.5406e+04"	AAA	"[24.2095005571382]"	"[24.41943982810474]"	"1s.6h"	"3H*"	"5"	"1s.9i"	"3I"	"6"	11	13		
""	"5905.718946651"	"1.310e+03"	AA	"[24.20950068659936]"	"[24.41943989900212]"	"1s.6h"	"3H*"	"6"	"1s.9i"	"1I"	"6"	13	13		
""	"5905.719494559"	"2.2221e+01"	AAA	"[24.20950068659936]"	"[24.41943987952483]"	"1s.6h"	"3H*"	"6"	"1s.9i"	"3I"	"5"	13	11		
""	"5905.720184193"	"9.6793e+04"	AAA	"[24.20950068659936]"	"[24.41943985500943]"	"1s.6h"	"3H*"	"6"	"1s.9i"	"3I"	"7"	13	15		
""	"5905.720941039"	"1.3790e+03"	AAA	"[24.20950068659936]"	"[24.41943982810474]"	"1s.6h"	"3H*"	"6"	"1s.9i"	"3I"	"6"	13	13		
""	"5905.722800120"	"9.3593e+04"	AAA	"[24.2095008041069]"	"[24.41943987952483]"	"1s.6h"	"3H*"	"4"	"1s.9i"	"3I"	"5"	9	11		
""	"5905.724718739"	"9.5481e+04"	AAA	"[24.20950089178800]"	"[24.41943989900212]"	"1s.6h"	"1H*"	"5"	"1s.9i"	"1I"	"6"	11	13		
""	"5905.725266649"	"1.540e+03"	AA	"[24.20950089178800]"	"[24.41943987952483]"	"1s.6h"	"1H*"	"5"	"1s.9i"	"3I"	"5"	11	11		
""	"5905.726713131"	"8.436e+00"	AA	"[24.20950089178800]"	"[24.41943982810474]"	"1s.6h"	"1H*"	"5"	"1s.9i"	"3I"	"6"	11	13		
""	"5905.818892404"	"1.0975e+01"	AAA	"[24.2095005571382]"	"[24.41943621668346]"	"1s.6h"	"3H*"	"5"	"1s.9g"	"3G"	"5"	11	11		
""	"5905.820545177"	"6.3726e+02"	AAA	"[24.2095005571382]"	"[24.4194361579319]"	"1s.6h"	"3H*"	"5"	"1s.9g"	"3G"	"4"	11	9		
""	"5905.822534353"	"6.2931e+02"	AAA	"[24.20950068659936]"	"[24.41943621668346]"	"1s.6h"	"3H*"	"6"	"1s.9g"	"3G"	"5"	13	11		
""	"5905.823315529"	"1.249e+01"	AA	"[24.2095008041069]"	"[24.41943630642235]"	"1s.6h"	"3H*"	"4"	"1s.9g"	"1G"	"4"	9	9		
""	"5905.824333950"	"6.5082e+02"	AAA	"[24.2095008041069]"	"[24.4194362702203]"	"1s.6h"	"3H*"	"4"	"1s.9g"	"3G"	"3"	9	7		
""	"5905.825782141"	"6.3818e+02"	AAA	"[24.20950089178800]"	"[24.41943630642235]"	"1s.6h"	"1H*"	"5"	"1s.9g"	"1G"	"4"	11	9		
""	"5905.827492806"	"1.3541e+01"	AAA	"[24.2095008041069]"	"[24.4194361579319]"	"1s.6h"	"3H*"	"4"	"1s.9g"	"3G"	"4"	9	9		
""	"5905.828306644"	"1.033e+01"	AA	"[24.20950089178800]"	"[24.41943621668346]"	"1s.6h"	"1H*"	"5"	"1s.9g"	"3G"	"5"	11	11		
""	"5905.892073620"	"2.246e+02"	AA	"[24.2094918821374]"	"[24.4194249403235]"	"1s.6g"	"3G"	"4"	"1s.9f"	"1F*"	"3"	9	7		
""	"5905.898903283"	"7.4123e+01"	AAA	"[24.2094918821374]"	"[24.4194246975540]"	"1s.6g"	"3G"	"4"	"1s.9f"	"3F*"	"4"	9	9		
""	"5905.900342180"	"2.6153e+03"	AAA	"[24.2094918821374]"	"[24.4194246464065]"	"1s.6g"	"3G"	"4"	"1s.9f"	"3F*"	"3"	9	7		
""	"5905.902744678"	"4.170e+01"	AA	"[24.2094922614541]"	"[24.4194249403235]"	"1s.6g"	"3G"	"3"	"1s.9f"	"1F*"	"3"	7	7		
""	"5905.904490501"	"2.7904e+03"	AAA	"[24.2094920807421]"	"[24.4194246975540]"	"1s.6g"	"3G"	"5"	"1s.9f"	"3F*"	"4"	11	9		
""	"5905.906171854"	"2.6689e+03"	AAA	"[24.2094923832773]"	"[24.4194249403235]"	"1s.6g"	"1G"	"4"	"1s.9f"	"1F*"	"3"	9	7		
""	"5905.906938517"	"2.9353e+03"	AAA	"[24.2094922614541]"	"[24.4194247912483]"	"1s.6g"	"3G"	"3"	"1s.9f"	"3F*"	"2"	7	5		
""	"5905.909574366"	"2.2649e+00"	AAA	"[24.2094922614541]"	"[24.4194246975540]"	"1s.6g"	"3G"	"3"	"1s.9f"	"3F*"	"4"	7	9		
""	"5905.911013268"	"1.4176e+02"	AAA	"[24.2094922614541]"	"[24.4194246464065]"	"1s.6g"	"3G"	"3"	"1s.9f"	"3F*"	"3"	7	7		
""	"5905.913001549"	"6.857e+01"	AA	"[24.2094923832773]"	"[24.4194246975540]"	"1s.6g"	"1G"	"4"	"1s.9f"	"3F*"	"4"	9	9		
""	"5905.914440453"	"1.782e+02"	AA	"[24.2094923832773]"	"[24.4194246464065]"	"1s.6g"	"1G"	"4"	"1s.9f"	"3F*"	"3"	9	7		
""	"5906.58894798"	"2.190e+03"	AA	"[24.209454827529]"	"[24.419363117280]"	"1s.6f"	"3F*"	"3"	"1s.9d"	"1D"	"2"	7	5		
""	"5906.61534952"	"6.2019e+03"	AAA	"[24.2094557657828]"	"[24.419363117280]"	"1s.6f"	"1F*"	"3"	"1s.9d"	"1D"	"2"	7	5		
""	"5907.36393970"	"5.5595e+03"	AAA	"[24.209454827529]"	"[24.419335579246]"	"1s.6f"	"3F*"	"3"	"1s.9d"	"3D"	"2"	7	5		
""	"5907.36434002"	"4.9083e+02"	AAA	"[24.209454827529]"	"[24.419335565023]"	"1s.6f"	"3F*"	"3"	"1s.9d"	"3D"	"3"	7	7		
""	"5907.36993975"	"7.7633e+03"	AAA	"[24.2094550264796]"	"[24.419335565023]"	"1s.6f"	"3F*"	"4"	"1s.9d"	"3D"	"3"	9	7		
""	"5907.37280089"	"8.4534e+03"	AAA	"[24.209455342828]"	"[24.419335779720]"	"1s.6f"	"3F*"	"2"	"1s.9d"	"3D"	"1"	5	3		
""	"5907.37844350"	"9.3919e+02"	AAA	"[24.209455342828]"	"[24.419335579246]"	"1s.6f"	"3F*"	"2"	"1s.9d"	"3D"	"2"	5	5		
""	"5907.37884382"	"1.9169e+01"	AAA	"[24.209455342828]"	"[24.419335565023]"	"1s.6f"	"3F*"	"2"	"1s.9d"	"3D"	"3"	5	7		
""	"5907.39034817"	"1.955e+03"	AA	"[24.2094557657828]"	"[24.419335579246]"	"1s.6f"	"1F*"	"3"	"1s.9d"	"3D"	"2"	7	5		
""	"5907.39074850"	"1.801e+02"	AA	"[24.2094557657828]"	"[24.419335565023]"	"1s.6f"	"1F*"	"3"	"1s.9d"	"3D"	"3"	7	7		
""	"5950.467294"	"8.4180e+04"	AAA	"[24.21100267716]"	"[24.419363117280]"	"1s.6p"	"1P*"	"1"	"1s.9d"	"1D"	"2"	3	5		
""	"5951.253844"	"6.359e+00"	AA	"[24.21100267716]"	"[24.419335579246]"	"1s.6p"	"1P*"	"1"	"1s.9d"	"3D"	"2"	3	5		
""	"5969.2077089"	"3.0467e+04"	AAA	"[24.209163835045]"	"[24.41687012452]"	"1s.6d"	"3D"	"1"	"1s.9p"	"3P*"	"0"	3	1		
""	"5969.2211487"	"2.2849e+04"	AAA	"[24.209163157329]"	"[24.41686897915]"	"1s.6d"	"3D"	"2"	"1s.9p"	"3P*"	"1"	5	3		
""	"5969.2224803"	"2.5593e+04"	AAA	"[24.209163110443]"	"[24.41686888593]"	"1s.6d"	"3D"	"3"	"1s.9p"	"3P*"	"2"	7	5		
""	"5969.2238277"	"4.5697e+03"	AAA	"[24.209163157329]"	"[24.41686888593]"	"1s.6d"	"3D"	"2"	"1s.9p"	"3P*"	"2"	5	5		
""	"5969.2406256"	"7.6169e+03"	AAA	"[24.209163835045]"	"[24.41686897915]"	"1s.6d"	"3D"	"1"	"1s.9p"	"3P*"	"1"	3	3		
""	"5969.2433046"	"3.0467e+02"	AAA	"[24.209163835045]"	"[24.41686888593]"	"1s.6d"	"3D"	"1"	"1s.9p"	"3P*"	"2"	3	5		
""	"5971.7120225"	"1.983e+00"	AA	"[24.209249793955]"	"[24.41686897915]"	"1s.6d"	"1D"	"2"	"1s.9p"	"3P*"	"1"	5	3		
""	"5990.734615"	"6.7155e+04"	AAA	"[24.20081545451]"	"[24.40777537914]"	"1s.6p"	"3P*"	"2"	"1s.9s"	"3S"	"1"	5	3		
""	"5990.743891"	"4.0293e+04"	AAA	"[24.20081577498]"	"[24.40777537914]"	"1s.6p"	"3P*"	"1"	"1s.9s"	"3S"	"1"	3	3		
""	"5990.857742"	"1.3431e+04"	AAA	"[24.20081970804]"	"[24.40777537914]"	"1s.6p"	"3P*"	"0"	"1s.9s"	"3S"	"1"	1	3		
""	"6105.027650"	"1.0218e+05"	AAA	"[24.21100267716]"	"[24.41408807749]"	"1s.6p"	"1P*"	"1"	"1s.9s"	"1S"	"0"	3	1		
""	"6132.68779"	"1.2413e+04"	AAA	"[24.1689982232]"	"[24.37116765163]"	"1s.6s"	"3S"	"1"	"1s.8p"	"3P*"	"0"	3	1		
""	"6132.73746"	"1.2413e+04"	AAA	"[24.1689982232]"	"[24.37116601407]"	"1s.6s"	"3S"	"1"	"1s.8p"	"3P*"	"1"	3	3		
""	"6132.74150"	"1.2413e+04"	AAA	"[24.1689982232]"	"[24.37116588077]"	"1s.6s"	"3S"	"1"	"1s.8p"	"3P*"	"2"	3	5		
""	"6205.79777"	"8.8145e+04"	AAA	"[24.0112149898]"	"[24.21100267716]"	"1s.5s"	"1S"	"0"	"1s.6p"	"1P*"	"1"	1	3		
""	"6260.72770"	"1.3966e-01"	AAA	"[24.0112149898]"	"[24.209249793955]"	"1s.5s"	"1S"	"0"	"1s.6d"	"1D"	"2"	1	5	E2	
""	"6727.06881"	"2.8896e+04"	AAA	"[24.1911602752]"	"[24.375466697350]"	"1s.6s"	"1S"	"0"	"1s.8p"	"1P*"	"1"	1	3		
""	"6849.019935"	"8.322e+00"	AA	"[24.0282250640]"	"[24.209249793955]"	"1s.5p"	"3P*"	"2"	"1s.6d"	"1D"	"2"	5	5		
""	"6849.041140"	"2.304e+01"	AA	"[24.0282256244]"	"[24.209249793955]"	"1s.5p"	"3P*"	"1"	"1s.6d"	"1D"	"2"	3	5		
""	"6852.273711"	"1.0169e+04"	AAA	"[24.0282250640]"	"[24.209163835045]"	"1s.5p"	"3P*"	"2"	"1s.6d"	"3D"	"1"	5	3		
""	"6852.294936"	"1.5253e+05"	AAA	"[24.0282256244]"	"[24.209163835045]"	"1s.5p"	"3P*"	"1"	"1s.6d"	"3D"	"1"	3	3		
""	"6852.299377"	"9.1512e+04"	AAA	"[24.0282250640]"	"[24.209163157329]"	"1s.5p"	"3P*"	"2"	"1s.6d"	"3D"	"2"	5	5		
""	"6852.301152"	"3.6608e+05"	AAA	"[24.0282250640]"	"[24.209163110443]"	"1s.5p"	"3P*"	"2"	"1s.6d"	"3D"	"3"	5	7		
""	"6852.320602"	"2.7454e+05"	AAA	"[24.0282256244]"	"[24.209163157329]"	"1s.5p"	"3P*"	"1"	"1s.6d"	"3D"	"2"	3	5		
""	"6852.555290"	"2.0338e+05"	AAA	"[24.0282324989]"	"[24.209163835045]"	"1s.5p"	"3P*"	"0"	"1s.6d"	"3D"	"1"	1	3		
""	"7129.458452"	"2.047e+00"	AA	"[24.20081545451]"	"[24.374719544511]"	"1s.6p"	"3P*"	"2"	"1s.8d"	"1D"	"2"	5	5		
""	"7129.471590"	"5.685e+00"	AA	"[24.20081577498]"	"[24.374719544511]"	"1s.6p"	"3P*"	"1"	"1s.8d"	"1D"	"2"	3	5		
""	"7131.031374"	"2.8002e+03"	AAA	"[24.20081545451]"	"[24.374681185743]"	"1s.6p"	"3P*"	"2"	"1s.8d"	"3D"	"1"	5	3		
""	"7131.043085"	"2.5200e+04"	AAA	"[24.20081545451]"	"[24.374680900214]"	"1s.6p"	"3P*"	"2"	"1s.8d"	"3D"	"2"	5	5		
""	"7131.043911"	"1.0081e+05"	AAA	"[24.20081545451]"	"[24.374680880069]"	"1s.6p"	"3P*"	"2"	"1s.8d"	"3D"	"3"	5	7		
""	"7131.044518"	"4.2004e+04"	AAA	"[24.20081577498]"	"[24.374681185743]"	"1s.6p"	"3P*"	"1"	"1s.8d"	"3D"	"1"	3	3		
""	"7131.056229"	"7.5601e+04"	AAA	"[24.20081577498]"	"[24.374680900214]"	"1s.6p"	"3P*"	"1"	"1s.8d"	"3D"	"2"	3	5		
""	"7131.205836"	"5.6005e+04"	AAA	"[24.20081970804]"	"[24.374681185743]"	"1s.6p"	"3P*"	"0"	"1s.8d"	"3D"	"1"	1	3		
""	"7365.090680"	"8.075e+00"	AA	"[24.042662321526]"	"[24.21100267716]"	"1s.5d"	"3D"	"2"	"1s.6p"	"1P*"	"1"	5	3		
""	"7371.268739"	"8.3990e+04"	AAA	"[24.042803412125]"	"[24.21100267716]"	"1s.5d"	"1D"	"2"	"1s.6p"	"1P*"	"1"	5	3		
""	"7433.3940363"	"2.153e+04"	AA	"[24.042662242088]"	"[24.2094557657828]"	"1s.5d"	"3D"	"3"	"1s.6f"	"1F*"	"3"	7	7		
""	"7433.3975766"	"1.662e+05"	AA	"[24.042662321526]"	"[24.2094557657828]"	"1s.5d"	"3D"	"2"	"1s.6f"	"1F*"	"3"	5	7		
""	"7433.4128860"	"3.2085e+03"	AAA	"[24.042662242088]"	"[24.209455342828]"	"1s.5d"	"3D"	"3"	"1s.6f"	"3F*"	"2"	7	5		
""	"7433.4164263"	"1.1229e+05"	AAA	"[24.042662321526]"	"[24.209455342828]"	"1s.5d"	"3D"	"2"	"1s.6f"	"3F*"	"2"	5	5		
""	"7433.4269846"	"7.2192e+05"	AAA	"[24.042662242088]"	"[24.2094550264796]"	"1s.5d"	"3D"	"3"	"1s.6f"	"3F*"	"4"	7	9		
""	"7433.4358512"	"5.8684e+04"	AAA	"[24.042662242088]"	"[24.209454827529]"	"1s.5d"	"3D"	"3"	"1s.6f"	"3F*"	"3"	7	7		
""	"7433.4393915"	"4.7555e+05"	AAA	"[24.042662321526]"	"[24.209454827529]"	"1s.5d"	"3D"	"2"	"1s.6f"	"3F*"	"3"	5	7		
""	"7433.4686873"	"6.0641e+05"	AAA	"[24.042663494166]"	"[24.209455342828]"	"1s.5d"	"3D"	"1"	"1s.6f"	"3F*"	"2"	3	5		
""	"7437.51215"	"2.5165e+05"	AAA	"[22.920317359]"	"[23.08701852960]"	"1s.3s"	"1S"	"0"	"1s.3p"	"1P*"	"1"	1	3		
""	"7439.6908121"	"5.3465e+05"	AAA	"[24.042803412125]"	"[24.2094557657828]"	"1s.5d"	"1D"	"2"	"1s.6f"	"1F*"	"3"	5	7		
""	"7439.7096937"	"1.146e+01"	AA	"[24.042803412125]"	"[24.209455342828]"	"1s.5d"	"1D"	"2"	"1s.6f"	"3F*"	"2"	5	5		
""	"7439.7326979"	"1.879e+05"	AA	"[24.042803412125]"	"[24.209454827529]"	"1s.5d"	"1D"	"2"	"1s.6f"	"3F*"	"3"	5	7		
""	"7453.73729900"	"2.984e+04"	AA	"[24.043154084167]"	"[24.2094923832773]"	"1s.5f"	"3F*"	"3"	"1s.6g"	"1G"	"4"	7	9		
""	"7453.74275798"	"6.2021e+04"	AAA	"[24.043154084167]"	"[24.2094922614541]"	"1s.5f"	"3F*"	"3"	"1s.6g"	"3G"	"3"	7	7		
""	"7453.75440185"	"3.323e+04"	AA	"[24.043154465835]"	"[24.2094923832773]"	"1s.5f"	"3F*"	"4"	"1s.6g"	"1G"	"4"	9	9		
""	"7453.75975550"	"1.0284e+06"	AAA	"[24.043154084167]"	"[24.2094918821374]"	"1s.5f"	"3F*"	"3"	"1s.6g"	"3G"	"4"	7	9		
""	"7453.75986086"	"1.4113e+03"	AAA	"[24.043154465835]"	"[24.2094922614541]"	"1s.5f"	"3F*"	"4"	"1s.6g"	"3G"	"3"	9	7		
""	"7453.76795875"	"1.1064e+06"	AAA	"[24.043154465835]"	"[24.2094920807421]"	"1s.5f"	"3F*"	"4"	"1s.6g"	"3G"	"5"	9	11		
""	"7453.77685846"	"3.5923e+04"	AAA	"[24.043154465835]"	"[24.2094918821374]"	"1s.5f"	"3F*"	"4"	"1s.6g"	"3G"	"4"	9	9		
""	"7453.78436421"	"1.0161e+06"	AAA	"[24.043155012649]"	"[24.2094922614541]"	"1s.5f"	"3F*"	"2"	"1s.6g"	"3G"	"3"	5	7		
""	"7453.80739593"	"1.0434e+06"	AAA	"[24.043155648442]"	"[24.2094923832773]"	"1s.5f"	"1F*"	"3"	"1s.6g"	"1G"	"4"	7	9		
""	"7453.81285501"	"2.689e+04"	AA	"[24.043155648442]"	"[24.2094922614541]"	"1s.5f"	"1F*"	"3"	"1s.6g"	"3G"	"3"	7	7		
""	"7453.82985285"	"4.216e+04"	AA	"[24.043155648442]"	"[24.2094918821374]"	"1s.5f"	"1F*"	"3"	"1s.6g"	"3G"	"4"	7	9		
""	"7455.295204"	"2.306e+00"	AA	"[24.209163157329]"	"[24.375466697350]"	"1s.6d"	"3D"	"2"	"1s.8p"	"1P*"	"1"	5	3		
""	"7456.11627465"	"6.517e+01"	AA	"[24.0432156651818]"	"[24.20950089178800]"	"1s.5g"	"3G"	"4"	"1s.6h"	"1H*"	"5"	9	11		
""	"7456.12020621"	"4.1770e+04"	AAA	"[24.0432156651818]"	"[24.2095008041069]"	"1s.5g"	"3G"	"4"	"1s.6h"	"3H*"	"4"	9	9		
""	"7456.13128015"	"1.6117e+06"	AAA	"[24.0432156651818]"	"[24.2095005571382]"	"1s.5g"	"3G"	"4"	"1s.6h"	"3H*"	"5"	9	11		
""	"7456.13167702"	"3.191e+04"	AA	"[24.0432160086825]"	"[24.20950089178800]"	"1s.5g"	"3G"	"5"	"1s.6h"	"1H*"	"5"	11	11		
""	"7456.13560860"	"8.1279e+02"	AAA	"[24.0432160086825]"	"[24.2095008041069]"	"1s.5g"	"3G"	"5"	"1s.6h"	"3H*"	"4"	11	9		
""	"7456.14087759"	"1.6459e+06"	AAA	"[24.0432160086825]"	"[24.20950068659936]"	"1s.5g"	"3G"	"5"	"1s.6h"	"3H*"	"6"	11	13		
""	"7456.14668258"	"3.3922e+04"	AAA	"[24.0432160086825]"	"[24.2095005571382]"	"1s.5g"	"3G"	"5"	"1s.6h"	"3H*"	"5"	11	11		
""	"7456.14961209"	"1.5646e+06"	AAA	"[24.0432163209841]"	"[24.2095008041069]"	"1s.5g"	"3G"	"3"	"1s.6h"	"3H*"	"4"	7	9		
""	"7456.15510348"	"1.6139e+06"	AAA	"[24.0432165311324]"	"[24.20950089178800]"	"1s.5g"	"1G"	"4"	"1s.6h"	"1H*"	"5"	9	11		
""	"7456.15903509"	"3.870e+04"	AA	"[24.0432165311324]"	"[24.2095008041069]"	"1s.5g"	"1G"	"4"	"1s.6h"	"3H*"	"4"	9	9		
""	"7456.17010914"	"3.180e+02"	AA	"[24.0432165311324]"	"[24.2095005571382]"	"1s.5g"	"1G"	"4"	"1s.6h"	"3H*"	"5"	9	11		
""	"7458.14024324"	"6.134e+02"	AA	"[24.0432156651818]"	"[24.2094557657828]"	"1s.5g"	"3G"	"4"	"1s.6f"	"1F*"	"3"	9	7		
""	"7458.16966505"	"1.916e+02"	AA	"[24.0432163209841]"	"[24.2094557657828]"	"1s.5g"	"3G"	"3"	"1s.6f"	"1F*"	"3"	7	7		
""	"7458.17341124"	"2.8825e+02"	AAA	"[24.0432156651818]"	"[24.2094550264796]"	"1s.5g"	"3G"	"4"	"1s.6f"	"3F*"	"4"	9	9		
""	"7458.17909316"	"1.0618e+04"	AAA	"[24.0432165311324]"	"[24.2094557657828]"	"1s.5g"	"1G"	"4"	"1s.6f"	"1F*"	"3"	9	7		
""	"7458.18233698"	"1.0439e+04"	AAA	"[24.0432156651818]"	"[24.209454827529]"	"1s.5g"	"3G"	"4"	"1s.6f"	"3F*"	"3"	9	7		
""	"7458.18864053"	"1.1423e+04"	AAA	"[24.0432163209841]"	"[24.209455342828]"	"1s.5g"	"3G"	"3"	"1s.6f"	"3F*"	"2"	7	5		
""	"7458.18882211"	"1.0859e+04"	AAA	"[24.0432160086825]"	"[24.2094550264796]"	"1s.5g"	"3G"	"5"	"1s.6f"	"3F*"	"4"	11	9		
""	"7458.20283331"	"8.8141e+00"	AAA	"[24.0432163209841]"	"[24.2094550264796]"	"1s.5g"	"3G"	"3"	"1s.6f"	"3F*"	"4"	7	9		
""	"7458.21175912"	"5.2232e+02"	AAA	"[24.0432163209841]"	"[24.209454827529]"	"1s.5g"	"3G"	"3"	"1s.6f"	"3F*"	"3"	7	7		
""	"7458.21226150"	"2.670e+02"	AA	"[24.0432165311324]"	"[24.2094550264796]"	"1s.5g"	"1G"	"4"	"1s.6f"	"3F*"	"4"	9	9		
""	"7458.22118733"	"4.618e+02"	AA	"[24.0432165311324]"	"[24.209454827529]"	"1s.5g"	"1G"	"4"	"1s.6f"	"3F*"	"3"	9	7		
""	"7459.181100"	"2.6987e+04"	AAA	"[24.209249793955]"	"[24.375466697350]"	"1s.6d"	"1D"	"2"	"1s.8p"	"1P*"	"1"	5	3		
""	"7464.6237757"	"1.171e+04"	AA	"[24.043154084167]"	"[24.209249793955]"	"1s.5f"	"3F*"	"3"	"1s.6d"	"1D"	"2"	7	5		
""	"7464.6940775"	"2.8105e+04"	AAA	"[24.043155648442]"	"[24.209249793955]"	"1s.5f"	"1F*"	"3"	"1s.6d"	"1D"	"2"	7	5		
""	"7468.5194051"	"2.5203e+04"	AAA	"[24.043154084167]"	"[24.209163157329]"	"1s.5f"	"3F*"	"3"	"1s.6d"	"3D"	"2"	7	5		
""	"7468.5215144"	"2.2209e+03"	AAA	"[24.043154084167]"	"[24.209163110443]"	"1s.5f"	"3F*"	"3"	"1s.6d"	"3D"	"3"	7	7		
""	"7468.5306867"	"4.0116e+04"	AAA	"[24.043155012649]"	"[24.209163835045]"	"1s.5f"	"3F*"	"2"	"1s.6d"	"3D"	"1"	5	3		
""	"7468.5386852"	"3.6841e+04"	AAA	"[24.043154465835]"	"[24.209163110443]"	"1s.5f"	"3F*"	"4"	"1s.6d"	"3D"	"3"	9	7		
""	"7468.5611764"	"4.4569e+03"	AAA	"[24.043155012649]"	"[24.209163157329]"	"1s.5f"	"3F*"	"2"	"1s.6d"	"3D"	"2"	5	5		
""	"7468.5632858"	"9.0965e+01"	AAA	"[24.043155012649]"	"[24.209163110443]"	"1s.5f"	"3F*"	"2"	"1s.6d"	"3D"	"3"	5	7		
""	"7468.5897803"	"1.046e+04"	AA	"[24.043155648442]"	"[24.209163157329]"	"1s.5f"	"1F*"	"3"	"1s.6d"	"3D"	"2"	7	5		
""	"7468.5918897"	"9.628e+02"	AA	"[24.043155648442]"	"[24.209163110443]"	"1s.5f"	"1F*"	"3"	"1s.6d"	"3D"	"3"	7	7		
""	"7484.9698098"	"4.520e+03"	AA	"[24.209163110443]"	"[24.3748073302369]"	"1s.6d"	"3D"	"3"	"1s.8f"	"1F*"	"3"	7	7		
""	"7484.9719285"	"3.486e+04"	AA	"[24.209163157329]"	"[24.3748073302369]"	"1s.6d"	"3D"	"2"	"1s.8f"	"1F*"	"3"	5	7		
""	"7484.9790568"	"7.6687e+02"	AAA	"[24.209163110443]"	"[24.3748071255995]"	"1s.6d"	"3D"	"3"	"1s.8f"	"3F*"	"2"	7	5		
""	"7484.9811754"	"2.6838e+04"	AAA	"[24.209163157329]"	"[24.3748071255995]"	"1s.6d"	"3D"	"2"	"1s.8f"	"3F*"	"2"	5	5		
""	"7484.9850855"	"1.7255e+05"	AAA	"[24.209163110443]"	"[24.3748069921824]"	"1s.6d"	"3D"	"3"	"1s.8f"	"3F*"	"4"	7	9		
""	"7484.9884800"	"1.4651e+04"	AAA	"[24.209163110443]"	"[24.3748069170618]"	"1s.6d"	"3D"	"3"	"1s.8f"	"3F*"	"3"	7	7		
""	"7484.9905987"	"1.1852e+05"	AAA	"[24.209163157329]"	"[24.3748069170618]"	"1s.6d"	"3D"	"2"	"1s.8f"	"3F*"	"3"	5	7		
""	"7485.0117996"	"1.4494e+05"	AAA	"[24.209163835045]"	"[24.3748071255995]"	"1s.6d"	"3D"	"1"	"1s.8f"	"3F*"	"2"	3	5		
""	"7488.8888309"	"1.3321e+05"	AAA	"[24.209249793955]"	"[24.3748073302369]"	"1s.6d"	"1D"	"2"	"1s.8f"	"1F*"	"3"	5	7		
""	"7488.8980876"	"2.433e+00"	AA	"[24.209249793955]"	"[24.3748071255995]"	"1s.6d"	"1D"	"2"	"1s.8f"	"3F*"	"2"	5	5		
""	"7488.9075207"	"3.939e+04"	AA	"[24.209249793955]"	"[24.3748069170618]"	"1s.6d"	"1D"	"2"	"1s.8f"	"3F*"	"3"	5	7		
""	"7497.44817861"	"9.076e+03"	AA	"[24.209454827529]"	"[24.3748233575671]"	"1s.6f"	"3F*"	"3"	"1s.8g"	"1G"	"4"	7	9		
""	"7497.45051394"	"1.3311e+04"	AAA	"[24.209454827529]"	"[24.3748233060576]"	"1s.6f"	"3F*"	"3"	"1s.8g"	"3G"	"3"	7	7		
""	"7497.45719860"	"6.793e+03"	AA	"[24.2094550264796]"	"[24.3748233575671]"	"1s.6f"	"3F*"	"4"	"1s.8g"	"1G"	"4"	9	9		
""	"7497.45776410"	"2.0700e+05"	AAA	"[24.209454827529]"	"[24.3748231461435]"	"1s.6f"	"3F*"	"3"	"1s.8g"	"3G"	"4"	7	9		
""	"7497.45953393"	"2.8881e+02"	AAA	"[24.2094550264796]"	"[24.3748233060576]"	"1s.6f"	"3F*"	"4"	"1s.8g"	"3G"	"3"	9	7		
""	"7497.46299003"	"2.2643e+05"	AAA	"[24.2094550264796]"	"[24.3748232298280]"	"1s.6f"	"3F*"	"4"	"1s.8g"	"3G"	"5"	9	11		
""	"7497.46678412"	"7.3585e+03"	AAA	"[24.2094550264796]"	"[24.3748231461435]"	"1s.6f"	"3F*"	"4"	"1s.8g"	"3G"	"4"	9	9		
""	"7497.47387657"	"2.0794e+05"	AAA	"[24.209455342828]"	"[24.3748233060576]"	"1s.6f"	"3F*"	"2"	"1s.8g"	"3G"	"3"	5	7		
""	"7497.49071722"	"2.1056e+05"	AAA	"[24.2094557657828]"	"[24.3748233575671]"	"1s.6f"	"1F*"	"3"	"1s.8g"	"1G"	"4"	7	9		
""	"7497.49305258"	"4.884e+03"	AA	"[24.2094557657828]"	"[24.3748233060576]"	"1s.6f"	"1F*"	"3"	"1s.8g"	"3G"	"3"	7	7		
""	"7497.50030282"	"1.207e+04"	AA	"[24.2094557657828]"	"[24.3748231461435]"	"1s.6f"	"1F*"	"3"	"1s.8g"	"3G"	"4"	7	9		
""	"7498.955080970"	"9.028e+00"	AA	"[24.2094918821374]"	"[24.37482718164840]"	"1s.6g"	"3G"	"4"	"1s.8h"	"1H*"	"5"	9	11		
""	"7498.956758778"	"6.5517e+03"	AAA	"[24.2094918821374]"	"[24.37482714465648]"	"1s.6g"	"3G"	"4"	"1s.8h"	"3H*"	"4"	9	9		
""	"7498.961484345"	"2.5260e+05"	AAA	"[24.2094918821374]"	"[24.37482704046834]"	"1s.6g"	"3G"	"4"	"1s.8h"	"3H*"	"5"	9	11		
""	"7498.964088905"	"5.002e+03"	AA	"[24.2094920807421]"	"[24.37482718164840]"	"1s.6g"	"3G"	"5"	"1s.8h"	"1H*"	"5"	11	11		
""	"7498.965766717"	"1.2739e+02"	AAA	"[24.2094920807421]"	"[24.37482714465648]"	"1s.6g"	"3G"	"5"	"1s.8h"	"3H*"	"4"	11	9		
""	"7498.968015090"	"2.5797e+05"	AAA	"[24.2094920807421]"	"[24.37482709508499]"	"1s.6g"	"3G"	"5"	"1s.8h"	"3H*"	"6"	11	13		
""	"7498.970492295"	"5.3169e+03"	AAA	"[24.2094920807421]"	"[24.37482704046834]"	"1s.6g"	"3G"	"5"	"1s.8h"	"3H*"	"5"	11	11		
""	"7498.973963133"	"2.4523e+05"	AAA	"[24.2094922614541]"	"[24.37482714465648]"	"1s.6g"	"3G"	"3"	"1s.8h"	"3H*"	"4"	7	9		
""	"7498.977810763"	"2.5296e+05"	AAA	"[24.2094923832773]"	"[24.37482718164840]"	"1s.6g"	"1G"	"4"	"1s.8h"	"1H*"	"5"	9	11		
""	"7498.979488581"	"6.060e+03"	AA	"[24.2094923832773]"	"[24.37482714465648]"	"1s.6g"	"1G"	"4"	"1s.8h"	"3H*"	"4"	9	9		
""	"7498.984214177"	"5.258e+01"	AA	"[24.2094923832773]"	"[24.37482704046834]"	"1s.6g"	"1G"	"4"	"1s.8h"	"3H*"	"5"	9	11		
""	"7499.294230780"	"4.699e+00"	AA	"[24.2095005571382]"	"[24.37482837948752]"	"1s.6h"	"3H*"	"5"	"1s.8i"	"1I"	"6"	11	13		
""	"7499.295488716"	"3.6823e+03"	AAA	"[24.2095005571382]"	"[24.37482835175535]"	"1s.6h"	"3H*"	"5"	"1s.8i"	"3I"	"5"	11	11		
""	"7499.298809706"	"2.1458e+05"	AAA	"[24.2095005571382]"	"[24.37482827854156]"	"1s.6h"	"3H*"	"5"	"1s.8i"	"3I"	"6"	11	13		
""	"7499.300103164"	"2.946e+03"	AA	"[24.20950068659936]"	"[24.37482837948752]"	"1s.6h"	"3H*"	"6"	"1s.8i"	"1I"	"6"	13	13		
""	"7499.301361101"	"4.9976e+01"	AAA	"[24.20950068659936]"	"[24.37482835175535]"	"1s.6h"	"3H*"	"6"	"1s.8i"	"3I"	"5"	13	11		
""	"7499.302944446"	"2.1770e+05"	AAA	"[24.20950068659936]"	"[24.37482831684934]"	"1s.6h"	"3H*"	"6"	"1s.8i"	"3I"	"7"	13	15		
""	"7499.304682097"	"3.1015e+03"	AAA	"[24.20950068659936]"	"[24.37482827854156]"	"1s.6h"	"3H*"	"6"	"1s.8i"	"3I"	"6"	13	13		
""	"7499.306691273"	"2.1050e+05"	AAA	"[24.2095008041069]"	"[24.37482835175535]"	"1s.6h"	"3H*"	"4"	"1s.8i"	"3I"	"5"	9	11		
""	"7499.309410577"	"2.1475e+05"	AAA	"[24.20950089178800]"	"[24.37482837948752]"	"1s.6h"	"1H*"	"5"	"1s.8i"	"1I"	"6"	11	13		
""	"7499.310668517"	"3.464e+03"	AA	"[24.20950089178800]"	"[24.37482835175535]"	"1s.6h"	"1H*"	"5"	"1s.8i"	"3I"	"5"	11	11		
""	"7499.313989521"	"1.897e+01"	AA	"[24.20950089178800]"	"[24.37482827854156]"	"1s.6h"	"1H*"	"5"	"1s.8i"	"3I"	"6"	11	13		
""	"7499.527827366"	"2.2052e+01"	AAA	"[24.2095005571382]"	"[24.3748232298280]"	"1s.6h"	"3H*"	"5"	"1s.8g"	"3G"	"5"	11	11		
""	"7499.531623545"	"1.2805e+03"	AAA	"[24.2095005571382]"	"[24.3748231461435]"	"1s.6h"	"3H*"	"5"	"1s.8g"	"3G"	"4"	11	9		
""	"7499.533235981"	"2.511e+01"	AA	"[24.2095008041069]"	"[24.3748233575671]"	"1s.6h"	"3H*"	"4"	"1s.8g"	"1G"	"4"	9	9		
""	"7499.533700115"	"1.2645e+03"	AAA	"[24.20950068659936]"	"[24.3748232298280]"	"1s.6h"	"3H*"	"6"	"1s.8g"	"3G"	"5"	13	11		
""	"7499.535572608"	"1.3077e+03"	AAA	"[24.2095008041069]"	"[24.3748233060576]"	"1s.6h"	"3H*"	"4"	"1s.8g"	"3G"	"3"	9	7		
""	"7499.537213465"	"1.2823e+03"	AAA	"[24.20950089178800]"	"[24.3748233575671]"	"1s.6h"	"1H*"	"5"	"1s.8g"	"1G"	"4"	11	9		
""	"7499.542826808"	"2.7200e+01"	AAA	"[24.2095008041069]"	"[24.3748231461435]"	"1s.6h"	"3H*"	"4"	"1s.8g"	"3G"	"4"	9	9		
""	"7499.543008108"	"2.075e+01"	AA	"[24.20950089178800]"	"[24.3748232298280]"	"1s.6h"	"1H*"	"5"	"1s.8g"	"3G"	"5"	11	11		
""	"7499.85557058"	"3.752e+02"	AA	"[24.2094918821374]"	"[24.3748073302369]"	"1s.6g"	"3G"	"4"	"1s.8f"	"1F*"	"3"	9	7		
""	"7499.87090711"	"1.3280e+02"	AAA	"[24.2094918821374]"	"[24.3748069921824]"	"1s.6g"	"3G"	"4"	"1s.8f"	"3F*"	"4"	9	9		
""	"7499.87277906"	"7.750e+01"	AA	"[24.2094922614541]"	"[24.3748073302369]"	"1s.6g"	"3G"	"3"	"1s.8f"	"1F*"	"3"	7	7		
""	"7499.87431512"	"4.7129e+03"	AAA	"[24.2094918821374]"	"[24.3748069170618]"	"1s.6g"	"3G"	"4"	"1s.8f"	"3F*"	"3"	9	7		
""	"7499.87830583"	"4.8061e+03"	AAA	"[24.2094923832773]"	"[24.3748073302369]"	"1s.6g"	"1G"	"4"	"1s.8f"	"1F*"	"3"	9	7		
""	"7499.87991724"	"4.9993e+03"	AAA	"[24.2094920807421]"	"[24.3748069921824]"	"1s.6g"	"3G"	"5"	"1s.8f"	"3F*"	"4"	11	9		
""	"7499.88206289"	"5.2590e+03"	AAA	"[24.2094922614541]"	"[24.3748071255995]"	"1s.6g"	"3G"	"3"	"1s.8f"	"3F*"	"2"	7	5		
""	"7499.88811566"	"4.0578e+00"	AAA	"[24.2094922614541]"	"[24.3748069921824]"	"1s.6g"	"3G"	"3"	"1s.8f"	"3F*"	"4"	7	9		
""	"7499.89152368"	"2.5119e+02"	AAA	"[24.2094922614541]"	"[24.3748069170618]"	"1s.6g"	"3G"	"3"	"1s.8f"	"3F*"	"3"	7	7		
""	"7499.89364245"	"1.228e+02"	AA	"[24.2094923832773]"	"[24.3748069921824]"	"1s.6g"	"1G"	"4"	"1s.8f"	"3F*"	"4"	9	9		
""	"7499.89705048"	"2.948e+02"	AA	"[24.2094923832773]"	"[24.3748069170618]"	"1s.6g"	"1G"	"4"	"1s.8f"	"3F*"	"3"	9	7		
""	"7502.15779249"	"3.614e+03"	AA	"[24.209454827529]"	"[24.374719544511]"	"1s.6f"	"3F*"	"3"	"1s.8d"	"1D"	"2"	7	5		
""	"7502.20038457"	"1.0240e+04"	AAA	"[24.2094557657828]"	"[24.374719544511]"	"1s.6f"	"1F*"	"3"	"1s.8d"	"1D"	"2"	7	5		
""	"7503.9124527"	"9.1781e+03"	AAA	"[24.209454827529]"	"[24.374680900214]"	"1s.6f"	"3F*"	"3"	"1s.8d"	"3D"	"2"	7	5		
""	"7503.9133676"	"8.1017e+02"	AAA	"[24.209454827529]"	"[24.374680880069]"	"1s.6f"	"3F*"	"3"	"1s.8d"	"3D"	"3"	7	7		
""	"7503.9224032"	"1.2814e+04"	AAA	"[24.2094550264796]"	"[24.374680880069]"	"1s.6f"	"3F*"	"4"	"1s.8d"	"3D"	"3"	9	7		
""	"7503.9228880"	"1.3953e+04"	AAA	"[24.209455342828]"	"[24.374681185743]"	"1s.6f"	"3F*"	"2"	"1s.8d"	"3D"	"1"	5	3		
""	"7503.9358556"	"1.5502e+03"	AAA	"[24.209455342828]"	"[24.374680900214]"	"1s.6f"	"3F*"	"2"	"1s.8d"	"3D"	"2"	5	5		
""	"7503.9367706"	"3.1640e+01"	AAA	"[24.209455342828]"	"[24.374680880069]"	"1s.6f"	"3F*"	"2"	"1s.8d"	"3D"	"3"	5	7		
""	"7503.9550647"	"3.225e+03"	AA	"[24.2094557657828]"	"[24.374680900214]"	"1s.6f"	"1F*"	"3"	"1s.8d"	"3D"	"2"	7	5		
""	"7503.9559796"	"2.972e+02"	AA	"[24.2094557657828]"	"[24.374680880069]"	"1s.6f"	"1F*"	"3"	"1s.8d"	"3D"	"3"	7	7		
""	"7504.993603"	"1.1287e-01"	AAA	"[24.04580040653]"	"[24.21100267716]"	"1s.5p"	"1P*"	"1"	"1s.6p"	"1P*"	"1"	3	3	E2	
""	"7518.214724"	"4.7278e+03"	AAA	"[24.2845660369]"	"[24.44947779185]"	"1s.7s"	"3S"	"1"	"1s.10p"	"3P*"	"0"	3	1		
""	"7518.252670"	"4.7278e+03"	AAA	"[24.2845660369]"	"[24.44947695951]"	"1s.7s"	"3S"	"1"	"1s.10p"	"3P*"	"1"	3	3		
""	"7518.255757"	"4.7278e+03"	AAA	"[24.2845660369]"	"[24.44947689179]"	"1s.7s"	"3S"	"1"	"1s.10p"	"3P*"	"2"	3	5		
""	"7573.086417"	"1.2094e+05"	AAA	"[24.21100267716]"	"[24.374719544511]"	"1s.6p"	"1P*"	"1"	"1s.8d"	"1D"	"2"	3	5		
""	"7574.874417"	"9.426e+00"	AA	"[24.21100267716]"	"[24.374680900214]"	"1s.6p"	"1P*"	"1"	"1s.8d"	"3D"	"2"	3	5		
""	"7585.479541"	"4.6603e+05"	AAA	"[24.04580040653]"	"[24.209249793955]"	"1s.5p"	"1P*"	"1"	"1s.6d"	"1D"	"2"	3	5		
""	"7589.502370"	"4.082e+01"	AA	"[24.04580040653]"	"[24.209163157329]"	"1s.5p"	"1P*"	"1"	"1s.6d"	"3D"	"2"	3	5		
""	"7653.165280"	"4.7666e+04"	AAA	"[24.209163835045]"	"[24.37116765163]"	"1s.6d"	"3D"	"1"	"1s.8p"	"3P*"	"0"	3	1		
""	"7653.210624"	"3.5747e+04"	AAA	"[24.209163157329]"	"[24.37116601407]"	"1s.6d"	"3D"	"2"	"1s.8p"	"3P*"	"1"	5	3		
""	"7653.214706"	"4.0040e+04"	AAA	"[24.209163110443]"	"[24.37116588077]"	"1s.6d"	"3D"	"3"	"1s.8p"	"3P*"	"2"	7	5		
""	"7653.216921"	"7.1493e+03"	AAA	"[24.209163157329]"	"[24.37116588077]"	"1s.6d"	"3D"	"2"	"1s.8p"	"3P*"	"2"	5	5		
""	"7653.242640"	"1.1917e+04"	AAA	"[24.209163835045]"	"[24.37116601407]"	"1s.6d"	"3D"	"1"	"1s.8p"	"3P*"	"1"	3	3		
""	"7653.248937"	"4.7666e+02"	AAA	"[24.209163835045]"	"[24.37116588077]"	"1s.6d"	"3D"	"1"	"1s.8p"	"3P*"	"2"	3	5		
""	"7657.305633"	"3.103e+00"	AA	"[24.209249793955]"	"[24.37116601407]"	"1s.6d"	"1D"	"2"	"1s.8p"	"3P*"	"1"	5	3		
""	"7839.350437"	"1.5959e+05"	AAA	"[24.042663494166]"	"[24.20081970804]"	"1s.5d"	"3D"	"1"	"1s.6p"	"3P*"	"0"	3	1		
""	"7839.487265"	"1.1968e+05"	AAA	"[24.042662321526]"	"[24.20081577498]"	"1s.5d"	"3D"	"2"	"1s.6p"	"3P*"	"1"	5	3		
""	"7839.499213"	"1.3405e+05"	AAA	"[24.042662242088]"	"[24.20081545451]"	"1s.5d"	"3D"	"3"	"1s.6p"	"3P*"	"2"	7	5		
""	"7839.503151"	"2.3936e+04"	AAA	"[24.042662321526]"	"[24.20081545451]"	"1s.5d"	"3D"	"2"	"1s.6p"	"3P*"	"2"	5	5		
""	"7839.545392"	"3.9897e+04"	AAA	"[24.042663494166]"	"[24.20081577498]"	"1s.5d"	"3D"	"1"	"1s.6p"	"3P*"	"1"	3	3		
""	"7839.561278"	"1.5959e+05"	AAA	"[24.042663494166]"	"[24.20081545451]"	"1s.5d"	"3D"	"1"	"1s.6p"	"3P*"	"2"	3	5		
""	"7846.487211"	"1.176e+01"	AA	"[24.042803412125]"	"[24.20081577498]"	"1s.5d"	"1D"	"2"	"1s.6p"	"3P*"	"1"	5	3		
""	"7846.503125"	"2.442e+00"	AA	"[24.042803412125]"	"[24.20081545451]"	"1s.5d"	"1D"	"2"	"1s.6p"	"3P*"	"2"	5	5		
""	"7882.588303"	"1.0513e+05"	AAA	"[24.20081545451]"	"[24.3581041440]"	"1s.6p"	"3P*"	"2"	"1s.8s"	"3S"	"1"	5	3		
""	"7882.604364"	"6.3079e+04"	AAA	"[24.20081577498]"	"[24.3581041440]"	"1s.6p"	"3P*"	"1"	"1s.8s"	"3S"	"1"	3	3		
""	"7882.801477"	"2.1026e+04"	AAA	"[24.20081970804]"	"[24.3581041440]"	"1s.6p"	"3P*"	"0"	"1s.8s"	"3S"	"1"	1	3		
""	"7938.677296"	"1.5694e+05"	AAA	"[24.21100267716]"	"[24.3671800778]"	"1s.6p"	"1P*"	"1"	"1s.8s"	"1S"	"0"	3	1		
""	"8063.62276"	"1.2492e-03"	AAA	"[22.920317359]"	"[23.07407479777]"	"1s.3s"	"1S"	"0"	"1s.3d"	"1D"	"2"	1	5	E2	
""	"8082.804249"	"1.0590e+04"	AAA	"[24.2982859057]"	"[24.451678459372]"	"1s.7s"	"1S"	"0"	"1s.10p"	"1P*"	"1"	1	3		
""	"8357.15961"	"1.2012e-01"	AAA	"[24.042803412125]"	"[24.1911602752]"	"1s.5d"	"1D"	"2"	"1s.6s"	"1S"	"0"	5	1	E2	
""	"8434.029392"	"1.844e+00"	AA	"[24.30428940164]"	"[24.4512941044573]"	"1s.7p"	"3P*"	"1"	"1s.10d"	"1D"	"2"	3	5		
""	"8435.173311"	"9.5485e+02"	AAA	"[24.30428920147]"	"[24.451273968544]"	"1s.7p"	"3P*"	"2"	"1s.10d"	"3D"	"1"	5	3		
""	"8435.181695"	"8.5930e+03"	AAA	"[24.30428920147]"	"[24.451273822448]"	"1s.7p"	"3P*"	"2"	"1s.10d"	"3D"	"2"	5	5		
""	"8435.182292"	"3.4375e+04"	AAA	"[24.30428920147]"	"[24.451273812052]"	"1s.7p"	"3P*"	"2"	"1s.10d"	"3D"	"3"	5	7		
""	"8435.184798"	"1.4323e+04"	AAA	"[24.30428940164]"	"[24.451273968544]"	"1s.7p"	"3P*"	"1"	"1s.10d"	"3D"	"1"	3	3		
""	"8435.193183"	"2.5779e+04"	AAA	"[24.30428940164]"	"[24.451273822448]"	"1s.7p"	"3P*"	"1"	"1s.10d"	"3D"	"2"	3	5		
""	"8435.325851"	"1.9097e+04"	AAA	"[24.30429185947]"	"[24.451273968544]"	"1s.7p"	"3P*"	"0"	"1s.10d"	"3D"	"1"	1	3		
""	"8529.46550"	"5.9321e+05"	AAA	"[24.04580040653]"	"[24.1911602752]"	"1s.5p"	"1P*"	"1"	"1s.6s"	"1S"	"0"	3	1		
""	"8726.299105"	"1.0833e+04"	AAA	"[24.309597381304]"	"[24.451678459372]"	"1s.7d"	"1D"	"2"	"1s.10p"	"1P*"	"1"	5	3		
""	"8743.6974008"	"1.382e+03"	AA	"[24.309540897300]"	"[24.4513392610240]"	"1s.7d"	"3D"	"3"	"1s.10f"	"1F*"	"3"	7	7		
""	"8743.6992421"	"1.066e+04"	AA	"[24.309540927161]"	"[24.4513392610240]"	"1s.7d"	"3D"	"2"	"1s.10f"	"1F*"	"3"	5	7		
""	"8743.7042787"	"2.4983e+02"	AAA	"[24.309540897300]"	"[24.4513391494830]"	"1s.7d"	"3D"	"3"	"1s.10f"	"3F*"	"2"	7	5		
""	"8743.7061201"	"8.7432e+03"	AAA	"[24.309540927161]"	"[24.4513391494830]"	"1s.7d"	"3D"	"2"	"1s.10f"	"3F*"	"2"	5	5		
""	"8743.7084902"	"5.6211e+04"	AAA	"[24.309540897300]"	"[24.4513390811842]"	"1s.7d"	"3D"	"3"	"1s.10f"	"3F*"	"4"	7	9		
""	"8743.7107384"	"4.8633e+03"	AAA	"[24.309540897300]"	"[24.4513390447263]"	"1s.7d"	"3D"	"3"	"1s.10f"	"3F*"	"3"	7	7		
""	"8743.7125797"	"3.9310e+04"	AAA	"[24.309540927161]"	"[24.4513390447263]"	"1s.7d"	"3D"	"2"	"1s.10f"	"3F*"	"3"	5	7		
""	"8743.7324157"	"4.7217e+04"	AAA	"[24.309541353601]"	"[24.4513391494830]"	"1s.7d"	"3D"	"1"	"1s.10f"	"3F*"	"2"	3	5		
""	"8747.1817559"	"4.4184e+04"	AAA	"[24.309597381304]"	"[24.4513392610240]"	"1s.7d"	"1D"	"2"	"1s.10f"	"1F*"	"3"	5	7		
""	"8747.1951041"	"1.204e+04"	AA	"[24.309597381304]"	"[24.4513390447263]"	"1s.7d"	"1D"	"2"	"1s.10f"	"3F*"	"3"	5	7		
""	"8754.69033613"	"3.494e+03"	AA	"[24.3097272911601]"	"[24.45134760401285]"	"1s.7f"	"3F*"	"3"	"1s.10g"	"1G"	"4"	7	9		
""	"8754.69196845"	"4.2851e+03"	AAA	"[24.3097272911601]"	"[24.45134757760769]"	"1s.7f"	"3F*"	"3"	"1s.10g"	"3G"	"3"	7	7		
""	"8754.69702794"	"6.4125e+04"	AAA	"[24.3097272911601]"	"[24.45134749576287]"	"1s.7f"	"3F*"	"3"	"1s.10g"	"3G"	"4"	7	9		
""	"8754.69758302"	"2.127e+03"	AA	"[24.3097274083893]"	"[24.45134760401285]"	"1s.7f"	"3F*"	"4"	"1s.10g"	"1G"	"4"	9	9		
""	"8754.69921533"	"9.0499e+01"	AAA	"[24.3097274083893]"	"[24.45134757760769]"	"1s.7f"	"3F*"	"4"	"1s.10g"	"3G"	"3"	9	7		
""	"8754.70162794"	"7.0951e+04"	AAA	"[24.3097274083893]"	"[24.45134753858031]"	"1s.7f"	"3F*"	"4"	"1s.10g"	"3G"	"5"	9	11		
""	"8754.70427483"	"2.3071e+03"	AAA	"[24.3097274083893]"	"[24.45134749576287]"	"1s.7f"	"3F*"	"4"	"1s.10g"	"3G"	"4"	9	9		
""	"8754.71152822"	"6.5159e+04"	AAA	"[24.3097276075680]"	"[24.45134757760769]"	"1s.7f"	"3F*"	"2"	"1s.10g"	"3G"	"3"	5	7		
""	"8754.72779246"	"6.5330e+04"	AAA	"[24.3097278970701]"	"[24.45134760401285]"	"1s.7f"	"1F*"	"3"	"1s.10g"	"1G"	"4"	7	9		
""	"8754.72942479"	"1.416e+03"	AA	"[24.3097278970701]"	"[24.45134757760769]"	"1s.7f"	"1F*"	"3"	"1s.10g"	"3G"	"3"	7	7		
""	"8754.73448433"	"4.519e+03"	AA	"[24.3097278970701]"	"[24.45134749576287]"	"1s.7f"	"1F*"	"3"	"1s.10g"	"3G"	"4"	7	9		
""	"8756.041944148"	"2.504e+00"	AA	"[24.3097511655788]"	"[24.45134961750954]"	"1s.7g"	"3G"	"4"	"1s.10h"	"1H*"	"5"	9	11		
""	"8756.043115348"	"2.0079e+03"	AAA	"[24.3097511655788]"	"[24.45134959856946]"	"1s.7g"	"3G"	"4"	"1s.10h"	"3H*"	"4"	9	9		
""	"8756.046413980"	"7.7373e+04"	AAA	"[24.3097511655788]"	"[24.45134954522564]"	"1s.7g"	"3G"	"4"	"1s.10h"	"3H*"	"5"	9	11		
""	"8756.049672654"	"1.532e+03"	AA	"[24.3097512905603]"	"[24.45134961750954]"	"1s.7g"	"3G"	"5"	"1s.10h"	"1H*"	"5"	11	11		
""	"8756.050843856"	"3.9022e+01"	AAA	"[24.3097512905603]"	"[24.45134959856946]"	"1s.7g"	"3G"	"5"	"1s.10h"	"3H*"	"4"	11	9		
""	"8756.052413297"	"7.9019e+04"	AAA	"[24.3097512905603]"	"[24.45134957318928]"	"1s.7g"	"3G"	"5"	"1s.10h"	"3H*"	"6"	11	13		
""	"8756.054142493"	"1.6286e+03"	AAA	"[24.3097512905603]"	"[24.45134954522564]"	"1s.7g"	"3G"	"5"	"1s.10h"	"3H*"	"5"	11	11		
""	"8756.057880567"	"7.5117e+04"	AAA	"[24.3097514043543]"	"[24.45134959856946]"	"1s.7g"	"3G"	"3"	"1s.10h"	"3H*"	"4"	7	9		
""	"8756.061459441"	"7.7484e+04"	AAA	"[24.3097514811699]"	"[24.45134961750954]"	"1s.7g"	"1G"	"4"	"1s.10h"	"1H*"	"5"	9	11		
""	"8756.062630646"	"1.855e+03"	AA	"[24.3097514811699]"	"[24.45134959856946]"	"1s.7g"	"1G"	"4"	"1s.10h"	"3H*"	"4"	9	9		
""	"8756.065929292"	"1.676e+01"	AA	"[24.3097514811699]"	"[24.45134954522564]"	"1s.7g"	"1G"	"4"	"1s.10h"	"3H*"	"5"	9	11		
""	"8756.353345780"	"1.567e+00"	AA	"[24.30975684089325]"	"[24.45135025716733]"	"1s.7h"	"3H*"	"5"	"1s.10i"	"1I"	"6"	11	13		
""	"8756.354223871"	"1.2288e+03"	AAA	"[24.30975684089325]"	"[24.45135024296829]"	"1s.7h"	"3H*"	"5"	"1s.10i"	"3I"	"5"	11	11		
""	"8756.356542017"	"7.1605e+04"	AAA	"[24.30975684089325]"	"[24.45135020548303]"	"1s.7h"	"3H*"	"5"	"1s.10i"	"3I"	"6"	11	13		
""	"8756.358387525"	"9.830e+02"	AA	"[24.30975692242005]"	"[24.45135025716733]"	"1s.7h"	"3H*"	"6"	"1s.10i"	"1I"	"6"	13	13		
""	"8756.359265617"	"1.6677e+01"	AAA	"[24.30975692242005]"	"[24.45135024296829]"	"1s.7h"	"3H*"	"6"	"1s.10i"	"3I"	"5"	13	11		
""	"8756.360370824"	"7.2647e+04"	AAA	"[24.30975692242005]"	"[24.45135022509671]"	"1s.7h"	"3H*"	"6"	"1s.10i"	"3I"	"7"	13	15		
""	"8756.361583766"	"1.0350e+03"	AAA	"[24.30975692242005]"	"[24.45135020548303]"	"1s.7h"	"3H*"	"6"	"1s.10i"	"3I"	"6"	13	13		
""	"8756.363841728"	"7.0245e+04"	AAA	"[24.30975699641729]"	"[24.45135024296829]"	"1s.7h"	"3H*"	"4"	"1s.10i"	"3I"	"5"	9	11		
""	"8756.366378370"	"7.1662e+04"	AAA	"[24.30975705163464]"	"[24.45135025716733]"	"1s.7h"	"1H*"	"5"	"1s.10i"	"1I"	"6"	11	13		
""	"8756.367256463"	"1.156e+03"	AA	"[24.30975705163464]"	"[24.45135024296829]"	"1s.7h"	"1H*"	"5"	"1s.10i"	"3I"	"5"	11	11		
""	"8756.369574617"	"6.333e+00"	AA	"[24.30975705163464]"	"[24.45135020548303]"	"1s.7h"	"1H*"	"5"	"1s.10i"	"3I"	"6"	11	13		
""	"8756.505892184"	"2.5395e+00"	AAA	"[24.30975862360302]"	"[24.45134957318928]"	"1s.7i"	"3I"	"6"	"1s.10h"	"3H*"	"6"	13	13		
""	"8756.507621559"	"2.0763e+02"	AAA	"[24.30975862360302]"	"[24.45134954522564]"	"1s.7i"	"3I"	"6"	"1s.10h"	"3H*"	"5"	13	11		
""	"8756.509428546"	"2.0567e+02"	AAA	"[24.30975868078527]"	"[24.45134957318928]"	"1s.7i"	"3I"	"7"	"1s.10h"	"3H*"	"6"	15	13		
""	"8756.509909975"	"2.837e+00"	AA	"[24.30975873289013]"	"[24.45134961750954]"	"1s.7i"	"3I"	"5"	"1s.10h"	"1H*"	"5"	11	11		
""	"8756.511081300"	"2.1065e+02"	AAA	"[24.30975873289013]"	"[24.45134959856946]"	"1s.7i"	"3I"	"5"	"1s.10h"	"3H*"	"4"	11	9		
""	"8756.512470057"	"2.0780e+02"	AAA	"[24.30975877428610]"	"[24.45134961750954]"	"1s.7i"	"1I"	"6"	"1s.10h"	"1H*"	"5"	13	11		
""	"8756.514380284"	"3.0150e+00"	AAA	"[24.30975873289013]"	"[24.45134954522564]"	"1s.7i"	"3I"	"5"	"1s.10h"	"3H*"	"5"	11	11		
""	"8756.515210990"	"2.412e+00"	AA	"[24.30975877428610]"	"[24.45134957318928]"	"1s.7i"	"1I"	"6"	"1s.10h"	"3H*"	"6"	13	13		
""	"8756.521470585"	"1.5958e+01"	AAA	"[24.30975684089325]"	"[24.45134753858031]"	"1s.7h"	"3H*"	"5"	"1s.10g"	"3G"	"5"	11	11		
""	"8756.524118584"	"9.2662e+02"	AAA	"[24.30975684089325]"	"[24.45134749576287]"	"1s.7h"	"3H*"	"5"	"1s.10g"	"3G"	"4"	11	9		
""	"8756.526512524"	"9.1505e+02"	AAA	"[24.30975692242005]"	"[24.45134753858031]"	"1s.7h"	"3H*"	"6"	"1s.10g"	"3G"	"5"	13	11		
""	"8756.527042199"	"1.816e+01"	AA	"[24.30975699641729]"	"[24.45134760401285]"	"1s.7h"	"3H*"	"4"	"1s.10g"	"1G"	"4"	9	9		
""	"8756.528675200"	"9.4633e+02"	AAA	"[24.30975699641729]"	"[24.45134757760769]"	"1s.7h"	"3H*"	"4"	"1s.10g"	"3G"	"3"	9	7		
""	"8756.530457062"	"9.2796e+02"	AAA	"[24.30975705163464]"	"[24.45134760401285]"	"1s.7h"	"1H*"	"5"	"1s.10g"	"1G"	"4"	11	9		
""	"8756.533736815"	"1.9694e+01"	AAA	"[24.30975699641729]"	"[24.45134749576287]"	"1s.7h"	"3H*"	"4"	"1s.10g"	"3G"	"4"	9	9		
""	"8756.534503676"	"1.501e+01"	AA	"[24.30975705163464]"	"[24.45134753858031]"	"1s.7h"	"1H*"	"5"	"1s.10g"	"3G"	"5"	11	11		
""	"8756.68240634"	"2.109e+02"	AA	"[24.3097511655788]"	"[24.4513392610240]"	"1s.7g"	"3G"	"4"	"1s.10f"	"1F*"	"3"	9	7		
""	"8756.69352876"	"6.6491e+01"	AAA	"[24.3097511655788]"	"[24.4513390811842]"	"1s.7g"	"3G"	"4"	"1s.10f"	"3F*"	"4"	9	9		
""	"8756.69578355"	"2.3351e+03"	AAA	"[24.3097511655788]"	"[24.4513390447263]"	"1s.7g"	"3G"	"4"	"1s.10f"	"3F*"	"3"	9	7		
""	"8756.69717371"	"3.640e+01"	AA	"[24.3097514043543]"	"[24.4513392610240]"	"1s.7g"	"3G"	"3"	"1s.10f"	"1F*"	"3"	7	7		
""	"8756.70125841"	"2.5016e+03"	AAA	"[24.3097512905603]"	"[24.4513390811842]"	"1s.7g"	"3G"	"5"	"1s.10f"	"3F*"	"4"	11	9		
""	"8756.70192449"	"2.3842e+03"	AAA	"[24.3097514811699]"	"[24.4513392610240]"	"1s.7g"	"1G"	"4"	"1s.10f"	"1F*"	"3"	9	7		
""	"8756.70407213"	"2.6316e+03"	AAA	"[24.3097514043543]"	"[24.4513391494830]"	"1s.7g"	"3G"	"3"	"1s.10f"	"3F*"	"2"	7	5		
""	"8756.70829617"	"2.0305e+00"	AAA	"[24.3097514043543]"	"[24.4513390811842]"	"1s.7g"	"3G"	"3"	"1s.10f"	"3F*"	"4"	7	9		
""	"8756.71055097"	"1.2807e+02"	AAA	"[24.3097514043543]"	"[24.4513390447263]"	"1s.7g"	"3G"	"3"	"1s.10f"	"3F*"	"3"	7	7		
""	"8756.71304695"	"6.143e+01"	AA	"[24.3097514811699]"	"[24.4513390811842]"	"1s.7g"	"1G"	"4"	"1s.10f"	"3F*"	"4"	9	9		
""	"8756.71530175"	"1.683e+02"	AA	"[24.3097514811699]"	"[24.4513390447263]"	"1s.7g"	"1G"	"4"	"1s.10f"	"3F*"	"3"	9	7		
""	"8757.99882370"	"1.440e+03"	AA	"[24.3097272911601]"	"[24.4512941044573]"	"1s.7f"	"3F*"	"3"	"1s.10d"	"1D"	"2"	7	5		
""	"8758.03630835"	"4.5288e+03"	AAA	"[24.3097278970701]"	"[24.4512941044573]"	"1s.7f"	"1F*"	"3"	"1s.10d"	"1D"	"2"	7	5		
""	"8759.25374542"	"4.0576e+03"	AAA	"[24.3097272911601]"	"[24.451273822448]"	"1s.7f"	"3F*"	"3"	"1s.10d"	"3D"	"2"	7	5		
""	"8759.25438876"	"3.5848e+02"	AAA	"[24.3097272911601]"	"[24.451273812052]"	"1s.7f"	"3F*"	"3"	"1s.10d"	"3D"	"3"	7	7		
""	"8759.26164320"	"5.5191e+03"	AAA	"[24.3097274083893]"	"[24.451273812052]"	"1s.7f"	"3F*"	"4"	"1s.10d"	"3D"	"3"	9	7		
""	"8759.26428477"	"6.0097e+03"	AAA	"[24.3097276075680]"	"[24.451273968544]"	"1s.7f"	"3F*"	"2"	"1s.10d"	"3D"	"1"	5	3		
""	"8759.27332557"	"6.6770e+02"	AAA	"[24.3097276075680]"	"[24.451273822448]"	"1s.7f"	"3F*"	"2"	"1s.10d"	"3D"	"2"	5	5		
""	"8759.27396892"	"1.3628e+01"	AAA	"[24.3097276075680]"	"[24.451273812052]"	"1s.7f"	"3F*"	"2"	"1s.10d"	"3D"	"3"	5	7		
""	"8759.29124081"	"1.284e+03"	AA	"[24.3097278970701]"	"[24.451273822448]"	"1s.7f"	"1F*"	"3"	"1s.10d"	"3D"	"2"	7	5		
""	"8759.29188415"	"1.185e+02"	AA	"[24.3097278970701]"	"[24.451273812052]"	"1s.7f"	"1F*"	"3"	"1s.10d"	"3D"	"3"	7	7		
""	"8807.37487"	"4.3156e+05"	AAA	"[24.0282250640]"	"[24.1689982232]"	"1s.5p"	"3P*"	"2"	"1s.6s"	"3S"	"1"	5	3		
""	"8807.40993"	"2.5894e+05"	AAA	"[24.0282256244]"	"[24.1689982232]"	"1s.5p"	"3P*"	"1"	"1s.6s"	"3S"	"1"	3	3		
""	"8807.84005"	"8.6312e+04"	AAA	"[24.0282324989]"	"[24.1689982232]"	"1s.5p"	"3P*"	"0"	"1s.6s"	"3S"	"1"	1	3		
""	"8819.104601"	"4.0864e+04"	AAA	"[24.31070817873]"	"[24.4512941044573]"	"1s.7p"	"1P*"	"1"	"1s.10d"	"1D"	"2"	3	5		
""	"8820.377096"	"3.024e+00"	AA	"[24.31070817873]"	"[24.451273822448]"	"1s.7p"	"1P*"	"1"	"1s.10d"	"3D"	"2"	3	5		
""	"8860.036741"	"1.8409e+04"	AAA	"[24.309541353601]"	"[24.44947779185]"	"1s.7d"	"3D"	"1"	"1s.10p"	"3P*"	"0"	3	1		
""	"8860.062441"	"1.3806e+04"	AAA	"[24.309540927161]"	"[24.44947695951]"	"1s.7d"	"3D"	"2"	"1s.10p"	"3P*"	"1"	5	3		
""	"8860.064838"	"1.5464e+04"	AAA	"[24.309540897300]"	"[24.44947689179]"	"1s.7d"	"3D"	"3"	"1s.10p"	"3P*"	"2"	7	5		
""	"8860.066728"	"2.7611e+03"	AAA	"[24.309540927161]"	"[24.44947689179]"	"1s.7d"	"3D"	"2"	"1s.10p"	"3P*"	"2"	5	5		
""	"8860.089441"	"4.6023e+03"	AAA	"[24.309541353601]"	"[24.44947695951]"	"1s.7d"	"3D"	"1"	"1s.10p"	"3P*"	"1"	3	3		
""	"8860.093729"	"1.8409e+02"	AAA	"[24.309541353601]"	"[24.44947689179]"	"1s.7d"	"3D"	"1"	"1s.10p"	"3P*"	"2"	3	5		
""	"8863.638282"	"1.116e+00"	AA	"[24.309597381304]"	"[24.44947695951]"	"1s.7d"	"1D"	"2"	"1s.10p"	"3P*"	"1"	5	3		
""	"8945.198065"	"3.6232e+04"	AAA	"[24.30428920147]"	"[24.44289339729]"	"1s.7p"	"3P*"	"2"	"1s.10s"	"3S"	"1"	5	3		
""	"8945.210984"	"2.1739e+04"	AAA	"[24.30428940164]"	"[24.44289339729]"	"1s.7p"	"3P*"	"1"	"1s.10s"	"3S"	"1"	3	3		
""	"8945.369610"	"7.2464e+03"	AAA	"[24.30429185947]"	"[24.44289339729]"	"1s.7p"	"3P*"	"0"	"1s.10s"	"3S"	"1"	1	3		
""	"9066.364160"	"5.6053e+04"	AAA	"[24.31070817873]"	"[24.44746001910]"	"1s.7p"	"1P*"	"1"	"1s.10s"	"1S"	"0"	3	1		
""	"9164.08206"	"1.0673e+04"	AAA	"[24.1689982232]"	"[24.30429185947]"	"1s.6s"	"3S"	"1"	"1s.7p"	"3P*"	"0"	3	1		
""	"9164.24854"	"1.0673e+04"	AAA	"[24.1689982232]"	"[24.30428940164]"	"1s.6s"	"3S"	"1"	"1s.7p"	"3P*"	"1"	3	3		
""	"9164.26210"	"1.0673e+04"	AAA	"[24.1689982232]"	"[24.30428920147]"	"1s.6s"	"3S"	"1"	"1s.7p"	"3P*"	"2"	3	5		
""	"9371.15403"	"5.3540e+03"	AAA	"[24.2845660369]"	"[24.41687012452]"	"1s.7s"	"3S"	"1"	"1s.9p"	"3P*"	"0"	3	1		
""	"9371.23516"	"5.3540e+03"	AAA	"[24.2845660369]"	"[24.41686897915]"	"1s.7s"	"3S"	"1"	"1s.9p"	"3P*"	"1"	3	3		
""	"9371.24176"	"5.3540e+03"	AAA	"[24.2845660369]"	"[24.41686888593]"	"1s.7s"	"3S"	"1"	"1s.9p"	"3P*"	"2"	3	5		
""	"10195.78315"	"1.3311e+04"	AAA	"[24.2982859057]"	"[24.419889314325]"	"1s.7s"	"1S"	"0"	"1s.9p"	"1P*"	"1"	1	3		
""	"10371.08931"	"3.3283e+04"	AAA	"[24.1911602752]"	"[24.31070817873]"	"1s.6s"	"1S"	"0"	"1s.7p"	"1P*"	"1"	1	3		
""	"10774.328242"	"2.486e+00"	AA	"[24.30428940164]"	"[24.419363117280]"	"1s.7p"	"3P*"	"1"	"1s.9d"	"1D"	"2"	3	5		
""	"10776.869710"	"1.2631e+03"	AAA	"[24.30428920147]"	"[24.419335779720]"	"1s.7p"	"3P*"	"2"	"1s.9d"	"3D"	"1"	5	3		
""	"10776.888461"	"1.8947e+04"	AAA	"[24.30428940164]"	"[24.419335779720]"	"1s.7p"	"3P*"	"1"	"1s.9d"	"3D"	"1"	3	3		
""	"10776.888489"	"1.1367e+04"	AAA	"[24.30428920147]"	"[24.419335579246]"	"1s.7p"	"3P*"	"2"	"1s.9d"	"3D"	"2"	5	5		
""	"10776.889821"	"4.5473e+04"	AAA	"[24.30428920147]"	"[24.419335565023]"	"1s.7p"	"3P*"	"2"	"1s.9d"	"3D"	"3"	5	7		
""	"10776.907240"	"3.4102e+04"	AAA	"[24.30428940164]"	"[24.419335579246]"	"1s.7p"	"3P*"	"1"	"1s.9d"	"3D"	"2"	3	5		
""	"10777.118701"	"2.5263e+04"	AAA	"[24.30429185947]"	"[24.419335779720]"	"1s.7p"	"3P*"	"0"	"1s.9d"	"3D"	"1"	1	3		
""	"10880.8360"	"2.2825e+05"	AAA	"[23.593958713]"	"[23.7079060221]"	"1s.4s"	"3S"	"1"	"1s.4p"	"3P*"	"0"	3	1		
""	"10882.1423"	"2.2825e+05"	AAA	"[23.593958713]"	"[23.7078923433]"	"1s.4s"	"3S"	"1"	"1s.4p"	"3P*"	"1"	3	3		
""	"10882.2489"	"2.2825e+05"	AAA	"[23.593958713]"	"[23.7078912279]"	"1s.4s"	"3S"	"1"	"1s.4p"	"3P*"	"2"	3	5		
""	"11235.705534"	"1.288e+00"	AA	"[24.309540927161]"	"[24.419889314325]"	"1s.7d"	"3D"	"2"	"1s.9p"	"1P*"	"1"	5	3		
""	"11241.456654"	"1.6163e+04"	AAA	"[24.309597381304]"	"[24.419889314325]"	"1s.7d"	"1D"	"2"	"1s.9p"	"1P*"	"1"	5	3		
""	"11283.1849850"	"1.977e+03"	AA	"[24.309540897300]"	"[24.4194249403235]"	"1s.7d"	"3D"	"3"	"1s.9f"	"1F*"	"3"	7	7		
""	"11283.1880512"	"1.525e+04"	AA	"[24.309540927161]"	"[24.4194249403235]"	"1s.7d"	"3D"	"2"	"1s.9f"	"1F*"	"3"	5	7		
""	"11283.2002924"	"3.4783e+02"	AAA	"[24.309540897300]"	"[24.4194247912483]"	"1s.7d"	"3D"	"3"	"1s.9f"	"3F*"	"2"	7	5		
""	"11283.2033587"	"1.2173e+04"	AAA	"[24.309540927161]"	"[24.4194247912483]"	"1s.7d"	"3D"	"2"	"1s.9f"	"3F*"	"2"	5	5		
""	"11283.2099132"	"7.8261e+04"	AAA	"[24.309540897300]"	"[24.4194246975540]"	"1s.7d"	"3D"	"3"	"1s.9f"	"3F*"	"4"	7	9		
""	"11283.2151652"	"6.7191e+03"	AAA	"[24.309540897300]"	"[24.4194246464065]"	"1s.7d"	"3D"	"3"	"1s.9f"	"3F*"	"3"	7	7		
""	"11283.2182315"	"5.4320e+04"	AAA	"[24.309540927161]"	"[24.4194246464065]"	"1s.7d"	"3D"	"2"	"1s.9f"	"3F*"	"3"	5	7		
""	"11283.2471469"	"6.5739e+04"	AAA	"[24.309541353601]"	"[24.4194247912483]"	"1s.7d"	"3D"	"1"	"1s.9f"	"3F*"	"2"	3	5		
""	"11288.9878952"	"6.1082e+04"	AAA	"[24.309597381304]"	"[24.4194249403235]"	"1s.7d"	"1D"	"2"	"1s.9f"	"1F*"	"3"	5	7		
""	"11289.0032184"	"1.030e+00"	AA	"[24.309597381304]"	"[24.4194247912483]"	"1s.7d"	"1D"	"2"	"1s.9f"	"3F*"	"2"	5	5		
""	"11289.0181065"	"1.724e+04"	AA	"[24.309597381304]"	"[24.4194246464065]"	"1s.7d"	"1D"	"2"	"1s.9f"	"3F*"	"3"	5	7		
""	"11301.18597244"	"5.081e+03"	AA	"[24.3097272911601]"	"[24.41943630642235]"	"1s.7f"	"3F*"	"3"	"1s.9g"	"1G"	"4"	7	9		
""	"11301.18970163"	"6.2262e+03"	AAA	"[24.3097272911601]"	"[24.4194362702203]"	"1s.7f"	"3F*"	"3"	"1s.9g"	"3G"	"3"	7	7		
""	"11301.19804829"	"3.092e+03"	AA	"[24.3097274083893]"	"[24.41943630642235]"	"1s.7f"	"3F*"	"4"	"1s.9g"	"1G"	"4"	9	9		
""	"11301.20126854"	"9.3169e+04"	AAA	"[24.3097272911601]"	"[24.4194361579319]"	"1s.7f"	"3F*"	"3"	"1s.9g"	"3G"	"4"	7	9		
""	"11301.20177749"	"1.3150e+02"	AAA	"[24.3097274083893]"	"[24.4194362702203]"	"1s.7f"	"3F*"	"4"	"1s.9g"	"3G"	"3"	9	7		
""	"11301.20729237"	"1.0309e+05"	AAA	"[24.3097274083893]"	"[24.41943621668346]"	"1s.7f"	"3F*"	"4"	"1s.9g"	"3G"	"5"	9	11		
""	"11301.21334443"	"3.3514e+03"	AAA	"[24.3097274083893]"	"[24.4194361579319]"	"1s.7f"	"3F*"	"4"	"1s.9g"	"3G"	"4"	9	9		
""	"11301.22229510"	"9.4677e+04"	AAA	"[24.3097276075680]"	"[24.4194362702203]"	"1s.7f"	"3F*"	"2"	"1s.9g"	"3G"	"3"	5	7		
""	"11301.24838791"	"9.4919e+04"	AAA	"[24.3097278970701]"	"[24.41943630642235]"	"1s.7f"	"1F*"	"3"	"1s.9g"	"1G"	"4"	7	9		
""	"11301.25211714"	"2.058e+03"	AA	"[24.3097278970701]"	"[24.4194362702203]"	"1s.7f"	"1F*"	"3"	"1s.9g"	"3G"	"3"	7	7		
""	"11301.26368418"	"6.573e+03"	AA	"[24.3097278970701]"	"[24.4194361579319]"	"1s.7f"	"1F*"	"3"	"1s.9g"	"3G"	"4"	7	9		
""	"11303.36446844"	"3.934e+00"	AA	"[24.3097511655788]"	"[24.41943903663648]"	"1s.7g"	"3G"	"4"	"1s.9h"	"1H*"	"5"	9	11		
""	"11303.36714578"	"3.1584e+03"	AAA	"[24.3097511655788]"	"[24.41943901065559]"	"1s.7g"	"3G"	"4"	"1s.9h"	"3H*"	"4"	9	9		
""	"11303.37468640"	"1.2171e+05"	AAA	"[24.3097511655788]"	"[24.41943893748148]"	"1s.7g"	"3G"	"4"	"1s.9h"	"3H*"	"5"	9	11		
""	"11303.37734783"	"2.410e+03"	AA	"[24.3097512905603]"	"[24.41943903663648]"	"1s.7g"	"3G"	"5"	"1s.9h"	"1H*"	"5"	11	11		
""	"11303.38002518"	"6.1380e+01"	AAA	"[24.3097512905603]"	"[24.41943901065559]"	"1s.7g"	"3G"	"5"	"1s.9h"	"3H*"	"4"	11	9		
""	"11303.38361290"	"1.2430e+05"	AAA	"[24.3097512905603]"	"[24.41943897584046]"	"1s.7g"	"3G"	"5"	"1s.9h"	"3H*"	"6"	11	13		
""	"11303.38756581"	"2.5617e+03"	AAA	"[24.3097512905603]"	"[24.41943893748148]"	"1s.7g"	"3G"	"5"	"1s.9h"	"3H*"	"5"	11	11		
""	"11303.39175172"	"1.1816e+05"	AAA	"[24.3097514043543]"	"[24.41943901065559]"	"1s.7g"	"3G"	"3"	"1s.9h"	"3H*"	"4"	7	9		
""	"11303.39699028"	"1.2188e+05"	AAA	"[24.3097514811699]"	"[24.41943903663648]"	"1s.7g"	"1G"	"4"	"1s.9h"	"1H*"	"5"	9	11		
""	"11303.39966763"	"2.918e+03"	AA	"[24.3097514811699]"	"[24.41943901065559]"	"1s.7g"	"1G"	"4"	"1s.9h"	"3H*"	"4"	9	9		
""	"11303.40720830"	"2.637e+01"	AA	"[24.3097514811699]"	"[24.41943893748148]"	"1s.7g"	"1G"	"4"	"1s.9h"	"3H*"	"5"	9	11		
""	"11303.860465864"	"2.838e+00"	AA	"[24.30975684089325]"	"[24.41943989900212]"	"1s.7h"	"3H*"	"5"	"1s.9i"	"1I"	"6"	11	13		
""	"11303.862473181"	"2.2248e+03"	AAA	"[24.30975684089325]"	"[24.41943987952483]"	"1s.7h"	"3H*"	"5"	"1s.9i"	"3I"	"5"	11	11		
""	"11303.867772504"	"1.2965e+05"	AAA	"[24.30975684089325]"	"[24.41943982810474]"	"1s.7h"	"3H*"	"5"	"1s.9i"	"3I"	"6"	11	13		
""	"11303.868867966"	"1.780e+03"	AA	"[24.30975692242005]"	"[24.41943989900212]"	"1s.7h"	"3H*"	"6"	"1s.9i"	"1I"	"6"	13	13		
""	"11303.870875286"	"3.0195e+01"	AAA	"[24.30975692242005]"	"[24.41943987952483]"	"1s.7h"	"3H*"	"6"	"1s.9i"	"3I"	"5"	13	11		
""	"11303.873401831"	"1.3153e+05"	AAA	"[24.30975692242005]"	"[24.41943985500943]"	"1s.7h"	"3H*"	"6"	"1s.9i"	"3I"	"7"	13	15		
""	"11303.876174618"	"1.8739e+03"	AAA	"[24.30975692242005]"	"[24.41943982810474]"	"1s.7h"	"3H*"	"6"	"1s.9i"	"3I"	"6"	13	13		
""	"11303.878501410"	"1.2718e+05"	AAA	"[24.30975699641729]"	"[24.41943987952483]"	"1s.7h"	"3H*"	"4"	"1s.9i"	"3I"	"5"	9	11		
""	"11303.882184769"	"1.2975e+05"	AAA	"[24.30975705163464]"	"[24.41943989900212]"	"1s.7h"	"1H*"	"5"	"1s.9i"	"1I"	"6"	11	13		
""	"11303.884192094"	"2.093e+03"	AA	"[24.30975705163464]"	"[24.41943987952483]"	"1s.7h"	"1H*"	"5"	"1s.9i"	"3I"	"5"	11	11		
""	"11303.889491438"	"1.147e+01"	AA	"[24.30975705163464]"	"[24.41943982810474]"	"1s.7h"	"1H*"	"5"	"1s.9i"	"3I"	"6"	11	13		
""	"11304.139337992"	"5.2967e+00"	AAA	"[24.30975862360302]"	"[24.41943897584046]"	"1s.7i"	"3I"	"6"	"1s.9h"	"3H*"	"6"	13	13		
""	"11304.143291438"	"4.3308e+02"	AAA	"[24.30975862360302]"	"[24.41943893748148]"	"1s.7i"	"3I"	"6"	"1s.9h"	"3H*"	"5"	13	11		
""	"11304.144335699"	"5.916e+00"	AA	"[24.30975873289013]"	"[24.41943903663648]"	"1s.7i"	"3I"	"5"	"1s.9h"	"1H*"	"5"	11	11		
""	"11304.145231449"	"4.2897e+02"	AAA	"[24.30975868078527]"	"[24.41943897584046]"	"1s.7i"	"3I"	"7"	"1s.9h"	"3H*"	"6"	15	13		
""	"11304.147013406"	"4.3937e+02"	AAA	"[24.30975873289013]"	"[24.41943901065559]"	"1s.7i"	"3I"	"5"	"1s.9h"	"3H*"	"4"	11	9		
""	"11304.148602155"	"4.3342e+02"	AAA	"[24.30975877428610]"	"[24.41943903663648]"	"1s.7i"	"1I"	"6"	"1s.9h"	"1H*"	"5"	13	11		
""	"11304.154555067"	"6.2886e+00"	AAA	"[24.30975873289013]"	"[24.41943893748148]"	"1s.7i"	"3I"	"5"	"1s.9h"	"3H*"	"5"	11	11		
""	"11304.154868074"	"5.030e+00"	AA	"[24.30975877428610]"	"[24.41943897584046]"	"1s.7i"	"1I"	"6"	"1s.9h"	"3H*"	"6"	13	13		
""	"11304.23997583"	"2.9397e+01"	AAA	"[24.30975684089325]"	"[24.41943621668346]"	"1s.7h"	"3H*"	"5"	"1s.9g"	"3G"	"5"	11	11		
""	"11304.24603113"	"1.7070e+03"	AAA	"[24.30975684089325]"	"[24.4194361579319]"	"1s.7h"	"3H*"	"5"	"1s.9g"	"3G"	"4"	11	9		
""	"11304.24675606"	"3.346e+01"	AA	"[24.30975699641729]"	"[24.41943630642235]"	"1s.7h"	"3H*"	"4"	"1s.9g"	"1G"	"4"	9	9		
""	"11304.24837850"	"1.6857e+03"	AAA	"[24.30975692242005]"	"[24.41943621668346]"	"1s.7h"	"3H*"	"6"	"1s.9g"	"3G"	"5"	13	11		
""	"11304.25048727"	"1.7433e+03"	AAA	"[24.30975699641729]"	"[24.4194362702203]"	"1s.7h"	"3H*"	"4"	"1s.9g"	"3G"	"3"	9	7		
""	"11304.25244712"	"1.7095e+03"	AAA	"[24.30975705163464]"	"[24.41943630642235]"	"1s.7h"	"1H*"	"5"	"1s.9g"	"1G"	"4"	11	9		
""	"11304.25600513"	"5.7630e-01"	AAA	"[24.30975699641729]"	"[24.41943621668346]"	"1s.7h"	"3H*"	"4"	"1s.9g"	"3G"	"5"	9	11		
""	"11304.26169620"	"2.766e+01"	AA	"[24.30975705163464]"	"[24.41943621668346]"	"1s.7h"	"1H*"	"5"	"1s.9g"	"3G"	"5"	11	11		
""	"11304.26206045"	"3.6271e+01"	AAA	"[24.30975699641729]"	"[24.4194361579319]"	"1s.7h"	"3H*"	"4"	"1s.9g"	"3G"	"4"	9	9		
""	"11304.81728397"	"3.383e+02"	AA	"[24.3097511655788]"	"[24.4194249403235]"	"1s.7g"	"3G"	"4"	"1s.9f"	"1F*"	"3"	9	7		
""	"11304.84189623"	"6.294e+01"	AA	"[24.3097514043543]"	"[24.4194249403235]"	"1s.7g"	"3G"	"3"	"1s.9f"	"1F*"	"3"	7	7		
""	"11304.84230792"	"1.1194e+02"	AAA	"[24.3097511655788]"	"[24.4194246975540]"	"1s.7g"	"3G"	"4"	"1s.9f"	"3F*"	"4"	9	9		
""	"11304.84758006"	"3.9481e+03"	AAA	"[24.3097511655788]"	"[24.4194246464065]"	"1s.7g"	"3G"	"4"	"1s.9f"	"3F*"	"3"	9	7		
""	"11304.84981418"	"4.0290e+03"	AAA	"[24.3097514811699]"	"[24.4194249403235]"	"1s.7g"	"1G"	"4"	"1s.9f"	"1F*"	"3"	9	7		
""	"11304.85519068"	"4.2117e+03"	AAA	"[24.3097512905603]"	"[24.4194246975540]"	"1s.7g"	"3G"	"5"	"1s.9f"	"3F*"	"4"	11	9		
""	"11304.85726250"	"4.4304e+03"	AAA	"[24.3097514043543]"	"[24.4194247912483]"	"1s.7g"	"3G"	"3"	"1s.9f"	"3F*"	"2"	7	5		
""	"11304.86692028"	"3.4186e+00"	AAA	"[24.3097514043543]"	"[24.4194246975540]"	"1s.7g"	"3G"	"3"	"1s.9f"	"3F*"	"4"	7	9		
""	"11304.87219245"	"2.1396e+02"	AAA	"[24.3097514043543]"	"[24.4194246464065]"	"1s.7g"	"3G"	"3"	"1s.9f"	"3F*"	"3"	7	7		
""	"11304.87483827"	"1.034e+02"	AA	"[24.3097514811699]"	"[24.4194246975540]"	"1s.7g"	"1G"	"4"	"1s.9f"	"3F*"	"4"	9	9		
""	"11304.88011044"	"2.683e+02"	AA	"[24.3097514811699]"	"[24.4194246464065]"	"1s.7g"	"1G"	"4"	"1s.9f"	"3F*"	"3"	9	7		
""	"11308.7302592"	"2.265e+03"	AA	"[24.3097272911601]"	"[24.419363117280]"	"1s.7f"	"3F*"	"3"	"1s.9d"	"1D"	"2"	7	5		
""	"11308.7927580"	"7.1262e+03"	AAA	"[24.3097278970701]"	"[24.419363117280]"	"1s.7f"	"1F*"	"3"	"1s.9d"	"1D"	"2"	7	5		
""	"11311.5714694"	"6.3841e+03"	AAA	"[24.3097272911601]"	"[24.419335579246]"	"1s.7f"	"3F*"	"3"	"1s.9d"	"3D"	"2"	7	5		
""	"11311.5729373"	"5.6395e+02"	AAA	"[24.3097272911601]"	"[24.419335565023]"	"1s.7f"	"3F*"	"3"	"1s.9d"	"3D"	"3"	7	7		
""	"11311.5834339"	"9.4545e+03"	AAA	"[24.3097276075680]"	"[24.419335779720]"	"1s.7f"	"3F*"	"2"	"1s.9d"	"3D"	"1"	5	3		
""	"11311.5850353"	"8.6827e+03"	AAA	"[24.3097274083893]"	"[24.419335565023]"	"1s.7f"	"3F*"	"4"	"1s.9d"	"3D"	"3"	9	7		
""	"11311.6041228"	"1.0504e+03"	AAA	"[24.3097276075680]"	"[24.419335579246]"	"1s.7f"	"3F*"	"2"	"1s.9d"	"3D"	"2"	5	5		
""	"11311.6055906"	"2.1439e+01"	AAA	"[24.3097276075680]"	"[24.419335565023]"	"1s.7f"	"3F*"	"2"	"1s.9d"	"3D"	"3"	5	7		
""	"11311.6339997"	"2.020e+03"	AA	"[24.3097278970701]"	"[24.419335579246]"	"1s.7f"	"1F*"	"3"	"1s.9d"	"3D"	"2"	7	5		
""	"11311.6354675"	"1.864e+02"	AA	"[24.3097278970701]"	"[24.419335565023]"	"1s.7f"	"1F*"	"3"	"1s.9d"	"3D"	"3"	7	7		
""	"11397.49976"	"2.834e+00"	AA	"[24.20081545451]"	"[24.309597381304]"	"1s.6p"	"3P*"	"2"	"1s.7d"	"1D"	"2"	5	5		
""	"11397.53334"	"7.815e+00"	AA	"[24.20081577498]"	"[24.309597381304]"	"1s.6p"	"3P*"	"1"	"1s.7d"	"1D"	"2"	3	5		
""	"11403.37302"	"3.7090e+03"	AAA	"[24.20081545451]"	"[24.309541353601]"	"1s.6p"	"3P*"	"2"	"1s.7d"	"3D"	"1"	5	3		
""	"11403.40663"	"5.5635e+04"	AAA	"[24.20081577498]"	"[24.309541353601]"	"1s.6p"	"3P*"	"1"	"1s.7d"	"3D"	"1"	3	3		
""	"11403.41775"	"3.3378e+04"	AAA	"[24.20081545451]"	"[24.309540927161]"	"1s.6p"	"3P*"	"2"	"1s.7d"	"3D"	"2"	5	5		
""	"11403.42088"	"1.3352e+05"	AAA	"[24.20081545451]"	"[24.309540897300]"	"1s.6p"	"3P*"	"2"	"1s.7d"	"3D"	"3"	5	7		
""	"11403.45136"	"1.0013e+05"	AAA	"[24.20081577498]"	"[24.309540927161]"	"1s.6p"	"3P*"	"1"	"1s.7d"	"3D"	"2"	3	5		
""	"11403.81916"	"7.4180e+04"	AAA	"[24.20081970804]"	"[24.309541353601]"	"1s.6p"	"3P*"	"0"	"1s.7d"	"3D"	"1"	1	3		
""	"11410.820354"	"5.6491e+05"	AAA	"[24.31070817873]"	"[24.419363117280]"	"1s.7p"	"1P*"	"1"	"1s.9d"	"1D"	"2"	3	5		
""	"11413.713101"	"4.276e+00"	AA	"[24.31070817873]"	"[24.419335579246]"	"1s.7p"	"1P*"	"1"	"1s.9d"	"3D"	"2"	3	5		
""	"11551.813868"	"2.7705e+04"	AAA	"[24.309541353601]"	"[24.41687012452]"	"1s.7d"	"3D"	"1"	"1s.9p"	"3P*"	"0"	3	1		
""	"11551.891247"	"2.0777e+04"	AAA	"[24.309540927161]"	"[24.41686897915]"	"1s.7d"	"3D"	"2"	"1s.9p"	"3P*"	"1"	5	3		
""	"11551.898066"	"2.3272e+04"	AAA	"[24.309540897300]"	"[24.41686888593]"	"1s.7d"	"3D"	"3"	"1s.9p"	"3P*"	"2"	7	5		
""	"11551.901280"	"4.1554e+03"	AAA	"[24.309540927161]"	"[24.41686888593]"	"1s.7d"	"3D"	"2"	"1s.9p"	"3P*"	"2"	5	5		
""	"11551.937146"	"6.9262e+03"	AAA	"[24.309541353601]"	"[24.41686897915]"	"1s.7d"	"3D"	"1"	"1s.9p"	"3P*"	"1"	3	3		
""	"11551.947179"	"2.7705e+02"	AAA	"[24.309541353601]"	"[24.41686888593]"	"1s.7d"	"3D"	"1"	"1s.9p"	"3P*"	"2"	3	5		
""	"11557.970695"	"1.680e+00"	AA	"[24.309597381304]"	"[24.41686897915]"	"1s.7d"	"1D"	"2"	"1s.9p"	"3P*"	"1"	5	3		
""	"11980.74963"	"5.4783e+04"	AAA	"[24.30428920147]"	"[24.40777537914]"	"1s.7p"	"3P*"	"2"	"1s.9s"	"3S"	"1"	5	3		
""	"11980.77280"	"3.2870e+04"	AAA	"[24.30428940164]"	"[24.40777537914]"	"1s.7p"	"3P*"	"1"	"1s.9s"	"3S"	"1"	3	3		
""	"11981.05735"	"1.0957e+04"	AAA	"[24.30429185947]"	"[24.40777537914]"	"1s.7p"	"3P*"	"0"	"1s.9s"	"3S"	"1"	1	3		
""	"11993.06634"	"8.3180e+04"	AAA	"[24.31070817873]"	"[24.41408807749]"	"1s.7p"	"1P*"	"1"	"1s.9s"	"1S"	"0"	3	1		
""	"12209.776188"	"3.830e+00"	AA	"[24.209163157329]"	"[24.31070817873]"	"1s.6d"	"3D"	"2"	"1s.7p"	"1P*"	"1"	5	3		
""	"12220.202274"	"4.5011e+04"	AAA	"[24.209249793955]"	"[24.31070817873]"	"1s.6d"	"1D"	"2"	"1s.7p"	"1P*"	"1"	5	3		
""	"12328.7884946"	"7.135e+03"	AA	"[24.209163110443]"	"[24.3097278970701]"	"1s.6d"	"3D"	"3"	"1s.7f"	"1F*"	"3"	7	7		
""	"12328.7942426"	"5.508e+04"	AA	"[24.209163157329]"	"[24.3097278970701]"	"1s.6d"	"3D"	"2"	"1s.7f"	"1F*"	"3"	5	7		
""	"12328.8239863"	"1.1488e+03"	AAA	"[24.209163110443]"	"[24.3097276075680]"	"1s.6d"	"3D"	"3"	"1s.7f"	"3F*"	"2"	7	5		
""	"12328.8297344"	"4.0204e+04"	AAA	"[24.209163157329]"	"[24.3097276075680]"	"1s.6d"	"3D"	"2"	"1s.7f"	"3F*"	"2"	5	5		
""	"12328.8484049"	"2.5848e+05"	AAA	"[24.209163110443]"	"[24.3097274083893]"	"1s.6d"	"3D"	"3"	"1s.7f"	"3F*"	"4"	7	9		
""	"12328.8627769"	"2.1585e+04"	AAA	"[24.209163110443]"	"[24.3097272911601]"	"1s.6d"	"3D"	"3"	"1s.7f"	"3F*"	"3"	7	7		
""	"12328.8685249"	"1.7468e+05"	AAA	"[24.209163157329]"	"[24.3097272911601]"	"1s.6d"	"3D"	"2"	"1s.7f"	"3F*"	"3"	5	7		
""	"12328.9128204"	"2.1712e+05"	AAA	"[24.209163835045]"	"[24.3097276075680]"	"1s.6d"	"3D"	"1"	"1s.7f"	"3F*"	"2"	3	5		
""	"12339.4246696"	"1.9652e+05"	AAA	"[24.209249793955]"	"[24.3097278970701]"	"1s.6d"	"1D"	"2"	"1s.7f"	"1F*"	"3"	5	7		
""	"12339.4602227"	"3.641e+00"	AA	"[24.209249793955]"	"[24.3097276075680]"	"1s.6d"	"1D"	"2"	"1s.7f"	"3F*"	"2"	5	5		
""	"12339.4990801"	"6.230e+04"	AA	"[24.209249793955]"	"[24.3097272911601]"	"1s.6d"	"1D"	"2"	"1s.7f"	"3F*"	"3"	5	7		
""	"12361.7482670"	"1.512e+04"	AA	"[24.209454827529]"	"[24.3097514811699]"	"1s.6f"	"3F*"	"3"	"1s.7g"	"1G"	"4"	7	9		
""	"12361.7577347"	"2.2135e+04"	AAA	"[24.209454827529]"	"[24.3097514043543]"	"1s.6f"	"3F*"	"3"	"1s.7g"	"3G"	"3"	7	7		
""	"12361.7727881"	"1.130e+04"	AA	"[24.2094550264796]"	"[24.3097514811699]"	"1s.6f"	"3F*"	"4"	"1s.7g"	"1G"	"4"	9	9		
""	"12361.7822558"	"4.8025e+02"	AAA	"[24.2094550264796]"	"[24.3097514043543]"	"1s.6f"	"3F*"	"4"	"1s.7g"	"3G"	"3"	9	7		
""	"12361.7871643"	"3.4418e+05"	AAA	"[24.209454827529]"	"[24.3097511655788]"	"1s.6f"	"3F*"	"3"	"1s.7g"	"3G"	"4"	7	9		
""	"12361.7962812"	"3.7651e+05"	AAA	"[24.2094550264796]"	"[24.3097512905603]"	"1s.6f"	"3F*"	"4"	"1s.7g"	"3G"	"5"	9	11		
""	"12361.8116856"	"1.2231e+04"	AAA	"[24.2094550264796]"	"[24.3097511655788]"	"1s.6f"	"3F*"	"4"	"1s.7g"	"3G"	"4"	9	9		
""	"12361.8212467"	"3.4578e+05"	AAA	"[24.209455342828]"	"[24.3097514043543]"	"1s.6f"	"3F*"	"2"	"1s.7g"	"3G"	"3"	5	7		
""	"12361.8639096"	"3.5009e+05"	AAA	"[24.2094557657828]"	"[24.3097514811699]"	"1s.6f"	"1F*"	"3"	"1s.7g"	"1G"	"4"	7	9		
""	"12361.8733775"	"8.121e+03"	AA	"[24.2094557657828]"	"[24.3097514043543]"	"1s.6f"	"1F*"	"3"	"1s.7g"	"3G"	"3"	7	7		
""	"12361.9028076"	"2.011e+04"	AA	"[24.2094557657828]"	"[24.3097511655788]"	"1s.6f"	"1F*"	"3"	"1s.7g"	"3G"	"4"	7	9		
""	"12365.62996451"	"1.863e+01"	AA	"[24.2094918821374]"	"[24.30975705163464]"	"1s.6g"	"3G"	"4"	"1s.7h"	"1H*"	"5"	9	11		
""	"12365.63677443"	"1.3526e+04"	AAA	"[24.2094918821374]"	"[24.30975699641729]"	"1s.6g"	"3G"	"4"	"1s.7h"	"3H*"	"4"	9	9		
""	"12365.65445833"	"1.033e+04"	AA	"[24.2094920807421]"	"[24.30975705163464]"	"1s.6g"	"3G"	"5"	"1s.7h"	"1H*"	"5"	11	11		
""	"12365.65595515"	"5.2151e+05"	AAA	"[24.2094918821374]"	"[24.30975684089325]"	"1s.6g"	"3G"	"4"	"1s.7h"	"3H*"	"5"	9	11		
""	"12365.66126828"	"2.6301e+02"	AAA	"[24.2094920807421]"	"[24.30975699641729]"	"1s.6g"	"3G"	"5"	"1s.7h"	"3H*"	"4"	11	9		
""	"12365.67039436"	"5.3259e+05"	AAA	"[24.2094920807421]"	"[24.30975692242005]"	"1s.6g"	"3G"	"5"	"1s.7h"	"3H*"	"6"	11	13		
""	"12365.68044907"	"1.0977e+04"	AAA	"[24.2094920807421]"	"[24.30975684089325]"	"1s.6g"	"3G"	"5"	"1s.7h"	"3H*"	"5"	11	11		
""	"12365.68355552"	"5.0629e+05"	AAA	"[24.2094922614541]"	"[24.30975699641729]"	"1s.6g"	"3G"	"3"	"1s.7h"	"3H*"	"4"	7	9		
""	"12365.69177004"	"5.2225e+05"	AAA	"[24.2094923832773]"	"[24.30975705163464]"	"1s.6g"	"1G"	"4"	"1s.7h"	"1H*"	"5"	9	11		
""	"12365.69858002"	"1.251e+04"	AA	"[24.2094923832773]"	"[24.30975699641729]"	"1s.6g"	"1G"	"4"	"1s.7h"	"3H*"	"4"	9	9		
""	"12365.71776093"	"1.086e+02"	AA	"[24.2094923832773]"	"[24.30975684089325]"	"1s.6g"	"1G"	"4"	"1s.7h"	"3H*"	"5"	9	11		
""	"12366.48745212"	"1.600e+01"	AA	"[24.2095005571382]"	"[24.30975877428610]"	"1s.6h"	"3H*"	"5"	"1s.7i"	"1I"	"6"	11	13		
""	"12366.49255817"	"1.2537e+04"	AAA	"[24.2095005571382]"	"[24.30975873289013]"	"1s.6h"	"3H*"	"5"	"1s.7i"	"3I"	"5"	11	11		
""	"12366.50342071"	"1.003e+04"	AA	"[24.20950068659936]"	"[24.30975877428610]"	"1s.6h"	"3H*"	"6"	"1s.7i"	"1I"	"6"	13	13		
""	"12366.50603836"	"7.3058e+05"	AAA	"[24.2095005571382]"	"[24.30975862360302]"	"1s.6h"	"3H*"	"5"	"1s.7i"	"3I"	"6"	11	13		
""	"12366.50852677"	"1.7016e+02"	AAA	"[24.20950068659936]"	"[24.30975873289013]"	"1s.6h"	"3H*"	"6"	"1s.7i"	"3I"	"5"	13	11		
""	"12366.51495374"	"7.4121e+05"	AAA	"[24.20950068659936]"	"[24.30975868078527]"	"1s.6h"	"3H*"	"6"	"1s.7i"	"3I"	"7"	13	15		
""	"12366.52200700"	"1.0560e+04"	AAA	"[24.20950068659936]"	"[24.30975862360302]"	"1s.6h"	"3H*"	"6"	"1s.7i"	"3I"	"6"	13	13		
""	"12366.52302096"	"7.1671e+05"	AAA	"[24.2095008041069]"	"[24.30975873289013]"	"1s.6h"	"3H*"	"4"	"1s.7i"	"3I"	"5"	9	11		
""	"12366.52873010"	"7.3116e+05"	AAA	"[24.20950089178800]"	"[24.30975877428610]"	"1s.6h"	"1H*"	"5"	"1s.7i"	"1I"	"6"	11	13		
""	"12366.53383618"	"1.180e+04"	AA	"[24.20950089178800]"	"[24.30975873289013]"	"1s.6h"	"1H*"	"5"	"1s.7i"	"3I"	"5"	11	11		
""	"12366.54731647"	"6.460e+01"	AA	"[24.20950089178800]"	"[24.30975862360302]"	"1s.6h"	"1H*"	"5"	"1s.7i"	"3I"	"6"	11	13		
""	"12367.41061146"	"5.6645e+01"	AAA	"[24.2095005571382]"	"[24.3097512905603]"	"1s.6h"	"3H*"	"5"	"1s.7g"	"3G"	"5"	11	11		
""	"12367.41756420"	"6.453e+01"	AA	"[24.2095008041069]"	"[24.3097514811699]"	"1s.6h"	"3H*"	"4"	"1s.7g"	"1G"	"4"	9	9		
""	"12367.42602980"	"3.2892e+03"	AAA	"[24.2095005571382]"	"[24.3097511655788]"	"1s.6h"	"3H*"	"5"	"1s.7g"	"3G"	"4"	11	9		
""	"12367.42658243"	"3.2481e+03"	AAA	"[24.20950068659936]"	"[24.3097512905603]"	"1s.6h"	"3H*"	"6"	"1s.7g"	"3G"	"5"	13	11		
""	"12367.42704056"	"3.3592e+03"	AAA	"[24.2095008041069]"	"[24.3097514043543]"	"1s.6h"	"3H*"	"4"	"1s.7g"	"3G"	"3"	9	7		
""	"12367.42838098"	"3.2939e+03"	AAA	"[24.20950089178800]"	"[24.3097514811699]"	"1s.6h"	"1H*"	"5"	"1s.7g"	"1G"	"4"	11	9		
""	"12367.44107878"	"1.1105e+00"	AAA	"[24.2095008041069]"	"[24.3097512905603]"	"1s.6h"	"3H*"	"4"	"1s.7g"	"3G"	"5"	9	11		
""	"12367.45189560"	"5.329e+01"	AA	"[24.20950089178800]"	"[24.3097512905603]"	"1s.6h"	"1H*"	"5"	"1s.7g"	"3G"	"5"	11	11		
""	"12367.45649719"	"6.9839e+01"	AAA	"[24.2095008041069]"	"[24.3097511655788]"	"1s.6h"	"3H*"	"4"	"1s.7g"	"3G"	"4"	9	9		
""	"12369.22662143"	"7.143e+02"	AA	"[24.2094918821374]"	"[24.3097278970701]"	"1s.6g"	"3G"	"4"	"1s.7f"	"1F*"	"3"	9	7		
""	"12369.27342968"	"1.731e+02"	AA	"[24.2094922614541]"	"[24.3097278970701]"	"1s.6g"	"3G"	"3"	"1s.7f"	"1F*"	"3"	7	7		
""	"12369.28692544"	"2.8151e+02"	AAA	"[24.2094918821374]"	"[24.3097274083893]"	"1s.6g"	"3G"	"4"	"1s.7f"	"3F*"	"4"	9	9		
""	"12369.28846291"	"1.0260e+04"	AAA	"[24.2094923832773]"	"[24.3097278970701]"	"1s.6g"	"1G"	"4"	"1s.7f"	"1F*"	"3"	9	7		
""	"12369.30139180"	"1.0072e+04"	AAA	"[24.2094918821374]"	"[24.3097272911601]"	"1s.6g"	"3G"	"4"	"1s.7f"	"3F*"	"3"	9	7		
""	"12369.30915491"	"1.1148e+04"	AAA	"[24.2094922614541]"	"[24.3097276075680]"	"1s.6g"	"3G"	"3"	"1s.7f"	"3F*"	"2"	7	5		
""	"12369.31143375"	"1.0598e+04"	AAA	"[24.2094920807421]"	"[24.3097274083893]"	"1s.6g"	"3G"	"5"	"1s.7f"	"3F*"	"4"	11	9		
""	"12369.33373415"	"8.6019e+00"	AAA	"[24.2094922614541]"	"[24.3097274083893]"	"1s.6g"	"3G"	"3"	"1s.7f"	"3F*"	"4"	7	9		
""	"12369.34820061"	"5.2366e+02"	AAA	"[24.2094922614541]"	"[24.3097272911601]"	"1s.6g"	"3G"	"3"	"1s.7f"	"3F*"	"3"	7	7		
""	"12369.34876753"	"2.604e+02"	AA	"[24.2094923832773]"	"[24.3097274083893]"	"1s.6g"	"1G"	"4"	"1s.7f"	"3F*"	"4"	9	9		
""	"12369.36323403"	"5.527e+02"	AA	"[24.2094923832773]"	"[24.3097272911601]"	"1s.6g"	"1G"	"4"	"1s.7f"	"3F*"	"3"	9	7		
""	"12380.7705875"	"6.695e+03"	AA	"[24.209454827529]"	"[24.309597381304]"	"1s.6f"	"3F*"	"3"	"1s.7d"	"1D"	"2"	7	5		
""	"12380.8865863"	"1.8985e+04"	AAA	"[24.2094557657828]"	"[24.309597381304]"	"1s.6f"	"1F*"	"3"	"1s.7d"	"1D"	"2"	7	5		
""	"12387.7540327"	"1.7017e+04"	AAA	"[24.209454827529]"	"[24.309540927161]"	"1s.6f"	"3F*"	"3"	"1s.7d"	"3D"	"2"	7	5		
""	"12387.7577287"	"1.5017e+03"	AAA	"[24.209454827529]"	"[24.309540897300]"	"1s.6f"	"3F*"	"3"	"1s.7d"	"3D"	"3"	7	7		
""	"12387.7650309"	"2.5864e+04"	AAA	"[24.209455342828]"	"[24.309541353601]"	"1s.6f"	"3F*"	"2"	"1s.7d"	"3D"	"1"	5	3		
""	"12387.7823530"	"2.3752e+04"	AAA	"[24.2094550264796]"	"[24.309540897300]"	"1s.6f"	"3F*"	"4"	"1s.7d"	"3D"	"3"	9	7		
""	"12387.8178121"	"2.8735e+03"	AAA	"[24.209455342828]"	"[24.309540927161]"	"1s.6f"	"3F*"	"2"	"1s.7d"	"3D"	"2"	5	5		
""	"12387.8215081"	"5.8648e+01"	AAA	"[24.209455342828]"	"[24.309540897300]"	"1s.6f"	"3F*"	"2"	"1s.7d"	"3D"	"3"	5	7		
""	"12387.8701623"	"5.973e+03"	AA	"[24.2094557657828]"	"[24.309540927161]"	"1s.6f"	"1F*"	"3"	"1s.7d"	"3D"	"2"	7	5		
""	"12387.8738584"	"5.509e+02"	AA	"[24.2094557657828]"	"[24.309540897300]"	"1s.6f"	"1F*"	"3"	"1s.7d"	"3D"	"3"	7	7		
""	"12575.13773"	"1.7789e+05"	AAA	"[24.21100267716]"	"[24.309597381304]"	"1s.6p"	"1P*"	"1"	"1s.7d"	"1D"	"2"	3	5		
""	"12582.34223"	"1.454e+01"	AA	"[24.21100267716]"	"[24.309540927161]"	"1s.6p"	"1P*"	"1"	"1s.7d"	"3D"	"2"	3	5		
""	"13033.404108"	"8.2462e+04"	AAA	"[24.209163835045]"	"[24.30429185947]"	"1s.6d"	"3D"	"1"	"1s.7p"	"3P*"	"0"	3	1		
""	"13033.648004"	"6.1841e+04"	AAA	"[24.209163157329]"	"[24.30428940164]"	"1s.6d"	"3D"	"2"	"1s.7p"	"3P*"	"1"	5	3		
""	"13033.669006"	"6.9268e+04"	AAA	"[24.209163110443]"	"[24.30428920147]"	"1s.6d"	"3D"	"3"	"1s.7p"	"3P*"	"2"	7	5		
""	"13033.675431"	"1.2368e+04"	AAA	"[24.209163157329]"	"[24.30428920147]"	"1s.6d"	"3D"	"2"	"1s.7p"	"3P*"	"2"	5	5		
""	"13033.740861"	"2.0616e+04"	AAA	"[24.209163835045]"	"[24.30428940164]"	"1s.6d"	"3D"	"1"	"1s.7p"	"3P*"	"1"	3	3		
""	"13033.768288"	"8.2462e+02"	AAA	"[24.209163835045]"	"[24.30428920147]"	"1s.6d"	"3D"	"1"	"1s.7p"	"3P*"	"2"	3	5		
""	"13045.529275"	"5.379e+00"	AA	"[24.209249793955]"	"[24.30428940164]"	"1s.6d"	"1D"	"2"	"1s.7p"	"3P*"	"1"	5	3		
""	"13045.556751"	"1.120e+00"	AA	"[24.209249793955]"	"[24.30428920147]"	"1s.6d"	"1D"	"2"	"1s.7p"	"3P*"	"2"	5	5		
""	"13568.92292"	"2.5922e+03"	AAA	"[24.3581041440]"	"[24.44947779185]"	"1s.8s"	"3S"	"1"	"1s.10p"	"3P*"	"0"	3	1		
""	"13569.04653"	"2.5922e+03"	AAA	"[24.3581041440]"	"[24.44947695951]"	"1s.8s"	"3S"	"1"	"1s.10p"	"3P*"	"1"	3	3		
""	"13569.05658"	"2.5922e+03"	AAA	"[24.3581041440]"	"[24.44947689179]"	"1s.8s"	"3S"	"1"	"1s.10p"	"3P*"	"2"	3	5		
""	"14204.81351"	"2.7091e+05"	AAA	"[24.21100267716]"	"[24.2982859057]"	"1s.6p"	"1P*"	"1"	"1s.7s"	"1S"	"0"	3	1		
""	"14316.61509"	"4.3310e+03"	AAA	"[24.2845660369]"	"[24.37116765163]"	"1s.7s"	"3S"	"1"	"1s.8p"	"3P*"	"0"	3	1		
""	"14316.88581"	"4.3310e+03"	AAA	"[24.2845660369]"	"[24.37116601407]"	"1s.7s"	"3S"	"1"	"1s.8p"	"3P*"	"1"	3	3		
""	"14316.90784"	"4.3310e+03"	AAA	"[24.2845660369]"	"[24.37116588077]"	"1s.7s"	"3S"	"1"	"1s.8p"	"3P*"	"2"	3	5		
""	"14672.96723"	"6.7967e+03"	AAA	"[24.3671800778]"	"[24.451678459372]"	"1s.8s"	"1S"	"0"	"1s.10p"	"1P*"	"1"	1	3		
""	"14803.98045"	"1.9268e+05"	AAA	"[24.20081545451]"	"[24.2845660369]"	"1s.6p"	"3P*"	"2"	"1s.7s"	"3S"	"1"	5	3		
""	"14804.03710"	"1.1561e+05"	AAA	"[24.20081577498]"	"[24.2845660369]"	"1s.6p"	"3P*"	"1"	"1s.7s"	"3S"	"1"	3	3		
""	"14804.73236"	"3.8536e+04"	AAA	"[24.20081970804]"	"[24.2845660369]"	"1s.6p"	"3P*"	"0"	"1s.7s"	"3S"	"1"	1	3		
""	"15473.250121"	"1.220e+00"	AA	"[24.37116601407]"	"[24.4512941044573]"	"1s.8p"	"3P*"	"1"	"1s.10d"	"1D"	"2"	3	5		
""	"15477.113720"	"6.3372e+02"	AAA	"[24.37116588077]"	"[24.451273968544]"	"1s.8p"	"3P*"	"2"	"1s.10d"	"3D"	"1"	5	3		
""	"15477.139473"	"9.5057e+03"	AAA	"[24.37116601407]"	"[24.451273968544]"	"1s.8p"	"3P*"	"1"	"1s.10d"	"3D"	"1"	3	3		
""	"15477.141946"	"5.7030e+03"	AAA	"[24.37116588077]"	"[24.451273822448]"	"1s.8p"	"3P*"	"2"	"1s.10d"	"3D"	"2"	5	5		
""	"15477.143955"	"2.2814e+04"	AAA	"[24.37116588077]"	"[24.451273812052]"	"1s.8p"	"3P*"	"2"	"1s.10d"	"3D"	"3"	5	7		
""	"15477.167700"	"1.7109e+04"	AAA	"[24.37116601407]"	"[24.451273822448]"	"1s.8p"	"3P*"	"1"	"1s.10d"	"3D"	"2"	3	5		
""	"15477.455862"	"1.2674e+04"	AAA	"[24.37116765163]"	"[24.451273968544]"	"1s.8p"	"3P*"	"0"	"1s.10d"	"3D"	"1"	1	3		
""	"16064.12630"	"1.4688e+04"	AAA	"[24.2982859057]"	"[24.375466697350]"	"1s.7s"	"1S"	"0"	"1s.8p"	"1P*"	"1"	1	3		
""	"16110.440052"	"1.0063e+04"	AAA	"[24.374719544511]"	"[24.451678459372]"	"1s.8d"	"1D"	"2"	"1s.10p"	"1P*"	"1"	5	3		
""	"16173.5999232"	"9.659e+02"	AA	"[24.374680880069]"	"[24.4513392610240]"	"1s.8d"	"3D"	"3"	"1s.10f"	"1F*"	"3"	7	7		
""	"16173.6041735"	"7.452e+03"	AA	"[24.374680900214]"	"[24.4513392610240]"	"1s.8d"	"3D"	"2"	"1s.10f"	"1F*"	"3"	5	7		
""	"16173.6234565"	"1.7457e+02"	AAA	"[24.374680880069]"	"[24.4513391494830]"	"1s.8d"	"3D"	"3"	"1s.10f"	"3F*"	"2"	7	5		
""	"16173.6277068"	"6.1094e+03"	AAA	"[24.374680900214]"	"[24.4513391494830]"	"1s.8d"	"3D"	"2"	"1s.10f"	"3F*"	"2"	5	5		
""	"16173.6378664"	"3.9278e+04"	AAA	"[24.374680880069]"	"[24.4513390811842]"	"1s.8d"	"3D"	"3"	"1s.10f"	"3F*"	"4"	7	9		
""	"16173.6455584"	"3.3983e+03"	AAA	"[24.374680880069]"	"[24.4513390447263]"	"1s.8d"	"3D"	"3"	"1s.10f"	"3F*"	"3"	7	7		
""	"16173.6498088"	"2.7462e+04"	AAA	"[24.374680900214]"	"[24.4513390447263]"	"1s.8d"	"3D"	"2"	"1s.10f"	"3F*"	"3"	5	7		
""	"16173.6879489"	"3.2993e+04"	AAA	"[24.374681185743]"	"[24.4513391494830]"	"1s.8d"	"3D"	"1"	"1s.10f"	"3F*"	"2"	3	5		
""	"16181.7615721"	"8.4274e+03"	AAA	"[24.374719544511]"	"[24.4513392610240]"	"1s.8d"	"1D"	"2"	"1s.10f"	"1F*"	"3"	5	7		
""	"16181.8072534"	"8.4274e+03"	AAA	"[24.374719544511]"	"[24.4513390447263]"	"1s.8d"	"1D"	"2"	"1s.10f"	"3F*"	"3"	5	7		
""	"16198.4695163"	"2.864e+03"	AA	"[24.3748069170618]"	"[24.45134760401285]"	"1s.8f"	"3F*"	"3"	"1s.10g"	"1G"	"4"	7	9		
""	"16198.4751045"	"3.1567e+03"	AAA	"[24.3748069170618]"	"[24.45134757760769]"	"1s.8f"	"3F*"	"3"	"1s.10g"	"3G"	"3"	7	7		
""	"16198.4854142"	"1.541e+03"	AA	"[24.3748069921824]"	"[24.45134760401285]"	"1s.8f"	"3F*"	"4"	"1s.10g"	"1G"	"4"	9	9		
""	"16198.4910024"	"6.5566e+01"	AAA	"[24.3748069921824]"	"[24.45134757760769]"	"1s.8f"	"3F*"	"4"	"1s.10g"	"3G"	"3"	9	7		
""	"16198.4924255"	"4.6085e+04"	AAA	"[24.3748069170618]"	"[24.45134749576287]"	"1s.8f"	"3F*"	"3"	"1s.10g"	"3G"	"4"	7	9		
""	"16198.4992619"	"5.1404e+04"	AAA	"[24.3748069921824]"	"[24.45134753858031]"	"1s.8f"	"3F*"	"4"	"1s.10g"	"3G"	"5"	9	11		
""	"16198.5083235"	"1.6715e+03"	AAA	"[24.3748069921824]"	"[24.45134749576287]"	"1s.8f"	"3F*"	"4"	"1s.10g"	"3G"	"4"	9	9		
""	"16198.5192379"	"4.7207e+04"	AAA	"[24.3748071255995]"	"[24.45134757760769]"	"1s.8f"	"3F*"	"2"	"1s.10g"	"3G"	"3"	5	7		
""	"16198.5569579"	"4.6999e+04"	AAA	"[24.3748073302369]"	"[24.45134760401285]"	"1s.8f"	"1F*"	"3"	"1s.10g"	"1G"	"4"	7	9		
""	"16198.5625461"	"9.739e+02"	AA	"[24.3748073302369]"	"[24.45134757760769]"	"1s.8f"	"1F*"	"3"	"1s.10g"	"3G"	"3"	7	7		
""	"16198.5798673"	"3.647e+03"	AA	"[24.3748073302369]"	"[24.45134749576287]"	"1s.8f"	"1F*"	"3"	"1s.10g"	"3G"	"4"	7	9		
""	"16201.47854984"	"1.851e+00"	AA	"[24.3748231461435]"	"[24.45134961750954]"	"1s.8g"	"3G"	"4"	"1s.10h"	"1H*"	"5"	9	11		
""	"16201.48255966"	"1.6026e+03"	AAA	"[24.3748231461435]"	"[24.45134959856946]"	"1s.8g"	"3G"	"4"	"1s.10h"	"3H*"	"4"	9	9		
""	"16201.49385314"	"6.1727e+04"	AAA	"[24.3748231461435]"	"[24.45134954522564]"	"1s.8g"	"3G"	"4"	"1s.10h"	"3H*"	"5"	9	11		
""	"16201.49626677"	"1.222e+03"	AA	"[24.3748232298280]"	"[24.45134961750954]"	"1s.8g"	"3G"	"5"	"1s.10h"	"1H*"	"5"	11	11		
""	"16201.50027660"	"3.1131e+01"	AAA	"[24.3748232298280]"	"[24.45134959856946]"	"1s.8g"	"3G"	"5"	"1s.10h"	"3H*"	"4"	11	9		
""	"16201.50564988"	"6.3040e+04"	AAA	"[24.3748232298280]"	"[24.45134957318928]"	"1s.8g"	"3G"	"5"	"1s.10h"	"3H*"	"6"	11	13		
""	"16201.51157010"	"1.2993e+03"	AAA	"[24.3748232298280]"	"[24.45134954522564]"	"1s.8g"	"3G"	"5"	"1s.10h"	"3H*"	"5"	11	11		
""	"16201.51641528"	"5.9927e+04"	AAA	"[24.3748233060576]"	"[24.45134959856946]"	"1s.8g"	"3G"	"3"	"1s.10h"	"3H*"	"4"	7	9		
""	"16201.52331061"	"6.1816e+04"	AAA	"[24.3748233575671]"	"[24.45134961750954]"	"1s.8g"	"1G"	"4"	"1s.10h"	"1H*"	"5"	9	11		
""	"16201.52732045"	"1.479e+03"	AA	"[24.3748233575671]"	"[24.45134959856946]"	"1s.8g"	"1G"	"4"	"1s.10h"	"3H*"	"4"	9	9		
""	"16201.53861399"	"1.376e+01"	AA	"[24.3748233575671]"	"[24.45134954522564]"	"1s.8g"	"1G"	"4"	"1s.10h"	"3H*"	"5"	9	11		
""	"16202.167627231"	"1.544e+00"	AA	"[24.37482704046834]"	"[24.45135025716733]"	"1s.8h"	"3H*"	"5"	"1s.10i"	"1I"	"6"	11	13		
""	"16202.170633578"	"1.2106e+03"	AAA	"[24.37482704046834]"	"[24.45135024296829]"	"1s.8h"	"3H*"	"5"	"1s.10i"	"3I"	"5"	11	11		
""	"16202.178570294"	"7.0547e+04"	AAA	"[24.37482704046834]"	"[24.45135020548303]"	"1s.8h"	"3H*"	"5"	"1s.10i"	"3I"	"6"	11	13		
""	"16202.179191156"	"9.684e+02"	AA	"[24.37482709508499]"	"[24.45135025716733]"	"1s.8h"	"3H*"	"6"	"1s.10i"	"1I"	"6"	13	13		
""	"16202.182197508"	"1.6431e+01"	AAA	"[24.37482709508499]"	"[24.45135024296829]"	"1s.8h"	"3H*"	"6"	"1s.10i"	"3I"	"5"	13	11		
""	"16202.185981443"	"7.1573e+04"	AAA	"[24.37482709508499]"	"[24.45135022509671]"	"1s.8h"	"3H*"	"6"	"1s.10i"	"3I"	"7"	13	15		
""	"16202.190134234"	"1.0197e+03"	AAA	"[24.37482709508499]"	"[24.45135020548303]"	"1s.8h"	"3H*"	"6"	"1s.10i"	"3I"	"6"	13	13		
""	"16202.192693244"	"6.9207e+04"	AAA	"[24.37482714465648]"	"[24.45135024296829]"	"1s.8h"	"3H*"	"4"	"1s.10i"	"3I"	"5"	9	11		
""	"16202.197519170"	"7.0603e+04"	AAA	"[24.37482718164840]"	"[24.45135025716733]"	"1s.8h"	"1H*"	"5"	"1s.10i"	"1I"	"6"	11	13		
""	"16202.200525528"	"1.139e+03"	AA	"[24.37482718164840]"	"[24.45135024296829]"	"1s.8h"	"1H*"	"5"	"1s.10i"	"3I"	"5"	11	11		
""	"16202.208462272"	"6.240e+00"	AA	"[24.37482718164840]"	"[24.45135020548303]"	"1s.8h"	"1H*"	"5"	"1s.10i"	"3I"	"6"	11	13		
""	"16202.537521891"	"1.5270e+00"	AAA	"[24.37482875537896]"	"[24.45135022509671]"	"1s.8k"	"3K*"	"7"	"1s.10i"	"3I"	"7"	15	15		
""	"16202.541674863"	"1.6713e+02"	AAA	"[24.37482875537896]"	"[24.45135020548303]"	"1s.8k"	"3K*"	"7"	"1s.10i"	"3I"	"6"	15	13		
""	"16202.542223192"	"1.679e+00"	AA	"[24.37482880965292]"	"[24.45135025716733]"	"1s.8k"	"3K*"	"6"	"1s.10i"	"1I"	"6"	13	13		
""	"16202.543519949"	"1.6590e+02"	AAA	"[24.37482878370663]"	"[24.45135022509671]"	"1s.8k"	"3K*"	"8"	"1s.10i"	"3I"	"7"	17	15		
""	"16202.545229678"	"1.6890e+02"	AAA	"[24.37482880965292]"	"[24.45135024296829]"	"1s.8k"	"3K*"	"6"	"1s.10i"	"3I"	"5"	13	11		
""	"16202.546772286"	"1.6721e+02"	AAA	"[24.37482883113740]"	"[24.45135025716733]"	"1s.8k"	"1K*"	"7"	"1s.10i"	"1I"	"6"	15	13		
""	"16202.553166760"	"1.7679e+00"	AAA	"[24.37482880965292]"	"[24.45135020548303]"	"1s.8k"	"3K*"	"6"	"1s.10i"	"3I"	"6"	13	13		
""	"16202.553562881"	"1.460e+00"	AA	"[24.37482883113740]"	"[24.45135022509671]"	"1s.8k"	"1K*"	"7"	"1s.10i"	"3I"	"7"	15	15		
""	"16202.574591032"	"8.0287e+00"	AAA	"[24.37482827854156]"	"[24.45134957318928]"	"1s.8i"	"3I"	"6"	"1s.10h"	"3H*"	"6"	13	13		
""	"16202.580512040"	"6.5645e+02"	AAA	"[24.37482827854156]"	"[24.45134954522564]"	"1s.8i"	"3I"	"6"	"1s.10h"	"3H*"	"5"	13	11		
""	"16202.580708933"	"8.968e+00"	AA	"[24.37482835175535]"	"[24.45134961750954]"	"1s.8i"	"3I"	"5"	"1s.10h"	"1H*"	"5"	11	11		
""	"16202.582702302"	"6.5023e+02"	AAA	"[24.37482831684934]"	"[24.45134957318928]"	"1s.8i"	"3I"	"7"	"1s.10h"	"3H*"	"6"	15	13		
""	"16202.584719298"	"6.6600e+02"	AAA	"[24.37482835175535]"	"[24.45134959856946]"	"1s.8i"	"3I"	"5"	"1s.10h"	"3H*"	"4"	11	9		
""	"16202.586580932"	"6.5697e+02"	AAA	"[24.37482837948752]"	"[24.45134961750954]"	"1s.8i"	"1I"	"6"	"1s.10h"	"1H*"	"5"	13	11		
""	"16202.595965298"	"7.625e+00"	AA	"[24.37482837948752]"	"[24.45134957318928]"	"1s.8i"	"1I"	"6"	"1s.10h"	"3H*"	"6"	13	13		
""	"16202.596014311"	"9.5322e+00"	AAA	"[24.37482835175535]"	"[24.45134954522564]"	"1s.8i"	"3I"	"5"	"1s.10h"	"3H*"	"5"	11	11		
""	"16202.74325080"	"2.8131e+01"	AAA	"[24.37482704046834]"	"[24.45134753858031]"	"1s.8h"	"3H*"	"5"	"1s.10g"	"3G"	"5"	11	11		
""	"16202.75145707"	"3.201e+01"	AA	"[24.37482714465648]"	"[24.45134760401285]"	"1s.8h"	"3H*"	"4"	"1s.10g"	"1G"	"4"	9	9		
""	"16202.75231714"	"1.6335e+03"	AAA	"[24.37482704046834]"	"[24.45134749576287]"	"1s.8h"	"3H*"	"5"	"1s.10g"	"3G"	"4"	11	9		
""	"16202.75481555"	"1.6131e+03"	AAA	"[24.37482709508499]"	"[24.45134753858031]"	"1s.8h"	"3H*"	"6"	"1s.10g"	"3G"	"5"	13	11		
""	"16202.75704821"	"1.6682e+03"	AAA	"[24.37482714465648]"	"[24.45134757760769]"	"1s.8h"	"3H*"	"4"	"1s.10g"	"3G"	"3"	9	7		
""	"16202.75928989"	"1.6358e+03"	AAA	"[24.37482718164840]"	"[24.45134760401285]"	"1s.8h"	"1H*"	"5"	"1s.10g"	"1G"	"4"	11	9		
""	"16202.76531203"	"5.5147e-01"	AAA	"[24.37482714465648]"	"[24.45134753858031]"	"1s.8h"	"3H*"	"4"	"1s.10g"	"3G"	"5"	9	11		
""	"16202.77314487"	"2.647e+01"	AA	"[24.37482718164840]"	"[24.45134753858031]"	"1s.8h"	"1H*"	"5"	"1s.10g"	"3G"	"5"	11	11		
""	"16202.77437839"	"3.4716e+01"	AAA	"[24.37482714465648]"	"[24.45134749576287]"	"1s.8h"	"3H*"	"4"	"1s.10g"	"3G"	"4"	9	9		
""	"16203.67142618"	"2.732e+02"	AA	"[24.3748231461435]"	"[24.4513392610240]"	"1s.8g"	"3G"	"4"	"1s.10f"	"1F*"	"3"	9	7		
""	"16203.70529095"	"4.723e+01"	AA	"[24.3748233060576]"	"[24.4513392610240]"	"1s.8g"	"3G"	"3"	"1s.10f"	"1F*"	"3"	7	7		
""	"16203.70951061"	"8.6301e+01"	AAA	"[24.3748231461435]"	"[24.4513390811842]"	"1s.8g"	"3G"	"4"	"1s.10f"	"3F*"	"4"	9	9		
""	"16203.71619907"	"3.0937e+03"	AAA	"[24.3748233575671]"	"[24.4513392610240]"	"1s.8g"	"1G"	"4"	"1s.10f"	"1F*"	"3"	9	7		
""	"16203.71723128"	"3.0300e+03"	AAA	"[24.3748231461435]"	"[24.4513390447263]"	"1s.8g"	"3G"	"4"	"1s.10f"	"3F*"	"3"	9	7		
""	"16203.72723242"	"3.2457e+03"	AAA	"[24.3748232298280]"	"[24.4513390811842]"	"1s.8g"	"3G"	"5"	"1s.10f"	"3F*"	"4"	11	9		
""	"16203.72891192"	"3.4143e+03"	AAA	"[24.3748233060576]"	"[24.4513391494830]"	"1s.8g"	"3G"	"3"	"1s.10f"	"3F*"	"2"	7	5		
""	"16203.74337554"	"2.6345e+00"	AAA	"[24.3748233060576]"	"[24.4513390811842]"	"1s.8g"	"3G"	"3"	"1s.10f"	"3F*"	"4"	7	9		
""	"16203.75109624"	"1.6616e+02"	AAA	"[24.3748233060576]"	"[24.4513390447263]"	"1s.8g"	"3G"	"3"	"1s.10f"	"3F*"	"3"	7	7		
""	"16203.75428371"	"7.967e+01"	AA	"[24.3748233575671]"	"[24.4513390811842]"	"1s.8g"	"1G"	"4"	"1s.10f"	"3F*"	"4"	9	9		
""	"16203.76200442"	"2.181e+02"	AA	"[24.3748233575671]"	"[24.4513390447263]"	"1s.8g"	"1G"	"4"	"1s.10f"	"3F*"	"3"	9	7		
""	"16209.7996612"	"1.453e+03"	AA	"[24.3748069170618]"	"[24.4512941044573]"	"1s.8f"	"3F*"	"3"	"1s.10d"	"1D"	"2"	7	5		
""	"16209.8872252"	"4.8993e+03"	AAA	"[24.3748073302369]"	"[24.4512941044573]"	"1s.8f"	"1F*"	"3"	"1s.10d"	"1D"	"2"	7	5		
""	"16214.0991331"	"4.3875e+03"	AAA	"[24.3748069170618]"	"[24.451273822448]"	"1s.8f"	"3F*"	"3"	"1s.10d"	"3D"	"2"	7	5		
""	"16214.1013375"	"3.8776e+02"	AAA	"[24.3748069170618]"	"[24.451273812052]"	"1s.8f"	"3F*"	"3"	"1s.10d"	"3D"	"3"	7	7		
""	"16214.1123734"	"6.3933e+03"	AAA	"[24.3748071255995]"	"[24.451273968544]"	"1s.8f"	"3F*"	"2"	"1s.10d"	"3D"	"1"	5	3		
""	"16214.1172662"	"5.8714e+03"	AAA	"[24.3748069921824]"	"[24.451273812052]"	"1s.8f"	"3F*"	"4"	"1s.10d"	"3D"	"3"	9	7		
""	"16214.1433517"	"7.1031e+02"	AAA	"[24.3748071255995]"	"[24.451273822448]"	"1s.8f"	"3F*"	"2"	"1s.10d"	"3D"	"2"	5	5		
""	"16214.1455562"	"1.4497e+01"	AAA	"[24.3748071255995]"	"[24.451273812052]"	"1s.8f"	"3F*"	"2"	"1s.10d"	"3D"	"3"	5	7		
""	"16214.1867436"	"1.295e+03"	AA	"[24.3748073302369]"	"[24.451273822448]"	"1s.8f"	"1F*"	"3"	"1s.10d"	"3D"	"2"	7	5		
""	"16214.1889480"	"1.196e+02"	AA	"[24.3748073302369]"	"[24.451273812052]"	"1s.8f"	"1F*"	"3"	"1s.10d"	"3D"	"3"	7	7		
""	"16350.84241"	"2.9119e+04"	AAA	"[24.375466697350]"	"[24.4512941044573]"	"1s.8p"	"1P*"	"1"	"1s.10d"	"1D"	"2"	3	5		
""	"16355.21704"	"2.159e+00"	AA	"[24.375466697350]"	"[24.451273822448]"	"1s.8p"	"1P*"	"1"	"1s.10d"	"3D"	"2"	3	5		
""	"16576.179707"	"1.6855e+04"	AAA	"[24.374681185743]"	"[24.44947779185]"	"1s.8d"	"3D"	"1"	"1s.10p"	"3P*"	"0"	3	1		
""	"16576.300891"	"1.2641e+04"	AAA	"[24.374680900214]"	"[24.44947695951]"	"1s.8d"	"3D"	"2"	"1s.10p"	"3P*"	"1"	5	3		
""	"16576.311434"	"1.4159e+04"	AAA	"[24.374680880069]"	"[24.44947689179]"	"1s.8d"	"3D"	"3"	"1s.10p"	"3P*"	"2"	7	5		
""	"16576.315898"	"2.5281e+03"	AAA	"[24.374680900214]"	"[24.44947689179]"	"1s.8d"	"3D"	"2"	"1s.10p"	"3P*"	"2"	5	5		
""	"16576.364170"	"4.2139e+03"	AAA	"[24.374681185743]"	"[24.44947695951]"	"1s.8d"	"3D"	"1"	"1s.10p"	"3P*"	"1"	3	3		
""	"16576.379177"	"1.6855e+02"	AAA	"[24.374681185743]"	"[24.44947689179]"	"1s.8d"	"3D"	"1"	"1s.10p"	"3P*"	"2"	3	5		
""	"17221.62493"	"4.7328e+04"	AAA	"[24.375466697350]"	"[24.44746001910]"	"1s.8p"	"1P*"	"1"	"1s.10s"	"1S"	"0"	3	1		
""	"17285.44420"	"3.0758e+04"	AAA	"[24.37116588077]"	"[24.44289339729]"	"1s.8p"	"3P*"	"2"	"1s.10s"	"3S"	"1"	5	3		
""	"17285.47632"	"1.8455e+04"	AAA	"[24.37116601407]"	"[24.44289339729]"	"1s.8p"	"3P*"	"1"	"1s.10s"	"3S"	"1"	3	3		
""	"17285.87096"	"6.1515e+03"	AAA	"[24.37116765163]"	"[24.44289339729]"	"1s.8p"	"3P*"	"0"	"1s.10s"	"3S"	"1"	1	3		
""	"17603.80442"	"1.167e+00"	AA	"[24.30428920147]"	"[24.374719544511]"	"1s.7p"	"3P*"	"2"	"1s.8d"	"1D"	"2"	5	5		
""	"17603.85446"	"3.210e+00"	AA	"[24.30428940164]"	"[24.374719544511]"	"1s.7p"	"3P*"	"1"	"1s.8d"	"1D"	"2"	3	5		
""	"17613.39728"	"1.5952e+03"	AAA	"[24.30428920147]"	"[24.374681185743]"	"1s.7p"	"3P*"	"2"	"1s.8d"	"3D"	"1"	5	3		
""	"17613.44737"	"2.3928e+04"	AAA	"[24.30428940164]"	"[24.374681185743]"	"1s.7p"	"3P*"	"1"	"1s.8d"	"3D"	"1"	3	3		
""	"17613.46873"	"1.4356e+04"	AAA	"[24.30428920147]"	"[24.374680900214]"	"1s.7p"	"3P*"	"2"	"1s.8d"	"3D"	"2"	5	5		
""	"17613.47377"	"5.7427e+04"	AAA	"[24.30428920147]"	"[24.374680880069]"	"1s.7p"	"3P*"	"2"	"1s.8d"	"3D"	"3"	5	7		
""	"17613.51881"	"4.3067e+04"	AAA	"[24.30428940164]"	"[24.374680900214]"	"1s.7p"	"3P*"	"1"	"1s.8d"	"3D"	"2"	3	5		
""	"17614.06239"	"3.1904e+04"	AAA	"[24.30429185947]"	"[24.374681185743]"	"1s.7p"	"3P*"	"0"	"1s.8d"	"3D"	"1"	1	3		
""	"18100.0207"	"5.8221e+04"	AAA	"[23.673570590]"	"[23.74207006880]"	"1s.4s"	"1S"	"0"	"1s.4p"	"1P*"	"1"	1	3		
""	"18505.40092"	"2.317e+00"	AA	"[23.0070758719]"	"[23.07407479777]"	"1s.3p"	"3P*"	"1"	"1s.3d"	"1D"	"2"	3	5		
""	"18620.90013"	"3.5879e+02"	AAA	"[23.00707314571]"	"[23.07365649967]"	"1s.3p"	"3P*"	"2"	"1s.3d"	"3D"	"1"	5	3		
""	"18621.66257"	"5.3819e+03"	AAA	"[23.0070758719]"	"[23.07365649967]"	"1s.3p"	"3P*"	"1"	"1s.3d"	"3D"	"1"	3	3		
""	"18622.43277"	"3.2284e+03"	AAA	"[23.00707314571]"	"[23.07365101981]"	"1s.3p"	"3P*"	"2"	"1s.3d"	"3D"	"2"	5	5		
""	"18622.51983"	"1.2917e+04"	AAA	"[23.00707314571]"	"[23.07365070854]"	"1s.3p"	"3P*"	"2"	"1s.3d"	"3D"	"3"	5	7		
""	"18623.19534"	"9.6851e+03"	AAA	"[23.0070758719]"	"[23.07365101981]"	"1s.3p"	"3P*"	"1"	"1s.3d"	"3D"	"2"	3	5		
""	"18631.05401"	"7.1759e+03"	AAA	"[23.0071094335]"	"[23.07365649967]"	"1s.3p"	"3P*"	"0"	"1s.3d"	"3D"	"1"	1	3		
""	"18806.63632"	"2.020e+00"	AA	"[24.309540927161]"	"[24.375466697350]"	"1s.7d"	"3D"	"2"	"1s.8p"	"1P*"	"1"	5	3		
""	"18822.75479"	"2.5468e+04"	AAA	"[24.309597381304]"	"[24.375466697350]"	"1s.7d"	"1D"	"2"	"1s.8p"	"1P*"	"1"	5	3		
""	"18996.625502"	"2.871e+03"	AA	"[24.309540897300]"	"[24.3748073302369]"	"1s.7d"	"3D"	"3"	"1s.8f"	"1F*"	"3"	7	7		
""	"18996.634193"	"2.216e+04"	AA	"[24.309540927161]"	"[24.3748073302369]"	"1s.7d"	"3D"	"2"	"1s.8f"	"1F*"	"3"	5	7		
""	"18996.685064"	"4.8696e+02"	AAA	"[24.309540897300]"	"[24.3748071255995]"	"1s.7d"	"3D"	"3"	"1s.8f"	"3F*"	"2"	7	5		
""	"18996.693756"	"1.7042e+04"	AAA	"[24.309540927161]"	"[24.3748071255995]"	"1s.7d"	"3D"	"2"	"1s.8f"	"3F*"	"2"	5	5		
""	"18996.723897"	"1.0957e+05"	AAA	"[24.309540897300]"	"[24.3748069921824]"	"1s.7d"	"3D"	"3"	"1s.8f"	"3F*"	"4"	7	9		
""	"18996.745762"	"9.3036e+03"	AAA	"[24.309540897300]"	"[24.3748069170618]"	"1s.7d"	"3D"	"3"	"1s.8f"	"3F*"	"3"	7	7		
""	"18996.754454"	"7.5234e+04"	AAA	"[24.309540927161]"	"[24.3748069170618]"	"1s.7d"	"3D"	"2"	"1s.8f"	"3F*"	"3"	5	7		
""	"18996.817878"	"9.2036e+04"	AAA	"[24.309541353601]"	"[24.3748071255995]"	"1s.7d"	"3D"	"1"	"1s.8f"	"3F*"	"2"	3	5		
""	"19013.080130"	"8.4683e+04"	AAA	"[24.309597381304]"	"[24.3748073302369]"	"1s.7d"	"1D"	"2"	"1s.8f"	"1F*"	"3"	5	7		
""	"19013.139796"	"1.441e+00"	AA	"[24.309597381304]"	"[24.3748071255995]"	"1s.7d"	"1D"	"2"	"1s.8f"	"3F*"	"2"	5	5		
""	"19013.200599"	"2.508e+04"	AA	"[24.309597381304]"	"[24.3748069170618]"	"1s.7d"	"1D"	"2"	"1s.8f"	"3F*"	"3"	5	7		
""	"19046.3426251"	"7.582e+03"	AA	"[24.3097272911601]"	"[24.3748233575671]"	"1s.7f"	"3F*"	"3"	"1s.8g"	"1G"	"4"	7	9		
""	"19046.3576962"	"9.2783e+03"	AAA	"[24.3097272911601]"	"[24.3748233060576]"	"1s.7f"	"3F*"	"3"	"1s.8g"	"3G"	"3"	7	7		
""	"19046.3769250"	"4.609e+03"	AA	"[24.3097274083893]"	"[24.3748233575671]"	"1s.7f"	"3F*"	"4"	"1s.8g"	"1G"	"4"	9	9		
""	"19046.3919961"	"1.9595e+02"	AAA	"[24.3097274083893]"	"[24.3748233060576]"	"1s.7f"	"3F*"	"4"	"1s.8g"	"3G"	"3"	9	7		
""	"19046.4044853"	"1.3883e+05"	AAA	"[24.3097272911601]"	"[24.3748231461435]"	"1s.7f"	"3F*"	"3"	"1s.8g"	"3G"	"4"	7	9		
""	"19046.4143002"	"1.5363e+05"	AAA	"[24.3097274083893]"	"[24.3748232298280]"	"1s.7f"	"3F*"	"4"	"1s.8g"	"3G"	"5"	9	11		
""	"19046.4387855"	"4.9927e+03"	AAA	"[24.3097274083893]"	"[24.3748231461435]"	"1s.7f"	"3F*"	"4"	"1s.8g"	"3G"	"4"	9	9		
""	"19046.4502740"	"1.4109e+05"	AAA	"[24.3097276075680]"	"[24.3748233060576]"	"1s.7f"	"3F*"	"2"	"1s.8g"	"3G"	"3"	5	7		
""	"19046.5199089"	"1.4144e+05"	AAA	"[24.3097278970701]"	"[24.3748233575671]"	"1s.7f"	"1F*"	"3"	"1s.8g"	"1G"	"4"	7	9		
""	"19046.5349802"	"3.067e+03"	AA	"[24.3097278970701]"	"[24.3748233060576]"	"1s.7f"	"1F*"	"3"	"1s.8g"	"3G"	"3"	7	7		
""	"19046.5817703"	"9.807e+03"	AA	"[24.3097278970701]"	"[24.3748231461435]"	"1s.7f"	"1F*"	"3"	"1s.8g"	"3G"	"4"	7	9		
""	"19052.21092523"	"6.625e+00"	AA	"[24.3097511655788]"	"[24.37482718164840]"	"1s.7g"	"3G"	"4"	"1s.8h"	"1H*"	"5"	9	11		
""	"19052.22175531"	"5.3184e+03"	AAA	"[24.3097511655788]"	"[24.37482714465648]"	"1s.7g"	"3G"	"4"	"1s.8h"	"3H*"	"4"	9	9		
""	"19052.24751597"	"4.058e+03"	AA	"[24.3097512905603]"	"[24.37482718164840]"	"1s.7g"	"3G"	"5"	"1s.8h"	"1H*"	"5"	11	11		
""	"19052.25225841"	"2.0494e+05"	AAA	"[24.3097511655788]"	"[24.37482704046834]"	"1s.7g"	"3G"	"4"	"1s.8h"	"3H*"	"5"	9	11		
""	"19052.25834609"	"1.0336e+02"	AAA	"[24.3097512905603]"	"[24.37482714465648]"	"1s.7g"	"3G"	"5"	"1s.8h"	"3H*"	"4"	11	9		
""	"19052.27285914"	"2.0930e+05"	AAA	"[24.3097512905603]"	"[24.37482709508499]"	"1s.7g"	"3G"	"5"	"1s.8h"	"3H*"	"6"	11	13		
""	"19052.28884930"	"4.3137e+03"	AAA	"[24.3097512905603]"	"[24.37482704046834]"	"1s.7g"	"3G"	"5"	"1s.8h"	"3H*"	"5"	11	11		
""	"19052.29166160"	"1.9896e+05"	AAA	"[24.3097514043543]"	"[24.37482714465648]"	"1s.7g"	"3G"	"3"	"1s.8h"	"3H*"	"4"	7	9		
""	"19052.30332084"	"2.0523e+05"	AAA	"[24.3097514811699]"	"[24.37482718164840]"	"1s.7g"	"1G"	"4"	"1s.8h"	"1H*"	"5"	9	11		
""	"19052.31415102"	"4.914e+03"	AA	"[24.3097514811699]"	"[24.37482714465648]"	"1s.7g"	"1G"	"4"	"1s.8h"	"3H*"	"4"	9	9		
""	"19052.34465441"	"4.440e+01"	AA	"[24.3097514811699]"	"[24.37482704046834]"	"1s.7g"	"1G"	"4"	"1s.8h"	"3H*"	"5"	9	11		
""	"19053.52187940"	"6.057e+00"	AA	"[24.30975684089325]"	"[24.37482837948752]"	"1s.7h"	"3H*"	"5"	"1s.8i"	"1I"	"6"	11	13		
""	"19053.52999962"	"4.7492e+03"	AAA	"[24.30975684089325]"	"[24.37482835175535]"	"1s.7h"	"3H*"	"5"	"1s.8i"	"3I"	"5"	11	11		
""	"19053.54575120"	"3.799e+03"	AA	"[24.30975692242005]"	"[24.37482837948752]"	"1s.7h"	"3H*"	"6"	"1s.8i"	"1I"	"6"	13	13		
""	"19053.55143731"	"2.7674e+05"	AAA	"[24.30975684089325]"	"[24.37482827854156]"	"1s.7h"	"3H*"	"5"	"1s.8i"	"3I"	"6"	11	13		
""	"19053.55387144"	"6.4455e+01"	AAA	"[24.30975692242005]"	"[24.37482835175535]"	"1s.7h"	"3H*"	"6"	"1s.8i"	"3I"	"5"	13	11		
""	"19053.56409227"	"2.8077e+05"	AAA	"[24.30975692242005]"	"[24.37482831684934]"	"1s.7h"	"3H*"	"6"	"1s.8i"	"3I"	"7"	13	15		
""	"19053.57530918"	"4.0001e+03"	AAA	"[24.30975692242005]"	"[24.37482827854156]"	"1s.7h"	"3H*"	"6"	"1s.8i"	"3I"	"6"	13	13		
""	"19053.57553859"	"2.7149e+05"	AAA	"[24.30975699641729]"	"[24.37482835175535]"	"1s.7h"	"3H*"	"4"	"1s.8i"	"3I"	"5"	9	11		
""	"19053.58358654"	"2.7696e+05"	AAA	"[24.30975705163464]"	"[24.37482837948752]"	"1s.7h"	"1H*"	"5"	"1s.8i"	"1I"	"6"	11	13		
""	"19053.59170682"	"4.468e+03"	AA	"[24.30975705163464]"	"[24.37482835175535]"	"1s.7h"	"1H*"	"5"	"1s.8i"	"3I"	"5"	11	11		
""	"19053.61314465"	"2.447e+01"	AA	"[24.30975705163464]"	"[24.37482827854156]"	"1s.7h"	"1H*"	"5"	"1s.8i"	"3I"	"6"	11	13		
""	"19054.41999933"	"1.4358e+01"	AAA	"[24.30975862360302]"	"[24.37482709508499]"	"1s.7i"	"3I"	"6"	"1s.8h"	"3H*"	"6"	13	13		
""	"19054.42665366"	"1.604e+01"	AA	"[24.30975873289013]"	"[24.37482718164840]"	"1s.7i"	"3I"	"5"	"1s.8h"	"1H*"	"5"	11	11		
""	"19054.43599309"	"1.1739e+03"	AAA	"[24.30975862360302]"	"[24.37482704046834]"	"1s.7i"	"3I"	"6"	"1s.8h"	"3H*"	"5"	13	11		
""	"19054.43674439"	"1.1628e+03"	AAA	"[24.30975868078527]"	"[24.37482709508499]"	"1s.7i"	"3I"	"7"	"1s.8h"	"3H*"	"6"	15	13		
""	"19054.43748626"	"1.1910e+03"	AAA	"[24.30975873289013]"	"[24.37482714465648]"	"1s.7i"	"3I"	"5"	"1s.8h"	"3H*"	"4"	11	9		
""	"19054.43877593"	"1.1748e+03"	AAA	"[24.30975877428610]"	"[24.37482718164840]"	"1s.7i"	"1I"	"6"	"1s.8h"	"1H*"	"5"	13	11		
""	"19054.45200263"	"1.9576e-01"	AAA	"[24.30975873289013]"	"[24.37482709508499]"	"1s.7i"	"3I"	"5"	"1s.8h"	"3H*"	"6"	11	13		
""	"19054.46412493"	"1.364e+01"	AA	"[24.30975877428610]"	"[24.37482709508499]"	"1s.7i"	"1I"	"6"	"1s.8h"	"3H*"	"6"	13	13		
""	"19054.46799645"	"1.7046e+01"	AAA	"[24.30975873289013]"	"[24.37482704046834]"	"1s.7i"	"3I"	"5"	"1s.8h"	"3H*"	"5"	11	11		
""	"19055.02986457"	"6.5111e+01"	AAA	"[24.30975684089325]"	"[24.3748232298280]"	"1s.7h"	"3H*"	"5"	"1s.8g"	"3G"	"5"	11	11		
""	"19055.03800155"	"7.414e+01"	AA	"[24.30975699641729]"	"[24.3748233575671]"	"1s.7h"	"3H*"	"4"	"1s.8g"	"1G"	"4"	9	9		
""	"19055.05308640"	"3.8612e+03"	AAA	"[24.30975699641729]"	"[24.3748233060576]"	"1s.7h"	"3H*"	"4"	"1s.8g"	"3G"	"3"	9	7		
""	"19055.05374015"	"3.7336e+03"	AAA	"[24.30975692242005]"	"[24.3748232298280]"	"1s.7h"	"3H*"	"6"	"1s.8g"	"3G"	"5"	13	11		
""	"19055.05417227"	"3.7862e+03"	AAA	"[24.30975705163464]"	"[24.3748233575671]"	"1s.7h"	"1H*"	"5"	"1s.8g"	"1G"	"4"	11	9		
""	"19055.05437205"	"3.7808e+03"	AAA	"[24.30975684089325]"	"[24.3748231461435]"	"1s.7h"	"3H*"	"5"	"1s.8g"	"3G"	"4"	11	9		
""	"19055.07541071"	"1.2764e+00"	AAA	"[24.30975699641729]"	"[24.3748232298280]"	"1s.7h"	"3H*"	"4"	"1s.8g"	"3G"	"5"	9	11		
""	"19055.09158149"	"6.126e+01"	AA	"[24.30975705163464]"	"[24.3748232298280]"	"1s.7h"	"1H*"	"5"	"1s.8g"	"3G"	"5"	11	11		
""	"19055.09991830"	"8.0310e+01"	AAA	"[24.30975699641729]"	"[24.3748231461435]"	"1s.7h"	"3H*"	"4"	"1s.8g"	"3G"	"4"	9	9		
""	"19058.0245677"	"6.053e+02"	AA	"[24.3097511655788]"	"[24.3748073302369]"	"1s.7g"	"3G"	"4"	"1s.8f"	"1F*"	"3"	9	7		
""	"19058.0945165"	"1.253e+02"	AA	"[24.3097514043543]"	"[24.3748073302369]"	"1s.7g"	"3G"	"3"	"1s.8f"	"1F*"	"3"	7	7		
""	"19058.1170197"	"7.7710e+03"	AAA	"[24.3097514811699]"	"[24.3748073302369]"	"1s.7g"	"1G"	"4"	"1s.8f"	"1F*"	"3"	9	7		
""	"19058.1236003"	"2.1481e+02"	AAA	"[24.3097511655788]"	"[24.3748069921824]"	"1s.7g"	"3G"	"4"	"1s.8f"	"3F*"	"4"	9	9		
""	"19058.1456070"	"7.6202e+03"	AAA	"[24.3097511655788]"	"[24.3748069170618]"	"1s.7g"	"3G"	"4"	"1s.8f"	"3F*"	"3"	9	7		
""	"19058.1544651"	"8.5019e+03"	AAA	"[24.3097514043543]"	"[24.3748071255995]"	"1s.7g"	"3G"	"3"	"1s.8f"	"3F*"	"2"	7	5		
""	"19058.1602138"	"8.0820e+03"	AAA	"[24.3097512905603]"	"[24.3748069921824]"	"1s.7g"	"3G"	"5"	"1s.8f"	"3F*"	"4"	11	9		
""	"19058.1935499"	"6.5601e+00"	AAA	"[24.3097514043543]"	"[24.3748069921824]"	"1s.7g"	"3G"	"3"	"1s.8f"	"3F*"	"4"	7	9		
""	"19058.2155567"	"4.0608e+02"	AAA	"[24.3097514043543]"	"[24.3748069170618]"	"1s.7g"	"3G"	"3"	"1s.8f"	"3F*"	"3"	7	7		
""	"19058.2160533"	"1.985e+02"	AA	"[24.3097514811699]"	"[24.3748069921824]"	"1s.7g"	"1G"	"4"	"1s.8f"	"3F*"	"4"	9	9		
""	"19058.2380601"	"4.755e+02"	AA	"[24.3097514811699]"	"[24.3748069170618]"	"1s.7g"	"1G"	"4"	"1s.8f"	"3F*"	"3"	9	7		
""	"19076.7656206"	"3.904e+03"	AA	"[24.3097272911601]"	"[24.374719544511]"	"1s.7f"	"3F*"	"3"	"1s.8d"	"1D"	"2"	7	5		
""	"19076.9434712"	"1.2290e+04"	AAA	"[24.3097278970701]"	"[24.374719544511]"	"1s.7f"	"1F*"	"3"	"1s.8d"	"1D"	"2"	7	5		
""	"19088.115386"	"1.1012e+04"	AAA	"[24.3097272911601]"	"[24.374680900214]"	"1s.7f"	"3F*"	"3"	"1s.8d"	"3D"	"2"	7	5		
""	"19088.121306"	"9.7261e+02"	AAA	"[24.3097272911601]"	"[24.374680880069]"	"1s.7f"	"3F*"	"3"	"1s.8d"	"3D"	"3"	7	7		
""	"19088.124460"	"1.6305e+04"	AAA	"[24.3097276075680]"	"[24.374681185743]"	"1s.7f"	"3F*"	"2"	"1s.8d"	"3D"	"1"	5	3		
""	"19088.155756"	"1.4974e+04"	AAA	"[24.3097274083893]"	"[24.374680880069]"	"1s.7f"	"3F*"	"4"	"1s.8d"	"3D"	"3"	9	7		
""	"19088.208370"	"1.8116e+03"	AAA	"[24.3097276075680]"	"[24.374680900214]"	"1s.7f"	"3F*"	"2"	"1s.8d"	"3D"	"2"	5	5		
""	"19088.214290"	"3.6974e+01"	AAA	"[24.3097276075680]"	"[24.374680880069]"	"1s.7f"	"3F*"	"2"	"1s.8d"	"3D"	"3"	5	7		
""	"19088.293448"	"3.482e+03"	AA	"[24.3097278970701]"	"[24.374680900214]"	"1s.7f"	"1F*"	"3"	"1s.8d"	"3D"	"2"	7	5		
""	"19088.299368"	"3.215e+02"	AA	"[24.3097278970701]"	"[24.374680880069]"	"1s.7f"	"1F*"	"3"	"1s.8d"	"3D"	"3"	7	7		
""	"19369.09124"	"7.9119e+04"	AAA	"[24.31070817873]"	"[24.374719544511]"	"1s.7p"	"1P*"	"1"	"1s.8d"	"1D"	"2"	3	5		
""	"19380.79162"	"6.189e+00"	AA	"[24.31070817873]"	"[24.374680900214]"	"1s.7p"	"1P*"	"1"	"1s.8d"	"3D"	"2"	3	5		
""	"19753.8906"	"2.0286e-04"	AAA	"[23.673570590]"	"[23.73633503536]"	"1s.4s"	"1S"	"0"	"1s.4d"	"1D"	"2"	1	5	E2	
""	"20118.71594"	"4.5430e+04"	AAA	"[24.309541353601]"	"[24.37116765163]"	"1s.7d"	"3D"	"1"	"1s.8p"	"3P*"	"0"	3	1		
""	"20119.11133"	"3.4070e+04"	AAA	"[24.309540927161]"	"[24.37116601407]"	"1s.7d"	"3D"	"2"	"1s.8p"	"3P*"	"1"	5	3		
""	"20119.14510"	"3.8161e+04"	AAA	"[24.309540897300]"	"[24.37116588077]"	"1s.7d"	"3D"	"3"	"1s.8p"	"3P*"	"2"	7	5		
""	"20119.15485"	"6.8140e+03"	AAA	"[24.309540927161]"	"[24.37116588077]"	"1s.7d"	"3D"	"2"	"1s.8p"	"3P*"	"2"	5	5		
""	"20119.25056"	"1.1358e+04"	AAA	"[24.309541353601]"	"[24.37116601407]"	"1s.7d"	"3D"	"1"	"1s.8p"	"3P*"	"1"	3	3		
""	"20119.29407"	"4.5430e+02"	AAA	"[24.309541353601]"	"[24.37116588077]"	"1s.7d"	"3D"	"1"	"1s.8p"	"3P*"	"2"	3	5		
""	"20137.55915"	"2.762e+00"	AA	"[24.309597381304]"	"[24.37116601407]"	"1s.7d"	"1D"	"2"	"1s.8p"	"3P*"	"1"	5	3		
""	"21097.95453"	"2.0002e+03"	AAA	"[24.3581041440]"	"[24.41687012452]"	"1s.8s"	"3S"	"1"	"1s.9p"	"3P*"	"0"	3	1		
""	"21098.36575"	"2.0002e+03"	AAA	"[24.3581041440]"	"[24.41686897915]"	"1s.8s"	"3S"	"1"	"1s.9p"	"3P*"	"1"	3	3		
""	"21098.39922"	"2.0002e+03"	AAA	"[24.3581041440]"	"[24.41686888593]"	"1s.8s"	"3S"	"1"	"1s.9p"	"3P*"	"2"	3	5		
""	"21955.02552"	"1.3739e+05"	AAA	"[24.31070817873]"	"[24.3671800778]"	"1s.7p"	"1P*"	"1"	"1s.8s"	"1S"	"0"	3	1		
""	"22037.2941"	"7.0086e+04"	AAA	"[23.9719714182]"	"[24.0282324989]"	"1s.5s"	"3S"	"1"	"1s.5p"	"3P*"	"0"	3	1		
""	"22039.9872"	"7.0086e+04"	AAA	"[23.9719714182]"	"[24.0282256244]"	"1s.5s"	"3S"	"1"	"1s.5p"	"3P*"	"1"	3	3		
""	"22040.2068"	"7.0086e+04"	AAA	"[23.9719714182]"	"[24.0282250640]"	"1s.5s"	"3S"	"1"	"1s.5p"	"3P*"	"2"	3	5		
""	"23038.99113"	"9.6087e+04"	AAA	"[24.30428920147]"	"[24.3581041440]"	"1s.7p"	"3P*"	"2"	"1s.8s"	"3S"	"1"	5	3		
""	"23039.07682"	"5.7652e+04"	AAA	"[24.30428940164]"	"[24.3581041440]"	"1s.7p"	"3P*"	"1"	"1s.8s"	"3S"	"1"	3	3		
""	"23040.12911"	"1.9217e+04"	AAA	"[24.30429185947]"	"[24.3581041440]"	"1s.7p"	"3P*"	"0"	"1s.8s"	"3S"	"1"	1	3		
""	"23522.29069"	"7.2589e+03"	AAA	"[24.3671800778]"	"[24.419889314325]"	"1s.8s"	"1S"	"0"	"1s.9p"	"1P*"	"1"	1	3		
""	"25724.40877"	"1.507e+00"	AA	"[24.37116601407]"	"[24.419363117280]"	"1s.8p"	"3P*"	"1"	"1s.9d"	"1D"	"2"	3	5		
""	"25738.93679"	"7.7284e+02"	AAA	"[24.37116588077]"	"[24.419335779720]"	"1s.8p"	"3P*"	"2"	"1s.9d"	"3D"	"1"	5	3		
""	"25739.00802"	"1.1593e+04"	AAA	"[24.37116601407]"	"[24.419335779720]"	"1s.8p"	"3P*"	"1"	"1s.9d"	"3D"	"1"	3	3		
""	"25739.04391"	"6.9550e+03"	AAA	"[24.37116588077]"	"[24.419335579246]"	"1s.8p"	"3P*"	"2"	"1s.9d"	"3D"	"2"	5	5		
""	"25739.05151"	"2.7822e+04"	AAA	"[24.37116588077]"	"[24.419335565023]"	"1s.8p"	"3P*"	"2"	"1s.9d"	"3D"	"3"	5	7		
""	"25739.11514"	"2.0865e+04"	AAA	"[24.37116601407]"	"[24.419335579246]"	"1s.8p"	"3P*"	"1"	"1s.9d"	"3D"	"2"	3	5		
""	"25739.88306"	"1.5457e+04"	AAA	"[24.37116765163]"	"[24.419335779720]"	"1s.8p"	"3P*"	"0"	"1s.9d"	"3D"	"1"	1	3		
""	"27425.02715"	"1.151e+00"	AA	"[24.374680900214]"	"[24.419889314325]"	"1s.8d"	"3D"	"2"	"1s.9p"	"1P*"	"1"	5	3		
""	"27448.49021"	"1.5165e+04"	AAA	"[24.374719544511]"	"[24.419889314325]"	"1s.8d"	"1D"	"2"	"1s.9p"	"1P*"	"1"	5	3		
""	"27709.644080"	"1.325e+03"	AA	"[24.374680880069]"	"[24.4194249403235]"	"1s.8d"	"3D"	"3"	"1s.9f"	"1F*"	"3"	7	7		
""	"27709.656555"	"1.023e+04"	AA	"[24.374680900214]"	"[24.4194249403235]"	"1s.8d"	"3D"	"2"	"1s.9f"	"1F*"	"3"	5	7		
""	"27709.736401"	"2.3317e+02"	AAA	"[24.374680880069]"	"[24.4194247912483]"	"1s.8d"	"3D"	"3"	"1s.9f"	"3F*"	"2"	7	5		
""	"27709.748877"	"8.1603e+03"	AAA	"[24.374680900214]"	"[24.4194247912483]"	"1s.8d"	"3D"	"2"	"1s.9f"	"3F*"	"2"	5	5		
""	"27709.794426"	"5.2464e+04"	AAA	"[24.374680880069]"	"[24.4194246975540]"	"1s.8d"	"3D"	"3"	"1s.9f"	"3F*"	"4"	7	9		
""	"27709.826101"	"4.5043e+03"	AAA	"[24.374680880069]"	"[24.4194246464065]"	"1s.8d"	"3D"	"3"	"1s.9f"	"3F*"	"3"	7	7		
""	"27709.838577"	"3.6407e+04"	AAA	"[24.374680900214]"	"[24.4194246464065]"	"1s.8d"	"3D"	"2"	"1s.9f"	"3F*"	"3"	5	7		
""	"27709.925705"	"4.4069e+04"	AAA	"[24.374681185743]"	"[24.4194247912483]"	"1s.8d"	"3D"	"1"	"1s.9f"	"3F*"	"2"	3	5		
""	"27733.6093732"	"4.0994e+04"	AAA	"[24.374719544511]"	"[24.4194249403235]"	"1s.8d"	"1D"	"2"	"1s.9f"	"1F*"	"3"	5	7		
""	"27733.7917099"	"1.158e+04"	AA	"[24.374719544511]"	"[24.4194246464065]"	"1s.8d"	"1D"	"2"	"1s.9f"	"3F*"	"3"	5	7		
""	"27780.8413266"	"3.981e+03"	AA	"[24.3748069170618]"	"[24.41943630642235]"	"1s.8f"	"3F*"	"3"	"1s.9g"	"1G"	"4"	7	9		
""	"27780.8638616"	"4.3847e+03"	AAA	"[24.3748069170618]"	"[24.4194362702203]"	"1s.8f"	"3F*"	"3"	"1s.9g"	"3G"	"3"	7	7		
""	"27780.8880877"	"2.141e+03"	AA	"[24.3748069921824]"	"[24.41943630642235]"	"1s.8f"	"3F*"	"4"	"1s.9g"	"1G"	"4"	9	9		
""	"27780.9106228"	"9.1071e+01"	AAA	"[24.3748069921824]"	"[24.4194362702203]"	"1s.8f"	"3F*"	"4"	"1s.9g"	"3G"	"3"	9	7		
""	"27780.9337591"	"6.4008e+04"	AAA	"[24.3748069170618]"	"[24.4194361579319]"	"1s.8f"	"3F*"	"3"	"1s.9g"	"3G"	"4"	7	9		
""	"27780.9439486"	"7.1399e+04"	AAA	"[24.3748069921824]"	"[24.41943621668346]"	"1s.8f"	"3F*"	"4"	"1s.9g"	"3G"	"5"	9	11		
""	"27780.9805205"	"2.3211e+03"	AAA	"[24.3748069921824]"	"[24.4194361579319]"	"1s.8f"	"3F*"	"4"	"1s.9g"	"3G"	"4"	9	9		
""	"27780.9936727"	"6.5571e+04"	AAA	"[24.3748071255995]"	"[24.4194362702203]"	"1s.8f"	"3F*"	"2"	"1s.9g"	"3G"	"3"	5	7		
""	"27781.0985217"	"6.5277e+04"	AAA	"[24.3748073302369]"	"[24.41943630642235]"	"1s.8f"	"1F*"	"3"	"1s.9g"	"1G"	"4"	7	9		
""	"27781.1210571"	"1.353e+03"	AA	"[24.3748073302369]"	"[24.4194362702203]"	"1s.8f"	"1F*"	"3"	"1s.9g"	"3G"	"3"	7	7		
""	"27781.1909558"	"5.071e+03"	AA	"[24.3748073302369]"	"[24.4194361579319]"	"1s.8f"	"1F*"	"3"	"1s.9g"	"3G"	"4"	7	9		
""	"27789.24662565"	"2.770e+00"	AA	"[24.3748231461435]"	"[24.41943903663648]"	"1s.8g"	"3G"	"4"	"1s.9h"	"1H*"	"5"	9	11		
""	"27789.26280799"	"2.4015e+03"	AAA	"[24.3748231461435]"	"[24.41943901065559]"	"1s.8g"	"3G"	"4"	"1s.9h"	"3H*"	"4"	9	9		
""	"27789.29874909"	"1.832e+03"	AA	"[24.3748232298280]"	"[24.41943903663648]"	"1s.8g"	"3G"	"5"	"1s.9h"	"1H*"	"5"	11	11		
""	"27789.30838501"	"9.2500e+04"	AAA	"[24.3748231461435]"	"[24.41943893748148]"	"1s.8g"	"3G"	"4"	"1s.9h"	"3H*"	"5"	9	11		
""	"27789.31493149"	"4.6651e+01"	AAA	"[24.3748232298280]"	"[24.41943901065559]"	"1s.8g"	"3G"	"5"	"1s.9h"	"3H*"	"4"	11	9		
""	"27789.33661641"	"9.4468e+04"	AAA	"[24.3748232298280]"	"[24.41943897584046]"	"1s.8g"	"3G"	"5"	"1s.9h"	"3H*"	"6"	11	13		
""	"27789.36050868"	"1.9470e+03"	AAA	"[24.3748232298280]"	"[24.41943893748148]"	"1s.8g"	"3G"	"5"	"1s.9h"	"3H*"	"5"	11	11		
""	"27789.36241181"	"8.9803e+04"	AAA	"[24.3748233060576]"	"[24.41943901065559]"	"1s.8g"	"3G"	"3"	"1s.9h"	"3H*"	"4"	7	9		
""	"27789.37831257"	"9.2633e+04"	AAA	"[24.3748233575671]"	"[24.41943903663648]"	"1s.8g"	"1G"	"4"	"1s.9h"	"1H*"	"5"	9	11		
""	"27789.39449507"	"2.217e+03"	AA	"[24.3748233575671]"	"[24.41943901065559]"	"1s.8g"	"1G"	"4"	"1s.9h"	"3H*"	"4"	9	9		
""	"27789.44007252"	"2.063e+01"	AA	"[24.3748233575671]"	"[24.41943893748148]"	"1s.8g"	"1G"	"4"	"1s.9h"	"3H*"	"5"	9	11		
""	"27791.13522603"	"2.656e+00"	AA	"[24.37482704046834]"	"[24.41943989900212]"	"1s.8h"	"3H*"	"5"	"1s.9i"	"1I"	"6"	11	13		
""	"27791.14735922"	"2.0833e+03"	AAA	"[24.37482704046834]"	"[24.41943987952483]"	"1s.8h"	"3H*"	"5"	"1s.9i"	"3I"	"5"	11	11		
""	"27791.16924896"	"1.667e+03"	AA	"[24.37482709508499]"	"[24.41943989900212]"	"1s.8h"	"3H*"	"6"	"1s.9i"	"1I"	"6"	13	13		
""	"27791.17939092"	"1.2140e+05"	AAA	"[24.37482704046834]"	"[24.41943982810474]"	"1s.8h"	"3H*"	"5"	"1s.9i"	"3I"	"6"	11	13		
""	"27791.18138219"	"2.8274e+01"	AAA	"[24.37482709508499]"	"[24.41943987952483]"	"1s.8h"	"3H*"	"6"	"1s.9i"	"3I"	"5"	13	11		
""	"27791.19665387"	"1.2316e+05"	AAA	"[24.37482709508499]"	"[24.41943985500943]"	"1s.8h"	"3H*"	"6"	"1s.9i"	"3I"	"7"	13	15		
""	"27791.21226239"	"1.1909e+05"	AAA	"[24.37482714465648]"	"[24.41943987952483]"	"1s.8h"	"3H*"	"4"	"1s.9i"	"3I"	"5"	9	11		
""	"27791.21341396"	"1.7547e+03"	AAA	"[24.37482709508499]"	"[24.41943982810474]"	"1s.8h"	"3H*"	"6"	"1s.9i"	"3I"	"6"	13	13		
""	"27791.22317302"	"1.2149e+05"	AAA	"[24.37482718164840]"	"[24.41943989900212]"	"1s.8h"	"1H*"	"5"	"1s.9i"	"1I"	"6"	11	13		
""	"27791.23530629"	"1.960e+03"	AA	"[24.37482718164840]"	"[24.41943987952483]"	"1s.8h"	"1H*"	"5"	"1s.9i"	"3I"	"5"	11	11		
""	"27791.26733819"	"1.074e+01"	AA	"[24.37482718164840]"	"[24.41943982810474]"	"1s.8h"	"1H*"	"5"	"1s.9i"	"3I"	"6"	11	13		
""	"27792.230960502"	"4.3733e+00"	AAA	"[24.37482875537896]"	"[24.41943985500943]"	"1s.8k"	"3K*"	"7"	"1s.9i"	"3I"	"7"	15	15		
""	"27792.237365621"	"4.809e+00"	AA	"[24.37482880965292]"	"[24.41943989900212]"	"1s.8k"	"3K*"	"6"	"1s.9i"	"1I"	"6"	13	13		
""	"27792.247721846"	"4.7864e+02"	AAA	"[24.37482875537896]"	"[24.41943982810474]"	"1s.8k"	"3K*"	"7"	"1s.9i"	"3I"	"6"	15	13		
""	"27792.248608341"	"4.7511e+02"	AAA	"[24.37482878370663]"	"[24.41943985500943]"	"1s.8k"	"3K*"	"8"	"1s.9i"	"3I"	"7"	17	15		
""	"27792.249499777"	"4.8371e+02"	AAA	"[24.37482880965292]"	"[24.41943987952483]"	"1s.8k"	"3K*"	"6"	"1s.9i"	"3I"	"5"	13	11		
""	"27792.250750230"	"4.7888e+02"	AAA	"[24.37482883113740]"	"[24.41943989900212]"	"1s.8k"	"1K*"	"7"	"1s.9i"	"1I"	"6"	15	13		
""	"27792.278157266"	"4.182e+00"	AA	"[24.37482883113740]"	"[24.41943985500943]"	"1s.8k"	"1K*"	"7"	"1s.9i"	"3I"	"7"	15	15		
""	"27792.281534015"	"5.0631e+00"	AAA	"[24.37482880965292]"	"[24.41943982810474]"	"1s.8k"	"3K*"	"6"	"1s.9i"	"3I"	"6"	13	13		
""	"27792.48161097"	"1.8638e+01"	AAA	"[24.37482827854156]"	"[24.41943897584046]"	"1s.8i"	"3I"	"6"	"1s.9h"	"3H*"	"6"	13	13		
""	"27792.48934724"	"2.082e+01"	AA	"[24.37482835175535]"	"[24.41943903663648]"	"1s.8i"	"3I"	"5"	"1s.9h"	"1H*"	"5"	11	11		
""	"27792.50547675"	"1.5095e+03"	AAA	"[24.37482831684934]"	"[24.41943897584046]"	"1s.8i"	"3I"	"7"	"1s.9h"	"3H*"	"6"	15	13		
""	"27792.50550865"	"1.5239e+03"	AAA	"[24.37482827854156]"	"[24.41943893748148]"	"1s.8i"	"3I"	"6"	"1s.9h"	"3H*"	"5"	13	11		
""	"27792.50553336"	"1.5461e+03"	AAA	"[24.37482835175535]"	"[24.41943901065559]"	"1s.8i"	"3I"	"5"	"1s.9h"	"3H*"	"4"	11	9		
""	"27792.50662441"	"1.5251e+03"	AAA	"[24.37482837948752]"	"[24.41943903663648]"	"1s.8i"	"1I"	"6"	"1s.9h"	"1H*"	"5"	13	11		
""	"27792.52722326"	"2.5412e-01"	AAA	"[24.37482835175535]"	"[24.41943897584046]"	"1s.8i"	"3I"	"5"	"1s.9h"	"3H*"	"6"	11	13		
""	"27792.54450048"	"1.770e+01"	AA	"[24.37482837948752]"	"[24.41943897584046]"	"1s.8i"	"1I"	"6"	"1s.9h"	"3H*"	"6"	13	13		
""	"27792.55112102"	"2.2128e+01"	AAA	"[24.37482835175535]"	"[24.41943893748148]"	"1s.8i"	"3I"	"5"	"1s.9h"	"3H*"	"5"	11	11		
""	"27793.42927906"	"5.6179e+01"	AAA	"[24.37482704046834]"	"[24.41943621668346]"	"1s.8h"	"3H*"	"5"	"1s.9g"	"3G"	"5"	11	11		
""	"27793.43828156"	"6.395e+01"	AA	"[24.37482714465648]"	"[24.41943630642235]"	"1s.8h"	"3H*"	"4"	"1s.9g"	"1G"	"4"	9	9		
""	"27793.46083700"	"3.3315e+03"	AAA	"[24.37482714465648]"	"[24.4194362702203]"	"1s.8h"	"3H*"	"4"	"1s.9g"	"3G"	"3"	9	7		
""	"27793.46132915"	"3.2669e+03"	AAA	"[24.37482718164840]"	"[24.41943630642235]"	"1s.8h"	"1H*"	"5"	"1s.9g"	"1G"	"4"	11	9		
""	"27793.46330762"	"3.2214e+03"	AAA	"[24.37482709508499]"	"[24.41943621668346]"	"1s.8h"	"3H*"	"6"	"1s.9g"	"3G"	"5"	13	11		
""	"27793.46588383"	"3.2621e+03"	AAA	"[24.37482704046834]"	"[24.4194361579319]"	"1s.8h"	"3H*"	"5"	"1s.9g"	"3G"	"4"	11	9		
""	"27793.49419289"	"1.1013e+00"	AAA	"[24.37482714465648]"	"[24.41943621668346]"	"1s.8h"	"3H*"	"4"	"1s.9g"	"3G"	"5"	9	11		
""	"27793.51724057"	"5.285e+01"	AA	"[24.37482718164840]"	"[24.41943621668346]"	"1s.8h"	"1H*"	"5"	"1s.9g"	"3G"	"5"	11	11		
""	"27793.53079783"	"6.9315e+01"	AAA	"[24.37482714465648]"	"[24.4194361579319]"	"1s.8h"	"3H*"	"4"	"1s.9g"	"3G"	"4"	9	9		
""	"27798.0293647"	"4.639e+02"	AA	"[24.3748231461435]"	"[24.4194249403235]"	"1s.8g"	"3G"	"4"	"1s.9f"	"1F*"	"3"	9	7		
""	"27798.1290314"	"8.644e+01"	AA	"[24.3748233060576]"	"[24.4194249403235]"	"1s.8g"	"3G"	"3"	"1s.9f"	"1F*"	"3"	7	7		
""	"27798.1611349"	"5.5338e+03"	AAA	"[24.3748233575671]"	"[24.4194249403235]"	"1s.8g"	"1G"	"4"	"1s.9f"	"1F*"	"3"	9	7		
""	"27798.1806714"	"1.5379e+02"	AAA	"[24.3748231461435]"	"[24.4194246975540]"	"1s.8g"	"3G"	"4"	"1s.9f"	"3F*"	"4"	9	9		
""	"27798.2125494"	"5.4226e+03"	AAA	"[24.3748231461435]"	"[24.4194246464065]"	"1s.8g"	"3G"	"4"	"1s.9f"	"3F*"	"3"	9	7		
""	"27798.2219433"	"6.0844e+03"	AAA	"[24.3748233060576]"	"[24.4194247912483]"	"1s.8g"	"3G"	"3"	"1s.9f"	"3F*"	"2"	7	5		
""	"27798.2328283"	"5.7839e+03"	AAA	"[24.3748232298280]"	"[24.4194246975540]"	"1s.8g"	"3G"	"5"	"1s.9f"	"3F*"	"4"	11	9		
""	"27798.2803391"	"4.6947e+00"	AAA	"[24.3748233060576]"	"[24.4194246975540]"	"1s.8g"	"3G"	"3"	"1s.9f"	"3F*"	"4"	7	9		
""	"27798.3122174"	"2.9384e+02"	AAA	"[24.3748233060576]"	"[24.4194246464065]"	"1s.8g"	"3G"	"3"	"1s.9f"	"3F*"	"3"	7	7		
""	"27798.3124430"	"1.420e+02"	AA	"[24.3748233575671]"	"[24.4194246975540]"	"1s.8g"	"1G"	"4"	"1s.9f"	"3F*"	"4"	9	9		
""	"27798.3443213"	"3.679e+02"	AA	"[24.3748233575671]"	"[24.4194246464065]"	"1s.8g"	"1G"	"4"	"1s.9f"	"3F*"	"3"	9	7		
""	"27826.4748398"	"2.370e+03"	AA	"[24.3748069170618]"	"[24.419363117280]"	"1s.8f"	"3F*"	"3"	"1s.9d"	"1D"	"2"	7	5		
""	"27826.7328805"	"7.9916e+03"	AAA	"[24.3748073302369]"	"[24.419363117280]"	"1s.8f"	"1F*"	"3"	"1s.9d"	"1D"	"2"	7	5		
""	"27843.6836748"	"7.1583e+03"	AAA	"[24.3748069170618]"	"[24.419335579246]"	"1s.8f"	"3F*"	"3"	"1s.9d"	"3D"	"2"	7	5		
""	"27843.6887173"	"1.0430e+04"	AAA	"[24.3748071255995]"	"[24.419335779720]"	"1s.8f"	"3F*"	"2"	"1s.9d"	"3D"	"1"	5	3		
""	"27843.6925684"	"6.3257e+02"	AAA	"[24.3748069170618]"	"[24.419335565023]"	"1s.8f"	"3F*"	"3"	"1s.9d"	"3D"	"3"	7	7		
""	"27843.7395413"	"9.5782e+03"	AAA	"[24.3748069921824]"	"[24.419335565023]"	"1s.8f"	"3F*"	"4"	"1s.9d"	"3D"	"3"	9	7		
""	"27843.8140736"	"1.1587e+03"	AAA	"[24.3748071255995]"	"[24.419335579246]"	"1s.8f"	"3F*"	"2"	"1s.9d"	"3D"	"2"	5	5		
""	"27843.8229673"	"2.3650e+01"	AAA	"[24.3748071255995]"	"[24.419335565023]"	"1s.8f"	"3F*"	"2"	"1s.9d"	"3D"	"3"	5	7		
""	"27843.9420348"	"2.113e+03"	AA	"[24.3748073302369]"	"[24.419335579246]"	"1s.8f"	"1F*"	"3"	"1s.9d"	"3D"	"2"	7	5		
""	"27843.9509285"	"1.952e+02"	AA	"[24.3748073302369]"	"[24.419335565023]"	"1s.8f"	"1F*"	"3"	"1s.9d"	"3D"	"3"	7	7		
""	"28244.71759"	"3.9331e+04"	AAA	"[24.375466697350]"	"[24.419363117280]"	"1s.8p"	"1P*"	"1"	"1s.9d"	"1D"	"2"	3	5		
""	"28262.44779"	"2.987e+00"	AA	"[24.375466697350]"	"[24.419335579246]"	"1s.8p"	"1P*"	"1"	"1s.9d"	"3D"	"2"	3	5		
""	"29387.84478"	"2.6504e+04"	AAA	"[24.374681185743]"	"[24.41687012452]"	"1s.8d"	"3D"	"1"	"1s.9p"	"3P*"	"0"	3	1		
""	"29388.44374"	"1.9877e+04"	AAA	"[24.374680900214]"	"[24.41686897915]"	"1s.8d"	"3D"	"2"	"1s.9p"	"3P*"	"1"	5	3		
""	"29388.49464"	"2.2264e+04"	AAA	"[24.374680880069]"	"[24.41686888593]"	"1s.8d"	"3D"	"3"	"1s.9p"	"3P*"	"2"	7	5		
""	"29388.50868"	"3.9753e+03"	AAA	"[24.374680900214]"	"[24.41686888593]"	"1s.8d"	"3D"	"2"	"1s.9p"	"3P*"	"2"	5	5		
""	"29388.64264"	"6.6261e+03"	AAA	"[24.374681185743]"	"[24.41686897915]"	"1s.8d"	"3D"	"1"	"1s.9p"	"3P*"	"1"	3	3		
""	"29388.70758"	"2.6504e+02"	AAA	"[24.374681185743]"	"[24.41686888593]"	"1s.8d"	"3D"	"1"	"1s.9p"	"3P*"	"2"	3	5		
""	"29415.38825"	"1.541e+00"	AA	"[24.374719544511]"	"[24.41686897915]"	"1s.8d"	"1D"	"2"	"1s.9p"	"3P*"	"1"	5	3		
""	"29730.70150"	"1.0185e+03"	AAA	"[24.40777537914]"	"[24.44947779185]"	"1s.9s"	"3S"	"1"	"1s.10p"	"3P*"	"0"	3	1		
""	"29731.29491"	"1.0185e+03"	AAA	"[24.40777537914]"	"[24.44947695951]"	"1s.9s"	"3S"	"1"	"1s.10p"	"3P*"	"1"	3	3		
""	"29731.34319"	"1.0185e+03"	AAA	"[24.40777537914]"	"[24.44947689179]"	"1s.9s"	"3S"	"1"	"1s.10p"	"3P*"	"2"	3	5		
""	"32102.47743"	"7.5513e+04"	AAA	"[24.375466697350]"	"[24.41408807749]"	"1s.8p"	"1P*"	"1"	"1s.9s"	"1S"	"0"	3	1		
""	"32982.95793"	"3.9092e+03"	AAA	"[24.41408807749]"	"[24.451678459372]"	"1s.9s"	"1S"	"0"	"1s.10p"	"1P*"	"1"	1	3		
""	"33866.67503"	"5.2133e+04"	AAA	"[24.37116588077]"	"[24.40777537914]"	"1s.8p"	"3P*"	"2"	"1s.9s"	"3S"	"1"	5	3		
""	"33866.79834"	"3.1280e+04"	AAA	"[24.37116601407]"	"[24.40777537914]"	"1s.8p"	"3P*"	"1"	"1s.9s"	"3S"	"1"	3	3		
""	"33868.31329"	"1.0427e+04"	AAA	"[24.37116765163]"	"[24.40777537914]"	"1s.8p"	"3P*"	"0"	"1s.9s"	"3S"	"1"	1	3		
""	"35848.6929"	"1.8738e+04"	AAA	"[24.0112149898]"	"[24.04580040653]"	"1s.5s"	"1S"	"0"	"1s.5p"	"1P*"	"1"	1	3		
""	"36036.59373"	"4.0967e+02"	AAA	"[24.41686888593]"	"[24.451273968544]"	"1s.9p"	"3P*"	"2"	"1s.10d"	"3D"	"1"	5	3		
""	"36036.69137"	"6.1450e+03"	AAA	"[24.41686897915]"	"[24.451273968544]"	"1s.9p"	"3P*"	"1"	"1s.10d"	"3D"	"1"	3	3		
""	"36036.74675"	"3.6867e+03"	AAA	"[24.41686888593]"	"[24.451273822448]"	"1s.9p"	"3P*"	"2"	"1s.10d"	"3D"	"2"	5	5		
""	"36036.75764"	"1.4748e+04"	AAA	"[24.41686888593]"	"[24.451273812052]"	"1s.9p"	"3P*"	"2"	"1s.10d"	"3D"	"3"	5	7		
""	"36036.84439"	"1.1060e+04"	AAA	"[24.41686897915]"	"[24.451273822448]"	"1s.9p"	"3P*"	"1"	"1s.10d"	"3D"	"2"	3	5		
""	"36037.89110"	"8.1934e+03"	AAA	"[24.41687012452]"	"[24.451273968544]"	"1s.9p"	"3P*"	"0"	"1s.10d"	"3D"	"1"	1	3		
""	"38366.97692"	"9.4429e+03"	AAA	"[24.419363117280]"	"[24.451678459372]"	"1s.9d"	"1D"	"2"	"1s.10p"	"1P*"	"1"	5	3		
""	"38740.587472"	"6.773e+02"	AA	"[24.419335565023]"	"[24.4513392610240]"	"1s.9d"	"3D"	"3"	"1s.10f"	"1F*"	"3"	7	7		
""	"38740.604689"	"5.228e+03"	AA	"[24.419335579246]"	"[24.4513392610240]"	"1s.9d"	"3D"	"2"	"1s.10f"	"1F*"	"3"	5	7		
""	"38740.722493"	"1.2241e+02"	AAA	"[24.419335565023]"	"[24.4513391494830]"	"1s.9d"	"3D"	"3"	"1s.10f"	"3F*"	"2"	7	5		
""	"38740.739710"	"4.2839e+03"	AAA	"[24.419335579246]"	"[24.4513391494830]"	"1s.9d"	"3D"	"2"	"1s.10f"	"3F*"	"2"	5	5		
""	"38740.805170"	"2.7541e+04"	AAA	"[24.419335565023]"	"[24.4513390811842]"	"1s.9d"	"3D"	"3"	"1s.10f"	"3F*"	"4"	7	9		
""	"38740.849303"	"2.3828e+03"	AAA	"[24.419335565023]"	"[24.4513390447263]"	"1s.9d"	"3D"	"3"	"1s.10f"	"3F*"	"3"	7	7		
""	"38740.866520"	"1.9254e+04"	AAA	"[24.419335579246]"	"[24.4513390447263]"	"1s.9d"	"3D"	"2"	"1s.10f"	"3F*"	"3"	5	7		
""	"38740.982388"	"2.3135e+04"	AAA	"[24.419335779720]"	"[24.4513391494830]"	"1s.9d"	"3D"	"1"	"1s.10f"	"3F*"	"2"	3	5		
""	"38773.968314"	"2.1686e+04"	AAA	"[24.419363117280]"	"[24.4513392610240]"	"1s.9d"	"1D"	"2"	"1s.10f"	"1F*"	"3"	5	7		
""	"38774.230596"	"5.920e+03"	AA	"[24.419363117280]"	"[24.4513390447263]"	"1s.9d"	"1D"	"2"	"1s.10f"	"3F*"	"3"	5	7		
""	"38838.5687699"	"2.208e+03"	AA	"[24.4194246464065]"	"[24.45134760401285]"	"1s.9f"	"3F*"	"3"	"1s.10g"	"1G"	"4"	7	9		
""	"38838.6008954"	"2.2721e+03"	AAA	"[24.4194246464065]"	"[24.45134757760769]"	"1s.9f"	"3F*"	"3"	"1s.10g"	"3G"	"3"	7	7		
""	"38838.6309977"	"1.097e+03"	AA	"[24.4194246975540]"	"[24.45134760401285]"	"1s.9f"	"3F*"	"4"	"1s.10g"	"1G"	"4"	9	9		
""	"38838.6631233"	"4.6674e+01"	AAA	"[24.4194246975540]"	"[24.45134757760769]"	"1s.9f"	"3F*"	"4"	"1s.10g"	"3G"	"3"	9	7		
""	"38838.7004710"	"3.2617e+04"	AAA	"[24.4194246464065]"	"[24.45134749576287]"	"1s.9f"	"3F*"	"3"	"1s.10g"	"3G"	"4"	7	9		
""	"38838.7106056"	"3.6592e+04"	AAA	"[24.4194246975540]"	"[24.45134753858031]"	"1s.9f"	"3F*"	"4"	"1s.10g"	"3G"	"5"	9	11		
""	"38838.7626993"	"1.1898e+03"	AAA	"[24.4194246975540]"	"[24.45134749576287]"	"1s.9f"	"3F*"	"4"	"1s.10g"	"3G"	"4"	9	9		
""	"38838.7771160"	"3.3605e+04"	AAA	"[24.4194247912483]"	"[24.45134757760769]"	"1s.9f"	"3F*"	"2"	"1s.10g"	"3G"	"3"	5	7		
""	"38838.9263627"	"3.3287e+04"	AAA	"[24.4194249403235]"	"[24.45134760401285]"	"1s.9f"	"1F*"	"3"	"1s.10g"	"1G"	"4"	7	9		
""	"38838.9584887"	"6.684e+02"	AA	"[24.4194249403235]"	"[24.45134757760769]"	"1s.9f"	"1F*"	"3"	"1s.10g"	"3G"	"3"	7	7		
""	"38839.0580662"	"2.785e+03"	AA	"[24.4194249403235]"	"[24.45134749576287]"	"1s.9f"	"1F*"	"3"	"1s.10g"	"3G"	"4"	7	9		
""	"38850.1278377"	"1.308e+00"	AA	"[24.4194361579319]"	"[24.45134961750954]"	"1s.9g"	"3G"	"4"	"1s.10h"	"1H*"	"5"	9	11		
""	"38850.1508945"	"1.2025e+03"	AAA	"[24.4194361579319]"	"[24.45134959856946]"	"1s.9g"	"3G"	"4"	"1s.10h"	"3H*"	"4"	9	9		
""	"38850.1993595"	"9.169e+02"	AA	"[24.41943621668346]"	"[24.45134961750954]"	"1s.9g"	"3G"	"5"	"1s.10h"	"1H*"	"5"	11	11		
""	"38850.2158333"	"4.6303e+04"	AAA	"[24.4194361579319]"	"[24.45134954522564]"	"1s.9g"	"3G"	"4"	"1s.10h"	"3H*"	"5"	9	11		
""	"38850.2224164"	"2.3352e+01"	AAA	"[24.41943621668346]"	"[24.45134959856946]"	"1s.9g"	"3G"	"5"	"1s.10h"	"3H*"	"4"	11	9		
""	"38850.2533134"	"4.7288e+04"	AAA	"[24.41943621668346]"	"[24.45134957318928]"	"1s.9g"	"3G"	"5"	"1s.10h"	"3H*"	"6"	11	13		
""	"38850.2873554"	"9.7462e+02"	AAA	"[24.41943621668346]"	"[24.45134954522564]"	"1s.9g"	"3G"	"5"	"1s.10h"	"3H*"	"5"	11	11		
""	"38850.2875904"	"4.4953e+04"	AAA	"[24.4194362702203]"	"[24.45134959856946]"	"1s.9g"	"3G"	"3"	"1s.10h"	"3H*"	"4"	7	9		
""	"38850.3086046"	"4.6370e+04"	AAA	"[24.41943630642235]"	"[24.45134961750954]"	"1s.9g"	"1G"	"4"	"1s.10h"	"1H*"	"5"	9	11		
""	"38850.3316617"	"1.109e+03"	AA	"[24.41943630642235]"	"[24.45134959856946]"	"1s.9g"	"1G"	"4"	"1s.10h"	"3H*"	"4"	9	9		
""	"38850.3966011"	"1.055e+01"	AA	"[24.41943630642235]"	"[24.45134954522564]"	"1s.9g"	"1G"	"4"	"1s.10h"	"3H*"	"5"	9	11		
""	"38852.73302820"	"1.300e+00"	AA	"[24.41943893748148]"	"[24.45135025716733]"	"1s.9h"	"3H*"	"5"	"1s.10i"	"1I"	"6"	11	13		
""	"38852.75031586"	"1.0193e+03"	AAA	"[24.41943893748148]"	"[24.45135024296829]"	"1s.9h"	"3H*"	"5"	"1s.10i"	"3I"	"5"	11	11		
""	"38852.77973115"	"8.154e+02"	AA	"[24.41943897584046]"	"[24.45135025716733]"	"1s.9h"	"3H*"	"6"	"1s.10i"	"1I"	"6"	13	13		
""	"38852.79595508"	"5.9396e+04"	AAA	"[24.41943893748148]"	"[24.45135020548303]"	"1s.9h"	"3H*"	"5"	"1s.10i"	"3I"	"6"	11	13		
""	"38852.79701885"	"1.3834e+01"	AAA	"[24.41943897584046]"	"[24.45135024296829]"	"1s.9h"	"3H*"	"6"	"1s.10i"	"3I"	"5"	13	11		
""	"38852.81877798"	"6.0260e+04"	AAA	"[24.41943897584046]"	"[24.45135022509671]"	"1s.9h"	"3H*"	"6"	"1s.10i"	"3I"	"7"	13	15		
""	"38852.83940723"	"5.8268e+04"	AAA	"[24.41943901065559]"	"[24.45135024296829]"	"1s.9h"	"3H*"	"4"	"1s.10i"	"3I"	"5"	9	11		
""	"38852.84265818"	"8.5852e+02"	AAA	"[24.41943897584046]"	"[24.45135020548303]"	"1s.9h"	"3H*"	"6"	"1s.10i"	"3I"	"6"	13	13		
""	"38852.85375197"	"5.9443e+04"	AAA	"[24.41943903663648]"	"[24.45135025716733]"	"1s.9h"	"1H*"	"5"	"1s.10i"	"1I"	"6"	11	13		
""	"38852.87103973"	"5.253e+00"	AA	"[24.41943903663648]"	"[24.45135024296829]"	"1s.9h"	"1H*"	"5"	"1s.10i"	"3I"	"5"	11	11		
""	"38852.91667924"	"9.589e+02"	AA	"[24.41943903663648]"	"[24.45135020548303]"	"1s.9h"	"1H*"	"5"	"1s.10i"	"3I"	"6"	11	13		
""	"38854.27792437"	"6.2371e+00"	AAA	"[24.41944017424606]"	"[24.45135022509671]"	"1s.9k"	"3K*"	"7"	"1s.10i"	"3I"	"7"	15	15		
""	"38854.28528801"	"6.858e+00"	AA	"[24.41944021236425]"	"[24.45135025716733]"	"1s.9k"	"3K*"	"6"	"1s.10i"	"1I"	"6"	13	13		
""	"38854.30180637"	"6.8264e+02"	AAA	"[24.41944017424606]"	"[24.45135020548303]"	"1s.9k"	"3K*"	"7"	"1s.10i"	"3I"	"6"	15	13		
""	"38854.30214936"	"6.7761e+02"	AAA	"[24.41944019414143]"	"[24.45135022509671]"	"1s.9k"	"3K*"	"8"	"1s.10i"	"3I"	"7"	17	15		
""	"38854.30257705"	"6.8987e+02"	AAA	"[24.41944021236425]"	"[24.45135024296829]"	"1s.9k"	"3K*"	"6"	"1s.10i"	"3I"	"5"	13	11		
""	"38854.30366113"	"6.8298e+02"	AAA	"[24.41944022745362]"	"[24.45135025716733]"	"1s.9k"	"1K*"	"7"	"1s.10i"	"1I"	"6"	15	13		
""	"38854.32433786"	"6.2573e-02"	AAA	"[24.41944021236425]"	"[24.45135022509671]"	"1s.9k"	"3K*"	"6"	"1s.10i"	"3I"	"7"	13	15		
""	"38854.34271101"	"5.965e+00"	AA	"[24.41944022745362]"	"[24.45135022509671]"	"1s.9k"	"1K*"	"7"	"1s.10i"	"3I"	"7"	15	15		
""	"38854.34821991"	"7.2210e+00"	AAA	"[24.41944021236425]"	"[24.45135020548303]"	"1s.9k"	"3K*"	"6"	"1s.10i"	"3I"	"6"	13	13		
""	"38854.65023450"	"1.7685e+01"	AAA	"[24.41943982810474]"	"[24.45134957318928]"	"1s.9i"	"3I"	"6"	"1s.10h"	"3H*"	"6"	13	13		
""	"38854.65887956"	"1.975e+01"	AA	"[24.41943987952483]"	"[24.45134961750954]"	"1s.9i"	"3I"	"5"	"1s.10h"	"1H*"	"5"	11	11		
""	"38854.68194181"	"1.4670e+03"	AAA	"[24.41943987952483]"	"[24.45134959856946]"	"1s.9i"	"3I"	"5"	"1s.10h"	"3H*"	"4"	11	9		
""	"38854.68259596"	"1.4472e+03"	AAA	"[24.41943989900212]"	"[24.45134961750954]"	"1s.9i"	"1I"	"6"	"1s.10h"	"1H*"	"5"	13	11		
""	"38854.68299482"	"1.4323e+03"	AAA	"[24.41943985500943]"	"[24.45134957318928]"	"1s.9i"	"3I"	"7"	"1s.10h"	"3H*"	"6"	15	13		
""	"38854.68428424"	"1.4460e+03"	AAA	"[24.41943982810474]"	"[24.45134954522564]"	"1s.9i"	"3I"	"6"	"1s.10h"	"3H*"	"5"	13	11		
""	"38854.71284587"	"2.4113e-01"	AAA	"[24.41943987952483]"	"[24.45134957318928]"	"1s.9i"	"3I"	"5"	"1s.10h"	"3H*"	"6"	11	13		
""	"38854.73656234"	"1.680e+01"	AA	"[24.41943989900212]"	"[24.45134957318928]"	"1s.9i"	"1I"	"6"	"1s.10h"	"3H*"	"6"	13	13		
""	"38854.74689572"	"2.0997e+01"	AAA	"[24.41943987952483]"	"[24.45134954522564]"	"1s.9i"	"3I"	"5"	"1s.10h"	"3H*"	"5"	11	11		
""	"38856.04324965"	"4.4284e+01"	AAA	"[24.41943893748148]"	"[24.45134753858031]"	"1s.9h"	"3H*"	"5"	"1s.10g"	"3G"	"5"	11	11		
""	"38856.05267679"	"5.039e+01"	AA	"[24.41943901065559]"	"[24.45134760401285]"	"1s.9h"	"3H*"	"4"	"1s.10g"	"1G"	"4"	9	9		
""	"38856.08431452"	"2.5751e+03"	AAA	"[24.41943903663648]"	"[24.45134760401285]"	"1s.9h"	"1H*"	"5"	"1s.10g"	"1G"	"4"	11	9		
""	"38856.08483117"	"2.6261e+03"	AAA	"[24.41943901065559]"	"[24.45134757760769]"	"1s.9h"	"3H*"	"4"	"1s.10g"	"3G"	"3"	9	7		
""	"38856.08996056"	"2.5393e+03"	AAA	"[24.41943897584046]"	"[24.45134753858031]"	"1s.9h"	"3H*"	"6"	"1s.10g"	"3G"	"5"	13	11		
""	"38856.09538978"	"2.5714e+03"	AAA	"[24.41943893748148]"	"[24.45134749576287]"	"1s.9h"	"3H*"	"5"	"1s.10g"	"3G"	"4"	11	9		
""	"38856.13235612"	"8.6813e-01"	AAA	"[24.41943901065559]"	"[24.45134753858031]"	"1s.9h"	"3H*"	"4"	"1s.10g"	"3G"	"5"	9	11		
""	"38856.16399398"	"4.166e+01"	AA	"[24.41943903663648]"	"[24.45134753858031]"	"1s.9h"	"1H*"	"5"	"1s.10g"	"3G"	"5"	11	11		
""	"38856.18449649"	"5.4650e+01"	AAA	"[24.41943901065559]"	"[24.45134749576287]"	"1s.9h"	"3H*"	"4"	"1s.10g"	"3G"	"4"	9	9		
""	"38862.7394882"	"3.436e+02"	AA	"[24.4194361579319]"	"[24.4513392610240]"	"1s.9g"	"3G"	"4"	"1s.10f"	"1F*"	"3"	9	7		
""	"38862.8762727"	"5.945e+01"	AA	"[24.4194362702203]"	"[24.4513392610240]"	"1s.9g"	"3G"	"3"	"1s.10f"	"1F*"	"3"	7	7		
""	"38862.9203725"	"3.8947e+03"	AAA	"[24.41943630642235]"	"[24.4513392610240]"	"1s.9g"	"1G"	"4"	"1s.10f"	"1F*"	"3"	9	7		
""	"38862.9585611"	"1.0867e+02"	AAA	"[24.4194361579319]"	"[24.4513390811842]"	"1s.9g"	"3G"	"4"	"1s.10f"	"3F*"	"4"	9	9		
""	"38863.0029729"	"3.8144e+03"	AAA	"[24.4194361579319]"	"[24.4513390447263]"	"1s.9g"	"3G"	"4"	"1s.10f"	"3F*"	"3"	9	7		
""	"38863.0121477"	"4.2978e+03"	AAA	"[24.4194362702203]"	"[24.4513391494830]"	"1s.9g"	"3G"	"3"	"1s.10f"	"3F*"	"2"	7	5		
""	"38863.0301302"	"4.0856e+03"	AAA	"[24.41943621668346]"	"[24.4513390811842]"	"1s.9g"	"3G"	"5"	"1s.10f"	"3F*"	"4"	11	9		
""	"38863.0953472"	"3.3162e+00"	AAA	"[24.4194362702203]"	"[24.4513390811842]"	"1s.9g"	"3G"	"3"	"1s.10f"	"3F*"	"4"	7	9		
""	"38863.1394475"	"1.003e+02"	AA	"[24.41943630642235]"	"[24.4513390811842]"	"1s.9g"	"1G"	"4"	"1s.10f"	"3F*"	"4"	9	9		
""	"38863.1397592"	"2.0916e+02"	AAA	"[24.4194362702203]"	"[24.4513390447263]"	"1s.9g"	"3G"	"3"	"1s.10f"	"3F*"	"3"	7	7		
""	"38863.1838597"	"2.742e+02"	AA	"[24.41943630642235]"	"[24.4513390447263]"	"1s.9g"	"1G"	"4"	"1s.10f"	"3F*"	"3"	9	7		
""	"38903.767436"	"1.497e+03"	AA	"[24.4194246464065]"	"[24.4512941044573]"	"1s.9f"	"3F*"	"3"	"1s.10d"	"1D"	"2"	7	5		
""	"38904.126231"	"5.2950e+03"	AAA	"[24.4194249403235]"	"[24.4512941044573]"	"1s.9f"	"1F*"	"3"	"1s.10d"	"1D"	"2"	7	5		
""	"38928.540378"	"6.8353e+03"	AAA	"[24.4194247912483]"	"[24.451273968544]"	"1s.9f"	"3F*"	"2"	"1s.10d"	"3D"	"1"	5	3		
""	"38928.541910"	"4.7418e+03"	AAA	"[24.4194246464065]"	"[24.451273822448]"	"1s.9f"	"3F*"	"3"	"1s.10d"	"3D"	"2"	7	5		
""	"38928.554617"	"4.1917e+02"	AAA	"[24.4194246464065]"	"[24.451273812052]"	"1s.9f"	"3F*"	"3"	"1s.10d"	"3D"	"3"	7	7		
""	"38928.617134"	"6.2773e+03"	AAA	"[24.4194246975540]"	"[24.451273812052]"	"1s.9f"	"3F*"	"4"	"1s.10d"	"3D"	"3"	9	7		
""	"38928.718948"	"7.5942e+02"	AAA	"[24.4194247912483]"	"[24.451273822448]"	"1s.9f"	"3F*"	"2"	"1s.10d"	"3D"	"2"	5	5		
""	"38928.731655"	"1.5499e+01"	AAA	"[24.4194247912483]"	"[24.451273812052]"	"1s.9f"	"3F*"	"2"	"1s.10d"	"3D"	"3"	5	7		
""	"38928.901162"	"1.334e+03"	AA	"[24.4194249403235]"	"[24.451273822448]"	"1s.9f"	"1F*"	"3"	"1s.10d"	"3D"	"2"	7	5		
""	"38928.913869"	"1.233e+02"	AA	"[24.4194249403235]"	"[24.451273812052]"	"1s.9f"	"1F*"	"3"	"1s.10d"	"3D"	"3"	7	7		
""	"38962.4177"	"2.6979e+04"	AAA	"[24.1689982232]"	"[24.20081970804]"	"1s.6s"	"3S"	"1"	"1s.6p"	"3P*"	"0"	3	1		
""	"38967.2340"	"2.6979e+04"	AAA	"[24.1689982232]"	"[24.20081577498]"	"1s.6s"	"3S"	"1"	"1s.6p"	"3P*"	"1"	3	3		
""	"38967.6265"	"2.6979e+04"	AAA	"[24.1689982232]"	"[24.20081545451]"	"1s.6s"	"3S"	"1"	"1s.6p"	"3P*"	"2"	3	5		
""	"39249.8862"	"4.4978e-05"	AAA	"[24.0112149898]"	"[24.042803412125]"	"1s.5s"	"1S"	"0"	"1s.5d"	"1D"	"2"	1	5	E2	
""	"39479.39085"	"2.1278e+04"	AAA	"[24.419889314325]"	"[24.4512941044573]"	"1s.9p"	"1P*"	"1"	"1s.10d"	"1D"	"2"	3	5		
""	"39504.90412"	"1.583e+00"	AA	"[24.419889314325]"	"[24.451273822448]"	"1s.9p"	"1P*"	"1"	"1s.10d"	"3D"	"2"	3	5		
""	"41133.35165"	"1.6240e+04"	AAA	"[24.419335779720]"	"[24.44947779185]"	"1s.9d"	"3D"	"1"	"1s.10p"	"3P*"	"0"	3	1		
""	"41134.21394"	"1.2179e+04"	AAA	"[24.419335579246]"	"[24.44947695951]"	"1s.9d"	"3D"	"2"	"1s.10p"	"3P*"	"1"	5	3		
""	"41134.28695"	"1.3642e+04"	AAA	"[24.419335565023]"	"[24.44947689179]"	"1s.9d"	"3D"	"3"	"1s.10p"	"3P*"	"2"	7	5		
""	"41134.30636"	"2.4359e+03"	AAA	"[24.419335579246]"	"[24.44947689179]"	"1s.9d"	"3D"	"2"	"1s.10p"	"3P*"	"2"	5	5		
""	"41134.48753"	"4.0601e+03"	AAA	"[24.419335779720]"	"[24.44947695951]"	"1s.9d"	"3D"	"1"	"1s.10p"	"3P*"	"1"	3	3		
""	"41134.57995"	"1.6240e+02"	AAA	"[24.419335779720]"	"[24.44947689179]"	"1s.9d"	"3D"	"1"	"1s.10p"	"3P*"	"2"	3	5		
""	"43963.8341"	"1.1539e+02"	AAA	"[23.7078912279]"	"[23.73609263507]"	"1s.4p"	"3P*"	"2"	"1s.4d"	"3D"	"1"	5	3		
""	"43965.5730"	"1.7308e+03"	AAA	"[23.7078923433]"	"[23.73609263507]"	"1s.4p"	"3P*"	"1"	"1s.4d"	"3D"	"1"	3	3		
""	"43967.4138"	"1.0383e+03"	AAA	"[23.7078912279]"	"[23.73609033897]"	"1s.4p"	"3P*"	"2"	"1s.4d"	"3D"	"2"	5	5		
""	"43967.6460"	"4.1539e+03"	AAA	"[23.7078912279]"	"[23.73609019010]"	"1s.4p"	"3P*"	"2"	"1s.4d"	"3D"	"3"	5	7		
""	"43969.1530"	"3.1150e+03"	AAA	"[23.7078923433]"	"[23.73609033897]"	"1s.4p"	"3P*"	"1"	"1s.4d"	"3D"	"2"	3	5		
""	"43986.9091"	"2.3077e+03"	AAA	"[23.7079060221]"	"[23.73609263507]"	"1s.4p"	"3P*"	"0"	"1s.4d"	"3D"	"1"	1	3		
""	"44969.54266"	"4.4230e+04"	AAA	"[24.419889314325]"	"[24.44746001910]"	"1s.9p"	"1P*"	"1"	"1s.10s"	"1S"	"0"	3	1		
""	"47426.9473"	"1.693e-03"	AA	"[24.2845660369]"	"[24.31070817873]"	"1s.7s"	"3S"	"1"	"1s.7p"	"1P*"	"1"	3	3		
""	"47641.3166"	"6.0444e+03"	AAA	"[24.41686888593]"	"[24.44289339729]"	"1s.9p"	"3P*"	"2"	"1s.10s"	"3S"	"1"	5	3		
""	"47641.4872"	"1.8133e+04"	AAA	"[24.41686897915]"	"[24.44289339729]"	"1s.9p"	"3P*"	"1"	"1s.10s"	"3S"	"1"	3	3		
""	"47643.5841"	"3.0222e+04"	AAA	"[24.41687012452]"	"[24.44289339729]"	"1s.9p"	"3P*"	"0"	"1s.10s"	"3S"	"1"	1	3		
""	"62484.471"	"7.4321e+03"	AAA	"[24.1911602752]"	"[24.21100267716]"	"1s.6s"	"1S"	"0"	"1s.6p"	"1P*"	"1"	1	3		
""	"62853.7532"	"1.2105e+04"	AAA	"[24.2845660369]"	"[24.30429185947]"	"1s.7s"	"3S"	"1"	"1s.7p"	"3P*"	"0"	3	1		
""	"62861.5857"	"1.2105e+04"	AAA	"[24.2845660369]"	"[24.30428940164]"	"1s.7s"	"3S"	"1"	"1s.7p"	"3P*"	"1"	3	3		
""	"62862.2237"	"1.2105e+04"	AAA	"[24.2845660369]"	"[24.30428920147]"	"1s.7s"	"3S"	"1"	"1s.7p"	"3P*"	"2"	3	5		
""	"68539.246"	"1.2803e-05"	AAA	"[24.1911602752]"	"[24.209249793955]"	"1s.6s"	"1S"	"0"	"1s.6d"	"1D"	"2"	1	5	E2	
""	"85870.9685"	"4.2152e+01"	AAA	"[24.0282250640]"	"[24.042663494166]"	"1s.5p"	"3P*"	"2"	"1s.5d"	"3D"	"1"	5	3		
""	"85874.3019"	"6.3228e+02"	AAA	"[24.0282256244]"	"[24.042663494166]"	"1s.5p"	"3P*"	"1"	"1s.5d"	"3D"	"1"	3	3		
""	"85877.9432"	"3.7933e+02"	AAA	"[24.0282250640]"	"[24.042662321526]"	"1s.5p"	"3P*"	"2"	"1s.5d"	"3D"	"2"	5	5		
""	"85878.4157"	"1.5175e+03"	AAA	"[24.0282250640]"	"[24.042662242088]"	"1s.5p"	"3P*"	"2"	"1s.5d"	"3D"	"3"	5	7		
""	"85881.2772"	"1.1380e+03"	AAA	"[24.0282256244]"	"[24.042662321526]"	"1s.5p"	"3P*"	"1"	"1s.5d"	"3D"	"2"	3	5		
""	"85915.2100"	"8.4304e+02"	AAA	"[24.0282324989]"	"[24.042663494166]"	"1s.5p"	"3P*"	"0"	"1s.5d"	"3D"	"1"	1	3		
""	"92750.408"	"3.986e-02"	AA	"[23.07365101981]"	"[23.08701852960]"	"1s.3d"	"3D"	"2"	"1s.3p"	"1P*"	"1"	5	3		
""	"92788.445"	"2.833e-06"	AA	"[23.07365649967]"	"[23.08701852960]"	"1s.3d"	"3D"	"1"	"1s.3p"	"1P*"	"1"	3	3		
""	"94908.812"	"6.0678e+03"	AAA	"[24.3581041440]"	"[24.37116765163]"	"1s.8s"	"3S"	"1"	"1s.8p"	"3P*"	"0"	3	1		
""	"94920.711"	"6.0678e+03"	AAA	"[24.3581041440]"	"[24.37116601407]"	"1s.8s"	"3S"	"1"	"1s.8p"	"3P*"	"1"	3	3		
""	"94921.679"	"6.0678e+03"	AAA	"[24.3581041440]"	"[24.37116588077]"	"1s.8s"	"3S"	"1"	"1s.8p"	"3P*"	"2"	3	5		
""	"95787.057"	"1.5281e+02"	AAA	"[23.07407479777]"	"[23.08701852960]"	"1s.3d"	"1D"	"2"	"1s.3p"	"1P*"	"1"	5	3		
""	"99807.981"	"3.4044e+03"	AAA	"[24.2982859057]"	"[24.31070817873]"	"1s.7s"	"1S"	"0"	"1s.7p"	"1P*"	"1"	1	3		
