obs_wl_vac(nm)	ritz_wl_vac(nm)	Aki(s^-1)	Acc	Ei(eV)	Ek(eV)	conf_i	term_i	J_i	conf_k	term_k	J_k	g_i	g_k	Type	
"94.518746"	"94.518745"	"3.8e+08"	C+	"0.0000000000"	"13.1174190"	"2s2.2p2"	"3P"	"0"	"2s.2p3"	"3S*"	"1"	1	3		
"94.533418"	"94.533414"	"1.14e+09"	C+	"0.0020354130"	"13.1174190"	"2s2.2p2"	"3P"	"1"	"2s.2p3"	"3S*"	"1"	3	3		
"94.557546"	"94.557546"	"1.9e+09"	C+	"0.0053825826"	"13.1174190"	"2s2.2p2"	"3P"	"2"	"2s.2p3"	"3S*"	"1"	5	3		
"110.3860"	"110.3861"	"2.5e+05"	E	"0.0053825826"	"11.23725"	"2s2.2p2"	"3P"	"2"	"2s2.2p.(2P*<3/2>).21d"	"2[7/2]*"	"3"	5	7		
"110.4160"	"110.4165"	"2.6e+05"	E	"0.0053825826"	"11.23416"	"2s2.2p2"	"3P"	"2"	"2s2.2p.(2P*<3/2>).20d"	"2[7/2]*"	"3"	5	7		
"110.4220"	"110.422"	"1.1e+06"	E	"0.0053825826"	"11.2336"	"2s2.2p2"	"3P"	"2"	"2s2.2p.(2P*<3/2>).20d"	"2[5/2]*"	"3"	5	7		
"110.4550"	"110.45421"	"2.3e+05"	E	"0.0053825826"	"11.230324"	"2s2.2p2"	"3P"	"2"	"2s2.2p.(2P*<3/2>).19d"	"2[7/2]*"	"3"	5	7		
"110.4590"	"110.459"	"1.3e+06"	E	"0.0053825826"	"11.2298"	"2s2.2p2"	"3P"	"2"	"2s2.2p.(2P*<3/2>).19d"	"2[5/2]*"	"3"	5	7		
"110.4975"	"110.4975"	"1.7e+06"	E	"0.0053825826"	"11.22593"	"2s2.2p2"	"3P"	"2"	"2s2.2p.(2P*<3/2>).18d"	"2[5/2]*"	"3"	5	7		
"110.5466"	"110.5466"	"1.7e+06"	E	"0.0053825826"	"11.22094"	"2s2.2p2"	"3P"	"2"	"2s2.2p.(2P*<3/2>).17d"	"2[5/2]*"	"3"	5	7		
"110.5470"	"110.54695"	"6.e+05"	E	"0.0053825826"	"11.220907"	"2s2.2p2"	"3P"	"2"	"2s2.2p.(2P*<3/2>).17d"	"2[7/2]*"	"3"	5	7		
"110.6077"	"110.6077"	"2.2e+06"	E	"0.0053825826"	"11.21474"	"2s2.2p2"	"3P"	"2"	"2s2.2p.(2P*<3/2>).16d"	"2[5/2]*"	"3"	5	7		
"110.6290"	"110.62570"	"7.e+05"	E	"0.0053825826"	"11.212923"	"2s2.2p2"	"3P"	"2"	"2s2.2p.(2P*<1/2>).17d"	"2[5/2]*"	"3"	5	7		
"110.6446"	"110.645"	"5.e+05"	E	"0.0020354130"	"11.2077"	"2s2.2p2"	"3P"	"1"	"2s2.2p.(2P*<3/2>).15d"	"2[1/2]*"	"1"	3	3		
"110.6446"	"110.645"	"4.e+06"	E	"0.0020354130"	"11.2077"	"2s2.2p2"	"3P"	"1"	"2s2.2p.(2P*<3/2>).15d"	"2[1/2]*"	"0"	3	1		
"110.6516"	"110.6503"	"2.0e+06"	E	"0.0020354130"	"11.20708"	"2s2.2p2"	"3P"	"1"	"2s2.2p.(2P*<1/2>).16d"	"2[3/2]*"	"2"	3	5		
"110.6802"	"110.6802"	"3.0e+06"	E	"0.0053825826"	"11.20740"	"2s2.2p2"	"3P"	"2"	"2s2.2p.(2P*<3/2>).15d"	"2[5/2]*"	"3"	5	7		
"110.7252"	"110.7218"	"1.5e+06"	E	"0.0020354130"	"11.19985"	"2s2.2p2"	"3P"	"1"	"2s2.2p.(2P*<1/2>).15d"	"2[3/2]*"	"2"	3	5		
"110.7320"	"110.731"	"9.e+05"	E	"0.0020354130"	"11.1989"	"2s2.2p2"	"3P"	"1"	"2s2.2p.(2P*<3/2>).14d"	"2[1/2]*"	"1"	3	3		
"110.7320"	"110.731"	"2.7e+06"	E	"0.0020354130"	"11.1989"	"2s2.2p2"	"3P"	"1"	"2s2.2p.(2P*<3/2>).14d"	"2[1/2]*"	"0"	3	1		
"110.7633"	"110.75882"	"2.6e+05"	E	"0.0053825826"	"11.199453"	"2s2.2p2"	"3P"	"2"	"2s2.2p.(2P*<1/2>).15d"	"2[5/2]*"	"3"	5	7		
"110.7700"	"110.76988"	"3.3e+06"	E	"0.0053825826"	"11.198335"	"2s2.2p2"	"3P"	"2"	"2s2.2p.(2P*<3/2>).14d"	"2[7/2]*"	"3"	5	7		
"110.7731"	"110.7731"	"2.3e+06"	E	"0.0053825826"	"11.19800"	"2s2.2p2"	"3P"	"2"	"2s2.2p.(2P*<3/2>).14d"	"2[5/2]*"	"3"	5	7		
"110.7941"	"110.79213"	"3.4e+06"	E	"0.0000000000"	"11.19070"	"2s2.2p2"	"3P"	"0"	"2s2.2p.(2P*<1/2>).14d"	"2[3/2]*"	"1"	1	3		
"110.8170"	"110.8172"	"5.e+06"	E	"0.0020354130"	"11.19021"	"2s2.2p2"	"3P"	"1"	"2s2.2p.(2P*<1/2>).14d"	"2[3/2]*"	"2"	3	5		
"110.8483"	"110.848"	"4.e+06"	E	"0.0020354130"	"11.1871"	"2s2.2p2"	"3P"	"1"	"2s2.2p.(2P*<3/2>).13d"	"2[1/2]*"	"1"	3	3		
"110.8483"	"110.848"	"1.2e+07"	E	"0.0020354130"	"11.1871"	"2s2.2p2"	"3P"	"1"	"2s2.2p.(2P*<3/2>).13d"	"2[1/2]*"	"0"	3	1		
"110.8483"	"110.84856"	"1.3e+06"	E	"0.0053825826"	"11.190390"	"2s2.2p2"	"3P"	"2"	"2s2.2p.(2P*<1/2>).14d"	"2[5/2]*"	"3"	5	7		
"110.8800"	"110.88021"	"2.9e+06"	E	"0.0053825826"	"11.187197"	"2s2.2p2"	"3P"	"2"	"2s2.2p.(2P*<3/2>).13d"	"2[7/2]*"	"3"	5	7		
"110.8828"	"110.8828"	"9.e+06"	E	"0.0053825826"	"11.18693"	"2s2.2p2"	"3P"	"2"	"2s2.2p.(2P*<3/2>).13d"	"2[5/2]*"	"3"	5	7		
"110.9043"	"110.90408"	"6.e+06"	E	"0.0000000000"	"11.179408"	"2s2.2p2"	"3P"	"0"	"2s2.2p.(2P*<1/2>).13d"	"2[3/2]*"	"1"	1	3		
"110.9262"	"110.9263"	"1.0e+07"	E	"0.0020354130"	"11.17921"	"2s2.2p2"	"3P"	"1"	"2s2.2p.(2P*<1/2>).13d"	"2[3/2]*"	"2"	3	5		
"110.9639"	"110.9605"	"3.6e+06"	E	"0.0053825826"	"11.17911"	"2s2.2p2"	"3P"	"2"	"2s2.2p.(2P*<1/2>).13d"	"2[5/2]*"	"3"	5	7		
"110.9858"	"110.9852"	"2.4e+06"	E	"0.0020354130"	"11.17327"	"2s2.2p2"	"3P"	"1"	"2s2.2p.(2P*<3/2>).12d"	"2[1/2]*"	"1"	3	3		
"110.9858"	"110.986"	"7.e+06"	E	"0.0020354130"	"11.1732"	"2s2.2p2"	"3P"	"1"	"2s2.2p.(2P*<3/2>).12d"	"2[1/2]*"	"0"	3	1		
"111.0182"	"111.0185"	"3.2e+06"	E	"0.0053825826"	"11.17327"	"2s2.2p2"	"3P"	"2"	"2s2.2p.(2P*<3/2>).12d"	"2[3/2]*"	"2"	5	5		
"111.0182"	"111.0185"	"2.3e+06"	E	"0.0053825826"	"11.17327"	"2s2.2p2"	"3P"	"2"	"2s2.2p.(2P*<3/2>).12d"	"2[1/2]*"	"1"	5	3		
"111.0190"	"111.0197"	"1.6e+06"	E	"0.0053825826"	"11.17315"	"2s2.2p2"	"3P"	"2"	"2s2.2p.(2P*<3/2>).12d"	"2[7/2]*"	"3"	5	7		
"111.0228"	"111.0240"	"6.e+06"	E	"0.0053825826"	"11.17271"	"2s2.2p2"	"3P"	"2"	"2s2.2p.(2P*<3/2>).12d"	"2[5/2]*"	"3"	5	7		
"111.0410"	"111.04402"	"5.e+06"	E	"0.0000000000"	"11.165320"	"2s2.2p2"	"3P"	"0"	"2s2.2p.(2P*<1/2>).12d"	"2[3/2]*"	"1"	1	3		
"111.0677"	"111.0677"	"7.e+06"	E	"0.0020354130"	"11.16498"	"2s2.2p2"	"3P"	"1"	"2s2.2p.(2P*<1/2>).12d"	"2[3/2]*"	"2"	3	5		
"111.1012"	"111.10109"	"2.2e+06"	E	"0.0053825826"	"11.164967"	"2s2.2p2"	"3P"	"2"	"2s2.2p.(2P*<1/2>).12d"	"2[5/2]*"	"3"	5	7		
"111.1612"	"111.161"	"9.e+06"	E	"0.0020354130"	"11.1556"	"2s2.2p2"	"3P"	"1"	"2s2.2p.(2P*<3/2>).11d"	"2[1/2]*"	"0"	3	1		
"111.1612"	"111.1612"	"2.8e+06"	E	"0.0020354130"	"11.15559"	"2s2.2p2"	"3P"	"1"	"2s2.2p.(2P*<3/2>).11d"	"2[1/2]*"	"1"	3	3		
"111.1727"	"111.17254"	"2.2e+06"	E	"0.0020354130"	"11.154448"	"2s2.2p2"	"3P"	"1"	"2s2.2p.(2P*<3/2>).11d"	"2[5/2]*"	"2"	3	5		
"111.190"	"111.194"	"5.e+06"	E	"0.0053825826"	"11.1556"	"2s2.2p2"	"3P"	"2"	"2s2.2p.(2P*<3/2>).11d"	"2[3/2]*"	"2"	5	5		
"111.190"	"111.1945"	"2.7e+06"	E	"0.0053825826"	"11.15559"	"2s2.2p2"	"3P"	"2"	"2s2.2p.(2P*<3/2>).11d"	"2[1/2]*"	"1"	5	3		
"111.1990"	"111.20010"	"1.7e+06"	E	"0.0053825826"	"11.155031"	"2s2.2p2"	"3P"	"2"	"2s2.2p.(2P*<3/2>).11d"	"2[7/2]*"	"3"	5	7		
"111.2020"	"111.202"	"7.e+06"	E	"0.0053825826"	"11.1549"	"2s2.2p2"	"3P"	"2"	"2s2.2p.(2P*<3/2>).11d"	"2[5/2]*"	"3"	5	7		
"111.2265"	"111.2267"	"6.e+06"	E	"0.0000000000"	"11.14699"	"2s2.2p2"	"3P"	"0"	"2s2.2p.(2P*<1/2>).11d"	"2[3/2]*"	"1"	1	3		
"111.2484"	"111.2483"	"8.e+06"	E	"0.0020354130"	"11.14685"	"2s2.2p2"	"3P"	"1"	"2s2.2p.(2P*<1/2>).11d"	"2[3/2]*"	"2"	3	5		
"111.2825"	"111.28219"	"2.6e+06"	E	"0.0053825826"	"11.146806"	"2s2.2p2"	"3P"	"2"	"2s2.2p.(2P*<1/2>).11d"	"2[5/2]*"	"3"	5	7		
"111.2939"	"111.2939"	"5.e+05"	E	"0.0053825826"	"11.14563"	"2s2.2p2"	"3P"	"2"	"2s2.2p.(2P*<1/2>).11d"	"2[5/2]*"	"2"	5	5		
"111.3967"	"111.397"	"1.1e+07"	E	"0.0020354130"	"11.1320"	"2s2.2p2"	"3P"	"1"	"2s2.2p.(2P*<3/2>).10d"	"2[1/2]*"	"0"	3	1		
"111.3967"	"111.3995"	"3.4e+06"	E	"0.0020354130"	"11.13172"	"2s2.2p2"	"3P"	"1"	"2s2.2p.(2P*<3/2>).10d"	"2[1/2]*"	"1"	3	3		
"111.4130"	"111.41258"	"3.3e+06"	E	"0.0020354130"	"11.130420"	"2s2.2p2"	"3P"	"1"	"2s2.2p.(2P*<3/2>).10d"	"2[5/2]*"	"2"	3	5		
"111.4338"	"111.4325"	"4.e+06"	E	"0.0053825826"	"11.13177"	"2s2.2p2"	"3P"	"2"	"2s2.2p.(2P*<3/2>).10d"	"2[3/2]*"	"2"	5	5		
"111.4338"	"111.4330"	"3.3e+06"	E	"0.0053825826"	"11.13172"	"2s2.2p2"	"3P"	"2"	"2s2.2p.(2P*<3/2>).10d"	"2[1/2]*"	"1"	5	3		
"111.4390"	"111.4384"	"1.9e+06"	E	"0.0053825826"	"11.13119"	"2s2.2p2"	"3P"	"2"	"2s2.2p.(2P*<3/2>).10d"	"2[7/2]*"	"3"	5	7		
"111.4458"	"111.4457"	"9.e+06"	E	"0.0053825826"	"11.13046"	"2s2.2p2"	"3P"	"2"	"2s2.2p.(2P*<3/2>).10d"	"2[5/2]*"	"3"	5	7		
"111.4631"	"111.46243"	"8.e+06"	E	"0.0000000000"	"11.123407"	"2s2.2p2"	"3P"	"0"	"2s2.2p.(2P*<1/2>).10d"	"2[3/2]*"	"1"	1	3		
"111.4882"	"111.4867"	"9.e+06"	E	"0.0020354130"	"11.12302"	"2s2.2p2"	"3P"	"1"	"2s2.2p.(2P*<1/2>).10d"	"2[3/2]*"	"2"	3	5		
"111.5231"	"111.52252"	"3.3e+06"	E	"0.0053825826"	"11.122796"	"2s2.2p2"	"3P"	"2"	"2s2.2p.(2P*<1/2>).10d"	"2[5/2]*"	"3"	5	7		
"111.5393"	"111.5392"	"6.e+05"	E	"0.0053825826"	"11.12113"	"2s2.2p2"	"3P"	"2"	"2s2.2p.(2P*<1/2>).10d"	"2[5/2]*"	"2"	5	5		
"111.7158"	"111.7158"	"1.4e+07"	E	"0.0020354130"	"11.10022"	"2s2.2p2"	"3P"	"1"	"2s2.2p.(2P*<3/2>).9d"	"2[1/2]*"	"0"	3	1		
"111.7158"	"111.7185"	"4.e+06"	E	"0.0020354130"	"11.09995"	"2s2.2p2"	"3P"	"1"	"2s2.2p.(2P*<3/2>).9d"	"2[1/2]*"	"1"	3	3		
"111.7346"	"111.73928"	"5.e+06"	E	"0.0020354130"	"11.097883"	"2s2.2p2"	"3P"	"1"	"2s2.2p.(2P*<3/2>).9d"	"2[5/2]*"	"2"	3	5		
"111.7524"	"111.7522"	"5.e+06"	E	"0.0053825826"	"11.09995"	"2s2.2p2"	"3P"	"2"	"2s2.2p.(2P*<3/2>).9d"	"2[1/2]*"	"1"	5	3		
"111.7597"	"111.7568"	"7.e+06"	E	"0.0053825826"	"11.09949"	"2s2.2p2"	"3P"	"2"	"2s2.2p.(2P*<3/2>).9d"	"2[3/2]*"	"2"	5	5		
"111.7597"	"111.76214"	"2.3e+06"	E	"0.0053825826"	"11.098960"	"2s2.2p2"	"3P"	"2"	"2s2.2p.(2P*<3/2>).9d"	"2[7/2]*"	"3"	5	7		
"111.7701"	"111.7693"	"1.2e+07"	E	"0.0053825826"	"11.09825"	"2s2.2p2"	"3P"	"2"	"2s2.2p.(2P*<3/2>).9d"	"2[5/2]*"	"3"	5	7		
"111.7874"	"111.78661"	"1.1e+07"	E	"0.0000000000"	"11.091149"	"2s2.2p2"	"3P"	"0"	"2s2.2p.(2P*<1/2>).9d"	"2[3/2]*"	"1"	1	3		
"111.8166"	"111.8166"	"1.2e+07"	E	"0.0020354130"	"11.09021"	"2s2.2p2"	"3P"	"1"	"2s2.2p.(2P*<1/2>).9d"	"2[3/2]*"	"2"	3	5		
"111.8500"	"111.84916"	"4.e+06"	E	"0.0053825826"	"11.090330"	"2s2.2p2"	"3P"	"2"	"2s2.2p.(2P*<1/2>).9d"	"2[5/2]*"	"3"	5	7		
"111.8735"	"111.87174"	"7.e+05"	E	"0.0053825826"	"11.088092"	"2s2.2p2"	"3P"	"2"	"2s2.2p.(2P*<1/2>).9d"	"2[5/2]*"	"2"	5	5		
"112.1487"	"112.14533"	"1.5e+06"	C+	"0.0000000000"	"11.055672"	"2s2.2p2"	"3P"	"0"	"2s2.2p.(2P*<3/2>).8d"	"2[1/2]*"	"1"	1	3		
"112.1487"	"112.15196"	"1.7e+06"	C+	"0.0000000000"	"11.055019"	"2s2.2p2"	"3P"	"0"	"2s2.2p.(2P*<3/2>).8d"	"2[3/2]*"	"1"	1	3		
"112.1670"	"112.16598"	"3.5e+06"	C+	"0.0020354130"	"11.055672"	"2s2.2p2"	"3P"	"1"	"2s2.2p.(2P*<3/2>).8d"	"2[1/2]*"	"1"	3	3		
"112.1670"	"112.1670"	"1.10e+07"	C+	"0.0020354130"	"11.05557"	"2s2.2p2"	"3P"	"1"	"2s2.2p.(2P*<3/2>).8d"	"2[1/2]*"	"0"	3	1		
"112.170"	"112.17132"	"4.0e+05"	C	"0.0000000000"	"11.053111"	"2s2.2p2"	"3P"	"0"	"2s2.2p.(2P*<3/2>).9s"	"2[3/2]*"	"1"	1	3		
"112.170"	"112.1753"	"4.3e+05"	C	"0.0020354130"	"11.05475"	"2s2.2p2"	"3P"	"1"	"2s2.2p.(2P*<3/2>).8d"	"2[3/2]*"	"2"	3	5		
""	"112.17261"	"8.1e+05"	C	"0.0020354130"	"11.055019"	"2s2.2p2"	"3P"	"1"	"2s2.2p.(2P*<3/2>).8d"	"2[3/2]*"	"1"	3	3		
"112.1931"	"112.19198"	"3.6e+06"	C+	"0.0020354130"	"11.053111"	"2s2.2p2"	"3P"	"1"	"2s2.2p.(2P*<3/2>).9s"	"2[3/2]*"	"1"	3	3		
"112.2015"	"112.19995"	"4.0e+06"	C+	"0.0053825826"	"11.055672"	"2s2.2p2"	"3P"	"2"	"2s2.2p.(2P*<3/2>).8d"	"2[1/2]*"	"1"	5	3		
"112.2015"	"112.20037"	"8.5e+06"	C+	"0.0020354130"	"11.052284"	"2s2.2p2"	"3P"	"1"	"2s2.2p.(2P*<3/2>).8d"	"2[5/2]*"	"2"	3	5		
""	"112.20659"	"1.2e+04"	D	"0.0053825826"	"11.055019"	"2s2.2p2"	"3P"	"2"	"2s2.2p.(2P*<3/2>).8d"	"2[3/2]*"	"1"	5	3		
"112.2093"	"112.2093"	"6.7e+06"	C+	"0.0053825826"	"11.05475"	"2s2.2p2"	"3P"	"2"	"2s2.2p.(2P*<3/2>).8d"	"2[3/2]*"	"2"	5	5		
""	"112.21796"	"3.4e+06"	C+	"0.0053825826"	"11.053899"	"2s2.2p2"	"3P"	"2"	"2s2.2p.(2P*<3/2>).8d"	"2[7/2]*"	"3"	5	7		
"112.2266"	"112.22597"	"1.4e+06"	C+	"0.0053825826"	"11.053111"	"2s2.2p2"	"3P"	"2"	"2s2.2p.(2P*<3/2>).9s"	"2[3/2]*"	"1"	5	3		
"112.2339"	"112.23267"	"1.06e+07"	B	"0.0053825826"	"11.052451"	"2s2.2p2"	"3P"	"2"	"2s2.2p.(2P*<3/2>).8d"	"2[5/2]*"	"3"	5	7		
"112.2344"	"112.23437"	"3.4e+05"	C	"0.0053825826"	"11.052284"	"2s2.2p2"	"3P"	"2"	"2s2.2p.(2P*<3/2>).8d"	"2[5/2]*"	"2"	5	5		
"112.2443"	"112.24447"	"9.0e+06"	C+	"0.0000000000"	"11.045907"	"2s2.2p2"	"3P"	"0"	"2s2.2p.(2P*<1/2>).8d"	"2[3/2]*"	"1"	1	3		
"112.2506"	"112.25185"	"2.0e+06"	C+	"0.0000000000"	"11.045181"	"2s2.2p2"	"3P"	"0"	"2s2.2p.(2P*<1/2>).9s"	"2[1/2]*"	"1"	1	3		
"112.2652"	"112.26516"	"2.7e+06"	C+	"0.0020354130"	"11.045907"	"2s2.2p2"	"3P"	"1"	"2s2.2p.(2P*<1/2>).8d"	"2[3/2]*"	"1"	3	3		
"112.2777"	"112.27254"	"4.0e+05"	C	"0.0020354130"	"11.045181"	"2s2.2p2"	"3P"	"1"	"2s2.2p.(2P*<1/2>).9s"	"2[1/2]*"	"1"	3	3		
"112.2777"	"112.27727"	"3.8e+06"	C+	"0.0020354130"	"11.044716"	"2s2.2p2"	"3P"	"1"	"2s2.2p.(2P*<1/2>).9s"	"2[1/2]*"	"0"	3	1		
"112.2777"	"112.278"	"7.3e+06"	C+	"0.0020354130"	"11.0447"	"2s2.2p2"	"3P"	"1"	"2s2.2p.(2P*<1/2>).8d"	"2[3/2]*"	"2"	3	5		
"112.2990"	"112.29919"	"4.1e+03"	D	"0.0053825826"	"11.045907"	"2s2.2p2"	"3P"	"2"	"2s2.2p.(2P*<1/2>).8d"	"2[3/2]*"	"1"	5	3		
"112.3101"	"112.30658"	"1.27e+06"	C+	"0.0053825826"	"11.045181"	"2s2.2p2"	"3P"	"2"	"2s2.2p.(2P*<1/2>).9s"	"2[1/2]*"	"1"	5	3		
"112.3101"	"112.31091"	"3.6e+06"	C+	"0.0053825826"	"11.044755"	"2s2.2p2"	"3P"	"2"	"2s2.2p.(2P*<1/2>).8d"	"2[5/2]*"	"3"	5	7		
"112.3101"	"112.31191"	"3.8e+05"	C	"0.0020354130"	"11.041310"	"2s2.2p2"	"3P"	"1"	"2s2.2p.(2P*<1/2>).8d"	"2[5/2]*"	"2"	3	5		
""	"112.312"	"5.e+00"	E	"0.0053825826"	"11.0447"	"2s2.2p2"	"3P"	"2"	"2s2.2p.(2P*<1/2>).8d"	"2[3/2]*"	"2"	5	5		
"112.3467"	"112.34597"	"3.8e+05"	C	"0.0053825826"	"11.041310"	"2s2.2p2"	"3P"	"2"	"2s2.2p.(2P*<1/2>).8d"	"2[5/2]*"	"2"	5	5		
"112.8067"	"112.80710"	"2.4e+06"	C+	"0.0000000000"	"10.99081"	"2s2.2p2"	"3P"	"0"	"2s2.2p.(2P*<3/2>).7d"	"2[1/2]*"	"1"	1	3		
""	"112.81717"	"1.8e+06"	C+	"0.0000000000"	"10.989834"	"2s2.2p2"	"3P"	"0"	"2s2.2p.(2P*<3/2>).7d"	"2[3/2]*"	"1"	1	3		
"112.8261"	"112.8261"	"1.55e+07"	B	"0.0020354130"	"10.99100"	"2s2.2p2"	"3P"	"1"	"2s2.2p.(2P*<3/2>).7d"	"2[1/2]*"	"0"	3	1		
"112.8261"	"112.82800"	"5.0e+06"	C+	"0.0020354130"	"10.99081"	"2s2.2p2"	"3P"	"1"	"2s2.2p.(2P*<3/2>).7d"	"2[1/2]*"	"1"	3	3		
"112.8376"	"112.8379"	"7.e+04"	D	"0.0020354130"	"10.98985"	"2s2.2p2"	"3P"	"1"	"2s2.2p.(2P*<3/2>).7d"	"2[3/2]*"	"2"	3	5		
"112.8376"	"112.83807"	"9.6e+05"	C	"0.0020354130"	"10.989834"	"2s2.2p2"	"3P"	"1"	"2s2.2p.(2P*<3/2>).7d"	"2[3/2]*"	"1"	3	3		
"112.8501"	"112.84769"	"6.0e+05"	C	"0.0000000000"	"10.986862"	"2s2.2p2"	"3P"	"0"	"2s2.2p.(2P*<3/2>).8s"	"2[3/2]*"	"1"	1	3		
"112.860"	"112.86238"	"5.8e+06"	C+	"0.0053825826"	"10.99081"	"2s2.2p2"	"3P"	"2"	"2s2.2p.(2P*<3/2>).7d"	"2[1/2]*"	"1"	5	3		
"112.8689"	"112.86860"	"4.8e+06"	C+	"0.0020354130"	"10.986862"	"2s2.2p2"	"3P"	"1"	"2s2.2p.(2P*<3/2>).8s"	"2[3/2]*"	"1"	3	3		
"112.8727"	"112.8723"	"1.02e+07"	B	"0.0053825826"	"10.98985"	"2s2.2p2"	"3P"	"2"	"2s2.2p.(2P*<3/2>).7d"	"2[3/2]*"	"2"	5	5		
"112.8727"	"112.87245"	"2.4e+04"	D	"0.0053825826"	"10.989834"	"2s2.2p2"	"3P"	"2"	"2s2.2p.(2P*<3/2>).7d"	"2[3/2]*"	"1"	5	3		
"112.8824"	"112.88167"	"1.61e+07"	B	"0.0020354130"	"10.985590"	"2s2.2p2"	"3P"	"1"	"2s2.2p.(2P*<3/2>).7d"	"2[5/2]*"	"2"	3	5		
"112.8903"	"112.89025"	"4.0e+06"	C	"0.0053825826"	"10.988102"	"2s2.2p2"	"3P"	"2"	"2s2.2p.(2P*<3/2>).7d"	"2[7/2]*"	"3"	5	7		
"112.9030"	"112.90300"	"1.8e+06"	C+	"0.0053825826"	"10.986862"	"2s2.2p2"	"3P"	"2"	"2s2.2p.(2P*<3/2>).8s"	"2[3/2]*"	"1"	5	3		
"112.9080"	"112.90777"	"9.9e+05"	C	"0.0020354130"	"10.983051"	"2s2.2p2"	"3P"	"1"	"2s2.2p.(2P*<3/2>).8s"	"2[3/2]*"	"2"	3	5		
"112.9138"	"112.91409"	"1.70e+07"	B	"0.0053825826"	"10.985784"	"2s2.2p2"	"3P"	"2"	"2s2.2p.(2P*<3/2>).7d"	"2[5/2]*"	"3"	5	7		
"112.9180"	"112.91608"	"5.0e+05"	C	"0.0053825826"	"10.985590"	"2s2.2p2"	"3P"	"2"	"2s2.2p.(2P*<3/2>).7d"	"2[5/2]*"	"2"	5	5		
"112.9180"	"112.91956"	"1.35e+07"	B	"0.0000000000"	"10.979870"	"2s2.2p2"	"3P"	"0"	"2s2.2p.(2P*<1/2>).7d"	"2[3/2]*"	"1"	1	3		
"112.9310"	"112.931702"	"3.5e+06"	C+	"0.0000000000"	"10.9786886"	"2s2.2p2"	"3P"	"0"	"2s2.2p.(2P*<1/2>).8s"	"2[1/2]*"	"1"	1	3		
"112.9404"	"112.94049"	"4.9e+06"	C+	"0.0020354130"	"10.979870"	"2s2.2p2"	"3P"	"1"	"2s2.2p.(2P*<1/2>).7d"	"2[3/2]*"	"1"	3	3		
"112.9404"	"112.94220"	"1.19e+07"	B	"0.0053825826"	"10.983051"	"2s2.2p2"	"3P"	"2"	"2s2.2p.(2P*<3/2>).8s"	"2[3/2]*"	"2"	5	5		
""	"112.952643"	"7.2e+05"	C	"0.0020354130"	"10.9786886"	"2s2.2p2"	"3P"	"1"	"2s2.2p.(2P*<1/2>).8s"	"2[1/2]*"	"1"	3	3		
"112.9598"	"112.95942"	"6.4e+06"	C+	"0.0020354130"	"10.978030"	"2s2.2p2"	"3P"	"1"	"2s2.2p.(2P*<1/2>).8s"	"2[1/2]*"	"0"	3	1		
"112.9598"	"112.9598"	"7.3e+06"	C+	"0.0020354130"	"10.97799"	"2s2.2p2"	"3P"	"1"	"2s2.2p.(2P*<1/2>).7d"	"2[3/2]*"	"2"	3	5		
""	"112.97494"	"5.e+03"	D	"0.0053825826"	"10.979870"	"2s2.2p2"	"3P"	"2"	"2s2.2p.(2P*<1/2>).7d"	"2[3/2]*"	"1"	5	3		
"112.9906"	"112.987097"	"2.2e+06"	C+	"0.0053825826"	"10.9786886"	"2s2.2p2"	"3P"	"2"	"2s2.2p.(2P*<1/2>).8s"	"2[1/2]*"	"1"	5	3		
"112.9906"	"112.99230"	"4.8e+06"	C+	"0.0053825826"	"10.978183"	"2s2.2p2"	"3P"	"2"	"2s2.2p.(2P*<1/2>).7d"	"2[5/2]*"	"3"	5	7		
""	"112.9942"	"5.e+04"	D	"0.0053825826"	"10.97799"	"2s2.2p2"	"3P"	"2"	"2s2.2p.(2P*<1/2>).7d"	"2[3/2]*"	"2"	5	5		
"113.0162"	"113.01706"	"4.8e+05"	C	"0.0020354130"	"10.972432"	"2s2.2p2"	"3P"	"1"	"2s2.2p.(2P*<1/2>).7d"	"2[5/2]*"	"2"	3	5		
"113.0506"	"113.05156"	"3.0e+05"	C	"0.0053825826"	"10.972432"	"2s2.2p2"	"3P"	"2"	"2s2.2p.(2P*<1/2>).7d"	"2[5/2]*"	"2"	5	5		
"113.8382"	"113.83826"	"4.1e+06"	C+	"0.0000000000"	"10.891259"	"2s2.2p2"	"3P"	"0"	"2s2.2p.6d"	"3P*"	"1"	1	3		
""	"113.856080"	"1.7e+06"	C+	"0.0000000000"	"10.889554"	"2s2.2p2"	"3P"	"0"	"2s2.2p.6d"	"1P*"	"1"	1	3		
"113.8580"	"113.8580"	"2.31e+07"	B	"0.0020354130"	"10.89140"	"2s2.2p2"	"3P"	"1"	"2s2.2p.6d"	"3P*"	"0"	3	1		
"113.8580"	"113.85954"	"7.3e+06"	C+	"0.0020354130"	"10.891259"	"2s2.2p2"	"3P"	"1"	"2s2.2p.6d"	"3P*"	"1"	3	3		
"113.8768"	"113.874269"	"1.9e+05"	C	"0.0020354130"	"10.889851"	"2s2.2p2"	"3P"	"1"	"2s2.2p.6d"	"3P*"	"2"	3	5		
"113.8768"	"113.877365"	"9.9e+05"	C	"0.0020354130"	"10.889554"	"2s2.2p2"	"3P"	"1"	"2s2.2p.6d"	"1P*"	"1"	3	3		
"113.8946"	"113.89455"	"9.0e+06"	C+	"0.0053825826"	"10.891259"	"2s2.2p2"	"3P"	"2"	"2s2.2p.6d"	"3P*"	"1"	5	3		
"113.9086"	"113.908649"	"9.3e+05"	C	"0.0000000000"	"10.884529"	"2s2.2p2"	"3P"	"0"	"2s2.2p.7s"	"1P*"	"1"	1	3		
"113.9092"	"113.909287"	"1.60e+07"	B	"0.0053825826"	"10.889851"	"2s2.2p2"	"3P"	"2"	"2s2.2p.6d"	"3P*"	"2"	5	5		
""	"113.912386"	"3.6e+04"	D	"0.0053825826"	"10.889554"	"2s2.2p2"	"3P"	"2"	"2s2.2p.6d"	"1P*"	"1"	5	3		
"113.9301"	"113.929954"	"6.2e+06"	C+	"0.0020354130"	"10.884529"	"2s2.2p2"	"3P"	"1"	"2s2.2p.7s"	"1P*"	"1"	3	3		
"113.9416"	"113.94254"	"4.3e+06"	C+	"0.0053825826"	"10.886674"	"2s2.2p2"	"3P"	"2"	"2s2.2p.6d"	"1F*"	"3"	5	7		
"113.9525"	"113.95142"	"2.7e+07"	B	"0.0020354130"	"10.882479"	"2s2.2p2"	"3P"	"1"	"2s2.2p.6d"	"3D*"	"2"	3	5		
"113.9656"	"113.965007"	"2.3e+06"	C+	"0.0053825826"	"10.884529"	"2s2.2p2"	"3P"	"2"	"2s2.2p.7s"	"1P*"	"1"	5	3		
"113.9792"	"113.97655"	"4.6e+06"	C+	"0.0020354130"	"10.880080"	"2s2.2p2"	"3P"	"1"	"2s2.2p.7s"	"3P*"	"2"	3	5		
"113.9792"	"113.97917"	"2.11e+07"	B	"0.0000000000"	"10.877795"	"2s2.2p2"	"3P"	"0"	"2s2.2p.6d"	"3D*"	"1"	1	3		
"113.9818"	"113.98120"	"3.0e+07"	B	"0.0053825826"	"10.882983"	"2s2.2p2"	"3P"	"2"	"2s2.2p.6d"	"3D*"	"3"	5	7		
"113.9854"	"113.98648"	"1.30e+06"	C+	"0.0053825826"	"10.882479"	"2s2.2p2"	"3P"	"2"	"2s2.2p.6d"	"3D*"	"2"	5	5		
"114.0011"	"114.00050"	"9.5e+06"	C+	"0.0020354130"	"10.877795"	"2s2.2p2"	"3P"	"1"	"2s2.2p.6d"	"3D*"	"1"	3	3		
"114.0011"	"114.000930"	"6.1e+06"	C+	"0.0000000000"	"10.8757182"	"2s2.2p2"	"3P"	"0"	"2s2.2p.7s"	"3P*"	"1"	1	3		
"114.0105"	"114.01163"	"1.84e+07"	B	"0.0053825826"	"10.880080"	"2s2.2p2"	"3P"	"2"	"2s2.2p.7s"	"3P*"	"2"	5	5		
"114.0241"	"114.022269"	"1.5e+06"	C+	"0.0020354130"	"10.8757182"	"2s2.2p2"	"3P"	"1"	"2s2.2p.7s"	"3P*"	"1"	3	3		
"114.0350"	"114.03162"	"1.15e+07"	B	"0.0020354130"	"10.874826"	"2s2.2p2"	"3P"	"1"	"2s2.2p.7s"	"3P*"	"0"	3	1		
"114.0350"	"114.03560"	"1.1e+05"	C	"0.0053825826"	"10.877795"	"2s2.2p2"	"3P"	"2"	"2s2.2p.6d"	"3D*"	"1"	5	3		
"114.0350"	"114.03574"	"6.4e+06"	C+	"0.0020354130"	"10.874433"	"2s2.2p2"	"3P"	"1"	"2s2.2p.6d"	"3F*"	"2"	3	5		
"114.0622"	"114.057379"	"4.2e+06"	C+	"0.0053825826"	"10.8757182"	"2s2.2p2"	"3P"	"2"	"2s2.2p.7s"	"3P*"	"1"	5	3		
"114.0622"	"114.06410"	"6.3e+06"	C+	"0.0053825826"	"10.875078"	"2s2.2p2"	"3P"	"2"	"2s2.2p.6d"	"3F*"	"3"	5	7		
"114.0732"	"114.07086"	"2.0e+05"	C	"0.0053825826"	"10.874433"	"2s2.2p2"	"3P"	"2"	"2s2.2p.6d"	"3F*"	"2"	5	5		
"114.1322"	"114.13264"	"4.5e+05"	C	"0.0020354130"	"10.865203"	"2s2.2p2"	"3P"	"1"	"2s2.2p.6d"	"1D*"	"2"	3	5		
"114.1677"	"114.16782"	"2.0e+05"	C	"0.0053825826"	"10.865203"	"2s2.2p2"	"3P"	"2"	"2s2.2p.6d"	"1D*"	"2"	5	5		
"115.5805"	"115.580873"	"8.2e+06"	C+	"0.0000000000"	"10.7270516"	"2s2.2p2"	"3P"	"0"	"2s2.2p.5d"	"3P*"	"1"	1	3		
"115.5993"	"115.59788"	"3.7e+07"	B	"0.0020354130"	"10.727508"	"2s2.2p2"	"3P"	"1"	"2s2.2p.5d"	"3P*"	"0"	3	1		
"115.5993"	"115.602808"	"1.14e+07"	B	"0.0020354130"	"10.7270516"	"2s2.2p2"	"3P"	"1"	"2s2.2p.5d"	"3P*"	"1"	3	3		
"115.6186"	"115.618377"	"1.35e+06"	C+	"0.0000000000"	"10.7235720"	"2s2.2p2"	"3P"	"0"	"2s2.2p.5d"	"1P*"	"1"	1	3		
"115.6186"	"115.619906"	"2.4e+06"	C+	"0.0020354130"	"10.72546557"	"2s2.2p2"	"3P"	"1"	"2s2.2p.5d"	"3P*"	"2"	3	5		
"115.6384"	"115.638897"	"1.51e+07"	B	"0.0053825826"	"10.7270516"	"2s2.2p2"	"3P"	"2"	"2s2.2p.5d"	"3P*"	"1"	5	3		
""	"115.640326"	"8.1e+05"	C	"0.0020354130"	"10.7235720"	"2s2.2p2"	"3P"	"1"	"2s2.2p.5d"	"1P*"	"1"	3	3		
"115.6561"	"115.656006"	"2.7e+07"	B	"0.0053825826"	"10.72546557"	"2s2.2p2"	"3P"	"2"	"2s2.2p.5d"	"3P*"	"2"	5	5		
"115.6760"	"115.676439"	"3.3e+04"	D	"0.0053825826"	"10.7235720"	"2s2.2p2"	"3P"	"2"	"2s2.2p.5d"	"1P*"	"1"	5	3		
"115.7167"	"115.718541"	"1.5e+06"	C+	"0.0000000000"	"10.7142898"	"2s2.2p2"	"3P"	"0"	"2s2.2p.6s"	"1P*"	"1"	1	3		
"115.7330"	"115.73298"	"4.0e+06"	C+	"0.0053825826"	"10.718336"	"2s2.2p2"	"3P"	"2"	"2s2.2p.5d"	"1F*"	"3"	5	7		
"115.7397"	"115.740529"	"7.5e+06"	C+	"0.0020354130"	"10.7142898"	"2s2.2p2"	"3P"	"1"	"2s2.2p.6s"	"1P*"	"1"	3	3		
"115.7767"	"115.776704"	"2.5e+06"	C+	"0.0053825826"	"10.7142898"	"2s2.2p2"	"3P"	"2"	"2s2.2p.6s"	"1P*"	"1"	5	3		
"115.7771"	"115.776910"	"2.62e+07"	B+	"0.0020354130"	"10.710924"	"2s2.2p2"	"3P"	"1"	"2s2.2p.5d"	"3D*"	"2"	3	5		
"115.7909"	"115.79094"	"3.52e+07"	B+	"0.0000000000"	"10.707590"	"2s2.2p2"	"3P"	"0"	"2s2.2p.5d"	"3D*"	"1"	1	3		
"115.8030"	"115.80184"	"5.6e+07"	B+	"0.0053825826"	"10.711966"	"2s2.2p2"	"3P"	"2"	"2s2.2p.5d"	"3D*"	"3"	5	7		
"115.8030"	"115.803461"	"3.1e+07"	B	"0.0020354130"	"10.708468"	"2s2.2p2"	"3P"	"1"	"2s2.2p.6s"	"3P*"	"2"	3	5		
"115.8108"	"115.81296"	"1.98e+07"	B+	"0.0020354130"	"10.707590"	"2s2.2p2"	"3P"	"1"	"2s2.2p.5d"	"3D*"	"1"	3	3		
"115.8108"	"115.813108"	"2.58e+07"	B+	"0.0053825826"	"10.710924"	"2s2.2p2"	"3P"	"2"	"2s2.2p.5d"	"3D*"	"2"	5	5		
"115.8332"	"115.832373"	"1.09e+07"	B	"0.0000000000"	"10.7037605"	"2s2.2p2"	"3P"	"0"	"2s2.2p.6s"	"3P*"	"1"	1	3		
"115.8400"	"115.839676"	"8.2e+06"	C+	"0.0053825826"	"10.708468"	"2s2.2p2"	"3P"	"2"	"2s2.2p.6s"	"3P*"	"2"	5	5		
"115.8536"	"115.84918"	"6.3e+05"	C	"0.0053825826"	"10.707590"	"2s2.2p2"	"3P"	"2"	"2s2.2p.5d"	"3D*"	"1"	5	3		
"115.8536"	"115.854404"	"3.4e+06"	C+	"0.0020354130"	"10.7037605"	"2s2.2p2"	"3P"	"1"	"2s2.2p.6s"	"3P*"	"1"	3	3		
"115.8698"	"115.86740"	"2.19e+07"	B	"0.0020354130"	"10.702560"	"2s2.2p2"	"3P"	"1"	"2s2.2p.6s"	"3P*"	"0"	3	1		
"115.8698"	"115.87315"	"5.1e+06"	C+	"0.0020354130"	"10.702030"	"2s2.2p2"	"3P"	"1"	"2s2.2p.5d"	"3F*"	"2"	3	5		
"115.8933"	"115.890651"	"8.4e+06"	C+	"0.0053825826"	"10.7037605"	"2s2.2p2"	"3P"	"2"	"2s2.2p.6s"	"3P*"	"1"	5	3		
"115.8955"	"115.896647"	"7.2e+06"	C+	"0.0053825826"	"10.70320700"	"2s2.2p2"	"3P"	"2"	"2s2.2p.5d"	"3F*"	"3"	5	7		
"115.9110"	"115.90940"	"3.6e+05"	C	"0.0053825826"	"10.702030"	"2s2.2p2"	"3P"	"2"	"2s2.2p.5d"	"3F*"	"2"	5	5		
"116.0505"	"116.0512632"	"3.3e+05"	C	"0.0020354130"	"10.68560706"	"2s2.2p2"	"3P"	"1"	"2s2.2p.5d"	"1D*"	"2"	3	5		
"116.0881"	"116.0876335"	"1.2e+05"	C	"0.0053825826"	"10.68560706"	"2s2.2p2"	"3P"	"2"	"2s2.2p.5d"	"1D*"	"2"	5	5		
"118.8835"	"118.8832839"	"1.95e+07"	B	"0.0000000000"	"10.42906912"	"2s2.2p2"	"3P"	"0"	"2s2.2p.4d"	"3P*"	"1"	1	3		
"118.8995"	"118.899265"	"7.2e+07"	B	"0.0020354130"	"10.42970278"	"2s2.2p2"	"3P"	"1"	"2s2.2p.4d"	"3P*"	"0"	3	1		
"118.9060"	"118.9064905"	"2.01e+07"	B	"0.0020354130"	"10.42906912"	"2s2.2p2"	"3P"	"1"	"2s2.2p.4d"	"3P*"	"1"	3	3		
"118.9248"	"118.9248616"	"1.09e+07"	B	"0.0020354130"	"10.42745839"	"2s2.2p2"	"3P"	"1"	"2s2.2p.4d"	"3P*"	"2"	3	5		
"118.9445"	"118.9446728"	"3.0e+07"	B	"0.0053825826"	"10.42906912"	"2s2.2p2"	"3P"	"2"	"2s2.2p.4d"	"3P*"	"1"	5	3		
"118.9630"	"118.9630557"	"5.3e+07"	B	"0.0053825826"	"10.42745839"	"2s2.2p2"	"3P"	"2"	"2s2.2p.4d"	"3P*"	"2"	5	5		
"119.0020"	"119.0020765"	"9.1e+05"	C+	"0.0000000000"	"10.41865840"	"2s2.2p2"	"3P"	"0"	"2s2.2p.4d"	"1P*"	"1"	1	3		
"119.0244"	"119.0253296"	"4.8e+05"	C+	"0.0020354130"	"10.41865840"	"2s2.2p2"	"3P"	"1"	"2s2.2p.4d"	"1P*"	"1"	3	3		
""	"119.0635882"	"1.3e+04"	C	"0.0053825826"	"10.41865840"	"2s2.2p2"	"3P"	"2"	"2s2.2p.4d"	"1P*"	"1"	5	3		
"119.1834"	"119.1840995"	"2.9e+06"	C+	"0.0053825826"	"10.40812917"	"2s2.2p2"	"3P"	"2"	"2s2.2p.4d"	"1F*"	"3"	5	7		
"119.2218"	"119.221761"	"2.2e+06"	C	"0.0000000000"	"10.3994604"	"2s2.2p2"	"3P"	"0"	"2s2.2p.5s"	"1P*"	"1"	1	3		
"119.2449"	"119.245100"	"7.6e+06"	C	"0.0020354130"	"10.3994604"	"2s2.2p2"	"3P"	"1"	"2s2.2p.5s"	"1P*"	"1"	3	3		
"119.2833"	"119.283500"	"2.19e+06"	B	"0.0053825826"	"10.3994604"	"2s2.2p2"	"3P"	"2"	"2s2.2p.5s"	"1P*"	"1"	5	3		
"119.3020"	"119.3009118"	"7.9e+07"	B+	"0.0020354130"	"10.39459625"	"2s2.2p2"	"3P"	"1"	"2s2.2p.4d"	"3D*"	"2"	3	5		
"119.3020"	"119.3030446"	"6.4e+07"	B+	"0.0000000000"	"10.39237505"	"2s2.2p2"	"3P"	"0"	"2s2.2p.4d"	"3D*"	"1"	1	3		
"119.3230"	"119.3239726"	"1.11e+08"	B+	"0.0053825826"	"10.39593494"	"2s2.2p2"	"3P"	"2"	"2s2.2p.4d"	"3D*"	"3"	5	7		
"119.3249"	"119.3264154"	"4.3e+07"	B+	"0.0020354130"	"10.39237505"	"2s2.2p2"	"3P"	"1"	"2s2.2p.4d"	"3D*"	"1"	3	3		
"119.3380"	"119.3393479"	"3.46e+07"	B+	"0.0053825826"	"10.39459625"	"2s2.2p2"	"3P"	"2"	"2s2.2p.4d"	"3D*"	"2"	5	5		
"119.3649"	"119.3648679"	"2.25e+06"	B+	"0.0053825826"	"10.39237505"	"2s2.2p2"	"3P"	"2"	"2s2.2p.4d"	"3D*"	"1"	5	3		
"119.3668"	"119.3678214"	"2.54e+07"	A	"0.0020354130"	"10.38877088"	"2s2.2p2"	"3P"	"1"	"2s2.2p.5s"	"3P*"	"2"	3	5		
"119.4028"	"119.3995082"	"1.94e+07"	A	"0.0000000000"	"10.38397899"	"2s2.2p2"	"3P"	"0"	"2s2.2p.5s"	"3P*"	"1"	1	3		
"119.4065"	"119.4063006"	"2.98e+07"	B+	"0.0053825826"	"10.38877088"	"2s2.2p2"	"3P"	"2"	"2s2.2p.5s"	"3P*"	"2"	5	5		
"119.4220"	"119.4229168"	"8.3e+06"	A	"0.0020354130"	"10.38397899"	"2s2.2p2"	"3P"	"1"	"2s2.2p.5s"	"3P*"	"1"	3	3		
"119.4300"	"119.4300572"	"4.1e+06"	B+	"0.0020354130"	"10.38335829"	"2s2.2p2"	"3P"	"1"	"2s2.2p.4d"	"3F*"	"2"	3	5		
"119.4404"	"119.4405219"	"4.40e+07"	A	"0.0020354130"	"10.38244873"	"2s2.2p2"	"3P"	"1"	"2s2.2p.5s"	"3P*"	"0"	3	1		
"119.4486"	"119.4488239"	"6.8e+06"	B+	"0.0053825826"	"10.385074438"	"2s2.2p2"	"3P"	"2"	"2s2.2p.4d"	"3F*"	"3"	5	7		
"119.4616"	"119.4614315"	"1.77e+07"	A	"0.0053825826"	"10.38397899"	"2s2.2p2"	"3P"	"2"	"2s2.2p.5s"	"3P*"	"1"	5	3		
"119.4675"	"119.4685765"	"3.43e+05"	B+	"0.0053825826"	"10.38335829"	"2s2.2p2"	"3P"	"2"	"2s2.2p.4d"	"3F*"	"2"	5	5		
"119.7870"	"119.7874919"	"2.0e+05"	C	"0.0020354130"	"10.35238138"	"2s2.2p2"	"3P"	"1"	"2s2.2p.4d"	"1D*"	"2"	3	5		
"119.8243"	"119.8262422"	"6.8e+04"	C	"0.0053825826"	"10.35238138"	"2s2.2p2"	"3P"	"2"	"2s2.2p.4d"	"1D*"	"2"	5	5		
"124.3140"	"124.3134"	"2.0e+06"	E	"1.2637284"	"11.23725"	"2s2.2p2"	"1D"	"2"	"2s2.2p.(2P*<3/2>).21d"	"2[7/2]*"	"3"	5	7		
"124.3518"	"124.3519"	"2.3e+06"	E	"1.2637284"	"11.23416"	"2s2.2p2"	"1D"	"2"	"2s2.2p.(2P*<3/2>).20d"	"2[7/2]*"	"3"	5	7		
"124.3997"	"124.3998"	"2.8e+06"	E	"1.2637284"	"11.230324"	"2s2.2p2"	"1D"	"2"	"2s2.2p.(2P*<3/2>).19d"	"2[7/2]*"	"3"	5	7		
"124.4127"	"124.4127"	"9.e+05"	E	"1.2637284"	"11.229286"	"2s2.2p2"	"1D"	"2"	"2s2.2p.(2P*<1/2>).21d"	"2[5/2]*"	"3"	5	7		
"124.4510"	"124.4509"	"5.e+05"	E	"1.2637284"	"11.22622"	"2s2.2p2"	"1D"	"2"	"2s2.2p.(2P*<1/2>).20d"	"2[5/2]*"	"3"	5	7		
"124.4540"	"124.4536"	"3.7e+06"	E	"1.2637284"	"11.22601"	"2s2.2p2"	"1D"	"2"	"2s2.2p.(2P*<3/2>).18d"	"2[7/2]*"	"3"	5	7		
"124.4996"	"124.4996"	"2.0e+06"	E	"1.2637284"	"11.22233"	"2s2.2p2"	"1D"	"2"	"2s2.2p.(2P*<1/2>).19d"	"2[5/2]*"	"3"	5	7		
"124.5174"	"124.5174"	"3.3e+06"	E	"1.2637284"	"11.220907"	"2s2.2p2"	"1D"	"2"	"2s2.2p.(2P*<3/2>).17d"	"2[7/2]*"	"3"	5	7		
"124.5532"	"124.5532"	"1.7e+06"	E	"1.2637284"	"11.218044"	"2s2.2p2"	"1D"	"2"	"2s2.2p.(2P*<1/2>).18d"	"2[5/2]*"	"3"	5	7		
"124.5943"	"124.5943"	"5.e+06"	E	"1.2637284"	"11.214761"	"2s2.2p2"	"1D"	"2"	"2s2.2p.(2P*<3/2>).16d"	"2[7/2]*"	"3"	5	7		
"124.6173"	"124.6173"	"1.8e+06"	E	"1.2637284"	"11.212923"	"2s2.2p2"	"1D"	"2"	"2s2.2p.(2P*<1/2>).17d"	"2[5/2]*"	"3"	5	7		
"124.6863"	"124.6863"	"9.e+06"	E	"1.2637284"	"11.207419"	"2s2.2p2"	"1D"	"2"	"2s2.2p.(2P*<3/2>).15d"	"2[7/2]*"	"3"	5	7		
"124.6940"	"124.6940"	"1.6e+06"	E	"1.2637284"	"11.20681"	"2s2.2p2"	"1D"	"2"	"2s2.2p.(2P*<1/2>).16d"	"2[5/2]*"	"3"	5	7		
"124.7862"	"124.7863"	"1.5e+07"	E	"1.2637284"	"11.199453"	"2s2.2p2"	"1D"	"2"	"2s2.2p.(2P*<1/2>).15d"	"2[5/2]*"	"3"	5	7		
"124.8003"	"124.8003"	"4.e+06"	E	"1.2637284"	"11.198335"	"2s2.2p2"	"1D"	"2"	"2s2.2p.(2P*<3/2>).14d"	"2[7/2]*"	"3"	5	7		
"124.9002"	"124.9002"	"1.3e+07"	E	"1.2637284"	"11.190390"	"2s2.2p2"	"1D"	"2"	"2s2.2p.(2P*<1/2>).14d"	"2[5/2]*"	"3"	5	7		
"124.9404"	"124.9404"	"1.0e+08"	E	"1.2637284"	"11.187197"	"2s2.2p2"	"1D"	"2"	"2s2.2p.(2P*<3/2>).13d"	"2[7/2]*"	"3"	5	7		
"125.0423"	"125.0423"	"5.e+07"	E	"1.2637284"	"11.17911"	"2s2.2p2"	"1D"	"2"	"2s2.2p.(2P*<1/2>).13d"	"2[5/2]*"	"3"	5	7		
"125.1176"	"125.1175"	"1.4e+07"	E	"1.2637284"	"11.17315"	"2s2.2p2"	"1D"	"2"	"2s2.2p.(2P*<3/2>).12d"	"2[7/2]*"	"3"	5	7		
"125.2209"	"125.2209"	"8.e+06"	E	"1.2637284"	"11.164967"	"2s2.2p2"	"1D"	"2"	"2s2.2p.(2P*<1/2>).12d"	"2[5/2]*"	"3"	5	7		
"125.3467"	"125.3467"	"1.3e+07"	E	"1.2637284"	"11.155031"	"2s2.2p2"	"1D"	"2"	"2s2.2p.(2P*<3/2>).11d"	"2[7/2]*"	"3"	5	7		
"125.4510"	"125.4510"	"6.e+06"	E	"1.2637284"	"11.146806"	"2s2.2p2"	"1D"	"2"	"2s2.2p.(2P*<1/2>).11d"	"2[5/2]*"	"3"	5	7		
"125.6493"	"125.6495"	"1.5e+07"	E	"1.2637284"	"11.13119"	"2s2.2p2"	"1D"	"2"	"2s2.2p.(2P*<3/2>).10d"	"2[7/2]*"	"3"	5	7		
"125.7565"	"125.7565"	"6.e+06"	E	"1.2637284"	"11.122796"	"2s2.2p2"	"1D"	"2"	"2s2.2p.(2P*<1/2>).10d"	"2[5/2]*"	"3"	5	7		
"126.0612"	"126.06129"	"1.8e+07"	E	"1.2637284"	"11.098960"	"2s2.2p2"	"1D"	"2"	"2s2.2p.(2P*<3/2>).9d"	"2[7/2]*"	"3"	5	7		
"126.0736"	"126.0735012"	"5.5e+07"	B	"0.0000000000"	"9.83427899"	"2s2.2p2"	"3P"	"0"	"2s2.2p.3d"	"3P*"	"1"	1	3		
"126.0927"	"126.0926375"	"1.76e+08"	B	"0.0020354130"	"9.83482192"	"2s2.2p2"	"3P"	"1"	"2s2.2p.3d"	"3P*"	"0"	3	1		
"126.0996"	"126.0996002"	"4.6e+07"	B	"0.0020354130"	"9.83427899"	"2s2.2p2"	"3P"	"1"	"2s2.2p.3d"	"3P*"	"1"	3	3		
"126.1121"	"126.1122287"	"3.9e+07"	B	"0.0020354130"	"9.833294423"	"2s2.2p2"	"3P"	"1"	"2s2.2p.3d"	"3P*"	"2"	3	5		
"126.1423"	"126.1425426"	"7.3e+07"	B	"0.0053825826"	"9.83427899"	"2s2.2p2"	"3P"	"2"	"2s2.2p.3d"	"3P*"	"1"	5	3		
"126.1551"	"126.1551797"	"1.31e+08"	B	"0.0053825826"	"9.833294423"	"2s2.2p2"	"3P"	"2"	"2s2.2p.3d"	"3P*"	"2"	5	5		
"126.1720"	"126.1720"	"6.e+06"	E	"1.2637284"	"11.090330"	"2s2.2p2"	"1D"	"2"	"2s2.2p.(2P*<1/2>).9d"	"2[5/2]*"	"3"	5	7		
"126.6417"	"126.64151"	"1.52e+07"	B	"1.2637284"	"11.053899"	"2s2.2p2"	"1D"	"2"	"2s2.2p.(2P*<3/2>).8d"	"2[7/2]*"	"3"	5	7		
"126.7599"	"126.7599"	"7.e+06"	E	"1.2637284"	"11.044755"	"2s2.2p2"	"1D"	"2"	"2s2.2p.(2P*<1/2>).8d"	"2[5/2]*"	"3"	5	7		
"127.0146"	"127.0142949"	"4.5e+05"	B	"0.0000000000"	"9.76143658"	"2s2.2p2"	"3P"	"0"	"2s2.2p.3d"	"1P*"	"1"	1	3		
"127.0408"	"127.0407849"	"2.1e+05"	C	"0.0020354130"	"9.76143658"	"2s2.2p2"	"3P"	"1"	"2s2.2p.3d"	"1P*"	"1"	3	3		
""	"127.0843709"	"4.2e+03"	D	"0.0053825826"	"9.76143658"	"2s2.2p2"	"3P"	"2"	"2s2.2p.3d"	"1P*"	"1"	5	3		
"127.4108"	"127.4108797"	"1.20e+06"	C+	"0.0053825826"	"9.73643528"	"2s2.2p2"	"3P"	"2"	"2s2.2p.3d"	"1F*"	"3"	5	7		
"127.4983"	"127.49839"	"2.25e+07"	B	"1.2637284"	"10.988102"	"2s2.2p2"	"1D"	"2"	"2s2.2p.(2P*<3/2>).7d"	"2[7/2]*"	"3"	5	7		
"127.6286"	"127.6286"	"7.e+06"	E	"1.2637284"	"10.978183"	"2s2.2p2"	"1D"	"2"	"2s2.2p.(2P*<1/2>).7d"	"2[5/2]*"	"3"	5	7		
"127.6485"	"127.6482255"	"5.0e+06"	C+	"0.0000000000"	"9.71295903"	"2s2.2p2"	"3P"	"0"	"2s2.2p.4s"	"1P*"	"1"	1	3		
"127.6754"	"127.6749806"	"9.4e+06"	C+	"0.0020354130"	"9.71295903"	"2s2.2p2"	"3P"	"1"	"2s2.2p.4s"	"1P*"	"1"	3	3		
""	"127.7190029"	"1.8e+06"	C+	"0.0053825826"	"9.71295903"	"2s2.2p2"	"3P"	"2"	"2s2.2p.4s"	"1P*"	"1"	5	3		
"127.7250"	"127.7245031"	"1.26e+08"	A	"0.0000000000"	"9.70715841"	"2s2.2p2"	"3P"	"0"	"2s2.2p.3d"	"3D*"	"1"	1	3		
"127.7285"	"127.7282278"	"1.70e+08"	A	"0.0020354130"	"9.708910751"	"2s2.2p2"	"3P"	"1"	"2s2.2p.3d"	"3D*"	"2"	3	5		
"127.7517"	"127.7512902"	"9.2e+07"	A	"0.0020354130"	"9.70715841"	"2s2.2p2"	"3P"	"1"	"2s2.2p.3d"	"3D*"	"1"	3	3		
"127.7556"	"127.7549516"	"2.28e+08"	A	"0.0053825826"	"9.710227435"	"2s2.2p2"	"3P"	"2"	"2s2.2p.3d"	"3D*"	"3"	5	7		
"127.7728"	"127.7722868"	"6.30e+07"	A	"0.0053825826"	"9.708910751"	"2s2.2p2"	"3P"	"2"	"2s2.2p.3d"	"3D*"	"2"	5	5		
"127.7951"	"127.7953652"	"5.9e+06"	B+	"0.0053825826"	"9.70715841"	"2s2.2p2"	"3P"	"2"	"2s2.2p.3d"	"3D*"	"1"	5	3		
"127.9057"	"127.9055754"	"4.0e+06"	D	"0.0020354130"	"9.69545167"	"2s2.2p2"	"3P"	"1"	"2s2.2p.3d"	"3F*"	"2"	3	5		
"127.9228"	"127.9228342"	"1.1e+07"	D	"0.0053825826"	"9.697491047"	"2s2.2p2"	"3P"	"2"	"2s2.2p.3d"	"3F*"	"3"	5	7		
"127.9498"	"127.9497569"	"2.2e+06"	D	"0.0053825826"	"9.69545167"	"2s2.2p2"	"3P"	"2"	"2s2.2p.3d"	"3F*"	"2"	5	5		
"127.9890"	"127.9890375"	"3.43e+07"	B+	"0.0020354130"	"9.689130559"	"2s2.2p2"	"3P"	"1"	"2s2.2p.4s"	"3P*"	"2"	3	5		
"128.0134"	"128.0134799"	"3.55e+07"	B+	"0.0000000000"	"9.685245529"	"2s2.2p2"	"3P"	"0"	"2s2.2p.4s"	"3P*"	"1"	1	3		
"128.0330"	"128.0332767"	"6.4e+07"	B+	"0.0053825826"	"9.689130559"	"2s2.2p2"	"3P"	"2"	"2s2.2p.4s"	"3P*"	"2"	5	5		
"128.0410"	"128.0403884"	"1.87e+07"	B+	"0.0020354130"	"9.685245529"	"2s2.2p2"	"3P"	"1"	"2s2.2p.4s"	"3P*"	"1"	3	3		
"128.0595"	"128.0596920"	"8.8e+07"	B+	"0.0020354130"	"9.68378589"	"2s2.2p2"	"3P"	"1"	"2s2.2p.4s"	"3P*"	"0"	3	1		
"128.0845"	"128.0846631"	"3.6e+07"	B+	"0.0053825826"	"9.685245529"	"2s2.2p2"	"3P"	"2"	"2s2.2p.4s"	"3P*"	"1"	5	3		
"128.7609"	"128.7607533"	"1.49e+05"	B	"0.0020354130"	"9.631071843"	"2s2.2p2"	"3P"	"1"	"2s2.2p.3d"	"1D*"	"2"	3	5		
"128.8040"	"128.8055277"	"6.6e+04"	C	"0.0053825826"	"9.631071843"	"2s2.2p2"	"3P"	"2"	"2s2.2p.3d"	"1D*"	"2"	5	5		
"128.8422"	"128.84225"	"3.5e+07"	B	"1.2637284"	"10.886674"	"2s2.2p2"	"1D"	"2"	"2s2.2p.6d"	"1F*"	"3"	5	7		
"128.8918"	"128.89169"	"2.1e+05"	E	"1.2637284"	"10.882983"	"2s2.2p2"	"1D"	"2"	"2s2.2p.6d"	"3D*"	"3"	5	7		
"128.9975"	"128.99770"	"7.e+06"	E	"1.2637284"	"10.875078"	"2s2.2p2"	"1D"	"2"	"2s2.2p.6d"	"3F*"	"3"	5	7		
"131.0150"	"131.015496"	"3.5e+05"	E	"1.2637284"	"10.7270516"	"2s2.2p2"	"1D"	"2"	"2s2.2p.5d"	"3P*"	"1"	5	3		
"131.0636"	"131.063688"	"3.5e+07"	E	"1.2637284"	"10.7235720"	"2s2.2p2"	"1D"	"2"	"2s2.2p.5d"	"1P*"	"1"	5	3		
"131.1362"	"131.13627"	"5.9e+07"	B	"1.2637284"	"10.718336"	"2s2.2p2"	"1D"	"2"	"2s2.2p.5d"	"1F*"	"3"	5	7		
"131.2246"	"131.22469"	"2.4e+05"	E	"1.2637284"	"10.711966"	"2s2.2p2"	"1D"	"2"	"2s2.2p.5d"	"3D*"	"3"	5	7		
"131.3462"	"131.346448"	"6.e+06"	E	"1.2637284"	"10.70320700"	"2s2.2p2"	"1D"	"2"	"2s2.2p.5d"	"3F*"	"3"	5	7		
"132.88332"	"132.8832989"	"7.3e+07"	B	"0.0000000000"	"9.33030708"	"2s2.2p2"	"3P"	"0"	"2s.2p3"	"3P*"	"1"	1	3		
"132.90861"	"132.9084642"	"2.22e+08"	B	"0.0020354130"	"9.33057587"	"2s2.2p2"	"3P"	"1"	"2s.2p3"	"3P*"	"0"	3	1		
"132.90999"	"132.9100114"	"5.4e+07"	B	"0.0020354130"	"9.330467271"	"2s2.2p2"	"3P"	"1"	"2s.2p3"	"3P*"	"2"	3	5		
"132.91233"	"132.9122938"	"5.6e+07"	B	"0.0020354130"	"9.33030708"	"2s2.2p2"	"3P"	"1"	"2s.2p3"	"3P*"	"1"	3	3		
"132.95777"	"132.9577184"	"1.64e+08"	B	"0.0053825826"	"9.330467271"	"2s2.2p2"	"3P"	"2"	"2s.2p3"	"3P*"	"2"	5	5		
"132.96001"	"132.9600025"	"9.2e+07"	B	"0.0053825826"	"9.33030708"	"2s2.2p2"	"3P"	"2"	"2s.2p3"	"3P*"	"1"	5	3		
"135.2745"	"135.275057"	"2.1e+05"	E	"1.2637284"	"10.42906912"	"2s2.2p2"	"1D"	"2"	"2s2.2p.4d"	"3P*"	"1"	5	3		
"135.4284"	"135.428888"	"3.0e+07"	C	"1.2637284"	"10.41865840"	"2s2.2p2"	"1D"	"2"	"2s2.2p.4d"	"1P*"	"1"	5	3		
"135.5843"	"135.584826"	"1.04e+08"	B	"1.2637284"	"10.40812917"	"2s2.2p2"	"1D"	"2"	"2s2.2p.4d"	"1F*"	"3"	5	7		
"135.7134"	"135.713480"	"1.4e+07"	C	"1.2637284"	"10.3994604"	"2s2.2p2"	"1D"	"2"	"2s2.2p.5s"	"1P*"	"1"	5	3		
"135.7658"	"135.765872"	"1.1e+06"	C	"1.2637284"	"10.39593494"	"2s2.2p2"	"1D"	"2"	"2s2.2p.4d"	"3D*"	"3"	5	7		
"135.9276"	"135.927524"	"2.2e+06"	C	"1.2637284"	"10.385074438"	"2s2.2p2"	"1D"	"2"	"2s2.2p.4d"	"3F*"	"3"	5	7		
"135.9440"	"135.943851"	"9.7e+05"	C	"1.2637284"	"10.38397899"	"2s2.2p2"	"1D"	"2"	"2s2.2p.5s"	"3P*"	"1"	5	3		
"136.4164"	"136.416473"	"1.6e+07"	C	"1.2637284"	"10.35238138"	"2s2.2p2"	"1D"	"2"	"2s2.2p.4d"	"1D*"	"2"	5	5		
"143.1597"	"143.1597"	"2.1e+08"	C+	"4.1826219"	"12.843173"	"2s.2p3"	"5S*"	"2"	"2s.2p2.(4P).3s"	"5P"	"3"	5	7		
"143.21070"	"143.21069"	"2.0e+08"	C+	"4.1826219"	"12.840090"	"2s.2p3"	"5S*"	"2"	"2s.2p2.(4P).3s"	"5P"	"2"	5	5		
"143.2530"	"143.2530"	"2.1e+08"	C+	"4.1826219"	"12.83753"	"2s.2p3"	"5S*"	"2"	"2s.2p2.(4P).3s"	"5P"	"1"	5	3		
"145.90311"	"145.903102"	"5.5e+07"	B	"1.2637284"	"9.76143658"	"2s2.2p2"	"1D"	"2"	"2s2.2p.3d"	"1P*"	"1"	5	3		
"146.33370"	"146.333634"	"1.79e+08"	B+	"1.2637284"	"9.73643528"	"2s2.2p2"	"1D"	"2"	"2s2.2p.3d"	"1F*"	"3"	5	7		
"146.7406"	"146.740223"	"5.49e+07"	A	"1.2637284"	"9.71295903"	"2s2.2p2"	"1D"	"2"	"2s2.2p.4s"	"1P*"	"1"	5	3		
"146.7877"	"146.787679"	"5.e+05"	D	"1.2637284"	"9.710227435"	"2s2.2p2"	"1D"	"2"	"2s2.2p.3d"	"3D*"	"3"	5	7		
""	"146.810564"	"9.e+03"	D	"1.2637284"	"9.708910751"	"2s2.2p2"	"1D"	"2"	"2s2.2p.3d"	"3D*"	"2"	5	5		
"146.8410"	"146.841033"	"2.4e+06"	D	"1.2637284"	"9.70715841"	"2s2.2p2"	"1D"	"2"	"2s2.2p.3d"	"3D*"	"1"	5	3		
"147.0094"	"147.009352"	"1.41e+06"	A	"1.2637284"	"9.697491047"	"2s2.2p2"	"1D"	"2"	"2s2.2p.3d"	"3F*"	"3"	5	7		
"147.0450"	"147.044910"	"5.4e+04"	C+	"1.2637284"	"9.69545167"	"2s2.2p2"	"1D"	"2"	"2s2.2p.3d"	"3F*"	"2"	5	5		
""	"147.155229"	"2.3e+04"	C+	"1.2637284"	"9.689130559"	"2s2.2p2"	"1D"	"2"	"2s2.2p.4s"	"3P*"	"2"	5	5		
"147.2231"	"147.223115"	"7.79e+05"	A	"1.2637284"	"9.685245529"	"2s2.2p2"	"1D"	"2"	"2s2.2p.4s"	"3P*"	"1"	5	3		
"148.17629"	"148.176299"	"3.5e+07"	B	"1.2637284"	"9.631071843"	"2s2.2p2"	"1D"	"2"	"2s2.2p.3d"	"1D*"	"2"	5	5		
"154.21760"	"154.21767"	"2.2e+07"	C+	"2.6840136"	"10.7235720"	"2s2.2p2"	"1S"	"0"	"2s2.2p.5d"	"1P*"	"1"	1	3		
"156.030827"	"156.030828"	"6.54e+07"	A	"0.0000000000"	"7.94613476"	"2s2.2p2"	"3P"	"0"	"2s.2p3"	"3D*"	"1"	1	3		
"156.068148"	"156.068140"	"8.8e+07"	A	"0.0020354130"	"7.94627046"	"2s2.2p2"	"3P"	"1"	"2s.2p3"	"3D*"	"2"	3	5		
"156.070782"	"156.070806"	"4.89e+07"	A	"0.0020354130"	"7.94613476"	"2s2.2p2"	"3P"	"1"	"2s.2p3"	"3D*"	"1"	3	3		
"156.133893"	"156.133924"	"2.93e+07"	A	"0.0053825826"	"7.94627046"	"2s2.2p2"	"3P"	"2"	"2s.2p3"	"3D*"	"2"	5	5		
"156.1340"	"156.136592"	"3.25e+06"	A	"0.0053825826"	"7.94613476"	"2s2.2p2"	"3P"	"2"	"2s.2p3"	"3D*"	"1"	5	3		
"156.143727"	"156.143734"	"1.17e+08"	A	"0.0053825826"	"7.945771557"	"2s2.2p2"	"3P"	"2"	"2s.2p3"	"3D*"	"3"	5	7		
"160.0818"	"160.081744"	"3.6e+05"	C	"2.6840136"	"10.42906912"	"2s2.2p2"	"1S"	"0"	"2s2.2p.4d"	"3P*"	"1"	1	3		
"160.29709"	"160.297211"	"4.5e+07"	B	"2.6840136"	"10.41865840"	"2s2.2p2"	"1S"	"0"	"2s2.2p.4d"	"1P*"	"1"	1	3		
"160.6962"	"160.696071"	"5.3e+06"	C	"2.6840136"	"10.3994604"	"2s2.2p2"	"1S"	"0"	"2s2.2p.5s"	"1P*"	"1"	1	3		
"160.8447"	"160.843780"	"1.7e+06"	C	"2.6840136"	"10.39237505"	"2s2.2p2"	"1S"	"0"	"2s2.2p.4d"	"3D*"	"1"	1	3		
"161.3375"	"161.337599"	"3.6e+04"	B	"0.0000000000"	"7.68476777"	"2s2.2p2"	"3P"	"0"	"2s2.2p.3s"	"1P*"	"1"	1	3		
"161.3809"	"161.380343"	"2.8e+04"	B	"0.0020354130"	"7.68476777"	"2s2.2p2"	"3P"	"1"	"2s2.2p.3s"	"1P*"	"1"	3	3		
"161.4522"	"161.450683"	"3.0e+04"	B	"0.0053825826"	"7.68476777"	"2s2.2p2"	"3P"	"2"	"2s2.2p.3s"	"1P*"	"1"	5	3		
"165.626674"	"165.626662"	"8.7e+07"	A	"0.0020354130"	"7.48779869"	"2s2.2p2"	"3P"	"1"	"2s2.2p.3s"	"3P*"	"2"	3	5		
"165.692821"	"165.692784"	"1.16e+08"	A	"0.0000000000"	"7.48277598"	"2s2.2p2"	"3P"	"0"	"2s2.2p.3s"	"3P*"	"1"	1	3		
"165.700751"	"165.700753"	"2.61e+08"	A	"0.0053825826"	"7.48779869"	"2s2.2p2"	"3P"	"2"	"2s2.2p.3s"	"3P*"	"2"	5	5		
"165.737863"	"165.737867"	"8.7e+07"	A	"0.0020354130"	"7.48277598"	"2s2.2p2"	"3P"	"1"	"2s2.2p.3s"	"3P*"	"1"	3	3		
"165.790661"	"165.790654"	"3.47e+08"	A	"0.0020354130"	"7.48039414"	"2s2.2p2"	"3P"	"1"	"2s2.2p.3s"	"3P*"	"0"	3	1		
"165.812045"	"165.812058"	"1.44e+08"	A	"0.0053825826"	"7.48277598"	"2s2.2p2"	"3P"	"2"	"2s2.2p.3s"	"3P*"	"1"	5	3		
""	"173.398038"	"1.5e+04"	D	"2.6840136"	"9.83427899"	"2s2.2p2"	"1S"	"0"	"2s2.2p.3d"	"3P*"	"1"	1	3		
"175.18271"	"175.182690"	"8.4e+07"	B+	"2.6840136"	"9.76143658"	"2s2.2p2"	"1S"	"0"	"2s2.2p.3d"	"1P*"	"1"	1	3		
"176.3906"	"176.390897"	"2.4e+06"	C	"2.6840136"	"9.71295903"	"2s2.2p2"	"1S"	"0"	"2s2.2p.4s"	"1P*"	"1"	1	3		
"176.5373"	"176.536584"	"8.e+05"	D	"2.6840136"	"9.70715841"	"2s2.2p2"	"1S"	"0"	"2s2.2p.3d"	"3D*"	"1"	1	3		
""	"177.089119"	"1.1e+04"	C	"2.6840136"	"9.685245529"	"2s2.2p2"	"1S"	"0"	"2s2.2p.4s"	"3P*"	"1"	1	3		
"193.090540"	"193.090544"	"3.39e+08"	A	"1.2637284"	"7.68476777"	"2s2.2p2"	"1D"	"2"	"2s2.2p.3s"	"1P*"	"1"	5	3		
""	"199.201154"	"8.e+02"	D	"1.2637284"	"7.48779869"	"2s2.2p2"	"1D"	"2"	"2s2.2p.3s"	"3P*"	"2"	5	5		
"199.3627"	"199.362036"	"8.2e+04"	B	"1.2637284"	"7.48277598"	"2s2.2p2"	"1D"	"2"	"2s2.2p.3s"	"3P*"	"1"	5	3		
"247.93098"	"247.931003"	"2.8e+07"	C+	"2.6840136"	"7.68476777"	"2s2.2p2"	"1S"	"0"	"2s2.2p.3s"	"1P*"	"1"	1	3		
"258.36740"	"258.367033"	"5.8e+03"	C+	"2.6840136"	"7.48277598"	"2s2.2p2"	"1S"	"0"	"2s2.2p.3s"	"3P*"	"1"	1	3		
"290.315"	"290.30462"	"4.3e+05"	D	"8.84658790"	"13.1174190"	"2s2.2p.3p"	"3P"	"0"	"2s.2p3"	"3S*"	"1"	1	3		
"290.411"	"290.40910"	"1.3e+06"	D	"8.848124381"	"13.1174190"	"2s2.2p.3p"	"3P"	"1"	"2s.2p3"	"3S*"	"1"	3	3		
"290.580"	"290.58187"	"2.2e+06"	D	"8.850662829"	"13.1174190"	"2s2.2p.3p"	"3P"	"2"	"2s.2p3"	"3S*"	"1"	5	3		
"296.57119"	"296.57130"	"9.e+00"	D	"0.0020354130"	"4.1826219"	"2s2.2p2"	"3P"	"1"	"2s.2p3"	"5S*"	"2"	3	5		
"296.80905"	"296.80894"	"2.1e+01"	D	"0.0053825826"	"4.1826219"	"2s2.2p2"	"3P"	"2"	"2s.2p3"	"5S*"	"2"	5	5		
"427.02212"	"427.02193"	"2.1e+06"	E	"7.68476777"	"10.5882298"	"2s2.2p.3s"	"1P*"	"1"	"2s2.2p.5p"	"1D"	"2"	3	5		
"437.26098"	"437.26099"	"1.27e+06"	B	"7.68476777"	"10.52024138"	"2s2.2p.3s"	"1P*"	"1"	"2s2.2p.5p"	"1P"	"1"	3	3		
"462.28639"	"462.28637"	"2.3e-03"	C+	"0.0020354130"	"2.6840136"	"2s2.2p2"	"3P"	"1"	"2s2.2p2"	"1S"	"0"	3	1	M1	
"462.86398"	"462.86404"	"2.2e-05"	C	"0.0053825826"	"2.6840136"	"2s2.2p2"	"3P"	"2"	"2s2.2p2"	"1S"	"0"	5	1	E2	
"467.797"	"467.799017"	"2.7e+03"	E	"7.48779869"	"10.13817190"	"2s2.2p.3s"	"3P*"	"2"	"2s2.2p.4p"	"1D"	"2"	5	5		
"473.5586"	"473.558708"	"2.6e+05"	C	"7.945771557"	"10.56390942"	"2s.2p3"	"3D*"	"3"	"2s2.2p.5p"	"3P"	"2"	7	5		
""	"473.624411"	"3.1e+03"	D	"7.94613476"	"10.56390942"	"2s.2p3"	"3D*"	"1"	"2s2.2p.5p"	"3P"	"2"	3	5		
"473.6490"	"473.648964"	"4.6e+04"	C	"7.94627046"	"10.56390942"	"2s.2p3"	"3D*"	"2"	"2s2.2p.5p"	"3P"	"2"	5	5		
"473.9538"	"473.954584"	"7.6e+04"	C	"7.94613476"	"10.56208579"	"2s.2p3"	"3D*"	"1"	"2s2.2p.5p"	"3P"	"1"	3	3		
"473.9791"	"473.979172"	"2.3e+05"	C	"7.94627046"	"10.56208579"	"2s.2p3"	"3D*"	"2"	"2s2.2p.5p"	"3P"	"1"	5	3		
"474.3896"	"474.3887"	"3.0e+05"	C	"7.94613476"	"10.559692"	"2s.2p3"	"3D*"	"1"	"2s2.2p.5p"	"3P"	"0"	3	1		
"476.36350"	"476.363710"	"3.4e+05"	C	"7.48039414"	"10.083115460"	"2s2.2p.3s"	"3P*"	"0"	"2s2.2p.4p"	"3P"	"1"	1	3		
"476.38570"	"476.385648"	"2.7e+05"	C	"7.48277598"	"10.085377438"	"2s2.2p.3s"	"3P*"	"1"	"2s2.2p.4p"	"3P"	"2"	3	5		
"476.80026"	"476.800045"	"2.4e+05"	C	"7.48277598"	"10.083115460"	"2s2.2p.3s"	"3P*"	"1"	"2s2.2p.4p"	"3P"	"1"	3	3		
"477.135766"	"477.135750"	"1.1e+06"	C	"7.48277598"	"10.08128590"	"2s2.2p.3s"	"3P*"	"1"	"2s2.2p.4p"	"3P"	"0"	3	1		
"477.306765"	"477.306793"	"8.0e+05"	C	"7.48779869"	"10.085377438"	"2s2.2p.3s"	"3P*"	"2"	"2s2.2p.4p"	"3P"	"2"	5	5		
"477.7242"	"477.722795"	"4.8e+05"	C	"7.48779869"	"10.083115460"	"2s2.2p.3s"	"3P*"	"2"	"2s2.2p.4p"	"3P"	"1"	5	3		
"481.4261"	"481.426179"	"4.0e+04"	C	"7.48039414"	"10.055746371"	"2s2.2p.3s"	"3P*"	"0"	"2s2.2p.4p"	"3S"	"1"	1	3		
"481.8717"	"481.871842"	"8.8e+04"	C	"7.48277598"	"10.055746371"	"2s2.2p.3s"	"3P*"	"1"	"2s2.2p.4p"	"3S"	"1"	3	3		
"482.8153"	"482.814347"	"6.3e+04"	C	"7.48779869"	"10.055746371"	"2s2.2p.3s"	"3P*"	"2"	"2s2.2p.4p"	"3S"	"1"	5	3		
"493.340225"	"493.340196"	"6.0e+06"	B	"7.68476777"	"10.19792602"	"2s2.2p.3s"	"1P*"	"1"	"2s2.2p.4p"	"1S"	"0"	3	1		
""	"501.266304"	"9.9e+03"	C	"7.945771557"	"10.41919132"	"2s.2p3"	"3D*"	"3"	"2s2.2p.(2P*<3/2>).4f"	"2[3/2]"	"2"	7	5		
"501.340"	"501.342771"	"8.2e+04"	C	"7.94613476"	"10.41917726"	"2s.2p3"	"3D*"	"1"	"2s2.2p.(2P*<3/2>).4f"	"2[3/2]"	"1"	3	3		
"501.368"	"501.367432"	"4.4e+04"	C	"7.94627046"	"10.41919132"	"2s.2p3"	"3D*"	"2"	"2s2.2p.(2P*<3/2>).4f"	"2[3/2]"	"2"	5	5		
"501.849"	"501.849172"	"1.3e+05"	C	"7.945771557"	"10.416318591"	"2s.2p3"	"3D*"	"3"	"2s2.2p.(2P*<3/2>).4f"	"2[5/2]"	"3"	7	7		
"501.9160"	"501.919035"	"3.1e+04"	C	"7.94613476"	"10.41633791"	"2s.2p3"	"3D*"	"1"	"2s2.2p.(2P*<3/2>).4f"	"2[5/2]"	"2"	3	5		
"501.947"	"501.946609"	"7.7e+04"	C	"7.94627046"	"10.41633791"	"2s.2p3"	"3D*"	"2"	"2s2.2p.(2P*<3/2>).4f"	"2[5/2]"	"2"	5	5		
"502.525"	"502.524609"	"1.8e+05"	C	"7.945771557"	"10.41299796"	"2s.2p3"	"3D*"	"3"	"2s2.2p.(2P*<3/2>).4f"	"2[7/2]"	"4"	7	9		
"502.6317"	"502.633078"	"7.1e+04"	C	"7.94627046"	"10.41296443"	"2s.2p3"	"3D*"	"2"	"2s2.2p.(2P*<3/2>).4f"	"2[7/2]"	"3"	5	7		
"504.048"	"504.046124"	"4.7e+05"	C	"7.945771557"	"10.405550385"	"2s.2p3"	"3D*"	"3"	"2s2.2p.(2P*<1/2>).4f"	"2[7/2]"	"4"	7	9		
"504.1539"	"504.153447"	"1.9e+05"	C	"7.94627046"	"10.40552565"	"2s.2p3"	"3D*"	"2"	"2s2.2p.(2P*<1/2>).4f"	"2[7/2]"	"3"	5	7		
"504.2887"	"504.289620"	"5.3e+05"	C	"7.94613476"	"10.40472588"	"2s.2p3"	"3D*"	"1"	"2s2.2p.(2P*<1/2>).4f"	"2[5/2]"	"2"	3	5		
"504.321"	"504.317456"	"5.7e+04"	C	"7.94627046"	"10.40472588"	"2s.2p3"	"3D*"	"2"	"2s2.2p.(2P*<1/2>).4f"	"2[5/2]"	"2"	5	5		
"504.321"	"504.320267"	"3.3e+05"	C	"7.94627046"	"10.404712177"	"2s.2p3"	"3D*"	"2"	"2s2.2p.(2P*<1/2>).4f"	"2[5/2]"	"3"	5	7		
"505.355783"	"505.355792"	"2.6e+06"	B	"7.68476777"	"10.13817190"	"2s2.2p.3s"	"1P*"	"1"	"2s2.2p.4p"	"1D"	"2"	3	5		
"505.4924"	"505.4938"	"7.7e+05"	C	"8.53709962"	"10.989834"	"2s2.2p.3p"	"1P"	"1"	"2s2.2p.(2P*<3/2>).7d"	"2[3/2]*"	"1"	3	3		
"527.0422"	"527.0418"	"1.3e+06"	C	"8.53709962"	"10.889554"	"2s2.2p.3p"	"1P"	"1"	"2s2.2p.6d"	"1P*"	"1"	3	3		
""	"529.2465"	"8.e+03"	D	"8.64039604"	"10.983051"	"2s2.2p.3p"	"3D"	"1"	"2s2.2p.(2P*<3/2>).8s"	"2[3/2]*"	"2"	3	5		
"529.8404"	"529.8408"	"1.1e+05"	D	"8.643023685"	"10.983051"	"2s2.2p.3p"	"3D"	"2"	"2s2.2p.(2P*<3/2>).8s"	"2[3/2]*"	"2"	5	5		
"530.2320"	"530.2339"	"1.9e+05"	D	"8.64039604"	"10.9786886"	"2s2.2p.3p"	"3D"	"1"	"2s2.2p.(2P*<1/2>).8s"	"2[1/2]*"	"1"	3	3		
"530.3827"	"530.3834"	"8.e+05"	D	"8.64039604"	"10.978030"	"2s2.2p.3p"	"3D"	"1"	"2s2.2p.(2P*<1/2>).8s"	"2[1/2]*"	"0"	3	1		
"530.7791"	"530.7791"	"6.e+05"	D	"8.647160399"	"10.983051"	"2s2.2p.3p"	"3D"	"3"	"2s2.2p.(2P*<3/2>).8s"	"2[3/2]*"	"2"	7	5		
"530.8313"	"530.8304"	"6.e+05"	D	"8.643023685"	"10.9786886"	"2s2.2p.3p"	"3D"	"2"	"2s2.2p.(2P*<1/2>).8s"	"2[1/2]*"	"1"	5	3		
"538.18269"	"538.182620"	"1.86e+06"	B	"7.68476777"	"9.98852478"	"2s2.2p.3s"	"1P*"	"1"	"2s2.2p.4p"	"1P"	"1"	3	3		
""	"553.5790"	"1.2e+04"	D	"8.64039604"	"10.880080"	"2s2.2p.3p"	"3D"	"1"	"2s2.2p.7s"	"3P*"	"2"	3	5		
"554.2295"	"554.2292"	"1.8e+05"	D	"8.643023685"	"10.880080"	"2s2.2p.3p"	"3D"	"2"	"2s2.2p.7s"	"3P*"	"2"	5	5		
"554.661"	"554.6592"	"3.0e+05"	D	"8.64039604"	"10.8757182"	"2s2.2p.3p"	"3D"	"1"	"2s2.2p.7s"	"3P*"	"1"	3	3		
"554.8812"	"554.8806"	"1.2e+06"	D	"8.64039604"	"10.874826"	"2s2.2p.3p"	"3D"	"1"	"2s2.2p.7s"	"3P*"	"0"	3	1		
"555.2574"	"555.2560"	"1.0e+06"	D	"8.647160399"	"10.880080"	"2s2.2p.3p"	"3D"	"3"	"2s2.2p.7s"	"3P*"	"2"	7	5		
"555.3131"	"555.3120"	"9.e+05"	D	"8.643023685"	"10.8757182"	"2s2.2p.3p"	"3D"	"2"	"2s2.2p.7s"	"3P*"	"1"	5	3		
"560.5289"	"560.5284"	"1.6e+05"	D	"8.771134696"	"10.983051"	"2s2.2p.3p"	"3S"	"1"	"2s2.2p.(2P*<3/2>).8s"	"2[3/2]*"	"2"	3	5		
"561.6368"	"561.6361"	"1.6e+05"	D	"8.771134696"	"10.9786886"	"2s2.2p.3p"	"3S"	"1"	"2s2.2p.(2P*<1/2>).8s"	"2[1/2]*"	"1"	3	3		
"561.8049"	"561.8038"	"1.6e+05"	D	"8.771134696"	"10.978030"	"2s2.2p.3p"	"3S"	"1"	"2s2.2p.(2P*<1/2>).8s"	"2[1/2]*"	"0"	3	1		
"567.0524"	"567.0513"	"2.4e+06"	C	"8.53709962"	"10.7235720"	"2s2.2p.3p"	"1P"	"1"	"2s2.2p.5d"	"1P*"	"1"	3	3		
""	"578.223"	"4.5e+04"	D	"8.84658790"	"10.99081"	"2s2.2p.3p"	"3P"	"0"	"2s2.2p.(2P*<3/2>).7d"	"2[1/2]*"	"1"	1	3		
""	"578.59"	"1.4e+05"	D	"8.848124381"	"10.99100"	"2s2.2p.3p"	"3P"	"1"	"2s2.2p.(2P*<3/2>).7d"	"2[1/2]*"	"0"	3	1		
""	"578.638"	"3.4e+04"	D	"8.848124381"	"10.99081"	"2s2.2p.3p"	"3P"	"1"	"2s2.2p.(2P*<3/2>).7d"	"2[1/2]*"	"1"	3	3		
""	"578.899"	"3.4e+04"	D	"8.848124381"	"10.98985"	"2s2.2p.3p"	"3P"	"1"	"2s2.2p.(2P*<3/2>).7d"	"2[3/2]*"	"2"	3	5		
""	"579.324"	"6.e+04"	D	"8.850662829"	"10.99081"	"2s2.2p.3p"	"3P"	"2"	"2s2.2p.(2P*<3/2>).7d"	"2[1/2]*"	"1"	5	3		
"579.4722"	"579.472133"	"3.4e+05"	B	"7.945771557"	"10.085377438"	"2s.2p3"	"3D*"	"3"	"2s2.2p.4p"	"3P"	"2"	7	5		
""	"579.570515"	"4.4e+03"	D	"7.94613476"	"10.085377438"	"2s.2p3"	"3D*"	"1"	"2s2.2p.4p"	"3P"	"2"	3	5		
""	"579.586"	"1.0e+05"	D	"8.850662829"	"10.98985"	"2s2.2p.3p"	"3P"	"2"	"2s2.2p.(2P*<3/2>).7d"	"2[3/2]*"	"2"	5	5		
"579.6066"	"579.607283"	"6.4e+04"	C+	"7.94627046"	"10.085377438"	"2s.2p3"	"3D*"	"2"	"2s2.2p.4p"	"3P"	"2"	5	5		
"580.1840"	"580.183986"	"1.04e+05"	C+	"7.94613476"	"10.083115460"	"2s.2p3"	"3D*"	"1"	"2s2.2p.4p"	"3P"	"1"	3	3		
"580.2202"	"580.220831"	"3.0e+05"	B	"7.94627046"	"10.083115460"	"2s.2p3"	"3D*"	"2"	"2s2.2p.4p"	"3P"	"1"	5	3		
"580.6802"	"580.681131"	"4.1e+05"	C+	"7.94613476"	"10.08128590"	"2s.2p3"	"3D*"	"1"	"2s2.2p.4p"	"3P"	"0"	3	1		
"580.741"	"580.7422"	"9.e+04"	D	"8.848124381"	"10.983051"	"2s2.2p.3p"	"3P"	"1"	"2s2.2p.(2P*<3/2>).8s"	"2[3/2]*"	"2"	3	5		
""	"581.4335"	"2.7e+05"	D	"8.850662829"	"10.983051"	"2s2.2p.3p"	"3P"	"2"	"2s2.2p.(2P*<3/2>).8s"	"2[3/2]*"	"2"	5	5		
"581.5122"	"581.5119"	"1.2e+05"	D	"8.84658790"	"10.9786886"	"2s2.2p.3p"	"3P"	"0"	"2s2.2p.(2P*<1/2>).8s"	"2[1/2]*"	"1"	1	3		
"581.9314"	"581.9313"	"9.e+04"	D	"8.848124381"	"10.9786886"	"2s2.2p.3p"	"3P"	"1"	"2s2.2p.(2P*<1/2>).8s"	"2[1/2]*"	"1"	3	3		
"582.1112"	"582.1113"	"3.6e+05"	D	"8.848124381"	"10.978030"	"2s2.2p.3p"	"3P"	"1"	"2s2.2p.(2P*<1/2>).8s"	"2[1/2]*"	"0"	3	1		
"582.6258"	"582.6255"	"1.5e+05"	D	"8.850662829"	"10.9786886"	"2s2.2p.3p"	"3P"	"2"	"2s2.2p.(2P*<1/2>).8s"	"2[1/2]*"	"1"	5	3		
"587.894"	"587.8967"	"2.8e+05"	D	"8.771134696"	"10.880080"	"2s2.2p.3p"	"3S"	"1"	"2s2.2p.7s"	"3P*"	"2"	3	5		
"589.1147"	"589.1151"	"2.8e+05"	D	"8.771134696"	"10.8757182"	"2s2.2p.3p"	"3S"	"1"	"2s2.2p.7s"	"3P*"	"1"	3	3		
"589.3633"	"589.3649"	"2.8e+05"	D	"8.771134696"	"10.874826"	"2s2.2p.3p"	"3S"	"1"	"2s2.2p.7s"	"3P*"	"0"	3	1		
"597.0980"	"597.098508"	"2.5e+04"	C	"7.945771557"	"10.022216175"	"2s.2p3"	"3D*"	"3"	"2s2.2p.4p"	"3D"	"3"	7	7		
""	"598.8049"	"3.1e+04"	D	"8.64039604"	"10.710924"	"2s2.2p.3p"	"3D"	"1"	"2s2.2p.5d"	"3D*"	"2"	3	5		
""	"599.2638"	"2.3e+04"	D	"8.643023685"	"10.711966"	"2s2.2p.3p"	"3D"	"2"	"2s2.2p.5d"	"3D*"	"3"	5	7		
""	"599.5158"	"2.2e+04"	D	"8.64039604"	"10.708468"	"2s2.2p.3p"	"3D"	"1"	"2s2.2p.6s"	"3P*"	"2"	3	5		
""	"599.5658"	"1.4e+05"	D	"8.643023685"	"10.710924"	"2s2.2p.3p"	"3D"	"2"	"2s2.2p.5d"	"3D*"	"2"	5	5		
"599.7718"	"599.7704"	"1.5e+05"	D	"8.64039604"	"10.707590"	"2s2.2p.3p"	"3D"	"1"	"2s2.2p.5d"	"3D*"	"1"	3	3		
"600.2788"	"600.2785"	"3.2e+05"	D	"8.643023685"	"10.708468"	"2s2.2p.3p"	"3D"	"2"	"2s2.2p.6s"	"3P*"	"2"	5	5		
"600.4645"	"600.4644"	"1.8e+05"	D	"8.647160399"	"10.711966"	"2s2.2p.3p"	"3D"	"3"	"2s2.2p.5d"	"3D*"	"3"	7	7		
"600.5329"	"600.5338"	"5.e+04"	D	"8.643023685"	"10.707590"	"2s2.2p.3p"	"3D"	"2"	"2s2.2p.5d"	"3D*"	"1"	5	3		
"600.7691"	"600.7676"	"3.1e+04"	D	"8.647160399"	"10.710924"	"2s2.2p.3p"	"3D"	"3"	"2s2.2p.5d"	"3D*"	"2"	7	5		
"600.8842"	"600.8836"	"5.e+05"	D	"8.64039604"	"10.7037605"	"2s2.2p.3p"	"3D"	"1"	"2s2.2p.6s"	"3P*"	"1"	3	3		
"601.2344"	"601.2334"	"2.1e+06"	D	"8.64039604"	"10.702560"	"2s2.2p.3p"	"3D"	"1"	"2s2.2p.6s"	"3P*"	"0"	3	1		
"601.3901"	"601.3881"	"3.7e+05"	D	"8.64039604"	"10.702030"	"2s2.2p.3p"	"3D"	"1"	"2s2.2p.5d"	"3F*"	"2"	3	5		
"601.489"	"601.4831"	"1.8e+06"	D	"8.647160399"	"10.708468"	"2s2.2p.3p"	"3D"	"3"	"2s2.2p.6s"	"3P*"	"2"	7	5		
"601.489"	"601.49172"	"4.4e+05"	D	"8.647160399"	"10.7084390"	"2s2.2p.3p"	"3D"	"3"	"2s2.2p.5d"	"3F*"	"4"	7	9		
"601.6511"	"601.6498"	"1.6e+06"	D	"8.643023685"	"10.7037605"	"2s2.2p.3p"	"3D"	"2"	"2s2.2p.6s"	"3P*"	"1"	5	3		
"601.8115"	"601.81149"	"3.9e+05"	D	"8.643023685"	"10.70320700"	"2s2.2p.3p"	"3D"	"2"	"2s2.2p.5d"	"3F*"	"3"	5	7		
"602.1533"	"602.1556"	"7.e+04"	D	"8.643023685"	"10.702030"	"2s2.2p.3p"	"3D"	"2"	"2s2.2p.5d"	"3F*"	"2"	5	5		
""	"603.02232"	"5.e+04"	D	"8.647160399"	"10.70320700"	"2s2.2p.3p"	"3D"	"3"	"2s2.2p.5d"	"3F*"	"3"	7	7		
""	"603.3678"	"1.9e+03"	D	"8.647160399"	"10.702030"	"2s2.2p.3p"	"3D"	"3"	"2s2.2p.5d"	"3F*"	"2"	7	5		
"606.3767"	"606.3772"	"9.e+04"	D	"8.84658790"	"10.891259"	"2s2.2p.3p"	"3P"	"0"	"2s2.2p.6d"	"3P*"	"1"	1	3		
""	"606.79"	"2.6e+05"	D	"8.848124381"	"10.89140"	"2s2.2p.3p"	"3P"	"1"	"2s2.2p.6d"	"3P*"	"0"	3	1		
""	"606.8332"	"6.e+04"	D	"8.848124381"	"10.891259"	"2s2.2p.3p"	"3P"	"1"	"2s2.2p.6d"	"3P*"	"1"	3	3		
"607.2514"	"607.2518"	"6.e+04"	D	"8.848124381"	"10.889851"	"2s2.2p.3p"	"3P"	"1"	"2s2.2p.6d"	"3P*"	"2"	3	5		
""	"607.5880"	"1.1e+05"	D	"8.850662829"	"10.891259"	"2s2.2p.3p"	"3P"	"2"	"2s2.2p.6d"	"3P*"	"1"	5	3		
"608.0078"	"608.0078"	"1.9e+05"	D	"8.850662829"	"10.889851"	"2s2.2p.3p"	"3P"	"2"	"2s2.2p.6d"	"3P*"	"2"	5	5		
"610.1717"	"610.1718"	"1.4e+05"	D	"8.848124381"	"10.880080"	"2s2.2p.3p"	"3P"	"1"	"2s2.2p.7s"	"3P*"	"2"	3	5		
"610.9344"	"610.9350"	"4.2e+05"	D	"8.850662829"	"10.880080"	"2s2.2p.3p"	"3P"	"2"	"2s2.2p.7s"	"3P*"	"2"	5	5		
"611.0217"	"611.0214"	"1.9e+05"	D	"8.84658790"	"10.8757182"	"2s2.2p.3p"	"3P"	"0"	"2s2.2p.7s"	"3P*"	"1"	1	3		
"611.4842"	"611.4844"	"1.4e+05"	D	"8.848124381"	"10.8757182"	"2s2.2p.3p"	"3P"	"1"	"2s2.2p.7s"	"3P*"	"1"	3	3		
"611.7543"	"611.7535"	"6.e+05"	D	"8.848124381"	"10.874826"	"2s2.2p.3p"	"3P"	"1"	"2s2.2p.7s"	"3P*"	"0"	3	1		
"612.2512"	"612.2509"	"2.3e+05"	D	"8.850662829"	"10.8757182"	"2s2.2p.3p"	"3P"	"2"	"2s2.2p.7s"	"3P*"	"1"	5	3		
"629.4106"	"629.4100"	"2.1e+05"	D	"9.00258381"	"10.972432"	"2s2.2p.3p"	"1D"	"2"	"2s2.2p.(2P*<1/2>).7d"	"2[5/2]*"	"2"	5	5		
"639.9748"	"639.9734"	"5.e+05"	D	"8.771134696"	"10.708468"	"2s2.2p.3p"	"3S"	"1"	"2s2.2p.6s"	"3P*"	"2"	3	5		
"641.5326"	"641.5323"	"5.e+05"	D	"8.771134696"	"10.7037605"	"2s2.2p.3p"	"3S"	"1"	"2s2.2p.6s"	"3P*"	"1"	3	3		
"641.9318"	"641.9310"	"5.e+05"	D	"8.771134696"	"10.702560"	"2s2.2p.3p"	"3S"	"1"	"2s2.2p.6s"	"3P*"	"0"	3	1		
"657.0522"	"657.0542"	"3.5e+05"	D	"9.00258381"	"10.889554"	"2s2.2p.3p"	"1D"	"2"	"2s2.2p.6d"	"1P*"	"1"	5	3		
"658.8092"	"658.8088"	"5.e+05"	D	"9.00258381"	"10.884529"	"2s2.2p.3p"	"1D"	"2"	"2s2.2p.7s"	"1P*"	"1"	5	3		
"658.9428"	"658.94406"	"5.1e+06"	B	"8.53709962"	"10.41865840"	"2s2.2p.3p"	"1P"	"1"	"2s2.2p.4d"	"1P*"	"1"	3	3		
"659.3267"	"659.3278"	"2.0e+05"	D	"8.84658790"	"10.7270516"	"2s2.2p.3p"	"3P"	"0"	"2s2.2p.5d"	"3P*"	"1"	1	3		
"659.7062"	"659.7066"	"6.e+05"	D	"8.848124381"	"10.727508"	"2s2.2p.3p"	"3P"	"1"	"2s2.2p.5d"	"3P*"	"0"	3	1		
"659.8671"	"659.8670"	"1.5e+05"	D	"8.848124381"	"10.7270516"	"2s2.2p.3p"	"3P"	"1"	"2s2.2p.5d"	"3P*"	"1"	3	3		
"660.4240"	"660.42443"	"1.3e+06"	D	"8.848124381"	"10.72546557"	"2s2.2p.3p"	"3P"	"1"	"2s2.2p.5d"	"3P*"	"2"	3	5		
"660.7609"	"660.7596"	"2.5e+05"	D	"8.850662829"	"10.7270516"	"2s2.2p.3p"	"3P"	"2"	"2s2.2p.5d"	"3P*"	"1"	5	3		
"661.3180"	"661.31863"	"4.4e+05"	D	"8.850662829"	"10.72546557"	"2s2.2p.3p"	"3P"	"2"	"2s2.2p.5d"	"3P*"	"2"	5	5		
"665.6447"	"665.6445"	"2.9e+05"	D	"9.00258381"	"10.865203"	"2s2.2p.3p"	"1D"	"2"	"2s2.2p.6d"	"1D*"	"2"	5	5		
"665.7347"	"665.73672"	"5.0e+05"	C	"8.53709962"	"10.3994604"	"2s2.2p.3p"	"1P"	"1"	"2s2.2p.5s"	"1P*"	"1"	3	3		
"666.4573"	"666.4585"	"2.2e+05"	C	"8.848124381"	"10.708468"	"2s2.2p.3p"	"3P"	"1"	"2s2.2p.6s"	"3P*"	"2"	3	5		
"667.3682"	"667.3691"	"6.7e+05"	C	"8.850662829"	"10.708468"	"2s2.2p.3p"	"3P"	"2"	"2s2.2p.6s"	"3P*"	"2"	5	5		
"667.5953"	"667.5965"	"3.0e+05"	C	"8.84658790"	"10.7037605"	"2s2.2p.3p"	"3P"	"0"	"2s2.2p.6s"	"3P*"	"1"	1	3		
""	"668.1493"	"2.2e+05"	C	"8.848124381"	"10.7037605"	"2s2.2p.3p"	"3P"	"1"	"2s2.2p.6s"	"3P*"	"1"	3	3		
"668.5799"	"668.5818"	"8.9e+05"	C	"8.848124381"	"10.702560"	"2s2.2p.3p"	"3P"	"1"	"2s2.2p.6s"	"3P*"	"0"	3	1		
"669.0634"	"669.0645"	"3.7e+05"	C	"8.850662829"	"10.7037605"	"2s2.2p.3p"	"3P"	"2"	"2s2.2p.6s"	"3P*"	"1"	5	3		
"671.3144"	"671.31725"	"1.0e+05"	C	"8.53709962"	"10.38397899"	"2s2.2p.3p"	"1P"	"1"	"2s2.2p.5s"	"3P*"	"1"	3	3		
"683.0001"	"683.002501"	"9.9e+05"	C	"8.53709962"	"10.35238138"	"2s2.2p.3p"	"1P"	"1"	"2s2.2p.4d"	"1D*"	"2"	3	5		
""	"697.22107"	"3.3e+04"	C	"8.64039604"	"10.41865840"	"2s2.2p.3p"	"3D"	"1"	"2s2.2p.4d"	"1P*"	"1"	3	3		
""	"702.418069"	"4.1e+04"	C	"8.643023685"	"10.40812917"	"2s2.2p.3p"	"3D"	"2"	"2s2.2p.4d"	"1F*"	"3"	5	7		
"705.8817"	"705.88479"	"1.6e+05"	C	"8.643023685"	"10.3994604"	"2s2.2p.3p"	"3D"	"2"	"2s2.2p.5s"	"1P*"	"1"	5	3		
""	"706.784766"	"2.3e+03"	E	"8.64039604"	"10.39459625"	"2s2.2p.3p"	"3D"	"1"	"2s2.2p.4d"	"3D*"	"2"	3	5		
""	"707.304482"	"2.7e+04"	D	"8.643023685"	"10.39593494"	"2s2.2p.3p"	"3D"	"2"	"2s2.2p.4d"	"3D*"	"3"	5	7		
"707.6815"	"707.68084"	"3.4e+05"	D+	"8.64039604"	"10.39237505"	"2s2.2p.3p"	"3D"	"1"	"2s2.2p.4d"	"3D*"	"1"	3	3		
"707.8430"	"707.845056"	"3.0e+05"	D+	"8.643023685"	"10.39459625"	"2s2.2p.3p"	"3D"	"2"	"2s2.2p.4d"	"3D*"	"2"	5	5		
"708.7465"	"708.74383"	"1.9e+05"	D+	"8.643023685"	"10.39237505"	"2s2.2p.3p"	"3D"	"2"	"2s2.2p.4d"	"3D*"	"1"	5	3		
"708.9781"	"708.977606"	"6.9e+05"	C	"8.647160399"	"10.39593494"	"2s2.2p.3p"	"3D"	"3"	"2s2.2p.4d"	"3D*"	"3"	7	7		
""	"709.139687"	"1.49e+04"	B	"8.64039604"	"10.38877088"	"2s2.2p.3p"	"3D"	"1"	"2s2.2p.5s"	"3P*"	"2"	3	5		
"709.521"	"709.520742"	"5.3e+05"	D+	"8.647160399"	"10.39459625"	"2s2.2p.3p"	"3D"	"3"	"2s2.2p.4d"	"3D*"	"2"	7	5		
"710.2081"	"710.207060"	"9.0e+05"	B	"8.643023685"	"10.38877088"	"2s2.2p.3p"	"3D"	"2"	"2s2.2p.5s"	"3P*"	"2"	5	5		
"711.0895"	"711.08862"	"1.12e+06"	B	"8.64039604"	"10.38397899"	"2s2.2p.3p"	"3D"	"1"	"2s2.2p.5s"	"3P*"	"1"	3	3		
"711.3436"	"711.341849"	"2.17e+06"	B	"8.64039604"	"10.38335829"	"2s2.2p.3p"	"3D"	"1"	"2s2.2p.4d"	"3F*"	"2"	3	5		
"711.5141"	"711.512660"	"2.47e+06"	B	"8.647160399"	"10.389704212"	"2s2.2p.3p"	"3D"	"3"	"2s2.2p.4d"	"3F*"	"4"	7	9		
"711.715"	"711.71325"	"4.4e+06"	B	"8.64039604"	"10.38244873"	"2s2.2p.3p"	"3D"	"1"	"2s2.2p.5s"	"3P*"	"0"	3	1		
"711.715"	"711.714043"	"2.19e+06"	B	"8.643023685"	"10.385074438"	"2s2.2p.3p"	"3D"	"2"	"2s2.2p.4d"	"3F*"	"3"	5	7		
"711.8952"	"711.893961"	"3.3e+06"	B	"8.647160399"	"10.38877088"	"2s2.2p.3p"	"3D"	"3"	"2s2.2p.5s"	"3P*"	"2"	7	5		
"712.1634"	"712.16187"	"3.1e+06"	B	"8.643023685"	"10.38397899"	"2s2.2p.3p"	"3D"	"2"	"2s2.2p.5s"	"3P*"	"1"	5	3		
"712.4159"	"712.415867"	"2.01e+05"	B	"8.643023685"	"10.38335829"	"2s2.2p.3p"	"3D"	"2"	"2s2.2p.4d"	"3F*"	"2"	5	5		
"713.4078"	"713.408118"	"1.17e+05"	B	"8.647160399"	"10.385074438"	"2s2.2p.3p"	"3D"	"3"	"2s2.2p.4d"	"3F*"	"3"	7	7		
"714.14"	"714.113289"	"2.1e+04"	C+	"8.647160399"	"10.38335829"	"2s2.2p.3p"	"3D"	"3"	"2s2.2p.4d"	"3F*"	"2"	7	5		
"720.4249"	"720.4245"	"5.e+05"	D	"9.00258381"	"10.7235720"	"2s2.2p.3p"	"1D"	"2"	"2s2.2p.5d"	"1P*"	"1"	5	3		
"721.8018"	"721.8001"	"2.4e+05"	D	"9.17184612"	"10.889554"	"2s2.2p.3p"	"1S"	"0"	"2s2.2p.6d"	"1P*"	"1"	1	3		
"724.3315"	"724.3312"	"9.e+05"	D	"9.00258381"	"10.7142898"	"2s2.2p.3p"	"1D"	"2"	"2s2.2p.6s"	"1P*"	"1"	5	3		
""	"734.038186"	"5.e+03"	E	"7.48277598"	"9.17184612"	"2s2.2p.3s"	"3P*"	"1"	"2s2.2p.3p"	"1S"	"0"	3	1		
"736.6763"	"736.67550"	"3.6e+05"	C	"9.00258381"	"10.68560706"	"2s2.2p.3p"	"1D"	"2"	"2s2.2p.5d"	"1D*"	"2"	5	5		
"747.537"	"747.53759"	"1.08e+06"	C+	"8.771134696"	"10.42970278"	"2s2.2p.3p"	"3S"	"1"	"2s2.2p.4d"	"3P*"	"0"	3	1		
"747.818"	"747.82330"	"1.06e+06"	C+	"8.771134696"	"10.42906912"	"2s2.2p.3p"	"3S"	"1"	"2s2.2p.4d"	"3P*"	"1"	3	3		
"748.547"	"748.550533"	"1.01e+06"	C+	"8.771134696"	"10.42745839"	"2s2.2p.3p"	"3S"	"1"	"2s2.2p.4d"	"3P*"	"2"	3	5		
""	"761.4214"	"5.2e+04"	C	"8.771134696"	"10.3994604"	"2s2.2p.3p"	"3S"	"1"	"2s2.2p.5s"	"1P*"	"1"	3	3		
""	"763.702705"	"1.6e+04"	C	"8.771134696"	"10.39459625"	"2s2.2p.3p"	"3S"	"1"	"2s2.2p.4d"	"3D*"	"2"	3	5		
"766.455"	"766.452924"	"1.20e+06"	B	"8.771134696"	"10.38877088"	"2s2.2p.3p"	"3S"	"1"	"2s2.2p.5s"	"3P*"	"2"	3	5		
"768.729"	"768.73012"	"1.14e+06"	B	"8.771134696"	"10.38397899"	"2s2.2p.3p"	"3S"	"1"	"2s2.2p.5s"	"3P*"	"1"	3	3		
"769.4612"	"769.46018"	"1.18e+06"	B	"8.771134696"	"10.38244873"	"2s2.2p.3p"	"3S"	"1"	"2s2.2p.5s"	"3P*"	"0"	3	1		
"783.4784"	"783.47975"	"5.7e+05"	B	"8.84658790"	"10.42906912"	"2s2.2p.3p"	"3P"	"0"	"2s2.2p.4d"	"3P*"	"1"	1	3		
"783.9261"	"783.92699"	"1.81e+06"	B	"8.848124381"	"10.42970278"	"2s2.2p.3p"	"3P"	"1"	"2s2.2p.4d"	"3P*"	"0"	3	1		
"784.2427"	"784.24119"	"5.2e+05"	B	"8.848124381"	"10.42906912"	"2s2.2p.3p"	"3P"	"1"	"2s2.2p.4d"	"3P*"	"1"	3	3		
"785.0405"	"785.041022"	"4.0e+05"	B	"8.848124381"	"10.42745839"	"2s2.2p.3p"	"3P"	"1"	"2s2.2p.4d"	"3P*"	"2"	3	5		
"785.5023"	"785.50244"	"7.5e+05"	B	"8.850662829"	"10.42906912"	"2s2.2p.3p"	"3P"	"2"	"2s2.2p.4d"	"3P*"	"1"	5	3		
"786.304"	"786.304842"	"1.53e+06"	B	"8.850662829"	"10.42745839"	"2s2.2p.3p"	"3P"	"2"	"2s2.2p.4d"	"3P*"	"2"	5	5		
""	"789.43975"	"1.6e+04"	C	"8.848124381"	"10.41865840"	"2s2.2p.3p"	"3P"	"1"	"2s2.2p.4d"	"1P*"	"1"	3	3		
""	"798.4184"	"3.6e+04"	C	"8.84658790"	"10.3994604"	"2s2.2p.3p"	"3P"	"0"	"2s2.2p.5s"	"1P*"	"1"	1	3		
"799.0086"	"799.0084"	"3.0e+05"	D	"9.17184612"	"10.7235720"	"2s2.2p.3p"	"1S"	"0"	"2s2.2p.5d"	"1P*"	"1"	1	3		
"801.718"	"801.72294"	"5.e+05"	D	"8.848124381"	"10.39459625"	"2s2.2p.3p"	"3P"	"1"	"2s2.2p.4d"	"3D*"	"2"	3	5		
"802.0769"	"802.07808"	"2.6e+05"	D	"8.84658790"	"10.39237505"	"2s2.2p.3p"	"3P"	"0"	"2s2.2p.4d"	"3D*"	"1"	1	3		
"802.347"	"802.345411"	"3.2e+05"	D	"8.850662829"	"10.39593494"	"2s2.2p.3p"	"3P"	"2"	"2s2.2p.4d"	"3D*"	"3"	5	7		
"802.89"	"802.87612"	"8.e+04"	D	"8.848124381"	"10.39237505"	"2s2.2p.3p"	"3P"	"1"	"2s2.2p.4d"	"3D*"	"1"	3	3		
"803.05"	"803.04109"	"2.3e+03"	D	"8.850662829"	"10.39459625"	"2s2.2p.3p"	"3P"	"2"	"2s2.2p.4d"	"3D*"	"2"	5	5		
"804.7546"	"804.75436"	"2.7e+05"	B	"8.848124381"	"10.38877088"	"2s2.2p.3p"	"3P"	"1"	"2s2.2p.5s"	"3P*"	"2"	3	5		
"806.081"	"806.082500"	"1.09e+06"	B	"8.850662829"	"10.38877088"	"2s2.2p.3p"	"3P"	"2"	"2s2.2p.5s"	"3P*"	"2"	5	5		
"806.4573"	"806.45842"	"4.8e+05"	B	"8.84658790"	"10.38397899"	"2s2.2p.3p"	"3P"	"0"	"2s2.2p.5s"	"3P*"	"1"	1	3		
"807.2635"	"807.26520"	"3.8e+05"	B	"8.848124381"	"10.38397899"	"2s2.2p.3p"	"3P"	"1"	"2s2.2p.5s"	"3P*"	"1"	3	3		
""	"808.024377"	"1.2e+04"	C	"8.850662829"	"10.385074438"	"2s2.2p.3p"	"3P"	"2"	"2s2.2p.4d"	"3F*"	"3"	5	7		
"808.0701"	"808.07033"	"1.56e+06"	B	"8.848124381"	"10.38244873"	"2s2.2p.3p"	"3P"	"1"	"2s2.2p.5s"	"3P*"	"0"	3	1		
"808.6020"	"808.60165"	"6.3e+05"	B	"8.850662829"	"10.38397899"	"2s2.2p.3p"	"3P"	"2"	"2s2.2p.5s"	"3P*"	"1"	5	3		
""	"815.788650"	"4.e+03"	E	"7.48277598"	"9.00258381"	"2s2.2p.3s"	"3P*"	"1"	"2s2.2p.3p"	"1D"	"2"	3	5		
""	"818.493634"	"1.5e+03"	E	"7.48779869"	"9.00258381"	"2s2.2p.3s"	"3P*"	"2"	"2s2.2p.3p"	"1D"	"2"	5	5		
"833.74351"	"833.743553"	"3.51e+07"	B+	"7.68476777"	"9.17184612"	"2s2.2p.3s"	"1P*"	"1"	"2s2.2p.3p"	"1S"	"0"	3	1		
"872.9523"	"872.9528"	"6.0e-01"	B	"1.2637284"	"2.6840136"	"2s2.2p2"	"1D"	"2"	"2s2.2p2"	"1S"	"0"	5	1	E2	
"875.5520"	"875.54850"	"5.e+05"	D	"9.00258381"	"10.41865840"	"2s2.2p.3p"	"1D"	"2"	"2s2.2p.4d"	"1P*"	"1"	5	3		
"887.5826"	"887.5816"	"2.05e+06"	B	"9.00258381"	"10.3994604"	"2s2.2p.3p"	"1D"	"2"	"2s2.2p.5s"	"1P*"	"1"	5	3		
""	"892.10663"	"1.1e+05"	C	"9.00258381"	"10.39237505"	"2s2.2p.3p"	"1D"	"2"	"2s2.2p.4d"	"3D*"	"1"	5	3		
""	"897.52882"	"6.7e+04"	C	"9.00258381"	"10.38397899"	"2s2.2p.3p"	"1D"	"2"	"2s2.2p.5s"	"3P*"	"1"	5	3		
"906.39220"	"906.392207"	"7.3e+06"	B	"7.48277598"	"8.850662829"	"2s2.2p.3s"	"3P*"	"1"	"2s2.2p.3p"	"3P"	"2"	3	5		
"906.49599"	"906.49599"	"9.5e+06"	B	"7.48039414"	"8.848124381"	"2s2.2p.3s"	"3P*"	"0"	"2s2.2p.3p"	"3P"	"1"	1	3		
"908.07737"	"908.077366"	"7.1e+06"	B	"7.48277598"	"8.848124381"	"2s2.2p.3s"	"3P*"	"1"	"2s2.2p.3p"	"3P"	"1"	3	3		
"909.10043"	"909.100410"	"3.0e+07"	B	"7.48277598"	"8.84658790"	"2s2.2p.3s"	"3P*"	"1"	"2s2.2p.3p"	"3P"	"0"	3	1		
"909.73266"	"909.732633"	"2.28e+07"	B	"7.48779869"	"8.850662829"	"2s2.2p.3s"	"3P*"	"2"	"2s2.2p.3p"	"3P"	"2"	5	5		
"911.43025"	"911.430247"	"1.35e+07"	B	"7.48779869"	"8.848124381"	"2s2.2p.3s"	"3P*"	"2"	"2s2.2p.3p"	"3P"	"1"	5	3		
"918.539"	"918.539204"	"2.8e+05"	C	"9.00258381"	"10.35238138"	"2s2.2p.3p"	"1D"	"2"	"2s2.2p.4d"	"1D*"	"2"	5	5		
""	"940.110"	"1.2e+02"	D	"9.69545167"	"11.014279"	"2s2.2p.3d"	"3F*"	"2"	"2s2.2p.(2P*<3/2>).8p"	"2[5/2]"	"3"	5	7		
"940.83086"	"940.83085"	"2.91e+07"	B+	"7.68476777"	"9.00258381"	"2s2.2p.3s"	"1P*"	"1"	"2s2.2p.3p"	"1D"	"2"	3	5		
""	"941.566"	"4.2e+03"	D	"9.697491047"	"11.014279"	"2s2.2p.3d"	"3F*"	"3"	"2s2.2p.(2P*<3/2>).8p"	"2[5/2]"	"3"	7	7		
""	"941.588"	"2.8e+05"	D	"9.71295903"	"11.029715"	"2s2.2p.4s"	"1P*"	"1"	"2s2.2p.(2P*<3/2>).8p"	"2[1/2]"	"0"	3	1		
""	"944.129"	"5.e+04"	D	"9.69545167"	"11.008664"	"2s2.2p.3d"	"3F*"	"2"	"2s2.2p.(2P*<1/2>).8p"	"2[1/2]"	"1"	5	3		
""	"944.3"	"6.e+03"	D	"9.69545167"	"[11.0084]"	"2s2.2p.3d"	"3F*"	"2"	"2s2.2p.(2P*<1/2>).8p"	"2[1/2]"	"2"	5	5		
""	"944.628"	"5.e+04"	D	"9.701759406"	"11.014279"	"2s2.2p.3d"	"3F*"	"4"	"2s2.2p.(2P*<3/2>).8p"	"2[5/2]"	"3"	9	7		
""	"945.8"	"4.6e+04"	D	"9.697491047"	"[11.0084]"	"2s2.2p.3d"	"3F*"	"3"	"2s2.2p.(2P*<1/2>).8p"	"2[1/2]"	"2"	7	5		
""	"945.781"	"5.e+04"	D	"9.71295903"	"11.023878"	"2s2.2p.4s"	"1P*"	"1"	"2s2.2p.(2P*<3/2>).8p"	"2[5/2]"	"2"	3	5		
"960.56648"	"960.56638"	"3.1e+06"	B	"7.48039414"	"8.771134696"	"2s2.2p.3s"	"3P*"	"0"	"2s2.2p.3p"	"3S"	"1"	1	3		
"962.34214"	"962.34221"	"8.6e+06"	B	"7.48277598"	"8.771134696"	"2s2.2p.3s"	"3P*"	"1"	"2s2.2p.3p"	"3S"	"1"	3	3		
""	"963.027"	"9.8e+04"	B	"9.73643528"	"11.023878"	"2s2.2p.3d"	"1F*"	"3"	"2s2.2p.(2P*<3/2>).8p"	"2[5/2]"	"2"	7	5		
""	"963.251"	"9.2e+04"	C+	"9.631071843"	"10.918215"	"2s2.2p.3d"	"1D*"	"2"	"2s2.2p.7p"	"1P"	"1"	5	3		
"966.10867"	"966.10862"	"1.25e+07"	B	"7.48779869"	"8.771134696"	"2s2.2p.3s"	"3P*"	"2"	"2s2.2p.3p"	"3S"	"1"	5	3		
""	"981.0985"	"5.9e-08"	C	"0.0000000000"	"1.2637284"	"2s2.2p2"	"3P"	"0"	"2s2.2p2"	"1D"	"2"	1	5	E2	
"982.700"	"982.6812"	"7.3e-05"	C+	"0.0020354130"	"1.2637284"	"2s2.2p2"	"3P"	"1"	"2s2.2p2"	"1D"	"2"	3	5	M1	
"985.304"	"985.2951"	"2.2e-04"	C+	"0.0053825826"	"1.2637284"	"2s2.2p2"	"3P"	"2"	"2s2.2p2"	"1D"	"2"	5	5	M1	
""	"994.40950"	"2.3e+05"	C	"9.17184612"	"10.41865840"	"2s2.2p.3p"	"1S"	"0"	"2s2.2p.4d"	"1P*"	"1"	1	3		
""	"1000.631"	"4.5e+05"	C	"9.71295903"	"10.952019"	"2s2.2p.4s"	"1P*"	"1"	"2s2.2p.7p"	"1S"	"0"	3	1		
""	"1005.05807"	"7.e+04"	D	"9.33030708"	"10.56390942"	"2s.2p3"	"3P*"	"1"	"2s2.2p.5p"	"3P"	"2"	3	5		
""	"1005.18860"	"2.1e+05"	D	"9.330467271"	"10.56390942"	"2s.2p3"	"3P*"	"2"	"2s2.2p.5p"	"3P"	"2"	5	5		
""	"1006.365"	"1.8e+02"	D	"9.69545167"	"10.927451"	"2s2.2p.3d"	"3F*"	"2"	"2s2.2p.7p"	"3D"	"3"	5	7		
""	"1006.54604"	"7.e+04"	D	"9.33030708"	"10.56208579"	"2s.2p3"	"3P*"	"1"	"2s2.2p.5p"	"3P"	"1"	3	3		
""	"1006.67696"	"1.2e+05"	D	"9.330467271"	"10.56208579"	"2s.2p3"	"3P*"	"2"	"2s2.2p.5p"	"3P"	"1"	5	3		
""	"1006.76573"	"9.e+04"	D	"9.33057587"	"10.56208579"	"2s.2p3"	"3P*"	"0"	"2s2.2p.5p"	"3P"	"1"	1	3		
""	"1008.034"	"6.e+03"	D	"9.697491047"	"10.927451"	"2s2.2p.3d"	"3F*"	"3"	"2s2.2p.7p"	"3D"	"3"	7	7		
""	"1008.056"	"8.9e+04"	C	"9.71295903"	"10.942892"	"2s2.2p.4s"	"1P*"	"1"	"2s2.2p.7p"	"1D"	"2"	3	5		
""	"1008.506"	"2.8e+05"	D	"9.33030708"	"10.559692"	"2s.2p3"	"3P*"	"1"	"2s2.2p.5p"	"3P"	"0"	3	1		
""	"1009.6230"	"1.2e+03"	D	"9.70715841"	"10.935183"	"2s2.2p.3d"	"3D*"	"1"	"2s2.2p.7p"	"3P"	"2"	3	5		
""	"1009.9605"	"1.8e+04"	C	"9.17184612"	"10.3994604"	"2s2.2p.3p"	"1S"	"0"	"2s2.2p.5s"	"1P*"	"1"	1	3		
""	"1010.221"	"2.9e+04"	D	"9.70715841"	"10.934457"	"2s2.2p.3d"	"3D*"	"1"	"2s2.2p.7p"	"3P"	"1"	3	3		
""	"1010.410"	"9.e+03"	D	"9.69545167"	"10.922519"	"2s2.2p.3d"	"3F*"	"2"	"2s2.2p.7p"	"3D"	"2"	5	5		
""	"1010.8251"	"8.e+04"	D	"9.69545167"	"10.922016"	"2s2.2p.3d"	"3F*"	"2"	"2s2.2p.7p"	"3D"	"1"	5	3		
""	"1011.0657"	"1.8e+04"	D	"9.708910751"	"10.935183"	"2s2.2p.3d"	"3D*"	"2"	"2s2.2p.7p"	"3P"	"2"	5	5		
""	"1011.544"	"7.e+04"	D	"9.701759406"	"10.927451"	"2s2.2p.3d"	"3F*"	"4"	"2s2.2p.7p"	"3D"	"3"	9	7		
""	"1011.665"	"9.e+04"	D	"9.708910751"	"10.934457"	"2s2.2p.3d"	"3D*"	"2"	"2s2.2p.7p"	"3P"	"1"	5	3		
""	"1012.092"	"7.e+04"	D	"9.697491047"	"10.922519"	"2s2.2p.3d"	"3F*"	"3"	"2s2.2p.7p"	"3D"	"2"	7	5		
""	"1012.1525"	"1.0e+05"	D	"9.710227435"	"10.935183"	"2s2.2p.3d"	"3D*"	"3"	"2s2.2p.7p"	"3P"	"2"	7	5		
"1012.6635"	"1012.66402"	"2.0e+07"	C+	"8.53709962"	"9.76143658"	"2s2.2p.3p"	"1P"	"1"	"2s2.2p.3d"	"1P*"	"1"	3	3		
""	"1013.539"	"1.2e+05"	D	"9.70715841"	"10.930438"	"2s2.2p.3d"	"3D*"	"1"	"2s2.2p.7p"	"3P"	"0"	3	1		
""	"1017.481"	"1.5e+03"	D	"9.708910751"	"10.927451"	"2s2.2p.3d"	"3D*"	"2"	"2s2.2p.7p"	"3D"	"3"	5	7		
""	"1018.582"	"1.2e+04"	D	"9.710227435"	"10.927451"	"2s2.2p.3d"	"3D*"	"3"	"2s2.2p.7p"	"3D"	"3"	7	7		
""	"1020.143"	"2.0e+03"	D	"9.70715841"	"10.922519"	"2s2.2p.3d"	"3D*"	"1"	"2s2.2p.7p"	"3D"	"2"	3	5		
""	"1020.5657"	"1.0e+04"	D	"9.70715841"	"10.922016"	"2s2.2p.3d"	"3D*"	"1"	"2s2.2p.7p"	"3D"	"1"	3	3		
""	"1021.616"	"9.e+03"	D	"9.708910751"	"10.922519"	"2s2.2p.3d"	"3D*"	"2"	"2s2.2p.7p"	"3D"	"2"	5	5		
""	"1022.0399"	"3.3e+03"	D	"9.708910751"	"10.922016"	"2s2.2p.3d"	"3D*"	"2"	"2s2.2p.7p"	"3D"	"1"	5	3		
""	"1022.726"	"2.1e+03"	D	"9.710227435"	"10.922519"	"2s2.2p.3d"	"3D*"	"3"	"2s2.2p.7p"	"3D"	"2"	7	5		
""	"1022.85980"	"2.4e+03"	C	"9.17184612"	"10.38397899"	"2s2.2p.3p"	"1S"	"0"	"2s2.2p.5s"	"3P*"	"1"	1	3		
""	"1027.672"	"1.53e+05"	B	"9.73643528"	"10.942892"	"2s2.2p.3d"	"1F*"	"3"	"2s2.2p.7p"	"1D"	"2"	7	5		
""	"1027.77991"	"1.6e+05"	D	"9.330467271"	"10.53679751"	"2s.2p3"	"3P*"	"2"	"2s2.2p.5p"	"3D"	"3"	5	7		
""	"1028.696"	"8.7e+04"	C	"9.71295903"	"10.918215"	"2s2.2p.4s"	"1P*"	"1"	"2s2.2p.7p"	"1P"	"1"	3	3		
""	"1031.3097"	"1.2e+05"	D	"9.33030708"	"10.532508"	"2s.2p3"	"3P*"	"1"	"2s2.2p.5p"	"3D"	"2"	3	5		
""	"1031.4471"	"4.0e+04"	D	"9.330467271"	"10.532508"	"2s.2p3"	"3P*"	"2"	"2s2.2p.5p"	"3D"	"2"	5	5		
""	"1032.9127"	"7.e+04"	D	"9.33030708"	"10.5306428"	"2s.2p3"	"3P*"	"1"	"2s2.2p.5p"	"3D"	"1"	3	3		
""	"1033.0506"	"4.4e+03"	D	"9.330467271"	"10.5306428"	"2s.2p3"	"3P*"	"2"	"2s2.2p.5p"	"3D"	"1"	5	3		
""	"1033.1440"	"9.e+04"	D	"9.33057587"	"10.5306428"	"2s.2p3"	"3P*"	"0"	"2s2.2p.5p"	"3D"	"1"	1	3		
""	"1038.49543"	"6.6e+03"	C	"8.64039604"	"9.83427899"	"2s2.2p.3p"	"3D"	"1"	"2s2.2p.3d"	"3P*"	"1"	3	3		
""	"1040.78612"	"1.1e+04"	C	"8.643023685"	"9.83427899"	"2s2.2p.3p"	"3D"	"2"	"2s2.2p.3d"	"3P*"	"1"	5	3		
""	"1041.647034"	"7.4e+03"	C	"8.643023685"	"9.833294423"	"2s2.2p.3p"	"3D"	"2"	"2s2.2p.3d"	"3P*"	"2"	5	5		
"1045.277"	"1045.279841"	"2.1e+04"	C	"8.647160399"	"9.833294423"	"2s2.2p.3p"	"3D"	"3"	"2s2.2p.3d"	"3P*"	"2"	7	5		
""	"1048.3893"	"5.5e+04"	B	"9.631071843"	"10.8136879"	"2s2.2p.3d"	"1D*"	"2"	"2s2.2p.6p"	"1D"	"2"	5	5		
""	"1049.838"	"1.6e+04"	D	"9.833294423"	"11.014279"	"2s2.2p.3d"	"3P*"	"2"	"2s2.2p.(2P*<3/2>).8p"	"2[5/2]"	"3"	5	7		
"1054.410"	"1054.41346"	"8.e+05"	D	"8.53709962"	"9.71295903"	"2s2.2p.3p"	"1P"	"1"	"2s2.2p.4s"	"1P*"	"1"	3	3		
""	"1054.853"	"4.4e+02"	D	"9.833294423"	"11.008664"	"2s2.2p.3d"	"3P*"	"2"	"2s2.2p.(2P*<1/2>).8p"	"2[1/2]"	"1"	5	3		
""	"1055.1"	"3.9e+03"	D	"9.833294423"	"[11.0084]"	"2s2.2p.3d"	"3P*"	"2"	"2s2.2p.(2P*<1/2>).8p"	"2[1/2]"	"2"	5	5		
""	"1055.738"	"7.e+03"	D	"9.83427899"	"11.008664"	"2s2.2p.3d"	"3P*"	"1"	"2s2.2p.(2P*<1/2>).8p"	"2[1/2]"	"1"	3	3		
""	"1055.9"	"1.2e+04"	D	"9.83427899"	"[11.0084]"	"2s2.2p.3d"	"3P*"	"1"	"2s2.2p.(2P*<1/2>).8p"	"2[1/2]"	"2"	3	5		
""	"1056.226"	"9.e+03"	D	"9.83482192"	"11.008664"	"2s2.2p.3d"	"3P*"	"0"	"2s2.2p.(2P*<1/2>).8p"	"2[1/2]"	"1"	1	3		
""	"1058.05616"	"4.9e+03"	C	"8.53709962"	"9.708910751"	"2s2.2p.3p"	"1P"	"1"	"2s2.2p.3d"	"3D*"	"2"	3	5		
""	"1059.64076"	"7.2e+03"	C	"8.53709962"	"9.70715841"	"2s2.2p.3p"	"1P"	"1"	"2s2.2p.3d"	"3D*"	"1"	3	3		
""	"1063.42503"	"4.e+01"	E	"7.68476777"	"8.850662829"	"2s2.2p.3s"	"1P*"	"1"	"2s2.2p.3p"	"3P"	"2"	3	5		
""	"1065.74542"	"4.e+03"	E	"7.68476777"	"8.848124381"	"2s2.2p.3s"	"1P*"	"1"	"2s2.2p.3p"	"3P"	"1"	3	3		
""	"1067.15485"	"2.6e+03"	E	"7.68476777"	"8.84658790"	"2s2.2p.3s"	"1P*"	"1"	"2s2.2p.3p"	"3P"	"0"	3	1		
"1068.60103"	"1068.60110"	"1.40e+07"	B	"7.48277598"	"8.643023685"	"2s2.2p.3s"	"3P*"	"1"	"2s2.2p.3p"	"3D"	"2"	3	5		
"1068.82751"	"1068.82754"	"1.04e+07"	B	"7.48039414"	"8.64039604"	"2s2.2p.3s"	"3P*"	"0"	"2s2.2p.3p"	"3D"	"1"	1	3		
"1069.41781"	"1069.41774"	"1.84e+07"	B	"7.48779869"	"8.647160399"	"2s2.2p.3s"	"3P*"	"2"	"2s2.2p.3p"	"3D"	"3"	5	7		
"1071.02686"	"1071.02668"	"7.5e+06"	B	"7.48277598"	"8.64039604"	"2s2.2p.3s"	"3P*"	"1"	"2s2.2p.3p"	"3D"	"1"	3	3		
"1073.24722"	"1073.24719"	"4.4e+06"	B	"7.48779869"	"8.643023685"	"2s2.2p.3s"	"3P*"	"2"	"2s2.2p.3p"	"3D"	"2"	5	5		
"1075.693"	"1075.69393"	"4.8e+05"	B	"7.48779869"	"8.64039604"	"2s2.2p.3s"	"3P*"	"2"	"2s2.2p.3p"	"3D"	"1"	5	3		
""	"1076.22282"	"5.5e+03"	C	"8.53709962"	"9.689130559"	"2s2.2p.3p"	"1P"	"1"	"2s2.2p.4s"	"3P*"	"2"	3	5		
""	"1079.86448"	"7.2e+04"	C	"8.53709962"	"9.685245529"	"2s2.2p.3p"	"1P"	"1"	"2s2.2p.4s"	"3P*"	"1"	3	3		
""	"1083.065"	"1.56e+05"	B	"9.631071843"	"10.775825"	"2s2.2p.3d"	"1D*"	"2"	"2s2.2p.6p"	"1P"	"1"	5	3		
""	"1105.97427"	"7.1e+04"	C	"8.64039604"	"9.76143658"	"2s2.2p.3p"	"3D"	"1"	"2s2.2p.3d"	"1P*"	"1"	3	3		
""	"1111.018"	"8.1e+05"	C	"9.71295903"	"10.828910"	"2s2.2p.4s"	"1P*"	"1"	"2s2.2p.6p"	"1S"	"0"	3	1		
"1126.3827"	"1126.3827"	"1.8e+05"	C	"9.71295903"	"10.8136879"	"2s2.2p.4s"	"1P*"	"1"	"2s2.2p.6p"	"1D"	"2"	3	5		
""	"1133.148"	"2.4e+04"	D	"9.833294423"	"10.927451"	"2s2.2p.3d"	"3P*"	"2"	"2s2.2p.7p"	"3D"	"3"	5	7		
"1133.33924"	"1133.33955"	"2.03e+07"	B	"8.53709962"	"9.631071843"	"2s2.2p.3p"	"1P"	"1"	"2s2.2p.3d"	"1D*"	"2"	3	5		
""	"1133.8220"	"2.0e+03"	D	"9.70715841"	"10.800665"	"2s2.2p.3d"	"3D*"	"1"	"2s2.2p.6p"	"3P"	"2"	3	5		
"1133.917"	"1133.92065"	"1.5e+05"	C	"8.643023685"	"9.73643528"	"2s2.2p.3p"	"3D"	"2"	"2s2.2p.3d"	"1F*"	"3"	5	7		
"1133.917"	"1133.9257"	"4.e+05"	E	"9.631071843"	"10.7244786"	"2s2.2p.3d"	"1D*"	"2"	"2s2.2p.(2P*<3/2>).5f"	"2[3/2]"	"2"	5	5		
""	"1135.1226"	"5.e+04"	D	"9.70715841"	"10.7994123"	"2s2.2p.3d"	"3D*"	"1"	"2s2.2p.6p"	"3P"	"1"	3	3		
""	"1135.6419"	"3.0e+04"	D	"9.708910751"	"10.800665"	"2s2.2p.3d"	"3D*"	"2"	"2s2.2p.6p"	"3P"	"2"	5	5		
""	"1135.9482"	"3.1e+02"	D	"9.69545167"	"10.786912"	"2s2.2p.3d"	"3F*"	"2"	"2s2.2p.6p"	"3D"	"3"	5	7		
""	"1136.9466"	"1.5e+05"	D	"9.708910751"	"10.7994123"	"2s2.2p.3d"	"3D*"	"2"	"2s2.2p.6p"	"3P"	"1"	5	3		
""	"1137.0132"	"1.7e+05"	D	"9.710227435"	"10.800665"	"2s2.2p.3d"	"3D*"	"3"	"2s2.2p.6p"	"3P"	"2"	7	5		
"1137.6949"	"1137.69390"	"1.6e+06"	D	"9.631071843"	"10.7208571"	"2s2.2p.3d"	"1D*"	"2"	"2s2.2p.(2P*<3/2>).5f"	"2[7/2]"	"3"	5	7		
""	"1138.0746"	"1.1e+04"	D	"9.697491047"	"10.786912"	"2s2.2p.3d"	"3F*"	"3"	"2s2.2p.6p"	"3D"	"3"	7	7		
""	"1138.279"	"6.e+03"	D	"9.833294423"	"10.922519"	"2s2.2p.3d"	"3P*"	"2"	"2s2.2p.7p"	"3D"	"2"	5	5		
""	"1138.448"	"2.0e+05"	D	"9.70715841"	"10.796222"	"2s2.2p.3d"	"3D*"	"1"	"2s2.2p.6p"	"3P"	"0"	3	1		
""	"1138.63525"	"9.9e+05"	C	"9.33030708"	"10.41919132"	"2s.2p3"	"3P*"	"1"	"2s2.2p.(2P*<3/2>).4f"	"2[3/2]"	"2"	3	5		
""	"1138.64995"	"9.5e+05"	C	"9.33030708"	"10.41917726"	"2s.2p3"	"3P*"	"1"	"2s2.2p.(2P*<3/2>).4f"	"2[3/2]"	"1"	3	3		
""	"1138.80279"	"3.4e+05"	C	"9.330467271"	"10.41919132"	"2s.2p3"	"3P*"	"2"	"2s2.2p.(2P*<3/2>).4f"	"2[3/2]"	"2"	5	5		
""	"1138.805"	"6.e+02"	D	"9.833294423"	"10.922016"	"2s2.2p.3d"	"3P*"	"2"	"2s2.2p.7p"	"3D"	"1"	5	3		
""	"1138.81749"	"6.5e+04"	C	"9.330467271"	"10.41917726"	"2s.2p3"	"3P*"	"2"	"2s2.2p.(2P*<3/2>).4f"	"2[3/2]"	"1"	5	3		
"1138.9319"	"1138.93110"	"1.3e+06"	C	"9.33057587"	"10.41917726"	"2s.2p3"	"3P*"	"0"	"2s2.2p.(2P*<3/2>).4f"	"2[3/2]"	"1"	1	3		
""	"1139.309"	"1.7e+04"	D	"9.83427899"	"10.922519"	"2s2.2p.3d"	"3P*"	"1"	"2s2.2p.7p"	"3D"	"2"	3	5		
""	"1139.836"	"1.0e+04"	D	"9.83427899"	"10.922016"	"2s2.2p.3d"	"3P*"	"1"	"2s2.2p.7p"	"3D"	"1"	3	3		
""	"1140.405"	"1.3e+04"	D	"9.83482192"	"10.922016"	"2s2.2p.3d"	"3P*"	"0"	"2s2.2p.7p"	"3D"	"1"	1	3		
""	"1140.7188"	"1.5e+04"	D	"9.69545167"	"10.782347"	"2s2.2p.3d"	"3F*"	"2"	"2s2.2p.6p"	"3D"	"2"	5	5		
""	"1141.27369"	"6.4e+03"	C	"7.68476777"	"8.771134696"	"2s2.2p.3s"	"1P*"	"1"	"2s2.2p.3p"	"3S"	"1"	3	3		
"1141.6254"	"1141.62687"	"6.4e+05"	C	"9.33030708"	"10.41633791"	"2s.2p3"	"3P*"	"1"	"2s2.2p.(2P*<3/2>).4f"	"2[5/2]"	"2"	3	5		
""	"1141.79529"	"2.2e+05"	C	"9.330467271"	"10.41633791"	"2s.2p3"	"3P*"	"2"	"2s2.2p.(2P*<3/2>).4f"	"2[5/2]"	"2"	5	5		
"1141.8163"	"1141.815607"	"2.1e+06"	C	"9.330467271"	"10.416318591"	"2s.2p3"	"3P*"	"2"	"2s2.2p.(2P*<3/2>).4f"	"2[5/2]"	"3"	5	7		
""	"1141.933"	"1.4e+05"	D	"9.69545167"	"10.781192"	"2s2.2p.3d"	"3F*"	"2"	"2s2.2p.6p"	"3D"	"1"	5	3		
""	"1142.5512"	"1.3e+05"	D	"9.701759406"	"10.786912"	"2s2.2p.3d"	"3F*"	"4"	"2s2.2p.6p"	"3D"	"3"	9	7		
""	"1142.8632"	"1.2e+05"	D	"9.697491047"	"10.782347"	"2s2.2p.3d"	"3F*"	"3"	"2s2.2p.6p"	"3D"	"2"	7	5		
"1144.8566"	"1144.85467"	"1.4e+06"	D	"9.631071843"	"10.71404072"	"2s2.2p.3d"	"1D*"	"2"	"2s2.2p.(2P*<1/2>).5f"	"2[7/2]"	"3"	5	7		
"1145.171"	"1145.17394"	"2.1e+05"	E	"9.631071843"	"10.71373880"	"2s2.2p.3d"	"1D*"	"2"	"2s2.2p.(2P*<1/2>).5f"	"2[5/2]"	"2"	5	5		
"1145.1876"	"1145.18717"	"1.7e+06"	D	"9.631071843"	"10.71372629"	"2s2.2p.3d"	"1D*"	"2"	"2s2.2p.(2P*<1/2>).5f"	"2[5/2]"	"3"	5	7		
""	"1150.1307"	"2.5e+03"	D	"9.708910751"	"10.786912"	"2s2.2p.3d"	"3D*"	"2"	"2s2.2p.6p"	"3D"	"3"	5	7		
""	"1150.9296"	"2.6e+05"	B	"9.73643528"	"10.8136879"	"2s2.2p.3d"	"1F*"	"3"	"2s2.2p.6p"	"1D"	"2"	7	5		
""	"1151.5372"	"2.0e+04"	D	"9.710227435"	"10.786912"	"2s2.2p.3d"	"3D*"	"3"	"2s2.2p.6p"	"3D"	"3"	7	7		
""	"1153.1390"	"3.3e+03"	D	"9.70715841"	"10.782347"	"2s2.2p.3d"	"3D*"	"1"	"2s2.2p.6p"	"3D"	"2"	3	5		
""	"1153.96527"	"8.5e+04"	C	"9.33030708"	"10.40472588"	"2s.2p3"	"3P*"	"1"	"2s2.2p.(2P*<1/2>).4f"	"2[5/2]"	"2"	3	5		
""	"1154.13735"	"2.9e+04"	C	"9.330467271"	"10.40472588"	"2s.2p3"	"3P*"	"2"	"2s2.2p.(2P*<1/2>).4f"	"2[5/2]"	"2"	5	5		
"1154.147"	"1154.15207"	"3.0e+05"	C	"9.330467271"	"10.404712177"	"2s.2p3"	"3P*"	"2"	"2s2.2p.(2P*<1/2>).4f"	"2[5/2]"	"3"	5	7		
""	"1154.379"	"1.6e+04"	D	"9.70715841"	"10.781192"	"2s2.2p.3d"	"3D*"	"1"	"2s2.2p.6p"	"3D"	"1"	3	3		
""	"1155.0215"	"1.5e+04"	D	"9.708910751"	"10.782347"	"2s2.2p.3d"	"3D*"	"2"	"2s2.2p.6p"	"3D"	"2"	5	5		
"1155.957"	"1155.96193"	"2.0e+05"	C	"8.64039604"	"9.71295903"	"2s2.2p.3p"	"3D"	"1"	"2s2.2p.4s"	"1P*"	"1"	3	3		
""	"1156.266"	"5.e+03"	D	"9.708910751"	"10.781192"	"2s2.2p.3d"	"3D*"	"2"	"2s2.2p.6p"	"3D"	"1"	5	3		
""	"1156.4400"	"3.4e+03"	D	"9.710227435"	"10.782347"	"2s2.2p.3d"	"3D*"	"3"	"2s2.2p.6p"	"3D"	"2"	7	5		
"1158.796"	"1158.80085"	"4.0e+05"	C	"8.643023685"	"9.71295903"	"2s2.2p.3p"	"3D"	"2"	"2s2.2p.4s"	"1P*"	"1"	5	3		
""	"1160.34152"	"5.e+04"	D	"8.64039604"	"9.708910751"	"2s2.2p.3p"	"3D"	"1"	"2s2.2p.3d"	"3D*"	"2"	3	5		
""	"1161.766892"	"5.e+04"	D	"8.643023685"	"9.710227435"	"2s2.2p.3p"	"3D"	"2"	"2s2.2p.3d"	"3D*"	"3"	5	7		
"1162.24767"	"1162.24759"	"4.4e+06"	B	"8.64039604"	"9.70715841"	"2s2.2p.3p"	"3D"	"1"	"2s2.2p.3d"	"3D*"	"1"	3	3		
""	"1162.540"	"2.5e+05"	D	"9.98852478"	"11.055019"	"2s2.2p.4p"	"1P"	"1"	"2s2.2p.(2P*<3/2>).8d"	"2[3/2]*"	"1"	3	3		
"1163.20212"	"1163.20202"	"5.4e+06"	B	"8.643023685"	"9.708910751"	"2s2.2p.3p"	"3D"	"2"	"2s2.2p.3d"	"3D*"	"2"	5	5		
"1165.1167"	"1165.11750"	"1.58e+06"	B	"8.643023685"	"9.70715841"	"2s2.2p.3p"	"3D"	"2"	"2s2.2p.3d"	"3D*"	"1"	5	3		
"1165.60782"	"1165.60767"	"8.4e+06"	B	"8.771134696"	"9.83482192"	"2s2.2p.3p"	"3S"	"1"	"2s2.2p.3d"	"3P*"	"0"	3	1		
"1166.20306"	"1166.20292"	"8.6e+06"	B	"8.771134696"	"9.83427899"	"2s2.2p.3p"	"3S"	"1"	"2s2.2p.3d"	"3P*"	"1"	3	3		
"1166.28769"	"1166.287677"	"7.5e+06"	B	"8.647160399"	"9.710227435"	"2s2.2p.3p"	"3D"	"3"	"2s2.2p.3d"	"3D*"	"3"	7	7		
""	"1166.508"	"1.2e+05"	C	"9.71295903"	"10.775825"	"2s2.2p.4s"	"1P*"	"1"	"2s2.2p.6p"	"1P"	"1"	3	3		
"1167.28394"	"1167.283933"	"9.1e+06"	B	"8.771134696"	"9.833294423"	"2s2.2p.3p"	"3S"	"1"	"2s2.2p.3d"	"3P*"	"2"	3	5		
"1167.7341"	"1167.73400"	"1.57e+06"	B	"8.647160399"	"9.708910751"	"2s2.2p.3p"	"3D"	"3"	"2s2.2p.3d"	"3D*"	"2"	7	5		
""	"1173.30894"	"2.2e+03"	D	"7.48039414"	"8.53709962"	"2s2.2p.3s"	"3P*"	"0"	"2s2.2p.3p"	"1P"	"1"	1	3		
"1175.143713"	"1175.143711"	"2.29e+07"	B	"8.64039604"	"9.69545167"	"2s2.2p.3p"	"3D"	"1"	"2s2.2p.3d"	"3F*"	"2"	3	5		
"1175.652528"	"1175.652524"	"2.6e+07"	B	"8.647160399"	"9.701759406"	"2s2.2p.3p"	"3D"	"3"	"2s2.2p.3d"	"3F*"	"4"	7	9		
"1175.799303"	"1175.799298"	"2.40e+07"	B	"8.643023685"	"9.697491047"	"2s2.2p.3p"	"3D"	"2"	"2s2.2p.3d"	"3F*"	"3"	5	7		
"1175.95960"	"1175.95957"	"2.5e+04"	D	"7.48277598"	"8.53709962"	"2s2.2p.3s"	"3P*"	"1"	"2s2.2p.3p"	"1P"	"1"	3	3		
"1178.07744"	"1178.07774"	"2.9e+06"	B	"8.643023685"	"9.69545167"	"2s2.2p.3p"	"3D"	"2"	"2s2.2p.3d"	"3F*"	"2"	5	5		
"1180.43053"	"1180.430169"	"1.26e+06"	B	"8.647160399"	"9.697491047"	"2s2.2p.3p"	"3D"	"3"	"2s2.2p.3d"	"3F*"	"3"	7	7		
""	"1181.58857"	"2.6e-01"	E	"7.48779869"	"8.53709962"	"2s2.2p.3s"	"3P*"	"2"	"2s2.2p.3p"	"1P"	"1"	5	3		
"1182.2268"	"1182.22674"	"3.1e+05"	B	"8.64039604"	"9.689130559"	"2s2.2p.3p"	"3D"	"1"	"2s2.2p.4s"	"3P*"	"2"	3	5		
"1182.721"	"1182.72661"	"2.9e+03"	B	"8.647160399"	"9.69545167"	"2s2.2p.3p"	"3D"	"3"	"2s2.2p.3d"	"3F*"	"2"	7	5		
"1185.19625"	"1185.196288"	"1.91e+06"	B	"8.643023685"	"9.689130559"	"2s2.2p.3p"	"3D"	"2"	"2s2.2p.4s"	"3P*"	"2"	5	5		
"1186.62253"	"1186.62257"	"3.1e+06"	B	"8.64039604"	"9.685245529"	"2s2.2p.3p"	"3D"	"1"	"2s2.2p.4s"	"3P*"	"1"	3	3		
"1188.2818"	"1188.28259"	"1.16e+07"	B	"8.64039604"	"9.68378589"	"2s2.2p.3p"	"3D"	"1"	"2s2.2p.4s"	"3P*"	"0"	3	1		
"1189.61413"	"1189.614275"	"8.3e+06"	B	"8.643023685"	"9.685245529"	"2s2.2p.3p"	"3D"	"2"	"2s2.2p.4s"	"3P*"	"1"	5	3		
"1189.90159"	"1189.901622"	"9.2e+06"	B	"8.647160399"	"9.689130559"	"2s2.2p.3p"	"3D"	"3"	"2s2.2p.4s"	"3P*"	"2"	7	5		
""	"1192.24"	"4.4e+03"	D	"10.01574721"	"11.055672"	"2s2.2p.4p"	"3D"	"1"	"2s2.2p.(2P*<3/2>).8d"	"2[1/2]*"	"1"	3	3		
""	"1192.36"	"1.8e+04"	D	"10.01574721"	"11.05557"	"2s2.2p.4p"	"3D"	"1"	"2s2.2p.(2P*<3/2>).8d"	"2[1/2]*"	"0"	3	1		
"1193.038"	"1193.0356"	"1.6e+05"	E	"9.685245529"	"10.7244786"	"2s2.2p.4s"	"3P*"	"1"	"2s2.2p.(2P*<3/2>).5f"	"2[3/2]"	"2"	3	5		
""	"1193.30"	"1.7e+02"	D	"10.01574721"	"11.05475"	"2s2.2p.4p"	"3D"	"1"	"2s2.2p.(2P*<3/2>).8d"	"2[3/2]*"	"2"	3	5		
""	"1194.93"	"1.3e+04"	D	"10.018083033"	"11.055672"	"2s2.2p.4p"	"3D"	"2"	"2s2.2p.(2P*<3/2>).8d"	"2[1/2]*"	"1"	5	3		
""	"1195.98"	"2.6e+03"	D	"10.018083033"	"11.05475"	"2s2.2p.4p"	"3D"	"2"	"2s2.2p.(2P*<3/2>).8d"	"2[3/2]*"	"2"	5	5		
""	"1196.139"	"3.4e+03"	D	"10.01574721"	"11.052284"	"2s2.2p.4p"	"3D"	"1"	"2s2.2p.(2P*<3/2>).8d"	"2[5/2]*"	"2"	3	5		
""	"1198.65"	"2.5e+03"	D	"10.018083033"	"11.052451"	"2s2.2p.4p"	"3D"	"2"	"2s2.2p.(2P*<3/2>).8d"	"2[5/2]*"	"3"	5	7		
""	"1198.841"	"1.5e+04"	D	"10.018083033"	"11.052284"	"2s2.2p.4p"	"3D"	"2"	"2s2.2p.(2P*<3/2>).8d"	"2[5/2]*"	"2"	5	5		
"1199.808"	"1199.82274"	"2.1e+05"	E	"9.689130559"	"10.72248485"	"2s2.2p.4s"	"3P*"	"2"	"2s2.2p.(2P*<3/2>).5f"	"2[5/2]"	"3"	5	7		
""	"1200.77"	"1.4e+04"	D	"10.022216175"	"11.05475"	"2s2.2p.4p"	"3D"	"3"	"2s2.2p.(2P*<3/2>).8d"	"2[3/2]*"	"2"	7	5		
""	"1203.46"	"2.0e+04"	D	"10.022216175"	"11.052451"	"2s2.2p.4p"	"3D"	"3"	"2s2.2p.(2P*<3/2>).8d"	"2[5/2]*"	"3"	7	7		
""	"1203.543"	"1.7e+04"	D	"10.01574721"	"11.045907"	"2s2.2p.4p"	"3D"	"1"	"2s2.2p.(2P*<1/2>).8d"	"2[3/2]*"	"1"	3	3		
""	"1203.651"	"3.4e+03"	D	"10.022216175"	"11.052284"	"2s2.2p.4p"	"3D"	"3"	"2s2.2p.(2P*<3/2>).8d"	"2[5/2]*"	"2"	7	5		
""	"1204.536"	"5.e+04"	D	"10.022216175"	"[11.051527]"	"2s2.2p.4p"	"3D"	"3"	"2s2.2p.(2P*<3/2>).8d"	"2[7/2]*"	"4"	7	9		
""	"1205.0"	"4.1e+04"	D	"10.01574721"	"11.0447"	"2s2.2p.4p"	"3D"	"1"	"2s2.2p.(2P*<1/2>).8d"	"2[3/2]*"	"2"	3	5		
""	"1206.278"	"5.e+03"	D	"10.018083033"	"11.045907"	"2s2.2p.4p"	"3D"	"2"	"2s2.2p.(2P*<1/2>).8d"	"2[3/2]*"	"1"	5	3		
""	"1207.63"	"4.4e+04"	D	"10.018083033"	"11.044755"	"2s2.2p.4p"	"3D"	"2"	"2s2.2p.(2P*<1/2>).8d"	"2[5/2]*"	"3"	5	7		
""	"1207.7"	"8.e+03"	D	"10.018083033"	"11.0447"	"2s2.2p.4p"	"3D"	"2"	"2s2.2p.(2P*<1/2>).8d"	"2[3/2]*"	"2"	5	5		
"1208.7783"	"1208.77828"	"1.3e+06"	D	"9.697491047"	"10.72318948"	"2s2.2p.3d"	"3F*"	"3"	"2s2.2p.(2P*<3/2>).5f"	"2[9/2]"	"4"	7	9		
"1209.121"	"1209.12373"	"9.e+05"	D	"9.69545167"	"10.7208571"	"2s2.2p.3d"	"3F*"	"2"	"2s2.2p.(2P*<3/2>).5f"	"2[7/2]"	"3"	5	7		
""	"1212.51"	"5.e+03"	D	"10.022216175"	"11.044755"	"2s2.2p.4p"	"3D"	"3"	"2s2.2p.(2P*<1/2>).8d"	"2[5/2]*"	"3"	7	7		
""	"1212.6"	"2.1e+02"	D	"10.022216175"	"11.0447"	"2s2.2p.4p"	"3D"	"3"	"2s2.2p.(2P*<1/2>).8d"	"2[3/2]*"	"2"	7	5		
"1213.87822"	"1213.87843"	"5.4e+06"	D+	"9.701759406"	"10.72314833"	"2s2.2p.3d"	"3F*"	"4"	"2s2.2p.(2P*<3/2>).5f"	"2[9/2]"	"5"	9	11		
"1216.5823"	"1216.58076"	"7.e+05"	D	"9.701759406"	"10.72087957"	"2s2.2p.3d"	"3F*"	"4"	"2s2.2p.(2P*<3/2>).5f"	"2[7/2]"	"4"	9	9		
"1217.2158"	"1217.21511"	"3.7e+06"	D+	"9.69545167"	"10.71404072"	"2s2.2p.3d"	"3F*"	"2"	"2s2.2p.(2P*<1/2>).5f"	"2[7/2]"	"3"	5	7		
"1217.5913"	"1217.59098"	"4.2e+05"	D	"9.69545167"	"10.71372629"	"2s2.2p.3d"	"3F*"	"2"	"2s2.2p.(2P*<1/2>).5f"	"2[5/2]"	"3"	5	7		
"1219.6314"	"1219.62730"	"3.9e+06"	D+	"9.697491047"	"10.71406552"	"2s2.2p.3d"	"3F*"	"3"	"2s2.2p.(2P*<1/2>).5f"	"2[7/2]"	"4"	7	9		
"1220.8347"	"1220.8362"	"2.4e+05"	E	"9.708910751"	"10.7244786"	"2s2.2p.3d"	"3D*"	"2"	"2s2.2p.(2P*<3/2>).5f"	"2[3/2]"	"2"	5	5		
"1223.236"	"1223.23763"	"2.4e+05"	E	"9.708910751"	"10.72248485"	"2s2.2p.3d"	"3D*"	"2"	"2s2.2p.(2P*<3/2>).5f"	"2[5/2]"	"3"	5	7		
"1224.8291"	"1224.82875"	"1.0e+06"	D	"9.710227435"	"10.72248485"	"2s2.2p.3d"	"3D*"	"3"	"2s2.2p.(2P*<3/2>).5f"	"2[5/2]"	"3"	7	7		
"1225.2028"	"1225.20531"	"2.1e+06"	D	"9.708910751"	"10.7208571"	"2s2.2p.3d"	"3D*"	"2"	"2s2.2p.(2P*<3/2>).5f"	"2[7/2]"	"3"	5	7		
"1226.7747"	"1226.77422"	"3.4e+06"	D+	"9.710227435"	"10.72087957"	"2s2.2p.3d"	"3D*"	"3"	"2s2.2p.(2P*<3/2>).5f"	"2[7/2]"	"4"	7	9		
"1228.122"	"1228.1246"	"4.5e+05"	D	"9.71295903"	"10.7224999"	"2s2.2p.4s"	"1P*"	"1"	"2s2.2p.(2P*<3/2>).5f"	"2[5/2]"	"2"	3	5		
"1231.7347"	"1231.7367"	"3.2e+06"	D	"9.70715841"	"10.71373880"	"2s2.2p.3d"	"3D*"	"1"	"2s2.2p.(2P*<1/2>).5f"	"2[5/2]"	"2"	3	5		
"1233.8841"	"1233.88473"	"3.7e+05"	E	"9.708910751"	"10.71373880"	"2s2.2p.3d"	"3D*"	"2"	"2s2.2p.(2P*<1/2>).5f"	"2[5/2]"	"2"	5	5		
"1233.9025"	"1233.90009"	"1.5e+06"	D	"9.708910751"	"10.71372629"	"2s2.2p.3d"	"3D*"	"2"	"2s2.2p.(2P*<1/2>).5f"	"2[5/2]"	"3"	5	7		
"1235.1061"	"1235.10156"	"3.5e+05"	E	"9.710227435"	"10.71406552"	"2s2.2p.3d"	"3D*"	"3"	"2s2.2p.(2P*<1/2>).5f"	"2[7/2]"	"4"	7	9		
"1235.515"	"1235.51909"	"3.3e+04"	E	"9.710227435"	"10.71372629"	"2s2.2p.3d"	"3D*"	"3"	"2s2.2p.(2P*<1/2>).5f"	"2[5/2]"	"3"	7	7		
""	"1238.221"	"3.9e+05"	D	"9.98852478"	"10.989834"	"2s2.2p.4p"	"1P"	"1"	"2s2.2p.(2P*<3/2>).7d"	"2[3/2]*"	"1"	3	3		
""	"1239.93"	"2.2e+04"	D	"10.055746371"	"11.055672"	"2s2.2p.4p"	"3S"	"1"	"2s2.2p.(2P*<3/2>).8d"	"2[1/2]*"	"1"	3	3		
""	"1240.1"	"2.2e+04"	D	"10.055746371"	"11.05557"	"2s2.2p.4p"	"3S"	"1"	"2s2.2p.(2P*<3/2>).8d"	"2[1/2]*"	"0"	3	1		
""	"1241.07"	"2.2e+04"	D	"10.055746371"	"11.05475"	"2s2.2p.4p"	"3S"	"1"	"2s2.2p.(2P*<3/2>).8d"	"2[3/2]*"	"2"	3	5		
""	"1251.51133"	"2.7e+03"	C	"8.64039604"	"9.631071843"	"2s2.2p.3p"	"3D"	"1"	"2s2.2p.3d"	"1D*"	"2"	3	5		
""	"1251.98387"	"8.8e+03"	C	"8.771134696"	"9.76143658"	"2s2.2p.3p"	"3S"	"1"	"2s2.2p.3d"	"1P*"	"1"	3	3		
""	"1254.83963"	"1.9e+04"	C	"8.643023685"	"9.631071843"	"2s2.2p.3p"	"3D"	"2"	"2s2.2p.3d"	"1D*"	"2"	5	5		
"1255.29318"	"1255.29328"	"3.8e+06"	B	"8.84658790"	"9.83427899"	"2s2.2p.3p"	"3P"	"0"	"2s2.2p.3d"	"3P*"	"1"	1	3		
"1256.4854"	"1256.48513"	"3.2e+06"	D+	"9.73643528"	"10.72318948"	"2s2.2p.3d"	"1F*"	"3"	"2s2.2p.(2P*<3/2>).5f"	"2[9/2]"	"4"	7	9		
"1256.55735"	"1256.55729"	"1.27e+07"	B	"8.848124381"	"9.83482192"	"2s2.2p.3p"	"3P"	"1"	"2s2.2p.3d"	"3P*"	"0"	3	1		
"1257.24908"	"1257.24909"	"3.6e+06"	B	"8.848124381"	"9.83427899"	"2s2.2p.3p"	"3P"	"1"	"2s2.2p.3d"	"3P*"	"1"	3	3		
"1258.50558"	"1258.50557"	"2.45e+06"	B	"8.848124381"	"9.833294423"	"2s2.2p.3p"	"3P"	"1"	"2s2.2p.3d"	"3P*"	"2"	3	5		
""	"1259.43336"	"9.e+05"	D	"9.73643528"	"10.72087957"	"2s2.2p.3d"	"1F*"	"3"	"2s2.2p.(2P*<3/2>).5f"	"2[7/2]"	"4"	7	9		
"1260.49372"	"1260.49371"	"5.1e+06"	B	"8.850662829"	"9.83427899"	"2s2.2p.3p"	"3P"	"2"	"2s2.2p.3d"	"3P*"	"1"	5	3		
"1261.756686"	"1261.756686"	"9.4e+06"	B	"8.850662829"	"9.833294423"	"2s2.2p.3p"	"3P"	"2"	"2s2.2p.3d"	"3P*"	"2"	5	5		
"1268.2099"	"1268.21157"	"8.e+05"	D	"9.73643528"	"10.71406552"	"2s2.2p.3d"	"1F*"	"3"	"2s2.2p.(2P*<1/2>).5f"	"2[7/2]"	"4"	7	9		
""	"1271.3"	"2.4e+04"	D	"10.01574721"	"10.99100"	"2s2.2p.4p"	"3D"	"1"	"2s2.2p.(2P*<3/2>).7d"	"2[1/2]*"	"0"	3	1		
""	"1271.54"	"6.e+03"	D	"10.01574721"	"10.99081"	"2s2.2p.4p"	"3D"	"1"	"2s2.2p.(2P*<3/2>).7d"	"2[1/2]*"	"1"	3	3		
""	"1272.43"	"2.8e+04"	D	"10.08128590"	"11.055672"	"2s2.2p.4p"	"3P"	"0"	"2s2.2p.(2P*<3/2>).8d"	"2[1/2]*"	"1"	1	3		
""	"1272.81"	"2.4e+02"	D	"10.01574721"	"10.98985"	"2s2.2p.4p"	"3D"	"1"	"2s2.2p.(2P*<3/2>).7d"	"2[3/2]*"	"2"	3	5		
""	"1274.60"	"1.8e+04"	D	"10.018083033"	"10.99081"	"2s2.2p.4p"	"3D"	"2"	"2s2.2p.(2P*<3/2>).7d"	"2[1/2]*"	"1"	5	3		
""	"1274.83"	"2.1e+04"	D	"10.083115460"	"11.055672"	"2s2.2p.4p"	"3P"	"1"	"2s2.2p.(2P*<3/2>).8d"	"2[1/2]*"	"1"	3	3		
""	"1275.0"	"8.e+04"	D	"10.083115460"	"11.05557"	"2s2.2p.4p"	"3P"	"1"	"2s2.2p.(2P*<3/2>).8d"	"2[1/2]*"	"0"	3	1		
""	"1275.87"	"3.5e+03"	D	"10.018083033"	"10.98985"	"2s2.2p.4p"	"3D"	"2"	"2s2.2p.(2P*<3/2>).7d"	"2[3/2]*"	"2"	5	5		
""	"1276.03"	"2.1e+04"	D	"10.083115460"	"11.05475"	"2s2.2p.4p"	"3P"	"1"	"2s2.2p.(2P*<3/2>).8d"	"2[3/2]*"	"2"	3	5		
""	"1277.80"	"3.4e+04"	D	"10.085377438"	"11.055672"	"2s2.2p.4p"	"3P"	"2"	"2s2.2p.(2P*<3/2>).8d"	"2[1/2]*"	"1"	5	3		
""	"1278.395"	"6.e+03"	D	"10.01574721"	"10.985590"	"2s2.2p.4p"	"3D"	"1"	"2s2.2p.(2P*<3/2>).7d"	"2[5/2]*"	"2"	3	5		
""	"1279.01"	"6.e+04"	D	"10.085377438"	"11.05475"	"2s2.2p.4p"	"3P"	"2"	"2s2.2p.(2P*<3/2>).8d"	"2[3/2]*"	"2"	5	5		
""	"1279.285"	"7.e+03"	D	"10.083115460"	"11.052284"	"2s2.2p.4p"	"3P"	"1"	"2s2.2p.(2P*<3/2>).8d"	"2[5/2]*"	"2"	3	5		
""	"1281.22"	"4.5e+03"	D	"10.018083033"	"10.985784"	"2s2.2p.4p"	"3D"	"2"	"2s2.2p.(2P*<3/2>).7d"	"2[5/2]*"	"3"	5	7		
""	"1281.32"	"1.9e+04"	D	"10.022216175"	"10.98985"	"2s2.2p.4p"	"3D"	"3"	"2s2.2p.(2P*<3/2>).7d"	"2[3/2]*"	"2"	7	5		
""	"1281.481"	"2.8e+04"	D	"10.018083033"	"10.985590"	"2s2.2p.4p"	"3D"	"2"	"2s2.2p.(2P*<3/2>).7d"	"2[5/2]*"	"2"	5	5		
""	"1281.750"	"3.3e+03"	D	"10.01574721"	"10.983051"	"2s2.2p.4p"	"3D"	"1"	"2s2.2p.(2P*<3/2>).8s"	"2[3/2]*"	"2"	3	5		
""	"1282.06"	"9.e+03"	D	"10.085377438"	"11.052451"	"2s2.2p.4p"	"3P"	"2"	"2s2.2p.(2P*<3/2>).8d"	"2[5/2]*"	"3"	5	7		
""	"1282.277"	"2.2e+03"	D	"10.085377438"	"11.052284"	"2s2.2p.4p"	"3P"	"2"	"2s2.2p.(2P*<3/2>).8d"	"2[5/2]*"	"2"	5	5		
""	"1284.853"	"5.e+04"	D	"10.018083033"	"10.983051"	"2s2.2p.4p"	"3D"	"2"	"2s2.2p.(2P*<3/2>).8s"	"2[3/2]*"	"2"	5	5		
""	"1285.315"	"5.e+03"	D	"10.08128590"	"11.045907"	"2s2.2p.4p"	"3P"	"0"	"2s2.2p.(2P*<1/2>).8d"	"2[3/2]*"	"1"	1	3		
""	"1285.980"	"3.0e+04"	D	"10.01574721"	"10.979870"	"2s2.2p.4p"	"3D"	"1"	"2s2.2p.(2P*<1/2>).7d"	"2[3/2]*"	"1"	3	3		
""	"1286.72"	"3.5e+04"	D	"10.022216175"	"10.985784"	"2s2.2p.4p"	"3D"	"3"	"2s2.2p.(2P*<3/2>).7d"	"2[5/2]*"	"3"	7	7		
""	"1286.979"	"6.e+03"	D	"10.022216175"	"10.985590"	"2s2.2p.4p"	"3D"	"3"	"2s2.2p.(2P*<3/2>).7d"	"2[5/2]*"	"2"	7	5		
""	"1287.557"	"8.e+04"	D	"10.01574721"	"10.9786886"	"2s2.2p.4p"	"3D"	"1"	"2s2.2p.(2P*<1/2>).8s"	"2[1/2]*"	"1"	3	3		
""	"1287.757"	"3.6e+03"	D	"10.083115460"	"11.045907"	"2s2.2p.4p"	"3P"	"1"	"2s2.2p.(2P*<1/2>).8d"	"2[3/2]*"	"1"	3	3		
""	"1288.403"	"1.0e+05"	D	"10.022216175"	"[10.984525]"	"2s2.2p.4p"	"3D"	"3"	"2s2.2p.(2P*<3/2>).7d"	"2[7/2]*"	"4"	7	9		
""	"1288.439"	"3.3e+05"	D	"10.01574721"	"10.978030"	"2s2.2p.4p"	"3D"	"1"	"2s2.2p.(2P*<1/2>).8s"	"2[1/2]*"	"0"	3	1		
""	"1288.5"	"8.e+04"	D	"10.01574721"	"10.97799"	"2s2.2p.4p"	"3D"	"1"	"2s2.2p.(2P*<1/2>).7d"	"2[3/2]*"	"2"	3	5		
""	"1289.103"	"1.0e+04"	D	"10.018083033"	"10.979870"	"2s2.2p.4p"	"3D"	"2"	"2s2.2p.(2P*<1/2>).7d"	"2[3/2]*"	"1"	5	3		
"1290.0745"	"1290.0732"	"1.4e+06"	D	"9.76143658"	"10.7224999"	"2s2.2p.3d"	"1P*"	"1"	"2s2.2p.(2P*<3/2>).5f"	"2[5/2]"	"2"	3	5		
""	"1290.380"	"2.7e+05"	D	"10.022216175"	"10.983051"	"2s2.2p.4p"	"3D"	"3"	"2s2.2p.(2P*<3/2>).8s"	"2[3/2]*"	"2"	7	5		
""	"1290.688"	"2.5e+05"	D	"10.018083033"	"10.9786886"	"2s2.2p.4p"	"3D"	"2"	"2s2.2p.(2P*<1/2>).8s"	"2[1/2]*"	"1"	5	3		
""	"1290.790"	"2.4e+02"	D	"10.085377438"	"11.045907"	"2s2.2p.4p"	"3P"	"2"	"2s2.2p.(2P*<1/2>).8d"	"2[3/2]*"	"1"	5	3		
""	"1291.37"	"9.e+04"	D	"10.018083033"	"10.978183"	"2s2.2p.4p"	"3D"	"2"	"2s2.2p.(2P*<1/2>).7d"	"2[5/2]*"	"3"	5	7		
""	"1291.6"	"1.5e+04"	D	"10.018083033"	"10.97799"	"2s2.2p.4p"	"3D"	"2"	"2s2.2p.(2P*<1/2>).7d"	"2[3/2]*"	"2"	5	5		
"1295.341"	"1295.3368"	"1.10e+05"	B	"9.631071843"	"10.5882298"	"2s2.2p.3d"	"1D*"	"2"	"2s2.2p.5p"	"1D"	"2"	5	5		
""	"1296.95"	"1.1e+04"	D	"10.022216175"	"10.978183"	"2s2.2p.4p"	"3D"	"3"	"2s2.2p.(2P*<1/2>).7d"	"2[5/2]*"	"3"	7	7		
""	"1297.2"	"4.2e+02"	D	"10.022216175"	"10.97799"	"2s2.2p.4p"	"3D"	"3"	"2s2.2p.(2P*<1/2>).7d"	"2[3/2]*"	"2"	7	5		
"1297.409"	"1297.41032"	"1.5e+04"	C	"7.68476777"	"8.64039604"	"2s2.2p.3s"	"1P*"	"1"	"2s2.2p.3p"	"3D"	"1"	3	3		
""	"1300.146"	"3.6e+04"	D	"9.833294423"	"10.786912"	"2s2.2p.3d"	"3P*"	"2"	"2s2.2p.6p"	"3D"	"3"	5	7		
""	"1306.400"	"9.e+03"	D	"9.833294423"	"10.782347"	"2s2.2p.3d"	"3P*"	"2"	"2s2.2p.6p"	"3D"	"2"	5	5		
""	"1307.756"	"2.7e+04"	D	"9.83427899"	"10.782347"	"2s2.2p.3d"	"3P*"	"1"	"2s2.2p.6p"	"3D"	"2"	3	5		
""	"1307.992"	"1.0e+03"	D	"9.833294423"	"10.781192"	"2s2.2p.3d"	"3P*"	"2"	"2s2.2p.6p"	"3D"	"1"	5	3		
""	"1309.352"	"1.5e+04"	D	"9.83427899"	"10.781192"	"2s2.2p.3d"	"3P*"	"1"	"2s2.2p.6p"	"3D"	"1"	3	3		
""	"1310.103"	"2.0e+04"	D	"9.83482192"	"10.781192"	"2s2.2p.3d"	"3P*"	"0"	"2s2.2p.6p"	"3D"	"1"	1	3		
"1316.4267"	"1316.42594"	"7.6e+04"	C	"8.771134696"	"9.71295903"	"2s2.2p.3p"	"3S"	"1"	"2s2.2p.4s"	"1P*"	"1"	3	3		
""	"1324.58395"	"9.7e+03"	C	"8.771134696"	"9.70715841"	"2s2.2p.3p"	"3S"	"1"	"2s2.2p.3d"	"3D*"	"1"	3	3		
""	"1325.7"	"4.2e+04"	D	"10.055746371"	"10.99100"	"2s2.2p.4p"	"3S"	"1"	"2s2.2p.(2P*<3/2>).7d"	"2[1/2]*"	"0"	3	1		
""	"1325.94"	"4.2e+04"	D	"10.055746371"	"10.99081"	"2s2.2p.4p"	"3S"	"1"	"2s2.2p.(2P*<3/2>).7d"	"2[1/2]*"	"1"	3	3		
""	"1327.31"	"4.2e+04"	D	"10.055746371"	"10.98985"	"2s2.2p.4p"	"3S"	"1"	"2s2.2p.(2P*<3/2>).7d"	"2[3/2]*"	"2"	3	5		
""	"1337.039"	"9.e+04"	D	"10.055746371"	"10.983051"	"2s2.2p.4p"	"3S"	"1"	"2s2.2p.(2P*<3/2>).8s"	"2[3/2]*"	"2"	3	5		
""	"1341.36018"	"5.6e+03"	C	"8.771134696"	"9.69545167"	"2s2.2p.3p"	"3S"	"1"	"2s2.2p.3d"	"3F*"	"2"	3	5		
""	"1343.358"	"9.e+04"	D	"10.055746371"	"10.9786886"	"2s2.2p.4p"	"3S"	"1"	"2s2.2p.(2P*<1/2>).8s"	"2[1/2]*"	"1"	3	3		
""	"1344.318"	"9.e+04"	D	"10.055746371"	"10.978030"	"2s2.2p.4p"	"3S"	"1"	"2s2.2p.(2P*<1/2>).8s"	"2[1/2]*"	"0"	3	1		
"1350.596459"	"1350.596483"	"6.6e+06"	C+	"8.771134696"	"9.689130559"	"2s2.2p.3p"	"3S"	"1"	"2s2.2p.4s"	"3P*"	"2"	3	5		
""	"1352.289"	"5.9e+04"	C	"10.13817190"	"11.055019"	"2s2.2p.4p"	"1D"	"2"	"2s2.2p.(2P*<3/2>).8d"	"2[3/2]*"	"1"	5	3		
""	"1355.24270"	"7.0e+03"	C	"8.84658790"	"9.76143658"	"2s2.2p.3p"	"3P"	"0"	"2s2.2p.3d"	"1P*"	"1"	1	3		
"1356.336622"	"1356.336605"	"6.5e+06"	C+	"8.771134696"	"9.685245529"	"2s2.2p.3p"	"3S"	"1"	"2s2.2p.4s"	"3P*"	"1"	3	3		
""	"1357.52264"	"3.0e+04"	C	"8.848124381"	"9.76143658"	"2s2.2p.3p"	"3P"	"1"	"2s2.2p.3d"	"1P*"	"1"	3	3		
"1358.5048"	"1358.50585"	"6.6e+06"	C+	"8.771134696"	"9.68378589"	"2s2.2p.3p"	"3S"	"1"	"2s2.2p.4s"	"3P*"	"0"	3	1		
""	"1361.30624"	"3.8e+03"	C	"8.850662829"	"9.76143658"	"2s2.2p.3p"	"3P"	"2"	"2s2.2p.3d"	"1P*"	"1"	5	3		
""	"1363.17"	"5.e+04"	D	"10.08128590"	"10.99081"	"2s2.2p.4p"	"3P"	"0"	"2s2.2p.(2P*<3/2>).7d"	"2[1/2]*"	"1"	1	3		
""	"1365.6"	"1.4e+05"	D	"10.083115460"	"10.99100"	"2s2.2p.4p"	"3P"	"1"	"2s2.2p.(2P*<3/2>).7d"	"2[1/2]*"	"0"	3	1		
""	"1365.92"	"3.5e+04"	D	"10.083115460"	"10.99081"	"2s2.2p.4p"	"3P"	"1"	"2s2.2p.(2P*<3/2>).7d"	"2[1/2]*"	"1"	3	3		
""	"1367.37"	"3.5e+04"	D	"10.083115460"	"10.98985"	"2s2.2p.4p"	"3P"	"1"	"2s2.2p.(2P*<3/2>).7d"	"2[3/2]*"	"2"	3	5		
""	"1369.33"	"6.e+04"	D	"10.085377438"	"10.99081"	"2s2.2p.4p"	"3P"	"2"	"2s2.2p.(2P*<3/2>).7d"	"2[1/2]*"	"1"	5	3		
"1370.155757"	"1370.155756"	"3.4e+05"	B	"7.945771557"	"8.850662829"	"2s.2p3"	"3D*"	"3"	"2s2.2p.3p"	"3P"	"2"	7	5		
"1370.7048"	"1370.70592"	"3.9e+03"	B	"7.94613476"	"8.850662829"	"2s.2p3"	"3D*"	"1"	"2s2.2p.3p"	"3P"	"2"	3	5		
""	"1370.79"	"1.0e+05"	D	"10.085377438"	"10.98985"	"2s2.2p.4p"	"3P"	"2"	"2s2.2p.(2P*<3/2>).7d"	"2[3/2]*"	"2"	5	5		
"1370.91150"	"1370.91159"	"5.9e+04"	B	"7.94627046"	"8.850662829"	"2s.2p3"	"3D*"	"2"	"2s2.2p.3p"	"3P"	"2"	5	5		
"1372.7040"	"1372.7039"	"1.8e+06"	C	"9.71295903"	"10.6161705"	"2s2.2p.4s"	"1P*"	"1"	"2s2.2p.5p"	"1S"	"0"	3	1		
""	"1372.816"	"3.4e+04"	C	"10.13817190"	"11.041310"	"2s2.2p.4p"	"1D"	"2"	"2s2.2p.(2P*<1/2>).8d"	"2[5/2]*"	"2"	5	5		
""	"1373.825"	"1.6e+04"	D	"10.083115460"	"10.985590"	"2s2.2p.4p"	"3P"	"1"	"2s2.2p.(2P*<3/2>).7d"	"2[5/2]*"	"2"	3	5		
"1374.5628"	"1374.56346"	"9.9e+04"	B	"7.94613476"	"8.848124381"	"2s.2p3"	"3D*"	"1"	"2s2.2p.3p"	"3P"	"1"	3	3		
"1374.77030"	"1374.77029"	"3.0e+05"	B	"7.94627046"	"8.848124381"	"2s.2p3"	"3D*"	"2"	"2s2.2p.3p"	"3P"	"1"	5	3		
""	"1376.028"	"7.e+05"	D	"9.98852478"	"10.889554"	"2s2.2p.4p"	"1P"	"1"	"2s2.2p.6d"	"1P*"	"1"	3	3		
"1376.90900"	"1376.90893"	"4.0e+05"	B	"7.94613476"	"8.84658790"	"2s.2p3"	"3D*"	"1"	"2s2.2p.3p"	"3P"	"0"	3	1		
""	"1376.98"	"2.2e+04"	D	"10.085377438"	"10.985784"	"2s2.2p.4p"	"3P"	"2"	"2s2.2p.(2P*<3/2>).7d"	"2[5/2]*"	"3"	5	7		
""	"1377.277"	"5.e+03"	D	"10.085377438"	"10.985590"	"2s2.2p.4p"	"3P"	"2"	"2s2.2p.(2P*<3/2>).7d"	"2[5/2]*"	"2"	5	5		
""	"1377.701"	"2.8e+04"	D	"10.083115460"	"10.983051"	"2s2.2p.4p"	"3P"	"1"	"2s2.2p.(2P*<3/2>).8s"	"2[3/2]*"	"2"	3	5		
""	"1379.774"	"1.2e+04"	D	"10.08128590"	"10.979870"	"2s2.2p.4p"	"3P"	"0"	"2s2.2p.(2P*<1/2>).7d"	"2[3/2]*"	"1"	1	3		
""	"1381.173"	"8.e+04"	D	"10.085377438"	"10.983051"	"2s2.2p.4p"	"3P"	"2"	"2s2.2p.(2P*<3/2>).8s"	"2[3/2]*"	"2"	5	5		
""	"1381.589"	"3.7e+04"	D	"10.08128590"	"10.9786886"	"2s2.2p.4p"	"3P"	"0"	"2s2.2p.(2P*<1/2>).8s"	"2[1/2]*"	"1"	1	3		
""	"1382.589"	"9.e+03"	D	"10.083115460"	"10.979870"	"2s2.2p.4p"	"3P"	"1"	"2s2.2p.(2P*<1/2>).7d"	"2[3/2]*"	"1"	3	3		
""	"1384.412"	"2.8e+04"	D	"10.083115460"	"10.9786886"	"2s2.2p.4p"	"3P"	"1"	"2s2.2p.(2P*<1/2>).8s"	"2[1/2]*"	"1"	3	3		
""	"1385.431"	"1.1e+05"	D	"10.083115460"	"10.978030"	"2s2.2p.4p"	"3P"	"1"	"2s2.2p.(2P*<1/2>).8s"	"2[1/2]*"	"0"	3	1		
""	"1386.085"	"6.e+02"	D	"10.085377438"	"10.979870"	"2s2.2p.4p"	"3P"	"2"	"2s2.2p.(2P*<1/2>).7d"	"2[3/2]*"	"1"	5	3		
""	"1387.917"	"4.6e+04"	D	"10.085377438"	"10.9786886"	"2s2.2p.4p"	"3P"	"2"	"2s2.2p.(2P*<1/2>).8s"	"2[1/2]*"	"1"	5	3		
"1394.3494"	"1394.3492"	"1.7e+06"	D	"9.833294423"	"10.72248485"	"2s2.2p.3d"	"3P*"	"2"	"2s2.2p.(2P*<3/2>).5f"	"2[5/2]"	"3"	5	7		
"1394.3837"	"1394.3820"	"3.0e+05"	B	"9.631071843"	"10.52024138"	"2s2.2p.3d"	"1D*"	"2"	"2s2.2p.5p"	"1P"	"1"	5	3		
""	"1399.72968"	"4.3e+04"	C	"8.850662829"	"9.73643528"	"2s2.2p.3p"	"3P"	"2"	"2s2.2p.3d"	"1F*"	"3"	5	7		
""	"1411.05375"	"2.3e+04"	D	"9.685245529"	"10.56390942"	"2s2.2p.4s"	"3P*"	"1"	"2s2.2p.5p"	"3P"	"2"	3	5		
""	"1411.63854"	"3.1e+04"	D	"9.68378589"	"10.56208579"	"2s2.2p.4s"	"3P*"	"0"	"2s2.2p.5p"	"3P"	"1"	1	3		
""	"1413.98843"	"2.3e+04"	D	"9.685245529"	"10.56208579"	"2s2.2p.4s"	"3P*"	"1"	"2s2.2p.5p"	"3P"	"1"	3	3		
""	"1414.250"	"4.5e+04"	D	"9.98852478"	"10.865203"	"2s2.2p.4p"	"1P"	"1"	"2s2.2p.6d"	"1D*"	"2"	3	5		
""	"1415.9"	"3.2e+04"	D	"10.01574721"	"10.89140"	"2s2.2p.4p"	"3D"	"1"	"2s2.2p.6d"	"3P*"	"0"	3	1		
""	"1416.134"	"8.e+03"	D	"10.01574721"	"10.891259"	"2s2.2p.4p"	"3D"	"1"	"2s2.2p.6d"	"3P*"	"1"	3	3		
""	"1416.5239"	"5.1e+05"	C	"9.71295903"	"10.5882298"	"2s2.2p.4s"	"1P*"	"1"	"2s2.2p.5p"	"1D"	"2"	3	5		
""	"1417.32046"	"7.e+04"	D	"9.689130559"	"10.56390942"	"2s2.2p.4s"	"3P*"	"2"	"2s2.2p.5p"	"3P"	"2"	5	5		
""	"1417.859"	"9.e+04"	D	"9.685245529"	"10.559692"	"2s2.2p.4s"	"3P*"	"1"	"2s2.2p.5p"	"3P"	"0"	3	1		
""	"1418.416"	"3.2e+02"	D	"10.01574721"	"10.889851"	"2s2.2p.4p"	"3D"	"1"	"2s2.2p.6d"	"3P*"	"2"	3	5		
""	"1419.922"	"2.4e+04"	D	"10.018083033"	"10.891259"	"2s2.2p.4p"	"3D"	"2"	"2s2.2p.6d"	"3P*"	"1"	5	3		
""	"1420.28130"	"3.8e+04"	D	"9.689130559"	"10.56208579"	"2s2.2p.4s"	"3P*"	"2"	"2s2.2p.5p"	"3P"	"1"	5	3		
""	"1422.216"	"5.e+03"	D	"10.018083033"	"10.889851"	"2s2.2p.4p"	"3D"	"2"	"2s2.2p.6d"	"3P*"	"2"	5	5		
""	"1428.991"	"2.6e+04"	D	"10.022216175"	"10.889851"	"2s2.2p.4p"	"3D"	"3"	"2s2.2p.6d"	"3P*"	"2"	7	5		
""	"1430.479"	"1.3e+04"	D	"10.01574721"	"10.882479"	"2s2.2p.4p"	"3D"	"1"	"2s2.2p.6d"	"3D*"	"2"	3	5		
"1431.07516"	"1431.07491"	"6.1e+05"	C	"8.84658790"	"9.71295903"	"2s2.2p.3p"	"3P"	"0"	"2s2.2p.4s"	"1P*"	"1"	1	3		
""	"1433.509"	"9.e+03"	D	"10.018083033"	"10.882983"	"2s2.2p.4p"	"3D"	"2"	"2s2.2p.6d"	"3D*"	"3"	5	7		
"1433.610"	"1433.61738"	"3.9e+05"	C	"8.848124381"	"9.71295903"	"2s2.2p.3p"	"3P"	"1"	"2s2.2p.4s"	"1P*"	"1"	3	3		
""	"1434.345"	"6.e+04"	D	"10.018083033"	"10.882479"	"2s2.2p.4p"	"3D"	"2"	"2s2.2p.6d"	"3D*"	"2"	5	5		
""	"1434.450"	"6.e+03"	D	"10.01574721"	"10.880080"	"2s2.2p.4p"	"3D"	"1"	"2s2.2p.7s"	"3P*"	"2"	3	5		
""	"1437.83770"	"2.5e+04"	C	"8.850662829"	"9.71295903"	"2s2.2p.3p"	"3P"	"2"	"2s2.2p.4s"	"1P*"	"1"	5	3		
""	"1438.25"	"6.e+04"	D	"10.01574721"	"10.877795"	"2s2.2p.4p"	"3D"	"1"	"2s2.2p.6d"	"3D*"	"1"	3	3		
""	"1438.337"	"8.e+04"	D	"10.018083033"	"10.880080"	"2s2.2p.4p"	"3D"	"2"	"2s2.2p.7s"	"3P*"	"2"	5	5		
"1440.35976"	"1440.35968"	"9.9e+06"	B	"8.848124381"	"9.708910751"	"2s2.2p.3p"	"3P"	"1"	"2s2.2p.3d"	"3D*"	"2"	3	5		
""	"1440.392"	"7.e+04"	D	"10.022216175"	"10.882983"	"2s2.2p.4p"	"3D"	"3"	"2s2.2p.6d"	"3D*"	"3"	7	7		
"1440.72103"	"1440.72099"	"6.9e+06"	B	"8.84658790"	"9.70715841"	"2s2.2p.3p"	"3P"	"0"	"2s2.2p.3d"	"3D*"	"1"	1	3		
""	"1441.236"	"1.3e+04"	D	"10.022216175"	"10.882479"	"2s2.2p.4p"	"3D"	"3"	"2s2.2p.6d"	"3D*"	"2"	7	5		
""	"1441.725"	"1.4e+05"	D	"10.01574721"	"10.8757182"	"2s2.2p.4p"	"3D"	"1"	"2s2.2p.7s"	"3P*"	"1"	3	3		
""	"1442.16"	"2.1e+04"	D	"10.018083033"	"10.877795"	"2s2.2p.4p"	"3D"	"2"	"2s2.2p.6d"	"3D*"	"1"	5	3		
"1442.406976"	"1442.406976"	"1.23e+07"	B	"8.850662829"	"9.710227435"	"2s2.2p.3p"	"3P"	"2"	"2s2.2p.3d"	"3D*"	"3"	5	7		
""	"1443.222"	"5.e+05"	D	"10.01574721"	"10.874826"	"2s2.2p.4p"	"3D"	"1"	"2s2.2p.7s"	"3P*"	"0"	3	1		
"1443.29774"	"1443.29788"	"4.8e+06"	B	"8.848124381"	"9.70715841"	"2s2.2p.3p"	"3P"	"1"	"2s2.2p.3d"	"3D*"	"1"	3	3		
""	"1443.834"	"2.3e+05"	D	"10.022216175"	"10.880931"	"2s2.2p.4p"	"3D"	"3"	"2s2.2p.6d"	"3F*"	"4"	7	9		
""	"1443.883"	"1.9e+05"	D	"10.01574721"	"10.874433"	"2s2.2p.4p"	"3D"	"1"	"2s2.2p.6d"	"3F*"	"2"	3	5		
"1444.62000"	"1444.61985"	"2.8e+06"	B	"8.850662829"	"9.708910751"	"2s2.2p.3p"	"3P"	"2"	"2s2.2p.3d"	"3D*"	"2"	5	5		
""	"1445.267"	"4.6e+05"	D	"10.022216175"	"10.880080"	"2s2.2p.4p"	"3D"	"3"	"2s2.2p.7s"	"3P*"	"2"	7	5		
""	"1445.652"	"4.1e+05"	D	"10.018083033"	"10.8757182"	"2s2.2p.4p"	"3D"	"2"	"2s2.2p.7s"	"3P*"	"1"	5	3		
""	"1446.732"	"2.0e+05"	D	"10.018083033"	"10.875078"	"2s2.2p.4p"	"3D"	"2"	"2s2.2p.6d"	"3F*"	"3"	5	7		
""	"1447.14387"	"3.9e+03"	D	"9.70715841"	"10.56390942"	"2s2.2p.3d"	"3D*"	"1"	"2s2.2p.5p"	"3P"	"2"	3	5		
"1447.568"	"1447.57547"	"2.8e+05"	B	"8.850662829"	"9.70715841"	"2s2.2p.3p"	"3P"	"2"	"2s2.2p.3d"	"3D*"	"1"	5	3		
""	"1447.821"	"3.5e+04"	D	"10.018083033"	"10.874433"	"2s2.2p.4p"	"3D"	"2"	"2s2.2p.6d"	"3F*"	"2"	5	5		
""	"1450.10984"	"6.e+04"	D	"9.708910751"	"10.56390942"	"2s2.2p.3d"	"3D*"	"2"	"2s2.2p.5p"	"3P"	"2"	5	5		
""	"1450.23076"	"1.0e+05"	D	"9.70715841"	"10.56208579"	"2s2.2p.3d"	"3D*"	"1"	"2s2.2p.5p"	"3P"	"1"	3	3		
"1452.34642"	"1452.34643"	"3.3e+05"	D	"9.710227435"	"10.56390942"	"2s2.2p.3d"	"3D*"	"3"	"2s2.2p.5p"	"3P"	"2"	7	5		
"1453.20942"	"1453.20940"	"2.9e+05"	D	"9.708910751"	"10.56208579"	"2s2.2p.3d"	"3D*"	"2"	"2s2.2p.5p"	"3P"	"1"	5	3		
""	"1453.743"	"2.5e+04"	D	"10.022216175"	"10.875078"	"2s2.2p.4p"	"3D"	"3"	"2s2.2p.6d"	"3F*"	"3"	7	7		
""	"1454.303"	"3.9e+05"	D	"9.70715841"	"10.559692"	"2s2.2p.3d"	"3D*"	"1"	"2s2.2p.5p"	"3P"	"0"	3	1		
"1454.647015"	"1454.647022"	"8.6e+06"	B	"7.68476777"	"8.53709962"	"2s2.2p.3s"	"1P*"	"1"	"2s2.2p.3p"	"1P"	"1"	3	3		
""	"1454.843"	"1.0e+03"	D	"10.022216175"	"10.874433"	"2s2.2p.4p"	"3D"	"3"	"2s2.2p.6d"	"3F*"	"2"	7	5		
"1455.559"	"1455.5646"	"5.2e+05"	B	"9.73643528"	"10.5882298"	"2s2.2p.3d"	"1F*"	"3"	"2s2.2p.5p"	"1D"	"2"	7	5		
""	"1455.791"	"8.3e+04"	C	"10.13817190"	"10.989834"	"2s2.2p.4p"	"1D"	"2"	"2s2.2p.(2P*<3/2>).7d"	"2[3/2]*"	"1"	5	3		
""	"1460.889"	"1.3e+05"	C	"10.13817190"	"10.986862"	"2s2.2p.4p"	"1D"	"2"	"2s2.2p.(2P*<3/2>).8s"	"2[3/2]*"	"1"	5	3		
""	"1462.6523"	"5.e+03"	D	"9.689130559"	"10.53679751"	"2s2.2p.4s"	"3P*"	"2"	"2s2.2p.5p"	"3D"	"3"	5	7		
"1463.2396"	"1463.23859"	"2.1e+05"	C	"8.848124381"	"9.69545167"	"2s2.2p.3p"	"3P"	"1"	"2s2.2p.3d"	"3F*"	"2"	3	5		
""	"1463.350"	"4.1e+03"	D	"9.685245529"	"10.532508"	"2s2.2p.4s"	"3P*"	"1"	"2s2.2p.5p"	"3D"	"2"	3	5		
""	"1464.051"	"3.0e+03"	D	"9.68378589"	"10.5306428"	"2s2.2p.4s"	"3P*"	"0"	"2s2.2p.5p"	"3D"	"1"	1	3		
"1464.0991"	"1464.10093"	"4.8e+05"	C	"8.850662829"	"9.697491047"	"2s2.2p.3p"	"3P"	"2"	"2s2.2p.3d"	"3F*"	"3"	5	7		
""	"1466.579"	"2.2e+03"	D	"9.685245529"	"10.5306428"	"2s2.2p.4s"	"3P*"	"1"	"2s2.2p.5p"	"3D"	"1"	3	3		
""	"1467.63537"	"4.4e+04"	C	"8.850662829"	"9.69545167"	"2s2.2p.3p"	"3P"	"2"	"2s2.2p.3d"	"3F*"	"2"	5	5		
""	"1470.091"	"1.3e+03"	D	"9.689130559"	"10.532508"	"2s2.2p.4s"	"3P*"	"2"	"2s2.2p.5p"	"3D"	"2"	5	5		
""	"1473.350"	"1.5e+02"	D	"9.689130559"	"10.5306428"	"2s2.2p.4s"	"3P*"	"2"	"2s2.2p.5p"	"3D"	"1"	5	3		
""	"1473.6413"	"6.e+02"	D	"9.69545167"	"10.53679751"	"2s2.2p.3d"	"3F*"	"2"	"2s2.2p.5p"	"3D"	"3"	5	7		
"1474.2353"	"1474.23648"	"2.31e+05"	B	"8.848124381"	"9.689130559"	"2s2.2p.3p"	"3P"	"1"	"2s2.2p.4s"	"3P*"	"2"	3	5		
""	"1477.2220"	"2.1e+04"	D	"9.697491047"	"10.53679751"	"2s2.2p.3d"	"3F*"	"3"	"2s2.2p.5p"	"3D"	"3"	7	7		
"1478.3631"	"1478.36489"	"3.8e+05"	B	"8.84658790"	"9.685245529"	"2s2.2p.3p"	"3P"	"0"	"2s2.2p.4s"	"3P*"	"1"	1	3		
"1478.69964"	"1478.69970"	"1.38e+06"	B	"8.850662829"	"9.689130559"	"2s2.2p.3p"	"3P"	"2"	"2s2.2p.4s"	"3P*"	"2"	5	5		
"1481.07801"	"1481.07832"	"3.9e+05"	B	"8.848124381"	"9.685245529"	"2s2.2p.3p"	"3P"	"1"	"2s2.2p.4s"	"3P*"	"1"	3	3		
""	"1481.192"	"3.0e+04"	D	"9.69545167"	"10.532508"	"2s2.2p.3d"	"3F*"	"2"	"2s2.2p.5p"	"3D"	"2"	5	5		
"1483.6646"	"1483.66530"	"1.33e+06"	B	"8.848124381"	"9.68378589"	"2s2.2p.3p"	"3P"	"1"	"2s2.2p.4s"	"3P*"	"0"	3	1		
""	"1483.7"	"9.7e+04"	C	"10.055746371"	"10.89140"	"2s2.2p.4p"	"3S"	"1"	"2s2.2p.6d"	"3P*"	"0"	3	1		
""	"1483.929"	"9.7e+04"	C	"10.055746371"	"10.891259"	"2s2.2p.4p"	"3S"	"1"	"2s2.2p.6d"	"3P*"	"1"	3	3		
""	"1484.501"	"2.6e+05"	D	"9.69545167"	"10.5306428"	"2s2.2p.3d"	"3F*"	"2"	"2s2.2p.5p"	"3D"	"1"	5	3		
"1484.7729"	"1484.7729"	"2.4e+05"	D	"9.701759406"	"10.53679751"	"2s2.2p.3d"	"3F*"	"4"	"2s2.2p.5p"	"3D"	"3"	9	7		
""	"1484.810"	"2.3e+05"	D	"9.697491047"	"10.532508"	"2s2.2p.3d"	"3F*"	"3"	"2s2.2p.5p"	"3D"	"2"	7	5		
"1485.58293"	"1485.58313"	"6.4e+05"	B	"8.850662829"	"9.685245529"	"2s2.2p.3p"	"3P"	"2"	"2s2.2p.4s"	"3P*"	"1"	5	3		
""	"1486.158"	"4.2e+04"	C	"10.13817190"	"10.972432"	"2s2.2p.4p"	"1D"	"2"	"2s2.2p.(2P*<1/2>).7d"	"2[5/2]*"	"2"	5	5		
""	"1486.435"	"9.6e+04"	C	"10.055746371"	"10.889851"	"2s2.2p.4p"	"3S"	"1"	"2s2.2p.6d"	"3P*"	"2"	3	5		
""	"1497.5985"	"4.6e+03"	D	"9.708910751"	"10.53679751"	"2s2.2p.3d"	"3D*"	"2"	"2s2.2p.5p"	"3D"	"3"	5	7		
""	"1499.9841"	"3.6e+04"	D	"9.710227435"	"10.53679751"	"2s2.2p.3d"	"3D*"	"3"	"2s2.2p.5p"	"3D"	"3"	7	7		
""	"1502.201"	"6.e+03"	D	"9.70715841"	"10.532508"	"2s2.2p.3d"	"3D*"	"1"	"2s2.2p.5p"	"3D"	"2"	3	5		
""	"1504.054"	"1.7e+05"	C	"10.055746371"	"10.880080"	"2s2.2p.4p"	"3S"	"1"	"2s2.2p.7s"	"3P*"	"2"	3	5		
""	"1505.398"	"2.8e+04"	D	"9.708910751"	"10.532508"	"2s2.2p.3d"	"3D*"	"2"	"2s2.2p.5p"	"3D"	"2"	5	5		
""	"1505.605"	"3.0e+04"	D	"9.70715841"	"10.5306428"	"2s2.2p.3d"	"3D*"	"1"	"2s2.2p.5p"	"3D"	"1"	3	3		
""	"1507.808"	"6.e+03"	D	"9.710227435"	"10.532508"	"2s2.2p.3d"	"3D*"	"3"	"2s2.2p.5p"	"3D"	"2"	7	5		
""	"1508.815"	"1.0e+04"	D	"9.708910751"	"10.5306428"	"2s2.2p.3d"	"3D*"	"2"	"2s2.2p.5p"	"3D"	"1"	5	3		
""	"1512.054"	"1.7e+05"	C	"10.055746371"	"10.8757182"	"2s2.2p.4p"	"3S"	"1"	"2s2.2p.7s"	"3P*"	"1"	3	3		
""	"1513.701"	"1.7e+05"	C	"10.055746371"	"10.874826"	"2s2.2p.4p"	"3S"	"1"	"2s2.2p.7s"	"3P*"	"0"	3	1		
""	"1530.719"	"9.e+04"	D	"10.08128590"	"10.891259"	"2s2.2p.4p"	"3P"	"0"	"2s2.2p.6d"	"3P*"	"1"	1	3		
""	"1533.9"	"2.7e+05"	D	"10.083115460"	"10.89140"	"2s2.2p.4p"	"3P"	"1"	"2s2.2p.6d"	"3P*"	"0"	3	1		
""	"1534.185"	"7.e+04"	D	"10.083115460"	"10.891259"	"2s2.2p.4p"	"3P"	"1"	"2s2.2p.6d"	"3P*"	"1"	3	3		
""	"1535.8220"	"1.1e+05"	C	"9.71295903"	"10.52024138"	"2s2.2p.4s"	"1P*"	"1"	"2s2.2p.5p"	"1P"	"1"	3	3		
""	"1536.864"	"7.e+04"	D	"10.083115460"	"10.889851"	"2s2.2p.4p"	"3P"	"1"	"2s2.2p.6d"	"3P*"	"2"	3	5		
""	"1538.491"	"1.1e+05"	D	"10.085377438"	"10.891259"	"2s2.2p.4p"	"3P"	"2"	"2s2.2p.6d"	"3P*"	"1"	5	3		
""	"1541.185"	"2.0e+05"	D	"10.085377438"	"10.889851"	"2s2.2p.4p"	"3P"	"2"	"2s2.2p.6d"	"3P*"	"2"	5	5		
""	"1551.036"	"5.e+04"	D	"10.083115460"	"10.882479"	"2s2.2p.4p"	"3P"	"1"	"2s2.2p.6d"	"3D*"	"2"	3	5		
""	"1554.454"	"7.e+04"	D	"10.085377438"	"10.882983"	"2s2.2p.4p"	"3P"	"2"	"2s2.2p.6d"	"3D*"	"3"	5	7		
""	"1555.438"	"1.6e+04"	D	"10.085377438"	"10.882479"	"2s2.2p.4p"	"3P"	"2"	"2s2.2p.6d"	"3D*"	"2"	5	5		
""	"1555.705"	"4.3e+04"	D	"10.083115460"	"10.880080"	"2s2.2p.4p"	"3P"	"1"	"2s2.2p.7s"	"3P*"	"2"	3	5		
""	"1556.60"	"3.6e+04"	D	"10.08128590"	"10.877795"	"2s2.2p.4p"	"3P"	"0"	"2s2.2p.6d"	"3D*"	"1"	1	3		
""	"1560.133"	"1.3e+05"	D	"10.085377438"	"10.880080"	"2s2.2p.4p"	"3P"	"2"	"2s2.2p.7s"	"3P*"	"2"	5	5		
""	"1560.18"	"2.7e+04"	D	"10.083115460"	"10.877795"	"2s2.2p.4p"	"3P"	"1"	"2s2.2p.6d"	"3D*"	"1"	3	3		
""	"1560.664"	"6.e+04"	D	"10.08128590"	"10.8757182"	"2s2.2p.4p"	"3P"	"0"	"2s2.2p.7s"	"3P*"	"1"	1	3		
""	"1564.267"	"4.2e+04"	D	"10.083115460"	"10.8757182"	"2s2.2p.4p"	"3P"	"1"	"2s2.2p.7s"	"3P*"	"1"	3	3		
""	"1564.63"	"1.8e+03"	D	"10.085377438"	"10.877795"	"2s2.2p.4p"	"3P"	"2"	"2s2.2p.6d"	"3D*"	"1"	5	3		
""	"1565.639"	"2.5e+04"	D	"10.19792602"	"10.989834"	"2s2.2p.4p"	"1S"	"0"	"2s2.2p.(2P*<3/2>).7d"	"2[3/2]*"	"1"	1	3		
""	"1566.029"	"1.7e+05"	D	"10.083115460"	"10.874826"	"2s2.2p.4p"	"3P"	"1"	"2s2.2p.7s"	"3P*"	"0"	3	1		
""	"1568.744"	"7.e+04"	D	"10.085377438"	"10.8757182"	"2s2.2p.4p"	"3P"	"2"	"2s2.2p.7s"	"3P*"	"1"	5	3		
"1573.16478"	"1573.16500"	"1.1e+06"	C	"9.631071843"	"10.41919132"	"2s2.2p.3d"	"1D*"	"2"	"2s2.2p.(2P*<3/2>).4f"	"2[3/2]"	"2"	5	5		
"1578.88121"	"1578.88139"	"1.4e+06"	C	"9.631071843"	"10.41633791"	"2s2.2p.3d"	"1D*"	"2"	"2s2.2p.(2P*<3/2>).4f"	"2[5/2]"	"2"	5	5		
"1578.9201"	"1578.92024"	"7.1e+05"	C	"9.631071843"	"10.416318591"	"2s2.2p.3d"	"1D*"	"2"	"2s2.2p.(2P*<3/2>).4f"	"2[5/2]"	"3"	5	7		
"1585.69367"	"1585.69349"	"2.1e+06"	C	"9.631071843"	"10.41296443"	"2s2.2p.3d"	"1D*"	"2"	"2s2.2p.(2P*<3/2>).4f"	"2[7/2]"	"3"	5	7		
"1600.9241"	"1600.92438"	"6.4e+06"	C	"9.631071843"	"10.40552565"	"2s2.2p.3d"	"1D*"	"2"	"2s2.2p.(2P*<1/2>).4f"	"2[7/2]"	"3"	5	7		
""	"1602.57935"	"2.5e+05"	C	"9.631071843"	"10.40472588"	"2s2.2p.3d"	"1D*"	"2"	"2s2.2p.(2P*<1/2>).4f"	"2[5/2]"	"2"	5	5		
"1602.60774"	"1602.60774"	"6.2e+06"	C	"9.631071843"	"10.404712177"	"2s2.2p.3d"	"1D*"	"2"	"2s2.2p.(2P*<1/2>).4f"	"2[5/2]"	"3"	5	7		
"1633.8377"	"1633.83735"	"6.1e+05"	C	"9.00258381"	"9.76143658"	"2s2.2p.3p"	"1D"	"2"	"2s2.2p.3d"	"1P*"	"1"	5	3		
"1642.02159"	"1642.02179"	"2.8e+05"	D	"9.33030708"	"10.085377438"	"2s.2p3"	"3P*"	"1"	"2s2.2p.4p"	"3P"	"2"	3	5		
"1642.37027"	"1642.370230"	"1.0e+06"	D	"9.330467271"	"10.085377438"	"2s.2p3"	"3P*"	"2"	"2s2.2p.4p"	"3P"	"2"	5	5		
"1646.95557"	"1646.95561"	"2.9e+05"	D	"9.33030708"	"10.083115460"	"2s.2p3"	"3P*"	"1"	"2s2.2p.4p"	"3P"	"1"	3	3		
"1647.30594"	"1647.30614"	"6.e+05"	D	"9.330467271"	"10.083115460"	"2s.2p3"	"3P*"	"2"	"2s2.2p.4p"	"3P"	"1"	5	3		
"1647.54390"	"1647.54385"	"3.7e+05"	D	"9.33057587"	"10.083115460"	"2s.2p3"	"3P*"	"0"	"2s2.2p.4p"	"3P"	"1"	1	3		
""	"1650.081"	"1.2e+05"	C	"10.13817190"	"10.889554"	"2s2.2p.4p"	"1D"	"2"	"2s2.2p.6d"	"1P*"	"1"	5	3		
"1650.96805"	"1650.96797"	"1.3e+06"	D	"9.33030708"	"10.08128590"	"2s.2p3"	"3P*"	"1"	"2s2.2p.4p"	"3P"	"0"	3	1		
""	"1656.430"	"2.0e+04"	D	"10.13817190"	"10.886674"	"2s2.2p.4p"	"1D"	"2"	"2s2.2p.6d"	"1F*"	"3"	5	7		
""	"1661.192"	"2.2e+05"	C	"10.13817190"	"10.884529"	"2s2.2p.4p"	"1D"	"2"	"2s2.2p.7s"	"1P*"	"1"	5	3		
"1685.9609"	"1685.96210"	"1.2e+06"	C	"9.68378589"	"10.41917726"	"2s2.2p.4s"	"3P*"	"0"	"2s2.2p.(2P*<3/2>).4f"	"2[3/2]"	"1"	1	3		
""	"1686.752"	"1.3e+06"	D	"9.98852478"	"10.7235720"	"2s2.2p.4p"	"1P"	"1"	"2s2.2p.5d"	"1P*"	"1"	3	3		
"1689.2832"	"1689.28277"	"1.1e+06"	C	"9.685245529"	"10.41919132"	"2s2.2p.4s"	"3P*"	"1"	"2s2.2p.(2P*<3/2>).4f"	"2[3/2]"	"2"	3	5		
"1689.3143"	"1689.31513"	"8.3e+05"	C	"9.685245529"	"10.41917726"	"2s2.2p.4s"	"3P*"	"1"	"2s2.2p.(2P*<3/2>).4f"	"2[3/2]"	"1"	3	3		
"1689.49992"	"1689.49992"	"1.24e+07"	B	"9.00258381"	"9.73643528"	"2s2.2p.3p"	"1D"	"2"	"2s2.2p.3d"	"1F*"	"3"	5	7		
"1695.8759"	"1695.87594"	"5.1e+05"	C	"9.685245529"	"10.41633791"	"2s2.2p.4s"	"3P*"	"1"	"2s2.2p.(2P*<3/2>).4f"	"2[5/2]"	"2"	3	5		
""	"1696.98403"	"1.2e+04"	D	"9.833294423"	"10.56390942"	"2s2.2p.3d"	"3P*"	"2"	"2s2.2p.5p"	"3P"	"2"	5	5		
""	"1698.27232"	"2.9e+05"	C	"9.689130559"	"10.41919132"	"2s2.2p.4s"	"3P*"	"2"	"2s2.2p.(2P*<3/2>).4f"	"2[3/2]"	"2"	5	5		
""	"1698.30503"	"4.6e+04"	C	"9.689130559"	"10.41917726"	"2s2.2p.4s"	"3P*"	"2"	"2s2.2p.(2P*<3/2>).4f"	"2[3/2]"	"1"	5	3		
""	"1699.27395"	"3.8e+03"	D	"9.83427899"	"10.56390942"	"2s2.2p.3d"	"3P*"	"1"	"2s2.2p.5p"	"3P"	"2"	3	5		
""	"1701.23034"	"6.e+03"	D	"9.833294423"	"10.56208579"	"2s2.2p.3d"	"3P*"	"2"	"2s2.2p.5p"	"3P"	"1"	5	3		
""	"1703.53175"	"3.8e+03"	D	"9.83427899"	"10.56208579"	"2s2.2p.3d"	"3P*"	"1"	"2s2.2p.5p"	"3P"	"1"	3	3		
""	"1704.80349"	"5.e+03"	D	"9.83482192"	"10.56208579"	"2s2.2p.3d"	"3P*"	"0"	"2s2.2p.5p"	"3P"	"1"	1	3		
""	"1704.93598"	"1.4e+05"	C	"9.689130559"	"10.41633791"	"2s2.2p.4s"	"3P*"	"2"	"2s2.2p.(2P*<3/2>).4f"	"2[5/2]"	"2"	5	5		
"1704.98117"	"1704.98128"	"2.1e+06"	C	"9.689130559"	"10.416318591"	"2s2.2p.4s"	"3P*"	"2"	"2s2.2p.(2P*<3/2>).4f"	"2[5/2]"	"3"	5	7		
""	"1705.350"	"4.4e+04"	C	"10.13817190"	"10.865203"	"2s2.2p.4p"	"1D"	"2"	"2s2.2p.6d"	"1D*"	"2"	5	5		
""	"1708.324"	"6.e+04"	D	"9.98852478"	"10.7142898"	"2s2.2p.4p"	"1P"	"1"	"2s2.2p.6s"	"1P*"	"1"	3	3		
"1709.0917"	"1709.09130"	"1.0e+05"	D	"9.33030708"	"10.055746371"	"2s.2p3"	"3P*"	"1"	"2s2.2p.4p"	"3S"	"1"	3	3		
""	"1709.153"	"1.5e+04"	D	"9.83427899"	"10.559692"	"2s2.2p.3d"	"3P*"	"1"	"2s2.2p.5p"	"3P"	"0"	3	1		
"1709.4682"	"1709.46879"	"6.e+04"	D	"9.330467271"	"10.055746371"	"2s.2p3"	"3P*"	"2"	"2s2.2p.4p"	"3S"	"1"	5	3		
"1709.7242"	"1709.72478"	"4.5e+04"	D	"9.33057587"	"10.055746371"	"2s.2p3"	"3P*"	"0"	"2s2.2p.4p"	"3S"	"1"	1	3		
""	"1713.10496"	"8.1e+04"	C	"9.69545167"	"10.41919132"	"2s2.2p.3d"	"3F*"	"2"	"2s2.2p.(2P*<3/2>).4f"	"2[3/2]"	"2"	5	5		
""	"1713.13824"	"3.4e+04"	C	"9.69545167"	"10.41917726"	"2s2.2p.3d"	"3F*"	"2"	"2s2.2p.(2P*<3/2>).4f"	"2[3/2]"	"1"	5	3		
""	"1717.94584"	"1.9e+04"	C	"9.697491047"	"10.41919132"	"2s2.2p.3d"	"3F*"	"3"	"2s2.2p.(2P*<3/2>).4f"	"2[3/2]"	"2"	7	5		
""	"1719.88576"	"4.0e+04"	C	"9.69545167"	"10.41633791"	"2s2.2p.3d"	"3F*"	"2"	"2s2.2p.(2P*<3/2>).4f"	"2[5/2]"	"2"	5	5		
"1719.926"	"1719.93186"	"4.8e+04"	C	"9.69545167"	"10.416318591"	"2s2.2p.3d"	"3F*"	"2"	"2s2.2p.(2P*<3/2>).4f"	"2[5/2]"	"3"	5	7		
"1723.2456"	"1723.24648"	"1.5e+05"	C	"9.685245529"	"10.40472588"	"2s2.2p.4s"	"3P*"	"1"	"2s2.2p.(2P*<1/2>).4f"	"2[5/2]"	"2"	3	5		
"1723.91971"	"1723.91956"	"4.9e+06"	C	"9.697491047"	"10.41669049"	"2s2.2p.3d"	"3F*"	"3"	"2s2.2p.(2P*<3/2>).4f"	"2[9/2]"	"4"	7	9		
""	"1724.76510"	"4.5e+04"	C	"9.697491047"	"10.41633791"	"2s2.2p.3d"	"3F*"	"3"	"2s2.2p.(2P*<3/2>).4f"	"2[5/2]"	"2"	7	5		
"1724.802"	"1724.81146"	"8.1e+03"	C	"9.697491047"	"10.416318591"	"2s2.2p.3d"	"3F*"	"3"	"2s2.2p.(2P*<3/2>).4f"	"2[5/2]"	"3"	7	7		
"1727.97203"	"1727.97204"	"8.8e+06"	C	"9.69545167"	"10.41296443"	"2s2.2p.3d"	"3F*"	"2"	"2s2.2p.(2P*<3/2>).4f"	"2[7/2]"	"3"	5	7		
"1730.642"	"1730.66789"	"5.9e+04"	C	"9.689130559"	"10.40552565"	"2s2.2p.4s"	"3P*"	"2"	"2s2.2p.(2P*<1/2>).4f"	"2[7/2]"	"3"	5	7		
""	"1732.60214"	"4.0e+04"	C	"9.689130559"	"10.40472588"	"2s2.2p.4s"	"3P*"	"2"	"2s2.2p.(2P*<1/2>).4f"	"2[5/2]"	"2"	5	5		
"1732.6342"	"1732.63532"	"4.4e+05"	C	"9.689130559"	"10.404712177"	"2s2.2p.4s"	"3P*"	"2"	"2s2.2p.(2P*<1/2>).4f"	"2[5/2]"	"3"	5	7		
"1732.81597"	"1732.81621"	"4.4e+06"	C	"9.697491047"	"10.41299796"	"2s2.2p.3d"	"3F*"	"3"	"2s2.2p.(2P*<3/2>).4f"	"2[7/2]"	"4"	7	9		
"1732.89740"	"1732.89743"	"1.5e+06"	C	"9.697491047"	"10.41296443"	"2s2.2p.3d"	"3F*"	"3"	"2s2.2p.(2P*<3/2>).4f"	"2[7/2]"	"3"	7	7		
"1734.2116"	"1734.21190"	"4.0e+05"	C	"9.701759406"	"10.41669049"	"2s2.2p.3d"	"3F*"	"4"	"2s2.2p.(2P*<3/2>).4f"	"2[9/2]"	"4"	9	9		
"1734.33126"	"1734.33126"	"1.6e+07"	C	"9.701759406"	"10.416641283"	"2s2.2p.3d"	"3F*"	"4"	"2s2.2p.(2P*<3/2>).4f"	"2[9/2]"	"5"	9	11		
"1735.1147"	"1735.11447"	"1.4e+05"	C	"9.701759406"	"10.416318591"	"2s2.2p.3d"	"3F*"	"4"	"2s2.2p.(2P*<3/2>).4f"	"2[5/2]"	"3"	9	7		
""	"1741.27060"	"7.0e+03"	C	"9.70715841"	"10.41919132"	"2s2.2p.3d"	"3D*"	"1"	"2s2.2p.(2P*<3/2>).4f"	"2[3/2]"	"2"	3	5		
"1741.3041"	"1741.30499"	"1.6e+06"	C	"9.70715841"	"10.41917726"	"2s2.2p.3d"	"3D*"	"1"	"2s2.2p.(2P*<3/2>).4f"	"2[3/2]"	"1"	3	3		
""	"1741.935"	"4.0e+04"	D	"10.01574721"	"10.727508"	"2s2.2p.4p"	"3D"	"1"	"2s2.2p.5d"	"3P*"	"0"	3	1		
""	"1743.054"	"1.0e+04"	D	"10.01574721"	"10.7270516"	"2s2.2p.4p"	"3D"	"1"	"2s2.2p.5d"	"3P*"	"1"	3	3		
"1743.2159"	"1743.21537"	"1.8e+06"	C	"9.701759406"	"10.41299796"	"2s2.2p.3d"	"3F*"	"4"	"2s2.2p.(2P*<3/2>).4f"	"2[7/2]"	"4"	9	9		
"1743.285"	"1743.29756"	"6.3e+04"	C	"9.701759406"	"10.41296443"	"2s2.2p.3d"	"3F*"	"4"	"2s2.2p.(2P*<3/2>).4f"	"2[7/2]"	"3"	9	7		
"1745.33374"	"1745.33395"	"7.5e+06"	B+	"9.00258381"	"9.71295903"	"2s2.2p.3p"	"1D"	"2"	"2s2.2p.4s"	"1P*"	"1"	5	3		
"1745.5671"	"1745.56652"	"9.2e+05"	C	"9.708910751"	"10.41919132"	"2s2.2p.3d"	"3D*"	"2"	"2s2.2p.(2P*<3/2>).4f"	"2[3/2]"	"2"	5	5		
"1745.6008"	"1745.60107"	"6.8e+05"	C	"9.708910751"	"10.41917726"	"2s2.2p.3d"	"3D*"	"2"	"2s2.2p.(2P*<3/2>).4f"	"2[3/2]"	"1"	5	3		
"1746.07465"	"1746.07438"	"6.0e+06"	C	"9.69545167"	"10.40552565"	"2s2.2p.3d"	"3F*"	"2"	"2s2.2p.(2P*<1/2>).4f"	"2[7/2]"	"3"	5	7		
""	"1746.9493"	"4.0e+02"	D	"10.01574721"	"10.72546557"	"2s2.2p.4p"	"3D"	"1"	"2s2.2p.5d"	"3P*"	"2"	3	5		
"1748.0430"	"1748.04323"	"1.0e+06"	C	"9.69545167"	"10.40472588"	"2s2.2p.3d"	"3F*"	"2"	"2s2.2p.(2P*<1/2>).4f"	"2[5/2]"	"2"	5	5		
"1748.0769"	"1748.07701"	"4.7e+05"	C	"9.69545167"	"10.404712177"	"2s2.2p.3d"	"3F*"	"2"	"2s2.2p.(2P*<1/2>).4f"	"2[5/2]"	"3"	5	7		
"1748.279"	"1748.27667"	"1.0e+05"	C	"9.70715841"	"10.41633791"	"2s2.2p.3d"	"3D*"	"1"	"2s2.2p.(2P*<3/2>).4f"	"2[5/2]"	"2"	3	5		
""	"1748.797"	"3.0e+04"	D	"10.018083033"	"10.7270516"	"2s2.2p.4p"	"3D"	"2"	"2s2.2p.5d"	"3P*"	"1"	5	3		
"1748.8083"	"1748.80838"	"2.4e+05"	C	"9.710227435"	"10.41919132"	"2s2.2p.3d"	"3D*"	"3"	"2s2.2p.(2P*<3/2>).4f"	"2[3/2]"	"2"	7	5		
"1751.04163"	"1751.04249"	"6.4e+06"	C	"9.697491047"	"10.405550385"	"2s2.2p.3d"	"3F*"	"3"	"2s2.2p.(2P*<1/2>).4f"	"2[7/2]"	"4"	7	9		
""	"1751.10365"	"1.7e+04"	C	"9.697491047"	"10.40552565"	"2s2.2p.3d"	"3F*"	"3"	"2s2.2p.(2P*<1/2>).4f"	"2[7/2]"	"3"	7	7		
"1752.086"	"1752.07117"	"2.3e+04"	C	"9.00258381"	"9.710227435"	"2s2.2p.3p"	"1D"	"2"	"2s2.2p.3d"	"3D*"	"3"	5	7		
"1752.6081"	"1752.60727"	"1.9e+06"	C	"9.708910751"	"10.41633791"	"2s2.2p.3d"	"3D*"	"2"	"2s2.2p.(2P*<3/2>).4f"	"2[5/2]"	"2"	5	5		
"1752.6549"	"1752.65514"	"1.9e+05"	C	"9.708910751"	"10.416318591"	"2s2.2p.3d"	"3D*"	"2"	"2s2.2p.(2P*<3/2>).4f"	"2[5/2]"	"3"	5	7		
""	"1752.7178"	"6.e+03"	D	"10.018083033"	"10.72546557"	"2s2.2p.4p"	"3D"	"2"	"2s2.2p.5d"	"3P*"	"2"	5	5		
""	"1753.08388"	"1.1e+05"	C	"9.697491047"	"10.40472588"	"2s2.2p.3d"	"3F*"	"3"	"2s2.2p.(2P*<1/2>).4f"	"2[5/2]"	"2"	7	5		
"1753.1180"	"1753.11785"	"7.4e+05"	C	"9.697491047"	"10.404712177"	"2s2.2p.3d"	"3F*"	"3"	"2s2.2p.(2P*<1/2>).4f"	"2[5/2]"	"3"	7	7		
"1755.0014"	"1754.99905"	"4.1e+05"	C	"9.710227435"	"10.41669049"	"2s2.2p.3d"	"3D*"	"3"	"2s2.2p.(2P*<3/2>).4f"	"2[9/2]"	"4"	7	9		
"1755.5737"	"1755.57249"	"1.0e+06"	C	"9.71295903"	"10.41919132"	"2s2.2p.4s"	"1P*"	"1"	"2s2.2p.(2P*<3/2>).4f"	"2[3/2]"	"2"	3	5		
""	"1755.60744"	"2.3e+05"	C	"9.71295903"	"10.41917726"	"2s2.2p.4s"	"1P*"	"1"	"2s2.2p.(2P*<3/2>).4f"	"2[3/2]"	"1"	3	3		
"1755.8745"	"1755.87535"	"2.8e+05"	C	"9.710227435"	"10.41633791"	"2s2.2p.3d"	"3D*"	"3"	"2s2.2p.(2P*<3/2>).4f"	"2[5/2]"	"2"	7	5		
"1755.92335"	"1755.92340"	"2.9e+06"	C	"9.710227435"	"10.416318591"	"2s2.2p.3d"	"3D*"	"3"	"2s2.2p.(2P*<3/2>).4f"	"2[5/2]"	"3"	7	7		
"1759.719"	"1759.70294"	"5.8e+05"	C	"9.00258381"	"9.70715841"	"2s2.2p.3p"	"1D"	"2"	"2s2.2p.3d"	"3D*"	"1"	5	3		
"1761.00496"	"1761.00491"	"2.9e+06"	C	"9.708910751"	"10.41296443"	"2s2.2p.3d"	"3D*"	"2"	"2s2.2p.(2P*<3/2>).4f"	"2[7/2]"	"3"	5	7		
"1761.6613"	"1761.66223"	"4.7e+05"	C	"9.701759406"	"10.405550385"	"2s2.2p.3d"	"3F*"	"4"	"2s2.2p.(2P*<1/2>).4f"	"2[7/2]"	"4"	9	9		
""	"1761.72414"	"1.8e+04"	C	"9.701759406"	"10.40552565"	"2s2.2p.3d"	"3F*"	"4"	"2s2.2p.(2P*<1/2>).4f"	"2[7/2]"	"3"	9	7		
""	"1762.3831"	"5.e+04"	D	"9.833294423"	"10.53679751"	"2s2.2p.3d"	"3P*"	"2"	"2s2.2p.5p"	"3D"	"3"	5	7		
"1762.69431"	"1762.69435"	"2.0e+06"	C	"9.71295903"	"10.41633791"	"2s2.2p.4s"	"1P*"	"1"	"2s2.2p.(2P*<3/2>).4f"	"2[5/2]"	"2"	3	5		
""	"1763.0189"	"3.3e+04"	D	"10.022216175"	"10.72546557"	"2s2.2p.4p"	"3D"	"3"	"2s2.2p.5d"	"3P*"	"2"	7	5		
""	"1763.76285"	"2.6e+04"	C	"9.701759406"	"10.404712177"	"2s2.2p.3d"	"3F*"	"4"	"2s2.2p.(2P*<1/2>).4f"	"2[5/2]"	"3"	9	7		
"1764.2197"	"1764.22023"	"5.2e+06"	C	"9.710227435"	"10.41299796"	"2s2.2p.3d"	"3D*"	"3"	"2s2.2p.(2P*<3/2>).4f"	"2[7/2]"	"4"	7	9		
"1764.3041"	"1764.30442"	"5.4e+05"	C	"9.710227435"	"10.41296443"	"2s2.2p.3d"	"3D*"	"3"	"2s2.2p.(2P*<3/2>).4f"	"2[7/2]"	"3"	7	7		
"1767.6973"	"1767.69562"	"3.2e+04"	B	"7.945771557"	"8.647160399"	"2s.2p3"	"3D*"	"3"	"2s2.2p.3p"	"3D"	"3"	7	7		
""	"1768.95388"	"4.5e+03"	B	"7.94627046"	"8.647160399"	"2s.2p3"	"3D*"	"2"	"2s2.2p.3p"	"3D"	"3"	5	7		
""	"1773.194"	"1.2e+04"	D	"9.833294423"	"10.532508"	"2s2.2p.3d"	"3P*"	"2"	"2s2.2p.5p"	"3D"	"2"	5	5		
""	"1775.694"	"3.7e+04"	D	"9.83427899"	"10.532508"	"2s2.2p.3d"	"3P*"	"1"	"2s2.2p.5p"	"3D"	"2"	3	5		
"1777.37930"	"1777.37929"	"1.1e+07"	C	"9.70715841"	"10.40472588"	"2s2.2p.3d"	"3D*"	"1"	"2s2.2p.(2P*<1/2>).4f"	"2[5/2]"	"2"	3	5		
""	"1777.938"	"1.4e+03"	D	"9.833294423"	"10.5306428"	"2s2.2p.3d"	"3P*"	"2"	"2s2.2p.5p"	"3D"	"1"	5	3		
"1778.1809"	"1778.18315"	"6.3e+03"	B	"7.945771557"	"8.643023685"	"2s.2p3"	"3D*"	"3"	"2s2.2p.3p"	"3D"	"2"	7	5		
"1778.61644"	"1778.61643"	"2.9e+05"	B	"9.98852478"	"10.68560706"	"2s2.2p.4p"	"1P"	"1"	"2s2.2p.5d"	"1D*"	"2"	3	5		
"1779.100"	"1779.10989"	"5.6e+03"	B	"7.94613476"	"8.643023685"	"2s.2p3"	"3D*"	"1"	"2s2.2p.3p"	"3D"	"2"	3	5		
"1779.455"	"1779.45639"	"2.39e+04"	B	"7.94627046"	"8.643023685"	"2s.2p3"	"3D*"	"2"	"2s2.2p.3p"	"3D"	"2"	5	5		
"1779.80967"	"1779.80974"	"2.7e+06"	C	"9.708910751"	"10.40552565"	"2s2.2p.3d"	"3D*"	"2"	"2s2.2p.(2P*<1/2>).4f"	"2[7/2]"	"3"	5	7		
""	"1780.452"	"2.0e+04"	D	"9.83427899"	"10.5306428"	"2s2.2p.3d"	"3P*"	"1"	"2s2.2p.5p"	"3D"	"1"	3	3		
""	"1781.841"	"2.7e+04"	D	"9.83482192"	"10.5306428"	"2s2.2p.3d"	"3P*"	"0"	"2s2.2p.5p"	"3D"	"1"	1	3		
"1781.8561"	"1781.85545"	"1.5e+06"	C	"9.708910751"	"10.40472588"	"2s2.2p.3d"	"3D*"	"2"	"2s2.2p.(2P*<1/2>).4f"	"2[5/2]"	"2"	5	5		
"1781.89054"	"1781.89055"	"6.2e+06"	C	"9.708910751"	"10.404712177"	"2s2.2p.3d"	"3D*"	"2"	"2s2.2p.(2P*<1/2>).4f"	"2[5/2]"	"3"	5	7		
"1783.11673"	"1783.11673"	"7.6e+06"	C	"9.710227435"	"10.405550385"	"2s2.2p.3d"	"3D*"	"3"	"2s2.2p.(2P*<1/2>).4f"	"2[7/2]"	"4"	7	9		
"1783.1786"	"1783.18016"	"5.3e+05"	C	"9.710227435"	"10.40552565"	"2s2.2p.3d"	"3D*"	"3"	"2s2.2p.(2P*<1/2>).4f"	"2[7/2]"	"3"	7	7		
""	"1783.493"	"3.5e+04"	D	"10.01574721"	"10.710924"	"2s2.2p.4p"	"3D"	"1"	"2s2.2p.5d"	"3D*"	"2"	3	5		
""	"1784.18345"	"6.6e+04"	C	"9.00258381"	"9.697491047"	"2s2.2p.3p"	"1D"	"2"	"2s2.2p.3d"	"3F*"	"3"	5	7		
""	"1785.23363"	"2.6e+04"	C	"9.710227435"	"10.40472588"	"2s2.2p.3d"	"3D*"	"3"	"2s2.2p.(2P*<1/2>).4f"	"2[5/2]"	"2"	7	5		
"1785.2687"	"1785.26886"	"2.3e+05"	C	"9.710227435"	"10.404712177"	"2s2.2p.3d"	"3D*"	"3"	"2s2.2p.(2P*<1/2>).4f"	"2[5/2]"	"3"	7	7		
"1785.8397"	"1785.84346"	"2.6e+04"	B	"7.94613476"	"8.64039604"	"2s.2p3"	"3D*"	"1"	"2s2.2p.3p"	"3D"	"1"	3	3		
"1786.194"	"1786.19260"	"9.4e+03"	B	"7.94627046"	"8.64039604"	"2s.2p3"	"3D*"	"2"	"2s2.2p.3p"	"3D"	"1"	5	3		
""	"1786.818"	"2.6e+04"	D	"10.018083033"	"10.711966"	"2s2.2p.4p"	"3D"	"2"	"2s2.2p.5d"	"3D*"	"3"	5	7		
""	"1789.43499"	"4.3e+03"	C	"9.00258381"	"9.69545167"	"2s2.2p.3p"	"1D"	"2"	"2s2.2p.3d"	"3F*"	"2"	5	5		
""	"1789.505"	"1.6e+05"	D	"10.018083033"	"10.710924"	"2s2.2p.4p"	"3D"	"2"	"2s2.2p.5d"	"3D*"	"2"	5	5		
""	"1789.814"	"1.0e+04"	D	"10.01574721"	"10.708468"	"2s2.2p.4p"	"3D"	"1"	"2s2.2p.6s"	"3P*"	"2"	3	5		
""	"1792.086"	"1.7e+05"	D	"10.01574721"	"10.707590"	"2s2.2p.4p"	"3D"	"1"	"2s2.2p.5d"	"3D*"	"1"	3	3		
""	"1792.28303"	"2.2e+05"	C	"9.71295903"	"10.40472588"	"2s2.2p.4s"	"1P*"	"1"	"2s2.2p.(2P*<1/2>).4f"	"2[5/2]"	"2"	3	5		
"1792.32952"	"1792.32952"	"7.e+05"	D	"9.330467271"	"10.022216175"	"2s.2p3"	"3P*"	"2"	"2s2.2p.4p"	"3D"	"3"	5	7		
""	"1792.642"	"2.5e+04"	D	"10.19792602"	"10.889554"	"2s2.2p.4p"	"1S"	"0"	"2s2.2p.6d"	"1P*"	"1"	1	3		
""	"1795.870"	"1.6e+05"	D	"10.018083033"	"10.708468"	"2s2.2p.4p"	"3D"	"2"	"2s2.2p.6s"	"3P*"	"2"	5	5		
"1796.409"	"1796.40428"	"5.1e+05"	C	"8.64039604"	"9.33057587"	"2s2.2p.3p"	"3D"	"1"	"2s.2p3"	"3P*"	"0"	3	1		
""	"1796.68697"	"4.0e+03"	C	"8.64039604"	"9.330467271"	"2s2.2p.3p"	"3D"	"1"	"2s.2p3"	"3P*"	"2"	3	5		
"1797.129"	"1797.10415"	"1.2e+05"	C	"8.64039604"	"9.33030708"	"2s2.2p.3p"	"3D"	"1"	"2s.2p3"	"3P*"	"1"	3	3		
""	"1797.525"	"2.0e+05"	D	"10.022216175"	"10.711966"	"2s2.2p.4p"	"3D"	"3"	"2s2.2p.5d"	"3D*"	"3"	7	7		
""	"1798.157"	"6.e+04"	D	"10.018083033"	"10.707590"	"2s2.2p.4p"	"3D"	"2"	"2s2.2p.5d"	"3D*"	"1"	5	3		
""	"1800.245"	"3.6e+04"	D	"10.022216175"	"10.710924"	"2s2.2p.4p"	"3D"	"3"	"2s2.2p.5d"	"3D*"	"2"	7	5		
""	"1802.061"	"2.6e+05"	D	"10.01574721"	"10.7037605"	"2s2.2p.4p"	"3D"	"1"	"2s2.2p.6s"	"3P*"	"1"	3	3		
"1802.6814"	"1802.68295"	"6.e+05"	D	"9.33030708"	"10.018083033"	"2s.2p3"	"3P*"	"1"	"2s2.2p.4p"	"3D"	"2"	3	5		
"1803.10277"	"1803.10291"	"1.6e+05"	D	"9.330467271"	"10.018083033"	"2s.2p3"	"3P*"	"2"	"2s2.2p.4p"	"3D"	"2"	5	5		
"1803.557"	"1803.55452"	"6.5e+04"	C	"8.643023685"	"9.330467271"	"2s2.2p.3p"	"3D"	"2"	"2s.2p3"	"3P*"	"2"	5	5		
"1803.97447"	"1803.97489"	"3.8e+05"	C	"8.643023685"	"9.33030708"	"2s2.2p.3p"	"3D"	"2"	"2s.2p3"	"3P*"	"1"	5	3		
""	"1805.210"	"1.0e+06"	D	"10.01574721"	"10.702560"	"2s2.2p.4p"	"3D"	"1"	"2s2.2p.6s"	"3P*"	"0"	3	1		
""	"1805.91051"	"6.3e+02"	C	"9.00258381"	"9.689130559"	"2s2.2p.3p"	"1D"	"2"	"2s2.2p.4s"	"3P*"	"2"	5	5		
""	"1806.606"	"6.e+05"	D	"10.01574721"	"10.702030"	"2s2.2p.4p"	"3D"	"1"	"2s2.2p.5d"	"3F*"	"2"	3	5		
""	"1806.686"	"9.e+05"	D	"10.022216175"	"10.708468"	"2s2.2p.4p"	"3D"	"3"	"2s2.2p.6s"	"3P*"	"2"	7	5		
"1806.7632"	"1806.7630"	"7.e+05"	D	"10.022216175"	"10.7084390"	"2s2.2p.4p"	"3D"	"3"	"2s2.2p.5d"	"3F*"	"4"	7	9		
"1808.211"	"1808.200"	"8.e+05"	D	"10.018083033"	"10.7037605"	"2s2.2p.4p"	"3D"	"2"	"2s2.2p.6s"	"3P*"	"1"	5	3		
"1808.8270"	"1808.82609"	"2.9e+05"	D	"9.33030708"	"10.01574721"	"2s.2p3"	"3P*"	"1"	"2s2.2p.4p"	"3D"	"1"	3	3		
"1809.258"	"1809.24892"	"1.6e+04"	D	"9.330467271"	"10.01574721"	"2s.2p3"	"3P*"	"2"	"2s2.2p.4p"	"3D"	"1"	5	3		
"1809.53566"	"1809.53567"	"4.3e+05"	D	"9.33057587"	"10.01574721"	"2s.2p3"	"3P*"	"0"	"2s2.2p.4p"	"3D"	"1"	1	3		
"1809.6608"	"1809.6608"	"6.e+05"	D	"10.018083033"	"10.70320700"	"2s2.2p.4p"	"3D"	"2"	"2s2.2p.5d"	"3F*"	"3"	5	7		
""	"1812.776"	"1.1e+05"	D	"10.018083033"	"10.702030"	"2s2.2p.4p"	"3D"	"2"	"2s2.2p.5d"	"3F*"	"2"	5	5		
"1814.47320"	"1814.47317"	"4.0e+05"	C	"8.647160399"	"9.330467271"	"2s2.2p.3p"	"3D"	"3"	"2s.2p3"	"3P*"	"2"	7	5		
""	"1815.93703"	"4.2e+04"	C	"9.73643528"	"10.41919132"	"2s2.2p.3d"	"1F*"	"3"	"2s2.2p.(2P*<3/2>).4f"	"2[3/2]"	"2"	7	5		
"1816.1893"	"1816.18795"	"6.2e+04"	C	"9.00258381"	"9.685245529"	"2s2.2p.3p"	"1D"	"2"	"2s2.2p.4s"	"3P*"	"1"	5	3		
""	"1820.6442"	"8.e+04"	D	"10.022216175"	"10.70320700"	"2s2.2p.4p"	"3D"	"3"	"2s2.2p.5d"	"3F*"	"3"	7	7		
"1822.61282"	"1822.61299"	"9.8e+06"	C	"9.73643528"	"10.41669049"	"2s2.2p.3d"	"1F*"	"3"	"2s2.2p.(2P*<3/2>).4f"	"2[9/2]"	"4"	7	9		
""	"1823.55814"	"4.0e+04"	C	"9.73643528"	"10.41633791"	"2s2.2p.3d"	"1F*"	"3"	"2s2.2p.(2P*<3/2>).4f"	"2[5/2]"	"2"	7	5		
"1823.619"	"1823.60996"	"1.5e+05"	C	"9.73643528"	"10.416318591"	"2s2.2p.3d"	"1F*"	"3"	"2s2.2p.(2P*<3/2>).4f"	"2[5/2]"	"3"	7	7		
""	"1823.797"	"3.1e+03"	D	"10.022216175"	"10.702030"	"2s2.2p.4p"	"3D"	"3"	"2s2.2p.5d"	"3F*"	"2"	7	5		
"1832.5615"	"1832.56039"	"4.3e+06"	C	"9.73643528"	"10.41299796"	"2s2.2p.3d"	"1F*"	"3"	"2s2.2p.(2P*<3/2>).4f"	"2[7/2]"	"4"	7	9		
"1832.6505"	"1832.65123"	"3.4e+05"	C	"9.73643528"	"10.41296443"	"2s2.2p.3d"	"1F*"	"3"	"2s2.2p.(2P*<3/2>).4f"	"2[7/2]"	"3"	7	7		
""	"1845.657"	"2.9e+05"	C	"10.055746371"	"10.727508"	"2s2.2p.4p"	"3S"	"1"	"2s2.2p.5d"	"3P*"	"0"	3	1		
""	"1846.387"	"1.9e+04"	D	"10.35238138"	"11.023878"	"2s2.2p.4d"	"1D*"	"2"	"2s2.2p.(2P*<3/2>).8p"	"2[5/2]"	"2"	5	5		
""	"1846.912"	"2.9e+05"	C	"10.055746371"	"10.7270516"	"2s2.2p.4p"	"3S"	"1"	"2s2.2p.5d"	"3P*"	"1"	3	3		
""	"1851.2863"	"2.9e+05"	C	"10.055746371"	"10.72546557"	"2s2.2p.4p"	"3S"	"1"	"2s2.2p.5d"	"3P*"	"2"	3	5		
"1852.9589"	"1852.95769"	"9.9e+05"	C	"9.73643528"	"10.405550385"	"2s2.2p.3d"	"1F*"	"3"	"2s2.2p.(2P*<1/2>).4f"	"2[7/2]"	"4"	7	9		
"1853.0260"	"1853.02618"	"5.7e+05"	C	"9.73643528"	"10.40552565"	"2s2.2p.3d"	"1F*"	"3"	"2s2.2p.(2P*<1/2>).4f"	"2[7/2]"	"3"	7	7		
""	"1855.24377"	"3.6e+03"	C	"9.73643528"	"10.40472588"	"2s2.2p.3d"	"1F*"	"3"	"2s2.2p.(2P*<1/2>).4f"	"2[5/2]"	"2"	7	5		
"1855.2810"	"1855.28182"	"5.7e+05"	C	"9.73643528"	"10.404712177"	"2s2.2p.3d"	"1F*"	"3"	"2s2.2p.(2P*<1/2>).4f"	"2[5/2]"	"3"	7	7		
""	"1871.64924"	"3.6e+03"	C	"9.17184612"	"9.83427899"	"2s2.2p.3p"	"1S"	"0"	"2s2.2p.3d"	"3P*"	"1"	1	3		
""	"1883.63512"	"5.9e+03"	C	"9.33030708"	"9.98852478"	"2s.2p3"	"3P*"	"1"	"2s2.2p.4p"	"1P"	"1"	3	3		
""	"1884.40463"	"1.9e+03"	C	"9.33057587"	"9.98852478"	"2s.2p3"	"3P*"	"0"	"2s2.2p.4p"	"1P"	"1"	1	3		
"1884.96063"	"1884.96091"	"4.2e+06"	C	"9.76143658"	"10.41919132"	"2s2.2p.3d"	"1P*"	"1"	"2s2.2p.(2P*<3/2>).4f"	"2[3/2]"	"2"	3	5		
""	"1885.00120"	"3.3e+03"	C	"9.76143658"	"10.41917726"	"2s2.2p.3d"	"1P*"	"1"	"2s2.2p.(2P*<3/2>).4f"	"2[3/2]"	"1"	3	3		
"1893.17384"	"1893.17370"	"5.1e+06"	C	"9.76143658"	"10.41633791"	"2s2.2p.3d"	"1P*"	"1"	"2s2.2p.(2P*<3/2>).4f"	"2[5/2]"	"2"	3	5		
""	"1897.734"	"6.e+04"	D	"10.35238138"	"11.005709"	"2s2.2p.4d"	"1D*"	"2"	"2s2.2p.(2P*<1/2>).8p"	"2[3/2]"	"1"	5	3		
""	"1899.495"	"3.6e+05"	C	"10.055746371"	"10.708468"	"2s2.2p.4p"	"3S"	"1"	"2s2.2p.6s"	"3P*"	"2"	3	5		
""	"1913.295"	"3.6e+05"	C	"10.055746371"	"10.7037605"	"2s2.2p.4p"	"3S"	"1"	"2s2.2p.6s"	"3P*"	"1"	3	3		
""	"1916.845"	"3.5e+05"	C	"10.055746371"	"10.702560"	"2s2.2p.4p"	"3S"	"1"	"2s2.2p.6s"	"3P*"	"0"	3	1		
""	"1919.956"	"2.1e+05"	D	"10.08128590"	"10.7270516"	"2s2.2p.4p"	"3P"	"0"	"2s2.2p.5d"	"3P*"	"1"	1	3		
""	"1924.047"	"6.e+05"	D	"10.083115460"	"10.727508"	"2s2.2p.4p"	"3P"	"1"	"2s2.2p.5d"	"3P*"	"0"	3	1		
""	"1925.411"	"1.6e+05"	D	"10.083115460"	"10.7270516"	"2s2.2p.4p"	"3P"	"1"	"2s2.2p.5d"	"3P*"	"1"	3	3		
"1927.3503"	"1927.34742"	"4.4e+05"	C	"9.76143658"	"10.40472588"	"2s2.2p.3d"	"1P*"	"1"	"2s2.2p.(2P*<1/2>).4f"	"2[5/2]"	"2"	3	5		
""	"1930.1654"	"1.6e+05"	D	"10.083115460"	"10.72546557"	"2s2.2p.4p"	"3P"	"1"	"2s2.2p.5d"	"3P*"	"2"	3	5		
""	"1932.199"	"2.6e+05"	D	"10.085377438"	"10.7270516"	"2s2.2p.4p"	"3P"	"2"	"2s2.2p.5d"	"3P*"	"1"	5	3		
"1936.9864"	"1936.9864"	"5.e+05"	D	"10.085377438"	"10.72546557"	"2s2.2p.4p"	"3P"	"2"	"2s2.2p.5d"	"3P*"	"2"	5	5		
""	"1965.132"	"1.0e+02"	D	"10.38335829"	"11.014279"	"2s2.2p.4d"	"3F*"	"2"	"2s2.2p.(2P*<3/2>).8p"	"2[5/2]"	"3"	5	7		
""	"1970.492"	"3.5e+03"	D	"10.385074438"	"11.014279"	"2s2.2p.4d"	"3F*"	"3"	"2s2.2p.(2P*<3/2>).8p"	"2[5/2]"	"3"	7	7		
"1972.73763"	"1972.73763"	"1.88e+06"	B+	"9.00258381"	"9.631071843"	"2s2.2p.3p"	"1D"	"2"	"2s2.2p.3d"	"1D*"	"2"	5	5		
""	"1974.874"	"2.1e+05"	C	"10.083115460"	"10.710924"	"2s2.2p.4p"	"3P"	"1"	"2s2.2p.5d"	"3D*"	"2"	3	5		
""	"1978.719"	"2.7e+05"	C	"10.085377438"	"10.711966"	"2s2.2p.4p"	"3P"	"2"	"2s2.2p.5d"	"3D*"	"3"	5	7		
""	"1979.616"	"1.5e+05"	C	"10.08128590"	"10.707590"	"2s2.2p.4p"	"3P"	"0"	"2s2.2p.5d"	"3D*"	"1"	1	3		
""	"1982.015"	"6.8e+04"	C	"10.085377438"	"10.710924"	"2s2.2p.4p"	"3P"	"2"	"2s2.2p.5d"	"3D*"	"2"	5	5		
""	"1982.628"	"7.e+04"	D	"10.083115460"	"10.708468"	"2s2.2p.4p"	"3P"	"1"	"2s2.2p.6s"	"3P*"	"2"	3	5		
""	"1982.779"	"4.4e+04"	D	"10.38335829"	"11.008664"	"2s2.2p.4d"	"3F*"	"2"	"2s2.2p.(2P*<1/2>).8p"	"2[1/2]"	"1"	5	3		
""	"1983.5"	"5.e+03"	D	"10.38335829"	"[11.0084]"	"2s2.2p.4d"	"3F*"	"2"	"2s2.2p.(2P*<1/2>).8p"	"2[1/2]"	"2"	5	5		
""	"1985.098"	"4.0e+04"	D	"10.389704212"	"11.014279"	"2s2.2p.4d"	"3F*"	"4"	"2s2.2p.(2P*<3/2>).8p"	"2[5/2]"	"3"	9	7		
""	"1985.415"	"1.1e+05"	C	"10.083115460"	"10.707590"	"2s2.2p.4p"	"3P"	"1"	"2s2.2p.5d"	"3D*"	"1"	3	3		
""	"1989.0"	"3.8e+04"	D	"10.385074438"	"[11.0084]"	"2s2.2p.4d"	"3F*"	"3"	"2s2.2p.(2P*<1/2>).8p"	"2[1/2]"	"2"	7	5		
""	"1989.825"	"2.0e+05"	D	"10.085377438"	"10.708468"	"2s2.2p.4p"	"3P"	"2"	"2s2.2p.6s"	"3P*"	"2"	5	5		
""	"1991.795"	"9.e+04"	D	"10.08128590"	"10.7037605"	"2s2.2p.4p"	"3P"	"0"	"2s2.2p.6s"	"3P*"	"1"	1	3		
""	"1992.633"	"7.5e+03"	C	"10.085377438"	"10.707590"	"2s2.2p.4p"	"3P"	"2"	"2s2.2p.5d"	"3D*"	"1"	5	3		
""	"1997.667"	"7.e+04"	D	"10.083115460"	"10.7037605"	"2s2.2p.4p"	"3P"	"1"	"2s2.2p.6s"	"3P*"	"1"	3	3		
""	"2000.769"	"7.e+02"	D	"10.39459625"	"11.014279"	"2s2.2p.4d"	"3D*"	"2"	"2s2.2p.(2P*<3/2>).8p"	"2[5/2]"	"3"	5	7		
""	"2001.537"	"2.7e+05"	D	"10.083115460"	"10.702560"	"2s2.2p.4p"	"3P"	"1"	"2s2.2p.6s"	"3P*"	"0"	3	1		
""	"2004.974"	"1.1e+05"	D	"10.085377438"	"10.7037605"	"2s2.2p.4p"	"3P"	"2"	"2s2.2p.6s"	"3P*"	"1"	5	3		
""	"2005.101"	"6.e+03"	D	"10.39593494"	"11.014279"	"2s2.2p.4d"	"3D*"	"3"	"2s2.2p.(2P*<3/2>).8p"	"2[5/2]"	"3"	7	7		
""	"2011.788"	"5.e+03"	D	"10.39237505"	"11.008664"	"2s2.2p.4d"	"3D*"	"1"	"2s2.2p.(2P*<1/2>).8p"	"2[1/2]"	"1"	3	3		
""	"2012.5"	"1.0e+03"	D	"10.39237505"	"[11.0084]"	"2s2.2p.4d"	"3D*"	"1"	"2s2.2p.(2P*<1/2>).8p"	"2[1/2]"	"2"	3	5		
""	"2013.552"	"7.8e+04"	C+	"10.40812917"	"11.023878"	"2s2.2p.4d"	"1F*"	"3"	"2s2.2p.(2P*<3/2>).8p"	"2[5/2]"	"2"	7	5		
""	"2019.065"	"1.6e+03"	D	"10.39459625"	"11.008664"	"2s2.2p.4d"	"3D*"	"2"	"2s2.2p.(2P*<1/2>).8p"	"2[1/2]"	"1"	5	3		
""	"2019.8"	"4.4e+03"	D	"10.39459625"	"[11.0084]"	"2s2.2p.4d"	"3D*"	"2"	"2s2.2p.(2P*<1/2>).8p"	"2[1/2]"	"2"	5	5		
""	"2024.2"	"1.0e+03"	D	"10.39593494"	"[11.0084]"	"2s2.2p.4d"	"3D*"	"3"	"2s2.2p.(2P*<1/2>).8p"	"2[1/2]"	"2"	7	5		
""	"2099.608"	"3.1e+04"	D	"10.35238138"	"10.942892"	"2s2.2p.4d"	"1D*"	"2"	"2s2.2p.7p"	"1D"	"2"	5	5		
"2102.88694"	"2102.88679"	"2.01e+06"	B	"9.17184612"	"9.76143658"	"2s2.2p.3p"	"1S"	"0"	"2s2.2p.3d"	"1P*"	"1"	1	3		
""	"2112.813"	"3.9e+03"	D	"10.42745839"	"11.014279"	"2s2.2p.4d"	"3P*"	"2"	"2s2.2p.(2P*<3/2>).8p"	"2[5/2]"	"3"	5	7		
"2116.1431"	"2116.14362"	"1.1e+06"	C	"9.833294423"	"10.41919132"	"2s2.2p.3d"	"3P*"	"2"	"2s2.2p.(2P*<3/2>).4f"	"2[3/2]"	"2"	5	5		
"2116.196"	"2116.19440"	"2.2e+05"	C	"9.833294423"	"10.41917726"	"2s2.2p.3d"	"3P*"	"2"	"2s2.2p.(2P*<3/2>).4f"	"2[3/2]"	"1"	5	3		
""	"2117.940"	"1.8e+05"	C+	"10.13817190"	"10.7235720"	"2s2.2p.4p"	"1D"	"2"	"2s2.2p.5d"	"1P*"	"1"	5	3		
"2119.7061"	"2119.70567"	"3.4e+06"	C	"9.83427899"	"10.41919132"	"2s2.2p.3d"	"3P*"	"1"	"2s2.2p.(2P*<3/2>).4f"	"2[3/2]"	"2"	3	5		
"2119.7566"	"2119.75663"	"3.2e+06"	C	"9.83427899"	"10.41917726"	"2s2.2p.3d"	"3P*"	"1"	"2s2.2p.(2P*<3/2>).4f"	"2[3/2]"	"1"	3	3		
"2121.72646"	"2121.72610"	"4.2e+06"	C	"9.83482192"	"10.41917726"	"2s2.2p.3d"	"3P*"	"0"	"2s2.2p.(2P*<3/2>).4f"	"2[3/2]"	"1"	1	3		
"2126.5023"	"2126.50001"	"7.0e+05"	C	"9.833294423"	"10.41633791"	"2s2.2p.3d"	"3P*"	"2"	"2s2.2p.(2P*<3/2>).4f"	"2[5/2]"	"2"	5	5		
"2126.57050"	"2126.57048"	"6.6e+06"	C	"9.833294423"	"10.416318591"	"2s2.2p.3d"	"3P*"	"2"	"2s2.2p.(2P*<3/2>).4f"	"2[5/2]"	"3"	5	7		
"2130.0977"	"2130.09704"	"2.0e+06"	C	"9.83427899"	"10.41633791"	"2s2.2p.3d"	"3P*"	"1"	"2s2.2p.(2P*<3/2>).4f"	"2[5/2]"	"2"	3	5		
""	"2133.226"	"1.0e+02"	D	"10.42745839"	"11.008664"	"2s2.2p.4d"	"3P*"	"2"	"2s2.2p.(2P*<1/2>).8p"	"2[1/2]"	"1"	5	3		
""	"2134.1"	"9.e+02"	D	"10.42745839"	"[11.0084]"	"2s2.2p.4d"	"3P*"	"2"	"2s2.2p.(2P*<1/2>).8p"	"2[1/2]"	"2"	5	5		
""	"2137.055"	"1.59e+05"	B	"10.13817190"	"10.718336"	"2s2.2p.4p"	"1D"	"2"	"2s2.2p.5d"	"1F*"	"3"	5	7		
""	"2139.154"	"1.6e+03"	D	"10.42906912"	"11.008664"	"2s2.2p.4d"	"3P*"	"1"	"2s2.2p.(2P*<1/2>).8p"	"2[1/2]"	"1"	3	3		
""	"2140.0"	"2.8e+03"	D	"10.42906912"	"[11.0084]"	"2s2.2p.4d"	"3P*"	"1"	"2s2.2p.(2P*<1/2>).8p"	"2[1/2]"	"2"	3	5		
""	"2141.495"	"2.1e+03"	D	"10.42970278"	"11.008664"	"2s2.2p.4d"	"3P*"	"0"	"2s2.2p.(2P*<1/2>).8p"	"2[1/2]"	"1"	1	3		
""	"2152.063"	"4.6e+05"	C+	"10.13817190"	"10.7142898"	"2s2.2p.4p"	"1D"	"2"	"2s2.2p.6s"	"1P*"	"1"	5	3		
""	"2169.71251"	"7.4e+04"	C	"9.833294423"	"10.40472588"	"2s2.2p.3d"	"3P*"	"2"	"2s2.2p.(2P*<1/2>).4f"	"2[5/2]"	"2"	5	5		
"2169.7656"	"2169.76455"	"7.5e+05"	C	"9.833294423"	"10.404712177"	"2s2.2p.3d"	"3P*"	"2"	"2s2.2p.(2P*<1/2>).4f"	"2[5/2]"	"3"	5	7		
"2173.4567"	"2173.45735"	"2.1e+05"	C	"9.83427899"	"10.40472588"	"2s2.2p.3d"	"3P*"	"1"	"2s2.2p.(2P*<1/2>).4f"	"2[5/2]"	"2"	3	5		
""	"2191.179"	"8.9e+04"	C+	"10.35238138"	"10.918215"	"2s2.2p.4d"	"1D*"	"2"	"2s2.2p.7p"	"1P"	"1"	5	3		
"2216.210"	"2216.21513"	"3.6e+04"	C	"8.771134696"	"9.33057587"	"2s2.2p.3p"	"3S"	"1"	"2s.2p3"	"3P*"	"0"	3	1		
"2216.6501"	"2216.64541"	"6.7e+04"	C	"8.771134696"	"9.330467271"	"2s2.2p.3p"	"3S"	"1"	"2s.2p3"	"3P*"	"2"	3	5		
"2217.2816"	"2217.28043"	"4.5e+04"	C	"8.771134696"	"9.33030708"	"2s2.2p.3p"	"3S"	"1"	"2s.2p3"	"3P*"	"1"	3	3		
""	"2264.8198"	"2.0e+04"	C	"10.13817190"	"10.68560706"	"2s2.2p.4p"	"1D"	"2"	"2s2.2p.5d"	"1D*"	"2"	5	5		
""	"2278.731"	"1.6e+02"	C	"10.38335829"	"10.927451"	"2s2.2p.4d"	"3F*"	"2"	"2s2.2p.7p"	"3D"	"3"	5	7		
""	"2284.126"	"9.e+02"	D+	"10.39237505"	"10.935183"	"2s2.2p.4d"	"3D*"	"1"	"2s2.2p.7p"	"3P"	"2"	3	5		
""	"2285.941"	"5.7e+03"	C	"10.385074438"	"10.927451"	"2s2.2p.4d"	"3F*"	"3"	"2s2.2p.7p"	"3D"	"3"	7	7		
""	"2287.187"	"2.2e+04"	C	"10.39237505"	"10.934457"	"2s2.2p.4d"	"3D*"	"1"	"2s2.2p.7p"	"3P"	"1"	3	3		
"2291.28139"	"2291.28146"	"2.6e+06"	B	"9.17184612"	"9.71295903"	"2s2.2p.3p"	"1S"	"0"	"2s2.2p.4s"	"1P*"	"1"	1	3		
""	"2293.511"	"1.3e+04"	C	"10.39459625"	"10.935183"	"2s2.2p.4d"	"3D*"	"2"	"2s2.2p.7p"	"3P"	"2"	5	5		
""	"2296.598"	"6.7e+04"	C	"10.39459625"	"10.934457"	"2s2.2p.4d"	"3D*"	"2"	"2s2.2p.7p"	"3P"	"1"	5	3		
""	"2299.205"	"7.4e+04"	C	"10.39593494"	"10.935183"	"2s2.2p.4d"	"3D*"	"3"	"2s2.2p.7p"	"3P"	"2"	7	5		
""	"2299.576"	"7.8e+03"	C	"10.38335829"	"10.922519"	"2s2.2p.4d"	"3F*"	"2"	"2s2.2p.7p"	"3D"	"2"	5	5		
""	"2301.725"	"7.0e+04"	C	"10.38335829"	"10.922016"	"2s2.2p.4d"	"3F*"	"2"	"2s2.2p.7p"	"3D"	"1"	5	3		
""	"2304.268"	"8.8e+04"	C	"10.39237505"	"10.930438"	"2s2.2p.4d"	"3D*"	"1"	"2s2.2p.7p"	"3P"	"0"	3	1		
""	"2305.622"	"6.4e+04"	C	"10.389704212"	"10.927451"	"2s2.2p.4d"	"3F*"	"4"	"2s2.2p.7p"	"3D"	"3"	9	7		
""	"2306.919"	"6.1e+04"	C	"10.385074438"	"10.922519"	"2s2.2p.4d"	"3F*"	"3"	"2s2.2p.7p"	"3D"	"2"	7	5		
"2316.110"	"2316.10970"	"2.8e+05"	C	"9.17184612"	"9.70715841"	"2s2.2p.3p"	"1S"	"0"	"2s2.2p.3d"	"3D*"	"1"	1	3		
""	"2318.487"	"1.25e+05"	C+	"10.40812917"	"10.942892"	"2s2.2p.4d"	"1F*"	"3"	"2s2.2p.7p"	"1D"	"2"	7	5		
""	"2324.585"	"3.1e+04"	D	"10.41865840"	"10.952019"	"2s2.2p.4d"	"1P*"	"1"	"2s2.2p.7p"	"1S"	"0"	3	1		
""	"2326.790"	"1.1e+03"	D	"10.39459625"	"10.927451"	"2s2.2p.4d"	"3D*"	"2"	"2s2.2p.7p"	"3D"	"3"	5	7		
""	"2332.650"	"9.e+03"	D	"10.39593494"	"10.927451"	"2s2.2p.4d"	"3D*"	"3"	"2s2.2p.7p"	"3D"	"3"	7	7		
""	"2338.688"	"1.5e+03"	D	"10.39237505"	"10.922519"	"2s2.2p.4d"	"3D*"	"1"	"2s2.2p.7p"	"3D"	"2"	3	5		
""	"2340.910"	"7.e+03"	D	"10.39237505"	"10.922016"	"2s2.2p.4d"	"3D*"	"1"	"2s2.2p.7p"	"3D"	"1"	3	3		
"2344.44"	"2344.32"	"3.1e+05"	D	"10.35238138"	"10.881251"	"2s2.2p.4d"	"1D*"	"2"	"2s2.2p.(2P*<1/2>).6f"	"2[7/2]"	"3"	5	7		
"2344.94"	"2344.91"	"3.8e+05"	D	"10.35238138"	"10.881120"	"2s2.2p.4d"	"1D*"	"2"	"2s2.2p.(2P*<1/2>).6f"	"2[5/2]"	"3"	5	7		
""	"2348.527"	"7.e+03"	D	"10.39459625"	"10.922519"	"2s2.2p.4d"	"3D*"	"2"	"2s2.2p.7p"	"3D"	"2"	5	5		
""	"2350.769"	"2.5e+03"	D	"10.39459625"	"10.922016"	"2s2.2p.4d"	"3D*"	"2"	"2s2.2p.7p"	"3D"	"1"	5	3		
""	"2354.498"	"1.5e+03"	D	"10.39593494"	"10.922519"	"2s2.2p.4d"	"3D*"	"3"	"2s2.2p.7p"	"3D"	"2"	7	5		
""	"2358.702"	"7.e+03"	D	"10.19792602"	"10.7235720"	"2s2.2p.4p"	"1S"	"0"	"2s2.2p.5d"	"1P*"	"1"	1	3		
""	"2365.054"	"4.1e+03"	D	"10.41865840"	"10.942892"	"2s2.2p.4d"	"1P*"	"1"	"2s2.2p.7p"	"1D"	"2"	3	5		
""	"2401.102"	"2.5e+04"	C	"10.19792602"	"10.7142898"	"2s2.2p.4p"	"1S"	"0"	"2s2.2p.6s"	"1P*"	"1"	1	3		
""	"2414.96573"	"1.2e+04"	C	"9.17184612"	"9.685245529"	"2s2.2p.3p"	"1S"	"0"	"2s2.2p.4s"	"3P*"	"1"	1	3		
""	"2418.35217"	"3.8e+04"	C	"9.685245529"	"10.19792602"	"2s2.2p.4s"	"3P*"	"1"	"2s2.2p.4p"	"1S"	"0"	3	1		
""	"2441.957"	"9.e+03"	D	"10.42745839"	"10.935183"	"2s2.2p.4d"	"3P*"	"2"	"2s2.2p.7p"	"3P"	"2"	5	5		
"2444.9655"	"2444.96519"	"3.5e+05"	B	"9.631071843"	"10.13817190"	"2s2.2p.3d"	"1D*"	"2"	"2s2.2p.4p"	"1D"	"2"	5	5		
""	"2445.456"	"5.e+03"	D	"10.42745839"	"10.934457"	"2s2.2p.4d"	"3P*"	"2"	"2s2.2p.7p"	"3P"	"1"	5	3		
""	"2449.729"	"3.0e+03"	D	"10.42906912"	"10.935183"	"2s2.2p.4d"	"3P*"	"1"	"2s2.2p.7p"	"3P"	"2"	3	5		
""	"2453.250"	"3.0e+03"	D	"10.42906912"	"10.934457"	"2s2.2p.4d"	"3P*"	"1"	"2s2.2p.7p"	"3P"	"1"	3	3		
""	"2456.330"	"4.0e+03"	D	"10.42970278"	"10.934457"	"2s2.2p.4d"	"3P*"	"0"	"2s2.2p.7p"	"3P"	"1"	1	3		
""	"2472.912"	"1.2e+04"	D	"10.42906912"	"10.930438"	"2s2.2p.4d"	"3P*"	"1"	"2s2.2p.7p"	"3P"	"0"	3	1		
""	"2479.718"	"5.e+03"	D	"10.42745839"	"10.927451"	"2s2.2p.4d"	"3P*"	"2"	"2s2.2p.7p"	"3D"	"3"	5	7		
""	"2504.423"	"1.2e+03"	D	"10.42745839"	"10.922519"	"2s2.2p.4d"	"3P*"	"2"	"2s2.2p.7p"	"3D"	"2"	5	5		
""	"2506.972"	"1.3e+02"	D	"10.42745839"	"10.922016"	"2s2.2p.4d"	"3P*"	"2"	"2s2.2p.7p"	"3D"	"1"	5	3		
""	"2512.598"	"3.6e+03"	D	"10.42906912"	"10.922519"	"2s2.2p.4d"	"3P*"	"1"	"2s2.2p.7p"	"3D"	"2"	3	5		
""	"2515.163"	"2.0e+03"	D	"10.42906912"	"10.922016"	"2s2.2p.4d"	"3P*"	"1"	"2s2.2p.7p"	"3D"	"1"	3	3		
""	"2518.401"	"2.6e+03"	D	"10.42970278"	"10.922016"	"2s2.2p.4d"	"3P*"	"0"	"2s2.2p.7p"	"3D"	"1"	1	3		
""	"2526.33210"	"5.6e+05"	C	"9.70715841"	"10.19792602"	"2s2.2p.3d"	"3D*"	"1"	"2s2.2p.4p"	"1S"	"0"	3	1		
"2556.54914"	"2556.54921"	"7.0e+06"	B	"9.71295903"	"10.19792602"	"2s2.2p.4s"	"1P*"	"1"	"2s2.2p.4p"	"1S"	"0"	3	1		
"2563.1445"	"2563.14417"	"2.4e+05"	C+	"8.84658790"	"9.33030708"	"2s2.2p.3p"	"3P"	"0"	"2s.2p3"	"3P*"	"1"	1	3		
"2569.876"	"2569.87910"	"7.1e+05"	C+	"8.848124381"	"9.33057587"	"2s2.2p.3p"	"3P"	"1"	"2s.2p3"	"3P*"	"0"	3	1		
"2570.455"	"2570.45768"	"1.7e+05"	C+	"8.848124381"	"9.330467271"	"2s2.2p.3p"	"3P"	"1"	"2s.2p3"	"3P*"	"2"	3	5		
"2571.3099"	"2571.31164"	"1.8e+05"	C+	"8.848124381"	"9.33030708"	"2s2.2p.3p"	"3P"	"1"	"2s.2p3"	"3P*"	"1"	3	3		
"2584.0582"	"2584.05691"	"5.2e+05"	C+	"8.850662829"	"9.330467271"	"2s2.2p.3p"	"3P"	"2"	"2s.2p3"	"3P*"	"2"	5	5		
"2584.9186"	"2584.91993"	"2.8e+05"	C+	"8.850662829"	"9.33030708"	"2s2.2p.3p"	"3P"	"2"	"2s.2p3"	"3P*"	"1"	5	3		
"2597.203"	"2597.202"	"1.2e+06"	D+	"10.404712177"	"10.8820881"	"2s2.2p.(2P*<1/2>).4f"	"2[5/2]"	"3"	"2s2.2p.(2P*<1/2>).6g"	"2[7/2]*"	"4"	7	9		
"2597.275"	"2597.275"	"1.1e+06"	D+	"10.40472588"	"10.8820885"	"2s2.2p.(2P*<1/2>).4f"	"2[5/2]"	"2"	"2s2.2p.(2P*<1/2>).6g"	"2[7/2]*"	"3"	5	7		
""	"2601.4131"	"1.2e+06"	D+	"10.40552565"	"10.88212892"	"2s2.2p.(2P*<1/2>).4f"	"2[7/2]"	"3"	"2s2.2p.(2P*<1/2>).6g"	"2[9/2]*"	"4"	7	9		
"2601.5481"	"2601.5481"	"1.2e+06"	D+	"10.405550385"	"10.88212892"	"2s2.2p.(2P*<1/2>).4f"	"2[7/2]"	"4"	"2s2.2p.(2P*<1/2>).6g"	"2[9/2]*"	"5"	9	11		
"2601.974"	"2601.974"	"1.1e+06"	D+	"10.41296443"	"10.8894649"	"2s2.2p.(2P*<3/2>).4f"	"2[7/2]"	"3"	"2s2.2p.(2P*<3/2>).6g"	"2[9/2]*"	"4"	7	9		
"2602.149"	"2602.149"	"1.1e+06"	D+	"10.41299796"	"10.8894664"	"2s2.2p.(2P*<3/2>).4f"	"2[7/2]"	"4"	"2s2.2p.(2P*<3/2>).6g"	"2[9/2]*"	"5"	9	11		
"2617.9648"	"2617.9647"	"1.4e+06"	C	"10.416641283"	"10.89023131"	"2s2.2p.(2P*<3/2>).4f"	"2[9/2]"	"5"	"2s2.2p.(2P*<3/2>).6g"	"2[11/2]*"	"6"	11	13		
"2618.235"	"2618.235"	"1.4e+06"	D+	"10.41669049"	"10.8902317"	"2s2.2p.(2P*<3/2>).4f"	"2[9/2]"	"4"	"2s2.2p.(2P*<3/2>).6g"	"2[11/2]*"	"5"	9	11		
"2618.4367"	"2618.437"	"1.1e+06"	D+	"10.416318591"	"10.8898233"	"2s2.2p.(2P*<3/2>).4f"	"2[5/2]"	"3"	"2s2.2p.(2P*<3/2>).6g"	"2[7/2]*"	"4"	7	9		
"2618.548"	"2618.548"	"1.0e+06"	D+	"10.41633791"	"10.8898224"	"2s2.2p.(2P*<3/2>).4f"	"2[5/2]"	"2"	"2s2.2p.(2P*<3/2>).6g"	"2[7/2]*"	"3"	5	7		
""	"2630.557"	"1.1e+06"	D+	"10.41917726"	"10.8905002"	"2s2.2p.(2P*<3/2>).4f"	"2[3/2]"	"1"	"2s2.2p.(2P*<3/2>).6g"	"2[5/2]*"	"2"	3	5		
"2630.635"	"2630.636"	"1.2e+06"	D+	"10.41919132"	"10.8905002"	"2s2.2p.(2P*<3/2>).4f"	"2[3/2]"	"2"	"2s2.2p.(2P*<3/2>).6g"	"2[5/2]*"	"3"	5	7		
""	"2687.675"	"5.6e+04"	C+	"10.35238138"	"10.8136879"	"2s2.2p.4d"	"1D*"	"2"	"2s2.2p.6p"	"1D"	"2"	5	5		
"2737.405"	"2737.40296"	"1.9e+04"	C	"9.685245529"	"10.13817190"	"2s2.2p.4s"	"3P*"	"1"	"2s2.2p.4p"	"1D"	"2"	3	5		
""	"2800.50900"	"9.3e+02"	C	"9.69545167"	"10.13817190"	"2s2.2p.3d"	"3F*"	"2"	"2s2.2p.4p"	"1D"	"2"	5	5		
""	"2813.46916"	"6.0e+03"	C	"9.697491047"	"10.13817190"	"2s2.2p.3d"	"3F*"	"3"	"2s2.2p.4p"	"1D"	"2"	7	5		
""	"2814.3410"	"8.5e+03"	C	"9.98852478"	"10.42906912"	"2s2.2p.4p"	"1P"	"1"	"2s2.2p.4d"	"3P*"	"1"	3	3		
"2876.5741"	"2876.57349"	"2.4e+05"	C	"9.70715841"	"10.13817190"	"2s2.2p.3d"	"3D*"	"1"	"2s2.2p.4p"	"1D"	"2"	3	5		
"2882.4576"	"2882.4578"	"3.7e+06"	B	"9.98852478"	"10.41865840"	"2s2.2p.4p"	"1P"	"1"	"2s2.2p.4d"	"1P*"	"1"	3	3		
""	"2897.20300"	"1.3e+03"	C	"9.710227435"	"10.13817190"	"2s2.2p.3d"	"3D*"	"3"	"2s2.2p.4p"	"1D"	"2"	7	5		
"2915.81480"	"2915.81482"	"3.6e+06"	B	"9.71295903"	"10.13817190"	"2s2.2p.4s"	"1P*"	"1"	"2s2.2p.4p"	"1D"	"2"	3	5		
""	"2927.998"	"1.6e+05"	C+	"10.35238138"	"10.775825"	"2s2.2p.4d"	"1D*"	"2"	"2s2.2p.6p"	"1P"	"1"	5	3		
""	"2995.1088"	"2.5e+04"	D	"10.01574721"	"10.42970278"	"2s2.2p.4p"	"3D"	"1"	"2s2.2p.4d"	"3P*"	"0"	3	1		
""	"2999.7006"	"1.1e+04"	D	"10.01574721"	"10.42906912"	"2s2.2p.4p"	"3D"	"1"	"2s2.2p.4d"	"3P*"	"1"	3	3		
""	"3011.4363"	"1.0e+03"	D	"10.01574721"	"10.42745839"	"2s2.2p.4p"	"3D"	"1"	"2s2.2p.4d"	"3P*"	"2"	3	5		
""	"3016.7493"	"2.3e+04"	D	"10.018083033"	"10.42906912"	"2s2.2p.4p"	"3D"	"2"	"2s2.2p.4d"	"3P*"	"1"	5	3		
"3017.122"	"3017.120"	"1.4e+05"	D	"9.98852478"	"10.3994604"	"2s2.2p.4p"	"1P"	"1"	"2s2.2p.5s"	"1P*"	"1"	3	3		
""	"3022.15"	"5.e+04"	D	"10.41865840"	"10.828910"	"2s2.2p.4d"	"1P*"	"1"	"2s2.2p.6p"	"1S"	"0"	3	1		
""	"3028.6190"	"1.5e+04"	D	"10.018083033"	"10.42745839"	"2s2.2p.4p"	"3D"	"2"	"2s2.2p.4d"	"3P*"	"2"	5	5		
""	"3036.670"	"1.7e+03"	C	"10.39237505"	"10.800665"	"2s2.2p.4d"	"3D*"	"1"	"2s2.2p.6p"	"3P"	"2"	3	5		
""	"3046.016"	"4.2e+04"	C	"10.39237505"	"10.7994123"	"2s2.2p.4d"	"3D*"	"1"	"2s2.2p.6p"	"3P"	"1"	3	3		
""	"3053.2605"	"1.6e+03"	C	"9.98852478"	"10.39459625"	"2s2.2p.4p"	"1P"	"1"	"2s2.2p.4d"	"3D*"	"2"	3	5		
""	"3053.280"	"2.5e+04"	C	"10.39459625"	"10.800665"	"2s2.2p.4d"	"3D*"	"2"	"2s2.2p.6p"	"3P"	"2"	5	5		
""	"3057.121"	"2.30e+05"	B	"10.40812917"	"10.8136879"	"2s2.2p.4d"	"1F*"	"3"	"2s2.2p.6p"	"1D"	"2"	7	5		
""	"3059.5085"	"4.3e+04"	D	"10.022216175"	"10.42745839"	"2s2.2p.4p"	"3D"	"3"	"2s2.2p.4d"	"3P*"	"2"	7	5		
""	"3062.730"	"1.2e+05"	C	"10.39459625"	"10.7994123"	"2s2.2p.4d"	"3D*"	"2"	"2s2.2p.6p"	"3P"	"1"	5	3		
""	"3063.379"	"1.4e+05"	C	"10.39593494"	"10.800665"	"2s2.2p.4d"	"3D*"	"3"	"2s2.2p.6p"	"3P"	"2"	7	5		
""	"3070.0536"	"3.0e+04"	C	"9.98852478"	"10.39237505"	"2s2.2p.4p"	"1P"	"1"	"2s2.2p.4d"	"3D*"	"1"	3	3		
""	"3070.080"	"1.6e+05"	C	"10.39237505"	"10.796222"	"2s2.2p.4d"	"3D*"	"1"	"2s2.2p.6p"	"3P"	"0"	3	1		
""	"3072.312"	"3.0e+02"	C	"10.38335829"	"10.786912"	"2s2.2p.4d"	"3F*"	"2"	"2s2.2p.6p"	"3D"	"3"	5	7		
""	"3077.2091"	"1.0e+05"	C	"10.01574721"	"10.41865840"	"2s2.2p.4p"	"3D"	"1"	"2s2.2p.4d"	"1P*"	"1"	3	3		
""	"3085.433"	"1.0e+04"	C	"10.385074438"	"10.786912"	"2s2.2p.4d"	"3F*"	"3"	"2s2.2p.6p"	"3D"	"3"	7	7		
"3086.2059"	"3086.20602"	"1.75e+06"	B	"9.73643528"	"10.13817190"	"2s2.2p.3d"	"1F*"	"3"	"2s2.2p.4p"	"1D"	"2"	7	5		
""	"3095.1528"	"1.4e+03"	C	"10.018083033"	"10.41865840"	"2s2.2p.4p"	"3D"	"2"	"2s2.2p.4d"	"1P*"	"1"	5	3		
""	"3097.6991"	"1.3e+03"	C	"9.98852478"	"10.38877088"	"2s2.2p.4p"	"1P"	"1"	"2s2.2p.5s"	"3P*"	"2"	3	5		
"3098.5833"	"3098.58314"	"4.9e+05"	B	"9.685245529"	"10.085377438"	"2s2.2p.4s"	"3P*"	"1"	"2s2.2p.4p"	"3P"	"2"	3	5		
"3104.8093"	"3104.8089"	"5.6e+05"	B	"9.68378589"	"10.083115460"	"2s2.2p.4s"	"3P*"	"0"	"2s2.2p.4p"	"3P"	"1"	1	3		
""	"3107.461"	"1.4e+04"	C	"10.38335829"	"10.782347"	"2s2.2p.4d"	"3F*"	"2"	"2s2.2p.6p"	"3D"	"2"	5	5		
"3116.1999"	"3116.19926"	"4.2e+05"	B	"9.685245529"	"10.083115460"	"2s2.2p.4s"	"3P*"	"1"	"2s2.2p.4p"	"3P"	"1"	3	3		
""	"3116.485"	"1.3e+05"	C	"10.38335829"	"10.781192"	"2s2.2p.4d"	"3F*"	"2"	"2s2.2p.6p"	"3D"	"1"	5	3		
""	"3120.884"	"1.1e+05"	C	"10.385074438"	"10.782347"	"2s2.2p.4d"	"3F*"	"3"	"2s2.2p.6p"	"3D"	"2"	7	5		
""	"3121.397"	"1.2e+05"	C	"10.389704212"	"10.786912"	"2s2.2p.4d"	"3F*"	"4"	"2s2.2p.6p"	"3D"	"3"	9	7		
"3128.96322"	"3128.96341"	"1.72e+06"	B	"9.689130559"	"10.085377438"	"2s2.2p.4s"	"3P*"	"2"	"2s2.2p.4p"	"3P"	"2"	5	5		
"3130.5938"	"3130.5949"	"2.02e+06"	B	"9.685245529"	"10.08128590"	"2s2.2p.4s"	"3P*"	"1"	"2s2.2p.4p"	"3P"	"0"	3	1		
""	"3135.2353"	"1.1e+05"	C	"9.98852478"	"10.38397899"	"2s2.2p.4p"	"1P"	"1"	"2s2.2p.5s"	"3P*"	"1"	3	3		
""	"3138.606"	"1.5e+04"	C	"10.41865840"	"10.8136879"	"2s2.2p.4d"	"1P*"	"1"	"2s2.2p.6p"	"1D"	"2"	3	5		
""	"3140.1641"	"1.5e+03"	C	"9.98852478"	"10.38335829"	"2s2.2p.4p"	"1P"	"1"	"2s2.2p.4d"	"3F*"	"2"	3	5		
"3146.9278"	"3146.92766"	"1.07e+06"	B	"9.689130559"	"10.083115460"	"2s2.2p.4s"	"3P*"	"2"	"2s2.2p.4p"	"3P"	"1"	5	3		
""	"3147.4146"	"9.3e+03"	C	"9.98852478"	"10.38244873"	"2s2.2p.4p"	"1P"	"1"	"2s2.2p.5s"	"3P*"	"0"	3	1		
""	"3160.319"	"2.1e+03"	C	"10.39459625"	"10.786912"	"2s2.2p.4d"	"3D*"	"2"	"2s2.2p.6p"	"3D"	"3"	5	7		
""	"3169.78128"	"5.6e+02"	C	"9.631071843"	"10.022216175"	"2s2.2p.3d"	"1D*"	"2"	"2s2.2p.4p"	"3D"	"3"	5	7		
""	"3171.140"	"1.6e+04"	C	"10.39593494"	"10.786912"	"2s2.2p.4d"	"3D*"	"3"	"2s2.2p.6p"	"3D"	"3"	7	7		
""	"3178.7060"	"6.0e+04"	C	"10.018083033"	"10.40812917"	"2s2.2p.4p"	"3D"	"2"	"2s2.2p.4d"	"1F*"	"3"	5	7		
""	"3179.310"	"2.7e+03"	C	"10.39237505"	"10.782347"	"2s2.2p.4d"	"3D*"	"1"	"2s2.2p.6p"	"3D"	"2"	3	5		
""	"3188.757"	"1.3e+04"	C	"10.39237505"	"10.781192"	"2s2.2p.4d"	"3D*"	"1"	"2s2.2p.6p"	"3D"	"1"	3	3		
"3196.412"	"3196.40496"	"1.8e+05"	D	"9.697491047"	"10.085377438"	"2s2.2p.3d"	"3F*"	"3"	"2s2.2p.4p"	"3P"	"2"	7	5		
""	"3197.523"	"1.2e+04"	C	"10.39459625"	"10.782347"	"2s2.2p.4d"	"3D*"	"2"	"2s2.2p.6p"	"3D"	"2"	5	5		
""	"3198.24037"	"2.7e+04"	C	"9.69545167"	"10.083115460"	"2s2.2p.3d"	"3F*"	"2"	"2s2.2p.4p"	"3P"	"1"	5	3		
""	"3203.63342"	"2.2e+03"	C	"9.631071843"	"10.018083033"	"2s2.2p.3d"	"1D*"	"2"	"2s2.2p.4p"	"3D"	"2"	5	5		
""	"3207.078"	"4.4e+03"	C	"10.39459625"	"10.781192"	"2s2.2p.4d"	"3D*"	"2"	"2s2.2p.6p"	"3D"	"1"	5	3		
""	"3208.600"	"2.7e+03"	C	"10.39593494"	"10.782347"	"2s2.2p.4d"	"3D*"	"3"	"2s2.2p.6p"	"3D"	"2"	7	5		
""	"3212.7501"	"3.5e+03"	C	"10.022216175"	"10.40812917"	"2s2.2p.4p"	"3D"	"3"	"2s2.2p.4d"	"1F*"	"3"	7	7		
""	"3223.08653"	"3.7e+03"	C	"9.631071843"	"10.01574721"	"2s2.2p.3d"	"1D*"	"2"	"2s2.2p.4p"	"3D"	"1"	5	3		
""	"3231.168"	"2.0e+03"	C	"10.01574721"	"10.3994604"	"2s2.2p.4p"	"3D"	"1"	"2s2.2p.5s"	"1P*"	"1"	3	3		
""	"3250.958"	"1.3e+05"	C	"10.018083033"	"10.3994604"	"2s2.2p.4p"	"3D"	"2"	"2s2.2p.5s"	"1P*"	"1"	5	3		
""	"3272.6544"	"1.4e+03"	C+	"10.01574721"	"10.39459625"	"2s2.2p.4p"	"3D"	"1"	"2s2.2p.4d"	"3D*"	"2"	3	5		
""	"3278.1058"	"8.2e+03"	B	"9.70715841"	"10.085377438"	"2s2.2p.3d"	"3D*"	"1"	"2s2.2p.4p"	"3P"	"2"	3	5		
""	"3281.2908"	"1.23e+04"	C+	"10.018083033"	"10.39593494"	"2s2.2p.4p"	"3D"	"2"	"2s2.2p.4d"	"3D*"	"3"	5	7		
"3291.0172"	"3291.0160"	"3.7e+05"	D	"9.76143658"	"10.13817190"	"2s2.2p.3d"	"1P*"	"1"	"2s2.2p.4p"	"1D"	"2"	3	5		
"3291.956"	"3291.9552"	"6.3e+05"	C+	"10.01574721"	"10.39237505"	"2s2.2p.4p"	"3D"	"1"	"2s2.2p.4d"	"3D*"	"1"	3	3		
"3292.9571"	"3292.9574"	"6.7e+05"	C+	"10.018083033"	"10.39459625"	"2s2.2p.4p"	"3D"	"2"	"2s2.2p.4d"	"3D*"	"2"	5	5		
"3293.3642"	"3293.36440"	"1.49e+05"	B	"9.708910751"	"10.085377438"	"2s2.2p.3d"	"3D*"	"2"	"2s2.2p.4p"	"3P"	"2"	5	5		
"3297.8289"	"3297.8288"	"3.3e+05"	B	"9.70715841"	"10.083115460"	"2s2.2p.3d"	"3D*"	"1"	"2s2.2p.4p"	"3P"	"1"	3	3		
"3304.92333"	"3304.92330"	"1.17e+06"	B	"9.710227435"	"10.085377438"	"2s2.2p.3d"	"3D*"	"3"	"2s2.2p.4p"	"3P"	"2"	7	5		
"3312.491"	"3312.4991"	"3.1e+05"	C+	"10.018083033"	"10.39237505"	"2s2.2p.4p"	"3D"	"2"	"2s2.2p.4d"	"3D*"	"1"	5	3		
"3313.27235"	"3313.27200"	"1.20e+06"	B	"9.708910751"	"10.083115460"	"2s2.2p.3d"	"3D*"	"2"	"2s2.2p.4p"	"3P"	"1"	5	3		
"3313.9559"	"3313.9558"	"1.46e+06"	B	"9.70715841"	"10.08128590"	"2s2.2p.3d"	"3D*"	"1"	"2s2.2p.4p"	"3P"	"0"	3	1		
"3315.469"	"3315.4720"	"1.22e+06"	B	"10.055746371"	"10.42970278"	"2s2.2p.4p"	"3S"	"1"	"2s2.2p.4d"	"3P*"	"0"	3	1		
"3317.5782"	"3317.5803"	"1.24e+06"	C+	"10.022216175"	"10.39593494"	"2s2.2p.4p"	"3D"	"3"	"2s2.2p.4d"	"3D*"	"3"	7	7		
"3321.0984"	"3321.0995"	"1.31e+06"	B	"10.055746371"	"10.42906912"	"2s2.2p.4p"	"3S"	"1"	"2s2.2p.4d"	"3P*"	"1"	3	3		
""	"3322.132"	"2.4e+04"	C	"10.42745839"	"10.800665"	"2s2.2p.4d"	"3P*"	"2"	"2s2.2p.6p"	"3P"	"2"	5	5		
""	"3323.7622"	"5.2e+03"	B	"10.01574721"	"10.38877088"	"2s2.2p.4p"	"3D"	"1"	"2s2.2p.5s"	"3P*"	"2"	3	5		
""	"3329.1641"	"9.0e+02"	C	"9.71295903"	"10.085377438"	"2s2.2p.4s"	"1P*"	"1"	"2s2.2p.4p"	"3P"	"2"	3	5		
"3329.502"	"3329.5067"	"5.6e+05"	C+	"10.022216175"	"10.39459625"	"2s2.2p.4p"	"3D"	"3"	"2s2.2p.4d"	"3D*"	"2"	7	5		
"3333.2621"	"3333.2627"	"5.8e+05"	B	"9.68378589"	"10.055746371"	"2s2.2p.4s"	"3P*"	"0"	"2s2.2p.4p"	"3S"	"1"	1	3		
""	"3333.322"	"1.3e+04"	C	"10.42745839"	"10.7994123"	"2s2.2p.4d"	"3P*"	"2"	"2s2.2p.6p"	"3P"	"1"	5	3		
"3335.4905"	"3335.4907"	"1.52e+06"	B	"10.055746371"	"10.42745839"	"2s2.2p.4p"	"3S"	"1"	"2s2.2p.4d"	"3P*"	"2"	3	5		
""	"3336.532"	"7.8e+03"	C	"10.42906912"	"10.800665"	"2s2.2p.4d"	"3P*"	"1"	"2s2.2p.6p"	"3P"	"2"	3	5		
"3344.7075"	"3344.7063"	"7.1e+05"	B	"10.018083033"	"10.38877088"	"2s2.2p.4p"	"3D"	"2"	"2s2.2p.5s"	"3P*"	"2"	5	5		
"3346.39465"	"3346.39451"	"1.57e+06"	B	"9.685245529"	"10.055746371"	"2s2.2p.4s"	"3P*"	"1"	"2s2.2p.4p"	"3S"	"1"	3	3		
""	"3347.820"	"7.7e+03"	C	"10.42906912"	"10.7994123"	"2s2.2p.4d"	"3P*"	"1"	"2s2.2p.6p"	"3P"	"1"	3	3		
""	"3349.5082"	"9.8e+03"	C	"9.71295903"	"10.083115460"	"2s2.2p.4s"	"1P*"	"1"	"2s2.2p.4p"	"3P"	"1"	3	3		
""	"3353.558"	"1.0e+04"	C	"10.42970278"	"10.7994123"	"2s2.2p.4d"	"3P*"	"0"	"2s2.2p.6p"	"3P"	"1"	1	3		
"3364.782"	"3364.7866"	"4.9e+05"	D+	"10.35238138"	"10.7208571"	"2s2.2p.4d"	"1D*"	"2"	"2s2.2p.(2P*<3/2>).5f"	"2[7/2]"	"3"	5	7		
""	"3366.1459"	"1.5e+05"	C	"9.71295903"	"10.08128590"	"2s2.2p.4s"	"1P*"	"1"	"2s2.2p.4p"	"3P"	"0"	3	1		
"3367.0139"	"3367.0151"	"7.2e+05"	B	"10.01574721"	"10.38397899"	"2s2.2p.4p"	"3D"	"1"	"2s2.2p.5s"	"3P*"	"1"	3	3		
"3372.70028"	"3372.70026"	"3.9e+06"	B	"10.01574721"	"10.38335829"	"2s2.2p.4p"	"3D"	"1"	"2s2.2p.4d"	"3F*"	"2"	3	5		
"3373.82952"	"3373.82951"	"4.4e+06"	B	"10.022216175"	"10.389704212"	"2s2.2p.4p"	"3D"	"3"	"2s2.2p.4d"	"3F*"	"4"	7	9		
""	"3376.910"	"3.0e+04"	C	"10.42906912"	"10.796222"	"2s2.2p.4d"	"3P*"	"1"	"2s2.2p.6p"	"3P"	"0"	3	1		
"3378.39516"	"3378.39516"	"4.0e+06"	B	"10.018083033"	"10.385074438"	"2s2.2p.4p"	"3D"	"2"	"2s2.2p.4d"	"3F*"	"3"	5	7		
"3381.0660"	"3381.0658"	"2.9e+06"	B	"10.01574721"	"10.38244873"	"2s2.2p.4p"	"3D"	"1"	"2s2.2p.5s"	"3P*"	"0"	3	1		
"3381.85621"	"3381.85627"	"2.09e+06"	B	"9.689130559"	"10.055746371"	"2s2.2p.4s"	"3P*"	"2"	"2s2.2p.4p"	"3S"	"1"	5	3		
"3382.4206"	"3382.4200"	"1.95e+06"	B	"10.022216175"	"10.38877088"	"2s2.2p.4p"	"3D"	"3"	"2s2.2p.5s"	"3P*"	"2"	7	5		
"3388.5101"	"3388.5096"	"1.98e+06"	B	"10.018083033"	"10.38397899"	"2s2.2p.4p"	"3D"	"2"	"2s2.2p.5s"	"3P*"	"1"	5	3		
"3394.2646"	"3394.2677"	"3.6e+05"	B	"10.018083033"	"10.38335829"	"2s2.2p.4p"	"3D"	"2"	"2s2.2p.4d"	"3F*"	"2"	5	5		
"3407.50170"	"3407.50170"	"3.2e+06"	B	"9.98852478"	"10.35238138"	"2s2.2p.4p"	"1P"	"1"	"2s2.2p.4d"	"1D*"	"2"	3	5		
""	"3409.4654"	"4.4e+03"	C	"9.83427899"	"10.19792602"	"2s2.2p.3d"	"3P*"	"1"	"2s2.2p.4p"	"1S"	"0"	3	1		
""	"3416.3706"	"7.3e+03"	C	"10.055746371"	"10.41865840"	"2s2.2p.4p"	"3S"	"1"	"2s2.2p.4d"	"1P*"	"1"	3	3		
"3416.8781"	"3416.87681"	"1.82e+05"	B	"10.022216175"	"10.385074438"	"2s2.2p.4p"	"3D"	"3"	"2s2.2p.4d"	"3F*"	"3"	7	7		
"3428.211"	"3428.2040"	"6.e+05"	D+	"10.35238138"	"10.71404072"	"2s2.2p.4d"	"1D*"	"2"	"2s2.2p.(2P*<1/2>).5f"	"2[7/2]"	"3"	5	7		
"3431.186"	"3431.1871"	"7.e+05"	D+	"10.35238138"	"10.71372629"	"2s2.2p.4d"	"1D*"	"2"	"2s2.2p.(2P*<1/2>).5f"	"2[5/2]"	"3"	5	7		
""	"3433.1138"	"1.71e+04"	B	"10.022216175"	"10.38335829"	"2s2.2p.4p"	"3D"	"3"	"2s2.2p.4d"	"3F*"	"2"	7	5		
""	"3441.18851"	"1.7e+03"	C	"9.69545167"	"10.055746371"	"2s2.2p.3d"	"3F*"	"2"	"2s2.2p.4p"	"3S"	"1"	5	3		
""	"3449.244"	"5.e+03"	D	"10.42745839"	"10.786912"	"2s2.2p.4d"	"3P*"	"2"	"2s2.2p.6p"	"3D"	"3"	5	7		
"3468.54605"	"3468.54606"	"1.18e+06"	B	"9.631071843"	"9.98852478"	"2s2.2p.3d"	"1D*"	"2"	"2s2.2p.4p"	"1P"	"1"	5	3		
""	"3471.33"	"2.2e+03"	D	"10.41865840"	"10.775825"	"2s2.2p.4d"	"1P*"	"1"	"2s2.2p.6p"	"1P"	"1"	3	3		
""	"3493.608"	"1.1e+03"	D	"10.42745839"	"10.782347"	"2s2.2p.4d"	"3P*"	"2"	"2s2.2p.6p"	"3D"	"2"	5	5		
""	"3505.018"	"1.2e+02"	D	"10.42745839"	"10.781192"	"2s2.2p.4d"	"3P*"	"2"	"2s2.2p.6p"	"3D"	"1"	5	3		
""	"3509.537"	"3.3e+03"	D	"10.42906912"	"10.782347"	"2s2.2p.4d"	"3P*"	"1"	"2s2.2p.6p"	"3D"	"2"	3	5		
""	"3521.051"	"1.8e+03"	D	"10.42906912"	"10.781192"	"2s2.2p.4d"	"3P*"	"1"	"2s2.2p.6p"	"3D"	"1"	3	3		
""	"3527.399"	"2.4e+03"	D	"10.42970278"	"10.781192"	"2s2.2p.4d"	"3P*"	"0"	"2s2.2p.6p"	"3D"	"1"	1	3		
""	"3556.7550"	"3.1e+03"	C	"9.70715841"	"10.055746371"	"2s2.2p.3d"	"3D*"	"1"	"2s2.2p.4p"	"3S"	"1"	3	3		
"3564.9847"	"3564.9851"	"7.1e+05"	C+	"10.08128590"	"10.42906912"	"2s2.2p.4p"	"3P"	"0"	"2s2.2p.4d"	"3P*"	"1"	1	3		
"3577.2873"	"3577.2861"	"2.8e+06"	C+	"10.083115460"	"10.42970278"	"2s2.2p.4p"	"3P"	"1"	"2s2.2p.4d"	"3P*"	"0"	3	1		
"3583.8415"	"3583.8383"	"9.0e+05"	C+	"10.083115460"	"10.42906912"	"2s2.2p.4p"	"3P"	"1"	"2s2.2p.4d"	"3P*"	"1"	3	3		
"3600.599"	"3600.6024"	"3.4e+05"	C+	"10.083115460"	"10.42745839"	"2s2.2p.4p"	"3P"	"1"	"2s2.2p.4d"	"3P*"	"2"	3	5		
""	"3607.190"	"6.3e+04"	C	"10.055746371"	"10.3994604"	"2s2.2p.4p"	"3S"	"1"	"2s2.2p.5s"	"1P*"	"1"	3	3		
"3607.4293"	"3607.4251"	"1.02e+06"	C+	"10.085377438"	"10.42906912"	"2s2.2p.4p"	"3P"	"2"	"2s2.2p.4d"	"3P*"	"1"	5	3		
""	"3616.9422"	"1.8e+04"	C	"9.71295903"	"10.055746371"	"2s2.2p.4s"	"1P*"	"1"	"2s2.2p.4p"	"3S"	"1"	3	3		
"3624.4113"	"3624.4111"	"2.1e+06"	C+	"10.085377438"	"10.42745839"	"2s2.2p.4p"	"3P"	"2"	"2s2.2p.4d"	"3P*"	"2"	5	5		
"3666.921"	"3666.9235"	"4.3e+05"	D+	"10.385074438"	"10.72318948"	"2s2.2p.4d"	"3F*"	"3"	"2s2.2p.(2P*<3/2>).5f"	"2[9/2]"	"4"	7	9		
"3673.624"	"3673.6193"	"4.0e+05"	D+	"10.38335829"	"10.7208571"	"2s2.2p.4d"	"3F*"	"2"	"2s2.2p.(2P*<3/2>).5f"	"2[7/2]"	"3"	5	7		
""	"3674.9942"	"7.5e+02"	C	"10.08128590"	"10.41865840"	"2s2.2p.4p"	"3P"	"0"	"2s2.2p.4d"	"1P*"	"1"	1	3		
""	"3683.0544"	"3.8e+02"	C	"10.01574721"	"10.35238138"	"2s2.2p.4p"	"3D"	"1"	"2s2.2p.4d"	"1D*"	"2"	3	5		
""	"3683.1145"	"1.9e+04"	C	"10.055746371"	"10.39237505"	"2s2.2p.4p"	"3S"	"1"	"2s2.2p.4d"	"3D*"	"1"	3	3		
""	"3695.0322"	"4.6e+04"	C	"10.083115460"	"10.41865840"	"2s2.2p.4p"	"3P"	"1"	"2s2.2p.4d"	"1P*"	"1"	3	3		
""	"3708.7888"	"1.2e+04"	C	"10.018083033"	"10.35238138"	"2s2.2p.4p"	"3D"	"2"	"2s2.2p.4d"	"1D*"	"2"	5	5		
"3718.2906"	"3718.2902"	"2.26e+06"	B	"10.389704212"	"10.72314833"	"2s2.2p.4d"	"3F*"	"4"	"2s2.2p.(2P*<3/2>).5f"	"2[9/2]"	"5"	9	11		
""	"3720.1104"	"1.0e+04"	C	"10.085377438"	"10.41865840"	"2s2.2p.4p"	"3P"	"2"	"2s2.2p.4d"	"1P*"	"1"	5	3		
"3722.29214"	"3722.29218"	"1.96e+06"	B	"9.689130559"	"10.022216175"	"2s2.2p.4s"	"3P*"	"2"	"2s2.2p.4p"	"3D"	"3"	5	7		
"3722.9737"	"3722.9752"	"1.36e+06"	B	"10.055746371"	"10.38877088"	"2s2.2p.4p"	"3S"	"1"	"2s2.2p.5s"	"3P*"	"2"	3	5		
"3725.06696"	"3725.06695"	"1.53e+06"	B	"9.685245529"	"10.018083033"	"2s2.2p.4s"	"3P*"	"1"	"2s2.2p.4p"	"3D"	"2"	3	5		
"3734.8990"	"3734.8990"	"1.15e+06"	B	"9.68378589"	"10.01574721"	"2s2.2p.4s"	"3P*"	"0"	"2s2.2p.4p"	"3D"	"1"	1	3		
"3743.756"	"3743.7628"	"3.1e+05"	D+	"10.389704212"	"10.72087957"	"2s2.2p.4d"	"3F*"	"4"	"2s2.2p.(2P*<3/2>).5f"	"2[7/2]"	"4"	9	9		
"3749.3408"	"3749.3433"	"1.5e+06"	C	"10.38335829"	"10.71404072"	"2s2.2p.4d"	"3F*"	"2"	"2s2.2p.(2P*<1/2>).5f"	"2[7/2]"	"3"	5	7		
"3751.3942"	"3751.3939"	"7.8e+05"	B	"9.685245529"	"10.01574721"	"2s2.2p.4s"	"3P*"	"1"	"2s2.2p.4p"	"3D"	"1"	3	3		
"3768.6183"	"3768.6188"	"1.81e+06"	B	"10.385074438"	"10.71406552"	"2s2.2p.4d"	"3F*"	"3"	"2s2.2p.(2P*<1/2>).5f"	"2[7/2]"	"4"	7	9		
"3769.0609"	"3769.06114"	"4.6e+05"	B	"9.689130559"	"10.018083033"	"2s2.2p.4s"	"3P*"	"2"	"2s2.2p.4p"	"3D"	"2"	5	5		
"3777.3263"	"3777.3271"	"1.28e+06"	B	"10.055746371"	"10.38397899"	"2s2.2p.4p"	"3S"	"1"	"2s2.2p.5s"	"3P*"	"1"	3	3		
"3781.117"	"3781.117"	"3.8e+05"	D+	"10.39459625"	"10.7224999"	"2s2.2p.4d"	"3D*"	"2"	"2s2.2p.(2P*<3/2>).5f"	"2[5/2]"	"2"	5	5		
""	"3784.4838"	"8.8e+03"	C	"10.055746371"	"10.38335829"	"2s2.2p.4p"	"3S"	"1"	"2s2.2p.4d"	"3F*"	"2"	3	5		
"3788.620"	"3788.6166"	"2.0e+05"	D+	"10.39593494"	"10.72318948"	"2s2.2p.4d"	"3D*"	"3"	"2s2.2p.(2P*<3/2>).5f"	"2[9/2]"	"4"	7	9		
""	"3794.2982"	"3.6e+02"	B	"9.69545167"	"10.022216175"	"2s2.2p.3d"	"3F*"	"2"	"2s2.2p.4p"	"3D"	"3"	5	7		
"3795.019"	"3795.0200"	"1.32e+06"	B	"10.055746371"	"10.38244873"	"2s2.2p.4p"	"3S"	"1"	"2s2.2p.5s"	"3P*"	"0"	3	1		
"3796.015"	"3796.0159"	"7.0e+04"	B	"9.689130559"	"10.01574721"	"2s2.2p.4s"	"3P*"	"2"	"2s2.2p.4p"	"3D"	"1"	5	3		
"3796.787"	"3796.7916"	"4.5e+05"	D+	"10.39593494"	"10.72248485"	"2s2.2p.4d"	"3D*"	"3"	"2s2.2p.(2P*<3/2>).5f"	"2[5/2]"	"3"	7	7		
"3800.155"	"3800.1562"	"7.7e+05"	C	"10.39459625"	"10.7208571"	"2s2.2p.4d"	"3D*"	"2"	"2s2.2p.(2P*<3/2>).5f"	"2[7/2]"	"3"	5	7		
"3815.5467"	"3815.5485"	"1.5e+06"	C	"10.39593494"	"10.72087957"	"2s2.2p.4d"	"3D*"	"3"	"2s2.2p.(2P*<3/2>).5f"	"2[7/2]"	"4"	7	9		
"3815.816"	"3815.8129"	"2.0e+05"	D+	"10.39593494"	"10.7208571"	"2s2.2p.4d"	"3D*"	"3"	"2s2.2p.(2P*<3/2>).5f"	"2[7/2]"	"3"	7	7		
"3818.129"	"3818.12763"	"4.5e+04"	B	"9.697491047"	"10.022216175"	"2s2.2p.3d"	"3F*"	"3"	"2s2.2p.4p"	"3D"	"3"	7	7		
""	"3841.4728"	"2.4e+04"	C	"10.085377438"	"10.40812917"	"2s2.2p.4p"	"3P"	"2"	"2s2.2p.4d"	"1F*"	"3"	5	7		
"3842.9064"	"3842.9060"	"1.06e+05"	B	"9.69545167"	"10.018083033"	"2s2.2p.3d"	"3F*"	"2"	"2s2.2p.4p"	"3D"	"2"	5	5		
""	"3854.2847"	"3.9e+03"	C	"9.76143658"	"10.083115460"	"2s2.2p.3d"	"1P*"	"1"	"2s2.2p.4p"	"3P"	"1"	3	3		
"3858.0647"	"3858.0643"	"1.6e+06"	C	"10.39237505"	"10.71373880"	"2s2.2p.4d"	"3D*"	"1"	"2s2.2p.(2P*<1/2>).5f"	"2[5/2]"	"2"	3	5		
"3867.35184"	"3867.35177"	"1.08e+06"	B	"9.697491047"	"10.018083033"	"2s2.2p.3d"	"3F*"	"3"	"2s2.2p.4p"	"3D"	"2"	7	5		
"3868.98368"	"3868.98360"	"1.07e+06"	B	"9.701759406"	"10.022216175"	"2s2.2p.3d"	"3F*"	"4"	"2s2.2p.4p"	"3D"	"3"	9	7		
"3870.9311"	"3870.9312"	"1.20e+06"	B	"9.69545167"	"10.01574721"	"2s2.2p.3d"	"3F*"	"2"	"2s2.2p.4p"	"3D"	"1"	5	3		
"3885.065"	"3885.0683"	"5.5e+05"	D+	"10.39459625"	"10.71372629"	"2s2.2p.4d"	"3D*"	"2"	"2s2.2p.(2P*<1/2>).5f"	"2[5/2]"	"3"	5	7		
""	"3896.736"	"9.4e+04"	C	"10.08128590"	"10.3994604"	"2s2.2p.4p"	"3P"	"0"	"2s2.2p.5s"	"1P*"	"1"	1	3		
"3897.276"	"3897.2738"	"2.6e+05"	D+	"10.39593494"	"10.71406552"	"2s2.2p.4d"	"3D*"	"3"	"2s2.2p.(2P*<1/2>).5f"	"2[7/2]"	"4"	7	9		
"3901.065"	"3901.0600"	"2.6e+03"	E	"10.40552565"	"10.72334747"	"2s2.2p.(2P*<1/2>).4f"	"2[7/2]"	"3"	"2s2.2p.(2P*<3/2>).5g"	"2[7/2]*"	"4"	7	9		
"3901.065"	"3901.0606"	"1.2e+05"	D+	"10.40552565"	"10.72334742"	"2s2.2p.(2P*<1/2>).4f"	"2[7/2]"	"3"	"2s2.2p.(2P*<3/2>).5g"	"2[7/2]*"	"3"	7	7		
""	"3919.272"	"5.9e+04"	C	"10.083115460"	"10.3994604"	"2s2.2p.4p"	"3P"	"1"	"2s2.2p.5s"	"1P*"	"1"	3	3		
"3935.2527"	"3935.2528"	"1.60e+06"	B	"10.40812917"	"10.72318948"	"2s2.2p.4d"	"1F*"	"3"	"2s2.2p.(2P*<3/2>).5f"	"2[9/2]"	"4"	7	9		
""	"3947.498"	"6.3e+03"	C	"10.085377438"	"10.3994604"	"2s2.2p.4p"	"3P"	"2"	"2s2.2p.5s"	"1P*"	"1"	5	3		
"3957.293"	"3957.2950"	"5.6e+04"	B	"9.708910751"	"10.022216175"	"2s2.2p.3d"	"3D*"	"2"	"2s2.2p.4p"	"3D"	"3"	5	7		
"3964.313"	"3964.3178"	"4.7e+05"	D+	"10.40812917"	"10.72087957"	"2s2.2p.4d"	"1F*"	"3"	"2s2.2p.(2P*<3/2>).5f"	"2[7/2]"	"4"	7	9		
"3973.9962"	"3973.99594"	"2.20e+05"	B	"9.710227435"	"10.022216175"	"2s2.2p.3d"	"3D*"	"3"	"2s2.2p.4p"	"3D"	"3"	7	7		
"3980.4766"	"3980.4765"	"2.03e+06"	B	"10.083115460"	"10.39459625"	"2s2.2p.4p"	"3P"	"1"	"2s2.2p.4d"	"3D*"	"2"	3	5		
"3985.4872"	"3985.4877"	"1.43e+06"	B	"10.08128590"	"10.39237505"	"2s2.2p.4p"	"3P"	"0"	"2s2.2p.4d"	"3D*"	"1"	1	3		
"3987.600"	"3987.5966"	"3.5e+04"	B	"9.70715841"	"10.018083033"	"2s2.2p.3d"	"3D*"	"1"	"2s2.2p.4p"	"3D"	"2"	3	5		
"3988.6267"	"3988.6269"	"3.7e+06"	B	"10.404712177"	"10.71555649"	"2s2.2p.(2P*<1/2>).4f"	"2[5/2]"	"3"	"2s2.2p.(2P*<1/2>).5g"	"2[7/2]*"	"4"	7	9		
"3988.6267"	"3988.6280"	"1.8e+05"	D+	"10.404712177"	"10.71555641"	"2s2.2p.(2P*<1/2>).4f"	"2[5/2]"	"3"	"2s2.2p.(2P*<1/2>).5g"	"2[7/2]*"	"3"	7	7		
"3988.8047"	"3988.8038"	"3.6e+06"	B	"10.40472588"	"10.71555641"	"2s2.2p.(2P*<1/2>).4f"	"2[5/2]"	"2"	"2s2.2p.(2P*<1/2>).5g"	"2[7/2]*"	"3"	5	7		
"3992.3106"	"3992.3106"	"2.25e+06"	B	"10.085377438"	"10.39593494"	"2s2.2p.4p"	"3P"	"2"	"2s2.2p.4d"	"3D*"	"3"	5	7		
"3994.557"	"3994.5551"	"4.5e+05"	D+	"10.41296443"	"10.72334742"	"2s2.2p.(2P*<3/2>).4f"	"2[7/2]"	"3"	"2s2.2p.(2P*<3/2>).5g"	"2[7/2]*"	"3"	7	7		
"3994.989"	"3994.9861"	"4.5e+05"	D+	"10.41299796"	"10.72334747"	"2s2.2p.(2P*<3/2>).4f"	"2[7/2]"	"4"	"2s2.2p.(2P*<3/2>).5g"	"2[7/2]*"	"4"	9	9		
"3994.989"	"3994.9868"	"1.7e+04"	D	"10.41299796"	"10.72334742"	"2s2.2p.(2P*<3/2>).4f"	"2[7/2]"	"4"	"2s2.2p.(2P*<3/2>).5g"	"2[7/2]*"	"3"	9	7		
"3998.3500"	"3998.3500"	"3.7e+06"	B	"10.40552565"	"10.71561406"	"2s2.2p.(2P*<1/2>).4f"	"2[7/2]"	"3"	"2s2.2p.(2P*<1/2>).5g"	"2[9/2]*"	"4"	7	9		
"3998.6696"	"3998.6696"	"3.8e+06"	B	"10.405550385"	"10.71561401"	"2s2.2p.(2P*<1/2>).4f"	"2[7/2]"	"4"	"2s2.2p.(2P*<1/2>).5g"	"2[9/2]*"	"5"	9	11		
"3999.113"	"3999.0935"	"1.0e+05"	D+	"10.40552565"	"10.71555641"	"2s2.2p.(2P*<1/2>).4f"	"2[7/2]"	"3"	"2s2.2p.(2P*<1/2>).5g"	"2[7/2]*"	"3"	7	7		
"3999.430"	"3999.4115"	"1.0e+05"	D+	"10.405550385"	"10.71555649"	"2s2.2p.(2P*<1/2>).4f"	"2[7/2]"	"4"	"2s2.2p.(2P*<1/2>).5g"	"2[7/2]*"	"4"	9	9		
"4001.0097"	"4001.0097"	"3.4e+06"	B	"10.41296443"	"10.72284670"	"2s2.2p.(2P*<3/2>).4f"	"2[7/2]"	"3"	"2s2.2p.(2P*<3/2>).5g"	"2[9/2]*"	"4"	7	9		
"4001.4400"	"4001.4400"	"3.5e+06"	B	"10.41299796"	"10.72284691"	"2s2.2p.(2P*<3/2>).4f"	"2[7/2]"	"4"	"2s2.2p.(2P*<3/2>).5g"	"2[9/2]*"	"5"	9	11		
"4009.0671"	"4009.0656"	"8.1e+05"	B	"10.083115460"	"10.39237505"	"2s2.2p.4p"	"3P"	"1"	"2s2.2p.4d"	"3D*"	"1"	3	3		
"4009.593"	"4009.5942"	"3.1e+05"	B	"10.085377438"	"10.39459625"	"2s2.2p.4p"	"3P"	"2"	"2s2.2p.4d"	"3D*"	"2"	5	5		
"4010.1976"	"4010.1977"	"1.31e+05"	B	"9.708910751"	"10.018083033"	"2s2.2p.3d"	"3D*"	"2"	"2s2.2p.4p"	"3D"	"2"	5	5		
"4017.780"	"4017.7802"	"1.26e+05"	B	"9.70715841"	"10.01574721"	"2s2.2p.3d"	"3D*"	"1"	"2s2.2p.4p"	"3D"	"1"	3	3		
"4023.899"	"4023.9102"	"4.6e+05"	D+	"10.416318591"	"10.72443729"	"2s2.2p.(2P*<3/2>).4f"	"2[5/2]"	"3"	"2s2.2p.(2P*<3/2>).5g"	"2[5/2]*"	"3"	7	7		
"4023.899"	"4023.9115"	"3.2e+04"	D	"10.416318591"	"10.72443720"	"2s2.2p.(2P*<3/2>).4f"	"2[5/2]"	"3"	"2s2.2p.(2P*<3/2>).5g"	"2[5/2]*"	"2"	7	5		
"4024.180"	"4024.1638"	"4.6e+05"	D+	"10.41633791"	"10.72443720"	"2s2.2p.(2P*<3/2>).4f"	"2[5/2]"	"2"	"2s2.2p.(2P*<3/2>).5g"	"2[5/2]*"	"2"	5	5		
""	"4027.34916"	"2.2e+01"	C	"9.710227435"	"10.018083033"	"2s2.2p.3d"	"3D*"	"3"	"2s2.2p.4p"	"3D"	"2"	7	5		
"4033.9234"	"4033.9234"	"4.2e+06"	B	"10.416641283"	"10.72399516"	"2s2.2p.(2P*<3/2>).4f"	"2[9/2]"	"5"	"2s2.2p.(2P*<3/2>).5g"	"2[11/2]*"	"6"	11	13		
"4034.5749"	"4034.5749"	"4.2e+06"	B	"10.41669049"	"10.72399473"	"2s2.2p.(2P*<3/2>).4f"	"2[9/2]"	"4"	"2s2.2p.(2P*<3/2>).5g"	"2[11/2]*"	"5"	9	11		
"4038.1932"	"4038.1933"	"3.3e+06"	B	"10.416318591"	"10.72334747"	"2s2.2p.(2P*<3/2>).4f"	"2[5/2]"	"3"	"2s2.2p.(2P*<3/2>).5g"	"2[7/2]*"	"4"	7	9		
"4038.1932"	"4038.1940"	"1.6e+05"	D+	"10.416318591"	"10.72334742"	"2s2.2p.(2P*<3/2>).4f"	"2[5/2]"	"3"	"2s2.2p.(2P*<3/2>).5g"	"2[7/2]*"	"3"	7	7		
"4038.4491"	"4038.4481"	"3.1e+06"	B	"10.41633791"	"10.72334742"	"2s2.2p.(2P*<3/2>).4f"	"2[5/2]"	"2"	"2s2.2p.(2P*<3/2>).5g"	"2[7/2]*"	"3"	5	7		
""	"4038.6046"	"2.9e+04"	B	"10.085377438"	"10.39237505"	"2s2.2p.4p"	"3P"	"2"	"2s2.2p.4d"	"3D*"	"1"	5	3		
""	"4040.7258"	"4.7e+03"	B	"9.708910751"	"10.01574721"	"2s2.2p.3d"	"3D*"	"2"	"2s2.2p.4p"	"3D"	"1"	5	3		
"4049.043"	"4049.0503"	"3.4e+05"	D+	"10.416641283"	"10.72284691"	"2s2.2p.(2P*<3/2>).4f"	"2[9/2]"	"5"	"2s2.2p.(2P*<3/2>).5g"	"2[9/2]*"	"5"	11	11		
""	"4049.7038"	"3.4e+05"	D+	"10.41669049"	"10.72284670"	"2s2.2p.(2P*<3/2>).4f"	"2[9/2]"	"4"	"2s2.2p.(2P*<3/2>).5g"	"2[9/2]*"	"4"	9	9		
""	"4052.6141"	"2.7e+05"	D+	"10.40812917"	"10.71406552"	"2s2.2p.4d"	"1F*"	"3"	"2s2.2p.(2P*<1/2>).5f"	"2[7/2]"	"4"	7	9		
"4054.144"	"4054.154"	"4.9e+05"	D+	"10.41865840"	"10.7244786"	"2s2.2p.4d"	"1P*"	"1"	"2s2.2p.(2P*<3/2>).5f"	"2[3/2]"	"2"	3	5		
""	"4056.3389"	"3.0e+04"	C+	"10.083115460"	"10.38877088"	"2s2.2p.4p"	"3P"	"1"	"2s2.2p.5s"	"3P*"	"2"	3	5		
"4061.602"	"4061.5942"	"3.2e+06"	B	"10.41917726"	"10.72443720"	"2s2.2p.(2P*<3/2>).4f"	"2[3/2]"	"1"	"2s2.2p.(2P*<3/2>).5g"	"2[5/2]*"	"2"	3	5		
"4061.7803"	"4061.7800"	"3.6e+06"	B	"10.41919132"	"10.72443729"	"2s2.2p.(2P*<3/2>).4f"	"2[3/2]"	"2"	"2s2.2p.(2P*<3/2>).5g"	"2[5/2]*"	"3"	5	7		
"4061.7803"	"4061.7813"	"3.5e+05"	D+	"10.41919132"	"10.72443720"	"2s2.2p.(2P*<3/2>).4f"	"2[3/2]"	"2"	"2s2.2p.(2P*<3/2>).5g"	"2[5/2]*"	"2"	5	5		
""	"4063.4036"	"1.5e+04"	C	"9.71295903"	"10.018083033"	"2s2.2p.4s"	"1P*"	"1"	"2s2.2p.4p"	"3D"	"2"	3	5		
""	"4066.6894"	"7.6e+02"	C	"9.833294423"	"10.13817190"	"2s2.2p.3d"	"3P*"	"2"	"2s2.2p.4p"	"1D"	"2"	5	5		
""	"4068.5387"	"2.6e+03"	C	"9.68378589"	"9.98852478"	"2s2.2p.4s"	"3P*"	"0"	"2s2.2p.4p"	"1P"	"1"	1	3		
""	"4079.8648"	"1.3e+03"	C	"9.83427899"	"10.13817190"	"2s2.2p.3d"	"3P*"	"1"	"2s2.2p.4p"	"1D"	"2"	3	5		
"4080.548"	"4080.555"	"7.e+05"	D+	"10.41865840"	"10.7224999"	"2s2.2p.4d"	"1P*"	"1"	"2s2.2p.(2P*<3/2>).5f"	"2[5/2]"	"2"	3	5		
"4086.581"	"4086.5813"	"4.6e+05"	C+	"10.085377438"	"10.38877088"	"2s2.2p.4p"	"3P"	"2"	"2s2.2p.5s"	"3P*"	"2"	5	5		
"4088.122"	"4088.1200"	"4.8e+04"	C	"9.685245529"	"9.98852478"	"2s2.2p.4s"	"3P*"	"1"	"2s2.2p.4p"	"1P"	"1"	3	3		
""	"4094.7503"	"2.2e+03"	C	"9.71295903"	"10.01574721"	"2s2.2p.4s"	"1P*"	"1"	"2s2.2p.4p"	"3D"	"1"	3	3		
""	"4096.0367"	"1.09e+05"	C+	"10.08128590"	"10.38397899"	"2s2.2p.4p"	"3P"	"0"	"2s2.2p.5s"	"3P*"	"1"	1	3		
"4096.626"	"4096.6248"	"4.4e+05"	D+	"10.41296443"	"10.71561406"	"2s2.2p.(2P*<3/2>).4f"	"2[7/2]"	"3"	"2s2.2p.(2P*<1/2>).5g"	"2[9/2]*"	"4"	7	9		
"4097.079"	"4097.0795"	"4.6e+05"	C	"10.41299796"	"10.71561401"	"2s2.2p.(2P*<3/2>).4f"	"2[7/2]"	"4"	"2s2.2p.(2P*<1/2>).5g"	"2[9/2]*"	"5"	9	11		
""	"4120.9447"	"1.06e+05"	C+	"10.083115460"	"10.38397899"	"2s2.2p.4p"	"3P"	"1"	"2s2.2p.5s"	"3P*"	"1"	3	3		
"4129.468"	"4129.4641"	"4.2e+04"	C	"10.083115460"	"10.38335829"	"2s2.2p.4p"	"3P"	"1"	"2s2.2p.4d"	"3F*"	"2"	3	5		
"4136.980"	"4136.9850"	"1.0e+05"	C	"10.085377438"	"10.385074438"	"2s2.2p.4p"	"3P"	"2"	"2s2.2p.4d"	"3F*"	"3"	5	7		
""	"4142.0120"	"3.6e+05"	C+	"10.083115460"	"10.38244873"	"2s2.2p.4p"	"3P"	"1"	"2s2.2p.5s"	"3P*"	"0"	3	1		
"4143.334"	"4143.3320"	"4.0e+05"	D+	"10.416318591"	"10.71555649"	"2s2.2p.(2P*<3/2>).4f"	"2[5/2]"	"3"	"2s2.2p.(2P*<1/2>).5g"	"2[7/2]*"	"4"	7	9		
"4143.606"	"4143.6008"	"3.8e+05"	D+	"10.41633791"	"10.71555641"	"2s2.2p.(2P*<3/2>).4f"	"2[5/2]"	"2"	"2s2.2p.(2P*<1/2>).5g"	"2[7/2]*"	"3"	5	7		
"4152.169"	"4152.1619"	"1.9e+05"	C+	"10.085377438"	"10.38397899"	"2s2.2p.4p"	"3P"	"2"	"2s2.2p.5s"	"3P*"	"1"	5	3		
""	"4160.8110"	"2.0e+04"	C	"10.085377438"	"10.38335829"	"2s2.2p.4p"	"3P"	"2"	"2s2.2p.4d"	"3F*"	"2"	5	5		
"4197.037"	"4197.029"	"9.1e+05"	C	"10.42906912"	"10.7244786"	"2s2.2p.4d"	"3P*"	"1"	"2s2.2p.(2P*<3/2>).5f"	"2[3/2]"	"2"	3	5		
"4202.276"	"4202.263"	"1.5e+05"	D+	"10.42745839"	"10.7224999"	"2s2.2p.4d"	"3P*"	"2"	"2s2.2p.(2P*<3/2>).5f"	"2[5/2]"	"2"	5	5		
"4202.478"	"4202.4772"	"1.3e+06"	C	"10.42745839"	"10.72248485"	"2s2.2p.4d"	"3P*"	"2"	"2s2.2p.(2P*<3/2>).5f"	"2[5/2]"	"3"	5	7		
"4206.479"	"4206.458"	"1.0e+06"	D+	"10.42970278"	"10.7244500"	"2s2.2p.4d"	"3P*"	"0"	"2s2.2p.(2P*<3/2>).5f"	"2[3/2]"	"1"	1	3		
""	"4212.7106"	"3.7e+03"	C	"9.76143658"	"10.055746371"	"2s2.2p.3d"	"1P*"	"1"	"2s2.2p.4p"	"3S"	"1"	3	3		
""	"4230.4870"	"2.7e+03"	C	"9.69545167"	"9.98852478"	"2s2.2p.3d"	"3F*"	"2"	"2s2.2p.4p"	"1P"	"1"	5	3		
""	"4262.1307"	"7.4e+03"	C	"10.13817190"	"10.42906912"	"2s2.2p.4p"	"1D"	"2"	"2s2.2p.4d"	"3P*"	"1"	5	3		
""	"4285.8620"	"3.4e+03"	C	"10.13817190"	"10.42745839"	"2s2.2p.4p"	"1D"	"2"	"2s2.2p.4d"	"3P*"	"2"	5	5		
""	"4402.1014"	"3.0e+03"	C	"9.73643528"	"10.018083033"	"2s2.2p.3d"	"1F*"	"3"	"2s2.2p.4p"	"3D"	"2"	7	5		
""	"4406.5037"	"2.3e+04"	C	"9.70715841"	"9.98852478"	"2s2.2p.3d"	"3D*"	"1"	"2s2.2p.4p"	"1P"	"1"	3	3		
"4420.338"	"4420.3267"	"2.23e+05"	B+	"10.13817190"	"10.41865840"	"2s2.2p.4p"	"1D"	"2"	"2s2.2p.4d"	"1P*"	"1"	5	3		
"4499.2600"	"4499.2601"	"7.4e+05"	C+	"9.71295903"	"9.98852478"	"2s2.2p.4s"	"1P*"	"1"	"2s2.2p.4p"	"1P"	"1"	3	3		
"4592.7340"	"4592.7342"	"2.34e+06"	B+	"10.13817190"	"10.40812917"	"2s2.2p.4p"	"1D"	"2"	"2s2.2p.4d"	"1F*"	"3"	5	7		
""	"4643.5343"	"5.3e+02"	C	"10.085377438"	"10.35238138"	"2s2.2p.4p"	"3P"	"2"	"2s2.2p.4d"	"1D*"	"2"	5	5		
""	"4745.107"	"1.56e+06"	B+	"10.13817190"	"10.3994604"	"2s2.2p.4p"	"1D"	"2"	"2s2.2p.5s"	"1P*"	"1"	5	3		
""	"4810.0069"	"1.4e+04"	C	"10.13817190"	"10.39593494"	"2s2.2p.4p"	"1D"	"2"	"2s2.2p.4d"	"3D*"	"3"	5	7		
""	"4835.1179"	"4.8e+02"	C	"10.13817190"	"10.39459625"	"2s2.2p.4p"	"1D"	"2"	"2s2.2p.4d"	"3D*"	"2"	5	5		
""	"4875.3054"	"1.2e+04"	C	"9.76143658"	"10.01574721"	"2s2.2p.3d"	"1P*"	"1"	"2s2.2p.4p"	"3D"	"1"	3	3		
""	"4877.3666"	"8.2e+04"	C	"10.13817190"	"10.39237505"	"2s2.2p.4p"	"1D"	"2"	"2s2.2p.4d"	"3D*"	"1"	5	3		
"4918.379"	"4918.3876"	"4.9e+05"	B	"9.833294423"	"10.085377438"	"2s2.2p.3d"	"3P*"	"2"	"2s2.2p.4p"	"3P"	"2"	5	5		
"4937.662"	"4937.6729"	"1.47e+05"	B	"9.83427899"	"10.085377438"	"2s2.2p.3d"	"3P*"	"1"	"2s2.2p.4p"	"3P"	"2"	3	5		
""	"4947.5140"	"4.3e+02"	C	"10.13817190"	"10.38877088"	"2s2.2p.4p"	"1D"	"2"	"2s2.2p.5s"	"3P*"	"2"	5	5		
"4962.913"	"4962.9207"	"2.13e+05"	B	"9.833294423"	"10.083115460"	"2s2.2p.3d"	"3P*"	"2"	"2s2.2p.4p"	"3P"	"1"	5	3		
"4982.554"	"4982.5574"	"1.77e+05"	B	"9.83427899"	"10.083115460"	"2s2.2p.3d"	"3P*"	"1"	"2s2.2p.4p"	"3P"	"1"	3	3		
"4993.451"	"4993.4524"	"2.03e+05"	B	"9.83482192"	"10.083115460"	"2s2.2p.3d"	"3P*"	"0"	"2s2.2p.4p"	"3P"	"1"	1	3		
"5019.462"	"5019.4627"	"5.7e+05"	B	"9.83427899"	"10.08128590"	"2s2.2p.3d"	"3P*"	"1"	"2s2.2p.4p"	"3P"	"0"	3	1		
""	"5021.5846"	"2.7e+04"	C	"10.13817190"	"10.385074438"	"2s2.2p.4p"	"1D"	"2"	"2s2.2p.4d"	"3F*"	"3"	5	7		
""	"5043.9634"	"3.7e+04"	C	"10.13817190"	"10.38397899"	"2s2.2p.4p"	"1D"	"2"	"2s2.2p.5s"	"3P*"	"1"	5	3		
""	"5056.7325"	"3.3e+03"	C	"10.13817190"	"10.38335829"	"2s2.2p.4p"	"1D"	"2"	"2s2.2p.4d"	"3F*"	"2"	5	5		
"5256.88"	"5256.943"	"1.38e+05"	C+	"10.35238138"	"10.5882298"	"2s2.2p.4d"	"1D*"	"2"	"2s2.2p.5p"	"1D"	"2"	5	5		
""	"5363.9586"	"1.2e+04"	C	"10.19792602"	"10.42906912"	"2s2.2p.4p"	"1S"	"0"	"2s2.2p.4d"	"3P*"	"1"	1	3		
"5459.735"	"5459.7375"	"5.4e+05"	C+	"9.76143658"	"9.98852478"	"2s2.2p.3d"	"1P*"	"1"	"2s2.2p.4p"	"1P"	"1"	3	3		
""	"5573.5272"	"1.28e+05"	B	"9.833294423"	"10.055746371"	"2s2.2p.3d"	"3P*"	"2"	"2s2.2p.4p"	"3S"	"1"	5	3		
""	"5598.3052"	"4.5e+04"	B	"9.83427899"	"10.055746371"	"2s2.2p.3d"	"3P*"	"1"	"2s2.2p.4p"	"3S"	"1"	3	3		
""	"5612.0632"	"1.13e+04"	B	"9.83482192"	"10.055746371"	"2s2.2p.3d"	"3P*"	"0"	"2s2.2p.4p"	"3S"	"1"	1	3		
""	"5616.9466"	"2.7e+05"	B	"10.19792602"	"10.41865840"	"2s2.2p.4p"	"1S"	"0"	"2s2.2p.4d"	"1P*"	"1"	1	3		
"5788.01"	"5787.9883"	"3.08e+05"	B+	"10.13817190"	"10.35238138"	"2s2.2p.4p"	"1D"	"2"	"2s2.2p.4d"	"1D*"	"2"	5	5		
""	"6152.012"	"6.2e+05"	B	"10.19792602"	"10.3994604"	"2s2.2p.4p"	"1S"	"0"	"2s2.2p.5s"	"1P*"	"1"	1	3		
""	"6277.295"	"6.3e+04"	C+	"10.41865840"	"10.6161705"	"2s2.2p.4d"	"1P*"	"1"	"2s2.2p.5p"	"1S"	"0"	3	1		
""	"6376.180"	"5.0e+04"	C	"10.19792602"	"10.39237505"	"2s2.2p.4p"	"1S"	"0"	"2s2.2p.4d"	"3D*"	"1"	1	3		
""	"6562.7275"	"3.4e+04"	C	"9.833294423"	"10.022216175"	"2s2.2p.3d"	"3P*"	"2"	"2s2.2p.4p"	"3D"	"3"	5	7		
""	"6663.9194"	"6.9e+03"	C	"10.19792602"	"10.38397899"	"2s2.2p.4p"	"1S"	"0"	"2s2.2p.5s"	"3P*"	"1"	1	3		
""	"6709.5152"	"6.3e+03"	C	"9.833294423"	"10.018083033"	"2s2.2p.3d"	"3P*"	"2"	"2s2.2p.4p"	"3D"	"2"	5	5		
""	"6745.4555"	"2.3e+04"	C	"9.83427899"	"10.018083033"	"2s2.2p.3d"	"3P*"	"1"	"2s2.2p.4p"	"3D"	"2"	3	5		
""	"6795.4128"	"5.0e+02"	C	"9.833294423"	"10.01574721"	"2s2.2p.3d"	"3P*"	"2"	"2s2.2p.4p"	"3D"	"1"	5	3		
""	"6832.2818"	"1.1e+04"	C	"9.83427899"	"10.01574721"	"2s2.2p.3d"	"3P*"	"1"	"2s2.2p.4p"	"3D"	"1"	3	3		
""	"6852.7844"	"1.6e+04"	C	"9.83482192"	"10.01574721"	"2s2.2p.3d"	"3P*"	"0"	"2s2.2p.4p"	"3D"	"1"	1	3		
""	"6884.161"	"7.0e+05"	B	"10.40812917"	"10.5882298"	"2s2.2p.4d"	"1F*"	"3"	"2s2.2p.5p"	"1D"	"2"	7	5		
""	"7227.951"	"6.0e+03"	C	"10.39237505"	"10.56390942"	"2s2.2p.4d"	"3D*"	"1"	"2s2.2p.5p"	"3P"	"2"	3	5		
""	"7305.619"	"1.5e+05"	C	"10.39237505"	"10.56208579"	"2s2.2p.4d"	"3D*"	"1"	"2s2.2p.5p"	"3P"	"1"	3	3		
""	"7311.62"	"1.68e+05"	B	"10.41865840"	"10.5882298"	"2s2.2p.4d"	"1P*"	"1"	"2s2.2p.5p"	"1D"	"2"	3	5		
""	"7322.774"	"8.6e+04"	C	"10.39459625"	"10.56390942"	"2s2.2p.4d"	"3D*"	"2"	"2s2.2p.5p"	"3P"	"2"	5	5		
""	"7353.40"	"9.5e+05"	B	"10.7208571"	"10.8894649"	"2s2.2p.(2P*<3/2>).5f"	"2[7/2]"	"3"	"2s2.2p.(2P*<3/2>).6g"	"2[9/2]*"	"4"	7	9		
""	"7354.321"	"9.7e+05"	B	"10.72087957"	"10.8894664"	"2s2.2p.(2P*<3/2>).5f"	"2[7/2]"	"4"	"2s2.2p.(2P*<3/2>).6g"	"2[9/2]*"	"5"	9	11		
""	"7364.150"	"1.01e+06"	B	"10.71372629"	"10.8820881"	"2s2.2p.(2P*<1/2>).5f"	"2[5/2]"	"3"	"2s2.2p.(2P*<1/2>).6g"	"2[7/2]*"	"4"	7	9		
""	"7364.68"	"9.5e+05"	B	"10.71373880"	"10.8820885"	"2s2.2p.(2P*<1/2>).5f"	"2[5/2]"	"2"	"2s2.2p.(2P*<1/2>).6g"	"2[7/2]*"	"3"	5	7		
""	"7376.140"	"1.03e+06"	B	"10.71404072"	"10.88212892"	"2s2.2p.(2P*<1/2>).5f"	"2[7/2]"	"3"	"2s2.2p.(2P*<1/2>).6g"	"2[9/2]*"	"4"	7	9		
""	"7377.228"	"1.06e+06"	B	"10.71406552"	"10.88212892"	"2s2.2p.(2P*<1/2>).5f"	"2[7/2]"	"4"	"2s2.2p.(2P*<1/2>).6g"	"2[9/2]*"	"5"	9	11		
""	"7381.1328"	"4.7e+05"	C	"10.39593494"	"10.56390942"	"2s2.2p.4d"	"3D*"	"3"	"2s2.2p.5p"	"3P"	"2"	7	5		
""	"7386.167"	"4.8e+05"	C+	"10.35238138"	"10.52024138"	"2s2.2p.4d"	"1D*"	"2"	"2s2.2p.5p"	"1P"	"1"	5	3		
""	"7402.504"	"4.2e+05"	C	"10.39459625"	"10.56208579"	"2s2.2p.4d"	"3D*"	"2"	"2s2.2p.5p"	"3P"	"1"	5	3		
""	"7409.189"	"9.0e+05"	B	"10.72248485"	"10.8898233"	"2s2.2p.(2P*<3/2>).5f"	"2[5/2]"	"3"	"2s2.2p.(2P*<3/2>).6g"	"2[7/2]*"	"4"	7	9		
""	"7409.89"	"8.6e+05"	B	"10.7224999"	"10.8898224"	"2s2.2p.(2P*<3/2>).5f"	"2[5/2]"	"2"	"2s2.2p.(2P*<3/2>).6g"	"2[7/2]*"	"3"	5	7		
""	"7410.14"	"5.6e+05"	C	"10.39237505"	"10.559692"	"2s2.2p.4d"	"3D*"	"1"	"2s2.2p.5p"	"3P"	"0"	3	1		
""	"7420.516"	"1.09e+06"	B	"10.72314833"	"10.89023131"	"2s2.2p.(2P*<3/2>).5f"	"2[9/2]"	"5"	"2s2.2p.(2P*<3/2>).6g"	"2[11/2]*"	"6"	11	13		
"7421.15"	"7421.15"	"1.54e+06"	B	"10.72284670"	"10.8899154"	"2s2.2p.(2P*<3/2>).5g"	"2[9/2]*"	"4"	"2s2.2p.(2P*<3/2>).6h"	"2[11/2]"	"5"	9	11		
"7421.15"	"7421.15"	"1.56e+06"	B	"10.72284691"	"10.8899156"	"2s2.2p.(2P*<3/2>).5g"	"2[9/2]*"	"5"	"2s2.2p.(2P*<3/2>).6h"	"2[11/2]"	"6"	11	13		
""	"7422.328"	"1.07e+06"	B	"10.72318948"	"10.8902317"	"2s2.2p.(2P*<3/2>).5f"	"2[9/2]"	"4"	"2s2.2p.(2P*<3/2>).6g"	"2[11/2]*"	"5"	9	11		
"7437.34"	"7437.34"	"1.56e+06"	B	"10.71555641"	"10.8822615"	"2s2.2p.(2P*<1/2>).5g"	"2[7/2]*"	"3"	"2s2.2p.(2P*<1/2>).6h"	"2[9/2]"	"4"	7	9		
"7437.34"	"7437.34"	"1.61e+06"	B	"10.71555649"	"10.8822616"	"2s2.2p.(2P*<1/2>).5g"	"2[7/2]*"	"4"	"2s2.2p.(2P*<1/2>).6h"	"2[9/2]"	"5"	9	11		
"7438.639"	"7438.64"	"1.50e+06"	B	"10.72334747"	"10.8900234"	"2s2.2p.(2P*<3/2>).5g"	"2[7/2]*"	"4"	"2s2.2p.(2P*<3/2>).6h"	"2[9/2]"	"5"	9	11		
"7438.639"	"7438.64"	"1.46e+06"	B	"10.72334742"	"10.8900234"	"2s2.2p.(2P*<3/2>).5g"	"2[7/2]*"	"3"	"2s2.2p.(2P*<3/2>).6h"	"2[9/2]"	"4"	7	9		
"7439.87"	"7439.87"	"1.62e+06"	B	"10.71561406"	"10.8822625"	"2s2.2p.(2P*<1/2>).5g"	"2[9/2]*"	"4"	"2s2.2p.(2P*<1/2>).6h"	"2[11/2]"	"5"	9	11		
"7439.87"	"7439.87"	"1.65e+06"	B	"10.71561401"	"10.8822625"	"2s2.2p.(2P*<1/2>).5g"	"2[9/2]*"	"5"	"2s2.2p.(2P*<1/2>).6h"	"2[11/2]"	"6"	11	13		
"7456.02"	"7456.01"	"1.63e+06"	B	"10.72399473"	"10.8902823"	"2s2.2p.(2P*<3/2>).5g"	"2[11/2]*"	"5"	"2s2.2p.(2P*<3/2>).6h"	"2[13/2]"	"6"	11	13		
"7456.02"	"7456.02"	"1.65e+06"	B	"10.72399516"	"10.8902826"	"2s2.2p.(2P*<3/2>).5g"	"2[11/2]*"	"6"	"2s2.2p.(2P*<3/2>).6h"	"2[13/2]"	"7"	13	15		
""	"7466.67"	"8.3e+05"	B	"10.7244500"	"10.8905002"	"2s2.2p.(2P*<3/2>).5f"	"2[3/2]"	"1"	"2s2.2p.(2P*<3/2>).6g"	"2[5/2]*"	"2"	3	5		
""	"7467.95"	"9.3e+05"	B	"10.7244786"	"10.8905002"	"2s2.2p.(2P*<3/2>).5f"	"2[3/2]"	"2"	"2s2.2p.(2P*<3/2>).6g"	"2[5/2]*"	"3"	5	7		
"7469.84"	"7469.85"	"1.43e+06"	B	"10.72443720"	"10.8904168"	"2s2.2p.(2P*<3/2>).5g"	"2[5/2]*"	"2"	"2s2.2p.(2P*<3/2>).6h"	"2[7/2]"	"3"	5	7		
"7469.84"	"7469.85"	"1.50e+06"	B	"10.72443729"	"10.8904169"	"2s2.2p.(2P*<3/2>).5g"	"2[5/2]*"	"3"	"2s2.2p.(2P*<3/2>).6h"	"2[7/2]"	"4"	7	9		
""	"8066.486"	"5.3e+01"	C	"9.83482192"	"9.98852478"	"2s2.2p.3d"	"3P*"	"0"	"2s2.2p.4p"	"1P"	"1"	1	3		
""	"8080.346"	"1.2e+03"	C	"10.38335829"	"10.53679751"	"2s2.2p.4d"	"3F*"	"2"	"2s2.2p.5p"	"3D"	"3"	5	7		
""	"8171.743"	"4.0e+04"	C	"10.385074438"	"10.53679751"	"2s2.2p.4d"	"3F*"	"3"	"2s2.2p.5p"	"3D"	"3"	7	7		
""	"8312.71"	"5.3e+04"	C	"10.38335829"	"10.532508"	"2s2.2p.4d"	"3F*"	"2"	"2s2.2p.5p"	"3D"	"2"	5	5		
""	"8409.47"	"4.1e+05"	C	"10.385074438"	"10.532508"	"2s2.2p.4d"	"3F*"	"3"	"2s2.2p.5p"	"3D"	"2"	7	5		
""	"8418.01"	"4.6e+05"	C	"10.38335829"	"10.5306428"	"2s2.2p.4d"	"3F*"	"2"	"2s2.2p.5p"	"3D"	"1"	5	3		
""	"8428.949"	"4.2e+05"	C	"10.389704212"	"10.53679751"	"2s2.2p.4d"	"3F*"	"4"	"2s2.2p.5p"	"3D"	"3"	9	7		
""	"8718.924"	"9.2e+03"	C	"10.39459625"	"10.53679751"	"2s2.2p.4d"	"3D*"	"2"	"2s2.2p.5p"	"3D"	"3"	5	7		
""	"8801.784"	"7.1e+04"	C	"10.39593494"	"10.53679751"	"2s2.2p.4d"	"3D*"	"3"	"2s2.2p.5p"	"3D"	"3"	7	7		
""	"8847.58"	"1.2e+04"	C	"10.39237505"	"10.532508"	"2s2.2p.4d"	"3D*"	"1"	"2s2.2p.5p"	"3D"	"2"	3	5		
""	"8966.97"	"5.7e+04"	C	"10.39237505"	"10.5306428"	"2s2.2p.4d"	"3D*"	"1"	"2s2.2p.5p"	"3D"	"1"	3	3		
""	"8990.08"	"5.2e+04"	C	"10.39459625"	"10.532508"	"2s2.2p.4d"	"3D*"	"2"	"2s2.2p.5p"	"3D"	"2"	5	5		
""	"9078.20"	"1.1e+04"	C	"10.39593494"	"10.532508"	"2s2.2p.4d"	"3D*"	"3"	"2s2.2p.5p"	"3D"	"2"	7	5		
""	"9086.351"	"2.6e+05"	C	"10.42745839"	"10.56390942"	"2s2.2p.4d"	"3P*"	"2"	"2s2.2p.5p"	"3P"	"2"	5	5		
""	"9113.37"	"1.8e+04"	C	"10.39459625"	"10.5306428"	"2s2.2p.4d"	"3D*"	"2"	"2s2.2p.5p"	"3D"	"1"	5	3		
""	"9194.892"	"8.3e+04"	C	"10.42906912"	"10.56390942"	"2s2.2p.4d"	"3P*"	"1"	"2s2.2p.5p"	"3P"	"2"	3	5		
""	"9209.433"	"1.4e+05"	C	"10.42745839"	"10.56208579"	"2s2.2p.4d"	"3P*"	"2"	"2s2.2p.5p"	"3P"	"1"	5	3		
""	"9320.952"	"7.9e+04"	C	"10.42906912"	"10.56208579"	"2s2.2p.4d"	"3P*"	"1"	"2s2.2p.5p"	"3P"	"1"	3	3		
""	"9365.567"	"1.0e+05"	C	"10.42970278"	"10.56208579"	"2s2.2p.4d"	"3P*"	"0"	"2s2.2p.5p"	"3P"	"1"	1	3		
""	"9491.8"	"3.0e+05"	C	"10.42906912"	"10.559692"	"2s2.2p.4d"	"3P*"	"1"	"2s2.2p.5p"	"3P"	"0"	3	1		
""	"11339.42"	"1.7e+04"	C	"10.42745839"	"10.53679751"	"2s2.2p.4d"	"3P*"	"2"	"2s2.2p.5p"	"3D"	"3"	5	7		
""	"11802.4"	"3.7e+03"	C	"10.42745839"	"10.532508"	"2s2.2p.4d"	"3P*"	"2"	"2s2.2p.5p"	"3D"	"2"	5	5		
""	"11986.2"	"1.1e+04"	C	"10.42906912"	"10.532508"	"2s2.2p.4d"	"3P*"	"1"	"2s2.2p.5p"	"3D"	"2"	3	5		
""	"12015.79"	"3.9e+02"	C	"10.42745839"	"10.5306428"	"2s2.2p.4d"	"3P*"	"2"	"2s2.2p.5p"	"3D"	"1"	5	3		
""	"12205.214"	"2.14e+05"	B	"10.41865840"	"10.52024138"	"2s2.2p.4d"	"1P*"	"1"	"2s2.2p.5p"	"1P"	"1"	3	3		
""	"12206.33"	"5.6e+03"	C	"10.42906912"	"10.5306428"	"2s2.2p.4d"	"3P*"	"1"	"2s2.2p.5p"	"3D"	"1"	3	3		
""	"12282.96"	"7.4e+03"	C	"10.42970278"	"10.5306428"	"2s2.2p.4d"	"3P*"	"0"	"2s2.2p.5p"	"3D"	"1"	1	3		
