obs_wl_vac(nm)	ritz_wl_vac(nm)	Aki(s^-1)	Acc	Ei(eV)	Ek(eV)	conf_i	term_i	J_i	conf_k	term_k	J_k	g_i	g_k	Type	
""	"86.5227"	"3.74e+06"	D	"0.0000000"	"14.32967"	"2s2.2p3"	"4S*"	"3/2"	"2s2.2p2.(3P).9s"	"4P"	"5/2"	4	6		
""	"86.5835"	"3.74e+06"	D	"0.0000000"	"14.31962"	"2s2.2p3"	"4S*"	"3/2"	"2s2.2p2.(3P).9s"	"4P"	"3/2"	4	4		
""	"86.6180"	"3.73e+06"	E	"0.0000000"	"14.31391"	"2s2.2p3"	"4S*"	"3/2"	"2s2.2p2.(3P).9s"	"4P"	"1/2"	4	2		
""	"86.9404"	"5.56e+06"	D+	"0.0000000"	"14.26082"	"2s2.2p3"	"4S*"	"3/2"	"2s2.2p2.(3P).8s"	"4P"	"5/2"	4	6		
""	"87.0026"	"5.55e+06"	D	"0.0000000"	"14.25063"	"2s2.2p3"	"4S*"	"3/2"	"2s2.2p2.(3P).8s"	"4P"	"3/2"	4	4		
""	"87.0367"	"5.54e+06"	D	"0.0000000"	"14.24504"	"2s2.2p3"	"4S*"	"3/2"	"2s2.2p2.(3P).8s"	"4P"	"1/2"	4	2		
""	"87.5277"	"3.40e+07"	D+	"0.0000000"	"14.16513"	"2s2.2p3"	"4S*"	"3/2"	"2s2.2p2.(3P).6d"	"4P"	"1/2"	4	2		
""	"87.5657"	"3.39e+07"	D+	"0.0000000"	"14.15900"	"2s2.2p3"	"4S*"	"3/2"	"2s2.2p2.(3P).6d"	"4P"	"3/2"	4	4		
""	"87.5721"	"3.39e+07"	D+	"0.0000000"	"14.15795"	"2s2.2p3"	"4S*"	"3/2"	"2s2.2p2.(3P).6d"	"4P"	"5/2"	4	6		
""	"87.606697"	"8.81e+06"	D+	"0.0000000"	"14.1523654"	"2s2.2p3"	"4S*"	"3/2"	"2s2.2p2.(3P).7s"	"4P"	"5/2"	4	6		
""	"87.664582"	"8.79e+06"	D+	"0.0000000"	"14.1430205"	"2s2.2p3"	"4S*"	"3/2"	"2s2.2p2.(3P).7s"	"4P"	"3/2"	4	4		
""	"87.698794"	"8.78e+06"	D	"0.0000000"	"14.1375033"	"2s2.2p3"	"4S*"	"3/2"	"2s2.2p2.(3P).7s"	"4P"	"1/2"	4	2		
""	"88.59729"	"5.58e+07"	D+	"0.0000000"	"13.994130"	"2s2.2p3"	"4S*"	"3/2"	"2s2.2p2.(3P).5d"	"4P"	"1/2"	4	2		
""	"88.62261"	"5.58e+07"	D+	"0.0000000"	"13.990131"	"2s2.2p3"	"4S*"	"3/2"	"2s2.2p2.(3P).5d"	"4P"	"3/2"	4	4		
""	"88.633263"	"5.58e+07"	D+	"0.0000000"	"13.9884501"	"2s2.2p3"	"4S*"	"3/2"	"2s2.2p2.(3P).5d"	"4P"	"5/2"	4	6		
""	"88.745800"	"1.51e+07"	D+	"0.0000000"	"13.9707117"	"2s2.2p3"	"4S*"	"3/2"	"2s2.2p2.(3P).6s"	"4P"	"5/2"	4	6		
""	"88.802366"	"1.51e+07"	D+	"0.0000000"	"13.9618125"	"2s2.2p3"	"4S*"	"3/2"	"2s2.2p2.(3P).6s"	"4P"	"3/2"	4	4		
""	"88.837190"	"1.51e+07"	D+	"0.0000000"	"13.9563396"	"2s2.2p3"	"4S*"	"3/2"	"2s2.2p2.(3P).6s"	"4P"	"1/2"	4	2		
""	"90.620741"	"9.99e+07"	D+	"0.0000000"	"13.6816580"	"2s2.2p3"	"4S*"	"3/2"	"2s2.2p2.(3P).4d"	"4P"	"1/2"	4	2		
""	"90.643160"	"9.99e+07"	D+	"0.0000000"	"13.6782741"	"2s2.2p3"	"4S*"	"3/2"	"2s2.2p2.(3P).4d"	"4P"	"3/2"	4	4		
""	"90.661853"	"9.98e+07"	D+	"0.0000000"	"13.6754539"	"2s2.2p3"	"4S*"	"3/2"	"2s2.2p2.(3P).4d"	"4P"	"5/2"	4	6		
"90.9697"	"90.969742"	"2.93e+07"	D+	"0.0000000"	"13.6291690"	"2s2.2p3"	"4S*"	"3/2"	"2s2.2p2.(3P).5s"	"4P"	"5/2"	4	6		
"91.0278"	"91.027824"	"2.92e+07"	D+	"0.0000000"	"13.6204726"	"2s2.2p3"	"4S*"	"3/2"	"2s2.2p2.(3P).5s"	"4P"	"3/2"	4	4		
"91.0645"	"91.064536"	"2.92e+07"	D+	"0.0000000"	"13.6149817"	"2s2.2p3"	"4S*"	"3/2"	"2s2.2p2.(3P).5s"	"4P"	"1/2"	4	2		
""	"95.107924"	"8.29e+05"	B	"0.0000000"	"13.0361586"	"2s2.2p3"	"4S*"	"3/2"	"2s2.2p2.(3P).3d"	"2D"	"5/2"	4	6		
""	"95.129485"	"1.71e+05"	B	"0.0000000"	"13.0332041"	"2s2.2p3"	"4S*"	"3/2"	"2s2.2p2.(3P).3d"	"2D"	"3/2"	4	4		
""	"95.23034"	"1.12e+07"	B	"0.0000000"	"13.019401"	"2s2.2p3"	"4S*"	"3/2"	"2s2.2p2.(3P).3d"	"4D"	"5/2"	4	6		
""	"95.24148"	"1.45e+07"	B	"0.0000000"	"13.017878"	"2s2.2p3"	"4S*"	"3/2"	"2s2.2p2.(3P).3d"	"4D"	"3/2"	4	4		
""	"95.25227"	"7.62e+06"	B	"0.0000000"	"13.016403"	"2s2.2p3"	"4S*"	"3/2"	"2s2.2p2.(3P).3d"	"4D"	"1/2"	4	2		
"95.3415"	"95.34152"	"1.90e+08"	B	"0.0000000"	"13.004219"	"2s2.2p3"	"4S*"	"3/2"	"2s2.2p2.(3P).3d"	"4P"	"1/2"	4	2		
"95.3655"	"95.36549"	"1.81e+08"	B	"0.0000000"	"13.000950"	"2s2.2p3"	"4S*"	"3/2"	"2s2.2p2.(3P).3d"	"4P"	"3/2"	4	4		
"95.3970"	"95.396990"	"1.62e+08"	B	"0.0000000"	"12.9966572"	"2s2.2p3"	"4S*"	"3/2"	"2s2.2p2.(3P).3d"	"4P"	"5/2"	4	6		
""	"95.410416"	"1.95e+07"	B+	"0.0000000"	"12.9948285"	"2s2.2p3"	"4S*"	"3/2"	"2s2.2p2.(3P).3d"	"2F"	"5/2"	4	6		
""	"95.526440"	"3.37e+05"	B+	"0.0000000"	"12.9790453"	"2s2.2p3"	"4S*"	"3/2"	"2s2.2p2.(3P).3d"	"4F"	"5/2"	4	6		
""	"95.543717"	"1.40e+04"	B+	"0.0000000"	"12.9766983"	"2s2.2p3"	"4S*"	"3/2"	"2s2.2p2.(3P).3d"	"4F"	"3/2"	4	4		
""	"95.552938"	"2.63e+05"	B	"0.0000000"	"12.9754460"	"2s2.2p3"	"4S*"	"3/2"	"2s2.2p2.(3P).3d"	"2P"	"1/2"	4	2		
""	"95.588157"	"4.29e+05"	B	"0.0000000"	"12.9706652"	"2s2.2p3"	"4S*"	"3/2"	"2s2.2p2.(3P).3d"	"2P"	"3/2"	4	4		
""	"95.949373"	"3.75e+05"	B+	"0.0000000"	"12.9218353"	"2s2.2p3"	"4S*"	"3/2"	"2s2.2p2.(3P).4s"	"2P"	"3/2"	4	4		
""	"96.020138"	"1.69e+05"	B+	"0.0000000"	"12.9123120"	"2s2.2p3"	"4S*"	"3/2"	"2s2.2p2.(3P).4s"	"2P"	"1/2"	4	2		
"96.3990"	"96.39903"	"5.94e+07"	A	"0.0000000"	"12.861560"	"2s2.2p3"	"4S*"	"3/2"	"2s2.2p2.(3P).4s"	"4P"	"5/2"	4	6		
"96.4626"	"96.46256"	"5.66e+07"	A	"0.0000000"	"12.853090"	"2s2.2p3"	"4S*"	"3/2"	"2s2.2p2.(3P).4s"	"4P"	"3/2"	4	4		
"96.5041"	"96.50413"	"5.52e+07"	A	"0.0000000"	"12.847554"	"2s2.2p3"	"4S*"	"3/2"	"2s2.2p2.(3P).4s"	"4P"	"1/2"	4	2		
""	"98.0623"	"3.33e+08"	C+	"2.3835298"	"15.02695"	"2s2.2p3"	"2D*"	"5/2"	"2s.2p4"	"2D"	"5/2"	6	6		
""	"98.0706"	"2.29e+07"	C+	"2.3846100"	"15.02695"	"2s2.2p3"	"2D*"	"3/2"	"2s.2p4"	"2D"	"5/2"	4	6		
""	"98.9265"	"9.95e+07"	C	"2.3835298"	"14.91649"	"2s2.2p3"	"2D*"	"5/2"	"2s2.2p2.(1D).3d"	"2P"	"3/2"	6	4		
""	"98.9335"	"1.12e+08"	C	"2.3846100"	"14.91669"	"2s2.2p3"	"2D*"	"3/2"	"2s2.2p2.(1D).3d"	"2P"	"1/2"	4	2		
""	"98.9350"	"1.09e+07"	C	"2.3846100"	"14.91649"	"2s2.2p3"	"2D*"	"3/2"	"2s2.2p2.(1D).3d"	"2P"	"3/2"	4	4		
""	"99.0773"	"2.49e+07"	C+	"2.3835298"	"14.89742"	"2s2.2p3"	"2D*"	"5/2"	"2s2.2p2.(1D).3d"	"2D"	"3/2"	6	4		
""	"99.0829"	"2.35e+08"	C+	"2.3835298"	"14.89671"	"2s2.2p3"	"2D*"	"5/2"	"2s2.2p2.(1D).3d"	"2D"	"5/2"	6	6		
""	"99.0858"	"2.26e+08"	C+	"2.3846100"	"14.89742"	"2s2.2p3"	"2D*"	"3/2"	"2s2.2p2.(1D).3d"	"2D"	"3/2"	4	4		
""	"99.0914"	"1.65e+07"	C+	"2.3846100"	"14.89671"	"2s2.2p3"	"2D*"	"3/2"	"2s2.2p2.(1D).3d"	"2D"	"5/2"	4	6		
""	"100.0145"	"3.92e+06"	C	"2.3835298"	"14.78016"	"2s2.2p3"	"2D*"	"5/2"	"2s2.2p2.(1D).4s"	"2D"	"3/2"	6	4		
""	"100.0145"	"3.72e+07"	C+	"2.3835298"	"14.78016"	"2s2.2p3"	"2D*"	"5/2"	"2s2.2p2.(1D).4s"	"2D"	"5/2"	6	6		
""	"100.0232"	"2.72e+06"	C	"2.3846100"	"14.78016"	"2s2.2p3"	"2D*"	"3/2"	"2s2.2p2.(1D).4s"	"2D"	"5/2"	4	6		
""	"100.0232"	"3.62e+07"	C+	"2.3846100"	"14.78016"	"2s2.2p3"	"2D*"	"3/2"	"2s2.2p2.(1D).4s"	"2D"	"3/2"	4	4		
""	"100.337221"	"1.86e+02"	B	"0.0000000"	"12.3567502"	"2s2.2p3"	"4S*"	"3/2"	"2s2.2p2.(1D).3s"	"2D"	"3/2"	4	4		
""	"100.337710"	"8.40e+02"	B	"0.0000000"	"12.3566901"	"2s2.2p3"	"4S*"	"3/2"	"2s2.2p2.(1D).3s"	"2D"	"5/2"	4	6		
"106.7614"	"106.761443"	"3.53e+07"	C	"2.3835298"	"13.9967297"	"2s2.2p3"	"2D*"	"5/2"	"2s2.2p2.(3P).5d"	"2F"	"7/2"	6	8		
""	"106.851244"	"2.34e+06"	D+	"2.3835298"	"13.9869696"	"2s2.2p3"	"2D*"	"5/2"	"2s2.2p2.(3P).5d"	"2F"	"5/2"	6	6		
"106.8612"	"106.861193"	"3.28e+07"	C	"2.3846100"	"13.9869696"	"2s2.2p3"	"2D*"	"3/2"	"2s2.2p2.(3P).5d"	"2F"	"5/2"	4	6		
""	"108.2706"	"1.26e+08"	C+	"3.5756182"	"15.02695"	"2s2.2p3"	"2P*"	"3/2"	"2s.2p4"	"2D"	"5/2"	4	6		
""	"109.0191"	"6.55e+07"	C	"3.5755704"	"14.94828"	"2s2.2p3"	"2P*"	"1/2"	"2s2.2p2.(1D).3d"	"2S"	"1/2"	2	2		
""	"109.0195"	"1.31e+08"	C	"3.5756182"	"14.94828"	"2s2.2p3"	"2P*"	"3/2"	"2s2.2p2.(1D).3d"	"2S"	"1/2"	4	2		
""	"109.3227"	"7.88e+07"	C	"3.5755704"	"14.91669"	"2s2.2p3"	"2P*"	"1/2"	"2s2.2p2.(1D).3d"	"2P"	"1/2"	2	2		
""	"109.3232"	"3.85e+07"	C	"3.5756182"	"14.91669"	"2s2.2p3"	"2P*"	"3/2"	"2s2.2p2.(1D).3d"	"2P"	"1/2"	4	2		
""	"109.3246"	"1.99e+07"	C	"3.5755704"	"14.91649"	"2s2.2p3"	"2P*"	"1/2"	"2s2.2p2.(1D).3d"	"2P"	"3/2"	2	4		
""	"109.3251"	"9.96e+07"	C	"3.5756182"	"14.91649"	"2s2.2p3"	"2P*"	"3/2"	"2s2.2p2.(1D).3d"	"2P"	"3/2"	4	4		
""	"109.5088"	"1.15e+06"	C	"3.5755704"	"14.89742"	"2s2.2p3"	"2P*"	"1/2"	"2s2.2p2.(1D).3d"	"2D"	"3/2"	2	4		
""	"109.5161"	"1.40e+06"	C	"3.5756182"	"14.89671"	"2s2.2p3"	"2P*"	"3/2"	"2s2.2p2.(1D).3d"	"2D"	"5/2"	4	6		
"109.7237"	"109.723718"	"6.35e+07"	C	"2.3835298"	"13.6832014"	"2s2.2p3"	"2D*"	"5/2"	"2s2.2p2.(3P).4d"	"2F"	"7/2"	6	8		
""	"109.815482"	"4.23e+06"	C	"2.3835298"	"13.6737591"	"2s2.2p3"	"2D*"	"5/2"	"2s2.2p2.(3P).4d"	"2F"	"5/2"	6	6		
"109.8260"	"109.825991"	"5.91e+07"	C	"2.3846100"	"13.6737591"	"2s2.2p3"	"2D*"	"3/2"	"2s2.2p2.(3P).4d"	"2F"	"5/2"	4	6		
"110.0360"	"110.035974"	"3.60e+07"	D+	"2.3835298"	"13.6511356"	"2s2.2p3"	"2D*"	"5/2"	"2s2.2p2.(3P).5s"	"2P"	"3/2"	6	4		
"110.0465"	"110.046525"	"4.00e+06"	D+	"2.3846100"	"13.6511356"	"2s2.2p3"	"2D*"	"3/2"	"2s2.2p2.(3P).5s"	"2P"	"3/2"	4	4		
"110.1291"	"110.129074"	"3.99e+07"	D+	"2.3846100"	"13.6426905"	"2s2.2p3"	"2D*"	"3/2"	"2s2.2p2.(3P).5s"	"2P"	"1/2"	4	2		
""	"110.6549"	"3.04e+06"	C	"3.5755704"	"14.78016"	"2s2.2p3"	"2P*"	"1/2"	"2s2.2p2.(1D).4s"	"2D"	"3/2"	2	4		
""	"110.6553"	"7.39e+05"	C	"3.5756182"	"14.78016"	"2s2.2p3"	"2P*"	"3/2"	"2s2.2p2.(1D).4s"	"2D"	"3/2"	4	4		
""	"110.6553"	"3.52e+06"	C+	"3.5756182"	"14.78016"	"2s2.2p3"	"2P*"	"3/2"	"2s2.2p2.(1D).4s"	"2D"	"5/2"	4	6		
"113.4165"	"113.416529"	"1.51e+08"	B	"0.0000000"	"10.9317574"	"2s2.2p3"	"4S*"	"3/2"	"2s.2p4"	"4P"	"1/2"	4	2		
"113.4415"	"113.441489"	"1.49e+08"	B	"0.0000000"	"10.9293522"	"2s2.2p3"	"4S*"	"3/2"	"2s.2p4"	"4P"	"3/2"	4	4		
"113.4980"	"113.498025"	"1.44e+08"	B	"0.0000000"	"10.9239080"	"2s2.2p3"	"4S*"	"3/2"	"2s.2p4"	"4P"	"5/2"	4	6		
""	"115.981685"	"4.94e+04"	A	"0.0000000"	"10.6899808"	"2s2.2p3"	"4S*"	"3/2"	"2s2.2p2.(3P).3s"	"2P"	"3/2"	4	4		
""	"116.093657"	"2.72e+04"	A	"0.0000000"	"10.6796703"	"2s2.2p3"	"4S*"	"3/2"	"2s2.2p2.(3P).3s"	"2P"	"1/2"	4	2		
"116.3884"	"116.388358"	"3.25e+07"	B	"2.3835298"	"13.0361586"	"2s2.2p3"	"2D*"	"5/2"	"2s2.2p2.(3P).3d"	"2D"	"5/2"	6	6		
""	"116.400162"	"2.53e+05"	B	"2.3846100"	"13.0361586"	"2s2.2p3"	"2D*"	"3/2"	"2s2.2p2.(3P).3d"	"2D"	"5/2"	4	6		
"116.4206"	"116.420648"	"2.98e+06"	B	"2.3835298"	"13.0332041"	"2s2.2p3"	"2D*"	"5/2"	"2s2.2p2.(3P).3d"	"2D"	"3/2"	6	4		
"116.4325"	"116.432459"	"2.82e+07"	B	"2.3846100"	"13.0332041"	"2s2.2p3"	"2D*"	"3/2"	"2s2.2p2.(3P).3d"	"2D"	"3/2"	4	4		
""	"116.559441"	"1.69e+06"	B	"2.3835298"	"13.0205230"	"2s2.2p3"	"2D*"	"5/2"	"2s2.2p2.(3P).3d"	"4D"	"7/2"	6	8		
""	"116.57174"	"8.31e+04"	B	"2.3835298"	"13.019401"	"2s2.2p3"	"2D*"	"5/2"	"2s2.2p2.(3P).3d"	"4D"	"5/2"	6	6		
""	"116.58358"	"1.99e+05"	B	"2.3846100"	"13.019401"	"2s2.2p3"	"2D*"	"3/2"	"2s2.2p2.(3P).3d"	"4D"	"5/2"	4	6		
""	"116.58843"	"2.43e+04"	B	"2.3835298"	"13.017878"	"2s2.2p3"	"2D*"	"5/2"	"2s2.2p2.(3P).3d"	"4D"	"3/2"	6	4		
""	"116.60027"	"6.79e+04"	B	"2.3846100"	"13.017878"	"2s2.2p3"	"2D*"	"3/2"	"2s2.2p2.(3P).3d"	"4D"	"3/2"	4	4		
""	"116.61645"	"8.4e+03"	C	"2.3846100"	"13.016403"	"2s2.2p3"	"2D*"	"3/2"	"2s2.2p2.(3P).3d"	"4D"	"1/2"	4	2		
"116.7448"	"116.744846"	"1.10e+08"	A	"2.3835298"	"13.0036301"	"2s2.2p3"	"2D*"	"5/2"	"2s2.2p2.(3P).3d"	"2F"	"7/2"	6	8		
""	"116.75025"	"5.0e+02"	E	"2.3846100"	"13.004219"	"2s2.2p3"	"2D*"	"3/2"	"2s2.2p2.(3P).3d"	"4P"	"1/2"	4	2		
""	"116.77432"	"1.17e+04"	C	"2.3835298"	"13.000950"	"2s2.2p3"	"2D*"	"5/2"	"2s2.2p2.(3P).3d"	"4P"	"3/2"	6	4		
""	"116.78620"	"7.03e+04"	B+	"2.3846100"	"13.000950"	"2s2.2p3"	"2D*"	"3/2"	"2s2.2p2.(3P).3d"	"4P"	"3/2"	4	4		
""	"116.821548"	"1.30e+06"	B+	"2.3835298"	"12.9966572"	"2s2.2p3"	"2D*"	"5/2"	"2s2.2p2.(3P).3d"	"4P"	"5/2"	6	6		
"116.8334"	"116.833440"	"1.24e+07"	B+	"2.3846100"	"12.9966572"	"2s2.2p3"	"2D*"	"3/2"	"2s2.2p2.(3P).3d"	"4P"	"5/2"	4	6		
"116.8417"	"116.841681"	"3.38e+06"	A	"2.3835298"	"12.9948285"	"2s2.2p3"	"2D*"	"5/2"	"2s2.2p2.(3P).3d"	"2F"	"5/2"	6	6		
"116.8536"	"116.853578"	"9.32e+07"	A	"2.3846100"	"12.9948285"	"2s2.2p3"	"2D*"	"3/2"	"2s2.2p2.(3P).3d"	"2F"	"5/2"	4	6		
""	"116.969344"	"2.79e+06"	B+	"2.3835298"	"12.9832471"	"2s2.2p3"	"2D*"	"5/2"	"2s2.2p2.(3P).3d"	"4F"	"7/2"	6	8		
""	"117.015730"	"3.03e+05"	B+	"2.3835298"	"12.9790453"	"2s2.2p3"	"2D*"	"5/2"	"2s2.2p2.(3P).3d"	"4F"	"5/2"	6	6		
""	"117.027662"	"3.06e+06"	B+	"2.3846100"	"12.9790453"	"2s2.2p3"	"2D*"	"3/2"	"2s2.2p2.(3P).3d"	"4F"	"5/2"	4	6		
""	"117.041656"	"4.91e+04"	C	"2.3835298"	"12.9766983"	"2s2.2p3"	"2D*"	"5/2"	"2s2.2p2.(3P).3d"	"4F"	"3/2"	6	4		
""	"117.053593"	"1.11e+05"	B+	"2.3846100"	"12.9766983"	"2s2.2p3"	"2D*"	"3/2"	"2s2.2p2.(3P).3d"	"4F"	"3/2"	4	4		
""	"117.067433"	"5.86e+06"	C+	"2.3846100"	"12.9754460"	"2s2.2p3"	"2D*"	"3/2"	"2s2.2p2.(3P).3d"	"2P"	"1/2"	4	2		
""	"117.108352"	"1.25e+07"	C+	"2.3835298"	"12.9706652"	"2s2.2p3"	"2D*"	"5/2"	"2s2.2p2.(3P).3d"	"2P"	"3/2"	6	4		
""	"117.120303"	"3.93e+05"	C+	"2.3846100"	"12.9706652"	"2s2.2p3"	"2D*"	"3/2"	"2s2.2p2.(3P).3d"	"2P"	"3/2"	4	4		
"117.6510"	"117.650981"	"8.52e+07"	B+	"2.3835298"	"12.9218353"	"2s2.2p3"	"2D*"	"5/2"	"2s2.2p2.(3P).4s"	"2P"	"3/2"	6	4		
"117.6630"	"117.663043"	"9.91e+06"	B+	"2.3846100"	"12.9218353"	"2s2.2p3"	"2D*"	"3/2"	"2s2.2p2.(3P).4s"	"2P"	"3/2"	4	4		
"117.7695"	"117.769480"	"1.03e+08"	B+	"2.3846100"	"12.9123120"	"2s2.2p3"	"2D*"	"3/2"	"2s2.2p2.(3P).4s"	"2P"	"1/2"	4	2		
""	"118.32777"	"1.88e+03"	C	"2.3835298"	"12.861560"	"2s2.2p3"	"2D*"	"5/2"	"2s2.2p2.(3P).4s"	"4P"	"5/2"	6	6		
""	"118.33997"	"2.16e+02"	C	"2.3846100"	"12.861560"	"2s2.2p3"	"2D*"	"3/2"	"2s2.2p2.(3P).4s"	"4P"	"5/2"	4	6		
""	"118.42350"	"2.45e+05"	B	"2.3835298"	"12.853090"	"2s2.2p3"	"2D*"	"5/2"	"2s2.2p2.(3P).4s"	"4P"	"3/2"	6	4		
""	"118.43573"	"3.34e+04"	B	"2.3846100"	"12.853090"	"2s2.2p3"	"2D*"	"3/2"	"2s2.2p2.(3P).4s"	"4P"	"3/2"	4	4		
""	"118.49839"	"1.78e+05"	B	"2.3846100"	"12.847554"	"2s2.2p3"	"2D*"	"3/2"	"2s2.2p2.(3P).4s"	"4P"	"1/2"	4	2		
""	"118.896871"	"2.48e+07"	C	"3.5756182"	"14.0034956"	"2s2.2p3"	"2P*"	"3/2"	"2s2.2p2.(3P).5d"	"2D"	"5/2"	4	6		
""	"118.922842"	"2.07e+07"	C	"3.5755704"	"14.0011704"	"2s2.2p3"	"2P*"	"1/2"	"2s2.2p2.(3P).5d"	"2D"	"3/2"	2	4		
""	"118.923388"	"4.13e+06"	C	"3.5756182"	"14.0011704"	"2s2.2p3"	"2P*"	"3/2"	"2s2.2p2.(3P).5d"	"2D"	"3/2"	4	4		
""	"119.092070"	"1.46e+07"	D+	"3.5755704"	"13.9863558"	"2s2.2p3"	"2P*"	"1/2"	"2s2.2p2.(3P).5d"	"2P"	"1/2"	2	2		
""	"119.092618"	"7.30e+06"	D+	"3.5756182"	"13.9863558"	"2s2.2p3"	"2P*"	"3/2"	"2s2.2p2.(3P).5d"	"2P"	"1/2"	4	2		
""	"119.101341"	"3.65e+06"	D+	"3.5755704"	"13.9855454"	"2s2.2p3"	"2P*"	"1/2"	"2s2.2p2.(3P).5d"	"2P"	"3/2"	2	4		
""	"119.101888"	"1.82e+07"	D+	"3.5756182"	"13.9855454"	"2s2.2p3"	"2P*"	"3/2"	"2s2.2p2.(3P).5d"	"2P"	"3/2"	4	4		
"119.9550"	"119.954964"	"4.07e+08"	A	"0.0000000"	"10.3358956"	"2s2.2p3"	"4S*"	"3/2"	"2s2.2p2.(3P).3s"	"4P"	"5/2"	4	6		
"120.0223"	"120.022329"	"4.03e+08"	A	"0.0000000"	"10.3300944"	"2s2.2p3"	"4S*"	"3/2"	"2s2.2p2.(3P).3s"	"4P"	"3/2"	4	4		
"120.0710"	"120.070981"	"4.00e+08"	A	"0.0000000"	"10.3259087"	"2s2.2p3"	"4S*"	"3/2"	"2s2.2p2.(3P).3s"	"4P"	"1/2"	4	2		
"122.5026"	"122.502574"	"4.41e+07"	C	"3.5756182"	"13.6965647"	"2s2.2p3"	"2P*"	"3/2"	"2s2.2p2.(3P).4d"	"2D"	"5/2"	4	6		
"122.537"	"122.536838"	"3.67e+07"	C	"3.5755704"	"13.6936867"	"2s2.2p3"	"2P*"	"1/2"	"2s2.2p2.(3P).4d"	"2D"	"3/2"	2	4		
""	"122.537418"	"7.34e+06"	C	"3.5756182"	"13.6936867"	"2s2.2p3"	"2P*"	"3/2"	"2s2.2p2.(3P).4d"	"2D"	"3/2"	4	4		
"122.841"	"122.840671"	"2.70e+07"	D+	"3.5755704"	"13.6686606"	"2s2.2p3"	"2P*"	"1/2"	"2s2.2p2.(3P).4d"	"2P"	"1/2"	2	2		
""	"122.841254"	"1.35e+07"	D+	"3.5756182"	"13.6686606"	"2s2.2p3"	"2P*"	"3/2"	"2s2.2p2.(3P).4d"	"2P"	"1/2"	4	2		
""	"122.878522"	"6.76e+06"	D+	"3.5755704"	"13.6655516"	"2s2.2p3"	"2P*"	"1/2"	"2s2.2p2.(3P).4d"	"2P"	"3/2"	2	4		
"122.879"	"122.879105"	"3.38e+07"	D+	"3.5756182"	"13.6655516"	"2s2.2p3"	"2P*"	"3/2"	"2s2.2p2.(3P).4d"	"2P"	"3/2"	4	4		
""	"124.317114"	"3.33e+07"	A	"2.3835298"	"12.3567502"	"2s2.2p3"	"2D*"	"5/2"	"2s2.2p2.(1D).3s"	"2D"	"3/2"	6	4		
"124.3179"	"124.317863"	"3.22e+08"	A	"2.3835298"	"12.3566901"	"2s2.2p3"	"2D*"	"5/2"	"2s2.2p2.(1D).3s"	"2D"	"5/2"	6	6		
"124.3306"	"124.330581"	"3.10e+08"	A	"2.3846100"	"12.3567502"	"2s2.2p3"	"2D*"	"3/2"	"2s2.2p2.(1D).3s"	"2D"	"3/2"	4	4		
""	"124.331331"	"2.36e+07"	A	"2.3846100"	"12.3566901"	"2s2.2p3"	"2D*"	"3/2"	"2s2.2p2.(1D).3s"	"2D"	"5/2"	4	6		
"131.0540"	"131.054035"	"7.68e+07"	B	"3.5756182"	"13.0361586"	"2s2.2p3"	"2P*"	"3/2"	"2s2.2p2.(3P).3d"	"2D"	"5/2"	4	6		
""	"131.094312"	"6.05e+07"	B	"3.5755704"	"13.0332041"	"2s2.2p3"	"2P*"	"1/2"	"2s2.2p2.(3P).3d"	"2D"	"3/2"	2	4		
"131.095"	"131.094976"	"1.75e+07"	B	"3.5756182"	"13.0332041"	"2s2.2p3"	"2P*"	"3/2"	"2s2.2p2.(3P).3d"	"2D"	"3/2"	4	4		
""	"131.28659"	"5.53e+04"	B	"3.5756182"	"13.019401"	"2s2.2p3"	"2P*"	"3/2"	"2s2.2p2.(3P).3d"	"4D"	"5/2"	4	6		
""	"131.30709"	"2.79e+05"	B	"3.5755704"	"13.017878"	"2s2.2p3"	"2P*"	"1/2"	"2s2.2p2.(3P).3d"	"4D"	"3/2"	2	4		
""	"131.30776"	"7.66e+03"	B	"3.5756182"	"13.017878"	"2s2.2p3"	"2P*"	"3/2"	"2s2.2p2.(3P).3d"	"4D"	"3/2"	4	4		
""	"131.32761"	"2.37e+05"	B	"3.5755704"	"13.016403"	"2s2.2p3"	"2P*"	"1/2"	"2s2.2p2.(3P).3d"	"4D"	"1/2"	2	2		
""	"131.32828"	"1.15e+05"	B	"3.5756182"	"13.016403"	"2s2.2p3"	"2P*"	"3/2"	"2s2.2p2.(3P).3d"	"4D"	"1/2"	4	2		
""	"131.49732"	"1.14e+05"	B	"3.5755704"	"13.004219"	"2s2.2p3"	"2P*"	"1/2"	"2s2.2p2.(3P).3d"	"4P"	"1/2"	2	2		
""	"131.49798"	"6.83e+04"	B	"3.5756182"	"13.004219"	"2s2.2p3"	"2P*"	"3/2"	"2s2.2p2.(3P).3d"	"4P"	"1/2"	4	2		
""	"131.54293"	"3.65e+05"	B	"3.5755704"	"13.000950"	"2s2.2p3"	"2P*"	"1/2"	"2s2.2p2.(3P).3d"	"4P"	"3/2"	2	4		
""	"131.54360"	"7.40e+04"	B	"3.5756182"	"13.000950"	"2s2.2p3"	"2P*"	"3/2"	"2s2.2p2.(3P).3d"	"4P"	"3/2"	4	4		
""	"131.603530"	"1.06e+05"	B	"3.5756182"	"12.9966572"	"2s2.2p3"	"2P*"	"3/2"	"2s2.2p2.(3P).3d"	"4P"	"5/2"	4	6		
""	"131.629081"	"1.12e+06"	B	"3.5756182"	"12.9948285"	"2s2.2p3"	"2P*"	"3/2"	"2s2.2p2.(3P).3d"	"2F"	"5/2"	4	6		
""	"131.850014"	"1.36e+04"	B+	"3.5756182"	"12.9790453"	"2s2.2p3"	"2P*"	"3/2"	"2s2.2p2.(3P).3d"	"4F"	"5/2"	4	6		
""	"131.882259"	"1.45e+03"	C	"3.5755704"	"12.9766983"	"2s2.2p3"	"2P*"	"1/2"	"2s2.2p2.(3P).3d"	"4F"	"3/2"	2	4		
""	"131.882931"	"1.00e+06"	B+	"3.5756182"	"12.9766983"	"2s2.2p3"	"2P*"	"3/2"	"2s2.2p2.(3P).3d"	"4F"	"3/2"	4	4		
"131.900"	"131.899828"	"4.59e+07"	B+	"3.5755704"	"12.9754460"	"2s2.2p3"	"2P*"	"1/2"	"2s2.2p2.(3P).3d"	"2P"	"1/2"	2	2		
""	"131.900500"	"2.28e+07"	B+	"3.5756182"	"12.9754460"	"2s2.2p3"	"2P*"	"3/2"	"2s2.2p2.(3P).3d"	"2P"	"1/2"	4	2		
""	"131.966948"	"1.70e+07"	B+	"3.5755704"	"12.9706652"	"2s2.2p3"	"2P*"	"1/2"	"2s2.2p2.(3P).3d"	"2P"	"3/2"	2	4		
"131.968"	"131.967620"	"5.76e+07"	B+	"3.5756182"	"12.9706652"	"2s2.2p3"	"2P*"	"3/2"	"2s2.2p2.(3P).3d"	"2P"	"3/2"	4	4		
""	"132.656414"	"9.72e+05"	B	"3.5755704"	"12.9218353"	"2s2.2p3"	"2P*"	"1/2"	"2s2.2p2.(3P).4s"	"2P"	"3/2"	2	4		
"132.657"	"132.657093"	"6.71e+06"	B	"3.5756182"	"12.9218353"	"2s2.2p3"	"2P*"	"3/2"	"2s2.2p2.(3P).4s"	"2P"	"3/2"	4	4		
"132.792"	"132.791720"	"9.47e+06"	B	"3.5755704"	"12.9123120"	"2s2.2p3"	"2P*"	"1/2"	"2s2.2p2.(3P).4s"	"2P"	"1/2"	2	2		
""	"132.792401"	"4.43e+06"	B	"3.5756182"	"12.9123120"	"2s2.2p3"	"2P*"	"3/2"	"2s2.2p2.(3P).4s"	"2P"	"1/2"	4	2		
""	"133.51817"	"3.25e+02"	B	"3.5756182"	"12.861560"	"2s2.2p3"	"2P*"	"3/2"	"2s2.2p2.(3P).4s"	"4P"	"5/2"	4	6		
""	"133.63939"	"1.02e+04"	B	"3.5755704"	"12.853090"	"2s2.2p3"	"2P*"	"1/2"	"2s2.2p2.(3P).4s"	"4P"	"3/2"	2	4		
""	"133.64007"	"5.93e+04"	B	"3.5756182"	"12.853090"	"2s2.2p3"	"2P*"	"3/2"	"2s2.2p2.(3P).4s"	"4P"	"3/2"	4	4		
""	"133.71918"	"3.16e+04"	B	"3.5755704"	"12.847554"	"2s2.2p3"	"2P*"	"1/2"	"2s2.2p2.(3P).4s"	"4P"	"1/2"	2	2		
""	"133.71987"	"1.22e+04"	B	"3.5756182"	"12.847554"	"2s2.2p3"	"2P*"	"3/2"	"2s2.2p2.(3P).4s"	"4P"	"1/2"	4	2		
""	"141.19310"	"4.46e+07"	A	"3.5755704"	"12.3567502"	"2s2.2p3"	"2P*"	"1/2"	"2s2.2p2.(1D).3s"	"2D"	"3/2"	2	4		
"141.194"	"141.19387"	"1.01e+07"	A	"3.5756182"	"12.3567502"	"2s2.2p3"	"2P*"	"3/2"	"2s2.2p2.(1D).3s"	"2D"	"3/2"	4	4		
""	"141.19483"	"5.34e+07"	A	"3.5756182"	"12.3566901"	"2s2.2p3"	"2P*"	"3/2"	"2s2.2p2.(1D).3s"	"2D"	"5/2"	4	6		
"149.2625"	"149.26254"	"3.11e+08"	B+	"2.3835298"	"10.6899808"	"2s2.2p3"	"2D*"	"5/2"	"2s2.2p2.(3P).3s"	"2P"	"3/2"	6	4		
"149.2820"	"149.28195"	"3.26e+07"	B+	"2.3846100"	"10.6899808"	"2s2.2p3"	"2D*"	"3/2"	"2s2.2p2.(3P).3s"	"2P"	"3/2"	4	4		
"149.4675"	"149.46751"	"3.46e+08"	B+	"2.3846100"	"10.6796703"	"2s2.2p3"	"2D*"	"3/2"	"2s2.2p2.(3P).3s"	"2P"	"1/2"	4	2		
""	"174.27192"	"2.12e+07"	B	"3.5755704"	"10.6899808"	"2s2.2p3"	"2P*"	"1/2"	"2s2.2p2.(3P).3s"	"2P"	"3/2"	2	4		
"174.2729"	"174.27309"	"1.05e+08"	B	"3.5756182"	"10.6899808"	"2s2.2p3"	"2P*"	"3/2"	"2s2.2p2.(3P).3s"	"2P"	"3/2"	4	4		
"174.5252"	"174.52485"	"8.35e+07"	B	"3.5755704"	"10.6796703"	"2s2.2p3"	"2P*"	"1/2"	"2s2.2p2.(3P).3s"	"2P"	"1/2"	2	2		
""	"174.52603"	"4.01e+07"	B	"3.5756182"	"10.6796703"	"2s2.2p3"	"2P*"	"3/2"	"2s2.2p2.(3P).3s"	"2P"	"1/2"	4	2		
""	"346.74898"	"6.5e-03"	D	"0.0000000"	"3.5756182"	"2s2.2p3"	"4S*"	"3/2"	"2s2.2p3"	"2P*"	"3/2"	4	4	M1	
""	"346.75362"	"2.6e-03"	D	"0.0000000"	"3.5755704"	"2s2.2p3"	"4S*"	"3/2"	"2s2.2p3"	"2P*"	"1/2"	4	2	M1	
""	"381.93515"	"8.95e+05"	C+	"10.6796703"	"13.9258810"	"2s2.2p2.(3P).3s"	"2P"	"1/2"	"2s2.2p2.(1D).3p"	"2P*"	"3/2"	2	4		
""	"382.31185"	"3.70e+06"	C+	"10.6796703"	"13.9226824"	"2s2.2p2.(3P).3s"	"2P"	"1/2"	"2s2.2p2.(1D).3p"	"2P*"	"1/2"	2	2		
""	"383.15211"	"4.67e+06"	C+	"10.6899808"	"13.9258810"	"2s2.2p2.(3P).3s"	"2P"	"3/2"	"2s2.2p2.(1D).3p"	"2P*"	"3/2"	4	4		
""	"383.53122"	"1.89e+06"	C+	"10.6899808"	"13.9226824"	"2s2.2p2.(3P).3s"	"2P"	"3/2"	"2s2.2p2.(1D).3p"	"2P*"	"1/2"	4	2		
""	"388.86733"	"2.09e+06"	C	"10.6796703"	"13.8680121"	"2s2.2p2.(3P).3s"	"2P"	"1/2"	"2s2.2p2.(3P).5p"	"2D*"	"3/2"	2	4		
""	"389.33079"	"2.50e+06"	C	"10.6899808"	"13.8745272"	"2s2.2p2.(3P).3s"	"2P"	"3/2"	"2s2.2p2.(3P).5p"	"2D*"	"5/2"	4	6		
""	"390.12894"	"4.14e+05"	C	"10.6899808"	"13.8680121"	"2s2.2p2.(3P).3s"	"2P"	"3/2"	"2s2.2p2.(3P).5p"	"2D*"	"3/2"	4	4		
""	"401.22687"	"5.75e+05"	C	"10.6796703"	"13.7697973"	"2s2.2p2.(3P).3s"	"2P"	"1/2"	"2s2.2p2.(3P).5p"	"2S*"	"1/2"	2	2		
""	"402.57009"	"1.14e+06"	C	"10.6899808"	"13.7697973"	"2s2.2p2.(3P).3s"	"2P"	"3/2"	"2s2.2p2.(3P).5p"	"2S*"	"1/2"	4	2		
""	"409.621"	"8.05e+04"	C+	"12.0001429"	"15.02695"	"2s2.2p2.(3P).3p"	"2D*"	"3/2"	"2s.2p4"	"2D"	"5/2"	4	6		
"410.110"	"410.11003"	"3.48e+06"	C+	"10.6796703"	"13.7028638"	"2s2.2p2.(3P).3s"	"2P"	"1/2"	"2s2.2p2.(1D).3p"	"2D*"	"3/2"	2	4		
""	"410.906"	"1.23e+06"	C+	"12.0096116"	"15.02695"	"2s2.2p2.(3P).3p"	"2D*"	"5/2"	"2s.2p4"	"2D"	"5/2"	6	6		
"411.111"	"411.11085"	"3.90e+06"	C+	"10.6899808"	"13.7058146"	"2s2.2p2.(3P).3s"	"2P"	"3/2"	"2s2.2p2.(1D).3p"	"2D*"	"5/2"	4	6		
""	"411.51349"	"6.62e+05"	C+	"10.6899808"	"13.7028638"	"2s2.2p2.(3P).3s"	"2P"	"3/2"	"2s2.2p2.(1D).3p"	"2D*"	"3/2"	4	4		
""	"413.88070"	"2.80e+05"	C+	"10.3259087"	"13.3215593"	"2s2.2p2.(3P).3s"	"4P"	"1/2"	"2s2.2p2.(3P).4p"	"4S*"	"3/2"	2	4		
""	"414.45981"	"6.09e+05"	C+	"10.3300944"	"13.3215593"	"2s2.2p2.(3P).3s"	"4P"	"3/2"	"2s2.2p2.(3P).4p"	"4S*"	"3/2"	4	4		
""	"415.26511"	"1.01e+06"	C+	"10.3358956"	"13.3215593"	"2s2.2p2.(3P).3s"	"4P"	"5/2"	"2s2.2p2.(3P).4p"	"4S*"	"3/2"	6	4		
""	"425.106"	"2.59e+06"	C	"12.0001429"	"14.91669"	"2s2.2p2.(3P).3p"	"2D*"	"3/2"	"2s2.2p2.(1D).3d"	"2P"	"1/2"	4	2		
""	"425.135"	"2.24e+05"	C	"12.0001429"	"14.91649"	"2s2.2p2.(3P).3p"	"2D*"	"3/2"	"2s2.2p2.(1D).3d"	"2P"	"3/2"	4	4		
""	"426.520"	"2.26e+06"	C	"12.0096116"	"14.91649"	"2s2.2p2.(3P).3p"	"2D*"	"5/2"	"2s2.2p2.(1D).3d"	"2P"	"3/2"	6	4		
""	"427.448"	"8.28e+05"	C+	"12.1263787"	"15.02695"	"2s2.2p2.(3P).3p"	"2P*"	"3/2"	"2s.2p4"	"2D"	"5/2"	4	6		
""	"427.933"	"5.01e+06"	C+	"12.0001429"	"14.89742"	"2s2.2p2.(3P).3p"	"2D*"	"3/2"	"2s2.2p2.(1D).3d"	"2D"	"3/2"	4	4		
""	"428.038"	"3.61e+05"	C+	"12.0001429"	"14.89671"	"2s2.2p2.(3P).3p"	"2D*"	"3/2"	"2s2.2p2.(1D).3d"	"2D"	"5/2"	4	6		
""	"429.337"	"5.57e+05"	C+	"12.0096116"	"14.89742"	"2s2.2p2.(3P).3p"	"2D*"	"5/2"	"2s2.2p2.(1D).3d"	"2D"	"3/2"	6	4		
""	"429.442"	"5.21e+06"	C+	"12.0096116"	"14.89671"	"2s2.2p2.(3P).3p"	"2D*"	"5/2"	"2s2.2p2.(1D).3d"	"2D"	"5/2"	6	6		
""	"435.752"	"5.10e+06"	C+	"12.0096116"	"14.85491"	"2s2.2p2.(3P).3p"	"2D*"	"5/2"	"2s2.2p2.(1D).3d"	"2F"	"7/2"	6	8		
""	"438.677"	"8.84e+05"	C	"12.1219574"	"14.94828"	"2s2.2p2.(3P).3p"	"2P*"	"1/2"	"2s2.2p2.(1D).3d"	"2S"	"1/2"	2	2		
""	"439.364"	"1.76e+06"	C	"12.1263787"	"14.94828"	"2s2.2p2.(3P).3p"	"2P*"	"3/2"	"2s2.2p2.(1D).3d"	"2S"	"1/2"	4	2		
""	"443.636"	"2.99e+06"	C	"12.1219574"	"14.91669"	"2s2.2p2.(3P).3p"	"2P*"	"1/2"	"2s2.2p2.(1D).3d"	"2P"	"1/2"	2	2		
""	"443.667"	"7.51e+05"	C	"12.1219574"	"14.91649"	"2s2.2p2.(3P).3p"	"2P*"	"1/2"	"2s2.2p2.(1D).3d"	"2P"	"3/2"	2	4		
""	"444.339"	"1.41e+06"	C	"12.1263787"	"14.91669"	"2s2.2p2.(3P).3p"	"2P*"	"3/2"	"2s2.2p2.(1D).3d"	"2P"	"1/2"	4	2		
""	"444.370"	"3.81e+06"	C	"12.1263787"	"14.91649"	"2s2.2p2.(3P).3p"	"2P*"	"3/2"	"2s2.2p2.(1D).3d"	"2P"	"3/2"	4	4		
""	"446.715"	"2.04e+04"	C	"12.1219574"	"14.89742"	"2s2.2p2.(3P).3p"	"2P*"	"1/2"	"2s2.2p2.(1D).3d"	"2D"	"3/2"	2	4		
""	"447.542"	"2.76e+04"	C	"12.1263787"	"14.89671"	"2s2.2p2.(3P).3p"	"2P*"	"3/2"	"2s2.2p2.(1D).3d"	"2D"	"5/2"	4	6		
""	"465.3125"	"2.40e+05"	C+	"10.6796703"	"13.3442064"	"2s2.2p2.(3P).3s"	"2P"	"1/2"	"2s2.2p2.(3P).4p"	"2P*"	"3/2"	2	4		
""	"466.1761"	"6.72e+05"	C+	"10.6796703"	"13.3392701"	"2s2.2p2.(3P).3s"	"2P"	"1/2"	"2s2.2p2.(3P).4p"	"2P*"	"1/2"	2	2		
""	"466.422"	"1.51e+06"	C+	"12.1219574"	"14.78016"	"2s2.2p2.(3P).3p"	"2P*"	"1/2"	"2s2.2p2.(1D).4s"	"2D"	"3/2"	2	4		
""	"467.1201"	"7.49e+05"	C+	"10.6899808"	"13.3442064"	"2s2.2p2.(3P).3s"	"2P"	"3/2"	"2s2.2p2.(3P).4p"	"2P*"	"3/2"	4	4		
""	"467.199"	"3.02e+05"	C+	"12.1263787"	"14.78016"	"2s2.2p2.(3P).3p"	"2P*"	"3/2"	"2s2.2p2.(1D).4s"	"2D"	"3/2"	4	4		
""	"467.199"	"1.80e+06"	C+	"12.1263787"	"14.78016"	"2s2.2p2.(3P).3p"	"2P*"	"3/2"	"2s2.2p2.(1D).4s"	"2D"	"5/2"	4	6		
""	"467.9904"	"2.69e+05"	C+	"10.6899808"	"13.3392701"	"2s2.2p2.(3P).3s"	"2P"	"3/2"	"2s2.2p2.(3P).4p"	"2P*"	"1/2"	4	2		
"491.631"	"491.6312"	"8.08e+05"	B	"10.6796703"	"13.2015647"	"2s2.2p2.(3P).3s"	"2P"	"1/2"	"2s2.2p2.(3P).4p"	"2S*"	"1/2"	2	2		
"493.650"	"493.6494"	"1.76e+06"	B	"10.6899808"	"13.2015647"	"2s2.2p2.(3P).3s"	"2P"	"3/2"	"2s2.2p2.(3P).4p"	"2S*"	"1/2"	4	2		
""	"519.9349"	"1.60e-05"	B	"0.0000000"	"2.3846100"	"2s2.2p3"	"4S*"	"3/2"	"2s2.2p3"	"2D*"	"3/2"	4	4	M1	
""	"519.9349"	"4.34e-06"	B	"0.0000000"	"2.3846100"	"2s2.2p3"	"4S*"	"3/2"	"2s2.2p3"	"2D*"	"3/2"	4	4	E2	
""	"520.1285"	"1.87e+06"	D+	"11.6026335"	"13.9863558"	"2s2.2p2.(3P).3p"	"2S*"	"1/2"	"2s2.2p2.(3P).5d"	"2P"	"1/2"	2	2		
""	"520.1705"	"9.71e-07"	B	"0.0000000"	"2.3835298"	"2s2.2p3"	"4S*"	"3/2"	"2s2.2p3"	"2D*"	"5/2"	4	6	M1	
""	"520.1705"	"6.59e-06"	B	"0.0000000"	"2.3835298"	"2s2.2p3"	"4S*"	"3/2"	"2s2.2p3"	"2D*"	"5/2"	4	6	E2	
""	"520.3054"	"1.87e+06"	D+	"11.6026335"	"13.9855454"	"2s2.2p2.(3P).3p"	"2S*"	"1/2"	"2s2.2p2.(3P).5d"	"2P"	"3/2"	2	4		
"528.267"	"528.2673"	"2.45e+05"	C	"10.9239080"	"13.2709052"	"2s.2p4"	"4P"	"5/2"	"2s2.2p2.(3P).4p"	"4P*"	"5/2"	6	6		
""	"531.187"	"9.40e+04"	D+	"11.9955753"	"14.32967"	"2s2.2p2.(3P).3p"	"4S*"	"3/2"	"2s2.2p2.(3P).9s"	"4P"	"5/2"	4	6		
""	"533.0100"	"2.05e+05"	D+	"10.9239080"	"13.2500220"	"2s.2p4"	"4P"	"5/2"	"2s2.2p2.(3P).4p"	"4D*"	"7/2"	6	8		
""	"533.485"	"9.28e+04"	D+	"11.9955753"	"14.31962"	"2s2.2p2.(3P).3p"	"4S*"	"3/2"	"2s2.2p2.(3P).9s"	"4P"	"3/2"	4	4		
""	"534.5536"	"6.10e+04"	D+	"10.9239080"	"13.2433051"	"2s.2p4"	"4P"	"5/2"	"2s2.2p2.(3P).4p"	"4D*"	"5/2"	6	6		
""	"534.798"	"9.21e+04"	D+	"11.9955753"	"14.31391"	"2s2.2p2.(3P).3p"	"4S*"	"3/2"	"2s2.2p2.(3P).9s"	"4P"	"1/2"	4	2		
""	"535.5877"	"1.01e+04"	D	"10.9239080"	"13.2388265"	"2s.2p4"	"4P"	"5/2"	"2s2.2p2.(3P).4p"	"4D*"	"3/2"	6	4		
""	"535.8112"	"1.41e+05"	D+	"10.9293522"	"13.2433051"	"2s.2p4"	"4P"	"3/2"	"2s2.2p2.(3P).4p"	"4D*"	"5/2"	4	6		
""	"536.8503"	"1.07e+05"	D+	"10.9293522"	"13.2388265"	"2s.2p4"	"4P"	"3/2"	"2s2.2p2.(3P).4p"	"4D*"	"3/2"	4	4		
""	"537.4100"	"8.34e+04"	D+	"10.9317574"	"13.2388265"	"2s.2p4"	"4P"	"1/2"	"2s2.2p2.(3P).4p"	"4D*"	"3/2"	2	4		
""	"537.4159"	"3.33e+04"	D	"10.9293522"	"13.2363957"	"2s.2p4"	"4P"	"3/2"	"2s2.2p2.(3P).4p"	"4D*"	"1/2"	4	2		
""	"537.9768"	"1.66e+05"	D+	"10.9317574"	"13.2363957"	"2s.2p4"	"4P"	"1/2"	"2s2.2p2.(3P).4p"	"4D*"	"1/2"	2	2		
""	"547.332"	"1.39e+05"	D+	"11.9955753"	"14.26082"	"2s2.2p2.(3P).3p"	"4S*"	"3/2"	"2s2.2p2.(3P).8s"	"4P"	"5/2"	4	6		
""	"549.805"	"1.37e+05"	D+	"11.9955753"	"14.25063"	"2s2.2p2.(3P).3p"	"4S*"	"3/2"	"2s2.2p2.(3P).8s"	"4P"	"3/2"	4	4		
""	"551.172"	"1.36e+05"	D+	"11.9955753"	"14.24504"	"2s2.2p2.(3P).3p"	"4S*"	"3/2"	"2s2.2p2.(3P).8s"	"4P"	"1/2"	4	2		
""	"551.3227"	"1.29e+05"	C	"11.7500916"	"13.9989413"	"2s2.2p2.(3P).3p"	"4D*"	"1/2"	"2s2.2p2.(3P).5d"	"4D"	"3/2"	2	4		
""	"551.462"	"2.57e+05"	C	"11.7500916"	"13.99837"	"2s2.2p2.(3P).3p"	"4D*"	"1/2"	"2s2.2p2.(3P).5d"	"4D"	"1/2"	2	2		
""	"551.9635"	"1.20e+05"	C	"11.7528949"	"13.9991340"	"2s2.2p2.(3P).3p"	"4D*"	"3/2"	"2s2.2p2.(3P).5d"	"4D"	"5/2"	4	6		
""	"552.0108"	"2.05e+05"	C	"11.7528949"	"13.9989413"	"2s2.2p2.(3P).3p"	"4D*"	"3/2"	"2s2.2p2.(3P).5d"	"4D"	"3/2"	4	4		
""	"552.150"	"2.56e+05"	C	"11.7528949"	"13.99837"	"2s2.2p2.(3P).3p"	"4D*"	"3/2"	"2s2.2p2.(3P).5d"	"4D"	"1/2"	4	2		
""	"553.0916"	"7.26e+04"	C	"11.7575319"	"13.9991896"	"2s2.2p2.(3P).3p"	"4D*"	"5/2"	"2s2.2p2.(3P).5d"	"4D"	"7/2"	6	8		
""	"553.1053"	"2.92e+05"	C	"11.7575319"	"13.9991340"	"2s2.2p2.(3P).3p"	"4D*"	"5/2"	"2s2.2p2.(3P).5d"	"4D"	"5/2"	6	6		
""	"553.1528"	"1.78e+05"	C	"11.7575319"	"13.9989413"	"2s2.2p2.(3P).3p"	"4D*"	"5/2"	"2s2.2p2.(3P).5d"	"4D"	"3/2"	6	4		
""	"554.6540"	"4.33e+05"	C	"11.7638464"	"13.9991896"	"2s2.2p2.(3P).3p"	"4D*"	"7/2"	"2s2.2p2.(3P).5d"	"4D"	"7/2"	8	8		
""	"554.6678"	"9.59e+04"	C	"11.7638464"	"13.9991340"	"2s2.2p2.(3P).3p"	"4D*"	"7/2"	"2s2.2p2.(3P).5d"	"4D"	"5/2"	8	6		
""	"555.8926"	"9.94e+05"	C	"11.7500916"	"13.9804540"	"2s2.2p2.(3P).3p"	"4D*"	"1/2"	"2s2.2p2.(3P).5d"	"4F"	"3/2"	2	4		
""	"556.1881"	"1.42e+06"	C	"11.7638464"	"13.9930238"	"2s2.2p2.(3P).3p"	"4D*"	"7/2"	"2s2.2p2.(3P).5d"	"4F"	"9/2"	8	10		
""	"556.5811"	"1.06e+06"	C	"11.7528949"	"13.9804985"	"2s2.2p2.(3P).3p"	"4D*"	"3/2"	"2s2.2p2.(3P).5d"	"4F"	"5/2"	4	6		
""	"556.5811"	"1.21e+06"	C	"11.7575319"	"13.9851355"	"2s2.2p2.(3P).3p"	"4D*"	"5/2"	"2s2.2p2.(3P).5d"	"4F"	"7/2"	6	8		
""	"556.5922"	"3.96e+05"	C	"11.7528949"	"13.9804540"	"2s2.2p2.(3P).3p"	"4D*"	"3/2"	"2s2.2p2.(3P).5d"	"4F"	"3/2"	4	4		
""	"557.7421"	"3.42e+05"	C	"11.7575319"	"13.9804985"	"2s2.2p2.(3P).3p"	"4D*"	"5/2"	"2s2.2p2.(3P).5d"	"4F"	"5/2"	6	6		
""	"557.7532"	"2.81e+04"	D+	"11.7575319"	"13.9804540"	"2s2.2p2.(3P).3p"	"4D*"	"5/2"	"2s2.2p2.(3P).5d"	"4F"	"3/2"	6	4		
""	"558.1633"	"2.00e+05"	C	"11.7638464"	"13.9851355"	"2s2.2p2.(3P).3p"	"4D*"	"7/2"	"2s2.2p2.(3P).5d"	"4F"	"7/2"	8	8		
""	"559.3309"	"1.35e+04"	D+	"11.7638464"	"13.9804985"	"2s2.2p2.(3P).3p"	"4D*"	"7/2"	"2s2.2p2.(3P).5d"	"4F"	"5/2"	8	6		
""	"571.472"	"8.94e+04"	D+	"11.9955753"	"14.16513"	"2s2.2p2.(3P).3p"	"4S*"	"3/2"	"2s2.2p2.(3P).6d"	"4P"	"1/2"	4	2		
""	"573.093"	"8.87e+04"	D+	"11.9955753"	"14.15900"	"2s2.2p2.(3P).3p"	"4S*"	"3/2"	"2s2.2p2.(3P).6d"	"4P"	"3/2"	4	4		
""	"573.370"	"8.85e+04"	D+	"11.9955753"	"14.15795"	"2s2.2p2.(3P).3p"	"4S*"	"3/2"	"2s2.2p2.(3P).6d"	"4P"	"5/2"	4	6		
""	"573.5995"	"4.47e+05"	C	"11.8374298"	"13.9989413"	"2s2.2p2.(3P).3p"	"4P*"	"1/2"	"2s2.2p2.(3P).5d"	"4D"	"3/2"	2	4		
""	"573.750"	"8.94e+05"	C	"11.8374298"	"13.99837"	"2s2.2p2.(3P).3p"	"4P*"	"1/2"	"2s2.2p2.(3P).5d"	"4D"	"1/2"	2	2		
""	"574.1537"	"7.49e+05"	C	"11.8397086"	"13.9991340"	"2s2.2p2.(3P).3p"	"4P*"	"3/2"	"2s2.2p2.(3P).5d"	"4D"	"5/2"	4	6		
""	"574.2049"	"5.71e+05"	C	"11.8397086"	"13.9989413"	"2s2.2p2.(3P).3p"	"4P*"	"3/2"	"2s2.2p2.(3P).5d"	"4D"	"3/2"	4	4		
""	"574.356"	"1.78e+05"	C	"11.8397086"	"13.99837"	"2s2.2p2.(3P).3p"	"4P*"	"3/2"	"2s2.2p2.(3P).5d"	"4D"	"1/2"	4	2		
""	"574.8552"	"2.21e+05"	D+	"11.9955753"	"14.1523654"	"2s2.2p2.(3P).3p"	"4S*"	"3/2"	"2s2.2p2.(3P).7s"	"4P"	"5/2"	4	6		
"575.410"	"575.4095"	"1.06e+06"	C	"11.8444770"	"13.9991896"	"2s2.2p2.(3P).3p"	"4P*"	"5/2"	"2s2.2p2.(3P).5d"	"4D"	"7/2"	6	8		
""	"575.4243"	"3.19e+05"	C	"11.8444770"	"13.9991340"	"2s2.2p2.(3P).3p"	"4P*"	"5/2"	"2s2.2p2.(3P).5d"	"4D"	"5/2"	6	6		
""	"575.4758"	"5.31e+04"	C	"11.8444770"	"13.9989413"	"2s2.2p2.(3P).3p"	"4P*"	"5/2"	"2s2.2p2.(3P).5d"	"4D"	"3/2"	6	4		
""	"577.3568"	"2.18e+05"	D+	"11.9955753"	"14.1430205"	"2s2.2p2.(3P).3p"	"4S*"	"3/2"	"2s2.2p2.(3P).7s"	"4P"	"3/2"	4	4		
""	"578.8439"	"2.16e+05"	D+	"11.9955753"	"14.1375033"	"2s2.2p2.(3P).3p"	"4S*"	"3/2"	"2s2.2p2.(3P).7s"	"4P"	"1/2"	4	2		
"600.109"	"600.1092"	"3.64e+06"	C+	"11.6026335"	"13.6686606"	"2s2.2p2.(3P).3p"	"2S*"	"1/2"	"2s2.2p2.(3P).4d"	"2P"	"1/2"	2	2		
"601.013"	"601.0137"	"3.58e+06"	C+	"11.6026335"	"13.6655516"	"2s2.2p2.(3P).3p"	"2S*"	"1/2"	"2s2.2p2.(3P).4d"	"2P"	"3/2"	2	4		
""	"610.5065"	"2.1e-04"	D	"10.3259087"	"12.3567502"	"2s2.2p2.(3P).3s"	"4P"	"1/2"	"2s2.2p2.(1D).3s"	"2D"	"3/2"	2	4	M1	
""	"611.7674"	"8.1e-04"	D	"10.3300944"	"12.3567502"	"2s2.2p2.(3P).3s"	"4P"	"3/2"	"2s2.2p2.(1D).3s"	"2D"	"3/2"	4	4	M1	
""	"611.7855"	"4.4e-04"	D	"10.3300944"	"12.3566901"	"2s2.2p2.(3P).3s"	"4P"	"3/2"	"2s2.2p2.(1D).3s"	"2D"	"5/2"	4	6	M1	
""	"613.5418"	"2.2e-03"	D	"10.3358956"	"12.3566901"	"2s2.2p2.(3P).3s"	"4P"	"5/2"	"2s2.2p2.(1D).3s"	"2D"	"5/2"	6	6	M1	
""	"618.8835"	"9.02e+03"	D+	"12.0001429"	"14.0034956"	"2s2.2p2.(3P).3p"	"2D*"	"3/2"	"2s2.2p2.(3P).5d"	"2D"	"5/2"	4	6		
""	"619.6027"	"1.21e+05"	C	"12.0001429"	"14.0011704"	"2s2.2p2.(3P).3p"	"2D*"	"3/2"	"2s2.2p2.(3P).5d"	"2D"	"3/2"	4	4		
""	"620.369"	"2.80e+05"	D+	"11.9955753"	"13.994130"	"2s2.2p2.(3P).3p"	"4S*"	"3/2"	"2s2.2p2.(3P).5d"	"4P"	"1/2"	4	2		
""	"621.613"	"2.78e+05"	D+	"11.9955753"	"13.990131"	"2s2.2p2.(3P).3p"	"4S*"	"3/2"	"2s2.2p2.(3P).5d"	"4P"	"3/2"	4	4		
""	"621.8225"	"1.25e+05"	C	"12.0096116"	"14.0034956"	"2s2.2p2.(3P).3p"	"2D*"	"5/2"	"2s2.2p2.(3P).5d"	"2D"	"5/2"	6	6		
""	"622.1374"	"2.77e+05"	D+	"11.9955753"	"13.9884501"	"2s2.2p2.(3P).3p"	"4S*"	"3/2"	"2s2.2p2.(3P).5d"	"4P"	"5/2"	4	6		
""	"622.5485"	"1.33e+04"	D+	"12.0096116"	"14.0011704"	"2s2.2p2.(3P).3p"	"2D*"	"5/2"	"2s2.2p2.(3P).5d"	"2D"	"3/2"	6	4		
""	"623.9398"	"2.81e+05"	C	"12.0096116"	"13.9967297"	"2s2.2p2.(3P).3p"	"2D*"	"5/2"	"2s2.2p2.(3P).5d"	"2F"	"7/2"	6	8		
""	"624.0313"	"2.62e+05"	C	"12.0001429"	"13.9869696"	"2s2.2p2.(3P).3p"	"2D*"	"3/2"	"2s2.2p2.(3P).5d"	"2F"	"5/2"	4	6		
""	"627.0195"	"1.85e+04"	C	"12.0096116"	"13.9869696"	"2s2.2p2.(3P).3p"	"2D*"	"5/2"	"2s2.2p2.(3P).5d"	"2F"	"5/2"	6	6		
""	"627.7248"	"3.75e+05"	D+	"11.9955753"	"13.9707117"	"2s2.2p2.(3P).3p"	"4S*"	"3/2"	"2s2.2p2.(3P).6s"	"4P"	"5/2"	4	6		
""	"630.5658"	"3.70e+05"	D+	"11.9955753"	"13.9618125"	"2s2.2p2.(3P).3p"	"4S*"	"3/2"	"2s2.2p2.(3P).6s"	"4P"	"3/2"	4	4		
""	"632.3259"	"3.67e+05"	D+	"11.9955753"	"13.9563396"	"2s2.2p2.(3P).3p"	"4S*"	"3/2"	"2s2.2p2.(3P).6s"	"4P"	"1/2"	4	2		
""	"640.0171"	"3.95e+05"	C	"11.7500916"	"13.6872930"	"2s2.2p2.(3P).3p"	"4D*"	"1/2"	"2s2.2p2.(3P).4d"	"4D"	"3/2"	2	4		
""	"640.4133"	"7.89e+05"	C	"11.7500916"	"13.6860943"	"2s2.2p2.(3P).3p"	"4D*"	"1/2"	"2s2.2p2.(3P).4d"	"4D"	"1/2"	2	2		
""	"640.7026"	"3.68e+05"	C	"11.7528949"	"13.6880236"	"2s2.2p2.(3P).3p"	"4D*"	"3/2"	"2s2.2p2.(3P).4d"	"4D"	"5/2"	4	6		
""	"640.9446"	"6.30e+05"	C	"11.7528949"	"13.6872930"	"2s2.2p2.(3P).3p"	"4D*"	"3/2"	"2s2.2p2.(3P).4d"	"4D"	"3/2"	4	4		
"641.342"	"641.3420"	"7.86e+05"	C	"11.7528949"	"13.6860943"	"2s2.2p2.(3P).3p"	"4D*"	"3/2"	"2s2.2p2.(3P).4d"	"4D"	"1/2"	4	2		
""	"642.1647"	"2.23e+05"	C	"11.7575319"	"13.6882547"	"2s2.2p2.(3P).3p"	"4D*"	"5/2"	"2s2.2p2.(3P).4d"	"4D"	"7/2"	6	8		
"642.241"	"642.2415"	"8.97e+05"	C	"11.7575319"	"13.6880236"	"2s2.2p2.(3P).3p"	"4D*"	"5/2"	"2s2.2p2.(3P).4d"	"4D"	"5/2"	6	6		
"642.480"	"642.4847"	"5.47e+05"	C	"11.7575319"	"13.6872930"	"2s2.2p2.(3P).3p"	"4D*"	"5/2"	"2s2.2p2.(3P).4d"	"4D"	"3/2"	6	4		
"644.272"	"644.2718"	"1.33e+06"	C	"11.7638464"	"13.6882547"	"2s2.2p2.(3P).3p"	"4D*"	"7/2"	"2s2.2p2.(3P).4d"	"4D"	"7/2"	8	8		
""	"644.3492"	"2.94e+05"	C	"11.7638464"	"13.6880236"	"2s2.2p2.(3P).3p"	"4D*"	"7/2"	"2s2.2p2.(3P).4d"	"4D"	"5/2"	8	6		
"648.350"	"648.3497"	"3.43e+06"	C	"11.7500916"	"13.6623958"	"2s2.2p2.(3P).3p"	"4D*"	"1/2"	"2s2.2p2.(3P).4d"	"4F"	"3/2"	2	4		
"648.449"	"648.4490"	"4.90e+06"	C	"11.7638464"	"13.6758579"	"2s2.2p2.(3P).3p"	"4D*"	"7/2"	"2s2.2p2.(3P).4d"	"4F"	"9/2"	8	10		
"648.554"	"648.5544"	"3.67e+06"	C	"11.7528949"	"13.6645956"	"2s2.2p2.(3P).3p"	"4D*"	"3/2"	"2s2.2p2.(3P).4d"	"4F"	"5/2"	4	6		
"648.659"	"648.6600"	"4.20e+06"	C	"11.7575319"	"13.6689216"	"2s2.2p2.(3P).3p"	"4D*"	"5/2"	"2s2.2p2.(3P).4d"	"4F"	"7/2"	6	8		
"649.301"	"649.3016"	"1.37e+06"	C	"11.7528949"	"13.6623958"	"2s2.2p2.(3P).3p"	"4D*"	"3/2"	"2s2.2p2.(3P).4d"	"4F"	"3/2"	4	4		
"650.134"	"650.1314"	"1.18e+06"	C	"11.7575319"	"13.6645956"	"2s2.2p2.(3P).3p"	"4D*"	"5/2"	"2s2.2p2.(3P).4d"	"4F"	"5/2"	6	6		
"650.811"	"650.8100"	"6.91e+05"	C	"11.7638464"	"13.6689216"	"2s2.2p2.(3P).3p"	"4D*"	"7/2"	"2s2.2p2.(3P).4d"	"4F"	"7/2"	8	8		
""	"650.8822"	"9.70e+04"	C	"11.7575319"	"13.6623958"	"2s2.2p2.(3P).3p"	"4D*"	"5/2"	"2s2.2p2.(3P).4d"	"4F"	"3/2"	6	4		
""	"652.2912"	"4.66e+04"	C	"11.7638464"	"13.6645956"	"2s2.2p2.(3P).3p"	"4D*"	"7/2"	"2s2.2p2.(3P).4d"	"4F"	"5/2"	8	6		
""	"659.7666"	"9.08e+04"	C	"12.1219574"	"14.0011704"	"2s2.2p2.(3P).3p"	"2P*"	"1/2"	"2s2.2p2.(3P).5d"	"2D"	"3/2"	2	4		
""	"660.5033"	"1.09e+05"	C	"12.1263787"	"14.0034956"	"2s2.2p2.(3P).3p"	"2P*"	"3/2"	"2s2.2p2.(3P).5d"	"2D"	"5/2"	4	6		
""	"660.8000"	"8.87e+04"	D+	"11.7528949"	"13.6291690"	"2s2.2p2.(3P).3p"	"4D*"	"3/2"	"2s2.2p2.(3P).5s"	"4P"	"5/2"	4	6		
""	"661.3225"	"1.80e+04"	C	"12.1263787"	"14.0011704"	"2s2.2p2.(3P).3p"	"2P*"	"3/2"	"2s2.2p2.(3P).5d"	"2D"	"3/2"	4	4		
"662.437"	"662.4372"	"7.93e+05"	D+	"11.7575319"	"13.6291690"	"2s2.2p2.(3P).3p"	"4D*"	"5/2"	"2s2.2p2.(3P).5s"	"4P"	"5/2"	6	6		
""	"662.8821"	"2.20e+05"	D+	"11.7500916"	"13.6204726"	"2s2.2p2.(3P).3p"	"4D*"	"1/2"	"2s2.2p2.(3P).5s"	"4P"	"3/2"	2	4		
"663.877"	"663.8771"	"1.40e+06"	D+	"11.7528949"	"13.6204726"	"2s2.2p2.(3P).3p"	"4D*"	"3/2"	"2s2.2p2.(3P).5s"	"4P"	"3/2"	4	4		
"664.679"	"664.6797"	"3.49e+06"	D+	"11.7638464"	"13.6291690"	"2s2.2p2.(3P).3p"	"4D*"	"7/2"	"2s2.2p2.(3P).5s"	"4P"	"5/2"	8	6		
"664.834"	"664.8338"	"2.18e+06"	D+	"11.7500916"	"13.6149817"	"2s2.2p2.(3P).3p"	"4D*"	"1/2"	"2s2.2p2.(3P).5s"	"4P"	"1/2"	2	2		
""	"665.0092"	"1.37e+05"	D+	"12.1219574"	"13.9863558"	"2s2.2p2.(3P).3p"	"2P*"	"1/2"	"2s2.2p2.(3P).5d"	"2P"	"1/2"	2	2		
""	"665.2983"	"3.42e+04"	D+	"12.1219574"	"13.9855454"	"2s2.2p2.(3P).3p"	"2P*"	"1/2"	"2s2.2p2.(3P).5d"	"2P"	"3/2"	2	4		
"665.530"	"665.5295"	"2.74e+06"	D+	"11.7575319"	"13.6204726"	"2s2.2p2.(3P).3p"	"4D*"	"5/2"	"2s2.2p2.(3P).5s"	"4P"	"3/2"	6	4		
"665.835"	"665.8347"	"2.17e+06"	D+	"11.7528949"	"13.6149817"	"2s2.2p2.(3P).3p"	"4D*"	"3/2"	"2s2.2p2.(3P).5s"	"4P"	"1/2"	4	2		
""	"666.5899"	"6.79e+04"	D+	"12.1263787"	"13.9863558"	"2s2.2p2.(3P).3p"	"2P*"	"3/2"	"2s2.2p2.(3P).5d"	"2P"	"1/2"	4	2		
""	"666.8805"	"1.70e+05"	D+	"12.1263787"	"13.9855454"	"2s2.2p2.(3P).3p"	"2P*"	"3/2"	"2s2.2p2.(3P).5d"	"2P"	"3/2"	4	4		
""	"670.2344"	"1.50e+06"	C	"11.8374298"	"13.6872930"	"2s2.2p2.(3P).3p"	"4P*"	"1/2"	"2s2.2p2.(3P).4d"	"4D"	"3/2"	2	4		
""	"670.6690"	"2.99e+06"	C	"11.8374298"	"13.6860943"	"2s2.2p2.(3P).3p"	"4P*"	"1/2"	"2s2.2p2.(3P).4d"	"4D"	"1/2"	2	2		
""	"670.7958"	"2.51e+06"	C	"11.8397086"	"13.6880236"	"2s2.2p2.(3P).3p"	"4P*"	"3/2"	"2s2.2p2.(3P).4d"	"4D"	"5/2"	4	6		
""	"671.0611"	"1.91e+06"	C	"11.8397086"	"13.6872930"	"2s2.2p2.(3P).3p"	"4P*"	"3/2"	"2s2.2p2.(3P).4d"	"4D"	"3/2"	4	4		
""	"671.4967"	"5.96e+05"	C	"11.8397086"	"13.6860943"	"2s2.2p2.(3P).3p"	"4P*"	"3/2"	"2s2.2p2.(3P).4d"	"4D"	"1/2"	4	2		
""	"672.2823"	"1.95e+05"	D+	"11.8374298"	"13.6816580"	"2s2.2p2.(3P).3p"	"4P*"	"1/2"	"2s2.2p2.(3P).4d"	"4P"	"1/2"	2	2		
"672.448"	"672.4466"	"3.56e+06"	C	"11.8444770"	"13.6882547"	"2s2.2p2.(3P).3p"	"4P*"	"5/2"	"2s2.2p2.(3P).4d"	"4D"	"7/2"	6	8		
""	"672.5309"	"1.07e+06"	C	"11.8444770"	"13.6880236"	"2s2.2p2.(3P).3p"	"4P*"	"5/2"	"2s2.2p2.(3P).4d"	"4D"	"5/2"	6	6		
""	"672.7975"	"1.78e+05"	C	"11.8444770"	"13.6872930"	"2s2.2p2.(3P).3p"	"4P*"	"5/2"	"2s2.2p2.(3P).4d"	"4D"	"3/2"	6	4		
""	"673.1140"	"9.73e+05"	D+	"11.8397086"	"13.6816580"	"2s2.2p2.(3P).3p"	"4P*"	"3/2"	"2s2.2p2.(3P).4d"	"4P"	"1/2"	4	2		
""	"673.5181"	"4.85e+05"	D+	"11.8374298"	"13.6782741"	"2s2.2p2.(3P).3p"	"4P*"	"1/2"	"2s2.2p2.(3P).4d"	"4P"	"3/2"	2	4		
""	"674.3529"	"1.55e+05"	D+	"11.8397086"	"13.6782741"	"2s2.2p2.(3P).3p"	"4P*"	"3/2"	"2s2.2p2.(3P).4d"	"4P"	"3/2"	4	4		
""	"675.3889"	"3.47e+05"	D+	"11.8397086"	"13.6754539"	"2s2.2p2.(3P).3p"	"4P*"	"3/2"	"2s2.2p2.(3P).4d"	"4P"	"5/2"	4	6		
""	"676.1064"	"5.18e+05"	D+	"11.8444770"	"13.6782741"	"2s2.2p2.(3P).3p"	"4P*"	"5/2"	"2s2.2p2.(3P).4d"	"4P"	"3/2"	6	4		
""	"677.1478"	"8.02e+05"	D+	"11.8444770"	"13.6754539"	"2s2.2p2.(3P).3p"	"4P*"	"5/2"	"2s2.2p2.(3P).4d"	"4P"	"5/2"	6	6		
""	"688.6213"	"2.90e+02"	C	"10.3259087"	"12.1263787"	"2s2.2p2.(3P).3s"	"4P"	"1/2"	"2s2.2p2.(3P).3p"	"2P*"	"3/2"	2	4		
""	"690.2259"	"1.27e+03"	C	"10.3300944"	"12.1263787"	"2s2.2p2.(3P).3s"	"4P"	"3/2"	"2s2.2p2.(3P).3p"	"2P*"	"3/2"	4	4		
""	"690.3164"	"8.1e+01"	D	"10.3259087"	"12.1219574"	"2s2.2p2.(3P).3s"	"4P"	"1/2"	"2s2.2p2.(3P).3p"	"2P*"	"1/2"	2	2		
""	"691.9290"	"8.7e+01"	C	"10.3300944"	"12.1219574"	"2s2.2p2.(3P).3s"	"4P"	"3/2"	"2s2.2p2.(3P).3p"	"2P*"	"1/2"	4	2		
""	"692.4623"	"7.0e+02"	C	"10.3358956"	"12.1263787"	"2s2.2p2.(3P).3s"	"4P"	"5/2"	"2s2.2p2.(3P).3p"	"2P*"	"3/2"	6	4		
""	"692.8580"	"7.75e+05"	B	"11.8397086"	"13.6291690"	"2s2.2p2.(3P).3p"	"4P*"	"3/2"	"2s2.2p2.(3P).5s"	"4P"	"5/2"	4	6		
""	"694.7093"	"1.83e+06"	B	"11.8444770"	"13.6291690"	"2s2.2p2.(3P).3p"	"4P*"	"5/2"	"2s2.2p2.(3P).5s"	"4P"	"5/2"	6	6		
""	"695.3518"	"1.03e+06"	B	"11.8374298"	"13.6204726"	"2s2.2p2.(3P).3p"	"4P*"	"1/2"	"2s2.2p2.(3P).5s"	"4P"	"3/2"	2	4		
""	"696.2416"	"4.67e+05"	B	"11.8397086"	"13.6204726"	"2s2.2p2.(3P).3p"	"4P*"	"3/2"	"2s2.2p2.(3P).5s"	"4P"	"3/2"	4	4		
""	"697.4997"	"3.83e+05"	B	"11.8374298"	"13.6149817"	"2s2.2p2.(3P).3p"	"4P*"	"1/2"	"2s2.2p2.(3P).5s"	"4P"	"1/2"	2	2		
""	"698.1110"	"9.83e+05"	B	"11.8444770"	"13.6204726"	"2s2.2p2.(3P).3p"	"4P*"	"5/2"	"2s2.2p2.(3P).5s"	"4P"	"3/2"	6	4		
""	"698.3951"	"2.04e+06"	B	"11.8397086"	"13.6149817"	"2s2.2p2.(3P).3p"	"4P*"	"3/2"	"2s2.2p2.(3P).5s"	"4P"	"1/2"	4	2		
""	"730.8572"	"4.03e+04"	C	"12.0001429"	"13.6965647"	"2s2.2p2.(3P).3p"	"2D*"	"3/2"	"2s2.2p2.(3P).4d"	"2D"	"5/2"	4	6		
""	"732.0992"	"5.41e+05"	C	"12.0001429"	"13.6936867"	"2s2.2p2.(3P).3p"	"2D*"	"3/2"	"2s2.2p2.(3P).4d"	"2D"	"3/2"	4	4		
""	"734.9594"	"5.55e+05"	C	"12.0096116"	"13.6965647"	"2s2.2p2.(3P).3p"	"2D*"	"5/2"	"2s2.2p2.(3P).4d"	"2D"	"5/2"	6	6		
""	"735.3388"	"1.32e+06"	D+	"11.9955753"	"13.6816580"	"2s2.2p2.(3P).3p"	"4S*"	"3/2"	"2s2.2p2.(3P).4d"	"4P"	"1/2"	4	2		
""	"736.2154"	"5.91e+04"	C	"12.0096116"	"13.6936867"	"2s2.2p2.(3P).3p"	"2D*"	"5/2"	"2s2.2p2.(3P).4d"	"2D"	"3/2"	6	4		
""	"736.8175"	"1.31e+06"	D+	"11.9955753"	"13.6782741"	"2s2.2p2.(3P).3p"	"4S*"	"3/2"	"2s2.2p2.(3P).4d"	"4P"	"3/2"	4	4		
""	"738.0546"	"1.30e+06"	D+	"11.9955753"	"13.6754539"	"2s2.2p2.(3P).3p"	"4S*"	"3/2"	"2s2.2p2.(3P).4d"	"4P"	"5/2"	4	6		
""	"738.2133"	"1.94e+03"	C	"10.3300944"	"12.0096116"	"2s2.2p2.(3P).3s"	"4P"	"3/2"	"2s2.2p2.(3P).3p"	"2D*"	"5/2"	4	6		
""	"739.2862"	"4.3e-04"	D	"10.6796703"	"12.3567502"	"2s2.2p2.(3P).3s"	"2P"	"1/2"	"2s2.2p2.(1D).3s"	"2D"	"3/2"	2	4	M1	
""	"740.5427"	"1.14e+04"	B	"10.3259087"	"12.0001429"	"2s2.2p2.(3P).3s"	"4P"	"1/2"	"2s2.2p2.(3P).3p"	"2D*"	"3/2"	2	4		
""	"740.7720"	"4.39e+03"	B	"10.3358956"	"12.0096116"	"2s2.2p2.(3P).3s"	"4P"	"5/2"	"2s2.2p2.(3P).3p"	"2D*"	"5/2"	6	6		
"740.816"	"740.8162"	"1.52e+06"	C	"12.0001429"	"13.6737591"	"2s2.2p2.(3P).3p"	"2D*"	"3/2"	"2s2.2p2.(3P).4d"	"2F"	"5/2"	4	6		
"740.828"	"740.8279"	"1.63e+06"	C	"12.0096116"	"13.6832014"	"2s2.2p2.(3P).3p"	"2D*"	"5/2"	"2s2.2p2.(3P).4d"	"2F"	"7/2"	6	8		
""	"742.3988"	"1.63e+04"	B	"10.3300944"	"12.0001429"	"2s2.2p2.(3P).3s"	"4P"	"3/2"	"2s2.2p2.(3P).3p"	"2D*"	"3/2"	4	4		
"742.568"	"742.5686"	"5.64e+06"	B+	"10.3259087"	"11.9955753"	"2s2.2p2.(3P).3s"	"4P"	"1/2"	"2s2.2p2.(3P).3p"	"4S*"	"3/2"	2	4		
""	"743.0799"	"9.06e+05"	D+	"12.0001429"	"13.6686606"	"2s2.2p2.(3P).3p"	"2D*"	"3/2"	"2s2.2p2.(3P).4d"	"2P"	"1/2"	4	2		
""	"743.8593"	"1.4e-03"	D	"10.6899808"	"12.3567502"	"2s2.2p2.(3P).3s"	"2P"	"3/2"	"2s2.2p2.(1D).3s"	"2D"	"3/2"	4	4	M1	
""	"743.8862"	"5.0e-04"	D	"10.6899808"	"12.3566901"	"2s2.2p2.(3P).3s"	"2P"	"3/2"	"2s2.2p2.(1D).3s"	"2D"	"5/2"	4	6	M1	
"744.434"	"744.4348"	"1.19e+07"	B+	"10.3300944"	"11.9955753"	"2s2.2p2.(3P).3s"	"4P"	"3/2"	"2s2.2p2.(3P).3p"	"4S*"	"3/2"	4	4		
""	"744.4671"	"9.01e+04"	D+	"12.0001429"	"13.6655516"	"2s2.2p2.(3P).3p"	"2D*"	"3/2"	"2s2.2p2.(3P).4d"	"2P"	"3/2"	4	4		
""	"744.9866"	"1.49e+04"	B	"10.3358956"	"12.0001429"	"2s2.2p2.(3P).3s"	"4P"	"5/2"	"2s2.2p2.(3P).3p"	"2D*"	"3/2"	6	4		
""	"745.0313"	"1.07e+05"	C	"12.0096116"	"13.6737591"	"2s2.2p2.(3P).3p"	"2D*"	"5/2"	"2s2.2p2.(3P).4d"	"2F"	"5/2"	6	6		
"747.037"	"747.0369"	"1.96e+07"	B+	"10.3358956"	"11.9955753"	"2s2.2p2.(3P).3s"	"4P"	"5/2"	"2s2.2p2.(3P).3p"	"4S*"	"3/2"	6	4		
""	"748.7240"	"7.97e+05"	D+	"12.0096116"	"13.6655516"	"2s2.2p2.(3P).3p"	"2D*"	"5/2"	"2s2.2p2.(3P).4d"	"2P"	"3/2"	6	4		
""	"750.9676"	"2.30e+05"	C+	"12.0001429"	"13.6511356"	"2s2.2p2.(3P).3p"	"2D*"	"3/2"	"2s2.2p2.(3P).5s"	"2P"	"3/2"	4	4		
""	"754.8286"	"2.85e+06"	B	"12.0001429"	"13.6426905"	"2s2.2p2.(3P).3p"	"2D*"	"3/2"	"2s2.2p2.(3P).5s"	"2P"	"1/2"	4	2		
""	"755.2993"	"1.79e+06"	B	"12.0096116"	"13.6511356"	"2s2.2p2.(3P).3p"	"2D*"	"5/2"	"2s2.2p2.(3P).5s"	"2P"	"3/2"	6	4		
""	"758.9660"	"7.01e+05"	D+	"11.9955753"	"13.6291690"	"2s2.2p2.(3P).3p"	"4S*"	"3/2"	"2s2.2p2.(3P).5s"	"4P"	"5/2"	4	6		
""	"763.0279"	"6.90e+05"	D+	"11.9955753"	"13.6204726"	"2s2.2p2.(3P).3p"	"4S*"	"3/2"	"2s2.2p2.(3P).5s"	"4P"	"3/2"	4	4		
""	"765.6151"	"6.83e+05"	D+	"11.9955753"	"13.6149817"	"2s2.2p2.(3P).3p"	"4S*"	"3/2"	"2s2.2p2.(3P).5s"	"4P"	"1/2"	4	2		
""	"770.563"	"6.93e+05"	C	"13.3392701"	"14.94828"	"2s2.2p2.(3P).4p"	"2P*"	"1/2"	"2s2.2p2.(1D).3d"	"2S"	"1/2"	2	2		
""	"772.934"	"1.37e+06"	C	"13.3442064"	"14.94828"	"2s2.2p2.(3P).4p"	"2P*"	"3/2"	"2s2.2p2.(1D).3d"	"2S"	"1/2"	4	2		
""	"788.8394"	"6.86e+05"	C	"12.1219574"	"13.6936867"	"2s2.2p2.(3P).3p"	"2P*"	"1/2"	"2s2.2p2.(3P).4d"	"2D"	"3/2"	2	4		
""	"789.6147"	"8.21e+05"	C	"12.1263787"	"13.6965647"	"2s2.2p2.(3P).3p"	"2P*"	"3/2"	"2s2.2p2.(3P).4d"	"2D"	"5/2"	4	6		
""	"790.1155"	"2.82e+07"	C	"12.3566901"	"13.9258810"	"2s2.2p2.(1D).3s"	"2D"	"5/2"	"2s2.2p2.(1D).3p"	"2P*"	"3/2"	6	4		
""	"790.1457"	"3.28e+06"	C	"12.3567502"	"13.9258810"	"2s2.2p2.(1D).3s"	"2D"	"3/2"	"2s2.2p2.(1D).3p"	"2P*"	"3/2"	4	4		
""	"791.0646"	"1.36e+05"	C	"12.1263787"	"13.6936867"	"2s2.2p2.(3P).3p"	"2P*"	"3/2"	"2s2.2p2.(3P).4d"	"2D"	"3/2"	4	4		
""	"791.7597"	"3.13e+07"	C	"12.3567502"	"13.9226824"	"2s2.2p2.(1D).3s"	"2D"	"3/2"	"2s2.2p2.(1D).3p"	"2P*"	"1/2"	4	2		
""	"810.7897"	"2.36e+05"	D+	"12.1219574"	"13.6511356"	"2s2.2p2.(3P).3p"	"2P*"	"1/2"	"2s2.2p2.(3P).5s"	"2P"	"3/2"	2	4		
""	"813.1407"	"1.17e+06"	D+	"12.1263787"	"13.6511356"	"2s2.2p2.(3P).3p"	"2P*"	"3/2"	"2s2.2p2.(3P).5s"	"2P"	"3/2"	4	4		
""	"815.2923"	"9.29e+05"	D+	"12.1219574"	"13.6426905"	"2s2.2p2.(3P).3p"	"2P*"	"1/2"	"2s2.2p2.(3P).5s"	"2P"	"1/2"	2	2		
""	"816.8478"	"1.32e+07"	C	"12.3566901"	"13.8745272"	"2s2.2p2.(1D).3s"	"2D"	"5/2"	"2s2.2p2.(3P).5p"	"2D*"	"5/2"	6	6		
""	"816.8802"	"9.39e+05"	C	"12.3567502"	"13.8745272"	"2s2.2p2.(1D).3s"	"2D"	"3/2"	"2s2.2p2.(3P).5p"	"2D*"	"5/2"	4	6		
""	"817.6695"	"4.60e+05"	D+	"12.1263787"	"13.6426905"	"2s2.2p2.(3P).3p"	"2P*"	"3/2"	"2s2.2p2.(3P).5s"	"2P"	"1/2"	4	2		
"818.712"	"818.7112"	"8.21e+06"	B+	"10.3300944"	"11.8444770"	"2s2.2p2.(3P).3s"	"4P"	"3/2"	"2s2.2p2.(3P).3p"	"4P*"	"5/2"	4	6		
"819.027"	"819.0263"	"1.25e+07"	B+	"10.3259087"	"11.8397086"	"2s2.2p2.(3P).3s"	"4P"	"1/2"	"2s2.2p2.(3P).3p"	"4P*"	"3/2"	2	4		
"820.261"	"820.2611"	"4.68e+06"	B+	"10.3259087"	"11.8374298"	"2s2.2p2.(3P).3s"	"4P"	"1/2"	"2s2.2p2.(3P).3p"	"4P*"	"1/2"	2	2		
""	"820.3692"	"1.39e+06"	C	"12.3566901"	"13.8680121"	"2s2.2p2.(1D).3s"	"2D"	"5/2"	"2s2.2p2.(3P).5p"	"2D*"	"3/2"	6	4		
""	"820.4018"	"1.25e+07"	C	"12.3567502"	"13.8680121"	"2s2.2p2.(1D).3s"	"2D"	"3/2"	"2s2.2p2.(3P).5p"	"2D*"	"3/2"	4	4		
"821.298"	"821.2972"	"5.23e+06"	B+	"10.3300944"	"11.8397086"	"2s2.2p2.(3P).3s"	"4P"	"3/2"	"2s2.2p2.(3P).3p"	"4P*"	"3/2"	4	4		
"821.860"	"821.8595"	"2.26e+07"	B+	"10.3358956"	"11.8444770"	"2s2.2p2.(3P).3s"	"4P"	"5/2"	"2s2.2p2.(3P).3p"	"4P*"	"5/2"	6	6		
"822.540"	"822.5389"	"2.62e+07"	B+	"10.3300944"	"11.8374298"	"2s2.2p2.(3P).3s"	"4P"	"3/2"	"2s2.2p2.(3P).3p"	"4P*"	"1/2"	4	2		
"824.466"	"824.4655"	"1.31e+07"	B+	"10.3358956"	"11.8397086"	"2s2.2p2.(3P).3s"	"4P"	"5/2"	"2s2.2p2.(3P).3p"	"4P*"	"3/2"	6	4		
"857.009"	"857.0089"	"4.86e+06"	B+	"10.6796703"	"12.1263787"	"2s2.2p2.(3P).3s"	"2P"	"1/2"	"2s2.2p2.(3P).3p"	"2P*"	"3/2"	2	4		
"859.636"	"859.6360"	"2.09e+07"	B+	"10.6796703"	"12.1219574"	"2s2.2p2.(3P).3s"	"2P"	"1/2"	"2s2.2p2.(3P).3p"	"2P*"	"1/2"	2	2		
"863.161"	"863.1606"	"2.67e+07"	B+	"10.6899808"	"12.1263787"	"2s2.2p2.(3P).3s"	"2P"	"3/2"	"2s2.2p2.(3P).3p"	"2P*"	"3/2"	4	4		
""	"865.8126"	"5.46e+06"	C	"12.3566901"	"13.7886883"	"2s2.2p2.(1D).3s"	"2D"	"5/2"	"2s2.2p2.(3P).5p"	"2P*"	"3/2"	6	4		
"865.827"	"865.8256"	"1.07e+07"	B+	"10.6899808"	"12.1219574"	"2s2.2p2.(3P).3s"	"2P"	"3/2"	"2s2.2p2.(3P).3p"	"2P*"	"1/2"	4	2		
""	"865.8489"	"6.06e+05"	C	"12.3567502"	"13.7886883"	"2s2.2p2.(1D).3s"	"2D"	"3/2"	"2s2.2p2.(3P).5p"	"2P*"	"3/2"	4	4		
""	"866.6765"	"1.63e+05"	C	"11.6026335"	"13.0332041"	"2s2.2p2.(3P).3p"	"2S*"	"1/2"	"2s2.2p2.(3P).3d"	"2D"	"3/2"	2	4		
""	"866.9316"	"6.04e+06"	C	"12.3567502"	"13.7869000"	"2s2.2p2.(1D).3s"	"2D"	"3/2"	"2s2.2p2.(3P).5p"	"2P*"	"1/2"	4	2		
"868.266"	"868.2666"	"2.53e+07"	B+	"10.3358956"	"11.7638464"	"2s2.2p2.(3P).3s"	"4P"	"5/2"	"2s2.2p2.(3P).3p"	"4D*"	"7/2"	6	8		
"868.578"	"868.5788"	"1.88e+07"	B+	"10.3300944"	"11.7575319"	"2s2.2p2.(3P).3s"	"4P"	"3/2"	"2s2.2p2.(3P).3p"	"4D*"	"5/2"	4	6		
"868.854"	"868.8535"	"1.15e+07"	B+	"10.3259087"	"11.7528949"	"2s2.2p2.(3P).3s"	"4P"	"1/2"	"2s2.2p2.(3P).3p"	"4D*"	"3/2"	2	4		
"870.564"	"870.5637"	"2.16e+07"	B+	"10.3259087"	"11.7500916"	"2s2.2p2.(3P).3s"	"4P"	"1/2"	"2s2.2p2.(3P).3p"	"4D*"	"1/2"	2	2		
"871.409"	"871.4096"	"1.29e+07"	B+	"10.3300944"	"11.7528949"	"2s2.2p2.(3P).3s"	"4P"	"3/2"	"2s2.2p2.(3P).3p"	"4D*"	"3/2"	4	4		
"872.122"	"872.1232"	"6.54e+06"	B+	"10.3358956"	"11.7575319"	"2s2.2p2.(3P).3s"	"4P"	"5/2"	"2s2.2p2.(3P).3p"	"4D*"	"5/2"	6	6		
"873.129"	"873.1299"	"3.75e+06"	B+	"10.3300944"	"11.7500916"	"2s2.2p2.(3P).3s"	"4P"	"3/2"	"2s2.2p2.(3P).3p"	"4D*"	"1/2"	4	2		
"874.976"	"874.9771"	"9.65e+05"	B+	"10.3358956"	"11.7528949"	"2s2.2p2.(3P).3s"	"4P"	"5/2"	"2s2.2p2.(3P).3p"	"4D*"	"3/2"	6	4		
""	"876.062"	"2.62e+04"	C	"11.6026335"	"13.017878"	"2s2.2p2.(3P).3p"	"2S*"	"1/2"	"2s2.2p2.(3P).3d"	"4D"	"3/2"	2	4		
""	"876.976"	"1.22e+05"	C	"11.6026335"	"13.016403"	"2s2.2p2.(3P).3p"	"2S*"	"1/2"	"2s2.2p2.(3P).3d"	"4D"	"1/2"	2	2		
""	"884.600"	"7.5e+04"	C	"11.6026335"	"13.004219"	"2s2.2p2.(3P).3p"	"2S*"	"1/2"	"2s2.2p2.(3P).3d"	"4P"	"1/2"	2	2		
""	"886.668"	"9.8e+04"	C	"11.6026335"	"13.000950"	"2s2.2p2.(3P).3p"	"2S*"	"1/2"	"2s2.2p2.(3P).3d"	"4P"	"3/2"	2	4		
""	"902.3170"	"3.68e+05"	C	"11.6026335"	"12.9766983"	"2s2.2p2.(3P).3p"	"2S*"	"1/2"	"2s2.2p2.(3P).3d"	"4F"	"3/2"	2	4		
""	"903.1400"	"3.20e+07"	C	"11.6026335"	"12.9754460"	"2s2.2p2.(3P).3p"	"2S*"	"1/2"	"2s2.2p2.(3P).3d"	"2P"	"1/2"	2	2		
""	"904.8361"	"2.80e+07"	B	"12.3566901"	"13.7269294"	"2s2.2p2.(1D).3s"	"2D"	"5/2"	"2s2.2p2.(1D).3p"	"2F*"	"7/2"	6	8		
""	"905.1976"	"1.88e+06"	B	"12.3566901"	"13.7263822"	"2s2.2p2.(1D).3s"	"2D"	"5/2"	"2s2.2p2.(1D).3p"	"2F*"	"5/2"	6	6		
""	"905.2373"	"2.60e+07"	B	"12.3567502"	"13.7263822"	"2s2.2p2.(1D).3s"	"2D"	"3/2"	"2s2.2p2.(1D).3p"	"2F*"	"5/2"	4	6		
""	"906.2962"	"3.21e+07"	C	"11.6026335"	"12.9706652"	"2s2.2p2.(3P).3p"	"2S*"	"1/2"	"2s2.2p2.(3P).3d"	"2P"	"3/2"	2	4		
""	"918.9975"	"2.44e+07"	C+	"12.3566901"	"13.7058146"	"2s2.2p2.(1D).3s"	"2D"	"5/2"	"2s2.2p2.(1D).3p"	"2D*"	"5/2"	6	6		
""	"919.0384"	"1.76e+06"	C+	"12.3567502"	"13.7058146"	"2s2.2p2.(1D).3s"	"2D"	"3/2"	"2s2.2p2.(1D).3p"	"2D*"	"5/2"	4	6		
""	"921.0119"	"2.70e+06"	C+	"12.3566901"	"13.7028638"	"2s2.2p2.(1D).3s"	"2D"	"5/2"	"2s2.2p2.(1D).3p"	"2D*"	"3/2"	6	4		
""	"921.0530"	"2.33e+07"	C+	"12.3567502"	"13.7028638"	"2s2.2p2.(1D).3s"	"2D"	"3/2"	"2s2.2p2.(1D).3p"	"2D*"	"3/2"	4	4		
""	"936.378"	"9.51e+05"	C+	"13.7028638"	"15.02695"	"2s2.2p2.(1D).3p"	"2D*"	"3/2"	"2s.2p4"	"2D"	"5/2"	4	6		
""	"938.469"	"1.36e+07"	C+	"13.7058146"	"15.02695"	"2s2.2p2.(1D).3p"	"2D*"	"5/2"	"2s.2p4"	"2D"	"5/2"	6	6		
"938.938"	"938.9380"	"2.13e+07"	B	"10.6796703"	"12.0001429"	"2s2.2p2.(3P).3s"	"2P"	"1/2"	"2s2.2p2.(3P).3p"	"2D*"	"3/2"	2	4		
"939.537"	"939.5370"	"2.51e+07"	B	"10.6899808"	"12.0096116"	"2s2.2p2.(3P).3s"	"2P"	"3/2"	"2s2.2p2.(3P).3p"	"2D*"	"5/2"	4	6		
""	"939.8426"	"1.8e+04"	D	"11.6026335"	"12.9218353"	"2s2.2p2.(3P).3p"	"2S*"	"1/2"	"2s2.2p2.(3P).4s"	"2P"	"3/2"	2	4		
""	"942.1971"	"2.93e+04"	C+	"10.6796703"	"11.9955753"	"2s2.2p2.(3P).3s"	"2P"	"1/2"	"2s2.2p2.(3P).3p"	"4S*"	"3/2"	2	4		
"946.328"	"946.3272"	"3.73e+06"	B	"10.6899808"	"12.0001429"	"2s2.2p2.(3P).3s"	"2P"	"3/2"	"2s2.2p2.(3P).3p"	"2D*"	"3/2"	4	4		
""	"946.6765"	"3.50e+05"	C	"11.6026335"	"12.9123120"	"2s2.2p2.(3P).3p"	"2S*"	"1/2"	"2s2.2p2.(3P).4s"	"2P"	"1/2"	2	2		
""	"949.6379"	"4.06e+02"	C+	"10.6899808"	"11.9955753"	"2s2.2p2.(3P).3s"	"2P"	"3/2"	"2s2.2p2.(3P).3p"	"4S*"	"3/2"	4	4		
""	"953.311"	"1.31e+04"	C+	"13.7263822"	"15.02695"	"2s2.2p2.(1D).3p"	"2F*"	"5/2"	"2s.2p4"	"2D"	"5/2"	6	6		
""	"953.712"	"2.89e+05"	C+	"13.7269294"	"15.02695"	"2s2.2p2.(1D).3p"	"2F*"	"7/2"	"2s.2p4"	"2D"	"5/2"	8	6		
""	"966.1630"	"8.7e+03"	C	"11.7528949"	"13.0361586"	"2s2.2p2.(3P).3p"	"4D*"	"3/2"	"2s2.2p2.(3P).3d"	"2D"	"5/2"	4	6		
""	"966.2769"	"2.49e+04"	C	"11.7500916"	"13.0332041"	"2s2.2p2.(3P).3p"	"4D*"	"1/2"	"2s2.2p2.(3P).3d"	"2D"	"3/2"	2	4		
""	"968.3926"	"8.1e+04"	C	"11.7528949"	"13.0332041"	"2s2.2p2.(3P).3p"	"4D*"	"3/2"	"2s2.2p2.(3P).3d"	"2D"	"3/2"	4	4		
""	"969.6669"	"6.3e+04"	C	"11.7575319"	"13.0361586"	"2s2.2p2.(3P).3p"	"4D*"	"5/2"	"2s2.2p2.(3P).3d"	"2D"	"5/2"	6	6		
""	"971.1114"	"3.18e+03"	B+	"10.3259087"	"11.6026335"	"2s2.2p2.(3P).3s"	"4P"	"1/2"	"2s2.2p2.(3P).3p"	"2S*"	"1/2"	2	2		
""	"971.9127"	"1.34e+04"	C	"11.7575319"	"13.0332041"	"2s2.2p2.(3P).3p"	"4D*"	"5/2"	"2s2.2p2.(3P).3d"	"2D"	"3/2"	6	4		
""	"974.3056"	"9.03e+03"	B+	"10.3300944"	"11.6026335"	"2s2.2p2.(3P).3s"	"4P"	"3/2"	"2s2.2p2.(3P).3p"	"2S*"	"1/2"	4	2		
""	"974.4794"	"4.91e+01"	C	"11.7638464"	"13.0361586"	"2s2.2p2.(3P).3p"	"4D*"	"7/2"	"2s2.2p2.(3P).3d"	"2D"	"5/2"	8	6		
""	"977.958"	"1.40e+06"	B	"11.7500916"	"13.017878"	"2s2.2p2.(3P).3p"	"4D*"	"1/2"	"2s2.2p2.(3P).3d"	"4D"	"3/2"	2	4		
""	"978.947"	"1.18e+06"	B	"11.7528949"	"13.019401"	"2s2.2p2.(3P).3p"	"4D*"	"3/2"	"2s2.2p2.(3P).3d"	"4D"	"5/2"	4	6		
""	"979.097"	"3.83e+06"	B	"11.7500916"	"13.016403"	"2s2.2p2.(3P).3p"	"4D*"	"1/2"	"2s2.2p2.(3P).3d"	"4D"	"1/2"	2	2		
""	"980.125"	"3.33e+06"	B	"11.7528949"	"13.017878"	"2s2.2p2.(3P).3p"	"4D*"	"3/2"	"2s2.2p2.(3P).3d"	"4D"	"3/2"	4	4		
""	"981.270"	"5.42e+06"	B	"11.7528949"	"13.016403"	"2s2.2p2.(3P).3p"	"4D*"	"3/2"	"2s2.2p2.(3P).3d"	"4D"	"1/2"	4	2		
""	"981.6712"	"7.00e+05"	B	"11.7575319"	"13.0205230"	"2s2.2p2.(3P).3p"	"4D*"	"5/2"	"2s2.2p2.(3P).3d"	"4D"	"7/2"	6	8		
""	"982.544"	"5.74e+06"	B	"11.7575319"	"13.019401"	"2s2.2p2.(3P).3p"	"4D*"	"5/2"	"2s2.2p2.(3P).3d"	"4D"	"5/2"	6	6		
""	"983.731"	"4.50e+06"	B	"11.7575319"	"13.017878"	"2s2.2p2.(3P).3p"	"4D*"	"5/2"	"2s2.2p2.(3P).3d"	"4D"	"3/2"	6	4		
"986.603"	"986.6039"	"1.03e+07"	B	"11.7638464"	"13.0205230"	"2s2.2p2.(3P).3p"	"4D*"	"7/2"	"2s2.2p2.(3P).3d"	"4D"	"7/2"	8	8		
""	"987.486"	"2.97e+06"	B	"11.7638464"	"13.019401"	"2s2.2p2.(3P).3p"	"4D*"	"7/2"	"2s2.2p2.(3P).3d"	"4D"	"5/2"	8	6		
""	"988.609"	"1.83e+06"	B	"11.7500916"	"13.004219"	"2s2.2p2.(3P).3p"	"4D*"	"1/2"	"2s2.2p2.(3P).3d"	"4P"	"1/2"	2	2		
""	"990.824"	"1.83e+05"	C	"11.7528949"	"13.004219"	"2s2.2p2.(3P).3p"	"4D*"	"3/2"	"2s2.2p2.(3P).3d"	"4P"	"1/2"	4	2		
""	"991.193"	"4.07e+05"	B	"11.7500916"	"13.000950"	"2s2.2p2.(3P).3p"	"4D*"	"1/2"	"2s2.2p2.(3P).3d"	"4P"	"3/2"	2	4		
""	"991.512"	"1.3e+04"	D	"11.6026335"	"12.853090"	"2s2.2p2.(3P).3p"	"2S*"	"1/2"	"2s2.2p2.(3P).4s"	"4P"	"3/2"	2	4		
""	"993.420"	"2.02e+06"	B	"11.7528949"	"13.000950"	"2s2.2p2.(3P).3p"	"4D*"	"3/2"	"2s2.2p2.(3P).3d"	"4P"	"3/2"	4	4		
""	"994.9793"	"6.1e+05"	C	"11.7575319"	"13.0036301"	"2s2.2p2.(3P).3p"	"4D*"	"5/2"	"2s2.2p2.(3P).3d"	"2F"	"7/2"	6	8		
""	"995.921"	"9.1e+03"	D	"11.6026335"	"12.847554"	"2s2.2p2.(3P).3p"	"2S*"	"1/2"	"2s2.2p2.(3P).4s"	"4P"	"1/2"	2	2		
""	"996.8480"	"3.48e+05"	B	"11.7528949"	"12.9966572"	"2s2.2p2.(3P).3p"	"4D*"	"3/2"	"2s2.2p2.(3P).3d"	"4P"	"5/2"	4	6		
""	"997.124"	"2.23e+05"	C	"11.7575319"	"13.000950"	"2s2.2p2.(3P).3p"	"4D*"	"5/2"	"2s2.2p2.(3P).3d"	"4P"	"3/2"	6	4		
""	"998.3158"	"4.86e+05"	C	"11.7528949"	"12.9948285"	"2s2.2p2.(3P).3p"	"4D*"	"3/2"	"2s2.2p2.(3P).3d"	"2F"	"5/2"	4	6		
""	"1000.0470"	"4.85e+05"	C	"11.7638464"	"13.0036301"	"2s2.2p2.(3P).3p"	"4D*"	"7/2"	"2s2.2p2.(3P).3d"	"2F"	"7/2"	8	8		
""	"1000.5783"	"1.39e+06"	B	"11.7575319"	"12.9966572"	"2s2.2p2.(3P).3p"	"4D*"	"5/2"	"2s2.2p2.(3P).3d"	"4P"	"5/2"	6	6		
""	"1002.0572"	"1.07e+06"	C	"11.7575319"	"12.9948285"	"2s2.2p2.(3P).3p"	"4D*"	"5/2"	"2s2.2p2.(3P).3d"	"2F"	"5/2"	6	6		
""	"1005.7033"	"8.22e+05"	C+	"11.7638464"	"12.9966572"	"2s2.2p2.(3P).3p"	"4D*"	"7/2"	"2s2.2p2.(3P).3d"	"4P"	"5/2"	8	6		
""	"1007.1974"	"2.78e+04"	C	"11.7638464"	"12.9948285"	"2s2.2p2.(3P).3p"	"4D*"	"7/2"	"2s2.2p2.(3P).3d"	"2F"	"5/2"	8	6		
"1010.790"	"1010.7902"	"2.81e+07"	B	"11.7500916"	"12.9766983"	"2s2.2p2.(3P).3p"	"4D*"	"1/2"	"2s2.2p2.(3P).3d"	"4F"	"3/2"	2	4		
"1011.166"	"1011.1663"	"3.02e+07"	B	"11.7528949"	"12.9790453"	"2s2.2p2.(3P).3p"	"4D*"	"3/2"	"2s2.2p2.(3P).3d"	"4F"	"5/2"	4	6		
"1011.525"	"1011.5253"	"3.41e+07"	B	"11.7575319"	"12.9832471"	"2s2.2p2.(3P).3p"	"4D*"	"5/2"	"2s2.2p2.(3P).3d"	"4F"	"7/2"	6	8		
"1011.741"	"1011.741"	"3.90e+07"	B	"11.7638464"	"12.989300"	"2s2.2p2.(3P).3p"	"4D*"	"7/2"	"2s2.2p2.(3P).3d"	"4F"	"9/2"	8	10		
""	"1011.8232"	"7.6e+04"	C	"11.7500916"	"12.9754460"	"2s2.2p2.(3P).3p"	"4D*"	"1/2"	"2s2.2p2.(3P).3d"	"2P"	"1/2"	2	2		
""	"1013.1055"	"9.84e+06"	B	"11.7528949"	"12.9766983"	"2s2.2p2.(3P).3p"	"4D*"	"3/2"	"2s2.2p2.(3P).3d"	"4F"	"3/2"	4	4		
""	"1014.1432"	"2.08e+04"	C	"11.7528949"	"12.9754460"	"2s2.2p2.(3P).3p"	"4D*"	"3/2"	"2s2.2p2.(3P).3d"	"2P"	"1/2"	4	2		
""	"1015.0048"	"7.32e+06"	B	"11.7575319"	"12.9790453"	"2s2.2p2.(3P).3p"	"4D*"	"5/2"	"2s2.2p2.(3P).3d"	"4F"	"5/2"	6	6		
""	"1015.7863"	"4.35e+05"	C	"11.7500916"	"12.9706652"	"2s2.2p2.(3P).3p"	"4D*"	"1/2"	"2s2.2p2.(3P).3d"	"2P"	"3/2"	2	4		
""	"1016.7634"	"3.83e+06"	B	"11.7638464"	"12.9832471"	"2s2.2p2.(3P).3p"	"4D*"	"7/2"	"2s2.2p2.(3P).3d"	"4F"	"7/2"	8	8		
""	"1016.9588"	"5.64e+05"	B	"11.7575319"	"12.9766983"	"2s2.2p2.(3P).3p"	"4D*"	"5/2"	"2s2.2p2.(3P).3d"	"4F"	"3/2"	6	4		
""	"1018.1247"	"1.63e+04"	C	"11.7528949"	"12.9706652"	"2s2.2p2.(3P).3p"	"4D*"	"3/2"	"2s2.2p2.(3P).3d"	"2P"	"3/2"	4	4		
""	"1020.2791"	"2.39e+05"	B	"11.7638464"	"12.9790453"	"2s2.2p2.(3P).3p"	"4D*"	"7/2"	"2s2.2p2.(3P).3d"	"4F"	"5/2"	8	6		
""	"1021.43"	"9.10e+06"	C	"13.7028638"	"14.91669"	"2s2.2p2.(1D).3p"	"2D*"	"3/2"	"2s2.2p2.(1D).3d"	"2P"	"1/2"	4	2		
""	"1021.60"	"8.48e+05"	C	"13.7028638"	"14.91649"	"2s2.2p2.(1D).3p"	"2D*"	"3/2"	"2s2.2p2.(1D).3d"	"2P"	"3/2"	4	4		
""	"1022.0163"	"4.34e+03"	C	"11.7575319"	"12.9706652"	"2s2.2p2.(3P).3p"	"4D*"	"5/2"	"2s2.2p2.(3P).3d"	"2P"	"3/2"	6	4		
""	"1024.09"	"8.00e+06"	C	"13.7058146"	"14.91649"	"2s2.2p2.(1D).3p"	"2D*"	"5/2"	"2s2.2p2.(1D).3d"	"2P"	"3/2"	6	4		
""	"1031.0788"	"2.91e+02"	C	"10.9239080"	"12.1263787"	"2s.2p4"	"4P"	"5/2"	"2s2.2p2.(3P).3p"	"2P*"	"3/2"	6	4		
""	"1035.7682"	"2.50e+03"	C	"10.9293522"	"12.1263787"	"2s.2p4"	"4P"	"3/2"	"2s2.2p2.(3P).3p"	"2P*"	"3/2"	4	4		
""	"1036.2673"	"9.26e+04"	B	"11.8397086"	"13.0361586"	"2s2.2p2.(3P).3p"	"4P*"	"3/2"	"2s2.2p2.(3P).3d"	"2D"	"5/2"	4	6		
""	"1036.8529"	"6.05e+04"	B	"11.8374298"	"13.0332041"	"2s2.2p2.(3P).3p"	"4P*"	"1/2"	"2s2.2p2.(3P).3d"	"2D"	"3/2"	2	4		
""	"1037.8536"	"3.00e+02"	C	"10.9317574"	"12.1263787"	"2s.2p4"	"4P"	"1/2"	"2s2.2p2.(3P).3p"	"2P*"	"3/2"	2	4		
""	"1037.91"	"2.01e+07"	C+	"13.7028638"	"14.89742"	"2s2.2p2.(1D).3p"	"2D*"	"3/2"	"2s2.2p2.(1D).3d"	"2D"	"3/2"	4	4		
""	"1038.52"	"1.47e+06"	C+	"13.7028638"	"14.89671"	"2s2.2p2.(1D).3p"	"2D*"	"3/2"	"2s2.2p2.(1D).3d"	"2D"	"5/2"	4	6		
""	"1038.8326"	"3.66e+04"	B	"11.8397086"	"13.0332041"	"2s2.2p2.(3P).3p"	"4P*"	"3/2"	"2s2.2p2.(3P).3d"	"2D"	"3/2"	4	4		
""	"1039.6080"	"5.4e+02"	C	"10.9293522"	"12.1219574"	"2s.2p4"	"4P"	"3/2"	"2s2.2p2.(3P).3p"	"2P*"	"1/2"	4	2		
""	"1040.0587"	"1.02e-03"	C	"2.3835298"	"3.5756182"	"2s2.2p3"	"2D*"	"5/2"	"2s2.2p3"	"2P*"	"3/2"	6	4	M1	
""	"1040.0587"	"6.0e-02"	C	"2.3835298"	"3.5756182"	"2s2.2p3"	"2D*"	"5/2"	"2s2.2p3"	"2P*"	"3/2"	6	4	E2	
""	"1040.1004"	"3.45e-02"	C	"2.3835298"	"3.5755704"	"2s2.2p3"	"2D*"	"5/2"	"2s2.2p3"	"2P*"	"1/2"	6	2	E2	
""	"1040.4138"	"6.5e+01"	C	"11.8444770"	"13.0361586"	"2s2.2p2.(3P).3p"	"4P*"	"5/2"	"2s2.2p2.(3P).3d"	"2D"	"5/2"	6	6		
""	"1040.48"	"2.22e+06"	C+	"13.7058146"	"14.89742"	"2s2.2p2.(1D).3p"	"2D*"	"5/2"	"2s2.2p2.(1D).3d"	"2D"	"3/2"	6	4		
""	"1041.0021"	"1.81e-03"	C	"2.3846100"	"3.5756182"	"2s2.2p3"	"2D*"	"3/2"	"2s2.2p3"	"2P*"	"3/2"	4	4	M1	
""	"1041.0021"	"2.56e-02"	C	"2.3846100"	"3.5756182"	"2s2.2p3"	"2D*"	"3/2"	"2s2.2p3"	"2P*"	"3/2"	4	4	E2	
""	"1041.0439"	"1.13e-03"	C	"2.3846100"	"3.5755704"	"2s2.2p3"	"2D*"	"3/2"	"2s2.2p3"	"2P*"	"1/2"	4	2	M1	
""	"1041.0439"	"5.2e-02"	C	"2.3846100"	"3.5755704"	"2s2.2p3"	"2D*"	"3/2"	"2s2.2p3"	"2P*"	"1/2"	4	2	E2	
""	"1041.10"	"2.06e+07"	C+	"13.7058146"	"14.89671"	"2s2.2p2.(1D).3p"	"2D*"	"5/2"	"2s2.2p2.(1D).3d"	"2D"	"5/2"	6	6		
""	"1041.7090"	"6.5e+02"	C	"10.9317574"	"12.1219574"	"2s.2p4"	"4P"	"1/2"	"2s2.2p2.(3P).3p"	"2P*"	"1/2"	2	2		
""	"1042.9998"	"1.80e+02"	B	"11.8444770"	"13.0332041"	"2s2.2p2.(3P).3p"	"4P*"	"5/2"	"2s2.2p2.(3P).3d"	"2D"	"3/2"	6	4		
""	"1050.314"	"6.54e+06"	B+	"11.8374298"	"13.017878"	"2s2.2p2.(3P).3p"	"4P*"	"1/2"	"2s2.2p2.(3P).3d"	"4D"	"3/2"	2	4		
""	"1050.988"	"1.32e+07"	B+	"11.8397086"	"13.019401"	"2s2.2p2.(3P).3p"	"4P*"	"3/2"	"2s2.2p2.(3P).3d"	"4D"	"5/2"	4	6		
""	"1051.629"	"1.91e+07"	B+	"11.8374298"	"13.016403"	"2s2.2p2.(3P).3p"	"4P*"	"1/2"	"2s2.2p2.(3P).3d"	"4D"	"1/2"	2	2		
""	"1052.346"	"1.59e+07"	B+	"11.8397086"	"13.017878"	"2s2.2p2.(3P).3p"	"4P*"	"3/2"	"2s2.2p2.(3P).3d"	"4D"	"3/2"	4	4		
""	"1053.665"	"7.55e+06"	B+	"11.8397086"	"13.016403"	"2s2.2p2.(3P).3p"	"4P*"	"3/2"	"2s2.2p2.(3P).3d"	"4D"	"1/2"	4	2		
"1054.246"	"1054.2462"	"2.54e+07"	B+	"11.8444770"	"13.0205230"	"2s2.2p2.(3P).3p"	"4P*"	"5/2"	"2s2.2p2.(3P).3d"	"4D"	"7/2"	6	8		
""	"1055.253"	"1.23e+07"	B+	"11.8444770"	"13.019401"	"2s2.2p2.(3P).3p"	"4P*"	"5/2"	"2s2.2p2.(3P).3d"	"4D"	"5/2"	6	6		
""	"1056.622"	"3.33e+06"	B+	"11.8444770"	"13.017878"	"2s2.2p2.(3P).3p"	"4P*"	"5/2"	"2s2.2p2.(3P).3d"	"4D"	"3/2"	6	4		
""	"1058.1171"	"3.6e+02"	D	"11.7500916"	"12.9218353"	"2s2.2p2.(3P).3p"	"4D*"	"1/2"	"2s2.2p2.(3P).4s"	"2P"	"3/2"	2	4		
""	"1058.75"	"2.07e+06"	C+	"13.7263822"	"14.89742"	"2s2.2p2.(1D).3p"	"2F*"	"5/2"	"2s2.2p2.(1D).3d"	"2D"	"3/2"	6	4		
""	"1059.39"	"1.04e+05"	C+	"13.7263822"	"14.89671"	"2s2.2p2.(1D).3p"	"2F*"	"5/2"	"2s2.2p2.(1D).3d"	"2D"	"5/2"	6	6		
""	"1059.89"	"1.98e+06"	C+	"13.7269294"	"14.89671"	"2s2.2p2.(1D).3p"	"2F*"	"7/2"	"2s2.2p2.(1D).3d"	"2D"	"5/2"	8	6		
""	"1060.6546"	"2.9e+03"	D	"11.7528949"	"12.9218353"	"2s2.2p2.(3P).3p"	"4D*"	"3/2"	"2s2.2p2.(3P).4s"	"2P"	"3/2"	4	4		
""	"1062.610"	"5.40e+06"	B+	"11.8374298"	"13.004219"	"2s2.2p2.(3P).3p"	"4P*"	"1/2"	"2s2.2p2.(3P).3d"	"4P"	"1/2"	2	2		
""	"1064.689"	"6.75e+06"	B+	"11.8397086"	"13.004219"	"2s2.2p2.(3P).3p"	"4P*"	"3/2"	"2s2.2p2.(3P).3d"	"4P"	"1/2"	4	2		
""	"1064.8788"	"1.7e+04"	D	"11.7575319"	"12.9218353"	"2s2.2p2.(3P).3p"	"4D*"	"5/2"	"2s2.2p2.(3P).4s"	"2P"	"3/2"	6	4		
""	"1065.596"	"9.03e+06"	B+	"11.8374298"	"13.000950"	"2s2.2p2.(3P).3p"	"4P*"	"1/2"	"2s2.2p2.(3P).3d"	"4P"	"3/2"	2	4		
""	"1066.7873"	"3.5e+03"	D	"11.7500916"	"12.9123120"	"2s2.2p2.(3P).3p"	"4D*"	"1/2"	"2s2.2p2.(3P).4s"	"2P"	"1/2"	2	2		
""	"1067.56"	"2.26e+06"	C	"13.7869000"	"14.94828"	"2s2.2p2.(3P).5p"	"2P*"	"1/2"	"2s2.2p2.(1D).3d"	"2S"	"1/2"	2	2		
""	"1067.687"	"2.2e+03"	D	"11.8397086"	"13.000950"	"2s2.2p2.(3P).3p"	"4P*"	"3/2"	"2s2.2p2.(3P).3d"	"4P"	"3/2"	4	4		
""	"1068.7940"	"9.41e+02"	C+	"10.6796703"	"11.8397086"	"2s2.2p2.(3P).3s"	"2P"	"1/2"	"2s2.2p2.(3P).3p"	"4P*"	"3/2"	2	4		
""	"1069.21"	"4.49e+06"	C	"13.7886883"	"14.94828"	"2s2.2p2.(3P).5p"	"2P*"	"3/2"	"2s2.2p2.(1D).3d"	"2S"	"1/2"	4	2		
""	"1069.3666"	"1.3e+04"	D	"11.7528949"	"12.9123120"	"2s2.2p2.(3P).3p"	"4D*"	"3/2"	"2s2.2p2.(3P).4s"	"2P"	"1/2"	4	2		
""	"1069.6102"	"4.10e+05"	B	"11.8444770"	"13.0036301"	"2s2.2p2.(3P).3p"	"4P*"	"5/2"	"2s2.2p2.(3P).3d"	"2F"	"7/2"	6	8		
""	"1070.8977"	"3.64e+03"	C+	"10.6796703"	"11.8374298"	"2s2.2p2.(3P).3s"	"2P"	"1/2"	"2s2.2p2.(3P).3p"	"4P*"	"1/2"	2	2		
""	"1071.6483"	"7.16e+06"	B+	"11.8397086"	"12.9966572"	"2s2.2p2.(3P).3p"	"4P*"	"3/2"	"2s2.2p2.(3P).3d"	"4P"	"5/2"	4	6		
""	"1072.089"	"3.75e+06"	B+	"11.8444770"	"13.000950"	"2s2.2p2.(3P).3p"	"4P*"	"5/2"	"2s2.2p2.(3P).3d"	"4P"	"3/2"	6	4		
""	"1073.3449"	"1.29e+06"	B	"11.8397086"	"12.9948285"	"2s2.2p2.(3P).3p"	"4P*"	"3/2"	"2s2.2p2.(3P).3d"	"2F"	"5/2"	4	6		
""	"1073.9247"	"3.23e+03"	C+	"10.6899808"	"11.8444770"	"2s2.2p2.(3P).3s"	"2P"	"3/2"	"2s2.2p2.(3P).3p"	"4P*"	"5/2"	4	6		
""	"1076.0834"	"3.92e+06"	B+	"11.8444770"	"12.9966572"	"2s2.2p2.(3P).3p"	"4P*"	"5/2"	"2s2.2p2.(3P).3d"	"4P"	"5/2"	6	6		
""	"1077.7941"	"3.17e+05"	B	"11.8444770"	"12.9948285"	"2s2.2p2.(3P).3p"	"4P*"	"5/2"	"2s2.2p2.(3P).3d"	"2F"	"5/2"	6	6		
""	"1078.3787"	"1.2e-01"	E	"10.6899808"	"11.8397086"	"2s2.2p2.(3P).3s"	"2P"	"3/2"	"2s2.2p2.(3P).3p"	"4P*"	"3/2"	4	4		
""	"1078.98"	"2.16e+07"	C+	"13.7058146"	"14.85491"	"2s2.2p2.(1D).3p"	"2D*"	"5/2"	"2s2.2p2.(1D).3d"	"2F"	"7/2"	6	8		
""	"1080.5204"	"5.01e+03"	C+	"10.6899808"	"11.8374298"	"2s2.2p2.(3P).3s"	"2P"	"3/2"	"2s2.2p2.(3P).3p"	"4P*"	"1/2"	4	2		
""	"1088.2139"	"1.42e+05"	B+	"11.8397086"	"12.9790453"	"2s2.2p2.(3P).3p"	"4P*"	"3/2"	"2s2.2p2.(3P).3d"	"4F"	"5/2"	4	6		
""	"1088.2790"	"1.92e+04"	B+	"11.8374298"	"12.9766983"	"2s2.2p2.(3P).3p"	"4P*"	"1/2"	"2s2.2p2.(3P).3d"	"4F"	"3/2"	2	4		
""	"1088.7553"	"1.44e+05"	B+	"11.8444770"	"12.9832471"	"2s2.2p2.(3P).3p"	"4P*"	"5/2"	"2s2.2p2.(3P).3d"	"4F"	"7/2"	6	8		
""	"1089.4765"	"1.31e+05"	C	"11.8374298"	"12.9754460"	"2s2.2p2.(3P).3p"	"4P*"	"1/2"	"2s2.2p2.(3P).3d"	"2P"	"1/2"	2	2		
""	"1090.4602"	"1.55e+04"	B+	"11.8397086"	"12.9766983"	"2s2.2p2.(3P).3p"	"4P*"	"3/2"	"2s2.2p2.(3P).3d"	"4F"	"3/2"	4	4		
""	"1091.6625"	"5.6e+03"	C	"11.8397086"	"12.9754460"	"2s2.2p2.(3P).3p"	"4P*"	"3/2"	"2s2.2p2.(3P).3d"	"2P"	"1/2"	4	2		
""	"1092.7875"	"1.06e+04"	B+	"11.8444770"	"12.9790453"	"2s2.2p2.(3P).3p"	"4P*"	"5/2"	"2s2.2p2.(3P).3d"	"4F"	"5/2"	6	6		
""	"1094.0728"	"3.61e+04"	C	"11.8374298"	"12.9706652"	"2s2.2p2.(3P).3p"	"4P*"	"1/2"	"2s2.2p2.(3P).3d"	"2P"	"3/2"	2	4		
""	"1095.0528"	"9.86e+02"	B+	"11.8444770"	"12.9766983"	"2s2.2p2.(3P).3p"	"4P*"	"5/2"	"2s2.2p2.(3P).3d"	"4F"	"3/2"	6	4		
""	"1096.2773"	"4.19e+04"	C	"11.8397086"	"12.9706652"	"2s2.2p2.(3P).3p"	"4P*"	"3/2"	"2s2.2p2.(3P).3d"	"2P"	"3/2"	4	4		
""	"1098.64"	"3.71e+05"	C+	"13.7263822"	"14.85491"	"2s2.2p2.(1D).3p"	"2F*"	"5/2"	"2s2.2p2.(1D).3d"	"2F"	"7/2"	6	8		
""	"1099.17"	"1.02e+07"	C+	"13.7269294"	"14.85491"	"2s2.2p2.(1D).3p"	"2F*"	"7/2"	"2s2.2p2.(1D).3d"	"2F"	"7/2"	8	8		
""	"1100.9190"	"2.99e+03"	C	"11.8444770"	"12.9706652"	"2s2.2p2.(3P).3p"	"4P*"	"5/2"	"2s2.2p2.(3P).3d"	"2P"	"3/2"	6	4		
""	"1118.319"	"2.21e+05"	C+	"11.7528949"	"12.861560"	"2s2.2p2.(3P).3p"	"4D*"	"3/2"	"2s2.2p2.(3P).4s"	"4P"	"5/2"	4	6		
""	"1123.016"	"2.30e+06"	C+	"11.7575319"	"12.861560"	"2s2.2p2.(3P).3p"	"4D*"	"5/2"	"2s2.2p2.(3P).4s"	"4P"	"5/2"	6	6		
""	"1124.065"	"6.64e+05"	C+	"11.7500916"	"12.853090"	"2s2.2p2.(3P).3p"	"4D*"	"1/2"	"2s2.2p2.(3P).4s"	"4P"	"3/2"	2	4		
""	"1126.04"	"2.92e+06"	C+	"13.9258810"	"15.02695"	"2s2.2p2.(1D).3p"	"2P*"	"3/2"	"2s.2p4"	"2D"	"5/2"	4	6		
""	"1126.929"	"4.58e+06"	C+	"11.7528949"	"12.853090"	"2s2.2p2.(3P).3p"	"4D*"	"3/2"	"2s2.2p2.(3P).4s"	"4P"	"3/2"	4	4		
""	"1129.476"	"1.20e+07"	C+	"11.7638464"	"12.861560"	"2s2.2p2.(3P).3p"	"4D*"	"7/2"	"2s2.2p2.(3P).4s"	"4P"	"5/2"	8	6		
""	"1129.735"	"7.69e+06"	C+	"11.7500916"	"12.847554"	"2s2.2p2.(3P).3p"	"4D*"	"1/2"	"2s2.2p2.(3P).4s"	"4P"	"1/2"	2	2		
""	"1131.699"	"1.00e+07"	C+	"11.7575319"	"12.853090"	"2s2.2p2.(3P).3p"	"4D*"	"5/2"	"2s2.2p2.(3P).4s"	"4P"	"3/2"	6	4		
""	"1132.629"	"8.19e+06"	C+	"11.7528949"	"12.847554"	"2s2.2p2.(3P).3p"	"4D*"	"3/2"	"2s2.2p2.(3P).4s"	"4P"	"1/2"	4	2		
""	"1141.9710"	"8.1e+01"	D+	"10.9239080"	"12.0096116"	"2s.2p4"	"4P"	"5/2"	"2s2.2p2.(3P).3p"	"2D*"	"5/2"	6	6		
""	"1143.3380"	"2.93e+04"	C	"11.8374298"	"12.9218353"	"2s2.2p2.(3P).3p"	"4P*"	"1/2"	"2s2.2p2.(3P).4s"	"2P"	"3/2"	2	4		
""	"1145.7457"	"6.0e+02"	D	"11.8397086"	"12.9218353"	"2s2.2p2.(3P).3p"	"4P*"	"3/2"	"2s2.2p2.(3P).4s"	"2P"	"3/2"	4	4		
""	"1147.7261"	"1.6e+03"	D+	"10.9293522"	"12.0096116"	"2s.2p4"	"4P"	"3/2"	"2s2.2p2.(3P).3p"	"2D*"	"5/2"	4	6		
""	"1150.8168"	"5.7e+03"	C	"11.8444770"	"12.9218353"	"2s2.2p2.(3P).3p"	"4P*"	"5/2"	"2s2.2p2.(3P).4s"	"2P"	"3/2"	6	4		
""	"1150.89"	"1.09e+05"	C+	"13.7028638"	"14.78016"	"2s2.2p2.(1D).3p"	"2D*"	"3/2"	"2s2.2p2.(1D).4s"	"2D"	"3/2"	4	4		
""	"1150.89"	"1.31e+04"	C+	"13.7028638"	"14.78016"	"2s2.2p2.(1D).3p"	"2D*"	"3/2"	"2s2.2p2.(1D).4s"	"2D"	"5/2"	4	6		
""	"1152.0180"	"2.3e+03"	D+	"10.9239080"	"12.0001429"	"2s.2p4"	"4P"	"5/2"	"2s2.2p2.(3P).3p"	"2D*"	"3/2"	6	4		
""	"1153.4677"	"1.56e+04"	C	"11.8374298"	"12.9123120"	"2s2.2p2.(3P).3p"	"4P*"	"1/2"	"2s2.2p2.(3P).4s"	"2P"	"1/2"	2	2		
""	"1154.05"	"1.16e+05"	C+	"13.7058146"	"14.78016"	"2s2.2p2.(1D).3p"	"2D*"	"5/2"	"2s2.2p2.(1D).4s"	"2D"	"5/2"	6	6		
""	"1154.05"	"1.37e+04"	C+	"13.7058146"	"14.78016"	"2s2.2p2.(1D).3p"	"2D*"	"5/2"	"2s2.2p2.(1D).4s"	"2D"	"3/2"	6	4		
""	"1155.9184"	"6.0e+03"	C	"11.8397086"	"12.9123120"	"2s2.2p2.(3P).3p"	"4P*"	"3/2"	"2s2.2p2.(3P).4s"	"2P"	"1/2"	4	2		
""	"1156.9280"	"2.32e+06"	B	"10.9239080"	"11.9955753"	"2s.2p4"	"4P"	"5/2"	"2s2.2p2.(3P).3p"	"4S*"	"3/2"	6	4		
""	"1157.8751"	"7.8e+02"	D+	"10.9293522"	"12.0001429"	"2s.2p4"	"4P"	"3/2"	"2s2.2p2.(3P).3p"	"2D*"	"3/2"	4	4		
""	"1160.4819"	"2.8e+03"	D+	"10.9317574"	"12.0001429"	"2s.2p4"	"4P"	"1/2"	"2s2.2p2.(3P).3p"	"2D*"	"3/2"	2	4		
""	"1162.8353"	"1.41e+06"	B	"10.9293522"	"11.9955753"	"2s.2p4"	"4P"	"3/2"	"2s2.2p2.(3P).3p"	"4S*"	"3/2"	4	4		
""	"1165.4645"	"6.63e+05"	B	"10.9317574"	"11.9955753"	"2s.2p4"	"4P"	"1/2"	"2s2.2p2.(3P).3p"	"4S*"	"3/2"	2	4		
""	"1176.57"	"1.16e+07"	C+	"13.7263822"	"14.78016"	"2s2.2p2.(1D).3p"	"2F*"	"5/2"	"2s2.2p2.(1D).4s"	"2D"	"3/2"	6	4		
""	"1176.57"	"5.52e+05"	C+	"13.7263822"	"14.78016"	"2s2.2p2.(1D).3p"	"2F*"	"5/2"	"2s2.2p2.(1D).4s"	"2D"	"5/2"	6	6		
""	"1177.18"	"1.10e+07"	C+	"13.7269294"	"14.78016"	"2s2.2p2.(1D).3p"	"2F*"	"7/2"	"2s2.2p2.(1D).4s"	"2D"	"5/2"	8	6		
""	"1191.4875"	"3.28e+04"	B	"11.9955753"	"13.0361586"	"2s2.2p2.(3P).3p"	"4S*"	"3/2"	"2s2.2p2.(3P).3d"	"2D"	"5/2"	4	6		
""	"1194.8802"	"2.56e+04"	B	"11.9955753"	"13.0332041"	"2s2.2p2.(3P).3p"	"4S*"	"3/2"	"2s2.2p2.(3P).3d"	"2D"	"3/2"	4	4		
""	"1196.7406"	"6.09e+04"	B+	"12.0001429"	"13.0361586"	"2s2.2p2.(3P).3p"	"2D*"	"3/2"	"2s2.2p2.(3P).3d"	"2D"	"5/2"	4	6		
""	"1200.1632"	"5.21e+06"	B+	"12.0001429"	"13.0332041"	"2s2.2p2.(3P).3p"	"2D*"	"3/2"	"2s2.2p2.(3P).3d"	"2D"	"3/2"	4	4		
"1207.781"	"1207.7791"	"6.30e+06"	B+	"12.0096116"	"13.0361586"	"2s2.2p2.(3P).3p"	"2D*"	"5/2"	"2s2.2p2.(3P).3d"	"2D"	"5/2"	6	6		
""	"1208.90"	"5.22e+06"	C	"13.9226824"	"14.94828"	"2s2.2p2.(1D).3p"	"2P*"	"1/2"	"2s2.2p2.(1D).3d"	"2S"	"1/2"	2	2		
""	"1210.989"	"1.04e+06"	B	"11.9955753"	"13.019401"	"2s2.2p2.(3P).3p"	"4S*"	"3/2"	"2s2.2p2.(3P).3d"	"4D"	"5/2"	4	6		
""	"1211.2653"	"7.57e+05"	B+	"12.0096116"	"13.0332041"	"2s2.2p2.(3P).3p"	"2D*"	"5/2"	"2s2.2p2.(3P).3d"	"2D"	"3/2"	6	4		
""	"1212.68"	"1.03e+07"	C	"13.9258810"	"14.94828"	"2s2.2p2.(1D).3p"	"2P*"	"3/2"	"2s2.2p2.(1D).3d"	"2S"	"1/2"	4	2		
""	"1212.793"	"1.31e+06"	B	"11.9955753"	"13.017878"	"2s2.2p2.(3P).3p"	"4S*"	"3/2"	"2s2.2p2.(3P).3d"	"4D"	"3/2"	4	4		
""	"1213.329"	"3.06e+06"	B+	"11.8397086"	"12.861560"	"2s2.2p2.(3P).3p"	"4P*"	"3/2"	"2s2.2p2.(3P).4s"	"4P"	"5/2"	4	6		
""	"1214.546"	"6.66e+05"	B	"11.9955753"	"13.016403"	"2s2.2p2.(3P).3p"	"4S*"	"3/2"	"2s2.2p2.(3P).3d"	"4D"	"1/2"	4	2		
""	"1216.416"	"4.01e+04"	C	"12.0001429"	"13.019401"	"2s2.2p2.(3P).3p"	"2D*"	"3/2"	"2s2.2p2.(3P).3d"	"4D"	"5/2"	4	6		
""	"1218.236"	"1.32e+04"	C	"12.0001429"	"13.017878"	"2s2.2p2.(3P).3p"	"2D*"	"3/2"	"2s2.2p2.(3P).3d"	"4D"	"3/2"	4	4		
"1219.015"	"1219.017"	"7.40e+06"	B+	"11.8444770"	"12.861560"	"2s2.2p2.(3P).3p"	"4P*"	"5/2"	"2s2.2p2.(3P).4s"	"4P"	"5/2"	6	6		
""	"1220.005"	"1.34e+04"	C	"12.0001429"	"13.016403"	"2s2.2p2.(3P).3p"	"2D*"	"3/2"	"2s2.2p2.(3P).3d"	"4D"	"1/2"	4	2		
""	"1220.725"	"4.23e+06"	B+	"11.8374298"	"12.853090"	"2s2.2p2.(3P).3p"	"4P*"	"1/2"	"2s2.2p2.(3P).4s"	"4P"	"3/2"	2	4		
""	"1223.2438"	"5.54e+04"	C	"12.9123120"	"13.9258810"	"2s2.2p2.(3P).4s"	"2P"	"1/2"	"2s2.2p2.(1D).3p"	"2P*"	"3/2"	2	4		
""	"1223.471"	"1.58e+06"	B+	"11.8397086"	"12.853090"	"2s2.2p2.(3P).3p"	"4P*"	"3/2"	"2s2.2p2.(3P).4s"	"4P"	"3/2"	4	4		
""	"1226.4596"	"4.30e+05"	C	"12.0096116"	"13.0205230"	"2s2.2p2.(3P).3p"	"2D*"	"5/2"	"2s2.2p2.(3P).3d"	"4D"	"7/2"	6	8		
""	"1227.1163"	"2.19e+05"	C	"12.9123120"	"13.9226824"	"2s2.2p2.(3P).4s"	"2P"	"1/2"	"2s2.2p2.(1D).3p"	"2P*"	"1/2"	2	2		
""	"1227.416"	"1.48e+06"	B+	"11.8374298"	"12.847554"	"2s2.2p2.(3P).3p"	"4P*"	"1/2"	"2s2.2p2.(3P).4s"	"4P"	"1/2"	2	2		
""	"1227.822"	"2.39e+04"	C	"12.0096116"	"13.019401"	"2s2.2p2.(3P).3p"	"2D*"	"5/2"	"2s2.2p2.(3P).3d"	"4D"	"5/2"	6	6		
"1229.233"	"1229.217"	"1.41e+07"	B	"11.9955753"	"13.004219"	"2s2.2p2.(3P).3p"	"4S*"	"3/2"	"2s2.2p2.(3P).3d"	"4P"	"1/2"	4	2		
""	"1229.255"	"3.90e+06"	B+	"11.8444770"	"12.853090"	"2s2.2p2.(3P).3p"	"4P*"	"5/2"	"2s2.2p2.(3P).4s"	"4P"	"3/2"	6	4		
""	"1229.677"	"8.8e-01"	E	"12.0096116"	"13.017878"	"2s2.2p2.(3P).3p"	"2D*"	"5/2"	"2s2.2p2.(3P).3d"	"4D"	"3/2"	6	4		
""	"1229.86"	"3.28e+04"	D+	"13.3215593"	"14.32967"	"2s2.2p2.(3P).4p"	"4S*"	"3/2"	"2s2.2p2.(3P).9s"	"4P"	"5/2"	4	6		
""	"1230.191"	"7.69e+06"	B+	"11.8397086"	"12.847554"	"2s2.2p2.(3P).3p"	"4P*"	"3/2"	"2s2.2p2.(3P).4s"	"4P"	"1/2"	4	2		
"1233.213"	"1233.214"	"1.30e+07"	B	"11.9955753"	"13.000950"	"2s2.2p2.(3P).3p"	"4S*"	"3/2"	"2s2.2p2.(3P).3d"	"4P"	"3/2"	4	4		
""	"1234.8461"	"2.90e+05"	C	"12.9218353"	"13.9258810"	"2s2.2p2.(3P).4s"	"2P"	"3/2"	"2s2.2p2.(1D).3p"	"2P*"	"3/2"	4	4		
"1238.504"	"1238.5021"	"1.09e+07"	B	"11.9955753"	"12.9966572"	"2s2.2p2.(3P).3p"	"4S*"	"3/2"	"2s2.2p2.(3P).3d"	"4P"	"5/2"	4	6		
""	"1238.7925"	"1.27e+05"	C	"12.9218353"	"13.9226824"	"2s2.2p2.(3P).4s"	"2P"	"3/2"	"2s2.2p2.(1D).3p"	"2P*"	"1/2"	4	2		
""	"1240.7687"	"1.72e+06"	B	"11.9955753"	"12.9948285"	"2s2.2p2.(3P).3p"	"4S*"	"3/2"	"2s2.2p2.(3P).3d"	"2F"	"5/2"	4	6		
""	"1242.25"	"3.19e+04"	D+	"13.3215593"	"14.31962"	"2s2.2p2.(3P).4p"	"4S*"	"3/2"	"2s2.2p2.(3P).9s"	"4P"	"3/2"	4	4		
"1246.466"	"1246.4663"	"1.82e+07"	B	"12.0001429"	"12.9948285"	"2s2.2p2.(3P).3p"	"2D*"	"3/2"	"2s2.2p2.(3P).3d"	"2F"	"5/2"	4	6		
"1247.303"	"1247.3027"	"2.18e+07"	B	"12.0096116"	"13.0036301"	"2s2.2p2.(3P).3p"	"2D*"	"5/2"	"2s2.2p2.(3P).3d"	"2F"	"7/2"	6	8		
""	"1247.32"	"1.07e+07"	C	"13.9226824"	"14.91669"	"2s2.2p2.(1D).3p"	"2P*"	"1/2"	"2s2.2p2.(1D).3d"	"2P"	"1/2"	2	2		
""	"1247.57"	"2.67e+06"	C	"13.9226824"	"14.91649"	"2s2.2p2.(1D).3p"	"2P*"	"1/2"	"2s2.2p2.(1D).3d"	"2P"	"3/2"	2	4		
""	"1249.39"	"3.13e+04"	D+	"13.3215593"	"14.31391"	"2s2.2p2.(3P).4p"	"4S*"	"3/2"	"2s2.2p2.(3P).9s"	"4P"	"1/2"	4	2		
""	"1251.35"	"5.21e+06"	C	"13.9258810"	"14.91669"	"2s2.2p2.(1D).3p"	"2P*"	"3/2"	"2s2.2p2.(1D).3d"	"2P"	"1/2"	4	2		
""	"1251.60"	"1.32e+07"	C	"13.9258810"	"14.91649"	"2s2.2p2.(1D).3p"	"2P*"	"3/2"	"2s2.2p2.(1D).3d"	"2P"	"3/2"	4	4		
""	"1255.5155"	"1.64e+05"	C	"12.3566901"	"13.3442064"	"2s2.2p2.(1D).3s"	"2D"	"5/2"	"2s2.2p2.(3P).4p"	"2P*"	"3/2"	6	4		
""	"1255.5919"	"1.82e+04"	C	"12.3567502"	"13.3442064"	"2s2.2p2.(1D).3s"	"2D"	"3/2"	"2s2.2p2.(3P).4p"	"2P*"	"3/2"	4	4		
""	"1258.4457"	"7.07e+05"	B	"12.0096116"	"12.9948285"	"2s2.2p2.(3P).3p"	"2D*"	"5/2"	"2s2.2p2.(3P).3d"	"2F"	"5/2"	6	6		
""	"1260.6811"	"2.69e+04"	C+	"11.9955753"	"12.9790453"	"2s2.2p2.(3P).3p"	"4S*"	"3/2"	"2s2.2p2.(3P).3d"	"4F"	"5/2"	4	6		
""	"1261.9002"	"1.79e+05"	C	"12.3567502"	"13.3392701"	"2s2.2p2.(1D).3s"	"2D"	"3/2"	"2s2.2p2.(3P).4p"	"2P*"	"1/2"	4	2		
""	"1263.6969"	"3.22e+02"	C+	"11.9955753"	"12.9766983"	"2s2.2p2.(3P).3p"	"4S*"	"3/2"	"2s2.2p2.(3P).3d"	"4F"	"3/2"	4	4		
""	"1265.3119"	"1.37e+04"	C+	"11.9955753"	"12.9754460"	"2s2.2p2.(3P).3p"	"4S*"	"3/2"	"2s2.2p2.(3P).3d"	"2P"	"1/2"	4	2		
""	"1269.219"	"8.28e+04"	D+	"12.847554"	"13.8244077"	"2s2.2p2.(3P).4s"	"4P"	"1/2"	"2s2.2p2.(3P).5p"	"4S*"	"3/2"	2	4		
""	"1271.2376"	"2.60e+06"	C+	"12.0001429"	"12.9754460"	"2s2.2p2.(3P).3p"	"2D*"	"3/2"	"2s2.2p2.(3P).3d"	"2P"	"1/2"	4	2		
""	"1271.5156"	"6.70e+04"	C+	"11.9955753"	"12.9706652"	"2s2.2p2.(3P).3p"	"4S*"	"3/2"	"2s2.2p2.(3P).3d"	"2P"	"3/2"	4	4		
""	"1271.97"	"1.40e+05"	C+	"13.9226824"	"14.89742"	"2s2.2p2.(1D).3p"	"2P*"	"1/2"	"2s2.2p2.(1D).3d"	"2D"	"3/2"	2	4		
""	"1276.16"	"2.06e+04"	C+	"13.9258810"	"14.89742"	"2s2.2p2.(1D).3p"	"2P*"	"3/2"	"2s2.2p2.(1D).3d"	"2D"	"3/2"	4	4		
""	"1276.453"	"1.63e+05"	D+	"12.853090"	"13.8244077"	"2s2.2p2.(3P).4s"	"4P"	"3/2"	"2s2.2p2.(3P).5p"	"4S*"	"3/2"	4	4		
""	"1277.09"	"1.69e+05"	C+	"13.9258810"	"14.89671"	"2s2.2p2.(1D).3p"	"2P*"	"3/2"	"2s2.2p2.(1D).3d"	"2D"	"5/2"	4	6		
""	"1277.4998"	"6.63e+05"	C+	"12.0001429"	"12.9706652"	"2s2.2p2.(3P).3p"	"2D*"	"3/2"	"2s2.2p2.(3P).3d"	"2P"	"3/2"	4	4		
""	"1287.683"	"2.38e+05"	D+	"12.861560"	"13.8244077"	"2s2.2p2.(3P).4s"	"4P"	"5/2"	"2s2.2p2.(3P).5p"	"4S*"	"3/2"	6	4		
""	"1290.0862"	"3.23e+06"	C+	"12.0096116"	"12.9706652"	"2s2.2p2.(3P).3p"	"2D*"	"5/2"	"2s2.2p2.(3P).3d"	"2P"	"3/2"	6	4		
""	"1297.3128"	"8.54e+05"	D+	"12.9123120"	"13.8680121"	"2s2.2p2.(3P).4s"	"2P"	"1/2"	"2s2.2p2.(3P).5p"	"2D*"	"3/2"	2	4		
""	"1297.9706"	"3.57e+04"	C	"12.9706652"	"13.9258810"	"2s2.2p2.(3P).3d"	"2P"	"3/2"	"2s2.2p2.(1D).3p"	"2P*"	"3/2"	4	4		
""	"1301.4091"	"1.02e+06"	D+	"12.9218353"	"13.8745272"	"2s2.2p2.(3P).4s"	"2P"	"3/2"	"2s2.2p2.(3P).5p"	"2D*"	"5/2"	4	6		
""	"1302.3314"	"3.53e+04"	C	"12.9706652"	"13.9226824"	"2s2.2p2.(3P).3d"	"2P"	"3/2"	"2s2.2p2.(1D).3p"	"2P*"	"1/2"	4	2		
""	"1304.4995"	"1.41e+04"	C	"12.9754460"	"13.9258810"	"2s2.2p2.(3P).3d"	"2P"	"1/2"	"2s2.2p2.(1D).3p"	"2P*"	"3/2"	2	4		
""	"1304.949"	"9.17e+04"	D+	"12.847554"	"13.7976614"	"2s2.2p2.(3P).4s"	"4P"	"1/2"	"2s2.2p2.(3P).5p"	"4P*"	"3/2"	2	4		
""	"1305.545"	"6.59e+04"	D+	"12.853090"	"13.8027638"	"2s2.2p2.(3P).4s"	"4P"	"3/2"	"2s2.2p2.(3P).5p"	"4P*"	"5/2"	4	6		
""	"1307.346"	"3.65e+04"	D+	"12.847554"	"13.7959196"	"2s2.2p2.(3P).4s"	"4P"	"1/2"	"2s2.2p2.(3P).5p"	"4P*"	"1/2"	2	2		
""	"1308.9045"	"4.71e+04"	C	"12.9754460"	"13.9226824"	"2s2.2p2.(3P).3d"	"2P"	"1/2"	"2s2.2p2.(1D).3p"	"2P*"	"1/2"	2	2		
""	"1310.3702"	"1.66e+05"	D+	"12.9218353"	"13.8680121"	"2s2.2p2.(3P).4s"	"2P"	"3/2"	"2s2.2p2.(3P).5p"	"2D*"	"3/2"	4	4		
""	"1312.597"	"2.88e+04"	D+	"12.853090"	"13.7976614"	"2s2.2p2.(3P).4s"	"4P"	"3/2"	"2s2.2p2.(3P).5p"	"4P*"	"3/2"	4	4		
""	"1315.022"	"1.79e+05"	D+	"12.853090"	"13.7959196"	"2s2.2p2.(3P).4s"	"4P"	"3/2"	"2s2.2p2.(3P).5p"	"4P*"	"1/2"	4	2		
""	"1317.294"	"1.50e+05"	D+	"12.861560"	"13.8027638"	"2s2.2p2.(3P).4s"	"4P"	"5/2"	"2s2.2p2.(3P).5p"	"4P*"	"5/2"	6	6		
""	"1317.5788"	"4.26e+05"	C	"12.3566901"	"13.2976904"	"2s2.2p2.(1D).3s"	"2D"	"5/2"	"2s2.2p2.(3P).4p"	"2D*"	"5/2"	6	6		
""	"1317.6630"	"3.04e+04"	C	"12.3567502"	"13.2976904"	"2s2.2p2.(1D).3s"	"2D"	"3/2"	"2s2.2p2.(3P).4p"	"2D*"	"5/2"	4	6		
""	"1320.01"	"4.92e+04"	D+	"13.3215593"	"14.26082"	"2s2.2p2.(3P).4p"	"4S*"	"3/2"	"2s2.2p2.(3P).8s"	"4P"	"5/2"	4	6		
""	"1324.475"	"9.47e+04"	D+	"12.861560"	"13.7976614"	"2s2.2p2.(3P).4s"	"4P"	"5/2"	"2s2.2p2.(3P).5p"	"4P*"	"3/2"	6	4		
""	"1325.794"	"2.54e+04"	D+	"12.847554"	"13.7827230"	"2s2.2p2.(3P).4s"	"4P"	"1/2"	"2s2.2p2.(3P).5p"	"4D*"	"3/2"	2	4		
""	"1326.813"	"4.25e+04"	D+	"12.853090"	"13.7875408"	"2s2.2p2.(3P).4s"	"4P"	"3/2"	"2s2.2p2.(3P).5p"	"4D*"	"5/2"	4	6		
""	"1328.834"	"6.05e+04"	D+	"12.861560"	"13.7945902"	"2s2.2p2.(3P).4s"	"4P"	"5/2"	"2s2.2p2.(3P).5p"	"4D*"	"7/2"	6	8		
""	"1329.600"	"5.03e+04"	D+	"12.847554"	"13.7800461"	"2s2.2p2.(3P).4s"	"4P"	"1/2"	"2s2.2p2.(3P).5p"	"4D*"	"1/2"	2	2		
""	"1329.9002"	"4.44e+04"	C	"12.3566901"	"13.2889721"	"2s2.2p2.(1D).3s"	"2D"	"5/2"	"2s2.2p2.(3P).4p"	"2D*"	"3/2"	6	4		
""	"1329.9860"	"3.99e+05"	C	"12.3567502"	"13.2889721"	"2s2.2p2.(1D).3s"	"2D"	"3/2"	"2s2.2p2.(3P).4p"	"2D*"	"3/2"	4	4		
""	"1333.689"	"3.19e+04"	D+	"12.853090"	"13.7827230"	"2s2.2p2.(3P).4s"	"4P"	"3/2"	"2s2.2p2.(3P).5p"	"4D*"	"3/2"	4	4		
""	"1334.49"	"4.76e+04"	D+	"13.3215593"	"14.25063"	"2s2.2p2.(3P).4p"	"4S*"	"3/2"	"2s2.2p2.(3P).8s"	"4P"	"3/2"	4	4		
""	"1337.541"	"9.88e+03"	D+	"12.853090"	"13.7800461"	"2s2.2p2.(3P).4s"	"4P"	"3/2"	"2s2.2p2.(3P).5p"	"4D*"	"1/2"	4	2		
""	"1338.5465"	"5.2e+02"	C	"11.9955753"	"12.9218353"	"2s2.2p2.(3P).3p"	"4S*"	"3/2"	"2s2.2p2.(3P).4s"	"2P"	"3/2"	4	4		
""	"1338.950"	"1.77e+04"	D+	"12.861560"	"13.7875408"	"2s2.2p2.(3P).4s"	"4P"	"5/2"	"2s2.2p2.(3P).5p"	"4D*"	"5/2"	6	6		
""	"1342.57"	"4.67e+04"	D+	"13.3215593"	"14.24504"	"2s2.2p2.(3P).4p"	"4S*"	"3/2"	"2s2.2p2.(3P).8s"	"4P"	"1/2"	4	2		
"1343.328"	"1343.3277"	"3.09e+06"	C+	"10.6796703"	"11.6026335"	"2s2.2p2.(3P).3s"	"2P"	"1/2"	"2s2.2p2.(3P).3p"	"2S*"	"1/2"	2	2		
""	"1345.1799"	"5.50e+05"	C+	"12.0001429"	"12.9218353"	"2s2.2p2.(3P).3p"	"2D*"	"3/2"	"2s2.2p2.(3P).4s"	"2P"	"3/2"	4	4		
""	"1345.953"	"2.91e+03"	D+	"12.861560"	"13.7827230"	"2s2.2p2.(3P).4s"	"4P"	"5/2"	"2s2.2p2.(3P).5p"	"4D*"	"3/2"	6	4		
""	"1346.8213"	"5.5e+05"	C	"10.9239080"	"11.8444770"	"2s.2p4"	"4P"	"5/2"	"2s2.2p2.(3P).3p"	"4P*"	"5/2"	6	6		
""	"1352.4516"	"1.11e+04"	C	"11.9955753"	"12.9123120"	"2s2.2p2.(3P).3p"	"4S*"	"3/2"	"2s2.2p2.(3P).4s"	"2P"	"1/2"	4	2		
""	"1353.8340"	"2.94e+05"	C	"10.9239080"	"11.8397086"	"2s.2p4"	"4P"	"5/2"	"2s2.2p2.(3P).3p"	"4P*"	"3/2"	6	4		
""	"1354.8336"	"1.69e+05"	C	"10.9293522"	"11.8444770"	"2s.2p4"	"4P"	"3/2"	"2s2.2p2.(3P).3p"	"4P*"	"5/2"	4	6		
"1358.504"	"1358.5037"	"5.73e+06"	C+	"10.6899808"	"11.6026335"	"2s2.2p2.(3P).3s"	"2P"	"3/2"	"2s2.2p2.(3P).3p"	"2S*"	"1/2"	4	2		
"1359.145"	"1359.1425"	"6.31e+06"	C+	"12.0096116"	"12.9218353"	"2s2.2p2.(3P).3p"	"2D*"	"5/2"	"2s2.2p2.(3P).4s"	"2P"	"3/2"	6	4		
""	"1359.2238"	"8.26e+06"	C+	"12.0001429"	"12.9123120"	"2s2.2p2.(3P).3p"	"2D*"	"3/2"	"2s2.2p2.(3P).4s"	"2P"	"1/2"	4	2		
"1360.599"	"1360.5998"	"1.07e+07"	B	"12.1219574"	"13.0332041"	"2s2.2p2.(3P).3p"	"2P*"	"1/2"	"2s2.2p2.(3P).3d"	"2D"	"3/2"	2	4		
""	"1361.9302"	"1.31e+05"	C	"10.9293522"	"11.8397086"	"2s.2p4"	"4P"	"3/2"	"2s2.2p2.(3P).3p"	"4P*"	"3/2"	4	4		
"1362.791"	"1362.7933"	"1.33e+07"	B	"12.1263787"	"13.0361586"	"2s2.2p2.(3P).3p"	"2P*"	"3/2"	"2s2.2p2.(3P).3d"	"2D"	"5/2"	4	6		
""	"1365.3480"	"5.70e+05"	C	"10.9293522"	"11.8374298"	"2s.2p4"	"4P"	"3/2"	"2s2.2p2.(3P).3p"	"4P*"	"1/2"	4	2		
""	"1365.5382"	"2.59e+05"	C	"10.9317574"	"11.8397086"	"2s.2p4"	"4P"	"1/2"	"2s2.2p2.(3P).3p"	"4P*"	"3/2"	2	4		
""	"1367.2334"	"2.91e+06"	B	"12.1263787"	"13.0332041"	"2s2.2p2.(3P).3p"	"2P*"	"3/2"	"2s2.2p2.(3P).3d"	"2D"	"3/2"	4	4		
""	"1368.9741"	"9.1e+04"	C	"10.9317574"	"11.8374298"	"2s.2p4"	"4P"	"1/2"	"2s2.2p2.(3P).3p"	"4P*"	"1/2"	2	2		
""	"1371.7160"	"9.84e+04"	D+	"12.9706652"	"13.8745272"	"2s2.2p2.(3P).3d"	"2P"	"3/2"	"2s2.2p2.(3P).5p"	"2D*"	"5/2"	4	6		
""	"1381.6752"	"1.60e+04"	D+	"12.9706652"	"13.8680121"	"2s2.2p2.(3P).3d"	"2P"	"3/2"	"2s2.2p2.(3P).5p"	"2D*"	"3/2"	4	4		
""	"1383.874"	"3.93e+04"	C	"12.1219574"	"13.017878"	"2s2.2p2.(3P).3p"	"2P*"	"1/2"	"2s2.2p2.(3P).3d"	"4D"	"3/2"	2	4		
""	"1386.157"	"2.74e+04"	C	"12.1219574"	"13.016403"	"2s2.2p2.(3P).3p"	"2P*"	"1/2"	"2s2.2p2.(3P).3d"	"4D"	"1/2"	2	2		
""	"1388.366"	"9.5e+03"	C	"12.1263787"	"13.019401"	"2s2.2p2.(3P).3p"	"2P*"	"3/2"	"2s2.2p2.(3P).3d"	"4D"	"5/2"	4	6		
""	"1389.0758"	"7.90e+04"	D+	"12.9754460"	"13.8680121"	"2s2.2p2.(3P).3d"	"2P"	"1/2"	"2s2.2p2.(3P).5p"	"2D*"	"3/2"	2	4		
""	"1390.737"	"5.1e+01"	C	"12.1263787"	"13.017878"	"2s2.2p2.(3P).3p"	"2P*"	"3/2"	"2s2.2p2.(3P).3d"	"4D"	"3/2"	4	4		
""	"1393.043"	"1.26e+04"	C	"12.1263787"	"13.016403"	"2s2.2p2.(3P).3p"	"2P*"	"3/2"	"2s2.2p2.(3P).3d"	"4D"	"1/2"	4	2		
""	"1405.300"	"1.62e+04"	C	"12.1219574"	"13.004219"	"2s2.2p2.(3P).3p"	"2P*"	"1/2"	"2s2.2p2.(3P).3d"	"4P"	"1/2"	2	2		
""	"1409.3938"	"2.02e+04"	C	"12.9948285"	"13.8745272"	"2s2.2p2.(3P).3d"	"2F"	"5/2"	"2s2.2p2.(3P).5p"	"2D*"	"5/2"	6	6		
""	"1410.527"	"4.75e+04"	C	"12.1219574"	"13.000950"	"2s2.2p2.(3P).3p"	"2P*"	"1/2"	"2s2.2p2.(3P).3d"	"4P"	"3/2"	2	4		
""	"1412.378"	"1.12e+04"	C	"12.1263787"	"13.004219"	"2s2.2p2.(3P).3p"	"2P*"	"3/2"	"2s2.2p2.(3P).3d"	"4P"	"1/2"	4	2		
""	"1414.7371"	"1.53e+04"	D+	"12.9123120"	"13.7886883"	"2s2.2p2.(3P).4s"	"2P"	"1/2"	"2s2.2p2.(3P).5p"	"2P*"	"3/2"	2	4		
""	"1417.6298"	"6.10e+04"	D+	"12.9123120"	"13.7869000"	"2s2.2p2.(3P).4s"	"2P"	"1/2"	"2s2.2p2.(3P).5p"	"2P*"	"1/2"	2	2		
""	"1417.657"	"1.28e+04"	C	"12.1263787"	"13.000950"	"2s2.2p2.(3P).3p"	"2P*"	"3/2"	"2s2.2p2.(3P).3d"	"4P"	"3/2"	4	4		
""	"1419.9098"	"4.16e+05"	C	"12.9948285"	"13.8680121"	"2s2.2p2.(3P).3d"	"2F"	"5/2"	"2s2.2p2.(3P).5p"	"2D*"	"3/2"	6	4		
""	"1423.6377"	"3.93e+05"	C	"13.0036301"	"13.8745272"	"2s2.2p2.(3P).3d"	"2F"	"7/2"	"2s2.2p2.(3P).5p"	"2D*"	"5/2"	8	6		
""	"1424.6496"	"9.9e+03"	C	"12.1263787"	"12.9966572"	"2s2.2p2.(3P).3p"	"2P*"	"3/2"	"2s2.2p2.(3P).3d"	"4P"	"5/2"	4	6		
""	"1427.6496"	"1.17e+05"	C	"12.1263787"	"12.9948285"	"2s2.2p2.(3P).3p"	"2P*"	"3/2"	"2s2.2p2.(3P).3d"	"2F"	"5/2"	4	6		
""	"1430.2794"	"7.42e+04"	D+	"12.9218353"	"13.7886883"	"2s2.2p2.(3P).4s"	"2P"	"3/2"	"2s2.2p2.(3P).5p"	"2P*"	"3/2"	4	4		
""	"1431.713"	"1.20e+06"	C+	"11.9955753"	"12.861560"	"2s2.2p2.(3P).3p"	"4S*"	"3/2"	"2s2.2p2.(3P).4s"	"4P"	"5/2"	4	6		
""	"1433.2360"	"2.95e+04"	D+	"12.9218353"	"13.7869000"	"2s2.2p2.(3P).4s"	"2P"	"3/2"	"2s2.2p2.(3P).5p"	"2P*"	"1/2"	4	2		
""	"1439.305"	"8.4e+02"	D	"12.0001429"	"12.861560"	"2s2.2p2.(3P).3p"	"2D*"	"3/2"	"2s2.2p2.(3P).4s"	"4P"	"5/2"	4	6		
""	"1445.856"	"1.08e+06"	C+	"11.9955753"	"12.853090"	"2s2.2p2.(3P).3p"	"4S*"	"3/2"	"2s2.2p2.(3P).4s"	"4P"	"3/2"	4	4		
""	"1445.9047"	"6.50e+04"	D+	"12.9123120"	"13.7697973"	"2s2.2p2.(3P).4s"	"2P"	"1/2"	"2s2.2p2.(3P).5p"	"2S*"	"1/2"	2	2		
""	"1445.92"	"5.23e+06"	C+	"13.9226824"	"14.78016"	"2s2.2p2.(1D).3p"	"2P*"	"1/2"	"2s2.2p2.(1D).4s"	"2D"	"3/2"	2	4		
""	"1450.5472"	"1.2e+03"	D	"12.1219574"	"12.9766983"	"2s2.2p2.(3P).3p"	"2P*"	"1/2"	"2s2.2p2.(3P).3d"	"4F"	"3/2"	2	4		
""	"1451.34"	"6.20e+06"	C+	"13.9258810"	"14.78016"	"2s2.2p2.(1D).3p"	"2P*"	"3/2"	"2s2.2p2.(1D).4s"	"2D"	"5/2"	4	6		
""	"1451.34"	"1.04e+06"	C+	"13.9258810"	"14.78016"	"2s2.2p2.(1D).3p"	"2P*"	"3/2"	"2s2.2p2.(1D).4s"	"2D"	"3/2"	4	4		
""	"1452.6755"	"2.20e+06"	B	"12.1219574"	"12.9754460"	"2s2.2p2.(3P).3p"	"2P*"	"1/2"	"2s2.2p2.(3P).3d"	"2P"	"1/2"	2	2		
""	"1453.598"	"5.3e+03"	D	"12.0001429"	"12.853090"	"2s2.2p2.(3P).3p"	"2D*"	"3/2"	"2s2.2p2.(3P).4s"	"4P"	"3/2"	4	4		
""	"1454.0759"	"1.6e+03"	D	"12.1263787"	"12.9790453"	"2s2.2p2.(3P).3p"	"2P*"	"3/2"	"2s2.2p2.(3P).3d"	"4F"	"5/2"	4	6		
""	"1455.250"	"1.01e+06"	C+	"11.9955753"	"12.847554"	"2s2.2p2.(3P).3p"	"4S*"	"3/2"	"2s2.2p2.(3P).4s"	"4P"	"1/2"	4	2		
""	"1455.301"	"6.4e+02"	D	"12.0096116"	"12.861560"	"2s2.2p2.(3P).3p"	"2D*"	"5/2"	"2s2.2p2.(3P).4s"	"4P"	"5/2"	6	6		
""	"1458.0894"	"4.4e+04"	D	"12.1263787"	"12.9766983"	"2s2.2p2.(3P).3p"	"2P*"	"3/2"	"2s2.2p2.(3P).3d"	"4F"	"3/2"	4	4		
""	"1460.2399"	"1.09e+06"	B	"12.1263787"	"12.9754460"	"2s2.2p2.(3P).3p"	"2P*"	"3/2"	"2s2.2p2.(3P).3d"	"2P"	"1/2"	4	2		
""	"1460.8585"	"5.87e+05"	B	"12.1219574"	"12.9706652"	"2s2.2p2.(3P).3p"	"2P*"	"1/2"	"2s2.2p2.(3P).3d"	"2P"	"3/2"	2	4		
""	"1462.1433"	"1.26e+05"	D+	"12.9218353"	"13.7697973"	"2s2.2p2.(3P).4s"	"2P"	"3/2"	"2s2.2p2.(3P).5p"	"2S*"	"1/2"	4	2		
""	"1463.094"	"2.0e+03"	D	"12.0001429"	"12.847554"	"2s2.2p2.(3P).3p"	"2D*"	"3/2"	"2s2.2p2.(3P).4s"	"4P"	"1/2"	4	2		
""	"1468.5086"	"1.28e+06"	B	"12.1263787"	"12.9706652"	"2s2.2p2.(3P).3p"	"2P*"	"3/2"	"2s2.2p2.(3P).3d"	"2P"	"3/2"	4	4		
""	"1469.75"	"1.80e+05"	D+	"13.3215593"	"14.16513"	"2s2.2p2.(3P).4p"	"4S*"	"3/2"	"2s2.2p2.(3P).6d"	"4P"	"1/2"	4	2		
""	"1469.916"	"7.3e+03"	D	"12.0096116"	"12.853090"	"2s2.2p2.(3P).3p"	"2D*"	"5/2"	"2s2.2p2.(3P).4s"	"4P"	"3/2"	6	4		
"1476.110"	"1476.1106"	"1.06e+06"	B	"10.9239080"	"11.7638464"	"2s.2p4"	"4P"	"5/2"	"2s2.2p2.(3P).3p"	"4D*"	"7/2"	6	8		
""	"1480.52"	"1.76e+05"	D+	"13.3215593"	"14.15900"	"2s2.2p2.(3P).4p"	"4S*"	"3/2"	"2s2.2p2.(3P).6d"	"4P"	"3/2"	4	4		
""	"1482.36"	"1.76e+05"	D+	"13.3215593"	"14.15795"	"2s2.2p2.(3P).4p"	"4S*"	"3/2"	"2s2.2p2.(3P).6d"	"4P"	"5/2"	4	6		
"1487.293"	"1487.2918"	"2.82e+05"	B	"10.9239080"	"11.7575319"	"2s.2p4"	"4P"	"5/2"	"2s2.2p2.(3P).3p"	"4D*"	"5/2"	6	6		
""	"1492.3362"	"7.83e+04"	D+	"13.3215593"	"14.1523654"	"2s2.2p2.(3P).4p"	"4S*"	"3/2"	"2s2.2p2.(3P).7s"	"4P"	"5/2"	4	6		
""	"1495.6111"	"4.31e+04"	B	"10.9239080"	"11.7528949"	"2s.2p4"	"4P"	"5/2"	"2s2.2p2.(3P).3p"	"4D*"	"3/2"	6	4		
"1497.069"	"1497.0687"	"7.05e+05"	B	"10.9293522"	"11.7575319"	"2s.2p4"	"4P"	"3/2"	"2s2.2p2.(3P).3p"	"4D*"	"5/2"	4	6		
""	"1497.8451"	"1.82e+05"	D+	"12.9966572"	"13.8244077"	"2s2.2p2.(3P).3d"	"4P"	"5/2"	"2s2.2p2.(3P).5p"	"4S*"	"3/2"	6	4		
""	"1505.4981"	"4.92e+05"	B	"10.9293522"	"11.7528949"	"2s.2p4"	"4P"	"3/2"	"2s2.2p2.(3P).3p"	"4D*"	"3/2"	4	4		
""	"1505.653"	"1.19e+05"	D+	"13.000950"	"13.8244077"	"2s2.2p2.(3P).3d"	"4P"	"3/2"	"2s2.2p2.(3P).5p"	"4S*"	"3/2"	4	4		
""	"1509.3130"	"7.57e+04"	D+	"13.3215593"	"14.1430205"	"2s2.2p2.(3P).4p"	"4S*"	"3/2"	"2s2.2p2.(3P).7s"	"4P"	"3/2"	4	4		
""	"1509.9080"	"4.07e+05"	B	"10.9317574"	"11.7528949"	"2s.2p4"	"4P"	"1/2"	"2s2.2p2.(3P).3p"	"4D*"	"3/2"	2	4		
""	"1510.6402"	"1.46e+05"	B	"10.9293522"	"11.7500916"	"2s.2p4"	"4P"	"3/2"	"2s2.2p2.(3P).3p"	"4D*"	"1/2"	4	2		
""	"1511.655"	"5.90e+04"	D+	"13.004219"	"13.8244077"	"2s2.2p2.(3P).3d"	"4P"	"1/2"	"2s2.2p2.(3P).5p"	"4S*"	"3/2"	2	4		
""	"1515.0804"	"7.71e+05"	B	"10.9317574"	"11.7500916"	"2s.2p4"	"4P"	"1/2"	"2s2.2p2.(3P).3p"	"4D*"	"1/2"	2	2		
""	"1515.6565"	"4.18e+04"	D+	"12.9706652"	"13.7886883"	"2s2.2p2.(3P).3d"	"2P"	"3/2"	"2s2.2p2.(3P).5p"	"2P*"	"3/2"	4	4		
""	"1518.9770"	"1.66e+04"	D+	"12.9706652"	"13.7869000"	"2s2.2p2.(3P).3d"	"2P"	"3/2"	"2s2.2p2.(3P).5p"	"2P*"	"1/2"	4	2		
""	"1519.5185"	"7.42e+04"	D+	"13.3215593"	"14.1375033"	"2s2.2p2.(3P).4p"	"4S*"	"3/2"	"2s2.2p2.(3P).7s"	"4P"	"1/2"	4	2		
""	"1520.2621"	"6.23e+02"	D+	"12.9790453"	"13.7945902"	"2s2.2p2.(3P).3d"	"4F"	"5/2"	"2s2.2p2.(3P).5p"	"4D*"	"7/2"	6	8		
""	"1524.5666"	"8.21e+03"	D+	"12.9754460"	"13.7886883"	"2s2.2p2.(3P).3d"	"2P"	"1/2"	"2s2.2p2.(3P).5p"	"2P*"	"3/2"	2	4		
""	"1527.9264"	"3.26e+04"	D+	"12.9754460"	"13.7869000"	"2s2.2p2.(3P).3d"	"2P"	"1/2"	"2s2.2p2.(3P).5p"	"2P*"	"1/2"	2	2		
""	"1528.1353"	"1.21e+04"	C	"12.9832471"	"13.7945902"	"2s2.2p2.(3P).3d"	"4F"	"7/2"	"2s2.2p2.(3P).5p"	"4D*"	"7/2"	8	8		
""	"1529.0786"	"1.13e+03"	C	"12.9766983"	"13.7875408"	"2s2.2p2.(3P).3d"	"4F"	"3/2"	"2s2.2p2.(3P).5p"	"4D*"	"5/2"	4	6		
""	"1533.5175"	"2.04e+04"	C	"12.9790453"	"13.7875408"	"2s2.2p2.(3P).3d"	"4F"	"5/2"	"2s2.2p2.(3P).5p"	"4D*"	"5/2"	6	6		
""	"1538.0621"	"4.30e+04"	D+	"12.9966572"	"13.8027638"	"2s2.2p2.(3P).3d"	"4P"	"5/2"	"2s2.2p2.(3P).5p"	"4P*"	"5/2"	6	6		
""	"1538.2183"	"2.32e+04"	C	"12.9766983"	"13.7827230"	"2s2.2p2.(3P).3d"	"4F"	"3/2"	"2s2.2p2.(3P).5p"	"4D*"	"3/2"	4	4		
""	"1539.621"	"1.03e+05"	C	"12.989300"	"13.7945902"	"2s2.2p2.(3P).3d"	"4F"	"9/2"	"2s2.2p2.(3P).5p"	"4D*"	"7/2"	10	8		
""	"1541.5289"	"9.42e+04"	C	"12.9832471"	"13.7875408"	"2s2.2p2.(3P).3d"	"4F"	"7/2"	"2s2.2p2.(3P).5p"	"4D*"	"5/2"	8	6		
""	"1542.7104"	"9.25e+04"	C	"12.9790453"	"13.7827230"	"2s2.2p2.(3P).3d"	"4F"	"5/2"	"2s2.2p2.(3P).5p"	"4D*"	"3/2"	6	4		
""	"1543.3440"	"1.15e+05"	C	"12.9766983"	"13.7800461"	"2s2.2p2.(3P).3d"	"4F"	"3/2"	"2s2.2p2.(3P).5p"	"4D*"	"1/2"	4	2		
""	"1546.296"	"1.81e+04"	D+	"13.000950"	"13.8027638"	"2s2.2p2.(3P).3d"	"4P"	"3/2"	"2s2.2p2.(3P).5p"	"4P*"	"5/2"	4	6		
""	"1547.8597"	"2.71e+04"	D+	"12.9966572"	"13.7976614"	"2s2.2p2.(3P).3d"	"4P"	"5/2"	"2s2.2p2.(3P).5p"	"4P*"	"3/2"	6	4		
""	"1550.0391"	"1.5e+06"	D+	"12.1219574"	"12.9218353"	"2s2.2p2.(3P).3p"	"2P*"	"1/2"	"2s2.2p2.(3P).4s"	"2P"	"3/2"	2	4		
""	"1556.199"	"7.91e+03"	D+	"13.000950"	"13.7976614"	"2s2.2p2.(3P).3d"	"4P"	"3/2"	"2s2.2p2.(3P).5p"	"4P*"	"3/2"	4	4		
"1558.653"	"1558.6545"	"6.5e+06"	D+	"12.1263787"	"12.9218353"	"2s2.2p2.(3P).3p"	"2P*"	"3/2"	"2s2.2p2.(3P).4s"	"2P"	"3/2"	4	4		
""	"1559.608"	"4.91e+04"	D+	"13.000950"	"13.7959196"	"2s2.2p2.(3P).3d"	"4P"	"3/2"	"2s2.2p2.(3P).5p"	"4P*"	"1/2"	4	2		
""	"1562.611"	"2.44e+04"	D+	"13.004219"	"13.7976614"	"2s2.2p2.(3P).3d"	"4P"	"1/2"	"2s2.2p2.(3P).5p"	"4P*"	"3/2"	2	4		
""	"1566.049"	"9.70e+03"	D+	"13.004219"	"13.7959196"	"2s2.2p2.(3P).3d"	"4P"	"1/2"	"2s2.2p2.(3P).5p"	"4P*"	"1/2"	2	2		
""	"1568.3249"	"8.66e+04"	C	"12.9123120"	"13.7028638"	"2s2.2p2.(3P).4s"	"2P"	"1/2"	"2s2.2p2.(1D).3p"	"2D*"	"3/2"	2	4		
""	"1568.7160"	"4.5e+06"	D+	"12.1219574"	"12.9123120"	"2s2.2p2.(3P).3p"	"2P*"	"1/2"	"2s2.2p2.(3P).4s"	"2P"	"1/2"	2	2		
""	"1577.5409"	"2.1e+06"	D+	"12.1263787"	"12.9123120"	"2s2.2p2.(3P).3p"	"2P*"	"3/2"	"2s2.2p2.(3P).4s"	"2P"	"1/2"	4	2		
""	"1579.647"	"1.94e+03"	C	"13.017878"	"13.8027638"	"2s2.2p2.(3P).3d"	"4D"	"3/2"	"2s2.2p2.(3P).5p"	"4P*"	"5/2"	4	6		
""	"1579.8370"	"1.29e+06"	D+	"13.2015647"	"13.9863558"	"2s2.2p2.(3P).4p"	"2S*"	"1/2"	"2s2.2p2.(3P).5d"	"2P"	"1/2"	2	2		
""	"1581.4700"	"1.28e+06"	D+	"13.2015647"	"13.9855454"	"2s2.2p2.(3P).4p"	"2S*"	"1/2"	"2s2.2p2.(3P).5d"	"2P"	"3/2"	2	4		
""	"1581.4727"	"9.17e+04"	C	"12.9218353"	"13.7058146"	"2s2.2p2.(3P).4s"	"2P"	"3/2"	"2s2.2p2.(1D).3p"	"2D*"	"5/2"	4	6		
""	"1582.717"	"1.73e+04"	C	"13.019401"	"13.8027638"	"2s2.2p2.(3P).3d"	"4D"	"5/2"	"2s2.2p2.(3P).5p"	"4P*"	"5/2"	6	6		
""	"1584.9875"	"7.68e+04"	C	"13.0205230"	"13.8027638"	"2s2.2p2.(3P).3d"	"4D"	"7/2"	"2s2.2p2.(3P).5p"	"4P*"	"5/2"	8	6		
""	"1586.981"	"4.78e+03"	C	"13.016403"	"13.7976614"	"2s2.2p2.(3P).3d"	"4D"	"1/2"	"2s2.2p2.(3P).5p"	"4P*"	"3/2"	2	4		
""	"1587.4477"	"1.32e+04"	C	"12.9218353"	"13.7028638"	"2s2.2p2.(3P).4s"	"2P"	"3/2"	"2s2.2p2.(1D).3p"	"2D*"	"3/2"	4	4		
""	"1589.983"	"3.04e+04"	C	"13.017878"	"13.7976614"	"2s2.2p2.(3P).3d"	"4D"	"3/2"	"2s2.2p2.(3P).5p"	"4P*"	"3/2"	4	4		
""	"1590.527"	"4.75e+04"	C	"13.016403"	"13.7959196"	"2s2.2p2.(3P).3d"	"4D"	"1/2"	"2s2.2p2.(3P).5p"	"4P*"	"1/2"	2	2		
""	"1593.094"	"5.95e+04"	C	"13.019401"	"13.7976614"	"2s2.2p2.(3P).3d"	"4D"	"5/2"	"2s2.2p2.(3P).5p"	"4P*"	"3/2"	6	4		
""	"1593.543"	"4.72e+04"	C	"13.017878"	"13.7959196"	"2s2.2p2.(3P).3d"	"4D"	"3/2"	"2s2.2p2.(3P).5p"	"4P*"	"1/2"	4	2		
""	"1625.9250"	"1.08e+05"	C	"13.2363957"	"13.9989413"	"2s2.2p2.(3P).4p"	"4D*"	"1/2"	"2s2.2p2.(3P).5d"	"4D"	"3/2"	2	4		
""	"1627.14"	"2.15e+05"	C	"13.2363957"	"13.99837"	"2s2.2p2.(3P).4p"	"4D*"	"1/2"	"2s2.2p2.(3P).5d"	"4D"	"1/2"	2	2		
""	"1630.7114"	"9.96e+04"	C	"13.2388265"	"13.9991340"	"2s2.2p2.(3P).4p"	"4D*"	"3/2"	"2s2.2p2.(3P).5d"	"4D"	"5/2"	4	6		
""	"1631.1247"	"1.71e+05"	C	"13.2388265"	"13.9989413"	"2s2.2p2.(3P).4p"	"4D*"	"3/2"	"2s2.2p2.(3P).5d"	"4D"	"3/2"	4	4		
""	"1632.34"	"2.13e+05"	C	"13.2388265"	"13.99837"	"2s2.2p2.(3P).4p"	"4D*"	"3/2"	"2s2.2p2.(3P).5d"	"4D"	"1/2"	4	2		
""	"1636.249"	"7.68e+04"	D+	"13.2363957"	"13.994130"	"2s2.2p2.(3P).4p"	"4D*"	"1/2"	"2s2.2p2.(3P).5d"	"4P"	"1/2"	2	2		
""	"1640.2531"	"5.98e+04"	C	"13.2433051"	"13.9991896"	"2s2.2p2.(3P).4p"	"4D*"	"5/2"	"2s2.2p2.(3P).5d"	"4D"	"7/2"	6	8		
""	"1640.3739"	"2.40e+05"	C	"13.2433051"	"13.9991340"	"2s2.2p2.(3P).4p"	"4D*"	"5/2"	"2s2.2p2.(3P).5d"	"4D"	"5/2"	6	6		
""	"1640.7922"	"1.47e+05"	C	"13.2433051"	"13.9989413"	"2s2.2p2.(3P).4p"	"4D*"	"5/2"	"2s2.2p2.(3P).5d"	"4D"	"3/2"	6	4		
""	"1641.1223"	"1.09e+04"	C	"13.0332041"	"13.7886883"	"2s2.2p2.(3P).3d"	"2D"	"3/2"	"2s2.2p2.(3P).5p"	"2P*"	"3/2"	4	4		
""	"1641.515"	"7.60e+04"	D+	"13.2388265"	"13.994130"	"2s2.2p2.(3P).4p"	"4D*"	"3/2"	"2s2.2p2.(3P).5d"	"4P"	"1/2"	4	2		
""	"1644.929"	"7.56e+03"	D+	"13.2363957"	"13.990131"	"2s2.2p2.(3P).4p"	"4D*"	"1/2"	"2s2.2p2.(3P).5d"	"4P"	"3/2"	2	4		
""	"1645.0161"	"1.09e+05"	C	"13.0332041"	"13.7869000"	"2s2.2p2.(3P).3d"	"2D"	"3/2"	"2s2.2p2.(3P).5p"	"2P*"	"1/2"	4	2		
""	"1647.5656"	"9.72e+04"	C	"13.0361586"	"13.7886883"	"2s2.2p2.(3P).3d"	"2D"	"5/2"	"2s2.2p2.(3P).5p"	"2P*"	"3/2"	6	4		
""	"1650.251"	"4.79e+04"	D+	"13.2388265"	"13.990131"	"2s2.2p2.(3P).4p"	"4D*"	"3/2"	"2s2.2p2.(3P).5d"	"4P"	"3/2"	4	4		
""	"1653.9527"	"2.97e+03"	D+	"13.2388265"	"13.9884501"	"2s2.2p2.(3P).4p"	"4D*"	"3/2"	"2s2.2p2.(3P).5d"	"4P"	"5/2"	4	6		
""	"1654.9595"	"3.50e+05"	C	"13.2500220"	"13.9991896"	"2s2.2p2.(3P).4p"	"4D*"	"7/2"	"2s2.2p2.(3P).5d"	"4D"	"7/2"	8	8		
""	"1655.0825"	"7.76e+04"	C	"13.2500220"	"13.9991340"	"2s2.2p2.(3P).4p"	"4D*"	"7/2"	"2s2.2p2.(3P).5d"	"4D"	"5/2"	8	6		
""	"1660.148"	"9.26e+04"	D+	"13.2433051"	"13.990131"	"2s2.2p2.(3P).4p"	"4D*"	"5/2"	"2s2.2p2.(3P).5d"	"4P"	"3/2"	6	4		
""	"1663.8935"	"2.63e+04"	D+	"13.2433051"	"13.9884501"	"2s2.2p2.(3P).4p"	"4D*"	"5/2"	"2s2.2p2.(3P).5d"	"4P"	"5/2"	6	6		
""	"1666.3237"	"9.85e+05"	C	"13.2363957"	"13.9804540"	"2s2.2p2.(3P).4p"	"4D*"	"1/2"	"2s2.2p2.(3P).5d"	"4F"	"3/2"	2	4		
""	"1668.6933"	"1.40e+06"	C	"13.2500220"	"13.9930238"	"2s2.2p2.(3P).4p"	"4D*"	"7/2"	"2s2.2p2.(3P).5d"	"4F"	"9/2"	8	10		
""	"1671.3280"	"1.20e+06"	C	"13.2433051"	"13.9851355"	"2s2.2p2.(3P).4p"	"4D*"	"5/2"	"2s2.2p2.(3P).5d"	"4F"	"7/2"	6	8		
""	"1671.6851"	"1.05e+06"	C	"13.2388265"	"13.9804985"	"2s2.2p2.(3P).4p"	"4D*"	"3/2"	"2s2.2p2.(3P).5d"	"4F"	"5/2"	4	6		
""	"1671.7854"	"3.90e+05"	C	"13.2388265"	"13.9804540"	"2s2.2p2.(3P).4p"	"4D*"	"3/2"	"2s2.2p2.(3P).5d"	"4F"	"3/2"	4	4		
""	"1679.0288"	"1.14e+05"	D+	"13.2500220"	"13.9884501"	"2s2.2p2.(3P).4p"	"4D*"	"7/2"	"2s2.2p2.(3P).5d"	"4P"	"5/2"	8	6		
""	"1681.8408"	"3.33e+05"	C	"13.2433051"	"13.9804985"	"2s2.2p2.(3P).4p"	"4D*"	"5/2"	"2s2.2p2.(3P).5d"	"4F"	"5/2"	6	6		
""	"1681.9423"	"2.74e+04"	C	"13.2433051"	"13.9804540"	"2s2.2p2.(3P).4p"	"4D*"	"5/2"	"2s2.2p2.(3P).5d"	"4F"	"3/2"	6	4		
""	"1686.443"	"5.1e+01"	D	"12.1263787"	"12.861560"	"2s2.2p2.(3P).3p"	"2P*"	"3/2"	"2s2.2p2.(3P).4s"	"4P"	"5/2"	4	6		
""	"1686.5170"	"4.16e+04"	B	"12.9706652"	"13.7058146"	"2s2.2p2.(3P).3d"	"2P"	"3/2"	"2s2.2p2.(1D).3p"	"2D*"	"5/2"	4	6		
""	"1686.5995"	"1.93e+05"	C	"13.2500220"	"13.9851355"	"2s2.2p2.(3P).4p"	"4D*"	"7/2"	"2s2.2p2.(3P).5d"	"4F"	"7/2"	8	8		
""	"1686.7400"	"4.44e+05"	C	"13.2638891"	"13.9989413"	"2s2.2p2.(3P).4p"	"4P*"	"1/2"	"2s2.2p2.(3P).5d"	"4D"	"3/2"	2	4		
""	"1688.04"	"8.86e+05"	C	"13.2638891"	"13.99837"	"2s2.2p2.(3P).4p"	"4P*"	"1/2"	"2s2.2p2.(3P).5d"	"4D"	"1/2"	2	2		
""	"1690.7320"	"7.41e+05"	C	"13.2658173"	"13.9991340"	"2s2.2p2.(3P).4p"	"4P*"	"3/2"	"2s2.2p2.(3P).5d"	"4D"	"5/2"	4	6		
""	"1691.1763"	"5.64e+05"	C	"13.2658173"	"13.9989413"	"2s2.2p2.(3P).4p"	"4P*"	"3/2"	"2s2.2p2.(3P).5d"	"4D"	"3/2"	4	4		
""	"1692.49"	"1.76e+05"	C	"13.2658173"	"13.99837"	"2s2.2p2.(3P).4p"	"4P*"	"3/2"	"2s2.2p2.(3P).5d"	"4D"	"1/2"	4	2		
""	"1693.3138"	"1.13e+04"	B	"12.9706652"	"13.7028638"	"2s2.2p2.(3P).3d"	"2P"	"3/2"	"2s2.2p2.(1D).3p"	"2D*"	"3/2"	4	4		
""	"1695.783"	"1.2e+03"	D	"12.1219574"	"12.853090"	"2s2.2p2.(3P).3p"	"2P*"	"1/2"	"2s2.2p2.(3P).4s"	"4P"	"3/2"	2	4		
""	"1697.3059"	"1.29e+04"	C	"13.2500220"	"13.9804985"	"2s2.2p2.(3P).4p"	"4D*"	"7/2"	"2s2.2p2.(3P).5d"	"4F"	"5/2"	8	6		
""	"1697.853"	"6.01e+04"	D+	"13.2638891"	"13.994130"	"2s2.2p2.(3P).4p"	"4P*"	"1/2"	"2s2.2p2.(3P).5d"	"4P"	"1/2"	2	2		
""	"1702.348"	"2.98e+05"	D+	"13.2658173"	"13.994130"	"2s2.2p2.(3P).4p"	"4P*"	"3/2"	"2s2.2p2.(3P).5d"	"4P"	"1/2"	4	2		
""	"1702.4145"	"1.04e+06"	C	"13.2709052"	"13.9991896"	"2s2.2p2.(3P).4p"	"4P*"	"5/2"	"2s2.2p2.(3P).5d"	"4D"	"7/2"	6	8		
""	"1702.5447"	"3.11e+05"	C	"13.2709052"	"13.9991340"	"2s2.2p2.(3P).4p"	"4P*"	"5/2"	"2s2.2p2.(3P).5d"	"4D"	"5/2"	6	6		
""	"1702.9952"	"5.18e+04"	C	"13.2709052"	"13.9989413"	"2s2.2p2.(3P).4p"	"4P*"	"5/2"	"2s2.2p2.(3P).5d"	"4D"	"3/2"	6	4		
""	"1704.4428"	"2.93e+04"	B	"12.9754460"	"13.7028638"	"2s2.2p2.(3P).3d"	"2P"	"1/2"	"2s2.2p2.(1D).3p"	"2D*"	"3/2"	2	4		
""	"1706.100"	"4.7e+03"	D	"12.1263787"	"12.853090"	"2s2.2p2.(3P).3p"	"2P*"	"3/2"	"2s2.2p2.(3P).4s"	"4P"	"3/2"	4	4		
""	"1707.201"	"1.48e+05"	D+	"13.2638891"	"13.990131"	"2s2.2p2.(3P).4p"	"4P*"	"1/2"	"2s2.2p2.(3P).5d"	"4P"	"3/2"	2	4		
""	"1708.721"	"2.8e+03"	D	"12.1219574"	"12.847554"	"2s2.2p2.(3P).3p"	"2P*"	"1/2"	"2s2.2p2.(3P).4s"	"4P"	"1/2"	2	2		
""	"1711.746"	"4.69e+04"	D+	"13.2658173"	"13.990131"	"2s2.2p2.(3P).4p"	"4P*"	"3/2"	"2s2.2p2.(3P).5d"	"4P"	"3/2"	4	4		
""	"1715.7288"	"1.05e+05"	D+	"13.2658173"	"13.9884501"	"2s2.2p2.(3P).4p"	"4P*"	"3/2"	"2s2.2p2.(3P).5d"	"4P"	"5/2"	4	6		
""	"1719.197"	"9.9e+02"	D	"12.1263787"	"12.847554"	"2s2.2p2.(3P).3p"	"2P*"	"3/2"	"2s2.2p2.(3P).4s"	"4P"	"1/2"	4	2		
""	"1723.855"	"1.55e+05"	D+	"13.2709052"	"13.990131"	"2s2.2p2.(3P).4p"	"4P*"	"5/2"	"2s2.2p2.(3P).5d"	"4P"	"3/2"	6	4		
""	"1727.8946"	"2.39e+05"	D+	"13.2709052"	"13.9884501"	"2s2.2p2.(3P).4p"	"4P*"	"5/2"	"2s2.2p2.(3P).5d"	"4P"	"5/2"	6	6		
""	"1735.2010"	"1.91e+04"	C	"13.2889721"	"14.0034956"	"2s2.2p2.(3P).4p"	"2D*"	"3/2"	"2s2.2p2.(3P).5d"	"2D"	"5/2"	4	6		
""	"1740.8662"	"2.55e+05"	C	"13.2889721"	"14.0011704"	"2s2.2p2.(3P).4p"	"2D*"	"3/2"	"2s2.2p2.(3P).5d"	"2D"	"3/2"	4	4		
""	"1756.6348"	"2.57e+05"	C	"13.2976904"	"14.0034956"	"2s2.2p2.(3P).4p"	"2D*"	"5/2"	"2s2.2p2.(3P).5d"	"2D"	"5/2"	6	6		
""	"1762.4409"	"2.73e+04"	C	"13.2976904"	"14.0011704"	"2s2.2p2.(3P).4p"	"2D*"	"5/2"	"2s2.2p2.(3P).5d"	"2D"	"3/2"	6	4		
""	"1773.6371"	"9.23e+05"	C	"13.2976904"	"13.9967297"	"2s2.2p2.(3P).4p"	"2D*"	"5/2"	"2s2.2p2.(3P).5d"	"2F"	"7/2"	6	8		
""	"1776.2841"	"8.58e+05"	C	"13.2889721"	"13.9869696"	"2s2.2p2.(3P).4p"	"2D*"	"3/2"	"2s2.2p2.(3P).5d"	"2F"	"5/2"	4	6		
""	"1777.8476"	"3.52e+05"	D+	"13.2889721"	"13.9863558"	"2s2.2p2.(3P).4p"	"2D*"	"3/2"	"2s2.2p2.(3P).5d"	"2P"	"1/2"	4	2		
""	"1779.916"	"3.51e+04"	D+	"13.2889721"	"13.9855454"	"2s2.2p2.(3P).4p"	"2D*"	"3/2"	"2s2.2p2.(3P).5d"	"2P"	"3/2"	4	4		
""	"1798.751"	"5.90e+04"	C	"13.2976904"	"13.9869696"	"2s2.2p2.(3P).4p"	"2D*"	"5/2"	"2s2.2p2.(3P).5d"	"2F"	"5/2"	6	6		
""	"1802.476"	"3.04e+05"	D+	"13.2976904"	"13.9855454"	"2s2.2p2.(3P).4p"	"2D*"	"5/2"	"2s2.2p2.(3P).5d"	"2P"	"3/2"	6	4		
""	"1843.328"	"6.22e+03"	C+	"13.0332041"	"13.7058146"	"2s2.2p2.(3P).3d"	"2D"	"3/2"	"2s2.2p2.(1D).3p"	"2D*"	"5/2"	4	6		
""	"1843.44"	"5.04e+05"	D+	"13.3215593"	"13.994130"	"2s2.2p2.(3P).4p"	"4S*"	"3/2"	"2s2.2p2.(3P).5d"	"4P"	"1/2"	4	2		
""	"1851.451"	"5.94e+04"	C+	"13.0332041"	"13.7028638"	"2s2.2p2.(3P).3d"	"2D"	"3/2"	"2s2.2p2.(1D).3p"	"2D*"	"3/2"	4	4		
""	"1851.461"	"6.92e+04"	C+	"13.0361586"	"13.7058146"	"2s2.2p2.(3P).3d"	"2D"	"5/2"	"2s2.2p2.(1D).3p"	"2D*"	"5/2"	6	6		
""	"1854.46"	"4.95e+05"	D+	"13.3215593"	"13.990131"	"2s2.2p2.(3P).4p"	"4S*"	"3/2"	"2s2.2p2.(3P).5d"	"4P"	"3/2"	4	4		
""	"1859.138"	"4.91e+05"	D+	"13.3215593"	"13.9884501"	"2s2.2p2.(3P).4p"	"4S*"	"3/2"	"2s2.2p2.(3P).5d"	"4P"	"5/2"	4	6		
""	"1873.155"	"4.31e+05"	C	"13.3392701"	"14.0011704"	"2s2.2p2.(3P).4p"	"2P*"	"1/2"	"2s2.2p2.(3P).5d"	"2D"	"3/2"	2	4		
""	"1880.574"	"5.11e+05"	C	"13.3442064"	"14.0034956"	"2s2.2p2.(3P).4p"	"2P*"	"3/2"	"2s2.2p2.(3P).5d"	"2D"	"5/2"	4	6		
""	"1887.230"	"8.42e+04"	C	"13.3442064"	"14.0011704"	"2s2.2p2.(3P).4p"	"2P*"	"3/2"	"2s2.2p2.(3P).5d"	"2D"	"3/2"	4	4		
""	"1909.940"	"1.37e+05"	D+	"13.3215593"	"13.9707117"	"2s2.2p2.(3P).4p"	"4S*"	"3/2"	"2s2.2p2.(3P).6s"	"4P"	"5/2"	4	6		
""	"1936.487"	"1.31e+05"	D+	"13.3215593"	"13.9618125"	"2s2.2p2.(3P).4p"	"4S*"	"3/2"	"2s2.2p2.(3P).6s"	"4P"	"3/2"	4	4		
""	"1953.183"	"1.28e+05"	D+	"13.3215593"	"13.9563396"	"2s2.2p2.(3P).4p"	"4S*"	"3/2"	"2s2.2p2.(3P).6s"	"4P"	"1/2"	4	2		
""	"1968.616"	"7.61e+03"	C	"13.7869000"	"14.4167038"	"2s2.2p2.(3P).5p"	"2P*"	"1/2"	"2s2.2p2.(1S).3s"	"2S"	"1/2"	2	2		
""	"1974.222"	"1.51e+04"	C	"13.7886883"	"14.4167038"	"2s2.2p2.(3P).5p"	"2P*"	"3/2"	"2s2.2p2.(1S).3s"	"2S"	"1/2"	4	2		
""	"2046.455"	"1.2e-03"	D	"10.3259087"	"10.9317574"	"2s2.2p2.(3P).3s"	"4P"	"1/2"	"2s.2p4"	"4P"	"1/2"	2	2	M1	
""	"2054.612"	"4.7e-04"	D	"10.3259087"	"10.9293522"	"2s2.2p2.(3P).3s"	"4P"	"1/2"	"2s.2p4"	"4P"	"3/2"	2	4	M1	
""	"2054.612"	"4.2e-06"	D	"10.3259087"	"10.9293522"	"2s2.2p2.(3P).3s"	"4P"	"1/2"	"2s.2p4"	"4P"	"3/2"	2	4	E2	
""	"2060.691"	"7.3e-05"	D	"10.3300944"	"10.9317574"	"2s2.2p2.(3P).3s"	"4P"	"3/2"	"2s.2p4"	"4P"	"1/2"	4	2	M1	
""	"2060.691"	"8.1e-06"	D	"10.3300944"	"10.9317574"	"2s2.2p2.(3P).3s"	"4P"	"3/2"	"2s.2p4"	"4P"	"1/2"	4	2	E2	
""	"2068.963"	"2.8e-03"	D	"10.3300944"	"10.9293522"	"2s2.2p2.(3P).3s"	"4P"	"3/2"	"2s.2p4"	"4P"	"3/2"	4	4	M1	
""	"2068.963"	"2.5e-05"	D	"10.3300944"	"10.9293522"	"2s2.2p2.(3P).3s"	"4P"	"3/2"	"2s.2p4"	"4P"	"3/2"	4	4	E2	
""	"2073.317"	"2.3e-05"	D	"10.3259087"	"10.9239080"	"2s2.2p2.(3P).3s"	"4P"	"1/2"	"2s.2p4"	"4P"	"5/2"	2	6	E2	
""	"2080.754"	"6.3e-05"	D	"10.3358956"	"10.9317574"	"2s2.2p2.(3P).3s"	"4P"	"5/2"	"2s.2p4"	"4P"	"1/2"	6	2	E2	
""	"2087.931"	"5.9e-04"	D	"10.3300944"	"10.9239080"	"2s2.2p2.(3P).3s"	"4P"	"3/2"	"2s.2p4"	"4P"	"5/2"	4	6	M1	
""	"2087.931"	"3.0e-05"	D	"10.3300944"	"10.9239080"	"2s2.2p2.(3P).3s"	"4P"	"3/2"	"2s.2p4"	"4P"	"5/2"	4	6	E2	
""	"2089.187"	"4.2e-05"	D	"10.3358956"	"10.9293522"	"2s2.2p2.(3P).3s"	"4P"	"5/2"	"2s.2p4"	"4P"	"3/2"	6	4	E2	
""	"2108.530"	"6.6e-03"	D	"10.3358956"	"10.9239080"	"2s2.2p2.(3P).3s"	"4P"	"5/2"	"2s.2p4"	"4P"	"5/2"	6	6	M1	
""	"2108.530"	"1.7e-05"	D	"10.3358956"	"10.9239080"	"2s2.2p2.(3P).3s"	"4P"	"5/2"	"2s.2p4"	"4P"	"5/2"	6	6	E2	
""	"2453.8"	"1.66e+04"	D+	"13.8244077"	"14.32967"	"2s2.2p2.(3P).5p"	"4S*"	"3/2"	"2s2.2p2.(3P).9s"	"4P"	"5/2"	4	6		
""	"2503.7"	"1.57e+04"	D+	"13.8244077"	"14.31962"	"2s2.2p2.(3P).5p"	"4S*"	"3/2"	"2s2.2p2.(3P).9s"	"4P"	"3/2"	4	4		
""	"2509.693"	"2.99e+04"	C	"13.9226824"	"14.4167038"	"2s2.2p2.(1D).3p"	"2P*"	"1/2"	"2s2.2p2.(1S).3s"	"2S"	"1/2"	2	2		
""	"2526.048"	"5.86e+04"	C	"13.9258810"	"14.4167038"	"2s2.2p2.(1D).3p"	"2P*"	"3/2"	"2s2.2p2.(1S).3s"	"2S"	"1/2"	4	2		
""	"2532.8"	"1.51e+04"	D+	"13.8244077"	"14.31391"	"2s2.2p2.(3P).5p"	"4S*"	"3/2"	"2s2.2p2.(3P).9s"	"4P"	"1/2"	4	2		
""	"2615.67"	"7.29e+05"	D+	"12.847554"	"13.3215593"	"2s2.2p2.(3P).4s"	"4P"	"1/2"	"2s2.2p2.(3P).4p"	"4S*"	"3/2"	2	4		
""	"2646.58"	"1.41e+06"	D+	"12.853090"	"13.3215593"	"2s2.2p2.(3P).4s"	"4P"	"3/2"	"2s2.2p2.(3P).4p"	"4S*"	"3/2"	4	4		
""	"2654.362"	"4.12e+06"	D+	"13.2015647"	"13.6686606"	"2s2.2p2.(3P).4p"	"2S*"	"1/2"	"2s2.2p2.(3P).4d"	"2P"	"1/2"	2	2		
""	"2672.148"	"4.04e+06"	D+	"13.2015647"	"13.6655516"	"2s2.2p2.(3P).4p"	"2S*"	"1/2"	"2s2.2p2.(3P).4d"	"2P"	"3/2"	2	4		
""	"2695.31"	"2.00e+06"	D+	"12.861560"	"13.3215593"	"2s2.2p2.(3P).4s"	"4P"	"5/2"	"2s2.2p2.(3P).4p"	"4S*"	"3/2"	6	4		
""	"2749.721"	"3.95e+05"	C	"13.2363957"	"13.6872930"	"2s2.2p2.(3P).4p"	"4D*"	"1/2"	"2s2.2p2.(3P).4d"	"4D"	"3/2"	2	4		
""	"2757.051"	"7.83e+05"	C	"13.2363957"	"13.6860943"	"2s2.2p2.(3P).4p"	"4D*"	"1/2"	"2s2.2p2.(3P).4d"	"4D"	"1/2"	2	2		
""	"2760.129"	"3.64e+05"	C	"13.2388265"	"13.6880236"	"2s2.2p2.(3P).4p"	"4D*"	"3/2"	"2s2.2p2.(3P).4d"	"4D"	"5/2"	4	6		
""	"2764.626"	"6.22e+05"	C	"13.2388265"	"13.6872930"	"2s2.2p2.(3P).4p"	"4D*"	"3/2"	"2s2.2p2.(3P).4d"	"4D"	"3/2"	4	4		
""	"2772.035"	"7.71e+05"	C	"13.2388265"	"13.6860943"	"2s2.2p2.(3P).4p"	"4D*"	"3/2"	"2s2.2p2.(3P).4d"	"4D"	"1/2"	4	2		
""	"2784.520"	"2.34e+05"	D+	"13.2363957"	"13.6816580"	"2s2.2p2.(3P).4p"	"4D*"	"1/2"	"2s2.2p2.(3P).4d"	"4P"	"1/2"	2	2		
""	"2786.477"	"2.16e+05"	C	"13.2433051"	"13.6882547"	"2s2.2p2.(3P).4p"	"4D*"	"5/2"	"2s2.2p2.(3P).4d"	"4D"	"7/2"	6	8		
""	"2787.925"	"8.69e+05"	C	"13.2433051"	"13.6880236"	"2s2.2p2.(3P).4p"	"4D*"	"5/2"	"2s2.2p2.(3P).4d"	"4D"	"5/2"	6	6		
""	"2792.513"	"5.28e+05"	C	"13.2433051"	"13.6872930"	"2s2.2p2.(3P).4p"	"4D*"	"5/2"	"2s2.2p2.(3P).4d"	"4D"	"3/2"	6	4		
""	"2799.805"	"2.30e+05"	D+	"13.2388265"	"13.6816580"	"2s2.2p2.(3P).4p"	"4D*"	"3/2"	"2s2.2p2.(3P).4d"	"4P"	"1/2"	4	2		
""	"2805.844"	"2.29e+04"	D+	"13.2363957"	"13.6782741"	"2s2.2p2.(3P).4p"	"4D*"	"1/2"	"2s2.2p2.(3P).4d"	"4P"	"3/2"	2	4		
""	"2821.365"	"1.44e+05"	D+	"13.2388265"	"13.6782741"	"2s2.2p2.(3P).4p"	"4D*"	"3/2"	"2s2.2p2.(3P).4d"	"4P"	"3/2"	4	4		
""	"2829.186"	"1.24e+06"	C	"13.2500220"	"13.6882547"	"2s2.2p2.(3P).4p"	"4D*"	"7/2"	"2s2.2p2.(3P).4d"	"4D"	"7/2"	8	8		
""	"2830.679"	"2.75e+05"	C	"13.2500220"	"13.6880236"	"2s2.2p2.(3P).4p"	"4D*"	"7/2"	"2s2.2p2.(3P).4d"	"4D"	"5/2"	8	6		
""	"2839.589"	"8.84e+03"	D+	"13.2388265"	"13.6754539"	"2s2.2p2.(3P).4p"	"4D*"	"3/2"	"2s2.2p2.(3P).4d"	"4P"	"5/2"	4	6		
""	"2841.0"	"2.54e+04"	D+	"13.8244077"	"14.26082"	"2s2.2p2.(3P).5p"	"4S*"	"3/2"	"2s2.2p2.(3P).8s"	"4P"	"5/2"	4	6		
""	"2850.414"	"2.75e+05"	D+	"13.2433051"	"13.6782741"	"2s2.2p2.(3P).4p"	"4D*"	"5/2"	"2s2.2p2.(3P).4d"	"4P"	"3/2"	6	4		
""	"2869.016"	"7.71e+04"	D+	"13.2433051"	"13.6754539"	"2s2.2p2.(3P).4p"	"4D*"	"5/2"	"2s2.2p2.(3P).4d"	"4P"	"5/2"	6	6		
""	"2870.707"	"7.69e+05"	D+	"12.9123120"	"13.3442064"	"2s2.2p2.(3P).4s"	"2P"	"1/2"	"2s2.2p2.(3P).4p"	"2P*"	"3/2"	2	4		
""	"2903.896"	"2.97e+06"	D+	"12.9123120"	"13.3392701"	"2s2.2p2.(3P).4s"	"2P"	"1/2"	"2s2.2p2.(3P).4p"	"2P*"	"1/2"	2	2		
""	"2908.9"	"2.37e+04"	D+	"13.8244077"	"14.25063"	"2s2.2p2.(3P).5p"	"4S*"	"3/2"	"2s2.2p2.(3P).8s"	"4P"	"3/2"	4	4		
""	"2910.426"	"3.99e+06"	C	"13.2363957"	"13.6623958"	"2s2.2p2.(3P).4p"	"4D*"	"1/2"	"2s2.2p2.(3P).4d"	"4F"	"3/2"	2	4		
""	"2911.549"	"5.70e+06"	C	"13.2500220"	"13.6758579"	"2s2.2p2.(3P).4p"	"4D*"	"7/2"	"2s2.2p2.(3P).4d"	"4F"	"9/2"	8	10		
""	"2912.006"	"4.27e+06"	C	"13.2388265"	"13.6645956"	"2s2.2p2.(3P).4p"	"4D*"	"3/2"	"2s2.2p2.(3P).4d"	"4F"	"5/2"	4	6		
""	"2913.049"	"4.88e+06"	C	"13.2433051"	"13.6689216"	"2s2.2p2.(3P).4p"	"4D*"	"5/2"	"2s2.2p2.(3P).4d"	"4F"	"7/2"	6	8		
""	"2914.314"	"3.27e+05"	D+	"13.2500220"	"13.6754539"	"2s2.2p2.(3P).4p"	"4D*"	"7/2"	"2s2.2p2.(3P).4d"	"4P"	"5/2"	8	6		
""	"2927.129"	"1.57e+06"	C	"13.2388265"	"13.6623958"	"2s2.2p2.(3P).4p"	"4D*"	"3/2"	"2s2.2p2.(3P).4d"	"4F"	"3/2"	4	4		
""	"2928.272"	"1.81e+06"	C	"13.2638891"	"13.6872930"	"2s2.2p2.(3P).4p"	"4P*"	"1/2"	"2s2.2p2.(3P).4d"	"4D"	"3/2"	2	4		
""	"2935.433"	"3.60e+06"	D+	"12.9218353"	"13.3442064"	"2s2.2p2.(3P).4s"	"2P"	"3/2"	"2s2.2p2.(3P).4p"	"2P*"	"3/2"	4	4		
""	"2936.578"	"3.01e+06"	C	"13.2658173"	"13.6880236"	"2s2.2p2.(3P).4p"	"4P*"	"3/2"	"2s2.2p2.(3P).4d"	"4D"	"5/2"	4	6		
""	"2936.586"	"3.58e+06"	C	"13.2638891"	"13.6860943"	"2s2.2p2.(3P).4p"	"4P*"	"1/2"	"2s2.2p2.(3P).4d"	"4D"	"1/2"	2	2		
""	"2941.669"	"2.28e+06"	C	"13.2658173"	"13.6872930"	"2s2.2p2.(3P).4p"	"4P*"	"3/2"	"2s2.2p2.(3P).4d"	"4D"	"3/2"	4	4		
""	"2942.962"	"1.34e+06"	C	"13.2433051"	"13.6645956"	"2s2.2p2.(3P).4p"	"4D*"	"5/2"	"2s2.2p2.(3P).4d"	"4F"	"5/2"	6	6		
""	"2947.6"	"2.28e+04"	D+	"13.8244077"	"14.24504"	"2s2.2p2.(3P).5p"	"4S*"	"3/2"	"2s2.2p2.(3P).8s"	"4P"	"1/2"	4	2		
""	"2950.059"	"7.07e+05"	C	"13.2658173"	"13.6860943"	"2s2.2p2.(3P).4p"	"4P*"	"3/2"	"2s2.2p2.(3P).4d"	"4D"	"1/2"	4	2		
""	"2958.409"	"1.09e+05"	C	"13.2433051"	"13.6623958"	"2s2.2p2.(3P).4p"	"4D*"	"5/2"	"2s2.2p2.(3P).4d"	"4F"	"3/2"	6	4		
""	"2959.759"	"7.73e+05"	C	"13.2500220"	"13.6689216"	"2s2.2p2.(3P).4p"	"4D*"	"7/2"	"2s2.2p2.(3P).4d"	"4F"	"7/2"	8	8		
""	"2964.26"	"1.72e+06"	D+	"12.847554"	"13.2658173"	"2s2.2p2.(3P).4s"	"4P"	"1/2"	"2s2.2p2.(3P).4p"	"4P*"	"3/2"	2	4		
""	"2967.44"	"1.24e+06"	D+	"12.853090"	"13.2709052"	"2s2.2p2.(3P).4s"	"4P"	"3/2"	"2s2.2p2.(3P).4p"	"4P*"	"5/2"	4	6		
""	"2967.769"	"2.89e+05"	D+	"13.2638891"	"13.6816580"	"2s2.2p2.(3P).4p"	"4P*"	"1/2"	"2s2.2p2.(3P).4d"	"4P"	"1/2"	2	2		
""	"2970.145"	"1.39e+06"	D+	"12.9218353"	"13.3392701"	"2s2.2p2.(3P).4s"	"2P"	"3/2"	"2s2.2p2.(3P).4p"	"2P*"	"1/2"	4	2		
""	"2970.752"	"4.15e+06"	C	"13.2709052"	"13.6882547"	"2s2.2p2.(3P).4p"	"4P*"	"5/2"	"2s2.2p2.(3P).4d"	"4D"	"7/2"	6	8		
""	"2972.398"	"1.24e+06"	C	"13.2709052"	"13.6880236"	"2s2.2p2.(3P).4p"	"4P*"	"5/2"	"2s2.2p2.(3P).4d"	"4D"	"5/2"	6	6		
""	"2977.614"	"2.06e+05"	C	"13.2709052"	"13.6872930"	"2s2.2p2.(3P).4p"	"4P*"	"5/2"	"2s2.2p2.(3P).4d"	"4D"	"3/2"	6	4		
""	"2977.99"	"6.79e+05"	D+	"12.847554"	"13.2638891"	"2s2.2p2.(3P).4s"	"4P"	"1/2"	"2s2.2p2.(3P).4p"	"4P*"	"1/2"	2	2		
""	"2981.531"	"1.42e+06"	D+	"13.2658173"	"13.6816580"	"2s2.2p2.(3P).4p"	"4P*"	"3/2"	"2s2.2p2.(3P).4d"	"4P"	"1/2"	4	2		
""	"2990.644"	"5.08e+04"	C	"13.2500220"	"13.6645956"	"2s2.2p2.(3P).4p"	"4D*"	"7/2"	"2s2.2p2.(3P).4d"	"4F"	"5/2"	8	6		
""	"2992.004"	"7.05e+05"	D+	"13.2638891"	"13.6782741"	"2s2.2p2.(3P).4p"	"4P*"	"1/2"	"2s2.2p2.(3P).4d"	"4P"	"3/2"	2	4		
""	"3004.02"	"5.29e+05"	D+	"12.853090"	"13.2658173"	"2s2.2p2.(3P).4s"	"4P"	"3/2"	"2s2.2p2.(3P).4p"	"4P*"	"3/2"	4	4		
""	"3005.992"	"2.22e+05"	D+	"13.2658173"	"13.6782741"	"2s2.2p2.(3P).4p"	"4P*"	"3/2"	"2s2.2p2.(3P).4d"	"4P"	"3/2"	4	4		
""	"3018.12"	"3.26e+06"	D+	"12.853090"	"13.2638891"	"2s2.2p2.(3P).4s"	"4P"	"3/2"	"2s2.2p2.(3P).4p"	"4P*"	"1/2"	4	2		
""	"3026.688"	"4.90e+05"	D+	"13.2658173"	"13.6754539"	"2s2.2p2.(3P).4p"	"4P*"	"3/2"	"2s2.2p2.(3P).4d"	"4P"	"5/2"	4	6		
""	"3028.84"	"2.71e+06"	D+	"12.861560"	"13.2709052"	"2s2.2p2.(3P).4s"	"4P"	"5/2"	"2s2.2p2.(3P).4p"	"4P*"	"5/2"	6	6		
""	"3041.866"	"8.68e+04"	C	"13.2889721"	"13.6965647"	"2s2.2p2.(3P).4p"	"2D*"	"3/2"	"2s2.2p2.(3P).4d"	"2D"	"5/2"	4	6		
""	"3043.536"	"7.23e+05"	D+	"13.2709052"	"13.6782741"	"2s2.2p2.(3P).4p"	"4P*"	"5/2"	"2s2.2p2.(3P).4d"	"4P"	"3/2"	6	4		
""	"3063.496"	"1.15e+06"	C	"13.2889721"	"13.6936867"	"2s2.2p2.(3P).4p"	"2D*"	"3/2"	"2s2.2p2.(3P).4d"	"2D"	"3/2"	4	4		
""	"3064.754"	"1.10e+06"	D+	"13.2709052"	"13.6754539"	"2s2.2p2.(3P).4p"	"4P*"	"5/2"	"2s2.2p2.(3P).4d"	"4P"	"5/2"	6	6		
""	"3066.97"	"1.68e+06"	D+	"12.861560"	"13.2658173"	"2s2.2p2.(3P).4s"	"4P"	"5/2"	"2s2.2p2.(3P).4p"	"4P*"	"3/2"	6	4		
""	"3108.353"	"1.14e+06"	C	"13.2976904"	"13.6965647"	"2s2.2p2.(3P).4p"	"2D*"	"5/2"	"2s2.2p2.(3P).4d"	"2D"	"5/2"	6	6		
""	"3130.943"	"1.19e+05"	C	"13.2976904"	"13.6936867"	"2s2.2p2.(3P).4p"	"2D*"	"5/2"	"2s2.2p2.(3P).4d"	"2D"	"3/2"	6	4		
""	"3168.74"	"1.31e+06"	D+	"12.847554"	"13.2388265"	"2s2.2p2.(3P).4s"	"4P"	"1/2"	"2s2.2p2.(3P).4p"	"4D*"	"3/2"	2	4		
""	"3176.293"	"5.89e+04"	D+	"13.2388265"	"13.6291690"	"2s2.2p2.(3P).4p"	"4D*"	"3/2"	"2s2.2p2.(3P).5s"	"4P"	"5/2"	4	6		
""	"3177.33"	"2.18e+06"	D+	"12.853090"	"13.2433051"	"2s2.2p2.(3P).4s"	"4P"	"3/2"	"2s2.2p2.(3P).4p"	"4D*"	"5/2"	4	6		
""	"3188.55"	"2.57e+06"	D+	"12.847554"	"13.2363957"	"2s2.2p2.(3P).4s"	"4P"	"1/2"	"2s2.2p2.(3P).4p"	"4D*"	"1/2"	2	2		
""	"3191.67"	"3.07e+06"	D+	"12.861560"	"13.2500220"	"2s2.2p2.(3P).4s"	"4P"	"5/2"	"2s2.2p2.(3P).4p"	"4D*"	"7/2"	6	8		
""	"3213.159"	"5.12e+05"	D+	"13.2433051"	"13.6291690"	"2s2.2p2.(3P).4p"	"4D*"	"5/2"	"2s2.2p2.(3P).5s"	"4P"	"5/2"	6	6		
""	"3214.22"	"1.60e+06"	D+	"12.853090"	"13.2388265"	"2s2.2p2.(3P).4s"	"4P"	"3/2"	"2s2.2p2.(3P).4p"	"4D*"	"3/2"	4	4		
""	"3216.100"	"4.72e+06"	C	"13.2976904"	"13.6832014"	"2s2.2p2.(3P).4p"	"2D*"	"5/2"	"2s2.2p2.(3P).4d"	"2F"	"7/2"	6	8		
""	"3222.151"	"4.38e+06"	C	"13.2889721"	"13.6737591"	"2s2.2p2.(3P).4p"	"2D*"	"3/2"	"2s2.2p2.(3P).4d"	"2F"	"5/2"	4	6		
""	"3228.109"	"1.40e+05"	D+	"13.2363957"	"13.6204726"	"2s2.2p2.(3P).4p"	"4D*"	"1/2"	"2s2.2p2.(3P).5s"	"4P"	"3/2"	2	4		
""	"3234.60"	"4.92e+05"	D+	"12.853090"	"13.2363957"	"2s2.2p2.(3P).4s"	"4P"	"3/2"	"2s2.2p2.(3P).4p"	"4D*"	"1/2"	4	2		
""	"3247.83"	"8.74e+05"	D+	"12.861560"	"13.2433051"	"2s2.2p2.(3P).4s"	"4P"	"5/2"	"2s2.2p2.(3P).4p"	"4D*"	"5/2"	6	6		
""	"3248.670"	"8.81e+05"	D+	"13.2388265"	"13.6204726"	"2s2.2p2.(3P).4p"	"4D*"	"3/2"	"2s2.2p2.(3P).5s"	"4P"	"3/2"	4	4		
""	"3265.418"	"1.00e+06"	D+	"13.2889721"	"13.6686606"	"2s2.2p2.(3P).4p"	"2D*"	"3/2"	"2s2.2p2.(3P).4d"	"2P"	"1/2"	4	2		
""	"3270.083"	"2.16e+06"	D+	"13.2500220"	"13.6291690"	"2s2.2p2.(3P).4p"	"4D*"	"7/2"	"2s2.2p2.(3P).5s"	"4P"	"5/2"	8	6		
""	"3274.928"	"1.34e+06"	D+	"13.2363957"	"13.6149817"	"2s2.2p2.(3P).4p"	"4D*"	"1/2"	"2s2.2p2.(3P).5s"	"4P"	"1/2"	2	2		
""	"3286.39"	"1.41e+05"	D+	"12.861560"	"13.2388265"	"2s2.2p2.(3P).4s"	"4P"	"5/2"	"2s2.2p2.(3P).4p"	"4D*"	"3/2"	6	4		
""	"3287.245"	"1.67e+06"	D+	"13.2433051"	"13.6204726"	"2s2.2p2.(3P).4p"	"4D*"	"5/2"	"2s2.2p2.(3P).5s"	"4P"	"3/2"	6	4		
""	"3291.674"	"2.12e+06"	D+	"12.9123120"	"13.2889721"	"2s2.2p2.(3P).4s"	"2P"	"1/2"	"2s2.2p2.(3P).4p"	"2D*"	"3/2"	2	4		
""	"3292.377"	"9.79e+04"	D+	"13.2889721"	"13.6655516"	"2s2.2p2.(3P).4p"	"2D*"	"3/2"	"2s2.2p2.(3P).4d"	"2P"	"3/2"	4	4		
""	"3296.092"	"1.32e+06"	D+	"13.2388265"	"13.6149817"	"2s2.2p2.(3P).4p"	"4D*"	"3/2"	"2s2.2p2.(3P).5s"	"4P"	"1/2"	4	2		
""	"3296.849"	"2.92e+05"	C	"13.2976904"	"13.6737591"	"2s2.2p2.(3P).4p"	"2D*"	"5/2"	"2s2.2p2.(3P).4d"	"2F"	"5/2"	6	6		
""	"3298.723"	"2.53e+06"	D+	"12.9218353"	"13.2976904"	"2s2.2p2.(3P).4s"	"2P"	"3/2"	"2s2.2p2.(3P).4p"	"2D*"	"5/2"	4	6		
""	"3319.157"	"2.02e+04"	D+	"12.9706652"	"13.3442064"	"2s2.2p2.(3P).3d"	"2P"	"3/2"	"2s2.2p2.(3P).4p"	"2P*"	"3/2"	4	4		
""	"3362.189"	"3.88e+03"	D+	"12.9754460"	"13.3442064"	"2s2.2p2.(3P).3d"	"2P"	"1/2"	"2s2.2p2.(3P).4p"	"2P*"	"3/2"	2	4		
""	"3363.607"	"7.75e+03"	D+	"12.9706652"	"13.3392701"	"2s2.2p2.(3P).3d"	"2P"	"3/2"	"2s2.2p2.(3P).4p"	"2P*"	"1/2"	4	2		
""	"3370.407"	"8.21e+05"	D+	"13.2976904"	"13.6655516"	"2s2.2p2.(3P).4p"	"2D*"	"5/2"	"2s2.2p2.(3P).4d"	"2P"	"3/2"	6	4		
""	"3377.057"	"3.93e+05"	D+	"12.9218353"	"13.2889721"	"2s2.2p2.(3P).4s"	"2P"	"3/2"	"2s2.2p2.(3P).4p"	"2D*"	"3/2"	4	4		
""	"3407.806"	"1.49e+04"	D+	"12.9754460"	"13.3392701"	"2s2.2p2.(3P).3d"	"2P"	"1/2"	"2s2.2p2.(3P).4p"	"2P*"	"1/2"	2	2		
""	"3412.237"	"6.99e+05"	D+	"13.2658173"	"13.6291690"	"2s2.2p2.(3P).4p"	"4P*"	"3/2"	"2s2.2p2.(3P).5s"	"4P"	"5/2"	4	6		
""	"3423.431"	"2.03e+05"	D+	"13.2889721"	"13.6511356"	"2s2.2p2.(3P).4p"	"2D*"	"3/2"	"2s2.2p2.(3P).5s"	"2P"	"3/2"	4	4		
""	"3443.061"	"2.64e+06"	D+	"13.3215593"	"13.6816580"	"2s2.2p2.(3P).4p"	"4S*"	"3/2"	"2s2.2p2.(3P).4d"	"4P"	"1/2"	4	2		
""	"3460.696"	"1.56e+06"	D+	"13.2709052"	"13.6291690"	"2s2.2p2.(3P).4p"	"4P*"	"5/2"	"2s2.2p2.(3P).5s"	"4P"	"5/2"	6	6		
""	"3475.723"	"2.56e+06"	D+	"13.3215593"	"13.6782741"	"2s2.2p2.(3P).4p"	"4S*"	"3/2"	"2s2.2p2.(3P).4d"	"4P"	"3/2"	4	4		
""	"3476.771"	"7.4e+03"	C	"12.0001429"	"12.3567502"	"2s2.2p2.(3P).3p"	"2D*"	"3/2"	"2s2.2p2.(1D).3s"	"2D"	"3/2"	4	4		
""	"3477.003"	"9.17e+05"	D+	"13.2638891"	"13.6204726"	"2s2.2p2.(3P).4p"	"4P*"	"1/2"	"2s2.2p2.(3P).5s"	"4P"	"3/2"	2	4		
""	"3477.357"	"6.1e+02"	C	"12.0001429"	"12.3566901"	"2s2.2p2.(3P).3p"	"2D*"	"3/2"	"2s2.2p2.(1D).3s"	"2D"	"5/2"	4	6		
""	"3495.907"	"2.89e+05"	D+	"13.2658173"	"13.6204726"	"2s2.2p2.(3P).4p"	"4P*"	"3/2"	"2s2.2p2.(3P).5s"	"4P"	"3/2"	4	4		
""	"3498.261"	"2.65e+06"	C	"13.3392701"	"13.6936867"	"2s2.2p2.(3P).4p"	"2P*"	"1/2"	"2s2.2p2.(3P).4d"	"2D"	"3/2"	2	4		
""	"3503.422"	"2.50e+06"	D+	"13.3215593"	"13.6754539"	"2s2.2p2.(3P).4p"	"4S*"	"3/2"	"2s2.2p2.(3P).4d"	"4P"	"5/2"	4	6		
""	"3505.166"	"1.89e+06"	D+	"13.2889721"	"13.6426905"	"2s2.2p2.(3P).4p"	"2D*"	"3/2"	"2s2.2p2.(3P).5s"	"2P"	"1/2"	4	2		
""	"3507.876"	"1.70e+06"	D+	"13.2976904"	"13.6511356"	"2s2.2p2.(3P).4p"	"2D*"	"5/2"	"2s2.2p2.(3P).5s"	"2P"	"3/2"	6	4		
""	"3518.697"	"3.13e+06"	C	"13.3442064"	"13.6965647"	"2s2.2p2.(3P).4p"	"2P*"	"3/2"	"2s2.2p2.(3P).4d"	"2D"	"5/2"	4	6		
""	"3531.381"	"3.50e+05"	D+	"13.2638891"	"13.6149817"	"2s2.2p2.(3P).4p"	"4P*"	"1/2"	"2s2.2p2.(3P).5s"	"4P"	"1/2"	2	2		
""	"3546.790"	"9.34e+05"	D+	"13.2709052"	"13.6204726"	"2s2.2p2.(3P).4p"	"4P*"	"5/2"	"2s2.2p2.(3P).5s"	"4P"	"3/2"	6	4		
""	"3547.673"	"5.09e+05"	C	"13.3442064"	"13.6936867"	"2s2.2p2.(3P).4p"	"2P*"	"3/2"	"2s2.2p2.(3P).4d"	"2D"	"3/2"	4	4		
""	"3550.883"	"1.72e+06"	D+	"13.2658173"	"13.6149817"	"2s2.2p2.(3P).4p"	"4P*"	"3/2"	"2s2.2p2.(3P).5s"	"4P"	"1/2"	4	2		
""	"3571.605"	"7.8e+02"	C	"12.0096116"	"12.3567502"	"2s2.2p2.(3P).3p"	"2D*"	"5/2"	"2s2.2p2.(1D).3s"	"2D"	"3/2"	6	4		
""	"3572.223"	"7.2e+03"	C	"12.0096116"	"12.3566901"	"2s2.2p2.(3P).3p"	"2D*"	"5/2"	"2s2.2p2.(1D).3s"	"2D"	"5/2"	6	6		
""	"3638.8"	"1.95e+05"	D+	"13.8244077"	"14.16513"	"2s2.2p2.(3P).5p"	"4S*"	"3/2"	"2s2.2p2.(3P).6d"	"4P"	"1/2"	4	2		
""	"3705.6"	"1.84e+05"	D+	"13.8244077"	"14.15900"	"2s2.2p2.(3P).5p"	"4S*"	"3/2"	"2s2.2p2.(3P).6d"	"4P"	"3/2"	4	4		
""	"3717.2"	"1.83e+05"	D+	"13.8244077"	"14.15795"	"2s2.2p2.(3P).5p"	"4S*"	"3/2"	"2s2.2p2.(3P).6d"	"4P"	"5/2"	4	6		
""	"3764.048"	"2.73e+05"	D+	"13.3392701"	"13.6686606"	"2s2.2p2.(3P).4p"	"2P*"	"1/2"	"2s2.2p2.(3P).4d"	"2P"	"1/2"	2	2		
""	"3780.494"	"4.26e+04"	D+	"13.8244077"	"14.1523654"	"2s2.2p2.(3P).5p"	"4S*"	"3/2"	"2s2.2p2.(3P).7s"	"4P"	"5/2"	4	6		
""	"3791.274"	"2.57e+05"	D+	"12.9706652"	"13.2976904"	"2s2.2p2.(3P).3d"	"2P"	"3/2"	"2s2.2p2.(3P).4p"	"2D*"	"5/2"	4	6		
""	"3799.915"	"6.65e+04"	D+	"13.3392701"	"13.6655516"	"2s2.2p2.(3P).4p"	"2P*"	"1/2"	"2s2.2p2.(3P).4d"	"2P"	"3/2"	2	4		
""	"3816.048"	"9.49e+05"	D+	"12.9966572"	"13.3215593"	"2s2.2p2.(3P).3d"	"4P"	"5/2"	"2s2.2p2.(3P).4p"	"4S*"	"3/2"	6	4		
""	"3821.315"	"1.31e+05"	D+	"13.3442064"	"13.6686606"	"2s2.2p2.(3P).4p"	"2P*"	"3/2"	"2s2.2p2.(3P).4d"	"2P"	"1/2"	4	2		
""	"3858.287"	"3.17e+05"	D+	"13.3442064"	"13.6655516"	"2s2.2p2.(3P).4p"	"2P*"	"3/2"	"2s2.2p2.(3P).4d"	"2P"	"3/2"	4	4		
""	"3867.14"	"6.08e+05"	D+	"13.000950"	"13.3215593"	"2s2.2p2.(3P).3d"	"4P"	"3/2"	"2s2.2p2.(3P).4p"	"4S*"	"3/2"	4	4		
""	"3891.376"	"3.90e+04"	D+	"13.8244077"	"14.1430205"	"2s2.2p2.(3P).5p"	"4S*"	"3/2"	"2s2.2p2.(3P).7s"	"4P"	"3/2"	4	4		
""	"3895.115"	"3.95e+04"	D+	"12.9706652"	"13.2889721"	"2s2.2p2.(3P).3d"	"2P"	"3/2"	"2s2.2p2.(3P).4p"	"2D*"	"3/2"	4	4		
""	"3906.98"	"2.95e+05"	D+	"13.004219"	"13.3215593"	"2s2.2p2.(3P).3d"	"4P"	"1/2"	"2s2.2p2.(3P).4p"	"4S*"	"3/2"	2	4		
""	"3954.510"	"1.89e+05"	D+	"12.9754460"	"13.2889721"	"2s2.2p2.(3P).3d"	"2P"	"1/2"	"2s2.2p2.(3P).4p"	"2D*"	"3/2"	2	4		
""	"3959.948"	"3.70e+04"	D+	"13.8244077"	"14.1375033"	"2s2.2p2.(3P).5p"	"4S*"	"3/2"	"2s2.2p2.(3P).7s"	"4P"	"1/2"	4	2		
""	"3975.566"	"4.14e+05"	D+	"13.3392701"	"13.6511356"	"2s2.2p2.(3P).4p"	"2P*"	"1/2"	"2s2.2p2.(3P).5s"	"2P"	"3/2"	2	4		
""	"3986.600"	"9.74e+04"	C	"13.0332041"	"13.3442064"	"2s2.2p2.(3P).3d"	"2D"	"3/2"	"2s2.2p2.(3P).4p"	"2P*"	"3/2"	4	4		
""	"4024.836"	"8.52e+05"	C	"13.0361586"	"13.3442064"	"2s2.2p2.(3P).3d"	"2D"	"5/2"	"2s2.2p2.(3P).4p"	"2P*"	"3/2"	6	4		
""	"4030.569"	"3.02e+05"	D+	"13.3215593"	"13.6291690"	"2s2.2p2.(3P).4p"	"4S*"	"3/2"	"2s2.2p2.(3P).5s"	"4P"	"5/2"	4	6		
""	"4039.505"	"1.97e+06"	D+	"13.3442064"	"13.6511356"	"2s2.2p2.(3P).4p"	"2P*"	"3/2"	"2s2.2p2.(3P).5s"	"2P"	"3/2"	4	4		
""	"4050.897"	"9.29e+05"	C	"13.0332041"	"13.3392701"	"2s2.2p2.(3P).3d"	"2D"	"3/2"	"2s2.2p2.(3P).4p"	"2P*"	"1/2"	4	2		
""	"4086.218"	"1.52e+06"	D+	"13.3392701"	"13.6426905"	"2s2.2p2.(3P).4p"	"2P*"	"1/2"	"2s2.2p2.(3P).5s"	"2P"	"1/2"	2	2		
""	"4093.754"	"4.69e+04"	C	"12.9948285"	"13.2976904"	"2s2.2p2.(3P).3d"	"2F"	"5/2"	"2s2.2p2.(3P).4p"	"2D*"	"5/2"	6	6		
""	"4124.121"	"2.05e+04"	C	"13.7028638"	"14.0034956"	"2s2.2p2.(1D).3p"	"2D*"	"3/2"	"2s2.2p2.(3P).5d"	"2D"	"5/2"	4	6		
""	"4147.832"	"2.77e+05"	D+	"13.3215593"	"13.6204726"	"2s2.2p2.(3P).4p"	"4S*"	"3/2"	"2s2.2p2.(3P).5s"	"4P"	"3/2"	4	4		
""	"4153.795"	"7.25e+05"	D+	"13.3442064"	"13.6426905"	"2s2.2p2.(3P).4p"	"2P*"	"3/2"	"2s2.2p2.(3P).5s"	"2P"	"1/2"	4	2		
""	"4156.267"	"2.71e+05"	C	"13.7028638"	"14.0011704"	"2s2.2p2.(1D).3p"	"2D*"	"3/2"	"2s2.2p2.(3P).5d"	"2D"	"3/2"	4	4		
""	"4165.002"	"2.79e+05"	C	"13.7058146"	"14.0034956"	"2s2.2p2.(1D).3p"	"2D*"	"5/2"	"2s2.2p2.(3P).5d"	"2D"	"5/2"	6	6		
""	"4197.792"	"2.92e+04"	C	"13.7058146"	"14.0011704"	"2s2.2p2.(1D).3p"	"2D*"	"5/2"	"2s2.2p2.(3P).5d"	"2D"	"3/2"	6	4		
""	"4215.091"	"9.02e+05"	C	"12.9948285"	"13.2889721"	"2s2.2p2.(3P).3d"	"2F"	"5/2"	"2s2.2p2.(3P).4p"	"2D*"	"3/2"	6	4		
""	"4216.285"	"8.58e+05"	C	"13.0036301"	"13.2976904"	"2s2.2p2.(3P).3d"	"2F"	"7/2"	"2s2.2p2.(3P).4p"	"2D*"	"5/2"	8	6		
""	"4225.452"	"2.62e+05"	D+	"13.3215593"	"13.6149817"	"2s2.2p2.(3P).4p"	"4S*"	"3/2"	"2s2.2p2.(3P).5s"	"4P"	"1/2"	4	2		
""	"4261.870"	"1.31e+06"	C	"13.7058146"	"13.9967297"	"2s2.2p2.(1D).3p"	"2D*"	"5/2"	"2s2.2p2.(3P).5d"	"2F"	"7/2"	6	8		
""	"4286.363"	"2.68e+05"	D+	"12.9123120"	"13.2015647"	"2s2.2p2.(3P).4s"	"2P"	"1/2"	"2s2.2p2.(3P).4p"	"2S*"	"1/2"	2	2		
""	"4364.015"	"1.14e+06"	C	"13.7028638"	"13.9869696"	"2s2.2p2.(1D).3p"	"2D*"	"3/2"	"2s2.2p2.(3P).5d"	"2F"	"5/2"	4	6		
""	"4373.464"	"2.65e+05"	D+	"13.7028638"	"13.9863558"	"2s2.2p2.(1D).3p"	"2D*"	"3/2"	"2s2.2p2.(3P).5d"	"2P"	"1/2"	4	2		
""	"4378.121"	"6.34e+04"	D+	"13.6426905"	"13.9258810"	"2s2.2p2.(3P).5s"	"2P"	"1/2"	"2s2.2p2.(1D).3p"	"2P*"	"3/2"	2	4		
""	"4386.001"	"2.62e+04"	D+	"13.7028638"	"13.9855454"	"2s2.2p2.(1D).3p"	"2D*"	"3/2"	"2s2.2p2.(3P).5d"	"2P"	"3/2"	4	4		
""	"4409.817"	"7.90e+04"	C	"13.7058146"	"13.9869696"	"2s2.2p2.(1D).3p"	"2D*"	"5/2"	"2s2.2p2.(3P).5d"	"2F"	"5/2"	6	6		
""	"4428.135"	"2.45e+05"	D+	"13.6426905"	"13.9226824"	"2s2.2p2.(3P).5s"	"2P"	"1/2"	"2s2.2p2.(1D).3p"	"2P*"	"1/2"	2	2		
""	"4432.269"	"2.29e+05"	D+	"13.7058146"	"13.9855454"	"2s2.2p2.(1D).3p"	"2D*"	"5/2"	"2s2.2p2.(3P).5d"	"2P"	"3/2"	6	4		
""	"4432.290"	"4.85e+05"	D+	"12.9218353"	"13.2015647"	"2s2.2p2.(3P).4s"	"2P"	"3/2"	"2s2.2p2.(3P).4p"	"2S*"	"1/2"	4	2		
""	"4512.694"	"2.90e+05"	D+	"13.6511356"	"13.9258810"	"2s2.2p2.(3P).5s"	"2P"	"3/2"	"2s2.2p2.(1D).3p"	"2P*"	"3/2"	4	4		
""	"4520.879"	"8.85e+04"	D+	"12.9966572"	"13.2709052"	"2s2.2p2.(3P).3d"	"4P"	"5/2"	"2s2.2p2.(3P).4p"	"4P*"	"5/2"	6	6		
""	"4565.849"	"1.12e+05"	D+	"13.6511356"	"13.9226824"	"2s2.2p2.(3P).5s"	"2P"	"3/2"	"2s2.2p2.(1D).3p"	"2P*"	"1/2"	4	2		
""	"4575.455"	"4.21e+03"	C	"12.9790453"	"13.2500220"	"2s2.2p2.(3P).3d"	"4F"	"5/2"	"2s2.2p2.(3P).4p"	"4D*"	"7/2"	6	8		
""	"4592.76"	"3.62e+04"	D+	"13.000950"	"13.2709052"	"2s2.2p2.(3P).3d"	"4P"	"3/2"	"2s2.2p2.(3P).4p"	"4P*"	"5/2"	4	6		
""	"4606.338"	"5.38e+04"	D+	"12.9966572"	"13.2658173"	"2s2.2p2.(3P).3d"	"4P"	"5/2"	"2s2.2p2.(3P).4p"	"4P*"	"3/2"	6	4		
""	"4647.520"	"7.90e+04"	C	"12.9832471"	"13.2500220"	"2s2.2p2.(3P).3d"	"4F"	"7/2"	"2s2.2p2.(3P).4p"	"4D*"	"7/2"	8	8		
""	"4650.451"	"7.37e+03"	C	"12.9766983"	"13.2433051"	"2s2.2p2.(3P).3d"	"4F"	"3/2"	"2s2.2p2.(3P).4p"	"4D*"	"5/2"	4	6		
""	"4680.99"	"1.52e+04"	D+	"13.000950"	"13.2658173"	"2s2.2p2.(3P).3d"	"4P"	"3/2"	"2s2.2p2.(3P).4p"	"4P*"	"3/2"	4	4		
""	"4687.736"	"9.20e+03"	C	"13.0332041"	"13.2976904"	"2s2.2p2.(3P).3d"	"2D"	"3/2"	"2s2.2p2.(3P).4p"	"2D*"	"5/2"	4	6		
""	"4691.754"	"1.31e+05"	C	"12.9790453"	"13.2433051"	"2s2.2p2.(3P).3d"	"4F"	"5/2"	"2s2.2p2.(3P).4p"	"4D*"	"5/2"	6	6		
""	"4715.31"	"9.28e+04"	D+	"13.000950"	"13.2638891"	"2s2.2p2.(3P).3d"	"4P"	"3/2"	"2s2.2p2.(3P).4p"	"4P*"	"1/2"	4	2		
""	"4729.906"	"1.47e+05"	C	"12.9766983"	"13.2388265"	"2s2.2p2.(3P).3d"	"4F"	"3/2"	"2s2.2p2.(3P).4p"	"4D*"	"3/2"	4	4		
""	"4739.49"	"4.57e+04"	D+	"13.004219"	"13.2658173"	"2s2.2p2.(3P).3d"	"4P"	"1/2"	"2s2.2p2.(3P).4p"	"4P*"	"3/2"	2	4		
""	"4740.694"	"1.25e+05"	C	"13.0361586"	"13.2976904"	"2s2.2p2.(3P).3d"	"2D"	"5/2"	"2s2.2p2.(3P).4p"	"2D*"	"5/2"	6	6		
""	"4755.42"	"6.47e+05"	C	"12.989300"	"13.2500220"	"2s2.2p2.(3P).3d"	"4F"	"9/2"	"2s2.2p2.(3P).4p"	"4D*"	"7/2"	10	8		
""	"4762.590"	"3.23e+03"	D+	"13.6655516"	"13.9258810"	"2s2.2p2.(3P).4d"	"2P"	"3/2"	"2s2.2p2.(1D).3p"	"2P*"	"3/2"	4	4		
""	"4767.560"	"5.87e+05"	C	"12.9832471"	"13.2433051"	"2s2.2p2.(3P).3d"	"4F"	"7/2"	"2s2.2p2.(3P).4p"	"4D*"	"5/2"	8	6		
""	"4772.639"	"5.76e+05"	C	"12.9790453"	"13.2388265"	"2s2.2p2.(3P).3d"	"4F"	"5/2"	"2s2.2p2.(3P).4p"	"4D*"	"3/2"	6	4		
""	"4774.179"	"7.16e+05"	C	"12.9766983"	"13.2363957"	"2s2.2p2.(3P).3d"	"4F"	"3/2"	"2s2.2p2.(3P).4p"	"4D*"	"1/2"	4	2		
""	"4774.68"	"1.79e+04"	D+	"13.004219"	"13.2638891"	"2s2.2p2.(3P).3d"	"4P"	"1/2"	"2s2.2p2.(3P).4p"	"4P*"	"1/2"	2	2		
""	"4820.155"	"6.23e+02"	D+	"13.6686606"	"13.9258810"	"2s2.2p2.(3P).4d"	"2P"	"1/2"	"2s2.2p2.(1D).3p"	"2P*"	"3/2"	2	4		
""	"4821.833"	"1.24e+03"	D+	"13.6655516"	"13.9226824"	"2s2.2p2.(3P).4d"	"2P"	"3/2"	"2s2.2p2.(1D).3p"	"2P*"	"1/2"	4	2		
""	"4847.526"	"1.12e+05"	C	"13.0332041"	"13.2889721"	"2s2.2p2.(3P).3d"	"2D"	"3/2"	"2s2.2p2.(3P).4p"	"2D*"	"3/2"	4	4		
""	"4880.849"	"2.40e+03"	D+	"13.6686606"	"13.9226824"	"2s2.2p2.(3P).4d"	"2P"	"1/2"	"2s2.2p2.(1D).3p"	"2P*"	"1/2"	2	2		
""	"4893.505"	"4.88e+04"	D+	"12.9966572"	"13.2500220"	"2s2.2p2.(3P).3d"	"4P"	"5/2"	"2s2.2p2.(3P).4p"	"4D*"	"7/2"	6	8		
""	"4900.04"	"1.25e+04"	C	"13.017878"	"13.2709052"	"2s2.2p2.(3P).3d"	"4D"	"3/2"	"2s2.2p2.(3P).4p"	"4P*"	"5/2"	4	6		
""	"4904.177"	"1.21e+04"	C	"13.0361586"	"13.2889721"	"2s2.2p2.(3P).3d"	"2D"	"5/2"	"2s2.2p2.(3P).4p"	"2D*"	"3/2"	6	4		
""	"4929.70"	"1.11e+05"	C	"13.019401"	"13.2709052"	"2s2.2p2.(3P).3d"	"4D"	"5/2"	"2s2.2p2.(3P).4p"	"4P*"	"5/2"	6	6		
""	"4951.797"	"4.85e+05"	C	"13.0205230"	"13.2709052"	"2s2.2p2.(3P).3d"	"4D"	"7/2"	"2s2.2p2.(3P).4p"	"4P*"	"5/2"	8	6		
""	"4971.01"	"2.99e+04"	C	"13.016403"	"13.2658173"	"2s2.2p2.(3P).3d"	"4D"	"1/2"	"2s2.2p2.(3P).4p"	"4P*"	"3/2"	2	4		
""	"5000.60"	"1.88e+05"	C	"13.017878"	"13.2658173"	"2s2.2p2.(3P).3d"	"4D"	"3/2"	"2s2.2p2.(3P).4p"	"4P*"	"3/2"	4	4		
""	"5009.74"	"2.93e+05"	C	"13.016403"	"13.2638891"	"2s2.2p2.(3P).3d"	"4D"	"1/2"	"2s2.2p2.(3P).4p"	"4P*"	"1/2"	2	2		
""	"5026.770"	"1.35e+04"	D+	"12.9966572"	"13.2433051"	"2s2.2p2.(3P).3d"	"4P"	"5/2"	"2s2.2p2.(3P).4p"	"4D*"	"5/2"	6	6		
""	"5031.49"	"3.64e+05"	C	"13.019401"	"13.2658173"	"2s2.2p2.(3P).3d"	"4D"	"5/2"	"2s2.2p2.(3P).4p"	"4P*"	"3/2"	6	4		
""	"5039.79"	"2.87e+05"	C	"13.017878"	"13.2638891"	"2s2.2p2.(3P).3d"	"4D"	"3/2"	"2s2.2p2.(3P).4p"	"4P*"	"1/2"	4	2		
""	"5115.80"	"2.99e+04"	D+	"13.000950"	"13.2433051"	"2s2.2p2.(3P).3d"	"4P"	"3/2"	"2s2.2p2.(3P).4p"	"4D*"	"5/2"	4	6		
""	"5119.733"	"2.13e+03"	D+	"12.9966572"	"13.2388265"	"2s2.2p2.(3P).3d"	"4P"	"5/2"	"2s2.2p2.(3P).4p"	"4D*"	"3/2"	6	4		
""	"5212.11"	"2.16e+04"	D+	"13.000950"	"13.2388265"	"2s2.2p2.(3P).3d"	"4P"	"3/2"	"2s2.2p2.(3P).4p"	"4D*"	"3/2"	4	4		
""	"5265.93"	"6.53e+03"	D+	"13.000950"	"13.2363957"	"2s2.2p2.(3P).3d"	"4P"	"3/2"	"2s2.2p2.(3P).4p"	"4D*"	"1/2"	4	2		
""	"5280.578"	"2.34e+03"	B	"12.1219574"	"12.3567502"	"2s2.2p2.(3P).3p"	"2P*"	"1/2"	"2s2.2p2.(1D).3s"	"2D"	"3/2"	2	4		
""	"5284.75"	"1.62e+04"	D+	"13.004219"	"13.2388265"	"2s2.2p2.(3P).3d"	"4P"	"1/2"	"2s2.2p2.(3P).4p"	"4D*"	"3/2"	2	4		
""	"5339.675"	"1.24e+04"	C	"13.6936867"	"13.9258810"	"2s2.2p2.(3P).4d"	"2D"	"3/2"	"2s2.2p2.(1D).3p"	"2P*"	"3/2"	4	4		
""	"5340.08"	"3.13e+04"	D+	"13.004219"	"13.2363957"	"2s2.2p2.(3P).3d"	"4P"	"1/2"	"2s2.2p2.(3P).4p"	"4D*"	"1/2"	2	2		
""	"5369.618"	"6.88e+05"	D+	"12.9706652"	"13.2015647"	"2s2.2p2.(3P).3d"	"2P"	"3/2"	"2s2.2p2.(3P).4p"	"2S*"	"1/2"	4	2		
""	"5376.10"	"1.42e+04"	C	"13.019401"	"13.2500220"	"2s2.2p2.(3P).3d"	"4D"	"5/2"	"2s2.2p2.(3P).4p"	"4D*"	"7/2"	6	8		
""	"5381.923"	"4.92e+02"	B	"12.1263787"	"12.3567502"	"2s2.2p2.(3P).3p"	"2P*"	"3/2"	"2s2.2p2.(1D).3s"	"2D"	"3/2"	4	4		
""	"5383.328"	"2.57e+03"	B	"12.1263787"	"12.3566901"	"2s2.2p2.(3P).3p"	"2P*"	"3/2"	"2s2.2p2.(1D).3s"	"2D"	"5/2"	4	6		
""	"5402.383"	"8.43e+04"	C	"13.0205230"	"13.2500220"	"2s2.2p2.(3P).3d"	"4D"	"7/2"	"2s2.2p2.(3P).4p"	"4D*"	"7/2"	8	8		
""	"5406.688"	"1.08e+05"	C	"13.6965647"	"13.9258810"	"2s2.2p2.(3P).4d"	"2D"	"5/2"	"2s2.2p2.(1D).3p"	"2P*"	"3/2"	6	4		
""	"5414.258"	"1.19e+05"	C	"13.6936867"	"13.9226824"	"2s2.2p2.(3P).4d"	"2D"	"3/2"	"2s2.2p2.(1D).3p"	"2P*"	"1/2"	4	2		
""	"5483.148"	"3.23e+05"	D+	"12.9754460"	"13.2015647"	"2s2.2p2.(3P).3d"	"2P"	"1/2"	"2s2.2p2.(3P).4p"	"2S*"	"1/2"	2	2		
""	"5499.98"	"2.17e+04"	C	"13.017878"	"13.2433051"	"2s2.2p2.(3P).3d"	"4D"	"3/2"	"2s2.2p2.(3P).4p"	"4D*"	"5/2"	4	6		
""	"5502.545"	"5.52e+05"	D+	"13.6426905"	"13.8680121"	"2s2.2p2.(3P).5s"	"2P"	"1/2"	"2s2.2p2.(3P).5p"	"2D*"	"3/2"	2	4		
""	"5537.38"	"5.23e+04"	C	"13.019401"	"13.2433051"	"2s2.2p2.(3P).3d"	"4D"	"5/2"	"2s2.2p2.(3P).4p"	"4D*"	"5/2"	6	6		
""	"5550.083"	"6.45e+05"	D+	"13.6511356"	"13.8745272"	"2s2.2p2.(3P).5s"	"2P"	"3/2"	"2s2.2p2.(3P).5p"	"2D*"	"5/2"	4	6		
""	"5565.267"	"1.71e+04"	C	"13.0205230"	"13.2433051"	"2s2.2p2.(3P).3d"	"4D"	"7/2"	"2s2.2p2.(3P).4p"	"4D*"	"5/2"	8	6		
""	"5574.24"	"2.24e+04"	C	"13.016403"	"13.2388265"	"2s2.2p2.(3P).3d"	"4D"	"1/2"	"2s2.2p2.(3P).4p"	"4D*"	"3/2"	2	4		
""	"5611.46"	"3.51e+04"	C	"13.017878"	"13.2388265"	"2s2.2p2.(3P).3d"	"4D"	"3/2"	"2s2.2p2.(3P).4p"	"4D*"	"3/2"	4	4		
""	"5635.8"	"4.33e+04"	C	"13.016403"	"13.2363957"	"2s2.2p2.(3P).3d"	"4D"	"1/2"	"2s2.2p2.(3P).4p"	"4D*"	"1/2"	2	2		
""	"5650.4"	"3.01e+04"	C	"13.019401"	"13.2388265"	"2s2.2p2.(3P).3d"	"4D"	"5/2"	"2s2.2p2.(3P).4p"	"4D*"	"3/2"	6	4		
""	"5664.09"	"1.14e+05"	C	"13.7800461"	"13.9989413"	"2s2.2p2.(3P).5p"	"4D*"	"1/2"	"2s2.2p2.(3P).5d"	"4D"	"3/2"	2	4		
""	"5673.9"	"4.24e+04"	C	"13.017878"	"13.2363957"	"2s2.2p2.(3P).3d"	"4D"	"3/2"	"2s2.2p2.(3P).4p"	"4D*"	"1/2"	4	2		
""	"5678.8"	"2.26e+05"	C	"13.7800461"	"13.99837"	"2s2.2p2.(3P).5p"	"4D*"	"1/2"	"2s2.2p2.(3P).5d"	"4D"	"1/2"	2	2		
""	"5716.81"	"9.84e+04"	D+	"13.6511356"	"13.8680121"	"2s2.2p2.(3P).5s"	"2P"	"3/2"	"2s2.2p2.(3P).5p"	"2D*"	"3/2"	4	4		
""	"5725.21"	"1.09e+06"	D+	"13.7697973"	"13.9863558"	"2s2.2p2.(3P).5p"	"2S*"	"1/2"	"2s2.2p2.(3P).5d"	"2P"	"1/2"	2	2		
""	"5729.11"	"1.03e+05"	C	"13.7827230"	"13.9991340"	"2s2.2p2.(3P).5p"	"4D*"	"3/2"	"2s2.2p2.(3P).5d"	"4D"	"5/2"	4	6		
""	"5734.21"	"1.76e+05"	C	"13.7827230"	"13.9989413"	"2s2.2p2.(3P).5p"	"4D*"	"3/2"	"2s2.2p2.(3P).5d"	"4D"	"3/2"	4	4		
""	"5746.71"	"1.07e+06"	D+	"13.7697973"	"13.9855454"	"2s2.2p2.(3P).5p"	"2S*"	"1/2"	"2s2.2p2.(3P).5d"	"2P"	"3/2"	2	4		
""	"5749.3"	"2.18e+05"	C	"13.7827230"	"13.99837"	"2s2.2p2.(3P).5p"	"4D*"	"3/2"	"2s2.2p2.(3P).5d"	"4D"	"1/2"	4	2		
""	"5771.88"	"1.15e+06"	C	"13.7886883"	"14.0034956"	"2s2.2p2.(3P).5p"	"2P*"	"3/2"	"2s2.2p2.(3P).5d"	"2D"	"5/2"	4	6		
""	"5786.34"	"9.51e+05"	C	"13.7869000"	"14.0011704"	"2s2.2p2.(3P).5p"	"2P*"	"1/2"	"2s2.2p2.(3P).5d"	"2D"	"3/2"	2	4		
""	"5791.4"	"7.09e+04"	D+	"13.7800461"	"13.994130"	"2s2.2p2.(3P).5p"	"4D*"	"1/2"	"2s2.2p2.(3P).5d"	"4P"	"1/2"	2	2		
""	"5835.04"	"1.86e+05"	C	"13.7886883"	"14.0011704"	"2s2.2p2.(3P).5p"	"2P*"	"3/2"	"2s2.2p2.(3P).5d"	"2D"	"3/2"	4	4		
""	"5858.01"	"5.88e+04"	C	"13.7875408"	"13.9991896"	"2s2.2p2.(3P).5p"	"4D*"	"5/2"	"2s2.2p2.(3P).5d"	"4D"	"7/2"	6	8		
""	"5859.56"	"2.36e+05"	C	"13.7875408"	"13.9991340"	"2s2.2p2.(3P).5p"	"4D*"	"5/2"	"2s2.2p2.(3P).5d"	"4D"	"5/2"	6	6		
""	"5864.7"	"6.83e+04"	D+	"13.7827230"	"13.994130"	"2s2.2p2.(3P).5p"	"4D*"	"3/2"	"2s2.2p2.(3P).5d"	"4P"	"1/2"	4	2		
""	"5864.90"	"1.44e+05"	C	"13.7875408"	"13.9989413"	"2s2.2p2.(3P).5p"	"4D*"	"5/2"	"2s2.2p2.(3P).5d"	"4D"	"3/2"	6	4		
""	"5901.6"	"6.70e+03"	D+	"13.7800461"	"13.990131"	"2s2.2p2.(3P).5p"	"4D*"	"1/2"	"2s2.2p2.(3P).5d"	"4P"	"3/2"	2	4		
""	"5920.19"	"1.64e+05"	D+	"13.6149817"	"13.8244077"	"2s2.2p2.(3P).5s"	"4P"	"1/2"	"2s2.2p2.(3P).5p"	"4S*"	"3/2"	2	4		
""	"5932.95"	"1.69e+05"	D+	"13.6655516"	"13.8745272"	"2s2.2p2.(3P).4d"	"2P"	"3/2"	"2s2.2p2.(3P).5p"	"2D*"	"5/2"	4	6		
""	"5977.8"	"4.13e+04"	D+	"13.7827230"	"13.990131"	"2s2.2p2.(3P).5p"	"4D*"	"3/2"	"2s2.2p2.(3P).5d"	"4P"	"3/2"	4	4		
""	"6026.63"	"2.52e+03"	D+	"13.7827230"	"13.9884501"	"2s2.2p2.(3P).5p"	"4D*"	"3/2"	"2s2.2p2.(3P).5d"	"4P"	"5/2"	4	6		
""	"6059.85"	"3.19e+05"	C	"13.7945902"	"13.9991896"	"2s2.2p2.(3P).5p"	"4D*"	"7/2"	"2s2.2p2.(3P).5d"	"4D"	"7/2"	8	8		
""	"6061.50"	"7.07e+04"	C	"13.7945902"	"13.9991340"	"2s2.2p2.(3P).5p"	"4D*"	"7/2"	"2s2.2p2.(3P).5d"	"4D"	"5/2"	8	6		
""	"6079.59"	"3.02e+05"	D+	"13.6204726"	"13.8244077"	"2s2.2p2.(3P).5s"	"4P"	"3/2"	"2s2.2p2.(3P).5p"	"4S*"	"3/2"	4	4		
""	"6106.94"	"5.00e+05"	C	"13.7959196"	"13.9989413"	"2s2.2p2.(3P).5p"	"4P*"	"1/2"	"2s2.2p2.(3P).5d"	"4D"	"3/2"	2	4		
""	"6119.9"	"7.57e+04"	D+	"13.7875408"	"13.990131"	"2s2.2p2.(3P).5p"	"4D*"	"5/2"	"2s2.2p2.(3P).5d"	"4P"	"3/2"	6	4		
""	"6123.87"	"2.56e+04"	D+	"13.6655516"	"13.8680121"	"2s2.2p2.(3P).4d"	"2P"	"3/2"	"2s2.2p2.(3P).5p"	"2D*"	"3/2"	4	4		
""	"6124.1"	"9.93e+05"	C	"13.7959196"	"13.99837"	"2s2.2p2.(3P).5p"	"4P*"	"1/2"	"2s2.2p2.(3P).5d"	"4D"	"1/2"	2	2		
""	"6153.90"	"8.22e+05"	C	"13.7976614"	"13.9991340"	"2s2.2p2.(3P).5p"	"4P*"	"3/2"	"2s2.2p2.(3P).5d"	"4D"	"5/2"	4	6		
""	"6159.79"	"6.24e+05"	C	"13.7976614"	"13.9989413"	"2s2.2p2.(3P).5p"	"4P*"	"3/2"	"2s2.2p2.(3P).5d"	"4D"	"3/2"	4	4		
""	"6171.15"	"2.11e+04"	D+	"13.7875408"	"13.9884501"	"2s2.2p2.(3P).5p"	"4D*"	"5/2"	"2s2.2p2.(3P).5d"	"4P"	"5/2"	6	6		
""	"6175.49"	"2.18e+04"	C	"13.6737591"	"13.8745272"	"2s2.2p2.(3P).4d"	"2F"	"5/2"	"2s2.2p2.(3P).5p"	"2D*"	"5/2"	6	6		
""	"6177.2"	"1.93e+05"	C	"13.7976614"	"13.99837"	"2s2.2p2.(3P).5p"	"4P*"	"3/2"	"2s2.2p2.(3P).5d"	"4D"	"1/2"	4	2		
""	"6186.59"	"1.06e+06"	C	"13.7800461"	"13.9804540"	"2s2.2p2.(3P).5p"	"4D*"	"1/2"	"2s2.2p2.(3P).5d"	"4F"	"3/2"	2	4		
""	"6216.13"	"7.82e+04"	D+	"13.7869000"	"13.9863558"	"2s2.2p2.(3P).5p"	"2P*"	"1/2"	"2s2.2p2.(3P).5d"	"2P"	"1/2"	2	2		
""	"6219.38"	"1.22e+05"	D+	"13.6686606"	"13.8680121"	"2s2.2p2.(3P).4d"	"2P"	"1/2"	"2s2.2p2.(3P).5p"	"2D*"	"3/2"	2	4		
""	"6241.48"	"1.93e+04"	D+	"13.7869000"	"13.9855454"	"2s2.2p2.(3P).5p"	"2P*"	"1/2"	"2s2.2p2.(3P).5d"	"2P"	"3/2"	2	4		
""	"6248.15"	"1.47e+06"	C	"13.7945902"	"13.9930238"	"2s2.2p2.(3P).5p"	"4D*"	"7/2"	"2s2.2p2.(3P).5d"	"4F"	"9/2"	8	10		
""	"6255.2"	"7.42e+04"	D+	"13.7959196"	"13.994130"	"2s2.2p2.(3P).5p"	"4P*"	"1/2"	"2s2.2p2.(3P).5d"	"4P"	"1/2"	2	2		
""	"6268.94"	"1.09e+06"	C	"13.7827230"	"13.9804985"	"2s2.2p2.(3P).5p"	"4D*"	"3/2"	"2s2.2p2.(3P).5d"	"4F"	"5/2"	4	6		
""	"6270.35"	"4.08e+05"	C	"13.7827230"	"13.9804540"	"2s2.2p2.(3P).5p"	"4D*"	"3/2"	"2s2.2p2.(3P).5d"	"4F"	"3/2"	4	4		
""	"6272.36"	"3.81e+04"	D+	"13.7886883"	"13.9863558"	"2s2.2p2.(3P).5p"	"2P*"	"3/2"	"2s2.2p2.(3P).5d"	"2P"	"1/2"	4	2		
""	"6274.67"	"1.25e+06"	C	"13.7875408"	"13.9851355"	"2s2.2p2.(3P).5p"	"4D*"	"5/2"	"2s2.2p2.(3P).5d"	"4F"	"7/2"	6	8		
""	"6298.18"	"9.40e+04"	D+	"13.7886883"	"13.9855454"	"2s2.2p2.(3P).5p"	"2P*"	"3/2"	"2s2.2p2.(3P).5d"	"2P"	"3/2"	4	4		
""	"6310.6"	"3.62e+05"	D+	"13.7976614"	"13.994130"	"2s2.2p2.(3P).5p"	"4P*"	"3/2"	"2s2.2p2.(3P).5d"	"4P"	"1/2"	4	2		
""	"6312.01"	"1.09e+06"	C	"13.8027638"	"13.9991896"	"2s2.2p2.(3P).5p"	"4P*"	"5/2"	"2s2.2p2.(3P).5d"	"4D"	"7/2"	6	8		
""	"6313.80"	"3.26e+05"	C	"13.8027638"	"13.9991340"	"2s2.2p2.(3P).5p"	"4P*"	"5/2"	"2s2.2p2.(3P).5d"	"4D"	"5/2"	6	6		
""	"6320.00"	"5.42e+04"	C	"13.8027638"	"13.9989413"	"2s2.2p2.(3P).5p"	"4P*"	"5/2"	"2s2.2p2.(3P).5d"	"4D"	"3/2"	6	4		
""	"6350.39"	"3.98e+05"	D+	"13.6291690"	"13.8244077"	"2s2.2p2.(3P).5s"	"4P"	"5/2"	"2s2.2p2.(3P).5p"	"4S*"	"3/2"	6	4		
""	"6382.61"	"4.15e+05"	C	"13.6737591"	"13.8680121"	"2s2.2p2.(3P).4d"	"2F"	"5/2"	"2s2.2p2.(3P).5p"	"2D*"	"3/2"	6	4		
""	"6384.0"	"1.75e+05"	D+	"13.7959196"	"13.990131"	"2s2.2p2.(3P).5p"	"4P*"	"1/2"	"2s2.2p2.(3P).5d"	"4P"	"3/2"	2	4		
""	"6395.55"	"8.42e+04"	D+	"13.7945902"	"13.9884501"	"2s2.2p2.(3P).5p"	"4D*"	"7/2"	"2s2.2p2.(3P).5d"	"4P"	"5/2"	8	6		
""	"6425.46"	"3.29e+05"	C	"13.7875408"	"13.9804985"	"2s2.2p2.(3P).5p"	"4D*"	"5/2"	"2s2.2p2.(3P).5d"	"4F"	"5/2"	6	6		
""	"6426.94"	"2.70e+04"	C	"13.7875408"	"13.9804540"	"2s2.2p2.(3P).5p"	"4D*"	"5/2"	"2s2.2p2.(3P).5d"	"4F"	"3/2"	6	4		
""	"6441.7"	"5.44e+04"	D+	"13.7976614"	"13.990131"	"2s2.2p2.(3P).5p"	"4P*"	"3/2"	"2s2.2p2.(3P).5d"	"4P"	"3/2"	4	4		
""	"6480.26"	"3.77e+05"	C	"13.6832014"	"13.8745272"	"2s2.2p2.(3P).4d"	"2F"	"7/2"	"2s2.2p2.(3P).5p"	"2D*"	"5/2"	8	6		
""	"6498.51"	"1.19e+05"	D+	"13.7976614"	"13.9884501"	"2s2.2p2.(3P).5p"	"4P*"	"3/2"	"2s2.2p2.(3P).5d"	"4P"	"5/2"	4	6		
""	"6506.81"	"1.86e+05"	C	"13.7945902"	"13.9851355"	"2s2.2p2.(3P).5p"	"4D*"	"7/2"	"2s2.2p2.(3P).5d"	"4F"	"7/2"	8	8		
""	"6617.2"	"1.69e+05"	D+	"13.8027638"	"13.990131"	"2s2.2p2.(3P).5p"	"4P*"	"5/2"	"2s2.2p2.(3P).5d"	"4P"	"3/2"	6	4		
""	"6669.10"	"1.17e+04"	C	"13.7945902"	"13.9804985"	"2s2.2p2.(3P).5p"	"4D*"	"7/2"	"2s2.2p2.(3P).5d"	"4F"	"5/2"	8	6		
""	"6677.08"	"2.56e+05"	D+	"13.8027638"	"13.9884501"	"2s2.2p2.(3P).5p"	"4P*"	"5/2"	"2s2.2p2.(3P).5d"	"4P"	"5/2"	6	6		
""	"6786.97"	"4.57e+05"	D+	"13.6149817"	"13.7976614"	"2s2.2p2.(3P).5s"	"4P"	"1/2"	"2s2.2p2.(3P).5p"	"4P*"	"3/2"	2	4		
""	"6801.43"	"3.27e+05"	D+	"13.6204726"	"13.8027638"	"2s2.2p2.(3P).5s"	"4P"	"3/2"	"2s2.2p2.(3P).5p"	"4P*"	"5/2"	4	6		
""	"6852.30"	"1.78e+05"	D+	"13.6149817"	"13.7959196"	"2s2.2p2.(3P).5s"	"4P"	"1/2"	"2s2.2p2.(3P).5p"	"4P*"	"1/2"	2	2		
""	"6856.00"	"4.62e+03"	C	"13.6936867"	"13.8745272"	"2s2.2p2.(3P).4d"	"2D"	"3/2"	"2s2.2p2.(3P).5p"	"2D*"	"5/2"	4	6		
""	"6966.87"	"6.17e+04"	C	"13.6965647"	"13.8745272"	"2s2.2p2.(3P).4d"	"2D"	"5/2"	"2s2.2p2.(3P).5p"	"2D*"	"5/2"	6	6		
""	"6997.29"	"1.34e+05"	D+	"13.6204726"	"13.7976614"	"2s2.2p2.(3P).5s"	"4P"	"3/2"	"2s2.2p2.(3P).5p"	"4P*"	"3/2"	4	4		
""	"7066.76"	"8.10e+05"	D+	"13.6204726"	"13.7959196"	"2s2.2p2.(3P).5s"	"4P"	"3/2"	"2s2.2p2.(3P).5p"	"4P*"	"1/2"	4	2		
""	"7112.23"	"5.59e+04"	C	"13.6936867"	"13.8680121"	"2s2.2p2.(3P).4d"	"2D"	"3/2"	"2s2.2p2.(3P).5p"	"2D*"	"3/2"	4	4		
""	"7142.16"	"6.59e+05"	D+	"13.6291690"	"13.8027638"	"2s2.2p2.(3P).5s"	"4P"	"5/2"	"2s2.2p2.(3P).5p"	"4P*"	"5/2"	6	6		
""	"7231.61"	"5.91e+03"	C	"13.6965647"	"13.8680121"	"2s2.2p2.(3P).4d"	"2D"	"5/2"	"2s2.2p2.(3P).5p"	"2D*"	"3/2"	6	4		
""	"7305.1"	"7.26e+05"	D+	"13.8244077"	"13.994130"	"2s2.2p2.(3P).5p"	"4S*"	"3/2"	"2s2.2p2.(3P).5d"	"4P"	"1/2"	4	2		
""	"7358.44"	"3.87e+05"	D+	"13.6291690"	"13.7976614"	"2s2.2p2.(3P).5s"	"4P"	"5/2"	"2s2.2p2.(3P).5p"	"4P*"	"3/2"	6	4		
""	"7391.39"	"3.11e+05"	D+	"13.6149817"	"13.7827230"	"2s2.2p2.(3P).5s"	"4P"	"1/2"	"2s2.2p2.(3P).5p"	"4D*"	"3/2"	2	4		
""	"7421.17"	"5.16e+05"	D+	"13.6204726"	"13.7875408"	"2s2.2p2.(3P).5s"	"4P"	"3/2"	"2s2.2p2.(3P).5p"	"4D*"	"5/2"	4	6		
""	"7481.4"	"6.76e+05"	D+	"13.8244077"	"13.990131"	"2s2.2p2.(3P).5p"	"4S*"	"3/2"	"2s2.2p2.(3P).5d"	"4P"	"3/2"	4	4		
""	"7495.06"	"7.15e+05"	D+	"13.6291690"	"13.7945902"	"2s2.2p2.(3P).5s"	"4P"	"5/2"	"2s2.2p2.(3P).5p"	"4D*"	"7/2"	6	8		
""	"7511.26"	"5.92e+05"	D+	"13.6149817"	"13.7800461"	"2s2.2p2.(3P).5s"	"4P"	"1/2"	"2s2.2p2.(3P).5p"	"4D*"	"1/2"	2	2		
""	"7558.06"	"6.56e+05"	D+	"13.8244077"	"13.9884501"	"2s2.2p2.(3P).5p"	"4S*"	"3/2"	"2s2.2p2.(3P).5d"	"4P"	"5/2"	4	6		
""	"7641.53"	"3.60e+05"	D+	"13.6204726"	"13.7827230"	"2s2.2p2.(3P).5s"	"4P"	"3/2"	"2s2.2p2.(3P).5p"	"4D*"	"3/2"	4	4		
""	"7769.72"	"1.07e+05"	D+	"13.6204726"	"13.7800461"	"2s2.2p2.(3P).5s"	"4P"	"3/2"	"2s2.2p2.(3P).5p"	"4D*"	"1/2"	4	2		
""	"7828.68"	"1.88e+05"	D+	"13.6291690"	"13.7875408"	"2s2.2p2.(3P).5s"	"4P"	"5/2"	"2s2.2p2.(3P).5p"	"4D*"	"5/2"	6	6		
""	"8074.30"	"2.86e+04"	D+	"13.6291690"	"13.7827230"	"2s2.2p2.(3P).5s"	"4P"	"5/2"	"2s2.2p2.(3P).5p"	"4D*"	"3/2"	6	4		
""	"8323.66"	"4.04e+05"	D+	"13.6754539"	"13.8244077"	"2s2.2p2.(3P).4d"	"4P"	"5/2"	"2s2.2p2.(3P).5p"	"4S*"	"3/2"	6	4		
""	"8474.43"	"9.93e+04"	D+	"13.8244077"	"13.9707117"	"2s2.2p2.(3P).5p"	"4S*"	"3/2"	"2s2.2p2.(3P).6s"	"4P"	"5/2"	4	6		
""	"8484.30"	"2.55e+05"	D+	"13.6782741"	"13.8244077"	"2s2.2p2.(3P).4d"	"4P"	"3/2"	"2s2.2p2.(3P).5p"	"4S*"	"3/2"	4	4		
""	"8492.20"	"8.82e+04"	D+	"13.6426905"	"13.7886883"	"2s2.2p2.(3P).5s"	"2P"	"1/2"	"2s2.2p2.(3P).5p"	"2P*"	"3/2"	2	4		
""	"8597.51"	"3.40e+05"	D+	"13.6426905"	"13.7869000"	"2s2.2p2.(3P).5s"	"2P"	"1/2"	"2s2.2p2.(3P).5p"	"2P*"	"1/2"	2	2		
""	"8685.43"	"1.19e+05"	D+	"13.6816580"	"13.8244077"	"2s2.2p2.(3P).4d"	"4P"	"1/2"	"2s2.2p2.(3P).5p"	"4S*"	"3/2"	2	4		
""	"9013.58"	"3.69e+05"	D+	"13.6511356"	"13.7886883"	"2s2.2p2.(3P).5s"	"2P"	"3/2"	"2s2.2p2.(3P).5p"	"2P*"	"3/2"	4	4		
""	"9023.28"	"8.23e+04"	D+	"13.8244077"	"13.9618125"	"2s2.2p2.(3P).5p"	"4S*"	"3/2"	"2s2.2p2.(3P).6s"	"4P"	"3/2"	4	4		
""	"9132.30"	"1.42e+05"	D+	"13.6511356"	"13.7869000"	"2s2.2p2.(3P).5s"	"2P"	"3/2"	"2s2.2p2.(3P).5p"	"2P*"	"1/2"	4	2		
""	"9151.24"	"1.02e+04"	C	"13.8680121"	"14.0034956"	"2s2.2p2.(3P).5p"	"2D*"	"3/2"	"2s2.2p2.(3P).5d"	"2D"	"5/2"	4	6		
""	"9311.04"	"1.30e+05"	C	"13.8680121"	"14.0011704"	"2s2.2p2.(3P).5p"	"2D*"	"3/2"	"2s2.2p2.(3P).5d"	"2D"	"3/2"	4	4		
""	"9397.60"	"7.28e+04"	D+	"13.8244077"	"13.9563396"	"2s2.2p2.(3P).5p"	"4S*"	"3/2"	"2s2.2p2.(3P).6s"	"4P"	"1/2"	4	2		
""	"9537.64"	"2.04e+03"	C	"13.6645956"	"13.7945902"	"2s2.2p2.(3P).4d"	"4F"	"5/2"	"2s2.2p2.(3P).5p"	"4D*"	"7/2"	6	8		
""	"9613.54"	"1.23e+05"	C	"13.8745272"	"14.0034956"	"2s2.2p2.(3P).5p"	"2D*"	"5/2"	"2s2.2p2.(3P).5d"	"2D"	"5/2"	6	6		
""	"9738.77"	"3.72e+04"	D+	"13.6754539"	"13.8027638"	"2s2.2p2.(3P).4d"	"4P"	"5/2"	"2s2.2p2.(3P).5p"	"4P*"	"5/2"	6	6		
""	"9754.34"	"3.55e+04"	D+	"13.6426905"	"13.7697973"	"2s2.2p2.(3P).5s"	"2P"	"1/2"	"2s2.2p2.(3P).5p"	"2S*"	"1/2"	2	2		
""	"9790.04"	"1.25e+04"	C	"13.8745272"	"14.0011704"	"2s2.2p2.(3P).5p"	"2D*"	"5/2"	"2s2.2p2.(3P).5d"	"2D"	"3/2"	6	4		
""	"9865.97"	"3.62e+04"	C	"13.6689216"	"13.7945902"	"2s2.2p2.(3P).4d"	"4F"	"7/2"	"2s2.2p2.(3P).5p"	"4D*"	"7/2"	8	8		
""	"9907.25"	"3.34e+03"	C	"13.6623958"	"13.7875408"	"2s2.2p2.(3P).4d"	"4F"	"3/2"	"2s2.2p2.(3P).5p"	"4D*"	"5/2"	4	6		
""	"9959.40"	"1.49e+04"	D+	"13.6782741"	"13.8027638"	"2s2.2p2.(3P).4d"	"4P"	"3/2"	"2s2.2p2.(3P).5p"	"4P*"	"5/2"	4	6		
""	"10068.83"	"8.25e+02"	D+	"13.6655516"	"13.7886883"	"2s2.2p2.(3P).4d"	"2P"	"3/2"	"2s2.2p2.(3P).5p"	"2P*"	"3/2"	4	4		
""	"10084.51"	"5.79e+04"	C	"13.6645956"	"13.7875408"	"2s2.2p2.(3P).4d"	"4F"	"5/2"	"2s2.2p2.(3P).5p"	"4D*"	"5/2"	6	6		
""	"10145.38"	"2.12e+04"	D+	"13.6754539"	"13.7976614"	"2s2.2p2.(3P).4d"	"4P"	"5/2"	"2s2.2p2.(3P).5p"	"4P*"	"3/2"	6	4		
""	"10145.81"	"4.52e+05"	C	"13.8745272"	"13.9967297"	"2s2.2p2.(3P).5p"	"2D*"	"5/2"	"2s2.2p2.(3P).5d"	"2F"	"7/2"	6	8		
""	"10217.21"	"3.16e+02"	D+	"13.6655516"	"13.7869000"	"2s2.2p2.(3P).4d"	"2P"	"3/2"	"2s2.2p2.(3P).5p"	"2P*"	"1/2"	4	2		
""	"10303.92"	"6.24e+04"	C	"13.6623958"	"13.7827230"	"2s2.2p2.(3P).4d"	"4F"	"3/2"	"2s2.2p2.(3P).5p"	"4D*"	"3/2"	4	4		
""	"10329.64"	"1.53e+02"	D+	"13.6686606"	"13.7886883"	"2s2.2p2.(3P).4d"	"2P"	"1/2"	"2s2.2p2.(3P).5p"	"2P*"	"3/2"	2	4		
""	"10385.05"	"5.85e+03"	D+	"13.6782741"	"13.7976614"	"2s2.2p2.(3P).4d"	"4P"	"3/2"	"2s2.2p2.(3P).5p"	"4P*"	"3/2"	4	4		
""	"10406.92"	"2.24e+04"	D+	"13.6754539"	"13.7945902"	"2s2.2p2.(3P).4d"	"4P"	"5/2"	"2s2.2p2.(3P).5p"	"4D*"	"7/2"	6	8		
""	"10422.56"	"3.89e+05"	C	"13.8680121"	"13.9869696"	"2s2.2p2.(3P).5p"	"2D*"	"3/2"	"2s2.2p2.(3P).5d"	"2F"	"5/2"	4	6		
""	"10442.34"	"2.68e+05"	C	"13.6758579"	"13.7945902"	"2s2.2p2.(3P).4d"	"4F"	"9/2"	"2s2.2p2.(3P).5p"	"4D*"	"7/2"	10	8		
""	"10448.55"	"5.77e+04"	D+	"13.6511356"	"13.7697973"	"2s2.2p2.(3P).5s"	"2P"	"3/2"	"2s2.2p2.(3P).5p"	"2S*"	"1/2"	4	2		
""	"10452.29"	"2.44e+05"	C	"13.6689216"	"13.7875408"	"2s2.2p2.(3P).4d"	"4F"	"7/2"	"2s2.2p2.(3P).5p"	"4D*"	"5/2"	8	6		
""	"10476.62"	"1.50e+05"	D+	"13.8680121"	"13.9863558"	"2s2.2p2.(3P).5p"	"2D*"	"3/2"	"2s2.2p2.(3P).5d"	"2P"	"1/2"	4	2		
""	"10485.86"	"5.85e+02"	D+	"13.6686606"	"13.7869000"	"2s2.2p2.(3P).4d"	"2P"	"1/2"	"2s2.2p2.(3P).5p"	"2P*"	"1/2"	2	2		
""	"10495.80"	"2.37e+05"	C	"13.6645956"	"13.7827230"	"2s2.2p2.(3P).4d"	"4F"	"5/2"	"2s2.2p2.(3P).5p"	"4D*"	"3/2"	6	4		
""	"10538.37"	"2.92e+05"	C	"13.6623958"	"13.7800461"	"2s2.2p2.(3P).4d"	"4F"	"3/2"	"2s2.2p2.(3P).5p"	"4D*"	"1/2"	4	2		
""	"10538.80"	"3.50e+04"	D+	"13.6782741"	"13.7959196"	"2s2.2p2.(3P).4d"	"4P"	"3/2"	"2s2.2p2.(3P).5p"	"4P*"	"1/2"	4	2		
""	"10548.86"	"1.47e+04"	D+	"13.8680121"	"13.9855454"	"2s2.2p2.(3P).5p"	"2D*"	"3/2"	"2s2.2p2.(3P).5d"	"2P"	"3/2"	4	4		
""	"10687.99"	"1.68e+04"	D+	"13.6816580"	"13.7976614"	"2s2.2p2.(3P).4d"	"4P"	"1/2"	"2s2.2p2.(3P).5p"	"4P*"	"3/2"	2	4		
""	"10737.27"	"5.13e+03"	C	"13.6872930"	"13.8027638"	"2s2.2p2.(3P).4d"	"4D"	"3/2"	"2s2.2p2.(3P).5p"	"4P*"	"5/2"	4	6		
""	"10805.65"	"4.53e+04"	C	"13.6880236"	"13.8027638"	"2s2.2p2.(3P).4d"	"4D"	"5/2"	"2s2.2p2.(3P).5p"	"4P*"	"5/2"	6	6		
""	"10827.46"	"2.00e+05"	C	"13.6882547"	"13.8027638"	"2s2.2p2.(3P).4d"	"4D"	"7/2"	"2s2.2p2.(3P).5p"	"4P*"	"5/2"	8	6		
""	"10850.91"	"6.41e+03"	D+	"13.6816580"	"13.7959196"	"2s2.2p2.(3P).4d"	"4P"	"1/2"	"2s2.2p2.(3P).5p"	"4P*"	"1/2"	2	2		
""	"11026.46"	"2.35e+04"	C	"13.8745272"	"13.9869696"	"2s2.2p2.(3P).5p"	"2D*"	"5/2"	"2s2.2p2.(3P).5d"	"2F"	"5/2"	6	6		
""	"11061.43"	"5.58e+03"	D+	"13.6754539"	"13.7875408"	"2s2.2p2.(3P).4d"	"4P"	"5/2"	"2s2.2p2.(3P).5p"	"4D*"	"5/2"	6	6		
""	"11112.98"	"1.16e+04"	C	"13.6860943"	"13.7976614"	"2s2.2p2.(3P).4d"	"4D"	"1/2"	"2s2.2p2.(3P).5p"	"4P*"	"3/2"	2	4		
""	"11167.92"	"1.11e+05"	D+	"13.8745272"	"13.9855454"	"2s2.2p2.(3P).5p"	"2D*"	"5/2"	"2s2.2p2.(3P).5d"	"2P"	"3/2"	6	4		
""	"11233.67"	"7.17e+04"	C	"13.6872930"	"13.7976614"	"2s2.2p2.(3P).4d"	"4D"	"3/2"	"2s2.2p2.(3P).5p"	"4P*"	"3/2"	4	4		
""	"11289.22"	"1.10e+05"	C	"13.6860943"	"13.7959196"	"2s2.2p2.(3P).4d"	"4D"	"1/2"	"2s2.2p2.(3P).5p"	"4P*"	"1/2"	2	2		
""	"11308.53"	"1.38e+05"	C	"13.6880236"	"13.7976614"	"2s2.2p2.(3P).4d"	"4D"	"5/2"	"2s2.2p2.(3P).5p"	"4P*"	"3/2"	6	4		
""	"11346.94"	"1.21e+04"	D+	"13.6782741"	"13.7875408"	"2s2.2p2.(3P).4d"	"4P"	"3/2"	"2s2.2p2.(3P).5p"	"4D*"	"5/2"	4	6		
""	"11413.79"	"1.07e+05"	C	"13.6872930"	"13.7959196"	"2s2.2p2.(3P).4d"	"4D"	"3/2"	"2s2.2p2.(3P).5p"	"4P*"	"1/2"	4	2		
""	"11558.24"	"8.16e+02"	D+	"13.6754539"	"13.7827230"	"2s2.2p2.(3P).4d"	"4P"	"5/2"	"2s2.2p2.(3P).5p"	"4D*"	"3/2"	6	4		
""	"11634.44"	"6.10e+03"	C	"13.6880236"	"13.7945902"	"2s2.2p2.(3P).4d"	"4D"	"5/2"	"2s2.2p2.(3P).5p"	"4D*"	"7/2"	6	8		
""	"11659.73"	"3.65e+04"	C	"13.6882547"	"13.7945902"	"2s2.2p2.(3P).4d"	"4D"	"7/2"	"2s2.2p2.(3P).5p"	"4D*"	"7/2"	8	8		
""	"11870.32"	"8.03e+03"	D+	"13.6782741"	"13.7827230"	"2s2.2p2.(3P).4d"	"4P"	"3/2"	"2s2.2p2.(3P).5p"	"4D*"	"3/2"	4	4		
""	"11893.46"	"2.89e+05"	D+	"13.6655516"	"13.7697973"	"2s2.2p2.(3P).4d"	"2P"	"3/2"	"2s2.2p2.(3P).5p"	"2S*"	"1/2"	4	2		
""	"12182.55"	"2.32e+03"	D+	"13.6782741"	"13.7800461"	"2s2.2p2.(3P).4d"	"4P"	"3/2"	"2s2.2p2.(3P).5p"	"4D*"	"1/2"	4	2		
""	"12259.08"	"1.32e+05"	D+	"13.6686606"	"13.7697973"	"2s2.2p2.(3P).4d"	"2P"	"1/2"	"2s2.2p2.(3P).5p"	"2S*"	"1/2"	2	2		
""	"12267.77"	"5.69e+03"	D+	"13.6816580"	"13.7827230"	"2s2.2p2.(3P).4d"	"4P"	"1/2"	"2s2.2p2.(3P).5p"	"4D*"	"3/2"	2	4		
""	"12367.77"	"8.32e+03"	C	"13.6872930"	"13.7875408"	"2s2.2p2.(3P).4d"	"4D"	"3/2"	"2s2.2p2.(3P).5p"	"4D*"	"5/2"	4	6		
""	"12458.58"	"2.00e+04"	C	"13.6880236"	"13.7875408"	"2s2.2p2.(3P).4d"	"4D"	"5/2"	"2s2.2p2.(3P).5p"	"4D*"	"5/2"	6	6		
""	"12487.57"	"6.58e+03"	C	"13.6882547"	"13.7875408"	"2s2.2p2.(3P).4d"	"4D"	"7/2"	"2s2.2p2.(3P).5p"	"4D*"	"5/2"	8	6		
""	"12601.55"	"1.05e+04"	D+	"13.6816580"	"13.7800461"	"2s2.2p2.(3P).4d"	"4P"	"1/2"	"2s2.2p2.(3P).5p"	"4D*"	"1/2"	2	2		
""	"12830.99"	"7.98e+03"	C	"13.6860943"	"13.7827230"	"2s2.2p2.(3P).4d"	"4D"	"1/2"	"2s2.2p2.(3P).5p"	"4D*"	"3/2"	2	4		
""	"12992.16"	"1.23e+04"	C	"13.6872930"	"13.7827230"	"2s2.2p2.(3P).4d"	"4D"	"3/2"	"2s2.2p2.(3P).5p"	"4D*"	"3/2"	4	4		
""	"13050.76"	"1.18e+04"	C	"13.6936867"	"13.7886883"	"2s2.2p2.(3P).4d"	"2D"	"3/2"	"2s2.2p2.(3P).5p"	"2P*"	"3/2"	4	4		
""	"13092.40"	"1.05e+04"	C	"13.6880236"	"13.7827230"	"2s2.2p2.(3P).4d"	"4D"	"5/2"	"2s2.2p2.(3P).5p"	"4D*"	"3/2"	6	4		
""	"13196.58"	"1.47e+04"	C	"13.6860943"	"13.7800461"	"2s2.2p2.(3P).4d"	"4D"	"1/2"	"2s2.2p2.(3P).5p"	"4D*"	"1/2"	2	2		
""	"13301.13"	"1.11e+05"	C	"13.6936867"	"13.7869000"	"2s2.2p2.(3P).4d"	"2D"	"3/2"	"2s2.2p2.(3P).5p"	"2P*"	"1/2"	4	2		
""	"13367.13"	"1.41e+04"	C	"13.6872930"	"13.7800461"	"2s2.2p2.(3P).4d"	"4D"	"3/2"	"2s2.2p2.(3P).5p"	"4D*"	"1/2"	4	2		
""	"13458.46"	"9.66e+04"	C	"13.6965647"	"13.7886883"	"2s2.2p2.(3P).4d"	"2D"	"5/2"	"2s2.2p2.(3P).5p"	"2P*"	"3/2"	6	4		
""	"15796.59"	"6.06e+04"	C	"13.9226824"	"14.0011704"	"2s2.2p2.(1D).3p"	"2P*"	"1/2"	"2s2.2p2.(3P).5d"	"2D"	"3/2"	2	4		
""	"15974.34"	"7.03e+04"	C	"13.9258810"	"14.0034956"	"2s2.2p2.(1D).3p"	"2P*"	"3/2"	"2s2.2p2.(3P).5d"	"2D"	"5/2"	4	6		
""	"16467.68"	"1.07e+04"	C	"13.9258810"	"14.0011704"	"2s2.2p2.(1D).3p"	"2P*"	"3/2"	"2s2.2p2.(3P).5d"	"2D"	"3/2"	4	4		
""	"19471.9"	"8.99e+02"	D+	"13.9226824"	"13.9863558"	"2s2.2p2.(1D).3p"	"2P*"	"1/2"	"2s2.2p2.(3P).5d"	"2P"	"1/2"	2	2		
""	"19722.9"	"2.16e+02"	D+	"13.9226824"	"13.9855454"	"2s2.2p2.(1D).3p"	"2P*"	"1/2"	"2s2.2p2.(3P).5d"	"2P"	"3/2"	2	4		
""	"20501.8"	"3.85e+02"	D+	"13.9258810"	"13.9863558"	"2s2.2p2.(1D).3p"	"2P*"	"3/2"	"2s2.2p2.(3P).5d"	"2P"	"1/2"	4	2		
""	"20604.5"	"1.37e+04"	D+	"13.6426905"	"13.7028638"	"2s2.2p2.(3P).5s"	"2P"	"1/2"	"2s2.2p2.(1D).3p"	"2D*"	"3/2"	2	4		
""	"20780.3"	"9.24e+02"	D+	"13.9258810"	"13.9855454"	"2s2.2p2.(1D).3p"	"2P*"	"3/2"	"2s2.2p2.(3P).5d"	"2P"	"3/2"	4	4		
""	"22674.9"	"1.24e+04"	D+	"13.6511356"	"13.7058146"	"2s2.2p2.(3P).5s"	"2P"	"3/2"	"2s2.2p2.(1D).3p"	"2D*"	"5/2"	4	6		
""	"23968.4"	"1.74e+03"	D+	"13.6511356"	"13.7028638"	"2s2.2p2.(3P).5s"	"2P"	"3/2"	"2s2.2p2.(1D).3p"	"2D*"	"3/2"	4	4		
""	"30793.6"	"1.66e+03"	D+	"13.6655516"	"13.7058146"	"2s2.2p2.(3P).4d"	"2P"	"3/2"	"2s2.2p2.(1D).3p"	"2D*"	"5/2"	4	6		
""	"33228.9"	"2.21e+02"	D+	"13.6655516"	"13.7028638"	"2s2.2p2.(3P).4d"	"2P"	"3/2"	"2s2.2p2.(1D).3p"	"2D*"	"3/2"	4	4		
""	"36249.4"	"8.50e+02"	D+	"13.6686606"	"13.7028638"	"2s2.2p2.(3P).4d"	"2P"	"1/2"	"2s2.2p2.(1D).3p"	"2D*"	"3/2"	2	4		
""	"38678.0"	"1.80e+02"	C	"13.6737591"	"13.7058146"	"2s2.2p2.(3P).4d"	"2F"	"5/2"	"2s2.2p2.(1D).3p"	"2D*"	"5/2"	6	6		
""	"42599.4"	"2.84e+03"	C	"13.6737591"	"13.7028638"	"2s2.2p2.(3P).4d"	"2F"	"5/2"	"2s2.2p2.(1D).3p"	"2D*"	"3/2"	6	4		
""	"54828.2"	"1.27e+03"	C	"13.6832014"	"13.7058146"	"2s2.2p2.(3P).4d"	"2F"	"7/2"	"2s2.2p2.(1D).3p"	"2D*"	"5/2"	8	6		
