obs_wl_vac(nm)	ritz_wl_vac(nm)	Aki(s^-1)	Acc	Ei(eV)	Ek(eV)	conf_i	term_i	J_i	conf_k	term_k	J_k	g_i	g_k	Type	
"168.3412"	"168.34116"	"1.88e+06"	D+	"0.0000000"	"7.365056"	"2p6.3s2"	"1S"	"0"	"3s.8p"	"1P*"	"1"	1	3		
"170.7061"	"170.70606"	"3.28e+06"	D+	"0.0000000"	"7.263023"	"2p6.3s2"	"1S"	"0"	"3s.7p"	"1P*"	"1"	1	3		
"174.7794"	"174.77937"	"6.62e+06"	C+	"0.0000000"	"7.0937549"	"2p6.3s2"	"1S"	"0"	"3s.6p"	"1P*"	"1"	1	3		
"182.7934"	"182.79351"	"1.60e+07"	B	"0.0000000"	"6.7827460"	"2p6.3s2"	"1S"	"0"	"3s.5p"	"1P*"	"1"	1	3		
"202.6477"	"202.64768"	"6.12e+07"	B+	"0.0000000"	"6.1182146"	"2p6.3s2"	"1S"	"0"	"3s.4p"	"1P*"	"1"	1	3		
""	"208.51988"	"7.24e-12"	E	"0.0000000"	"5.9459174"	"2p6.3s2"	"1S"	"0"	"3s.3d"	"3D"	"1"	1	3	M1	
""	"208.52002"	"1.06e-03"	C	"0.0000000"	"5.9459136"	"2p6.3s2"	"1S"	"0"	"3s.3d"	"3D"	"2"	1	5	E2	
""	"208.98134"	"2.69e+00"	B+	"0.0000000"	"5.9327880"	"2p6.3s2"	"1S"	"0"	"3s.4p"	"3P*"	"2"	1	5	M2	
""	"215.50301"	"1.64e+03"	A	"0.0000000"	"5.7532468"	"2p6.3s2"	"1S"	"0"	"3s.3d"	"1D"	"2"	1	5	E2	
"273.2802"	"273.28028"	"6.97e+06"	D+	"2.7091049"	"7.2459929"	"3s.3p"	"3P*"	"0"	"3s.6d"	"3D"	"1"	1	3		
""	"273.43016"	"5.21e+06"	D	"2.7115919"	"7.2459929"	"3s.3p"	"3P*"	"1"	"3s.6d"	"3D"	"1"	3	3		
"273.4302"	"273.43032"	"9.37e+06"	D+	"2.7115919"	"7.2459903"	"3s.3p"	"3P*"	"1"	"3s.6d"	"3D"	"2"	3	5		
""	"273.73490"	"3.46e+05"	E	"2.7166398"	"7.2459929"	"3s.3p"	"3P*"	"2"	"3s.6d"	"3D"	"1"	5	3		
""	"273.73505"	"3.12e+06"	D	"2.7166398"	"7.2459903"	"3s.3p"	"3P*"	"2"	"3s.6d"	"3D"	"2"	5	5		
"273.7352"	"273.73513"	"1.25e+07"	C	"2.7166398"	"7.2459890"	"3s.3p"	"3P*"	"2"	"3s.6d"	"3D"	"3"	5	7		
"277.7510"	"277.7510"	"1.32e+08"	B+	"2.7115919"	"7.175454"	"3s.3p"	"3P*"	"1"	"3p2"	"3P"	"2"	3	5		
"277.9090"	"277.9091"	"1.82e+08"	C+	"2.7091049"	"7.170428"	"3s.3p"	"3P*"	"0"	"3p2"	"3P"	"1"	1	3		
"278.0651"	"278.0641"	"1.36e+08"	C+	"2.7115919"	"7.170428"	"3s.3p"	"3P*"	"1"	"3p2"	"3P"	"1"	3	3		
"278.0651"	"278.0654"	"4.09e+08"	B	"2.7166398"	"7.175454"	"3s.3p"	"3P*"	"2"	"3p2"	"3P"	"2"	5	5		
"278.2237"	"278.2237"	"5.43e+08"	C+	"2.7115919"	"7.167870"	"3s.3p"	"3P*"	"1"	"3p2"	"3P"	"0"	3	1		
"278.3793"	"278.3792"	"2.14e+08"	B+	"2.7166398"	"7.170428"	"3s.3p"	"3P*"	"2"	"3p2"	"3P"	"1"	5	3		
""	"281.0583"	"3.14e+07"	C	"5.9459136"	"10.357248"	"3s.3d"	"3D"	"2"	"3p.3d"	"3D*"	"3"	5	7		
"281.0589"	"281.0584"	"2.50e+08"	B	"5.9459158"	"10.357248"	"3s.3d"	"3D"	"3"	"3p.3d"	"3D*"	"3"	7	7		
""	"281.1878"	"4.38e+07"	C	"5.9459158"	"10.355219"	"3s.3d"	"3D"	"3"	"3p.3d"	"3D*"	"2"	7	5		
""	"281.1879"	"4.22e+07"	C	"5.9459174"	"10.355219"	"3s.3d"	"3D"	"1"	"3p.3d"	"3D*"	"2"	3	5		
"281.1940"	"281.1876"	"1.96e+08"	B	"5.9459136"	"10.355219"	"3s.3d"	"3D"	"2"	"3p.3d"	"3D*"	"2"	5	5		
""	"281.2605"	"7.03e+07"	C	"5.9459136"	"10.354075"	"3s.3d"	"3D"	"2"	"3p.3d"	"3D*"	"1"	5	3		
"281.2609"	"281.2608"	"2.11e+08"	C+	"5.9459174"	"10.354075"	"3s.3d"	"3D"	"1"	"3p.3d"	"3D*"	"1"	3	3		
"284.7553"	"284.75534"	"1.31e+07"	D+	"2.7091049"	"7.0631654"	"3s.3p"	"3P*"	"0"	"3s.5d"	"3D"	"1"	1	3		
"284.9179"	"284.91827"	"1.77e+07"	C	"2.7115919"	"7.0631626"	"3s.3p"	"3P*"	"1"	"3s.5d"	"3D"	"2"	3	5		
""	"284.91809"	"9.86e+06"	D+	"2.7115919"	"7.0631654"	"3s.3p"	"3P*"	"1"	"3s.5d"	"3D"	"1"	3	3		
""	"285.24898"	"6.53e+05"	E	"2.7166398"	"7.0631654"	"3s.3p"	"3P*"	"2"	"3s.5d"	"3D"	"1"	5	3		
""	"285.24917"	"5.88e+06"	D+	"2.7166398"	"7.0631626"	"3s.3p"	"3P*"	"2"	"3s.5d"	"3D"	"2"	5	5		
"285.2498"	"285.24941"	"2.35e+07"	C	"2.7166398"	"7.0631588"	"3s.3p"	"3P*"	"2"	"3s.5d"	"3D"	"3"	5	7		
"285.2965"	"285.29642"	"4.91e+08"	A	"0.0000000"	"4.3458029"	"2p6.3s2"	"1S"	"0"	"3s.3p"	"1P*"	"1"	1	3		
"291.6307"	"291.6307"	"4.09e+08"	B	"5.7532468"	"10.004658"	"3s.3d"	"1D"	"2"	"3p.3d"	"1D*"	"2"	5	5		
"293.7598"	"293.7600"	"1.37e+06"	D	"2.7091049"	"6.929700"	"3s.3p"	"3P*"	"0"	"3s.6s"	"3S"	"1"	1	3		
"293.9332"	"293.9332"	"4.12e+06"	D	"2.7115919"	"6.929700"	"3s.3p"	"3P*"	"1"	"3s.6s"	"3S"	"1"	3	3		
"294.2855"	"294.2854"	"6.83e+06"	D+	"2.7166398"	"6.929700"	"3s.3p"	"3P*"	"2"	"3s.6s"	"3S"	"1"	5	3		
"309.1962"	"309.19614"	"3.09e+07"	B	"2.7091049"	"6.7189932"	"3s.3p"	"3P*"	"0"	"3s.4d"	"3D"	"1"	1	3		
""	"309.38803"	"2.08e+07"	C	"2.7115919"	"6.7189932"	"3s.3p"	"3P*"	"1"	"3s.4d"	"3D"	"1"	3	3		
"309.3882"	"309.38842"	"3.74e+07"	C	"2.7115919"	"6.7189881"	"3s.3p"	"3P*"	"1"	"3s.4d"	"3D"	"2"	3	5		
""	"309.77824"	"1.38e+06"	D	"2.7166398"	"6.7189932"	"3s.3p"	"3P*"	"2"	"3s.4d"	"3D"	"1"	5	3		
""	"309.77863"	"1.24e+07"	C	"2.7166398"	"6.7189881"	"3s.3p"	"3P*"	"2"	"3s.4d"	"3D"	"2"	5	5		
"309.7789"	"309.77900"	"4.96e+07"	C+	"2.7166398"	"6.7189834"	"3s.3p"	"3P*"	"2"	"3s.4d"	"3D"	"3"	5	7		
"333.0877"	"333.08773"	"3.09e+06"	D+	"2.7091049"	"6.4313736"	"3s.3p"	"3P*"	"0"	"3s.5s"	"3S"	"1"	1	3		
"333.3104"	"333.31042"	"1.02e+07"	B	"2.7115919"	"6.4313736"	"3s.3p"	"3P*"	"1"	"3s.5s"	"3S"	"1"	3	3		
"333.7634"	"333.76335"	"1.70e+07"	B	"2.7166398"	"6.4313736"	"3s.3p"	"3P*"	"2"	"3s.5s"	"3S"	"1"	5	3		
""	"362.8662"	"5.62e+06"	C	"6.5878560"	"10.004658"	"3s.4d"	"1D"	"2"	"3p.3d"	"1D*"	"2"	5	5		
""	"363.68498"	"9.89e-05"	D	"2.7091049"	"6.1182146"	"3s.3p"	"3P*"	"0"	"3s.4p"	"1P*"	"1"	1	3	M1	
""	"363.95049"	"7.38e-05"	D	"2.7115919"	"6.1182146"	"3s.3p"	"3P*"	"1"	"3s.4p"	"1P*"	"1"	3	3	M1	
""	"363.95049"	"2.12e-04"	C	"2.7115919"	"6.1182146"	"3s.3p"	"3P*"	"1"	"3s.4p"	"1P*"	"1"	3	3	E2	
""	"364.49058"	"1.22e-04"	D	"2.7166398"	"6.1182146"	"3s.3p"	"3P*"	"2"	"3s.4p"	"1P*"	"1"	5	3	M1	
""	"364.49058"	"2.80e-04"	C	"2.7166398"	"6.1182146"	"3s.3p"	"3P*"	"2"	"3s.4p"	"1P*"	"1"	5	3	E2	
"383.04414"	"383.04412"	"8.99e+07"	B+	"2.7091049"	"5.9459174"	"3s.3p"	"3P*"	"0"	"3s.3d"	"3D"	"1"	1	3		
""	"383.04458"	"2.11e-05"	B	"2.7091049"	"5.9459136"	"3s.3p"	"3P*"	"0"	"3s.3d"	"3D"	"2"	1	5	M2	
""	"383.33866"	"7.17e-05"	B	"2.7115919"	"5.9459174"	"3s.3p"	"3P*"	"1"	"3s.3d"	"3D"	"1"	3	3	M2	
"383.33869"	"383.33866"	"6.74e+07"	B+	"2.7115919"	"5.9459174"	"3s.3p"	"3P*"	"1"	"3s.3d"	"3D"	"1"	3	3		
""	"383.33885"	"2.20e-05"	B	"2.7115919"	"5.9459158"	"3s.3p"	"3P*"	"1"	"3s.3d"	"3D"	"3"	3	7	M2	
"383.33910"	"383.33912"	"1.21e+08"	B+	"2.7115919"	"5.9459136"	"3s.3p"	"3P*"	"1"	"3s.3d"	"3D"	"2"	3	5		
""	"383.33912"	"6.36e-04"	B+	"2.7115919"	"5.9459136"	"3s.3p"	"3P*"	"1"	"3s.3d"	"3D"	"2"	3	5	M2	
""	"383.93788"	"1.80e-06"	C	"2.7166398"	"5.9459174"	"3s.3p"	"3P*"	"2"	"3s.3d"	"3D"	"1"	5	3	M2	
""	"383.93788"	"4.48e+06"	B	"2.7166398"	"5.9459174"	"3s.3p"	"3P*"	"2"	"3s.3d"	"3D"	"1"	5	3		
"383.93806"	"383.93807"	"1.61e+08"	B+	"2.7166398"	"5.9459158"	"3s.3p"	"3P*"	"2"	"3s.3d"	"3D"	"3"	5	7		
""	"383.93807"	"2.04e-03"	B+	"2.7166398"	"5.9459158"	"3s.3p"	"3P*"	"2"	"3s.3d"	"3D"	"3"	5	7	M2	
"383.93831"	"383.93834"	"4.03e+07"	B+	"2.7166398"	"5.9459136"	"3s.3p"	"3P*"	"2"	"3s.3d"	"3D"	"2"	5	5		
""	"383.93834"	"3.28e-04"	B	"2.7166398"	"5.9459136"	"3s.3p"	"3P*"	"2"	"3s.3d"	"3D"	"2"	5	5	M2	
""	"384.60419"	"1.46e+01"	B+	"2.7091049"	"5.9327880"	"3s.3p"	"3P*"	"0"	"3s.4p"	"3P*"	"2"	1	5	E2	
""	"384.70403"	"3.05e-05"	D	"2.7091049"	"5.9319513"	"3s.3p"	"3P*"	"0"	"3s.4p"	"3P*"	"1"	1	3	M1	
""	"384.90113"	"9.50e-05"	D	"2.7115919"	"5.9327880"	"3s.3p"	"3P*"	"1"	"3s.4p"	"3P*"	"2"	3	5	M1	
""	"384.90113"	"3.28e+01"	B+	"2.7115919"	"5.9327880"	"3s.3p"	"3P*"	"1"	"3s.4p"	"3P*"	"2"	3	5	E2	
"385.0006"	"385.00113"	"1.83e+01"	B+	"2.7115919"	"5.9319513"	"3s.3p"	"3P*"	"1"	"3s.4p"	"3P*"	"1"	3	3	E2	
""	"385.00113"	"4.31e-10"	E	"2.7115919"	"5.9319513"	"3s.3p"	"3P*"	"1"	"3s.4p"	"3P*"	"1"	3	3	M1	
""	"385.04997"	"9.20e-05"	D	"2.7115919"	"5.9315428"	"3s.3p"	"3P*"	"1"	"3s.4p"	"3P*"	"0"	3	1	M1	
""	"385.50525"	"2.89e-12"	E	"2.7166398"	"5.9327880"	"3s.3p"	"3P*"	"2"	"3s.4p"	"3P*"	"2"	5	5	M1	
"385.5053"	"385.50525"	"2.55e+01"	B+	"2.7166398"	"5.9327880"	"3s.3p"	"3P*"	"2"	"3s.4p"	"3P*"	"2"	5	5	E2	
""	"385.60556"	"1.59e-04"	D	"2.7166398"	"5.9319513"	"3s.3p"	"3P*"	"2"	"3s.4p"	"3P*"	"1"	5	3	M1	
"385.6058"	"385.60556"	"5.48e+01"	B+	"2.7166398"	"5.9319513"	"3s.3p"	"3P*"	"2"	"3s.4p"	"3P*"	"1"	5	3	E2	
""	"385.65456"	"7.32e+01"	B+	"2.7166398"	"5.9315428"	"3s.3p"	"3P*"	"2"	"3s.4p"	"3P*"	"0"	5	1	E2	
"389.1343"	"389.1281"	"1.31e+08"	B	"7.167870"	"10.354075"	"3p2"	"3P"	"0"	"3p.3d"	"3D*"	"1"	1	3		
"389.3009"	"389.3009"	"1.77e+08"	B	"7.170428"	"10.355219"	"3p2"	"3P"	"1"	"3p.3d"	"3D*"	"2"	3	5		
"389.4407"	"389.4407"	"9.81e+07"	C+	"7.170428"	"10.354075"	"3p2"	"3P"	"1"	"3p.3d"	"3D*"	"1"	3	3		
"389.6676"	"389.6676"	"2.35e+08"	B+	"7.175454"	"10.357248"	"3p2"	"3P"	"2"	"3p.3d"	"3D*"	"3"	5	7		
"389.9224"	"389.9163"	"5.88e+07"	C+	"7.175454"	"10.355219"	"3p2"	"3P"	"2"	"3p.3d"	"3D*"	"2"	5	5		
""	"390.0565"	"6.52e+06"	C	"7.175454"	"10.354075"	"3p2"	"3P"	"2"	"3p.3d"	"3D*"	"1"	5	3		
"393.9515"	"393.95150"	"5.47e+06"	D	"4.3458029"	"7.4929973"	"3s.3p"	"1P*"	"1"	"3s.10d"	"1D"	"2"	3	5		
"398.78808"	"398.78808"	"7.30e+06"	D	"4.3458029"	"7.4548275"	"3s.3p"	"1P*"	"1"	"3s.9d"	"1D"	"2"	3	5		
"405.86512"	"405.86512"	"1.02e+07"	C+	"4.3458029"	"7.4006157"	"3s.3p"	"1P*"	"1"	"3s.8d"	"1D"	"2"	3	5		
""	"407.28785"	"4.71e-04"	B+	"2.7091049"	"5.7532468"	"3s.3p"	"3P*"	"0"	"3s.3d"	"1D"	"2"	1	5	M2	
""	"407.62086"	"1.05e-03"	B+	"2.7115919"	"5.7532468"	"3s.3p"	"3P*"	"1"	"3s.3d"	"1D"	"2"	3	5	M2	
""	"408.29847"	"8.09e-04"	B+	"2.7166398"	"5.7532468"	"3s.3p"	"3P*"	"2"	"3s.3d"	"1D"	"2"	5	5	M2	
""	"410.0944"	"1.71e+06"	D+	"6.9813495"	"10.004658"	"3s.5d"	"1D"	"2"	"3p.3d"	"1D*"	"2"	5	5		
"416.84460"	"416.84461"	"1.38e+07"	C+	"4.3458029"	"7.3201534"	"3s.3p"	"1P*"	"1"	"3s.7d"	"1D"	"2"	3	5		
"435.31289"	"435.31290"	"1.84e+07"	B+	"4.3458029"	"7.1939656"	"3s.3p"	"1P*"	"1"	"3s.6d"	"1D"	"2"	3	5		
""	"441.1162"	"7.68e+05"	D+	"7.1939656"	"10.004658"	"3s.6d"	"1D"	"2"	"3p.3d"	"1D*"	"2"	5	5		
""	"456.38806"	"3.98e-03"	B+	"0.0000000"	"2.7166398"	"2p6.3s2"	"1S"	"0"	"3s.3p"	"3P*"	"2"	1	5	M2	
"457.23767"	"457.23767"	"2.54e+02"	D	"0.0000000"	"2.7115919"	"2p6.3s2"	"1S"	"0"	"3s.3p"	"3P*"	"1"	1	3		
""	"457.65742"	"5.8e-04"	D	"0.0000000"	"2.7091049"	"2p6.3s2"	"1S"	"0"	"3s.3p"	"3P*"	"0"	1	1		
""	"463.1312"	"2.04e-03"	B+	"2.7166398"	"5.3937259"	"3s.3p"	"3P*"	"2"	"3s.4s"	"1S"	"0"	5	1	M2	
"470.43069"	"470.43068"	"2.19e+07"	B+	"4.3458029"	"6.9813495"	"3s.3p"	"1P*"	"1"	"3s.5d"	"1D"	"2"	3	5		
"473.13516"	"473.13517"	"1.34e+06"	C+	"4.3458029"	"6.9662844"	"3s.3p"	"1P*"	"1"	"3s.6s"	"1S"	"0"	3	1		
"516.87609"	"516.87605"	"1.13e+07"	B+	"2.7091049"	"5.1078270"	"3s.3p"	"3P*"	"0"	"3s.4s"	"3S"	"1"	1	3		
""	"517.4125"	"3.46e-05"	B	"2.7115919"	"5.1078270"	"3s.3p"	"3P*"	"1"	"3s.4s"	"3S"	"1"	3	3	M2	
"517.41250"	"517.41251"	"3.37e+07"	B+	"2.7115919"	"5.1078270"	"3s.3p"	"3P*"	"1"	"3s.4s"	"3S"	"1"	3	3		
""	"518.5048"	"1.02e-04"	B	"2.7166398"	"5.1078270"	"3s.3p"	"3P*"	"2"	"3s.4s"	"3S"	"1"	5	3	M2	
"518.50478"	"518.50479"	"5.61e+07"	A	"2.7166398"	"5.1078270"	"3s.3p"	"3P*"	"2"	"3s.4s"	"3S"	"1"	5	3		
"552.99403"	"552.99403"	"1.39e+07"	B+	"4.3458029"	"6.5878560"	"3s.3p"	"1P*"	"1"	"3s.4d"	"1D"	"2"	3	5		
"571.26724"	"571.26725"	"3.86e+06"	B	"4.3458029"	"6.5161391"	"3s.3p"	"1P*"	"1"	"3s.5s"	"1S"	"0"	3	1		
"632.0463"	"632.0464"	"2.63e+05"	D+	"5.1078270"	"7.0694581"	"3s.4s"	"3S"	"1"	"3s.6p"	"3P*"	"2"	3	5		
"632.0983"	"632.0984"	"2.64e+05"	D	"5.1078270"	"7.0692968"	"3s.4s"	"3S"	"1"	"3s.6p"	"3P*"	"1"	3	3		
"632.1241"	"632.1242"	"2.63e+05"	E	"5.1078270"	"7.0692167"	"3s.4s"	"3S"	"1"	"3s.6p"	"3P*"	"0"	3	1		
"706.2356"	"706.2360"	"8.51e+05"	D	"5.7532468"	"7.5088100"	"3s.3d"	"1D"	"2"	"3s.10f"	"1F*"	"3"	5	7		
"719.5155"	"719.5167"	"1.18e+06"	D	"5.7532468"	"7.4764062"	"3s.3d"	"1D"	"2"	"3s.9f"	"1F*"	"3"	5	7		
"729.3069"	"729.3064"	"6.27e+04"	C+	"5.3937259"	"7.0937549"	"3s.4s"	"1S"	"0"	"3s.6p"	"1P*"	"1"	1	3		
"738.9720"	"738.9724"	"1.74e+06"	C+	"5.7532468"	"7.4310388"	"3s.3d"	"1D"	"2"	"3s.8f"	"1F*"	"3"	5	7		
""	"757.5265"	"9.67e-05"	D+	"2.7091049"	"4.3458029"	"3s.3p"	"3P*"	"0"	"3s.3p"	"1P*"	"1"	1	3	M1	
""	"758.6793"	"7.22e-05"	D+	"2.7115919"	"4.3458029"	"3s.3p"	"3P*"	"1"	"3s.3p"	"1P*"	"1"	3	3	M1	
""	"758.6793"	"3.76e-05"	C	"2.7115919"	"4.3458029"	"3s.3p"	"3P*"	"1"	"3s.3p"	"1P*"	"1"	3	3	E2	
""	"761.0300"	"1.19e-04"	D+	"2.7166398"	"4.3458029"	"3s.3p"	"3P*"	"2"	"3s.3p"	"1P*"	"1"	5	3	M1	
""	"761.0300"	"2.65e-05"	C	"2.7166398"	"4.3458029"	"3s.3p"	"3P*"	"2"	"3s.3p"	"1P*"	"1"	5	3	E2	
"765.9711"	"765.9711"	"1.23e+06"	C	"5.1078270"	"6.7264807"	"3s.4s"	"3S"	"1"	"3s.5p"	"3P*"	"2"	3	5		
"766.1260"	"766.1260"	"1.23e+06"	C	"5.1078270"	"6.7261534"	"3s.4s"	"3S"	"1"	"3s.5p"	"3P*"	"1"	3	3		
"766.2010"	"766.2010"	"1.23e+06"	D+	"5.1078270"	"6.7259951"	"3s.4s"	"3S"	"1"	"3s.5p"	"3P*"	"0"	3	1		
"769.3667"	"769.3670"	"2.66e+06"	B	"5.7532468"	"7.3647560"	"3s.3d"	"1D"	"2"	"3s.7f"	"1F*"	"3"	5	7		
""	"774.8458"	"6.09e-07"	C+	"4.3458029"	"5.9459174"	"3s.3p"	"1P*"	"1"	"3s.3d"	"3D"	"1"	3	3	M2	
""	"774.8466"	"2.20e-05"	B+	"4.3458029"	"5.9459158"	"3s.3p"	"1P*"	"1"	"3s.3d"	"3D"	"3"	3	7	M2	
""	"774.8476"	"5.48e-06"	B	"4.3458029"	"5.9459136"	"3s.3p"	"1P*"	"1"	"3s.3d"	"3D"	"2"	3	5	M2	
""	"781.2562"	"1.02e-05"	D	"4.3458029"	"5.9327880"	"3s.3p"	"1P*"	"1"	"3s.4p"	"3P*"	"2"	3	5	M1	
""	"781.2562"	"3.76e-05"	C+	"4.3458029"	"5.9327880"	"3s.3p"	"1P*"	"1"	"3s.4p"	"3P*"	"2"	3	5	E2	
""	"781.6683"	"1.03e-05"	D	"4.3458029"	"5.9319513"	"3s.3p"	"1P*"	"1"	"3s.4p"	"3P*"	"1"	3	3	M1	
""	"781.6683"	"4.20e-04"	C+	"4.3458029"	"5.9319513"	"3s.3p"	"1P*"	"1"	"3s.4p"	"3P*"	"1"	3	3	E2	
""	"781.8697"	"4.11e-05"	D	"4.3458029"	"5.9315428"	"3s.3p"	"1P*"	"1"	"3s.4p"	"3P*"	"0"	3	1	M1	
""	"787.760"	"2.54e+05"	E	"5.9315428"	"7.505426"	"3s.4p"	"3P*"	"0"	"3s.10d"	"3D"	"1"	1	3		
""	"787.965"	"1.90e+05"	E	"5.9319513"	"7.505426"	"3s.4p"	"3P*"	"1"	"3s.10d"	"3D"	"1"	3	3		
""	"787.965"	"3.43e+05"	E	"5.9319513"	"7.505426"	"3s.4p"	"3P*"	"1"	"3s.10d"	"3D"	"2"	3	5		
"788.3835"	"788.3838"	"4.56e+05"	D	"5.9327880"	"7.505426"	"3s.4p"	"3P*"	"2"	"3s.10d"	"3D"	"3"	5	7		
""	"788.384"	"1.27e+04"	E	"5.9327880"	"7.505426"	"3s.4p"	"3P*"	"2"	"3s.10d"	"3D"	"1"	5	3		
""	"788.384"	"1.14e+05"	E	"5.9327880"	"7.505426"	"3s.4p"	"3P*"	"2"	"3s.10d"	"3D"	"2"	5	5		
""	"793.2976"	"8.41e+04"	E	"5.9459136"	"7.5088100"	"3s.3d"	"3D"	"2"	"3s.10f"	"3F*"	"2"	5	5		
"793.2988"	"793.2976"	"4.78e+05"	D	"5.9459136"	"7.5088100"	"3s.3d"	"3D"	"2"	"3s.10f"	"3F*"	"3"	5	7		
"793.2988"	"793.2987"	"5.38e+05"	D	"5.9459158"	"7.5088100"	"3s.3d"	"3D"	"3"	"3s.10f"	"3F*"	"4"	7	9		
""	"793.2987"	"2.37e+03"	E	"5.9459158"	"7.5088100"	"3s.3d"	"3D"	"3"	"3s.10f"	"3F*"	"2"	7	5		
""	"793.2987"	"6.00e+04"	E	"5.9459158"	"7.5088100"	"3s.3d"	"3D"	"3"	"3s.10f"	"3F*"	"3"	7	7		
"793.2988"	"793.2995"	"4.52e+05"	D	"5.9459174"	"7.5088100"	"3s.3d"	"3D"	"1"	"3s.10f"	"3F*"	"2"	3	5		
"794.926"	"794.928"	"2.91e+04"	E	"5.9315428"	"7.491233"	"3s.4p"	"3P*"	"0"	"3s.11s"	"3S"	"1"	1	3		
""	"795.137"	"8.71e+04"	D	"5.9319513"	"7.491233"	"3s.4p"	"3P*"	"1"	"3s.11s"	"3S"	"1"	3	3		
"795.558"	"795.563"	"1.45e+05"	D	"5.9327880"	"7.491233"	"3s.4p"	"3P*"	"2"	"3s.11s"	"3S"	"1"	5	3		
"804.994"	"804.9933"	"3.53e+05"	E	"5.9315428"	"7.4717320"	"3s.4p"	"3P*"	"0"	"3s.9d"	"3D"	"1"	1	3		
"805.2068"	"805.2069"	"4.78e+05"	D	"5.9319513"	"7.4717320"	"3s.4p"	"3P*"	"1"	"3s.9d"	"3D"	"2"	3	5		
""	"805.2069"	"2.65e+05"	E	"5.9319513"	"7.4717320"	"3s.4p"	"3P*"	"1"	"3s.9d"	"3D"	"1"	3	3		
""	"805.6446"	"1.76e+04"	E	"5.9327880"	"7.4717320"	"3s.4p"	"3P*"	"2"	"3s.9d"	"3D"	"1"	5	3		
""	"805.6446"	"1.59e+05"	E	"5.9327880"	"7.4717320"	"3s.4p"	"3P*"	"2"	"3s.9d"	"3D"	"2"	5	5		
"805.6447"	"805.6446"	"6.36e+05"	D	"5.9327880"	"7.4717320"	"3s.4p"	"3P*"	"2"	"3s.9d"	"3D"	"3"	5	7		
""	"810.0934"	"1.20e+05"	E	"5.9459136"	"7.4764062"	"3s.3d"	"3D"	"2"	"3s.9f"	"3F*"	"2"	5	5		
""	"810.0946"	"3.37e+03"	E	"5.9459158"	"7.4764062"	"3s.3d"	"3D"	"3"	"3s.9f"	"3F*"	"2"	7	5		
""	"810.0946"	"8.55e+04"	E	"5.9459158"	"7.4764062"	"3s.3d"	"3D"	"3"	"3s.9f"	"3F*"	"3"	7	7		
"810.0951"	"810.0934"	"6.82e+05"	D	"5.9459136"	"7.4764062"	"3s.3d"	"3D"	"2"	"3s.9f"	"3F*"	"3"	5	7		
"810.0951"	"810.0946"	"7.68e+05"	D+	"5.9459158"	"7.4764062"	"3s.3d"	"3D"	"3"	"3s.9f"	"3F*"	"4"	7	9		
"810.0951"	"810.0954"	"6.46e+05"	D	"5.9459174"	"7.4764062"	"3s.3d"	"3D"	"1"	"3s.9f"	"3F*"	"2"	3	5		
"821.2096"	"821.2092"	"1.81e+05"	C	"5.7532468"	"7.263023"	"3s.3d"	"1D"	"2"	"3s.7p"	"1P*"	"1"	5	3		
"821.5292"	"821.5299"	"4.38e+06"	B+	"5.7532468"	"7.2624336"	"3s.3d"	"1D"	"2"	"3s.6f"	"1F*"	"3"	5	7		
"830.5595"	"830.5595"	"5.16e+05"	E	"5.9315428"	"7.4243221"	"3s.4p"	"3P*"	"0"	"3s.8d"	"3D"	"1"	1	3		
""	"830.7868"	"3.87e+05"	E	"5.9319513"	"7.4243221"	"3s.4p"	"3P*"	"1"	"3s.8d"	"3D"	"1"	3	3		
"830.7879"	"830.7879"	"9.28e+05"	C+	"5.9319513"	"7.4243202"	"3s.4p"	"3P*"	"1"	"3s.8d"	"3D"	"2"	3	5		
""	"831.2528"	"2.57e+04"	E	"5.9327880"	"7.4243221"	"3s.4p"	"3P*"	"2"	"3s.8d"	"3D"	"1"	5	3		
""	"831.2539"	"2.32e+05"	E	"5.9327880"	"7.4243202"	"3s.4p"	"3P*"	"2"	"3s.8d"	"3D"	"2"	5	5		
"831.2548"	"831.2548"	"9.24e+05"	D+	"5.9327880"	"7.4243186"	"3s.4p"	"3P*"	"2"	"3s.8d"	"3D"	"3"	5	7		
""	"834.8400"	"1.79e+05"	E	"5.9459136"	"7.4310388"	"3s.3d"	"3D"	"2"	"3s.8f"	"3F*"	"2"	5	5		
""	"834.8413"	"5.04e+03"	E	"5.9459158"	"7.4310388"	"3s.3d"	"3D"	"3"	"3s.8f"	"3F*"	"2"	7	5		
""	"834.8413"	"1.27e+05"	E	"5.9459158"	"7.4310388"	"3s.3d"	"3D"	"3"	"3s.8f"	"3F*"	"3"	7	7		
"834.8414"	"834.8400"	"1.02e+06"	D+	"5.9459136"	"7.4310388"	"3s.3d"	"3D"	"2"	"3s.8f"	"3F*"	"3"	5	7		
"834.8414"	"834.8413"	"1.15e+06"	D+	"5.9459158"	"7.4310388"	"3s.3d"	"3D"	"3"	"3s.8f"	"3F*"	"4"	7	9		
"834.8414"	"834.8422"	"9.59e+05"	D	"5.9459174"	"7.4310388"	"3s.3d"	"3D"	"1"	"3s.8f"	"3F*"	"2"	3	5		
"871.2567"	"871.2567"	"7.97e+05"	D	"5.9315428"	"7.3545930"	"3s.4p"	"3P*"	"0"	"3s.7d"	"3D"	"1"	1	3		
""	"871.5069"	"5.98e+05"	D	"5.9319513"	"7.3545930"	"3s.4p"	"3P*"	"1"	"3s.7d"	"3D"	"1"	3	3		
"871.5082"	"871.5082"	"1.07e+06"	D+	"5.9319513"	"7.3545908"	"3s.4p"	"3P*"	"1"	"3s.7d"	"3D"	"2"	3	5		
""	"872.0197"	"3.98e+04"	E	"5.9327880"	"7.3545930"	"3s.4p"	"3P*"	"2"	"3s.7d"	"3D"	"1"	5	3		
""	"872.0211"	"3.58e+05"	D	"5.9327880"	"7.3545908"	"3s.4p"	"3P*"	"2"	"3s.7d"	"3D"	"2"	5	5		
"872.0219"	"872.0219"	"1.43e+06"	D+	"5.9327880"	"7.3545894"	"3s.4p"	"3P*"	"2"	"3s.7d"	"3D"	"3"	5	7		
""	"873.8405"	"2.86e+05"	E	"5.9459136"	"7.3647560"	"3s.3d"	"3D"	"2"	"3s.7f"	"3F*"	"2"	5	5		
""	"873.8419"	"8.05e+03"	E	"5.9459158"	"7.3647560"	"3s.3d"	"3D"	"3"	"3s.7f"	"3F*"	"2"	7	5		
""	"873.8419"	"2.04e+05"	E	"5.9459158"	"7.3647560"	"3s.3d"	"3D"	"3"	"3s.7f"	"3F*"	"3"	7	7		
"873.8420"	"873.8405"	"1.62e+06"	D+	"5.9459136"	"7.3647560"	"3s.3d"	"3D"	"2"	"3s.7f"	"3F*"	"3"	5	7		
"873.8420"	"873.8419"	"1.83e+06"	C	"5.9459158"	"7.3647560"	"3s.3d"	"3D"	"3"	"3s.7f"	"3F*"	"4"	7	9		
"873.8420"	"873.8429"	"1.54e+06"	D+	"5.9459174"	"7.3647560"	"3s.3d"	"3D"	"1"	"3s.7f"	"3F*"	"2"	3	5		
""	"880.9175"	"6.29e-06"	B	"4.3458029"	"5.7532468"	"3s.3p"	"1P*"	"1"	"3s.3d"	"1D"	"2"	3	5	M2	
"880.9175"	"880.9175"	"1.27e+07"	A	"4.3458029"	"5.7532468"	"3s.3p"	"1P*"	"1"	"3s.3d"	"1D"	"2"	3	5		
"892.6019"	"892.6019"	"5.86e+05"	B	"5.3937259"	"6.7827460"	"3s.4s"	"1S"	"0"	"3s.5p"	"1P*"	"1"	1	3		
"924.9036"	"924.9045"	"2.99e+05"	B	"5.7532468"	"7.0937549"	"3s.3d"	"1D"	"2"	"3s.6p"	"1P*"	"1"	5	3		
"925.8318"	"925.8318"	"7.95e+06"	B+	"5.7532468"	"7.0924123"	"3s.3d"	"1D"	"2"	"3s.5f"	"1F*"	"3"	5	7		
""	"941.7526"	"5.05e+05"	C	"5.9459136"	"7.2624398"	"3s.3d"	"3D"	"2"	"3s.6f"	"3F*"	"2"	5	5		
""	"941.7542"	"1.42e+04"	E	"5.9459158"	"7.2624398"	"3s.3d"	"3D"	"3"	"3s.6f"	"3F*"	"2"	7	5		
""	"941.7542"	"3.61e+05"	C	"5.9459158"	"7.2624398"	"3s.3d"	"3D"	"3"	"3s.6f"	"3F*"	"3"	7	7		
"941.7547"	"941.7526"	"2.88e+06"	C+	"5.9459136"	"7.2624398"	"3s.3d"	"3D"	"2"	"3s.6f"	"3F*"	"3"	5	7		
"941.7547"	"941.7542"	"3.24e+06"	B	"5.9459158"	"7.2624398"	"3s.3d"	"3D"	"3"	"3s.6f"	"3F*"	"4"	7	9		
"941.7547"	"941.7554"	"2.72e+06"	C+	"5.9459174"	"7.2624398"	"3s.3d"	"3D"	"1"	"3s.6f"	"3F*"	"2"	3	5		
"943.2401"	"943.2401"	"1.34e+06"	C	"5.9315428"	"7.2459929"	"3s.4p"	"3P*"	"0"	"3s.6d"	"3D"	"1"	1	3		
""	"943.5333"	"1.00e+06"	C	"5.9319513"	"7.2459929"	"3s.4p"	"3P*"	"1"	"3s.6d"	"3D"	"1"	3	3		
"943.5352"	"943.5352"	"1.81e+06"	C+	"5.9319513"	"7.2459903"	"3s.4p"	"3P*"	"1"	"3s.6d"	"3D"	"2"	3	5		
""	"944.1344"	"6.68e+04"	D	"5.9327880"	"7.2459929"	"3s.4p"	"3P*"	"2"	"3s.6d"	"3D"	"1"	5	3		
""	"944.1363"	"6.01e+05"	C	"5.9327880"	"7.2459903"	"3s.4p"	"3P*"	"2"	"3s.6d"	"3D"	"2"	5	5		
"944.1372"	"944.1372"	"2.41e+06"	C+	"5.9327880"	"7.2459890"	"3s.4p"	"3P*"	"2"	"3s.6d"	"3D"	"3"	5	7		
"966.819"	"966.8130"	"2.44e+05"	C+	"6.1182146"	"7.4006157"	"3s.4p"	"1P*"	"1"	"3s.8d"	"1D"	"2"	3	5		
"998.594"	"998.5925"	"1.57e+05"	E	"5.9315428"	"7.1731323"	"3s.4p"	"3P*"	"0"	"3s.7s"	"3S"	"1"	1	3		
"998.9213"	"998.9212"	"4.70e+05"	D	"5.9319513"	"7.1731323"	"3s.4p"	"3P*"	"1"	"3s.7s"	"3S"	"1"	3	3		
"999.5949"	"999.5950"	"7.81e+05"	D	"5.9327880"	"7.1731323"	"3s.4p"	"3P*"	"2"	"3s.7s"	"3S"	"1"	5	3		
"1030.211"	"1030.207"	"5.28e+05"	C	"6.1182146"	"7.321703"	"3s.4p"	"1P*"	"1"	"3s.8s"	"1S"	"0"	3	1		
"1031.5357"	"1031.5351"	"2.33e+05"	C+	"6.1182146"	"7.3201534"	"3s.4p"	"1P*"	"1"	"3s.7d"	"1D"	"2"	3	5		
""	"1081.4014"	"6.70e+06"	B	"5.9459158"	"7.0924299"	"3s.3d"	"3D"	"3"	"3s.5f"	"3F*"	"4"	7	9		
"1081.4045"	"1081.4037"	"5.95e+06"	B	"5.9459136"	"7.0924252"	"3s.3d"	"3D"	"2"	"3s.5f"	"3F*"	"3"	5	7		
""	"1081.4059"	"7.47e+05"	C+	"5.9459158"	"7.0924252"	"3s.3d"	"3D"	"3"	"3s.5f"	"3F*"	"3"	7	7		
""	"1081.4083"	"1.05e+06"	C+	"5.9459136"	"7.0924204"	"3s.3d"	"3D"	"2"	"3s.5f"	"3F*"	"2"	5	5		
""	"1081.4104"	"2.95e+04"	D	"5.9459158"	"7.0924204"	"3s.3d"	"3D"	"3"	"3s.5f"	"3F*"	"2"	7	5		
""	"1081.4119"	"5.65e+06"	B	"5.9459174"	"7.0924204"	"3s.3d"	"3D"	"1"	"3s.5f"	"3F*"	"2"	3	5		
"1095.6320"	"1095.6320"	"2.54e+06"	C+	"5.9315428"	"7.0631654"	"3s.4p"	"3P*"	"0"	"3s.5d"	"3D"	"1"	1	3		
""	"1096.0277"	"1.90e+06"	C+	"5.9319513"	"7.0631654"	"3s.4p"	"3P*"	"1"	"3s.5d"	"3D"	"1"	3	3		
"1096.0305"	"1096.0305"	"3.43e+06"	B	"5.9319513"	"7.0631626"	"3s.4p"	"3P*"	"1"	"3s.5d"	"3D"	"2"	3	5		
""	"1096.8389"	"1.27e+05"	D+	"5.9327880"	"7.0631654"	"3s.4p"	"3P*"	"2"	"3s.5d"	"3D"	"1"	5	3		
""	"1096.8417"	"1.14e+06"	C+	"5.9327880"	"7.0631626"	"3s.4p"	"3P*"	"2"	"3s.5d"	"3D"	"2"	5	5		
"1096.8453"	"1096.8453"	"4.55e+06"	B	"5.9327880"	"7.0631588"	"3s.4p"	"3P*"	"2"	"3s.5d"	"3D"	"3"	5	7		
""	"1103.5094"	"3.09e+04"	D	"5.9459136"	"7.0694581"	"3s.3d"	"3D"	"2"	"3s.6p"	"3P*"	"2"	5	5		
"1103.5124"	"1103.5116"	"1.73e+05"	C	"5.9459158"	"7.0694581"	"3s.3d"	"3D"	"3"	"3s.6p"	"3P*"	"2"	7	5		
""	"1103.5132"	"2.06e+03"	E	"5.9459174"	"7.0694581"	"3s.3d"	"3D"	"1"	"3s.6p"	"3P*"	"2"	3	5		
"1103.6684"	"1103.6679"	"1.54e+05"	D+	"5.9459136"	"7.0692968"	"3s.3d"	"3D"	"2"	"3s.6p"	"3P*"	"1"	5	3		
""	"1103.6716"	"5.15e+04"	D	"5.9459174"	"7.0692968"	"3s.3d"	"3D"	"1"	"3s.6p"	"3P*"	"1"	3	3		
"1103.753"	"1103.7503"	"2.05e+05"	D	"5.9459174"	"7.0692167"	"3s.3d"	"3D"	"1"	"3s.6p"	"3P*"	"0"	3	1		
"1152.5394"	"1152.5362"	"1.24e+05"	B	"6.1182146"	"7.1939656"	"3s.4p"	"1P*"	"1"	"3s.6d"	"1D"	"2"	3	5		
"1154.3831"	"1154.377"	"9.61e+05"	C+	"6.1182146"	"7.192250"	"3s.4p"	"1P*"	"1"	"3s.7s"	"1S"	"0"	3	1		
"1183.1408"	"1183.1423"	"2.22e+07"	A	"4.3458029"	"5.3937259"	"3s.3p"	"1P*"	"1"	"3s.4s"	"1S"	"0"	3	1		
"1204.3117"	"1204.3156"	"4.52e+05"	B	"5.7532468"	"6.7827460"	"3s.3d"	"1D"	"2"	"3s.5p"	"1P*"	"1"	5	3		
"1208.6956"	"1208.6969"	"1.68e+07"	A	"5.7532468"	"6.7790143"	"3s.3d"	"1D"	"2"	"3s.4f"	"1F*"	"3"	5	7		
""	"1227.0953"	"6.23e-05"	B+	"5.1078270"	"6.1182146"	"3s.4s"	"3S"	"1"	"3s.4p"	"1P*"	"1"	3	3	M2	
"1242.1335"	"1242.131"	"3.13e+05"	C	"5.9315428"	"6.929700"	"3s.4p"	"3P*"	"0"	"3s.6s"	"3S"	"1"	1	3		
"1242.6428"	"1242.640"	"9.33e+05"	C	"5.9319513"	"6.929700"	"3s.4p"	"3P*"	"1"	"3s.6s"	"3S"	"1"	3	3		
"1243.6854"	"1243.682"	"1.55e+06"	C+	"5.9327880"	"6.929700"	"3s.4p"	"3P*"	"2"	"3s.6s"	"3S"	"1"	5	3		
""	"1346.129"	"3.54e+04"	D	"6.5878560"	"7.508898"	"3s.4d"	"1D"	"2"	"3s.11p"	"1P*"	"1"	5	3		
""	"1346.2583"	"2.45e+05"	D+	"6.5878560"	"7.5088100"	"3s.4d"	"1D"	"2"	"3s.10f"	"1F*"	"3"	5	7		
"1395.359"	"1395.3538"	"3.23e+05"	D+	"6.5878560"	"7.4764062"	"3s.4d"	"1D"	"2"	"3s.9f"	"1F*"	"3"	5	7		
"1436.4447"	"1436.4407"	"2.91e+04"	B	"6.1182146"	"6.9813495"	"3s.4p"	"1P*"	"1"	"3s.5d"	"1D"	"2"	3	5		
""	"1460.499"	"2.61e+04"	C	"6.5161391"	"7.365056"	"3s.5s"	"1S"	"0"	"3s.8p"	"1P*"	"1"	1	3		
"1461.9614"	"1461.9575"	"1.87e+06"	B+	"6.1182146"	"6.9662844"	"3s.4p"	"1P*"	"1"	"3s.6s"	"1S"	"0"	3	1		
"1470.4287"	"1470.4308"	"4.85e+05"	B	"6.5878560"	"7.4310388"	"3s.4d"	"1D"	"2"	"3s.8f"	"1F*"	"3"	5	7		
""	"1479.3654"	"4.92e-10"	E	"5.1078270"	"5.9459174"	"3s.4s"	"3S"	"1"	"3s.3d"	"3D"	"1"	3	3	M1	
""	"1479.3654"	"2.33e+00"	A	"5.1078270"	"5.9459174"	"3s.4s"	"3S"	"1"	"3s.3d"	"3D"	"1"	3	3	E2	
""	"1479.3683"	"2.33e+00"	A	"5.1078270"	"5.9459158"	"3s.4s"	"3S"	"1"	"3s.3d"	"3D"	"3"	3	7	E2	
""	"1479.3722"	"9.64e-11"	E	"5.1078270"	"5.9459136"	"3s.4s"	"3S"	"1"	"3s.3d"	"3D"	"2"	3	5	M1	
""	"1479.3722"	"2.33e+00"	A	"5.1078270"	"5.9459136"	"3s.4s"	"3S"	"1"	"3s.3d"	"3D"	"2"	3	5	E2	
"1488.1595"	"1488.1595"	"1.67e+07"	B+	"5.9459158"	"6.7790536"	"3s.3d"	"3D"	"3"	"3s.4f"	"3F*"	"4"	7	9		
"1488.1674"	"1488.1674"	"1.48e+07"	B+	"5.9459136"	"6.7790469"	"3s.3d"	"3D"	"2"	"3s.4f"	"3F*"	"3"	5	7		
""	"1488.1714"	"1.86e+06"	B	"5.9459158"	"6.7790469"	"3s.3d"	"3D"	"3"	"3s.4f"	"3F*"	"3"	7	7		
""	"1488.1778"	"2.60e+06"	B	"5.9459136"	"6.7790411"	"3s.3d"	"3D"	"2"	"3s.4f"	"3F*"	"2"	5	5		
""	"1488.1818"	"7.34e+04"	C	"5.9459158"	"6.7790411"	"3s.3d"	"3D"	"3"	"3s.4f"	"3F*"	"2"	7	5		
"1488.1847"	"1488.1847"	"1.40e+07"	B+	"5.9459174"	"6.7790411"	"3s.3d"	"3D"	"1"	"3s.4f"	"3F*"	"2"	3	5		
""	"1502.9099"	"1.02e-05"	B+	"5.1078270"	"5.9327880"	"3s.4s"	"3S"	"1"	"3s.4p"	"3P*"	"2"	3	5	M2	
"1502.9103"	"1502.9099"	"1.35e+07"	A	"5.1078270"	"5.9327880"	"3s.4s"	"3S"	"1"	"3s.4p"	"3P*"	"2"	3	5		
""	"1504.4356"	"5.56e-06"	B+	"5.1078270"	"5.9319513"	"3s.4s"	"3S"	"1"	"3s.4p"	"3P*"	"1"	3	3	M2	
"1504.4356"	"1504.4356"	"1.34e+07"	A	"5.1078270"	"5.9319513"	"3s.4s"	"3S"	"1"	"3s.4p"	"3P*"	"1"	3	3		
"1505.1826"	"1505.1817"	"1.34e+07"	B+	"5.1078270"	"5.9315428"	"3s.4s"	"3S"	"1"	"3s.4p"	"3P*"	"0"	3	1		
"1513.9442"	"1513.9509"	"1.28e+05"	D	"6.4313736"	"7.2503182"	"3s.5s"	"3S"	"1"	"3s.7p"	"3P*"	"2"	3	5		
"1514.1164"	"1514.1205"	"1.28e+05"	D	"6.4313736"	"7.2502265"	"3s.5s"	"3S"	"1"	"3s.7p"	"3P*"	"1"	3	3		
"1514.1987"	"1514.1964"	"1.27e+05"	E	"6.4313736"	"7.2501854"	"3s.5s"	"3S"	"1"	"3s.7p"	"3P*"	"0"	3	1		
"1569.7599"	"1569.7648"	"2.88e+05"	C	"6.7189834"	"7.5088100"	"3s.4d"	"3D"	"3"	"3s.10f"	"3F*"	"4"	7	9		
""	"1569.7648"	"1.27e+03"	E	"6.7189834"	"7.5088100"	"3s.4d"	"3D"	"3"	"3s.10f"	"3F*"	"2"	7	5		
""	"1569.7648"	"3.22e+04"	E	"6.7189834"	"7.5088100"	"3s.4d"	"3D"	"3"	"3s.10f"	"3F*"	"3"	7	7		
""	"1569.7742"	"4.49e+04"	E	"6.7189881"	"7.5088100"	"3s.4d"	"3D"	"2"	"3s.10f"	"3F*"	"2"	5	5		
""	"1569.7742"	"2.55e+05"	D+	"6.7189881"	"7.5088100"	"3s.4d"	"3D"	"2"	"3s.10f"	"3F*"	"3"	5	7		
""	"1569.7843"	"2.42e+05"	D+	"6.7189932"	"7.5088100"	"3s.4d"	"3D"	"1"	"3s.10f"	"3F*"	"2"	3	5		
"1574.5007"	"1574.5016"	"5.51e+06"	B	"5.9315428"	"6.7189932"	"3s.4p"	"3P*"	"0"	"3s.4d"	"3D"	"1"	1	3		
""	"1575.3189"	"4.11e+06"	B	"5.9319513"	"6.7189932"	"3s.4p"	"3P*"	"1"	"3s.4d"	"3D"	"1"	3	3		
"1575.3291"	"1575.3291"	"7.42e+06"	B+	"5.9319513"	"6.7189881"	"3s.4p"	"3P*"	"1"	"3s.4d"	"3D"	"2"	3	5		
""	"1576.9953"	"2.74e+05"	C	"5.9327880"	"6.7189932"	"3s.4p"	"3P*"	"2"	"3s.4d"	"3D"	"1"	5	3		
""	"1577.0055"	"2.47e+06"	B	"5.9327880"	"6.7189881"	"3s.4p"	"3P*"	"2"	"3s.4d"	"3D"	"2"	5	5		
"1577.0147"	"1577.0149"	"9.87e+06"	B+	"5.9327880"	"6.7189834"	"3s.4p"	"3P*"	"2"	"3s.4d"	"3D"	"3"	5	7		
""	"1588.3860"	"5.31e+04"	D+	"5.9459136"	"6.7264807"	"3s.3d"	"3D"	"2"	"3s.5p"	"3P*"	"2"	5	5		
"1588.3903"	"1588.3905"	"2.98e+05"	C+	"5.9459158"	"6.7264807"	"3s.3d"	"3D"	"3"	"3s.5p"	"3P*"	"2"	7	5		
""	"1588.3938"	"3.54e+03"	E	"5.9459174"	"6.7264807"	"3s.3d"	"3D"	"1"	"3s.5p"	"3P*"	"2"	3	5		
"1589.0528"	"1589.0523"	"2.65e+05"	C	"5.9459136"	"6.7261534"	"3s.3d"	"3D"	"2"	"3s.5p"	"3P*"	"1"	5	3		
""	"1589.0601"	"8.85e+04"	D+	"5.9459174"	"6.7261534"	"3s.3d"	"3D"	"1"	"3s.5p"	"3P*"	"1"	3	3		
"1589.3862"	"1589.3827"	"3.54e+05"	C	"5.9459174"	"6.7259951"	"3s.3d"	"3D"	"1"	"3s.5p"	"3P*"	"0"	3	1		
""	"1590.702"	"1.11e+05"	D	"6.7259951"	"7.505426"	"3s.5p"	"3P*"	"0"	"3s.10d"	"3D"	"1"	1	3		
""	"1591.026"	"8.33e+04"	E	"6.7261534"	"7.505426"	"3s.5p"	"3P*"	"1"	"3s.10d"	"3D"	"1"	3	3		
""	"1591.026"	"1.50e+05"	D	"6.7261534"	"7.505426"	"3s.5p"	"3P*"	"1"	"3s.10d"	"3D"	"2"	3	5		
""	"1591.694"	"5.53e+03"	E	"6.7264807"	"7.505426"	"3s.5p"	"3P*"	"2"	"3s.10d"	"3D"	"1"	5	3		
""	"1591.694"	"4.98e+04"	E	"6.7264807"	"7.505426"	"3s.5p"	"3P*"	"2"	"3s.10d"	"3D"	"2"	5	5		
"1591.7178"	"1591.694"	"1.99e+05"	D+	"6.7264807"	"7.505426"	"3s.5p"	"3P*"	"2"	"3s.10d"	"3D"	"3"	5	7		
"1595.2736"	"1595.268"	"8.74e+04"	C+	"6.5878560"	"7.365056"	"3s.4d"	"1D"	"2"	"3s.8p"	"1P*"	"1"	5	3		
"1595.881"	"1595.8836"	"6.55e+05"	B	"6.5878560"	"7.3647560"	"3s.4d"	"1D"	"2"	"3s.7f"	"1F*"	"3"	5	7		
""	"1620.204"	"1.33e+04"	D	"6.7259951"	"7.491233"	"3s.5p"	"3P*"	"0"	"3s.11s"	"3S"	"1"	1	3		
""	"1620.540"	"3.99e+04"	D+	"6.7261534"	"7.491233"	"3s.5p"	"3P*"	"1"	"3s.11s"	"3S"	"1"	3	3		
""	"1621.233"	"6.64e+04"	D+	"6.7264807"	"7.491233"	"3s.5p"	"3P*"	"2"	"3s.11s"	"3S"	"1"	5	3		
""	"1627.0377"	"3.65e-07"	B	"4.3458029"	"5.1078270"	"3s.3p"	"1P*"	"1"	"3s.4s"	"3S"	"1"	3	3	M2	
""	"1636.9219"	"1.77e+03"	E	"6.7189834"	"7.4764062"	"3s.4d"	"3D"	"3"	"3s.9f"	"3F*"	"2"	7	5		
""	"1636.9219"	"4.48e+04"	D	"6.7189834"	"7.4764062"	"3s.4d"	"3D"	"3"	"3s.9f"	"3F*"	"3"	7	7		
""	"1636.9219"	"4.01e+05"	C	"6.7189834"	"7.4764062"	"3s.4d"	"3D"	"3"	"3s.9f"	"3F*"	"4"	7	9		
""	"1636.9321"	"6.27e+04"	D	"6.7189881"	"7.4764062"	"3s.4d"	"3D"	"2"	"3s.9f"	"3F*"	"2"	5	5		
""	"1636.9321"	"3.57e+05"	C	"6.7189881"	"7.4764062"	"3s.4d"	"3D"	"2"	"3s.9f"	"3F*"	"3"	5	7		
""	"1636.9431"	"3.38e+05"	D+	"6.7189932"	"7.4764062"	"3s.4d"	"3D"	"1"	"3s.9f"	"3F*"	"2"	3	5		
"1660.0116"	"1660.020"	"6.54e+04"	C	"6.5161391"	"7.263023"	"3s.5s"	"1S"	"0"	"3s.7p"	"1P*"	"1"	1	3		
"1662.5731"	"1662.5729"	"1.55e+05"	D	"6.7259951"	"7.4717320"	"3s.5p"	"3P*"	"0"	"3s.9d"	"3D"	"1"	1	3		
""	"1662.9259"	"1.16e+05"	D	"6.7261534"	"7.4717320"	"3s.5p"	"3P*"	"1"	"3s.9d"	"3D"	"1"	3	3		
"1662.9422"	"1662.9259"	"2.10e+05"	D+	"6.7261534"	"7.4717320"	"3s.5p"	"3P*"	"1"	"3s.9d"	"3D"	"2"	3	5		
""	"1663.6563"	"7.75e+03"	E	"6.7264807"	"7.4717320"	"3s.5p"	"3P*"	"2"	"3s.9d"	"3D"	"1"	5	3		
""	"1663.6563"	"6.96e+04"	D	"6.7264807"	"7.4717320"	"3s.5p"	"3P*"	"2"	"3s.9d"	"3D"	"2"	5	5		
"1663.6773"	"1663.6563"	"2.79e+05"	D+	"6.7264807"	"7.4717320"	"3s.5p"	"3P*"	"2"	"3s.9d"	"3D"	"3"	5	7		
""	"1707.886"	"1.88e+04"	E	"6.7259951"	"7.451946"	"3s.5p"	"3P*"	"0"	"3s.10s"	"3S"	"1"	1	3		
""	"1708.259"	"5.65e+04"	E	"6.7261534"	"7.451946"	"3s.5p"	"3P*"	"1"	"3s.10s"	"3S"	"1"	3	3		
""	"1709.030"	"9.40e+04"	D	"6.7264807"	"7.451946"	"3s.5p"	"3P*"	"2"	"3s.10s"	"3S"	"1"	5	3		
"1711.3304"	"1711.3336"	"8.81e+06"	A	"5.3937259"	"6.1182146"	"3s.4s"	"1S"	"0"	"3s.4p"	"1P*"	"1"	1	3		
""	"1741.2157"	"2.57e+03"	E	"6.7189834"	"7.4310388"	"3s.4d"	"3D"	"3"	"3s.8f"	"3F*"	"2"	7	5		
""	"1741.2157"	"6.51e+04"	D	"6.7189834"	"7.4310388"	"3s.4d"	"3D"	"3"	"3s.8f"	"3F*"	"3"	7	7		
""	"1741.2272"	"9.11e+04"	D	"6.7189881"	"7.4310388"	"3s.4d"	"3D"	"2"	"3s.8f"	"3F*"	"2"	5	5		
"1741.2290"	"1741.2157"	"5.84e+05"	C	"6.7189834"	"7.4310388"	"3s.4d"	"3D"	"3"	"3s.8f"	"3F*"	"4"	7	9		
"1741.2290"	"1741.2272"	"5.19e+05"	C	"6.7189881"	"7.4310388"	"3s.4d"	"3D"	"2"	"3s.8f"	"3F*"	"3"	5	7		
"1741.2290"	"1741.2396"	"4.91e+05"	C	"6.7189932"	"7.4310388"	"3s.4d"	"3D"	"1"	"3s.8f"	"3F*"	"2"	3	5		
""	"1775.4462"	"2.26e+05"	D+	"6.7259951"	"7.4243221"	"3s.5p"	"3P*"	"0"	"3s.8d"	"3D"	"1"	1	3		
""	"1775.8488"	"1.69e+05"	D	"6.7261534"	"7.4243221"	"3s.5p"	"3P*"	"1"	"3s.8d"	"3D"	"1"	3	3		
"1775.858"	"1775.8535"	"3.05e+05"	D+	"6.7261534"	"7.4243202"	"3s.5p"	"3P*"	"1"	"3s.8d"	"3D"	"2"	3	5		
""	"1776.6818"	"1.13e+04"	E	"6.7264807"	"7.4243221"	"3s.5p"	"3P*"	"2"	"3s.8d"	"3D"	"1"	5	3		
""	"1776.6865"	"1.01e+05"	D	"6.7264807"	"7.4243202"	"3s.5p"	"3P*"	"2"	"3s.8d"	"3D"	"2"	5	5		
"1776.691"	"1776.6906"	"4.06e+05"	C	"6.7264807"	"7.4243186"	"3s.5p"	"3P*"	"2"	"3s.8d"	"3D"	"3"	5	7		
"1836.338"	"1836.35"	"1.35e+05"	C+	"6.5878560"	"7.263023"	"3s.4d"	"1D"	"2"	"3s.7p"	"1P*"	"1"	5	3		
"1837.955"	"1837.953"	"8.89e+05"	B+	"6.5878560"	"7.2624336"	"3s.4d"	"1D"	"2"	"3s.6f"	"1F*"	"3"	5	7		
""	"1851.73"	"2.82e+04"	E	"6.7259951"	"7.395552"	"3s.5p"	"3P*"	"0"	"3s.9s"	"3S"	"1"	1	3		
""	"1852.17"	"8.46e+04"	D	"6.7261534"	"7.395552"	"3s.5p"	"3P*"	"1"	"3s.9s"	"3S"	"1"	3	3		
""	"1853.08"	"1.41e+05"	D	"6.7264807"	"7.395552"	"3s.5p"	"3P*"	"2"	"3s.9s"	"3S"	"1"	5	3		
"1895.94"	"1895.94"	"4.42e+05"	C	"6.7790143"	"7.432961"	"3s.4f"	"1F*"	"3"	"3s.8g"	"1G"	"4"	7	9		
""	"1896.03"	"4.14e+05"	C	"6.7790469"	"7.432961"	"3s.4f"	"3F*"	"3"	"3s.8g"	"3G"	"4"	7	9		
"1896.04"	"1896.05"	"4.42e+05"	C	"6.7790536"	"7.432961"	"3s.4f"	"3F*"	"4"	"3s.8g"	"3G"	"5"	9	11		
""	"1896.05"	"2.76e+04"	D	"6.7790536"	"7.432961"	"3s.4f"	"3F*"	"4"	"3s.8g"	"3G"	"4"	9	9		
"1919.936"	"1919.936"	"8.97e+05"	C+	"6.7189834"	"7.3647560"	"3s.4d"	"3D"	"3"	"3s.7f"	"3F*"	"4"	7	9		
""	"1919.936"	"3.95e+03"	E	"6.7189834"	"7.3647560"	"3s.4d"	"3D"	"3"	"3s.7f"	"3F*"	"2"	7	5		
""	"1919.936"	"9.99e+04"	D+	"6.7189834"	"7.3647560"	"3s.4d"	"3D"	"3"	"3s.7f"	"3F*"	"3"	7	7		
""	"1919.950"	"1.40e+05"	D+	"6.7189881"	"7.3647560"	"3s.4d"	"3D"	"2"	"3s.7f"	"3F*"	"2"	5	5		
"1919.960"	"1919.950"	"7.96e+05"	C	"6.7189881"	"7.3647560"	"3s.4d"	"3D"	"2"	"3s.7f"	"3F*"	"3"	5	7		
"1919.972"	"1919.965"	"7.52e+05"	C	"6.7189932"	"7.3647560"	"3s.4d"	"3D"	"1"	"3s.7f"	"3F*"	"2"	3	5		
""	"1920.985"	"2.31e-13"	E	"5.1078270"	"5.7532468"	"3s.4s"	"3S"	"1"	"3s.3d"	"1D"	"2"	3	5	M1	
""	"1920.985"	"3.12e-07"	C+	"5.1078270"	"5.7532468"	"3s.4s"	"3S"	"1"	"3s.3d"	"1D"	"2"	3	5	E2	
""	"1941.65"	"4.41e+04"	D	"6.7189834"	"7.357534"	"3s.4d"	"3D"	"3"	"3s.8p"	"3P*"	"2"	7	5		
""	"1941.67"	"7.89e+03"	E	"6.7189881"	"7.357534"	"3s.4d"	"3D"	"2"	"3s.8p"	"3P*"	"2"	5	5		
""	"1941.67"	"3.95e+04"	E	"6.7189881"	"7.357534"	"3s.4d"	"3D"	"2"	"3s.8p"	"3P*"	"1"	5	3		
""	"1941.68"	"5.27e+02"	E	"6.7189932"	"7.357534"	"3s.4d"	"3D"	"1"	"3s.8p"	"3P*"	"2"	3	5		
""	"1941.68"	"1.31e+04"	E	"6.7189932"	"7.357534"	"3s.4d"	"3D"	"1"	"3s.8p"	"3P*"	"1"	3	3		
""	"1941.68"	"5.26e+04"	E	"6.7189932"	"7.357534"	"3s.4d"	"3D"	"1"	"3s.8p"	"3P*"	"0"	3	1		
"1943.056"	"1943.068"	"3.55e+05"	C+	"6.4313736"	"7.0694581"	"3s.5s"	"3S"	"1"	"3s.6p"	"3P*"	"2"	3	5		
"1943.553"	"1943.560"	"3.55e+05"	C+	"6.4313736"	"7.0692968"	"3s.5s"	"3S"	"1"	"3s.6p"	"3P*"	"1"	3	3		
"1943.796"	"1943.804"	"3.54e+05"	C	"6.4313736"	"7.0692167"	"3s.5s"	"3S"	"1"	"3s.6p"	"3P*"	"0"	3	1		
"1972.387"	"1972.393"	"3.47e+05"	D+	"6.7259951"	"7.3545930"	"3s.5p"	"3P*"	"0"	"3s.7d"	"3D"	"1"	1	3		
""	"1972.890"	"2.60e+05"	D+	"6.7261534"	"7.3545930"	"3s.5p"	"3P*"	"1"	"3s.7d"	"3D"	"1"	3	3		
"1972.892"	"1972.897"	"4.69e+05"	C	"6.7261534"	"7.3545908"	"3s.5p"	"3P*"	"1"	"3s.7d"	"3D"	"2"	3	5		
""	"1973.918"	"1.73e+04"	E	"6.7264807"	"7.3545930"	"3s.5p"	"3P*"	"2"	"3s.7d"	"3D"	"1"	5	3		
""	"1973.925"	"1.56e+05"	D+	"6.7264807"	"7.3545908"	"3s.5p"	"3P*"	"2"	"3s.7d"	"3D"	"2"	5	5		
"1973.926"	"1973.929"	"6.24e+05"	C	"6.7264807"	"7.3545894"	"3s.5p"	"3P*"	"2"	"3s.7d"	"3D"	"3"	5	7		
""	"1994.593"	"3.59e+04"	D	"6.7790143"	"7.4006157"	"3s.4f"	"1F*"	"3"	"3s.8d"	"1D"	"2"	7	5		
""	"1999.77"	"1.92e+05"	D	"6.7827460"	"7.402738"	"3s.5p"	"1P*"	"1"	"3s.9s"	"1S"	"0"	3	1		
"2106.551"	"2106.550"	"7.68e+05"	C+	"6.7790143"	"7.3675796"	"3s.4f"	"1F*"	"3"	"3s.7g"	"1G"	"4"	7	9		
""	"2106.690"	"9.41e+02"	E	"6.7790536"	"7.3675796"	"3s.4f"	"3F*"	"4"	"3s.7g"	"3G"	"3"	9	7		
""	"2106.666"	"6.18e+04"	D+	"6.7790469"	"7.3675796"	"3s.4f"	"3F*"	"3"	"3s.7g"	"3G"	"3"	7	7		
""	"2106.690"	"4.81e+04"	D+	"6.7790536"	"7.3675796"	"3s.4f"	"3F*"	"4"	"3s.7g"	"3G"	"4"	9	9		
"2106.65"	"2106.646"	"7.05e+05"	C+	"6.7790411"	"7.3675796"	"3s.4f"	"3F*"	"2"	"3s.7g"	"3G"	"3"	5	7		
"2106.664"	"2106.666"	"7.19e+05"	C+	"6.7790469"	"7.3675796"	"3s.4f"	"3F*"	"3"	"3s.7g"	"3G"	"4"	7	9		
"2106.684"	"2106.690"	"7.67e+05"	C+	"6.7790536"	"7.3675796"	"3s.4f"	"3F*"	"4"	"3s.7g"	"3G"	"5"	9	11		
"2121.393"	"2121.372"	"4.55e+04"	D	"6.7259951"	"7.3104479"	"3s.5p"	"3P*"	"0"	"3s.8s"	"3S"	"1"	1	3		
"2121.952"	"2121.947"	"1.36e+05"	D+	"6.7261534"	"7.3104479"	"3s.5p"	"3P*"	"1"	"3s.8s"	"3S"	"1"	3	3		
"2123.141"	"2123.136"	"2.27e+05"	D+	"6.7264807"	"7.3104479"	"3s.5p"	"3P*"	"2"	"3s.8s"	"3S"	"1"	5	3		
"2146.472"	"2146.482"	"2.32e+05"	B+	"6.5161391"	"7.0937549"	"3s.5s"	"1S"	"0"	"3s.6p"	"1P*"	"1"	1	3		
""	"2154.193"	"6.74e+01"	E	"6.7790411"	"7.3545894"	"3s.4f"	"3F*"	"2"	"3s.7d"	"3D"	"3"	5	7		
""	"2154.188"	"3.35e+03"	E	"6.7790411"	"7.3545908"	"3s.4f"	"3F*"	"2"	"3s.7d"	"3D"	"2"	5	5		
""	"2154.179"	"2.99e+04"	E	"6.7790411"	"7.3545930"	"3s.4f"	"3F*"	"2"	"3s.7d"	"3D"	"1"	5	3		
""	"2154.215"	"2.39e+03"	E	"6.7790469"	"7.3545894"	"3s.4f"	"3F*"	"3"	"3s.7d"	"3D"	"3"	7	7		
""	"2154.210"	"2.66e+04"	D	"6.7790469"	"7.3545908"	"3s.4f"	"3F*"	"3"	"3s.7d"	"3D"	"2"	7	5		
""	"2154.240"	"2.75e+04"	D	"6.7790536"	"7.3545894"	"3s.4f"	"3F*"	"4"	"3s.7d"	"3D"	"3"	9	7		
""	"2245.327"	"2.03e-07"	C+	"5.3937259"	"5.9459136"	"3s.4s"	"1S"	"0"	"3s.3d"	"3D"	"2"	1	5	E2	
""	"2245.312"	"2.78e-15"	E	"5.3937259"	"5.9459174"	"3s.4s"	"1S"	"0"	"3s.3d"	"3D"	"1"	1	3	M1	
"2281.397"	"2281.401"	"1.49e+06"	B+	"6.7189834"	"7.2624398"	"3s.4d"	"3D"	"3"	"3s.6f"	"3F*"	"4"	7	9		
""	"2281.401"	"6.51e+03"	D+	"6.7189834"	"7.2624398"	"3s.4d"	"3D"	"3"	"3s.6f"	"3F*"	"2"	7	5		
""	"2281.421"	"2.31e+05"	C+	"6.7189881"	"7.2624398"	"3s.4d"	"3D"	"2"	"3s.6f"	"3F*"	"2"	5	5		
""	"2281.401"	"1.65e+05"	C+	"6.7189834"	"7.2624398"	"3s.4d"	"3D"	"3"	"3s.6f"	"3F*"	"3"	7	7		
"2281.425"	"2281.421"	"1.32e+06"	B+	"6.7189881"	"7.2624398"	"3s.4d"	"3D"	"2"	"3s.6f"	"3F*"	"3"	5	7		
"2281.449"	"2281.442"	"1.25e+06"	B	"6.7189932"	"7.2624398"	"3s.4d"	"3D"	"1"	"3s.6f"	"3F*"	"2"	3	5		
""	"2284.94"	"6.00e+03"	D	"6.9662844"	"7.508898"	"3s.6s"	"1S"	"0"	"3s.11p"	"1P*"	"1"	1	3		
"2291.170"	"2291.171"	"6.01e+04"	D+	"6.7790143"	"7.3201534"	"3s.4f"	"1F*"	"3"	"3s.7d"	"1D"	"2"	7	5		
"2300.461"	"2300.446"	"3.44e+05"	C+	"6.7827460"	"7.321703"	"3s.5p"	"1P*"	"1"	"3s.8s"	"1S"	"0"	3	1		
""	"2333.491"	"9.33e+02"	E	"6.7189932"	"7.2503182"	"3s.4d"	"3D"	"1"	"3s.7p"	"3P*"	"2"	3	5		
""	"2333.469"	"1.41e+04"	E	"6.7189881"	"7.2503182"	"3s.4d"	"3D"	"2"	"3s.7p"	"3P*"	"2"	5	5		
"2333.446"	"2333.448"	"7.87e+04"	D+	"6.7189834"	"7.2503182"	"3s.4d"	"3D"	"3"	"3s.7p"	"3P*"	"2"	7	5		
""	"2333.894"	"2.34e+04"	E	"6.7189932"	"7.2502265"	"3s.4d"	"3D"	"1"	"3s.7p"	"3P*"	"1"	3	3		
""	"2333.872"	"7.02e+04"	D	"6.7189881"	"7.2502265"	"3s.4d"	"3D"	"2"	"3s.7p"	"3P*"	"1"	5	3		
""	"2334.074"	"9.37e+04"	D	"6.7189932"	"7.2501854"	"3s.4d"	"3D"	"1"	"3s.7p"	"3P*"	"0"	3	1		
""	"2350.19"	"2.88e+04"	C	"6.9813495"	"7.508898"	"3s.5d"	"1D"	"2"	"3s.11p"	"1P*"	"1"	5	3		
""	"2350.587"	"4.55e+04"	D+	"6.9813495"	"7.5088100"	"3s.5d"	"1D"	"2"	"3s.10f"	"1F*"	"3"	5	7		
"2384.318"	"2384.322"	"5.75e+05"	B	"6.7259951"	"7.2459929"	"3s.5p"	"3P*"	"0"	"3s.6d"	"3D"	"1"	1	3		
""	"2385.048"	"4.32e+05"	C+	"6.7261534"	"7.2459929"	"3s.5p"	"3P*"	"1"	"3s.6d"	"3D"	"1"	3	3		
"2385.07"	"2385.060"	"7.74e+05"	B	"6.7261534"	"7.2459903"	"3s.5p"	"3P*"	"1"	"3s.6d"	"3D"	"2"	3	5		
""	"2386.551"	"2.87e+04"	C	"6.7264807"	"7.2459929"	"3s.5p"	"3P*"	"2"	"3s.6d"	"3D"	"1"	5	3		
""	"2386.563"	"2.58e+05"	C+	"6.7264807"	"7.2459903"	"3s.5p"	"3P*"	"2"	"3s.6d"	"3D"	"2"	5	5		
"2386.573"	"2386.568"	"1.03e+06"	B+	"6.7264807"	"7.2459890"	"3s.5p"	"3P*"	"2"	"3s.6d"	"3D"	"3"	5	7		
"2450.756"	"2450.770"	"2.41e+05"	B+	"6.5878560"	"7.0937549"	"3s.4d"	"1D"	"2"	"3s.6p"	"1P*"	"1"	5	3		
"2457.300"	"2457.292"	"9.39e+05"	A	"6.5878560"	"7.0924123"	"3s.4d"	"1D"	"2"	"3s.5f"	"1F*"	"3"	5	7		
"2480.536"	"2480.524"	"1.00e+06"	B	"5.9315428"	"6.4313736"	"3s.4p"	"3P*"	"0"	"3s.5s"	"3S"	"1"	1	3		
"2482.569"	"2482.553"	"3.01e+06"	B+	"5.9319513"	"6.4313736"	"3s.4p"	"3P*"	"1"	"3s.5s"	"3S"	"1"	3	3		
"2486.733"	"2486.718"	"4.98e+06"	B+	"5.9327880"	"6.4313736"	"3s.4p"	"3P*"	"2"	"3s.5s"	"3S"	"1"	5	3		
""	"2496.22"	"2.91e+04"	E	"6.929700"	"7.426388"	"3s.6s"	"3S"	"1"	"3s.9p"	"3P*"	"0"	3	1		
""	"2496.22"	"2.91e+04"	D	"6.929700"	"7.426388"	"3s.6s"	"3S"	"1"	"3s.9p"	"3P*"	"1"	3	3		
""	"2496.22"	"2.92e+04"	D	"6.929700"	"7.426388"	"3s.6s"	"3S"	"1"	"3s.9p"	"3P*"	"2"	3	5		
""	"2503.81"	"3.99e+04"	D	"6.9813495"	"7.476532"	"3s.5d"	"1D"	"2"	"3s.10p"	"1P*"	"1"	5	3		
""	"2504.444"	"5.43e+04"	D+	"6.9813495"	"7.4764062"	"3s.5d"	"1D"	"2"	"3s.9f"	"1F*"	"3"	5	7		
"2541.709"	"2541.711"	"1.56e+06"	B+	"6.7790143"	"7.2668124"	"3s.4f"	"1F*"	"3"	"3s.6g"	"1G"	"4"	7	9		
""	"2541.881"	"1.26e+05"	C+	"6.7790469"	"7.2668124"	"3s.4f"	"3F*"	"3"	"3s.6g"	"3G"	"3"	7	7		
"2541.847"	"2541.851"	"1.44e+06"	B+	"6.7790411"	"7.2668124"	"3s.4f"	"3F*"	"2"	"3s.6g"	"3G"	"3"	5	7		
"2541.872"	"2541.881"	"1.46e+06"	B+	"6.7790469"	"7.2668124"	"3s.4f"	"3F*"	"3"	"3s.6g"	"3G"	"4"	7	9		
""	"2541.916"	"1.91e+03"	D	"6.7790536"	"7.2668124"	"3s.4f"	"3F*"	"4"	"3s.6g"	"3G"	"3"	9	7		
""	"2541.916"	"9.78e+04"	C+	"6.7790536"	"7.2668124"	"3s.4f"	"3F*"	"4"	"3s.6g"	"3G"	"4"	9	9		
"2541.908"	"2541.916"	"1.56e+06"	B+	"6.7790536"	"7.2668124"	"3s.4f"	"3F*"	"4"	"3s.6g"	"3G"	"5"	9	11		
"2640.001"	"2639.976"	"5.36e+06"	A	"6.1182146"	"6.5878560"	"3s.4p"	"1P*"	"1"	"3s.4d"	"1D"	"2"	3	5		
""	"2655.182"	"5.69e+04"	C	"6.7790411"	"7.2459929"	"3s.4f"	"3F*"	"2"	"3s.6d"	"3D"	"1"	5	3		
""	"2655.197"	"6.35e+03"	D+	"6.7790411"	"7.2459903"	"3s.4f"	"3F*"	"2"	"3s.6d"	"3D"	"2"	5	5		
""	"2655.204"	"1.28e+02"	E	"6.7790411"	"7.2459890"	"3s.4f"	"3F*"	"2"	"3s.6d"	"3D"	"3"	5	7		
""	"2655.230"	"5.06e+04"	C	"6.7790469"	"7.2459903"	"3s.4f"	"3F*"	"3"	"3s.6d"	"3D"	"2"	7	5		
""	"2655.237"	"4.53e+03"	D+	"6.7790469"	"7.2459890"	"3s.4f"	"3F*"	"3"	"3s.6d"	"3D"	"3"	7	7		
"2655.284"	"2655.275"	"5.23e+04"	C+	"6.7790536"	"7.2459890"	"3s.4f"	"3F*"	"4"	"3s.6d"	"3D"	"3"	9	7		
""	"2756.15"	"5.80e+04"	D+	"6.9813495"	"7.431195"	"3s.5d"	"1D"	"2"	"3s.9p"	"1P*"	"1"	5	3		
""	"2757.108"	"6.11e+04"	D+	"6.9813495"	"7.4310388"	"3s.5d"	"1D"	"2"	"3s.8f"	"1F*"	"3"	5	7		
"2772.85"	"2772.844"	"8.39e+04"	D+	"6.7259951"	"7.1731323"	"3s.5p"	"3P*"	"0"	"3s.7s"	"3S"	"1"	1	3		
"2773.84"	"2773.827"	"2.51e+05"	C	"6.7261534"	"7.1731323"	"3s.5p"	"3P*"	"1"	"3s.7s"	"3S"	"1"	3	3		
"2775.876"	"2775.859"	"4.17e+05"	C	"6.7264807"	"7.1731323"	"3s.5p"	"3P*"	"2"	"3s.7s"	"3S"	"1"	5	3		
""	"2782.091"	"6.80e+02"	E	"7.0631588"	"7.5088100"	"3s.5d"	"3D"	"3"	"3s.10f"	"3F*"	"2"	7	5		
""	"2782.091"	"1.72e+04"	D	"7.0631588"	"7.5088100"	"3s.5d"	"3D"	"3"	"3s.10f"	"3F*"	"3"	7	7		
""	"2782.091"	"1.55e+05"	C	"7.0631588"	"7.5088100"	"3s.5d"	"3D"	"3"	"3s.10f"	"3F*"	"4"	7	9		
""	"2782.114"	"2.41e+04"	D	"7.0631626"	"7.5088100"	"3s.5d"	"3D"	"2"	"3s.10f"	"3F*"	"2"	5	5		
""	"2782.132"	"1.30e+05"	C	"7.0631654"	"7.5088100"	"3s.5d"	"3D"	"1"	"3s.10f"	"3F*"	"2"	3	5		
""	"2782.114"	"1.37e+05"	C	"7.0631626"	"7.5088100"	"3s.5d"	"3D"	"2"	"3s.10f"	"3F*"	"3"	5	7		
""	"2842.31"	"6.25e+04"	D+	"7.0692167"	"7.505426"	"3s.6p"	"3P*"	"0"	"3s.10d"	"3D"	"1"	1	3		
""	"2842.83"	"4.69e+04"	D	"7.0692968"	"7.505426"	"3s.6p"	"3P*"	"1"	"3s.10d"	"3D"	"1"	3	3		
""	"2842.83"	"8.42e+04"	C	"7.0692968"	"7.505426"	"3s.6p"	"3P*"	"1"	"3s.10d"	"3D"	"2"	3	5		
""	"2843.89"	"3.12e+03"	E	"7.0694581"	"7.505426"	"3s.6p"	"3P*"	"2"	"3s.10d"	"3D"	"1"	5	3		
""	"2843.89"	"2.81e+04"	D	"7.0694581"	"7.505426"	"3s.6p"	"3P*"	"2"	"3s.10d"	"3D"	"2"	5	5		
""	"2843.89"	"1.13e+05"	C	"7.0694581"	"7.505426"	"3s.6p"	"3P*"	"2"	"3s.10d"	"3D"	"3"	5	7		
""	"2897.95"	"5.48e+04"	D	"6.929700"	"7.357534"	"3s.6s"	"3S"	"1"	"3s.8p"	"3P*"	"0"	3	1		
""	"2897.95"	"5.48e+04"	D+	"6.929700"	"7.357534"	"3s.6s"	"3S"	"1"	"3s.8p"	"3P*"	"2"	3	5		
""	"2897.95"	"5.47e+04"	D+	"6.929700"	"7.357534"	"3s.6s"	"3S"	"1"	"3s.8p"	"3P*"	"1"	3	3		
""	"2937.90"	"8.63e+03"	D+	"7.0692167"	"7.491233"	"3s.6p"	"3P*"	"0"	"3s.11s"	"3S"	"1"	1	3		
""	"2938.46"	"2.59e+04"	C	"7.0692968"	"7.491233"	"3s.6p"	"3P*"	"1"	"3s.11s"	"3S"	"1"	3	3		
""	"2939.58"	"4.31e+04"	C	"7.0694581"	"7.491233"	"3s.6p"	"3P*"	"2"	"3s.11s"	"3S"	"1"	5	3		
"2987.927"	"2987.922"	"1.15e+05"	C+	"6.7790143"	"7.1939656"	"3s.4f"	"1F*"	"3"	"3s.6d"	"1D"	"2"	7	5		
""	"3000.269"	"3.30e+04"	D+	"7.0631626"	"7.4764062"	"3s.5d"	"3D"	"2"	"3s.9f"	"3F*"	"2"	5	5		
""	"3000.242"	"9.32e+02"	E	"7.0631588"	"7.4764062"	"3s.5d"	"3D"	"3"	"3s.9f"	"3F*"	"2"	7	5		
""	"3000.242"	"2.36e+04"	D+	"7.0631588"	"7.4764062"	"3s.5d"	"3D"	"3"	"3s.9f"	"3F*"	"3"	7	7		
""	"3000.289"	"1.78e+05"	C	"7.0631654"	"7.4764062"	"3s.5d"	"3D"	"1"	"3s.9f"	"3F*"	"2"	3	5		
""	"3000.269"	"1.88e+05"	C	"7.0631626"	"7.4764062"	"3s.5d"	"3D"	"2"	"3s.9f"	"3F*"	"3"	5	7		
""	"3000.242"	"2.12e+05"	C+	"7.0631588"	"7.4764062"	"3s.5d"	"3D"	"3"	"3s.9f"	"3F*"	"4"	7	9		
""	"3002.00"	"2.85e+01"	E	"7.0924204"	"7.505426"	"3s.5f"	"3F*"	"2"	"3s.10d"	"3D"	"3"	5	7		
""	"3002.00"	"1.41e+03"	E	"7.0924204"	"7.505426"	"3s.5f"	"3F*"	"2"	"3s.10d"	"3D"	"2"	5	5		
""	"3002.04"	"1.01e+03"	E	"7.0924252"	"7.505426"	"3s.5f"	"3F*"	"3"	"3s.10d"	"3D"	"3"	7	7		
""	"3002.00"	"1.27e+04"	E	"7.0924204"	"7.505426"	"3s.5f"	"3F*"	"2"	"3s.10d"	"3D"	"1"	5	3		
""	"3002.07"	"1.16e+04"	D	"7.0924299"	"7.505426"	"3s.5f"	"3F*"	"4"	"3s.10d"	"3D"	"3"	9	7		
""	"3002.04"	"1.13e+04"	D	"7.0924252"	"7.505426"	"3s.5f"	"3F*"	"3"	"3s.10d"	"3D"	"2"	7	5		
"3015.05"	"3015.036"	"7.04e+04"	B+	"6.7827460"	"7.1939656"	"3s.5p"	"1P*"	"1"	"3s.6d"	"1D"	"2"	3	5		
"3027.719"	"3027.67"	"6.77e+05"	B	"6.7827460"	"7.192250"	"3s.5p"	"1P*"	"1"	"3s.7s"	"1S"	"0"	3	1		
""	"3080.236"	"8.69e+04"	D+	"7.0692167"	"7.4717320"	"3s.6p"	"3P*"	"0"	"3s.9d"	"3D"	"1"	1	3		
""	"3080.849"	"6.52e+04"	D+	"7.0692968"	"7.4717320"	"3s.6p"	"3P*"	"1"	"3s.9d"	"3D"	"1"	3	3		
""	"3080.849"	"1.17e+05"	C	"7.0692968"	"7.4717320"	"3s.6p"	"3P*"	"1"	"3s.9d"	"3D"	"2"	3	5		
""	"3082.084"	"4.34e+03"	E	"7.0694581"	"7.4717320"	"3s.6p"	"3P*"	"2"	"3s.9d"	"3D"	"1"	5	3		
""	"3082.084"	"3.91e+04"	D+	"7.0694581"	"7.4717320"	"3s.6p"	"3P*"	"2"	"3s.9d"	"3D"	"2"	5	5		
""	"3082.084"	"1.56e+05"	C	"7.0694581"	"7.4717320"	"3s.6p"	"3P*"	"2"	"3s.9d"	"3D"	"3"	5	7		
""	"3095.078"	"1.73e+04"	D	"7.0924123"	"7.4929973"	"3s.5f"	"1F*"	"3"	"3s.10d"	"1D"	"2"	7	5		
""	"3109.16"	"3.70e+04"	D	"6.9662844"	"7.365056"	"3s.6s"	"1S"	"0"	"3s.8p"	"1P*"	"1"	1	3		
"3115.802"	"3115.772"	"6.10e+06"	A	"6.1182146"	"6.5161391"	"3s.4p"	"1P*"	"1"	"3s.5s"	"1S"	"0"	3	1		
""	"3231.23"	"8.99e+04"	D+	"6.9813495"	"7.365056"	"3s.5d"	"1D"	"2"	"3s.8p"	"1P*"	"1"	5	3		
""	"3233.753"	"5.56e+04"	C	"6.9813495"	"7.3647560"	"3s.5d"	"1D"	"2"	"3s.7f"	"1F*"	"3"	5	7		
""	"3239.47"	"1.24e+04"	D	"7.0692167"	"7.451946"	"3s.6p"	"3P*"	"0"	"3s.10s"	"3S"	"1"	1	3		
""	"3240.15"	"3.72e+04"	D+	"7.0692968"	"7.451946"	"3s.6p"	"3P*"	"1"	"3s.10s"	"3S"	"1"	3	3		
""	"3241.52"	"6.20e+04"	D+	"7.0694581"	"7.451946"	"3s.6p"	"3P*"	"2"	"3s.10s"	"3S"	"1"	5	3		
""	"3268.663"	"4.15e+01"	E	"7.0924204"	"7.4717320"	"3s.5f"	"3F*"	"2"	"3s.9d"	"3D"	"3"	5	7		
""	"3268.663"	"2.06e+03"	E	"7.0924204"	"7.4717320"	"3s.5f"	"3F*"	"2"	"3s.9d"	"3D"	"2"	5	5		
""	"3268.663"	"1.85e+04"	D	"7.0924204"	"7.4717320"	"3s.5f"	"3F*"	"2"	"3s.9d"	"3D"	"1"	5	3		
""	"3268.745"	"1.70e+04"	D+	"7.0924299"	"7.4717320"	"3s.5f"	"3F*"	"4"	"3s.9d"	"3D"	"3"	9	7		
""	"3268.705"	"1.64e+04"	D	"7.0924252"	"7.4717320"	"3s.5f"	"3F*"	"3"	"3s.9d"	"3D"	"2"	7	5		
""	"3268.705"	"1.47e+03"	E	"7.0924252"	"7.4717320"	"3s.5f"	"3F*"	"3"	"3s.9d"	"3D"	"3"	7	7		
"3319.999"	"3319.999"	"2.59e+06"	B+	"6.7189834"	"7.0924299"	"3s.4d"	"3D"	"3"	"3s.5f"	"3F*"	"4"	7	9		
""	"3320.084"	"1.14e+04"	C	"6.7189834"	"7.0924204"	"3s.4d"	"3D"	"3"	"3s.5f"	"3F*"	"2"	7	5		
""	"3320.041"	"2.89e+05"	B	"6.7189834"	"7.0924252"	"3s.4d"	"3D"	"3"	"3s.5f"	"3F*"	"3"	7	7		
"3320.083"	"3320.083"	"2.30e+06"	B+	"6.7189881"	"7.0924252"	"3s.4d"	"3D"	"2"	"3s.5f"	"3F*"	"3"	5	7		
""	"3320.126"	"4.04e+05"	B	"6.7189881"	"7.0924204"	"3s.4d"	"3D"	"2"	"3s.5f"	"3F*"	"2"	5	5		
"3320.171"	"3320.171"	"2.17e+06"	B+	"6.7189932"	"7.0924204"	"3s.4d"	"3D"	"1"	"3s.5f"	"3F*"	"2"	3	5		
""	"3370.235"	"1.32e+03"	E	"7.0631588"	"7.4310388"	"3s.5d"	"3D"	"3"	"3s.8f"	"3F*"	"2"	7	5		
""	"3370.269"	"4.67e+04"	D+	"7.0631626"	"7.4310388"	"3s.5d"	"3D"	"2"	"3s.8f"	"3F*"	"2"	5	5		
""	"3370.235"	"3.34e+04"	D+	"7.0631588"	"7.4310388"	"3s.5d"	"3D"	"3"	"3s.8f"	"3F*"	"3"	7	7		
""	"3370.295"	"2.52e+05"	C+	"7.0631654"	"7.4310388"	"3s.5d"	"3D"	"1"	"3s.8f"	"3F*"	"2"	3	5		
""	"3370.269"	"2.66e+05"	C+	"7.0631626"	"7.4310388"	"3s.5d"	"3D"	"2"	"3s.8f"	"3F*"	"3"	5	7		
""	"3370.235"	"3.00e+05"	C+	"7.0631588"	"7.4310388"	"3s.5d"	"3D"	"3"	"3s.8f"	"3F*"	"4"	7	9		
"3397.084"	"3397.127"	"1.41e+06"	A	"5.7532468"	"6.1182146"	"3s.3d"	"1D"	"2"	"3s.4p"	"1P*"	"1"	5	3		
""	"3397.127"	"3.58e-08"	B+	"5.7532468"	"6.1182146"	"3s.3d"	"1D"	"2"	"3s.4p"	"1P*"	"1"	5	3	M2	
""	"3413.39"	"2.35e+04"	D+	"7.0631588"	"7.426388"	"3s.5d"	"3D"	"3"	"3s.9p"	"3P*"	"2"	7	5		
""	"3413.45"	"2.79e+02"	E	"7.0631654"	"7.426388"	"3s.5d"	"3D"	"1"	"3s.9p"	"3P*"	"2"	3	5		
""	"3413.45"	"6.98e+03"	E	"7.0631654"	"7.426388"	"3s.5d"	"3D"	"1"	"3s.9p"	"3P*"	"1"	3	3		
""	"3413.42"	"4.19e+03"	E	"7.0631626"	"7.426388"	"3s.5d"	"3D"	"2"	"3s.9p"	"3P*"	"2"	5	5		
""	"3413.45"	"2.80e+04"	D	"7.0631654"	"7.426388"	"3s.5d"	"3D"	"1"	"3s.9p"	"3P*"	"0"	3	1		
""	"3413.42"	"2.09e+04"	D	"7.0631626"	"7.426388"	"3s.5d"	"3D"	"2"	"3s.9p"	"3P*"	"1"	5	3		
""	"3415.02"	"9.66e+04"	D+	"7.0937549"	"7.456810"	"3s.6p"	"1P*"	"1"	"3s.10s"	"1S"	"0"	3	1		
""	"3421.054"	"2.57e+04"	D+	"7.0924123"	"7.4548275"	"3s.5f"	"1F*"	"3"	"3s.9d"	"1D"	"2"	7	5		
""	"3448.595"	"2.46e-02"	A	"5.3937259"	"5.7532468"	"3s.4s"	"1S"	"0"	"3s.3d"	"1D"	"2"	1	5	E2	
""	"3491.476"	"1.26e+05"	C	"7.0692167"	"7.4243221"	"3s.6p"	"3P*"	"0"	"3s.8d"	"3D"	"1"	1	3		
""	"3492.264"	"9.46e+04"	C	"7.0692968"	"7.4243221"	"3s.6p"	"3P*"	"1"	"3s.8d"	"3D"	"1"	3	3		
""	"3492.282"	"1.71e+05"	C	"7.0692968"	"7.4243202"	"3s.6p"	"3P*"	"1"	"3s.8d"	"3D"	"2"	3	5		
""	"3493.851"	"6.31e+03"	E	"7.0694581"	"7.4243221"	"3s.6p"	"3P*"	"2"	"3s.8d"	"3D"	"1"	5	3		
""	"3493.870"	"5.68e+04"	C	"7.0694581"	"7.4243202"	"3s.6p"	"3P*"	"2"	"3s.8d"	"3D"	"2"	5	5		
""	"3493.886"	"2.27e+05"	C+	"7.0694581"	"7.4243186"	"3s.6p"	"3P*"	"2"	"3s.8d"	"3D"	"3"	5	7		
"3537.58"	"3537.608"	"1.68e+05"	B	"6.7189834"	"7.0694581"	"3s.4d"	"3D"	"3"	"3s.6p"	"3P*"	"2"	7	5		
""	"3537.655"	"3.00e+04"	C+	"6.7189881"	"7.0694581"	"3s.4d"	"3D"	"2"	"3s.6p"	"3P*"	"2"	5	5		
""	"3537.707"	"2.00e+03"	D+	"6.7189932"	"7.0694581"	"3s.4d"	"3D"	"1"	"3s.6p"	"3P*"	"2"	3	5		
"3539.23"	"3539.284"	"1.50e+05"	B	"6.7189881"	"7.0692968"	"3s.4d"	"3D"	"2"	"3s.6p"	"3P*"	"1"	5	3		
""	"3539.336"	"4.99e+04"	C+	"6.7189932"	"7.0692968"	"3s.4d"	"3D"	"1"	"3s.6p"	"3P*"	"1"	3	3		
""	"3540.145"	"2.00e+05"	C+	"6.7189932"	"7.0692167"	"3s.4d"	"3D"	"1"	"3s.6p"	"3P*"	"0"	3	1		
""	"3640.72"	"3.53e+05"	C+	"7.0924123"	"7.432961"	"3s.5f"	"1F*"	"3"	"3s.8g"	"1G"	"4"	7	9		
""	"3640.86"	"3.30e+05"	C+	"7.0924252"	"7.432961"	"3s.5f"	"3F*"	"3"	"3s.8g"	"3G"	"4"	7	9		
""	"3640.91"	"3.52e+05"	B	"7.0924299"	"7.432961"	"3s.5f"	"3F*"	"4"	"3s.8g"	"3G"	"5"	9	11		
""	"3640.91"	"2.20e+04"	C	"7.0924299"	"7.432961"	"3s.5f"	"3F*"	"4"	"3s.8g"	"3G"	"4"	9	9		
"3677.24"	"3677.198"	"1.03e+06"	B+	"6.7259951"	"7.0631654"	"3s.5p"	"3P*"	"0"	"3s.5d"	"3D"	"1"	1	3		
""	"3678.925"	"7.69e+05"	B+	"6.7261534"	"7.0631654"	"3s.5p"	"3P*"	"1"	"3s.5d"	"3D"	"1"	3	3		
"3679.015"	"3678.957"	"1.39e+06"	B+	"6.7261534"	"7.0631626"	"3s.5p"	"3P*"	"1"	"3s.5d"	"3D"	"2"	3	5		
""	"3682.502"	"5.12e+04"	C+	"6.7264807"	"7.0631654"	"3s.5p"	"3P*"	"2"	"3s.5d"	"3D"	"1"	5	3		
""	"3682.533"	"4.61e+05"	B+	"6.7264807"	"7.0631626"	"3s.5p"	"3P*"	"2"	"3s.5d"	"3D"	"2"	5	5		
"3682.634"	"3682.574"	"1.84e+06"	B+	"6.7264807"	"7.0631588"	"3s.5p"	"3P*"	"2"	"3s.5d"	"3D"	"3"	5	7		
""	"3735.590"	"3.21e+03"	E	"7.0924204"	"7.4243202"	"3s.5f"	"3F*"	"2"	"3s.8d"	"3D"	"2"	5	5		
""	"3735.569"	"2.88e+04"	D+	"7.0924204"	"7.4243221"	"3s.5f"	"3F*"	"2"	"3s.8d"	"3D"	"1"	5	3		
""	"3735.663"	"2.29e+03"	E	"7.0924252"	"7.4243186"	"3s.5f"	"3F*"	"3"	"3s.8d"	"3D"	"3"	7	7		
""	"3735.645"	"2.56e+04"	D+	"7.0924252"	"7.4243202"	"3s.5f"	"3F*"	"3"	"3s.8d"	"3D"	"2"	7	5		
""	"3735.609"	"6.45e+01"	E	"7.0924204"	"7.4243186"	"3s.5f"	"3F*"	"2"	"3s.8d"	"3D"	"3"	5	7		
""	"3735.716"	"2.65e+04"	C	"7.0924299"	"7.4243186"	"3s.5f"	"3F*"	"4"	"3s.8d"	"3D"	"3"	9	7		
""	"3741.661"	"2.76e+02"	E	"7.0996774"	"7.4310388"	"3s.5g"	"3G"	"3"	"3s.8f"	"3F*"	"3"	7	7		
""	"3741.661"	"4.40e+03"	D	"7.0996774"	"7.4310388"	"3s.5g"	"1G"	"4"	"3s.8f"	"1F*"	"3"	9	7		
""	"3741.661"	"3.27e+00"	E	"7.0996774"	"7.4310388"	"3s.5g"	"3G"	"3"	"3s.8f"	"3F*"	"4"	7	9		
""	"3741.661"	"2.15e+02"	E	"7.0996774"	"7.4310388"	"3s.5g"	"3G"	"4"	"3s.8f"	"3F*"	"4"	9	9		
""	"3741.661"	"4.42e+03"	D	"7.0996774"	"7.4310388"	"3s.5g"	"3G"	"3"	"3s.8f"	"3F*"	"2"	7	5		
""	"3741.661"	"4.13e+03"	D	"7.0996774"	"7.4310388"	"3s.5g"	"3G"	"4"	"3s.8f"	"3F*"	"3"	9	7		
""	"3799.29"	"1.91e+04"	D	"7.0692167"	"7.395552"	"3s.6p"	"3P*"	"0"	"3s.9s"	"3S"	"1"	1	3		
""	"3800.22"	"5.73e+04"	D+	"7.0692968"	"7.395552"	"3s.6p"	"3P*"	"1"	"3s.9s"	"3S"	"1"	3	3		
""	"3802.10"	"9.54e+04"	C	"7.0694581"	"7.395552"	"3s.6p"	"3P*"	"2"	"3s.9s"	"3S"	"1"	5	3		
"3866.486"	"3866.495"	"4.41e+06"	B+	"6.7790143"	"7.0996774"	"3s.4f"	"1F*"	"3"	"3s.5g"	"1G"	"4"	7	9		
""	"3866.888"	"4.13e+06"	B+	"6.7790469"	"7.0996774"	"3s.4f"	"3F*"	"3"	"3s.5g"	"3G"	"4"	7	9		
"3866.81"	"3866.818"	"4.05e+06"	B+	"6.7790411"	"7.0996774"	"3s.4f"	"3F*"	"2"	"3s.5g"	"3G"	"3"	5	7		
"3866.874"	"3866.888"	"3.55e+05"	B+	"6.7790469"	"7.0996774"	"3s.4f"	"3F*"	"3"	"3s.5g"	"3G"	"3"	7	7		
""	"3866.969"	"2.76e+05"	B+	"6.7790536"	"7.0996774"	"3s.4f"	"3F*"	"4"	"3s.5g"	"3G"	"4"	9	9		
"3866.945"	"3866.969"	"5.41e+03"	C	"6.7790536"	"7.0996774"	"3s.4f"	"3F*"	"4"	"3s.5g"	"3G"	"3"	9	7		
""	"3867.04"	"1.30e+05"	C	"6.929700"	"7.2503182"	"3s.6s"	"3S"	"1"	"3s.7p"	"3P*"	"2"	3	5		
""	"3868.14"	"1.30e+05"	C	"6.929700"	"7.2502265"	"3s.6s"	"3S"	"1"	"3s.7p"	"3P*"	"1"	3	3		
""	"3868.64"	"1.30e+05"	D+	"6.929700"	"7.2501854"	"3s.6s"	"3S"	"1"	"3s.7p"	"3P*"	"0"	3	1		
""	"3936.85"	"2.28e+04"	C	"7.1939656"	"7.508898"	"3s.6d"	"1D"	"2"	"3s.11p"	"1P*"	"1"	5	3		
""	"3937.952"	"4.82e+03"	D	"7.1939656"	"7.5088100"	"3s.6d"	"1D"	"2"	"3s.10f"	"1F*"	"3"	5	7		
""	"4012.65"	"1.49e+05"	C	"7.0937549"	"7.402738"	"3s.6p"	"1P*"	"1"	"3s.9s"	"1S"	"0"	3	1		
""	"4022.804"	"4.13e+04"	C	"7.0924123"	"7.4006157"	"3s.5f"	"1F*"	"3"	"3s.8d"	"1D"	"2"	7	5		
""	"4110.921"	"1.91e+03"	E	"7.0631588"	"7.3647560"	"3s.5d"	"3D"	"3"	"3s.7f"	"3F*"	"2"	7	5		
""	"4110.972"	"6.79e+04"	C	"7.0631626"	"7.3647560"	"3s.5d"	"3D"	"2"	"3s.7f"	"3F*"	"2"	5	5		
""	"4110.921"	"4.85e+04"	C	"7.0631588"	"7.3647560"	"3s.5d"	"3D"	"3"	"3s.7f"	"3F*"	"3"	7	7		
""	"4110.972"	"3.86e+05"	B	"7.0631626"	"7.3647560"	"3s.5d"	"3D"	"2"	"3s.7f"	"3F*"	"3"	5	7		
""	"4110.921"	"4.36e+05"	B	"7.0631588"	"7.3647560"	"3s.5d"	"3D"	"3"	"3s.7f"	"3F*"	"4"	7	9		
""	"4111.010"	"3.65e+05"	C+	"7.0631654"	"7.3647560"	"3s.5d"	"3D"	"1"	"3s.7f"	"3F*"	"2"	3	5		
""	"4178.23"	"9.86e+04"	C	"6.9662844"	"7.263023"	"3s.6s"	"1S"	"0"	"3s.7p"	"1P*"	"1"	1	3		
"4201.264"	"4201.328"	"2.25e+06"	B+	"6.4313736"	"6.7264807"	"3s.5s"	"3S"	"1"	"3s.5p"	"3P*"	"2"	3	5		
"4205.931"	"4205.993"	"2.24e+06"	B+	"6.4313736"	"6.7261534"	"3s.5s"	"3S"	"1"	"3s.5p"	"3P*"	"1"	3	3		
"4208.214"	"4208.253"	"2.24e+06"	B+	"6.4313736"	"6.7259951"	"3s.5s"	"3S"	"1"	"3s.5p"	"3P*"	"0"	3	1		
""	"4211.78"	"3.91e+04"	C	"7.0631588"	"7.357534"	"3s.5d"	"3D"	"3"	"3s.8p"	"3P*"	"2"	7	5		
""	"4211.88"	"4.65e+02"	E	"7.0631654"	"7.357534"	"3s.5d"	"3D"	"1"	"3s.8p"	"3P*"	"2"	3	5		
""	"4211.88"	"1.16e+04"	D	"7.0631654"	"7.357534"	"3s.5d"	"3D"	"1"	"3s.8p"	"3P*"	"1"	3	3		
""	"4211.84"	"6.99e+03"	D	"7.0631626"	"7.357534"	"3s.5d"	"3D"	"2"	"3s.8p"	"3P*"	"2"	5	5		
""	"4211.88"	"4.65e+04"	D	"7.0631654"	"7.357534"	"3s.5d"	"3D"	"1"	"3s.8p"	"3P*"	"0"	3	1		
""	"4211.84"	"3.49e+04"	D+	"7.0631626"	"7.357534"	"3s.5d"	"3D"	"2"	"3s.8p"	"3P*"	"1"	5	3		
""	"4344.59"	"1.93e+05"	C+	"7.0692167"	"7.3545930"	"3s.6p"	"3P*"	"0"	"3s.7d"	"3D"	"1"	1	3		
""	"4345.81"	"1.44e+05"	C	"7.0692968"	"7.3545930"	"3s.6p"	"3P*"	"1"	"3s.7d"	"3D"	"1"	3	3		
""	"4345.84"	"2.61e+05"	C+	"7.0692968"	"7.3545908"	"3s.6p"	"3P*"	"1"	"3s.7d"	"3D"	"2"	3	5		
""	"4348.26"	"9.64e+03"	D	"7.0694581"	"7.3545930"	"3s.6p"	"3P*"	"2"	"3s.7d"	"3D"	"1"	5	3		
""	"4348.30"	"8.64e+04"	C	"7.0694581"	"7.3545908"	"3s.6p"	"3P*"	"2"	"3s.7d"	"3D"	"2"	5	5		
""	"4348.32"	"3.45e+05"	B	"7.0694581"	"7.3545894"	"3s.6p"	"3P*"	"2"	"3s.7d"	"3D"	"3"	5	7		
""	"4361.3"	"8.97e+03"	D	"7.192250"	"7.476532"	"3s.7s"	"1S"	"0"	"3s.10p"	"1P*"	"1"	1	3		
""	"4363.77"	"1.54e+04"	C+	"6.7790411"	"7.0631626"	"3s.4f"	"3F*"	"2"	"3s.5d"	"3D"	"2"	5	5		
""	"4363.73"	"1.38e+05"	B	"6.7790411"	"7.0631654"	"3s.4f"	"3F*"	"2"	"3s.5d"	"3D"	"1"	5	3		
""	"4363.83"	"3.10e+02"	D	"6.7790411"	"7.0631588"	"3s.4f"	"3F*"	"2"	"3s.5d"	"3D"	"3"	5	7		
""	"4363.92"	"1.10e+04"	C+	"6.7790469"	"7.0631588"	"3s.4f"	"3F*"	"3"	"3s.5d"	"3D"	"3"	7	7		
"4363.95"	"4363.864"	"1.23e+05"	B	"6.7790469"	"7.0631626"	"3s.4f"	"3F*"	"3"	"3s.5d"	"3D"	"2"	7	5		
"4363.95"	"4364.024"	"1.27e+05"	B	"6.7790536"	"7.0631588"	"3s.4f"	"3F*"	"4"	"3s.5d"	"3D"	"3"	9	7		
""	"4387.79"	"3.25e+04"	D+	"7.1939656"	"7.476532"	"3s.6d"	"1D"	"2"	"3s.10p"	"1P*"	"1"	5	3		
""	"4389.74"	"3.71e+03"	D	"7.1939656"	"7.4764062"	"3s.6d"	"1D"	"2"	"3s.9f"	"1F*"	"3"	5	7		
"4401.68"	"4401.70"	"1.54e+05"	C	"6.9813495"	"7.263023"	"3s.5d"	"1D"	"2"	"3s.7p"	"1P*"	"1"	5	3		
""	"4410.93"	"1.51e+04"	C+	"6.9813495"	"7.2624336"	"3s.5d"	"1D"	"2"	"3s.6f"	"1F*"	"3"	5	7		
""	"4505.78"	"5.90e+05"	B	"7.0924123"	"7.3675796"	"3s.5f"	"1F*"	"3"	"3s.7g"	"1G"	"4"	7	9		
""	"4505.91"	"5.42e+05"	B	"7.0924204"	"7.3675796"	"3s.5f"	"3F*"	"2"	"3s.7g"	"3G"	"3"	5	7		
""	"4505.99"	"4.76e+04"	C	"7.0924252"	"7.3675796"	"3s.5f"	"3F*"	"3"	"3s.7g"	"3G"	"3"	7	7		
""	"4505.99"	"5.54e+05"	B	"7.0924252"	"7.3675796"	"3s.5f"	"3F*"	"3"	"3s.7g"	"3G"	"4"	7	9		
""	"4506.06"	"7.22e+02"	E	"7.0924299"	"7.3675796"	"3s.5f"	"3F*"	"4"	"3s.7g"	"3G"	"3"	9	7		
""	"4506.06"	"3.71e+04"	C	"7.0924299"	"7.3675796"	"3s.5f"	"3F*"	"4"	"3s.7g"	"3G"	"4"	9	9		
""	"4506.06"	"5.91e+05"	B	"7.0924299"	"7.3675796"	"3s.5f"	"3F*"	"4"	"3s.7g"	"3G"	"5"	9	11		
"4650.399"	"4650.449"	"1.81e+06"	A	"6.5161391"	"6.7827460"	"3s.5s"	"1S"	"0"	"3s.5p"	"1P*"	"1"	1	3		
""	"4677.26"	"4.02e+02"	E	"7.0996774"	"7.3647560"	"3s.5g"	"3G"	"4"	"3s.7f"	"3F*"	"4"	9	9		
""	"4677.26"	"5.15e+02"	E	"7.0996774"	"7.3647560"	"3s.5g"	"3G"	"3"	"3s.7f"	"3F*"	"3"	7	7		
""	"4677.26"	"6.12e+00"	E	"7.0996774"	"7.3647560"	"3s.5g"	"3G"	"3"	"3s.7f"	"3F*"	"4"	7	9		
""	"4677.26"	"8.23e+03"	D+	"7.0996774"	"7.3647560"	"3s.5g"	"1G"	"4"	"3s.7f"	"1F*"	"3"	9	7		
""	"4677.26"	"8.24e+03"	D+	"7.0996774"	"7.3647560"	"3s.5g"	"3G"	"3"	"3s.7f"	"3F*"	"2"	7	5		
""	"4677.26"	"7.72e+03"	D+	"7.0996774"	"7.3647560"	"3s.5g"	"3G"	"4"	"3s.7f"	"3F*"	"3"	9	7		
""	"4717.44"	"3.72e+02"	E	"7.2459890"	"7.5088100"	"3s.6d"	"3D"	"3"	"3s.10f"	"3F*"	"2"	7	5		
""	"4717.44"	"9.44e+03"	D+	"7.2459890"	"7.5088100"	"3s.6d"	"3D"	"3"	"3s.10f"	"3F*"	"3"	7	7		
""	"4717.44"	"8.46e+04"	C+	"7.2459890"	"7.5088100"	"3s.6d"	"3D"	"3"	"3s.10f"	"3F*"	"4"	7	9		
""	"4717.46"	"1.32e+04"	D+	"7.2459903"	"7.5088100"	"3s.6d"	"3D"	"2"	"3s.10f"	"3F*"	"2"	5	5		
""	"4717.46"	"7.51e+04"	C+	"7.2459903"	"7.5088100"	"3s.6d"	"3D"	"2"	"3s.10f"	"3F*"	"3"	5	7		
""	"4717.51"	"7.10e+04"	C	"7.2459929"	"7.5088100"	"3s.6d"	"3D"	"1"	"3s.10f"	"3F*"	"2"	3	5		
""	"4729.17"	"1.11e+02"	E	"7.0924204"	"7.3545894"	"3s.5f"	"3F*"	"2"	"3s.7d"	"3D"	"3"	5	7		
""	"4729.15"	"5.52e+03"	D	"7.0924204"	"7.3545908"	"3s.5f"	"3F*"	"2"	"3s.7d"	"3D"	"2"	5	5		
""	"4729.11"	"4.96e+04"	C	"7.0924204"	"7.3545930"	"3s.5f"	"3F*"	"2"	"3s.7d"	"3D"	"1"	5	3		
""	"4729.26"	"3.94e+03"	D	"7.0924252"	"7.3545894"	"3s.5f"	"3F*"	"3"	"3s.7d"	"3D"	"3"	7	7		
""	"4729.23"	"4.43e+04"	C	"7.0924252"	"7.3545908"	"3s.5f"	"3F*"	"3"	"3s.7d"	"3D"	"2"	7	5		
""	"4729.34"	"4.56e+04"	C	"7.0924299"	"7.3545894"	"3s.5f"	"3F*"	"4"	"3s.7d"	"3D"	"3"	9	7		
""	"4857.55"	"3.84e+04"	C	"7.2501854"	"7.505426"	"3s.7p"	"3P*"	"0"	"3s.10d"	"3D"	"1"	1	3		
""	"4858.33"	"2.88e+04"	C	"7.2502265"	"7.505426"	"3s.7p"	"3P*"	"1"	"3s.10d"	"3D"	"1"	3	3		
""	"4858.33"	"5.19e+04"	C	"7.2502265"	"7.505426"	"3s.7p"	"3P*"	"1"	"3s.10d"	"3D"	"2"	3	5		
""	"4860.08"	"1.92e+03"	E	"7.2503182"	"7.505426"	"3s.7p"	"3P*"	"2"	"3s.10d"	"3D"	"1"	5	3		
""	"4860.08"	"6.90e+04"	C+	"7.2503182"	"7.505426"	"3s.7p"	"3P*"	"2"	"3s.10d"	"3D"	"3"	5	7		
""	"4860.08"	"1.73e+04"	C	"7.2503182"	"7.505426"	"3s.7p"	"3P*"	"2"	"3s.10d"	"3D"	"2"	5	5		
""	"4895.61"	"2.35e+04"	D	"7.1731323"	"7.426388"	"3s.7s"	"3S"	"1"	"3s.9p"	"3P*"	"0"	3	1		
""	"4895.61"	"2.35e+04"	D+	"7.1731323"	"7.426388"	"3s.7s"	"3S"	"1"	"3s.9p"	"3P*"	"1"	3	3		
""	"4895.61"	"2.35e+04"	C	"7.1731323"	"7.426388"	"3s.7s"	"3S"	"1"	"3s.9p"	"3P*"	"2"	3	5		
""	"5102.5"	"1.04e+03"	E	"7.2624398"	"7.505426"	"3s.6f"	"3F*"	"3"	"3s.10d"	"3D"	"3"	7	7		
""	"5102.5"	"1.46e+03"	E	"7.2624398"	"7.505426"	"3s.6f"	"3F*"	"2"	"3s.10d"	"3D"	"2"	5	5		
""	"5102.5"	"2.93e+01"	E	"7.2624398"	"7.505426"	"3s.6f"	"3F*"	"2"	"3s.10d"	"3D"	"3"	5	7		
""	"5102.5"	"1.16e+04"	D+	"7.2624398"	"7.505426"	"3s.6f"	"3F*"	"3"	"3s.10d"	"3D"	"2"	7	5		
""	"5102.5"	"1.31e+04"	D+	"7.2624398"	"7.505426"	"3s.6f"	"3F*"	"2"	"3s.10d"	"3D"	"1"	5	3		
""	"5102.5"	"1.20e+04"	C	"7.2624398"	"7.505426"	"3s.6f"	"3F*"	"4"	"3s.10d"	"3D"	"3"	9	7		
""	"5123.37"	"2.93e+03"	D	"7.2668124"	"7.5088100"	"3s.6g"	"1G"	"4"	"3s.10f"	"1F*"	"3"	9	7		
""	"5123.37"	"2.17e+00"	E	"7.2668124"	"7.5088100"	"3s.6g"	"3G"	"3"	"3s.10f"	"3F*"	"4"	7	9		
""	"5123.37"	"2.94e+03"	D	"7.2668124"	"7.5088100"	"3s.6g"	"3G"	"3"	"3s.10f"	"3F*"	"2"	7	5		
""	"5123.37"	"1.43e+02"	E	"7.2668124"	"7.5088100"	"3s.6g"	"3G"	"4"	"3s.10f"	"3F*"	"4"	9	9		
""	"5123.37"	"1.84e+02"	E	"7.2668124"	"7.5088100"	"3s.6g"	"3G"	"3"	"3s.10f"	"3F*"	"3"	7	7		
""	"5123.37"	"2.75e+03"	D	"7.2668124"	"7.5088100"	"3s.6g"	"3G"	"4"	"3s.10f"	"3F*"	"3"	9	7		
""	"5123.37"	"2.79e+03"	D	"7.2668124"	"7.5088100"	"3s.6g"	"3G"	"5"	"3s.10f"	"3F*"	"4"	11	9		
""	"5139.64"	"3.28e+04"	C	"7.0692167"	"7.3104479"	"3s.6p"	"3P*"	"0"	"3s.8s"	"3S"	"1"	1	3		
""	"5141.35"	"9.84e+04"	C	"7.0692968"	"7.3104479"	"3s.6p"	"3P*"	"1"	"3s.8s"	"3S"	"1"	3	3		
""	"5143.6"	"5.78e+03"	D	"7.2501854"	"7.491233"	"3s.7p"	"3P*"	"0"	"3s.11s"	"3S"	"1"	1	3		
""	"5144.4"	"1.73e+04"	D+	"7.2502265"	"7.491233"	"3s.7p"	"3P*"	"1"	"3s.11s"	"3S"	"1"	3	3		
""	"5144.79"	"1.64e+05"	C+	"7.0694581"	"7.3104479"	"3s.6p"	"3P*"	"2"	"3s.8s"	"3S"	"1"	5	3		
""	"5146.4"	"2.89e+04"	C	"7.2503182"	"7.491233"	"3s.7p"	"3P*"	"2"	"3s.11s"	"3S"	"1"	5	3		
""	"5188.8"	"1.69e+04"	D+	"7.192250"	"7.431195"	"3s.7s"	"1S"	"0"	"3s.9p"	"1P*"	"1"	1	3		
""	"5226.3"	"4.88e+04"	C	"7.1939656"	"7.431195"	"3s.6d"	"1D"	"2"	"3s.9p"	"1P*"	"1"	5	3		
""	"5377.44"	"1.48e+04"	C	"7.2624336"	"7.4929973"	"3s.6f"	"1F*"	"3"	"3s.10d"	"1D"	"2"	7	5		
""	"5380.86"	"4.97e+02"	E	"7.2459890"	"7.4764062"	"3s.6d"	"3D"	"3"	"3s.9f"	"3F*"	"2"	7	5		
""	"5380.86"	"1.26e+04"	C	"7.2459890"	"7.4764062"	"3s.6d"	"3D"	"3"	"3s.9f"	"3F*"	"3"	7	7		
""	"5380.86"	"1.13e+05"	C+	"7.2459890"	"7.4764062"	"3s.6d"	"3D"	"3"	"3s.9f"	"3F*"	"4"	7	9		
""	"5380.89"	"1.76e+04"	C	"7.2459903"	"7.4764062"	"3s.6d"	"3D"	"2"	"3s.9f"	"3F*"	"2"	5	5		
""	"5380.89"	"1.01e+05"	C+	"7.2459903"	"7.4764062"	"3s.6d"	"3D"	"2"	"3s.9f"	"3F*"	"3"	5	7		
""	"5380.95"	"9.51e+04"	C+	"7.2459929"	"7.4764062"	"3s.6d"	"3D"	"1"	"3s.9f"	"3F*"	"2"	3	5		
""	"5439.1"	"2.61e+05"	C	"7.0937549"	"7.321703"	"3s.6p"	"1P*"	"1"	"3s.8s"	"1S"	"0"	3	1		
""	"5444.08"	"7.53e+04"	C+	"7.0924123"	"7.3201534"	"3s.5f"	"1F*"	"3"	"3s.7d"	"1D"	"2"	7	5		
""	"5476.37"	"3.30e+04"	C	"7.0937549"	"7.3201534"	"3s.6p"	"1P*"	"1"	"3s.7d"	"1D"	"2"	3	5		
""	"5596.30"	"5.35e+04"	C	"7.2501854"	"7.4717320"	"3s.7p"	"3P*"	"0"	"3s.9d"	"3D"	"1"	1	3		
""	"5597.34"	"7.22e+04"	C+	"7.2502265"	"7.4717320"	"3s.7p"	"3P*"	"1"	"3s.9d"	"3D"	"2"	3	5		
""	"5597.34"	"4.00e+04"	C	"7.2502265"	"7.4717320"	"3s.7p"	"3P*"	"1"	"3s.9d"	"3D"	"1"	3	3		
""	"5599.66"	"2.67e+03"	D	"7.2503182"	"7.4717320"	"3s.7p"	"3P*"	"2"	"3s.9d"	"3D"	"1"	5	3		
""	"5599.66"	"2.40e+04"	C	"7.2503182"	"7.4717320"	"3s.7p"	"3P*"	"2"	"3s.9d"	"3D"	"2"	5	5		
""	"5599.66"	"9.60e+04"	C+	"7.2503182"	"7.4717320"	"3s.7p"	"3P*"	"2"	"3s.9d"	"3D"	"3"	5	7		
""	"5915.45"	"4.36e+03"	D+	"7.2668124"	"7.4764062"	"3s.6g"	"3G"	"4"	"3s.9f"	"3F*"	"3"	9	7		
""	"5915.45"	"4.67e+03"	D+	"7.2668124"	"7.4764062"	"3s.6g"	"3G"	"3"	"3s.9f"	"3F*"	"2"	7	5		
""	"5915.45"	"2.27e+02"	E	"7.2668124"	"7.4764062"	"3s.6g"	"3G"	"4"	"3s.9f"	"3F*"	"4"	9	9		
""	"5915.45"	"2.92e+02"	E	"7.2668124"	"7.4764062"	"3s.6g"	"3G"	"3"	"3s.9f"	"3F*"	"3"	7	7		
""	"5915.45"	"3.45e+00"	E	"7.2668124"	"7.4764062"	"3s.6g"	"3G"	"3"	"3s.9f"	"3F*"	"4"	7	9		
""	"5915.45"	"4.66e+03"	D+	"7.2668124"	"7.4764062"	"3s.6g"	"1G"	"4"	"3s.9f"	"1F*"	"3"	9	7		
""	"5915.45"	"4.43e+03"	D+	"7.2668124"	"7.4764062"	"3s.6g"	"3G"	"5"	"3s.9f"	"3F*"	"4"	11	9		
""	"5923.97"	"2.19e+03"	D	"7.2624398"	"7.4717320"	"3s.6f"	"3F*"	"2"	"3s.9d"	"3D"	"2"	5	5		
""	"5923.97"	"4.40e+01"	E	"7.2624398"	"7.4717320"	"3s.6f"	"3F*"	"2"	"3s.9d"	"3D"	"3"	5	7		
""	"5923.97"	"1.56e+03"	D	"7.2624398"	"7.4717320"	"3s.6f"	"3F*"	"3"	"3s.9d"	"3D"	"3"	7	7		
""	"5923.97"	"1.96e+04"	C	"7.2624398"	"7.4717320"	"3s.6f"	"3F*"	"2"	"3s.9d"	"3D"	"1"	5	3		
""	"5923.97"	"1.74e+04"	C	"7.2624398"	"7.4717320"	"3s.6f"	"3F*"	"3"	"3s.9d"	"3D"	"2"	7	5		
""	"5923.97"	"1.80e+04"	C	"7.2624398"	"7.4717320"	"3s.6f"	"3F*"	"4"	"3s.9d"	"3D"	"3"	9	7		
""	"6086.5"	"2.49e+05"	B+	"6.7259951"	"6.929700"	"3s.5p"	"3P*"	"0"	"3s.6s"	"3S"	"1"	1	3		
""	"6091.2"	"7.44e+05"	B+	"6.7261534"	"6.929700"	"3s.5p"	"3P*"	"1"	"3s.6s"	"3S"	"1"	3	3		
""	"6101.0"	"1.24e+06"	B+	"6.7264807"	"6.929700"	"3s.5p"	"3P*"	"2"	"3s.6s"	"3S"	"1"	5	3		
""	"6127.66"	"3.28e+05"	A	"6.7790143"	"6.9813495"	"3s.4f"	"1F*"	"3"	"3s.5d"	"1D"	"2"	7	5		
""	"6145.1"	"8.60e+03"	D+	"7.2501854"	"7.451946"	"3s.7p"	"3P*"	"0"	"3s.10s"	"3S"	"1"	1	3		
""	"6146.4"	"2.58e+04"	C	"7.2502265"	"7.451946"	"3s.7p"	"3P*"	"1"	"3s.10s"	"3S"	"1"	3	3		
""	"6149.2"	"4.29e+04"	C	"7.2503182"	"7.451946"	"3s.7p"	"3P*"	"2"	"3s.10s"	"3S"	"1"	5	3		
""	"6221.58"	"2.68e+03"	C	"7.0631588"	"7.2624398"	"3s.5d"	"3D"	"3"	"3s.6f"	"3F*"	"2"	7	5		
""	"6221.58"	"6.79e+04"	B+	"7.0631588"	"7.2624398"	"3s.5d"	"3D"	"3"	"3s.6f"	"3F*"	"3"	7	7		
""	"6221.58"	"6.10e+05"	B+	"7.0631588"	"7.2624398"	"3s.5d"	"3D"	"3"	"3s.6f"	"3F*"	"4"	7	9		
""	"6221.70"	"9.51e+04"	B+	"7.0631626"	"7.2624398"	"3s.5d"	"3D"	"2"	"3s.6f"	"3F*"	"2"	5	5		
""	"6221.70"	"5.42e+05"	B+	"7.0631626"	"7.2624398"	"3s.5d"	"3D"	"2"	"3s.6f"	"3F*"	"3"	5	7		
""	"6221.78"	"5.13e+05"	B+	"7.0631654"	"7.2624398"	"3s.5d"	"3D"	"1"	"3s.6f"	"3F*"	"2"	3	5		
""	"6242.80"	"1.39e+06"	A	"6.7827460"	"6.9813495"	"3s.5p"	"1P*"	"1"	"3s.5d"	"1D"	"2"	3	5		
""	"6361.75"	"7.80e+05"	A	"6.5878560"	"6.7827460"	"3s.4d"	"1D"	"2"	"3s.5p"	"1P*"	"1"	5	3		
""	"6398.0"	"7.28e+04"	C	"7.263023"	"7.456810"	"3s.7p"	"1P*"	"1"	"3s.10s"	"1S"	"0"	3	1		
""	"6435.04"	"8.47e-08"	D+	"5.7532468"	"5.9459174"	"3s.3d"	"1D"	"2"	"3s.3d"	"3D"	"1"	5	3	M1	
""	"6435.04"	"7.19e-10"	C	"5.7532468"	"5.9459174"	"3s.3d"	"1D"	"2"	"3s.3d"	"3D"	"1"	5	3	E2	
""	"6435.09"	"3.76e-08"	D+	"5.7532468"	"5.9459158"	"3s.3d"	"1D"	"2"	"3s.3d"	"3D"	"3"	5	7	M1	
""	"6435.09"	"3.78e-10"	C	"5.7532468"	"5.9459158"	"3s.3d"	"1D"	"2"	"3s.3d"	"3D"	"3"	5	7	E2	
""	"6435.16"	"9.42e-09"	D	"5.7532468"	"5.9459136"	"3s.3d"	"1D"	"2"	"3s.3d"	"3D"	"2"	5	5	M1	
""	"6435.16"	"2.50e-10"	C	"5.7532468"	"5.9459136"	"3s.3d"	"1D"	"2"	"3s.3d"	"3D"	"2"	5	5	E2	
""	"6444.29"	"2.29e+04"	C	"7.2624336"	"7.4548275"	"3s.6f"	"1F*"	"3"	"3s.9d"	"1D"	"2"	7	5		
""	"6464.1"	"3.37e+03"	D+	"7.263023"	"7.4548275"	"3s.7p"	"1P*"	"1"	"3s.9d"	"1D"	"2"	3	5		
""	"6485.94"	"7.43e+05"	A	"6.5878560"	"6.7790143"	"3s.4d"	"1D"	"2"	"3s.4f"	"1F*"	"3"	5	7		
""	"6568.9"	"1.91e+04"	C	"7.3201534"	"7.508898"	"3s.7d"	"1D"	"2"	"3s.11p"	"1P*"	"1"	5	3		
""	"6623.3"	"4.86e+03"	D+	"7.321703"	"7.508898"	"3s.8s"	"1S"	"0"	"3s.11p"	"1P*"	"1"	1	3		
""	"6624.53"	"7.24e+04"	C+	"7.0631588"	"7.2503182"	"3s.5d"	"3D"	"3"	"3s.7p"	"3P*"	"2"	7	5		
""	"6624.66"	"1.29e+04"	C	"7.0631626"	"7.2503182"	"3s.5d"	"3D"	"2"	"3s.7p"	"3P*"	"2"	5	5		
""	"6624.76"	"8.62e+02"	D	"7.0631654"	"7.2503182"	"3s.5d"	"3D"	"1"	"3s.7p"	"3P*"	"2"	3	5		
""	"6627.91"	"6.45e+04"	C+	"7.0631626"	"7.2502265"	"3s.5d"	"3D"	"2"	"3s.7p"	"3P*"	"1"	5	3		
""	"6628.01"	"2.16e+04"	C	"7.0631654"	"7.2502265"	"3s.5d"	"3D"	"1"	"3s.7p"	"3P*"	"1"	3	3		
""	"6629.46"	"8.61e+04"	C	"7.0631654"	"7.2501854"	"3s.5d"	"3D"	"1"	"3s.7p"	"3P*"	"0"	3	1		
""	"6641.83"	"7.55e-07"	D+	"5.9315428"	"6.1182146"	"3s.4p"	"3P*"	"0"	"3s.4p"	"1P*"	"1"	1	3	M1	
""	"6656.39"	"5.63e-07"	D+	"5.9319513"	"6.1182146"	"3s.4p"	"3P*"	"1"	"3s.4p"	"1P*"	"1"	3	3	M1	
""	"6656.39"	"2.40e-07"	B	"5.9319513"	"6.1182146"	"3s.4p"	"3P*"	"1"	"3s.4p"	"1P*"	"1"	3	3	E2	
""	"6686.43"	"9.26e-07"	D+	"5.9327880"	"6.1182146"	"3s.4p"	"3P*"	"2"	"3s.4p"	"1P*"	"1"	5	3	M1	
""	"6686.43"	"8.53e-08"	B	"5.9327880"	"6.1182146"	"3s.4p"	"3P*"	"2"	"3s.4p"	"1P*"	"1"	5	3	E2	
""	"6700.05"	"1.54e+05"	B	"7.2459890"	"7.4310388"	"3s.6d"	"3D"	"3"	"3s.8f"	"3F*"	"4"	7	9		
""	"6700.05"	"1.71e+04"	C	"7.2459890"	"7.4310388"	"3s.6d"	"3D"	"3"	"3s.8f"	"3F*"	"3"	7	7		
""	"6700.05"	"6.76e+02"	E	"7.2459890"	"7.4310388"	"3s.6d"	"3D"	"3"	"3s.8f"	"3F*"	"2"	7	5		
""	"6700.09"	"1.37e+05"	B	"7.2459903"	"7.4310388"	"3s.6d"	"3D"	"2"	"3s.8f"	"3F*"	"3"	5	7		
""	"6700.09"	"2.41e+04"	C	"7.2459903"	"7.4310388"	"3s.6d"	"3D"	"2"	"3s.8f"	"3F*"	"2"	5	5		
""	"6700.19"	"1.29e+05"	B	"7.2459929"	"7.4310388"	"3s.6d"	"3D"	"1"	"3s.8f"	"3F*"	"2"	3	5		
""	"6723.6"	"5.13e+04"	C+	"7.1731323"	"7.357534"	"3s.7s"	"3S"	"1"	"3s.8p"	"3P*"	"1"	3	3		
""	"6723.6"	"5.14e+04"	C+	"7.1731323"	"7.357534"	"3s.7s"	"3S"	"1"	"3s.8p"	"3P*"	"2"	3	5		
""	"6723.6"	"5.13e+04"	C	"7.1731323"	"7.357534"	"3s.7s"	"3S"	"1"	"3s.8p"	"3P*"	"0"	3	1		
""	"6755.22"	"1.88e+06"	A	"6.7827460"	"6.9662844"	"3s.5p"	"1P*"	"1"	"3s.6s"	"1S"	"0"	3	1		
""	"6872.8"	"3.90e+03"	D+	"7.2459903"	"7.426388"	"3s.6d"	"3D"	"2"	"3s.9p"	"3P*"	"2"	5	5		
""	"6872.8"	"1.95e+04"	C	"7.2459903"	"7.426388"	"3s.6d"	"3D"	"2"	"3s.9p"	"3P*"	"1"	5	3		
""	"6872.8"	"2.17e+04"	C	"7.2459890"	"7.426388"	"3s.6d"	"3D"	"3"	"3s.9p"	"3P*"	"2"	7	5		
""	"6872.9"	"2.60e+02"	E	"7.2459929"	"7.426388"	"3s.6d"	"3D"	"1"	"3s.9p"	"3P*"	"2"	3	5		
""	"6872.9"	"2.60e+04"	D+	"7.2459929"	"7.426388"	"3s.6d"	"3D"	"1"	"3s.9p"	"3P*"	"0"	3	1		
""	"6872.9"	"6.50e+03"	D+	"7.2459929"	"7.426388"	"3s.6d"	"3D"	"1"	"3s.9p"	"3P*"	"1"	3	3		
""	"6905.61"	"3.97e-10"	B+	"5.7532468"	"5.9327880"	"3s.3d"	"1D"	"2"	"3s.4p"	"3P*"	"2"	5	5	M2	
""	"6937.94"	"8.22e-10"	B+	"5.7532468"	"5.9319513"	"3s.3d"	"1D"	"2"	"3s.4p"	"3P*"	"1"	5	3	M2	
""	"6953.84"	"1.09e-09"	B	"5.7532468"	"5.9315428"	"3s.3d"	"1D"	"2"	"3s.4p"	"3P*"	"0"	5	1	M2	
""	"7013.63"	"3.09e+05"	B+	"7.0692167"	"7.2459929"	"3s.6p"	"3P*"	"0"	"3s.6d"	"3D"	"1"	1	3		
""	"7016.81"	"2.32e+05"	B+	"7.0692968"	"7.2459929"	"3s.6p"	"3P*"	"1"	"3s.6d"	"3D"	"1"	3	3		
""	"7016.91"	"4.17e+05"	B+	"7.0692968"	"7.2459903"	"3s.6p"	"3P*"	"1"	"3s.6d"	"3D"	"2"	3	5		
""	"7023.22"	"1.54e+04"	C+	"7.0694581"	"7.2459929"	"3s.6p"	"3P*"	"2"	"3s.6d"	"3D"	"1"	5	3		
""	"7023.32"	"1.38e+05"	B+	"7.0694581"	"7.2459903"	"3s.6p"	"3P*"	"2"	"3s.6d"	"3D"	"2"	5	5		
""	"7023.37"	"5.54e+05"	B+	"7.0694581"	"7.2459890"	"3s.6p"	"3P*"	"2"	"3s.6d"	"3D"	"3"	5	7		
""	"7109.18"	"1.08e+06"	B+	"7.0924123"	"7.2668124"	"3s.5f"	"1F*"	"3"	"3s.6g"	"1G"	"4"	7	9		
""	"7109.51"	"9.99e+05"	B+	"7.0924204"	"7.2668124"	"3s.5f"	"3F*"	"2"	"3s.6g"	"3G"	"3"	5	7		
""	"7109.71"	"8.71e+04"	B+	"7.0924252"	"7.2668124"	"3s.5f"	"3F*"	"3"	"3s.6g"	"3G"	"3"	7	7		
""	"7109.71"	"1.01e+06"	B+	"7.0924252"	"7.2668124"	"3s.5f"	"3F*"	"3"	"3s.6g"	"3G"	"4"	7	9		
""	"7109.90"	"1.33e+03"	C	"7.0924299"	"7.2668124"	"3s.5f"	"3F*"	"4"	"3s.6g"	"3G"	"3"	9	7		
""	"7109.90"	"6.77e+04"	B+	"7.0924299"	"7.2668124"	"3s.5f"	"3F*"	"4"	"3s.6g"	"3G"	"4"	9	9		
""	"7109.90"	"1.08e+06"	B+	"7.0924299"	"7.2668124"	"3s.5f"	"3F*"	"4"	"3s.6g"	"3G"	"5"	9	11		
""	"7119.94"	"7.76e+04"	C+	"7.2501854"	"7.4243221"	"3s.7p"	"3P*"	"0"	"3s.8d"	"3D"	"1"	1	3		
""	"7121.61"	"5.81e+04"	C+	"7.2502265"	"7.4243221"	"3s.7p"	"3P*"	"1"	"3s.8d"	"3D"	"1"	3	3		
""	"7121.69"	"1.05e+05"	B	"7.2502265"	"7.4243202"	"3s.7p"	"3P*"	"1"	"3s.8d"	"3D"	"2"	3	5		
""	"7125.37"	"3.88e+03"	D+	"7.2503182"	"7.4243221"	"3s.7p"	"3P*"	"2"	"3s.8d"	"3D"	"1"	5	3		
""	"7125.45"	"3.48e+04"	C+	"7.2503182"	"7.4243202"	"3s.7p"	"3P*"	"2"	"3s.8d"	"3D"	"2"	5	5		
""	"7125.51"	"1.40e+05"	B	"7.2503182"	"7.4243186"	"3s.7p"	"3P*"	"2"	"3s.8d"	"3D"	"3"	5	7		
""	"7174.8"	"4.03e+04"	C+	"7.192250"	"7.365056"	"3s.7s"	"1S"	"0"	"3s.8p"	"1P*"	"1"	1	3		
""	"7195.79"	"6.83e-10"	B+	"5.9459136"	"6.1182146"	"3s.3d"	"3D"	"2"	"3s.4p"	"1P*"	"1"	5	3	M2	
""	"7195.88"	"3.76e-09"	B+	"5.9459158"	"6.1182146"	"3s.3d"	"3D"	"3"	"3s.4p"	"1P*"	"1"	7	3	M2	
""	"7195.95"	"4.44e-11"	B	"5.9459174"	"6.1182146"	"3s.3d"	"3D"	"1"	"3s.4p"	"1P*"	"1"	3	3	M2	
""	"7246.7"	"8.15e+04"	C+	"7.1939656"	"7.365056"	"3s.6d"	"1D"	"2"	"3s.8p"	"1P*"	"1"	5	3		
""	"7259.44"	"3.53e+03"	D+	"7.1939656"	"7.3647560"	"3s.6d"	"1D"	"2"	"3s.7f"	"1F*"	"3"	5	7		
""	"7270.6"	"2.32e+05"	B	"7.2624336"	"7.432961"	"3s.6f"	"1F*"	"3"	"3s.8g"	"1G"	"4"	7	9		
""	"7270.9"	"1.45e+04"	C+	"7.2624398"	"7.432961"	"3s.6f"	"3F*"	"4"	"3s.8g"	"3G"	"4"	9	9		
""	"7270.9"	"2.18e+05"	B	"7.2624398"	"7.432961"	"3s.6f"	"3F*"	"3"	"3s.8g"	"3G"	"4"	7	9		
""	"7270.9"	"2.32e+05"	B	"7.2624398"	"7.432961"	"3s.6f"	"3F*"	"4"	"3s.8g"	"3G"	"5"	9	11		
""	"7549.59"	"8.25e+03"	C	"7.2668124"	"7.4310388"	"3s.6g"	"1G"	"4"	"3s.8f"	"1F*"	"3"	9	7		
""	"7549.59"	"6.13e+00"	E	"7.2668124"	"7.4310388"	"3s.6g"	"3G"	"3"	"3s.8f"	"3F*"	"4"	7	9		
""	"7549.59"	"5.18e+02"	D	"7.2668124"	"7.4310388"	"3s.6g"	"3G"	"3"	"3s.8f"	"3F*"	"3"	7	7		
""	"7549.59"	"4.03e+02"	D	"7.2668124"	"7.4310388"	"3s.6g"	"3G"	"4"	"3s.8f"	"3F*"	"4"	9	9		
""	"7549.59"	"8.29e+03"	C	"7.2668124"	"7.4310388"	"3s.6g"	"3G"	"3"	"3s.8f"	"3F*"	"2"	7	5		
""	"7549.59"	"7.88e+03"	C	"7.2668124"	"7.4310388"	"3s.6g"	"3G"	"5"	"3s.8f"	"3F*"	"4"	11	9		
""	"7549.59"	"7.76e+03"	C	"7.2668124"	"7.4310388"	"3s.6g"	"3G"	"4"	"3s.8f"	"3F*"	"3"	9	7		
""	"7617.50"	"1.45e+01"	E	"7.0996774"	"7.2624398"	"3s.5g"	"3G"	"3"	"3s.6f"	"3F*"	"4"	7	9		
""	"7617.50"	"1.23e+03"	C	"7.0996774"	"7.2624398"	"3s.5g"	"3G"	"3"	"3s.6f"	"3F*"	"3"	7	7		
""	"7617.50"	"9.54e+02"	C	"7.0996774"	"7.2624398"	"3s.5g"	"3G"	"4"	"3s.6f"	"3F*"	"4"	9	9		
""	"7617.50"	"1.96e+04"	B	"7.0996774"	"7.2624398"	"3s.5g"	"3G"	"3"	"3s.6f"	"3F*"	"2"	7	5		
""	"7617.50"	"1.83e+04"	B	"7.0996774"	"7.2624398"	"3s.5g"	"3G"	"4"	"3s.6f"	"3F*"	"3"	9	7		
""	"7617.79"	"1.95e+04"	B	"7.0996774"	"7.2624336"	"3s.5g"	"1G"	"4"	"3s.6f"	"1F*"	"3"	9	7		
""	"7659.00"	"3.59e+03"	D+	"7.2624398"	"7.4243202"	"3s.6f"	"3F*"	"2"	"3s.8d"	"3D"	"2"	5	5		
""	"7659.00"	"2.87e+04"	C+	"7.2624398"	"7.4243202"	"3s.6f"	"3F*"	"3"	"3s.8d"	"3D"	"2"	7	5		
""	"7658.91"	"3.22e+04"	C+	"7.2624398"	"7.4243221"	"3s.6f"	"3F*"	"2"	"3s.8d"	"3D"	"1"	5	3		
""	"7659.07"	"2.57e+03"	D+	"7.2624398"	"7.4243186"	"3s.6f"	"3F*"	"3"	"3s.8d"	"3D"	"3"	7	7		
""	"7659.07"	"7.24e+01"	E	"7.2624398"	"7.4243186"	"3s.6f"	"3F*"	"2"	"3s.8d"	"3D"	"3"	5	7		
""	"7659.07"	"2.97e+04"	C+	"7.2624398"	"7.4243186"	"3s.6f"	"3F*"	"4"	"3s.8d"	"3D"	"3"	9	7		
""	"7928.4"	"2.81e+04"	C	"7.3201534"	"7.476532"	"3s.7d"	"1D"	"2"	"3s.10p"	"1P*"	"1"	5	3		
""	"7934.85"	"9.76e+02"	D	"7.3201534"	"7.4764062"	"3s.7d"	"1D"	"2"	"3s.9f"	"1F*"	"3"	5	7		
""	"8007.8"	"8.63e+03"	C	"7.321703"	"7.476532"	"3s.8s"	"1S"	"0"	"3s.10p"	"1P*"	"1"	1	3		
""	"8039.41"	"4.98e+04"	B	"7.3545894"	"7.5088100"	"3s.7d"	"3D"	"3"	"3s.10f"	"3F*"	"4"	7	9		
""	"8039.48"	"4.42e+04"	C+	"7.3545908"	"7.5088100"	"3s.7d"	"3D"	"2"	"3s.10f"	"3F*"	"3"	5	7		
""	"8039.41"	"5.54e+03"	C	"7.3545894"	"7.5088100"	"3s.7d"	"3D"	"3"	"3s.10f"	"3F*"	"3"	7	7		
""	"8039.48"	"7.76e+03"	C	"7.3545908"	"7.5088100"	"3s.7d"	"3D"	"2"	"3s.10f"	"3F*"	"2"	5	5		
""	"8039.41"	"2.18e+02"	E	"7.3545894"	"7.5088100"	"3s.7d"	"3D"	"3"	"3s.10f"	"3F*"	"2"	7	5		
""	"8039.59"	"4.18e+04"	C+	"7.3545930"	"7.5088100"	"3s.7d"	"3D"	"1"	"3s.10f"	"3F*"	"2"	3	5		
""	"8073.33"	"1.01e+05"	B+	"7.0924204"	"7.2459929"	"3s.5f"	"3F*"	"2"	"3s.6d"	"3D"	"1"	5	3		
""	"8073.47"	"1.13e+04"	B	"7.0924204"	"7.2459903"	"3s.5f"	"3F*"	"2"	"3s.6d"	"3D"	"2"	5	5		
""	"8073.53"	"2.27e+02"	D+	"7.0924204"	"7.2459890"	"3s.5f"	"3F*"	"2"	"3s.6d"	"3D"	"3"	5	7		
""	"8073.72"	"9.00e+04"	B+	"7.0924252"	"7.2459903"	"3s.5f"	"3F*"	"3"	"3s.6d"	"3D"	"2"	7	5		
""	"8073.79"	"8.06e+03"	B	"7.0924252"	"7.2459890"	"3s.5f"	"3F*"	"3"	"3s.6d"	"3D"	"3"	7	7		
""	"8074.04"	"9.30e+04"	B+	"7.0924299"	"7.2459890"	"3s.5f"	"3F*"	"4"	"3s.6d"	"3D"	"3"	9	7		
""	"8383.4"	"4.61e+04"	B	"7.357534"	"7.505426"	"3s.8p"	"3P*"	"2"	"3s.10d"	"3D"	"3"	5	7		
""	"8383.4"	"3.46e+04"	C+	"7.357534"	"7.505426"	"3s.8p"	"3P*"	"1"	"3s.10d"	"3D"	"2"	3	5		
""	"8383.4"	"2.56e+04"	C+	"7.357534"	"7.505426"	"3s.8p"	"3P*"	"0"	"3s.10d"	"3D"	"1"	1	3		
""	"8383.4"	"1.15e+04"	C	"7.357534"	"7.505426"	"3s.8p"	"3P*"	"2"	"3s.10d"	"3D"	"2"	5	5		
""	"8383.4"	"1.92e+04"	C	"7.357534"	"7.505426"	"3s.8p"	"3P*"	"1"	"3s.10d"	"3D"	"1"	3	3		
""	"8383.4"	"1.28e+03"	D	"7.357534"	"7.505426"	"3s.8p"	"3P*"	"2"	"3s.10d"	"3D"	"1"	5	3		
""	"8529.1"	"1.43e+04"	C	"7.2501854"	"7.395552"	"3s.7p"	"3P*"	"0"	"3s.9s"	"3S"	"1"	1	3		
""	"8531.5"	"4.29e+04"	C+	"7.2502265"	"7.395552"	"3s.7p"	"3P*"	"1"	"3s.9s"	"3S"	"1"	3	3		
""	"8536.9"	"7.14e+04"	C+	"7.2503182"	"7.395552"	"3s.7p"	"3P*"	"2"	"3s.9s"	"3S"	"1"	5	3		
""	"8778.86"	"3.79e+03"	C	"7.3675796"	"7.5088100"	"3s.7g"	"3G"	"5"	"3s.10f"	"3F*"	"4"	11	9		
""	"8778.86"	"3.73e+03"	C	"7.3675796"	"7.5088100"	"3s.7g"	"3G"	"4"	"3s.10f"	"3F*"	"3"	9	7		
""	"8778.86"	"3.99e+03"	C	"7.3675796"	"7.5088100"	"3s.7g"	"3G"	"3"	"3s.10f"	"3F*"	"2"	7	5		
""	"8778.86"	"1.94e+02"	D	"7.3675796"	"7.5088100"	"3s.7g"	"3G"	"4"	"3s.10f"	"3F*"	"4"	9	9		
""	"8778.86"	"2.49e+02"	D	"7.3675796"	"7.5088100"	"3s.7g"	"3G"	"3"	"3s.10f"	"3F*"	"3"	7	7		
""	"8778.86"	"2.96e+00"	E	"7.3675796"	"7.5088100"	"3s.7g"	"3G"	"3"	"3s.10f"	"3F*"	"4"	7	9		
""	"8778.86"	"3.97e+03"	C	"7.3675796"	"7.5088100"	"3s.7g"	"1G"	"4"	"3s.10f"	"1F*"	"3"	9	7		
""	"8813.9"	"1.20e+04"	C+	"7.3647560"	"7.505426"	"3s.7f"	"3F*"	"4"	"3s.10d"	"3D"	"3"	9	7		
""	"8813.9"	"1.16e+04"	C	"7.3647560"	"7.505426"	"3s.7f"	"3F*"	"3"	"3s.10d"	"3D"	"2"	7	5		
""	"8813.9"	"1.31e+04"	C	"7.3647560"	"7.505426"	"3s.7f"	"3F*"	"2"	"3s.10d"	"3D"	"1"	5	3		
""	"8813.9"	"1.04e+03"	D+	"7.3647560"	"7.505426"	"3s.7f"	"3F*"	"3"	"3s.10d"	"3D"	"3"	7	7		
""	"8813.9"	"1.46e+03"	D+	"7.3647560"	"7.505426"	"3s.7f"	"3F*"	"2"	"3s.10d"	"3D"	"2"	5	5		
""	"8813.9"	"2.94e+01"	E	"7.3647560"	"7.505426"	"3s.7f"	"3F*"	"2"	"3s.10d"	"3D"	"3"	5	7		
"8871.16"	"8871.34"	"6.25e+05"	B+	"6.929700"	"7.0694581"	"3s.6s"	"3S"	"1"	"3s.6p"	"3P*"	"2"	3	5		
""	"8874.1"	"1.22e+05"	C+	"7.263023"	"7.402738"	"3s.7p"	"1P*"	"1"	"3s.9s"	"1S"	"0"	3	1		
"8881.527"	"8881.59"	"6.22e+05"	B+	"6.929700"	"7.0692968"	"3s.6s"	"3S"	"1"	"3s.6p"	"3P*"	"1"	3	3		
"8886.588"	"8886.69"	"6.21e+05"	B+	"6.929700"	"7.0692167"	"3s.6s"	"3S"	"1"	"3s.6p"	"3P*"	"0"	3	1		
""	"8972.52"	"4.00e+04"	C+	"7.2624336"	"7.4006157"	"3s.6f"	"1F*"	"3"	"3s.8d"	"1D"	"2"	7	5		
""	"9010.9"	"1.82e+04"	C+	"7.263023"	"7.4006157"	"3s.7p"	"1P*"	"1"	"3s.8d"	"1D"	"2"	3	5		
""	"9273.3"	"2.16e+04"	C+	"7.357534"	"7.491233"	"3s.8p"	"3P*"	"2"	"3s.11s"	"3S"	"1"	5	3		
""	"9273.3"	"1.30e+04"	C	"7.357534"	"7.491233"	"3s.8p"	"3P*"	"1"	"3s.11s"	"3S"	"1"	3	3		
""	"9273.3"	"4.32e+03"	C	"7.357534"	"7.491233"	"3s.8p"	"3P*"	"0"	"3s.11s"	"3S"	"1"	1	3		
""	"9668.04"	"1.30e+04"	C+	"7.3647560"	"7.4929973"	"3s.7f"	"1F*"	"3"	"3s.10d"	"1D"	"2"	7	5		
""	"9690.7"	"2.54e+03"	C	"7.365056"	"7.4929973"	"3s.8p"	"1P*"	"1"	"3s.10d"	"1D"	"2"	3	5		
""	"9726.50"	"5.15e+05"	B+	"6.9662844"	"7.0937549"	"3s.6s"	"1S"	"0"	"3s.6p"	"1P*"	"1"	1	3		
""	"10177.92"	"6.41e+04"	B	"7.3545894"	"7.4764062"	"3s.7d"	"3D"	"3"	"3s.9f"	"3F*"	"4"	7	9		
""	"10177.92"	"7.15e+03"	C+	"7.3545894"	"7.4764062"	"3s.7d"	"3D"	"3"	"3s.9f"	"3F*"	"3"	7	7		
""	"10177.92"	"2.82e+02"	D	"7.3545894"	"7.4764062"	"3s.7d"	"3D"	"3"	"3s.9f"	"3F*"	"2"	7	5		
""	"10178.03"	"5.70e+04"	B	"7.3545908"	"7.4764062"	"3s.7d"	"3D"	"2"	"3s.9f"	"3F*"	"3"	5	7		
""	"10178.03"	"1.00e+04"	C+	"7.3545908"	"7.4764062"	"3s.7d"	"3D"	"2"	"3s.9f"	"3F*"	"2"	5	5		
""	"10178.22"	"5.41e+04"	B	"7.3545930"	"7.4764062"	"3s.7d"	"3D"	"1"	"3s.9f"	"3F*"	"2"	3	5		
"10439.140"	"10439.29"	"1.94e+05"	B	"7.2459890"	"7.3647560"	"3s.6d"	"3D"	"3"	"3s.7f"	"3F*"	"4"	7	9		
""	"10439.29"	"2.16e+04"	C+	"7.2459890"	"7.3647560"	"3s.6d"	"3D"	"3"	"3s.7f"	"3F*"	"3"	7	7		
""	"10439.29"	"8.53e+02"	D+	"7.2459890"	"7.3647560"	"3s.6d"	"3D"	"3"	"3s.7f"	"3F*"	"2"	7	5		
""	"10439.39"	"3.02e+04"	C+	"7.2459903"	"7.3647560"	"3s.6d"	"3D"	"2"	"3s.7f"	"3F*"	"2"	5	5		
"10439.671"	"10439.39"	"1.72e+05"	B	"7.2459903"	"7.3647560"	"3s.6d"	"3D"	"2"	"3s.7f"	"3F*"	"3"	5	7		
"10439.907"	"10439.62"	"1.63e+05"	B	"7.2459929"	"7.3647560"	"3s.6d"	"3D"	"1"	"3s.7f"	"3F*"	"2"	3	5		
""	"10693.8"	"2.41e+04"	C	"7.3104479"	"7.426388"	"3s.8s"	"3S"	"1"	"3s.9p"	"3P*"	"0"	3	1		
""	"10693.8"	"2.41e+04"	C+	"7.3104479"	"7.426388"	"3s.8s"	"3S"	"1"	"3s.9p"	"3P*"	"1"	3	3		
""	"10693.8"	"2.41e+04"	C+	"7.3104479"	"7.426388"	"3s.8s"	"3S"	"1"	"3s.9p"	"3P*"	"2"	3	5		
""	"10856.9"	"6.43e+04"	B	"7.357534"	"7.4717320"	"3s.8p"	"3P*"	"2"	"3s.9d"	"3D"	"3"	5	7		
""	"10856.9"	"4.82e+04"	B	"7.357534"	"7.4717320"	"3s.8p"	"3P*"	"1"	"3s.9d"	"3D"	"2"	3	5		
""	"10856.9"	"3.57e+04"	C+	"7.357534"	"7.4717320"	"3s.8p"	"3P*"	"0"	"3s.9d"	"3D"	"1"	1	3		
""	"10856.9"	"1.61e+04"	C+	"7.357534"	"7.4717320"	"3s.8p"	"3P*"	"2"	"3s.9d"	"3D"	"2"	5	5		
""	"10856.9"	"2.68e+04"	C+	"7.357534"	"7.4717320"	"3s.8p"	"3P*"	"1"	"3s.9d"	"3D"	"1"	3	3		
""	"10856.9"	"1.78e+03"	D+	"7.357534"	"7.4717320"	"3s.8p"	"3P*"	"2"	"3s.9d"	"3D"	"1"	5	3		
"11029.949"	"11030.09"	"3.68e+05"	B+	"6.9813495"	"7.0937549"	"3s.5d"	"1D"	"2"	"3s.6p"	"1P*"	"1"	5	3		
""	"11115.2"	"3.74e+04"	B	"7.2459890"	"7.357534"	"3s.6d"	"3D"	"3"	"3s.8p"	"3P*"	"2"	7	5		
""	"11115.3"	"3.34e+04"	C+	"7.2459903"	"7.357534"	"3s.6d"	"3D"	"2"	"3s.8p"	"3P*"	"1"	5	3		
""	"11115.3"	"6.69e+03"	C+	"7.2459903"	"7.357534"	"3s.6d"	"3D"	"2"	"3s.8p"	"3P*"	"2"	5	5		
""	"11115.6"	"1.11e+04"	C+	"7.2459929"	"7.357534"	"3s.6d"	"3D"	"1"	"3s.8p"	"3P*"	"1"	3	3		
""	"11115.6"	"4.47e+02"	D	"7.2459929"	"7.357534"	"3s.6d"	"3D"	"1"	"3s.8p"	"3P*"	"2"	3	5		
""	"11115.6"	"4.45e+04"	C+	"7.2459929"	"7.357534"	"3s.6d"	"3D"	"1"	"3s.8p"	"3P*"	"0"	3	1		
"11163.763"	"11163.43"	"4.59e+05"	B+	"6.9813495"	"7.0924123"	"3s.5d"	"1D"	"2"	"3s.5f"	"1F*"	"3"	5	7		
""	"11165.6"	"4.55e+04"	B	"7.3201534"	"7.431195"	"3s.7d"	"1D"	"2"	"3s.9p"	"1P*"	"1"	5	3		
""	"11181.29"	"9.41e+03"	C+	"7.3201534"	"7.4310388"	"3s.7d"	"1D"	"2"	"3s.8f"	"1F*"	"3"	5	7		
""	"11323.6"	"1.89e+04"	C+	"7.321703"	"7.431195"	"3s.8s"	"1S"	"0"	"3s.9p"	"1P*"	"1"	1	3		
""	"11392.82"	"6.34e+03"	C+	"7.3675796"	"7.4764062"	"3s.7g"	"3G"	"5"	"3s.9f"	"3F*"	"4"	11	9		
""	"11392.82"	"6.24e+03"	C+	"7.3675796"	"7.4764062"	"3s.7g"	"3G"	"4"	"3s.9f"	"3F*"	"3"	9	7		
""	"11392.82"	"6.66e+03"	C+	"7.3675796"	"7.4764062"	"3s.7g"	"3G"	"3"	"3s.9f"	"3F*"	"2"	7	5		
""	"11392.82"	"3.24e+02"	D+	"7.3675796"	"7.4764062"	"3s.7g"	"3G"	"4"	"3s.9f"	"3F*"	"4"	9	9		
""	"11392.82"	"4.16e+02"	D+	"7.3675796"	"7.4764062"	"3s.7g"	"3G"	"3"	"3s.9f"	"3F*"	"3"	7	7		
""	"11392.82"	"4.92e+00"	E	"7.3675796"	"7.4764062"	"3s.7g"	"3G"	"3"	"3s.9f"	"3F*"	"4"	7	9		
""	"11392.82"	"6.67e+03"	C+	"7.3675796"	"7.4764062"	"3s.7g"	"1G"	"4"	"3s.9f"	"1F*"	"3"	9	7		
""	"11450.0"	"1.69e+04"	C+	"7.4006157"	"7.508898"	"3s.8d"	"1D"	"2"	"3s.11p"	"1P*"	"1"	5	3		
""	"11459.40"	"2.33e+03"	C	"7.4006157"	"7.5088100"	"3s.8d"	"1D"	"2"	"3s.10f"	"1F*"	"3"	5	7		
""	"11589.90"	"1.88e+04"	B	"7.3647560"	"7.4717320"	"3s.7f"	"3F*"	"4"	"3s.9d"	"3D"	"3"	9	7		
""	"11589.90"	"1.83e+04"	C+	"7.3647560"	"7.4717320"	"3s.7f"	"3F*"	"3"	"3s.9d"	"3D"	"2"	7	5		
""	"11589.90"	"2.05e+04"	C+	"7.3647560"	"7.4717320"	"3s.7f"	"3F*"	"2"	"3s.9d"	"3D"	"1"	5	3		
""	"11589.90"	"1.63e+03"	C	"7.3647560"	"7.4717320"	"3s.7f"	"3F*"	"3"	"3s.9d"	"3D"	"3"	7	7		
""	"11589.90"	"2.29e+03"	C	"7.3647560"	"7.4717320"	"3s.7f"	"3F*"	"2"	"3s.9d"	"3D"	"2"	5	5		
""	"11589.90"	"4.61e+01"	E	"7.3647560"	"7.4717320"	"3s.7f"	"3F*"	"2"	"3s.9d"	"3D"	"3"	5	7		
""	"11679.0"	"4.78e+03"	C	"7.402738"	"7.508898"	"3s.9s"	"1S"	"0"	"3s.11p"	"1P*"	"1"	1	3		
"11791.482"	"11791.62"	"3.55e+05"	B	"7.2624336"	"7.3675796"	"3s.6f"	"1F*"	"3"	"3s.7g"	"1G"	"4"	7	9		
"11791.605"	"11792.31"	"3.25e+05"	B	"7.2624398"	"7.3675796"	"3s.6f"	"3F*"	"2"	"3s.7g"	"3G"	"3"	5	7		
"11792.118"	"11792.31"	"3.32e+05"	B	"7.2624398"	"7.3675796"	"3s.6f"	"3F*"	"3"	"3s.7g"	"3G"	"4"	7	9		
"11792.118"	"11792.31"	"2.85e+04"	B	"7.2624398"	"7.3675796"	"3s.6f"	"3F*"	"3"	"3s.7g"	"3G"	"3"	7	7		
"11792.301"	"11792.31"	"3.54e+05"	B	"7.2624398"	"7.3675796"	"3s.6f"	"3F*"	"4"	"3s.7g"	"3G"	"5"	9	11		
"11792.301"	"11792.31"	"2.22e+04"	B	"7.2624398"	"7.3675796"	"3s.6f"	"3F*"	"4"	"3s.7g"	"3G"	"4"	9	9		
"11792.301"	"11792.31"	"4.34e+02"	D+	"7.2624398"	"7.3675796"	"3s.6f"	"3F*"	"4"	"3s.7g"	"3G"	"3"	9	7		
""	"11875.02"	"1.15e+05"	B	"7.2501854"	"7.3545930"	"3s.7p"	"3P*"	"0"	"3s.7d"	"3D"	"1"	1	3		
"11879.52"	"11879.94"	"1.56e+05"	B	"7.2502265"	"7.3545908"	"3s.7p"	"3P*"	"1"	"3s.7d"	"3D"	"2"	3	5		
""	"11879.69"	"8.65e+04"	B	"7.2502265"	"7.3545930"	"3s.7p"	"3P*"	"1"	"3s.7d"	"3D"	"1"	3	3		
"11890.31"	"11890.14"	"5.75e+03"	C	"7.2503182"	"7.3545930"	"3s.7p"	"3P*"	"2"	"3s.7d"	"3D"	"1"	5	3		
"11890.31"	"11890.39"	"5.19e+04"	B	"7.2503182"	"7.3545908"	"3s.7p"	"3P*"	"2"	"3s.7d"	"3D"	"2"	5	5		
"11890.31"	"11890.55"	"2.07e+05"	B	"7.2503182"	"7.3545894"	"3s.7p"	"3P*"	"2"	"3s.7d"	"3D"	"3"	5	7		
"11931.2"	"11931.24"	"8.67e+04"	B	"7.0692167"	"7.1731323"	"3s.6p"	"3P*"	"0"	"3s.7s"	"3S"	"1"	1	3		
"11940.293"	"11940.44"	"2.60e+05"	B	"7.0692968"	"7.1731323"	"3s.6p"	"3P*"	"1"	"3s.7s"	"3S"	"1"	3	3		
"11959.069"	"11959.02"	"4.31e+05"	B	"7.0694581"	"7.1731323"	"3s.6p"	"3P*"	"2"	"3s.7s"	"3S"	"1"	5	3		
"12208.440"	"12208.77"	"2.02e+05"	B+	"7.0924123"	"7.1939656"	"3s.5f"	"1F*"	"3"	"3s.6d"	"1D"	"2"	7	5		
""	"12372.35"	"4.60e+05"	B+	"7.0937549"	"7.1939656"	"3s.6p"	"1P*"	"1"	"3s.6d"	"1D"	"2"	3	5		
"12588.43"	"12587.8"	"7.26e+05"	B	"7.0937549"	"7.192250"	"3s.6p"	"1P*"	"1"	"3s.7s"	"1S"	"0"	3	1		
""	"12658.74"	"1.76e+04"	B	"7.2668124"	"7.3647560"	"3s.6g"	"1G"	"4"	"3s.7f"	"1F*"	"3"	9	7		
""	"12658.74"	"1.30e+01"	E	"7.2668124"	"7.3647560"	"3s.6g"	"3G"	"3"	"3s.7f"	"3F*"	"4"	7	9		
""	"12658.74"	"1.10e+03"	C	"7.2668124"	"7.3647560"	"3s.6g"	"3G"	"3"	"3s.7f"	"3F*"	"3"	7	7		
""	"12658.74"	"8.57e+02"	C	"7.2668124"	"7.3647560"	"3s.6g"	"3G"	"4"	"3s.7f"	"3F*"	"4"	9	9		
""	"12658.74"	"1.76e+04"	B	"7.2668124"	"7.3647560"	"3s.6g"	"3G"	"3"	"3s.7f"	"3F*"	"2"	7	5		
""	"12658.74"	"1.67e+04"	B	"7.2668124"	"7.3647560"	"3s.6g"	"3G"	"5"	"3s.7f"	"3F*"	"4"	11	9		
""	"12658.74"	"1.65e+04"	B	"7.2668124"	"7.3647560"	"3s.6g"	"3G"	"4"	"3s.7f"	"3F*"	"3"	9	7		
""	"13132.1"	"3.50e+04"	B	"7.357534"	"7.451946"	"3s.8p"	"3P*"	"2"	"3s.10s"	"3S"	"1"	5	3		
""	"13132.1"	"2.10e+04"	C+	"7.357534"	"7.451946"	"3s.8p"	"3P*"	"1"	"3s.10s"	"3S"	"1"	3	3		
""	"13132.1"	"7.00e+03"	C+	"7.357534"	"7.451946"	"3s.8p"	"3P*"	"0"	"3s.10s"	"3S"	"1"	1	3		
"13453.180"	"13454.13"	"6.07e+04"	B	"7.2624398"	"7.3545930"	"3s.6f"	"3F*"	"2"	"3s.7d"	"3D"	"1"	5	3		
"13454.065"	"13454.46"	"5.42e+04"	B	"7.2624398"	"7.3545908"	"3s.6f"	"3F*"	"3"	"3s.7d"	"3D"	"2"	7	5		
""	"13454.5"	"6.78e+03"	C+	"7.2624398"	"7.3545908"	"3s.6f"	"3F*"	"2"	"3s.7d"	"3D"	"2"	5	5		
"13454.528"	"13454.66"	"5.59e+04"	B	"7.2624398"	"7.3545894"	"3s.6f"	"3F*"	"4"	"3s.7d"	"3D"	"3"	9	7		
""	"13454.7"	"1.36e+02"	D	"7.2624398"	"7.3545894"	"3s.6f"	"3F*"	"2"	"3s.7d"	"3D"	"3"	5	7		
""	"13454.7"	"4.83e+03"	C+	"7.2624398"	"7.3545894"	"3s.6f"	"3F*"	"3"	"3s.7d"	"3D"	"3"	7	7		
""	"13512.6"	"6.26e+04"	C+	"7.365056"	"7.456810"	"3s.8p"	"1P*"	"1"	"3s.10s"	"1S"	"0"	3	1		
""	"13765.1"	"2.18e+04"	B	"7.3647560"	"7.4548275"	"3s.7f"	"1F*"	"3"	"3s.9d"	"1D"	"2"	7	5		
""	"13811.0"	"9.92e+03"	C+	"7.365056"	"7.4548275"	"3s.8p"	"1P*"	"1"	"3s.9d"	"1D"	"2"	3	5		
""	"14674.2"	"3.04e+04"	B	"7.4243186"	"7.5088100"	"3s.8d"	"3D"	"3"	"3s.10f"	"3F*"	"4"	7	9		
""	"14674.2"	"3.38e+03"	C+	"7.4243186"	"7.5088100"	"3s.8d"	"3D"	"3"	"3s.10f"	"3F*"	"3"	7	7		
""	"14674.2"	"1.34e+02"	D	"7.4243186"	"7.5088100"	"3s.8d"	"3D"	"3"	"3s.10f"	"3F*"	"2"	7	5		
""	"14674.5"	"2.70e+04"	B	"7.4243202"	"7.5088100"	"3s.8d"	"3D"	"2"	"3s.10f"	"3F*"	"3"	5	7		
""	"14674.5"	"4.74e+03"	C+	"7.4243202"	"7.5088100"	"3s.8d"	"3D"	"2"	"3s.10f"	"3F*"	"2"	5	5		
""	"14674.8"	"2.55e+04"	B	"7.4243221"	"7.5088100"	"3s.8d"	"3D"	"1"	"3s.10f"	"3F*"	"2"	3	5		
""	"15686.8"	"3.27e+04"	B	"7.426388"	"7.505426"	"3s.9p"	"3P*"	"2"	"3s.10d"	"3D"	"3"	5	7		
""	"15686.8"	"2.46e+04"	B	"7.426388"	"7.505426"	"3s.9p"	"3P*"	"1"	"3s.10d"	"3D"	"2"	3	5		
""	"15686.8"	"1.82e+04"	B	"7.426388"	"7.505426"	"3s.9p"	"3P*"	"0"	"3s.10d"	"3D"	"1"	1	3		
""	"15686.8"	"8.19e+03"	C+	"7.426388"	"7.505426"	"3s.9p"	"3P*"	"2"	"3s.10d"	"3D"	"2"	5	5		
""	"15686.8"	"1.36e+04"	C+	"7.426388"	"7.505426"	"3s.9p"	"3P*"	"1"	"3s.10d"	"3D"	"1"	3	3		
""	"15686.8"	"9.08e+02"	C	"7.426388"	"7.505426"	"3s.9p"	"3P*"	"2"	"3s.10d"	"3D"	"1"	5	3		
""	"16063.1"	"2.28e+05"	B	"7.1731323"	"7.2503182"	"3s.7s"	"3S"	"1"	"3s.7p"	"3P*"	"2"	3	5		
""	"16082.2"	"2.28e+05"	B	"7.1731323"	"7.2502265"	"3s.7s"	"3S"	"1"	"3s.7p"	"3P*"	"1"	3	3		
""	"16090.8"	"2.27e+05"	B	"7.1731323"	"7.2501854"	"3s.7s"	"3S"	"1"	"3s.7p"	"3P*"	"0"	3	1		
""	"16217.8"	"7.57e+04"	B	"7.3545894"	"7.4310388"	"3s.7d"	"3D"	"3"	"3s.8f"	"3F*"	"4"	7	9		
""	"16217.8"	"8.45e+03"	B	"7.3545894"	"7.4310388"	"3s.7d"	"3D"	"3"	"3s.8f"	"3F*"	"3"	7	7		
""	"16217.8"	"3.33e+02"	D+	"7.3545894"	"7.4310388"	"3s.7d"	"3D"	"3"	"3s.8f"	"3F*"	"2"	7	5		
""	"16218.1"	"6.74e+04"	B	"7.3545908"	"7.4310388"	"3s.7d"	"3D"	"2"	"3s.8f"	"3F*"	"3"	5	7		
""	"16218.1"	"1.18e+04"	B	"7.3545908"	"7.4310388"	"3s.7d"	"3D"	"2"	"3s.8f"	"3F*"	"2"	5	5		
""	"16218.6"	"6.36e+04"	B	"7.3545930"	"7.4310388"	"3s.7d"	"3D"	"1"	"3s.8f"	"3F*"	"2"	3	5		
""	"16331.6"	"2.66e+04"	B	"7.4006157"	"7.476532"	"3s.8d"	"1D"	"2"	"3s.10p"	"1P*"	"1"	5	3		
""	"16346"	"4.76e+03"	B	"7.432961"	"7.5088100"	"3s.8g"	"3G"	"5"	"3s.10f"	"3F*"	"4"	11	9		
""	"16346"	"4.69e+03"	C+	"7.432961"	"7.5088100"	"3s.8g"	"3G"	"4"	"3s.10f"	"3F*"	"3"	9	7		
""	"16346"	"2.43e+02"	C	"7.432961"	"7.5088100"	"3s.8g"	"3G"	"4"	"3s.10f"	"3F*"	"4"	9	9		
""	"16346"	"4.97e+03"	C+	"7.432961"	"7.5088100"	"3s.8g"	"1G"	"4"	"3s.10f"	"1F*"	"3"	9	7		
""	"16358.8"	"9.03e+03"	B	"7.4006157"	"7.4764062"	"3s.8d"	"1D"	"2"	"3s.9f"	"1F*"	"3"	5	7		
""	"16667.5"	"1.22e+04"	B	"7.4310388"	"7.505426"	"3s.8f"	"3F*"	"4"	"3s.10d"	"3D"	"3"	9	7		
""	"16667.5"	"1.18e+04"	B	"7.4310388"	"7.505426"	"3s.8f"	"3F*"	"3"	"3s.10d"	"3D"	"2"	7	5		
""	"16667.5"	"1.32e+04"	B	"7.4310388"	"7.505426"	"3s.8f"	"3F*"	"2"	"3s.10d"	"3D"	"1"	5	3		
""	"16667.5"	"1.05e+03"	C	"7.4310388"	"7.505426"	"3s.8f"	"3F*"	"3"	"3s.10d"	"3D"	"3"	7	7		
""	"16667.5"	"1.47e+03"	C	"7.4310388"	"7.505426"	"3s.8f"	"3F*"	"2"	"3s.10d"	"3D"	"2"	5	5		
""	"16667.5"	"2.97e+01"	E	"7.4310388"	"7.505426"	"3s.8f"	"3F*"	"2"	"3s.10d"	"3D"	"3"	5	7		
""	"16801.4"	"1.00e+04"	C+	"7.402738"	"7.476532"	"3s.9s"	"1S"	"0"	"3s.10p"	"1P*"	"1"	1	3		
""	"17268.3"	"2.09e+04"	B	"7.3545894"	"7.426388"	"3s.7d"	"3D"	"3"	"3s.9p"	"3P*"	"2"	7	5		
""	"17268.6"	"1.86e+04"	B	"7.3545908"	"7.426388"	"3s.7d"	"3D"	"2"	"3s.9p"	"3P*"	"1"	5	3		
""	"17268.6"	"3.74e+03"	C+	"7.3545908"	"7.426388"	"3s.7d"	"3D"	"2"	"3s.9p"	"3P*"	"2"	5	5		
""	"17269.2"	"2.48e+04"	C+	"7.3545930"	"7.426388"	"3s.7d"	"3D"	"1"	"3s.9p"	"3P*"	"0"	3	1		
""	"17269.2"	"6.22e+03"	C+	"7.3545930"	"7.426388"	"3s.7d"	"3D"	"1"	"3s.9p"	"3P*"	"1"	3	3		
""	"17269.2"	"2.48e+02"	D+	"7.3545930"	"7.426388"	"3s.7d"	"3D"	"1"	"3s.9p"	"3P*"	"2"	3	5		
""	"17518.7"	"1.91e+05"	B	"7.192250"	"7.263023"	"3s.7s"	"1S"	"0"	"3s.7p"	"1P*"	"1"	1	3		
""	"17954"	"1.94e+05"	B	"7.1939656"	"7.263023"	"3s.6d"	"1D"	"2"	"3s.7p"	"1P*"	"1"	5	3		
""	"18108.4"	"2.38e+05"	B+	"7.1939656"	"7.2624336"	"3s.6d"	"1D"	"2"	"3s.6f"	"1F*"	"3"	5	7		
""	"18178.3"	"1.41e+05"	B	"7.3647560"	"7.432961"	"3s.7f"	"3F*"	"4"	"3s.8g"	"3G"	"5"	9	11		
""	"18178.3"	"1.32e+05"	B	"7.3647560"	"7.432961"	"3s.7f"	"3F*"	"3"	"3s.8g"	"3G"	"4"	7	9		
""	"18178.3"	"8.82e+03"	B	"7.3647560"	"7.432961"	"3s.7f"	"3F*"	"4"	"3s.8g"	"3G"	"4"	9	9		
""	"18178.3"	"1.41e+05"	B	"7.3647560"	"7.432961"	"3s.7f"	"1F*"	"3"	"3s.8g"	"1G"	"4"	7	9		
""	"18563.7"	"5.05e+04"	B	"7.357534"	"7.4243221"	"3s.8p"	"3P*"	"0"	"3s.8d"	"3D"	"1"	1	3		
""	"18563.7"	"3.77e+04"	B	"7.357534"	"7.4243221"	"3s.8p"	"3P*"	"1"	"3s.8d"	"3D"	"1"	3	3		
""	"18563.7"	"2.52e+03"	C+	"7.357534"	"7.4243221"	"3s.8p"	"3P*"	"2"	"3s.8d"	"3D"	"1"	5	3		
""	"18564.2"	"6.81e+04"	B	"7.357534"	"7.4243202"	"3s.8p"	"3P*"	"1"	"3s.8d"	"3D"	"2"	3	5		
""	"18564.2"	"2.26e+04"	B	"7.357534"	"7.4243202"	"3s.8p"	"3P*"	"2"	"3s.8d"	"3D"	"2"	5	5		
""	"18564.7"	"9.08e+04"	B	"7.357534"	"7.4243186"	"3s.8p"	"3P*"	"2"	"3s.8d"	"3D"	"3"	5	7		
""	"19120.1"	"1.88e+04"	B	"7.426388"	"7.491233"	"3s.9p"	"3P*"	"2"	"3s.11s"	"3S"	"1"	5	3		
""	"19120.1"	"1.13e+04"	B	"7.426388"	"7.491233"	"3s.9p"	"3P*"	"1"	"3s.11s"	"3S"	"1"	3	3		
""	"19120.1"	"3.76e+03"	C+	"7.426388"	"7.491233"	"3s.9p"	"3P*"	"0"	"3s.11s"	"3S"	"1"	1	3		
""	"19537.6"	"1.23e+04"	B	"7.3675796"	"7.4310388"	"3s.7g"	"3G"	"5"	"3s.8f"	"3F*"	"4"	11	9		
""	"19537.6"	"1.22e+04"	B	"7.3675796"	"7.4310388"	"3s.7g"	"3G"	"4"	"3s.8f"	"3F*"	"3"	9	7		
""	"19537.6"	"1.30e+04"	B	"7.3675796"	"7.4310388"	"3s.7g"	"3G"	"3"	"3s.8f"	"3F*"	"2"	7	5		
""	"19537.6"	"6.33e+02"	C	"7.3675796"	"7.4310388"	"3s.7g"	"3G"	"4"	"3s.8f"	"3F*"	"4"	9	9		
""	"19537.6"	"8.13e+02"	C	"7.3675796"	"7.4310388"	"3s.7g"	"3G"	"3"	"3s.8f"	"3F*"	"3"	7	7		
""	"19537.6"	"9.62e+00"	E	"7.3675796"	"7.4310388"	"3s.7g"	"3G"	"3"	"3s.8f"	"3F*"	"4"	7	9		
""	"19537.6"	"1.29e+04"	B	"7.3675796"	"7.4310388"	"3s.7g"	"1G"	"4"	"3s.8f"	"1F*"	"3"	9	7		
""	"20010.8"	"1.24e+04"	B	"7.4310388"	"7.4929973"	"3s.8f"	"1F*"	"3"	"3s.10d"	"1D"	"2"	7	5		
""	"20061"	"5.66e+03"	B	"7.431195"	"7.4929973"	"3s.9p"	"1P*"	"1"	"3s.10d"	"1D"	"2"	3	5		
""	"20574.0"	"3.60e+04"	B	"7.2501854"	"7.3104479"	"3s.7p"	"3P*"	"0"	"3s.8s"	"3S"	"1"	1	3		
""	"20588.0"	"1.08e+05"	B	"7.2502265"	"7.3104479"	"3s.7p"	"3P*"	"1"	"3s.8s"	"3S"	"1"	3	3		
""	"20619.4"	"1.79e+05"	B	"7.2503182"	"7.3104479"	"3s.7p"	"3P*"	"2"	"3s.8s"	"3S"	"1"	5	3		
""	"20639.9"	"2.55e+04"	B+	"6.7189834"	"6.7790536"	"3s.4d"	"3D"	"3"	"3s.4f"	"3F*"	"4"	7	9		
""	"20642.2"	"2.83e+03"	B+	"6.7189834"	"6.7790469"	"3s.4d"	"3D"	"3"	"3s.4f"	"3F*"	"3"	7	7		
""	"20643.8"	"2.26e+04"	B+	"6.7189881"	"6.7790469"	"3s.4d"	"3D"	"2"	"3s.4f"	"3F*"	"3"	5	7		
""	"20644.2"	"1.12e+02"	C	"6.7189834"	"6.7790411"	"3s.4d"	"3D"	"3"	"3s.4f"	"3F*"	"2"	7	5		
""	"20645.8"	"3.97e+03"	B+	"6.7189881"	"6.7790411"	"3s.4d"	"3D"	"2"	"3s.4f"	"3F*"	"2"	5	5		
""	"20647.5"	"2.14e+04"	B+	"6.7189932"	"6.7790411"	"3s.4d"	"3D"	"1"	"3s.4f"	"3F*"	"2"	3	5		
""	"20814.6"	"3.64e+04"	B	"7.3647560"	"7.4243221"	"3s.7f"	"3F*"	"2"	"3s.8d"	"3D"	"1"	5	3		
""	"20815.2"	"3.23e+04"	B	"7.3647560"	"7.4243202"	"3s.7f"	"3F*"	"3"	"3s.8d"	"3D"	"2"	7	5		
""	"20815.2"	"4.06e+03"	B	"7.3647560"	"7.4243202"	"3s.7f"	"3F*"	"2"	"3s.8d"	"3D"	"2"	5	5		
""	"20815.8"	"3.34e+04"	B	"7.3647560"	"7.4243186"	"3s.7f"	"3F*"	"4"	"3s.8d"	"3D"	"3"	9	7		
""	"20815.8"	"2.89e+03"	B	"7.3647560"	"7.4243186"	"3s.7f"	"3F*"	"3"	"3s.8d"	"3D"	"3"	7	7		
""	"20815.8"	"8.18e+01"	D+	"7.3647560"	"7.4243186"	"3s.7f"	"3F*"	"2"	"3s.8d"	"3D"	"3"	5	7		
""	"21129"	"3.16e+05"	B	"7.263023"	"7.321703"	"3s.7p"	"1P*"	"1"	"3s.8s"	"1S"	"0"	3	1		
""	"21480.3"	"1.04e+05"	B	"7.2624336"	"7.3201534"	"3s.6f"	"1F*"	"3"	"3s.7d"	"1D"	"2"	7	5		
""	"21702"	"1.74e+05"	B	"7.263023"	"7.3201534"	"3s.7p"	"1P*"	"1"	"3s.7d"	"1D"	"2"	3	5		
""	"22930"	"1.62e+04"	B	"7.4548275"	"7.508898"	"3s.9d"	"1D"	"2"	"3s.11p"	"1P*"	"1"	5	3		
""	"22967.5"	"6.96e+03"	B	"7.4548275"	"7.5088100"	"3s.9d"	"1D"	"2"	"3s.10f"	"1F*"	"3"	5	7		
""	"23803.0"	"3.42e+04"	B	"7.4243186"	"7.4764062"	"3s.8d"	"3D"	"3"	"3s.9f"	"3F*"	"4"	7	9		
""	"23803.0"	"3.80e+03"	B	"7.4243186"	"7.4764062"	"3s.8d"	"3D"	"3"	"3s.9f"	"3F*"	"3"	7	7		
""	"23803.0"	"1.50e+02"	C	"7.4243186"	"7.4764062"	"3s.8d"	"3D"	"3"	"3s.9f"	"3F*"	"2"	7	5		
""	"23803"	"5.61e+03"	B	"7.456810"	"7.508898"	"3s.10s"	"1S"	"0"	"3s.11p"	"1P*"	"1"	1	3		
""	"23803.7"	"3.04e+04"	B	"7.4243202"	"7.4764062"	"3s.8d"	"3D"	"2"	"3s.9f"	"3F*"	"3"	5	7		
""	"23803.7"	"5.32e+03"	B	"7.4243202"	"7.4764062"	"3s.8d"	"3D"	"2"	"3s.9f"	"3F*"	"2"	5	5		
""	"23804.6"	"2.87e+04"	B	"7.4243221"	"7.4764062"	"3s.8d"	"3D"	"1"	"3s.9f"	"3F*"	"2"	3	5		
""	"26332"	"9.90e+04"	B	"7.3104479"	"7.357534"	"3s.8s"	"3S"	"1"	"3s.8p"	"3P*"	"0"	3	1		
""	"26332"	"9.91e+04"	B	"7.3104479"	"7.357534"	"3s.8s"	"3S"	"1"	"3s.8p"	"3P*"	"1"	3	3		
""	"26332"	"9.87e+04"	B	"7.3104479"	"7.357534"	"3s.8s"	"3S"	"1"	"3s.8p"	"3P*"	"2"	3	5		
""	"27343"	"4.47e+04"	B	"7.426388"	"7.4717320"	"3s.9p"	"3P*"	"2"	"3s.9d"	"3D"	"3"	5	7		
""	"27343"	"3.35e+04"	B	"7.426388"	"7.4717320"	"3s.9p"	"3P*"	"1"	"3s.9d"	"3D"	"2"	3	5		
""	"27343"	"2.48e+04"	B	"7.426388"	"7.4717320"	"3s.9p"	"3P*"	"0"	"3s.9d"	"3D"	"1"	1	3		
""	"27343"	"1.12e+04"	B	"7.426388"	"7.4717320"	"3s.9p"	"3P*"	"2"	"3s.9d"	"3D"	"2"	5	5		
""	"27343"	"1.86e+04"	B	"7.426388"	"7.4717320"	"3s.9p"	"3P*"	"1"	"3s.9d"	"3D"	"1"	3	3		
""	"27343"	"1.24e+03"	C+	"7.426388"	"7.4717320"	"3s.9p"	"3P*"	"2"	"3s.9d"	"3D"	"1"	5	3		
""	"27612"	"1.05e+05"	B	"7.3201534"	"7.365056"	"3s.7d"	"1D"	"2"	"3s.8p"	"1P*"	"1"	5	3		
""	"27797.5"	"1.23e+05"	B	"7.3201534"	"7.3647560"	"3s.7d"	"1D"	"2"	"3s.7f"	"1F*"	"3"	5	7		
""	"28538"	"8.59e+03"	B	"7.432961"	"7.4764062"	"3s.8g"	"3G"	"5"	"3s.9f"	"3F*"	"4"	11	9		
""	"28538"	"8.46e+03"	B	"7.432961"	"7.4764062"	"3s.8g"	"3G"	"4"	"3s.9f"	"3F*"	"3"	9	7		
""	"28538"	"4.40e+02"	C+	"7.432961"	"7.4764062"	"3s.8g"	"3G"	"4"	"3s.9f"	"3F*"	"4"	9	9		
""	"28538"	"9.01e+03"	B	"7.432961"	"7.4764062"	"3s.8g"	"1G"	"4"	"3s.9f"	"1F*"	"3"	9	7		
""	"28599"	"8.37e+04"	B	"7.321703"	"7.365056"	"3s.8s"	"1S"	"0"	"3s.8p"	"1P*"	"1"	1	3		
""	"30468.0"	"2.05e+04"	B	"7.4310388"	"7.4717320"	"3s.8f"	"3F*"	"4"	"3s.9d"	"3D"	"3"	9	7		
""	"30468.0"	"1.99e+04"	B	"7.4310388"	"7.4717320"	"3s.8f"	"3F*"	"3"	"3s.9d"	"3D"	"2"	7	5		
""	"30468.0"	"2.24e+04"	B	"7.4310388"	"7.4717320"	"3s.8f"	"3F*"	"2"	"3s.9d"	"3D"	"1"	5	3		
""	"30468.0"	"1.78e+03"	B	"7.4310388"	"7.4717320"	"3s.8f"	"3F*"	"3"	"3s.9d"	"3D"	"3"	7	7		
""	"30468.0"	"2.49e+03"	B	"7.4310388"	"7.4717320"	"3s.8f"	"3F*"	"2"	"3s.9d"	"3D"	"2"	5	5		
""	"30468.0"	"5.02e+01"	C	"7.4310388"	"7.4717320"	"3s.8f"	"3F*"	"2"	"3s.9d"	"3D"	"3"	5	7		
""	"32612"	"8.53e+04"	B	"7.357534"	"7.395552"	"3s.8p"	"3P*"	"2"	"3s.9s"	"3S"	"1"	5	3		
""	"32612"	"5.12e+04"	B	"7.357534"	"7.395552"	"3s.8p"	"3P*"	"1"	"3s.9s"	"3S"	"1"	3	3		
""	"32612"	"1.71e+04"	B	"7.357534"	"7.395552"	"3s.8p"	"3P*"	"0"	"3s.9s"	"3S"	"1"	1	3		
""	"32902"	"1.53e+05"	B	"7.365056"	"7.402738"	"3s.8p"	"1P*"	"1"	"3s.9s"	"1S"	"0"	3	1		
""	"33438.8"	"1.71e+04"	B	"7.4717320"	"7.5088100"	"3s.9d"	"3D"	"3"	"3s.10f"	"3F*"	"4"	7	9		
""	"33438.8"	"1.52e+04"	B	"7.4717320"	"7.5088100"	"3s.9d"	"3D"	"2"	"3s.10f"	"3F*"	"3"	5	7		
""	"33438.8"	"1.44e+04"	B	"7.4717320"	"7.5088100"	"3s.9d"	"3D"	"1"	"3s.10f"	"3F*"	"2"	3	5		
""	"33438.8"	"1.90e+03"	B	"7.4717320"	"7.5088100"	"3s.9d"	"3D"	"3"	"3s.10f"	"3F*"	"3"	7	7		
""	"33438.8"	"2.67e+03"	B	"7.4717320"	"7.5088100"	"3s.9d"	"3D"	"2"	"3s.10f"	"3F*"	"2"	5	5		
""	"33438.8"	"7.52e+01"	C	"7.4717320"	"7.5088100"	"3s.9d"	"3D"	"3"	"3s.10f"	"3F*"	"2"	7	5		
""	"34574.8"	"5.53e+04"	B	"7.3647560"	"7.4006157"	"3s.7f"	"1F*"	"3"	"3s.8d"	"1D"	"2"	7	5		
""	"34866"	"7.70e+04"	B	"7.365056"	"7.4006157"	"3s.8p"	"1P*"	"1"	"3s.8d"	"1D"	"2"	3	5		
""	"40207"	"4.85e+04"	B	"7.395552"	"7.426388"	"3s.9s"	"3S"	"1"	"3s.9p"	"3P*"	"2"	3	5		
""	"40207"	"4.87e+04"	B	"7.395552"	"7.426388"	"3s.9s"	"3S"	"1"	"3s.9p"	"3P*"	"1"	3	3		
""	"40207"	"4.85e+04"	B	"7.395552"	"7.426388"	"3s.9s"	"3S"	"1"	"3s.9p"	"3P*"	"0"	3	1		
""	"40545"	"5.92e+04"	B	"7.4006157"	"7.431195"	"3s.8d"	"1D"	"2"	"3s.9p"	"1P*"	"1"	5	3		
""	"40753.3"	"6.63e+04"	B+	"7.4006157"	"7.4310388"	"3s.8d"	"1D"	"2"	"3s.8f"	"1F*"	"3"	5	7		
""	"42357.3"	"1.03e+04"	B+	"7.0631588"	"7.0924299"	"3s.5d"	"3D"	"3"	"3s.5f"	"3F*"	"4"	7	9		
""	"42364.1"	"1.14e+03"	B+	"7.0631588"	"7.0924252"	"3s.5d"	"3D"	"3"	"3s.5f"	"3F*"	"3"	7	7		
""	"42369.5"	"9.13e+03"	B+	"7.0631626"	"7.0924252"	"3s.5d"	"3D"	"2"	"3s.5f"	"3F*"	"3"	5	7		
""	"42371.1"	"4.51e+01"	C+	"7.0631588"	"7.0924204"	"3s.5d"	"3D"	"3"	"3s.5f"	"3F*"	"2"	7	5		
""	"42376.5"	"1.60e+03"	B+	"7.0631626"	"7.0924204"	"3s.5d"	"3D"	"2"	"3s.5f"	"3F*"	"2"	5	5		
""	"42380.6"	"8.62e+03"	B+	"7.0631654"	"7.0924204"	"3s.5d"	"3D"	"1"	"3s.5f"	"3F*"	"2"	3	5		
""	"42725"	"1.30e+04"	B	"7.4764062"	"7.505426"	"3s.9f"	"3F*"	"4"	"3s.10d"	"3D"	"3"	9	7		
""	"42725"	"1.26e+04"	B	"7.4764062"	"7.505426"	"3s.9f"	"3F*"	"3"	"3s.10d"	"3D"	"2"	7	5		
""	"42725"	"1.42e+04"	B	"7.4764062"	"7.505426"	"3s.9f"	"3F*"	"2"	"3s.10d"	"3D"	"1"	5	3		
""	"42725"	"1.13e+03"	B	"7.4764062"	"7.505426"	"3s.9f"	"3F*"	"3"	"3s.10d"	"3D"	"3"	7	7		
""	"42725"	"1.58e+03"	B	"7.4764062"	"7.505426"	"3s.9f"	"3F*"	"2"	"3s.10d"	"3D"	"2"	5	5		
""	"42725"	"3.18e+01"	C	"7.4764062"	"7.505426"	"3s.9f"	"3F*"	"2"	"3s.10d"	"3D"	"3"	5	7		
""	"43569"	"4.11e+04"	B	"7.402738"	"7.431195"	"3s.9s"	"1S"	"0"	"3s.9p"	"1P*"	"1"	1	3		
""	"48403"	"8.21e+04"	B	"7.431195"	"7.456810"	"3s.9p"	"1P*"	"1"	"3s.10s"	"1S"	"0"	3	1		
""	"48511"	"4.48e+04"	B	"7.426388"	"7.451946"	"3s.9p"	"3P*"	"2"	"3s.10s"	"3S"	"1"	5	3		
""	"48511"	"2.69e+04"	B	"7.426388"	"7.451946"	"3s.9p"	"3P*"	"1"	"3s.10s"	"3S"	"1"	3	3		
""	"48511"	"8.97e+03"	B	"7.426388"	"7.451946"	"3s.9p"	"3P*"	"0"	"3s.10s"	"3S"	"1"	1	3		
""	"52118.9"	"3.10e+04"	B	"7.4310388"	"7.4548275"	"3s.8f"	"1F*"	"3"	"3s.9d"	"1D"	"2"	7	5		
""	"52463"	"3.82e+04"	B	"7.431195"	"7.4548275"	"3s.9p"	"1P*"	"1"	"3s.9d"	"1D"	"2"	3	5		
""	"57123"	"3.51e+04"	B	"7.4548275"	"7.476532"	"3s.9d"	"1D"	"2"	"3s.10p"	"1P*"	"1"	5	3		
""	"57456.7"	"3.74e+04"	B+	"7.4548275"	"7.4764062"	"3s.9d"	"1D"	"2"	"3s.9f"	"1F*"	"3"	5	7		
""	"62865"	"2.22e+04"	B	"7.456810"	"7.476532"	"3s.10s"	"1S"	"0"	"3s.10p"	"1P*"	"1"	1	3		
""	"74729.5"	"1.82e+04"	B+	"7.4764062"	"7.4929973"	"3s.9f"	"1F*"	"3"	"3s.10d"	"1D"	"2"	7	5		
""	"75302"	"2.05e+04"	B+	"7.476532"	"7.4929973"	"3s.10p"	"1P*"	"1"	"3s.10d"	"1D"	"2"	3	5		
""	"75367"	"1.94e+01"	B	"7.2459890"	"7.2624398"	"3s.6d"	"3D"	"3"	"3s.6f"	"3F*"	"2"	7	5		
""	"75367"	"4.93e+02"	B+	"7.2459890"	"7.2624398"	"3s.6d"	"3D"	"3"	"3s.6f"	"3F*"	"3"	7	7		
""	"75367"	"4.42e+03"	B+	"7.2459890"	"7.2624398"	"3s.6d"	"3D"	"3"	"3s.6f"	"3F*"	"4"	7	9		
""	"75373"	"6.89e+02"	B+	"7.2459903"	"7.2624398"	"3s.6d"	"3D"	"2"	"3s.6f"	"3F*"	"2"	5	5		
""	"75373"	"3.92e+03"	B+	"7.2459903"	"7.2624398"	"3s.6d"	"3D"	"2"	"3s.6f"	"3F*"	"3"	5	7		
""	"75385"	"3.71e+03"	B+	"7.2459929"	"7.2624398"	"3s.6d"	"3D"	"1"	"3s.6f"	"3F*"	"2"	3	5		
""	"77972"	"2.18e+04"	B+	"7.4929973"	"7.508898"	"3s.10d"	"1D"	"2"	"3s.11p"	"1P*"	"1"	5	3		
""	"78408"	"2.22e+04"	B+	"7.4929973"	"7.5088100"	"3s.10d"	"1D"	"2"	"3s.10f"	"1F*"	"3"	5	7		
""	"86252.3"	"5.49e+01"	A	"5.9315428"	"5.9459174"	"3s.4p"	"3P*"	"0"	"3s.3d"	"3D"	"1"	1	3		
""	"86275.3"	"2.41e-16"	B	"5.9315428"	"5.9459136"	"3s.4p"	"3P*"	"0"	"3s.3d"	"3D"	"2"	1	5	M2	
""	"88775.3"	"3.23e-16"	B	"5.9319513"	"5.9459174"	"3s.4p"	"3P*"	"1"	"3s.3d"	"3D"	"1"	3	3	M2	
""	"88775.3"	"3.77e+01"	B+	"5.9319513"	"5.9459174"	"3s.4p"	"3P*"	"1"	"3s.3d"	"3D"	"1"	3	3		
""	"88785.5"	"2.16e-16"	B	"5.9319513"	"5.9459158"	"3s.4p"	"3P*"	"1"	"3s.3d"	"3D"	"3"	3	7	M2	
""	"88799.7"	"4.09e-15"	B+	"5.9319513"	"5.9459136"	"3s.4p"	"3P*"	"1"	"3s.3d"	"3D"	"2"	3	5	M2	
""	"88799.7"	"6.79e+01"	A	"5.9319513"	"5.9459136"	"3s.4p"	"3P*"	"1"	"3s.3d"	"3D"	"2"	3	5		
""	"94432.3"	"1.04e-18"	C	"5.9327880"	"5.9459174"	"3s.4p"	"3P*"	"2"	"3s.3d"	"3D"	"1"	5	3	M2	
""	"94432.3"	"2.09e+00"	B+	"5.9327880"	"5.9459174"	"3s.4p"	"3P*"	"2"	"3s.3d"	"3D"	"1"	5	3		
""	"94443.9"	"9.59e-15"	B+	"5.9327880"	"5.9459158"	"3s.4p"	"3P*"	"2"	"3s.3d"	"3D"	"3"	5	7	M2	
""	"94443.9"	"7.52e+01"	A	"5.9327880"	"5.9459158"	"3s.4p"	"3P*"	"2"	"3s.3d"	"3D"	"3"	5	7		
""	"94459.9"	"1.41e-15"	B+	"5.9327880"	"5.9459136"	"3s.4p"	"3P*"	"2"	"3s.3d"	"3D"	"2"	5	5	M2	
""	"94459.9"	"1.88e+01"	B+	"5.9327880"	"5.9459136"	"3s.4p"	"3P*"	"2"	"3s.3d"	"3D"	"2"	5	5		
