obs_wl_vac(nm)	ritz_wl_vac(nm)	Aki(s^-1)	Acc	Ei(eV)	Ek(eV)	conf_i	term_i	J_i	conf_k	term_k	J_k	g_i	g_k	Type	
"119.5"	"119.2"	"1.00e+09"	E	"0.00000000"	"10.40au"	"3s2.3p4"	"3P"	"2"	"3s2.3p3.(2D*).3d"	"3D*"	"3"	4	6		
"119.5"	"119.8"	"7.15e+08"	E	"0.04910475"	"10.40au"	"3s2.3p4"	"3P"	"1"	"3s2.3p3.(2D*).3d"	"3D*"	"2"	2	4		
"120.8850"	"120.8850"	"4.33e+06"	E	"0.00000000"	"10.25638"	"3s2.3p4"	"3P"	"2"	"3s2.3p3.(4S*).12d"	"3D*"	"3"	4	6		
"124.19050"	"124.19050"	"1.22e+07"	D+	"0.00000000"	"9.983389"	"3s2.3p4"	"3P"	"2"	"3s2.3p3.(4S*).8s"	"3S*"	"1"	4	2		
""	"124.71081"	"2.69e+05"	D	"0.00000000"	"9.941736"	"3s2.3p4"	"3P"	"2"	"3s2.3p3.(4S*).6d"	"3D*"	"1"	4	2		
""	"124.71361"	"2.82e+06"	D+	"0.00000000"	"9.941513"	"3s2.3p4"	"3P"	"2"	"3s2.3p3.(4S*).6d"	"3D*"	"2"	4	4		
"124.71600"	"124.71599"	"1.36e+07"	D+	"0.00000000"	"9.941323"	"3s2.3p4"	"3P"	"2"	"3s2.3p3.(4S*).6d"	"3D*"	"3"	4	6		
"124.80451"	"124.80436"	"7.53e+06"	D+	"0.04910475"	"9.983389"	"3s2.3p4"	"3P"	"1"	"3s2.3p3.(4S*).8s"	"3S*"	"1"	2	2		
"125.08138"	"125.08152"	"2.66e+06"	D	"0.07111681"	"9.983389"	"3s2.3p4"	"3P"	"0"	"3s2.3p3.(4S*).8s"	"3S*"	"1"	1	2		
"125.3297"	"125.32985"	"5.29e+06"	D+	"0.04910475"	"9.941736"	"3s2.3p4"	"3P"	"1"	"3s2.3p3.(4S*).6d"	"3D*"	"1"	2	2		
"125.33250"	"125.33267"	"1.07e+07"	D+	"0.04910475"	"9.941513"	"3s2.3p4"	"3P"	"1"	"3s2.3p3.(4S*).6d"	"3D*"	"2"	2	4		
"125.60930"	"125.60934"	"7.98e+06"	D+	"0.07111681"	"9.941736"	"3s2.3p4"	"3P"	"0"	"3s2.3p3.(4S*).6d"	"3D*"	"1"	1	2		
"126.28596"	"126.28599"	"1.48e+07"	D+	"0.00000000"	"9.817732"	"3s2.3p4"	"3P"	"2"	"3s2.3p3.(4S*).7s"	"3S*"	"1"	4	2		
"126.92086"	"126.92080"	"8.18e+06"	D+	"0.04910475"	"9.817732"	"3s2.3p4"	"3P"	"1"	"3s2.3p3.(4S*).7s"	"3S*"	"1"	2	2		
""	"127.07682"	"7.60e+05"	D	"0.00000000"	"9.7566336"	"3s2.3p4"	"3P"	"2"	"3s2.3p3.(4S*).5d"	"3D*"	"1"	4	2		
"127.07821"	"127.077974"	"2.54e+07"	C	"0.00000000"	"9.7565451"	"3s2.3p4"	"3P"	"2"	"3s2.3p3.(4S*).5d"	"3D*"	"3"	4	6		
"127.07821"	"127.078641"	"6.70e+06"	D+	"0.00000000"	"9.7564939"	"3s2.3p4"	"3P"	"2"	"3s2.3p3.(4S*).5d"	"3D*"	"2"	4	4		
"127.20749"	"127.20744"	"2.62e+06"	D	"0.07111681"	"9.817732"	"3s2.3p4"	"3P"	"0"	"3s2.3p3.(4S*).7s"	"3S*"	"1"	1	2		
"127.71985"	"127.71963"	"1.05e+07"	D+	"0.04910475"	"9.7566336"	"3s2.3p4"	"3P"	"1"	"3s2.3p3.(4S*).5d"	"3D*"	"1"	2	2		
"127.72122"	"127.721467"	"1.84e+07"	D+	"0.04910475"	"9.7564939"	"3s2.3p4"	"3P"	"1"	"3s2.3p3.(4S*).5d"	"3D*"	"2"	2	4		
"128.00991"	"128.00989"	"1.35e+07"	D+	"0.07111681"	"9.7566336"	"3s2.3p4"	"3P"	"0"	"3s2.3p3.(4S*).5d"	"3D*"	"1"	1	2		
"129.56526"	"129.56535"	"3.46e+08"	C+	"0.00000000"	"9.569241"	"3s2.3p4"	"3P"	"2"	"3s2.3p3.(2P*).4s"	"3P*"	"2"	4	4		
"129.61738"	"129.61738"	"1.46e+08"	C	"0.00000000"	"9.565400"	"3s2.3p4"	"3P"	"2"	"3s2.3p3.(2P*).4s"	"3P*"	"1"	4	2		
"130.23370"	"130.23364"	"1.20e+08"	C	"0.04910475"	"9.569241"	"3s2.3p4"	"3P"	"1"	"3s2.3p3.(2P*).4s"	"3P*"	"2"	2	4		
"130.28633"	"130.28621"	"1.53e+08"	C	"0.04910475"	"9.565400"	"3s2.3p4"	"3P"	"1"	"3s2.3p3.(2P*).4s"	"3P*"	"1"	2	2		
"130.31105"	"130.31100"	"4.83e+08"	C	"0.04910475"	"9.563589"	"3s2.3p4"	"3P"	"1"	"3s2.3p3.(2P*).4s"	"3P*"	"0"	2	1		
"130.34295"	"130.342945"	"2.95e+07"	D+	"0.00000000"	"9.5121526"	"3s2.3p4"	"3P"	"2"	"3s2.3p3.(4S*).6s"	"3S*"	"1"	4	2		
"130.58834"	"130.58827"	"1.96e+08"	C	"0.07111681"	"9.565400"	"3s2.3p4"	"3P"	"0"	"3s2.3p3.(2P*).4s"	"3P*"	"1"	1	2		
"131.01940"	"131.019308"	"1.70e+07"	D+	"0.04910475"	"9.5121526"	"3s2.3p4"	"3P"	"1"	"3s2.3p3.(4S*).6s"	"3S*"	"1"	2	2		
"131.32493"	"131.324783"	"5.54e+06"	D+	"0.07111681"	"9.5121526"	"3s2.3p4"	"3P"	"0"	"3s2.3p3.(4S*).6s"	"3S*"	"1"	1	2		
"131.65423"	"131.654456"	"7.89e+07"	C	"0.00000000"	"9.4173947"	"3s2.3p4"	"3P"	"2"	"3s2.3p3.(4S*).4d"	"3D*"	"3"	4	6		
"131.66183"	"131.661594"	"2.10e+07"	C	"0.00000000"	"9.4168842"	"3s2.3p4"	"3P"	"2"	"3s2.3p3.(4S*).4d"	"3D*"	"2"	4	4		
"131.66183"	"131.66248"	"2.37e+06"	D	"0.00000000"	"9.4168206"	"3s2.3p4"	"3P"	"2"	"3s2.3p3.(4S*).4d"	"3D*"	"1"	4	2		
"132.35153"	"132.351748"	"6.04e+07"	C	"0.04910475"	"9.4168842"	"3s2.3p4"	"3P"	"1"	"3s2.3p3.(4S*).4d"	"3D*"	"2"	2	4		
"132.35220"	"132.35265"	"3.40e+07"	C	"0.04910475"	"9.4168206"	"3s2.3p4"	"3P"	"1"	"3s2.3p3.(4S*).4d"	"3D*"	"1"	2	2		
"132.66432"	"132.66438"	"4.44e+07"	C	"0.07111681"	"9.4168206"	"3s2.3p4"	"3P"	"0"	"3s2.3p3.(4S*).4d"	"3D*"	"1"	1	2		
"138.15521"	"138.155313"	"5.42e+05"	D	"0.00000000"	"8.9742621"	"3s2.3p4"	"3P"	"2"	"3s.3p5"	"3P*"	"1"	4	2		
"138.55100"	"138.55108"	"1.25e+06"	D	"0.04910475"	"8.9977319"	"3s2.3p4"	"3P"	"1"	"3s.3p5"	"3P*"	"0"	2	1		
"138.84347"	"138.843628"	"5.54e+05"	D	"0.00000000"	"8.9297723"	"3s2.3p4"	"3P"	"2"	"3s.3p5"	"3P*"	"2"	4	4		
"138.91538"	"138.915421"	"1.69e+05"	D	"0.04910475"	"8.9742621"	"3s2.3p4"	"3P"	"1"	"3s.3p5"	"3P*"	"1"	2	2		
"139.25878"	"139.258874"	"5.16e+05"	D	"0.07111681"	"8.9742621"	"3s2.3p4"	"3P"	"0"	"3s.3p5"	"3P*"	"1"	1	2		
"139.61122"	"139.611349"	"5.75e+05"	D	"0.04910475"	"8.9297723"	"3s2.3p4"	"3P"	"1"	"3s.3p5"	"3P*"	"2"	2	4		
"140.15136"	"140.151491"	"7.48e+07"	C	"0.00000000"	"8.84644161"	"3s2.3p4"	"3P"	"2"	"3s2.3p3.(4S*).5s"	"3S*"	"1"	4	2		
"140.93369"	"140.933785"	"4.35e+07"	C	"0.04910475"	"8.84644161"	"3s2.3p4"	"3P"	"1"	"3s2.3p3.(4S*).5s"	"3S*"	"1"	2	2		
""	"140.95048"	"2.30e+03"	D	"1.1454415"	"9.941736"	"3s2.3p4"	"1D"	"2"	"3s2.3p3.(4S*).6d"	"3D*"	"1"	4	2		
""	"140.95406"	"4.12e+03"	D	"1.1454415"	"9.941513"	"3s2.3p4"	"1D"	"2"	"3s2.3p3.(4S*).6d"	"3D*"	"2"	4	4		
"141.28726"	"141.287304"	"1.42e+07"	D+	"0.07111681"	"8.84644161"	"3s2.3p4"	"3P"	"0"	"3s2.3p3.(4S*).5s"	"3S*"	"1"	1	2		
"142.50301"	"142.503057"	"3.79e+08"	C+	"0.00000000"	"8.7004589"	"3s2.3p4"	"3P"	"2"	"3s2.3p3.(4S*).3d"	"3D*"	"3"	4	6		
"142.51882"	"142.518859"	"9.48e+07"	C	"0.00000000"	"8.6994942"	"3s2.3p4"	"3P"	"2"	"3s2.3p3.(4S*).3d"	"3D*"	"2"	4	4		
"142.52190"	"142.521992"	"1.05e+07"	D+	"0.00000000"	"8.6993029"	"3s2.3p4"	"3P"	"2"	"3s2.3p3.(4S*).3d"	"3D*"	"1"	4	2		
"143.32800"	"143.327881"	"2.81e+08"	C+	"0.04910475"	"8.6994942"	"3s2.3p4"	"3P"	"1"	"3s2.3p3.(4S*).3d"	"3D*"	"2"	2	4		
"143.33105"	"143.331050"	"1.56e+08"	C	"0.04910475"	"8.6993029"	"3s2.3p4"	"3P"	"1"	"3s2.3p3.(4S*).3d"	"3D*"	"1"	2	2		
"143.69675"	"143.696713"	"2.07e+08"	C	"0.07111681"	"8.6993029"	"3s2.3p4"	"3P"	"0"	"3s2.3p3.(4S*).3d"	"3D*"	"1"	1	2		
"143.98165"	"143.981776"	"5.03e+03"	D	"1.1454415"	"9.7565451"	"3s2.3p4"	"1D"	"2"	"3s2.3p3.(4S*).5d"	"3D*"	"3"	4	6		
""	"143.982632"	"4.47e+03"	D	"1.1454415"	"9.7564939"	"3s2.3p4"	"1D"	"2"	"3s2.3p3.(4S*).5d"	"3D*"	"2"	4	4		
"144.42967"	"144.429627"	"2.59e+06"	D+	"0.00000000"	"8.5844021"	"3s2.3p4"	"3P"	"2"	"3s2.3p3.(2D*).4s"	"1D*"	"2"	4	4		
"144.82290"	"144.82297"	"5.00e+08"	D+	"1.1454415"	"9.706528"	"3s2.3p4"	"1D"	"2"	"3s2.3p3.(2P*).4s"	"1P*"	"1"	4	2		
"147.18320"	"147.18323"	"2.49e+06"	D+	"1.1454415"	"9.569241"	"3s2.3p4"	"1D"	"2"	"3s2.3p3.(2P*).4s"	"3P*"	"2"	4	4		
"147.29720"	"147.297103"	"3.73e+07"	D+	"0.00000000"	"8.4172870"	"3s2.3p4"	"3P"	"2"	"3s2.3p3.(4S*).3d"	"5D*"	"3"	4	6		
"147.39948"	"147.399477"	"1.96e+08"	C+	"0.00000000"	"8.4114409"	"3s2.3p4"	"3P"	"2"	"3s2.3p3.(2D*).4s"	"3D*"	"3"	4	6		
"147.43800"	"147.437899"	"4.88e+07"	C	"0.00000000"	"8.4092488"	"3s2.3p4"	"3P"	"2"	"3s2.3p3.(2D*).4s"	"3D*"	"2"	4	4		
"147.45715"	"147.457129"	"5.39e+06"	D+	"0.00000000"	"8.4081522"	"3s2.3p4"	"3P"	"2"	"3s2.3p3.(2D*).4s"	"3D*"	"1"	4	2		
"148.16650"	"148.166311"	"6.95e+06"	E	"0.04910475"	"8.4170122"	"3s2.3p4"	"3P"	"1"	"3s2.3p3.(4S*).3d"	"5D*"	"2"	2	4		
"148.30390"	"148.303901"	"1.44e+08"	C+	"0.04910475"	"8.4092488"	"3s2.3p4"	"3P"	"1"	"3s2.3p3.(2D*).4s"	"3D*"	"2"	2	4		
"148.32330"	"148.323358"	"7.99e+07"	C	"0.04910475"	"8.4081522"	"3s2.3p4"	"3P"	"1"	"3s2.3p3.(2D*).4s"	"3D*"	"1"	2	2		
"148.56224"	"148.562114"	"2.32e+06"	D+	"0.07111681"	"8.4167303"	"3s2.3p4"	"3P"	"0"	"3s2.3p3.(4S*).3d"	"5D*"	"1"	1	2		
"148.71500"	"148.714972"	"1.06e+08"	C	"0.07111681"	"8.4081522"	"3s2.3p4"	"3P"	"0"	"3s2.3p3.(2D*).4s"	"3D*"	"1"	1	2		
"149.8850"	"149.885034"	"1.51e+04"	D+	"1.1454415"	"9.4173947"	"3s2.3p4"	"1D"	"2"	"3s2.3p3.(4S*).4d"	"3D*"	"3"	4	6		
"149.8942"	"149.89429"	"1.52e+04"	D+	"1.1454415"	"9.4168842"	"3s2.3p4"	"1D"	"2"	"3s2.3p3.(4S*).4d"	"3D*"	"2"	4	4		
"164.1296"	"164.129381"	"7.18e+05"	D+	"1.1454415"	"8.6994942"	"3s2.3p4"	"1D"	"2"	"3s2.3p3.(4S*).3d"	"3D*"	"2"	4	4		
"166.66875"	"166.668714"	"4.58e+08"	C+	"1.1454415"	"8.5844021"	"3s2.3p4"	"1D"	"2"	"3s2.3p3.(2D*).4s"	"1D*"	"2"	4	4		
"168.75305"	"168.752980"	"6.90e+07"	D	"2.7499638"	"10.0970459"	"3s2.3p4"	"1S"	"0"	"3s2.3p3.(2D*).3d"	"1P*"	"1"	1	2		
"170.6360"	"170.636127"	"1.23e+05"	D+	"1.1454415"	"8.4114409"	"3s2.3p4"	"1D"	"2"	"3s2.3p3.(2D*).4s"	"3D*"	"3"	4	6		
"170.7132"	"170.713394"	"4.96e+05"	D+	"1.1454415"	"8.4081522"	"3s2.3p4"	"1D"	"2"	"3s2.3p3.(2D*).4s"	"3D*"	"1"	4	2		
"178.22626"	"178.22619"	"1.16e+08"	D	"2.7499638"	"9.706528"	"3s2.3p4"	"1S"	"0"	"3s2.3p3.(2P*).4s"	"1P*"	"1"	1	2		
"180.73108"	"180.731248"	"3.27e+08"	C+	"0.00000000"	"6.8601418"	"3s2.3p4"	"3P"	"2"	"3s2.3p3.(4S*).4s"	"3S*"	"1"	4	2		
"182.03426"	"182.034245"	"1.71e+08"	C+	"0.04910475"	"6.8601418"	"3s2.3p4"	"3P"	"1"	"3s2.3p3.(4S*).4s"	"3S*"	"1"	2	2		
"182.62451"	"182.624455"	"5.64e+07"	C	"0.07111681"	"6.8601418"	"3s2.3p4"	"3P"	"0"	"3s2.3p3.(4S*).4s"	"3S*"	"1"	1	2		
"190.02863"	"190.028790"	"7.09e+04"	D+	"0.00000000"	"6.5244955"	"3s2.3p4"	"3P"	"2"	"3s2.3p3.(4S*).4s"	"5S*"	"2"	4	4		
"191.46982"	"191.469833"	"2.14e+04"	D	"0.04910475"	"6.5244955"	"3s2.3p4"	"3P"	"1"	"3s2.3p3.(4S*).4s"	"5S*"	"2"	2	4		
"367.823"	"367.8221"	"2.94e+04"	E	"6.5244955"	"9.895261?"	"3s2.3p3.(4S*).4s"	"5S*"	"2"	"3s2.3p3.(4S*).7p"	"5P"	"3"	4	6		
""	"403.3415"	"1.08e+06"	E	"6.8601418"	"9.934068"	"3s2.3p3.(4S*).4s"	"3S*"	"1"	"3s2.3p3.(4S*).7p"	"3P"	"0"	2	1		
""	"403.4017"	"1.07e+06"	D	"6.8601418"	"9.933609"	"3s2.3p3.(4S*).4s"	"3S*"	"1"	"3s2.3p3.(4S*).7p"	"3P"	"1"	2	2		
"403.515"	"403.5187"	"1.06e+06"	D	"6.8601418"	"9.932718"	"3s2.3p3.(4S*).4s"	"3S*"	"1"	"3s2.3p3.(4S*).7p"	"3P"	"2"	2	4		
"415.154"	"415.1594"	"1.44e+06"	E	"6.8601418"	"9.846566"	"3s2.3p3.(4S*).4s"	"3S*"	"1"	"3s2.3p3.(2D*).4p"	"3P"	"0"	2	1		
"415.37749"	"415.37761"	"1.48e+06"	D	"6.8601418"	"9.8449969"	"3s2.3p3.(4S*).4s"	"3S*"	"1"	"3s2.3p3.(2D*).4p"	"3P"	"1"	2	2		
"415.88712"	"415.88683"	"1.59e+06"	D	"6.8601418"	"9.8413422"	"3s2.3p3.(4S*).4s"	"3S*"	"1"	"3s2.3p3.(2D*).4p"	"3P"	"2"	2	4		
""	"450.85756"	"4.87e-03"	D	"0.00000000"	"2.7499638"	"3s2.3p4"	"3P"	"2"	"3s2.3p4"	"1S"	"0"	4	1	E2	
"459.05465"	"459.05467"	"2.98e-01"	D	"0.04910475"	"2.7499638"	"3s2.3p4"	"3P"	"1"	"3s2.3p4"	"1S"	"0"	2	1	M1	
"469.544"	"469.54221"	"8.37e+05"	D	"6.5244955"	"9.1650291"	"3s2.3p3.(4S*).4s"	"5S*"	"2"	"3s2.3p3.(4S*).5p"	"5P"	"3"	4	6		
"469.676"	"469.67530"	"8.14e+05"	D	"6.5244955"	"9.1642809"	"3s2.3p3.(4S*).4s"	"5S*"	"2"	"3s2.3p3.(4S*).5p"	"5P"	"2"	4	4		
"469.756"	"469.75631"	"8.01e+05"	D	"6.5244955"	"9.1638256"	"3s2.3p3.(4S*).4s"	"5S*"	"2"	"3s2.3p3.(4S*).5p"	"5P"	"1"	4	2		
"527.957"	"527.95938"	"4.33e+05"	E	"6.8601418"	"9.2085080"	"3s2.3p3.(4S*).4s"	"3S*"	"1"	"3s2.3p3.(4S*).5p"	"3P"	"0"	2	1		
"528.017"	"528.01656"	"4.28e+05"	E	"6.8601418"	"9.2082537"	"3s2.3p3.(4S*).4s"	"3S*"	"1"	"3s2.3p3.(4S*).5p"	"3P"	"1"	2	2		
"528.046"	"528.04575"	"4.24e+05"	D	"6.8601418"	"9.2081239"	"3s2.3p3.(4S*).4s"	"3S*"	"1"	"3s2.3p3.(4S*).5p"	"3P"	"2"	2	4		
""	"529.715"	"8.89e+05"	D	"7.8699003"	"[10.21048]"	"3s2.3p3.(4S*).4p"	"5P"	"3"	"3s2.3p3.(4S*).10d"	"5D*"	"4"	6	8		
"537.407"	"537.407"	"4.33e+05"	E	"7.8663062"	"10.173387"	"3s2.3p3.(4S*).4p"	"5P"	"1"	"3s2.3p3.(4S*).9d"	"5D*"	"2"	2	4		
"537.732"	"537.733"	"8.23e+05"	D+	"7.8676797"	"10.173365"	"3s2.3p3.(4S*).4p"	"5P"	"2"	"3s2.3p3.(4S*).9d"	"5D*"	"3"	4	6		
"538.252"	"538.252"	"1.23e+06"	D	"7.8699003"	"10.173362"	"3s2.3p3.(4S*).4p"	"5P"	"3"	"3s2.3p3.(4S*).9d"	"5D*"	"4"	6	8		
""	"544.2686"	"1.63e+05"	E	"7.8663062"	"10.144303"	"3s2.3p3.(4S*).4p"	"5P"	"1"	"3s2.3p3.(4S*).10s"	"5S*"	"2"	2	4		
"544.592"	"544.5970"	"2.70e+05"	D	"7.8676797"	"10.144303"	"3s2.3p3.(4S*).4p"	"5P"	"2"	"3s2.3p3.(4S*).10s"	"5S*"	"2"	4	4		
"545.133"	"545.1287"	"3.77e+05"	D	"7.8699003"	"10.144303"	"3s2.3p3.(4S*).4p"	"5P"	"3"	"3s2.3p3.(4S*).10s"	"5S*"	"2"	6	4		
"549.971"	"549.971"	"6.24e+05"	D	"7.8663062"	"10.120684"	"3s2.3p3.(4S*).4p"	"5P"	"1"	"3s2.3p3.(4S*).8d"	"5D*"	"2"	2	4		
"550.307"	"550.307"	"1.19e+06"	D+	"7.8676797"	"10.120681"	"3s2.3p3.(4S*).4p"	"5P"	"2"	"3s2.3p3.(4S*).8d"	"5D*"	"3"	4	6		
"550.854"	"550.854"	"1.78e+06"	D+	"7.8699003"	"10.120664"	"3s2.3p3.(4S*).4p"	"5P"	"3"	"3s2.3p3.(4S*).8d"	"5D*"	"4"	6	8		
"560.680"	"560.6792"	"2.45e+05"	D	"7.8663062"	"10.077628"	"3s2.3p3.(4S*).4p"	"5P"	"1"	"3s2.3p3.(4S*).9s"	"5S*"	"2"	2	4		
"561.025"	"561.0277"	"4.07e+05"	D	"7.8676797"	"10.077628"	"3s2.3p3.(4S*).4p"	"5P"	"2"	"3s2.3p3.(4S*).9s"	"5S*"	"2"	4	4		
"561.595"	"561.5920"	"5.67e+05"	D	"7.8699003"	"10.077628"	"3s2.3p3.(4S*).4p"	"5P"	"3"	"3s2.3p3.(4S*).9s"	"5S*"	"2"	6	4		
"569.821"	"569.822"	"9.42e+05"	D+	"7.8663062"	"10.042149u"	"3s2.3p3.(4S*).4p"	"5P"	"1"	"3s2.3p3.(4S*).7d"	"5D*"	"2"	2	4		
"569.821"	"569.822"	"2.02e+06"	D+	"7.8663062"	"10.042149u"	"3s2.3p3.(4S*).4p"	"5P"	"1"	"3s2.3p3.(4S*).7d"	"5D*"	"1"	2	2		
"570.182"	"570.182"	"1.80e+06"	D+	"7.8676797"	"10.042149"	"3s2.3p3.(4S*).4p"	"5P"	"2"	"3s2.3p3.(4S*).7d"	"5D*"	"3"	4	6		
"570.769"	"570.769"	"2.69e+06"	D+	"7.8699003"	"10.042130"	"3s2.3p3.(4S*).4p"	"5P"	"3"	"3s2.3p3.(4S*).7d"	"5D*"	"4"	6	8		
""	"572.598"	"2.27e+05"	E	"8.04520228"	"10.210494"	"3s2.3p3.(4S*).4p"	"3P"	"1"	"3s2.3p3.(4S*).10d"	"3D*"	"1"	2	2		
""	"572.626"	"4.01e+05"	D	"8.04520228"	"10.210390"	"3s2.3p3.(4S*).4p"	"3P"	"1"	"3s2.3p3.(4S*).10d"	"3D*"	"2"	2	4		
""	"572.677"	"3.01e+05"	E	"8.04550246"	"10.210494"	"3s2.3p3.(4S*).4p"	"3P"	"0"	"3s2.3p3.(4S*).10d"	"3D*"	"1"	1	2		
""	"572.717"	"1.52e+04"	E'	"8.04565097"	"10.210494"	"3s2.3p3.(4S*).4p"	"3P"	"2"	"3s2.3p3.(4S*).10d"	"3D*"	"1"	4	2		
""	"572.744"	"1.34e+05"	E	"8.04565097"	"10.210390"	"3s2.3p3.(4S*).4p"	"3P"	"2"	"3s2.3p3.(4S*).10d"	"3D*"	"2"	4	4		
""	"572.797"	"5.30e+05"	D	"8.04565097"	"10.210192"	"3s2.3p3.(4S*).4p"	"3P"	"2"	"3s2.3p3.(4S*).10d"	"3D*"	"3"	4	6		
""	"582.131"	"3.17e+05"	E	"8.04520228"	"10.175037"	"3s2.3p3.(4S*).4p"	"3P"	"1"	"3s2.3p3.(4S*).9d"	"3D*"	"1"	2	2		
""	"582.213"	"4.22e+05"	D	"8.04550246"	"10.175037"	"3s2.3p3.(4S*).4p"	"3P"	"0"	"3s2.3p3.(4S*).9d"	"3D*"	"1"	1	2		
""	"582.253"	"2.12e+04"	E'	"8.04565097"	"10.175037"	"3s2.3p3.(4S*).4p"	"3P"	"2"	"3s2.3p3.(4S*).9d"	"3D*"	"1"	4	2		
""	"582.260"	"5.67e+05"	D	"8.04520228"	"10.174565"	"3s2.3p3.(4S*).4p"	"3P"	"1"	"3s2.3p3.(4S*).9d"	"3D*"	"2"	2	4		
""	"582.382"	"1.89e+05"	E	"8.04565097"	"10.174565"	"3s2.3p3.(4S*).4p"	"3P"	"2"	"3s2.3p3.(4S*).9d"	"3D*"	"2"	4	4		
""	"582.439"	"7.52e+05"	D	"8.04565097"	"10.174357"	"3s2.3p3.(4S*).4p"	"3P"	"2"	"3s2.3p3.(4S*).9d"	"3D*"	"3"	4	6		
"588.126"	"588.1294"	"3.93e+05"	D	"7.8663062"	"9.974417"	"3s2.3p3.(4S*).4p"	"5P"	"1"	"3s2.3p3.(4S*).8s"	"5S*"	"2"	2	4		
"588.512"	"588.5128"	"6.53e+05"	D	"7.8676797"	"9.974417"	"3s2.3p3.(4S*).4p"	"5P"	"2"	"3s2.3p3.(4S*).8s"	"5S*"	"2"	4	4		
"589.138"	"589.1338"	"9.11e+05"	D	"7.8699003"	"9.974417"	"3s2.3p3.(4S*).4p"	"5P"	"3"	"3s2.3p3.(4S*).8s"	"5S*"	"2"	6	4		
""	"589.597"	"2.14e+05"	E	"8.04520228"	"10.148067"	"3s2.3p3.(4S*).4p"	"3P"	"1"	"3s2.3p3.(4S*).10s"	"3S*"	"1"	2	2		
""	"589.681"	"7.12e+04"	E	"8.04550246"	"10.148067"	"3s2.3p3.(4S*).4p"	"3P"	"0"	"3s2.3p3.(4S*).10s"	"3S*"	"1"	1	2		
""	"589.722"	"3.55e+05"	D	"8.04565097"	"10.148067"	"3s2.3p3.(4S*).4p"	"3P"	"2"	"3s2.3p3.(4S*).10s"	"3S*"	"1"	4	2		
""	"595.985"	"4.45e+05"	D	"8.04520228"	"10.125527"	"3s2.3p3.(4S*).4p"	"3P"	"1"	"3s2.3p3.(4S*).8d"	"3D*"	"1"	2	2		
"596.076"	"596.069"	"8.00e+05"	D	"8.04520228"	"10.125234"	"3s2.3p3.(4S*).4p"	"3P"	"1"	"3s2.3p3.(4S*).8d"	"3D*"	"2"	2	4		
"596.076"	"596.071"	"5.91e+05"	D	"8.04550246"	"10.125527"	"3s2.3p3.(4S*).4p"	"3P"	"0"	"3s2.3p3.(4S*).8d"	"3D*"	"1"	1	2		
""	"596.114"	"2.96e+04"	E'	"8.04565097"	"10.125527"	"3s2.3p3.(4S*).4p"	"3P"	"2"	"3s2.3p3.(4S*).8d"	"3D*"	"1"	4	2		
""	"596.197"	"2.67e+05"	D	"8.04565097"	"10.125234"	"3s2.3p3.(4S*).4p"	"3P"	"2"	"3s2.3p3.(4S*).8d"	"3D*"	"2"	4	4		
"596.284"	"596.284"	"1.06e+06"	D	"8.04565097"	"10.124930"	"3s2.3p3.(4S*).4p"	"3P"	"2"	"3s2.3p3.(4S*).8d"	"3D*"	"3"	4	6		
"604.360"	"604.360"	"1.51e+06"	D	"7.8663062"	"9.917801u"	"3s2.3p3.(4S*).4p"	"5P"	"1"	"3s2.3p3.(4S*).6d"	"5D*"	"2"	2	4		
"604.360"	"604.360"	"3.21e+06"	D+	"7.8663062"	"9.917801u"	"3s2.3p3.(4S*).4p"	"5P"	"1"	"3s2.3p3.(4S*).6d"	"5D*"	"1"	2	2		
""	"604.765"	"2.51e+06"	D+	"7.8676797"	"9.917801u"	"3s2.3p3.(4S*).4p"	"5P"	"2"	"3s2.3p3.(4S*).6d"	"5D*"	"2"	4	4		
"604.771"	"604.7759"	"2.87e+06"	D+	"7.8676797"	"9.9177647"	"3s2.3p3.(4S*).4p"	"5P"	"2"	"3s2.3p3.(4S*).6d"	"5D*"	"3"	4	6		
""	"605.421"	"2.87e+05"	D	"7.8699003"	"9.917801u"	"3s2.3p3.(4S*).4p"	"5P"	"3"	"3s2.3p3.(4S*).6d"	"5D*"	"2"	6	4		
""	"605.4317"	"1.43e+06"	D+	"7.8699003"	"9.9177647"	"3s2.3p3.(4S*).4p"	"5P"	"3"	"3s2.3p3.(4S*).6d"	"5D*"	"3"	6	6		
"605.434"	"605.4380"	"4.30e+06"	D+	"7.8699003"	"9.9177434"	"3s2.3p3.(4S*).4p"	"5P"	"3"	"3s2.3p3.(4S*).6d"	"5D*"	"4"	6	8		
""	"608.351"	"3.23e+05"	D	"8.04520228"	"10.083239"	"3s2.3p3.(4S*).4p"	"3P"	"1"	"3s2.3p3.(4S*).9s"	"3S*"	"1"	2	2		
""	"608.441"	"1.08e+05"	E	"8.04550246"	"10.083239"	"3s2.3p3.(4S*).4p"	"3P"	"0"	"3s2.3p3.(4S*).9s"	"3S*"	"1"	1	2		
""	"608.485"	"5.37e+05"	D	"8.04565097"	"10.083239"	"3s2.3p3.(4S*).4p"	"3P"	"2"	"3s2.3p3.(4S*).9s"	"3S*"	"1"	4	2		
"617.448"	"617.447"	"6.26e+05"	D	"8.04520228"	"10.053215"	"3s2.3p3.(4S*).4p"	"3P"	"1"	"3s2.3p3.(4S*).7d"	"3D*"	"1"	2	2		
"617.532"	"617.531"	"1.13e+06"	D	"8.04520228"	"10.052943"	"3s2.3p3.(4S*).4p"	"3P"	"1"	"3s2.3p3.(4S*).7d"	"3D*"	"2"	2	4		
""	"617.539"	"8.34e+05"	D	"8.04550246"	"10.053215"	"3s2.3p3.(4S*).4p"	"3P"	"0"	"3s2.3p3.(4S*).7d"	"3D*"	"1"	1	2		
""	"617.585"	"4.17e+04"	E	"8.04565097"	"10.053215"	"3s2.3p3.(4S*).4p"	"3P"	"2"	"3s2.3p3.(4S*).7d"	"3D*"	"1"	4	2		
"617.668"	"617.669"	"3.76e+05"	D	"8.04565097"	"10.052943"	"3s2.3p3.(4S*).4p"	"3P"	"2"	"3s2.3p3.(4S*).7d"	"3D*"	"2"	4	4		
"617.753"	"617.753"	"1.50e+06"	D+	"8.04565097"	"10.052670"	"3s2.3p3.(4S*).4p"	"3P"	"2"	"3s2.3p3.(4S*).7d"	"3D*"	"3"	4	6		
"639.694"	"639.6918"	"5.23e+05"	D	"8.04520228"	"9.983389"	"3s2.3p3.(4S*).4p"	"3P"	"1"	"3s2.3p3.(4S*).8s"	"3S*"	"1"	2	2		
"639.785"	"639.7909"	"1.75e+05"	E	"8.04550246"	"9.983389"	"3s2.3p3.(4S*).4p"	"3P"	"0"	"3s2.3p3.(4S*).8s"	"3S*"	"1"	1	2		
"639.841"	"639.8399"	"8.69e+05"	D	"8.04565097"	"9.983389"	"3s2.3p3.(4S*).4p"	"3P"	"2"	"3s2.3p3.(4S*).8s"	"3S*"	"1"	4	2		
"640.535"	"640.5359"	"6.93e+05"	D	"7.8663062"	"9.8019384"	"3s2.3p3.(4S*).4p"	"5P"	"1"	"3s2.3p3.(4S*).7s"	"5S*"	"2"	2	4		
"640.990"	"640.9908"	"1.15e+06"	D	"7.8676797"	"9.8019384"	"3s2.3p3.(4S*).4p"	"5P"	"2"	"3s2.3p3.(4S*).7s"	"5S*"	"2"	4	4		
"641.727"	"641.7275"	"1.61e+06"	D+	"7.8699003"	"9.8019384"	"3s2.3p3.(4S*).4p"	"5P"	"3"	"3s2.3p3.(4S*).7s"	"5S*"	"2"	6	4		
"653.742"	"653.741"	"8.69e+05"	D	"8.04520228"	"9.941736"	"3s2.3p3.(4S*).4p"	"3P"	"1"	"3s2.3p3.(4S*).6d"	"3D*"	"1"	2	2		
"653.822"	"653.818"	"1.56e+06"	D+	"8.04520228"	"9.941513"	"3s2.3p3.(4S*).4p"	"3P"	"1"	"3s2.3p3.(4S*).6d"	"3D*"	"2"	2	4		
"653.848"	"653.844"	"1.16e+06"	D	"8.04550246"	"9.941736"	"3s2.3p3.(4S*).4p"	"3P"	"0"	"3s2.3p3.(4S*).6d"	"3D*"	"1"	1	2		
""	"653.896"	"5.79e+04"	E	"8.04565097"	"9.941736"	"3s2.3p3.(4S*).4p"	"3P"	"2"	"3s2.3p3.(4S*).6d"	"3D*"	"1"	4	2		
"653.977"	"653.973"	"5.21e+05"	D	"8.04565097"	"9.941513"	"3s2.3p3.(4S*).4p"	"3P"	"2"	"3s2.3p3.(4S*).6d"	"3D*"	"2"	4	4		
"654.038"	"654.0381"	"2.08e+06"	D+	"8.04565097"	"9.941323"	"3s2.3p3.(4S*).4p"	"3P"	"2"	"3s2.3p3.(4S*).6d"	"3D*"	"3"	4	6		
"674.544"	"674.5520"	"2.52e+06"	D+	"7.8663062"	"9.7043290"	"3s2.3p3.(4S*).4p"	"5P"	"1"	"3s2.3p3.(4S*).5d"	"5D*"	"2"	2	4		
""	"675.0565"	"4.21e+06"	D+	"7.8676797"	"9.7043290"	"3s2.3p3.(4S*).4p"	"5P"	"2"	"3s2.3p3.(4S*).5d"	"5D*"	"2"	4	4		
"675.065"	"675.0714"	"4.81e+06"	D+	"7.8676797"	"9.7042883"	"3s2.3p3.(4S*).4p"	"5P"	"2"	"3s2.3p3.(4S*).5d"	"5D*"	"3"	4	6		
""	"675.8736"	"4.81e+05"	D	"7.8699003"	"9.7043290"	"3s2.3p3.(4S*).4p"	"5P"	"3"	"3s2.3p3.(4S*).5d"	"5D*"	"2"	6	4		
""	"675.8886"	"2.41e+06"	D+	"7.8699003"	"9.7042883"	"3s2.3p3.(4S*).4p"	"5P"	"3"	"3s2.3p3.(4S*).5d"	"5D*"	"3"	6	6		
"675.903"	"675.9043"	"7.22e+06"	D+	"7.8699003"	"9.7042459"	"3s2.3p3.(4S*).4p"	"5P"	"3"	"3s2.3p3.(4S*).5d"	"5D*"	"4"	6	8		
"699.472"	"699.4759"	"9.32e+05"	D	"8.04520228"	"9.817732"	"3s2.3p3.(4S*).4p"	"3P"	"1"	"3s2.3p3.(4S*).7s"	"3S*"	"1"	2	2		
"699.592"	"699.5944"	"3.11e+05"	D	"8.04550246"	"9.817732"	"3s2.3p3.(4S*).4p"	"3P"	"0"	"3s2.3p3.(4S*).7s"	"3S*"	"1"	1	2		
"699.651"	"699.6530"	"1.55e+06"	D	"8.04565097"	"9.817732"	"3s2.3p3.(4S*).4p"	"3P"	"2"	"3s2.3p3.(4S*).7s"	"3S*"	"1"	4	2		
"716.340"	"716.340"	"3.46e+05"	E	"8.4157523"	"10.146554u"	"3s2.3p3.(4S*).3d"	"5D*"	"4"	"3s2.3p3.(4S*).8f"	"5F"	"4"	8	8		
"716.340"	"716.340"	"2.08e+06"	D	"8.4157523"	"10.146554u"	"3s2.3p3.(4S*).3d"	"5D*"	"4"	"3s2.3p3.(4S*).8f"	"5F"	"5"	8	10		
"716.340"	"716.340"	"2.97e+04"	E	"8.4157523"	"10.146554u"	"3s2.3p3.(4S*).3d"	"5D*"	"4"	"3s2.3p3.(4S*).8f"	"5F"	"3"	8	6		
""	"716.674"	"9.68e+05"	E	"8.4165589"	"10.146554u"	"3s2.3p3.(4S*).3d"	"5D*"	"0"	"3s2.3p3.(4S*).8f"	"5F"	"1"	1	2		
"716.751"	"716.745"	"9.45e+05"	E	"8.4167303"	"10.146554u"	"3s2.3p3.(4S*).3d"	"5D*"	"1"	"3s2.3p3.(4S*).8f"	"5F"	"1"	2	2		
"716.751"	"716.745"	"1.13e+06"	D	"8.4167303"	"10.146554u"	"3s2.3p3.(4S*).3d"	"5D*"	"1"	"3s2.3p3.(4S*).8f"	"5F"	"2"	2	4		
"716.862"	"716.861"	"7.73e+05"	E	"8.4170122"	"10.146554u"	"3s2.3p3.(4S*).3d"	"5D*"	"2"	"3s2.3p3.(4S*).8f"	"5F"	"2"	4	4		
"716.862"	"716.861"	"1.32e+06"	D	"8.4170122"	"10.146554u"	"3s2.3p3.(4S*).3d"	"5D*"	"2"	"3s2.3p3.(4S*).8f"	"5F"	"3"	4	6		
"716.862"	"716.861"	"1.29e+05"	E	"8.4170122"	"10.146554u"	"3s2.3p3.(4S*).3d"	"5D*"	"2"	"3s2.3p3.(4S*).8f"	"5F"	"1"	4	2		
"716.968"	"716.975"	"1.47e+06"	D	"8.4172870"	"10.146554u"	"3s2.3p3.(4S*).3d"	"5D*"	"3"	"3s2.3p3.(4S*).8f"	"5F"	"4"	6	8		
"716.968"	"716.975"	"5.31e+05"	E	"8.4172870"	"10.146554u"	"3s2.3p3.(4S*).3d"	"5D*"	"3"	"3s2.3p3.(4S*).8f"	"5F"	"3"	6	6		
"716.968"	"716.975"	"7.09e+04"	E	"8.4172870"	"10.146554u"	"3s2.3p3.(4S*).3d"	"5D*"	"3"	"3s2.3p3.(4S*).8f"	"5F"	"2"	6	4		
"724.444"	"724.4474"	"1.12e+06"	D+	"8.04520228"	"9.7566336"	"3s2.3p3.(4S*).4p"	"3P"	"1"	"3s2.3p3.(4S*).5d"	"3D*"	"1"	2	2		
"724.505"	"724.5066"	"2.01e+06"	D+	"8.04520228"	"9.7564939"	"3s2.3p3.(4S*).4p"	"3P"	"1"	"3s2.3p3.(4S*).5d"	"3D*"	"2"	2	4		
"724.574"	"724.5745"	"1.49e+06"	D+	"8.04550246"	"9.7566336"	"3s2.3p3.(4S*).4p"	"3P"	"0"	"3s2.3p3.(4S*).5d"	"3D*"	"1"	1	2		
"724.675"	"724.6749"	"2.67e+06"	C	"8.04565097"	"9.7565451"	"3s2.3p3.(4S*).4p"	"3P"	"2"	"3s2.3p3.(4S*).5d"	"3D*"	"3"	4	6		
"742.572"	"742.5823"	"5.94e+04"	E	"8.4114409"	"10.0810766u"	"3s2.3p3.(2D*).4s"	"3D*"	"3"	"3s2.3p3.(4S*).7f"	"3F"	"4"	6	8		
"742.618"	"742.616"	"1.37e+05"	D	"8.4114409"	"10.081000u"	"3s2.3p3.(2D*).4s"	"3D*"	"3"	"3s2.3p3.(4S*).7f"	"5F"	"3"	6	6		
"742.618"	"742.616"	"3.83e+05"	D+	"8.4114409"	"10.081000u"	"3s2.3p3.(2D*).4s"	"3D*"	"3"	"3s2.3p3.(4S*).7f"	"5F"	"4"	6	8		
"744.540"	"744.539"	"3.12e+06"	D	"8.4157523"	"10.081000u"	"3s2.3p3.(4S*).3d"	"5D*"	"4"	"3s2.3p3.(4S*).7f"	"5F"	"5"	8	10		
"744.540"	"744.539"	"5.19e+05"	E	"8.4157523"	"10.081000u"	"3s2.3p3.(4S*).3d"	"5D*"	"4"	"3s2.3p3.(4S*).7f"	"5F"	"4"	8	8		
"744.540"	"744.539"	"4.45e+04"	E	"8.4157523"	"10.081000u"	"3s2.3p3.(4S*).3d"	"5D*"	"4"	"3s2.3p3.(4S*).7f"	"5F"	"3"	8	6		
"744.902"	"744.900"	"1.45e+06"	E	"8.4165589"	"10.081000u"	"3s2.3p3.(4S*).3d"	"5D*"	"0"	"3s2.3p3.(4S*).7f"	"5F"	"1"	1	2		
"744.970"	"744.977"	"1.70e+06"	D	"8.4167303"	"10.081000u"	"3s2.3p3.(4S*).3d"	"5D*"	"1"	"3s2.3p3.(4S*).7f"	"5F"	"2"	2	4		
"744.970"	"744.977"	"1.42e+06"	E	"8.4167303"	"10.081000u"	"3s2.3p3.(4S*).3d"	"5D*"	"1"	"3s2.3p3.(4S*).7f"	"5F"	"1"	2	2		
"745.107"	"745.103"	"1.93e+05"	E	"8.4170122"	"10.081000u"	"3s2.3p3.(4S*).3d"	"5D*"	"2"	"3s2.3p3.(4S*).7f"	"5F"	"1"	4	2		
"745.107"	"745.103"	"1.16e+06"	D	"8.4170122"	"10.081000u"	"3s2.3p3.(4S*).3d"	"5D*"	"2"	"3s2.3p3.(4S*).7f"	"5F"	"2"	4	4		
"745.107"	"745.103"	"1.99e+06"	D	"8.4170122"	"10.081000u"	"3s2.3p3.(4S*).3d"	"5D*"	"2"	"3s2.3p3.(4S*).7f"	"5F"	"3"	4	6		
"745.230"	"745.226"	"1.06e+05"	E	"8.4172870"	"10.081000u"	"3s2.3p3.(4S*).3d"	"5D*"	"3"	"3s2.3p3.(4S*).7f"	"5F"	"2"	6	4		
"745.230"	"745.226"	"7.97e+05"	D	"8.4172870"	"10.081000u"	"3s2.3p3.(4S*).3d"	"5D*"	"3"	"3s2.3p3.(4S*).7f"	"5F"	"3"	6	6		
"745.230"	"745.226"	"2.21e+06"	D	"8.4172870"	"10.081000u"	"3s2.3p3.(4S*).3d"	"5D*"	"3"	"3s2.3p3.(4S*).7f"	"5F"	"4"	6	8		
"758.779"	"758.779"	"2.13e+06"	D+	"8.4081522"	"10.042149"	"3s2.3p3.(2D*).4s"	"3D*"	"1"	"3s2.3p3.(4S*).8p"	"3P"	"0"	2	1		
"758.779"	"758.784"	"5.35e+05"	D	"8.4081522"	"10.042139"	"3s2.3p3.(2D*).4s"	"3D*"	"1"	"3s2.3p3.(4S*).8p"	"3P"	"1"	2	2		
"759.293"	"759.293"	"1.49e+06"	D+	"8.4092488"	"10.042139"	"3s2.3p3.(2D*).4s"	"3D*"	"2"	"3s2.3p3.(4S*).8p"	"3P"	"1"	4	2		
"760.290"	"760.290"	"1.50e+06"	D+	"8.4114409"	"10.042189"	"3s2.3p3.(2D*).4s"	"3D*"	"3"	"3s2.3p3.(4S*).8p"	"3P"	"2"	6	4		
"768.172"	"768.17004"	"1.2e+06"	D	"7.8663062"	"9.4803264"	"3s2.3p3.(4S*).4p"	"5P"	"1"	"3s2.3p3.(4S*).6s"	"5S*"	"2"	2	4		
"768.823"	"768.82433"	"2.0e+06"	D	"7.8676797"	"9.4803264"	"3s2.3p3.(4S*).4p"	"5P"	"2"	"3s2.3p3.(4S*).6s"	"5S*"	"2"	4	4		
"769.884"	"769.88446"	"2.8e+06"	D	"7.8699003"	"9.4803264"	"3s2.3p3.(4S*).4p"	"5P"	"3"	"3s2.3p3.(4S*).6s"	"5S*"	"2"	6	4		
"772.71721"	"772.71720"	"1.38e+00"	B	"1.1454415"	"2.7499638"	"3s2.3p4"	"1D"	"2"	"3s2.3p4"	"1S"	"0"	4	1	E2	
"789.266"	"789.2641"	"9.77e+04"	E	"8.4092488"	"9.9801324"	"3s2.3p3.(2D*).4s"	"3D*"	"2"	"3s2.3p3.(4S*).6f"	"3F"	"3"	4	6		
"789.320"	"789.3224"	"2.38e+05"	D+	"8.4092488"	"9.9800163u"	"3s2.3p3.(2D*).4s"	"3D*"	"2"	"3s2.3p3.(4S*).6f"	"5F"	"3"	4	6		
"789.320"	"789.3224"	"1.37e+05"	E	"8.4092488"	"9.9800163u"	"3s2.3p3.(2D*).4s"	"3D*"	"2"	"3s2.3p3.(4S*).6f"	"5F"	"2"	4	4		
"790.363"	"790.3670"	"9.44e+04"	D	"8.4114409"	"9.9801324"	"3s2.3p3.(2D*).4s"	"3D*"	"3"	"3s2.3p3.(4S*).6f"	"3F"	"4"	6	8		
"790.424"	"790.4255"	"2.18e+05"	D	"8.4114409"	"9.9800163u"	"3s2.3p3.(2D*).4s"	"3D*"	"3"	"3s2.3p3.(4S*).6f"	"5F"	"3"	6	6		
"790.424"	"790.4255"	"6.11e+05"	D+	"8.4114409"	"9.9800163u"	"3s2.3p3.(2D*).4s"	"3D*"	"3"	"3s2.3p3.(4S*).6f"	"5F"	"4"	6	8		
"790.424"	"790.4255"	"2.90e+04"	E	"8.4114409"	"9.9800163u"	"3s2.3p3.(2D*).4s"	"3D*"	"3"	"3s2.3p3.(4S*).6f"	"5F"	"2"	6	4		
"792.608"	"792.6041"	"7.12e+04"	E	"8.4157523"	"9.9800163u"	"3s2.3p3.(4S*).3d"	"5D*"	"4"	"3s2.3p3.(4S*).6f"	"5F"	"3"	8	6		
"792.608"	"792.6041"	"4.98e+06"	D+	"8.4157523"	"9.9800163u"	"3s2.3p3.(4S*).3d"	"5D*"	"4"	"3s2.3p3.(4S*).6f"	"5F"	"5"	8	10		
"792.608"	"792.6041"	"8.30e+05"	D	"8.4157523"	"9.9800163u"	"3s2.3p3.(4S*).3d"	"5D*"	"4"	"3s2.3p3.(4S*).6f"	"5F"	"4"	8	8		
"793.016"	"793.013"	"2.32e+06"	D	"8.4165589"	"9.980016u"	"3s2.3p3.(4S*).3d"	"5D*"	"0"	"3s2.3p3.(4S*).6f"	"5F"	"1"	1	2		
"793.100"	"793.0999"	"2.72e+06"	D	"8.4167303"	"9.9800163u"	"3s2.3p3.(4S*).3d"	"5D*"	"1"	"3s2.3p3.(4S*).6f"	"5F"	"2"	2	4		
"793.100"	"793.100"	"2.27e+06"	D	"8.4167303"	"9.980016u"	"3s2.3p3.(4S*).3d"	"5D*"	"1"	"3s2.3p3.(4S*).6f"	"5F"	"1"	2	2		
"793.246"	"793.2430"	"3.17e+06"	D	"8.4170122"	"9.9800163u"	"3s2.3p3.(4S*).3d"	"5D*"	"2"	"3s2.3p3.(4S*).6f"	"5F"	"3"	4	6		
"793.246"	"793.2430"	"1.85e+06"	D	"8.4170122"	"9.9800163u"	"3s2.3p3.(4S*).3d"	"5D*"	"2"	"3s2.3p3.(4S*).6f"	"5F"	"2"	4	4		
"793.246"	"793.243"	"3.09e+05"	E	"8.4170122"	"9.980016u"	"3s2.3p3.(4S*).3d"	"5D*"	"2"	"3s2.3p3.(4S*).6f"	"5F"	"1"	4	2		
"793.384"	"793.3824"	"1.27e+06"	D	"8.4172870"	"9.9800163u"	"3s2.3p3.(4S*).3d"	"5D*"	"3"	"3s2.3p3.(4S*).6f"	"5F"	"3"	6	6		
"793.384"	"793.3824"	"3.54e+06"	D	"8.4172870"	"9.9800163u"	"3s2.3p3.(4S*).3d"	"5D*"	"3"	"3s2.3p3.(4S*).6f"	"5F"	"4"	6	8		
"793.384"	"793.3824"	"1.70e+05"	E	"8.4172870"	"9.9800163u"	"3s2.3p3.(4S*).3d"	"5D*"	"3"	"3s2.3p3.(4S*).6f"	"5F"	"2"	6	4		
"812.523"	"812.523"	"1.07e+07"	D+	"8.4081522"	"9.934068"	"3s2.3p3.(2D*).4s"	"3D*"	"1"	"3s2.3p3.(4S*).7p"	"3P"	"0"	2	1		
"812.768"	"812.768"	"2.63e+06"	D+	"8.4081522"	"9.933609"	"3s2.3p3.(2D*).4s"	"3D*"	"1"	"3s2.3p3.(4S*).7p"	"3P"	"1"	2	2		
"813.352"	"813.352"	"7.49e+06"	C	"8.4092488"	"9.933609"	"3s2.3p3.(2D*).4s"	"3D*"	"2"	"3s2.3p3.(4S*).7p"	"3P"	"1"	4	2		
"813.525"	"813.5242"	"3.81e+04"	E	"8.04520228"	"9.569241"	"3s2.3p3.(4S*).4p"	"3P"	"1"	"3s2.3p3.(2P*).4s"	"3P*"	"2"	2	4		
"813.768"	"813.7638"	"1.14e+05"	E	"8.04565097"	"9.569241"	"3s2.3p3.(4S*).4p"	"3P"	"2"	"3s2.3p3.(2P*).4s"	"3P*"	"2"	4	4		
"813.841"	"813.8280"	"1.42e+06"	D+	"8.4092488"	"9.932718"	"3s2.3p3.(2D*).4s"	"3D*"	"2"	"3s2.3p3.(4S*).7p"	"3P"	"2"	4	4		
"815.005"	"815.0006"	"7.30e+06"	C	"8.4114409"	"9.932718"	"3s2.3p3.(2D*).4s"	"3D*"	"3"	"3s2.3p3.(4S*).7p"	"3P"	"2"	6	4		
"838.009"	"838.009"	"2.71e+05"	C+	"8.4157523"	"9.895261?"	"3s2.3p3.(4S*).3d"	"5D*"	"4"	"3s2.3p3.(4S*).7p"	"5P"	"3"	8	6		
"845.188"	"845.1833"	"1.7e+06"	D	"8.04520228"	"9.5121526"	"3s2.3p3.(4S*).4p"	"3P"	"1"	"3s2.3p3.(4S*).6s"	"3S*"	"1"	2	2		
"845.366"	"845.3563"	"5.7e+05"	D	"8.04550246"	"9.5121526"	"3s2.3p3.(4S*).4p"	"3P"	"0"	"3s2.3p3.(4S*).6s"	"3S*"	"1"	1	2		
"845.448"	"845.4419"	"2.8e+06"	D	"8.04565097"	"9.5121526"	"3s2.3p3.(4S*).4p"	"3P"	"2"	"3s2.3p3.(4S*).6s"	"3S*"	"1"	4	2		
"861.952"	"861.951"	"1.55e+07"	D+	"8.4081522"	"9.846566"	"3s2.3p3.(2D*).4s"	"3D*"	"1"	"3s2.3p3.(2D*).4p"	"3P"	"0"	2	1		
"862.900"	"862.8921"	"3.81e+06"	D+	"8.4081522"	"9.8449969"	"3s2.3p3.(2D*).4s"	"3D*"	"1"	"3s2.3p3.(2D*).4p"	"3P"	"1"	2	2		
"863.560"	"863.5512"	"1.13e+07"	C	"8.4092488"	"9.8449969"	"3s2.3p3.(2D*).4s"	"3D*"	"2"	"3s2.3p3.(2D*).4p"	"3P"	"1"	4	2		
"865.090"	"865.0925"	"1.39e+05"	D	"8.4081522"	"9.8413422"	"3s2.3p3.(2D*).4s"	"3D*"	"1"	"3s2.3p3.(2D*).4p"	"3P"	"2"	2	4		
"865.757"	"865.7550"	"2.16e+06"	D+	"8.4092488"	"9.8413422"	"3s2.3p3.(2D*).4s"	"3D*"	"2"	"3s2.3p3.(2D*).4p"	"3P"	"2"	4	4		
"867.087"	"867.0822"	"1.20e+07"	C	"8.4114409"	"9.8413422"	"3s2.3p3.(2D*).4s"	"3D*"	"3"	"3s2.3p3.(2D*).4p"	"3P"	"2"	6	4		
"867.260"	"867.2585"	"1.10e+07"	D+	"7.8663062"	"9.2959168"	"3s2.3p3.(4S*).4p"	"5P"	"1"	"3s2.3p3.(4S*).4d"	"5D*"	"0"	2	1		
"867.303"	"867.3010"	"8.23e+06"	D+	"7.8663062"	"9.2958468"	"3s2.3p3.(4S*).4p"	"5P"	"1"	"3s2.3p3.(4S*).4d"	"5D*"	"1"	2	2		
"867.374"	"867.3702"	"3.84e+06"	D+	"7.8663062"	"9.2957328"	"3s2.3p3.(4S*).4p"	"5P"	"1"	"3s2.3p3.(4S*).4d"	"5D*"	"2"	2	4		
"868.138"	"868.1351"	"2.75e+06"	D+	"7.8676797"	"9.2958468"	"3s2.3p3.(4S*).4p"	"5P"	"2"	"3s2.3p3.(4S*).4d"	"5D*"	"1"	4	2		
"868.203"	"868.2044"	"6.41e+06"	C	"7.8676797"	"9.2957328"	"3s2.3p3.(4S*).4p"	"5P"	"2"	"3s2.3p3.(4S*).4d"	"5D*"	"2"	4	4		
"868.284"	"868.2818"	"7.34e+06"	C	"7.8676797"	"9.2956056"	"3s2.3p3.(4S*).4p"	"5P"	"2"	"3s2.3p3.(4S*).4d"	"5D*"	"3"	4	6		
"869.563"	"869.5566"	"7.35e+05"	D+	"7.8699003"	"9.2957328"	"3s2.3p3.(4S*).4p"	"5P"	"3"	"3s2.3p3.(4S*).4d"	"5D*"	"2"	6	4		
"869.639"	"869.6342"	"3.68e+06"	D+	"7.8699003"	"9.2956056"	"3s2.3p3.(4S*).4p"	"5P"	"3"	"3s2.3p3.(4S*).4d"	"5D*"	"3"	6	6		
"869.710"	"869.7023"	"1.10e+07"	C	"7.8699003"	"9.2954938"	"3s2.3p3.(4S*).4p"	"5P"	"3"	"3s2.3p3.(4S*).4d"	"5D*"	"4"	6	8		
"882.799"	"882.7857"	"1.69e+05"	D	"8.4081522"	"9.8126177u"	"3s2.3p3.(2D*).4s"	"3D*"	"1"	"3s2.3p3.(4S*).5f"	"3F"	"2"	2	4		
"882.896"	"882.8843"	"1.11e+05"	D	"8.4081522"	"9.8124607u"	"3s2.3p3.(2D*).4s"	"3D*"	"1"	"3s2.3p3.(4S*).5f"	"5F"	"2"	2	4		
"882.896"	"882.884"	"9.25e+04"	E	"8.4081522"	"9.812461u"	"3s2.3p3.(2D*).4s"	"3D*"	"1"	"3s2.3p3.(4S*).5f"	"5F"	"1"	2	2		
"883.491"	"883.4755"	"1.66e+05"	D+	"8.4092488"	"9.8126177u"	"3s2.3p3.(2D*).4s"	"3D*"	"2"	"3s2.3p3.(4S*).5f"	"3F"	"3"	4	6		
"883.590"	"883.5743"	"4.00e+05"	D+	"8.4092488"	"9.8124607u"	"3s2.3p3.(2D*).4s"	"3D*"	"2"	"3s2.3p3.(4S*).5f"	"5F"	"3"	4	6		
"883.590"	"883.5743"	"2.33e+05"	D+	"8.4092488"	"9.8124607u"	"3s2.3p3.(2D*).4s"	"3D*"	"2"	"3s2.3p3.(4S*).5f"	"5F"	"2"	4	4		
"883.590"	"883.574"	"3.89e+04"	E	"8.4092488"	"9.812461u"	"3s2.3p3.(2D*).4s"	"3D*"	"2"	"3s2.3p3.(4S*).5f"	"5F"	"1"	4	2		
"884.872"	"884.8576"	"1.64e+05"	D+	"8.4114409"	"9.8126177u"	"3s2.3p3.(2D*).4s"	"3D*"	"3"	"3s2.3p3.(4S*).5f"	"3F"	"4"	6	8		
"884.971"	"884.9568"	"3.73e+05"	D+	"8.4114409"	"9.8124607u"	"3s2.3p3.(2D*).4s"	"3D*"	"3"	"3s2.3p3.(4S*).5f"	"5F"	"3"	6	6		
"884.971"	"884.9568"	"1.04e+06"	D+	"8.4114409"	"9.8124607u"	"3s2.3p3.(2D*).4s"	"3D*"	"3"	"3s2.3p3.(4S*).5f"	"5F"	"4"	6	8		
"884.971"	"884.9568"	"4.98e+04"	E	"8.4114409"	"9.8124607u"	"3s2.3p3.(2D*).4s"	"3D*"	"3"	"3s2.3p3.(4S*).5f"	"5F"	"2"	6	4		
"887.697"	"887.6885"	"1.24e+05"	E	"8.4157523"	"9.8124607u"	"3s2.3p3.(4S*).3d"	"5D*"	"4"	"3s2.3p3.(4S*).5f"	"5F"	"3"	8	6		
"887.697"	"887.6885"	"8.67e+06"	D+	"8.4157523"	"9.8124607u"	"3s2.3p3.(4S*).3d"	"5D*"	"4"	"3s2.3p3.(4S*).5f"	"5F"	"5"	8	10		
"887.697"	"887.6885"	"1.45e+06"	D	"8.4157523"	"9.8124607u"	"3s2.3p3.(4S*).3d"	"5D*"	"4"	"3s2.3p3.(4S*).5f"	"5F"	"4"	8	8		
"888.206"	"888.201"	"4.04e+06"	D	"8.4165589"	"9.812461u"	"3s2.3p3.(4S*).3d"	"5D*"	"0"	"3s2.3p3.(4S*).5f"	"5F"	"1"	1	2		
"888.314"	"888.3105"	"4.74e+06"	D	"8.4167303"	"9.8124607u"	"3s2.3p3.(4S*).3d"	"5D*"	"1"	"3s2.3p3.(4S*).5f"	"5F"	"2"	2	4		
"888.314"	"888.311"	"3.95e+06"	D	"8.4167303"	"9.812461u"	"3s2.3p3.(4S*).3d"	"5D*"	"1"	"3s2.3p3.(4S*).5f"	"5F"	"1"	2	2		
"888.491"	"888.490"	"5.39e+05"	E	"8.4170122"	"9.812461u"	"3s2.3p3.(4S*).3d"	"5D*"	"2"	"3s2.3p3.(4S*).5f"	"5F"	"1"	4	2		
"888.491"	"888.4900"	"5.54e+06"	D+	"8.4170122"	"9.8124607u"	"3s2.3p3.(4S*).3d"	"5D*"	"2"	"3s2.3p3.(4S*).5f"	"5F"	"3"	4	6		
"888.491"	"888.4900"	"3.23e+06"	D	"8.4170122"	"9.8124607u"	"3s2.3p3.(4S*).3d"	"5D*"	"2"	"3s2.3p3.(4S*).5f"	"5F"	"2"	4	4		
"888.667"	"888.6649"	"2.23e+06"	D	"8.4172870"	"9.8124607u"	"3s2.3p3.(4S*).3d"	"5D*"	"3"	"3s2.3p3.(4S*).5f"	"5F"	"3"	6	6		
"888.667"	"888.6649"	"2.97e+05"	E	"8.4172870"	"9.8124607u"	"3s2.3p3.(4S*).3d"	"5D*"	"3"	"3s2.3p3.(4S*).5f"	"5F"	"2"	6	4		
"888.667"	"888.6649"	"6.18e+06"	D+	"8.4172870"	"9.8124607u"	"3s2.3p3.(4S*).3d"	"5D*"	"3"	"3s2.3p3.(4S*).5f"	"5F"	"4"	6	8		
""	"897.2830"	"1.62e+06"	D	"8.6993029"	"10.081077u"	"3s2.3p3.(4S*).3d"	"3D*"	"1"	"3s2.3p3.(4S*).7f"	"3F"	"2"	2	4		
""	"897.4072"	"3.00e+05"	E	"8.6994942"	"10.081077u"	"3s2.3p3.(4S*).3d"	"3D*"	"2"	"3s2.3p3.(4S*).7f"	"3F"	"2"	4	4		
""	"897.407"	"1.71e+06"	D	"8.6994942"	"10.081077u"	"3s2.3p3.(4S*).3d"	"3D*"	"2"	"3s2.3p3.(4S*).7f"	"3F"	"3"	4	6		
""	"898.0343"	"8.54e+03"	E'	"8.7004589"	"10.081077u"	"3s2.3p3.(4S*).3d"	"3D*"	"3"	"3s2.3p3.(4S*).7f"	"3F"	"2"	6	4		
""	"898.0343"	"1.92e+06"	D	"8.7004589"	"10.0810766u"	"3s2.3p3.(4S*).3d"	"3D*"	"3"	"3s2.3p3.(4S*).7f"	"3F"	"4"	6	8		
""	"898.034"	"2.14e+05"	E	"8.7004589"	"10.081077u"	"3s2.3p3.(4S*).3d"	"3D*"	"3"	"3s2.3p3.(4S*).7f"	"3F"	"3"	6	6		
"903.840"	"903.8437"	"2.14e+06"	D+	"8.04565097"	"9.4173947"	"3s2.3p3.(4S*).4p"	"3P"	"2"	"3s2.3p3.(4S*).4d"	"3D*"	"3"	4	6		
"903.880"	"903.8845"	"1.62e+06"	D+	"8.04520228"	"9.4168842"	"3s2.3p3.(4S*).4p"	"3P"	"1"	"3s2.3p3.(4S*).4d"	"3D*"	"2"	2	4		
"903.921"	"903.9264"	"9.08e+05"	D	"8.04520228"	"9.4168206"	"3s2.3p3.(4S*).4p"	"3P"	"1"	"3s2.3p3.(4S*).4d"	"3D*"	"1"	2	2		
"904.120"	"904.1243"	"1.21e+06"	D+	"8.04550246"	"9.4168206"	"3s2.3p3.(4S*).4p"	"3P"	"0"	"3s2.3p3.(4S*).4d"	"3D*"	"1"	1	2		
"904.175"	"904.1803"	"5.44e+05"	D	"8.04565097"	"9.4168842"	"3s2.3p3.(4S*).4p"	"3P"	"2"	"3s2.3p3.(4S*).4d"	"3D*"	"2"	4	4		
""	"904.2222"	"6.08e+04"	E	"8.04565097"	"9.4168206"	"3s2.3p3.(4S*).4p"	"3P"	"2"	"3s2.3p3.(4S*).4d"	"3D*"	"1"	4	2		
"921.5379"	"921.53821"	"2.79e+07"	C	"6.5244955"	"7.8699003"	"3s2.3p3.(4S*).4s"	"5S*"	"2"	"3s2.3p3.(4S*).4p"	"5P"	"3"	4	6		
"923.0616"	"923.06173"	"2.77e+07"	C	"6.5244955"	"7.8676797"	"3s2.3p3.(4S*).4s"	"5S*"	"2"	"3s2.3p3.(4S*).4p"	"5P"	"2"	4	4		
"924.0068"	"924.00664"	"2.77e+07"	C	"6.5244955"	"7.8663062"	"3s2.3p3.(4S*).4s"	"5S*"	"2"	"3s2.3p3.(4S*).4p"	"5P"	"1"	4	2		
"941.5965"	"941.5965"	"2.25e+07"	C	"8.4114409"	"9.7281853"	"3s2.3p3.(2D*).4s"	"3D*"	"3"	"3s2.3p3.(2D*).4p"	"3F"	"4"	6	8		
"942.4456"	"942.4457"	"2.33e+07"	C	"8.4092488"	"9.7248069"	"3s2.3p3.(2D*).4s"	"3D*"	"2"	"3s2.3p3.(2D*).4p"	"3F"	"3"	4	6		
"943.9661"	"943.9665"	"2.30e+07"	C	"8.4081522"	"9.7215907"	"3s2.3p3.(2D*).4s"	"3D*"	"1"	"3s2.3p3.(2D*).4p"	"3F"	"2"	2	4		
"944.019"	"944.0186"	"1.02e+06"	D+	"8.4114409"	"9.7248069"	"3s2.3p3.(2D*).4s"	"3D*"	"3"	"3s2.3p3.(2D*).4p"	"3F"	"3"	6	6		
"944.762"	"944.7553"	"2.33e+06"	D+	"8.4092488"	"9.7215907"	"3s2.3p3.(2D*).4s"	"3D*"	"2"	"3s2.3p3.(2D*).4p"	"3F"	"2"	4	4		
"945.7996"	"945.7957"	"3.78e+06"	C+	"8.4172870"	"9.7281853"	"3s2.3p3.(4S*).3d"	"5D*"	"3"	"3s2.3p3.(2D*).4p"	"3F"	"4"	6	8		
""	"946.3360"	"1.88e+04"	E	"8.4114409"	"9.7215907"	"3s2.3p3.(2D*).4s"	"3D*"	"3"	"3s2.3p3.(2D*).4p"	"3F"	"2"	6	4		
"948.046"	"948.0403"	"1.70e+06"	C	"8.4170122"	"9.7248069"	"3s2.3p3.(4S*).3d"	"5D*"	"2"	"3s2.3p3.(2D*).4p"	"3F"	"3"	4	6		
"950.177"	"950.1721"	"5.48e+05"	D+	"8.4167303"	"9.7215907"	"3s2.3p3.(4S*).3d"	"5D*"	"1"	"3s2.3p3.(2D*).4p"	"3F"	"2"	2	4		
"963.5772"	"963.5771"	"9.95e+05"	D+	"8.4092488"	"9.6959565"	"3s2.3p3.(2D*).4s"	"3D*"	"2"	"3s2.3p3.(2D*).4p"	"3D"	"3"	4	6		
"965.2215"	"965.2214"	"1.99e+07"	C	"8.4114409"	"9.6959565"	"3s2.3p3.(2D*).4s"	"3D*"	"3"	"3s2.3p3.(2D*).4p"	"3D"	"3"	6	6		
"967.4936"	"967.4930"	"1.60e+07"	C	"8.4081522"	"9.6896519"	"3s2.3p3.(2D*).4s"	"3D*"	"1"	"3s2.3p3.(2D*).4p"	"3D"	"1"	2	2		
"967.5184"	"967.5178"	"2.00e+06"	D+	"8.4081522"	"9.6896190"	"3s2.3p3.(2D*).4s"	"3D*"	"1"	"3s2.3p3.(2D*).4p"	"3D"	"2"	2	4		
"968.015"	"967.999"	"2.75e+06"	D	"8.6993029"	"9.980133"	"3s2.3p3.(4S*).3d"	"3D*"	"1"	"3s2.3p3.(4S*).6f"	"3F"	"2"	2	4		
"968.157"	"968.143"	"5.08e+05"	D	"8.6994942"	"9.980133"	"3s2.3p3.(4S*).3d"	"3D*"	"2"	"3s2.3p3.(4S*).6f"	"3F"	"2"	4	4		
"968.157"	"968.1439"	"2.91e+06"	D	"8.6994942"	"9.9801324"	"3s2.3p3.(4S*).3d"	"3D*"	"2"	"3s2.3p3.(4S*).6f"	"3F"	"3"	4	6		
"968.3216"	"968.3216"	"5.12e+06"	D+	"8.4092488"	"9.6896519"	"3s2.3p3.(2D*).4s"	"3D*"	"2"	"3s2.3p3.(2D*).4p"	"3D"	"1"	4	2		
"968.3469"	"968.3465"	"1.67e+07"	C	"8.4092488"	"9.6896190"	"3s2.3p3.(2D*).4s"	"3D*"	"2"	"3s2.3p3.(2D*).4p"	"3D"	"2"	4	4		
"968.877"	"968.873"	"1.45e+04"	E	"8.7004589"	"9.980133"	"3s2.3p3.(4S*).3d"	"3D*"	"3"	"3s2.3p3.(4S*).6f"	"3F"	"2"	6	4		
"968.877"	"968.8737"	"3.27e+06"	D+	"8.7004589"	"9.9801324"	"3s2.3p3.(4S*).3d"	"3D*"	"3"	"3s2.3p3.(4S*).6f"	"3F"	"4"	6	8		
"968.877"	"968.8737"	"3.63e+05"	D	"8.7004589"	"9.9801324"	"3s2.3p3.(4S*).3d"	"3D*"	"3"	"3s2.3p3.(4S*).6f"	"3F"	"3"	6	6		
"969.6345"	"969.6344"	"3.37e+06"	C	"8.4172870"	"9.6959565"	"3s2.3p3.(4S*).3d"	"5D*"	"3"	"3s2.3p3.(2D*).4p"	"3D"	"3"	6	6		
"970.0068"	"970.0072"	"3.37e+06"	D+	"8.4114409"	"9.6896190"	"3s2.3p3.(2D*).4s"	"3D*"	"3"	"3s2.3p3.(2D*).4p"	"3D"	"2"	6	4		
"974.2540"	"974.2538"	"1.22e+06"	D+	"8.4170122"	"9.6896190"	"3s2.3p3.(4S*).3d"	"5D*"	"2"	"3s2.3p3.(2D*).4p"	"3D"	"2"	4	4		
"974.4633"	"974.4642"	"5.87e+05"	D+	"8.4172870"	"9.6896190"	"3s2.3p3.(4S*).3d"	"5D*"	"3"	"3s2.3p3.(2D*).4p"	"3D"	"2"	6	4		
""	"990.3729"	"8.59e+04"	D	"8.4081522"	"9.6600463"	"3s2.3p3.(2D*).4s"	"3D*"	"1"	"3s2.3p3.(4S*).6p"	"3P"	"1"	2	2		
"991.2416"	"991.2412"	"1.36e+06"	D+	"8.4092488"	"9.6600463"	"3s2.3p3.(2D*).4s"	"3D*"	"2"	"3s2.3p3.(4S*).6p"	"3P"	"1"	4	2		
"991.4874"	"991.4871"	"1.50e+06"	D	"8.4081522"	"9.6586395"	"3s2.3p3.(2D*).4s"	"3D*"	"1"	"3s2.3p3.(4S*).6p"	"3P"	"0"	2	1		
"992.632"	"992.6349"	"5.95e+04"	D	"8.4081522"	"9.6571934"	"3s2.3p3.(2D*).4s"	"3D*"	"1"	"3s2.3p3.(4S*).6p"	"3P"	"2"	2	4		
"993.5082"	"993.5072"	"6.07e+05"	D+	"8.4092488"	"9.6571934"	"3s2.3p3.(2D*).4s"	"3D*"	"2"	"3s2.3p3.(4S*).6p"	"3P"	"2"	4	4		
"995.2558"	"995.2554"	"1.01e+06"	D+	"8.4114409"	"9.6571934"	"3s2.3p3.(2D*).4s"	"3D*"	"3"	"3s2.3p3.(4S*).6p"	"3P"	"2"	6	4		
"996.1589"	"996.1596"	"2.02e+06"	D+	"8.4081522"	"9.6527740"	"3s2.3p3.(2D*).4s"	"3D*"	"1"	"3s2.3p3.(2D*).4p"	"1P"	"1"	2	2		
"999.9477"	"999.9480"	"1.22e+05"	D	"8.4172870"	"9.6571934"	"3s2.3p3.(4S*).3d"	"5D*"	"3"	"3s2.3p3.(4S*).6p"	"3P"	"2"	6	4		
"1002.1229"	"1002.1217"	"5.61e+05"	D+	"8.4157523"	"9.6529693"	"3s2.3p3.(4S*).3d"	"5D*"	"4"	"3s2.3p3.(4S*).6p"	"5P"	"3"	8	6		
"1003.3680"	"1003.3663"	"1.39e+05"	D+	"8.4172870"	"9.6529693"	"3s2.3p3.(4S*).3d"	"5D*"	"3"	"3s2.3p3.(4S*).6p"	"5P"	"3"	6	6		
"1003.4691"	"1003.4682"	"2.61e+05"	D+	"8.4170122"	"9.6525691"	"3s2.3p3.(4S*).3d"	"5D*"	"2"	"3s2.3p3.(4S*).6p"	"5P"	"2"	4	4		
"1003.4911"	"1003.4905"	"3.07e+05"	D+	"8.4167303"	"9.6522596"	"3s2.3p3.(4S*).3d"	"5D*"	"1"	"3s2.3p3.(4S*).6p"	"5P"	"1"	2	2		
"1003.6902"	"1003.6914"	"3.89e+05"	D+	"8.4172870"	"9.6525691"	"3s2.3p3.(4S*).3d"	"5D*"	"3"	"3s2.3p3.(4S*).6p"	"5P"	"2"	6	4		
"1003.7198"	"1003.7196"	"2.56e+05"	D	"8.4170122"	"9.6522596"	"3s2.3p3.(4S*).3d"	"5D*"	"2"	"3s2.3p3.(4S*).6p"	"5P"	"1"	4	2		
"1045.8306"	"1045.8308"	"2.17e+07"	B+	"6.8601418"	"8.04565097"	"3s2.3p3.(4S*).4s"	"3S*"	"1"	"3s2.3p3.(4S*).4p"	"3P"	"2"	2	4		
"1045.9617"	"1045.9618"	"2.18e+07"	B+	"6.8601418"	"8.04550246"	"3s2.3p3.(4S*).4s"	"3S*"	"1"	"3s2.3p3.(4S*).4p"	"3P"	"0"	2	1		
"1046.2268"	"1046.2267"	"2.18e+07"	B+	"6.8601418"	"8.04520228"	"3s2.3p3.(4S*).4s"	"3S*"	"1"	"3s2.3p3.(4S*).4p"	"3P"	"1"	2	2		
"1063.89400"	"1063.89396"	"2.07e+07"	C	"8.5844021"	"9.7497832"	"3s2.3p3.(2D*).4s"	"1D*"	"2"	"3s2.3p3.(2D*).4p"	"1F"	"3"	4	6		
"1082.4141"	"1082.4140"	"2.12e-02"	C	"0.00000000"	"1.1454415"	"3s2.3p4"	"3P"	"2"	"3s2.3p4"	"1D"	"2"	4	4	M1	
""	"1097.949"	"8.81e+04"	B+	"8.7660257"	"9.895261?"	"3s2.3p3.(4S*).5s"	"5S*"	"2"	"3s2.3p3.(4S*).7p"	"5P"	"3"	4	6		
"1113.648"	"1113.6491"	"5.36e+06"	D+	"8.6993029"	"9.8126177u"	"3s2.3p3.(4S*).3d"	"3D*"	"1"	"3s2.3p3.(4S*).5f"	"3F"	"2"	2	4		
"1113.8381"	"1113.8405"	"5.67e+06"	D+	"8.6994942"	"9.8126177u"	"3s2.3p3.(4S*).3d"	"3D*"	"2"	"3s2.3p3.(4S*).5f"	"3F"	"3"	4	6		
"1113.8381"	"1113.8405"	"9.91e+05"	D	"8.6994942"	"9.8126177u"	"3s2.3p3.(4S*).3d"	"3D*"	"2"	"3s2.3p3.(4S*).5f"	"3F"	"2"	4	4		
""	"1114.8066"	"7.07e+05"	D	"8.7004589"	"9.8126177u"	"3s2.3p3.(4S*).3d"	"3D*"	"3"	"3s2.3p3.(4S*).5f"	"3F"	"3"	6	6		
""	"1114.8066"	"2.83e+04"	E'	"8.7004589"	"9.8126177u"	"3s2.3p3.(4S*).3d"	"3D*"	"3"	"3s2.3p3.(4S*).5f"	"3F"	"2"	6	4		
"1114.8091"	"1114.8066"	"6.36e+06"	D+	"8.7004589"	"9.8126177u"	"3s2.3p3.(4S*).3d"	"3D*"	"3"	"3s2.3p3.(4S*).5f"	"3F"	"4"	6	8		
"1119.0360"	"1119.0355"	"1.23e+04"	E	"7.8663062"	"8.9742621"	"3s2.3p3.(4S*).4p"	"5P"	"1"	"3s.3p5"	"3P*"	"1"	2	2		
"1121.7757"	"1121.7753"	"3.39e+06"	E	"8.5844021"	"9.6896519"	"3s2.3p3.(2D*).4s"	"1D*"	"2"	"3s2.3p3.(2D*).4p"	"3D"	"1"	4	2		
""	"1130.8952"	"6.20e-03"	D	"0.04910475"	"1.1454415"	"3s2.3p4"	"3P"	"1"	"3s2.3p4"	"1D"	"2"	2	4	M1	
""	"1130.8952"	"1.87e-05"	C	"0.04910475"	"1.1454415"	"3s2.3p4"	"3P"	"1"	"3s2.3p4"	"1D"	"2"	2	4	E2	
"1131.230"	"1131.2234"	"3.47e+05"	D+	"8.4081522"	"9.5041709"	"3s2.3p3.(2D*).4s"	"3D*"	"1"	"3s2.3p3.(4S*).4f"	"3F"	"2"	2	4		
"1131.414"	"1131.4154"	"1.90e+05"	D+	"8.4081522"	"9.5039849"	"3s2.3p3.(2D*).4s"	"3D*"	"1"	"3s2.3p3.(4S*).4f"	"5F"	"1"	2	2		
"1134.630"	"1134.6299"	"3.01e+05"	D+	"8.4114409"	"9.5041690"	"3s2.3p3.(2D*).4s"	"3D*"	"3"	"3s2.3p3.(4S*).4f"	"3F"	"4"	6	8		
"1134.630"	"1134.6300"	"3.07e+04"	E	"8.4114409"	"9.5041689"	"3s2.3p3.(2D*).4s"	"3D*"	"3"	"3s2.3p3.(4S*).4f"	"3F"	"3"	6	6		
"1134.8281"	"1134.8253"	"7.53e+05"	C	"8.4114409"	"9.5039808"	"3s2.3p3.(2D*).4s"	"3D*"	"3"	"3s2.3p3.(4S*).4f"	"5F"	"3"	6	6		
"1134.8281"	"1134.8268"	"2.09e+06"	C+	"8.4114409"	"9.5039793"	"3s2.3p3.(2D*).4s"	"3D*"	"3"	"3s2.3p3.(4S*).4f"	"5F"	"4"	6	8		
""	"1139.3213"	"2.39e+05"	D	"8.4157523"	"9.5039808"	"3s2.3p3.(4S*).3d"	"5D*"	"4"	"3s2.3p3.(4S*).4f"	"5F"	"3"	8	6		
"1139.3233"	"1139.3229"	"2.79e+06"	D+	"8.4157523"	"9.5039793"	"3s2.3p3.(4S*).3d"	"5D*"	"4"	"3s2.3p3.(4S*).4f"	"5F"	"4"	8	8		
"1139.3233"	"1139.3230"	"1.68e+07"	C	"8.4157523"	"9.5039792"	"3s2.3p3.(4S*).3d"	"5D*"	"4"	"3s2.3p3.(4S*).4f"	"5F"	"5"	8	10		
""	"1139.952"	"5.13e+05"	E	"8.84644161"	"9.934068"	"3s2.3p3.(4S*).5s"	"3S*"	"1"	"3s2.3p3.(4S*).7p"	"3P"	"0"	2	1		
"1140.1613"	"1140.1622"	"7.81e+06"	D+	"8.4165589"	"9.5039849"	"3s2.3p3.(4S*).3d"	"5D*"	"0"	"3s2.3p3.(4S*).4f"	"5F"	"1"	1	2		
"1140.3426"	"1140.3419"	"7.62e+06"	D+	"8.4167303"	"9.5039849"	"3s2.3p3.(4S*).3d"	"5D*"	"1"	"3s2.3p3.(4S*).4f"	"5F"	"1"	2	2		
"1140.3426"	"1140.3447"	"9.14e+06"	D+	"8.4167303"	"9.5039822"	"3s2.3p3.(4S*).3d"	"5D*"	"1"	"3s2.3p3.(4S*).4f"	"5F"	"2"	2	4		
""	"1140.433"	"5.14e+05"	D	"8.84644161"	"9.933609"	"3s2.3p3.(4S*).5s"	"3S*"	"1"	"3s2.3p3.(4S*).7p"	"3P"	"1"	2	2		
""	"1140.6377"	"1.04e+06"	D	"8.4170122"	"9.5039849"	"3s2.3p3.(4S*).3d"	"5D*"	"2"	"3s2.3p3.(4S*).4f"	"5F"	"1"	4	2		
"1140.6408"	"1140.6405"	"6.22e+06"	D+	"8.4170122"	"9.5039822"	"3s2.3p3.(4S*).3d"	"5D*"	"2"	"3s2.3p3.(4S*).4f"	"5F"	"2"	4	4		
"1140.6408"	"1140.6420"	"1.06e+07"	D+	"8.4170122"	"9.5039808"	"3s2.3p3.(4S*).3d"	"5D*"	"2"	"3s2.3p3.(4S*).4f"	"5F"	"3"	4	6		
""	"1140.9289"	"5.70e+05"	D	"8.4172870"	"9.5039822"	"3s2.3p3.(4S*).3d"	"5D*"	"3"	"3s2.3p3.(4S*).4f"	"5F"	"2"	6	4		
"1140.9317"	"1140.9303"	"4.27e+06"	D+	"8.4172870"	"9.5039808"	"3s2.3p3.(4S*).3d"	"5D*"	"3"	"3s2.3p3.(4S*).4f"	"5F"	"3"	6	6		
"1140.9317"	"1140.9319"	"1.19e+07"	D+	"8.4172870"	"9.5039793"	"3s2.3p3.(4S*).3d"	"5D*"	"3"	"3s2.3p3.(4S*).4f"	"5F"	"4"	6	8		
""	"1141.369"	"5.13e+05"	D	"8.84644161"	"9.932718"	"3s2.3p3.(4S*).5s"	"3S*"	"1"	"3s2.3p3.(4S*).7p"	"3P"	"2"	2	4		
"1152.6505"	"1152.6506"	"1.60e+06"	C	"8.5844021"	"9.6600463"	"3s2.3p3.(2D*).4s"	"1D*"	"2"	"3s2.3p3.(4S*).6p"	"3P"	"1"	4	2		
""	"1154.0663"	"2.78e-06"	D	"0.07111681"	"1.1454415"	"3s2.3p4"	"3P"	"0"	"3s2.3p4"	"1D"	"2"	1	4	E2	
"1160.4968"	"1160.4966"	"1.31e+07"	C	"8.5844021"	"9.6527740"	"3s2.3p3.(2D*).4s"	"1D*"	"2"	"3s2.3p3.(2D*).4p"	"1P"	"1"	4	2		
""	"1185.94"	"2.72e+05"	D	"9.1650291"	"[10.21048]"	"3s2.3p3.(4S*).5p"	"5P"	"3"	"3s2.3p3.(4S*).10d"	"5D*"	"4"	6	8		
""	"1229.596"	"3.72e+05"	D	"9.1650291"	"10.173362"	"3s2.3p3.(4S*).5p"	"5P"	"3"	"3s2.3p3.(4S*).9d"	"5D*"	"4"	6	8		
""	"1239.688"	"3.50e+05"	E	"8.84644161"	"9.846566"	"3s2.3p3.(4S*).5s"	"3S*"	"1"	"3s2.3p3.(2D*).4p"	"3P"	"0"	2	1		
""	"1241.6358"	"3.68e+05"	D	"8.84644161"	"9.8449969"	"3s2.3p3.(4S*).5s"	"3S*"	"1"	"3s2.3p3.(2D*).4p"	"3P"	"1"	2	2		
""	"1246.1968"	"4.03e+05"	D	"8.84644161"	"9.8413422"	"3s2.3p3.(4S*).5s"	"3S*"	"1"	"3s2.3p3.(2D*).4p"	"3P"	"2"	2	4		
"1252.201"	"1252.1662"	"1.53e+05"	D+	"8.6994942"	"9.6896519"	"3s2.3p3.(4S*).3d"	"3D*"	"2"	"3s2.3p3.(2D*).4p"	"3D"	"1"	4	2		
"1252.201"	"1252.2077"	"3.38e+05"	D+	"8.6994942"	"9.6896190"	"3s2.3p3.(4S*).3d"	"3D*"	"2"	"3s2.3p3.(2D*).4p"	"3D"	"2"	4	4		
""	"1290.5028"	"1.56e+05"	E	"8.6993029"	"9.6600463"	"3s2.3p3.(4S*).3d"	"3D*"	"1"	"3s2.3p3.(4S*).6p"	"3P"	"1"	2	2		
""	"1290.7597"	"5.63e+05"	D	"8.6994942"	"9.6600463"	"3s2.3p3.(4S*).3d"	"3D*"	"2"	"3s2.3p3.(4S*).6p"	"3P"	"1"	4	2		
""	"1292.3952"	"8.36e+05"	E	"8.6993029"	"9.6586395"	"3s2.3p3.(4S*).3d"	"3D*"	"1"	"3s2.3p3.(4S*).6p"	"3P"	"0"	2	1		
""	"1294.3462"	"1.19e+04"	E'	"8.6993029"	"9.6571934"	"3s2.3p3.(4S*).3d"	"3D*"	"1"	"3s2.3p3.(4S*).6p"	"3P"	"2"	2	4		
""	"1294.6047"	"1.56e+05"	E	"8.6994942"	"9.6571934"	"3s2.3p3.(4S*).3d"	"3D*"	"2"	"3s2.3p3.(4S*).6p"	"3P"	"2"	4	4		
""	"1295.9101"	"6.50e+05"	D	"8.7004589"	"9.6571934"	"3s2.3p3.(4S*).3d"	"3D*"	"3"	"3s2.3p3.(4S*).6p"	"3P"	"2"	6	4		
""	"1297.401"	"5.27e+05"	D	"9.1650291"	"10.120664"	"3s2.3p3.(4S*).5p"	"5P"	"3"	"3s2.3p3.(4S*).8d"	"5D*"	"4"	6	8		
""	"1356.795"	"1.03e+05"	E	"9.1638256"	"10.077628"	"3s2.3p3.(4S*).5p"	"5P"	"1"	"3s2.3p3.(4S*).9s"	"5S*"	"2"	2	4		
""	"1357.471"	"1.72e+05"	D	"9.1642809"	"10.077628"	"3s2.3p3.(4S*).5p"	"5P"	"2"	"3s2.3p3.(4S*).9s"	"5S*"	"2"	4	4		
""	"1358.584"	"2.40e+05"	D	"9.1650291"	"10.077628"	"3s2.3p3.(4S*).5p"	"5P"	"3"	"3s2.3p3.(4S*).9s"	"5S*"	"2"	6	4		
"1378.0310"	"1378.0317"	"4.21e+06"	C	"7.8663062"	"8.7660257"	"3s2.3p3.(4S*).4p"	"5P"	"1"	"3s2.3p3.(4S*).5s"	"5S*"	"2"	2	4		
"1380.1384"	"1380.1387"	"7.00e+06"	C	"7.8676797"	"8.7660257"	"3s2.3p3.(4S*).4p"	"5P"	"2"	"3s2.3p3.(4S*).5s"	"5S*"	"2"	4	4		
"1383.5584"	"1383.5587"	"9.77e+06"	C	"7.8699003"	"8.7660257"	"3s2.3p3.(4S*).4p"	"5P"	"3"	"3s2.3p3.(4S*).5s"	"5S*"	"2"	6	4		
""	"1397.8814"	"3.15e+05"	D	"8.7660257"	"9.6529693"	"3s2.3p3.(4S*).5s"	"5S*"	"2"	"3s2.3p3.(4S*).6p"	"5P"	"3"	4	6		
""	"1398.5124"	"3.06e+05"	D	"8.7660257"	"9.6525691"	"3s2.3p3.(4S*).5s"	"5S*"	"2"	"3s2.3p3.(4S*).6p"	"5P"	"2"	4	4		
""	"1399.0008"	"3.05e+05"	D	"8.7660257"	"9.6522596"	"3s2.3p3.(4S*).5s"	"5S*"	"2"	"3s2.3p3.(4S*).6p"	"5P"	"1"	4	2		
""	"1413.568"	"7.69e+05"	D	"9.1650291"	"10.042130"	"3s2.3p3.(4S*).5p"	"5P"	"3"	"3s2.3p3.(4S*).7d"	"5D*"	"4"	6	8		
""	"1416.775"	"2.59e+05"	D	"9.2081239"	"10.083239"	"3s2.3p3.(4S*).5p"	"3P"	"2"	"3s2.3p3.(4S*).9s"	"3S*"	"1"	4	2		
""	"1416.986"	"1.56e+05"	E	"9.2082537"	"10.083239"	"3s2.3p3.(4S*).5p"	"3P"	"1"	"3s2.3p3.(4S*).9s"	"3S*"	"1"	2	2		
""	"1417.397"	"5.19e+04"	E	"9.2085080"	"10.083239"	"3s2.3p3.(4S*).5p"	"3P"	"0"	"3s2.3p3.(4S*).9s"	"3S*"	"1"	1	2		
""	"1456.82"	"6.96e+04"	E	"9.2954938"	"10.146554u"	"3s2.3p3.(4S*).4d"	"5D*"	"4"	"3s2.3p3.(4S*).8f"	"5F"	"4"	8	8		
""	"1456.82"	"5.96e+03"	E'	"9.2954938"	"10.146554u"	"3s2.3p3.(4S*).4d"	"5D*"	"4"	"3s2.3p3.(4S*).8f"	"5F"	"3"	8	6		
""	"1456.820"	"4.18e+05"	D	"9.2954938"	"10.146554u"	"3s2.3p3.(4S*).4d"	"5D*"	"4"	"3s2.3p3.(4S*).8f"	"5F"	"5"	8	10		
""	"1457.01"	"1.25e+05"	D	"9.2956056"	"10.146554u"	"3s2.3p3.(4S*).4d"	"5D*"	"3"	"3s2.3p3.(4S*).8f"	"5F"	"3"	6	6		
""	"1457.01"	"3.48e+05"	D	"9.2956056"	"10.146554u"	"3s2.3p3.(4S*).4d"	"5D*"	"3"	"3s2.3p3.(4S*).8f"	"5F"	"4"	6	8		
""	"1457.01"	"1.67e+04"	E	"9.2956056"	"10.146554u"	"3s2.3p3.(4S*).4d"	"5D*"	"3"	"3s2.3p3.(4S*).8f"	"5F"	"2"	6	4		
""	"1457.23"	"2.86e+05"	D	"9.2957328"	"10.146554u"	"3s2.3p3.(4S*).4d"	"5D*"	"2"	"3s2.3p3.(4S*).8f"	"5F"	"3"	4	6		
""	"1457.23"	"1.67e+05"	D	"9.2957328"	"10.146554u"	"3s2.3p3.(4S*).4d"	"5D*"	"2"	"3s2.3p3.(4S*).8f"	"5F"	"2"	4	4		
""	"1457.23"	"2.78e+04"	E	"9.2957328"	"10.146554u"	"3s2.3p3.(4S*).4d"	"5D*"	"2"	"3s2.3p3.(4S*).8f"	"5F"	"1"	4	2		
""	"1457.42"	"1.95e+05"	E	"9.2958468"	"10.146554u"	"3s2.3p3.(4S*).4d"	"5D*"	"1"	"3s2.3p3.(4S*).8f"	"5F"	"1"	2	2		
""	"1457.42"	"2.34e+05"	D	"9.2958468"	"10.146554u"	"3s2.3p3.(4S*).4d"	"5D*"	"1"	"3s2.3p3.(4S*).8f"	"5F"	"2"	2	4		
""	"1457.54"	"1.95e+05"	E	"9.2959168"	"10.146554u"	"3s2.3p3.(4S*).4d"	"5D*"	"0"	"3s2.3p3.(4S*).8f"	"5F"	"1"	1	2		
""	"1529.552"	"1.71e+05"	D	"9.1638256"	"9.974417"	"3s2.3p3.(4S*).5p"	"5P"	"1"	"3s2.3p3.(4S*).8s"	"5S*"	"2"	2	4		
""	"1530.412"	"2.83e+05"	D	"9.1642809"	"9.974417"	"3s2.3p3.(4S*).5p"	"5P"	"2"	"3s2.3p3.(4S*).8s"	"5S*"	"2"	4	4		
""	"1531.826"	"3.95e+05"	D	"9.1650291"	"9.974417"	"3s2.3p3.(4S*).5p"	"5P"	"3"	"3s2.3p3.(4S*).8s"	"5S*"	"2"	6	4		
"1540.4283"	"1540.4290"	"1.34e+07"	C	"8.6993029"	"9.5041709"	"3s2.3p3.(4S*).3d"	"3D*"	"1"	"3s2.3p3.(4S*).4f"	"3F"	"2"	2	4		
"1540.7993"	"1540.7952"	"2.48e+06"	D+	"8.6994942"	"9.5041709"	"3s2.3p3.(4S*).3d"	"3D*"	"2"	"3s2.3p3.(4S*).4f"	"3F"	"2"	4	4		
"1540.7993"	"1540.7990"	"1.42e+07"	C	"8.6994942"	"9.5041689"	"3s2.3p3.(4S*).3d"	"3D*"	"2"	"3s2.3p3.(4S*).4f"	"3F"	"3"	4	6		
""	"1542.6446"	"7.10e+04"	E	"8.7004589"	"9.5041709"	"3s2.3p3.(4S*).3d"	"3D*"	"3"	"3s2.3p3.(4S*).4f"	"3F"	"2"	6	4		
"1542.6485"	"1542.6482"	"1.60e+07"	C	"8.7004589"	"9.5041690"	"3s2.3p3.(4S*).3d"	"3D*"	"3"	"3s2.3p3.(4S*).4f"	"3F"	"4"	6	8		
"1542.6485"	"1542.6485"	"1.77e+06"	D+	"8.7004589"	"9.5041689"	"3s2.3p3.(4S*).3d"	"3D*"	"3"	"3s2.3p3.(4S*).4f"	"3F"	"3"	6	6		
"1547.4053"	"1547.4053"	"5.88e+06"	C	"8.04520228"	"8.84644161"	"3s2.3p3.(4S*).4p"	"3P"	"1"	"3s2.3p3.(4S*).5s"	"3S*"	"1"	2	2		
"1547.9853"	"1547.9852"	"1.96e+06"	C	"8.04550246"	"8.84644161"	"3s2.3p3.(4S*).4p"	"3P"	"0"	"3s2.3p3.(4S*).5s"	"3S*"	"1"	1	2		
"1548.2725"	"1548.2723"	"9.79e+06"	C	"8.04565097"	"8.84644161"	"3s2.3p3.(4S*).4p"	"3P"	"2"	"3s2.3p3.(4S*).5s"	"3S*"	"1"	4	2		
""	"1578.398"	"8.12e+03"	E	"9.2954938"	"10.081000u"	"3s2.3p3.(4S*).4d"	"5D*"	"4"	"3s2.3p3.(4S*).7f"	"5F"	"3"	8	6		
""	"1578.398"	"9.48e+04"	D	"9.2954938"	"10.081000u"	"3s2.3p3.(4S*).4d"	"5D*"	"4"	"3s2.3p3.(4S*).7f"	"5F"	"4"	8	8		
""	"1578.398"	"5.69e+05"	D+	"9.2954938"	"10.081000u"	"3s2.3p3.(4S*).4d"	"5D*"	"4"	"3s2.3p3.(4S*).7f"	"5F"	"5"	8	10		
""	"1578.623"	"2.27e+04"	E	"9.2956056"	"10.081000u"	"3s2.3p3.(4S*).4d"	"5D*"	"3"	"3s2.3p3.(4S*).7f"	"5F"	"2"	6	4		
""	"1578.623"	"1.71e+05"	D	"9.2956056"	"10.081000u"	"3s2.3p3.(4S*).4d"	"5D*"	"3"	"3s2.3p3.(4S*).7f"	"5F"	"3"	6	6		
""	"1578.623"	"4.74e+05"	D	"9.2956056"	"10.081000u"	"3s2.3p3.(4S*).4d"	"5D*"	"3"	"3s2.3p3.(4S*).7f"	"5F"	"4"	6	8		
""	"1578.879"	"2.27e+05"	D	"9.2957328"	"10.081000u"	"3s2.3p3.(4S*).4d"	"5D*"	"2"	"3s2.3p3.(4S*).7f"	"5F"	"2"	4	4		
""	"1578.879"	"3.90e+05"	D	"9.2957328"	"10.081000u"	"3s2.3p3.(4S*).4d"	"5D*"	"2"	"3s2.3p3.(4S*).7f"	"5F"	"3"	4	6		
""	"1578.879"	"3.79e+04"	E	"9.2957328"	"10.081000u"	"3s2.3p3.(4S*).4d"	"5D*"	"2"	"3s2.3p3.(4S*).7f"	"5F"	"1"	4	2		
""	"1579.108"	"2.65e+05"	D	"9.2958468"	"10.081000u"	"3s2.3p3.(4S*).4d"	"5D*"	"1"	"3s2.3p3.(4S*).7f"	"5F"	"1"	2	2		
""	"1579.108"	"3.19e+05"	D	"9.2958468"	"10.081000u"	"3s2.3p3.(4S*).4d"	"5D*"	"1"	"3s2.3p3.(4S*).7f"	"5F"	"2"	2	4		
""	"1579.249"	"2.65e+05"	D	"9.2959168"	"10.081000u"	"3s2.3p3.(4S*).4d"	"5D*"	"0"	"3s2.3p3.(4S*).7f"	"5F"	"1"	1	2		
""	"1599.250"	"4.30e+05"	D	"9.2081239"	"9.983389"	"3s2.3p3.(4S*).5p"	"3P"	"2"	"3s2.3p3.(4S*).8s"	"3S*"	"1"	4	2		
""	"1599.518"	"2.59e+05"	D	"9.2082537"	"9.983389"	"3s2.3p3.(4S*).5p"	"3P"	"1"	"3s2.3p3.(4S*).8s"	"3S*"	"1"	2	2		
""	"1600.042"	"8.62e+04"	E	"9.2085080"	"9.983389"	"3s2.3p3.(4S*).5p"	"3P"	"0"	"3s2.3p3.(4S*).8s"	"3S*"	"1"	1	2		
""	"1644.41"	"3.96e+05"	D	"9.1638256"	"9.917801u"	"3s2.3p3.(4S*).5p"	"5P"	"1"	"3s2.3p3.(4S*).6d"	"5D*"	"2"	2	4		
""	"1645.40"	"6.61e+05"	D	"9.1642809"	"9.917801u"	"3s2.3p3.(4S*).5p"	"5P"	"2"	"3s2.3p3.(4S*).6d"	"5D*"	"2"	4	4		
""	"1645.479"	"7.56e+05"	D+	"9.1642809"	"9.9177647"	"3s2.3p3.(4S*).5p"	"5P"	"2"	"3s2.3p3.(4S*).6d"	"5D*"	"3"	4	6		
""	"1647.04"	"7.58e+04"	E	"9.1650291"	"9.917801u"	"3s2.3p3.(4S*).5p"	"5P"	"3"	"3s2.3p3.(4S*).6d"	"5D*"	"2"	6	4		
""	"1647.115"	"3.79e+05"	D	"9.1650291"	"9.9177647"	"3s2.3p3.(4S*).5p"	"5P"	"3"	"3s2.3p3.(4S*).6d"	"5D*"	"3"	6	6		
""	"1647.162"	"1.14e+06"	D+	"9.1650291"	"9.9177434"	"3s2.3p3.(4S*).5p"	"5P"	"3"	"3s2.3p3.(4S*).6d"	"5D*"	"4"	6	8		
"1654.7191"	"1654.7182"	"1.65e+06"	C+	"8.4157523"	"9.1650291"	"3s2.3p3.(4S*).3d"	"5D*"	"4"	"3s2.3p3.(4S*).5p"	"5P"	"3"	8	6		
"1658.1155"	"1658.1144"	"3.67e+05"	C	"8.4172870"	"9.1650291"	"3s2.3p3.(4S*).3d"	"5D*"	"3"	"3s2.3p3.(4S*).5p"	"5P"	"3"	6	6		
"1658.541"	"1658.5393"	"1.88e+05"	D+	"8.4167303"	"9.1642809"	"3s2.3p3.(4S*).3d"	"5D*"	"1"	"3s2.3p3.(4S*).5p"	"5P"	"2"	2	4		
"1659.1650"	"1659.1650"	"7.00e+05"	C	"8.4170122"	"9.1642809"	"3s2.3p3.(4S*).3d"	"5D*"	"2"	"3s2.3p3.(4S*).5p"	"5P"	"2"	4	4		
"1659.1705"	"1659.1694"	"4.30e+05"	D+	"8.4165589"	"9.1638256"	"3s2.3p3.(4S*).3d"	"5D*"	"0"	"3s2.3p3.(4S*).5p"	"5P"	"1"	1	2		
"1659.5489"	"1659.5500"	"9.44e+05"	C	"8.4167303"	"9.1638256"	"3s2.3p3.(4S*).3d"	"5D*"	"1"	"3s2.3p3.(4S*).5p"	"5P"	"1"	2	2		
"1659.7726"	"1659.7753"	"1.03e+06"	C	"8.4172870"	"9.1642809"	"3s2.3p3.(4S*).3d"	"5D*"	"3"	"3s2.3p3.(4S*).5p"	"5P"	"2"	6	4		
"1660.1773"	"1660.1765"	"7.01e+05"	C	"8.4170122"	"9.1638256"	"3s2.3p3.(4S*).3d"	"5D*"	"2"	"3s2.3p3.(4S*).5p"	"5P"	"1"	4	2		
"1811.2507"	"1811.2510"	"7.46e+05"	D+	"9.2954938"	"9.9800163u"	"3s2.3p3.(4S*).4d"	"5D*"	"4"	"3s2.3p3.(4S*).6f"	"5F"	"5"	8	10		
""	"1811.251"	"1.24e+05"	D	"9.2954938"	"9.9800163u"	"3s2.3p3.(4S*).4d"	"5D*"	"4"	"3s2.3p3.(4S*).6f"	"5F"	"4"	8	8		
""	"1811.251"	"1.07e+04"	E	"9.2954938"	"9.9800163u"	"3s2.3p3.(4S*).4d"	"5D*"	"4"	"3s2.3p3.(4S*).6f"	"5F"	"3"	8	6		
"1811.547"	"1811.547"	"6.22e+05"	D+	"9.2956056"	"9.9800163u"	"3s2.3p3.(4S*).4d"	"5D*"	"3"	"3s2.3p3.(4S*).6f"	"5F"	"4"	6	8		
""	"1811.547"	"2.24e+05"	D	"9.2956056"	"9.9800163u"	"3s2.3p3.(4S*).4d"	"5D*"	"3"	"3s2.3p3.(4S*).6f"	"5F"	"3"	6	6		
""	"1811.547"	"2.99e+04"	E	"9.2956056"	"9.9800163u"	"3s2.3p3.(4S*).4d"	"5D*"	"3"	"3s2.3p3.(4S*).6f"	"5F"	"2"	6	4		
"1811.884"	"1811.883"	"5.12e+05"	D+	"9.2957328"	"9.9800163u"	"3s2.3p3.(4S*).4d"	"5D*"	"2"	"3s2.3p3.(4S*).6f"	"5F"	"3"	4	6		
""	"1811.883"	"2.99e+05"	D	"9.2957328"	"9.9800163u"	"3s2.3p3.(4S*).4d"	"5D*"	"2"	"3s2.3p3.(4S*).6f"	"5F"	"2"	4	4		
""	"1811.883"	"4.98e+04"	E	"9.2957328"	"9.980016u"	"3s2.3p3.(4S*).4d"	"5D*"	"2"	"3s2.3p3.(4S*).6f"	"5F"	"1"	4	2		
""	"1812.185"	"3.49e+05"	D	"9.2958468"	"9.980016u"	"3s2.3p3.(4S*).4d"	"5D*"	"1"	"3s2.3p3.(4S*).6f"	"5F"	"1"	2	2		
"1812.187"	"1812.185"	"4.18e+05"	D	"9.2958468"	"9.9800163u"	"3s2.3p3.(4S*).4d"	"5D*"	"1"	"3s2.3p3.(4S*).6f"	"5F"	"2"	2	4		
""	"1812.371"	"3.49e+05"	D	"9.2959168"	"9.980016u"	"3s2.3p3.(4S*).4d"	"5D*"	"0"	"3s2.3p3.(4S*).6f"	"5F"	"1"	1	2		
""	"1866.512"	"7.61e+05"	D+	"9.4168206"	"10.081077u"	"3s2.3p3.(4S*).4d"	"3D*"	"1"	"3s2.3p3.(4S*).7f"	"3F"	"2"	2	4		
"1866.699"	"1866.691"	"1.41e+05"	D	"9.4168842"	"10.081077u"	"3s2.3p3.(4S*).4d"	"3D*"	"2"	"3s2.3p3.(4S*).7f"	"3F"	"2"	4	4		
"1866.699"	"1866.691"	"8.06e+05"	D+	"9.4168842"	"10.081077u"	"3s2.3p3.(4S*).4d"	"3D*"	"2"	"3s2.3p3.(4S*).7f"	"3F"	"3"	4	6		
"1868.125"	"1868.127"	"9.05e+05"	D+	"9.4173947"	"10.0810766u"	"3s2.3p3.(4S*).4d"	"3D*"	"3"	"3s2.3p3.(4S*).7f"	"3F"	"4"	6	8		
""	"1868.127"	"4.02e+03"	E'	"9.4173947"	"10.081077u"	"3s2.3p3.(4S*).4d"	"3D*"	"3"	"3s2.3p3.(4S*).7f"	"3F"	"2"	6	4		
""	"1868.127"	"1.01e+05"	D	"9.4173947"	"10.081077u"	"3s2.3p3.(4S*).4d"	"3D*"	"3"	"3s2.3p3.(4S*).7f"	"3F"	"3"	6	6		
"1893.4452"	"1893.4438"	"7.59e+06"	C+	"8.04565097"	"8.7004589"	"3s2.3p3.(4S*).4p"	"3P"	"2"	"3s2.3p3.(4S*).3d"	"3D*"	"3"	4	6		
"1894.9389"	"1894.9371"	"5.66e+06"	C	"8.04520228"	"8.6994942"	"3s2.3p3.(4S*).4p"	"3P"	"1"	"3s2.3p3.(4S*).3d"	"3D*"	"2"	2	4		
"1895.4885"	"1895.4911"	"3.13e+06"	C	"8.04520228"	"8.6993029"	"3s2.3p3.(4S*).4p"	"3P"	"1"	"3s2.3p3.(4S*).3d"	"3D*"	"1"	2	2		
"1896.240"	"1896.2374"	"1.88e+06"	C	"8.04565097"	"8.6994942"	"3s2.3p3.(4S*).4p"	"3P"	"2"	"3s2.3p3.(4S*).3d"	"3D*"	"2"	4	4		
"1896.363"	"1896.3614"	"4.18e+06"	C	"8.04550246"	"8.6993029"	"3s2.3p3.(4S*).4p"	"3P"	"0"	"3s2.3p3.(4S*).3d"	"3D*"	"1"	1	2		
"1896.7881"	"1896.7923"	"2.08e+05"	D+	"8.04565097"	"8.6993029"	"3s2.3p3.(4S*).4p"	"3P"	"2"	"3s2.3p3.(4S*).3d"	"3D*"	"1"	4	2		
"1942.979"	"1942.982"	"3.21e+05"	D	"9.1638256"	"9.8019384"	"3s2.3p3.(4S*).5p"	"5P"	"1"	"3s2.3p3.(4S*).7s"	"5S*"	"2"	2	4		
"1944.367"	"1944.370"	"5.33e+05"	D	"9.1642809"	"9.8019384"	"3s2.3p3.(4S*).5p"	"5P"	"2"	"3s2.3p3.(4S*).7s"	"5S*"	"2"	4	4		
"1946.654"	"1946.654"	"7.44e+05"	D+	"9.1650291"	"9.8019384"	"3s2.3p3.(4S*).5p"	"5P"	"3"	"3s2.3p3.(4S*).7s"	"5S*"	"2"	6	4		
""	"1982.58"	"2.17e+03"	E'	"9.4168206"	"10.042189"	"3s2.3p3.(4S*).4d"	"3D*"	"1"	"3s2.3p3.(4S*).8p"	"3P"	"2"	2	4		
""	"1982.71"	"2.15e+05"	E	"9.4168206"	"10.042149"	"3s2.3p3.(4S*).4d"	"3D*"	"1"	"3s2.3p3.(4S*).8p"	"3P"	"0"	2	1		
""	"1982.74"	"5.40e+04"	E	"9.4168206"	"10.042139"	"3s2.3p3.(4S*).4d"	"3D*"	"1"	"3s2.3p3.(4S*).8p"	"3P"	"1"	2	2		
""	"1982.78"	"3.25e+04"	E	"9.4168842"	"10.042189"	"3s2.3p3.(4S*).4d"	"3D*"	"2"	"3s2.3p3.(4S*).8p"	"3P"	"2"	4	4		
""	"1982.94"	"1.62e+05"	D	"9.4168842"	"10.042139"	"3s2.3p3.(4S*).4d"	"3D*"	"2"	"3s2.3p3.(4S*).8p"	"3P"	"1"	4	2		
""	"1984.40"	"1.82e+05"	D	"9.4173947"	"10.042189"	"3s2.3p3.(4S*).4d"	"3D*"	"3"	"3s2.3p3.(4S*).8p"	"3P"	"2"	6	4		
""	"2033.834"	"8.13e+05"	D+	"9.2081239"	"9.817732"	"3s2.3p3.(4S*).5p"	"3P"	"2"	"3s2.3p3.(4S*).7s"	"3S*"	"1"	4	2		
""	"2034.267"	"4.89e+05"	D	"9.2082537"	"9.817732"	"3s2.3p3.(4S*).5p"	"3P"	"1"	"3s2.3p3.(4S*).7s"	"3S*"	"1"	2	2		
""	"2035.116"	"1.63e+05"	D	"9.2085080"	"9.817732"	"3s2.3p3.(4S*).5p"	"3P"	"0"	"3s2.3p3.(4S*).7s"	"3S*"	"1"	1	2		
""	"2067.21"	"3.05e+05"	D	"9.2954938"	"9.895261?"	"3s2.3p3.(4S*).4d"	"5D*"	"4"	"3s2.3p3.(4S*).7p"	"5P"	"3"	8	6		
""	"2067.59"	"7.91e+04"	D	"9.2956056"	"9.895261?"	"3s2.3p3.(4S*).4d"	"5D*"	"3"	"3s2.3p3.(4S*).7p"	"5P"	"3"	6	6		
""	"2068.03"	"1.13e+04"	E	"9.2957328"	"9.895261?"	"3s2.3p3.(4S*).4d"	"5D*"	"2"	"3s2.3p3.(4S*).7p"	"5P"	"3"	4	6		
"2144.830"	"2144.827"	"1.32e+05"	D+	"9.5039792"	"10.0820408"	"3s2.3p3.(4S*).4f"	"5F"	"5"	"3s2.3p3.(4S*).7g"	""	""	10	72		
"2144.830"	"2144.827"	"1.08e+05"	D+	"9.5039793"	"10.0820408"	"3s2.3p3.(4S*).4f"	"5F"	"4"	"3s2.3p3.(4S*).7g"	""	""	8	72		
"2144.830"	"2144.833"	"8.36e+04"	D+	"9.5039808"	"10.0820408"	"3s2.3p3.(4S*).4f"	"5F"	"3"	"3s2.3p3.(4S*).7g"	""	""	6	72		
"2144.830"	"2144.838"	"5.98e+04"	D	"9.5039822"	"10.0820408"	"3s2.3p3.(4S*).4f"	"5F"	"2"	"3s2.3p3.(4S*).7g"	""	""	4	72		
"2144.830"	"2144.848"	"3.59e+04"	E	"9.5039849"	"10.0820408"	"3s2.3p3.(4S*).4f"	"5F"	"1"	"3s2.3p3.(4S*).7g"	""	""	2	72		
"2145.532"	"2145.531"	"1.07e+05"	D+	"9.5041690"	"10.0820408"	"3s2.3p3.(4S*).4f"	"3F"	"4"	"3s2.3p3.(4S*).7g"	""	""	8	72		
"2145.532"	"2145.531"	"8.34e+04"	D+	"9.5041689"	"10.0820408"	"3s2.3p3.(4S*).4f"	"3F"	"3"	"3s2.3p3.(4S*).7g"	""	""	6	72		
"2145.532"	"2145.538"	"5.96e+04"	D	"9.5041709"	"10.0820408"	"3s2.3p3.(4S*).4f"	"3F"	"2"	"3s2.3p3.(4S*).7g"	""	""	4	72		
"2200.981"	"2200.985"	"1.19e+06"	D+	"9.4168206"	"9.980133"	"3s2.3p3.(4S*).4d"	"3D*"	"1"	"3s2.3p3.(4S*).6f"	"3F"	"2"	2	4		
""	"2201.234"	"2.21e+05"	D	"9.4168842"	"9.980133"	"3s2.3p3.(4S*).4d"	"3D*"	"2"	"3s2.3p3.(4S*).6f"	"3F"	"2"	4	4		
"2201.236"	"2201.236"	"1.26e+06"	D+	"9.4168842"	"9.9801324"	"3s2.3p3.(4S*).4d"	"3D*"	"2"	"3s2.3p3.(4S*).6f"	"3F"	"3"	4	6		
"2203.228"	"2203.233"	"1.42e+06"	D+	"9.4173947"	"9.9801324"	"3s2.3p3.(4S*).4d"	"3D*"	"3"	"3s2.3p3.(4S*).6f"	"3F"	"4"	6	8		
""	"2203.233"	"1.58e+05"	D	"9.4173947"	"9.9801324"	"3s2.3p3.(4S*).4d"	"3D*"	"3"	"3s2.3p3.(4S*).6f"	"3F"	"3"	6	6		
""	"2203.231"	"6.31e+03"	E	"9.4173947"	"9.980133"	"3s2.3p3.(4S*).4d"	"3D*"	"3"	"3s2.3p3.(4S*).6f"	"3F"	"2"	6	4		
""	"2223.88"	"1.17e+05"	D	"9.6529693"	"[10.21048]"	"3s2.3p3.(4S*).6p"	"5P"	"3"	"3s2.3p3.(4S*).10d"	"5D*"	"4"	6	8		
""	"2240.81"	"2.36e+03"	E'	"9.6571934"	"10.210494"	"3s2.3p3.(4S*).6p"	"3P"	"2"	"3s2.3p3.(4S*).10d"	"3D*"	"1"	4	2		
""	"2241.23"	"1.78e+04"	E	"9.6571934"	"10.210390"	"3s2.3p3.(4S*).6p"	"3P"	"2"	"3s2.3p3.(4S*).10d"	"3D*"	"2"	4	4		
""	"2242.04"	"5.72e+04"	D	"9.6571934"	"10.210192"	"3s2.3p3.(4S*).6p"	"3P"	"2"	"3s2.3p3.(4S*).10d"	"3D*"	"3"	4	6		
""	"2246.68"	"3.49e+04"	E	"9.6586395"	"10.210494"	"3s2.3p3.(4S*).6p"	"3P"	"0"	"3s2.3p3.(4S*).10d"	"3D*"	"1"	1	2		
"2251.374"	"2251.3679"	"1.31e+06"	C	"7.8663062"	"8.4170122"	"3s2.3p3.(4S*).4p"	"5P"	"1"	"3s2.3p3.(4S*).3d"	"5D*"	"2"	2	4		
""	"2252.42"	"1.97e+04"	E	"9.6600463"	"10.210494"	"3s2.3p3.(4S*).6p"	"3P"	"1"	"3s2.3p3.(4S*).10d"	"3D*"	"1"	2	2		
"2252.517"	"2252.5211"	"2.80e+06"	C	"7.8663062"	"8.4167303"	"3s2.3p3.(4S*).4p"	"5P"	"1"	"3s2.3p3.(4S*).3d"	"5D*"	"1"	2	2		
""	"2252.85"	"4.94e+04"	D	"9.6600463"	"10.210390"	"3s2.3p3.(4S*).6p"	"3P"	"1"	"3s2.3p3.(4S*).10d"	"3D*"	"2"	2	4		
"2253.220"	"2253.2226"	"3.74e+06"	C	"7.8663062"	"8.4165589"	"3s2.3p3.(4S*).4p"	"5P"	"1"	"3s2.3p3.(4S*).3d"	"5D*"	"0"	2	1		
"2255.868"	"2255.8691"	"2.48e+06"	C	"7.8676797"	"8.4172870"	"3s2.3p3.(4S*).4p"	"5P"	"2"	"3s2.3p3.(4S*).3d"	"5D*"	"3"	4	6		
"2256.994"	"2256.9973"	"2.16e+06"	C	"7.8676797"	"8.4170122"	"3s2.3p3.(4S*).4p"	"5P"	"2"	"3s2.3p3.(4S*).3d"	"5D*"	"2"	4	4		
"2258.159"	"2258.1563"	"9.27e+05"	C	"7.8676797"	"8.4167303"	"3s2.3p3.(4S*).4p"	"5P"	"2"	"3s2.3p3.(4S*).3d"	"5D*"	"1"	4	2		
""	"2260.383"	"6.40e+03"	E	"9.2081239"	"9.7566336"	"3s2.3p3.(4S*).5p"	"3P"	"2"	"3s2.3p3.(4S*).5d"	"3D*"	"1"	4	2		
"2260.745"	"2260.748"	"2.28e+05"	D	"9.2081239"	"9.7565451"	"3s2.3p3.(4S*).5p"	"3P"	"2"	"3s2.3p3.(4S*).5d"	"3D*"	"3"	4	6		
""	"2260.918"	"9.65e+04"	D	"9.2082537"	"9.7566336"	"3s2.3p3.(4S*).5p"	"3P"	"1"	"3s2.3p3.(4S*).5d"	"3D*"	"1"	2	2		
""	"2260.959"	"5.77e+04"	D	"9.2081239"	"9.7564939"	"3s2.3p3.(4S*).5p"	"3P"	"2"	"3s2.3p3.(4S*).5d"	"3D*"	"2"	4	4		
"2261.489"	"2261.494"	"1.74e+05"	D	"9.2082537"	"9.7564939"	"3s2.3p3.(4S*).5p"	"3P"	"1"	"3s2.3p3.(4S*).5d"	"3D*"	"2"	2	4		
"2261.963"	"2261.967"	"1.29e+05"	D	"9.2085080"	"9.7566336"	"3s2.3p3.(4S*).5p"	"3P"	"0"	"3s2.3p3.(4S*).5d"	"3D*"	"1"	1	2		
"2265.018"	"2265.0205"	"1.22e+06"	C	"7.8699003"	"8.4172870"	"3s2.3p3.(4S*).4p"	"5P"	"3"	"3s2.3p3.(4S*).3d"	"5D*"	"3"	6	6		
"2266.154"	"2266.1580"	"2.45e+05"	C	"7.8699003"	"8.4170122"	"3s2.3p3.(4S*).4p"	"5P"	"3"	"3s2.3p3.(4S*).3d"	"5D*"	"2"	6	4		
"2271.393"	"2271.3887"	"3.65e+06"	C+	"7.8699003"	"8.4157523"	"3s2.3p3.(4S*).4p"	"5P"	"3"	"3s2.3p3.(4S*).3d"	"5D*"	"4"	6	8		
"2280.125"	"2280.1225"	"3.03e+05"	C+	"7.8676797"	"8.4114409"	"3s2.3p3.(4S*).4p"	"5P"	"2"	"3s2.3p3.(2D*).4s"	"3D*"	"3"	4	6		
"2283.563"	"2283.5596"	"7.49e+04"	D+	"7.8663062"	"8.4092488"	"3s2.3p3.(4S*).4p"	"5P"	"1"	"3s2.3p3.(2D*).4s"	"3D*"	"2"	2	4		
"2288.188"	"2288.1813"	"5.47e+04"	D+	"7.8663062"	"8.4081522"	"3s2.3p3.(4S*).4p"	"5P"	"1"	"3s2.3p3.(2D*).4s"	"3D*"	"1"	2	2		
"2289.345"	"2289.3514"	"1.23e+05"	C	"7.8676797"	"8.4092488"	"3s2.3p3.(4S*).4p"	"5P"	"2"	"3s2.3p3.(2D*).4s"	"3D*"	"2"	4	4		
"2289.473"	"2289.4723"	"1.46e+05"	C	"7.8699003"	"8.4114409"	"3s2.3p3.(4S*).4p"	"5P"	"3"	"3s2.3p3.(2D*).4s"	"3D*"	"3"	6	6		
"2293.652"	"2293.651"	"1.47e+06"	C	"9.1638256"	"9.704380"	"3s2.3p3.(4S*).5p"	"5P"	"1"	"3s2.3p3.(4S*).5d"	"5D*"	"0"	2	1		
"2293.734"	"2293.736"	"1.10e+06"	C+	"9.1638256"	"9.7043595"	"3s2.3p3.(4S*).5p"	"5P"	"1"	"3s2.3p3.(4S*).5d"	"5D*"	"1"	2	2		
"2293.867"	"2293.865"	"5.14e+05"	D+	"9.1638256"	"9.7043290"	"3s2.3p3.(4S*).5p"	"5P"	"1"	"3s2.3p3.(4S*).5d"	"5D*"	"2"	2	4		
"2295.667"	"2295.669"	"3.68e+05"	C	"9.1642809"	"9.7043595"	"3s2.3p3.(4S*).5p"	"5P"	"2"	"3s2.3p3.(4S*).5d"	"5D*"	"1"	4	2		
"2295.795"	"2295.799"	"8.59e+05"	D+	"9.1642809"	"9.7043290"	"3s2.3p3.(4S*).5p"	"5P"	"2"	"3s2.3p3.(4S*).5d"	"5D*"	"2"	4	4		
"2295.971"	"2295.972"	"9.82e+05"	D+	"9.1642809"	"9.7042883"	"3s2.3p3.(4S*).5p"	"5P"	"2"	"3s2.3p3.(4S*).5d"	"5D*"	"3"	4	6		
""	"2298.984"	"9.86e+04"	D	"9.1650291"	"9.7043290"	"3s2.3p3.(4S*).5p"	"5P"	"3"	"3s2.3p3.(4S*).5d"	"5D*"	"2"	6	4		
"2299.160"	"2299.158"	"4.93e+05"	D+	"9.1650291"	"9.7042883"	"3s2.3p3.(4S*).5p"	"5P"	"3"	"3s2.3p3.(4S*).5d"	"5D*"	"3"	6	6		
"2299.341"	"2299.338"	"1.48e+06"	D+	"9.1650291"	"9.7042459"	"3s2.3p3.(4S*).5p"	"5P"	"3"	"3s2.3p3.(4S*).5d"	"5D*"	"4"	6	8		
""	"2316.08"	"7.32e+04"	D	"9.6571934"	"10.192513"	"3s2.3p3.(4S*).6p"	"3P"	"2"	"3s2.3p3.(4S*).11s"	"3S*"	"1"	4	2		
""	"2322.35"	"1.48e+04"	E	"9.6586395"	"10.192513"	"3s2.3p3.(4S*).6p"	"3P"	"0"	"3s2.3p3.(4S*).11s"	"3S*"	"1"	1	2		
""	"2328.49"	"3.91e+04"	E	"9.6600463"	"10.192513"	"3s2.3p3.(4S*).6p"	"3P"	"1"	"3s2.3p3.(4S*).11s"	"3S*"	"1"	2	2		
""	"2339.16"	"1.06e+05"	D	"9.5121526"	"10.042189"	"3s2.3p3.(4S*).6s"	"3S*"	"1"	"3s2.3p3.(4S*).8p"	"3P"	"2"	2	4		
""	"2339.34"	"1.05e+05"	E	"9.5121526"	"10.042149"	"3s2.3p3.(4S*).6s"	"3S*"	"1"	"3s2.3p3.(4S*).8p"	"3P"	"0"	2	1		
""	"2339.39"	"1.05e+05"	D	"9.5121526"	"10.042139"	"3s2.3p3.(4S*).6s"	"3S*"	"1"	"3s2.3p3.(4S*).8p"	"3P"	"1"	2	2		
""	"2382.51"	"1.57e+05"	D	"9.6529693"	"10.173362"	"3s2.3p3.(4S*).6p"	"5P"	"3"	"3s2.3p3.(4S*).9d"	"5D*"	"4"	6	8		
""	"2394.24"	"2.62e+03"	E'	"9.6571934"	"10.175037"	"3s2.3p3.(4S*).6p"	"3P"	"2"	"3s2.3p3.(4S*).9d"	"3D*"	"1"	4	2		
""	"2396.43"	"2.07e+04"	E	"9.6571934"	"10.174565"	"3s2.3p3.(4S*).6p"	"3P"	"2"	"3s2.3p3.(4S*).9d"	"3D*"	"2"	4	4		
""	"2397.00"	"2.15e+05"	D	"9.4168206"	"9.934068"	"3s2.3p3.(4S*).4d"	"3D*"	"1"	"3s2.3p3.(4S*).7p"	"3P"	"0"	2	1		
""	"2397.39"	"6.89e+04"	D	"9.6571934"	"10.174357"	"3s2.3p3.(4S*).6p"	"3P"	"2"	"3s2.3p3.(4S*).9d"	"3D*"	"3"	4	6		
"2398.306"	"2398.301"	"7.22e+05"	C+	"9.2954938"	"9.8124607u"	"3s2.3p3.(4S*).4d"	"5D*"	"4"	"3s2.3p3.(4S*).5f"	"5F"	"5"	8	10		
"2398.818"	"2398.819"	"6.02e+05"	C+	"9.2956056"	"9.8124607u"	"3s2.3p3.(4S*).4d"	"5D*"	"3"	"3s2.3p3.(4S*).5f"	"5F"	"4"	6	8		
""	"2399.13"	"5.53e+04"	D	"9.4168206"	"9.933609"	"3s2.3p3.(4S*).4d"	"3D*"	"1"	"3s2.3p3.(4S*).7p"	"3P"	"1"	2	2		
"2399.406"	"2399.410"	"4.97e+05"	C+	"9.2957328"	"9.8124607u"	"3s2.3p3.(4S*).4d"	"5D*"	"2"	"3s2.3p3.(4S*).5f"	"5F"	"3"	4	6		
""	"2399.42"	"1.65e+05"	D	"9.4168842"	"9.933609"	"3s2.3p3.(4S*).4d"	"3D*"	"2"	"3s2.3p3.(4S*).7p"	"3P"	"1"	4	2		
"2399.937"	"2399.939"	"4.05e+05"	C+	"9.2958468"	"9.8124607u"	"3s2.3p3.(4S*).4d"	"5D*"	"1"	"3s2.3p3.(4S*).5f"	"5F"	"2"	2	4		
""	"2400.94"	"4.11e+04"	E	"9.6586395"	"10.175037"	"3s2.3p3.(4S*).6p"	"3P"	"0"	"3s2.3p3.(4S*).9d"	"3D*"	"1"	1	2		
""	"2403.271"	"2.36e+03"	E'	"9.4168206"	"9.932718"	"3s2.3p3.(4S*).4d"	"3D*"	"1"	"3s2.3p3.(4S*).7p"	"3P"	"2"	2	4		
""	"2403.568"	"3.51e+04"	D	"9.4168842"	"9.932718"	"3s2.3p3.(4S*).4d"	"3D*"	"2"	"3s2.3p3.(4S*).7p"	"3P"	"2"	4	4		
"2405.935"	"2405.949"	"1.95e+05"	D	"9.4173947"	"9.932718"	"3s2.3p3.(4S*).4d"	"3D*"	"3"	"3s2.3p3.(4S*).7p"	"3P"	"2"	6	4		
""	"2407.50"	"2.37e+04"	E	"9.6600463"	"10.175037"	"3s2.3p3.(4S*).6p"	"3P"	"1"	"3s2.3p3.(4S*).9d"	"3D*"	"1"	2	2		
""	"2409.71"	"5.51e+04"	D	"9.6600463"	"10.174565"	"3s2.3p3.(4S*).6p"	"3P"	"1"	"3s2.3p3.(4S*).9d"	"3D*"	"2"	2	4		
"2434.856"	"2434.8578"	"2.31e+06"	D+	"8.6993029"	"9.2085080"	"3s2.3p3.(4S*).3d"	"3D*"	"1"	"3s2.3p3.(4S*).5p"	"3P"	"0"	2	1		
"2436.073"	"2436.0744"	"5.79e+05"	D+	"8.6993029"	"9.2082537"	"3s2.3p3.(4S*).3d"	"3D*"	"1"	"3s2.3p3.(4S*).5p"	"3P"	"1"	2	2		
""	"2436.6959"	"2.34e+04"	E	"8.6993029"	"9.2081239"	"3s2.3p3.(4S*).3d"	"3D*"	"1"	"3s2.3p3.(4S*).5p"	"3P"	"2"	2	4		
"2436.986"	"2436.9902"	"1.73e+06"	D+	"8.6994942"	"9.2082537"	"3s2.3p3.(4S*).3d"	"3D*"	"2"	"3s2.3p3.(4S*).5p"	"3P"	"1"	4	2		
"2437.610"	"2437.6121"	"3.48e+05"	D+	"8.6994942"	"9.2081239"	"3s2.3p3.(4S*).3d"	"3D*"	"2"	"3s2.3p3.(4S*).5p"	"3P"	"2"	4	4		
"2442.237"	"2442.2442"	"1.93e+06"	D+	"8.7004589"	"9.2081239"	"3s2.3p3.(4S*).3d"	"3D*"	"3"	"3s2.3p3.(4S*).5p"	"3P"	"2"	6	4		
""	"2519.78"	"3.83e+04"	D	"9.6522596"	"10.144303"	"3s2.3p3.(4S*).6p"	"5P"	"1"	"3s2.3p3.(4S*).10s"	"5S*"	"2"	2	4		
""	"2521.37"	"6.33e+04"	D	"9.6525691"	"10.144303"	"3s2.3p3.(4S*).6p"	"5P"	"2"	"3s2.3p3.(4S*).10s"	"5S*"	"2"	4	4		
""	"2523.42"	"8.91e+04"	D	"9.6529693"	"10.144303"	"3s2.3p3.(4S*).6p"	"5P"	"3"	"3s2.3p3.(4S*).10s"	"5S*"	"2"	6	4		
""	"2525.79"	"1.08e+05"	D	"9.6571934"	"10.148067"	"3s2.3p3.(4S*).6p"	"3P"	"2"	"3s2.3p3.(4S*).10s"	"3S*"	"1"	4	2		
""	"2533.25"	"2.18e+04"	E	"9.6586395"	"10.148067"	"3s2.3p3.(4S*).6p"	"3P"	"0"	"3s2.3p3.(4S*).10s"	"3S*"	"1"	1	2		
""	"2540.55"	"5.72e+04"	D	"9.6600463"	"10.148067"	"3s2.3p3.(4S*).6p"	"3P"	"1"	"3s2.3p3.(4S*).10s"	"3S*"	"1"	2	2		
"2595.775"	"2595.772"	"2.80e+05"	C+	"9.5039792"	"9.9816182"	"3s2.3p3.(4S*).4f"	"5F"	"5"	"3s2.3p3.(4S*).6g"	""	""	10	72		
"2595.775"	"2595.773"	"2.29e+05"	C	"9.5039793"	"9.9816182"	"3s2.3p3.(4S*).4f"	"5F"	"4"	"3s2.3p3.(4S*).6g"	""	""	8	72		
"2595.775"	"2595.781"	"1.78e+05"	C	"9.5039808"	"9.9816182"	"3s2.3p3.(4S*).4f"	"5F"	"3"	"3s2.3p3.(4S*).6g"	""	""	6	72		
"2595.775"	"2595.788"	"1.27e+05"	D+	"9.5039822"	"9.9816182"	"3s2.3p3.(4S*).4f"	"5F"	"2"	"3s2.3p3.(4S*).6g"	""	""	4	72		
"2595.775"	"2595.803"	"7.64e+04"	D+	"9.5039849"	"9.9816182"	"3s2.3p3.(4S*).4f"	"5F"	"1"	"3s2.3p3.(4S*).6g"	""	""	2	72		
"2596.812"	"2596.803"	"1.78e+05"	C	"9.5041689"	"9.9816182"	"3s2.3p3.(4S*).4f"	"3F"	"3"	"3s2.3p3.(4S*).6g"	""	""	6	72		
"2596.812"	"2596.804"	"2.28e+05"	C	"9.5041690"	"9.9816182"	"3s2.3p3.(4S*).4f"	"3F"	"4"	"3s2.3p3.(4S*).6g"	""	""	8	72		
"2596.812"	"2596.814"	"1.27e+05"	D+	"9.5041709"	"9.9816182"	"3s2.3p3.(4S*).4f"	"3F"	"2"	"3s2.3p3.(4S*).6g"	""	""	4	72		
""	"2647.35"	"2.70e+03"	E'	"9.6571934"	"10.125527"	"3s2.3p3.(4S*).6p"	"3P"	"2"	"3s2.3p3.(4S*).8d"	"3D*"	"1"	4	2		
""	"2649.01"	"2.20e+04"	D	"9.6571934"	"10.125234"	"3s2.3p3.(4S*).6p"	"3P"	"2"	"3s2.3p3.(4S*).8d"	"3D*"	"2"	4	4		
""	"2650.73"	"7.58e+04"	D	"9.6571934"	"10.124930"	"3s2.3p3.(4S*).6p"	"3P"	"2"	"3s2.3p3.(4S*).8d"	"3D*"	"3"	4	6		
""	"2650.96"	"2.16e+05"	D+	"9.6529693"	"10.120664"	"3s2.3p3.(4S*).6p"	"5P"	"3"	"3s2.3p3.(4S*).8d"	"5D*"	"4"	6	8		
""	"2655.55"	"4.47e+04"	D	"9.6586395"	"10.125527"	"3s2.3p3.(4S*).6p"	"3P"	"0"	"3s2.3p3.(4S*).8d"	"3D*"	"1"	1	2		
""	"2663.58"	"2.40e+04"	E	"9.6600463"	"10.125527"	"3s2.3p3.(4S*).6p"	"3P"	"1"	"3s2.3p3.(4S*).8d"	"3D*"	"1"	2	2		
""	"2665.25"	"5.91e+04"	D	"9.6600463"	"10.125234"	"3s2.3p3.(4S*).6p"	"3P"	"1"	"3s2.3p3.(4S*).8d"	"3D*"	"2"	2	4		
"2790.721"	"2790.728"	"4.82e+05"	C+	"9.6527740"	"10.0970459"	"3s2.3p3.(2D*).4p"	"1P"	"1"	"3s2.3p3.(2D*).3d"	"1P*"	"1"	2	2		
""	"2803.12"	"7.68e+04"	D	"9.7042459"	"10.146554u"	"3s2.3p3.(4S*).5d"	"5D*"	"4"	"3s2.3p3.(4S*).8f"	"5F"	"5"	8	10		
""	"2803.12"	"1.28e+04"	D	"9.7042459"	"10.146554u"	"3s2.3p3.(4S*).5d"	"5D*"	"4"	"3s2.3p3.(4S*).8f"	"5F"	"4"	8	8		
""	"2803.12"	"1.10e+03"	E'	"9.7042459"	"10.146554u"	"3s2.3p3.(4S*).5d"	"5D*"	"4"	"3s2.3p3.(4S*).8f"	"5F"	"3"	8	6		
""	"2803.39"	"2.31e+04"	D	"9.7042883"	"10.146554u"	"3s2.3p3.(4S*).5d"	"5D*"	"3"	"3s2.3p3.(4S*).8f"	"5F"	"3"	6	6		
""	"2803.39"	"3.07e+03"	E	"9.7042883"	"10.146554u"	"3s2.3p3.(4S*).5d"	"5D*"	"3"	"3s2.3p3.(4S*).8f"	"5F"	"2"	6	4		
""	"2803.39"	"6.41e+04"	D	"9.7042883"	"10.146554u"	"3s2.3p3.(4S*).5d"	"5D*"	"3"	"3s2.3p3.(4S*).8f"	"5F"	"4"	6	8		
""	"2803.64"	"5.13e+03"	E	"9.7043290"	"10.146554u"	"3s2.3p3.(4S*).5d"	"5D*"	"2"	"3s2.3p3.(4S*).8f"	"5F"	"1"	4	2		
""	"2803.64"	"5.27e+04"	D	"9.7043290"	"10.146554u"	"3s2.3p3.(4S*).5d"	"5D*"	"2"	"3s2.3p3.(4S*).8f"	"5F"	"3"	4	6		
""	"2803.64"	"3.08e+04"	D	"9.7043290"	"10.146554u"	"3s2.3p3.(4S*).5d"	"5D*"	"2"	"3s2.3p3.(4S*).8f"	"5F"	"2"	4	4		
""	"2833.50"	"1.01e+05"	D	"9.5041709"	"9.941736"	"3s2.3p3.(4S*).4f"	"3F"	"2"	"3s2.3p3.(4S*).6d"	"3D*"	"1"	4	2		
""	"2834.93"	"8.95e+04"	D	"9.5041689"	"9.941513"	"3s2.3p3.(4S*).4f"	"3F"	"3"	"3s2.3p3.(4S*).6d"	"3D*"	"2"	6	4		
""	"2834.95"	"1.12e+04"	E	"9.5041709"	"9.941513"	"3s2.3p3.(4S*).4f"	"3F"	"2"	"3s2.3p3.(4S*).6d"	"3D*"	"2"	4	4		
""	"2836.16"	"8.00e+03"	E	"9.5041689"	"9.941323"	"3s2.3p3.(4S*).4f"	"3F"	"3"	"3s2.3p3.(4S*).6d"	"3D*"	"3"	6	6		
""	"2836.17"	"9.24e+04"	D	"9.5041690"	"9.941323"	"3s2.3p3.(4S*).4f"	"3F"	"4"	"3s2.3p3.(4S*).6d"	"3D*"	"3"	8	6		
""	"2836.18"	"2.29e+02"	E'	"9.5041709"	"9.941323"	"3s2.3p3.(4S*).4f"	"3F"	"2"	"3s2.3p3.(4S*).6d"	"3D*"	"3"	4	6		
""	"2910.11"	"1.70e+05"	D	"9.6571934"	"10.083239"	"3s2.3p3.(4S*).6p"	"3P"	"2"	"3s2.3p3.(4S*).9s"	"3S*"	"1"	4	2		
""	"2914.75"	"6.02e+04"	D	"9.6522596"	"10.077628"	"3s2.3p3.(4S*).6p"	"5P"	"1"	"3s2.3p3.(4S*).9s"	"5S*"	"2"	2	4		
""	"2916.87"	"9.96e+04"	D	"9.6525691"	"10.077628"	"3s2.3p3.(4S*).6p"	"5P"	"2"	"3s2.3p3.(4S*).9s"	"5S*"	"2"	4	4		
""	"2919.62"	"1.40e+05"	D	"9.6529693"	"10.077628"	"3s2.3p3.(4S*).6p"	"5P"	"3"	"3s2.3p3.(4S*).9s"	"5S*"	"2"	6	4		
""	"2920.02"	"3.44e+04"	D	"9.6586395"	"10.083239"	"3s2.3p3.(4S*).6p"	"3P"	"0"	"3s2.3p3.(4S*).9s"	"3S*"	"1"	1	2		
""	"2929.73"	"9.23e+04"	D	"9.6600463"	"10.083239"	"3s2.3p3.(4S*).6p"	"3P"	"1"	"3s2.3p3.(4S*).9s"	"3S*"	"1"	2	2		
""	"2938.61"	"3.29e+05"	D	"9.5121526"	"9.934068"	"3s2.3p3.(4S*).6s"	"3S*"	"1"	"3s2.3p3.(4S*).7p"	"3P"	"0"	2	1		
""	"2941.80"	"3.30e+05"	D+	"9.5121526"	"9.933609"	"3s2.3p3.(4S*).6s"	"3S*"	"1"	"3s2.3p3.(4S*).7p"	"3P"	"1"	2	2		
""	"2948.035"	"3.32e+05"	D+	"9.5121526"	"9.932718"	"3s2.3p3.(4S*).6s"	"3S*"	"1"	"3s2.3p3.(4S*).7p"	"3P"	"2"	2	4		
""	"2988.04"	"1.12e+05"	D+	"9.4803264"	"9.895261?"	"3s2.3p3.(4S*).6s"	"5S*"	"2"	"3s2.3p3.(4S*).7p"	"5P"	"3"	4	6		
"3043.353"	"3043.349"	"9.54e+04"	E	"9.6896519"	"10.0970459"	"3s2.3p3.(2D*).4p"	"3D"	"1"	"3s2.3p3.(2D*).3d"	"1P*"	"1"	2	2		
"3107.343"	"3107.347"	"3.63e+06"	C	"8.7660257"	"9.1650291"	"3s2.3p3.(4S*).5s"	"5S*"	"2"	"3s2.3p3.(4S*).5p"	"5P"	"3"	4	6		
"3113.184"	"3113.185"	"3.61e+06"	C	"8.7660257"	"9.1642809"	"3s2.3p3.(4S*).5s"	"5S*"	"2"	"3s2.3p3.(4S*).5p"	"5P"	"2"	4	4		
""	"3115.0"	"1.57e+02"	E'	"9.8124607u"	"[10.21048]"	"3s2.3p3.(4S*).5f"	"5F"	"3"	"3s2.3p3.(4S*).10d"	"5D*"	"4"	6	8		
""	"3115.0"	"2.35e+03"	E	"9.8124607u"	"[10.21048]"	"3s2.3p3.(4S*).5f"	"5F"	"4"	"3s2.3p3.(4S*).10d"	"5D*"	"4"	8	8		
""	"3115.0"	"1.72e+04"	D	"9.8124607u"	"[10.21048]"	"3s2.3p3.(4S*).5f"	"5F"	"5"	"3s2.3p3.(4S*).10d"	"5D*"	"4"	10	8		
"3116.744"	"3116.748"	"3.60e+06"	C	"8.7660257"	"9.1638256"	"3s2.3p3.(4S*).5s"	"5S*"	"2"	"3s2.3p3.(4S*).5p"	"5P"	"1"	4	2		
""	"3130.74"	"2.27e+03"	E	"9.6571934"	"10.053215"	"3s2.3p3.(4S*).6p"	"3P"	"2"	"3s2.3p3.(4S*).7d"	"3D*"	"1"	4	2		
"3132.518"	"3132.519"	"1.85e+06"	C	"9.4168206"	"9.8126177u"	"3s2.3p3.(4S*).4d"	"3D*"	"1"	"3s2.3p3.(4S*).5f"	"3F"	"2"	2	4		
""	"3132.90"	"1.89e+04"	D	"9.6571934"	"10.052943"	"3s2.3p3.(4S*).6p"	"3P"	"2"	"3s2.3p3.(4S*).7d"	"3D*"	"2"	4	4		
"3133.015"	"3133.022"	"1.96e+06"	C	"9.4168842"	"9.8126177u"	"3s2.3p3.(4S*).4d"	"3D*"	"2"	"3s2.3p3.(4S*).5f"	"3F"	"3"	4	6		
""	"3133.022"	"3.44e+05"	D+	"9.4168842"	"9.8126177u"	"3s2.3p3.(4S*).4d"	"3D*"	"2"	"3s2.3p3.(4S*).5f"	"3F"	"2"	4	4		
""	"3135.06"	"6.71e+04"	D	"9.6571934"	"10.052670"	"3s2.3p3.(4S*).6p"	"3P"	"2"	"3s2.3p3.(4S*).7d"	"3D*"	"3"	4	6		
"3137.070"	"3137.070"	"2.21e+06"	C	"9.4173947"	"9.8126177u"	"3s2.3p3.(4S*).4d"	"3D*"	"3"	"3s2.3p3.(4S*).5f"	"3F"	"4"	6	8		
""	"3137.070"	"2.46e+05"	D+	"9.4173947"	"9.8126177u"	"3s2.3p3.(4S*).4d"	"3D*"	"3"	"3s2.3p3.(4S*).5f"	"3F"	"3"	6	6		
""	"3137.070"	"9.83e+03"	E	"9.4173947"	"9.8126177u"	"3s2.3p3.(4S*).4d"	"3D*"	"3"	"3s2.3p3.(4S*).5f"	"3F"	"2"	6	4		
""	"3142.21"	"4.01e+04"	D	"9.6586395"	"10.053215"	"3s2.3p3.(4S*).6p"	"3P"	"0"	"3s2.3p3.(4S*).7d"	"3D*"	"1"	1	2		
""	"3153.46"	"2.50e+04"	D	"9.6600463"	"10.053215"	"3s2.3p3.(4S*).6p"	"3P"	"1"	"3s2.3p3.(4S*).7d"	"3D*"	"1"	2	2		
""	"3155.65"	"5.23e+04"	D	"9.6600463"	"10.052943"	"3s2.3p3.(4S*).6p"	"3P"	"1"	"3s2.3p3.(4S*).7d"	"3D*"	"2"	2	4		
""	"3185.94"	"2.96e+05"	D+	"9.6529693"	"10.042130"	"3s2.3p3.(4S*).6p"	"5P"	"3"	"3s2.3p3.(4S*).7d"	"5D*"	"4"	6	8		
"3336.172"	"3336.173"	"8.57e+03"	D+	"8.04565097"	"8.4172870"	"3s2.3p3.(4S*).4p"	"3P"	"2"	"3s2.3p3.(4S*).3d"	"5D*"	"3"	4	6		
"3389.487"	"3389.492"	"3.63e+04"	C	"8.04565097"	"8.4114409"	"3s2.3p3.(4S*).4p"	"3P"	"2"	"3s2.3p3.(2D*).4s"	"3D*"	"3"	4	6		
"3409.938"	"3409.926"	"1.04e+04"	D+	"8.04565097"	"8.4092488"	"3s2.3p3.(4S*).4p"	"3P"	"2"	"3s2.3p3.(2D*).4s"	"3D*"	"2"	4	4		
"3424.354"	"3424.350"	"2.95e+06"	D+	"8.84644161"	"9.2085080"	"3s2.3p3.(4S*).5s"	"3S*"	"1"	"3s2.3p3.(4S*).5p"	"3P"	"0"	2	1		
"3426.758"	"3426.756"	"2.95e+06"	C	"8.84644161"	"9.2082537"	"3s2.3p3.(4S*).5s"	"3S*"	"1"	"3s2.3p3.(4S*).5p"	"3P"	"1"	2	2		
"3427.992"	"3427.986"	"2.94e+06"	C	"8.84644161"	"9.2081239"	"3s2.3p3.(4S*).5s"	"3S*"	"1"	"3s2.3p3.(4S*).5p"	"3P"	"2"	2	4		
""	"3435.40"	"2.31e+02"	E'	"9.8124607u"	"10.173362"	"3s2.3p3.(4S*).5f"	"5F"	"3"	"3s2.3p3.(4S*).9d"	"5D*"	"4"	6	8		
""	"3435.40"	"2.54e+04"	D	"9.8124607u"	"10.173362"	"3s2.3p3.(4S*).5f"	"5F"	"5"	"3s2.3p3.(4S*).9d"	"5D*"	"4"	10	8		
""	"3435.40"	"3.47e+03"	E	"9.8124607u"	"10.173362"	"3s2.3p3.(4S*).5f"	"5F"	"4"	"3s2.3p3.(4S*).9d"	"5D*"	"4"	8	8		
"3468.320"	"3468.328"	"7.29e+05"	C	"9.2954938"	"9.6529693"	"3s2.3p3.(4S*).4d"	"5D*"	"4"	"3s2.3p3.(4S*).6p"	"5P"	"3"	8	6		
"3469.413"	"3469.412"	"1.89e+05"	D+	"9.2956056"	"9.6529693"	"3s2.3p3.(4S*).4d"	"5D*"	"3"	"3s2.3p3.(4S*).6p"	"5P"	"3"	6	6		
""	"3470.647"	"2.70e+04"	D	"9.2957328"	"9.6529693"	"3s2.3p3.(4S*).4d"	"5D*"	"2"	"3s2.3p3.(4S*).6p"	"5P"	"3"	4	6		
"3473.298"	"3473.302"	"5.26e+05"	D+	"9.2956056"	"9.6525691"	"3s2.3p3.(4S*).4d"	"5D*"	"3"	"3s2.3p3.(4S*).6p"	"5P"	"2"	6	4		
"3474.552"	"3474.540"	"3.29e+05"	D+	"9.2957328"	"9.6525691"	"3s2.3p3.(4S*).4d"	"5D*"	"2"	"3s2.3p3.(4S*).6p"	"5P"	"2"	4	4		
"3475.68"	"3475.651"	"8.45e+04"	D	"9.2958468"	"9.6525691"	"3s2.3p3.(4S*).4d"	"5D*"	"1"	"3s2.3p3.(4S*).6p"	"5P"	"2"	2	4		
"3477.54"	"3477.556"	"3.30e+05"	D+	"9.2957328"	"9.6522596"	"3s2.3p3.(4S*).4d"	"5D*"	"2"	"3s2.3p3.(4S*).6p"	"5P"	"1"	4	2		
"3478.663"	"3478.669"	"4.24e+05"	D+	"9.2958468"	"9.6522596"	"3s2.3p3.(4S*).4d"	"5D*"	"1"	"3s2.3p3.(4S*).6p"	"5P"	"1"	2	2		
"3479.349"	"3479.351"	"1.88e+05"	D+	"9.2959168"	"9.6522596"	"3s2.3p3.(4S*).4d"	"5D*"	"0"	"3s2.3p3.(4S*).6p"	"5P"	"1"	1	2		
""	"3530.60"	"2.98e+04"	D	"9.8413422"	"10.192513"	"3s2.3p3.(2D*).4p"	"3P"	"2"	"3s2.3p3.(4S*).11s"	"3S*"	"1"	4	2		
""	"3567.73"	"1.88e+04"	D	"9.8449969"	"10.192513"	"3s2.3p3.(2D*).4p"	"3P"	"1"	"3s2.3p3.(4S*).11s"	"3S*"	"1"	2	2		
""	"3583.91"	"6.43e+03"	E	"9.846566"	"10.192513"	"3s2.3p3.(2D*).4p"	"3P"	"0"	"3s2.3p3.(4S*).11s"	"3S*"	"1"	1	2		
""	"3707.51"	"1.21e+05"	D	"9.5121526"	"9.846566"	"3s2.3p3.(4S*).6s"	"3S*"	"1"	"3s2.3p3.(2D*).4p"	"3P"	"0"	2	1		
""	"3724.991"	"1.29e+05"	D	"9.5121526"	"9.8449969"	"3s2.3p3.(4S*).6s"	"3S*"	"1"	"3s2.3p3.(2D*).4p"	"3P"	"1"	2	2		
"3766.328"	"3766.346"	"1.47e+05"	D+	"9.5121526"	"9.8413422"	"3s2.3p3.(4S*).6s"	"3S*"	"1"	"3s2.3p3.(2D*).4p"	"3P"	"2"	2	4		
""	"3800.92"	"3.00e+05"	D+	"9.6571934"	"9.983389"	"3s2.3p3.(4S*).6p"	"3P"	"2"	"3s2.3p3.(4S*).8s"	"3S*"	"1"	4	2		
""	"3817.84"	"6.06e+04"	D	"9.6586395"	"9.983389"	"3s2.3p3.(4S*).6p"	"3P"	"0"	"3s2.3p3.(4S*).8s"	"3S*"	"1"	1	2		
""	"3834.46"	"1.61e+05"	D+	"9.6600463"	"9.983389"	"3s2.3p3.(4S*).6p"	"3P"	"1"	"3s2.3p3.(4S*).8s"	"3S*"	"1"	2	2		
""	"3848.56"	"1.06e+05"	D+	"9.6522596"	"9.974417"	"3s2.3p3.(4S*).6p"	"5P"	"1"	"3s2.3p3.(4S*).8s"	"5S*"	"2"	2	4		
""	"3852.26"	"1.76e+05"	D+	"9.6525691"	"9.974417"	"3s2.3p3.(4S*).6p"	"5P"	"2"	"3s2.3p3.(4S*).8s"	"5S*"	"2"	4	4		
""	"3857.05"	"2.48e+05"	D+	"9.6529693"	"9.974417"	"3s2.3p3.(4S*).6p"	"5P"	"3"	"3s2.3p3.(4S*).8s"	"5S*"	"2"	6	4		
"3917.343"	"3917.343"	"8.73e+05"	C	"9.1638256"	"9.4803264"	"3s2.3p3.(4S*).5p"	"5P"	"1"	"3s2.3p3.(4S*).6s"	"5S*"	"2"	2	4		
"3922.979"	"3922.986"	"1.45e+06"	C	"9.1642809"	"9.4803264"	"3s2.3p3.(4S*).5p"	"5P"	"2"	"3s2.3p3.(4S*).6s"	"5S*"	"2"	4	4		
"3932.295"	"3932.295"	"2.03e+06"	C	"9.1650291"	"9.4803264"	"3s2.3p3.(4S*).5p"	"5P"	"3"	"3s2.3p3.(4S*).6s"	"5S*"	"2"	6	4		
""	"3933.2"	"5.97e+04"	D+	"9.895261?"	"[10.21048]"	"3s2.3p3.(4S*).7p"	"5P"	"3"	"3s2.3p3.(4S*).10d"	"5D*"	"4"	6	8		
""	"3962.31"	"4.65e+04"	D	"9.8126177u"	"10.125527"	"3s2.3p3.(4S*).5f"	"3F"	"2"	"3s2.3p3.(4S*).8d"	"3D*"	"1"	4	2		
""	"3966.02"	"5.16e+03"	E	"9.8126177u"	"10.125234"	"3s2.3p3.(4S*).5f"	"3F"	"2"	"3s2.3p3.(4S*).8d"	"3D*"	"2"	4	4		
""	"3966.02"	"4.14e+04"	D	"9.8126177u"	"10.125234"	"3s2.3p3.(4S*).5f"	"3F"	"3"	"3s2.3p3.(4S*).8d"	"3D*"	"2"	6	4		
""	"3969.88"	"3.68e+03"	E	"9.8126177u"	"10.124930"	"3s2.3p3.(4S*).5f"	"3F"	"3"	"3s2.3p3.(4S*).8d"	"3D*"	"3"	6	6		
""	"3969.88"	"4.27e+04"	D	"9.8126177u"	"10.124930"	"3s2.3p3.(4S*).5f"	"3F"	"4"	"3s2.3p3.(4S*).8d"	"3D*"	"3"	8	6		
""	"3969.88"	"1.05e+02"	E'	"9.8126177u"	"10.124930"	"3s2.3p3.(4S*).5f"	"3F"	"2"	"3s2.3p3.(4S*).8d"	"3D*"	"3"	4	6		
"3985.488"	"3985.486"	"8.695e+05"	A	"9.5039792"	"9.8150685"	"3s2.3p3.(4S*).4f"	"5F"	"5"	"3s2.3p3.(4S*).5g"	""	""	10	72		
"3985.488"	"3985.488"	"7.12e+05"	B+	"9.5039793"	"9.8150685"	"3s2.3p3.(4S*).4f"	"5F"	"4"	"3s2.3p3.(4S*).5g"	""	""	8	72		
"3985.488"	"3985.507"	"5.54e+05"	B+	"9.5039808"	"9.8150685"	"3s2.3p3.(4S*).4f"	"5F"	"3"	"3s2.3p3.(4S*).5g"	""	""	6	72		
"3985.488"	"3985.525"	"3.95e+05"	B+	"9.5039822"	"9.8150685"	"3s2.3p3.(4S*).4f"	"5F"	"2"	"3s2.3p3.(4S*).5g"	""	""	4	72		
"3985.488"	"3985.560"	"2.38e+05"	B	"9.5039849"	"9.8150685"	"3s2.3p3.(4S*).4f"	"5F"	"1"	"3s2.3p3.(4S*).5g"	""	""	2	72		
"3987.931"	"3987.918"	"5.54e+05"	B+	"9.5041689"	"9.8150685"	"3s2.3p3.(4S*).4f"	"3F"	"3"	"3s2.3p3.(4S*).5g"	""	""	6	72		
"3987.931"	"3987.919"	"7.12e+05"	B+	"9.5041690"	"9.8150685"	"3s2.3p3.(4S*).4f"	"3F"	"4"	"3s2.3p3.(4S*).5g"	""	""	8	72		
"3987.931"	"3987.944"	"3.96e+05"	B+	"9.5041709"	"9.8150685"	"3s2.3p3.(4S*).4f"	"3F"	"2"	"3s2.3p3.(4S*).5g"	""	""	4	72		
""	"4022.81"	"5.50e+03"	D	"9.8124607u"	"10.120664"	"3s2.3p3.(4S*).5f"	"5F"	"4"	"3s2.3p3.(4S*).8d"	"5D*"	"4"	8	8		
""	"4022.81"	"3.67e+02"	E	"9.8124607u"	"10.120664"	"3s2.3p3.(4S*).5f"	"5F"	"3"	"3s2.3p3.(4S*).8d"	"5D*"	"4"	6	8		
""	"4022.81"	"4.04e+04"	D+	"9.8124607u"	"10.120664"	"3s2.3p3.(4S*).5f"	"5F"	"5"	"3s2.3p3.(4S*).8d"	"5D*"	"4"	10	8		
""	"4042.20"	"4.53e+04"	D	"9.8413422"	"10.148067"	"3s2.3p3.(2D*).4p"	"3P"	"2"	"3s2.3p3.(4S*).10s"	"3S*"	"1"	4	2		
"4078.031"	"4078.042"	"2.19e+06"	C	"9.2081239"	"9.5121526"	"3s2.3p3.(4S*).5p"	"3P"	"2"	"3s2.3p3.(4S*).6s"	"3S*"	"1"	4	2		
"4079.776"	"4079.784"	"1.31e+06"	C	"9.2082537"	"9.5121526"	"3s2.3p3.(4S*).5p"	"3P"	"1"	"3s2.3p3.(4S*).6s"	"3S*"	"1"	2	2		
"4083.186"	"4083.201"	"4.38e+05"	D+	"9.2085080"	"9.5121526"	"3s2.3p3.(4S*).5p"	"3P"	"0"	"3s2.3p3.(4S*).6s"	"3S*"	"1"	1	2		
""	"4090.94"	"2.86e+04"	D	"9.8449969"	"10.148067"	"3s2.3p3.(2D*).4p"	"3P"	"1"	"3s2.3p3.(4S*).10s"	"3S*"	"1"	2	2		
""	"4112.23"	"9.78e+03"	D	"9.846566"	"10.148067"	"3s2.3p3.(2D*).4p"	"3P"	"0"	"3s2.3p3.(4S*).10s"	"3S*"	"1"	1	2		
""	"4339.73"	"2.77e+04"	D	"9.7564939"	"10.042189"	"3s2.3p3.(4S*).5d"	"3D*"	"2"	"3s2.3p3.(4S*).8p"	"3P"	"2"	4	4		
""	"4340.50"	"1.38e+05"	D+	"9.7564939"	"10.042139"	"3s2.3p3.(4S*).5d"	"3D*"	"2"	"3s2.3p3.(4S*).8p"	"3P"	"1"	4	2		
""	"4340.51"	"1.55e+05"	D+	"9.7565451"	"10.042189"	"3s2.3p3.(4S*).5d"	"3D*"	"3"	"3s2.3p3.(4S*).8p"	"3P"	"2"	6	4		
""	"4341.86"	"1.84e+03"	E	"9.7566336"	"10.042189"	"3s2.3p3.(4S*).5d"	"3D*"	"1"	"3s2.3p3.(4S*).8p"	"3P"	"2"	2	4		
""	"4342.48"	"1.84e+05"	D	"9.7566336"	"10.042149"	"3s2.3p3.(4S*).5d"	"3D*"	"1"	"3s2.3p3.(4S*).8p"	"3P"	"0"	2	1		
""	"4342.63"	"4.61e+04"	D	"9.7566336"	"10.042139"	"3s2.3p3.(4S*).5d"	"3D*"	"1"	"3s2.3p3.(4S*).8p"	"3P"	"1"	2	2		
""	"4357.31"	"7.41e+02"	E'	"9.6571934"	"9.941736"	"3s2.3p3.(4S*).6p"	"3P"	"2"	"3s2.3p3.(4S*).6d"	"3D*"	"1"	4	2		
""	"4360.73"	"6.22e+03"	D	"9.6571934"	"9.941513"	"3s2.3p3.(4S*).6p"	"3P"	"2"	"3s2.3p3.(4S*).6d"	"3D*"	"2"	4	4		
""	"4363.65"	"2.20e+04"	D	"9.6571934"	"9.941323"	"3s2.3p3.(4S*).6p"	"3P"	"2"	"3s2.3p3.(4S*).6d"	"3D*"	"3"	4	6		
""	"4379.57"	"1.41e+04"	D	"9.6586395"	"9.941736"	"3s2.3p3.(4S*).6p"	"3P"	"0"	"3s2.3p3.(4S*).6d"	"3D*"	"1"	1	2		
""	"4401.44"	"9.00e+03"	D	"9.6600463"	"9.941736"	"3s2.3p3.(4S*).6p"	"3P"	"1"	"3s2.3p3.(4S*).6d"	"3D*"	"1"	2	2		
""	"4404.93"	"1.88e+04"	D	"9.6600463"	"9.941513"	"3s2.3p3.(4S*).6p"	"3P"	"1"	"3s2.3p3.(4S*).6d"	"3D*"	"2"	2	4		
""	"4458.2"	"7.84e+04"	D+	"9.895261?"	"10.173362"	"3s2.3p3.(4S*).7p"	"5P"	"3"	"3s2.3p3.(4S*).9d"	"5D*"	"4"	6	8		
""	"4463.5"	"2.18e+03"	E	"9.932718"	"10.210494"	"3s2.3p3.(4S*).7p"	"3P"	"2"	"3s2.3p3.(4S*).10d"	"3D*"	"1"	4	2		
""	"4465.1"	"1.94e+04"	D	"9.932718"	"10.210390"	"3s2.3p3.(4S*).7p"	"3P"	"2"	"3s2.3p3.(4S*).10d"	"3D*"	"2"	4	4		
""	"4468.3"	"7.74e+04"	D+	"9.932718"	"10.210192"	"3s2.3p3.(4S*).7p"	"3P"	"2"	"3s2.3p3.(4S*).10d"	"3D*"	"3"	4	6		
""	"4477.8"	"3.17e+04"	D	"9.933609"	"10.210494"	"3s2.3p3.(4S*).7p"	"3P"	"1"	"3s2.3p3.(4S*).10d"	"3D*"	"1"	2	2		
""	"4479.5"	"5.66e+04"	D+	"9.933609"	"10.210390"	"3s2.3p3.(4S*).7p"	"3P"	"1"	"3s2.3p3.(4S*).10d"	"3D*"	"2"	2	4		
""	"4485.3"	"4.17e+04"	D	"9.934068"	"10.210494"	"3s2.3p3.(4S*).7p"	"3P"	"0"	"3s2.3p3.(4S*).10d"	"3D*"	"1"	1	2		
"4599.167"	"4599.160"	"1.112e+05"	C+	"9.8124607u"	"10.0820408"	"3s2.3p3.(4S*).5f"	"5F"	"5"	"3s2.3p3.(4S*).7g"	""	""	10	72		
"4599.167"	"4599.160"	"9.09e+04"	C+	"9.8124607u"	"10.0820408"	"3s2.3p3.(4S*).5f"	"5F"	"4"	"3s2.3p3.(4S*).7g"	""	""	8	72		
"4599.167"	"4599.16"	"5.05e+04"	C	"9.8124607u"	"10.0820408"	"3s2.3p3.(4S*).5f"	"5F"	"2"	"3s2.3p3.(4S*).7g"	""	""	4	72		
"4599.167"	"4599.160"	"7.07e+04"	C+	"9.8124607u"	"10.0820408"	"3s2.3p3.(4S*).5f"	"5F"	"3"	"3s2.3p3.(4S*).7g"	""	""	6	72		
"4601.87"	"4601.840"	"9.08e+04"	C+	"9.8126177u"	"10.0820408"	"3s2.3p3.(4S*).5f"	"3F"	"4"	"3s2.3p3.(4S*).7g"	""	""	8	72		
"4601.87"	"4601.84"	"5.05e+04"	C	"9.8126177u"	"10.0820408"	"3s2.3p3.(4S*).5f"	"3F"	"2"	"3s2.3p3.(4S*).7g"	""	""	4	72		
"4601.87"	"4601.84"	"7.06e+04"	C+	"9.8126177u"	"10.0820408"	"3s2.3p3.(4S*).5f"	"3F"	"3"	"3s2.3p3.(4S*).7g"	""	""	6	72		
"4640.442"	"4640.442"	"5.13e+05"	B+	"9.8150685"	"10.0822503"	"3s2.3p3.(4S*).5g"	""	""	"3s2.3p3.(4S*).7h"	""	""	72	72		
""	"4669.11"	"1.22e+05"	D+	"9.6522596"	"9.917801u"	"3s2.3p3.(4S*).6p"	"5P"	"1"	"3s2.3p3.(4S*).6d"	"5D*"	"2"	2	4		
""	"4674.56"	"2.03e+05"	D+	"9.6525691"	"9.917801u"	"3s2.3p3.(4S*).6p"	"5P"	"2"	"3s2.3p3.(4S*).6d"	"5D*"	"2"	4	4		
"4675.21"	"4675.20"	"2.32e+05"	D+	"9.6525691"	"9.9177647"	"3s2.3p3.(4S*).6p"	"5P"	"2"	"3s2.3p3.(4S*).6d"	"5D*"	"3"	4	6		
""	"4681.62"	"2.35e+04"	D	"9.6529693"	"9.917801u"	"3s2.3p3.(4S*).6p"	"5P"	"3"	"3s2.3p3.(4S*).6d"	"5D*"	"2"	6	4		
""	"4682.26"	"1.17e+05"	D+	"9.6529693"	"9.9177647"	"3s2.3p3.(4S*).6p"	"5P"	"3"	"3s2.3p3.(4S*).6d"	"5D*"	"3"	6	6		
"4682.65"	"4682.64"	"3.52e+05"	C	"9.6529693"	"9.9177434"	"3s2.3p3.(4S*).6p"	"5P"	"3"	"3s2.3p3.(4S*).6d"	"5D*"	"4"	6	8		
"4911.02"	"4910.99"	"2.12e+05"	D+	"9.5041709"	"9.7566336"	"3s2.3p3.(4S*).4f"	"3F"	"2"	"3s2.3p3.(4S*).5d"	"3D*"	"1"	4	2		
""	"4912.674"	"1.68e+04"	D	"9.5041689"	"9.7565451"	"3s2.3p3.(4S*).4f"	"3F"	"3"	"3s2.3p3.(4S*).5d"	"3D*"	"3"	6	6		
"4912.68"	"4912.676"	"1.94e+05"	D+	"9.5041690"	"9.7565451"	"3s2.3p3.(4S*).4f"	"3F"	"4"	"3s2.3p3.(4S*).5d"	"3D*"	"3"	8	6		
""	"4912.713"	"4.80e+02"	E	"9.5041709"	"9.7565451"	"3s2.3p3.(4S*).4f"	"3F"	"2"	"3s2.3p3.(4S*).5d"	"3D*"	"3"	4	6		
"4913.71"	"4913.671"	"1.88e+05"	D+	"9.5041689"	"9.7564939"	"3s2.3p3.(4S*).4f"	"3F"	"3"	"3s2.3p3.(4S*).5d"	"3D*"	"2"	6	4		
""	"4913.710"	"2.35e+04"	D	"9.5041709"	"9.7564939"	"3s2.3p3.(4S*).4f"	"3F"	"2"	"3s2.3p3.(4S*).5d"	"3D*"	"2"	4	4		
""	"4978.4"	"6.02e+04"	D+	"9.895261?"	"10.144303"	"3s2.3p3.(4S*).7p"	"5P"	"3"	"3s2.3p3.(4S*).10s"	"5S*"	"2"	6	4		
""	"5097.49"	"2.22e+05"	D+	"9.4168206"	"9.6600463"	"3s2.3p3.(4S*).4d"	"3D*"	"1"	"3s2.3p3.(4S*).6p"	"3P"	"1"	2	2		
""	"5098.83"	"6.79e+05"	C	"9.4168842"	"9.6600463"	"3s2.3p3.(4S*).4d"	"3D*"	"2"	"3s2.3p3.(4S*).6p"	"3P"	"1"	4	2		
""	"5116.6"	"2.80e+03"	E	"9.932718"	"10.175037"	"3s2.3p3.(4S*).7p"	"3P"	"2"	"3s2.3p3.(4S*).9d"	"3D*"	"1"	4	2		
""	"5126.6"	"2.51e+04"	D	"9.932718"	"10.174565"	"3s2.3p3.(4S*).7p"	"3P"	"2"	"3s2.3p3.(4S*).9d"	"3D*"	"2"	4	4		
""	"5127.15"	"9.92e+05"	D+	"9.4168206"	"9.6586395"	"3s2.3p3.(4S*).4d"	"3D*"	"1"	"3s2.3p3.(4S*).6p"	"3P"	"0"	2	1		
""	"5131.0"	"1.00e+05"	D+	"9.932718"	"10.174357"	"3s2.3p3.(4S*).7p"	"3P"	"2"	"3s2.3p3.(4S*).9d"	"3D*"	"3"	4	6		
""	"5135.4"	"4.10e+04"	D	"9.933609"	"10.175037"	"3s2.3p3.(4S*).7p"	"3P"	"1"	"3s2.3p3.(4S*).9d"	"3D*"	"1"	2	2		
""	"5145.2"	"5.41e+04"	D+	"9.934068"	"10.175037"	"3s2.3p3.(4S*).7p"	"3P"	"0"	"3s2.3p3.(4S*).9d"	"3D*"	"1"	1	2		
""	"5145.5"	"7.36e+04"	D+	"9.933609"	"10.174565"	"3s2.3p3.(4S*).7p"	"3P"	"1"	"3s2.3p3.(4S*).9d"	"3D*"	"2"	2	4		
""	"5153.2"	"7.83e+04"	D+	"9.8126177u"	"10.053215"	"3s2.3p3.(4S*).5f"	"3F"	"2"	"3s2.3p3.(4S*).7d"	"3D*"	"1"	4	2		
""	"5157.99"	"9.95e+03"	D	"9.4168206"	"9.6571934"	"3s2.3p3.(4S*).4d"	"3D*"	"1"	"3s2.3p3.(4S*).6p"	"3P"	"2"	2	4		
""	"5159.0"	"6.96e+04"	D+	"9.8126177u"	"10.052943"	"3s2.3p3.(4S*).5f"	"3F"	"3"	"3s2.3p3.(4S*).7d"	"3D*"	"2"	6	4		
""	"5159.0"	"8.69e+03"	D	"9.8126177u"	"10.052943"	"3s2.3p3.(4S*).5f"	"3F"	"2"	"3s2.3p3.(4S*).7d"	"3D*"	"2"	4	4		
""	"5159.36"	"1.47e+05"	D+	"9.4168842"	"9.6571934"	"3s2.3p3.(4S*).4d"	"3D*"	"2"	"3s2.3p3.(4S*).6p"	"3P"	"2"	4	4		
""	"5164.9"	"6.20e+03"	D	"9.8126177u"	"10.052670"	"3s2.3p3.(4S*).5f"	"3F"	"3"	"3s2.3p3.(4S*).7d"	"3D*"	"3"	6	6		
""	"5164.9"	"1.77e+02"	E'	"9.8126177u"	"10.052670"	"3s2.3p3.(4S*).5f"	"3F"	"2"	"3s2.3p3.(4S*).7d"	"3D*"	"3"	4	6		
""	"5164.9"	"7.19e+04"	D+	"9.8126177u"	"10.052670"	"3s2.3p3.(4S*).5f"	"3F"	"4"	"3s2.3p3.(4S*).7d"	"3D*"	"3"	8	6		
"5170.339"	"5170.345"	"8.07e+05"	C	"9.4173947"	"9.6571934"	"3s2.3p3.(4S*).4d"	"3D*"	"3"	"3s2.3p3.(4S*).6p"	"3P"	"2"	6	4		
""	"5379.7"	"2.26e+03"	D	"9.9800163u"	"[10.21048]"	"3s2.3p3.(4S*).6f"	"5F"	"4"	"3s2.3p3.(4S*).10d"	"5D*"	"4"	8	8		
""	"5379.7"	"1.51e+02"	E	"9.9800163u"	"[10.21048]"	"3s2.3p3.(4S*).6f"	"5F"	"3"	"3s2.3p3.(4S*).10d"	"5D*"	"4"	6	8		
""	"5379.7"	"1.66e+04"	D+	"9.9800163u"	"[10.21048]"	"3s2.3p3.(4S*).6f"	"5F"	"5"	"3s2.3p3.(4S*).10d"	"5D*"	"4"	10	8		
""	"5382.2"	"1.94e+04"	D	"9.980133"	"10.210494"	"3s2.3p3.(4S*).6f"	"3F"	"2"	"3s2.3p3.(4S*).10d"	"3D*"	"1"	4	2		
""	"5384.6"	"1.71e+04"	D	"9.9801324"	"10.210390"	"3s2.3p3.(4S*).6f"	"3F"	"3"	"3s2.3p3.(4S*).10d"	"3D*"	"2"	6	4		
""	"5384.6"	"2.13e+03"	E	"9.980133"	"10.210390"	"3s2.3p3.(4S*).6f"	"3F"	"2"	"3s2.3p3.(4S*).10d"	"3D*"	"2"	4	4		
""	"5389.2"	"4.31e+01"	E'	"9.980133"	"10.210192"	"3s2.3p3.(4S*).6f"	"3F"	"2"	"3s2.3p3.(4S*).10d"	"3D*"	"3"	4	6		
""	"5389.2"	"1.75e+04"	D	"9.9801324"	"10.210192"	"3s2.3p3.(4S*).6f"	"3F"	"4"	"3s2.3p3.(4S*).10d"	"3D*"	"3"	8	6		
""	"5389.2"	"1.51e+03"	E	"9.9801324"	"10.210192"	"3s2.3p3.(4S*).6f"	"3F"	"3"	"3s2.3p3.(4S*).10d"	"3D*"	"3"	6	6		
""	"5398.4"	"7.20e+04"	D+	"9.8124607u"	"10.042130"	"3s2.3p3.(4S*).5f"	"5F"	"5"	"3s2.3p3.(4S*).7d"	"5D*"	"4"	10	8		
""	"5398.4"	"9.81e+03"	D	"9.8124607u"	"10.042130"	"3s2.3p3.(4S*).5f"	"5F"	"4"	"3s2.3p3.(4S*).7d"	"5D*"	"4"	8	8		
""	"5398.4"	"6.54e+02"	E	"9.8124607u"	"10.042130"	"3s2.3p3.(4S*).5f"	"5F"	"3"	"3s2.3p3.(4S*).7d"	"5D*"	"4"	6	8		
""	"5500.6"	"1.02e+05"	D+	"9.895261?"	"10.120664"	"3s2.3p3.(4S*).7p"	"5P"	"3"	"3s2.3p3.(4S*).8d"	"5D*"	"4"	6	8		
""	"5523.7"	"9.31e+04"	D+	"9.817732"	"10.042189"	"3s2.3p3.(4S*).7s"	"3S*"	"1"	"3s2.3p3.(4S*).8p"	"3P"	"2"	2	4		
""	"5524.7"	"9.28e+04"	D	"9.817732"	"10.042149"	"3s2.3p3.(4S*).7s"	"3S*"	"1"	"3s2.3p3.(4S*).8p"	"3P"	"0"	2	1		
""	"5525.0"	"9.29e+04"	D+	"9.817732"	"10.042139"	"3s2.3p3.(4S*).7s"	"3S*"	"1"	"3s2.3p3.(4S*).8p"	"3P"	"1"	2	2		
""	"5543.94"	"6.24e+04"	D+	"9.7564939"	"9.980133"	"3s2.3p3.(4S*).5d"	"3D*"	"2"	"3s2.3p3.(4S*).6f"	"3F"	"2"	4	4		
""	"5543.96"	"3.56e+05"	C	"9.7564939"	"9.9801324"	"3s2.3p3.(4S*).5d"	"3D*"	"2"	"3s2.3p3.(4S*).6f"	"3F"	"3"	4	6		
""	"5545.23"	"4.46e+04"	D+	"9.7565451"	"9.9801324"	"3s2.3p3.(4S*).5d"	"3D*"	"3"	"3s2.3p3.(4S*).6f"	"3F"	"3"	6	6		
""	"5545.23"	"4.01e+05"	C	"9.7565451"	"9.9801324"	"3s2.3p3.(4S*).5d"	"3D*"	"3"	"3s2.3p3.(4S*).6f"	"3F"	"4"	6	8		
""	"5545.21"	"1.78e+03"	E	"9.7565451"	"9.980133"	"3s2.3p3.(4S*).5d"	"3D*"	"3"	"3s2.3p3.(4S*).6f"	"3F"	"2"	6	4		
""	"5547.41"	"3.37e+05"	C	"9.7566336"	"9.980133"	"3s2.3p3.(4S*).5d"	"3D*"	"1"	"3s2.3p3.(4S*).6f"	"3F"	"2"	2	4		
""	"5757.4"	"7.70e+03"	D	"9.932718"	"10.148067"	"3s2.3p3.(4S*).7p"	"3P"	"2"	"3s2.3p3.(4S*).10s"	"3S*"	"1"	4	2		
""	"5781.3"	"4.05e+03"	D	"9.933609"	"10.148067"	"3s2.3p3.(4S*).7p"	"3P"	"1"	"3s2.3p3.(4S*).10s"	"3S*"	"1"	2	2		
""	"5793.7"	"1.25e+03"	E	"9.934068"	"10.148067"	"3s2.3p3.(4S*).7p"	"3P"	"0"	"3s2.3p3.(4S*).10s"	"3S*"	"1"	1	2		
"5924.560"	"5924.581"	"1.09e+06"	C	"9.2081239"	"9.4173947"	"3s2.3p3.(4S*).5p"	"3P"	"2"	"3s2.3p3.(4S*).4d"	"3D*"	"3"	4	6		
""	"5939.07"	"2.71e+05"	C	"9.2081239"	"9.4168842"	"3s2.3p3.(4S*).5p"	"3P"	"2"	"3s2.3p3.(4S*).4d"	"3D*"	"2"	4	4		
""	"5940.88"	"3.01e+04"	D	"9.2081239"	"9.4168206"	"3s2.3p3.(4S*).5p"	"3P"	"2"	"3s2.3p3.(4S*).4d"	"3D*"	"1"	4	2		
"5942.73"	"5942.77"	"8.12e+05"	C	"9.2082537"	"9.4168842"	"3s2.3p3.(4S*).5p"	"3P"	"1"	"3s2.3p3.(4S*).4d"	"3D*"	"2"	2	4		
""	"5944.58"	"4.51e+05"	C	"9.2082537"	"9.4168206"	"3s2.3p3.(4S*).5p"	"3P"	"1"	"3s2.3p3.(4S*).4d"	"3D*"	"1"	2	2		
""	"5946.855"	"1.53e+04"	D+	"9.2954938"	"9.5039808"	"3s2.3p3.(4S*).4d"	"5D*"	"4"	"3s2.3p3.(4S*).4f"	"5F"	"3"	8	6		
""	"5946.898"	"1.79e+05"	C	"9.2954938"	"9.5039793"	"3s2.3p3.(4S*).4d"	"5D*"	"4"	"3s2.3p3.(4S*).4f"	"5F"	"4"	8	8		
"5946.908"	"5946.901"	"1.07e+06"	C+	"9.2954938"	"9.5039792"	"3s2.3p3.(4S*).4d"	"5D*"	"4"	"3s2.3p3.(4S*).4f"	"5F"	"5"	8	10		
""	"5950.00"	"4.29e+04"	D+	"9.2956056"	"9.5039822"	"3s2.3p3.(4S*).4d"	"5D*"	"3"	"3s2.3p3.(4S*).4f"	"5F"	"2"	6	4		
""	"5950.04"	"3.21e+05"	C	"9.2956056"	"9.5039808"	"3s2.3p3.(4S*).4d"	"5D*"	"3"	"3s2.3p3.(4S*).4f"	"5F"	"3"	6	6		
"5950.09"	"5950.09"	"8.93e+05"	C	"9.2956056"	"9.5039793"	"3s2.3p3.(4S*).4d"	"5D*"	"3"	"3s2.3p3.(4S*).4f"	"5F"	"4"	6	8		
"5951.83"	"5951.84"	"6.00e+05"	C	"9.2085080"	"9.4168206"	"3s2.3p3.(4S*).5p"	"3P"	"0"	"3s2.3p3.(4S*).4d"	"3D*"	"1"	1	2		
""	"5953.56"	"7.13e+04"	D+	"9.2957328"	"9.5039849"	"3s2.3p3.(4S*).4d"	"5D*"	"2"	"3s2.3p3.(4S*).4f"	"5F"	"1"	4	2		
""	"5953.64"	"4.28e+05"	C	"9.2957328"	"9.5039822"	"3s2.3p3.(4S*).4d"	"5D*"	"2"	"3s2.3p3.(4S*).4f"	"5F"	"2"	4	4		
"5953.73"	"5953.68"	"7.33e+05"	C	"9.2957328"	"9.5039808"	"3s2.3p3.(4S*).4d"	"5D*"	"2"	"3s2.3p3.(4S*).4f"	"5F"	"3"	4	6		
""	"5956.82"	"4.98e+05"	C	"9.2958468"	"9.5039849"	"3s2.3p3.(4S*).4d"	"5D*"	"1"	"3s2.3p3.(4S*).4f"	"5F"	"1"	2	2		
"5956.91"	"5956.90"	"5.98e+05"	C	"9.2958468"	"9.5039822"	"3s2.3p3.(4S*).4d"	"5D*"	"1"	"3s2.3p3.(4S*).4f"	"5F"	"2"	2	4		
"5958.84"	"5958.83"	"4.98e+05"	C	"9.2959168"	"9.5039849"	"3s2.3p3.(4S*).4d"	"5D*"	"0"	"3s2.3p3.(4S*).4f"	"5F"	"1"	1	2		
""	"6188.44"	"2.20e+05"	C	"9.5039808"	"9.7043290"	"3s2.3p3.(4S*).4f"	"5F"	"3"	"3s2.3p3.(4S*).5d"	"5D*"	"2"	6	4		
""	"6188.48"	"9.16e+04"	D+	"9.5039822"	"9.7043290"	"3s2.3p3.(4S*).4f"	"5F"	"2"	"3s2.3p3.(4S*).5d"	"5D*"	"2"	4	4		
""	"6188.56"	"9.15e+03"	D	"9.5039849"	"9.7043290"	"3s2.3p3.(4S*).4f"	"5F"	"1"	"3s2.3p3.(4S*).5d"	"5D*"	"2"	2	4		
""	"6189.65"	"2.45e+05"	C	"9.5039793"	"9.7042883"	"3s2.3p3.(4S*).4f"	"5F"	"4"	"3s2.3p3.(4S*).5d"	"5D*"	"3"	8	6		
""	"6189.69"	"6.86e+04"	D+	"9.5039808"	"9.7042883"	"3s2.3p3.(4S*).4f"	"5F"	"3"	"3s2.3p3.(4S*).5d"	"5D*"	"3"	6	6		
""	"6189.74"	"6.54e+03"	D	"9.5039822"	"9.7042883"	"3s2.3p3.(4S*).4f"	"5F"	"2"	"3s2.3p3.(4S*).5d"	"5D*"	"3"	4	6		
""	"6190.95"	"2.80e+05"	C	"9.5039792"	"9.7042459"	"3s2.3p3.(4S*).4f"	"5F"	"5"	"3s2.3p3.(4S*).5d"	"5D*"	"4"	10	8		
""	"6190.96"	"3.81e+04"	D+	"9.5039793"	"9.7042459"	"3s2.3p3.(4S*).4f"	"5F"	"4"	"3s2.3p3.(4S*).5d"	"5D*"	"4"	8	8		
""	"6191.00"	"2.54e+03"	D	"9.5039808"	"9.7042459"	"3s2.3p3.(4S*).4f"	"5F"	"3"	"3s2.3p3.(4S*).5d"	"5D*"	"4"	6	8		
""	"6361.3"	"2.99e+04"	D+	"9.980133"	"10.175037"	"3s2.3p3.(4S*).6f"	"3F"	"2"	"3s2.3p3.(4S*).9d"	"3D*"	"1"	4	2		
""	"6376.7"	"3.29e+03"	D	"9.980133"	"10.174565"	"3s2.3p3.(4S*).6f"	"3F"	"2"	"3s2.3p3.(4S*).9d"	"3D*"	"2"	4	4		
""	"6376.7"	"2.64e+04"	D+	"9.9801324"	"10.174565"	"3s2.3p3.(4S*).6f"	"3F"	"3"	"3s2.3p3.(4S*).9d"	"3D*"	"2"	6	4		
""	"6383.6"	"2.71e+04"	D+	"9.9801324"	"10.174357"	"3s2.3p3.(4S*).6f"	"3F"	"4"	"3s2.3p3.(4S*).9d"	"3D*"	"3"	8	6		
""	"6383.6"	"2.34e+03"	D	"9.9801324"	"10.174357"	"3s2.3p3.(4S*).6f"	"3F"	"3"	"3s2.3p3.(4S*).9d"	"3D*"	"3"	6	6		
""	"6383.6"	"6.68e+01"	E'	"9.980133"	"10.174357"	"3s2.3p3.(4S*).6f"	"3F"	"2"	"3s2.3p3.(4S*).9d"	"3D*"	"3"	4	6		
""	"6412.6"	"2.29e+02"	E	"9.9800163u"	"10.173362"	"3s2.3p3.(4S*).6f"	"5F"	"3"	"3s2.3p3.(4S*).9d"	"5D*"	"4"	6	8		
""	"6412.6"	"2.52e+04"	D+	"9.9800163u"	"10.173362"	"3s2.3p3.(4S*).6f"	"5F"	"5"	"3s2.3p3.(4S*).9d"	"5D*"	"4"	10	8		
""	"6412.6"	"3.43e+03"	D	"9.9800163u"	"10.173362"	"3s2.3p3.(4S*).6f"	"5F"	"4"	"3s2.3p3.(4S*).9d"	"5D*"	"4"	8	8		
""	"6430.4"	"3.58e+03"	D	"9.932718"	"10.125527"	"3s2.3p3.(4S*).7p"	"3P"	"2"	"3s2.3p3.(4S*).8d"	"3D*"	"1"	4	2		
""	"6440.2"	"3.24e+04"	D+	"9.932718"	"10.125234"	"3s2.3p3.(4S*).7p"	"3P"	"2"	"3s2.3p3.(4S*).8d"	"3D*"	"2"	4	4		
""	"6450.4"	"1.30e+05"	C	"9.932718"	"10.124930"	"3s2.3p3.(4S*).7p"	"3P"	"2"	"3s2.3p3.(4S*).8d"	"3D*"	"3"	4	6		
""	"6460.3"	"5.29e+04"	D+	"9.933609"	"10.125527"	"3s2.3p3.(4S*).7p"	"3P"	"1"	"3s2.3p3.(4S*).8d"	"3D*"	"1"	2	2		
""	"6470.1"	"9.55e+04"	D+	"9.933609"	"10.125234"	"3s2.3p3.(4S*).7p"	"3P"	"1"	"3s2.3p3.(4S*).8d"	"3D*"	"2"	2	4		
""	"6475.8"	"7.00e+04"	D+	"9.934068"	"10.125527"	"3s2.3p3.(4S*).7p"	"3P"	"0"	"3s2.3p3.(4S*).8d"	"3D*"	"1"	1	2		
""	"6490.8"	"3.07e+05"	C	"9.7042459"	"9.895261?"	"3s2.3p3.(4S*).5d"	"5D*"	"4"	"3s2.3p3.(4S*).7p"	"5P"	"3"	8	6		
""	"6492.3"	"7.95e+04"	D+	"9.7042883"	"9.895261?"	"3s2.3p3.(4S*).5d"	"5D*"	"3"	"3s2.3p3.(4S*).7p"	"5P"	"3"	6	6		
""	"6493.6"	"1.14e+04"	D+	"9.7043290"	"9.895261?"	"3s2.3p3.(4S*).5d"	"5D*"	"2"	"3s2.3p3.(4S*).7p"	"5P"	"3"	4	6		
""	"6798.6"	"1.02e+05"	D+	"9.895261?"	"10.077628"	"3s2.3p3.(4S*).7p"	"5P"	"3"	"3s2.3p3.(4S*).9s"	"5S*"	"2"	6	4		
""	"6987.6"	"1.72e+05"	D+	"9.7566336"	"9.934068"	"3s2.3p3.(4S*).5d"	"3D*"	"1"	"3s2.3p3.(4S*).7p"	"3P"	"0"	2	1		
""	"7000.2"	"1.33e+05"	D+	"9.7564939"	"9.933609"	"3s2.3p3.(4S*).5d"	"3D*"	"2"	"3s2.3p3.(4S*).7p"	"3P"	"1"	4	2		
""	"7005.7"	"4.44e+04"	D+	"9.7566336"	"9.933609"	"3s2.3p3.(4S*).5d"	"3D*"	"1"	"3s2.3p3.(4S*).7p"	"3P"	"1"	2	2		
""	"7035.59"	"2.81e+04"	D+	"9.7564939"	"9.932718"	"3s2.3p3.(4S*).5d"	"3D*"	"2"	"3s2.3p3.(4S*).7p"	"3P"	"2"	4	4		
""	"7037.63"	"1.57e+05"	C	"9.7565451"	"9.932718"	"3s2.3p3.(4S*).5d"	"3D*"	"3"	"3s2.3p3.(4S*).7p"	"3P"	"2"	6	4		
""	"7041.17"	"1.89e+03"	D	"9.7566336"	"9.932718"	"3s2.3p3.(4S*).5d"	"3D*"	"1"	"3s2.3p3.(4S*).7p"	"3P"	"2"	2	4		
"7181.52"	"7181.540"	"8.69e+05"	C+	"9.4803264"	"9.6529693"	"3s2.3p3.(4S*).6s"	"5S*"	"2"	"3s2.3p3.(4S*).6p"	"5P"	"3"	4	6		
"7198.19"	"7198.23"	"8.55e+05"	C	"9.4803264"	"9.6525691"	"3s2.3p3.(4S*).6s"	"5S*"	"2"	"3s2.3p3.(4S*).6p"	"5P"	"2"	4	4		
"7211.03"	"7211.18"	"8.54e+05"	C	"9.4803264"	"9.6522596"	"3s2.3p3.(4S*).6s"	"5S*"	"2"	"3s2.3p3.(4S*).6p"	"5P"	"1"	4	2		
"7329.52"	"7329.51"	"2.244e+05"	A+	"9.8124607u"	"9.9816182"	"3s2.3p3.(4S*).5f"	"5F"	"5"	"3s2.3p3.(4S*).6g"	""	""	10	72		
"7329.52"	"7329.51"	"1.839e+05"	A	"9.8124607u"	"9.9816182"	"3s2.3p3.(4S*).5f"	"5F"	"4"	"3s2.3p3.(4S*).6g"	""	""	8	72		
"7329.52"	"7329.51"	"1.021e+05"	B+	"9.8124607u"	"9.9816182"	"3s2.3p3.(4S*).5f"	"5F"	"2"	"3s2.3p3.(4S*).6g"	""	""	4	72		
"7329.52"	"7329.51"	"1.429e+05"	B+	"9.8124607u"	"9.9816182"	"3s2.3p3.(4S*).5f"	"5F"	"3"	"3s2.3p3.(4S*).6g"	""	""	6	72		
""	"7364.4"	"2.01e+04"	D+	"10.042139"	"10.210494"	"3s2.3p3.(4S*).8p"	"3P"	"1"	"3s2.3p3.(4S*).10d"	"3D*"	"1"	2	2		
""	"7364.9"	"2.68e+04"	D+	"10.042149"	"10.210494"	"3s2.3p3.(4S*).8p"	"3P"	"0"	"3s2.3p3.(4S*).10d"	"3D*"	"1"	1	2		
""	"7366.6"	"1.34e+03"	E	"10.042189"	"10.210494"	"3s2.3p3.(4S*).8p"	"3P"	"2"	"3s2.3p3.(4S*).10d"	"3D*"	"1"	4	2		
""	"7369.0"	"3.67e+04"	D+	"10.042139"	"10.210390"	"3s2.3p3.(4S*).8p"	"3P"	"1"	"3s2.3p3.(4S*).10d"	"3D*"	"2"	2	4		
""	"7371.2"	"1.23e+04"	D+	"10.042189"	"10.210390"	"3s2.3p3.(4S*).8p"	"3P"	"2"	"3s2.3p3.(4S*).10d"	"3D*"	"2"	4	4		
""	"7379.9"	"4.98e+04"	D+	"10.042189"	"10.210192"	"3s2.3p3.(4S*).8p"	"3P"	"2"	"3s2.3p3.(4S*).10d"	"3D*"	"3"	4	6		
"7430.02"	"7430.02"	"1.662e+06"	A+	"9.8150685"	"9.9819378"	"3s2.3p3.(4S*).5g"	""	""	"3s2.3p3.(4S*).6h"	""	""	72	72		
""	"7723.01"	"7.04e+05"	C	"9.6571934"	"9.817732"	"3s2.3p3.(4S*).6p"	"3P"	"2"	"3s2.3p3.(4S*).7s"	"3S*"	"1"	4	2		
""	"7793.21"	"1.43e+05"	C	"9.6586395"	"9.817732"	"3s2.3p3.(4S*).6p"	"3P"	"0"	"3s2.3p3.(4S*).7s"	"3S*"	"1"	1	2		
""	"7862.74"	"3.77e+05"	C	"9.6600463"	"9.817732"	"3s2.3p3.(4S*).6p"	"3P"	"1"	"3s2.3p3.(4S*).7s"	"3S*"	"1"	2	2		
""	"8237.0"	"1.50e+04"	D+	"9.932718"	"10.083239"	"3s2.3p3.(4S*).7p"	"3P"	"2"	"3s2.3p3.(4S*).9s"	"3S*"	"1"	4	2		
""	"8245.0"	"1.12e+04"	D	"10.042139"	"10.192513"	"3s2.3p3.(4S*).8p"	"3P"	"1"	"3s2.3p3.(4S*).11s"	"3S*"	"1"	2	2		
""	"8245.6"	"3.71e+03"	D	"10.042149"	"10.192513"	"3s2.3p3.(4S*).8p"	"3P"	"0"	"3s2.3p3.(4S*).11s"	"3S*"	"1"	1	2		
""	"8247.8"	"1.85e+04"	D+	"10.042189"	"10.192513"	"3s2.3p3.(4S*).8p"	"3P"	"2"	"3s2.3p3.(4S*).11s"	"3S*"	"1"	4	2		
""	"8283.35"	"2.73e+05"	C	"9.6522596"	"9.8019384"	"3s2.3p3.(4S*).6p"	"5P"	"1"	"3s2.3p3.(4S*).7s"	"5S*"	"2"	2	4		
""	"8286.0"	"7.93e+03"	D	"9.933609"	"10.083239"	"3s2.3p3.(4S*).7p"	"3P"	"1"	"3s2.3p3.(4S*).9s"	"3S*"	"1"	2	2		
""	"8300.51"	"4.51e+05"	C	"9.6525691"	"9.8019384"	"3s2.3p3.(4S*).6p"	"5P"	"2"	"3s2.3p3.(4S*).7s"	"5S*"	"2"	4	4		
""	"8311.5"	"2.47e+03"	D	"9.934068"	"10.083239"	"3s2.3p3.(4S*).7p"	"3P"	"0"	"3s2.3p3.(4S*).9s"	"3S*"	"1"	1	2		
"8322.93"	"8322.81"	"6.34e+05"	C	"9.6529693"	"9.8019384"	"3s2.3p3.(4S*).6p"	"5P"	"3"	"3s2.3p3.(4S*).7s"	"5S*"	"2"	6	4		
"8383.27"	"8383.33"	"5.16e+05"	C	"9.5121526"	"9.6600463"	"3s2.3p3.(4S*).6s"	"3S*"	"1"	"3s2.3p3.(4S*).6p"	"3P"	"1"	2	2		
""	"8441.8"	"1.14e+05"	C	"9.895261?"	"10.042130"	"3s2.3p3.(4S*).7p"	"5P"	"3"	"3s2.3p3.(4S*).7d"	"5D*"	"4"	6	8		
""	"8463.85"	"5.60e+05"	C	"9.5121526"	"9.6586395"	"3s2.3p3.(4S*).6s"	"3S*"	"1"	"3s2.3p3.(4S*).6p"	"3P"	"0"	2	1		
""	"8527.5"	"4.89e+04"	D+	"9.980133"	"10.125527"	"3s2.3p3.(4S*).6f"	"3F"	"2"	"3s2.3p3.(4S*).8d"	"3D*"	"1"	4	2		
""	"8544.6"	"4.34e+04"	D+	"9.9801324"	"10.125234"	"3s2.3p3.(4S*).6f"	"3F"	"3"	"3s2.3p3.(4S*).8d"	"3D*"	"2"	6	4		
""	"8544.7"	"5.43e+03"	D	"9.980133"	"10.125234"	"3s2.3p3.(4S*).6f"	"3F"	"2"	"3s2.3p3.(4S*).8d"	"3D*"	"2"	4	4		
"8548.09"	"8548.23"	"5.33e+05"	C	"9.5121526"	"9.6571934"	"3s2.3p3.(4S*).6s"	"3S*"	"1"	"3s2.3p3.(4S*).6p"	"3P"	"2"	2	4		
""	"8562.6"	"3.87e+03"	D	"9.9801324"	"10.124930"	"3s2.3p3.(4S*).6f"	"3F"	"3"	"3s2.3p3.(4S*).8d"	"3D*"	"3"	6	6		
""	"8562.6"	"1.10e+02"	E	"9.980133"	"10.124930"	"3s2.3p3.(4S*).6f"	"3F"	"2"	"3s2.3p3.(4S*).8d"	"3D*"	"3"	4	6		
""	"8562.6"	"4.47e+04"	D+	"9.9801324"	"10.124930"	"3s2.3p3.(4S*).6f"	"3F"	"4"	"3s2.3p3.(4S*).8d"	"3D*"	"3"	8	6		
""	"8728.4"	"1.39e+05"	C	"9.8413422"	"9.983389"	"3s2.3p3.(2D*).4p"	"3P"	"2"	"3s2.3p3.(4S*).8s"	"3S*"	"1"	4	2		
""	"8815.2"	"3.85e+02"	D	"9.9800163u"	"10.120664"	"3s2.3p3.(4S*).6f"	"5F"	"3"	"3s2.3p3.(4S*).8d"	"5D*"	"4"	6	8		
""	"8815.2"	"4.23e+04"	C	"9.9800163u"	"10.120664"	"3s2.3p3.(4S*).6f"	"5F"	"5"	"3s2.3p3.(4S*).8d"	"5D*"	"4"	10	8		
""	"8815.2"	"5.76e+03"	D+	"9.9800163u"	"10.120664"	"3s2.3p3.(4S*).6f"	"5F"	"4"	"3s2.3p3.(4S*).8d"	"5D*"	"4"	8	8		
""	"8871.7"	"3.64e+02"	E	"9.941323"	"10.081077u"	"3s2.3p3.(4S*).6d"	"3D*"	"3"	"3s2.3p3.(4S*).7f"	"3F"	"2"	6	4		
""	"8871.7"	"8.19e+04"	C	"9.941323"	"10.0810766u"	"3s2.3p3.(4S*).6d"	"3D*"	"3"	"3s2.3p3.(4S*).7f"	"3F"	"4"	6	8		
""	"8871.7"	"9.10e+03"	D+	"9.941323"	"10.081077u"	"3s2.3p3.(4S*).6d"	"3D*"	"3"	"3s2.3p3.(4S*).7f"	"3F"	"3"	6	6		
""	"8883.7"	"7.31e+04"	C	"9.941513"	"10.081077u"	"3s2.3p3.(4S*).6d"	"3D*"	"2"	"3s2.3p3.(4S*).7f"	"3F"	"3"	4	6		
""	"8883.7"	"1.28e+04"	D+	"9.941513"	"10.081077u"	"3s2.3p3.(4S*).6d"	"3D*"	"2"	"3s2.3p3.(4S*).7f"	"3F"	"2"	4	4		
""	"8897.9"	"6.96e+04"	C	"9.941736"	"10.081077u"	"3s2.3p3.(4S*).6d"	"3D*"	"1"	"3s2.3p3.(4S*).7f"	"3F"	"2"	2	4		
""	"8958.9"	"8.79e+04"	D+	"9.8449969"	"9.983389"	"3s2.3p3.(2D*).4p"	"3P"	"1"	"3s2.3p3.(4S*).8s"	"3S*"	"1"	2	2		
""	"9061.7"	"3.00e+04"	D+	"9.846566"	"9.983389"	"3s2.3p3.(2D*).4p"	"3P"	"0"	"3s2.3p3.(4S*).8s"	"3S*"	"1"	1	2		
""	"9329.2"	"2.32e+04"	D+	"10.042139"	"10.175037"	"3s2.3p3.(4S*).8p"	"3P"	"1"	"3s2.3p3.(4S*).9d"	"3D*"	"1"	2	2		
""	"9329.9"	"3.09e+04"	D+	"10.042149"	"10.175037"	"3s2.3p3.(4S*).8p"	"3P"	"0"	"3s2.3p3.(4S*).9d"	"3D*"	"1"	1	2		
""	"9332.8"	"1.55e+03"	D	"10.042189"	"10.175037"	"3s2.3p3.(4S*).8p"	"3P"	"2"	"3s2.3p3.(4S*).9d"	"3D*"	"1"	4	2		
""	"9362.5"	"4.22e+04"	D+	"10.042139"	"10.174565"	"3s2.3p3.(4S*).8p"	"3P"	"1"	"3s2.3p3.(4S*).9d"	"3D*"	"2"	2	4		
""	"9366.1"	"1.41e+04"	D+	"10.042189"	"10.174565"	"3s2.3p3.(4S*).8p"	"3P"	"2"	"3s2.3p3.(4S*).9d"	"3D*"	"2"	4	4		
""	"9380.9"	"5.73e+04"	C	"10.042189"	"10.174357"	"3s2.3p3.(4S*).8p"	"3P"	"2"	"3s2.3p3.(4S*).9d"	"3D*"	"3"	4	6		
""	"9386.26"	"2.47e+05"	C	"9.1638256"	"9.2959168"	"3s2.3p3.(4S*).5p"	"5P"	"1"	"3s2.3p3.(4S*).4d"	"5D*"	"0"	2	1		
"9391.05"	"9391.23"	"1.85e+05"	C	"9.1638256"	"9.2958468"	"3s2.3p3.(4S*).5p"	"5P"	"1"	"3s2.3p3.(4S*).4d"	"5D*"	"1"	2	2		
"9399.26"	"9399.35"	"8.62e+04"	C	"9.1638256"	"9.2957328"	"3s2.3p3.(4S*).5p"	"5P"	"1"	"3s2.3p3.(4S*).4d"	"5D*"	"2"	2	4		
""	"9423.73"	"6.11e+04"	D+	"9.1642809"	"9.2958468"	"3s2.3p3.(4S*).5p"	"5P"	"2"	"3s2.3p3.(4S*).4d"	"5D*"	"1"	4	2		
"9431.71"	"9431.91"	"1.42e+05"	C	"9.1642809"	"9.2957328"	"3s2.3p3.(4S*).5p"	"5P"	"2"	"3s2.3p3.(4S*).4d"	"5D*"	"2"	4	4		
"9440.95"	"9441.04"	"1.62e+05"	C	"9.1642809"	"9.2956056"	"3s2.3p3.(4S*).5p"	"5P"	"2"	"3s2.3p3.(4S*).4d"	"5D*"	"3"	4	6		
""	"9485.90"	"1.60e+04"	D+	"9.1650291"	"9.2957328"	"3s2.3p3.(4S*).5p"	"5P"	"3"	"3s2.3p3.(4S*).4d"	"5D*"	"2"	6	4		
"9495.04"	"9495.14"	"7.97e+04"	C	"9.1650291"	"9.2956056"	"3s2.3p3.(4S*).5p"	"5P"	"3"	"3s2.3p3.(4S*).4d"	"5D*"	"3"	6	6		
"9503.26"	"9503.27"	"2.38e+05"	C	"9.1650291"	"9.2954938"	"3s2.3p3.(4S*).5p"	"5P"	"3"	"3s2.3p3.(4S*).4d"	"5D*"	"4"	6	8		
""	"9575"	"1.40e+02"	E	"10.081000u"	"[10.21048]"	"3s2.3p3.(4S*).7f"	"5F"	"3"	"3s2.3p3.(4S*).10d"	"5D*"	"4"	6	8		
""	"9575"	"1.54e+04"	D+	"10.081000u"	"[10.21048]"	"3s2.3p3.(4S*).7f"	"5F"	"5"	"3s2.3p3.(4S*).10d"	"5D*"	"4"	10	8		
""	"9575"	"2.10e+03"	D	"10.081000u"	"[10.21048]"	"3s2.3p3.(4S*).7f"	"5F"	"4"	"3s2.3p3.(4S*).10d"	"5D*"	"4"	8	8		
""	"9580.2"	"1.80e+04"	D+	"10.081077u"	"10.210494"	"3s2.3p3.(4S*).7f"	"3F"	"2"	"3s2.3p3.(4S*).10d"	"3D*"	"1"	4	2		
""	"9587.9"	"1.98e+03"	D	"10.081077u"	"10.210390"	"3s2.3p3.(4S*).7f"	"3F"	"2"	"3s2.3p3.(4S*).10d"	"3D*"	"2"	4	4		
""	"9587.9"	"1.58e+04"	D+	"10.081077u"	"10.210390"	"3s2.3p3.(4S*).7f"	"3F"	"3"	"3s2.3p3.(4S*).10d"	"3D*"	"2"	6	4		
""	"9602.4"	"1.52e+05"	C	"9.8126177u"	"9.941736"	"3s2.3p3.(4S*).5f"	"3F"	"2"	"3s2.3p3.(4S*).6d"	"3D*"	"1"	4	2		
""	"9602.6"	"3.99e+01"	E	"10.081077u"	"10.210192"	"3s2.3p3.(4S*).7f"	"3F"	"2"	"3s2.3p3.(4S*).10d"	"3D*"	"3"	4	6		
""	"9602.6"	"1.62e+04"	D+	"10.0810766u"	"10.210192"	"3s2.3p3.(4S*).7f"	"3F"	"4"	"3s2.3p3.(4S*).10d"	"3D*"	"3"	8	6		
""	"9602.6"	"1.40e+03"	D	"10.081077u"	"10.210192"	"3s2.3p3.(4S*).7f"	"3F"	"3"	"3s2.3p3.(4S*).10d"	"3D*"	"3"	6	6		
""	"9619.0"	"1.69e+04"	D+	"9.8126177u"	"9.941513"	"3s2.3p3.(4S*).5f"	"3F"	"2"	"3s2.3p3.(4S*).6d"	"3D*"	"2"	4	4		
""	"9619.0"	"1.35e+05"	C	"9.8126177u"	"9.941513"	"3s2.3p3.(4S*).5f"	"3F"	"3"	"3s2.3p3.(4S*).6d"	"3D*"	"2"	6	4		
""	"9633.2"	"1.39e+05"	C	"9.8126177u"	"9.941323"	"3s2.3p3.(4S*).5f"	"3F"	"4"	"3s2.3p3.(4S*).6d"	"3D*"	"3"	8	6		
""	"9633.2"	"1.20e+04"	D+	"9.8126177u"	"9.941323"	"3s2.3p3.(4S*).5f"	"3F"	"3"	"3s2.3p3.(4S*).6d"	"3D*"	"3"	6	6		
""	"9633.2"	"3.44e+02"	D	"9.8126177u"	"9.941323"	"3s2.3p3.(4S*).5f"	"3F"	"2"	"3s2.3p3.(4S*).6d"	"3D*"	"3"	4	6		
""	"10657.5"	"2.95e+05"	C	"9.817732"	"9.934068"	"3s2.3p3.(4S*).7s"	"3S*"	"1"	"3s2.3p3.(4S*).7p"	"3P"	"0"	2	1		
""	"10699.7"	"2.98e+05"	C	"9.817732"	"9.933609"	"3s2.3p3.(4S*).7s"	"3S*"	"1"	"3s2.3p3.(4S*).7p"	"3P"	"1"	2	2		
""	"10782.5"	"3.02e+05"	C	"9.817732"	"9.932718"	"3s2.3p3.(4S*).7s"	"3S*"	"1"	"3s2.3p3.(4S*).7p"	"3P"	"2"	2	4		
"11457.33"	"11457.23"	"4.72e+05"	C+	"9.7042459"	"9.8124607u"	"3s2.3p3.(4S*).5d"	"5D*"	"4"	"3s2.3p3.(4S*).5f"	"5F"	"5"	8	10		
"11457.33"	"11457.23"	"7.86e+04"	C	"9.7042459"	"9.8124607u"	"3s2.3p3.(4S*).5d"	"5D*"	"4"	"3s2.3p3.(4S*).5f"	"5F"	"4"	8	8		
"11457.33"	"11457.23"	"6.74e+03"	D+	"9.7042459"	"9.8124607u"	"3s2.3p3.(4S*).5d"	"5D*"	"4"	"3s2.3p3.(4S*).5f"	"5F"	"3"	8	6		
"11461.6"	"11461.73"	"1.41e+05"	C	"9.7042883"	"9.8124607u"	"3s2.3p3.(4S*).5d"	"5D*"	"3"	"3s2.3p3.(4S*).5f"	"5F"	"3"	6	6		
"11461.6"	"11461.73"	"3.93e+05"	C+	"9.7042883"	"9.8124607u"	"3s2.3p3.(4S*).5d"	"5D*"	"3"	"3s2.3p3.(4S*).5f"	"5F"	"4"	6	8		
"11461.6"	"11461.73"	"1.89e+04"	D+	"9.7042883"	"9.8124607u"	"3s2.3p3.(4S*).5d"	"5D*"	"3"	"3s2.3p3.(4S*).5f"	"5F"	"2"	6	4		
"11465.79"	"11466.04"	"3.23e+05"	C+	"9.7043290"	"9.8124607u"	"3s2.3p3.(4S*).5d"	"5D*"	"2"	"3s2.3p3.(4S*).5f"	"5F"	"3"	4	6		
"11465.79"	"11466.04"	"1.88e+05"	C	"9.7043290"	"9.8124607u"	"3s2.3p3.(4S*).5d"	"5D*"	"2"	"3s2.3p3.(4S*).5f"	"5F"	"2"	4	4		
""	"11466.0"	"3.14e+04"	D+	"9.7043290"	"9.812461u"	"3s2.3p3.(4S*).5d"	"5D*"	"2"	"3s2.3p3.(4S*).5f"	"5F"	"1"	4	2		
"11468.9"	"11469.27"	"2.63e+05"	C+	"9.7043595"	"9.8124607u"	"3s2.3p3.(4S*).5d"	"5D*"	"1"	"3s2.3p3.(4S*).5f"	"5F"	"2"	2	4		
""	"11704.5"	"1.90e+04"	D+	"10.042139"	"10.148067"	"3s2.3p3.(4S*).8p"	"3P"	"1"	"3s2.3p3.(4S*).10s"	"3S*"	"1"	2	2		
""	"11705.6"	"6.33e+03"	D+	"10.042149"	"10.148067"	"3s2.3p3.(4S*).8p"	"3P"	"0"	"3s2.3p3.(4S*).10s"	"3S*"	"1"	1	2		
""	"11710.2"	"3.15e+04"	D+	"10.042189"	"10.148067"	"3s2.3p3.(4S*).8p"	"3P"	"2"	"3s2.3p3.(4S*).10s"	"3S*"	"1"	4	2		
""	"11769.9"	"5.60e+03"	D+	"9.812461u"	"9.917801u"	"3s2.3p3.(4S*).5f"	"5F"	"1"	"3s2.3p3.(4S*).6d"	"5D*"	"2"	2	4		
""	"11769.9"	"1.34e+05"	C	"9.8124607u"	"9.917801u"	"3s2.3p3.(4S*).5f"	"5F"	"3"	"3s2.3p3.(4S*).6d"	"5D*"	"2"	6	4		
""	"11769.9"	"5.60e+04"	C	"9.8124607u"	"9.917801u"	"3s2.3p3.(4S*).5f"	"5F"	"2"	"3s2.3p3.(4S*).6d"	"5D*"	"2"	4	4		
""	"11773.9"	"4.19e+04"	C	"9.8124607u"	"9.9177647"	"3s2.3p3.(4S*).5f"	"5F"	"3"	"3s2.3p3.(4S*).6d"	"5D*"	"3"	6	6		
""	"11773.9"	"3.99e+03"	D+	"9.8124607u"	"9.9177647"	"3s2.3p3.(4S*).5f"	"5F"	"2"	"3s2.3p3.(4S*).6d"	"5D*"	"3"	4	6		
""	"11773.9"	"1.50e+05"	C	"9.8124607u"	"9.9177647"	"3s2.3p3.(4S*).5f"	"5F"	"4"	"3s2.3p3.(4S*).6d"	"5D*"	"3"	8	6		
""	"11776.32"	"2.33e+04"	C	"9.8124607u"	"9.9177434"	"3s2.3p3.(4S*).5f"	"5F"	"4"	"3s2.3p3.(4S*).6d"	"5D*"	"4"	8	8		
""	"11776.32"	"1.71e+05"	C+	"9.8124607u"	"9.9177434"	"3s2.3p3.(4S*).5f"	"5F"	"5"	"3s2.3p3.(4S*).6d"	"5D*"	"4"	10	8		
""	"11776.32"	"1.55e+03"	D+	"9.8124607u"	"9.9177434"	"3s2.3p3.(4S*).5f"	"5F"	"3"	"3s2.3p3.(4S*).6d"	"5D*"	"4"	6	8		
""	"12292.0"	"1.42e+05"	C	"9.941323"	"10.042189"	"3s2.3p3.(4S*).6d"	"3D*"	"3"	"3s2.3p3.(4S*).8p"	"3P"	"2"	6	4		
""	"12315.1"	"2.54e+04"	C	"9.941513"	"10.042189"	"3s2.3p3.(4S*).6d"	"3D*"	"2"	"3s2.3p3.(4S*).8p"	"3P"	"2"	4	4		
"12320.54"	"12320.54"	"5.372e+05"	A+	"9.9816182"	"10.0822503"	"3s2.3p3.(4S*).6g"	""	""	"3s2.3p3.(4S*).7h"	""	""	72	72		
""	"12321.3"	"1.27e+05"	C	"9.941513"	"10.042139"	"3s2.3p3.(4S*).6d"	"3D*"	"2"	"3s2.3p3.(4S*).8p"	"3P"	"1"	4	2		
""	"12342.5"	"1.69e+03"	D	"9.941736"	"10.042189"	"3s2.3p3.(4S*).6d"	"3D*"	"1"	"3s2.3p3.(4S*).8p"	"3P"	"2"	2	4		
""	"12347.5"	"1.70e+05"	C	"9.941736"	"10.042149"	"3s2.3p3.(4S*).6d"	"3D*"	"1"	"3s2.3p3.(4S*).8p"	"3P"	"0"	2	1		
""	"12348.7"	"4.24e+04"	C	"9.941736"	"10.042139"	"3s2.3p3.(4S*).6d"	"3D*"	"1"	"3s2.3p3.(4S*).8p"	"3P"	"1"	2	2		
"12351.89"	"12351.89"	"7.434e+05"	A+	"9.9819378"	"10.0823146"	"3s2.3p3.(4S*).6h"	""	""	"3s2.3p3.(4S*).7i"	""	""	72	72		
""	"12468.2"	"8.00e+03"	D+	"9.6571934"	"9.7566336"	"3s2.3p3.(4S*).6p"	"3P"	"2"	"3s2.3p3.(4S*).5d"	"3D*"	"1"	4	2		
"12479.4"	"12479.33"	"2.90e+05"	C+	"9.6571934"	"9.7565451"	"3s2.3p3.(4S*).6p"	"3P"	"2"	"3s2.3p3.(4S*).5d"	"3D*"	"3"	4	6		
""	"12485.77"	"7.19e+04"	C	"9.6571934"	"9.7564939"	"3s2.3p3.(4S*).6p"	"3P"	"2"	"3s2.3p3.(4S*).5d"	"3D*"	"2"	4	4		
""	"12652.2"	"1.59e+05"	C	"9.6586395"	"9.7566336"	"3s2.3p3.(4S*).6p"	"3P"	"0"	"3s2.3p3.(4S*).5d"	"3D*"	"1"	1	2		
""	"12836.5"	"1.03e+05"	C	"9.6600463"	"9.7566336"	"3s2.3p3.(4S*).6p"	"3P"	"1"	"3s2.3p3.(4S*).5d"	"3D*"	"1"	2	2		
""	"12855.09"	"1.83e+05"	C	"9.6600463"	"9.7564939"	"3s2.3p3.(4S*).6p"	"3P"	"1"	"3s2.3p3.(4S*).5d"	"3D*"	"2"	2	4		
""	"13195.3"	"2.90e+04"	D+	"10.081077u"	"10.175037"	"3s2.3p3.(4S*).7f"	"3F"	"2"	"3s2.3p3.(4S*).9d"	"3D*"	"1"	4	2		
""	"13262.0"	"2.54e+04"	C	"10.081077u"	"10.174565"	"3s2.3p3.(4S*).7f"	"3F"	"3"	"3s2.3p3.(4S*).9d"	"3D*"	"2"	6	4		
""	"13262.0"	"3.18e+03"	D+	"10.081077u"	"10.174565"	"3s2.3p3.(4S*).7f"	"3F"	"2"	"3s2.3p3.(4S*).9d"	"3D*"	"2"	4	4		
""	"13285.6"	"2.87e+05"	C+	"9.8019384"	"9.895261?"	"3s2.3p3.(4S*).7s"	"5S*"	"2"	"3s2.3p3.(4S*).7p"	"5P"	"3"	4	6		
""	"13292"	"2.26e+03"	D+	"10.081077u"	"10.174357"	"3s2.3p3.(4S*).7f"	"3F"	"3"	"3s2.3p3.(4S*).9d"	"3D*"	"3"	6	6		
""	"13292"	"6.45e+01"	E	"10.081077u"	"10.174357"	"3s2.3p3.(4S*).7f"	"3F"	"2"	"3s2.3p3.(4S*).9d"	"3D*"	"3"	4	6		
""	"13292"	"2.61e+04"	C	"10.0810766u"	"10.174357"	"3s2.3p3.(4S*).7f"	"3F"	"4"	"3s2.3p3.(4S*).9d"	"3D*"	"3"	8	6		
""	"13423.7"	"2.48e+04"	C	"10.081000u"	"10.173362"	"3s2.3p3.(4S*).7f"	"5F"	"5"	"3s2.3p3.(4S*).9d"	"5D*"	"4"	10	8		
""	"13423.7"	"3.38e+03"	D+	"10.081000u"	"10.173362"	"3s2.3p3.(4S*).7f"	"5F"	"4"	"3s2.3p3.(4S*).9d"	"5D*"	"4"	8	8		
""	"13423.7"	"2.25e+02"	D	"10.081000u"	"10.173362"	"3s2.3p3.(4S*).7f"	"5F"	"3"	"3s2.3p3.(4S*).9d"	"5D*"	"4"	6	8		
""	"14193.9"	"6.73e+04"	C	"9.4168206"	"9.5041709"	"3s2.3p3.(4S*).4d"	"3D*"	"1"	"3s2.3p3.(4S*).4f"	"3F"	"2"	2	4		
""	"14204.2"	"1.24e+04"	D+	"9.4168842"	"9.5041709"	"3s2.3p3.(4S*).4d"	"3D*"	"2"	"3s2.3p3.(4S*).4f"	"3F"	"2"	4	4		
""	"14204.6"	"7.11e+04"	C	"9.4168842"	"9.5041689"	"3s2.3p3.(4S*).4d"	"3D*"	"2"	"3s2.3p3.(4S*).4f"	"3F"	"3"	4	6		
""	"14287.82"	"3.49e+02"	D	"9.4173947"	"9.5041709"	"3s2.3p3.(4S*).4d"	"3D*"	"3"	"3s2.3p3.(4S*).4f"	"3F"	"2"	6	4		
""	"14288.13"	"7.85e+04"	C+	"9.4173947"	"9.5041690"	"3s2.3p3.(4S*).4d"	"3D*"	"3"	"3s2.3p3.(4S*).4f"	"3F"	"4"	6	8		
""	"14288.15"	"8.72e+03"	D+	"9.4173947"	"9.5041689"	"3s2.3p3.(4S*).4d"	"3D*"	"3"	"3s2.3p3.(4S*).4f"	"3F"	"3"	6	6		
""	"14868"	"2.24e+04"	C	"10.042139"	"10.125527"	"3s2.3p3.(4S*).8p"	"3P"	"1"	"3s2.3p3.(4S*).8d"	"3D*"	"1"	2	2		
""	"14870"	"2.98e+04"	C	"10.042149"	"10.125527"	"3s2.3p3.(4S*).8p"	"3P"	"0"	"3s2.3p3.(4S*).8d"	"3D*"	"1"	1	2		
""	"14877"	"1.50e+03"	D	"10.042189"	"10.125527"	"3s2.3p3.(4S*).8p"	"3P"	"2"	"3s2.3p3.(4S*).8d"	"3D*"	"1"	4	2		
""	"14921"	"4.09e+04"	C	"10.042139"	"10.125234"	"3s2.3p3.(4S*).8p"	"3P"	"1"	"3s2.3p3.(4S*).8d"	"3D*"	"2"	2	4		
""	"14930"	"1.37e+04"	C	"10.042189"	"10.125234"	"3s2.3p3.(4S*).8p"	"3P"	"2"	"3s2.3p3.(4S*).8d"	"3D*"	"2"	4	4		
""	"14985"	"5.56e+04"	C	"10.042189"	"10.124930"	"3s2.3p3.(4S*).8p"	"3P"	"2"	"3s2.3p3.(4S*).8d"	"3D*"	"3"	4	6		
""	"15663.2"	"2.49e+05"	C+	"9.895261?"	"9.974417"	"3s2.3p3.(4S*).7p"	"5P"	"3"	"3s2.3p3.(4S*).8s"	"5S*"	"2"	6	4		
""	"16965"	"9.04e+04"	C	"9.980133"	"10.053215"	"3s2.3p3.(4S*).6f"	"3F"	"2"	"3s2.3p3.(4S*).7d"	"3D*"	"1"	4	2		
""	"17029"	"1.00e+04"	C	"9.980133"	"10.052943"	"3s2.3p3.(4S*).6f"	"3F"	"2"	"3s2.3p3.(4S*).7d"	"3D*"	"2"	4	4		
""	"17028"	"8.01e+04"	C	"9.9801324"	"10.052943"	"3s2.3p3.(4S*).6f"	"3F"	"3"	"3s2.3p3.(4S*).7d"	"3D*"	"2"	6	4		
""	"17093"	"2.03e+02"	D	"9.980133"	"10.052670"	"3s2.3p3.(4S*).6f"	"3F"	"2"	"3s2.3p3.(4S*).7d"	"3D*"	"3"	4	6		
""	"17092"	"8.25e+04"	C+	"9.9801324"	"10.052670"	"3s2.3p3.(4S*).6f"	"3F"	"4"	"3s2.3p3.(4S*).7d"	"3D*"	"3"	8	6		
""	"17092"	"7.13e+03"	C	"9.9801324"	"10.052670"	"3s2.3p3.(4S*).6f"	"3F"	"3"	"3s2.3p3.(4S*).7d"	"3D*"	"3"	6	6		
""	"17433.882"	"7.05e-08"	B	"0.00000000"	"0.07111681"	"3s2.3p4"	"3P"	"2"	"3s2.3p4"	"3P"	"0"	4	1	E2	
""	"19394"	"2.04e+03"	D+	"10.146554u"	"[10.21048]"	"3s2.3p3.(4S*).8f"	"5F"	"4"	"3s2.3p3.(4S*).10d"	"5D*"	"4"	8	8		
""	"19394"	"1.36e+02"	D	"10.146554u"	"[10.21048]"	"3s2.3p3.(4S*).8f"	"5F"	"3"	"3s2.3p3.(4S*).10d"	"5D*"	"4"	6	8		
""	"19394"	"1.50e+04"	C	"10.146554u"	"[10.21048]"	"3s2.3p3.(4S*).8f"	"5F"	"5"	"3s2.3p3.(4S*).10d"	"5D*"	"4"	10	8		
""	"19909.8"	"3.37e+04"	C+	"9.9177434"	"9.9800163u"	"3s2.3p3.(4S*).6d"	"5D*"	"4"	"3s2.3p3.(4S*).6f"	"5F"	"4"	8	8		
""	"19909.8"	"2.89e+03"	D+	"9.9177434"	"9.9800163u"	"3s2.3p3.(4S*).6d"	"5D*"	"4"	"3s2.3p3.(4S*).6f"	"5F"	"3"	8	6		
""	"19909.8"	"2.02e+05"	C+	"9.9177434"	"9.9800163u"	"3s2.3p3.(4S*).6d"	"5D*"	"4"	"3s2.3p3.(4S*).6f"	"5F"	"5"	8	10		
""	"19916.6"	"8.08e+03"	C	"9.9177647"	"9.9800163u"	"3s2.3p3.(4S*).6d"	"5D*"	"3"	"3s2.3p3.(4S*).6f"	"5F"	"2"	6	4		
""	"19916.6"	"1.68e+05"	C+	"9.9177647"	"9.9800163u"	"3s2.3p3.(4S*).6d"	"5D*"	"3"	"3s2.3p3.(4S*).6f"	"5F"	"4"	6	8		
""	"19916.6"	"6.06e+04"	C+	"9.9177647"	"9.9800163u"	"3s2.3p3.(4S*).6d"	"5D*"	"3"	"3s2.3p3.(4S*).6f"	"5F"	"3"	6	6		
""	"19928"	"1.38e+05"	C+	"9.917801u"	"9.9800163u"	"3s2.3p3.(4S*).6d"	"5D*"	"2"	"3s2.3p3.(4S*).6f"	"5F"	"3"	4	6		
""	"19928"	"8.08e+04"	C+	"9.917801u"	"9.9800163u"	"3s2.3p3.(4S*).6d"	"5D*"	"2"	"3s2.3p3.(4S*).6f"	"5F"	"2"	4	4		
""	"19928"	"1.35e+04"	C	"9.917801u"	"9.980016u"	"3s2.3p3.(4S*).6d"	"5D*"	"2"	"3s2.3p3.(4S*).6f"	"5F"	"1"	4	2		
""	"19961"	"8.49e+02"	D+	"9.9800163u"	"10.042130"	"3s2.3p3.(4S*).6f"	"5F"	"3"	"3s2.3p3.(4S*).7d"	"5D*"	"4"	6	8		
""	"19961"	"1.27e+04"	C	"9.9800163u"	"10.042130"	"3s2.3p3.(4S*).6f"	"5F"	"4"	"3s2.3p3.(4S*).7d"	"5D*"	"4"	8	8		
""	"19961"	"9.34e+04"	C+	"9.9800163u"	"10.042130"	"3s2.3p3.(4S*).6f"	"5F"	"5"	"3s2.3p3.(4S*).7d"	"5D*"	"4"	10	8		
""	"21085"	"1.35e+05"	C+	"9.983389"	"10.042189"	"3s2.3p3.(4S*).8s"	"3S*"	"1"	"3s2.3p3.(4S*).8p"	"3P"	"2"	2	4		
""	"21100"	"1.35e+05"	C	"9.983389"	"10.042149"	"3s2.3p3.(4S*).8s"	"3S*"	"1"	"3s2.3p3.(4S*).8p"	"3P"	"0"	2	1		
""	"21104"	"1.35e+05"	C+	"9.983389"	"10.042139"	"3s2.3p3.(4S*).8s"	"3S*"	"1"	"3s2.3p3.(4S*).8p"	"3P"	"1"	2	2		
""	"22091.2"	"1.13e+04"	C	"9.7564939"	"9.8126177u"	"3s2.3p3.(4S*).5d"	"3D*"	"2"	"3s2.3p3.(4S*).5f"	"3F"	"2"	4	4		
""	"22091.2"	"6.47e+04"	C+	"9.7564939"	"9.8126177u"	"3s2.3p3.(4S*).5d"	"3D*"	"2"	"3s2.3p3.(4S*).5f"	"3F"	"3"	4	6		
""	"22111.4"	"3.23e+02"	D	"9.7565451"	"9.8126177u"	"3s2.3p3.(4S*).5d"	"3D*"	"3"	"3s2.3p3.(4S*).5f"	"3F"	"2"	6	4		
""	"22111.4"	"8.06e+03"	C	"9.7565451"	"9.8126177u"	"3s2.3p3.(4S*).5d"	"3D*"	"3"	"3s2.3p3.(4S*).5f"	"3F"	"3"	6	6		
""	"22111.4"	"7.25e+04"	C+	"9.7565451"	"9.8126177u"	"3s2.3p3.(4S*).5d"	"3D*"	"3"	"3s2.3p3.(4S*).5f"	"3F"	"4"	6	8		
""	"22146.3"	"6.07e+04"	C+	"9.7566336"	"9.8126177u"	"3s2.3p3.(4S*).5d"	"3D*"	"1"	"3s2.3p3.(4S*).5f"	"3F"	"2"	2	4		
""	"23811.3"	"1.63e+04"	C	"9.6522596"	"9.7043290"	"3s2.3p3.(4S*).6p"	"5P"	"1"	"3s2.3p3.(4S*).5d"	"5D*"	"2"	2	4		
""	"23953.7"	"2.66e+04"	C	"9.6525691"	"9.7043290"	"3s2.3p3.(4S*).6p"	"5P"	"2"	"3s2.3p3.(4S*).5d"	"5D*"	"2"	4	4		
""	"23972.5"	"3.04e+04"	C+	"9.6525691"	"9.7042883"	"3s2.3p3.(4S*).6p"	"5P"	"2"	"3s2.3p3.(4S*).5d"	"5D*"	"3"	4	6		
""	"24140.4"	"3.00e+03"	C	"9.6529693"	"9.7043290"	"3s2.3p3.(4S*).6p"	"5P"	"3"	"3s2.3p3.(4S*).5d"	"5D*"	"2"	6	4		
""	"24159.5"	"1.50e+04"	C	"9.6529693"	"9.7042883"	"3s2.3p3.(4S*).6p"	"5P"	"3"	"3s2.3p3.(4S*).5d"	"5D*"	"3"	6	6		
""	"24179.5"	"4.48e+04"	C+	"9.6529693"	"9.7042459"	"3s2.3p3.(4S*).6p"	"5P"	"3"	"3s2.3p3.(4S*).5d"	"5D*"	"4"	6	8		
""	"24469"	"9.88e+04"	C+	"9.932718"	"9.983389"	"3s2.3p3.(4S*).7p"	"3P"	"2"	"3s2.3p3.(4S*).8s"	"3S*"	"1"	4	2		
""	"24907"	"5.57e+04"	C+	"9.933609"	"9.983389"	"3s2.3p3.(4S*).7p"	"3P"	"1"	"3s2.3p3.(4S*).8s"	"3S*"	"1"	2	2		
""	"25138"	"1.80e+04"	C	"9.934068"	"9.983389"	"3s2.3p3.(4S*).7p"	"3P"	"0"	"3s2.3p3.(4S*).8s"	"3S*"	"1"	1	2		
"25245.0"	"25248.92"	"1.40e-03"	B	"0.00000000"	"0.04910475"	"3s2.3p4"	"3P"	"2"	"3s2.3p4"	"3P"	"1"	4	2	M1	
""	"27893"	"5.19e+04"	C+	"10.081077u"	"10.125527"	"3s2.3p3.(4S*).7f"	"3F"	"2"	"3s2.3p3.(4S*).8d"	"3D*"	"1"	4	2		
""	"28078"	"5.73e+03"	C	"10.081077u"	"10.125234"	"3s2.3p3.(4S*).7f"	"3F"	"2"	"3s2.3p3.(4S*).8d"	"3D*"	"2"	4	4		
""	"28078"	"4.58e+04"	C+	"10.081077u"	"10.125234"	"3s2.3p3.(4S*).7f"	"3F"	"3"	"3s2.3p3.(4S*).8d"	"3D*"	"2"	6	4		
""	"28272"	"1.16e+02"	D	"10.081077u"	"10.124930"	"3s2.3p3.(4S*).7f"	"3F"	"2"	"3s2.3p3.(4S*).8d"	"3D*"	"3"	4	6		
""	"28272"	"4.06e+03"	C	"10.081077u"	"10.124930"	"3s2.3p3.(4S*).7f"	"3F"	"3"	"3s2.3p3.(4S*).8d"	"3D*"	"3"	6	6		
""	"28272"	"4.70e+04"	C+	"10.0810766u"	"10.124930"	"3s2.3p3.(4S*).7f"	"3F"	"4"	"3s2.3p3.(4S*).8d"	"3D*"	"3"	8	6		
""	"30166"	"5.82e+04"	C+	"10.042139"	"10.083239"	"3s2.3p3.(4S*).8p"	"3P"	"1"	"3s2.3p3.(4S*).9s"	"3S*"	"1"	2	2		
""	"30173"	"1.94e+04"	C	"10.042149"	"10.083239"	"3s2.3p3.(4S*).8p"	"3P"	"0"	"3s2.3p3.(4S*).9s"	"3S*"	"1"	1	2		
""	"30203"	"9.66e+04"	C+	"10.042189"	"10.083239"	"3s2.3p3.(4S*).8p"	"3P"	"2"	"3s2.3p3.(4S*).9s"	"3S*"	"1"	4	2		
""	"31259"	"4.73e+02"	D+	"10.081000u"	"10.120664"	"3s2.3p3.(4S*).7f"	"5F"	"3"	"3s2.3p3.(4S*).8d"	"5D*"	"4"	6	8		
""	"31259"	"7.09e+03"	C	"10.081000u"	"10.120664"	"3s2.3p3.(4S*).7f"	"5F"	"4"	"3s2.3p3.(4S*).8d"	"5D*"	"4"	8	8		
""	"31259"	"5.20e+04"	C+	"10.081000u"	"10.120664"	"3s2.3p3.(4S*).7f"	"5F"	"5"	"3s2.3p3.(4S*).8d"	"5D*"	"4"	10	8		
""	"31897"	"1.35e+03"	C	"10.042130"	"10.081000u"	"3s2.3p3.(4S*).7d"	"5D*"	"4"	"3s2.3p3.(4S*).7f"	"5F"	"3"	8	6		
""	"31897"	"1.57e+04"	C+	"10.042130"	"10.081000u"	"3s2.3p3.(4S*).7d"	"5D*"	"4"	"3s2.3p3.(4S*).7f"	"5F"	"4"	8	8		
""	"31897"	"9.44e+04"	C+	"10.042130"	"10.081000u"	"3s2.3p3.(4S*).7d"	"5D*"	"4"	"3s2.3p3.(4S*).7f"	"5F"	"5"	8	10		
""	"31947"	"2.47e+02"	D+	"9.941323"	"9.980133"	"3s2.3p3.(4S*).6d"	"3D*"	"3"	"3s2.3p3.(4S*).6f"	"3F"	"2"	6	4		
""	"31947"	"6.18e+03"	C	"9.941323"	"9.9801324"	"3s2.3p3.(4S*).6d"	"3D*"	"3"	"3s2.3p3.(4S*).6f"	"3F"	"3"	6	6		
""	"31947"	"5.56e+04"	C+	"9.941323"	"9.9801324"	"3s2.3p3.(4S*).6d"	"3D*"	"3"	"3s2.3p3.(4S*).6f"	"3F"	"4"	6	8		
""	"32104"	"8.53e+03"	C	"9.941513"	"9.980133"	"3s2.3p3.(4S*).6d"	"3D*"	"2"	"3s2.3p3.(4S*).6f"	"3F"	"2"	4	4		
""	"32104"	"4.87e+04"	C+	"9.941513"	"9.9801324"	"3s2.3p3.(4S*).6d"	"3D*"	"2"	"3s2.3p3.(4S*).6f"	"3F"	"3"	4	6		
""	"32290"	"4.53e+04"	C+	"9.941736"	"9.980133"	"3s2.3p3.(4S*).6d"	"3D*"	"1"	"3s2.3p3.(4S*).6f"	"3F"	"2"	2	4		
""	"43000"	"6.29e+03"	C	"9.817732"	"9.846566"	"3s2.3p3.(4S*).7s"	"3S*"	"1"	"3s2.3p3.(2D*).4p"	"3P"	"0"	2	1		
""	"43650"	"1.86e+02"	D+	"10.052670"	"10.081077u"	"3s2.3p3.(4S*).7d"	"3D*"	"3"	"3s2.3p3.(4S*).7f"	"3F"	"2"	6	4		
""	"43650"	"4.64e+03"	C+	"10.052670"	"10.081077u"	"3s2.3p3.(4S*).7d"	"3D*"	"3"	"3s2.3p3.(4S*).7f"	"3F"	"3"	6	6		
""	"43650"	"4.18e+04"	C+	"10.052670"	"10.0810766u"	"3s2.3p3.(4S*).7d"	"3D*"	"3"	"3s2.3p3.(4S*).7f"	"3F"	"4"	6	8		
""	"44069"	"6.34e+03"	C+	"10.052943"	"10.081077u"	"3s2.3p3.(4S*).7d"	"3D*"	"2"	"3s2.3p3.(4S*).7f"	"3F"	"2"	4	4		
""	"44069"	"3.62e+04"	C+	"10.052943"	"10.081077u"	"3s2.3p3.(4S*).7d"	"3D*"	"2"	"3s2.3p3.(4S*).7f"	"3F"	"3"	4	6		
""	"44500"	"3.33e+04"	C+	"10.053215"	"10.081077u"	"3s2.3p3.(4S*).7d"	"3D*"	"1"	"3s2.3p3.(4S*).7f"	"3F"	"2"	2	4		
""	"45474"	"5.26e+03"	C	"9.817732"	"9.8449969"	"3s2.3p3.(4S*).7s"	"3S*"	"1"	"3s2.3p3.(2D*).4p"	"3P"	"1"	2	2		
""	"46250"	"2.74e+02"	C	"10.146554u"	"10.173362"	"3s2.3p3.(4S*).8f"	"5F"	"3"	"3s2.3p3.(4S*).9d"	"5D*"	"4"	6	8		
""	"46250"	"4.11e+03"	C+	"10.146554u"	"10.173362"	"3s2.3p3.(4S*).8f"	"5F"	"4"	"3s2.3p3.(4S*).9d"	"5D*"	"4"	8	8		
""	"46250"	"3.01e+04"	C+	"10.146554u"	"10.173362"	"3s2.3p3.(4S*).8f"	"5F"	"5"	"3s2.3p3.(4S*).9d"	"5D*"	"4"	10	8		
""	"47890"	"6.89e+02"	C	"10.120664"	"10.146554u"	"3s2.3p3.(4S*).8d"	"5D*"	"4"	"3s2.3p3.(4S*).8f"	"5F"	"3"	8	6		
""	"47890"	"8.04e+03"	C+	"10.120664"	"10.146554u"	"3s2.3p3.(4S*).8d"	"5D*"	"4"	"3s2.3p3.(4S*).8f"	"5F"	"4"	8	8		
""	"47890"	"4.83e+04"	C+	"10.120664"	"10.146554u"	"3s2.3p3.(4S*).8d"	"5D*"	"4"	"3s2.3p3.(4S*).8f"	"5F"	"5"	8	10		
""	"52513"	"3.34e+03"	C+	"9.817732"	"9.8413422"	"3s2.3p3.(4S*).7s"	"3S*"	"1"	"3s2.3p3.(2D*).4p"	"3P"	"2"	2	4		
""	"55010"	"8.81e+02"	C	"9.895261?"	"9.917801u"	"3s2.3p3.(4S*).7p"	"5P"	"3"	"3s2.3p3.(4S*).6d"	"5D*"	"2"	6	4		
""	"55094"	"4.39e+03"	C+	"9.895261?"	"9.9177647"	"3s2.3p3.(4S*).7p"	"5P"	"3"	"3s2.3p3.(4S*).6d"	"5D*"	"3"	6	6		
""	"55147"	"1.31e+04"	C+	"9.895261?"	"9.9177434"	"3s2.3p3.(4S*).7p"	"5P"	"3"	"3s2.3p3.(4S*).6d"	"5D*"	"4"	6	8		
"56325.57"	"56325.57"	"3.02e-04"	B	"0.04910475"	"0.07111681"	"3s2.3p4"	"3P"	"1"	"3s2.3p4"	"3P"	"0"	2	1	M1	
