obs_wl_vac(nm)	ritz_wl_vac(nm)	Aki(s^-1)	Acc	Ei(eV)	Ek(eV)	conf_i	term_i	J_i	conf_k	term_k	J_k	g_i	g_k	Type	
"238.50135"	"238.501412"	"4.9e+06"	C+	"0.00000000"	"5.19846812"	"3d3.4s2"	"a 4F"	"3/2"	"3d3.(4P).4s.4p.(1P*)"	"r 4D*"	"1/2"	4	2		
"240.26348"	"240.263479"	"8.6e+06"	C	"0.01703332"	"5.17737642"	"3d3.4s2"	"a 4F"	"5/2"	"3d4.(3G).4p"	"t 4G*"	"7/2"	6	8		
"240.74797"	"240.747965"	"9.4e+06"	C+	"0.04010046"	"5.19005876"	"3d3.4s2"	"a 4F"	"7/2"	"3d4.(3G).4p"	"t 4G*"	"9/2"	8	10		
"241.34230"	"241.342298"	"1.08e+07"	C	"0.04010046"	"5.17737642"	"3d3.4s2"	"a 4F"	"7/2"	"3d4.(3G).4p"	"t 4G*"	"7/2"	8	8		
"242.08566"	"242.085663"	"1.00e+07"	C+	"0.06855768"	"5.19005876"	"3d3.4s2"	"a 4F"	"9/2"	"3d4.(3G).4p"	"t 4G*"	"9/2"	10	10		
"242.68669"	"242.686626"	"1.08e+06"	C	"0.06855768"	"5.17737642"	"3d3.4s2"	"a 4F"	"9/2"	"3d4.(3G).4p"	"t 4G*"	"7/2"	10	8		
"250.23679"	"250.23679"	"1.22e+07"	C+	"0.00000000"	"4.9546751"	"3d3.4s2"	"a 4F"	"3/2"	"3d4.(3H).4p"	"u 4G*"	"5/2"	4	6		
"250.40583"	"250.40581"	"1.1e+07"	C	"0.00000000"	"4.9513308"	"3d3.4s2"	"a 4F"	"3/2"	"3d4.(3F2).4p"	"s 4D*"	"3/2"	4	4		
"250.76615"	"250.76618"	"5.1e+07"	C+	"0.00000000"	"4.9442153"	"3d3.4s2"	"a 4F"	"3/2"	"3d4.(3F2).4p"	"s 4D*"	"1/2"	4	2		
"250.86182"	"250.861817"	"1.3e+07"	C	"0.01703332"	"4.9593637"	"3d3.4s2"	"a 4F"	"5/2"	"3d4.(3F2).4p"	"s 4D*"	"5/2"	6	6		
"251.27022"	"251.27021"	"3.1e+07"	C+	"0.01703332"	"4.9513308"	"3d3.4s2"	"a 4F"	"5/2"	"3d4.(3F2).4p"	"s 4D*"	"3/2"	6	4		
"251.79062"	"251.79062"	"1.42e+07"	C+	"0.04010046"	"4.9641996"	"3d3.4s2"	"a 4F"	"7/2"	"3d4.(3H).4p"	"u 4G*"	"9/2"	8	10		
"252.03815"	"252.038144"	"4.3e+07"	C+	"0.04010046"	"4.9593637"	"3d3.4s2"	"a 4F"	"7/2"	"3d4.(3F2).4p"	"s 4D*"	"5/2"	8	6		
"253.09459"	"253.094594"	"1.54e+07"	C+	"0.06855768"	"4.96728730"	"3d3.4s2"	"a 4F"	"9/2"	"3d4.(3H).4p"	"u 4G*"	"11/2"	10	12		
"254.66884"	"254.668844"	"1.8e+07"	C+	"0.00000000"	"4.8684478"	"3d3.4s2"	"a 4F"	"3/2"	"3d4.(3F2).4p"	"u 4F*"	"3/2"	4	4		
"255.07340"	"255.073404"	"1.8e+06"	D+	"0.01703332"	"4.87775955"	"3d3.4s2"	"a 4F"	"5/2"	"3d4.(3F2).4p"	"u 4F*"	"7/2"	6	8		
"255.56300"	"255.562986"	"3.6e+06"	C	"0.01703332"	"4.8684478"	"3d3.4s2"	"a 4F"	"5/2"	"3d4.(3F2).4p"	"u 4F*"	"3/2"	6	4		
"256.28964"	"256.289656"	"1.67e+07"	C+	"0.04010046"	"4.87775955"	"3d3.4s2"	"a 4F"	"7/2"	"3d4.(3F2).4p"	"u 4F*"	"7/2"	8	8		
"257.47897"	"257.47897"	"1.8e+07"	C	"0.06855768"	"4.88387136"	"3d3.4s2"	"a 4F"	"9/2"	"3d4.(3F2).4p"	"u 4F*"	"9/2"	10	10		
"257.80619"	"257.806184"	"2.8e+06"	C	"0.06855768"	"4.87775955"	"3d3.4s2"	"a 4F"	"9/2"	"3d4.(3F2).4p"	"u 4F*"	"7/2"	10	8		
"264.30511"	"264.305083"	"8.1e+06"	B	"0.00000000"	"4.69095021"	"3d3.4s2"	"a 4F"	"3/2"	"3d4.(3P2).4p"	"t 4D*"	"3/2"	4	4		
"264.39423"	"264.39420"	"6.4e+06"	C+	"0.01703332"	"4.70640236"	"3d3.4s2"	"a 4F"	"5/2"	"3d4.(3P2).4p"	"t 4D*"	"5/2"	6	6		
"264.60450"	"264.604501"	"1.13e+07"	C+	"0.04010046"	"4.72574253&dagger;"	"3d3.4s2"	"a 4F"	"7/2"	"3d4.(3P2).4p"	"t 4D*"	"7/2"	8	8		
"264.84940"	"264.84938"	"4.9e+07"	B	"0.00000000"	"4.6813097"	"3d3.4s2"	"a 4F"	"3/2"	"3d4.(3P2).4p"	"t 4D*"	"1/2"	4	2		
"265.26832"	"265.268300"	"3.32e+07"	B+	"0.01703332"	"4.69095021"	"3d3.4s2"	"a 4F"	"5/2"	"3d4.(3P2).4p"	"t 4D*"	"3/2"	6	4		
"265.70118"	"265.701194"	"3.4e+07"	B	"0.04010046"	"4.70640236"	"3d3.4s2"	"a 4F"	"7/2"	"3d4.(3P2).4p"	"t 4D*"	"5/2"	8	6		
"266.22133"	"266.221339"	"3.2e+07"	B	"0.06855768"	"4.72574253&dagger;"	"3d3.4s2"	"a 4F"	"9/2"	"3d4.(3P2).4p"	"t 4D*"	"7/2"	10	8		
"267.24642"	"267.24641"	"4.2e+06"	C+	"0.01703332"	"4.6563548"	"3d3.4s2"	"a 4F"	"5/2"	"3d4.(3F2).4p"	"v 4G*"	"7/2"	6	8		
"267.94528"	"267.94527"	"4.2e+06"	C	"0.04010046"	"4.6673215"	"3d3.4s2"	"a 4F"	"7/2"	"3d4.(3F2).4p"	"v 4G*"	"9/2"	8	10		
"268.5817"	"268.58182"	"5.4e+05"	D+	"0.04010046"	"4.6563548"	"3d3.4s2"	"a 4F"	"7/2"	"3d4.(3F2).4p"	"v 4G*"	"7/2"	8	8		
"268.73075"	"268.73075"	"3.5e+06"	C+	"0.06855768"	"4.68225371"	"3d3.4s2"	"a 4F"	"9/2"	"3d4.(3F2).4p"	"v 4G*"	"11/2"	10	12		
"272.33607"	"272.33606"	"1.41e+08"	B	"1.3505004"	"5.9031181"	"3d3.4s2"	"a 2G"	"7/2"	"3d3.(2G).4s.4p.(1P*)"	"2H*"	"9/2"	8	10		
"273.21501"	"273.21500"	"1.44e+08"	B+	"1.37629850"	"5.91427030"	"3d3.4s2"	"a 2G"	"9/2"	"3d3.(2G).4s.4p.(1P*)"	"2H*"	"11/2"	10	12		
"283.8886"	"283.88936"	"4.2e+05"	C	"0.00000000"	"4.3673421"	"3d3.4s2"	"a 4F"	"3/2"	"3d3.(2D2).4s.4p.(3P*)"	"u 4D*"	"5/2"	4	6		
"284.96103"	"284.96103"	"1.01e+07"	B+	"0.00000000"	"4.3509177"	"3d3.4s2"	"a 4F"	"3/2"	"3d3.(2D2).4s.4p.(3P*)"	"u 4D*"	"3/2"	4	4		
"285.00090"	"285.00091"	"7.8e+06"	B+	"0.01703332"	"4.3673421"	"3d3.4s2"	"a 4F"	"5/2"	"3d3.(2D2).4s.4p.(3P*)"	"u 4D*"	"5/2"	6	6		
"285.25888"	"285.25889"	"4.16e+06"	B+	"0.04010046"	"4.38647502"	"3d3.4s2"	"a 4F"	"7/2"	"3d3.(2D2).4s.4p.(3P*)"	"u 4D*"	"7/2"	8	8		
"285.60609"	"285.60609"	"5.0e+07"	B+	"0.00000000"	"4.34109085&dagger;"	"3d3.4s2"	"a 4F"	"3/2"	"3d3.(2D2).4s.4p.(3P*)"	"u 4D*"	"1/2"	4	2		
"286.08101"	"286.08100"	"3.59e+07"	B+	"0.01703332"	"4.3509177"	"3d3.4s2"	"a 4F"	"5/2"	"3d3.(2D2).4s.4p.(3P*)"	"u 4D*"	"3/2"	6	4		
"286.52013"	"286.52016"	"3.04e+07"	B+	"0.04010046"	"4.3673421"	"3d3.4s2"	"a 4F"	"7/2"	"3d3.(2D2).4s.4p.(3P*)"	"u 4D*"	"5/2"	8	6		
"286.74333"	"286.74333"	"4.2e+08"	C	"1.8726306"	"6.1965043"	"3d3.4s2"	"a 2H"	"9/2"	"3d3.(2H).4s.4p.(1P*)"	"x 2I*"	"11/2"	10	12		
"286.89423"	"286.89422"	"4.4e+08"	C	"1.8925980"	"6.2141976&dagger;"	"3d3.4s2"	"a 2H"	"11/2"	"3d3.(2H).4s.4p.(1P*)"	"x 2I*"	"13/2"	12	14		
"287.13889"	"287.13889"	"2.79e+07"	B+	"0.06855768"	"4.38647502"	"3d3.4s2"	"a 4F"	"9/2"	"3d3.(2D2).4s.4p.(3P*)"	"u 4D*"	"7/2"	10	8		
"288.8537"	"288.853730"	"2.6e+05"	C	"0.00000000"	"4.29228311"	"3d3.4s2"	"a 4F"	"3/2"	"3d3.(4F).4s.4p.(1P*)"	"v 4D*"	"5/2"	4	6		
"288.9359"	"288.935963"	"1.8e+05"	C	"0.01703332"	"4.30809481"	"3d3.4s2"	"a 4F"	"5/2"	"3d3.(4F).4s.4p.(1P*)"	"v 4D*"	"7/2"	6	8		
"289.54207"	"289.542040"	"4.3e+06"	B+	"0.00000000"	"4.28207933"	"3d3.4s2"	"a 4F"	"3/2"	"3d3.(4F).4s.4p.(1P*)"	"v 4D*"	"3/2"	4	4		
"289.9662"	"289.96613"	"3.8e+05"	C+	"0.00000000"	"4.2758166"	"3d3.4s2"	"a 4F"	"3/2"	"3d3.(2D2).4s.4p.(3P*)"	"4F*"	"5/2"	4	6		
"290.0044"	"290.00457"	"7.2e+06"	B	"0.01703332"	"4.29228311"	"3d3.4s2"	"a 4F"	"5/2"	"3d3.(4F).4s.4p.(1P*)"	"v 4D*"	"5/2"	6	6		
"290.04484"	"290.04485"	"3.40e+07"	B+	"0.00000000"	"4.2746562&dagger;"	"3d3.4s2"	"a 4F"	"3/2"	"3d3.(4F).4s.4p.(1P*)"	"v 4D*"	"1/2"	4	2		
"290.45473"	"290.45473"	"6.9e+06"	C+	"0.00000000"	"4.2686238"	"3d3.4s2"	"a 4F"	"3/2"	"3d3.(2D2).4s.4p.(3P*)"	"4F*"	"3/2"	4	4		
"290.49757"	"290.497569"	"7.0e+06"	B	"0.04010046"	"4.30809481"	"3d3.4s2"	"a 4F"	"7/2"	"3d3.(4F).4s.4p.(1P*)"	"v 4D*"	"7/2"	8	8		
"290.69838"	"290.698384"	"3.10e+07"	B+	"0.01703332"	"4.28207933"	"3d3.4s2"	"a 4F"	"5/2"	"3d3.(4F).4s.4p.(1P*)"	"v 4D*"	"3/2"	6	4		
"291.129"	"291.12587"	"4.3e+06"	B+	"0.01703332"	"4.2758166"	"3d3.4s2"	"a 4F"	"5/2"	"3d3.(2D2).4s.4p.(3P*)"	"4F*"	"5/2"	6	6		
"291.57778"	"291.577782"	"4.9e+07"	B+	"0.04010046"	"4.29228311"	"3d3.4s2"	"a 4F"	"7/2"	"3d3.(4F).4s.4p.(1P*)"	"v 4D*"	"5/2"	8	6		
"291.61843"	"291.618392"	"1.00e+07"	C+	"0.01703332"	"4.2686238"	"3d3.4s2"	"a 4F"	"5/2"	"3d3.(2D2).4s.4p.(3P*)"	"4F*"	"3/2"	6	4		
"292.07747"	"292.07749"	"1.08e+06"	B	"0.01703332"	"4.2619410"	"3d3.4s2"	"a 4F"	"5/2"	"3d3.(2D2).4s.4p.(3P*)"	"4F*"	"7/2"	6	8		
"292.44749"	"292.447488"	"8.2e+07"	B+	"0.06855768"	"4.30809481"	"3d3.4s2"	"a 4F"	"9/2"	"3d3.(4F).4s.4p.(1P*)"	"v 4D*"	"7/2"	10	8		
"292.71132"	"292.71130"	"6.8e+06"	B+	"0.04010046"	"4.2758166"	"3d3.4s2"	"a 4F"	"7/2"	"3d3.(2D2).4s.4p.(3P*)"	"4F*"	"5/2"	8	6		
"293.55015"	"293.550137"	"5.3e+05"	C+	"0.00000000"	"4.22361235"	"3d3.4s2"	"a 4F"	"3/2"	"3d3.(4P).4s.4p.(3P*)"	"w 4D*"	"5/2"	4	6		
"293.67334"	"293.67334"	"8.3e+06"	B+	"0.04010046"	"4.2619410"	"3d3.4s2"	"a 4F"	"7/2"	"3d3.(2D2).4s.4p.(3P*)"	"4F*"	"7/2"	8	8		
"294.32475"	"294.324808"	"1.41e+07"	B+	"0.00000000"	"4.21249568&dagger;"	"3d3.4s2"	"a 4F"	"3/2"	"3d3.(4P).4s.4p.(3P*)"	"w 4D*"	"3/2"	4	4		
"294.40484"	"294.404830"	"7.0e+07"	C+	"0.00000000"	"4.21135069"	"3d3.4s2"	"a 4F"	"3/2"	"3d3.(4P).4s.4p.(3P*)"	"w 4D*"	"1/2"	4	2		
"294.73878"	"294.738783"	"8.8e+06"	B+	"0.01703332"	"4.22361235"	"3d3.4s2"	"a 4F"	"5/2"	"3d3.(4P).4s.4p.(3P*)"	"w 4D*"	"5/2"	6	6		
"295.04895"	"295.04896"	"3.7e+07"	C+	"0.01703332"	"4.2191901&dagger;"	"3d3.4s2"	"a 4F"	"5/2"	"3d3.(2P).4s.4p.(3P*)"	"2D*"	"3/2"	6	4		
"295.51976"	"295.519749"	"1.64e+07"	B+	"0.01703332"	"4.21249568&dagger;"	"3d3.4s2"	"a 4F"	"5/2"	"3d3.(4P).4s.4p.(3P*)"	"w 4D*"	"3/2"	6	4		
"295.66627"	"295.66627"	"5.5e+06"	B+	"0.06855768"	"4.2619410"	"3d3.4s2"	"a 4F"	"9/2"	"3d3.(2D2).4s.4p.(3P*)"	"4F*"	"7/2"	10	8		
"295.81864"	"295.81861"	"2.07e+06"	B	"0.04010046"	"4.2313242"	"3d3.4s2"	"a 4F"	"7/2"	"3d3.(4P).4s.4p.(3P*)"	"w 4D*"	"7/2"	8	8		
"296.36392"	"296.363920"	"3.75e+07"	B+	"0.04010046"	"4.22361235"	"3d3.4s2"	"a 4F"	"7/2"	"3d3.(4P).4s.4p.(3P*)"	"w 4D*"	"5/2"	8	6		
"297.84088"	"297.84087"	"2.48e+07"	B+	"0.06855768"	"4.2313242"	"3d3.4s2"	"a 4F"	"9/2"	"3d3.(4P).4s.4p.(3P*)"	"w 4D*"	"7/2"	10	8		
"297.9780"	"297.978040"	"3.5e+06"	C	"1.06360365"	"5.22445384"	"3d4.(5D).4s"	"a 4D"	"5/2"	"3d3.(4P).4s.4p.(1P*)"	"r 4D*"	"5/2"	6	6		
"299.9498"	"299.94971"	"9.7e+06"	C	"1.04308018"	"5.1765797"	"3d4.(5D).4s"	"a 4D"	"1/2"	"3d3.(4P).4s.4p.(1P*)"	"v 4P*"	"1/2"	2	2		
"300.35292"	"300.35293"	"2.4e+07"	C+	"1.08061491"	"5.20856527"	"3d4.(5D).4s"	"a 4D"	"7/2"	"3d3.(4P).4s.4p.(1P*)"	"v 4P*"	"5/2"	8	6		
"300.5196"	"300.51963"	"1.43e+07"	C+	"1.05091908"	"5.1765797"	"3d4.(5D).4s"	"a 4D"	"3/2"	"3d3.(4P).4s.4p.(1P*)"	"v 4P*"	"1/2"	4	2		
"304.40047"	"304.400456"	"2.01e+07"	B+	"0.01703332"	"4.09009550"	"3d3.4s2"	"a 4F"	"5/2"	"3d3.(4F).4s.4p.(1P*)"	"w 4F*"	"7/2"	6	8		
"304.44344"	"304.443456"	"2.21e+07"	B+	"0.00000000"	"4.07248690"	"3d3.4s2"	"a 4F"	"3/2"	"3d3.(4F).4s.4p.(1P*)"	"w 4F*"	"5/2"	4	6		
"304.58183"	"304.581834"	"1.28e+07"	B+	"0.04010046"	"4.11073714"	"3d3.4s2"	"a 4F"	"7/2"	"3d3.(4F).4s.4p.(1P*)"	"w 4F*"	"9/2"	8	10		
"305.12782"	"305.12784"	"4.3e+07"	D+	"1.37629850"	"5.4396510"	"3d3.4s2"	"a 2G"	"9/2"	"3d4.(1G2).4p"	"t 2F*"	"7/2"	10	8		
"305.17661"	"305.176610"	"2.22e+07"	B+	"0.00000000"	"4.06270318"	"3d3.4s2"	"a 4F"	"3/2"	"3d3.(4P).4s.4p.(3P*)"	"z 2P*"	"3/2"	4	4		
"305.45422"	"305.45422"	"1.37e+08"	B+	"0.00000000"	"4.0590108"	"3d3.4s2"	"a 4F"	"3/2"	"3d3.(4F).4s.4p.(1P*)"	"w 4F*"	"3/2"	4	4		
"305.72215"	"305.722149"	"1.33e+08"	B+	"0.01703332"	"4.07248690"	"3d3.4s2"	"a 4F"	"5/2"	"3d3.(4F).4s.4p.(1P*)"	"w 4F*"	"5/2"	6	6		
"306.13419"	"306.134198"	"1.46e+08"	B+	"0.04010046"	"4.09009550"	"3d3.4s2"	"a 4F"	"7/2"	"3d3.(4F).4s.4p.(1P*)"	"w 4F*"	"7/2"	8	8		
"306.46146"	"306.46148"	"5.0e+06"	B+	"0.01703332"	"4.06270318"	"3d3.4s2"	"a 4F"	"5/2"	"3d3.(4P).4s.4p.(3P*)"	"z 2P*"	"3/2"	6	4		
"306.72610"	"306.72611"	"1.73e+08"	B+	"0.06855768"	"4.11073714"	"3d3.4s2"	"a 4F"	"9/2"	"3d3.(4F).4s.4p.(1P*)"	"w 4F*"	"9/2"	10	10		
"306.74146"	"306.741438"	"3.68e+07"	B+	"0.01703332"	"4.0590108"	"3d3.4s2"	"a 4F"	"5/2"	"3d3.(4F).4s.4p.(1P*)"	"w 4F*"	"3/2"	6	4		
"307.05381"	"307.053815"	"1.34e+07"	B	"0.04010046"	"4.07796588"	"3d3.4s2"	"a 4F"	"7/2"	"3d3.(2P).4s.4p.(3P*)"	"x 4D*"	"7/2"	8	8		
"307.47102"	"307.471023"	"3.50e+07"	B+	"0.04010046"	"4.07248690"	"3d3.4s2"	"a 4F"	"7/2"	"3d3.(4F).4s.4p.(1P*)"	"w 4F*"	"5/2"	8	6		
"307.61589"	"307.61589"	"9.8e+07"	B	"1.8726306"	"5.9031181"	"3d3.4s2"	"a 2H"	"9/2"	"3d3.(2G).4s.4p.(1P*)"	"2H*"	"9/2"	10	10		
"307.68261"	"307.682623"	"1.86e+07"	B	"1.19484056"	"5.22445384"	"3d3.4s2"	"a 4P"	"3/2"	"3d3.(4P).4s.4p.(1P*)"	"r 4D*"	"5/2"	4	6		
"308.12247"	"308.122485"	"2.2e+07"	D+	"1.18338392"	"5.20724471"	"3d3.4s2"	"a 4P"	"1/2"	"3d3.(4P).4s.4p.(1P*)"	"r 4D*"	"3/2"	2	4		
"308.29015"	"308.29015"	"8.1e+07"	B	"1.8925980"	"5.91427030"	"3d3.4s2"	"a 2H"	"11/2"	"3d3.(2G).4s.4p.(1P*)"	"2H*"	"11/2"	12	12		
"308.30048"	"308.300466"	"2.05e+07"	B+	"0.06855768"	"4.09009550"	"3d3.4s2"	"a 4F"	"9/2"	"3d3.(4F).4s.4p.(1P*)"	"w 4F*"	"7/2"	10	8		
"308.44336"	"308.443363"	"2.0e+07"	D+	"1.21809838"	"5.23777309&dagger;"	"3d3.4s2"	"a 4P"	"5/2"	"3d3.(4P).4s.4p.(1P*)"	"r 4D*"	"7/2"	6	8		
"308.79598"	"308.79601"	"6.8e+07"	B+	"1.18338392"	"5.19846812"	"3d3.4s2"	"a 4P"	"1/2"	"3d3.(4P).4s.4p.(1P*)"	"r 4D*"	"1/2"	2	2		
"308.90060"	"308.900603"	"4.9e+07"	C+	"1.19484056"	"5.20856527"	"3d3.4s2"	"a 4P"	"3/2"	"3d3.(4P).4s.4p.(1P*)"	"v 4P*"	"5/2"	4	6		
"309.00227"	"309.002268"	"4.3e+07"	D+	"1.19484056"	"5.20724471"	"3d3.4s2"	"a 4P"	"3/2"	"3d3.(4P).4s.4p.(1P*)"	"r 4D*"	"3/2"	4	4		
"309.23317"	"309.233164"	"2.6e+06"	B	"0.06855768"	"4.07796588"	"3d3.4s2"	"a 4F"	"9/2"	"3d3.(2P).4s.4p.(3P*)"	"x 4D*"	"7/2"	10	8		
"309.46872"	"309.468792"	"3.6e+07"	B	"1.21809838"	"5.22445384"	"3d3.4s2"	"a 4P"	"5/2"	"3d3.(4P).4s.4p.(1P*)"	"r 4D*"	"5/2"	6	6		
"309.55848"	"309.558488"	"3.5e+07"	D+	"1.18338392"	"5.18857852"	"3d3.4s2"	"a 4P"	"1/2"	"3d3.(4P).4s.4p.(1P*)"	"v 4P*"	"3/2"	2	4		
"309.6797"	"309.679651"	"1.59e+07"	B	"1.19484056"	"5.19846812"	"3d3.4s2"	"a 4P"	"3/2"	"3d3.(4P).4s.4p.(1P*)"	"r 4D*"	"1/2"	4	2		
"310.4886"	"310.48865"	"1.48e+07"	C+	"1.18338392"	"5.1765797"	"3d3.4s2"	"a 4P"	"1/2"	"3d3.(4P).4s.4p.(1P*)"	"v 4P*"	"1/2"	2	2		
"310.7010"	"310.700983"	"3.6e+06"	C	"1.21809838"	"5.20856527"	"3d3.4s2"	"a 4P"	"5/2"	"3d3.(4P).4s.4p.(1P*)"	"v 4P*"	"5/2"	6	6		
"311.38215"	"311.38202"	"3.3e+07"	C+	"1.19484056"	"5.1765797"	"3d3.4s2"	"a 4P"	"3/2"	"3d3.(4P).4s.4p.(1P*)"	"v 4P*"	"1/2"	4	2		
"318.43300"	"318.432963"	"2.52e+08"	B+	"0.01703332"	"3.91060631"	"3d3.4s2"	"a 4F"	"5/2"	"3d3.(4F).4s.4p.(1P*)"	"x 4G*"	"7/2"	6	8		
"318.48811"	"318.488094"	"2.80e+08"	B+	"0.04010046"	"3.93299947"	"3d3.4s2"	"a 4F"	"7/2"	"3d3.(4F).4s.4p.(1P*)"	"x 4G*"	"9/2"	8	10		
"318.49346"	"318.49343"	"2.52e+08"	B+	"0.00000000"	"3.8928338"	"3d3.4s2"	"a 4F"	"3/2"	"3d3.(4F).4s.4p.(1P*)"	"x 4G*"	"5/2"	4	6		
"318.63191"	"318.63191"	"2.93e+08"	B+	"0.06855768"	"3.95969959"	"3d3.4s2"	"a 4F"	"9/2"	"3d3.(4F).4s.4p.(1P*)"	"x 4G*"	"11/2"	10	12		
"319.89311"	"319.89314"	"3.69e+07"	B+	"0.01703332"	"3.8928338"	"3d3.4s2"	"a 4F"	"5/2"	"3d3.(4F).4s.4p.(1P*)"	"x 4G*"	"5/2"	6	6		
"320.33074"	"320.330735"	"4.04e+07"	B+	"0.04010046"	"3.91060631"	"3d3.4s2"	"a 4F"	"7/2"	"3d3.(4F).4s.4p.(1P*)"	"x 4G*"	"7/2"	8	8		
"320.65007"	"320.65007"	"1.87e+08"	B+	"1.3505004"	"5.21715154"	"3d3.4s2"	"a 2G"	"7/2"	"3d4.(1I).4p"	"u 2H*"	"9/2"	8	10		
"320.83340"	"320.833397"	"2.18e+07"	B+	"0.06855768"	"3.93299947"	"3d3.4s2"	"a 4F"	"9/2"	"3d3.(4F).4s.4p.(1P*)"	"x 4G*"	"9/2"	10	10		
"321.1429"	"321.14317"	"2.5e+08"	D+	"2.3160335"	"6.1767477"	"3d3.(4F).4s.4p.(3P*)"	"z 6F*"	"11/2"	"49818e"	"6D"	"9/2"	12	10		
"321.2501"	"321.25022"	"2.0e+06"	C+	"1.3505004"	"5.2099280"	"3d3.4s2"	"a 2G"	"7/2"	"3d4.(3D).4p"	"u 2F*"	"7/2"	8	8		
"321.33579"	"321.33580"	"1.86e+08"	B+	"1.37629850"	"5.23469828"	"3d3.4s2"	"a 2G"	"9/2"	"3d4.(1I).4p"	"u 2H*"	"11/2"	10	12		
"321.804"	"321.80841"	"1.27e+06"	B	"0.04010046"	"3.8928338"	"3d3.4s2"	"a 4F"	"7/2"	"3d3.(4F).4s.4p.(1P*)"	"x 4G*"	"5/2"	8	6		
"321.97954"	"321.97955"	"2.9e+07"	D+	"1.3505004"	"5.2011859"	"3d3.4s2"	"a 2G"	"7/2"	"3d4.(3D).4p"	"u 2F*"	"5/2"	8	6		
"322.70339"	"322.703356"	"6.6e+05"	B	"0.06855768"	"3.91060631"	"3d3.4s2"	"a 4F"	"9/2"	"3d3.(4F).4s.4p.(1P*)"	"x 4G*"	"7/2"	10	8		
"322.91271"	"322.912651"	"2.4e+06"	C+	"1.3505004"	"5.19005876"	"3d3.4s2"	"a 2G"	"7/2"	"3d4.(3G).4p"	"t 4G*"	"9/2"	8	10		
"323.41202"	"323.41205"	"2.84e+07"	B	"1.37629850"	"5.2099280"	"3d3.4s2"	"a 2G"	"9/2"	"3d4.(3D).4p"	"u 2F*"	"7/2"	10	8		
"323.9829"	"323.982790"	"1.28e+06"	C+	"1.3505004"	"5.17737642"	"3d3.4s2"	"a 2G"	"7/2"	"3d4.(3G).4p"	"t 4G*"	"7/2"	8	8		
"324.2100"	"324.210031"	"4.3e+06"	B	"1.06360365"	"4.88779744"	"3d4.(5D).4s"	"a 4D"	"5/2"	"3d4.(3P2).4p"	"w 4P*"	"5/2"	6	6		
"324.297"	"324.297129"	"1.21e+06"	C	"1.04308018"	"4.86624688"	"3d4.(5D).4s"	"a 4D"	"1/2"	"3d4.(3P2).4p"	"w 4P*"	"3/2"	2	4		
"324.4205"	"324.420497"	"7.1e+06"	B	"1.04308018"	"4.86479304"	"3d4.(5D).4s"	"a 4D"	"1/2"	"3d4.(3P2).4p"	"w 4P*"	"1/2"	2	2		
"324.7762"	"324.77607"	"1.02e+06"	C	"1.05091908"	"4.8684478"	"3d4.(5D).4s"	"a 4D"	"3/2"	"3d4.(3F2).4p"	"u 4F*"	"3/2"	4	4		
"324.96346"	"324.963424"	"4.9e+06"	C+	"1.05091908"	"4.86624688"	"3d4.(5D).4s"	"a 4D"	"3/2"	"3d4.(3P2).4p"	"w 4P*"	"3/2"	4	4		
"325.08725"	"325.087299"	"6.7e+06"	B	"1.05091908"	"4.86479304"	"3d4.(5D).4s"	"a 4D"	"3/2"	"3d4.(3P2).4p"	"w 4P*"	"1/2"	4	2		
"325.0969"	"325.096990"	"2.5e+06"	C+	"1.37629850"	"5.19005876"	"3d3.4s2"	"a 2G"	"9/2"	"3d4.(3G).4p"	"t 4G*"	"9/2"	10	10		
"325.65866"	"325.65867"	"1.52e+07"	B+	"1.08061491"	"4.88779744"	"3d4.(5D).4s"	"a 4D"	"7/2"	"3d4.(3P2).4p"	"w 4P*"	"5/2"	8	6		
"326.04740"	"326.047413"	"7.8e+06"	B	"1.06360365"	"4.86624688"	"3d4.(5D).4s"	"a 4D"	"5/2"	"3d4.(3P2).4p"	"w 4P*"	"3/2"	6	4		
"326.41786"	"326.41784"	"8.6e+06"	C+	"0.00000000"	"3.79832783"	"3d3.4s2"	"a 4F"	"3/2"	"3d3.(2G).4s.4p.(3P*)"	"y 4G*"	"5/2"	4	6		
"327.25769"	"327.257675"	"6.4e+06"	B+	"0.01703332"	"3.80561364"	"3d3.4s2"	"a 4F"	"5/2"	"3d3.(2G).4s.4p.(3P*)"	"y 4G*"	"7/2"	6	8		
"327.39555"	"327.39558"	"2.40e+07"	B	"1.3505004"	"5.1374849&dagger;"	"3d3.4s2"	"a 2G"	"7/2"	"3d4.(3G).4p"	"t 2G*"	"7/2"	8	8		
"327.88824"	"327.88824"	"9.e+05"	D+	"0.01703332"	"3.79832783"	"3d3.4s2"	"a 4F"	"5/2"	"3d3.(2G).4s.4p.(3P*)"	"y 4G*"	"5/2"	6	6		
"328.42558"	"328.42556"	"4.5e+06"	B+	"0.04010046"	"3.8152085"	"3d3.4s2"	"a 4F"	"7/2"	"3d3.(2G).4s.4p.(3P*)"	"y 4G*"	"9/2"	8	10		
"328.53032"	"328.53034"	"2.3e+07"	D+	"1.37629850"	"5.1502026"	"3d3.4s2"	"a 2G"	"9/2"	"3d4.(3G).4p"	"t 2G*"	"9/2"	10	10		
"329.26241"	"329.262421"	"5.8e+05"	C+	"0.04010046"	"3.80561364"	"3d3.4s2"	"a 4F"	"7/2"	"3d3.(2G).4s.4p.(3P*)"	"y 4G*"	"7/2"	8	8		
"329.6411"	"329.64120"	"9.3e+05"	C+	"1.37629850"	"5.1374849&dagger;"	"3d3.4s2"	"a 2G"	"9/2"	"3d4.(3G).4p"	"t 2G*"	"7/2"	10	8		
"329.90971"	"329.90971"	"2.86e+06"	B	"0.06855768"	"3.8266829"	"3d3.4s2"	"a 4F"	"9/2"	"3d3.(2G).4s.4p.(3P*)"	"y 4G*"	"11/2"	10	12		
"330.00345"	"330.00350"	"7.8e+06"	B	"1.18338392"	"4.94044101"	"3d3.4s2"	"a 4P"	"1/2"	"3d4.(3P2).4p"	"x 4S*"	"3/2"	2	4		
"330.0918"	"330.09192"	"2.3e+06"	C+	"1.21809838"	"4.9741491&dagger;"	"3d3.4s2"	"a 4P"	"5/2"	"3d4.(3P2).4p"	"v 2D*"	"5/2"	6	6		
"330.9200"	"330.92008"	"1.59e+05"	B	"0.06855768"	"3.8152085"	"3d3.4s2"	"a 4F"	"9/2"	"3d3.(2G).4s.4p.(3P*)"	"y 4G*"	"9/2"	10	10		
"331.01287"	"331.012878"	"2.53e+07"	B+	"1.19484056"	"4.94044101"	"3d3.4s2"	"a 4P"	"3/2"	"3d4.(3P2).4p"	"x 4S*"	"3/2"	4	4		
"331.3965"	"331.39643"	"1.32e+06"	C+	"1.21809838"	"4.9593637"	"3d3.4s2"	"a 4P"	"5/2"	"3d4.(3F2).4p"	"s 4D*"	"5/2"	6	6		
"332.10953"	"332.10951"	"5.2e+06"	B	"1.21809838"	"4.9513308"	"3d3.4s2"	"a 4P"	"5/2"	"3d4.(3F2).4p"	"s 4D*"	"3/2"	6	4		
"333.08110"	"333.081102"	"7.7e+07"	B+	"1.21809838"	"4.94044101"	"3d3.4s2"	"a 4P"	"5/2"	"3d4.(3P2).4p"	"x 4S*"	"3/2"	6	4		
"335.73151"	"335.731508"	"2.42e+07"	B+	"1.19484056"	"4.88779744"	"3d3.4s2"	"a 4P"	"3/2"	"3d4.(3P2).4p"	"w 4P*"	"5/2"	4	6		
"336.4506"	"336.45060"	"4.2e+06"	B	"1.18338392"	"4.8684478"	"3d3.4s2"	"a 4P"	"1/2"	"3d4.(3F2).4p"	"u 4F*"	"3/2"	2	4		
"336.65166"	"336.651675"	"3.98e+07"	B+	"1.18338392"	"4.86624688"	"3d3.4s2"	"a 4P"	"1/2"	"3d4.(3P2).4p"	"w 4P*"	"3/2"	2	4		
"336.78462"	"336.78462"	"1.32e+07"	B	"1.18338392"	"4.86479304"	"3d3.4s2"	"a 4P"	"1/2"	"3d4.(3P2).4p"	"w 4P*"	"1/2"	2	2		
"337.5000"	"337.49987"	"4.3e+06"	C+	"1.19484056"	"4.8684478"	"3d3.4s2"	"a 4P"	"3/2"	"3d4.(3F2).4p"	"u 4F*"	"3/2"	4	4		
"337.70221"	"337.702198"	"2.16e+07"	B+	"1.19484056"	"4.86624688"	"3d3.4s2"	"a 4P"	"3/2"	"3d4.(3P2).4p"	"w 4P*"	"3/2"	4	4		
"337.83598"	"337.835977"	"6.6e+07"	B+	"1.19484056"	"4.86479304"	"3d3.4s2"	"a 4P"	"3/2"	"3d4.(3P2).4p"	"w 4P*"	"1/2"	4	2		
"337.85931"	"337.859308"	"6.2e+07"	B+	"1.21809838"	"4.88779744"	"3d3.4s2"	"a 4P"	"5/2"	"3d4.(3P2).4p"	"w 4P*"	"5/2"	6	6		
"338.5568"	"338.55679"	"2.94e+06"	B	"1.06360365"	"4.72574253&dagger;"	"3d4.(5D).4s"	"a 4D"	"5/2"	"3d4.(3P2).4p"	"t 4D*"	"7/2"	6	8		
"339.17324"	"339.17321"	"5.5e+06"	B	"1.05091908"	"4.70640236"	"3d4.(5D).4s"	"a 4D"	"3/2"	"3d4.(3P2).4p"	"t 4D*"	"5/2"	4	6		
"339.6501"	"339.65022"	"1.77e+06"	C+	"1.21809838"	"4.8684478"	"3d3.4s2"	"a 4P"	"5/2"	"3d4.(3F2).4p"	"u 4F*"	"3/2"	6	4		
"339.85515"	"339.855131"	"1.26e+07"	B+	"1.21809838"	"4.86624688"	"3d3.4s2"	"a 4P"	"5/2"	"3d4.(3P2).4p"	"w 4P*"	"3/2"	6	4		
"339.88112"	"339.88107"	"5.7e+06"	C+	"1.04308018"	"4.69095021"	"3d4.(5D).4s"	"a 4D"	"1/2"	"3d4.(3P2).4p"	"t 4D*"	"3/2"	2	4		
"340.0157"	"340.01565"	"3.3e+05"	C+	"0.28657323"	"3.93299947"	"3d4.(5D).4s"	"a 6D"	"7/2"	"3d3.(4F).4s.4p.(1P*)"	"x 4G*"	"9/2"	8	10		
"340.13679"	"340.13678"	"1.91e+07"	B	"1.08061491"	"4.72574253&dagger;"	"3d4.(5D).4s"	"a 4D"	"7/2"	"3d4.(3P2).4p"	"t 4D*"	"7/2"	8	8		
"340.35421"	"340.35424"	"1.49e+07"	B	"1.06360365"	"4.70640236"	"3d4.(5D).4s"	"a 4D"	"5/2"	"3d4.(3P2).4p"	"t 4D*"	"5/2"	6	6		
"340.61301"	"340.61302"	"1.02e+07"	C+	"1.05091908"	"4.69095021"	"3d4.(5D).4s"	"a 4D"	"3/2"	"3d4.(3P2).4p"	"t 4D*"	"3/2"	4	4		
"340.7817"	"340.78169"	"1.44e+07"	B+	"1.04308018"	"4.6813097"	"3d4.(5D).4s"	"a 4D"	"1/2"	"3d4.(3P2).4p"	"t 4D*"	"1/2"	2	2		
"341.51739"	"341.51752"	"1.58e+07"	B	"1.05091908"	"4.6813097"	"3d4.(5D).4s"	"a 4D"	"3/2"	"3d4.(3P2).4p"	"t 4D*"	"1/2"	4	2		
"341.80410"	"341.80412"	"9.2e+06"	C+	"1.06360365"	"4.69095021"	"3d4.(5D).4s"	"a 4D"	"5/2"	"3d4.(3P2).4p"	"t 4D*"	"3/2"	6	4		
"349.7932"	"349.79312"	"2.5e+07"	C+	"2.35861724"	"5.9031181"	"3d4.(3H).4s"	"b 2H"	"9/2"	"3d3.(2G).4s.4p.(1P*)"	"2H*"	"9/2"	10	10		
"350.18103"	"350.18102"	"2.3e+07"	C+	"2.37369583"	"5.91427030"	"3d4.(3H).4s"	"b 2H"	"11/2"	"3d3.(2G).4s.4p.(1P*)"	"2H*"	"11/2"	12	12		
"353.07424"	"353.07423"	"4.9e+07"	B+	"1.19484056"	"4.70640236"	"3d3.4s2"	"a 4P"	"3/2"	"3d4.(3P2).4p"	"t 4D*"	"5/2"	4	6		
"353.46858"	"353.46858"	"6.3e+07"	B+	"1.21809838"	"4.72574253&dagger;"	"3d3.4s2"	"a 4P"	"5/2"	"3d4.(3P2).4p"	"t 4D*"	"7/2"	6	8		
"353.47641"	"353.47642"	"2.8e+07"	B	"1.18338392"	"4.69095021"	"3d3.4s2"	"a 4P"	"1/2"	"3d4.(3P2).4p"	"t 4D*"	"3/2"	2	4		
"354.45063"	"354.45063"	"5.9e+07"	B+	"1.18338392"	"4.6813097"	"3d3.4s2"	"a 4P"	"1/2"	"3d4.(3P2).4p"	"t 4D*"	"1/2"	2	2		
"354.63475"	"354.63475"	"3.1e+07"	B	"1.19484056"	"4.69095021"	"3d3.4s2"	"a 4P"	"3/2"	"3d4.(3P2).4p"	"t 4D*"	"3/2"	4	4		
"355.42831"	"355.42831"	"1.84e+07"	B+	"1.21809838"	"4.70640236"	"3d3.4s2"	"a 4P"	"5/2"	"3d4.(3P2).4p"	"t 4D*"	"5/2"	6	6		
"355.61543"	"355.61536"	"2.1e+07"	D+	"1.19484056"	"4.6813097"	"3d3.4s2"	"a 4P"	"3/2"	"3d4.(3P2).4p"	"t 4D*"	"1/2"	4	2		
"357.00979"	"357.00976"	"2.6e+06"	C+	"1.21809838"	"4.69095021"	"3d3.4s2"	"a 4P"	"5/2"	"3d4.(3P2).4p"	"t 4D*"	"3/2"	6	4		
"358.4731"	"358.47307"	"4.6e+06"	D+	"1.08061491"	"4.5392903"	"3d4.(5D).4s"	"a 4D"	"7/2"	"3d3.(2D2).4s.4p.(3P*)"	"x 4P*"	"5/2"	8	6		
"358.7518"	"358.75174"	"4.6e+04"	C+	"0.27526426"	"3.73125300"	"3d4.(5D).4s"	"a 6D"	"5/2"	"3d3.(4P).4s.4p.(3P*)"	"y 4P*"	"3/2"	6	4		
"364.00586"	"364.00584"	"2.55e+07"	B	"1.8038233"	"5.2099280"	"3d3.4s2"	"2D2"	"5/2"	"3d4.(3D).4p"	"u 2F*"	"7/2"	6	8		
"364.57452"	"364.57453"	"7.8e+07"	C+	"1.37629850"	"4.7770901"	"3d3.4s2"	"a 2G"	"9/2"	"3d3.(2H).4s.4p.(3P*)"	"u 2G*"	"9/2"	10	10		
"365.5864"	"365.58648"	"4.0e+05"	C+	"1.3505004"	"4.74187845"	"3d3.4s2"	"a 2G"	"7/2"	"3d4.(3H).4p"	"x 4H*"	"7/2"	8	8		
"366.46350"	"366.46350"	"1.51e+08"	B+	"2.0285661"	"5.4118279"	"3d3.(4F).4s.4p.(3P*)"	"z 6G*"	"3/2"	"3d3.4s.(5F).4d"	"e 6H"	"5/2"	4	6		
"366.87827"	"366.87825"	"1.46e+08"	B+	"2.0395246"	"5.4189617"	"3d3.(4F).4s.4p.(3P*)"	"z 6G*"	"5/2"	"3d3.4s.(5F).4d"	"e 6H"	"7/2"	6	8		
"367.22482"	"367.22482"	"1.81e+07"	B	"1.3505004"	"4.7267482"	"3d3.4s2"	"a 2G"	"7/2"	"3d4.(3H).4p"	"x 2H*"	"9/2"	8	10		
"367.34478"	"367.34480"	"7.5e+07"	D+	"2.09746672"	"5.4726118"	"3d3.(4F).4s.4p.(3P*)"	"z 6G*"	"11/2"	"3d3.4s.(5F).4d"	"f 6G"	"11/2"	12	12		
"367.44487"	"367.44488"	"1.51e+08"	B+	"2.0547452"	"5.4289710"	"3d3.(4F).4s.4p.(3P*)"	"z 6G*"	"7/2"	"3d3.4s.(5F).4d"	"e 6H"	"9/2"	8	10		
"367.6546"	"367.65434"	"1.82e+07"	B+	"2.0395246"	"5.4118279"	"3d3.(4F).4s.4p.(3P*)"	"z 6G*"	"5/2"	"3d3.4s.(5F).4d"	"e 6H"	"5/2"	6	6		
"367.67460"	"367.67459"	"5.5e+06"	B+	"0.27526426"	"3.64738190"	"3d4.(5D).4s"	"a 6D"	"5/2"	"3d3.(4P).4s.4p.(3P*)"	"y 6P*"	"7/2"	6	8		
"367.77312"	"367.77313"	"1.1e+08"	D+	"2.12465993"	"5.49587410"	"3d3.(4F).4s.4p.(3P*)"	"z 6G*"	"13/2"	"3d3.4s.(5F).4d"	"f 6G"	"13/2"	14	14		
"368.11607"	"368.11605"	"1.54e+08"	B+	"2.0741072"	"5.4421809"	"3d3.(4F).4s.4p.(3P*)"	"z 6G*"	"9/2"	"3d3.4s.(5F).4d"	"e 6H"	"11/2"	10	12		
"368.41628"	"368.41628"	"1.76e+07"	B+	"0.26696538"	"3.63229439"	"3d4.(5D).4s"	"a 6D"	"3/2"	"3d3.(4P).4s.4p.(3P*)"	"y 6P*"	"5/2"	4	6		
"368.5381"	"368.53811"	"1.67e+07"	B+	"2.0547452"	"5.4189617"	"3d3.(4F).4s.4p.(3P*)"	"z 6G*"	"7/2"	"3d3.4s.(5F).4d"	"e 6H"	"7/2"	8	8		
"368.73065"	"368.73065"	"1.85e+07"	B	"1.37629850"	"4.73875827"	"3d3.4s2"	"a 2G"	"9/2"	"3d4.(3H).4p"	"x 2H*"	"11/2"	10	12		
"368.7733"	"368.77365"	"1.24e+06"	C+	"1.8726306"	"5.23469828"	"3d3.4s2"	"a 2H"	"9/2"	"3d4.(1I).4p"	"u 2H*"	"11/2"	10	12		
"368.85324"	"368.85324"	"1.60e+08"	B+	"2.09746672"	"5.4588090"	"3d3.(4F).4s.4p.(3P*)"	"z 6G*"	"11/2"	"3d3.4s.(5F).4d"	"e 6H"	"13/2"	12	14		
"368.91182"	"368.91180"	"3.20e+07"	B+	"0.28657323"	"3.64738190"	"3d4.(5D).4s"	"a 6D"	"7/2"	"3d3.(4P).4s.4p.(3P*)"	"y 6P*"	"7/2"	8	8		
"368.98644"	"368.98644"	"1.7e+05"	C+	"1.21809838"	"4.5782272&dagger;"	"3d3.4s2"	"a 4P"	"5/2"	"3d4.(3F2).4p"	"x 2F*"	"7/2"	6	8		
"369.13297"	"369.13298"	"4.40e+07"	B+	"0.26188959"	"3.6206845"	"3d4.(5D).4s"	"a 6D"	"1/2"	"3d3.(4P).4s.4p.(3P*)"	"y 6P*"	"3/2"	2	4		
"369.32703"	"369.32704"	"5.5e+07"	B+	"0.27526426"	"3.63229439"	"3d4.(5D).4s"	"a 6D"	"5/2"	"3d3.(4P).4s.4p.(3P*)"	"y 6P*"	"5/2"	6	6		
"369.63909"	"369.63909"	"1.75e+08"	B+	"2.12465993"	"5.4788560"	"3d3.(4F).4s.4p.(3P*)"	"z 6G*"	"13/2"	"3d3.4s.(5F).4d"	"e 6H"	"15/2"	14	16		
"369.69166"	"369.69166"	"6.2e+07"	B+	"0.26696538"	"3.6206845"	"3d4.(5D).4s"	"a 6D"	"3/2"	"3d3.(4P).4s.4p.(3P*)"	"y 6P*"	"3/2"	4	4		
"370.05241"	"370.05241"	"1.57e+06"	C+	"1.37629850"	"4.7267482"	"3d3.4s2"	"a 2G"	"9/2"	"3d4.(3H).4p"	"x 2H*"	"9/2"	10	10		
"370.46215"	"370.46216"	"1.12e+08"	B+	"0.30063800"	"3.64738190"	"3d4.(5D).4s"	"a 6D"	"9/2"	"3d3.(4P).4s.4p.(3P*)"	"y 6P*"	"7/2"	10	8		
"370.57538"	"370.57541"	"7.7e+07"	B+	"0.28657323"	"3.63229439"	"3d4.(5D).4s"	"a 6D"	"7/2"	"3d3.(4P).4s.4p.(3P*)"	"y 6P*"	"5/2"	8	6		
"370.60872"	"370.60874"	"4.18e+07"	B+	"0.27526426"	"3.6206845"	"3d4.(5D).4s"	"a 6D"	"5/2"	"3d3.(4P).4s.4p.(3P*)"	"y 6P*"	"3/2"	6	4		
"370.6868"	"370.68698"	"7.2e+06"	B	"2.09746672"	"5.4421809"	"3d3.(4F).4s.4p.(3P*)"	"z 6G*"	"11/2"	"3d3.4s.(5F).4d"	"e 6H"	"11/2"	12	12		
"370.70840"	"370.70839"	"2.19e+07"	B	"1.8726306"	"5.21715154"	"3d3.4s2"	"a 2H"	"9/2"	"3d4.(1I).4p"	"u 2H*"	"9/2"	10	10		
"370.97690"	"370.97689"	"2.50e+07"	B	"1.8925980"	"5.23469828"	"3d3.4s2"	"a 2H"	"11/2"	"3d4.(1I).4p"	"u 2H*"	"11/2"	12	12		
"371.4589"	"371.45897"	"5.0e+07"	C	"1.86948173"	"5.20724471"	"3d4.(3P2).4s"	"b 4P"	"1/2"	"3d3.(4P).4s.4p.(1P*)"	"r 4D*"	"3/2"	2	4		
"371.5914"	"371.591282"	"1.7e+06"	C+	"1.85348429"	"5.19005876"	"3d4.(3H).4s"	"a 4H"	"9/2"	"3d4.(3G).4p"	"t 4G*"	"9/2"	10	10		
"371.8616"	"371.86159"	"3.0e+06"	B	"2.12465993"	"5.4588090"	"3d3.(4F).4s.4p.(3P*)"	"z 6G*"	"13/2"	"3d3.4s.(5F).4d"	"e 6H"	"13/2"	14	14		
"372.30485"	"372.304839"	"1.79e+07"	B+	"1.85987915"	"5.19005876"	"3d4.(3H).4s"	"a 4H"	"11/2"	"3d4.(3G).4p"	"t 4G*"	"9/2"	12	10		
"372.4383"	"372.43829"	"2.44e+07"	B	"1.86948173"	"5.19846812"	"3d4.(3P2).4s"	"b 4P"	"1/2"	"3d3.(4P).4s.4p.(1P*)"	"r 4D*"	"1/2"	2	2		
"372.4617"	"372.461688"	"1.93e+06"	B	"1.84859919"	"5.17737642"	"3d4.(3H).4s"	"a 4H"	"7/2"	"3d4.(3G).4p"	"t 4G*"	"7/2"	8	8		
"373.00910"	"373.009092"	"2.01e+07"	B+	"1.85348429"	"5.17737642"	"3d4.(3H).4s"	"a 4H"	"9/2"	"3d4.(3G).4p"	"t 4G*"	"7/2"	10	8		
"373.1236"	"373.12368"	"6.1e+05"	C+	"1.06360365"	"4.38647502"	"3d4.(5D).4s"	"a 4D"	"5/2"	"3d3.(2D2).4s.4p.(3P*)"	"u 4D*"	"7/2"	6	8		
"373.8492"	"373.84916"	"1.34e+06"	C+	"1.05091908"	"4.3673421"	"3d4.(5D).4s"	"a 4D"	"3/2"	"3d3.(2D2).4s.4p.(3P*)"	"u 4D*"	"5/2"	4	6		
"373.98088"	"373.980949"	"4.5e+07"	C+	"1.89331087"	"5.20856527"	"3d4.(3P2).4s"	"b 4P"	"3/2"	"3d3.(4P).4s.4p.(1P*)"	"v 4P*"	"5/2"	4	6		
"374.81947"	"374.81949"	"1.9e+06"	C+	"1.04308018"	"4.3509177"	"3d4.(5D).4s"	"a 4D"	"1/2"	"3d3.(2D2).4s.4p.(3P*)"	"u 4D*"	"3/2"	2	4		
"374.9043"	"374.90458"	"3.1e+07"	C	"1.93068628"	"5.23777309&dagger;"	"3d4.(3P2).4s"	"b 4P"	"5/2"	"3d3.(4P).4s.4p.(1P*)"	"r 4D*"	"7/2"	6	8		
"375.0437"	"375.04369"	"3.8e+06"	C+	"1.08061491"	"4.38647502"	"3d4.(5D).4s"	"a 4D"	"7/2"	"3d3.(2D2).4s.4p.(3P*)"	"u 4D*"	"7/2"	8	8		
"375.1235"	"375.12345"	"9.5e+06"	C+	"1.89331087"	"5.19846812"	"3d4.(3P2).4s"	"b 4P"	"3/2"	"3d3.(4P).4s.4p.(1P*)"	"r 4D*"	"1/2"	4	2		
"375.2845"	"375.28454"	"3.5e+06"	C+	"1.06360365"	"4.3673421"	"3d4.(5D).4s"	"a 4D"	"5/2"	"3d3.(2D2).4s.4p.(3P*)"	"u 4D*"	"5/2"	6	6		
"375.7098"	"375.70985"	"2.9e+06"	C+	"1.05091908"	"4.3509177"	"3d4.(5D).4s"	"a 4D"	"3/2"	"3d3.(2D2).4s.4p.(3P*)"	"u 4D*"	"3/2"	4	4		
"375.9364"	"375.93632"	"4.4e+06"	C+	"1.04308018"	"4.34109085&dagger;"	"3d4.(5D).4s"	"a 4D"	"1/2"	"3d3.(2D2).4s.4p.(3P*)"	"u 4D*"	"1/2"	2	2		
"375.99901"	"375.99901"	"1.7e+06"	C+	"1.8925980"	"5.19005876"	"3d3.4s2"	"a 2H"	"11/2"	"3d4.(3G).4p"	"t 4G*"	"9/2"	12	10		
"376.4206"	"376.42061"	"3.35e+07"	B+	"1.93068628"	"5.22445384"	"3d4.(3P2).4s"	"b 4P"	"5/2"	"3d3.(4P).4s.4p.(1P*)"	"r 4D*"	"5/2"	6	6		
"376.83197"	"376.83199"	"3.8e+06"	C+	"1.05091908"	"4.34109085&dagger;"	"3d4.(5D).4s"	"a 4D"	"3/2"	"3d3.(2D2).4s.4p.(3P*)"	"u 4D*"	"1/2"	4	2		
"377.1595"	"377.15958"	"2.4e+06"	C+	"1.06360365"	"4.3509177"	"3d4.(5D).4s"	"a 4D"	"5/2"	"3d3.(2D2).4s.4p.(3P*)"	"u 4D*"	"3/2"	6	4		
"377.2270"	"377.22692"	"9.9e+05"	C+	"1.08061491"	"4.3673421"	"3d4.(5D).4s"	"a 4D"	"7/2"	"3d3.(2D2).4s.4p.(3P*)"	"u 4D*"	"5/2"	8	6		
"377.3510"	"377.35120"	"8.7e+05"	C+	"1.85987915"	"5.1455239"	"3d4.(3H).4s"	"a 4H"	"11/2"	"3d4.(3G).4p"	"v 2H*"	"9/2"	12	10		
"377.6243"	"377.62427"	"5.9e+07"	C+	"1.89331087"	"5.1765797"	"3d4.(3P2).4s"	"b 4P"	"3/2"	"3d3.(4P).4s.4p.(1P*)"	"v 4P*"	"1/2"	4	2		
"377.79433"	"377.79429"	"9.6e+05"	B	"1.3505004"	"4.63229155"	"3d3.4s2"	"a 2G"	"7/2"	"3d4.(3H).4p"	"v 2G*"	"9/2"	8	10		
"377.8230"	"377.82294"	"8.0e+04"	C	"0.01703332"	"3.2985757&dagger;"	"3d3.4s2"	"a 4F"	"5/2"	"3d4.(5D).4p"	"y 6D*"	"7/2"	6	8		
"377.97503"	"377.97505"	"4.66e+06"	B+	"0.28657323"	"3.5667950"	"3d4.(5D).4s"	"a 6D"	"7/2"	"3d3.(4P).4s.4p.(3P*)"	"x 6D*"	"9/2"	8	10		
"378.07132"	"378.07133"	"9.e+06"	D+	"1.3505004"	"4.6298867"	"3d3.4s2"	"a 2G"	"7/2"	"3d3.(2D2).4s.4p.(3P*)"	"w 2F*"	"5/2"	8	6		
"378.2452"	"378.24520"	"2.2e+07"	C+	"1.93068628"	"5.20856527"	"3d4.(3P2).4s"	"b 4P"	"5/2"	"3d3.(4P).4s.4p.(1P*)"	"v 4P*"	"5/2"	6	6		
"378.5744"	"378.57434"	"1.10e+05"	B	"0.04010046"	"3.31512954"	"3d3.4s2"	"a 4F"	"7/2"	"3d4.(5D).4p"	"y 6D*"	"9/2"	8	10		
"378.5893"	"378.589506"	"7.0e+06"	B	"1.94955593"	"5.22445384"	"3d4.(3F2).4s"	"b 4F"	"7/2"	"3d3.(4P).4s.4p.(1P*)"	"r 4D*"	"5/2"	8	6		
"378.8214"	"378.82138"	"9.2e+06"	B	"1.8726306"	"5.1455239"	"3d3.4s2"	"a 2H"	"9/2"	"3d4.(3G).4p"	"v 2H*"	"9/2"	10	10		
"378.8214"	"378.82184"	"8.e+04"	D	"0.00000000"	"3.2728894"	"3d3.4s2"	"a 4F"	"3/2"	"3d4.(5D).4p"	"y 6D*"	"1/2"	4	2		
"379.14001"	"379.14001"	"8.6e+06"	B+	"0.27526426"	"3.5454071"	"3d4.(5D).4s"	"a 6D"	"5/2"	"3d3.(4P).4s.4p.(3P*)"	"x 6D*"	"7/2"	6	8		
"379.15404"	"379.15402"	"1.9e+07"	D+	"1.37629850"	"4.6463205&dagger;"	"3d3.4s2"	"a 2G"	"9/2"	"3d3.(2D2).4s.4p.(3P*)"	"w 2F*"	"7/2"	10	8		
"379.2394"	"379.23937"	"1.33e+05"	B	"0.01703332"	"3.2863193"	"3d3.4s2"	"a 4F"	"5/2"	"3d4.(5D).4p"	"y 6D*"	"5/2"	6	6		
"379.46871"	"379.46871"	"7.9e+05"	B+	"0.00000000"	"3.26731020"	"3d3.4s2"	"a 4F"	"3/2"	"3d4.(5D).4p"	"y 4D*"	"5/2"	4	6		
"379.60269"	"379.60269"	"2.03e+07"	B+	"0.30063800"	"3.5667950"	"3d4.(5D).4s"	"a 6D"	"9/2"	"3d3.(4P).4s.4p.(3P*)"	"x 6D*"	"9/2"	10	10		
"379.60905"	"379.608884"	"4.1e+05"	C+	"0.01703332"	"3.28313703&dagger;"	"3d3.4s2"	"a 4F"	"5/2"	"3d4.(5D).4p"	"y 4D*"	"7/2"	6	8		
"379.75410"	"379.75415"	"8.8e+06"	B+	"1.8726306"	"5.1374849&dagger;"	"3d3.4s2"	"a 2H"	"9/2"	"3d4.(3G).4p"	"t 2G*"	"7/2"	10	8		
"379.97287"	"379.97289"	"7.0e+06"	B	"1.7111742"	"4.9741491&dagger;"	"3d3.4s2"	"a 2P"	"3/2"	"3d4.(3P2).4p"	"v 2D*"	"5/2"	4	6		
"380.09869"	"380.09870"	"1.10e+07"	B+	"0.26696538"	"3.5288602"	"3d4.(5D).4s"	"a 6D"	"3/2"	"3d3.(4P).4s.4p.(3P*)"	"x 6D*"	"5/2"	4	6		
"380.39547"	"380.39554"	"1.13e+06"	C+	"1.3505004"	"4.6098498"	"3d3.4s2"	"a 2G"	"7/2"	"3d3.(2H).4s.4p.(3P*)"	"y 2H*"	"9/2"	8	10		
"380.45571"	"380.45572"	"1.21e+07"	B+	"0.28657323"	"3.5454071"	"3d4.(5D).4s"	"a 6D"	"7/2"	"3d3.(4P).4s.4p.(3P*)"	"x 6D*"	"7/2"	8	8		
"380.48607"	"380.48607"	"1.1e+07"	D+	"1.3505004"	"4.60907427"	"3d3.4s2"	"a 2G"	"7/2"	"3d4.(3H).4p"	"v 2G*"	"7/2"	8	8		
"380.49764"	"380.49760"	"5.3e+05"	B	"0.04010046"	"3.2985757&dagger;"	"3d3.4s2"	"a 4F"	"7/2"	"3d4.(5D).4p"	"y 6D*"	"7/2"	8	8		
"380.7541"	"380.75407"	"1.48e+07"	C+	"1.94218780"	"5.19846812"	"3d4.(3F2).4s"	"b 4F"	"3/2"	"3d3.(4P).4s.4p.(1P*)"	"r 4D*"	"1/2"	4	2		
"380.78765"	"380.78766"	"1.83e+07"	B+	"1.37629850"	"4.63229155"	"3d3.4s2"	"a 2G"	"9/2"	"3d4.(3H).4p"	"v 2G*"	"9/2"	10	10		
"380.85849"	"380.85849"	"1.11e+07"	B+	"0.26188959"	"3.51727710"	"3d4.(5D).4s"	"a 6D"	"1/2"	"3d3.(4P).4s.4p.(3P*)"	"x 6D*"	"3/2"	2	4		
"380.95999"	"380.95999"	"1.43e+07"	B+	"0.00000000"	"3.25452024"	"3d3.4s2"	"a 4F"	"3/2"	"3d4.(5D).4p"	"y 4D*"	"3/2"	4	4		
"381.06821"	"381.06821"	"5.0e+06"	B+	"0.27526426"	"3.5288602"	"3d4.(5D).4s"	"a 6D"	"5/2"	"3d3.(4P).4s.4p.(3P*)"	"x 6D*"	"5/2"	6	6		
"381.45728"	"381.457343"	"1.32e+07"	B+	"0.01703332"	"3.26731020"	"3d3.4s2"	"a 4F"	"5/2"	"3d4.(5D).4p"	"y 4D*"	"5/2"	6	6		
"381.65981"	"381.65981"	"6.2e+06"	B+	"0.26188959"	"3.51044222"	"3d4.(5D).4s"	"a 6D"	"1/2"	"3d3.(4P).4s.4p.(3P*)"	"x 6D*"	"1/2"	2	2		
"381.89272"	"381.89267"	"1.15e+06"	B+	"0.06855768"	"3.31512954"	"3d3.4s2"	"a 4F"	"9/2"	"3d4.(5D).4p"	"y 6D*"	"9/2"	10	10		
"381.90591"	"381.90589"	"8.0e+06"	B+	"1.37629850"	"4.62275791"	"3d3.4s2"	"a 2G"	"9/2"	"3d4.(3H).4p"	"z 4I*"	"9/2"	10	10		
"381.93249"	"381.93250"	"6.7e+07"	B+	"0.00000000"	"3.24623326"	"3d3.4s2"	"a 4F"	"3/2"	"3d4.(5D).4p"	"y 4D*"	"1/2"	4	2		
"382.10483"	"382.10484"	"5.9e+06"	B+	"0.30063800"	"3.5454071"	"3d4.(5D).4s"	"a 6D"	"9/2"	"3d3.(4P).4s.4p.(3P*)"	"x 6D*"	"7/2"	10	8		
"382.13759"	"382.137575"	"5.6e+06"	C+	"1.06360365"	"4.30809481"	"3d4.(5D).4s"	"a 4D"	"5/2"	"3d3.(4F).4s.4p.(1P*)"	"v 4D*"	"7/2"	6	8		
"382.25708"	"382.25708"	"2.19e+07"	B+	"0.26696538"	"3.51044222"	"3d4.(5D).4s"	"a 6D"	"3/2"	"3d3.(4P).4s.4p.(3P*)"	"x 6D*"	"1/2"	4	2		
"382.30895"	"382.308973"	"7.9e+06"	B+	"0.04010046"	"3.28313703&dagger;"	"3d3.4s2"	"a 4F"	"7/2"	"3d4.(5D).4p"	"y 4D*"	"7/2"	8	8		
"382.39735"	"382.39736"	"1.10e+07"	B+	"0.28657323"	"3.5288602"	"3d4.(5D).4s"	"a 6D"	"7/2"	"3d3.(4P).4s.4p.(3P*)"	"x 6D*"	"5/2"	8	6		
"382.42970"	"382.42970"	"1.64e+07"	B+	"0.27526426"	"3.51727710"	"3d4.(5D).4s"	"a 6D"	"5/2"	"3d3.(4P).4s.4p.(3P*)"	"x 6D*"	"3/2"	6	4		
"382.50624"	"382.50625"	"5.6e+06"	C+	"1.05091908"	"4.29228311"	"3d4.(5D).4s"	"a 4D"	"3/2"	"3d3.(4F).4s.4p.(1P*)"	"v 4D*"	"5/2"	4	6		
"382.6078"	"382.607900"	"2.06e+06"	B	"1.94955593"	"5.19005876"	"3d4.(3F2).4s"	"b 4F"	"7/2"	"3d4.(3G).4p"	"t 4G*"	"9/2"	8	10		
"382.64879"	"382.64879"	"2.2e+06"	C	"1.7111742"	"4.9513308"	"3d3.4s2"	"a 2P"	"3/2"	"3d4.(3F2).4p"	"s 4D*"	"3/2"	4	4		
"382.78554"	"382.78552"	"6.5e+06"	D+	"1.04308018"	"4.28207933"	"3d4.(5D).4s"	"a 4D"	"1/2"	"3d3.(4F).4s.4p.(1P*)"	"v 4D*"	"3/2"	2	4		
"382.96430"	"382.964322"	"5.2e+07"	B+	"0.01703332"	"3.25452024"	"3d3.4s2"	"a 4F"	"5/2"	"3d4.(5D).4p"	"y 4D*"	"3/2"	6	4		
"383.43039"	"383.43044"	"1.61e+06"	B	"1.37629850"	"4.6098498"	"3d3.4s2"	"a 2G"	"9/2"	"3d3.(2H).4s.4p.(3P*)"	"y 2H*"	"9/2"	10	10		
"383.5901"	"383.590093"	"2.12e+06"	B	"1.94517098"	"5.17737642"	"3d4.(3F2).4s"	"b 4F"	"5/2"	"3d4.(3G).4p"	"t 4G*"	"7/2"	6	8		
"383.66481"	"383.66481"	"9.0e+06"	B	"1.04308018"	"4.2746562&dagger;"	"3d4.(5D).4s"	"a 4D"	"1/2"	"3d3.(4F).4s.4p.(1P*)"	"v 4D*"	"1/2"	2	2		
"383.71416"	"383.714173"	"8.0e+06"	B	"1.05091908"	"4.28207933"	"3d4.(5D).4s"	"a 4D"	"3/2"	"3d3.(4F).4s.4p.(1P*)"	"v 4D*"	"3/2"	4	4		
"384.00900"	"384.00900"	"1.80e+07"	B	"1.06360365"	"4.29228311"	"3d4.(5D).4s"	"a 4D"	"5/2"	"3d3.(4F).4s.4p.(1P*)"	"v 4D*"	"5/2"	6	6		
"384.11120"	"384.111194"	"2.5e+06"	C	"1.94955593"	"5.17737642"	"3d4.(3F2).4s"	"b 4F"	"7/2"	"3d4.(3G).4p"	"t 4G*"	"7/2"	8	8		
"384.12237"	"384.12233"	"1.25e+07"	B+	"1.3505004"	"4.5782272&dagger;"	"3d3.4s2"	"a 2G"	"7/2"	"3d4.(3F2).4p"	"x 2F*"	"7/2"	8	8		
"384.15172"	"384.15173"	"4.0e+07"	B	"1.08061491"	"4.30809481"	"3d4.(5D).4s"	"a 4D"	"7/2"	"3d3.(4F).4s.4p.(1P*)"	"v 4D*"	"7/2"	8	8		
"384.18389"	"384.183887"	"5.2e+07"	B+	"0.04010046"	"3.26731020"	"3d3.4s2"	"a 4F"	"7/2"	"3d4.(5D).4p"	"y 4D*"	"5/2"	8	6		
"384.29805"	"384.298043"	"9.0e+05"	B+	"0.04010046"	"3.26635156"	"3d3.4s2"	"a 4F"	"7/2"	"3d3.(4F).4s.4p.(3P*)"	"z 2G*"	"9/2"	8	10		
"384.38235"	"384.38233"	"3.8e+06"	C+	"1.04308018"	"4.2686238"	"3d4.(5D).4s"	"a 4D"	"1/2"	"3d3.(2D2).4s.4p.(3P*)"	"4F*"	"3/2"	2	4		
"384.4594"	"384.45934"	"2.7e+06"	C+	"1.05091908"	"4.2758166"	"3d4.(5D).4s"	"a 4D"	"3/2"	"3d3.(2D2).4s.4p.(3P*)"	"4F*"	"5/2"	4	6		
"384.55266"	"384.55276"	"6.0e+06"	B+	"0.00000000"	"3.22411411"	"3d3.4s2"	"a 4F"	"3/2"	"3d4.(5D).4p"	"y 4F*"	"5/2"	4	6		
"384.59771"	"384.59774"	"8.8e+06"	C+	"1.05091908"	"4.2746562&dagger;"	"3d4.(5D).4s"	"a 4D"	"3/2"	"3d3.(4F).4s.4p.(1P*)"	"v 4D*"	"1/2"	4	2		
"384.84174"	"384.841686"	"4.5e+06"	B+	"0.01703332"	"3.23872689&dagger;"	"3d3.4s2"	"a 4F"	"5/2"	"3d4.(5D).4p"	"y 4F*"	"7/2"	6	8		
"385.22644"	"385.226457"	"6.3e+06"	C+	"1.06360365"	"4.28207933"	"3d4.(5D).4s"	"a 4D"	"5/2"	"3d3.(4F).4s.4p.(1P*)"	"v 4D*"	"3/2"	6	4		
"385.31876"	"385.31875"	"2.2e+06"	C+	"1.05091908"	"4.2686238"	"3d4.(5D).4s"	"a 4D"	"3/2"	"3d3.(2D2).4s.4p.(3P*)"	"4F*"	"3/2"	4	4		
"385.64569"	"385.64559"	"3.39e+07"	B+	"0.00000000"	"3.21497771"	"3d3.4s2"	"a 4F"	"3/2"	"3d4.(5D).4p"	"y 4F*"	"3/2"	4	4		
"385.69334"	"385.69338"	"5.7e+07"	B+	"0.06855768"	"3.28313703&dagger;"	"3d3.4s2"	"a 4F"	"9/2"	"3d4.(5D).4p"	"y 4D*"	"7/2"	10	8		
"385.9774"	"385.97751"	"3.0e+06"	C+	"1.06360365"	"4.2758166"	"3d4.(5D).4s"	"a 4D"	"5/2"	"3d3.(2D2).4s.4p.(3P*)"	"4F*"	"5/2"	6	6		
"386.0430"	"386.04299"	"5.6e+06"	C+	"1.08061491"	"4.29228311"	"3d4.(5D).4s"	"a 4D"	"7/2"	"3d3.(4F).4s.4p.(1P*)"	"v 4D*"	"5/2"	8	6		
"386.33123"	"386.331230"	"1.07e+06"	B+	"0.01703332"	"3.22630528"	"3d3.4s2"	"a 4F"	"5/2"	"3d3.(4F).4s.4p.(3P*)"	"z 2G*"	"7/2"	6	8		
"386.49551"	"386.49552"	"2.41e+07"	B+	"1.3505004"	"4.5584081"	"3d3.4s2"	"a 2G"	"7/2"	"3d4.(3F2).4p"	"x 2F*"	"5/2"	8	6		
"386.59519"	"386.59518"	"2.70e+07"	B+	"0.01703332"	"3.22411411"	"3d3.4s2"	"a 4F"	"5/2"	"3d4.(5D).4p"	"y 4F*"	"5/2"	6	6		
"386.86985"	"386.869854"	"2.41e+06"	B+	"0.04010046"	"3.24490427"	"3d3.4s2"	"a 4F"	"7/2"	"3d4.(5D).4p"	"y 4F*"	"9/2"	8	10		
"387.21724"	"387.21723"	"2.33e+07"	B+	"1.37629850"	"4.5782272&dagger;"	"3d3.4s2"	"a 2G"	"9/2"	"3d4.(3F2).4p"	"x 2F*"	"7/2"	10	8		
"387.61698"	"387.617001"	"2.27e+07"	B+	"0.04010046"	"3.23872689&dagger;"	"3d3.4s2"	"a 4F"	"7/2"	"3d4.(5D).4p"	"y 4F*"	"7/2"	8	8		
"387.6520"	"387.65204"	"3.5e+06"	B	"1.06360365"	"4.2619410"	"3d4.(5D).4s"	"a 4D"	"5/2"	"3d3.(2D2).4s.4p.(3P*)"	"4F*"	"7/2"	6	8		
"387.69965"	"387.69967"	"8.7e+06"	B+	"0.01703332"	"3.21497771"	"3d3.4s2"	"a 4F"	"5/2"	"3d4.(5D).4p"	"y 4F*"	"3/2"	6	4		
"387.71791"	"387.71792"	"8.5e+06"	B+	"0.06855768"	"3.26635156"	"3d3.4s2"	"a 4F"	"9/2"	"3d3.(4F).4s.4p.(3P*)"	"z 2G*"	"9/2"	10	10		
"388.0324"	"388.03246"	"1.4e+06"	C+	"1.08061491"	"4.2758166"	"3d4.(5D).4s"	"a 4D"	"7/2"	"3d3.(2D2).4s.4p.(3P*)"	"4F*"	"5/2"	8	6		
"388.643"	"388.64141"	"1.23e+06"	C+	"1.95532863"	"5.1455239"	"3d4.(3F2).4s"	"b 4F"	"9/2"	"3d4.(3G).4p"	"v 2H*"	"9/2"	10	10		
"388.76799"	"388.76800"	"1.3e+07"	D+	"1.37629850"	"4.56545501"	"3d3.4s2"	"a 2G"	"9/2"	"3d3.(2H).4s.4p.(3P*)"	"w 4G*"	"7/2"	10	8		
"389.12813"	"389.12815"	"6.4e+06"	B+	"0.04010046"	"3.22630528"	"3d3.4s2"	"a 4F"	"7/2"	"3d3.(4F).4s.4p.(3P*)"	"z 2G*"	"7/2"	8	8		
"389.39594"	"389.39594"	"8.0e+06"	B+	"0.04010046"	"3.22411411"	"3d3.4s2"	"a 4F"	"7/2"	"3d4.(5D).4p"	"y 4F*"	"5/2"	8	6		
"389.7248"	"389.72490"	"4.2e+06"	C+	"1.08061491"	"4.2619410"	"3d4.(5D).4s"	"a 4D"	"7/2"	"3d3.(2D2).4s.4p.(3P*)"	"4F*"	"7/2"	8	8		
"389.90699"	"389.90696"	"9.0e+07"	C	"2.3160335"	"5.49587410"	"3d3.(4F).4s.4p.(3P*)"	"z 6F*"	"11/2"	"3d3.4s.(5F).4d"	"f 6G"	"13/2"	12	14		
"389.91555"	"389.91552"	"9.6e+07"	C	"2.3160335"	"5.4958043"	"3d3.(4F).4s.4p.(3P*)"	"z 6F*"	"11/2"	"3d3.4s.(5F).4d"	"6F"	"11/2"	12	12		
"389.92366"	"389.92361"	"2.30e+06"	B+	"1.3505004"	"4.5302052"	"3d3.4s2"	"a 2G"	"7/2"	"3d4.(3F2).4p"	"2G*"	"9/2"	8	10		
"389.9363"	"389.93647"	"5.7e+07"	C+	"2.28602611"	"5.4656260"	"3d3.(4F).4s.4p.(3P*)"	"z 6D*"	"9/2"	"3d3.4s.(5F).4d"	"f 6P"	"7/2"	10	8		
"390.22584"	"390.22581"	"7.9e+07"	C	"2.29536943"	"5.4726118"	"3d3.(4F).4s.4p.(3P*)"	"z 6F*"	"9/2"	"3d3.4s.(5F).4d"	"f 6G"	"11/2"	10	12		
"390.33586"	"390.33586"	"2.61e+07"	B+	"0.06855768"	"3.24490427"	"3d3.4s2"	"a 4F"	"9/2"	"3d4.(5D).4p"	"y 4F*"	"9/2"	10	10		
"390.55696"	"390.55693"	"9.8e+06"	B	"1.7996004"	"4.9741491&dagger;"	"3d3.4s2"	"2D2"	"3/2"	"3d4.(3P2).4p"	"v 2D*"	"5/2"	4	6		
"390.78534"	"390.78533"	"7.5e+06"	B	"1.05091908"	"4.22361235"	"3d4.(5D).4s"	"a 4D"	"3/2"	"3d3.(4P).4s.4p.(3P*)"	"w 4D*"	"5/2"	4	6		
"391.07717"	"391.07715"	"1.43e+07"	B+	"1.8038233"	"4.9741491&dagger;"	"3d3.4s2"	"2D2"	"5/2"	"3d4.(3P2).4p"	"v 2D*"	"5/2"	6	6		
"391.09645"	"391.09647"	"4.0e+06"	B+	"0.06855768"	"3.23872689&dagger;"	"3d3.4s2"	"a 4F"	"9/2"	"3d4.(5D).4p"	"y 4F*"	"7/2"	10	8		
"391.18951"	"391.18947"	"6.9e+06"	C+	"1.04308018"	"4.21249568&dagger;"	"3d4.(5D).4s"	"a 4D"	"1/2"	"3d3.(4P).4s.4p.(3P*)"	"w 4D*"	"3/2"	2	4		
"391.3989"	"391.39879"	"2.12e+06"	C+	"1.06360365"	"4.2313242"	"3d4.(5D).4s"	"a 4D"	"5/2"	"3d3.(4P).4s.4p.(3P*)"	"w 4D*"	"7/2"	6	8		
"391.6226"	"391.62254"	"1.85e+06"	B	"1.85987915"	"5.0257899"	"3d4.(3H).4s"	"a 4H"	"11/2"	"3d4.(3G).4p"	"w 4H*"	"13/2"	12	14		
"392.15942"	"392.159400"	"6.2e+06"	B	"1.05091908"	"4.21249568&dagger;"	"3d4.(5D).4s"	"a 4D"	"3/2"	"3d3.(4P).4s.4p.(3P*)"	"w 4D*"	"3/2"	4	4		
"392.2845"	"392.28453"	"9.e+07"	D+	"2.29536943"	"5.4559375"	"3d3.(4F).4s.4p.(3P*)"	"z 6F*"	"9/2"	"3d3.4s.(5F).4d"	"f 6G"	"9/2"	10	10		
"392.30149"	"392.30148"	"2.2e+07"	D+	"1.05091908"	"4.21135069"	"3d4.(5D).4s"	"a 4D"	"3/2"	"3d3.(4P).4s.4p.(3P*)"	"w 4D*"	"1/2"	4	2		
"392.35398"	"392.35398"	"1.98e+07"	B	"1.06360365"	"4.22361235"	"3d4.(5D).4s"	"a 4D"	"5/2"	"3d3.(4P).4s.4p.(3P*)"	"w 4D*"	"5/2"	6	6		
"392.57608"	"392.57607"	"3.39e+07"	B+	"1.86756890"	"5.0257899"	"3d4.(3H).4s"	"a 4H"	"13/2"	"3d4.(3G).4p"	"w 4H*"	"13/2"	14	14		
"392.63491"	"392.63492"	"9.2e+05"	B+	"0.06855768"	"3.22630528"	"3d3.4s2"	"a 4F"	"9/2"	"3d3.(4F).4s.4p.(3P*)"	"z 2G*"	"7/2"	10	8		
"392.9037"	"392.90370"	"3.3e+07"	C+	"1.85987915"	"5.01546657"	"3d4.(3H).4s"	"a 4H"	"11/2"	"3d4.(3G).4p"	"w 4H*"	"11/2"	12	12		
"392.9577"	"392.95790"	"6.4e+06"	C+	"2.2638095"	"5.4189617"	"3d3.(4F).4s.4p.(3P*)"	"z 6F*"	"5/2"	"3d3.4s.(5F).4d"	"e 6H"	"7/2"	6	8		
"393.11312"	"393.11308"	"3.08e+07"	B+	"1.37629850"	"4.5302052"	"3d3.4s2"	"a 2G"	"9/2"	"3d4.(3F2).4p"	"2G*"	"9/2"	10	10		
"393.24478"	"393.24479"	"3.10e+07"	B+	"1.85348429"	"5.00633464"	"3d4.(3H).4s"	"a 4H"	"9/2"	"3d4.(3G).4p"	"w 4H*"	"9/2"	10	10		
"393.4662"	"393.46623"	"8.4e+06"	C+	"2.27789497"	"5.4289710"	"3d3.(4F).4s.4p.(3P*)"	"z 6F*"	"7/2"	"3d3.4s.(5F).4d"	"e 6H"	"9/2"	8	10		
"393.51207"	"393.51203"	"1.81e+07"	B	"1.08061491"	"4.2313242"	"3d4.(5D).4s"	"a 4D"	"7/2"	"3d3.(4P).4s.4p.(3P*)"	"w 4D*"	"7/2"	8	8		
"393.62450"	"393.62448"	"3.19e+07"	B+	"1.84859919"	"4.99840833"	"3d4.(3H).4s"	"a 4H"	"7/2"	"3d4.(3G).4p"	"w 4H*"	"7/2"	8	8		
"393.73915"	"393.739123"	"5.9e+06"	C+	"1.06360365"	"4.21249568&dagger;"	"3d4.(5D).4s"	"a 4D"	"5/2"	"3d3.(4P).4s.4p.(3P*)"	"w 4D*"	"3/2"	6	4		
"393.9994"	"393.99945"	"8.2e+06"	B+	"2.29536943"	"5.4421809"	"3d3.(4F).4s.4p.(3P*)"	"z 6F*"	"9/2"	"3d3.4s.(5F).4d"	"e 6H"	"11/2"	10	12		
"394.0440"	"394.04402"	"1.10e+07"	B+	"1.85987915"	"5.00633464"	"3d4.(3H).4s"	"a 4H"	"11/2"	"3d4.(3G).4p"	"w 4H*"	"9/2"	12	10		
"394.23595"	"394.23591"	"8.0e+06"	B	"1.85348429"	"4.99840833"	"3d4.(3H).4s"	"a 4H"	"9/2"	"3d4.(3G).4p"	"w 4H*"	"7/2"	10	8		
"394.31108"	"394.31110"	"8.2e+06"	D+	"1.37629850"	"4.5206228"	"3d3.4s2"	"a 2G"	"9/2"	"3d4.(3F2).4p"	"2G*"	"7/2"	10	8		
"394.4775"	"394.47757"	"5.9e+06"	C+	"1.08061491"	"4.22361235"	"3d4.(5D).4s"	"a 4D"	"7/2"	"3d3.(4P).4s.4p.(3P*)"	"w 4D*"	"5/2"	8	6		
"394.5053"	"394.50542"	"5.2e+06"	C+	"2.3160335"	"5.4588090"	"3d3.(4F).4s.4p.(3P*)"	"z 6F*"	"11/2"	"3d3.4s.(5F).4d"	"e 6H"	"13/2"	12	14		
"396.4730"	"396.47291"	"4.6e+07"	C+	"2.78709076"	"5.91427030"	"3d4.(1I).4s"	"2I"	"13/2"	"3d3.(2G).4s.4p.(1P*)"	"2H*"	"11/2"	14	12		
"396.67963"	"396.67963"	"7.4e+05"	C+	"1.84859919"	"4.9741491&dagger;"	"3d4.(3H).4s"	"a 4H"	"7/2"	"3d4.(3P2).4p"	"v 2D*"	"5/2"	8	6		
"398.1634"	"398.16348"	"4.5e+07"	C+	"2.7892162"	"5.9031181"	"3d4.(1I).4s"	"2I"	"11/2"	"3d3.(2G).4s.4p.(1P*)"	"2H*"	"9/2"	12	10		
"398.57134"	"398.57134"	"1.35e+07"	B+	"1.85348429"	"4.9641996"	"3d4.(3H).4s"	"a 4H"	"9/2"	"3d4.(3H).4p"	"u 4G*"	"9/2"	10	10		
"398.9955"	"398.99554"	"9.9e+06"	B+	"1.85987915"	"4.96728730"	"3d4.(3H).4s"	"a 4H"	"11/2"	"3d4.(3H).4p"	"u 4G*"	"11/2"	12	12		
"399.16658"	"399.16667"	"9.2e+07"	B+	"1.84859919"	"4.9546751"	"3d4.(3H).4s"	"a 4H"	"7/2"	"3d4.(3H).4p"	"u 4G*"	"5/2"	8	6		
"399.17244"	"399.17242"	"8.7e+07"	C+	"1.85348429"	"4.95951548"	"3d4.(3H).4s"	"a 4H"	"9/2"	"3d4.(3H).4p"	"u 4G*"	"7/2"	10	8		
"399.39239"	"399.39240"	"8.6e+07"	B+	"1.85987915"	"4.9641996"	"3d4.(3H).4s"	"a 4H"	"11/2"	"3d4.(3H).4p"	"u 4G*"	"9/2"	12	10		
"399.98538"	"399.98536"	"9.8e+07"	B+	"1.86756890"	"4.96728730"	"3d4.(3H).4s"	"a 4H"	"13/2"	"3d4.(3H).4p"	"u 4G*"	"11/2"	14	12		
"400.27925"	"400.27925"	"1.6e+05"	C	"1.19484056"	"4.29228311"	"3d3.4s2"	"a 4P"	"3/2"	"3d3.(4F).4s.4p.(1P*)"	"v 4D*"	"5/2"	4	6		
"401.2439"	"401.24382"	"1.09e+06"	C+	"1.21809838"	"4.30809481"	"3d3.4s2"	"a 4P"	"5/2"	"3d3.(4F).4s.4p.(1P*)"	"v 4D*"	"7/2"	6	8		
"401.86242"	"401.86242"	"1.5e+05"	C	"1.18338392"	"4.2686238"	"3d3.4s2"	"a 4P"	"1/2"	"3d3.(2D2).4s.4p.(3P*)"	"4F*"	"3/2"	2	4		
"402.02727"	"402.02736"	"4.9e+05"	C+	"1.8038233"	"4.88779744"	"3d3.4s2"	"2D2"	"5/2"	"3d4.(3P2).4p"	"w 4P*"	"5/2"	6	6		
"402.3046"	"402.30458"	"1.02e+07"	B	"1.86948173"	"4.9513308"	"3d4.(3P2).4s"	"b 4P"	"1/2"	"3d4.(3F2).4p"	"s 4D*"	"3/2"	2	4		
"402.4187"	"402.41857"	"3.6e+05"	C+	"1.19484056"	"4.2758166"	"3d3.4s2"	"a 4P"	"3/2"	"3d3.(2D2).4s.4p.(3P*)"	"4F*"	"5/2"	4	6		
"403.1028"	"403.10276"	"1.02e+05"	C+	"0.04010046"	"3.11584714"	"3d3.4s2"	"a 4F"	"7/2"	"3d4.(5D).4p"	"z 4P*"	"5/2"	8	6		
"403.2358"	"403.23558"	"2.41e+07"	B	"1.86948173"	"4.9442153"	"3d4.(3P2).4s"	"b 4P"	"1/2"	"3d4.(3F2).4p"	"s 4D*"	"1/2"	2	2		
"403.3984"	"403.39821"	"3.0e+05"	B	"0.00000000"	"3.0734940"	"3d3.4s2"	"a 4F"	"3/2"	"3d4.(5D).4p"	"y 6F*"	"1/2"	4	2		
"404.1434"	"404.143277"	"4.1e+06"	B+	"2.12223095"	"5.19005876"	"3d4.(3G).4s"	"a 4G"	"7/2"	"3d4.(3G).4p"	"t 4G*"	"9/2"	8	10		
"404.3772"	"404.37724"	"1.95e+07"	B	"1.89331087"	"4.9593637"	"3d4.(3P2).4s"	"b 4P"	"3/2"	"3d4.(3F2).4p"	"s 4D*"	"5/2"	4	6		
"404.8021"	"404.802037"	"5.1e+06"	B	"2.11454108"	"5.17737642"	"3d4.(3G).4s"	"a 4G"	"5/2"	"3d4.(3G).4p"	"t 4G*"	"7/2"	6	8		
"404.85647"	"404.85646"	"2.2e+06"	C	"1.8038233"	"4.86624688"	"3d3.4s2"	"2D2"	"5/2"	"3d4.(3P2).4p"	"w 4P*"	"3/2"	6	4		
"404.9759"	"404.97573"	"2.9e+05"	B	"0.01703332"	"3.0785550"	"3d3.4s2"	"a 4F"	"5/2"	"3d4.(5D).4p"	"y 6F*"	"3/2"	6	4		
"405.20979"	"405.209799"	"7.0e+07"	B+	"2.13030555"	"5.19005876"	"3d4.(3G).4s"	"a 4G"	"9/2"	"3d4.(3G).4p"	"t 4G*"	"9/2"	10	10		
"405.2493"	"405.24903"	"1.1e+08"	D+	"2.13774423"	"5.1972012"	"3d4.(3G).4s"	"a 4G"	"11/2"	"3d4.(3G).4p"	"t 4G*"	"11/2"	12	12		
"405.3592"	"405.35922"	"4.5e+04"	C+	"0.04010046"	"3.09872579"	"3d3.4s2"	"a 4F"	"7/2"	"3d4.(5D).4p"	"y 6F*"	"7/2"	8	8		
"405.4394"	"405.43947"	"1.22e+07"	B	"1.89331087"	"4.9513308"	"3d4.(3P2).4s"	"b 4P"	"3/2"	"3d4.(3F2).4p"	"s 4D*"	"3/2"	4	4		
"405.82097"	"405.820933"	"7.5e+07"	B+	"2.12223095"	"5.17737642"	"3d4.(3G).4s"	"a 4G"	"7/2"	"3d4.(3G).4p"	"t 4G*"	"7/2"	8	8		
"406.1974"	"406.19732"	"2.4e+06"	C+	"2.13774423"	"5.19005876"	"3d4.(3G).4s"	"a 4G"	"11/2"	"3d4.(3G).4p"	"t 4G*"	"9/2"	12	10		
"406.38506"	"406.38506"	"6.3e+06"	C+	"1.89331087"	"4.9442153"	"3d4.(3P2).4s"	"b 4P"	"3/2"	"3d4.(3F2).4p"	"s 4D*"	"1/2"	4	2		
"406.50735"	"406.50734"	"9.6e+07"	C+	"2.11454108"	"5.16452781"	"3d4.(3G).4s"	"a 4G"	"5/2"	"3d4.(3G).4p"	"t 4G*"	"5/2"	6	6		
"406.8885"	"406.88843"	"1.19e+07"	B	"1.89331087"	"4.94044101"	"3d4.(3P2).4s"	"b 4P"	"3/2"	"3d4.(3P2).4p"	"x 4S*"	"3/2"	4	4		
"406.9115"	"406.91144"	"2.35e+05"	B	"0.04010046"	"3.0870583"	"3d3.4s2"	"a 4F"	"7/2"	"3d4.(5D).4p"	"y 6F*"	"5/2"	8	6		
"407.3279"	"407.32789"	"1.49e+06"	C+	"1.21809838"	"4.2619410"	"3d3.4s2"	"a 4P"	"5/2"	"3d3.(2D2).4s.4p.(3P*)"	"4F*"	"7/2"	6	8		
"409.17227"	"409.17227"	"5.4e+07"	B+	"1.08061491"	"4.11073714"	"3d4.(5D).4s"	"a 4D"	"7/2"	"3d3.(4F).4s.4p.(1P*)"	"w 4F*"	"9/2"	8	10		
"409.30879"	"409.30876"	"2.9e+06"	C+	"1.18338392"	"4.21249568&dagger;"	"3d3.4s2"	"a 4P"	"1/2"	"3d3.(4P).4s.4p.(3P*)"	"w 4D*"	"3/2"	2	4		
"409.35472"	"409.35470"	"1.08e+07"	C+	"1.19484056"	"4.22361235"	"3d3.4s2"	"a 4P"	"3/2"	"3d3.(4P).4s.4p.(3P*)"	"w 4D*"	"5/2"	4	6		
"409.3676"	"409.36746"	"1.41e+07"	C+	"1.93068628"	"4.9593637"	"3d4.(3P2).4s"	"b 4P"	"5/2"	"3d4.(3F2).4p"	"s 4D*"	"5/2"	6	6		
"409.38380"	"409.38383"	"2.24e+07"	B+	"0.28657323"	"3.31512954"	"3d4.(5D).4s"	"a 6D"	"7/2"	"3d4.(5D).4p"	"y 6D*"	"9/2"	8	10		
"409.4635"	"409.46354"	"1.6e+07"	D+	"1.18338392"	"4.21135069"	"3d3.4s2"	"a 4P"	"1/2"	"3d3.(4P).4s.4p.(3P*)"	"w 4D*"	"1/2"	2	2		
"409.66310"	"409.663084"	"4.2e+07"	B	"1.06360365"	"4.09009550"	"3d4.(5D).4s"	"a 4D"	"5/2"	"3d3.(4F).4s.4p.(1P*)"	"w 4F*"	"7/2"	6	8		
"409.9634"	"409.96334"	"6.8e+05"	C+	"1.85348429"	"4.87775955"	"3d4.(3H).4s"	"a 4H"	"9/2"	"3d4.(3F2).4p"	"u 4F*"	"7/2"	10	8		
"410.09406"	"410.09404"	"3.91e+07"	B+	"0.27526426"	"3.2985757&dagger;"	"3d4.(5D).4s"	"a 6D"	"5/2"	"3d4.(5D).4p"	"y 6D*"	"7/2"	6	8		
"410.33067"	"410.33068"	"3.5e+07"	B	"1.05091908"	"4.07248690"	"3d4.(5D).4s"	"a 4D"	"3/2"	"3d3.(4F).4s.4p.(1P*)"	"w 4F*"	"5/2"	4	6		
"410.4562"	"410.45611"	"7.1e+06"	C+	"1.93068628"	"4.9513308"	"3d4.(3P2).4s"	"b 4P"	"5/2"	"3d4.(3F2).4p"	"s 4D*"	"3/2"	6	4		
"410.5925"	"410.59179"	"1.7e+08"	D+	"1.95532863"	"4.97497494"	"3d4.(3F2).4s"	"b 4F"	"9/2"	"3d4.(3F2).4p"	"s 4D*"	"7/2"	10	8		
"410.63157"	"410.63155"	"4.81e+07"	B+	"0.26696538"	"3.2863193"	"3d4.(5D).4s"	"a 6D"	"3/2"	"3d4.(5D).4p"	"y 6D*"	"5/2"	4	6		
"410.86277"	"410.86272"	"3.8e+06"	C+	"1.19484056"	"4.21249568&dagger;"	"3d3.4s2"	"a 4P"	"3/2"	"3d3.(4P).4s.4p.(3P*)"	"w 4D*"	"3/2"	4	4		
"410.93553"	"410.93549"	"7.7e+07"	C+	"2.11454108"	"5.1316618"	"3d4.(3G).4s"	"a 4G"	"5/2"	"3d4.(3G).4p"	"t 4F*"	"3/2"	6	4		
"411.09169"	"411.09171"	"4.64e+07"	B+	"0.26188959"	"3.27786374"	"3d4.(5D).4s"	"a 6D"	"1/2"	"3d4.(5D).4p"	"y 6D*"	"3/2"	2	4		
"411.09770"	"411.09765"	"2.91e+07"	B	"1.04308018"	"4.0590108"	"3d4.(5D).4s"	"a 4D"	"1/2"	"3d3.(4F).4s.4p.(1P*)"	"w 4F*"	"3/2"	2	4		
"411.18980"	"411.18991"	"2.69e+06"	B+	"2.12223095"	"5.1374849&dagger;"	"3d4.(3G).4s"	"a 4G"	"7/2"	"3d4.(3G).4p"	"t 2G*"	"7/2"	8	8		
"411.2731"	"411.27314"	"7.9e+06"	B+	"1.94955593"	"4.9641996"	"3d4.(3F2).4s"	"b 4F"	"7/2"	"3d4.(3H).4p"	"u 4G*"	"9/2"	8	10		
"411.29389"	"411.29390"	"1.00e+08"	B+	"0.30063800"	"3.31512954"	"3d4.(5D).4s"	"a 6D"	"9/2"	"3d4.(5D).4p"	"y 6D*"	"9/2"	10	10		
"411.33468"	"411.33467"	"1.24e+07"	B	"1.94517098"	"4.9593637"	"3d4.(3F2).4s"	"b 4F"	"5/2"	"3d4.(3F2).4p"	"s 4D*"	"5/2"	6	6		
"411.46674"	"411.46667"	"1.29e+07"	B	"1.21809838"	"4.2313242"	"3d3.4s2"	"a 4P"	"5/2"	"3d3.(4P).4s.4p.(3P*)"	"w 4D*"	"7/2"	6	8		
"411.63389"	"411.63379"	"5.6e+07"	B+	"0.28657323"	"3.2985757&dagger;"	"3d4.(5D).4s"	"a 6D"	"7/2"	"3d4.(5D).4p"	"y 6D*"	"7/2"	8	8		
"411.66362"	"411.66363"	"2.0e+06"	C+	"1.05091908"	"4.06270318"	"3d4.(5D).4s"	"a 4D"	"3/2"	"3d3.(4P).4s.4p.(3P*)"	"z 2P*"	"3/2"	4	4		
"411.76329"	"411.76330"	"2.15e+07"	B+	"0.27526426"	"3.2863193"	"3d4.(5D).4s"	"a 6D"	"5/2"	"3d4.(5D).4p"	"y 6D*"	"5/2"	6	6		
"411.77089"	"411.77087"	"2.76e+07"	B+	"0.26188959"	"3.2728894"	"3d4.(5D).4s"	"a 6D"	"1/2"	"3d4.(5D).4p"	"y 6D*"	"1/2"	2	2		
"411.7847"	"411.78474"	"1.47e+06"	B+	"0.26696538"	"3.27786374"	"3d4.(5D).4s"	"a 6D"	"3/2"	"3d4.(5D).4p"	"y 6D*"	"3/2"	4	4		
"411.93390"	"411.93394"	"6.3e+07"	B	"1.94955593"	"4.9593637"	"3d4.(3F2).4s"	"b 4F"	"7/2"	"3d4.(3F2).4p"	"s 4D*"	"5/2"	8	6		
"411.9413"	"411.94120"	"3.0e+07"	B	"1.93068628"	"4.94044101"	"3d4.(3P2).4s"	"b 4P"	"5/2"	"3d4.(3P2).4p"	"x 4S*"	"3/2"	6	4		
"411.97867"	"411.97873"	"9.5e+06"	B	"1.08061491"	"4.09009550"	"3d4.(5D).4s"	"a 4D"	"7/2"	"3d3.(4F).4s.4p.(1P*)"	"w 4F*"	"7/2"	8	8		
"412.0250"	"412.02495"	"9.3e+06"	B	"1.94218780"	"4.9513308"	"3d4.(3F2).4s"	"b 4F"	"3/2"	"3d4.(3F2).4p"	"s 4D*"	"3/2"	4	4		
"412.06060"	"412.06052"	"1.32e+07"	C+	"1.06360365"	"4.07248690"	"3d4.(5D).4s"	"a 4D"	"5/2"	"3d3.(4F).4s.4p.(1P*)"	"w 4F*"	"5/2"	6	6		
"412.16889"	"412.16894"	"1.21e+07"	C+	"1.05091908"	"4.0590108"	"3d4.(5D).4s"	"a 4D"	"3/2"	"3d3.(4F).4s.4p.(1P*)"	"w 4F*"	"3/2"	4	4		
"412.2117"	"412.21171"	"5.5e+06"	B	"2.13774423"	"5.1455239"	"3d4.(3G).4s"	"a 4G"	"11/2"	"3d4.(3G).4p"	"v 2H*"	"9/2"	12	10		
"412.29399"	"412.29400"	"8.2e+05"	C+	"2.13030555"	"5.1374849&dagger;"	"3d4.(3G).4s"	"a 4G"	"9/2"	"3d4.(3G).4p"	"t 2G*"	"7/2"	10	8		
"412.43382"	"412.43382"	"5.6e+07"	B	"1.94517098"	"4.9513308"	"3d4.(3F2).4s"	"b 4F"	"5/2"	"3d4.(3F2).4p"	"s 4D*"	"3/2"	6	4		
"412.46617"	"412.46618"	"9.4e+07"	B+	"0.26696538"	"3.2728894"	"3d4.(5D).4s"	"a 6D"	"3/2"	"3d4.(5D).4p"	"y 6D*"	"1/2"	4	2		
"412.52247"	"412.52245"	"4.6e+06"	C+	"1.21809838"	"4.22361235"	"3d3.4s2"	"a 4P"	"5/2"	"3d3.(4P).4s.4p.(3P*)"	"w 4D*"	"5/2"	6	6		
"412.92287"	"412.92287"	"7.2e+07"	B+	"0.27526426"	"3.27786374"	"3d4.(5D).4s"	"a 6D"	"5/2"	"3d4.(5D).4p"	"y 6D*"	"3/2"	6	4		
"413.00155"	"413.00154"	"8.8e+07"	B+	"1.94218780"	"4.9442153"	"3d4.(3F2).4s"	"b 4F"	"3/2"	"3d4.(3F2).4p"	"s 4D*"	"1/2"	4	2		
"413.2332"	"413.23316"	"1.33e+05"	C+	"0.26696538"	"3.26731020"	"3d4.(5D).4s"	"a 6D"	"3/2"	"3d4.(5D).4p"	"y 4D*"	"5/2"	4	6		
"413.31564"	"413.31564"	"5.2e+07"	B+	"0.28657323"	"3.2863193"	"3d4.(5D).4s"	"a 6D"	"7/2"	"3d4.(5D).4p"	"y 6D*"	"5/2"	8	6		
"413.4049"	"413.40475"	"5.2e+05"	C+	"1.06360365"	"4.06270318"	"3d4.(5D).4s"	"a 4D"	"5/2"	"3d3.(4P).4s.4p.(3P*)"	"z 2P*"	"3/2"	6	4		
"413.56498"	"413.56496"	"2.86e+07"	B+	"0.30063800"	"3.2985757&dagger;"	"3d4.(5D).4s"	"a 6D"	"9/2"	"3d4.(5D).4p"	"y 6D*"	"7/2"	10	8		
"413.6460"	"413.64591"	"4.6e+05"	C+	"1.08061491"	"4.07796588"	"3d4.(5D).4s"	"a 4D"	"7/2"	"3d3.(2P).4s.4p.(3P*)"	"x 4D*"	"7/2"	8	8		
"413.7268"	"413.72678"	"1.92e+07"	B	"1.86948173"	"4.86624688"	"3d4.(3P2).4s"	"b 4P"	"1/2"	"3d4.(3P2).4p"	"w 4P*"	"3/2"	2	4		
"413.7546"	"413.75458"	"2.6e+05"	C+	"0.28657323"	"3.28313703&dagger;"	"3d4.(5D).4s"	"a 6D"	"7/2"	"3d4.(5D).4p"	"y 4D*"	"7/2"	8	8		
"413.9142"	"413.91434"	"6.2e+05"	C	"1.06360365"	"4.0590108"	"3d4.(5D).4s"	"a 4D"	"5/2"	"3d3.(4F).4s.4p.(1P*)"	"w 4F*"	"3/2"	6	4		
"413.9275"	"413.92759"	"6.9e+06"	C+	"1.86948173"	"4.86479304"	"3d4.(3P2).4s"	"b 4P"	"1/2"	"3d4.(3P2).4p"	"w 4P*"	"1/2"	2	2		
"413.93329"	"413.933293"	"1.9e+06"	C	"1.94517098"	"4.94044101"	"3d4.(3F2).4s"	"b 4F"	"5/2"	"3d4.(3P2).4p"	"x 4S*"	"3/2"	6	4		
"413.93908"	"413.93908"	"7.1e+05"	C+	"1.7111742"	"4.70640236"	"3d3.4s2"	"a 2P"	"3/2"	"3d4.(3P2).4p"	"t 4D*"	"5/2"	4	6		
"414.0415"	"414.041591"	"1.59e+07"	C+	"1.89331087"	"4.88779744"	"3d4.(3P2).4s"	"b 4P"	"3/2"	"3d4.(3P2).4p"	"w 4P*"	"5/2"	4	6		
"414.2984"	"414.29836"	"1.95e+05"	C+	"0.26188959"	"3.25452024"	"3d4.(5D).4s"	"a 6D"	"1/2"	"3d4.(5D).4p"	"y 4D*"	"3/2"	2	4		
"414.3792"	"414.37933"	"1.73e+05"	B	"0.27526426"	"3.26731020"	"3d4.(5D).4s"	"a 6D"	"5/2"	"3d4.(5D).4p"	"y 4D*"	"5/2"	6	6		
"415.0023"	"415.00225"	"2.92e+05"	B+	"0.26696538"	"3.25452024"	"3d4.(5D).4s"	"a 6D"	"3/2"	"3d4.(5D).4p"	"y 4D*"	"3/2"	4	4		
"415.4487"	"415.44880"	"5.8e+05"	C+	"0.26188959"	"3.24623326"	"3d4.(5D).4s"	"a 6D"	"1/2"	"3d4.(5D).4p"	"y 4D*"	"1/2"	2	2		
"416.08529"	"416.08531"	"7.1e+05"	B+	"0.28657323"	"3.26635156"	"3d4.(5D).4s"	"a 6D"	"7/2"	"3d3.(4F).4s.4p.(3P*)"	"z 2G*"	"9/2"	8	10		
"416.1568"	"416.15660"	"1.6e+05"	D	"0.26696538"	"3.24623326"	"3d4.(5D).4s"	"a 6D"	"3/2"	"3d4.(5D).4p"	"y 4D*"	"1/2"	4	2		
"417.0430"	"417.042944"	"7.3e+06"	B	"1.89331087"	"4.86624688"	"3d4.(3P2).4s"	"b 4P"	"3/2"	"3d4.(3P2).4p"	"w 4P*"	"3/2"	4	4		
"417.2469"	"417.24699"	"3.1e+07"	B	"1.89331087"	"4.86479304"	"3d4.(3P2).4s"	"b 4P"	"3/2"	"3d4.(3P2).4p"	"w 4P*"	"1/2"	4	2		
"418.05855"	"418.05858"	"1.46e+06"	B+	"0.30063800"	"3.26635156"	"3d4.(5D).4s"	"a 6D"	"9/2"	"3d3.(4F).4s.4p.(3P*)"	"z 2G*"	"9/2"	10	10		
"418.37610"	"418.37612"	"1.21e+06"	B+	"0.27526426"	"3.23872689&dagger;"	"3d4.(5D).4s"	"a 6D"	"5/2"	"3d4.(5D).4p"	"y 4F*"	"7/2"	6	8		
"419.10184"	"419.10184"	"1.21e+06"	B	"0.28657323"	"3.24490427"	"3d4.(5D).4s"	"a 6D"	"7/2"	"3d4.(5D).4p"	"y 4F*"	"9/2"	8	10		
"419.2697"	"419.26940"	"6.5e+05"	C+	"0.26696538"	"3.22411411"	"3d4.(5D).4s"	"a 6D"	"3/2"	"3d4.(5D).4p"	"y 4F*"	"5/2"	4	6		
"419.27473"	"419.27473"	"2.06e+07"	B	"1.93068628"	"4.88779744"	"3d4.(3P2).4s"	"b 4P"	"5/2"	"3d4.(3P2).4p"	"w 4P*"	"5/2"	6	6		
"419.8459"	"419.84591"	"1.38e+05"	C+	"0.26188959"	"3.21497771"	"3d4.(5D).4s"	"a 6D"	"1/2"	"3d4.(5D).4p"	"y 4F*"	"3/2"	2	4		
"419.9788"	"419.97881"	"3.2e+05"	B	"0.28657323"	"3.23872689&dagger;"	"3d4.(5D).4s"	"a 6D"	"7/2"	"3d4.(5D).4p"	"y 4F*"	"7/2"	8	8		
"420.13717"	"420.13716"	"2.45e+05"	B+	"0.27526426"	"3.22630528"	"3d4.(5D).4s"	"a 6D"	"5/2"	"3d3.(4F).4s.4p.(3P*)"	"z 2G*"	"7/2"	6	8		
"420.5687"	"420.56879"	"4.2e+04"	C	"0.26696538"	"3.21497771"	"3d4.(5D).4s"	"a 6D"	"3/2"	"3d4.(5D).4p"	"y 4F*"	"3/2"	4	4		
"421.10383"	"421.10389"	"1.57e+06"	B+	"0.30063800"	"3.24490427"	"3d4.(5D).4s"	"a 6D"	"9/2"	"3d4.(5D).4p"	"y 4F*"	"9/2"	10	10		
"421.7536"	"421.75340"	"4.3e+04"	B+	"0.28657323"	"3.22630528"	"3d4.(5D).4s"	"a 6D"	"7/2"	"3d3.(4F).4s.4p.(3P*)"	"z 2G*"	"7/2"	8	8		
"422.0679"	"422.06799"	"1.59e+05"	B	"0.28657323"	"3.22411411"	"3d4.(5D).4s"	"a 6D"	"7/2"	"3d4.(5D).4p"	"y 4F*"	"5/2"	8	6		
"422.3527"	"422.35271"	"5.8e+06"	C+	"1.93068628"	"4.86624688"	"3d4.(3P2).4s"	"b 4P"	"5/2"	"3d4.(3P2).4p"	"w 4P*"	"3/2"	6	4		
"422.53191"	"422.53194"	"1.06e+07"	C+	"1.94955593"	"4.88387136"	"3d4.(3F2).4s"	"b 4F"	"7/2"	"3d4.(3F2).4p"	"u 4F*"	"9/2"	8	10		
"422.78074"	"422.78075"	"1.64e+07"	B	"1.94517098"	"4.87775955"	"3d4.(3F2).4s"	"b 4F"	"5/2"	"3d4.(3F2).4p"	"u 4F*"	"7/2"	6	8		
"423.36483"	"423.36483"	"6.9e+07"	C+	"1.95532863"	"4.88387136"	"3d4.(3F2).4s"	"b 4F"	"9/2"	"3d4.(3F2).4p"	"u 4F*"	"9/2"	10	10		
"423.41384"	"423.41385"	"5.3e+07"	B+	"1.94955593"	"4.87775955"	"3d4.(3F2).4s"	"b 4F"	"7/2"	"3d4.(3F2).4p"	"u 4F*"	"7/2"	8	8		
"423.5192"	"423.51930"	"4.9e+07"	C+	"1.94517098"	"4.87264558"	"3d4.(3F2).4s"	"b 4F"	"5/2"	"3d4.(3F2).4p"	"u 4F*"	"5/2"	6	6		
"423.69508"	"423.69508"	"5.4e+07"	B+	"1.94218780"	"4.8684478"	"3d4.(3F2).4s"	"b 4F"	"3/2"	"3d4.(3F2).4p"	"u 4F*"	"3/2"	4	4		
"423.7809"	"423.78092"	"4.6e+04"	B	"0.30063800"	"3.22630528"	"3d4.(5D).4s"	"a 6D"	"9/2"	"3d3.(4F).4s.4p.(3P*)"	"z 2G*"	"7/2"	10	8		
"424.0141"	"424.01400"	"5.8e+06"	C+	"1.94218780"	"4.86624688"	"3d4.(3F2).4s"	"b 4F"	"3/2"	"3d4.(3P2).4p"	"w 4P*"	"3/2"	4	4		
"424.0798"	"424.07974"	"1.3e+07"	C	"1.85348429"	"4.7770901"	"3d4.(3H).4s"	"a 4H"	"9/2"	"3d3.(2H).4s.4p.(3P*)"	"u 2G*"	"9/2"	10	10		
"424.1275"	"424.12746"	"1.60e+07"	B+	"1.94517098"	"4.8684478"	"3d4.(3F2).4s"	"b 4F"	"5/2"	"3d4.(3F2).4p"	"u 4F*"	"3/2"	6	4		
"424.2503"	"424.25023"	"7.4e+06"	B+	"1.95532863"	"4.87775955"	"3d4.(3F2).4s"	"b 4F"	"9/2"	"3d4.(3F2).4p"	"u 4F*"	"7/2"	10	8		
"425.85617"	"425.85615"	"6.7e+06"	B+	"1.85987915"	"4.77128949"	"3d4.(3H).4s"	"a 4H"	"11/2"	"3d4.(3H).4p"	"x 4H*"	"13/2"	12	14		
"426.33549"	"426.33546"	"9.7e+06"	B+	"1.85348429"	"4.7616214"	"3d4.(3H).4s"	"a 4H"	"9/2"	"3d4.(3H).4p"	"x 4H*"	"11/2"	10	12		
"426.98390"	"426.98391"	"9.4e+07"	B+	"1.86756890"	"4.77128949"	"3d4.(3H).4s"	"a 4H"	"13/2"	"3d4.(3H).4p"	"x 4H*"	"13/2"	14	14		
"427.0956"	"427.09552"	"8.1e+06"	B+	"1.84859919"	"4.75156100"	"3d4.(3H).4s"	"a 4H"	"7/2"	"3d4.(3H).4p"	"x 4H*"	"9/2"	8	10		
"427.1509"	"427.15094"	"7.9e+07"	C	"2.57485536"	"5.4774405"	"3d4.(3D).4s"	"b 4D"	"7/2"	"3d4.(3D).4p"	"4F*"	"9/2"	8	10		
"427.15184"	"427.15184"	"1.9e+07"	C	"1.8038233"	"4.70640236"	"3d3.4s2"	"2D2"	"5/2"	"3d4.(3P2).4p"	"t 4D*"	"5/2"	6	6		
"427.27504"	"427.27502"	"8.1e+07"	B+	"1.85987915"	"4.7616214"	"3d4.(3H).4s"	"a 4H"	"11/2"	"3d4.(3H).4p"	"x 4H*"	"11/2"	12	12		
"427.81546"	"427.81545"	"7.5e+07"	B+	"1.85348429"	"4.75156100"	"3d4.(3H).4s"	"a 4H"	"9/2"	"3d4.(3H).4p"	"x 4H*"	"9/2"	10	10		
"428.4103"	"428.41032"	"5.8e+06"	B+	"1.86756890"	"4.7616214"	"3d4.(3H).4s"	"a 4H"	"13/2"	"3d4.(3H).4p"	"x 4H*"	"11/2"	14	12		
"428.52480"	"428.52482"	"8.6e+07"	B+	"1.84859919"	"4.74187845"	"3d4.(3H).4s"	"a 4H"	"7/2"	"3d4.(3H).4p"	"x 4H*"	"7/2"	8	8		
"428.7615"	"428.76155"	"8.4e+06"	B+	"1.85987915"	"4.75156100"	"3d4.(3H).4s"	"a 4H"	"11/2"	"3d4.(3H).4p"	"x 4H*"	"9/2"	12	10		
"429.24958"	"429.24958"	"7.3e+06"	B+	"1.85348429"	"4.74187845"	"3d4.(3H).4s"	"a 4H"	"9/2"	"3d4.(3H).4p"	"x 4H*"	"7/2"	10	8		
"429.30137"	"429.30138"	"6.6e+07"	B+	"2.13774423"	"5.0257899"	"3d4.(3G).4s"	"a 4G"	"11/2"	"3d4.(3G).4p"	"w 4H*"	"13/2"	12	14		
"429.73059"	"429.73060"	"6.3e+07"	D+	"2.13030555"	"5.01546657"	"3d4.(3G).4s"	"a 4G"	"9/2"	"3d4.(3G).4p"	"w 4H*"	"11/2"	10	12		
"429.88814"	"429.88815"	"6.3e+07"	B+	"2.12223095"	"5.00633464"	"3d4.(3G).4s"	"a 4G"	"7/2"	"3d4.(3G).4p"	"w 4H*"	"9/2"	8	10		
"429.9233"	"429.92339"	"5.8e+07"	B+	"2.11454108"	"4.99840833"	"3d4.(3G).4s"	"a 4G"	"5/2"	"3d4.(3G).4p"	"w 4H*"	"7/2"	6	8		
"430.6023"	"430.60247"	"1.16e+05"	C+	"1.18338392"	"4.06270318"	"3d3.4s2"	"a 4P"	"1/2"	"3d3.(4P).4s.4p.(3P*)"	"z 2P*"	"3/2"	2	4		
"430.6607"	"430.66062"	"1.31e+06"	B	"1.8726306"	"4.75156100"	"3d3.4s2"	"a 2H"	"9/2"	"3d4.(3H).4p"	"x 4H*"	"9/2"	10	10		
"430.6683"	"430.66830"	"3.4e+06"	B	"1.85987915"	"4.73875827"	"3d4.(3H).4s"	"a 4H"	"11/2"	"3d4.(3H).4p"	"x 2H*"	"11/2"	12	12		
"430.74201"	"430.74202"	"1.1e+06"	C	"0.01703332"	"2.89541972"	"3d3.4s2"	"a 4F"	"5/2"	"3d3.(4F).4s.4p.(3P*)"	"z 4F*"	"7/2"	6	8		
"430.7775"	"430.77756"	"9.0e+05"	C+	"1.84859919"	"4.7267482"	"3d4.(3H).4s"	"a 4H"	"7/2"	"3d4.(3H).4p"	"x 2H*"	"9/2"	8	10		
"430.83847"	"430.83838"	"1.13e+06"	B+	"0.00000000"	"2.87774268"	"3d3.4s2"	"a 4F"	"3/2"	"3d3.(4F).4s.4p.(3P*)"	"z 4F*"	"5/2"	4	6		
"431.0729"	"431.07285"	"7.5e+06"	B+	"2.12223095"	"4.99840833"	"3d4.(3G).4s"	"a 4G"	"7/2"	"3d4.(3G).4p"	"w 4H*"	"7/2"	8	8		
"431.10052"	"431.10063"	"7.6e+05"	B+	"0.04010046"	"2.91609248"	"3d3.4s2"	"a 4F"	"7/2"	"3d3.(4F).4s.4p.(3P*)"	"z 4F*"	"9/2"	8	10		
"431.51002"	"431.50996"	"3.2e+06"	B	"1.85348429"	"4.7267482"	"3d4.(3H).4s"	"a 4H"	"9/2"	"3d4.(3H).4p"	"x 2H*"	"9/2"	10	10		
"432.1140"	"432.11393"	"5.1e+05"	C+	"1.8726306"	"4.74187845"	"3d3.4s2"	"a 2H"	"9/2"	"3d4.(3H).4p"	"x 4H*"	"7/2"	10	8		
"432.1478"	"432.14773"	"9.8e+05"	C+	"1.8925980"	"4.7616214"	"3d3.4s2"	"a 2H"	"11/2"	"3d4.(3H).4p"	"x 4H*"	"11/2"	12	12		
"432.4724"	"432.47249"	"2.5e+05"	C	"1.85987915"	"4.7267482"	"3d4.(3H).4s"	"a 4H"	"11/2"	"3d4.(3H).4p"	"x 2H*"	"9/2"	12	10		
"432.5843"	"432.58435"	"1.42e+05"	C+	"1.8726306"	"4.73875827"	"3d3.4s2"	"a 2H"	"9/2"	"3d4.(3H).4p"	"x 2H*"	"11/2"	10	12		
"433.12402"	"433.12404"	"5.3e+06"	B+	"0.00000000"	"2.86255635"	"3d3.4s2"	"a 4F"	"3/2"	"3d3.(4F).4s.4p.(3P*)"	"z 4F*"	"3/2"	4	4		
"433.3593"	"433.35929"	"6.0e+06"	C+	"2.37369583"	"5.23469828"	"3d4.(3H).4s"	"b 2H"	"11/2"	"3d4.(1I).4p"	"u 2H*"	"11/2"	12	12		
"433.40368"	"433.40369"	"4.64e+06"	B+	"0.01703332"	"2.87774268"	"3d3.4s2"	"a 4F"	"5/2"	"3d3.(4F).4s.4p.(3P*)"	"z 4F*"	"5/2"	6	6		
"433.5314"	"433.53127"	"1.61e+06"	C+	"1.21809838"	"4.07796588"	"3d3.4s2"	"a 4P"	"5/2"	"3d3.(2P).4s.4p.(3P*)"	"x 4D*"	"7/2"	6	8		
"433.7334"	"433.73346"	"6.1e+06"	C+	"2.35861724"	"5.21715154"	"3d4.(3H).4s"	"b 2H"	"9/2"	"3d4.(1I).4p"	"u 2H*"	"9/2"	10	10		
"434.22181"	"434.22184"	"4.5e+06"	C	"0.04010046"	"2.89541972"	"3d3.4s2"	"a 4F"	"7/2"	"3d3.(4F).4s.4p.(3P*)"	"z 4F*"	"7/2"	8	8		
"434.40467"	"434.40466"	"7.9e+06"	B	"1.8726306"	"4.7267482"	"3d3.4s2"	"a 2H"	"9/2"	"3d4.(3H).4p"	"x 2H*"	"9/2"	10	10		
"435.2030"	"435.20303"	"2.04e+05"	B+	"0.26696538"	"3.11584714"	"3d4.(5D).4s"	"a 6D"	"3/2"	"3d4.(5D).4p"	"z 4P*"	"5/2"	4	6		
"435.40888"	"435.40890"	"6.1e+06"	B+	"0.06855768"	"2.91609248"	"3d3.4s2"	"a 4F"	"9/2"	"3d3.(4F).4s.4p.(3P*)"	"z 4F*"	"9/2"	10	10		
"435.4550"	"435.45491"	"2.43e+06"	B+	"1.7111742"	"4.5584081"	"3d3.4s2"	"a 2P"	"3/2"	"3d4.(3F2).4p"	"x 2F*"	"5/2"	4	6		
"435.61919"	"435.61917"	"8.6e+06"	B+	"1.8925980"	"4.73875827"	"3d3.4s2"	"a 2H"	"11/2"	"3d4.(3H).4p"	"x 2H*"	"11/2"	12	12		
"435.71669"	"435.71673"	"1.03e+06"	B+	"0.01703332"	"2.86255635"	"3d3.4s2"	"a 4F"	"5/2"	"3d3.(4F).4s.4p.(3P*)"	"z 4F*"	"3/2"	6	4		
"436.4745"	"436.47450"	"5.9e+05"	C+	"0.27526426"	"3.11584714"	"3d4.(5D).4s"	"a 6D"	"5/2"	"3d4.(5D).4p"	"z 4P*"	"5/2"	6	6		
"436.5435"	"436.54347"	"1.74e+07"	B	"2.11454108"	"4.9546751"	"3d4.(3G).4s"	"a 4G"	"5/2"	"3d4.(3H).4p"	"u 4G*"	"5/2"	6	6		
"436.92679"	"436.92682"	"1.06e+06"	B+	"0.04010046"	"2.87774268"	"3d3.4s2"	"a 4F"	"7/2"	"3d3.(4F).4s.4p.(3P*)"	"z 4F*"	"5/2"	8	6		
"437.0285"	"437.02854"	"3.3e+06"	B	"2.13030555"	"4.96728730"	"3d4.(3G).4s"	"a 4G"	"9/2"	"3d4.(3H).4p"	"u 4G*"	"11/2"	10	12		
"437.4453"	"437.44520"	"8.1e+07"	C	"2.67846275"	"5.5127423"	"3d4.(1G2).4s"	"b 2G"	"9/2"	"3d4.(1G2).4p"	"s 2G*"	"9/2"	10	10		
"437.4652"	"437.46516"	"4.2e+05"	C+	"1.8925980"	"4.7267482"	"3d3.4s2"	"a 2H"	"11/2"	"3d4.(3H).4p"	"x 2H*"	"9/2"	12	10		
"437.5047"	"437.50471"	"1.46e+07"	B+	"2.13030555"	"4.9641996"	"3d4.(3G).4s"	"a 4G"	"9/2"	"3d4.(3H).4p"	"u 4G*"	"9/2"	10	10		
"437.6533"	"437.65329"	"7.7e+07"	C	"2.6838140"	"5.51674597"	"3d4.(1G2).4s"	"b 2G"	"7/2"	"3d4.(1G2).4p"	"s 2G*"	"7/2"	8	8		
"437.7287"	"437.72866"	"3.1e+06"	C+	"2.12223095"	"4.9546751"	"3d4.(3G).4s"	"a 4G"	"7/2"	"3d4.(3H).4p"	"u 4G*"	"5/2"	8	6		
"438.04603"	"438.04609"	"1.15e+08"	B+	"0.30063800"	"3.13102962"	"3d4.(5D).4s"	"a 6D"	"9/2"	"3d4.(5D).4p"	"y 6F*"	"11/2"	10	12		
"438.1775"	"438.17746"	"1.84e+07"	B	"2.13774423"	"4.96728730"	"3d4.(3G).4s"	"a 4G"	"11/2"	"3d4.(3H).4p"	"u 4G*"	"11/2"	12	12		
"438.2190"	"438.21914"	"1.66e+05"	B+	"0.28657323"	"3.11584714"	"3d4.(5D).4s"	"a 6D"	"7/2"	"3d4.(5D).4p"	"z 4P*"	"5/2"	8	6		
"438.2973"	"438.29730"	"6.5e+05"	C+	"1.85348429"	"4.68225371"	"3d4.(3H).4s"	"a 4H"	"9/2"	"3d4.(3F2).4p"	"v 4G*"	"11/2"	10	12		
"438.5415"	"438.54131"	"3.0e+05"	B	"0.26188959"	"3.08908503"	"3d4.(5D).4s"	"a 6D"	"1/2"	"3d4.(5D).4p"	"z 4P*"	"3/2"	2	4		
"438.59441"	"438.59449"	"9.2e+07"	B+	"0.28657323"	"3.1134259"	"3d4.(5D).4s"	"a 6D"	"7/2"	"3d4.(5D).4p"	"y 6F*"	"9/2"	8	10		
"438.656"	"438.65613"	"3.5e+06"	C	"2.13774423"	"4.9641996"	"3d4.(3G).4s"	"a 4G"	"11/2"	"3d4.(3H).4p"	"u 4G*"	"9/2"	12	10		
"438.9329"	"438.93272"	"2.2e+06"	C+	"2.36538442"	"5.19005876"	"3d4.(3F2).4s"	"a 2F"	"7/2"	"3d4.(3G).4p"	"t 4G*"	"9/2"	8	10		
"439.12124"	"439.12126"	"7.0e+07"	B+	"0.27526426"	"3.09872579"	"3d4.(5D).4s"	"a 6D"	"5/2"	"3d4.(5D).4p"	"y 6F*"	"7/2"	6	8		
"439.2904"	"439.29038"	"2.09e+06"	B+	"1.85987915"	"4.68225371"	"3d4.(3H).4s"	"a 4H"	"11/2"	"3d4.(3F2).4p"	"v 4G*"	"11/2"	12	12		
"439.3300"	"439.33006"	"9.3e+05"	B	"0.26696538"	"3.08908503"	"3d4.(5D).4s"	"a 6D"	"3/2"	"3d4.(5D).4p"	"z 4P*"	"3/2"	4	4		
"439.4314"	"439.43145"	"1.10e+07"	C+	"1.86948173"	"4.69095021"	"3d4.(3P2).4s"	"b 4P"	"1/2"	"3d4.(3P2).4p"	"t 4D*"	"3/2"	2	4		
"439.64582"	"439.64580"	"5.2e+07"	B+	"0.26696538"	"3.0870583"	"3d4.(5D).4s"	"a 6D"	"3/2"	"3d4.(5D).4p"	"y 6F*"	"5/2"	4	6		
"439.9077"	"439.90790"	"1.58e+06"	C+	"2.3589638"	"5.17737642"	"3d4.(3F2).4s"	"a 2F"	"5/2"	"3d4.(3G).4p"	"t 4G*"	"7/2"	6	8		
"440.18079"	"440.18078"	"3.47e+07"	B+	"0.26188959"	"3.0785550"	"3d4.(5D).4s"	"a 6D"	"1/2"	"3d4.(5D).4p"	"y 6F*"	"3/2"	2	4		
"440.4905"	"440.49052"	"6.1e+06"	B+	"1.86756890"	"4.68225371"	"3d4.(3H).4s"	"a 4H"	"13/2"	"3d4.(3F2).4p"	"v 4G*"	"11/2"	14	12		
"440.7338"	"440.73155"	"3.5e+06"	D+	"1.06360365"	"3.8767492"	"3d4.(5D).4s"	"a 4D"	"5/2"	"3d3.(2G).4s.4p.(3P*)"	"x 4F*"	"7/2"	6	8		
"440.78765"	"440.78759"	"1.94e+07"	B+	"0.30063800"	"3.1134259"	"3d4.(5D).4s"	"a 6D"	"9/2"	"3d4.(5D).4p"	"y 6F*"	"9/2"	10	10		
"440.88715"	"440.88717"	"3.76e+07"	B+	"0.28657323"	"3.09872579"	"3d4.(5D).4s"	"a 6D"	"7/2"	"3d4.(5D).4p"	"y 6F*"	"7/2"	8	8		
"440.94340"	"440.94339"	"5.1e+07"	B+	"0.27526426"	"3.0870583"	"3d4.(5D).4s"	"a 6D"	"5/2"	"3d4.(5D).4p"	"y 6F*"	"5/2"	6	6		
"440.97313"	"440.97312"	"8.0e+07"	B+	"0.26188959"	"3.0734940"	"3d4.(5D).4s"	"a 6D"	"1/2"	"3d4.(5D).4p"	"y 6F*"	"1/2"	2	2		
"440.97521"	"440.97544"	"6.0e+07"	B+	"0.26696538"	"3.0785550"	"3d4.(5D).4s"	"a 6D"	"3/2"	"3d4.(5D).4p"	"y 6F*"	"3/2"	4	4		
"441.33760"	"441.33760"	"4.26e+06"	B+	"0.26188959"	"3.07117204"	"3d4.(5D).4s"	"a 6D"	"1/2"	"3d4.(5D).4p"	"z 4P*"	"1/2"	2	2		
"441.5777"	"441.57760"	"2.86e+06"	B+	"1.84859919"	"4.6563548"	"3d4.(3H).4s"	"a 4H"	"7/2"	"3d4.(3F2).4p"	"v 4G*"	"7/2"	8	8		
"441.62684"	"441.62687"	"5.2e+06"	B	"1.85987915"	"4.6673215"	"3d4.(3H).4s"	"a 4H"	"11/2"	"3d4.(3F2).4p"	"v 4G*"	"9/2"	12	10		
"441.77068"	"441.77065"	"2.54e+07"	B+	"0.26696538"	"3.0734940"	"3d4.(5D).4s"	"a 6D"	"3/2"	"3d4.(5D).4p"	"y 6F*"	"1/2"	4	2		
"441.8079"	"441.80777"	"6.3e+05"	C+	"1.95532863"	"4.7616214"	"3d4.(3F2).4s"	"b 4F"	"9/2"	"3d4.(3H).4p"	"x 4H*"	"11/2"	10	12		
"442.11753"	"442.11749"	"1.22e+06"	B+	"0.27526426"	"3.07959118"	"3d4.(5D).4s"	"a 6D"	"5/2"	"3d4.(5D).4p"	"z 6P*"	"7/2"	6	8		
"442.28094"	"442.28090"	"1.33e+07"	B+	"0.27526426"	"3.0785550"	"3d4.(5D).4s"	"a 6D"	"5/2"	"3d4.(5D).4p"	"y 6F*"	"3/2"	6	4		
"442.34722"	"442.34723"	"4.9e+06"	B+	"1.85348429"	"4.6563548"	"3d4.(3H).4s"	"a 4H"	"9/2"	"3d4.(3F2).4p"	"v 4G*"	"7/2"	10	8		
"442.44477"	"442.44473"	"3.2e+06"	D+	"1.08061491"	"3.8828677"	"3d4.(5D).4s"	"a 4D"	"7/2"	"3d3.(2G).4s.4p.(3P*)"	"x 4F*"	"9/2"	8	10		
"442.72406"	"442.72402"	"6.6e+06"	B+	"0.28657323"	"3.0870583"	"3d4.(5D).4s"	"a 6D"	"7/2"	"3d4.(5D).4p"	"y 6F*"	"5/2"	8	6		
"442.85305"	"442.85309"	"8.e+07"	D+	"2.67846275"	"5.4781316"	"3d4.(1G2).4s"	"b 2G"	"9/2"	"3d4.(1G2).4p"	"t 2H*"	"11/2"	10	12		
"442.97531"	"442.97534"	"4.13e+06"	B+	"0.26696538"	"3.06586155"	"3d4.(5D).4s"	"a 6D"	"3/2"	"3d4.(5D).4p"	"z 6P*"	"5/2"	4	6		
"443.10331"	"443.10332"	"2.21e+06"	B+	"0.30063800"	"3.09872579"	"3d4.(5D).4s"	"a 6D"	"9/2"	"3d4.(5D).4p"	"y 6F*"	"7/2"	10	8		
"443.1743"	"443.17435"	"1.14e+07"	C+	"1.89331087"	"4.69095021"	"3d4.(3P2).4s"	"b 4P"	"3/2"	"3d4.(3P2).4p"	"t 4D*"	"3/2"	4	4		
"443.58396"	"443.58391"	"1.94e+07"	B	"1.93068628"	"4.72574253&dagger;"	"3d4.(3P2).4s"	"b 4P"	"5/2"	"3d4.(3P2).4p"	"t 4D*"	"7/2"	6	8		
"443.73780"	"443.73778"	"1.00e+07"	B+	"0.26188959"	"3.05597666"	"3d4.(5D).4s"	"a 6D"	"1/2"	"3d4.(5D).4p"	"z 6P*"	"3/2"	2	4		
"443.90763"	"443.90763"	"8.3e+06"	B+	"0.28657323"	"3.07959118"	"3d4.(5D).4s"	"a 6D"	"7/2"	"3d4.(5D).4p"	"z 6P*"	"7/2"	8	8		
"444.29267"	"444.29269"	"1.35e+07"	B+	"0.27526426"	"3.06586155"	"3d4.(5D).4s"	"a 6D"	"5/2"	"3d4.(5D).4p"	"z 6P*"	"5/2"	6	6		
"444.45839"	"444.45831"	"8.1e+07"	C	"2.6838140"	"5.4733715"	"3d4.(1G2).4s"	"b 2G"	"7/2"	"3d4.(1G2).4p"	"t 2H*"	"9/2"	8	10		
"444.54538"	"444.54535"	"1.48e+07"	B+	"0.26696538"	"3.05597666"	"3d4.(5D).4s"	"a 6D"	"3/2"	"3d4.(5D).4p"	"z 6P*"	"3/2"	4	4		
"445.32548"	"445.32548"	"8.1e+07"	B+	"1.86756890"	"4.6516943"	"3d4.(3H).4s"	"a 4H"	"13/2"	"3d4.(3H).4p"	"z 4I*"	"15/2"	14	16		
"445.3947"	"445.39476"	"3.27e+06"	B+	"1.84859919"	"4.63229155"	"3d4.(3H).4s"	"a 4H"	"7/2"	"3d4.(3H).4p"	"v 2G*"	"9/2"	8	10		
"445.4368"	"445.43680"	"1.56e+06"	B	"1.95532863"	"4.73875827"	"3d4.(3F2).4s"	"b 4F"	"9/2"	"3d4.(3H).4p"	"x 2H*"	"11/2"	10	12		
"445.87211"	"445.87207"	"9.6e+06"	B+	"0.27526426"	"3.05597666"	"3d4.(5D).4s"	"a 6D"	"5/2"	"3d4.(5D).4p"	"z 6P*"	"3/2"	6	4		
"445.90045"	"445.90046"	"1.47e+07"	C+	"1.8726306"	"4.65316590"	"3d3.4s2"	"a 2H"	"9/2"	"3d4.(3H).4p"	"z 2I*"	"11/2"	10	12		
"445.9640"	"445.96395"	"5.8e+06"	B	"2.36538442"	"5.1455239"	"3d4.(3F2).4s"	"a 2F"	"7/2"	"3d4.(3G).4p"	"v 2H*"	"9/2"	8	10		
"446.10049"	"446.10053"	"1.76e+07"	B+	"0.28657323"	"3.06586155"	"3d4.(5D).4s"	"a 6D"	"7/2"	"3d4.(5D).4p"	"z 6P*"	"5/2"	8	6		
"446.15432"	"446.15433"	"2.61e+07"	B+	"0.30063800"	"3.07959118"	"3d4.(5D).4s"	"a 6D"	"9/2"	"3d4.(5D).4p"	"z 6P*"	"7/2"	10	8		
"446.16819"	"446.16806"	"1.16e+07"	B+	"2.35861724"	"5.1374849&dagger;"	"3d4.(3H).4s"	"b 2H"	"9/2"	"3d4.(3G).4p"	"t 2G*"	"7/2"	10	8		
"446.22375"	"446.22371"	"2.91e+07"	B+	"2.3589638"	"5.1374849&dagger;"	"3d4.(3F2).4s"	"a 2F"	"5/2"	"3d4.(3G).4p"	"t 2G*"	"7/2"	6	8		
"446.36098"	"446.36098"	"7.9e+07"	B+	"1.85987915"	"4.63754575"	"3d4.(3H).4s"	"a 4H"	"11/2"	"3d4.(3H).4p"	"z 4I*"	"13/2"	12	14		
"446.4376"	"446.43722"	"1.9e+05"	C+	"1.94955593"	"4.7267482"	"3d4.(3F2).4s"	"b 4F"	"7/2"	"3d4.(3H).4p"	"x 2H*"	"9/2"	8	10		
"446.5991"	"446.59894"	"4.2e+06"	C+	"1.94955593"	"4.72574253&dagger;"	"3d4.(3F2).4s"	"b 4F"	"7/2"	"3d4.(3P2).4p"	"t 4D*"	"7/2"	8	8		
"446.6746"	"446.67464"	"5.7e+06"	C+	"1.93068628"	"4.70640236"	"3d4.(3P2).4s"	"b 4P"	"5/2"	"3d4.(3P2).4p"	"t 4D*"	"5/2"	6	6		
"446.88594"	"446.88589"	"1.00e+06"	B	"1.8038233"	"4.5782272&dagger;"	"3d3.4s2"	"2D2"	"5/2"	"3d4.(3F2).4p"	"x 2F*"	"7/2"	6	8		
"446.92542"	"446.92540"	"1.74e+07"	B+	"1.84859919"	"4.62275791"	"3d4.(3H).4s"	"a 4H"	"7/2"	"3d4.(3H).4p"	"z 4I*"	"9/2"	8	10		
"447.0009"	"447.00093"	"9.e+06"	D+	"1.8726306"	"4.6463205&dagger;"	"3d3.4s2"	"a 2H"	"9/2"	"3d3.(2D2).4s.4p.(3P*)"	"w 2F*"	"7/2"	10	8		
"447.09578"	"447.09576"	"6.2e+07"	B+	"1.85348429"	"4.6265859"	"3d4.(3H).4s"	"a 4H"	"9/2"	"3d4.(3H).4p"	"z 4I*"	"11/2"	10	12		
"447.2067"	"447.20691"	"3.5e+05"	C	"1.85987915"	"4.63229155"	"3d4.(3H).4s"	"a 4H"	"11/2"	"3d4.(3H).4p"	"v 2G*"	"9/2"	12	10		
"447.2576"	"447.25724"	"2.25e+06"	B	"2.36538442"	"5.1374849&dagger;"	"3d4.(3F2).4s"	"a 2F"	"7/2"	"3d4.(3G).4p"	"t 2G*"	"7/2"	8	8		
"447.3011"	"447.30119"	"2.21e+06"	B	"2.37369583"	"5.1455239"	"3d4.(3H).4s"	"b 2H"	"11/2"	"3d4.(3G).4p"	"v 2H*"	"9/2"	12	10		
"447.5295"	"447.52951"	"3.0e+07"	B	"1.95532863"	"4.72574253&dagger;"	"3d4.(3F2).4s"	"b 4F"	"9/2"	"3d4.(3P2).4p"	"t 4D*"	"7/2"	10	8		
"447.71380"	"447.71379"	"2.45e+06"	B+	"1.85348429"	"4.62275791"	"3d4.(3H).4s"	"a 4H"	"9/2"	"3d4.(3H).4p"	"z 4I*"	"9/2"	10	10		
"448.12919"	"448.12916"	"7.5e+06"	B+	"1.85987915"	"4.6265859"	"3d4.(3H).4s"	"a 4H"	"11/2"	"3d4.(3H).4p"	"z 4I*"	"11/2"	12	12		
"448.7500"	"448.75005"	"2.9e+05"	C	"1.85987915"	"4.62275791"	"3d4.(3H).4s"	"a 4H"	"11/2"	"3d4.(3H).4p"	"z 4I*"	"9/2"	12	10		
"449.01480"	"449.01466"	"5.0e+07"	B+	"1.84859919"	"4.6098498"	"3d4.(3H).4s"	"a 4H"	"7/2"	"3d3.(2H).4s.4p.(3P*)"	"y 2H*"	"9/2"	8	10		
"449.20687"	"449.20686"	"9.e+06"	D+	"1.85348429"	"4.6135534"	"3d4.(3H).4s"	"a 4H"	"9/2"	"3d3.(2H).4s.4p.(3P*)"	"y 2H*"	"11/2"	10	12		
"449.7320"	"449.73197"	"2.6e+07"	B	"1.94955593"	"4.70640236"	"3d4.(3F2).4s"	"b 4F"	"7/2"	"3d4.(3P2).4p"	"t 4D*"	"5/2"	8	6		
"449.81039"	"449.81044"	"3.81e+06"	B+	"1.85348429"	"4.6098498"	"3d4.(3H).4s"	"a 4H"	"9/2"	"3d3.(2H).4s.4p.(3P*)"	"y 2H*"	"9/2"	10	10		
"450.1014"	"450.10122"	"4.9e+05"	C+	"1.8038233"	"4.5584081"	"3d3.4s2"	"2D2"	"5/2"	"3d4.(3F2).4p"	"x 2F*"	"5/2"	6	6		
"450.2041"	"450.20410"	"5.6e+05"	B	"1.8726306"	"4.6265859"	"3d3.4s2"	"a 2H"	"9/2"	"3d4.(3H).4p"	"z 4I*"	"11/2"	10	12		
"450.2121"	"450.21204"	"4.6e+06"	B+	"2.11454108"	"4.8684478"	"3d4.(3G).4s"	"a 4G"	"5/2"	"3d4.(3F2).4p"	"u 4F*"	"3/2"	6	4		
"450.32166"	"450.32170"	"4.5e+06"	D+	"1.37629850"	"4.12953463"	"3d3.4s2"	"a 2G"	"9/2"	"3d3.(2G).4s.4p.(3P*)"	"y 2G*"	"9/2"	10	10		
"451.0547"	"451.05462"	"5.7e+06"	C+	"1.94218780"	"4.69095021"	"3d4.(3F2).4s"	"b 4F"	"3/2"	"3d4.(3P2).4p"	"t 4D*"	"3/2"	4	4		
"451.2696"	"451.26942"	"4.1e+06"	B	"2.13030555"	"4.87775955"	"3d4.(3G).4s"	"a 4G"	"9/2"	"3d4.(3F2).4p"	"u 4F*"	"7/2"	10	8		
"451.4872"	"451.48747"	"4.0e+06"	C+	"2.13774423"	"4.88387136"	"3d4.(3G).4s"	"a 4G"	"11/2"	"3d4.(3F2).4p"	"u 4F*"	"9/2"	12	10		
"451.54467"	"451.54467"	"2.1e+07"	C+	"1.94517098"	"4.69095021"	"3d4.(3F2).4s"	"b 4F"	"5/2"	"3d4.(3P2).4p"	"t 4D*"	"3/2"	6	4		
"451.68145"	"451.68145"	"9.6e+05"	B	"1.8925980"	"4.63754575"	"3d3.4s2"	"a 2H"	"11/2"	"3d4.(3H).4p"	"z 4I*"	"13/2"	12	14		
"452.54769"	"452.54768"	"2.17e+07"	B+	"1.8925980"	"4.63229155"	"3d3.4s2"	"a 2H"	"11/2"	"3d4.(3H).4p"	"v 2G*"	"9/2"	12	10		
"452.64217"	"452.64214"	"2.77e+07"	B	"1.94218780"	"4.6813097"	"3d4.(3F2).4s"	"b 4F"	"3/2"	"3d4.(3P2).4p"	"t 4D*"	"1/2"	4	2		
"454.12797"	"454.12797"	"4.60e+06"	B+	"1.8925980"	"4.62275791"	"3d3.4s2"	"a 2H"	"11/2"	"3d4.(3H).4p"	"z 4I*"	"9/2"	12	10		
"454.66668"	"454.66669"	"6.4e+07"	B+	"1.95532863"	"4.68225371"	"3d4.(3F2).4s"	"b 4F"	"9/2"	"3d4.(3F2).4p"	"v 4G*"	"11/2"	10	12		
"455.09182"	"455.09177"	"9.3e+07"	C	"2.78709076"	"5.5114687"	"3d4.(1I).4s"	"2I"	"13/2"	"3d4.(1I).4p"	"2I*"	"13/2"	14	14		
"455.43270"	"455.43272"	"4.5e+07"	C	"2.7892162"	"5.5115546"	"3d4.(1I).4s"	"2I"	"11/2"	"3d4.(1I).4p"	"2I*"	"11/2"	12	12		
"456.19895"	"456.19901"	"5.8e+07"	B+	"1.94955593"	"4.6673215"	"3d4.(3F2).4s"	"b 4F"	"7/2"	"3d4.(3F2).4p"	"v 4G*"	"9/2"	8	10		
"457.1702"	"457.17007"	"8.2e+06"	B+	"1.95532863"	"4.6673215"	"3d4.(3F2).4s"	"b 4F"	"9/2"	"3d4.(3F2).4p"	"v 4G*"	"9/2"	10	10		
"457.30652"	"457.30650"	"5.0e+07"	B+	"1.94517098"	"4.6563548"	"3d4.(3F2).4s"	"b 4F"	"5/2"	"3d4.(3F2).4p"	"v 4G*"	"7/2"	6	8		
"457.84565"	"457.84567"	"4.44e+06"	B+	"0.00000000"	"2.70799108"	"3d3.4s2"	"a 4F"	"3/2"	"3d3.(4F).4s.4p.(3P*)"	"z 4G*"	"5/2"	4	6		
"458.00118"	"458.00114"	"5.6e+07"	D+	"1.94218780"	"4.6492597"	"3d4.(3F2).4s"	"b 4F"	"3/2"	"3d4.(3F2).4p"	"v 4G*"	"5/2"	4	6		
"458.04717"	"458.04733"	"1.06e+07"	B+	"1.94955593"	"4.6563548"	"3d4.(3F2).4s"	"b 4F"	"7/2"	"3d4.(3F2).4p"	"v 4G*"	"7/2"	8	8		
"458.16804"	"458.16802"	"4.70e+06"	B+	"0.01703332"	"2.72311913"	"3d3.4s2"	"a 4F"	"5/2"	"3d3.(4F).4s.4p.(3P*)"	"z 4G*"	"7/2"	6	8		
"458.250"	"458.25085"	"1.53e+06"	B	"1.8726306"	"4.5782272&dagger;"	"3d3.4s2"	"a 2H"	"9/2"	"3d4.(3F2).4p"	"x 2F*"	"7/2"	10	8		
"458.76512"	"458.76511"	"5.2e+06"	B+	"0.04010046"	"2.74266425"	"3d3.4s2"	"a 4F"	"7/2"	"3d3.(4F).4s.4p.(3P*)"	"z 4G*"	"9/2"	8	10		
"459.54028"	"459.54030"	"5.7e+06"	B+	"0.06855768"	"2.76656257"	"3d3.4s2"	"a 4F"	"9/2"	"3d3.(4F).4s.4p.(3P*)"	"z 4G*"	"11/2"	10	12		
"460.74375"	"460.74376"	"6.3e+05"	B+	"0.01703332"	"2.70799108"	"3d3.4s2"	"a 4F"	"5/2"	"3d3.(4F).4s.4p.(3P*)"	"z 4G*"	"5/2"	6	6		
"461.0934"	"461.09372"	"4.6e+07"	C	"2.7892162"	"5.4781316"	"3d4.(1I).4s"	"2I"	"11/2"	"3d4.(1G2).4p"	"t 2H*"	"11/2"	12	12		
"461.2211"	"461.22108"	"5.7e+05"	B+	"1.04308018"	"3.73125300"	"3d4.(5D).4s"	"a 4D"	"1/2"	"3d3.(4P).4s.4p.(3P*)"	"y 4P*"	"3/2"	2	4		
"462.0089"	"462.00923"	"1.88e+05"	B	"1.05091908"	"3.7345061"	"3d4.(5D).4s"	"a 4D"	"3/2"	"3d3.(4P).4s.4p.(3P*)"	"y 4P*"	"5/2"	4	6		
"462.10709"	"462.10710"	"6.4e+05"	B+	"0.04010046"	"2.72311913"	"3d3.4s2"	"a 4F"	"7/2"	"3d3.(4F).4s.4p.(3P*)"	"z 4G*"	"7/2"	8	8		
"462.5699"	"462.56997"	"3.74e+06"	B+	"1.05091908"	"3.73125300"	"3d4.(5D).4s"	"a 4D"	"3/2"	"3d3.(4P).4s.4p.(3P*)"	"y 4P*"	"3/2"	4	4		
"462.77830"	"462.77832"	"6.4e+06"	B+	"1.04308018"	"3.7222074"	"3d4.(5D).4s"	"a 4D"	"1/2"	"3d3.(4P).4s.4p.(3P*)"	"y 4P*"	"1/2"	2	2		
"463.64719"	"463.64719"	"3.73e+05"	B+	"0.06855768"	"2.74266425"	"3d3.4s2"	"a 4F"	"9/2"	"3d3.(4F).4s.4p.(3P*)"	"z 4G*"	"9/2"	10	10		
"464.13623"	"464.13635"	"6.4e+06"	B+	"1.05091908"	"3.7222074"	"3d4.(5D).4s"	"a 4D"	"3/2"	"3d3.(4P).4s.4p.(3P*)"	"y 4P*"	"1/2"	4	2		
"464.20340"	"464.20340"	"1.66e+06"	B+	"1.06360365"	"3.7345061"	"3d4.(5D).4s"	"a 4D"	"5/2"	"3d3.(4P).4s.4p.(3P*)"	"y 4P*"	"5/2"	6	6		
"464.7274"	"464.72744"	"2.18e+04"	C+	"0.04010046"	"2.70799108"	"3d3.4s2"	"a 4F"	"7/2"	"3d3.(4F).4s.4p.(3P*)"	"z 4G*"	"5/2"	8	6		
"464.76945"	"464.76947"	"7.5e+06"	B+	"1.06360365"	"3.73125300"	"3d4.(5D).4s"	"a 4D"	"5/2"	"3d3.(4P).4s.4p.(3P*)"	"y 4P*"	"3/2"	6	4		
"467.06093"	"467.06095"	"1.23e+04"	B+	"0.06855768"	"2.72311913"	"3d3.4s2"	"a 4F"	"9/2"	"3d3.(4F).4s.4p.(3P*)"	"z 4G*"	"7/2"	10	8		
"467.17894"	"467.17891"	"7.6e+06"	B+	"1.08061491"	"3.7345061"	"3d4.(5D).4s"	"a 4D"	"7/2"	"3d3.(4P).4s.4p.(3P*)"	"y 4P*"	"5/2"	8	6		
"467.497"	"467.49548"	"5.3e+05"	C+	"2.37369583"	"5.0257899"	"3d4.(3H).4s"	"b 2H"	"11/2"	"3d4.(3G).4p"	"w 4H*"	"13/2"	12	14		
"468.4068"	"468.40711"	"6.0e+06"	C+	"2.57752139"	"5.22445384"	"3d4.(3D).4s"	"b 4D"	"5/2"	"3d3.(4P).4s.4p.(1P*)"	"r 4D*"	"5/2"	6	6		
"470.0633"	"470.06316"	"1.63e+06"	B	"1.8925980"	"4.5302052"	"3d3.4s2"	"a 2H"	"11/2"	"3d4.(3F2).4p"	"2G*"	"9/2"	12	10		
"470.74794"	"470.74791"	"2.0e+07"	D+	"1.93068628"	"4.5644568"	"3d4.(3P2).4s"	"b 4P"	"5/2"	"3d3.(2D2).4s.4p.(3P*)"	"x 4P*"	"3/2"	6	4		
"470.78814"	"470.78818"	"1.56e+07"	B+	"2.13774423"	"4.77128949"	"3d4.(3G).4s"	"a 4G"	"11/2"	"3d4.(3H).4p"	"x 4H*"	"13/2"	12	14		
"470.87536"	"470.87561"	"3.7e+06"	B+	"1.94517098"	"4.5782272&dagger;"	"3d4.(3F2).4s"	"b 4F"	"5/2"	"3d4.(3F2).4p"	"x 2F*"	"7/2"	6	8		
"471.18695"	"471.18705"	"1.62e+07"	B+	"2.13030555"	"4.7616214"	"3d4.(3G).4s"	"a 4G"	"9/2"	"3d4.(3H).4p"	"x 4H*"	"11/2"	10	12		
"471.54293"	"471.54293"	"1.62e+07"	B+	"2.12223095"	"4.75156100"	"3d4.(3G).4s"	"a 4G"	"7/2"	"3d4.(3H).4p"	"x 4H*"	"9/2"	8	10		
"471.6611"	"471.66109"	"9.9e+05"	C+	"1.94955593"	"4.5782272&dagger;"	"3d4.(3F2).4s"	"b 4F"	"7/2"	"3d4.(3F2).4p"	"x 2F*"	"7/2"	8	8		
"471.9006"	"471.90056"	"1.64e+07"	B+	"2.11454108"	"4.74187845"	"3d4.(3G).4s"	"a 4G"	"5/2"	"3d4.(3H).4p"	"x 4H*"	"7/2"	6	8		
"473.2576"	"473.25790"	"5.2e+06"	B	"2.33152880"	"4.9513308"	"3d4.(3P2).4s"	"b 2P"	"1/2"	"3d4.(3F2).4p"	"s 4D*"	"3/2"	2	4		
"473.9059"	"473.90580"	"7.6e+05"	C+	"1.94218780"	"4.5584081"	"3d4.(3F2).4s"	"b 4F"	"3/2"	"3d4.(3F2).4p"	"x 2F*"	"5/2"	4	6		
"474.09008"	"474.09008"	"1.9e+06"	C+	"2.57485536"	"5.19005876"	"3d4.(3D).4s"	"b 4D"	"7/2"	"3d4.(3G).4p"	"t 4G*"	"9/2"	8	10		
"474.7950"	"474.79496"	"1.6e+07"	D+	"2.0285661"	"4.63988694"	"3d3.(4F).4s.4p.(3P*)"	"z 6G*"	"3/2"	"3d3.4s.(5F).5s"	"e 6F"	"3/2"	4	4		
"474.9836"	"474.98345"	"1.41e+07"	B+	"2.0395246"	"4.64980915"	"3d3.(4F).4s.4p.(3P*)"	"z 6G*"	"5/2"	"3d3.4s.(5F).5s"	"e 6F"	"5/2"	6	6		
"475.2306"	"475.23053"	"1.04e+07"	C+	"2.0547452"	"4.66367269"	"3d3.(4F).4s.4p.(3P*)"	"z 6G*"	"7/2"	"3d3.4s.(5F).5s"	"e 6F"	"7/2"	8	8		
"475.2602"	"475.26019"	"5.1e+06"	B	"2.36538442"	"4.9741491&dagger;"	"3d4.(3F2).4s"	"a 2F"	"7/2"	"3d4.(3P2).4p"	"v 2D*"	"5/2"	8	6		
"475.28949"	"475.28946"	"9.e+06"	D+	"1.93068628"	"4.5392903"	"3d4.(3P2).4s"	"b 4P"	"5/2"	"3d3.(2D2).4s.4p.(3P*)"	"x 4P*"	"5/2"	6	6		
"475.3171"	"475.31702"	"4.3e+05"	C+	"2.13030555"	"4.73875827"	"3d4.(3G).4s"	"a 4G"	"9/2"	"3d4.(3H).4p"	"x 2H*"	"11/2"	10	12		
"475.5260"	"475.52603"	"9.3e+06"	B+	"2.0741072"	"4.68141347"	"3d3.(4F).4s.4p.(3P*)"	"z 6G*"	"9/2"	"3d3.4s.(5F).5s"	"e 6F"	"9/2"	10	10		
"475.8676"	"475.86757"	"5.1e+06"	B+	"2.09746672"	"4.70290166"	"3d3.(4F).4s.4p.(3P*)"	"z 6G*"	"11/2"	"3d3.4s.(5F).5s"	"e 6F"	"11/2"	12	12		
"475.88040"	"475.88041"	"6.2e+07"	D+	"2.0285661"	"4.63393074"	"3d3.(4F).4s.4p.(3P*)"	"z 6G*"	"3/2"	"3d3.4s.(5F).5s"	"e 6F"	"1/2"	4	2		
"476.0355"	"476.03524"	"3.9e+05"	C+	"2.12223095"	"4.7267482"	"3d4.(3G).4s"	"a 4G"	"7/2"	"3d4.(3H).4p"	"x 2H*"	"9/2"	8	10		
"476.6995"	"476.69950"	"4.3e+06"	C+	"2.61626360"	"5.21715154"	"3d4.(3G).4s"	"2G"	"7/2"	"3d4.(1I).4p"	"u 2H*"	"9/2"	8	10		
"476.79573"	"476.79585"	"4.6e+07"	D+	"2.0395246"	"4.63988694"	"3d3.(4F).4s.4p.(3P*)"	"z 6G*"	"5/2"	"3d3.4s.(5F).5s"	"e 6F"	"3/2"	6	4		
"477.4403"	"477.44007"	"2.3e+06"	C+	"2.63784466"	"5.23469828"	"3d4.(3G).4s"	"2G"	"9/2"	"3d4.(1I).4p"	"u 2H*"	"11/2"	10	12		
"477.76933"	"477.76934"	"3.87e+07"	B+	"2.0547452"	"4.64980915"	"3d3.(4F).4s.4p.(3P*)"	"z 6G*"	"7/2"	"3d3.4s.(5F).5s"	"e 6F"	"5/2"	8	6		
"477.7845"	"477.78457"	"2.96e+07"	B+	"2.3791679"	"4.9741491&dagger;"	"3d4.(3P2).4s"	"b 2P"	"3/2"	"3d4.(3P2).4p"	"v 2D*"	"5/2"	4	6		
"478.268"	"478.26638"	"1.6e+06"	D+	"2.3589638"	"4.9513308"	"3d4.(3F2).4s"	"a 2F"	"5/2"	"3d4.(3F2).4p"	"s 4D*"	"3/2"	6	4		
"478.5807"	"478.58064"	"7.9e+04"	B+	"0.01703332"	"2.60769803"	"3d3.4s2"	"a 4F"	"5/2"	"3d3.(4F).4s.4p.(3P*)"	"z 4D*"	"7/2"	6	8		
"478.78376"	"478.78380"	"3.4e+07"	C+	"2.0741072"	"4.66367269"	"3d3.(4F).4s.4p.(3P*)"	"z 6G*"	"9/2"	"3d3.4s.(5F).5s"	"e 6F"	"7/2"	10	8		
"479.6438"	"479.64382"	"1.6e+07"	C	"2.61626360"	"5.2011859"	"3d4.(3G).4s"	"2G"	"7/2"	"3d4.(3D).4p"	"u 2F*"	"5/2"	8	6		
"479.82485"	"479.82490"	"4.46e+07"	B+	"2.09746672"	"4.68141347"	"3d3.(4F).4s.4p.(3P*)"	"z 6G*"	"11/2"	"3d3.4s.(5F).5s"	"e 6F"	"9/2"	12	10		
"480.11182"	"480.11182"	"1.30e+05"	B+	"0.00000000"	"2.58240252"	"3d3.4s2"	"a 4F"	"3/2"	"3d3.(4F).4s.4p.(3P*)"	"z 4D*"	"5/2"	4	6		
"480.438"	"480.43801"	"2.4e+05"	C+	"1.94955593"	"4.5302052"	"3d4.(3F2).4s"	"b 4F"	"7/2"	"3d4.(3F2).4p"	"2G*"	"9/2"	8	10		
"480.88674"	"480.88663"	"4.9e+07"	B+	"2.12465993"	"4.70290166"	"3d3.(4F).4s.4p.(3P*)"	"z 6G*"	"13/2"	"3d3.4s.(5F).5s"	"e 6F"	"11/2"	14	12		
"482.03806"	"482.03803"	"7.3e+06"	C+	"2.63784466"	"5.2099280"	"3d4.(3G).4s"	"2G"	"9/2"	"3d4.(3D).4p"	"u 2F*"	"7/2"	10	8		
"482.478"	"482.47671"	"4.4e+05"	C	"1.7123346"	"4.28207933"	"3d3.4s2"	"a 2P"	"1/2"	"3d3.(4F).4s.4p.(1P*)"	"v 4D*"	"3/2"	2	4		
"482.88014"	"482.88018"	"1.22e+06"	B+	"0.04010046"	"2.60769803"	"3d3.4s2"	"a 4F"	"7/2"	"3d3.(4F).4s.4p.(3P*)"	"z 4D*"	"7/2"	8	8		
"483.29961"	"483.29963"	"1.96e+06"	B+	"0.01703332"	"2.58240252"	"3d3.4s2"	"a 4F"	"5/2"	"3d3.(4F).4s.4p.(3P*)"	"z 4D*"	"5/2"	6	6		
"483.37744"	"483.37740"	"2.27e+06"	B+	"0.00000000"	"2.56495646"	"3d3.4s2"	"a 4F"	"3/2"	"3d3.(4F).4s.4p.(3P*)"	"z 4D*"	"3/2"	4	4		
"483.4366"	"483.43659"	"3.2e+06"	C+	"1.7111742"	"4.2758166"	"3d3.4s2"	"a 2P"	"3/2"	"3d3.(2D2).4s.4p.(3P*)"	"4F*"	"5/2"	4	6		
"484.4353"	"484.43503"	"1.8e+07"	D+	"2.63784466"	"5.1972012"	"3d4.(3G).4s"	"2G"	"9/2"	"3d4.(3G).4p"	"t 4G*"	"11/2"	10	12		
"484.7961"	"484.79626"	"4.8e+05"	C	"1.7111742"	"4.2686238"	"3d3.4s2"	"a 2P"	"3/2"	"3d3.(2D2).4s.4p.(3P*)"	"4F*"	"3/2"	4	4		
"485.01630"	"485.01632"	"2.9e+06"	C	"1.7123346"	"4.2686238"	"3d3.4s2"	"a 2P"	"1/2"	"3d3.(2D2).4s.4p.(3P*)"	"4F*"	"3/2"	2	4		
"485.28456"	"485.28455"	"1.00e+07"	B+	"0.00000000"	"2.55487629"	"3d3.4s2"	"a 4F"	"3/2"	"3d3.(4F).4s.4p.(3P*)"	"z 4D*"	"1/2"	4	2		
"485.79074"	"485.79074"	"1.10e+06"	C+	"2.63784466"	"5.19005876"	"3d4.(3G).4s"	"2G"	"9/2"	"3d4.(3G).4p"	"t 4G*"	"9/2"	10	10		
"485.8414"	"485.84137"	"3.6e+05"	C+	"2.13030555"	"4.68225371"	"3d4.(3G).4s"	"a 4G"	"9/2"	"3d4.(3F2).4p"	"v 4G*"	"11/2"	10	12		
"486.60886"	"486.60886"	"7.6e+06"	B+	"0.01703332"	"2.56495646"	"3d3.4s2"	"a 4F"	"5/2"	"3d3.(4F).4s.4p.(3P*)"	"z 4D*"	"3/2"	6	4		
"486.61934"	"486.61919"	"3.68e+06"	B+	"1.18338392"	"3.73125300"	"3d3.4s2"	"a 4P"	"1/2"	"3d3.(4P).4s.4p.(3P*)"	"y 4P*"	"3/2"	2	4		
"487.1502"	"487.15043"	"4.7e+05"	C+	"2.12223095"	"4.6673215"	"3d4.(3G).4s"	"a 4G"	"7/2"	"3d4.(3F2).4p"	"v 4G*"	"9/2"	8	10		
"487.2616"	"487.26169"	"5.0e+06"	B+	"2.13774423"	"4.68225371"	"3d4.(3G).4s"	"a 4G"	"11/2"	"3d4.(3F2).4p"	"v 4G*"	"11/2"	12	12		
"487.68472"	"487.68476"	"7.4e+06"	B+	"0.04010046"	"2.58240252"	"3d3.4s2"	"a 4F"	"7/2"	"3d3.(4F).4s.4p.(3P*)"	"z 4D*"	"5/2"	8	6		
"488.19105"	"488.19105"	"2.38e+06"	B	"1.19484056"	"3.7345061"	"3d3.4s2"	"a 4P"	"3/2"	"3d3.(4P).4s.4p.(3P*)"	"y 4P*"	"5/2"	4	6		
"488.29198"	"488.29203"	"7.8e+06"	B+	"0.06855768"	"2.60769803"	"3d3.4s2"	"a 4F"	"9/2"	"3d3.(4F).4s.4p.(3P*)"	"z 4D*"	"7/2"	10	8		
"488.3530"	"488.35298"	"1.38e+06"	B	"1.18338392"	"3.7222074"	"3d3.4s2"	"a 4P"	"1/2"	"3d3.(4P).4s.4p.(3P*)"	"y 4P*"	"1/2"	2	2		
"488.7008"	"488.70089"	"3.8e+06"	B	"2.13030555"	"4.6673215"	"3d4.(3G).4s"	"a 4G"	"9/2"	"3d4.(3F2).4p"	"v 4G*"	"9/2"	10	10		
"488.8172"	"488.81718"	"1.23e+06"	B+	"1.19484056"	"3.73125300"	"3d3.4s2"	"a 4P"	"3/2"	"3d3.(4P).4s.4p.(3P*)"	"y 4P*"	"3/2"	4	4		
"489.2587"	"489.25864"	"3.00e+06"	B+	"2.12223095"	"4.6563548"	"3d4.(3G).4s"	"a 4G"	"7/2"	"3d4.(3F2).4p"	"v 4G*"	"7/2"	8	8		
"489.7726"	"489.77247"	"4.3e+06"	C	"2.67846275"	"5.2099280"	"3d4.(1G2).4s"	"b 2G"	"9/2"	"3d4.(3D).4p"	"u 2F*"	"7/2"	10	8		
"490.19945"	"490.19944"	"4.42e+07"	B+	"2.61626360"	"5.1455239"	"3d4.(3G).4s"	"2G"	"7/2"	"3d4.(3G).4p"	"v 2H*"	"9/2"	8	10		
"490.56670"	"490.56670"	"6.7e+06"	B+	"1.19484056"	"3.7222074"	"3d3.4s2"	"a 4P"	"3/2"	"3d3.(4P).4s.4p.(3P*)"	"y 4P*"	"1/2"	4	2		
"490.58042"	"490.58037"	"1.1e+07"	D+	"2.63784466"	"5.1651410"	"3d4.(3G).4s"	"2G"	"9/2"	"3d4.(3G).4p"	"v 2H*"	"11/2"	10	12		
"490.8226"	"490.82257"	"7.8e+05"	C+	"2.13030555"	"4.6563548"	"3d4.(3G).4s"	"a 4G"	"9/2"	"3d4.(3F2).4p"	"v 4G*"	"7/2"	10	8		
"491.7624"	"491.76246"	"8.7e+06"	B+	"2.61626360"	"5.1374849&dagger;"	"3d4.(3G).4s"	"2G"	"7/2"	"3d4.(3G).4p"	"t 2G*"	"7/2"	8	8		
"492.70317"	"492.70314"	"5.3e+06"	B+	"1.21809838"	"3.7345061"	"3d3.4s2"	"a 4P"	"5/2"	"3d3.(4P).4s.4p.(3P*)"	"y 4P*"	"5/2"	6	6		
"493.34090"	"493.34091"	"3.45e+06"	B+	"1.21809838"	"3.73125300"	"3d3.4s2"	"a 4P"	"5/2"	"3d3.(4P).4s.4p.(3P*)"	"y 4P*"	"3/2"	6	4		
"494.4182"	"494.41809"	"5.4e+06"	B+	"2.63784466"	"5.1455239"	"3d4.(3G).4s"	"2G"	"9/2"	"3d4.(3G).4p"	"v 2H*"	"9/2"	10	10		
"495.903"	"495.90484"	"7.4e+05"	C+	"1.7123346"	"4.21249568&dagger;"	"3d3.4s2"	"a 2P"	"1/2"	"3d3.(4P).4s.4p.(3P*)"	"w 4D*"	"3/2"	2	4		
"500.702"	"500.70020"	"9.1e+05"	C+	"1.7996004"	"4.2758166"	"3d3.4s2"	"2D2"	"3/2"	"3d3.(2D2).4s.4p.(3P*)"	"4F*"	"5/2"	4	6		
"501.6023"	"501.60207"	"3.0e+07"	D+	"2.37369583"	"4.8454599"	"3d4.(3H).4s"	"b 2H"	"11/2"	"3d3.(2H).4s.4p.(3P*)"	"y 2I*"	"13/2"	12	14		
"502.15885"	"502.15886"	"4.1e+05"	C	"1.7996004"	"4.2686238"	"3d3.4s2"	"2D2"	"3/2"	"3d3.(2D2).4s.4p.(3P*)"	"4F*"	"3/2"	4	4		
"504.8651"	"504.86508"	"8.3e+05"	D+	"1.93068628"	"4.38647502"	"3d4.(3P2).4s"	"b 4P"	"5/2"	"3d3.(2D2).4s.4p.(3P*)"	"u 4D*"	"7/2"	6	8		
"505.3008"	"505.30086"	"1.07e+07"	B+	"2.6838140"	"5.1374849&dagger;"	"3d4.(1G2).4s"	"b 2G"	"7/2"	"3d4.(3G).4p"	"t 2G*"	"7/2"	8	8		
"506.5526"	"506.55261"	"1.8e+07"	C+	"2.78709076"	"5.23469828"	"3d4.(1I).4s"	"2I"	"13/2"	"3d4.(1I).4p"	"u 2H*"	"11/2"	14	12		
"507.32792"	"507.32792"	"1.8e+05"	C+	"2.11454108"	"4.5584081"	"3d4.(3G).4s"	"a 4G"	"5/2"	"3d4.(3F2).4p"	"x 2F*"	"5/2"	6	6		
"510.6570"	"510.65692"	"1.6e+07"	C	"2.7892162"	"5.21715154"	"3d4.(1I).4s"	"2I"	"11/2"	"3d4.(1I).4p"	"u 2H*"	"9/2"	12	10		
"512.9938"	"512.99372"	"2.42e+07"	B+	"2.28602611"	"4.70290166"	"3d3.(4F).4s.4p.(3P*)"	"z 6D*"	"9/2"	"3d3.4s.(5F).5s"	"e 6F"	"11/2"	10	12		
"513.9030"	"513.90335"	"6.1e+05"	C+	"1.86948173"	"4.28207933"	"3d4.(3P2).4s"	"b 4P"	"1/2"	"3d3.(4F).4s.4p.(1P*)"	"v 4D*"	"3/2"	2	4		
"513.9838"	"513.98380"	"2.23e+07"	B+	"2.26919352"	"4.68141347"	"3d3.(4F).4s.4p.(3P*)"	"z 6D*"	"7/2"	"3d3.4s.(5F).5s"	"e 6F"	"9/2"	8	10		
"514.9847"	"514.98458"	"1.20e+06"	C+	"2.29536943"	"4.70290166"	"3d3.(4F).4s.4p.(3P*)"	"z 6F*"	"9/2"	"3d3.4s.(5F).5s"	"e 6F"	"11/2"	10	12		
"515.0134"	"515.01352"	"1.6e+07"	C+	"2.25627573"	"4.66367269"	"3d3.(4F).4s.4p.(3P*)"	"z 6D*"	"5/2"	"3d3.4s.(5F).5s"	"e 6F"	"7/2"	6	8		
"515.48943"	"515.48943"	"1.3e+06"	C	"1.86948173"	"4.2746562&dagger;"	"3d4.(3P2).4s"	"b 4P"	"1/2"	"3d3.(4F).4s.4p.(1P*)"	"v 4D*"	"1/2"	2	2		
"515.8445"	"515.84458"	"2.09e+06"	C+	"2.27789497"	"4.68141347"	"3d3.(4F).4s.4p.(3P*)"	"z 6F*"	"7/2"	"3d3.4s.(5F).5s"	"e 6F"	"9/2"	8	10		
"516.0760"	"516.07603"	"1.57e+07"	B+	"2.2473686"	"4.64980915"	"3d3.(4F).4s.4p.(3P*)"	"z 6D*"	"3/2"	"3d3.4s.(5F).5s"	"e 6F"	"5/2"	4	6		
"516.8220"	"516.82215"	"1.3e+06"	C	"1.89331087"	"4.29228311"	"3d4.(3P2).4s"	"b 4P"	"3/2"	"3d3.(4F).4s.4p.(1P*)"	"v 4D*"	"5/2"	4	6		
"517.3529"	"517.35290"	"4.0e+06"	B+	"2.2532980"	"4.64980915"	"3d3.(4F).4s.4p.(3P*)"	"z 6F*"	"3/2"	"3d3.4s.(5F).5s"	"e 6F"	"5/2"	4	6		
"517.5959"	"517.59561"	"1.35e+06"	B	"2.28602611"	"4.68141347"	"3d3.(4F).4s.4p.(3P*)"	"z 6D*"	"9/2"	"3d3.4s.(5F).5s"	"e 6F"	"9/2"	10	10		
"517.7921"	"517.79193"	"2.3e+06"	C	"2.26919352"	"4.66367269"	"3d3.(4F).4s.4p.(3P*)"	"z 6D*"	"7/2"	"3d3.4s.(5F).5s"	"e 6F"	"7/2"	8	8		
"517.9964"	"517.99652"	"3.94e+06"	B+	"2.25627573"	"4.64980915"	"3d3.(4F).4s.4p.(3P*)"	"z 6D*"	"5/2"	"3d3.4s.(5F).5s"	"e 6F"	"5/2"	6	6		
"519.0294"	"519.02979"	"5.7e+05"	C	"1.89331087"	"4.28207933"	"3d4.(3P2).4s"	"b 4P"	"3/2"	"3d3.(4F).4s.4p.(1P*)"	"v 4D*"	"3/2"	4	4		
"519.2128"	"519.21298"	"5.0e+05"	B	"2.37369583"	"4.7616214"	"3d4.(3H).4s"	"b 2H"	"11/2"	"3d4.(3H).4p"	"x 4H*"	"11/2"	12	12		
"519.4430"	"519.44301"	"2.78e+07"	B+	"2.3160335"	"4.70290166"	"3d3.(4F).4s.4p.(3P*)"	"z 6F*"	"11/2"	"3d3.4s.(5F).5s"	"e 6F"	"11/2"	12	12		
"519.6225"	"519.62242"	"2.38e+07"	B+	"2.29536943"	"4.68141347"	"3d3.(4F).4s.4p.(3P*)"	"z 6F*"	"9/2"	"3d3.4s.(5F).5s"	"e 6F"	"9/2"	10	10		
"519.6321"	"519.63209"	"1.68e+07"	B+	"2.2638095"	"4.64980915"	"3d3.(4F).4s.4p.(3P*)"	"z 6F*"	"5/2"	"3d3.4s.(5F).5s"	"e 6F"	"5/2"	6	6		
"519.6805"	"519.68043"	"1.6e+07"	C+	"2.27789497"	"4.66367269"	"3d3.(4F).4s.4p.(3P*)"	"z 6F*"	"7/2"	"3d3.4s.(5F).5s"	"e 6F"	"7/2"	8	8		
"520.9112"	"520.91114"	"1.56e+06"	B+	"2.35861724"	"4.73875827"	"3d4.(3H).4s"	"b 2H"	"9/2"	"3d4.(3H).4p"	"x 2H*"	"11/2"	10	12		
"521.5099"	"521.50986"	"1.8e+06"	C+	"1.93068628"	"4.30809481"	"3d4.(3P2).4s"	"b 4P"	"5/2"	"3d3.(4F).4s.4p.(1P*)"	"v 4D*"	"7/2"	6	8		
"522.7180"	"522.71789"	"1.25e+07"	B+	"2.27789497"	"4.64980915"	"3d3.(4F).4s.4p.(3P*)"	"z 6F*"	"7/2"	"3d3.4s.(5F).5s"	"e 6F"	"5/2"	8	6		
"523.5149"	"523.51487"	"7.3e+06"	C+	"2.29536943"	"4.66367269"	"3d3.(4F).4s.4p.(3P*)"	"z 6F*"	"9/2"	"3d3.4s.(5F).5s"	"e 6F"	"7/2"	10	8		
"523.55291"	"523.55297"	"3.11e+07"	B+	"2.35861724"	"4.7267482"	"3d4.(3H).4s"	"b 2H"	"9/2"	"3d4.(3H).4p"	"x 2H*"	"9/2"	10	10		
"524.1620"	"524.16187"	"4.4e+06"	B+	"2.3160335"	"4.68141347"	"3d3.(4F).4s.4p.(3P*)"	"z 6F*"	"11/2"	"3d3.4s.(5F).5s"	"e 6F"	"9/2"	12	10		
"524.23225"	"524.23224"	"3.00e+07"	B+	"2.37369583"	"4.73875827"	"3d4.(3H).4s"	"b 2H"	"11/2"	"3d4.(3H).4p"	"x 2H*"	"11/2"	12	12		
"526.1802"	"526.18001"	"3.6e+06"	B	"2.7892162"	"5.1455239"	"3d4.(1I).4s"	"2I"	"11/2"	"3d4.(3G).4p"	"v 2H*"	"9/2"	12	10		
"526.9077"	"526.90795"	"5.2e+05"	C+	"2.37369583"	"4.7267482"	"3d4.(3H).4s"	"b 2H"	"11/2"	"3d4.(3H).4p"	"x 2H*"	"9/2"	12	10		
"527.2494"	"527.24930"	"7.8e+05"	C	"1.7111742"	"4.06270318"	"3d3.4s2"	"a 2P"	"3/2"	"3d3.(4P).4s.4p.(3P*)"	"z 2P*"	"3/2"	4	4		
"530.20692"	"530.20692"	"1.2e+06"	C	"2.61626360"	"4.9546751"	"3d4.(3G).4s"	"2G"	"7/2"	"3d4.(3H).4p"	"u 4G*"	"5/2"	8	6		
"531.8346"	"531.83464"	"5.1e+05"	C	"1.93068628"	"4.2619410"	"3d4.(3P2).4s"	"b 4P"	"5/2"	"3d3.(2D2).4s.4p.(3P*)"	"4F*"	"7/2"	6	8		
"532.0523"	"532.05218"	"4.8e+05"	C	"1.89331087"	"4.22361235"	"3d4.(3P2).4s"	"b 4P"	"3/2"	"3d3.(4P).4s.4p.(3P*)"	"w 4D*"	"5/2"	4	6		
"536.1751"	"536.17454"	"2.8e+05"	C	"1.94955593"	"4.2619410"	"3d4.(3F2).4s"	"b 4F"	"7/2"	"3d3.(2D2).4s.4p.(3P*)"	"4F*"	"7/2"	8	8		
"537.4121"	"537.41210"	"5.2e+03"	C+	"0.30063800"	"2.60769803"	"3d4.(5D).4s"	"a 6D"	"9/2"	"3d3.(4F).4s.4p.(3P*)"	"z 4D*"	"7/2"	10	8		
"537.51642"	"537.51642"	"1.5e+05"	C	"1.95532863"	"4.2619410"	"3d4.(3F2).4s"	"b 4F"	"9/2"	"3d3.(2D2).4s.4p.(3P*)"	"4F*"	"7/2"	10	8		
"540.0408"	"540.04102"	"4.9e+03"	C+	"0.28657323"	"2.58240252"	"3d4.(5D).4s"	"a 6D"	"7/2"	"3d3.(4F).4s.4p.(3P*)"	"z 4D*"	"5/2"	8	6		
"540.3424"	"540.34242"	"1.50e+07"	C+	"2.35861724"	"4.65316590"	"3d4.(3H).4s"	"b 2H"	"9/2"	"3d4.(3H).4p"	"z 2I*"	"11/2"	10	12		
"541.6756"	"541.67610"	"2.5e+07"	D+	"2.37369583"	"4.6625950"	"3d4.(3H).4s"	"b 2H"	"11/2"	"3d4.(3H).4p"	"z 2I*"	"13/2"	12	14		
"546.9313"	"546.93109"	"1.19e+06"	B	"2.36538442"	"4.63229155"	"3d4.(3F2).4s"	"a 2F"	"7/2"	"3d4.(3H).4p"	"v 2G*"	"9/2"	8	10		
"547.59936"	"547.59936"	"5.8e+05"	C+	"2.35861724"	"4.62275791"	"3d4.(3H).4s"	"b 2H"	"9/2"	"3d4.(3H).4p"	"z 4I*"	"9/2"	10	10		
"548.8750"	"548.87468"	"3.1e+06"	C	"1.8038233"	"4.06270318"	"3d3.4s2"	"2D2"	"5/2"	"3d3.(4P).4s.4p.(3P*)"	"z 2P*"	"3/2"	6	4		
"548.9438"	"548.94374"	"1.96e+07"	B	"2.37369583"	"4.63229155"	"3d4.(3H).4s"	"b 2H"	"11/2"	"3d4.(3H).4p"	"v 2G*"	"9/2"	12	10		
"549.77335"	"549.77334"	"4.7e+05"	C	"1.8038233"	"4.0590108"	"3d3.4s2"	"2D2"	"5/2"	"3d3.(4F).4s.4p.(1P*)"	"w 4F*"	"3/2"	6	4		
"550.7391"	"550.73919"	"1.72e+06"	B	"2.35861724"	"4.6098498"	"3d4.(3H).4s"	"b 2H"	"9/2"	"3d3.(2H).4s.4p.(3P*)"	"y 2H*"	"9/2"	10	10		
"551.2707"	"551.27068"	"3.2e+06"	B	"2.37369583"	"4.62275791"	"3d4.(3H).4s"	"b 2H"	"11/2"	"3d4.(3H).4p"	"z 4I*"	"9/2"	12	10		
"551.6863"	"551.68609"	"6.3e+03"	B	"0.00000000"	"2.2473686"	"3d3.4s2"	"a 4F"	"3/2"	"3d3.(4F).4s.4p.(3P*)"	"z 6D*"	"3/2"	4	4		
"552.9157"	"552.91532"	"1.12e+04"	B	"0.00000000"	"2.24237226"	"3d3.4s2"	"a 4F"	"3/2"	"3d3.(4F).4s.4p.(3P*)"	"z 6D*"	"1/2"	4	2		
"553.6881"	"553.68815"	"9.8e+03"	B	"0.01703332"	"2.25627573"	"3d3.4s2"	"a 4F"	"5/2"	"3d3.(4F).4s.4p.(3P*)"	"z 6D*"	"5/2"	6	6		
"554.643"	"554.63981"	"1.00e+05"	C+	"1.05091908"	"3.2863193"	"3d4.(5D).4s"	"a 4D"	"3/2"	"3d4.(5D).4p"	"y 6D*"	"5/2"	4	6		
"554.7466"	"554.74609"	"3.9e+05"	C+	"1.06360365"	"3.2985757&dagger;"	"3d4.(5D).4s"	"a 4D"	"5/2"	"3d4.(5D).4p"	"y 6D*"	"7/2"	6	8		
"554.8597"	"554.85964"	"1.16e+06"	B	"1.08061491"	"3.31512954"	"3d4.(5D).4s"	"a 4D"	"7/2"	"3d4.(5D).4p"	"y 6D*"	"9/2"	8	10		
"555.8993"	"555.89938"	"2.00e+04"	B+	"0.01703332"	"2.2473686"	"3d3.4s2"	"a 4F"	"5/2"	"3d3.(4F).4s.4p.(3P*)"	"z 6D*"	"3/2"	6	4		
"556.0297"	"556.02954"	"7.7e+06"	D+	"1.7111742"	"3.9409874&dagger;"	"3d3.4s2"	"a 2P"	"3/2"	"3d3.(2P).4s.4p.(3P*)"	"2S*"	"1/2"	4	2		
"556.2087"	"556.20916"	"6.4e+03"	B	"0.04010046"	"2.26919352"	"3d3.4s2"	"a 4F"	"7/2"	"3d3.(4F).4s.4p.(3P*)"	"z 6D*"	"7/2"	8	8		
"556.748"	"556.74575"	"1.41e+05"	C+	"1.05091908"	"3.27786374"	"3d4.(5D).4s"	"a 4D"	"3/2"	"3d4.(5D).4p"	"y 6D*"	"3/2"	4	4		
"557.806"	"557.80503"	"1.16e+05"	C+	"1.06360365"	"3.2863193"	"3d4.(5D).4s"	"a 4D"	"5/2"	"3d4.(5D).4p"	"y 6D*"	"5/2"	6	6		
"557.995"	"557.99215"	"2.8e+05"	C+	"1.05091908"	"3.2728894"	"3d4.(5D).4s"	"a 4D"	"3/2"	"3d4.(5D).4p"	"y 6D*"	"1/2"	4	2		
"558.58551"	"558.58551"	"1.52e+06"	C+	"2.35861724"	"4.5782272&dagger;"	"3d4.(3H).4s"	"b 2H"	"9/2"	"3d4.(3F2).4p"	"x 2F*"	"7/2"	10	8		
"558.6048"	"558.60479"	"1.75e+06"	C+	"1.06360365"	"3.28313703&dagger;"	"3d4.(5D).4s"	"a 4D"	"5/2"	"3d4.(5D).4p"	"y 4D*"	"7/2"	6	8		
"559.004"	"559.00086"	"1.49e+05"	C+	"1.08061491"	"3.2985757&dagger;"	"3d4.(5D).4s"	"a 4D"	"7/2"	"3d4.(5D).4p"	"y 6D*"	"7/2"	8	8		
"559.12498"	"559.12498"	"3.0e+03"	C+	"0.06855768"	"2.28602611"	"3d3.4s2"	"a 4F"	"9/2"	"3d3.(4F).4s.4p.(3P*)"	"z 6D*"	"9/2"	10	10		
"559.3968"	"559.39675"	"2.66e+06"	B	"1.05091908"	"3.26731020"	"3d4.(5D).4s"	"a 4D"	"3/2"	"3d4.(5D).4p"	"y 4D*"	"5/2"	4	6		
"559.4512"	"559.45123"	"2.17e+04"	B+	"0.04010046"	"2.25627573"	"3d3.4s2"	"a 4F"	"7/2"	"3d3.(4F).4s.4p.(3P*)"	"z 6D*"	"5/2"	8	6		
"559.937"	"559.93512"	"2.0e+05"	C	"1.06360365"	"3.27786374"	"3d4.(5D).4s"	"a 4D"	"5/2"	"3d4.(5D).4p"	"y 6D*"	"3/2"	6	4		
"560.2938"	"560.29374"	"5.0e+06"	C+	"2.36538442"	"4.5782272&dagger;"	"3d4.(3F2).4s"	"a 2F"	"7/2"	"3d4.(3F2).4p"	"x 2F*"	"7/2"	8	8		
"560.6491"	"560.64915"	"2.76e+06"	B+	"1.04308018"	"3.25452024"	"3d4.(5D).4s"	"a 4D"	"1/2"	"3d4.(5D).4p"	"y 4D*"	"3/2"	2	4		
"562.10703"	"562.10704"	"9.0e+04"	C+	"1.08061491"	"3.2863193"	"3d4.(5D).4s"	"a 4D"	"7/2"	"3d4.(5D).4p"	"y 6D*"	"5/2"	8	6		
"562.6167"	"562.61664"	"6.4e+06"	B	"1.06360365"	"3.26731020"	"3d4.(5D).4s"	"a 4D"	"5/2"	"3d4.(5D).4p"	"y 4D*"	"5/2"	6	6		
"562.6434"	"562.64355"	"4.55e+06"	B+	"1.05091908"	"3.25452024"	"3d4.(5D).4s"	"a 4D"	"3/2"	"3d4.(5D).4p"	"y 4D*"	"3/2"	4	4		
"562.7579"	"562.75798"	"5.8e+06"	C+	"1.04308018"	"3.24623326"	"3d4.(5D).4s"	"a 4D"	"1/2"	"3d4.(5D).4p"	"y 4D*"	"1/2"	2	2		
"562.9192"	"562.91920"	"1.17e+07"	C+	"1.08061491"	"3.28313703&dagger;"	"3d4.(5D).4s"	"a 4D"	"7/2"	"3d4.(5D).4p"	"y 4D*"	"7/2"	8	8		
"563.4019"	"563.40171"	"1.56e+04"	B+	"0.06855768"	"2.26919352"	"3d3.4s2"	"a 4F"	"9/2"	"3d3.(4F).4s.4p.(3P*)"	"z 6D*"	"7/2"	10	8		
"563.7069"	"563.70691"	"3.2e+06"	C+	"2.3589638"	"4.5584081"	"3d4.(3F2).4s"	"a 2F"	"5/2"	"3d4.(3F2).4p"	"x 2F*"	"5/2"	6	6		
"564.3000"	"564.29976"	"3.6e+07"	D+	"3.26635156"	"5.4634852"	"3d3.(4F).4s.4p.(3P*)"	"z 2G*"	"9/2"	"3d3.(4F).4s.(3F).5s"	"e 2F"	"7/2"	10	8		
"564.7675"	"564.76745"	"6.5e+06"	B	"1.05091908"	"3.24623326"	"3d4.(5D).4s"	"a 4D"	"3/2"	"3d4.(5D).4p"	"y 4D*"	"1/2"	4	2		
"565.307"	"565.30634"	"4.8e+05"	D+	"1.86948173"	"4.06270318"	"3d4.(3P2).4s"	"b 4P"	"1/2"	"3d3.(4P).4s.4p.(3P*)"	"z 2P*"	"3/2"	2	4		
"565.9011"	"565.90104"	"5.0e+06"	B+	"1.06360365"	"3.25452024"	"3d4.(5D).4s"	"a 4D"	"5/2"	"3d4.(5D).4p"	"y 4D*"	"3/2"	6	4		
"566.9936"	"566.99348"	"3.06e+06"	B	"1.08061491"	"3.26731020"	"3d4.(5D).4s"	"a 4D"	"7/2"	"3d4.(5D).4p"	"y 4D*"	"5/2"	8	6		
"567.2422"	"567.24216"	"7.7e+06"	B	"1.08061491"	"3.26635156"	"3d4.(5D).4s"	"a 4D"	"7/2"	"3d3.(4F).4s.4p.(3P*)"	"z 2G*"	"9/2"	8	10		
"568.934"	"568.93313"	"2.5e+06"	C+	"2.3791679"	"4.5584081"	"3d4.(3P2).4s"	"b 2P"	"3/2"	"3d4.(3F2).4p"	"x 2F*"	"5/2"	4	6		
"570.0100"	"570.01000"	"1.95e+07"	B	"1.06360365"	"3.23872689&dagger;"	"3d4.(5D).4s"	"a 4D"	"5/2"	"3d4.(5D).4p"	"y 4F*"	"7/2"	6	8		
"570.5157"	"570.51575"	"2.11e+07"	B	"1.05091908"	"3.22411411"	"3d4.(5D).4s"	"a 4D"	"3/2"	"3d4.(5D).4p"	"y 4F*"	"5/2"	4	6		
"570.8566"	"570.85657"	"1.94e+07"	B	"1.04308018"	"3.21497771"	"3d4.(5D).4s"	"a 4D"	"1/2"	"3d4.(5D).4p"	"y 4F*"	"3/2"	2	4		
"570.9377"	"570.93796"	"1.33e+06"	C+	"2.35861724"	"4.5302052"	"3d4.(3H).4s"	"b 2H"	"9/2"	"3d4.(3F2).4p"	"2G*"	"9/2"	10	10		
"571.51580"	"571.51580"	"3.0e+05"	C	"1.89331087"	"4.06270318"	"3d4.(3P2).4s"	"b 4P"	"3/2"	"3d3.(4P).4s.4p.(3P*)"	"z 2P*"	"3/2"	4	4		
"572.7228"	"572.72270"	"1.38e+07"	B	"2.36538442"	"4.5302052"	"3d4.(3F2).4s"	"a 2F"	"7/2"	"3d4.(3F2).4p"	"2G*"	"9/2"	8	10		
"572.8634"	"572.86332"	"1.94e+07"	B	"1.08061491"	"3.24490427"	"3d4.(5D).4s"	"a 4D"	"7/2"	"3d4.(5D).4p"	"y 4F*"	"9/2"	8	10		
"572.9244"	"572.92440"	"7.3e+06"	C+	"1.05091908"	"3.21497771"	"3d4.(5D).4s"	"a 4D"	"3/2"	"3d4.(5D).4p"	"y 4F*"	"3/2"	4	4		
"573.2839"	"573.28388"	"4.6e+06"	B	"1.06360365"	"3.22630528"	"3d4.(5D).4s"	"a 4D"	"5/2"	"3d3.(4F).4s.4p.(3P*)"	"z 2G*"	"7/2"	6	8		
"573.8654"	"573.86530"	"6.1e+06"	C+	"1.06360365"	"3.22411411"	"3d4.(5D).4s"	"a 4D"	"5/2"	"3d4.(5D).4p"	"y 4F*"	"5/2"	6	6		
"574.5030"	"574.50308"	"2.6e+06"	C+	"1.08061491"	"3.23872689&dagger;"	"3d4.(5D).4s"	"a 4D"	"7/2"	"3d4.(5D).4p"	"y 4F*"	"7/2"	8	8		
"574.9299"	"574.93003"	"3.1e+06"	C+	"2.37369583"	"4.5302052"	"3d4.(3H).4s"	"b 2H"	"11/2"	"3d4.(3F2).4p"	"2G*"	"9/2"	12	10		
"575.0322"	"575.03202"	"1.02e+07"	C+	"3.05380111"	"5.2099280"	"3d4.(3D).4s"	"2D"	"5/2"	"3d4.(3D).4p"	"u 2F*"	"7/2"	6	8		
"575.0487"	"575.04862"	"3.9e+06"	D+	"1.89331087"	"4.04937550"	"3d4.(3P2).4s"	"b 4P"	"3/2"	"3d3.(2P).4s.4p.(3P*)"	"x 4D*"	"5/2"	4	6		
"575.224"	"575.22367"	"1.03e+06"	C	"1.95532863"	"4.11073714"	"3d4.(3F2).4s"	"b 4F"	"9/2"	"3d3.(4F).4s.4p.(1P*)"	"w 4F*"	"9/2"	10	10		
"576.301"	"576.30238"	"4.9e+05"	C+	"1.06360365"	"3.21497771"	"3d4.(5D).4s"	"a 4D"	"5/2"	"3d4.(5D).4p"	"y 4F*"	"3/2"	6	4		
"577.2125"	"577.21270"	"2.3e+07"	C	"3.13102962"	"5.27901073"	"3d4.(5D).4p"	"y 6F*"	"11/2"	"3d4.(5D).4d"	"f 6F"	"11/2"	12	12		
"577.4012"	"577.40128"	"8.1e+06"	C+	"1.93068628"	"4.07796588"	"3d4.(3P2).4s"	"b 4P"	"5/2"	"3d3.(2P).4s.4p.(3P*)"	"x 4D*"	"7/2"	6	8		
"577.8056"	"577.80540"	"9.6e+06"	C	"3.0554081"	"5.2011859"	"3d4.(3D).4s"	"2D"	"3/2"	"3d4.(3D).4p"	"u 2F*"	"5/2"	4	6		
"577.8293"	"577.82893"	"7.1e+05"	C+	"1.08061491"	"3.22630528"	"3d4.(5D).4s"	"a 4D"	"7/2"	"3d3.(4F).4s.4p.(3P*)"	"z 2G*"	"7/2"	8	8		
"578.5979"	"578.59803"	"2.7e+07"	C	"2.76656257"	"4.90940082"	"3d3.(4F).4s.4p.(3P*)"	"z 4G*"	"11/2"	"3d3.4s.(5F).5s"	"f 4F"	"9/2"	12	10		
"579.214"	"579.21937"	"7.4e+05"	C	"1.94955593"	"4.09009550"	"3d4.(3F2).4s"	"b 4F"	"7/2"	"3d3.(4F).4s.4p.(1P*)"	"w 4F*"	"7/2"	8	8		
"579.44394"	"579.44394"	"1.6e+05"	D+	"2.12223095"	"4.2619410"	"3d4.(3G).4s"	"a 4G"	"7/2"	"3d3.(2D2).4s.4p.(3P*)"	"4F*"	"7/2"	8	8		
"579.95955"	"579.95954"	"3.6e+06"	C	"3.0721203"	"5.2099280"	"3d3.4s2"	"2F"	"7/2"	"3d4.(3D).4p"	"u 2F*"	"7/2"	8	8		
"580.1452"	"580.1452"	"5.7e+07"	C	"3.0785550"	"5.2156786"	"3d4.(5D).4p"	"y 6F*"	"3/2"	"3d4.(5D).4d"	"e 6G"	"5/2"	4	6		
"580.8709"	"580.8709"	"6.2e+07"	C	"3.0870583"	"5.2215118"	"3d4.(5D).4p"	"y 6F*"	"5/2"	"3d4.(5D).4d"	"e 6G"	"7/2"	6	8		
"581.6396"	"581.63886"	"6.6e+05"	C	"2.13030555"	"4.2619410"	"3d4.(3G).4s"	"a 4G"	"9/2"	"3d3.(2D2).4s.4p.(3P*)"	"4F*"	"7/2"	10	8		
"581.9104"	"581.91041"	"6.9e+07"	C	"3.09872579"	"5.2293665"	"3d4.(5D).4p"	"y 6F*"	"7/2"	"3d4.(5D).4d"	"e 6G"	"9/2"	8	10		
"582.821"	"582.81987"	"6.0e+05"	C+	"1.94517098"	"4.07248690"	"3d4.(3F2).4s"	"b 4F"	"5/2"	"3d3.(4F).4s.4p.(1P*)"	"w 4F*"	"5/2"	6	6		
"583.2290"	"583.22910"	"7.5e+07"	C	"3.1134259"	"5.2392491"	"3d4.(5D).4p"	"y 6F*"	"9/2"	"3d4.(5D).4d"	"e 6G"	"11/2"	10	12		
"584.68898"	"584.68898"	"1.4e+05"	C	"1.94218780"	"4.06270318"	"3d4.(3F2).4s"	"b 4F"	"3/2"	"3d3.(4P).4s.4p.(3P*)"	"z 2P*"	"3/2"	4	4		
"584.7873"	"584.78725"	"8.2e+07"	C	"3.13102962"	"5.2511887"	"3d4.(5D).4p"	"y 6F*"	"11/2"	"3d4.(5D).4d"	"e 6G"	"13/2"	12	14		
"585.1925"	"585.19294"	"3.3e+06"	D+	"1.93068628"	"4.04937550"	"3d4.(3P2).4s"	"b 4P"	"5/2"	"3d3.(2P).4s.4p.(3P*)"	"x 4D*"	"5/2"	6	6		
"587.46792"	"587.46792"	"2.0e+05"	C	"2.61626360"	"4.7267482"	"3d4.(3G).4s"	"2G"	"7/2"	"3d4.(3H).4p"	"x 2H*"	"9/2"	8	10		
"592.621"	"592.62167"	"5.e+05"	E	"1.86756890"	"3.95969959"	"3d4.(3H).4s"	"a 4H"	"13/2"	"3d3.(4F).4s.4p.(1P*)"	"x 4G*"	"11/2"	14	12		
"598.057"	"598.05597"	"8.e+05"	D+	"1.85987915"	"3.93299947"	"3d4.(3H).4s"	"a 4H"	"11/2"	"3d3.(4F).4s.4p.(1P*)"	"x 4G*"	"9/2"	12	10		
"598.2438"	"598.24374"	"3.0e+05"	B	"1.19484056"	"3.26731020"	"3d3.4s2"	"a 4P"	"3/2"	"3d4.(5D).4p"	"y 4D*"	"5/2"	4	6		
"598.626"	"598.62886"	"1.69e+05"	C+	"1.18338392"	"3.25452024"	"3d3.4s2"	"a 4P"	"1/2"	"3d4.(5D).4p"	"y 4D*"	"3/2"	2	4		
"600.3965"	"600.39650"	"3.8e+05"	C+	"1.21809838"	"3.28313703&dagger;"	"3d3.4s2"	"a 4P"	"5/2"	"3d4.(5D).4p"	"y 4D*"	"7/2"	6	8		
"600.4287"	"600.42866"	"8.1e+05"	B+	"1.05091908"	"3.11584714"	"3d4.(5D).4s"	"a 4D"	"3/2"	"3d4.(5D).4p"	"z 4P*"	"5/2"	4	6		
"601.031"	"601.03371"	"3.4e+05"	C+	"1.18338392"	"3.24623326"	"3d3.4s2"	"a 4P"	"1/2"	"3d4.(5D).4p"	"y 4D*"	"1/2"	2	2		
"601.7785"	"601.77871"	"4.1e+06"	B	"2.67846275"	"4.73875827"	"3d4.(1G2).4s"	"b 2G"	"9/2"	"3d4.(3H).4p"	"x 2H*"	"11/2"	10	12		
"601.957"	"601.95864"	"1.95e+05"	B+	"1.19484056"	"3.25452024"	"3d3.4s2"	"a 4P"	"3/2"	"3d4.(5D).4p"	"y 4D*"	"3/2"	4	4		
"602.7067"	"602.70707"	"5.8e+05"	C+	"1.85348429"	"3.91060631"	"3d4.(3H).4s"	"a 4H"	"9/2"	"3d3.(4F).4s.4p.(1P*)"	"x 4G*"	"7/2"	10	8		
"604.1398"	"604.13981"	"6.6e+06"	B+	"1.06360365"	"3.11584714"	"3d4.(5D).4s"	"a 4D"	"5/2"	"3d4.(5D).4p"	"z 4P*"	"5/2"	6	6		
"605.031"	"605.03359"	"7.6e+04"	C+	"1.21809838"	"3.26731020"	"3d3.4s2"	"a 4P"	"5/2"	"3d4.(5D).4p"	"y 4D*"	"5/2"	6	6		
"605.9820"	"605.98194"	"1.77e+06"	B	"1.04308018"	"3.08908503"	"3d4.(5D).4s"	"a 4D"	"1/2"	"3d4.(5D).4p"	"z 4P*"	"3/2"	2	4		
"606.50670"	"606.50670"	"4.9e+05"	C	"1.84859919"	"3.8928338"	"3d4.(3H).4s"	"a 4H"	"7/2"	"3d3.(4F).4s.4p.(1P*)"	"x 4G*"	"5/2"	8	6		
"606.8927"	"606.89278"	"3.7e+06"	B	"2.6838140"	"4.7267482"	"3d4.(1G2).4s"	"b 2G"	"7/2"	"3d4.(3H).4p"	"x 2H*"	"9/2"	8	10		
"608.3125"	"608.31258"	"1.10e+07"	B	"1.05091908"	"3.08908503"	"3d4.(5D).4s"	"a 4D"	"3/2"	"3d4.(5D).4p"	"z 4P*"	"3/2"	4	4		
"608.9178"	"608.91809"	"9.3e+04"	C+	"1.05091908"	"3.0870583"	"3d4.(5D).4s"	"a 4D"	"3/2"	"3d4.(5D).4p"	"y 6F*"	"5/2"	4	6		
"609.116"	"609.11682"	"7.8e+04"	C	"1.04308018"	"3.0785550"	"3d4.(5D).4s"	"a 4D"	"1/2"	"3d4.(5D).4p"	"y 6F*"	"3/2"	2	4		
"609.1895"	"609.18944"	"2.57e+07"	B+	"1.08061491"	"3.11584714"	"3d4.(5D).4s"	"a 4D"	"7/2"	"3d4.(5D).4p"	"z 4P*"	"5/2"	8	6		
"609.9146"	"609.91505"	"5.1e+04"	C	"1.08061491"	"3.1134259"	"3d4.(5D).4s"	"a 4D"	"7/2"	"3d4.(5D).4p"	"y 6F*"	"9/2"	8	10		
"611.3343"	"611.33423"	"1.66e+07"	B+	"1.04308018"	"3.07117204"	"3d4.(5D).4s"	"a 4D"	"1/2"	"3d4.(5D).4p"	"z 4P*"	"1/2"	2	2		
"611.47169"	"611.47169"	"6.6e+04"	C	"1.05091908"	"3.0785550"	"3d4.(5D).4s"	"a 4D"	"3/2"	"3d4.(5D).4p"	"y 6F*"	"3/2"	4	4		
"612.1222"	"612.12214"	"1.97e+07"	B	"1.06360365"	"3.08908503"	"3d4.(5D).4s"	"a 4D"	"5/2"	"3d4.(5D).4p"	"z 4P*"	"3/2"	6	4		
"613.7063"	"613.70631"	"1.53e+07"	B+	"1.05091908"	"3.07117204"	"3d4.(5D).4s"	"a 4D"	"3/2"	"3d4.(5D).4p"	"z 4P*"	"1/2"	4	2		
"617.91453"	"617.91453"	"7.4e+05"	B	"2.61626360"	"4.62275791"	"3d4.(3G).4s"	"2G"	"7/2"	"3d4.(3H).4p"	"z 4I*"	"9/2"	8	10		
"618.062"	"618.06195"	"1.6e+04"	D	"1.21809838"	"3.22411411"	"3d3.4s2"	"a 4P"	"5/2"	"3d4.(5D).4p"	"y 4F*"	"5/2"	6	6		
"618.3575"	"618.35730"	"1.54e+05"	C+	"1.05091908"	"3.05597666"	"3d4.(5D).4s"	"a 4D"	"3/2"	"3d4.(5D).4p"	"z 6P*"	"3/2"	4	4		
"619.2218"	"619.22192"	"8.6e+04"	C+	"1.06360365"	"3.06586155"	"3d4.(5D).4s"	"a 4D"	"5/2"	"3d4.(5D).4p"	"z 6P*"	"5/2"	6	6		
"620.0906"	"620.09063"	"6.0e+05"	B+	"0.28657323"	"2.28602611"	"3d4.(5D).4s"	"a 6D"	"7/2"	"3d3.(4F).4s.4p.(3P*)"	"z 6D*"	"9/2"	8	10		
"621.6467"	"621.64703"	"1.24e+06"	C+	"2.63784466"	"4.63229155"	"3d4.(3G).4s"	"2G"	"9/2"	"3d4.(3H).4p"	"v 2G*"	"9/2"	10	10		
"621.8084"	"621.80841"	"9.9e+05"	B+	"0.27526426"	"2.26919352"	"3d4.(5D).4s"	"a 6D"	"5/2"	"3d3.(4F).4s.4p.(3P*)"	"z 6D*"	"7/2"	6	8		
"622.2939"	"622.29411"	"2.43e+05"	B	"1.06360365"	"3.05597666"	"3d4.(5D).4s"	"a 4D"	"5/2"	"3d4.(5D).4p"	"z 6P*"	"3/2"	6	4		
"623.2522"	"623.25217"	"1.22e+06"	B+	"0.26696538"	"2.25627573"	"3d4.(5D).4s"	"a 6D"	"3/2"	"3d3.(4F).4s.4p.(3P*)"	"z 6D*"	"5/2"	4	6		
"624.4548"	"624.45485"	"1.13e+06"	B+	"0.26188959"	"2.2473686"	"3d4.(5D).4s"	"a 6D"	"1/2"	"3d3.(4F).4s.4p.(3P*)"	"z 6D*"	"3/2"	2	4		
"624.4834"	"624.48344"	"1.94e+06"	B+	"0.30063800"	"2.28602611"	"3d4.(5D).4s"	"a 6D"	"9/2"	"3d3.(4F).4s.4p.(3P*)"	"z 6D*"	"9/2"	10	10		
"625.3551"	"625.35524"	"9.0e+05"	B+	"0.28657323"	"2.26919352"	"3d4.(5D).4s"	"a 6D"	"7/2"	"3d3.(4F).4s.4p.(3P*)"	"z 6D*"	"7/2"	8	8		
"625.8631"	"625.86310"	"2.73e+05"	B+	"0.27526426"	"2.25627573"	"3d4.(5D).4s"	"a 6D"	"5/2"	"3d3.(4F).4s.4p.(3P*)"	"z 6D*"	"5/2"	6	6		
"626.0302"	"626.03021"	"7.3e+05"	B+	"0.26188959"	"2.24237226"	"3d4.(5D).4s"	"a 6D"	"1/2"	"3d3.(4F).4s.4p.(3P*)"	"z 6D*"	"1/2"	2	2		
"627.6387"	"627.63879"	"1.71e+06"	B+	"0.26696538"	"2.24237226"	"3d4.(5D).4s"	"a 6D"	"3/2"	"3d3.(4F).4s.4p.(3P*)"	"z 6D*"	"1/2"	4	2		
"628.406"	"628.40671"	"1.5e+06"	C	"2.13774423"	"4.11073714"	"3d4.(3G).4s"	"a 4G"	"11/2"	"3d3.(4F).4s.4p.(1P*)"	"w 4F*"	"9/2"	12	10		
"628.6898"	"628.68986"	"1.28e+06"	B+	"0.27526426"	"2.2473686"	"3d4.(5D).4s"	"a 6D"	"5/2"	"3d3.(4F).4s.4p.(3P*)"	"z 6D*"	"3/2"	6	4		
"628.8635"	"628.86374"	"2.8e+07"	C	"3.2985757&dagger;"	"5.2701347"	"3d4.(5D).4p"	"y 6D*"	"7/2"	"3d4.(5D).4d"	"f 6F"	"9/2"	8	10		
"629.4564"	"629.45647"	"9.6e+05"	B+	"0.28657323"	"2.25627573"	"3d4.(5D).4s"	"a 6D"	"7/2"	"3d3.(4F).4s.4p.(3P*)"	"z 6D*"	"5/2"	8	6		
"629.8231"	"629.82323"	"5.4e+05"	B+	"0.30063800"	"2.26919352"	"3d4.(5D).4s"	"a 6D"	"9/2"	"3d3.(4F).4s.4p.(3P*)"	"z 6D*"	"7/2"	10	8		
"630.38419"	"630.38419"	"4.1e+04"	D+	"1.85987915"	"3.8266829"	"3d4.(3H).4s"	"a 4H"	"11/2"	"3d3.(2G).4s.4p.(3P*)"	"y 4G*"	"11/2"	12	12		
"630.6029"	"630.60303"	"2.5e+07"	C	"3.2863193"	"5.2524405"	"3d4.(5D).4p"	"y 6D*"	"5/2"	"3d4.(5D).4d"	"f 6F"	"7/2"	6	8		
"631.3222"	"631.32230"	"2.8e+07"	C	"3.31512954"	"5.27901073"	"3d4.(5D).4p"	"y 6D*"	"9/2"	"3d4.(5D).4d"	"f 6F"	"11/2"	10	12		
"632.2933"	"632.29355"	"2.9e+07"	C	"3.31512954"	"5.2759941"	"3d4.(5D).4p"	"y 6D*"	"9/2"	"3d4.(5D).4d"	"f 6D"	"9/2"	10	10		
"632.6394"	"632.64024"	"1.17e+06"	C	"2.13030555"	"4.09009550"	"3d4.(3G).4s"	"a 4G"	"9/2"	"3d3.(4F).4s.4p.(1P*)"	"w 4F*"	"7/2"	10	8		
"632.8588"	"632.85852"	"2.4e+06"	C+	"1.86756890"	"3.8266829"	"3d4.(3H).4s"	"a 4H"	"13/2"	"3d3.(2G).4s.4p.(3P*)"	"y 4G*"	"11/2"	14	12		
"634.0835"	"634.08344"	"2.2e+06"	C+	"1.85987915"	"3.8152085"	"3d4.(3H).4s"	"a 4H"	"11/2"	"3d3.(2G).4s.4p.(3P*)"	"y 4G*"	"9/2"	12	10		
"634.5709"	"634.57043"	"1.13e+06"	C+	"2.67846275"	"4.63229155"	"3d4.(1G2).4s"	"b 2G"	"9/2"	"3d4.(3H).4p"	"v 2G*"	"9/2"	10	10		
"635.1229"	"635.12287"	"2.3e+06"	C+	"1.85348429"	"3.80561364"	"3d4.(3H).4s"	"a 4H"	"9/2"	"3d3.(2G).4s.4p.(3P*)"	"y 4G*"	"7/2"	10	8		
"635.7328"	"635.73296"	"1.05e+06"	C	"2.12223095"	"4.07248690"	"3d4.(3G).4s"	"a 4G"	"7/2"	"3d3.(4F).4s.4p.(1P*)"	"w 4F*"	"5/2"	8	6		
"635.9049"	"635.90489"	"2.4e+06"	C	"1.84859919"	"3.79832783"	"3d4.(3H).4s"	"a 4H"	"7/2"	"3d3.(2G).4s.4p.(3P*)"	"y 4G*"	"5/2"	8	6		
""	"635.96123"	"4.0e-02"	D+	"0.00000000"	"1.94955593"	"3d3.4s2"	"a 4F"	"3/2"	"3d4.(3F2).4s"	"b 4F"	"7/2"	4	8	E2	
""	"637.39486"	"3.9e-01"	D+	"0.00000000"	"1.94517098"	"3d3.4s2"	"a 4F"	"3/2"	"3d4.(3F2).4s"	"b 4F"	"5/2"	4	6	E2	
"637.626"	"637.62473"	"1.9e+06"	D+	"2.11454108"	"4.0590108"	"3d4.(3G).4s"	"a 4G"	"5/2"	"3d3.(4F).4s.4p.(1P*)"	"w 4F*"	"3/2"	6	4		
""	"638.37389"	"4.8e-01"	D+	"0.00000000"	"1.94218780"	"3d3.4s2"	"a 4F"	"3/2"	"3d4.(3F2).4s"	"b 4F"	"3/2"	4	4	E2	
""	"639.65588"	"2.4e-02"	D+	"0.01703332"	"1.95532863"	"3d3.4s2"	"a 4F"	"5/2"	"3d4.(3F2).4s"	"b 4F"	"9/2"	6	10	E2	
""	"641.56661"	"3.8e-01"	C+	"0.01703332"	"1.94955593"	"3d3.4s2"	"a 4F"	"5/2"	"3d4.(3F2).4s"	"b 4F"	"7/2"	6	8	E2	
""	"643.02566"	"2.0e-01"	D+	"0.01703332"	"1.94517098"	"3d3.4s2"	"a 4F"	"5/2"	"3d4.(3F2).4s"	"b 4F"	"5/2"	6	6	E2	
""	"644.02208"	"4.5e-01"	D+	"0.01703332"	"1.94218780"	"3d3.4s2"	"a 4F"	"5/2"	"3d4.(3F2).4s"	"b 4F"	"3/2"	6	4	E2	
"645.4127"	"645.41267"	"1.66e+06"	B+	"1.19484056"	"3.11584714"	"3d3.4s2"	"a 4P"	"3/2"	"3d4.(5D).4p"	"z 4P*"	"5/2"	4	6		
"647.149"	"647.14942"	"2.0e+04"	D	"1.3505004"	"3.26635156"	"3d3.4s2"	"a 2G"	"7/2"	"3d3.(4F).4s.4p.(3P*)"	"z 2G*"	"9/2"	8	10		
""	"647.35993"	"2.9e-01"	C+	"0.04010046"	"1.95532863"	"3d3.4s2"	"a 4F"	"7/2"	"3d4.(3F2).4s"	"b 4F"	"9/2"	8	10	E2	
""	"647.89281"	"7.1e-02"	D+	"0.01703332"	"1.93068628"	"3d3.4s2"	"a 4F"	"5/2"	"3d4.(3P2).4s"	"b 4P"	"5/2"	6	6	E2	
"648.9849"	"648.98507"	"1.5e+06"	C	"2.36538442"	"4.2758166"	"3d4.(3F2).4s"	"a 2F"	"7/2"	"3d3.(2D2).4s.4p.(3P*)"	"4F*"	"5/2"	8	6		
"649.2473"	"649.24749"	"1.2e+06"	C	"2.3589638"	"4.2686238"	"3d4.(3F2).4s"	"a 2F"	"5/2"	"3d3.(2D2).4s.4p.(3P*)"	"4F*"	"3/2"	6	4		
""	"649.31705"	"2.8e-01"	D+	"0.04010046"	"1.94955593"	"3d3.4s2"	"a 4F"	"7/2"	"3d4.(3F2).4s"	"b 4F"	"7/2"	8	8	E2	
"650.5963"	"650.59625"	"2.12e+06"	B	"1.18338392"	"3.08908503"	"3d3.4s2"	"a 4P"	"1/2"	"3d4.(5D).4p"	"z 4P*"	"3/2"	2	4		
""	"650.81159"	"3.5e-01"	D+	"0.04010046"	"1.94517098"	"3d3.4s2"	"a 4F"	"7/2"	"3d4.(3F2).4s"	"b 4F"	"5/2"	8	6	E2	
""	"651.83231"	"5.4e-02"	D+	"0.04010046"	"1.94218780"	"3d3.4s2"	"a 4F"	"7/2"	"3d4.(3F2).4s"	"b 4F"	"3/2"	8	4	E2	
"653.3225"	"653.32251"	"3.99e+06"	B+	"1.21809838"	"3.11584714"	"3d3.4s2"	"a 4P"	"5/2"	"3d4.(5D).4p"	"z 4P*"	"5/2"	6	6		
"654.5310"	"654.53114"	"7.8e+05"	B	"1.19484056"	"3.08908503"	"3d3.4s2"	"a 4P"	"3/2"	"3d4.(5D).4p"	"z 4P*"	"3/2"	4	4		
""	"654.85389"	"1.5e-01"	D+	"0.00000000"	"1.89331087"	"3d3.4s2"	"a 4F"	"3/2"	"3d4.(3P2).4s"	"b 4P"	"3/2"	4	4	E2	
"655.1826"	"655.18275"	"1.12e+06"	C+	"2.63784466"	"4.5302052"	"3d4.(3G).4s"	"2G"	"9/2"	"3d4.(3F2).4p"	"2G*"	"9/2"	10	10		
""	"655.79778"	"3.0e-01"	D+	"0.04010046"	"1.93068628"	"3d3.4s2"	"a 4F"	"7/2"	"3d4.(3P2).4s"	"b 4P"	"5/2"	8	6	E2	
"655.9830"	"655.98263"	"1.92e+05"	C+	"1.37629850"	"3.26635156"	"3d3.4s2"	"a 2G"	"9/2"	"3d3.(4F).4s.4p.(3P*)"	"z 2G*"	"9/2"	10	10		
"656.18993"	"656.18994"	"2.3e+05"	D+	"2.3791679"	"4.2686238"	"3d4.(3P2).4s"	"b 2P"	"3/2"	"3d3.(2D2).4s.4p.(3P*)"	"4F*"	"3/2"	4	4		
"656.7697"	"656.76967"	"6.4e+05"	B+	"1.18338392"	"3.07117204"	"3d3.4s2"	"a 4P"	"1/2"	"3d4.(5D).4p"	"z 4P*"	"1/2"	2	2		
""	"657.12374"	"5.7e-01"	C+	"0.06855768"	"1.95532863"	"3d3.4s2"	"a 4F"	"9/2"	"3d4.(3F2).4s"	"b 4F"	"9/2"	10	10	E2	
""	"659.14043"	"2.2e-01"	D+	"0.06855768"	"1.94955593"	"3d3.4s2"	"a 4F"	"9/2"	"3d4.(3F2).4s"	"b 4F"	"7/2"	10	8	E2	
"660.7798"	"660.77982"	"3.65e+06"	B+	"1.19484056"	"3.07117204"	"3d3.4s2"	"a 4P"	"3/2"	"3d4.(5D).4p"	"z 4P*"	"1/2"	4	2		
""	"660.79882"	"4.5e-01"	D+	"0.01703332"	"1.89331087"	"3d3.4s2"	"a 4F"	"5/2"	"3d4.(3P2).4s"	"b 4P"	"3/2"	6	4	E2	
"660.9653"	"660.96531"	"2.0e+05"	C+	"1.3505004"	"3.22630528"	"3d3.4s2"	"a 2G"	"7/2"	"3d3.(4F).4s.4p.(3P*)"	"z 2G*"	"7/2"	8	8		
"662.09911"	"662.09911"	"4.1e+04"	C+	"1.18338392"	"3.05597666"	"3d3.4s2"	"a 4P"	"1/2"	"3d4.(5D).4p"	"z 6P*"	"3/2"	2	4		
"662.5372"	"662.53729"	"1.9e+05"	C+	"1.95532863"	"3.8266829"	"3d4.(3F2).4s"	"b 4F"	"9/2"	"3d3.(2G).4s.4p.(3P*)"	"y 4G*"	"11/2"	10	12		
"662.6674"	"662.66747"	"1.89e+06"	B	"1.21809838"	"3.08908503"	"3d3.4s2"	"a 4P"	"5/2"	"3d4.(5D).4p"	"z 4P*"	"3/2"	6	4		
""	"663.20091"	"7.3e-01"	D+	"0.00000000"	"1.86948173"	"3d3.4s2"	"a 4F"	"3/2"	"3d4.(3P2).4s"	"b 4P"	"1/2"	4	2	E2	
"663.5116"	"663.51180"	"1.00e+05"	C+	"1.37629850"	"3.24490427"	"3d3.4s2"	"a 2G"	"9/2"	"3d4.(5D).4p"	"y 4F*"	"9/2"	10	10		
"664.5621"	"664.56209"	"2.2e+05"	C	"1.94955593"	"3.8152085"	"3d4.(3F2).4s"	"b 4F"	"7/2"	"3d3.(2G).4s.4p.(3P*)"	"y 4G*"	"9/2"	8	10		
""	"665.81974"	"8.6e-01"	C+	"0.06855768"	"1.93068628"	"3d3.4s2"	"a 4F"	"9/2"	"3d4.(3P2).4s"	"b 4P"	"5/2"	10	6	E2	
"665.9473"	"665.94753"	"2.6e+05"	C	"1.86948173"	"3.73125300"	"3d4.(3P2).4s"	"b 4P"	"1/2"	"3d3.(4P).4s.4p.(3P*)"	"y 4P*"	"3/2"	2	4		
"666.4229"	"666.42311"	"1.5e+05"	C+	"1.94517098"	"3.80561364"	"3d4.(3F2).4s"	"b 4F"	"5/2"	"3d3.(2G).4s.4p.(3P*)"	"y 4G*"	"7/2"	6	8		
""	"668.16331"	"8.e-03"	E	"0.01703332"	"1.8726306"	"3d3.4s2"	"a 4F"	"5/2"	"3d3.4s2"	"a 2H"	"9/2"	6	10	E2	
""	"669.02386"	"6.0e-01"	C+	"0.04010046"	"1.89331087"	"3d3.4s2"	"a 4F"	"7/2"	"3d4.(3P2).4s"	"b 4P"	"3/2"	8	4	E2	
""	"669.28133"	"3.e-03"	E	"0.04010046"	"1.8925980"	"3d3.4s2"	"a 4F"	"7/2"	"3d3.4s2"	"a 2H"	"11/2"	8	12	E2	
""	"669.29906"	"4.7e-01"	D+	"0.01703332"	"1.86948173"	"3d3.4s2"	"a 4F"	"5/2"	"3d4.(3P2).4s"	"b 4P"	"1/2"	6	2	E2	
""	"670.69270"	"7.7e-01"	C+	"0.00000000"	"1.84859919"	"3d3.4s2"	"a 4F"	"3/2"	"3d4.(3H).4s"	"a 4H"	"7/2"	4	8	E2	
"670.992"	"670.99616"	"5.8e+04"	C+	"1.21809838"	"3.06586155"	"3d3.4s2"	"a 4P"	"5/2"	"3d4.(5D).4p"	"z 6P*"	"5/2"	6	6		
"673.3895"	"673.38974"	"1.93e+05"	C+	"1.89331087"	"3.7345061"	"3d4.(3P2).4s"	"b 4P"	"3/2"	"3d3.(4P).4s.4p.(3P*)"	"y 4P*"	"5/2"	4	6		
""	"675.12937"	"7.5e-01"	C+	"0.01703332"	"1.85348429"	"3d3.4s2"	"a 4F"	"5/2"	"3d4.(3H).4s"	"a 4H"	"9/2"	6	10	E2	
"675.4874"	"675.48741"	"4.6e+05"	C+	"1.08061491"	"2.91609248"	"3d4.(5D).4s"	"a 4D"	"7/2"	"3d3.(4F).4s.4p.(3P*)"	"z 4F*"	"9/2"	8	10		
"676.199"	"676.20060"	"1.47e+06"	C+	"2.7892162"	"4.62275791"	"3d4.(1I).4s"	"2I"	"11/2"	"3d4.(3H).4p"	"z 4I*"	"9/2"	12	10		
""	"676.57387"	"2.e-03"	E	"0.04010046"	"1.8726306"	"3d3.4s2"	"a 4F"	"7/2"	"3d3.4s2"	"a 2H"	"9/2"	8	10	E2	
""	"676.93005"	"1.4e-01"	D+	"0.01703332"	"1.84859919"	"3d3.4s2"	"a 4F"	"5/2"	"3d4.(3H).4s"	"a 4H"	"7/2"	6	8	E2	
"677.9184"	"677.91807"	"3.4e+05"	C+	"1.89331087"	"3.7222074"	"3d4.(3P2).4s"	"b 4P"	"3/2"	"3d3.(4P).4s.4p.(3P*)"	"y 4P*"	"1/2"	4	2		
"678.6872"	"678.68730"	"3.2e+05"	B	"1.05091908"	"2.87774268"	"3d4.(5D).4s"	"a 4D"	"3/2"	"3d3.(4F).4s.4p.(3P*)"	"z 4F*"	"5/2"	4	6		
""	"679.72292"	"9.e-04"	E	"0.06855768"	"1.8925980"	"3d3.4s2"	"a 4F"	"9/2"	"3d3.4s2"	"a 2H"	"11/2"	10	12	E2	
""	"681.31471"	"7.7e-01"	C+	"0.04010046"	"1.85987915"	"3d3.4s2"	"a 4F"	"7/2"	"3d4.(3H).4s"	"a 4H"	"11/2"	8	12	E2	
"681.4280"	"681.42799"	"2.6e+05"	B	"1.04308018"	"2.86255635"	"3d4.(5D).4s"	"a 4D"	"1/2"	"3d3.(4F).4s.4p.(3P*)"	"z 4F*"	"3/2"	2	4		
"683.4324"	"683.43273"	"8.9e+04"	C+	"1.06360365"	"2.87774268"	"3d4.(5D).4s"	"a 4D"	"5/2"	"3d3.(4F).4s.4p.(3P*)"	"z 4F*"	"5/2"	6	6		
""	"683.71735"	"1.3e-01"	D+	"0.04010046"	"1.85348429"	"3d3.4s2"	"a 4F"	"7/2"	"3d4.(3H).4s"	"a 4H"	"9/2"	8	10	E2	
"684.3766"	"684.37651"	"1.05e+05"	C+	"1.05091908"	"2.86255635"	"3d4.(5D).4s"	"a 4D"	"3/2"	"3d3.(4F).4s.4p.(3P*)"	"z 4F*"	"3/2"	4	4		
""	"687.34116"	"1.0e-03"	D+	"0.00000000"	"1.8038233"	"3d3.4s2"	"a 4F"	"3/2"	"3d3.4s2"	"2D2"	"5/2"	4	6	M1	
"687.3426"	"687.34248"	"2.9e+05"	C+	"1.93068628"	"3.7345061"	"3d4.(3P2).4s"	"b 4P"	"5/2"	"3d3.(4P).4s.4p.(3P*)"	"y 4P*"	"5/2"	6	6		
"688.5843"	"688.58431"	"1.8e+05"	C+	"1.93068628"	"3.73125300"	"3d4.(3P2).4s"	"b 4P"	"5/2"	"3d3.(4P).4s.4p.(3P*)"	"y 4P*"	"3/2"	6	4		
""	"688.95405"	"1.3e-02"	D+	"0.00000000"	"1.7996004"	"3d3.4s2"	"a 4F"	"3/2"	"3d3.4s2"	"2D2"	"3/2"	4	4	M1	
""	"689.17969"	"8.1e-01"	C+	"0.06855768"	"1.86756890"	"3d3.4s2"	"a 4F"	"9/2"	"3d4.(3H).4s"	"a 4H"	"13/2"	10	14	E2	
""	"692.13818"	"7.5e-02"	D+	"0.06855768"	"1.85987915"	"3d3.4s2"	"a 4F"	"9/2"	"3d4.(3H).4s"	"a 4H"	"11/2"	10	12	E2	
""	"693.89352"	"2.7e-03"	D+	"0.01703332"	"1.8038233"	"3d3.4s2"	"a 4F"	"5/2"	"3d3.4s2"	"2D2"	"5/2"	6	6	M1+E2	
""	"695.53736"	"2.3e-02"	D+	"0.01703332"	"1.7996004"	"3d3.4s2"	"a 4F"	"5/2"	"3d3.4s2"	"2D2"	"3/2"	6	4	M1	
""	"702.96872"	"2.1e-02"	D+	"0.04010046"	"1.8038233"	"3d3.4s2"	"a 4F"	"7/2"	"3d3.4s2"	"2D2"	"5/2"	8	6	M1+E2	
""	"714.49695"	"2.e-03"	E	"0.06855768"	"1.8038233"	"3d3.4s2"	"a 4F"	"9/2"	"3d3.4s2"	"2D2"	"5/2"	10	6	E2	
"716.1856"	"716.18550"	"4.4e+05"	C	"2.33152880"	"4.06270318"	"3d4.(3P2).4s"	"b 2P"	"1/2"	"3d3.(4P).4s.4p.(3P*)"	"z 2P*"	"3/2"	2	4		
""	"724.06525"	"7.e-04"	E	"0.00000000"	"1.7123346"	"3d3.4s2"	"a 4F"	"3/2"	"3d3.4s2"	"a 2P"	"1/2"	4	2	E2	
""	"724.5562"	"1.2e-03"	E	"0.00000000"	"1.7111742"	"3d3.4s2"	"a 4F"	"3/2"	"3d3.4s2"	"a 2P"	"3/2"	4	4	M1+E2	
"730.8757"	"730.87629"	"1.11e+05"	C	"2.13030555"	"3.8266829"	"3d4.(3G).4s"	"a 4G"	"9/2"	"3d3.(2G).4s.4p.(3P*)"	"y 4G*"	"11/2"	10	12		
""	"731.84112"	"1.9e-03"	E	"0.01703332"	"1.7111742"	"3d3.4s2"	"a 4F"	"5/2"	"3d3.4s2"	"a 2P"	"3/2"	6	4	M1+E2	
"732.3435"	"732.34401"	"1.6e+05"	C	"2.12223095"	"3.8152085"	"3d4.(3G).4s"	"a 4G"	"7/2"	"3d3.(2G).4s.4p.(3P*)"	"y 4G*"	"9/2"	8	10		
"733.1690"	"733.16901"	"1.4e+05"	C	"2.11454108"	"3.80561364"	"3d4.(3G).4s"	"a 4G"	"5/2"	"3d3.(2G).4s.4p.(3P*)"	"y 4G*"	"7/2"	6	8		
"734.0954"	"734.09533"	"1.9e+06"	C+	"2.13774423"	"3.8266829"	"3d4.(3G).4s"	"a 4G"	"11/2"	"3d3.(2G).4s.4p.(3P*)"	"y 4G*"	"11/2"	12	12		
"735.3786"	"735.37906"	"5.0e+05"	D+	"2.5826335"	"4.2686238"	"3d4.(3D).4s"	"b 4D"	"1/2"	"3d3.(2D2).4s.4p.(3P*)"	"4F*"	"3/2"	2	4		
"735.8539"	"735.85364"	"1.6e+06"	C+	"2.13030555"	"3.8152085"	"3d4.(3G).4s"	"a 4G"	"9/2"	"3d3.(2G).4s.4p.(3P*)"	"y 4G*"	"9/2"	10	10		
"736.0650"	"736.0648"	"9.6e+05"	C	"2.57752139"	"4.2619410"	"3d4.(3D).4s"	"b 4D"	"5/2"	"3d3.(2D2).4s.4p.(3P*)"	"4F*"	"7/2"	6	8		
"736.3416"	"736.34146"	"1.7e+06"	C	"2.11454108"	"3.79832783"	"3d4.(3G).4s"	"a 4G"	"5/2"	"3d3.(2G).4s.4p.(3P*)"	"y 4G*"	"5/2"	6	6		
"736.5182"	"736.51820"	"1.5e+06"	C+	"2.12223095"	"3.80561364"	"3d4.(3G).4s"	"a 4G"	"7/2"	"3d3.(2G).4s.4p.(3P*)"	"y 4G*"	"7/2"	8	8		
""	"737.87021"	"1.1e-03"	D+	"0.26188959"	"1.94218780"	"3d4.(5D).4s"	"a 6D"	"1/2"	"3d4.(3F2).4s"	"b 4F"	"3/2"	2	4	M1+E2	
""	"738.79028"	"3.0e-03"	D+	"0.26696538"	"1.94517098"	"3d4.(5D).4s"	"a 6D"	"3/2"	"3d4.(3F2).4s"	"b 4F"	"5/2"	4	6	M1	
"739.1170"	"739.1168"	"8.8e+04"	C	"2.13774423"	"3.8152085"	"3d4.(3G).4s"	"a 4G"	"11/2"	"3d3.(2G).4s.4p.(3P*)"	"y 4G*"	"9/2"	12	10		
"740.0682"	"740.06805"	"1.4e+05"	C	"2.13030555"	"3.80561364"	"3d4.(3G).4s"	"a 4G"	"9/2"	"3d3.(2G).4s.4p.(3P*)"	"y 4G*"	"7/2"	10	8		
""	"740.10589"	"3.7e-03"	D+	"0.26696538"	"1.94218780"	"3d4.(5D).4s"	"a 6D"	"3/2"	"3d4.(3F2).4s"	"b 4F"	"3/2"	4	4	M1	
""	"740.51732"	"4.5e-03"	D+	"0.27526426"	"1.94955593"	"3d4.(5D).4s"	"a 6D"	"5/2"	"3d4.(3F2).4s"	"b 4F"	"7/2"	6	8	M1	
""	"742.46182"	"9.e-03"	D+	"0.27526426"	"1.94517098"	"3d4.(5D).4s"	"a 6D"	"5/2"	"3d4.(3F2).4s"	"b 4F"	"5/2"	6	6	M1	
""	"742.97407"	"4.1e-03"	D+	"0.28657323"	"1.95532863"	"3d4.(5D).4s"	"a 6D"	"7/2"	"3d4.(3F2).4s"	"b 4F"	"9/2"	8	10	M1	
""	"743.79056"	"1.6e-03"	D+	"0.27526426"	"1.94218780"	"3d4.(5D).4s"	"a 6D"	"5/2"	"3d4.(3F2).4s"	"b 4F"	"3/2"	6	4	M1	
""	"745.55315"	"1.7e-02"	D+	"0.28657323"	"1.94955593"	"3d4.(5D).4s"	"a 6D"	"7/2"	"3d4.(3F2).4s"	"b 4F"	"7/2"	8	8	M1	
""	"747.52422"	"3.0e-03"	D+	"0.28657323"	"1.94517098"	"3d4.(5D).4s"	"a 6D"	"7/2"	"3d4.(3F2).4s"	"b 4F"	"5/2"	8	6	M1	
""	"749.28930"	"2.7e-02"	D+	"0.30063800"	"1.95532863"	"3d4.(5D).4s"	"a 6D"	"9/2"	"3d4.(3F2).4s"	"b 4F"	"9/2"	10	10	M1	
""	"751.91249"	"3.0e-03"	D+	"0.30063800"	"1.94955593"	"3d4.(5D).4s"	"a 6D"	"9/2"	"3d4.(3F2).4s"	"b 4F"	"7/2"	10	8	M1	
""	"754.10994"	"2.0e-02"	D+	"0.28657323"	"1.93068628"	"3d4.(5D).4s"	"a 6D"	"7/2"	"3d4.(3P2).4s"	"b 4P"	"5/2"	8	6	M1	
""	"759.97659"	"3.0e-03"	D+	"0.26188959"	"1.89331087"	"3d4.(5D).4s"	"a 6D"	"1/2"	"3d4.(3P2).4s"	"b 4P"	"3/2"	2	4	M1	
""	"766.25851"	"2.8e-02"	D+	"0.27526426"	"1.89331087"	"3d4.(5D).4s"	"a 6D"	"5/2"	"3d4.(3P2).4s"	"b 4P"	"3/2"	6	4	M1	
""	"771.24163"	"8.e-03"	D+	"0.26188959"	"1.86948173"	"3d4.(5D).4s"	"a 6D"	"1/2"	"3d4.(3P2).4s"	"b 4P"	"1/2"	2	2	M1	
""	"773.68445"	"2.9e-02"	D+	"0.26696538"	"1.86948173"	"3d4.(5D).4s"	"a 6D"	"3/2"	"3d4.(3P2).4s"	"b 4P"	"1/2"	4	2	M1	
"793.903"	"793.89766"	"7.9e+05"	C+	"1.7111742"	"3.2728894"	"3d3.4s2"	"a 2P"	"3/2"	"3d4.(5D).4p"	"y 6D*"	"1/2"	4	2		
"794.6833"	"794.68325"	"1.03e+06"	C+	"3.0721203"	"4.63229155"	"3d3.4s2"	"2F"	"7/2"	"3d4.(3H).4p"	"v 2G*"	"9/2"	8	10		
"796.0385"	"796.03872"	"1.0e+07"	C	"3.95969959"	"5.51721426"	"3d3.(4F).4s.4p.(1P*)"	"x 4G*"	"11/2"	"3d3.4s.(5F).4d"	"4F"	"9/2"	12	10		
"800.4222"	"800.4219"	"1.3e+07"	C	"3.8928338"	"5.4418193"	"3d3.(4F).4s.4p.(1P*)"	"x 4G*"	"5/2"	"3d3.4s.(5F).4d"	"4H"	"7/2"	6	8		
"800.8112"	"800.81087"	"1.0e+07"	D+	"3.91060631"	"5.4588395"	"3d3.(4F).4s.4p.(1P*)"	"x 4G*"	"7/2"	"3d3.4s.(5F).4d"	"4H"	"9/2"	8	10		
"801.8190"	"801.81872"	"9.4e+06"	C	"3.93299947"	"5.47928662"	"3d3.(4F).4s.4p.(1P*)"	"x 4G*"	"9/2"	"3d3.4s.(5F).4d"	"4H"	"11/2"	10	12		
"802.8638"	"802.8631"	"1.3e+07"	C	"3.95969959"	"5.5039752"	"3d3.(4F).4s.4p.(1P*)"	"x 4G*"	"11/2"	"3d3.4s.(5F).4d"	"4H"	"13/2"	12	14		
"802.9572"	"802.95739"	"1.89e+05"	B	"1.06360365"	"2.60769803"	"3d4.(5D).4s"	"a 4D"	"5/2"	"3d3.(4F).4s.4p.(3P*)"	"z 4D*"	"7/2"	6	8		
"809.5693"	"809.56930"	"3.06e+05"	B+	"1.05091908"	"2.58240252"	"3d4.(5D).4s"	"a 4D"	"3/2"	"3d3.(4F).4s.4p.(3P*)"	"z 4D*"	"5/2"	4	6		
"811.9021"	"811.90209"	"1.22e+06"	B+	"1.08061491"	"2.60769803"	"3d4.(5D).4s"	"a 4D"	"7/2"	"3d3.(4F).4s.4p.(3P*)"	"z 4D*"	"7/2"	8	8		
"814.6799"	"814.67988"	"3.4e+05"	B	"1.04308018"	"2.56495646"	"3d4.(5D).4s"	"a 4D"	"1/2"	"3d3.(4F).4s.4p.(3P*)"	"z 4D*"	"3/2"	2	4		
"816.3305"	"816.33060"	"8.4e+05"	B+	"1.06360365"	"2.58240252"	"3d4.(5D).4s"	"a 4D"	"5/2"	"3d3.(4F).4s.4p.(3P*)"	"z 4D*"	"5/2"	6	6		
""	"817.16391"	"4.4e-05"	D+	"0.28657323"	"1.8038233"	"3d4.(5D).4s"	"a 6D"	"7/2"	"3d3.4s2"	"2D2"	"5/2"	8	6	M1	
"818.8979"	"818.89787"	"5.7e+05"	B	"1.05091908"	"2.56495646"	"3d4.(5D).4s"	"a 4D"	"3/2"	"3d3.(4F).4s.4p.(3P*)"	"z 4D*"	"3/2"	4	4		
"818.9540"	"818.9541"	"1.6e+07"	C	"3.1134259"	"4.62735933"	"3d4.(5D).4p"	"y 6F*"	"9/2"	"3d4.(5D).5s"	"e 6D"	"7/2"	10	8		
"820.1119"	"820.11190"	"7.0e+05"	B+	"1.04308018"	"2.55487629"	"3d4.(5D).4s"	"a 4D"	"1/2"	"3d3.(4F).4s.4p.(3P*)"	"z 4D*"	"1/2"	2	2		
"820.5250"	"820.52494"	"1.9e+07"	C	"3.13102962"	"4.64206473"	"3d4.(5D).4p"	"y 6F*"	"11/2"	"3d4.(5D).5s"	"e 6D"	"9/2"	12	10		
"824.3865"	"824.38647"	"6.9e+05"	B+	"1.05091908"	"2.55487629"	"3d4.(5D).4s"	"a 4D"	"3/2"	"3d3.(4F).4s.4p.(3P*)"	"z 4D*"	"1/2"	4	2		
"825.5773"	"825.57745"	"2.45e+05"	B	"1.08061491"	"2.58240252"	"3d4.(5D).4s"	"a 4D"	"7/2"	"3d3.(4F).4s.4p.(3P*)"	"z 4D*"	"5/2"	8	6		
"825.8165"	"825.81654"	"4.6e+05"	B	"1.06360365"	"2.56495646"	"3d4.(5D).4s"	"a 4D"	"5/2"	"3d3.(4F).4s.4p.(3P*)"	"z 4D*"	"3/2"	6	4		
"828.4578"	"828.45806"	"1.6e+07"	C	"3.24490427"	"4.74147005"	"3d4.(5D).4p"	"y 4F*"	"9/2"	"3d4.(5D).5s"	"e 4D"	"7/2"	10	8		
"834.4255"	"834.42567"	"1.3e+07"	C	"3.23872689&dagger;"	"4.72458960"	"3d4.(5D).4p"	"y 4F*"	"7/2"	"3d4.(5D).5s"	"e 4D"	"5/2"	8	6		
"853.6714"	"853.67112"	"8.2e+06"	C	"4.11073714"	"5.5631020"	"3d3.(4F).4s.4p.(1P*)"	"w 4F*"	"9/2"	"3d3.(4F).4s.(3F).5s"	"4F"	"9/2"	10	10		
"854.4319"	"854.43182"	"1.13e+06"	C	"2.67846275"	"4.12953463"	"3d4.(1G2).4s"	"b 2G"	"9/2"	"3d3.(2G).4s.4p.(3P*)"	"y 2G*"	"9/2"	10	10		
""	"857.80295"	"2.0e-05"	D+	"0.26696538"	"1.7123346"	"3d4.(5D).4s"	"a 6D"	"3/2"	"3d3.4s2"	"a 2P"	"1/2"	4	2	M1	
"862.7110"	"862.70983"	"1.1e+07"	C	"4.11073714"	"5.5478855"	"3d3.(4F).4s.4p.(1P*)"	"w 4F*"	"9/2"	"3d3.4s.(5F).4d"	"4G"	"11/2"	10	12		
""	"863.4538"	"4.7e-05"	D+	"0.27526426"	"1.7111742"	"3d4.(5D).4s"	"a 6D"	"5/2"	"3d3.4s2"	"a 2P"	"3/2"	6	4	M1	
"864.6500"	"864.65032"	"1.1e+07"	C	"4.09009550"	"5.52401851"	"3d3.(4F).4s.4p.(1P*)"	"w 4F*"	"7/2"	"3d3.4s.(5F).4d"	"4G"	"9/2"	8	10		
"864.942"	"864.94371"	"9.5e+06"	C	"4.07248690"	"5.5059235"	"3d3.(4F).4s.4p.(1P*)"	"w 4F*"	"5/2"	"3d3.4s.(5F).4d"	"4G"	"7/2"	6	8		
"865.0526"	"865.05243"	"1.2e+07"	C	"4.0590108"	"5.4922673"	"3d3.(4F).4s.4p.(1P*)"	"w 4F*"	"3/2"	"3d3.4s.(5F).4d"	"4G"	"5/2"	4	6		
"892.230"	"892.22963"	"3.4e+05"	C+	"1.21809838"	"2.60769803"	"3d3.4s2"	"a 4P"	"5/2"	"3d3.(4F).4s.4p.(3P*)"	"z 4D*"	"7/2"	6	8		
"893.5398"	"893.53990"	"2.5e+05"	C+	"1.19484056"	"2.58240252"	"3d3.4s2"	"a 4P"	"3/2"	"3d3.(4F).4s.4p.(3P*)"	"z 4D*"	"5/2"	4	6		
"895.1683"	"895.16787"	"1.7e+05"	C	"1.86948173"	"3.25452024"	"3d4.(3P2).4s"	"b 4P"	"1/2"	"3d4.(5D).4p"	"y 4D*"	"3/2"	2	4		
"897.4136"	"897.41360"	"1.53e+05"	C+	"1.18338392"	"2.56495646"	"3d3.4s2"	"a 4P"	"1/2"	"3d3.(4F).4s.4p.(3P*)"	"z 4D*"	"3/2"	2	4		
"902.5211"	"902.52137"	"1.6e+05"	C+	"1.8925980"	"3.26635156"	"3d3.4s2"	"a 2H"	"11/2"	"3d3.(4F).4s.4p.(3P*)"	"z 2G*"	"9/2"	12	10		
"904.0094"	"904.00939"	"3.3e+05"	C+	"1.18338392"	"2.55487629"	"3d3.4s2"	"a 4P"	"1/2"	"3d3.(4F).4s.4p.(3P*)"	"z 4D*"	"1/2"	2	2		
"904.9175"	"904.91759"	"1.9e+05"	C+	"1.19484056"	"2.56495646"	"3d3.4s2"	"a 4P"	"3/2"	"3d3.(4F).4s.4p.(3P*)"	"z 4D*"	"3/2"	4	4		
"908.7730"	"908.77243"	"1.15e+05"	C+	"1.21809838"	"2.58240252"	"3d3.4s2"	"a 4P"	"5/2"	"3d3.(4F).4s.4p.(3P*)"	"z 4D*"	"5/2"	6	6		
"911.6246"	"911.62456"	"4.4e+04"	C	"1.19484056"	"2.55487629"	"3d3.4s2"	"a 4P"	"3/2"	"3d3.(4F).4s.4p.(3P*)"	"z 4D*"	"1/2"	4	2		
"915.9084"	"915.90835"	"1.7e+05"	C+	"1.8726306"	"3.22630528"	"3d3.4s2"	"a 2H"	"9/2"	"3d3.(4F).4s.4p.(3P*)"	"z 2G*"	"7/2"	10	8		
""	"927.88789"	"4.7e-03"	D+	"0.04010046"	"1.37629850"	"3d3.4s2"	"a 4F"	"7/2"	"3d3.4s2"	"a 2G"	"9/2"	8	10	M1	
""	"929.78825"	"4.3e-03"	D+	"0.01703332"	"1.3505004"	"3d3.4s2"	"a 4F"	"5/2"	"3d3.4s2"	"a 2G"	"7/2"	6	8	M1	
"934.3650"	"934.36515"	"6.8e+06"	C	"3.31512954"	"4.64206473"	"3d4.(5D).4p"	"y 6D*"	"9/2"	"3d4.(5D).5s"	"e 6D"	"9/2"	10	10		
"943.8170"	"943.81676"	"5.9e+06"	C	"3.28313703&dagger;"	"4.59678396"	"3d4.(5D).4p"	"y 4D*"	"7/2"	"3d5"	"e 4F"	"9/2"	8	10		
""	"946.1554"	"4.8e-03"	D+	"0.04010046"	"1.3505004"	"3d3.4s2"	"a 4F"	"7/2"	"3d3.4s2"	"a 2G"	"7/2"	8	8	M1	
""	"948.07929"	"1.2e-02"	D+	"0.06855768"	"1.37629850"	"3d3.4s2"	"a 4F"	"9/2"	"3d3.4s2"	"a 2G"	"9/2"	10	10	M1	
""	"967.1587"	"3.1e-04"	D+	"0.06855768"	"1.3505004"	"3d3.4s2"	"a 4F"	"9/2"	"3d3.4s2"	"a 2G"	"7/2"	10	8	M1	
""	"1037.66312"	"3.e-04"	E	"0.00000000"	"1.19484056"	"3d3.4s2"	"a 4F"	"3/2"	"3d3.4s2"	"a 4P"	"3/2"	4	4	M1+E2	
""	"1047.7090"	"2.e-03"	E	"0.00000000"	"1.18338392"	"3d3.4s2"	"a 4F"	"3/2"	"3d3.4s2"	"a 4P"	"1/2"	4	2	E2	
""	"1052.49930"	"6.e-04"	E	"0.04010046"	"1.21809838"	"3d3.4s2"	"a 4F"	"7/2"	"3d3.4s2"	"a 4P"	"5/2"	8	6	E2	
""	"1052.6697"	"1.e-03"	E	"0.01703332"	"1.19484056"	"3d3.4s2"	"a 4F"	"5/2"	"3d3.4s2"	"a 4P"	"3/2"	6	4	E2	
""	"1063.0097"	"2.e-03"	E	"0.01703332"	"1.18338392"	"3d3.4s2"	"a 4F"	"5/2"	"3d3.4s2"	"a 4P"	"1/2"	6	2	E2	
""	"1073.69787"	"2.e-03"	E	"0.04010046"	"1.19484056"	"3d3.4s2"	"a 4F"	"7/2"	"3d3.4s2"	"a 4P"	"3/2"	8	4	E2	
""	"1078.5542"	"3.e-03"	E	"0.06855768"	"1.21809838"	"3d3.4s2"	"a 4F"	"9/2"	"3d3.4s2"	"a 4P"	"5/2"	10	6	E2	
""	"1165.6993"	"8.6e-03"	D+	"0.00000000"	"1.06360365"	"3d3.4s2"	"a 4F"	"3/2"	"3d4.(5D).4s"	"a 4D"	"5/2"	4	6	E2	
""	"1165.7234"	"4.8e-03"	D+	"0.01703332"	"1.08061491"	"3d3.4s2"	"a 4F"	"5/2"	"3d4.(5D).4s"	"a 4D"	"7/2"	6	8	E2	
""	"1179.7692"	"4.3e-02"	C+	"0.00000000"	"1.05091908"	"3d3.4s2"	"a 4F"	"3/2"	"3d4.(5D).4s"	"a 4D"	"3/2"	4	4	E2	
""	"1184.6714"	"3.6e-02"	C+	"0.01703332"	"1.06360365"	"3d3.4s2"	"a 4F"	"5/2"	"3d4.(5D).4s"	"a 4D"	"5/2"	6	6	E2	
""	"1188.6354"	"4.2e-02"	D+	"0.00000000"	"1.04308018"	"3d3.4s2"	"a 4F"	"3/2"	"3d4.(5D).4s"	"a 4D"	"1/2"	4	2	E2	
""	"1191.5663"	"2.6e-02"	C+	"0.04010046"	"1.08061491"	"3d3.4s2"	"a 4F"	"7/2"	"3d4.(5D).4s"	"a 4D"	"7/2"	8	8	E2	
""	"1199.2060"	"1.7e-02"	D+	"0.01703332"	"1.05091908"	"3d3.4s2"	"a 4F"	"5/2"	"3d4.(5D).4s"	"a 4D"	"3/2"	6	4	E2	
""	"1208.3678"	"5.6e-02"	D+	"0.01703332"	"1.04308018"	"3d3.4s2"	"a 4F"	"5/2"	"3d4.(5D).4s"	"a 4D"	"1/2"	6	2	E2	
""	"1211.3709"	"3.0e-02"	C+	"0.04010046"	"1.06360365"	"3d3.4s2"	"a 4F"	"7/2"	"3d4.(5D).4s"	"a 4D"	"5/2"	8	6	E2	
""	"1225.0710"	"6.0e-02"	C+	"0.06855768"	"1.08061491"	"3d3.4s2"	"a 4F"	"9/2"	"3d4.(5D).4s"	"a 4D"	"7/2"	10	8	E2	
""	"1226.5722"	"3.6e-02"	C+	"0.04010046"	"1.05091908"	"3d3.4s2"	"a 4F"	"7/2"	"3d4.(5D).4s"	"a 4D"	"3/2"	8	4	E2	
""	"1246.0148"	"2.0e-02"	C+	"0.06855768"	"1.06360365"	"3d3.4s2"	"a 4F"	"9/2"	"3d4.(5D).4s"	"a 4D"	"5/2"	10	6	E2	
"1302.5730"	"1302.5730"	"2.8e+06"	C	"3.93299947"	"4.88484017"	"3d3.(4F).4s.4p.(1P*)"	"x 4G*"	"9/2"	"3d3.4s.(5F).5s"	"f 4F"	"7/2"	10	8		
""	"1303.5422"	"6.4e-05"	D+	"0.26696538"	"1.21809838"	"3d4.(5D).4s"	"a 6D"	"3/2"	"3d3.4s2"	"a 4P"	"5/2"	4	6	M1	
"1305.5071"	"1305.5074"	"2.9e+06"	C	"3.95969959"	"4.90940082"	"3d3.(4F).4s.4p.(1P*)"	"x 4G*"	"11/2"	"3d3.4s.(5F).5s"	"f 4F"	"9/2"	12	10		
"1307.7531"	"1307.7528"	"1.45e+06"	C+	"4.01921671"	"4.96728730"	"3d5"	"4G"	"11/2"	"3d4.(3H).4p"	"u 4G*"	"11/2"	12	12		
"1308.0425"	"1308.0417"	"1.22e+06"	C+	"4.01633842"	"4.9641996"	"3d5"	"4G"	"9/2"	"3d4.(3H).4p"	"u 4G*"	"9/2"	10	10		
""	"1315.0160"	"1.3e-05"	D+	"0.27526426"	"1.21809838"	"3d4.(5D).4s"	"a 6D"	"5/2"	"3d3.4s2"	"a 4P"	"5/2"	6	6	M1+E2	
""	"1328.9466"	"2.2e-04"	D+	"0.26188959"	"1.19484056"	"3d4.(5D).4s"	"a 6D"	"1/2"	"3d3.4s2"	"a 4P"	"3/2"	2	4	M1	
"1329.4871"	"1329.48704"	"1.5e+05"	E	"1.94517098"	"2.87774268"	"3d4.(3F2).4s"	"b 4F"	"5/2"	"3d3.(4F).4s.4p.(3P*)"	"z 4F*"	"5/2"	6	6		
""	"1330.9807"	"1.3e-03"	D+	"0.28657323"	"1.21809838"	"3d4.(5D).4s"	"a 6D"	"7/2"	"3d3.4s2"	"a 4P"	"5/2"	8	6	M1	
""	"1336.2164"	"8.e-05"	D+	"0.26696538"	"1.19484056"	"3d4.(5D).4s"	"a 6D"	"3/2"	"3d3.4s2"	"a 4P"	"3/2"	4	4	M1+E2	
""	"1345.4689"	"6.2e-04"	D+	"0.26188959"	"1.18338392"	"3d4.(5D).4s"	"a 6D"	"1/2"	"3d3.4s2"	"a 4P"	"1/2"	2	2	M1	
""	"1348.2753"	"2.0e-03"	D+	"0.27526426"	"1.19484056"	"3d4.(5D).4s"	"a 6D"	"5/2"	"3d3.4s2"	"a 4P"	"3/2"	6	4	M1	
""	"1352.9211"	"2.3e-03"	D+	"0.26696538"	"1.18338392"	"3d4.(5D).4s"	"a 6D"	"3/2"	"3d3.4s2"	"a 4P"	"1/2"	4	2	M1	
"1379.1442"	"1379.1443"	"4.8e+05"	C+	"1.86756890"	"2.76656257"	"3d4.(3H).4s"	"a 4H"	"13/2"	"3d3.(4F).4s.4p.(3P*)"	"z 4G*"	"11/2"	14	12		
"1388.9362"	"1388.93634"	"9.2e+05"	C+	"2.37369583"	"3.26635156"	"3d4.(3H).4s"	"b 2H"	"11/2"	"3d3.(4F).4s.4p.(3P*)"	"z 2G*"	"9/2"	12	10		
""	"1391.0978"	"1.5e-03"	D+	"1.05091908"	"1.94218780"	"3d4.(5D).4s"	"a 4D"	"3/2"	"3d4.(3F2).4s"	"b 4F"	"3/2"	4	4	M1+E2	
""	"1406.4065"	"1.3e-03"	D+	"1.06360365"	"1.94517098"	"3d4.(5D).4s"	"a 4D"	"5/2"	"3d4.(3F2).4s"	"b 4F"	"5/2"	6	6	M1+E2	
"1425.7041"	"1425.7041"	"4.3e+05"	C	"1.85348429"	"2.72311913"	"3d4.(3H).4s"	"a 4H"	"9/2"	"3d3.(4F).4s.4p.(3P*)"	"z 4G*"	"7/2"	10	8		
""	"1429.9006"	"1.7e-03"	C	"1.06360365"	"1.93068628"	"3d4.(5D).4s"	"a 4D"	"5/2"	"3d4.(3P2).4s"	"b 4P"	"5/2"	6	6	M1+E2	
"1433.9158"	"1433.9158"	"9.3e+05"	C+	"4.01921671"	"4.88387136"	"3d5"	"4G"	"11/2"	"3d4.(3F2).4p"	"u 4F*"	"9/2"	12	10		
"1439.2986"	"1439.2983"	"8.3e+05"	C+	"4.01633842"	"4.87775955"	"3d5"	"4G"	"9/2"	"3d4.(3F2).4p"	"u 4F*"	"7/2"	10	8		
"1449.7571"	"1449.7567"	"3.0e+06"	C	"4.86531154"	"5.7205185&dagger;"	"3d3.4s.(5F).5s"	"f 4F"	"5/2"	"3d3.(2F).4s.4p.(3P*)"	"r 4G*"	"7/2"	6	8		
""	"1458.5152"	"2.5e-03"	C	"1.08061491"	"1.93068628"	"3d4.(5D).4s"	"a 4D"	"7/2"	"3d4.(3P2).4s"	"b 4P"	"5/2"	8	6	M1+E2	
"1460.9550"	"1460.9537"	"2.7e+06"	C	"4.88484017"	"5.7334927&dagger;"	"3d3.4s.(5F).5s"	"f 4F"	"7/2"	"3d3.(2F).4s.4p.(3P*)"	"r 4G*"	"9/2"	8	10		
"1477.8761"	"1477.8752"	"6.2e+06"	C	"4.90940082"	"5.7483363&dagger;"	"3d3.4s.(5F).5s"	"f 4F"	"9/2"	"3d3.(2F).4s.4p.(3P*)"	"r 4G*"	"11/2"	10	12		
""	"1500.2900"	"1.6e-03"	D+	"1.04308018"	"1.86948173"	"3d4.(5D).4s"	"a 4D"	"1/2"	"3d4.(3P2).4s"	"b 4P"	"1/2"	2	2	M1	
"1533.5250"	"1533.5248"	"3.4e+06"	C	"4.86531154"	"5.6738032"	"3d3.4s.(5F).5s"	"f 4F"	"5/2"	"3d3.4s.(5F).5p"	"o 4D*"	"3/2"	6	4		
""	"1538.4982"	"1.7e-03"	D+	"1.06360365"	"1.86948173"	"3d4.(5D).4s"	"a 4D"	"5/2"	"3d4.(3P2).4s"	"b 4P"	"1/2"	6	2	E2	
"1540.1942"	"1540.1937"	"1.3e+06"	C	"4.88484017"	"5.68983113"	"3d3.4s.(5F).5s"	"f 4F"	"7/2"	"3d3.(2F).4s.4p.(3P*)"	"p 4F*"	"9/2"	8	10		
"1551.1271"	"1551.1271"	"2.9e+06"	C	"4.86531154"	"5.6646284"	"3d3.4s.(5F).5s"	"f 4F"	"5/2"	"3d3.(2F).4s.4p.(3P*)"	"p 4F*"	"5/2"	6	6		
"1552.9889"	"1552.9906"	"3.6e+06"	C	"4.88484017"	"5.6831979"	"3d3.4s.(5F).5s"	"f 4F"	"7/2"	"3d3.4s.(5F).5p"	"o 4D*"	"5/2"	8	6		
""	"1556.3425"	"1.0e-04"	D+	"0.26696538"	"1.06360365"	"3d4.(5D).4s"	"a 6D"	"3/2"	"3d4.(5D).4s"	"a 4D"	"5/2"	4	6	M1	
"1561.7948"	"1561.7948"	"8.6e+06"	C	"5.38016473"	"6.1740219"	"3d3.4s.(5F).5p"	"6G*"	"5/2"	"3d3.4s.(5F).5d"	"f 6H"	"7/2"	6	8		
"1563.8295"	"1563.8295"	"1.1e+07"	C	"5.44374593"	"6.2365702"	"3d3.4s.(5F).5p"	"6G*"	"13/2"	"3d3.4s.(5F).5d"	"f 6H"	"15/2"	14	16		
"1564.4726"	"1564.4725"	"8.9e+06"	C	"5.39125772"	"6.1837562"	"3d3.4s.(5F).5p"	"6G*"	"7/2"	"3d3.4s.(5F).5d"	"f 6H"	"9/2"	8	10		
"1569.0451"	"1569.0451"	"1.7e+06"	C	"4.66367269"	"5.45386155"	"3d3.4s.(5F).5s"	"e 6F"	"7/2"	"3d3.4s.(5F).5p"	"6F*"	"9/2"	8	10		
""	"1571.3506"	"1.2e-04"	D+	"0.26188959"	"1.05091908"	"3d4.(5D).4s"	"a 6D"	"1/2"	"3d4.(5D).4s"	"a 4D"	"3/2"	2	4	M1	
"1572.0418"	"1572.0420"	"3.1e+06"	C	"4.88484017"	"5.6735226"	"3d3.4s.(5F).5s"	"f 4F"	"7/2"	"3d3.(2F).4s.4p.(3P*)"	"p 4F*"	"7/2"	8	8		
""	"1572.7262"	"1.7e-04"	D+	"0.27526426"	"1.06360365"	"3d4.(5D).4s"	"a 6D"	"5/2"	"3d4.(5D).4s"	"a 4D"	"5/2"	6	6	M1	
"1573.3132"	"1573.3128"	"1.0e+07"	C	"4.63988694"	"5.42793237"	"3d3.4s.(5F).5s"	"e 6F"	"3/2"	"3d3.4s.(5F).5p"	"6D*"	"3/2"	4	4		
"1574.0150"	"1574.0152"	"4.6e+06"	C	"5.40552879"	"6.1932226"	"3d3.4s.(5F).5p"	"6G*"	"9/2"	"3d3.4s.(5F).5d"	"f 6H"	"11/2"	10	12		
"1575.7956"	"1575.7953"	"2.6e+06"	C	"4.64980915"	"5.43661312"	"3d3.4s.(5F).5s"	"e 6F"	"5/2"	"3d3.4s.(5F).5p"	"6F*"	"7/2"	6	8		
"1576.7197"	"1576.7220"	"9.6e+05"	C	"5.42303698"	"6.2093785"	"3d3.4s.(5F).5p"	"6G*"	"11/2"	"3d3.4s.(5F).5d"	"f 6H"	"13/2"	12	14		
"1577.2695"	"1577.2692"	"3.7e+06"	C	"4.90940082"	"5.6954696"	"3d3.4s.(5F).5s"	"f 4F"	"9/2"	"3d3.4s.(5F).5p"	"o 4D*"	"7/2"	10	8		
"1578.9711"	"1578.9709"	"1.4e+07"	C	"4.63393074"	"5.41915230"	"3d3.4s.(5F).5s"	"e 6F"	"1/2"	"3d3.4s.(5F).5p"	"6D*"	"1/2"	2	2		
""	"1581.5245"	"2.6e-04"	D+	"0.26696538"	"1.05091908"	"3d4.(5D).4s"	"a 6D"	"3/2"	"3d4.(5D).4s"	"a 4D"	"3/2"	4	4	M1	
"1581.9705"	"1581.9698"	"3.6e+06"	C	"4.63988694"	"5.42361995"	"3d3.4s.(5F).5s"	"e 6F"	"3/2"	"3d3.4s.(5F).5p"	"6F*"	"5/2"	4	6		
"1586.063"	"1586.0640"	"6.8e+06"	C	"5.4452091"	"6.2269190"	"3d3.(4F).4s.(3F).5s"	"e 2F"	"5/2"	"50223o"	"2G*"	"7/2"	6	8		
"1586.063"	"1586.065"	"1.8e+06"	C	"5.4634852"	"6.245195"	"3d3.(4F).4s.(3F).5s"	"e 2F"	"7/2"	"50370o"	"2G*"	"9/2"	8	10		
""	"1587.1184"	"3.9e-04"	D+	"0.26188959"	"1.04308018"	"3d4.(5D).4s"	"a 6D"	"1/2"	"3d4.(5D).4s"	"a 4D"	"1/2"	2	2	M1	
"1587.5247"	"1587.5246"	"3.7e+06"	D+	"4.63393074"	"5.41492147"	"3d3.4s.(5F).5s"	"e 6F"	"1/2"	"3d3.4s.(5F).5p"	"6F*"	"3/2"	2	4		
"1588.6649"	"1588.6646"	"3.7e+06"	C	"4.90940082"	"5.68983113"	"3d3.4s.(5F).5s"	"f 4F"	"9/2"	"3d3.(2F).4s.4p.(3P*)"	"p 4F*"	"9/2"	10	10		
""	"1589.5881"	"3.2e-04"	D+	"0.30063800"	"1.08061491"	"3d4.(5D).4s"	"a 6D"	"9/2"	"3d4.(5D).4s"	"a 4D"	"7/2"	10	8	M1	
"1591.0398"	"1591.0395"	"1.0e+07"	D+	"4.63988694"	"5.41915230"	"3d3.4s.(5F).5s"	"e 6F"	"3/2"	"3d3.4s.(5F).5p"	"6D*"	"1/2"	4	2		
"1593.3749"	"1593.3749"	"1.1e+07"	D+	"4.64980915"	"5.42793237"	"3d3.4s.(5F).5s"	"e 6F"	"5/2"	"3d3.4s.(5F).5p"	"6D*"	"3/2"	6	4		
"1594.5652"	"1594.5660"	"1.4e+07"	C	"4.70290166"	"5.4804436"	"3d3.4s.(5F).5s"	"e 6F"	"11/2"	"3d3.4s.(5F).5p"	"6D*"	"9/2"	12	10		
"1595.2981"	"1595.2978"	"1.3e+07"	C	"4.68141347"	"5.45859874"	"3d3.4s.(5F).5s"	"e 6F"	"9/2"	"3d3.4s.(5F).5p"	"6D*"	"7/2"	10	8		
""	"1595.6158"	"1.0e-04"	D+	"0.28657323"	"1.06360365"	"3d4.(5D).4s"	"a 6D"	"7/2"	"3d4.(5D).4s"	"a 4D"	"5/2"	8	6	M1	
"1596.7859"	"1596.7860"	"1.0e+07"	D+	"4.63393074"	"5.41039170"	"3d3.4s.(5F).5s"	"e 6F"	"1/2"	"3d3.4s.(5F).5p"	"6F*"	"1/2"	2	2		
"1599.7249"	"1599.7248"	"8.e+06"	D+	"4.63988694"	"5.41492147"	"3d3.4s.(5F).5s"	"e 6F"	"3/2"	"3d3.4s.(5F).5p"	"6F*"	"3/2"	4	4		
"1601.2165"	"1601.2167"	"1.1e+06"	C	"3.24490427"	"4.01921671"	"3d4.(5D).4p"	"y 4F*"	"9/2"	"3d5"	"4G"	"11/2"	10	12		
"1602.2543"	"1602.2547"	"1.00e+07"	C	"4.64980915"	"5.42361995"	"3d3.4s.(5F).5s"	"e 6F"	"5/2"	"3d3.4s.(5F).5p"	"6F*"	"5/2"	6	6		
"1604.0587"	"1604.0589"	"1.1e+07"	C	"4.66367269"	"5.43661312"	"3d3.4s.(5F).5s"	"e 6F"	"7/2"	"3d3.4s.(5F).5p"	"6F*"	"7/2"	8	8		
"1604.3960"	"1604.3955"	"1.3e+07"	C	"4.70290166"	"5.47567992"	"3d3.4s.(5F).5s"	"e 6F"	"11/2"	"3d3.4s.(5F).5p"	"6F*"	"11/2"	12	12		
"1605.0813"	"1605.0813"	"1.2e+07"	C	"4.68141347"	"5.45386155"	"3d3.4s.(5F).5s"	"e 6F"	"9/2"	"3d3.4s.(5F).5p"	"6F*"	"9/2"	10	10		
"1609.1301"	"1609.1296"	"1.2e+07"	C	"4.63988694"	"5.41039170"	"3d3.4s.(5F).5s"	"e 6F"	"3/2"	"3d3.4s.(5F).5p"	"6F*"	"1/2"	4	2		
"1620.4666"	"1620.4706"	"1.2e+07"	C	"4.64980915"	"5.41492147"	"3d3.4s.(5F).5s"	"e 6F"	"5/2"	"3d3.4s.(5F).5p"	"6F*"	"3/2"	6	4		
""	"1633.9426"	"1.9e-03"	D+	"1.18338392"	"1.94218780"	"3d3.4s2"	"a 4P"	"1/2"	"3d4.(3F2).4s"	"b 4F"	"3/2"	2	4	E2	
""	"1638.8749"	"1.0e-04"	D+	"1.04308018"	"1.7996004"	"3d4.(5D).4s"	"a 4D"	"1/2"	"3d3.4s2"	"2D2"	"3/2"	2	4	M1	
""	"1642.7941"	"1.5e-03"	D+	"1.19484056"	"1.94955593"	"3d3.4s2"	"a 4P"	"3/2"	"3d4.(3F2).4s"	"b 4F"	"7/2"	4	8	E2	
""	"1646.7460"	"5.9e-05"	D+	"1.05091908"	"1.8038233"	"3d4.(5D).4s"	"a 4D"	"3/2"	"3d3.4s2"	"2D2"	"5/2"	4	6	M1+E2	
""	"1652.3947"	"1.5e-03"	D+	"1.19484056"	"1.94517098"	"3d3.4s2"	"a 4P"	"3/2"	"3d4.(3F2).4s"	"b 4F"	"5/2"	4	6	E2	
"1671.2702"	"1671.2702"	"1.1e+07"	C	"4.66367269"	"5.40552879"	"3d3.4s.(5F).5s"	"e 6F"	"7/2"	"3d3.4s.(5F).5p"	"6G*"	"9/2"	8	10		
"1671.7943"	"1671.7943"	"1.2e+07"	C	"4.68141347"	"5.42303698"	"3d3.4s.(5F).5s"	"e 6F"	"9/2"	"3d3.4s.(5F).5p"	"6G*"	"11/2"	10	12		
"1672.1895"	"1672.1888"	"9.9e+06"	C	"4.64980915"	"5.39125772"	"3d3.4s.(5F).5s"	"e 6F"	"5/2"	"3d3.4s.(5F).5p"	"6G*"	"7/2"	6	8		
"1673.5527"	"1673.5528"	"1.2e+07"	C	"4.70290166"	"5.44374593"	"3d3.4s.(5F).5s"	"e 6F"	"11/2"	"3d3.4s.(5F).5p"	"6G*"	"13/2"	12	14		
"1674.8330"	"1674.8334"	"9.0e+06"	C	"4.63988694"	"5.38016473"	"3d3.4s.(5F).5s"	"e 6F"	"3/2"	"3d3.4s.(5F).5p"	"6G*"	"5/2"	4	6		
"1678.8066"	"1678.8067"	"8.5e+06"	C	"4.63393074"	"5.37245651&dagger;"	"3d3.4s.(5F).5s"	"e 6F"	"1/2"	"3d3.4s.(5F).5p"	"6G*"	"3/2"	2	4		
""	"1681.7568"	"2.3e-03"	D+	"1.21809838"	"1.95532863"	"3d3.4s2"	"a 4P"	"5/2"	"3d4.(3F2).4s"	"b 4F"	"9/2"	6	10	E2	
""	"1684.5754"	"1.6e-04"	D+	"1.06360365"	"1.7996004"	"3d4.(5D).4s"	"a 4D"	"5/2"	"3d3.4s2"	"2D2"	"3/2"	6	4	M1	
"1685.0761"	"1685.0767"	"4.8e+06"	C	"4.86531154"	"5.6010893"	"3d3.4s.(5F).5s"	"f 4F"	"5/2"	"45175o"	"r 2G*"	"7/2"	6	8		
"1692.4565"	"1692.4563"	"3.3e+06"	C	"4.63988694"	"5.37245651&dagger;"	"3d3.4s.(5F).5s"	"e 6F"	"3/2"	"3d3.4s.(5F).5p"	"6G*"	"3/2"	4	4		
""	"1695.0293"	"1.0e-03"	D+	"1.21809838"	"1.94955593"	"3d3.4s2"	"a 4P"	"5/2"	"3d4.(3F2).4s"	"b 4F"	"7/2"	6	8	E2	
"1697.5880"	"1697.5868"	"3.0e+06"	C	"4.64980915"	"5.38016473"	"3d3.4s.(5F).5s"	"e 6F"	"5/2"	"3d3.4s.(5F).5p"	"6G*"	"5/2"	6	6		
"1704.0500"	"1704.0510"	"2.2e+06"	C	"4.66367269"	"5.39125772"	"3d3.4s.(5F).5s"	"e 6F"	"7/2"	"3d3.4s.(5F).5p"	"6G*"	"7/2"	8	8		
"1710.4998"	"1710.4996"	"4.8e+06"	C	"4.85115800"	"5.57600000"	"3d3.4s.(5F).5s"	"f 4F"	"3/2"	"3d3.4s.(5F).5p"	"4G*"	"5/2"	4	6		
"1712.2157"	"1712.2162"	"1.4e+06"	C	"4.68141347"	"5.40552879"	"3d3.4s.(5F).5s"	"e 6F"	"9/2"	"3d3.4s.(5F).5p"	"6G*"	"9/2"	10	10		
""	"1714.3634"	"1.2e-04"	D+	"1.08061491"	"1.8038233"	"3d4.(5D).4s"	"a 4D"	"7/2"	"3d3.4s2"	"2D2"	"5/2"	8	6	M1	
""	"1737.1437"	"4.0e+06"	C	"4.90940082"	"5.6231253"	"3d3.4s.(5F).5s"	"f 4F"	"9/2"	"3d3.4s.(5F).5p"	"4G*"	"11/2"	10	12		
"1740.2798"	"1740.2793"	"4.0e+06"	C	"4.88484017"	"5.59727866"	"3d3.4s.(5F).5s"	"f 4F"	"7/2"	"3d3.4s.(5F).5p"	"4G*"	"9/2"	8	10		
"1833.8825"	"1833.8832"	"1.5e+06"	D+	"4.61562038"	"5.29169506"	"3d4.(5D).5s"	"e 6D"	"5/2"	"3d4.(5D).5p"	"6P*"	"7/2"	6	8		
"1845.4377"	"1845.4376"	"2.6e+06"	D+	"4.6070770"	"5.2789187"	"3d4.(5D).5s"	"e 6D"	"3/2"	"3d4.(5D).5p"	"6P*"	"5/2"	4	6		
"1850.9131"	"1850.9130"	"8.9e+05"	C	"4.62735933"	"5.29721360"	"3d4.(5D).5s"	"e 6D"	"7/2"	"3d4.(5D).5p"	"6D*"	"9/2"	8	10		
""	"1852.5720"	"3.7e-04"	D+	"1.04308018"	"1.7123346"	"3d4.(5D).4s"	"a 4D"	"1/2"	"3d3.4s2"	"a 2P"	"1/2"	2	2	M1	
"1852.5828"	"1852.5836"	"2.8e+06"	C	"4.72458960"	"5.39383981&dagger;"	"3d4.(5D).5s"	"e 4D"	"5/2"	"3d4.(5D).5p"	"u 4P*"	"3/2"	6	4		
""	"1855.7896"	"4.9e-05"	D+	"1.04308018"	"1.7111742"	"3d4.(5D).4s"	"a 4D"	"1/2"	"3d3.4s2"	"a 2P"	"3/2"	2	4	M1	
"1859.0937"	"1859.0909"	"4.3e+06"	D+	"4.6018929"	"5.2688005"	"3d4.(5D).5s"	"e 6D"	"1/2"	"3d4.(5D).5p"	"6P*"	"3/2"	2	4		
"1865.8278"	"1865.8276"	"1.9e+06"	C	"4.61562038"	"5.28012014"	"3d4.(5D).5s"	"e 6D"	"5/2"	"3d4.(5D).5p"	"6D*"	"7/2"	6	8		
"1866.2887"	"1866.2883"	"6.1e+06"	D+	"4.62735933"	"5.29169506"	"3d4.(5D).5s"	"e 6D"	"7/2"	"3d4.(5D).5p"	"6P*"	"7/2"	8	8		
"1871.5202"	"1871.5198"	"3.4e+06"	C	"4.74147005"	"5.40394874"	"3d4.(5D).5s"	"e 4D"	"7/2"	"3d4.(5D).5p"	"u 4P*"	"5/2"	8	6		
"1873.6555"	"1873.6557"	"2.9e+06"	C	"4.6070770"	"5.2688005"	"3d4.(5D).5s"	"e 6D"	"3/2"	"3d4.(5D).5p"	"6P*"	"3/2"	4	4		
""	"1874.5281"	"1.9e-03"	D+	"1.05091908"	"1.7123346"	"3d4.(5D).4s"	"a 4D"	"3/2"	"3d3.4s2"	"a 2P"	"1/2"	4	2	M1	
""	"1877.8225"	"1.7e-05"	D+	"1.05091908"	"1.7111742"	"3d4.(5D).4s"	"a 4D"	"3/2"	"3d3.4s2"	"a 2P"	"3/2"	4	4	M1	
"1879.1990"	"1879.1977"	"3.2e+06"	C	"4.6070770"	"5.2668490"	"3d4.(5D).5s"	"e 6D"	"3/2"	"3d4.(5D).5p"	"6D*"	"5/2"	4	6		
"1882.2483"	"1882.2481"	"1.7e+06"	C	"4.74147005"	"5.40017280"	"3d4.(5D).5s"	"e 4D"	"7/2"	"3d4.(5D).5p"	"q 4D*"	"7/2"	8	8		
"1885.1565"	"1885.1570"	"2.3e+06"	D+	"4.72458960"	"5.38227593"	"3d4.(5D).5s"	"e 4D"	"5/2"	"3d4.(5D).5p"	"q 4D*"	"5/2"	6	6		
"1891.2447"	"1891.2458"	"4.6e+06"	C	"4.6018929"	"5.2574618"	"3d4.(5D).5s"	"e 6D"	"1/2"	"3d4.(5D).5p"	"6D*"	"3/2"	2	4		
"1892.4586"	"1892.4584"	"8.0e+06"	C	"4.64206473"	"5.29721360"	"3d4.(5D).5s"	"e 6D"	"9/2"	"3d4.(5D).5p"	"6D*"	"9/2"	10	10		
"1892.5260"	"1892.5275"	"7.3e+06"	C	"4.6070770"	"5.2622019"	"3d4.(5D).5s"	"e 6D"	"3/2"	"3d4.(5D).5p"	"6D*"	"1/2"	4	2		
"1898.1607"	"1898.1624"	"5.6e+06"	C	"4.61562038"	"5.2688005"	"3d4.(5D).5s"	"e 6D"	"5/2"	"3d4.(5D).5p"	"6P*"	"3/2"	6	4		
"1899.3810"	"1899.3818"	"6.2e+06"	C	"4.62735933"	"5.28012014"	"3d4.(5D).5s"	"e 6D"	"7/2"	"3d4.(5D).5p"	"6D*"	"7/2"	8	8		
"1902.8738"	"1902.8840"	"7.5e+06"	C	"4.62735933"	"5.2789187"	"3d4.(5D).5s"	"e 6D"	"7/2"	"3d4.(5D).5p"	"6P*"	"5/2"	8	6		
"1903.8497"	"1903.8506"	"4.2e+06"	C	"4.61562038"	"5.2668490"	"3d4.(5D).5s"	"e 6D"	"5/2"	"3d4.(5D).5p"	"6D*"	"5/2"	6	6		
"1908.5353"	"1908.5346"	"8.5e+06"	C	"4.64206473"	"5.29169506"	"3d4.(5D).5s"	"e 6D"	"9/2"	"3d4.(5D).5p"	"6P*"	"7/2"	10	8		
""	"1914.6052"	"1.1e-03"	D+	"1.06360365"	"1.7111742"	"3d4.(5D).4s"	"a 4D"	"5/2"	"3d3.4s2"	"a 2P"	"3/2"	6	4	M1	
"1922.0812"	"1922.0804"	"2.1e+06"	D+	"4.72458960"	"5.36964169"	"3d4.(5D).5s"	"e 4D"	"5/2"	"3d4.(5D).5p"	"q 4D*"	"3/2"	6	4		
"1931.6946"	"1931.6953"	"2.6e+06"	C	"4.61562038"	"5.2574618"	"3d4.(5D).5s"	"e 6D"	"5/2"	"3d4.(5D).5p"	"6D*"	"3/2"	6	4		
"1934.8169"	"1934.8168"	"1.4e+06"	D+	"4.74147005"	"5.38227593"	"3d4.(5D).5s"	"e 4D"	"7/2"	"3d4.(5D).5p"	"q 4D*"	"5/2"	8	6		
"1938.7990"	"1938.7991"	"1.3e+06"	C	"4.62735933"	"5.2668490"	"3d4.(5D).5s"	"e 6D"	"7/2"	"3d4.(5D).5p"	"6D*"	"5/2"	8	6		
"1954.0652"	"1954.0639"	"1.1e+06"	C	"4.09009550"	"4.72458960"	"3d3.(4F).4s.4p.(1P*)"	"w 4F*"	"7/2"	"3d4.(5D).5s"	"e 4D"	"5/2"	8	6		
"1965.7154"	"1965.7163"	"1.1e+06"	C	"4.11073714"	"4.74147005"	"3d3.(4F).4s.4p.(1P*)"	"w 4F*"	"9/2"	"3d4.(5D).5s"	"e 4D"	"7/2"	10	8		
"1981.1660"	"1981.1647"	"4.3e+06"	C	"4.71190056"	"5.33771527"	"3d4.(5D).5s"	"e 4D"	"3/2"	"3d4.(5D).5p"	"s 4F*"	"5/2"	4	6		
"1983.5430"	"1983.5425"	"4.0e+06"	C	"4.7039866"	"5.3290511"	"3d4.(5D).5s"	"e 4D"	"1/2"	"3d4.(5D).5p"	"s 4F*"	"3/2"	2	4		
"1983.7636"	"1983.7645"	"4.9e+06"	C	"4.72458960"	"5.3495841"	"3d4.(5D).5s"	"e 4D"	"5/2"	"3d4.(5D).5p"	"s 4F*"	"7/2"	6	8		
"1990.5251"	"1990.5247"	"5.8e+06"	C	"4.74147005"	"5.36434199"	"3d4.(5D).5s"	"e 4D"	"7/2"	"3d4.(5D).5p"	"s 4F*"	"9/2"	8	10		
"1994.5989"	"1994.5982"	"2.4e+06"	C	"4.6070770"	"5.2286769"	"3d4.(5D).5s"	"e 6D"	"3/2"	"3d4.(5D).5p"	"6F*"	"5/2"	4	6		
"1996.3540"	"1996.3539"	"6.0e+06"	C	"4.61562038"	"5.23667360&dagger;"	"3d4.(5D).5s"	"e 6D"	"5/2"	"3d4.(5D).5p"	"6F*"	"7/2"	6	8		
"1996.5819"	"1996.5819"	"7.4e+06"	C	"4.62735933"	"5.24834163"	"3d4.(5D).5s"	"e 6D"	"7/2"	"3d4.(5D).5p"	"6F*"	"9/2"	8	10		
"2000.0577"	"2000.0576"	"8.1e+06"	C	"4.64206473"	"5.26196786"	"3d4.(5D).5s"	"e 6D"	"9/2"	"3d4.(5D).5p"	"6F*"	"11/2"	10	12		
"2008.2421"	"2008.2418"	"1.68e+06"	C+	"4.6070770"	"5.22445384"	"3d4.(5D).5s"	"e 6D"	"3/2"	"3d3.(4P).4s.4p.(1P*)"	"r 4D*"	"5/2"	4	6		
"2008.9787"	"2008.9781"	"1.6e+06"	C	"4.71190056"	"5.3290511"	"3d4.(5D).5s"	"e 4D"	"3/2"	"3d4.(5D).5p"	"s 4F*"	"3/2"	4	4		
"2010.4661"	"2010.4661"	"5.0e+06"	C	"4.6018929"	"5.2185867"	"3d4.(5D).5s"	"e 6D"	"1/2"	"3d4.(5D).5p"	"6F*"	"1/2"	2	2		
"2015.2707"	"2015.2701"	"3.0e+06"	C	"4.6070770"	"5.22230073"	"3d4.(5D).5s"	"e 6D"	"3/2"	"3d4.(5D).5p"	"6F*"	"3/2"	4	4		
"2022.1661"	"2022.1662"	"1.4e+06"	C	"4.72458960"	"5.33771527"	"3d4.(5D).5s"	"e 4D"	"5/2"	"3d4.(5D).5p"	"s 4F*"	"5/2"	6	6		
"2022.3939"	"2022.3944"	"2.0e+06"	C	"4.61562038"	"5.2286769"	"3d4.(5D).5s"	"e 6D"	"5/2"	"3d4.(5D).5p"	"6F*"	"5/2"	6	6		
"2034.8159"	"2034.8153"	"1.8e+06"	C	"4.62735933"	"5.23667360&dagger;"	"3d4.(5D).5s"	"e 6D"	"7/2"	"3d4.(5D).5p"	"6F*"	"7/2"	8	8		
""	"2035.9230"	"1.5e-04"	D+	"1.19484056"	"1.8038233"	"3d3.4s2"	"a 4P"	"3/2"	"3d3.4s2"	"2D2"	"5/2"	4	6	M1+E2	
"2038.8302"	"2038.8312"	"8.3e+05"	C	"4.74147005"	"5.3495841"	"3d4.(5D).5s"	"e 4D"	"7/2"	"3d4.(5D).5p"	"s 4F*"	"7/2"	8	8		
"2045.0096"	"2045.0094"	"7.6e+05"	C	"4.64206473"	"5.24834163"	"3d4.(5D).5s"	"e 6D"	"9/2"	"3d4.(5D).5p"	"6F*"	"9/2"	10	10		
""	"2050.1394"	"1.4e-04"	D+	"1.19484056"	"1.7996004"	"3d3.4s2"	"a 4P"	"3/2"	"3d3.4s2"	"2D2"	"3/2"	4	4	M1	
""	"2116.7650"	"1.0e-03"	D+	"1.21809838"	"1.8038233"	"3d3.4s2"	"a 4P"	"5/2"	"3d3.4s2"	"2D2"	"5/2"	6	6	M1	
"2125.0973"	"2125.0963"	"6.4e+05"	D+	"4.88484017"	"5.46826877"	"3d3.4s.(5F).5s"	"f 4F"	"7/2"	"3d4.(3D).4p"	"4F*"	"7/2"	8	8		
""	"2132.1371"	"7.e-04"	D+	"1.21809838"	"1.7996004"	"3d3.4s2"	"a 4P"	"5/2"	"3d3.4s2"	"2D2"	"3/2"	6	4	M1	
"2157.0201"	"2157.0194"	"4.5e+05"	C+	"2.50479709"	"3.07959118"	"3d5"	"a 6S"	"5/2"	"3d4.(5D).4p"	"z 6P*"	"7/2"	6	8		
"2182.6711"	"2182.6679"	"6.3e+05"	C	"4.90940082"	"5.4774405"	"3d3.4s.(5F).5s"	"f 4F"	"9/2"	"3d4.(3D).4p"	"4F*"	"9/2"	10	10		
""	"2343.9652"	"9.e-03"	D+	"1.18338392"	"1.7123346"	"3d3.4s2"	"a 4P"	"1/2"	"3d3.4s2"	"a 2P"	"1/2"	2	2	M1	
""	"2349.118"	"2.3e-03"	D+	"1.18338392"	"1.7111742"	"3d3.4s2"	"a 4P"	"1/2"	"3d3.4s2"	"a 2P"	"3/2"	2	4	M1	
"2369.5458"	"2369.5458"	"7.6e+05"	C	"5.20856527"	"5.73180561"	"3d3.(4P).4s.4p.(1P*)"	"v 4P*"	"5/2"	"3d4.(5D).6s"	"4D"	"7/2"	6	8		
""	"2374.5840"	"2.2e-03"	D+	"1.3505004"	"1.8726306"	"3d3.4s2"	"a 2G"	"7/2"	"3d3.4s2"	"a 2H"	"9/2"	8	10	M1+E2	
""	"2401.242"	"4.5e-03"	D+	"1.19484056"	"1.7111742"	"3d3.4s2"	"a 4P"	"3/2"	"3d3.4s2"	"a 2P"	"3/2"	4	4	M1	
""	"2401.4009"	"2.1e-03"	D+	"1.37629850"	"1.8925980"	"3d3.4s2"	"a 2G"	"9/2"	"3d3.4s2"	"a 2H"	"11/2"	10	12	M1+E2	
"2415.9819"	"2415.9818"	"2.1e+05"	D+	"4.72458960"	"5.23777309&dagger;"	"3d4.(5D).5s"	"e 4D"	"5/2"	"3d3.(4P).4s.4p.(1P*)"	"r 4D*"	"7/2"	6	8		
"2418.9525"	"2418.9524"	"4.2e+05"	C+	"4.71190056"	"5.22445384"	"3d4.(5D).5s"	"e 4D"	"3/2"	"3d3.(4P).4s.4p.(1P*)"	"r 4D*"	"5/2"	4	6		
"2458.3909"	"2458.3935"	"1.5e+06"	C	"4.86531154"	"5.36964169"	"3d3.4s.(5F).5s"	"f 4F"	"5/2"	"3d4.(5D).5p"	"q 4D*"	"3/2"	6	4		
"2480.3618"	"2480.3574"	"8.9e+05"	C+	"4.72458960"	"5.22445384"	"3d4.(5D).5s"	"e 4D"	"5/2"	"3d3.(4P).4s.4p.(1P*)"	"r 4D*"	"5/2"	6	6		
"2492.4703"	"2492.4665"	"1.4e+06"	C	"4.88484017"	"5.38227593"	"3d3.4s.(5F).5s"	"f 4F"	"7/2"	"3d4.(5D).5p"	"q 4D*"	"5/2"	8	6		
""	"2498.0091"	"3.9e-03"	D+	"1.37629850"	"1.8726306"	"3d3.4s2"	"a 2G"	"9/2"	"3d3.4s2"	"a 2H"	"9/2"	10	10	M1	
"2498.1569"	"2498.1551"	"8.e+05"	D+	"4.74147005"	"5.23777309&dagger;"	"3d4.(5D).5s"	"e 4D"	"7/2"	"3d3.(4P).4s.4p.(1P*)"	"r 4D*"	"7/2"	8	8		
"2502.9939"	"2502.9911"	"6.7e+05"	C+	"4.71190056"	"5.20724471"	"3d4.(5D).5s"	"e 4D"	"3/2"	"3d3.(4P).4s.4p.(1P*)"	"r 4D*"	"3/2"	4	4		
"2503.6983"	"2503.7017"	"8.e+05"	D+	"4.74147005"	"5.23667360&dagger;"	"3d4.(5D).5s"	"e 4D"	"7/2"	"3d4.(5D).5p"	"6F*"	"7/2"	8	8		
"2509.6354"	"2509.6364"	"8.2e+05"	C	"5.23777309&dagger;"	"5.73180561"	"3d3.(4P).4s.4p.(1P*)"	"r 4D*"	"7/2"	"3d4.(5D).6s"	"4D"	"7/2"	8	8		
""	"2514.506"	"4.7e-03"	D+	"1.21809838"	"1.7111742"	"3d3.4s2"	"a 4P"	"5/2"	"3d3.4s2"	"a 2P"	"3/2"	6	4	M1	
"2526.3071"	"2526.3096"	"1.5e+06"	C	"4.90940082"	"5.40017280"	"3d3.4s.(5F).5s"	"f 4F"	"9/2"	"3d4.(5D).5p"	"q 4D*"	"7/2"	10	8		
"2527.8222"	"2527.8218"	"5.5e+05"	C	"5.22445384"	"5.7149322"	"3d3.(4P).4s.4p.(1P*)"	"r 4D*"	"5/2"	"3d4.(5D).6s"	"4D"	"5/2"	6	6		
"2624.5369"	"2624.5390"	"5.7e+05"	C	"4.86531154"	"5.33771527"	"3d3.4s.(5F).5s"	"f 4F"	"5/2"	"3d4.(5D).5p"	"s 4F*"	"5/2"	6	6		
"2654.3682"	"2654.3667"	"8.6e+05"	C+	"4.74147005"	"5.20856527"	"3d4.(5D).5s"	"e 4D"	"7/2"	"3d3.(4P).4s.4p.(1P*)"	"v 4P*"	"5/2"	8	6		
"2667.8020"	"2667.7957"	"5.9e+05"	C	"4.88484017"	"5.3495841"	"3d3.4s.(5F).5s"	"f 4F"	"7/2"	"3d4.(5D).5p"	"s 4F*"	"7/2"	8	8		
"2672.1381"	"2672.1371"	"6.6e+05"	C+	"4.72458960"	"5.18857852"	"3d4.(5D).5s"	"e 4D"	"5/2"	"3d3.(4P).4s.4p.(1P*)"	"v 4P*"	"3/2"	6	4		
"2688.4957"	"2688.4958"	"5.2e+05"	C	"5.23667360&dagger;"	"5.6978393"	"3d4.(5D).5p"	"6F*"	"7/2"	"3d4.(5D).6s"	"6D"	"7/2"	8	8		
"2712.5830"	"2712.5824"	"6.3e+05"	C	"5.2286769"	"5.6857476"	"3d4.(5D).5p"	"6F*"	"5/2"	"3d4.(5D).6s"	"6D"	"5/2"	6	6		
"2725.274"	"2725.2798"	"6.5e+05"	C	"4.90940082"	"5.36434199"	"3d3.4s.(5F).5s"	"f 4F"	"9/2"	"3d4.(5D).5p"	"s 4F*"	"9/2"	10	10		
"2726.2840"	"2726.2851"	"9.0e+05"	C	"5.22230073"	"5.6770742"	"3d4.(5D).5p"	"6F*"	"3/2"	"3d4.(5D).6s"	"6D"	"3/2"	4	4		
"2734.879"	"2734.859"	"1.4e+06"	C	"5.2185867"	"5.6719343"	"3d4.(5D).5p"	"6F*"	"1/2"	"3d4.(5D).6s"	"6D"	"1/2"	2	2		
"2748.6167"	"2748.6172"	"2.6e+06"	C	"5.26196786"	"5.7130463"	"3d4.(5D).5p"	"6F*"	"11/2"	"3d4.(5D).6s"	"6D"	"9/2"	12	10		
"2757.445"	"2757.450"	"1.1e+06"	C	"5.22230073"	"5.6719343"	"3d4.(5D).5p"	"6F*"	"3/2"	"3d4.(5D).6s"	"6D"	"1/2"	4	2		
"2758.2827"	"2758.2836"	"2.5e+06"	C	"5.24834163"	"5.6978393"	"3d4.(5D).5p"	"6F*"	"9/2"	"3d4.(5D).6s"	"6D"	"7/2"	10	8		
"2760.8853"	"2760.8858"	"2.1e+06"	C	"5.23667360&dagger;"	"5.6857476"	"3d4.(5D).5p"	"6F*"	"7/2"	"3d4.(5D).6s"	"6D"	"5/2"	8	6		
"2765.0538"	"2765.0524"	"9.1e+05"	C	"5.2286769"	"5.6770742"	"3d4.(5D).5p"	"6F*"	"5/2"	"3d4.(5D).6s"	"6D"	"3/2"	6	4		
"2942.5325"	"2942.538"	"1.4e+06"	C	"5.29169506"	"5.7130463"	"3d4.(5D).5p"	"6P*"	"7/2"	"3d4.(5D).6s"	"6D"	"9/2"	8	10		
"2968.1198"	"2968.1235"	"1.4e+06"	C	"5.28012014"	"5.6978393"	"3d4.(5D).5p"	"6D*"	"7/2"	"3d4.(5D).6s"	"6D"	"7/2"	8	8		
"2973.6202"	"2973.6195"	"7.7e+05"	C	"5.2688005"	"5.6857476"	"3d4.(5D).5p"	"6P*"	"3/2"	"3d4.(5D).6s"	"6D"	"5/2"	4	6		
"2978.9374"	"2978.9380"	"1.7e+05"	D+	"4.74147005"	"5.15767273"	"3d4.(5D).5s"	"e 4D"	"7/2"	"3d4.(3G).4p"	"t 4F*"	"9/2"	8	10		
"2981.5855"	"2981.588"	"1.8e+06"	C	"5.29721360"	"5.7130463"	"3d4.(5D).5p"	"6D*"	"9/2"	"3d4.(5D).6s"	"6D"	"9/2"	10	10		
"2988.4885"	"2988.4913"	"8.3e+05"	C	"5.2622019"	"5.6770742"	"3d4.(5D).5p"	"6D*"	"1/2"	"3d4.(5D).6s"	"6D"	"3/2"	2	4		
"3022.3422"	"3022.345"	"1.1e+06"	C	"5.2668490"	"5.6770742"	"3d4.(5D).5p"	"6D*"	"5/2"	"3d4.(5D).6s"	"6D"	"3/2"	6	4		
"3056.5979"	"3056.6028"	"5.6e+05"	C	"5.28012014"	"5.6857476"	"3d4.(5D).5p"	"6D*"	"7/2"	"3d4.(5D).6s"	"6D"	"5/2"	8	6		
"3243.782"	"3243.7791"	"2.3e+05"	C	"5.3495841"	"5.73180561"	"3d4.(5D).5p"	"s 4F*"	"7/2"	"3d4.(5D).6s"	"4D"	"7/2"	8	8		
"3286.818"	"3286.814"	"3.7e+05"	C	"5.33771527"	"5.7149322"	"3d4.(5D).5p"	"s 4F*"	"5/2"	"3d4.(5D).6s"	"4D"	"5/2"	6	6		
"3374.047"	"3374.0537"	"1.9e+06"	C	"5.36434199"	"5.73180561"	"3d4.(5D).5p"	"s 4F*"	"9/2"	"3d4.(5D).6s"	"4D"	"7/2"	10	8		
"3393.599"	"3393.591"	"1.7e+06"	C	"5.3495841"	"5.7149322"	"3d4.(5D).5p"	"s 4F*"	"7/2"	"3d4.(5D).6s"	"4D"	"5/2"	8	6		
"3727.105"	"3727.096"	"1.8e+05"	C	"5.38227593"	"5.7149322"	"3d4.(5D).5p"	"q 4D*"	"5/2"	"3d4.(5D).6s"	"4D"	"5/2"	6	6		
"3738.598"	"3738.5987"	"3.8e+05"	C	"5.40017280"	"5.73180561"	"3d4.(5D).5p"	"q 4D*"	"7/2"	"3d4.(5D).6s"	"4D"	"7/2"	8	8		
"4062.1454"	"4062.1443"	"1.1e+05"	D+	"4.88484017"	"5.19005876"	"3d3.4s.(5F).5s"	"f 4F"	"7/2"	"3d4.(3G).4p"	"t 4G*"	"9/2"	8	10		
""	"4504.188"	"9.e-07"	D+	"0.00000000"	"0.27526426"	"3d3.4s2"	"a 4F"	"3/2"	"3d4.(5D).4s"	"a 6D"	"5/2"	4	6	M1	
""	"4599.846"	"2.0e-06"	D+	"0.01703332"	"0.28657323"	"3d3.4s2"	"a 4F"	"5/2"	"3d4.(5D).4s"	"a 6D"	"7/2"	6	8	M1	
""	"4644.205"	"2.5e-06"	D+	"0.00000000"	"0.26696538"	"3d3.4s2"	"a 4F"	"3/2"	"3d4.(5D).4s"	"a 6D"	"3/2"	4	4	M1	
""	"4734.216"	"1.4e-06"	D+	"0.00000000"	"0.26188959"	"3d3.4s2"	"a 4F"	"3/2"	"3d4.(5D).4s"	"a 6D"	"1/2"	4	2	M1+E2	
""	"4758.784"	"2.3e-06"	D+	"0.04010046"	"0.30063800"	"3d3.4s2"	"a 4F"	"7/2"	"3d4.(5D).4s"	"a 6D"	"9/2"	8	10	M1	
""	"4801.291"	"6.1e-06"	D+	"0.01703332"	"0.27526426"	"3d3.4s2"	"a 4F"	"5/2"	"3d4.(5D).4s"	"a 6D"	"5/2"	6	6	M1	
""	"4960.716"	"2.6e-06"	D+	"0.01703332"	"0.26696538"	"3d3.4s2"	"a 4F"	"5/2"	"3d4.(5D).4s"	"a 6D"	"3/2"	6	4	M1	
""	"5030.340"	"1.0e-05"	D+	"0.04010046"	"0.28657323"	"3d3.4s2"	"a 4F"	"7/2"	"3d4.(5D).4s"	"a 6D"	"7/2"	8	8	M1	
""	"5272.248"	"3.3e-06"	D+	"0.04010046"	"0.27526426"	"3d3.4s2"	"a 4F"	"7/2"	"3d4.(5D).4s"	"a 6D"	"5/2"	8	6	M1	
""	"5342.297"	"1.5e-05"	D+	"0.06855768"	"0.30063800"	"3d3.4s2"	"a 4F"	"9/2"	"3d4.(5D).4s"	"a 6D"	"9/2"	10	10	M1	
""	"5686.943"	"2.6e-06"	D+	"0.06855768"	"0.28657323"	"3d3.4s2"	"a 4F"	"9/2"	"3d4.(5D).4s"	"a 6D"	"7/2"	10	8	M1	
""	"8025.141"	"1.1e-05"	D+	"1.06360365"	"1.21809838"	"3d4.(5D).4s"	"a 4D"	"5/2"	"3d3.4s2"	"a 4P"	"5/2"	6	6	M1+E2	
""	"8169.734"	"1.1e-05"	D+	"1.04308018"	"1.19484056"	"3d4.(5D).4s"	"a 4D"	"1/2"	"3d3.4s2"	"a 4P"	"3/2"	2	4	M1+E2	
""	"8614.711"	"2.1e-05"	D+	"1.05091908"	"1.19484056"	"3d4.(5D).4s"	"a 4D"	"3/2"	"3d3.4s2"	"a 4P"	"3/2"	4	4	M1+E2	
""	"8836.842"	"3.6e-05"	D+	"1.04308018"	"1.18338392"	"3d4.(5D).4s"	"a 4D"	"1/2"	"3d3.4s2"	"a 4P"	"1/2"	2	2	M1	
""	"9018.116"	"1.8e-05"	D+	"1.08061491"	"1.21809838"	"3d4.(5D).4s"	"a 4D"	"7/2"	"3d3.4s2"	"a 4P"	"5/2"	8	6	M1+E2	
""	"13382.13"	"2.4e-04"	D+	"1.7111742"	"1.8038233"	"3d3.4s2"	"a 2P"	"3/2"	"3d3.4s2"	"2D2"	"5/2"	4	6	M1	
""	"14021.21"	"5.1e-04"	D+	"1.7111742"	"1.7996004"	"3d3.4s2"	"a 2P"	"3/2"	"3d3.4s2"	"2D2"	"3/2"	4	4	M1	
""	"14207.65"	"1.6e-04"	D+	"1.7123346"	"1.7996004"	"3d3.4s2"	"a 2P"	"1/2"	"3d3.4s2"	"2D2"	"3/2"	2	4	M1	
""	"43568.6"	"3.27e-04"	AA	"0.04010046"	"0.06855768"	"3d3.4s2"	"a 4F"	"7/2"	"3d3.4s2"	"a 4F"	"9/2"	8	10	M1	
""	"48059.4"	"1.081e-04"	AA	"1.3505004"	"1.37629850"	"3d3.4s2"	"a 2G"	"7/2"	"3d3.4s2"	"a 2G"	"9/2"	8	10	M1	
""	"53308.6"	"1.071e-04"	AA	"1.19484056"	"1.21809838"	"3d3.4s2"	"a 4P"	"3/2"	"3d3.4s2"	"a 4P"	"5/2"	4	6	M1	
""	"53749.3"	"2.80e-04"	AA	"0.01703332"	"0.04010046"	"3d3.4s2"	"a 4F"	"5/2"	"3d3.4s2"	"a 4F"	"7/2"	6	8	M1	
""	"62093.3"	"5.19e-05"	AA	"1.8726306"	"1.8925980"	"3d3.4s2"	"a 2H"	"9/2"	"3d3.4s2"	"a 2H"	"11/2"	10	12	M1	
""	"72789.2"	"1.124e-04"	AA	"0.00000000"	"0.01703332"	"3d3.4s2"	"a 4F"	"3/2"	"3d3.4s2"	"a 4F"	"5/2"	4	6	M1	
""	"88152.3"	"4.40e-05"	AA	"0.28657323"	"0.30063800"	"3d4.(5D).4s"	"a 6D"	"7/2"	"3d4.(5D).4s"	"a 6D"	"9/2"	8	10	M1	
