obs_wl_vac(nm)	ritz_wl_vac(nm)	Aki(s^-1)	Acc	Ei(eV)	Ek(eV)	conf_i	term_i	J_i	conf_k	term_k	J_k	g_i	g_k	Type	
"193.45350"	"193.453495"	"2.5e+07"	C+	"0.0000000"	"6.40899243"	"3d6.4s2"	"a 5D"	"4"	"3d6.(5D).4s (6D).5p"	"u 5P*"	"3"	9	7		
"193.72683"	"193.726831"	"2.2e+07"	C+	"0.0000000"	"6.39994976"	"3d6.4s2"	"a 5D"	"4"	"3d6.(5D).4s (6D).5p"	"u 5F*"	"3"	9	7		
"194.06603"	"194.066039"	"2.6e+07"	D+	"0.05156912"	"6.44033241"	"3d6.4s2"	"a 5D"	"3"	"3d6.(5D).4s (6D).5p"	"u 5P*"	"2"	7	5		
"213.26900"	"213.268991"	"7.6e+06"	C+	"0.0000000"	"5.81351269"	"3d6.4s2"	"a 5D"	"4"	"3d6.(3F2).4s.4p.(3P*)"	"x 3F*"	"4"	9	9		
"213.92666"	"213.926655"	"2.8e+06"	D+	"0.0000000"	"5.79564049"	"3d6.4s2"	"a 5D"	"4"	"3d7.(4P).4p"	"u 5D*"	"3"	9	7		
"214.58651"	"214.586496"	"5.7e+06"	C	"0.05156912"	"5.82938837"	"3d6.4s2"	"a 5D"	"3"	"3d7.(4P).4p"	"w 3D*"	"3"	7	7		
"215.36837"	"215.368354"	"6.9e+06"	C	"0.08728574"	"5.84412959"	"3d6.4s2"	"a 5D"	"2"	"3d7.(4P).4p"	"w 3D*"	"2"	5	5		
"216.22579"	"216.225791"	"5.0e+06"	D+	"0.11011433"	"5.84412959"	"3d6.4s2"	"a 5D"	"1"	"3d7.(4P).4p"	"w 3D*"	"2"	3	5		
"216.74532"	"216.745323"	"2.7e+08"	D+	"0.0000000"	"5.72027099"	"3d6.4s2"	"a 5D"	"4"	"3d7.(4P).4p"	"w 5P*"	"3"	9	7		
"217.19779"	"217.197781"	"5.1e+06"	D+	"0.08728574"	"5.79564049"	"3d6.4s2"	"a 5D"	"2"	"3d7.(4P).4p"	"u 5D*"	"3"	5	7		
"217.38949"	"217.389485"	"8.3e+06"	D+	"0.11011433"	"5.81343520"	"3d6.4s2"	"a 5D"	"1"	"3d7.(4P).4p"	"u 5D*"	"2"	3	5		
"217.75222"	"217.752214"	"1.0e+07"	C+	"0.12126572"	"5.81508605"	"3d6.4s2"	"a 5D"	"0"	"3d6.(3P2).4s.4p.(3P*)"	"y 3P*"	"1"	1	3		
"219.18892"	"219.188920"	"7.3e+06"	C	"0.12126572"	"5.77776507"	"3d6.4s2"	"a 5D"	"0"	"3d6.(3P2).4s.4p.(3P*)"	"z 3S*"	"1"	1	3		
"219.25241"	"219.252424"	"1.2e+08"	C+	"0.08728574"	"5.74214676"	"3d6.4s2"	"a 5D"	"2"	"3d7.(4P).4p"	"w 5P*"	"2"	5	5		
"219.67278"	"219.672802"	"1.2e+08"	C+	"0.11011433"	"5.75415389"	"3d6.4s2"	"a 5D"	"1"	"3d7.(4P).4p"	"w 5P*"	"1"	3	3		
"220.10767"	"220.107687"	"8.9e+07"	C	"0.12126572"	"5.75415389"	"3d6.4s2"	"a 5D"	"0"	"3d7.(4P).4p"	"w 5P*"	"1"	1	3		
"220.14111"	"220.141130"	"2.8e+07"	C	"0.11011433"	"5.74214676"	"3d6.4s2"	"a 5D"	"1"	"3d7.(4P).4p"	"w 5P*"	"2"	3	5		
"222.88643"	"222.886424"	"2.1e+06"	D+	"0.05156912"	"5.61423177"	"3d6.4s2"	"a 5D"	"3"	"3d6.(3P2).4s.4p.(3P*)"	"x 3D*"	"2"	7	5		
"225.14878"	"225.148786"	"1.23e+06"	C+	"0.0000000"	"5.50676735"	"3d6.4s2"	"a 5D"	"4"	"3d6.(3F2).4s.4p.(3P*)"	"w 5F*"	"4"	9	9		
"225.99820"	"225.998190"	"1.3e+06"	C	"0.05156912"	"5.53763954"	"3d6.4s2"	"a 5D"	"3"	"3d6.(3F2).4s.4p.(3P*)"	"v 5D*"	"2"	7	5		
"226.02096"	"226.020956"	"5.66e+06"	B+	"0.0000000"	"5.48551782"	"3d6.4s2"	"a 5D"	"4"	"3d6.(3F2).4s.4p.(3P*)"	"w 5F*"	"5"	9	11		
"226.57548"	"226.575482"	"1.43e+06"	C	"0.05156912"	"5.52366156"	"3d6.4s2"	"a 5D"	"3"	"3d6.(3F2).4s.4p.(3P*)"	"w 5F*"	"3"	7	7		
"226.77857"	"226.778561"	"4.57e+06"	B	"0.05156912"	"5.51876133"	"3d6.4s2"	"a 5D"	"3"	"3d7.(4P).4p"	"y 5S*"	"2"	7	5		
"227.27716"	"227.277164"	"2.92e+06"	B+	"0.05156912"	"5.50676735"	"3d6.4s2"	"a 5D"	"3"	"3d6.(3F2).4s.4p.(3P*)"	"w 5F*"	"4"	7	9		
"227.58943"	"227.589449"	"6.19e+06"	D+	"0.11011433"	"5.55782726"	"3d6.4s2"	"a 5D"	"1"	"3d6.(3F2).4s.4p.(3P*)"	"v 5D*"	"0"	3	1		
"227.67288"	"227.672873"	"1.25e+07"	D+	"0.0000000"	"5.44571679"	"3d6.4s2"	"a 5D"	"4"	"3d6.(3P2).4s.4p.(3P*)"	"w 5D*"	"3"	9	7		
"228.06409"	"228.064068"	"1.88e+06"	B+	"0.08728574"	"5.52366156"	"3d6.4s2"	"a 5D"	"2"	"3d6.(3F2).4s.4p.(3P*)"	"w 5F*"	"3"	5	7		
"228.40087"	"228.400861"	"2.59e+06"	B+	"0.12126572"	"5.54962521"	"3d6.4s2"	"a 5D"	"0"	"3d6.(3F2).4s.4p.(3P*)"	"v 5D*"	"1"	1	3		
"228.43598"	"228.435970"	"1.53e+06"	C	"0.11011433"	"5.53763954"	"3d6.4s2"	"a 5D"	"1"	"3d6.(3F2).4s.4p.(3P*)"	"v 5D*"	"2"	3	5		
"228.47903"	"228.479019"	"1.29e+07"	C	"0.05156912"	"5.47807170"	"3d6.4s2"	"a 5D"	"3"	"3d6.(3P2).4s.4p.(3P*)"	"w 5D*"	"2"	7	5		
"228.79550"	"228.795502"	"2.23e+07"	B+	"0.08728574"	"5.50628207"	"3d6.4s2"	"a 5D"	"2"	"3d6.(3P2).4s.4p.(3P*)"	"w 5D*"	"1"	5	3		
"229.32313"	"229.323126"	"2.96e+06"	B	"0.05156912"	"5.45809748"	"3d6.4s2"	"a 5D"	"3"	"3d6.(3F2).4s.4p.(3P*)"	"v 5D*"	"4"	7	9		
"229.45550"	"229.455438"	"1.09e+06"	C+	"0.08728574"	"5.49069652"	"3d6.4s2"	"a 5D"	"2"	"3d6.(3F2).4s.4p.(3P*)"	"w 5F*"	"2"	5	5		
"229.51150"	"229.511497"	"3.61e+07"	B	"0.11011433"	"5.51220530"	"3d6.4s2"	"a 5D"	"1"	"3d6.(3P2).4s.4p.(3P*)"	"w 5D*"	"0"	3	1		
"229.76343"	"229.763425"	"4.04e+06"	D+	"0.11011433"	"5.50628207"	"3d6.4s2"	"a 5D"	"1"	"3d6.(3P2).4s.4p.(3P*)"	"w 5D*"	"1"	3	3		
"229.84948"	"229.849470"	"1.44e+07"	D+	"0.05156912"	"5.44571679"	"3d6.4s2"	"a 5D"	"3"	"3d6.(3P2).4s.4p.(3P*)"	"w 5D*"	"3"	7	7		
"229.88767"	"229.887673"	"3.09e+07"	D+	"0.0000000"	"5.39325126"	"3d6.4s2"	"a 5D"	"4"	"3d6.(3P2).4s.4p.(3P*)"	"w 5D*"	"4"	9	9		
"229.93682"	"229.936806"	"1.59e+06"	C	"0.11011433"	"5.50221316"	"3d6.4s2"	"a 5D"	"1"	"3d6.(3F2).4s.4p.(3P*)"	"w 5F*"	"1"	3	3		
"229.99281"	"229.992805"	"7.03e+06"	C	"0.08728574"	"5.47807170"	"3d6.4s2"	"a 5D"	"2"	"3d6.(3P2).4s.4p.(3P*)"	"w 5D*"	"2"	5	5		
"230.08501"	"230.084999"	"4.99e+06"	B	"0.08728574"	"5.47591165"	"3d6.4s2"	"a 5D"	"2"	"3d6.(3F2).4s.4p.(3P*)"	"v 5D*"	"3"	5	7		
"230.23924"	"230.239224"	"8.68e+06"	B+	"0.12126572"	"5.50628207"	"3d6.4s2"	"a 5D"	"0"	"3d6.(3P2).4s.4p.(3P*)"	"w 5D*"	"1"	1	3		
"230.41333"	"230.413324"	"7.33e+06"	C+	"0.12126572"	"5.50221316"	"3d6.4s2"	"a 5D"	"0"	"3d6.(3F2).4s.4p.(3P*)"	"w 5F*"	"1"	1	3		
"230.42896"	"230.428965"	"4.83e+06"	C+	"0.11011433"	"5.49069652"	"3d6.4s2"	"a 5D"	"1"	"3d6.(3F2).4s.4p.(3P*)"	"w 5F*"	"2"	3	5		
"230.97091"	"230.970907"	"1.02e+07"	C	"0.11011433"	"5.47807170"	"3d6.4s2"	"a 5D"	"1"	"3d6.(3P2).4s.4p.(3P*)"	"w 5D*"	"2"	3	5		
"231.38151"	"231.381532"	"1.18e+07"	D+	"0.08728574"	"5.44571679"	"3d6.4s2"	"a 5D"	"2"	"3d6.(3P2).4s.4p.(3P*)"	"w 5D*"	"3"	5	7		
"232.10704"	"232.107031"	"1.41e+07"	C	"0.05156912"	"5.39325126"	"3d6.4s2"	"a 5D"	"3"	"3d6.(3P2).4s.4p.(3P*)"	"w 5D*"	"4"	7	9		
"235.1132"	"235.112992"	"1.61e+05"	D	"0.0000000"	"5.27338780"	"3d6.4s2"	"a 5D"	"4"	"3d6.(3P2).4s.4p.(3P*)"	"x 5P*"	"3"	9	7		
"235.66297"	"235.662972"	"5.17e+05"	C	"0.08728574"	"5.34836675"	"3d6.4s2"	"a 5D"	"2"	"3d6.(3H).4s.4p.(3P*)"	"y 5G*"	"3"	5	7		
"237.01798"	"237.017986"	"2.53e+06"	B	"0.11011433"	"5.34111814"	"3d6.4s2"	"a 5D"	"1"	"3d6.(3P2).4s.4p.(3P*)"	"x 5P*"	"1"	3	3		
"237.21545"	"237.215446"	"2.67e+06"	C+	"0.08728574"	"5.31393522"	"3d6.4s2"	"a 5D"	"2"	"3d6.(3P2).4s.4p.(3P*)"	"x 5P*"	"2"	5	5		
"237.43491"	"237.434898"	"6.53e+06"	B	"0.05156912"	"5.27338780"	"3d6.4s2"	"a 5D"	"3"	"3d6.(3P2).4s.4p.(3P*)"	"x 5P*"	"3"	7	7		
"237.52433"	"237.524337"	"3.14e+06"	B	"0.12126572"	"5.34111814"	"3d6.4s2"	"a 5D"	"0"	"3d6.(3P2).4s.4p.(3P*)"	"x 5P*"	"1"	1	3		
"238.25626"	"238.256084"	"4.34e+06"	C+	"0.11011433"	"5.31393522"	"3d6.4s2"	"a 5D"	"1"	"3d6.(3P2).4s.4p.(3P*)"	"x 5P*"	"2"	3	5		
"239.07011"	"239.070109"	"4.47e+06"	B	"0.08728574"	"5.27338780"	"3d6.4s2"	"a 5D"	"2"	"3d6.(3P2).4s.4p.(3P*)"	"x 5P*"	"3"	5	7		
"242.11308"	"242.113093"	"1.05e+05"	C	"0.85899575"	"5.97991659"	"3d7.(4F).4s"	"a 5F"	"5"	"3d6.(3G).4s.4p.(3P*)"	"y 5H*"	"5"	11	11		
"243.89217"	"243.892154"	"7.09e+06"	B	"0.85899575"	"5.94256226"	"3d7.(4F).4s"	"a 5F"	"5"	"3d6.(3G).4s.4p.(3P*)"	"v 5F*"	"4"	11	9		
"244.04845"	"244.048457"	"3.46e+08"	C+	"2.40407444"	"7.4843851"	"3d6.4s2"	"a 3H"	"6"	"3d6.(3H).4s.4p.(1P*)"	"t 3H*"	"6"	13	13		
"244.33086"	"244.330852"	"3.12e+08"	B	"2.43269470"	"7.5071336"	"3d6.4s2"	"a 3H"	"5"	"3d6.(3H).4s.4p.(1P*)"	"t 3H*"	"5"	11	11		
"244.46122"	"244.461230"	"5.89e+06"	B+	"0.85899575"	"5.93072834"	"3d7.(4F).4s"	"a 5F"	"5"	"3d6.(3F2).4s.4p.(3P*)"	"x 3G*"	"5"	11	11		
"244.59537"	"244.595360"	"1.18e+06"	C+	"0.85899575"	"5.92794713"	"3d7.(4F).4s"	"a 5F"	"5"	"3d6.(3F2).4s.4p.(3P*)"	"x 3G*"	"4"	11	9		
"244.84508"	"244.845069"	"3.30e+06"	D+	"0.0000000"	"5.06378173"	"3d6.4s2"	"a 5D"	"4"	"3d6.(5D).4s.4p.(1P*)"	"x 5F*"	"3"	9	7		
"245.42186"	"245.421876"	"1.89e+07"	B	"0.91460217"	"5.96648265"	"3d7.(4F).4s"	"a 5F"	"4"	"3d6.(3G).4s.4p.(3P*)"	"v 5F*"	"3"	9	7		
"245.43117"	"245.431110"	"1.23e+07"	C	"2.43269470"	"7.4843851"	"3d6.4s2"	"a 3H"	"5"	"3d6.(3H).4s.4p.(1P*)"	"t 3H*"	"6"	11	13		
"245.83404"	"245.834059"	"4.81e+07"	B	"0.85899575"	"5.90240588"	"3d7.(4F).4s"	"a 5F"	"5"	"3d6.(3G).4s.4p.(3P*)"	"v 5F*"	"5"	11	11		
"245.93126"	"245.931191"	"1.07e+06"	C	"0.85899575"	"5.90041395"	"3d7.(4F).4s"	"a 5F"	"5"	"3d6.(3G).4s.4p.(3P*)"	"w 5G*"	"4"	11	9		
"246.29257"	"246.292570"	"1.10e+07"	C+	"0.05156912"	"5.08559017"	"3d6.4s2"	"a 5D"	"3"	"3d6.(5D).4s.4p.(1P*)"	"x 5F*"	"2"	7	5		
"246.33921"	"246.339202"	"5.85e+07"	C+	"0.0000000"	"5.03306811"	"3d6.4s2"	"a 5D"	"4"	"3d6.(5D).4s.4p.(1P*)"	"x 5F*"	"4"	9	9		
"246.44755"	"246.447563"	"1.64e+07"	B	"0.95815732"	"5.98901244"	"3d7.(4F).4s"	"a 5F"	"3"	"3d7.(4P).4p"	"x 3P*"	"2"	7	5		
"246.58946"	"246.589464"	"4.35e+07"	B	"0.91460217"	"5.94256226"	"3d7.(4F).4s"	"a 5F"	"4"	"3d6.(3G).4s.4p.(3P*)"	"v 5F*"	"4"	9	9		
"246.96261"	"246.962607"	"2.40e+07"	B+	"0.85899575"	"5.87935896"	"3d7.(4F).4s"	"a 5F"	"5"	"3d6.(3G).4s.4p.(3P*)"	"w 5G*"	"5"	11	11		
"247.17122"	"247.171212"	"2.36e+06"	B+	"0.91460217"	"5.93072834"	"3d7.(4F).4s"	"a 5F"	"4"	"3d6.(3F2).4s.4p.(3P*)"	"x 3G*"	"5"	9	11		
"247.3088"	"247.308333"	"1.07e+07"	B+	"0.91460217"	"5.92794713"	"3d7.(4F).4s"	"a 5F"	"4"	"3d6.(3F2).4s.4p.(3P*)"	"x 3G*"	"4"	9	9		
"247.3088"	"247.309838"	"7.21e+06"	B	"0.85899575"	"5.87231021"	"3d7.(4F).4s"	"a 5F"	"5"	"3d6.(3G).4s.4p.(3P*)"	"w 5G*"	"6"	11	13		
"247.36184"	"247.361934"	"2.10e+07"	C	"0.08728574"	"5.09954435"	"3d6.4s2"	"a 5D"	"2"	"3d6.(5D).4s.4p.(1P*)"	"x 5F*"	"1"	5	3		
"247.36420"	"247.364205"	"1.30e+08"	B	"0.05156912"	"5.06378173"	"3d6.4s2"	"a 5D"	"3"	"3d6.(5D).4s.4p.(1P*)"	"x 5F*"	"3"	7	7		
"247.39040"	"247.390415"	"2.75e+06"	B+	"0.0000000"	"5.01168158"	"3d6.4s2"	"a 5D"	"4"	"3d5.(6S).4s2.4p"	"y 7P*"	"4"	9	9		
"247.55620"	"247.556199"	"6.13e+07"	B	"0.95815732"	"5.96648265"	"3d7.(4F).4s"	"a 5F"	"3"	"3d6.(3G).4s.4p.(3P*)"	"v 5F*"	"3"	7	7		
"247.74047"	"247.740477"	"3.05e+07"	B	"0.99011115"	"5.99471113"	"3d7.(4F).4s"	"a 5F"	"2"	"3d6.(3G).4s.4p.(3P*)"	"v 5F*"	"1"	5	3		
"247.76136"	"247.761328"	"2.93e+06"	C+	"1.01105568"	"6.01523448"	"3d7.(4F).4s"	"a 5F"	"1"	"3d7.(4P).4p"	"x 3P*"	"1"	3	3		
"248.02290"	"248.022898"	"2.10e+07"	B	"0.99011115"	"5.98901244"	"3d7.(4F).4s"	"a 5F"	"2"	"3d7.(4P).4p"	"x 3P*"	"2"	5	5		
"248.03767"	"248.037558"	"7.06e+05"	C	"0.91460217"	"5.91320801"	"3d7.(4F).4s"	"a 5F"	"4"	"3d6.(3G).4s.4p.(3P*)"	"w 5G*"	"3"	9	7		
"248.05251"	"248.052515"	"1.74e+08"	B	"0.08728574"	"5.08559017"	"3d6.4s2"	"a 5D"	"2"	"3d6.(5D).4s.4p.(1P*)"	"x 5F*"	"2"	5	5		
"248.40204"	"248.402067"	"4.80e+08"	B	"0.0000000"	"4.99127081"	"3d6.4s2"	"a 5D"	"4"	"3d6.(5D).4s.4p.(1P*)"	"x 5F*"	"5"	9	11		
"248.42830"	"248.428306"	"2.09e+07"	C	"0.99011115"	"5.98085478"	"3d7.(4F).4s"	"a 5F"	"2"	"3d6.(3G).4s.4p.(3P*)"	"v 5F*"	"2"	5	5		
"248.49374"	"248.493712"	"2.26e+08"	C+	"0.11011433"	"5.09954435"	"3d6.4s2"	"a 5D"	"1"	"3d6.(5D).4s.4p.(1P*)"	"x 5F*"	"1"	3	3		
"248.67405"	"248.674045"	"2.94e+06"	B	"0.91460217"	"5.90041395"	"3d7.(4F).4s"	"a 5F"	"4"	"3d6.(3G).4s.4p.(3P*)"	"w 5G*"	"4"	9	9		
"248.71229"	"248.712348"	"3.08e+06"	B+	"0.0000000"	"4.98504395"	"3d6.4s2"	"a 5D"	"4"	"3d5.(6S).4s2.4p"	"y 7P*"	"3"	9	7		
"248.74422"	"248.744233"	"1.47e+07"	B	"0.95815732"	"5.94256226"	"3d7.(4F).4s"	"a 5F"	"3"	"3d6.(3G).4s.4p.(3P*)"	"v 5F*"	"4"	7	9		
"248.78164"	"248.781642"	"6.40e+07"	C+	"1.01105568"	"5.99471113"	"3d7.(4F).4s"	"a 5F"	"1"	"3d6.(3G).4s.4p.(3P*)"	"v 5F*"	"1"	3	3		
"248.81204"	"248.812028"	"2.74e+06"	C+	"0.08728574"	"5.07033256"	"3d6.4s2"	"a 5D"	"2"	"3d6.(3P2).4s.4p.(3P*)"	"z 5S*"	"2"	5	5		
"248.88932"	"248.889338"	"4.20e+08"	B	"0.05156912"	"5.03306811"	"3d6.4s2"	"a 5D"	"3"	"3d6.(5D).4s.4p.(1P*)"	"x 5F*"	"4"	7	9		
"249.05035"	"249.050340"	"2.31e+08"	C+	"0.12126572"	"5.09954435"	"3d6.4s2"	"a 5D"	"0"	"3d6.(5D).4s.4p.(1P*)"	"x 5F*"	"1"	1	3		
"249.06644"	"249.066443"	"8.72e+06"	B	"1.01105568"	"5.98901244"	"3d7.(4F).4s"	"a 5F"	"1"	"3d7.(4P).4p"	"x 3P*"	"2"	3	5		
"249.13956"	"249.139553"	"3.44e+08"	B	"0.08728574"	"5.06378173"	"3d6.4s2"	"a 5D"	"2"	"3d6.(5D).4s.4p.(1P*)"	"x 5F*"	"3"	5	7		
"249.19064"	"249.190635"	"2.91e+08"	B	"0.11011433"	"5.08559017"	"3d6.4s2"	"a 5D"	"1"	"3d6.(5D).4s.4p.(1P*)"	"x 5F*"	"2"	3	5		
""	"249.274076"	"3.25e+07"	D+	"2.55917148"	"7.5329818"	"3d6.4s2"	"b 3F2"	"4"	"3d6.(3H).4s.4p.(1P*)"	"t 3H*"	"4"	9	9		
"249.33824"	"249.338250"	"5.35e+05"	D+	"0.95815732"	"5.93068755"	"3d7.(4F).4s"	"a 5F"	"3"	"3d6.(3F2).4s.4p.(3P*)"	"x 3G*"	"3"	7	7		
"249.47530"	"249.475272"	"8.89e+06"	C	"1.01105568"	"5.98085478"	"3d7.(4F).4s"	"a 5F"	"1"	"3d6.(3G).4s.4p.(3P*)"	"v 5F*"	"2"	3	5		
"249.50036"	"249.500357"	"1.10e+06"	B	"0.85899575"	"5.82829520"	"3d7.(4F).4s"	"a 5F"	"5"	"3d6.(3H).4s.4p.(3P*)"	"z 3H*"	"5"	11	11		
"249.6625"	"249.662631"	"1.43e+06"	C	"0.85899575"	"5.82506529"	"3d7.(4F).4s"	"a 5F"	"5"	"3d6.(3H).4s.4p.(3P*)"	"z 3H*"	"6"	11	13		
"249.72865"	"249.728645"	"2.15e+07"	B	"0.91460217"	"5.87935896"	"3d7.(4F).4s"	"a 5F"	"4"	"3d6.(3G).4s.4p.(3P*)"	"w 5G*"	"5"	9	11		
"249.95715"	"249.957145"	"1.22e+05"	C+	"0.11011433"	"5.07033256"	"3d6.4s2"	"a 5D"	"1"	"3d6.(3P2).4s.4p.(3P*)"	"z 5S*"	"2"	3	5		
"249.96270"	"249.962474"	"5.90e+04"	B	"0.05156912"	"5.01168158"	"3d6.4s2"	"a 5D"	"3"	"3d5.(6S).4s2.4p"	"y 7P*"	"4"	7	9		
"250.18857"	"250.188561"	"6.75e+07"	C+	"0.0000000"	"4.95563019"	"3d6.4s2"	"a 5D"	"4"	"3d6.(5D).4s.4p.(1P*)"	"x 5D*"	"3"	9	7		
"250.21774"	"250.217821"	"1.56e+05"	C	"0.95815732"	"5.91320801"	"3d7.(4F).4s"	"a 5F"	"3"	"3d6.(3G).4s.4p.(3P*)"	"w 5G*"	"3"	7	7		
"250.24479"	"250.244777"	"3.69e+06"	C+	"0.85899575"	"5.81351269"	"3d7.(4F).4s"	"a 5F"	"5"	"3d6.(3F2).4s.4p.(3P*)"	"x 3F*"	"4"	11	9		
"250.57625"	"250.57629"	"2.56e+07"	C+	"2.55917148"	"7.5071336"	"3d6.4s2"	"b 3F2"	"4"	"3d6.(3H).4s.4p.(1P*)"	"t 3H*"	"5"	9	11		
"250.73273"	"250.732678"	"2.04e+07"	C+	"2.58810592"	"7.5329818"	"3d6.4s2"	"b 3F2"	"3"	"3d6.(3H).4s.4p.(1P*)"	"t 3H*"	"4"	7	9		
"250.86555"	"250.865561"	"1.93e+07"	B+	"0.95815732"	"5.90041395"	"3d7.(4F).4s"	"a 5F"	"3"	"3d6.(3G).4s.4p.(3P*)"	"w 5G*"	"4"	7	9		
"250.95087"	"250.950878"	"1.71e+06"	C+	"0.99011115"	"5.93068755"	"3d7.(4F).4s"	"a 5F"	"2"	"3d6.(3F2).4s.4p.(3P*)"	"x 3G*"	"3"	5	7		
"251.15909"	"251.159080"	"1.29e+08"	B	"0.05156912"	"4.98804995"	"3d6.4s2"	"a 5D"	"3"	"3d6.(5D).4s.4p.(1P*)"	"x 5D*"	"2"	7	5		
"251.30318"	"251.303170"	"2.19e+06"	C+	"0.85899575"	"5.79264615"	"3d7.(4F).4s"	"a 5F"	"5"	"3d7.(4P).4p"	"u 5D*"	"4"	11	9		
"251.31212"	"251.312113"	"2.00e+06"	B+	"0.05156912"	"4.98504395"	"3d6.4s2"	"a 5D"	"3"	"3d5.(6S).4s2.4p"	"y 7P*"	"3"	7	7		
"251.66109"	"251.661051"	"1.22e+06"	C	"1.55735733"	"6.48399171"	"3d7.(4F).4s"	"a 3F"	"3"	"3d7.(2P).4p"	"u 3D*"	"2"	7	5		
"251.70078"	"251.700742"	"3.73e+05"	C	"0.91460217"	"5.84045966"	"3d7.(4F).4s"	"a 5F"	"4"	"3d6.(3H).4s.4p.(3P*)"	"z 3H*"	"4"	9	9		
"251.73282"	"251.732822"	"1.71e+06"	C	"0.95815732"	"5.88338708"	"3d7.(4F).4s"	"a 5F"	"3"	"3d7.(2G).4p"	"z 1G*"	"4"	7	9		
"251.84186"	"251.841883"	"1.58e+07"	B	"0.99011115"	"5.91320801"	"3d7.(4F).4s"	"a 5F"	"2"	"3d6.(3G).4s.4p.(3P*)"	"w 5G*"	"3"	5	7		
"251.88593"	"251.885927"	"1.93e+08"	B	"0.08728574"	"5.00952178"	"3d6.4s2"	"a 5D"	"2"	"3d6.(5D).4s.4p.(1P*)"	"x 5D*"	"1"	5	3		
"252.03874"	"252.038748"	"1.34e+07"	C+	"1.01105568"	"5.93030716"	"3d7.(4F).4s"	"a 5F"	"1"	"3d6.(3G).4s.4p.(3P*)"	"w 5G*"	"2"	3	5		
"252.26775"	"252.267736"	"2.42e+06"	C+	"0.91460217"	"5.82938837"	"3d7.(4F).4s"	"a 5F"	"4"	"3d7.(4P).4p"	"w 3D*"	"3"	9	7		
"252.32386"	"252.323859"	"1.14e+06"	C+	"0.91460217"	"5.82829520"	"3d7.(4F).4s"	"a 5F"	"4"	"3d6.(3H).4s.4p.(3P*)"	"z 3H*"	"5"	9	11		
"252.36082"	"252.360810"	"2.13e+08"	B	"0.0000000"	"4.91297355"	"3d6.4s2"	"a 5D"	"4"	"3d6.(5D).4s.4p.(1P*)"	"x 5D*"	"4"	9	9		
"252.50516"	"252.505154"	"3.23e+08"	B	"0.11011433"	"5.02027939"	"3d6.4s2"	"a 5D"	"1"	"3d6.(5D).4s.4p.(1P*)"	"x 5D*"	"0"	3	1		
"252.80261"	"252.802544"	"3.46e+07"	D+	"2.40407444"	"7.3084633"	"3d6.4s2"	"a 3H"	"6"	"3d6.(3H).4s.4p.(1P*)"	"3I*"	"6"	13	13		
"252.81948"	"252.819442"	"1.93e+08"	B	"0.05156912"	"4.95563019"	"3d6.4s2"	"a 5D"	"3"	"3d6.(5D).4s.4p.(1P*)"	"x 5D*"	"3"	7	7		
"252.98952"	"252.989520"	"9.91e+07"	B	"0.08728574"	"4.98804995"	"3d6.4s2"	"a 5D"	"2"	"3d6.(5D).4s.4p.(1P*)"	"x 5D*"	"2"	5	5		
"253.00679"	"253.00682"	"4.86e+08"	B	"2.60850194"	"7.5089311"	"3d6.4s2"	"b 3F2"	"2"	"3d6.(3F2).4s.4p.(1P*)"	"r 3G*"	"3"	5	7		
"253.05958"	"253.059579"	"3.83e+07"	B	"0.11011433"	"5.00952178"	"3d6.4s2"	"a 5D"	"1"	"3d6.(5D).4s.4p.(1P*)"	"x 5D*"	"1"	3	3		
"253.14523"	"253.144792"	"6.40e+05"	B	"0.08728574"	"4.98504395"	"3d6.4s2"	"a 5D"	"2"	"3d5.(6S).4s2.4p"	"y 7P*"	"3"	5	7		
"253.36372"	"253.363720"	"1.43e+06"	B	"0.95815732"	"5.85168345"	"3d7.(4F).4s"	"a 5F"	"3"	"3d6.(3F2).4s.4p.(3P*)"	"x 3F*"	"2"	7	5		
"253.39027"	"253.390228"	"2.07e+07"	C+	"2.43269470"	"7.3257089"	"3d6.4s2"	"a 3H"	"5"	"3d6.(3H).4s.4p.(1P*)"	"3I*"	"5"	11	11		
"253.63687"	"253.636874"	"9.59e+07"	B	"0.12126572"	"5.00952178"	"3d6.4s2"	"a 5D"	"0"	"3d6.(5D).4s.4p.(1P*)"	"x 5D*"	"1"	1	3		
"253.79368"	"253.793663"	"3.70e+08"	B	"2.40407444"	"7.28931061"	"3d6.4s2"	"a 3H"	"6"	"3d6.(3H).4s.4p.(1P*)"	"3I*"	"7"	13	15		
"253.82211"	"253.822110"	"3.19e+06"	C+	"1.48486439"	"6.36955305"	"3d7.(4F).4s"	"a 3F"	"4"	"3d7.(2H).4p"	"u 3G*"	"5"	9	11		
"253.94618"	"253.946171"	"2.74e+05"	C+	"0.95815732"	"5.84045966"	"3d7.(4F).4s"	"a 5F"	"3"	"3d6.(3H).4s.4p.(3P*)"	"z 3H*"	"4"	7	9		
"254.01195"	"254.011934"	"2.41e+06"	C+	"0.91460217"	"5.79564049"	"3d7.(4F).4s"	"a 5F"	"4"	"3d7.(4P).4p"	"u 5D*"	"3"	9	7		
"254.14264"	"254.142342"	"1.41e+06"	B+	"0.08728574"	"4.96581946"	"3d6.4s2"	"a 5D"	"2"	"3d5.(6S).4s2.4p"	"y 7P*"	"2"	5	5		
"254.17352"	"254.173504"	"9.59e+07"	C+	"0.11011433"	"4.98804995"	"3d6.4s2"	"a 5D"	"1"	"3d6.(5D).4s.4p.(1P*)"	"x 5D*"	"2"	3	5		
"254.28645"	"254.286469"	"4.47e+08"	C+	"2.43269470"	"7.3084633"	"3d6.4s2"	"a 3H"	"5"	"3d6.(3H).4s.4p.(1P*)"	"3I*"	"6"	11	13		
"254.46863"	"254.468622"	"4.70e+08"	B	"2.45343044"	"7.3257089"	"3d6.4s2"	"a 3H"	"4"	"3d6.(3H).4s.4p.(1P*)"	"3I*"	"5"	9	11		
"254.54205"	"254.542035"	"2.86e+06"	C+	"0.99011115"	"5.86098438"	"3d7.(4F).4s"	"a 5F"	"2"	"3d7.(4P).4p"	"w 3D*"	"1"	5	3		
"254.67426"	"254.674253"	"7.16e+07"	C+	"0.08728574"	"4.95563019"	"3d6.4s2"	"a 5D"	"2"	"3d6.(5D).4s.4p.(1P*)"	"x 5D*"	"3"	5	7		
"255.02904"	"255.029013"	"6.62e+05"	C+	"0.99011115"	"5.85168345"	"3d7.(4F).4s"	"a 5F"	"2"	"3d6.(3F2).4s.4p.(3P*)"	"x 3F*"	"2"	5	5		
"255.03784"	"255.037819"	"2.31e+07"	B	"0.05156912"	"4.91297355"	"3d6.4s2"	"a 5D"	"3"	"3d6.(5D).4s.4p.(1P*)"	"x 5D*"	"4"	7	9		
"255.33716"	"255.337166"	"6.19e+05"	B	"0.11011433"	"4.96581946"	"3d6.4s2"	"a 5D"	"1"	"3d5.(6S).4s2.4p"	"y 7P*"	"2"	3	5		
"255.35965"	"255.359635"	"1.43e+06"	C+	"0.95815732"	"5.81343520"	"3d7.(4F).4s"	"a 5F"	"3"	"3d7.(4P).4p"	"u 5D*"	"2"	7	5		
"255.70704"	"255.707049"	"2.55e+06"	C+	"1.55735733"	"6.40603863"	"3d7.(4F).4s"	"a 3F"	"3"	"3d7.(2H).4p"	"u 3G*"	"4"	7	9		
"255.76296"	"255.762960"	"7.51e+05"	C+	"0.85899575"	"5.70661711"	"3d7.(4F).4s"	"a 5F"	"5"	"3d6.(3H).4s.4p.(3P*)"	"z 3I*"	"6"	11	13		
"256.13249"	"256.132477"	"1.59e+06"	B	"1.01105568"	"5.85168345"	"3d7.(4F).4s"	"a 5F"	"1"	"3d6.(3F2).4s.4p.(3P*)"	"x 3F*"	"2"	3	5		
"256.26231"	"256.262281"	"1.67e+06"	C+	"1.01105568"	"5.84923154"	"3d7.(4F).4s"	"a 5F"	"1"	"3d7.(4P).4p"	"u 5D*"	"1"	3	3		
"256.41671"	"256.416739"	"1.12e+06"	C+	"0.95815732"	"5.79341882"	"3d7.(4F).4s"	"a 5F"	"3"	"3d6.(3P2).4s.4p.(3P*)"	"y 3P*"	"2"	7	5		
"256.53279"	"256.532800"	"1.43e+06"	C+	"1.01105568"	"5.84412959"	"3d7.(4F).4s"	"a 5F"	"1"	"3d7.(4P).4p"	"w 3D*"	"2"	3	5		
"256.96343"	"256.963406"	"2.04e+06"	C+	"0.99011115"	"5.81508605"	"3d7.(4F).4s"	"a 5F"	"2"	"3d6.(3P2).4s.4p.(3P*)"	"y 3P*"	"1"	5	3		
"257.03667"	"257.036668"	"1.01e+06"	B+	"0.85899575"	"5.68259542"	"3d7.(4F).4s"	"a 5F"	"5"	"3d6.(3F2).4s.4p.(3P*)"	"x 5G*"	"4"	11	9		
"257.05133"	"257.051356"	"1.17e+06"	C+	"0.99011115"	"5.81343520"	"3d7.(4F).4s"	"a 5F"	"2"	"3d7.(4P).4p"	"u 5D*"	"2"	5	5		
"257.35259"	"257.352437"	"2.49e+06"	C+	"1.60789577"	"6.42557692"	"3d7.(4F).4s"	"a 3F"	"2"	"3d7.(2H).4p"	"u 3G*"	"3"	5	7		
"257.74616"	"257.746161"	"1.13e+07"	B+	"0.85899575"	"5.66931758"	"3d7.(4F).4s"	"a 5F"	"5"	"3d6.(3F2).4s.4p.(3P*)"	"x 5G*"	"5"	11	11		
"258.00422"	"258.004220"	"3.15e+05"	C+	"0.91460217"	"5.72011266"	"3d7.(4F).4s"	"a 5F"	"4"	"3d6.(3H).4s.4p.(3P*)"	"z 3I*"	"5"	9	11		
"258.53093"	"258.530919"	"3.15e+07"	B+	"0.85899575"	"5.65471608"	"3d7.(4F).4s"	"a 5F"	"5"	"3d6.(3F2).4s.4p.(3P*)"	"x 5G*"	"6"	11	13		
"259.49265"	"259.492677"	"1.86e+06"	B+	"0.91460217"	"5.6925481"	"3d7.(4F).4s"	"a 5F"	"4"	"3d6.(3F2).4s.4p.(3P*)"	"x 5G*"	"3"	9	7		
"259.73922"	"259.739356"	"5.79e+04"	C+	"0.85899575"	"5.63240401"	"3d7.(4F).4s"	"a 5F"	"5"	"3d6.(3H).4s.4p.(3P*)"	"y 3G*"	"4"	11	9		
"260.03437"	"260.034342"	"1.47e+07"	B+	"0.91460217"	"5.68259542"	"3d7.(4F).4s"	"a 5F"	"4"	"3d6.(3F2).4s.4p.(3P*)"	"x 5G*"	"4"	9	9		
"260.64355"	"260.643522"	"1.45e+06"	B	"0.85899575"	"5.61584517"	"3d7.(4F).4s"	"a 5F"	"5"	"3d6.(3H).4s.4p.(3P*)"	"y 3G*"	"5"	11	11		
"260.76048"	"260.760504"	"2.43e+07"	B+	"0.91460217"	"5.66931758"	"3d7.(4F).4s"	"a 5F"	"4"	"3d6.(3F2).4s.4p.(3P*)"	"x 5G*"	"5"	9	11		
"261.00001"	"260.99994"	"4.60e+07"	C+	"2.75857762"	"7.5089311"	"3d7.(2G).4s"	"a 3G"	"3"	"3d6.(3F2).4s.4p.(1P*)"	"r 3G*"	"3"	7	7		
"261.15304"	"261.153003"	"3.61e+05"	D	"0.08728574"	"4.83485507"	"3d6.4s2"	"a 5D"	"2"	"3d7.(4F).4p"	"y 3D*"	"1"	5	3		
"261.35521"	"261.355190"	"5.07e+05"	C	"0.05156912"	"4.79546566"	"3d6.4s2"	"a 5D"	"3"	"3d7.(4F).4p"	"y 3D*"	"2"	7	5		
"261.52750"	"261.527498"	"1.80e+06"	B+	"0.95815732"	"5.69892835"	"3d7.(4F).4s"	"a 5F"	"3"	"3d6.(3F2).4s.4p.(3P*)"	"x 5G*"	"2"	7	5		
"261.87993"	"261.879941"	"1.50e+07"	B+	"0.95815732"	"5.6925481"	"3d7.(4F).4s"	"a 5F"	"3"	"3d6.(3F2).4s.4p.(3P*)"	"x 5G*"	"3"	7	7		
"261.94920"	"261.949103"	"5.21e+05"	B	"0.0000000"	"4.73314079"	"3d6.4s2"	"a 5D"	"4"	"3d7.(4F).4p"	"y 3D*"	"3"	9	7		
"262.41485"	"262.414819"	"8.61e+05"	D	"0.11011433"	"4.83485507"	"3d6.4s2"	"a 5D"	"1"	"3d7.(4F).4p"	"y 3D*"	"1"	3	3		
"262.43164"	"262.431629"	"2.13e+07"	B+	"0.95815732"	"5.68259542"	"3d7.(4F).4s"	"a 5F"	"3"	"3d6.(3F2).4s.4p.(3P*)"	"x 5G*"	"4"	7	9		
"262.80076"	"262.800776"	"1.09e+05"	B	"0.91460217"	"5.63240401"	"3d7.(4F).4s"	"a 5F"	"4"	"3d6.(3H).4s.4p.(3P*)"	"y 3G*"	"4"	9	9		
""	"263.035639"	"2.00e+06"	D+	"0.12126572"	"4.83485507"	"3d6.4s2"	"a 5D"	"0"	"3d7.(4F).4p"	"y 3D*"	"1"	1	3		
"263.30223"	"263.302212"	"1.21e+07"	B+	"0.99011115"	"5.69892835"	"3d7.(4F).4s"	"a 5F"	"2"	"3d6.(3F2).4s.4p.(3P*)"	"x 5G*"	"2"	5	5		
"263.33787"	"263.337852"	"9.00e+05"	C	"0.08728574"	"4.79546566"	"3d6.4s2"	"a 5D"	"2"	"3d7.(4F).4p"	"y 3D*"	"2"	5	5		
"263.65067"	"263.650477"	"4.29e+06"	C	"2.43269470"	"7.1352919"	"3d6.4s2"	"a 3H"	"5"	"3d6.(3D).4s.4p.(3P*)"	"t 3F*"	"4"	11	9		
"263.65943"	"263.659458"	"2.11e+07"	B+	"0.99011115"	"5.6925481"	"3d7.(4F).4s"	"a 5F"	"2"	"3d6.(3F2).4s.4p.(3P*)"	"x 5G*"	"3"	5	7		
"263.72643"	"263.726419"	"7.86e+05"	B	"0.91460217"	"5.61584517"	"3d7.(4F).4s"	"a 5F"	"4"	"3d6.(3H).4s.4p.(3P*)"	"y 3G*"	"5"	9	11		
"264.18161"	"264.181598"	"7.71e+06"	D+	"2.45343044"	"7.14657331"	"3d6.4s2"	"a 3H"	"4"	"3d6.(3D).4s.4p.(3P*)"	"t 3F*"	"3"	9	7		
"264.24306"	"264.243260"	"6.47e+06"	C	"0.91460217"	"5.60664989"	"3d7.(4F).4s"	"a 5F"	"4"	"3d6.(3P2).4s.4p.(3P*)"	"x 3D*"	"3"	9	7		
"264.47860"	"264.478596"	"2.34e+07"	B+	"1.01105568"	"5.69892835"	"3d7.(4F).4s"	"a 5F"	"1"	"3d6.(3F2).4s.4p.(3P*)"	"x 5G*"	"2"	3	5		
"264.62093"	"264.620921"	"3.38e+05"	C	"0.11011433"	"4.79546566"	"3d6.4s2"	"a 5D"	"1"	"3d7.(4F).4p"	"y 3D*"	"2"	3	5		
"264.83458"	"264.834562"	"5.20e+05"	B	"0.05156912"	"4.73314079"	"3d6.4s2"	"a 5D"	"3"	"3d7.(4F).4p"	"y 3D*"	"3"	7	7		
"265.24954"	"265.249583"	"9.72e+05"	B	"0.95815732"	"5.63240401"	"3d7.(4F).4s"	"a 5F"	"3"	"3d6.(3H).4s.4p.(3P*)"	"y 3G*"	"4"	7	9		
"265.69358"	"265.693555"	"1.63e+07"	B	"2.40407444"	"7.0705105"	"3d6.4s2"	"a 3H"	"6"	"3d6.(1I).4s.4p.(3P*)"	"x 3I*"	"7"	13	15		
"265.75823"	"265.758213"	"1.45e+06"	B	"1.48486439"	"6.15016512"	"3d7.(4F).4s"	"a 3F"	"4"	"3d7.(2G).4p"	"y 3H*"	"5"	9	11		
"266.11885"	"266.118895"	"6.32e+05"	B	"0.99011115"	"5.64908881"	"3d7.(4F).4s"	"a 5F"	"2"	"3d6.(3H).4s.4p.(3P*)"	"y 3G*"	"3"	5	7		
"266.28483"	"266.284828"	"4.64e+06"	B	"0.95815732"	"5.61423177"	"3d7.(4F).4s"	"a 5F"	"3"	"3d6.(3P2).4s.4p.(3P*)"	"x 3D*"	"2"	7	5		
"266.71914"	"266.719150"	"1.79e+06"	B	"0.95815732"	"5.60664989"	"3d7.(4F).4s"	"a 5F"	"3"	"3d6.(3P2).4s.4p.(3P*)"	"x 3D*"	"3"	7	7		
"266.76053"	"266.760524"	"8.91e+06"	B+	"0.85899575"	"5.50676735"	"3d7.(4F).4s"	"a 5F"	"5"	"3d6.(3F2).4s.4p.(3P*)"	"w 5F*"	"4"	11	9		
"266.77579"	"266.775774"	"5.16e+06"	B	"1.48486439"	"6.13237029"	"3d7.(4F).4s"	"a 3F"	"4"	"3d7.(2G).4p"	"v 3G*"	"5"	9	11		
"266.87058"	"266.870570"	"1.69e+05"	B	"0.08728574"	"4.73314079"	"3d6.4s2"	"a 5D"	"2"	"3d7.(4F).4p"	"y 3D*"	"3"	5	7		
"267.02868"	"267.028651"	"1.34e+07"	B	"2.43269470"	"7.0757994"	"3d6.4s2"	"a 3H"	"5"	"3d6.(1I).4s.4p.(3P*)"	"x 3I*"	"6"	11	13		
"267.40076"	"267.400749"	"2.27e+06"	B	"1.01105568"	"5.64769932"	"3d7.(4F).4s"	"a 5F"	"1"	"3d6.(3P2).4s.4p.(3P*)"	"x 3D*"	"1"	3	3		
"267.98200"	"267.98181"	"1.10e+07"	B	"2.45343044"	"7.0800206"	"3d6.4s2"	"a 3H"	"4"	"3d6.(1I).4s.4p.(3P*)"	"x 3I*"	"5"	9	11		
"267.98576"	"267.985750"	"1.50e+07"	B+	"0.85899575"	"5.48551782"	"3d7.(4F).4s"	"a 5F"	"5"	"3d6.(3F2).4s.4p.(3P*)"	"w 5F*"	"5"	11	11		
"268.12492"	"268.124923"	"3.42e+06"	B	"0.99011115"	"5.61423177"	"3d7.(4F).4s"	"a 5F"	"2"	"3d6.(3P2).4s.4p.(3P*)"	"x 3D*"	"2"	5	5		
"268.56532"	"268.565273"	"1.87e+05"	C+	"0.99011115"	"5.60664989"	"3d7.(4F).4s"	"a 5F"	"2"	"3d6.(3P2).4s.4p.(3P*)"	"x 3D*"	"3"	5	7		
"269.00105"	"269.001087"	"1.68e+07"	B+	"0.91460217"	"5.52366156"	"3d7.(4F).4s"	"a 5F"	"4"	"3d6.(3F2).4s.4p.(3P*)"	"w 5F*"	"3"	9	7		
"269.06273"	"269.062717"	"3.04e+06"	C+	"1.55735733"	"6.16536100"	"3d7.(4F).4s"	"a 3F"	"3"	"3d7.(2G).4p"	"y 3H*"	"4"	7	9		
""	"269.084480"	"1.69e+06"	D+	"2.45343044"	"7.0610614"	"3d6.4s2"	"a 3H"	"4"	"3d7.(2H).4p"	"v 1G*"	"4"	9	9		
"269.08666"	"269.086682"	"2.53e+05"	C+	"0.0000000"	"4.60759327"	"3d6.4s2"	"a 5D"	"4"	"3d7.(4F).4p"	"y 3F*"	"3"	9	7		
"269.30471"	"269.304725"	"6.27e+05"	C+	"1.48486439"	"6.08872711"	"3d7.(4F).4s"	"a 3F"	"4"	"3d7.(2G).4p"	"w 3F*"	"4"	9	9		
"269.34493"	"269.344896"	"3.99e+05"	C+	"1.01105568"	"5.61423177"	"3d7.(4F).4s"	"a 5F"	"1"	"3d6.(3P2).4s.4p.(3P*)"	"x 3D*"	"2"	3	5		
"269.58351"	"269.583510"	"4.77e+05"	B	"0.85899575"	"5.45809748"	"3d7.(4F).4s"	"a 5F"	"5"	"3d6.(3F2).4s.4p.(3P*)"	"v 5D*"	"4"	11	9		
"269.78211"	"269.782110"	"3.51e+06"	B	"1.55735733"	"6.15307342"	"3d7.(4F).4s"	"a 3F"	"3"	"3d7.(2G).4p"	"v 3G*"	"4"	7	9		
"269.99073"	"269.990720"	"5.59e+06"	B+	"0.91460217"	"5.50676735"	"3d7.(4F).4s"	"a 5F"	"4"	"3d6.(3F2).4s.4p.(3P*)"	"w 5F*"	"4"	9	9		
"270.27118"	"270.271066"	"1.05e+07"	D+	"2.55917148"	"7.14657331"	"3d6.4s2"	"b 3F2"	"4"	"3d6.(3D).4s.4p.(3P*)"	"t 3F*"	"3"	9	7		
"270.32516"	"270.325110"	"4.23e+06"	B	"2.40407444"	"6.99055915"	"3d6.4s2"	"a 3H"	"6"	"3d6.(1I).4s.4p.(3P*)"	"u 3H*"	"5"	13	11		
"270.68149"	"270.681472"	"2.28e+07"	B+	"2.40407444"	"6.9845209"	"3d6.4s2"	"a 3H"	"6"	"3d6.(1I).4s.4p.(3P*)"	"u 3H*"	"6"	13	13		
"270.73843"	"270.738465"	"2.69e+07"	B+	"0.95815732"	"5.53763954"	"3d7.(4F).4s"	"a 5F"	"3"	"3d6.(3F2).4s.4p.(3P*)"	"v 5D*"	"2"	7	5		
"270.93738"	"270.937362"	"6.49e+07"	B+	"2.55917148"	"7.1352919"	"3d6.4s2"	"b 3F2"	"4"	"3d6.(3D).4s.4p.(3P*)"	"t 3F*"	"4"	9	9		
"271.13471"	"271.134706"	"5.99e+06"	C+	"1.60789577"	"6.18068544"	"3d7.(4F).4s"	"a 3F"	"2"	"3d7.(2G).4p"	"v 3G*"	"3"	5	7		
"271.24588"	"271.245868"	"4.99e+06"	B+	"0.91460217"	"5.48551782"	"3d7.(4F).4s"	"a 5F"	"4"	"3d6.(3F2).4s.4p.(3P*)"	"w 5F*"	"5"	9	11		
"271.56737"	"271.567371"	"8.38e+05"	B+	"0.95815732"	"5.52366156"	"3d7.(4F).4s"	"a 5F"	"3"	"3d6.(3F2).4s.4p.(3P*)"	"w 5F*"	"3"	7	7		
"271.70622"	"271.706260"	"3.70e+06"	D+	"2.45343044"	"7.01660092"	"3d6.4s2"	"a 3H"	"4"	"3d6.(1G2).4s.4p.(3P*)"	"u 3F*"	"4"	9	9		
"271.72235"	"271.722318"	"4.96e+06"	C+	"2.43269470"	"6.99559552"	"3d6.4s2"	"a 3H"	"5"	"3d6.(1I).4s.4p.(3P*)"	"u 3H*"	"4"	11	9		
"271.81713"	"271.817115"	"1.92e+05"	C	"0.91460217"	"5.47591165"	"3d7.(4F).4s"	"a 5F"	"4"	"3d6.(3F2).4s.4p.(3P*)"	"v 5D*"	"3"	9	7		
"271.85917"	"271.859162"	"1.92e+06"	B	"0.95815732"	"5.51876133"	"3d7.(4F).4s"	"a 5F"	"3"	"3d7.(4P).4p"	"y 5S*"	"2"	7	5		
"271.92416"	"271.924150"	"3.79e+07"	B+	"0.99011115"	"5.54962521"	"3d7.(4F).4s"	"a 5F"	"2"	"3d6.(3F2).4s.4p.(3P*)"	"v 5D*"	"1"	5	3		
"271.98328"	"271.983280"	"1.42e+08"	B+	"0.0000000"	"4.55852281"	"3d6.4s2"	"a 5D"	"4"	"3d6.(5D).4s.4p.(1P*)"	"y 5P*"	"3"	9	7		
""	"271.986586"	"7.40e+07"	B	"2.58810592"	"7.14657331"	"3d6.4s2"	"b 3F2"	"3"	"3d6.(3D).4s.4p.(3P*)"	"t 3F*"	"3"	7	7		
"272.02259"	"272.022566"	"3.20e+07"	B+	"2.43269470"	"6.99055915"	"3d6.4s2"	"a 3H"	"5"	"3d6.(1I).4s.4p.(3P*)"	"u 3H*"	"5"	11	11		
"272.17082"	"272.170810"	"1.04e+08"	B	"0.05156912"	"4.60695104"	"3d6.4s2"	"a 5D"	"3"	"3d6.(5D).4s.4p.(1P*)"	"y 5P*"	"2"	7	5		
"272.28451"	"272.284469"	"6.31e+05"	C+	"1.48486439"	"6.03834476"	"3d7.(4F).4s"	"a 3F"	"4"	"3d6.(3H).4s.4p.(3P*)"	"y 1G*"	"4"	9	9		
"272.43840"	"272.438379"	"5.69e+07"	B	"0.08728574"	"4.63819369"	"3d6.4s2"	"a 5D"	"2"	"3d6.(5D).4s.4p.(1P*)"	"y 5P*"	"1"	5	3		
"272.57601"	"272.576013"	"4.76e+06"	B+	"0.95815732"	"5.50676735"	"3d7.(4F).4s"	"a 5F"	"3"	"3d6.(3F2).4s.4p.(3P*)"	"w 5F*"	"4"	7	9		
"272.58231"	"272.582239"	"3.10e+04"	D+	"0.0000000"	"4.54850612"	"3d6.4s2"	"a 5D"	"4"	"3d7.(4F).4p"	"y 3F*"	"4"	9	9		
"272.64090"	"272.640846"	"4.92e+05"	B	"0.99011115"	"5.53763954"	"3d7.(4F).4s"	"a 5F"	"2"	"3d6.(3F2).4s.4p.(3P*)"	"v 5D*"	"2"	5	5		
"272.66130"	"272.661378"	"2.41e+06"	D+	"2.58810592"	"7.1352919"	"3d6.4s2"	"b 3F2"	"3"	"3d6.(3D).4s.4p.(3P*)"	"t 3F*"	"4"	7	9		
"272.68624"	"272.686226"	"5.52e+07"	B+	"1.01105568"	"5.55782726"	"3d7.(4F).4s"	"a 5F"	"1"	"3d6.(3F2).4s.4p.(3P*)"	"v 5D*"	"0"	3	1		
"272.88286"	"272.882858"	"3.45e+06"	B	"0.91460217"	"5.45809748"	"3d7.(4F).4s"	"a 5F"	"4"	"3d6.(3F2).4s.4p.(3P*)"	"v 5D*"	"4"	9	9		
"272.96280"	"272.962775"	"2.98e+07"	B	"2.45343044"	"6.99559552"	"3d6.4s2"	"a 3H"	"4"	"3d6.(1I).4s.4p.(3P*)"	"u 3H*"	"4"	9	9		
"272.97776"	"272.977700"	"1.56e+05"	D+	"0.11011433"	"4.65203107"	"3d6.4s2"	"a 5D"	"1"	"3d7.(4F).4p"	"y 3F*"	"2"	3	5		
"273.17903"	"273.179021"	"6.28e+06"	B+	"1.01105568"	"5.54962521"	"3d7.(4F).4s"	"a 5F"	"1"	"3d6.(3F2).4s.4p.(3P*)"	"v 5D*"	"1"	3	3		
"273.20898"	"273.209010"	"6.84e+06"	D+	"2.60850194"	"7.14657331"	"3d6.4s2"	"b 3F2"	"2"	"3d6.(3D).4s.4p.(3P*)"	"t 3F*"	"3"	5	7		
"273.41745"	"273.417610"	"4.75e+05"	C+	"1.55735733"	"6.09196644"	"3d7.(4F).4s"	"a 3F"	"3"	"3d6.(3F2).4s.4p.(3P*)"	"v 3D*"	"3"	7	7		
"273.43894"	"273.438932"	"7.10e+07"	C+	"0.85899575"	"5.39325126"	"3d7.(4F).4s"	"a 5F"	"5"	"3d6.(3P2).4s.4p.(3P*)"	"w 5D*"	"4"	11	9		
"273.48145"	"273.481460"	"2.20e+06"	B+	"0.99011115"	"5.52366156"	"3d7.(4F).4s"	"a 5F"	"2"	"3d6.(3F2).4s.4p.(3P*)"	"w 5F*"	"3"	5	7		
"273.54244"	"273.542474"	"9.68e+05"	B+	"0.95815732"	"5.49069652"	"3d7.(4F).4s"	"a 5F"	"3"	"3d6.(3F2).4s.4p.(3P*)"	"w 5F*"	"2"	7	5		
"273.62847"	"273.628476"	"5.03e+07"	D+	"0.91460217"	"5.44571679"	"3d7.(4F).4s"	"a 5F"	"4"	"3d6.(3P2).4s.4p.(3P*)"	"w 5D*"	"3"	9	7		
"273.81190"	"273.811894"	"7.25e+07"	B	"0.11011433"	"4.63819369"	"3d6.4s2"	"a 5D"	"1"	"3d6.(5D).4s.4p.(1P*)"	"y 5P*"	"1"	3	3		
"273.84508"	"273.844983"	"1.14e+07"	B	"2.40407444"	"6.93160665"	"3d6.4s2"	"a 3H"	"6"	"3d7.(2H).4p"	"1H*"	"5"	13	11		
"273.90233"	"273.902356"	"4.10e+05"	B	"1.01105568"	"5.53763954"	"3d7.(4F).4s"	"a 5F"	"1"	"3d6.(3F2).4s.4p.(3P*)"	"v 5D*"	"2"	3	5		
"274.23877"	"274.238750"	"6.99e+05"	C	"1.60789577"	"6.12892712"	"3d7.(4F).4s"	"a 3F"	"2"	"3d7.(2G).4p"	"w 3F*"	"2"	5	5		
"274.28269"	"274.282662"	"4.11e+05"	C	"0.08728574"	"4.60759327"	"3d6.4s2"	"a 5D"	"2"	"3d7.(4F).4p"	"y 3F*"	"3"	5	7		
"274.30652"	"274.306520"	"3.41e+07"	C+	"0.95815732"	"5.47807170"	"3d7.(4F).4s"	"a 5F"	"3"	"3d6.(3P2).4s.4p.(3P*)"	"w 5D*"	"2"	7	5		
"274.32165"	"274.321638"	"4.70e+07"	C+	"0.08728574"	"4.60695104"	"3d6.4s2"	"a 5D"	"2"	"3d6.(5D).4s.4p.(1P*)"	"y 5P*"	"2"	5	5		
"274.43767"	"274.437673"	"4.84e+06"	B+	"0.95815732"	"5.47591165"	"3d7.(4F).4s"	"a 5F"	"3"	"3d6.(3F2).4s.4p.(3P*)"	"v 5D*"	"3"	7	7		
"274.48790"	"274.487880"	"3.09e+07"	B	"0.12126572"	"4.63819369"	"3d6.4s2"	"a 5D"	"0"	"3d6.(5D).4s.4p.(1P*)"	"y 5P*"	"1"	1	3		
"274.53391"	"274.533893"	"2.53e+07"	B+	"0.99011115"	"5.50628207"	"3d7.(4F).4s"	"a 5F"	"2"	"3d6.(3P2).4s.4p.(3P*)"	"w 5D*"	"1"	5	3		
""	"274.781461"	"6.61e+06"	C+	"0.99011115"	"5.50221316"	"3d7.(4F).4s"	"a 5F"	"2"	"3d6.(3F2).4s.4p.(3P*)"	"w 5F*"	"1"	5	3		
"275.04955"	"275.049455"	"4.85e+05"	C+	"1.01105568"	"5.51876133"	"3d7.(4F).4s"	"a 5F"	"1"	"3d7.(4P).4p"	"y 5S*"	"2"	3	5		
"275.09535"	"275.095346"	"2.74e+07"	B	"0.05156912"	"4.55852281"	"3d6.4s2"	"a 5D"	"3"	"3d6.(5D).4s.4p.(1P*)"	"y 5P*"	"3"	7	7		
"275.45007"	"275.450072"	"4.00e+07"	B	"1.01105568"	"5.51220530"	"3d7.(4F).4s"	"a 5F"	"1"	"3d6.(3P2).4s.4p.(3P*)"	"w 5D*"	"0"	3	1		
"275.48460"	"275.484606"	"7.29e+06"	B+	"0.99011115"	"5.49069652"	"3d7.(4F).4s"	"a 5F"	"2"	"3d6.(3F2).4s.4p.(3P*)"	"w 5F*"	"2"	5	5		
"275.52413"	"275.524105"	"1.62e+06"	B	"0.95815732"	"5.45809748"	"3d7.(4F).4s"	"a 5F"	"3"	"3d6.(3F2).4s.4p.(3P*)"	"v 5D*"	"4"	7	9		
"275.59961"	"275.599546"	"5.13e+06"	C+	"2.43269470"	"6.9314031"	"3d6.4s2"	"a 3H"	"5"	"3d6.(1G2).4s.4p.(3P*)"	"s 3G*"	"4"	11	9		
"275.70812"	"275.708106"	"6.56e+05"	C+	"0.05156912"	"4.54850612"	"3d6.4s2"	"a 5D"	"3"	"3d7.(4F).4p"	"y 3F*"	"4"	7	9		
"275.71426"	"275.714256"	"1.41e+07"	B	"0.11011433"	"4.60695104"	"3d6.4s2"	"a 5D"	"1"	"3d6.(5D).4s.4p.(1P*)"	"y 5P*"	"2"	3	5		
"275.81302"	"275.813024"	"2.85e+07"	B+	"1.01105568"	"5.50628207"	"3d7.(4F).4s"	"a 5F"	"1"	"3d6.(3P2).4s.4p.(3P*)"	"w 5D*"	"1"	3	3		
"275.82373"	"275.823712"	"7.26e+05"	B	"1.48486439"	"5.97991659"	"3d7.(4F).4s"	"a 3F"	"4"	"3d6.(3G).4s.4p.(3P*)"	"y 5H*"	"5"	9	11		
"276.06291"	"276.062906"	"7.60e+06"	C+	"1.01105568"	"5.50221316"	"3d7.(4F).4s"	"a 5F"	"1"	"3d6.(3F2).4s.4p.(3P*)"	"w 5F*"	"1"	3	3		
"276.14284"	"276.143171"	"1.81e+06"	C+	"2.17594512"	"6.66579718"	"3d7.(4P).4s"	"a 5P"	"3"	"3d7.(2D2).4p"	"x 1F*"	"3"	7	7		
"276.25956"	"276.259555"	"1.94e+07"	B+	"0.99011115"	"5.47807170"	"3d7.(4F).4s"	"a 5F"	"2"	"3d6.(3P2).4s.4p.(3P*)"	"w 5D*"	"2"	5	5		
"276.28424"	"276.284247"	"1.76e+07"	D+	"0.95815732"	"5.44571679"	"3d7.(4F).4s"	"a 5F"	"3"	"3d6.(3P2).4s.4p.(3P*)"	"w 5D*"	"3"	7	7		
""	"276.390841"	"3.93e+05"	B	"0.85899575"	"5.34482452"	"3d7.(4F).4s"	"a 5F"	"5"	"3d6.(3H).4s.4p.(3P*)"	"z 5H*"	"4"	11	9		
"276.39257"	"276.392583"	"3.27e+06"	B+	"0.99011115"	"5.47591165"	"3d7.(4F).4s"	"a 5F"	"2"	"3d6.(3F2).4s.4p.(3P*)"	"v 5D*"	"3"	5	7		
"276.77261"	"276.772632"	"4.04e+06"	B+	"1.01105568"	"5.49069652"	"3d7.(4F).4s"	"a 5F"	"1"	"3d6.(3F2).4s.4p.(3P*)"	"w 5F*"	"2"	3	5		
"276.8339"	"276.833920"	"1.48e+07"	C+	"0.91460217"	"5.39325126"	"3d7.(4F).4s"	"a 5F"	"4"	"3d6.(3P2).4s.4p.(3P*)"	"w 5D*"	"4"	9	9		
"277.01158"	"277.011579"	"1.80e+07"	C+	"2.40407444"	"6.8798512"	"3d6.4s2"	"a 3H"	"6"	"3d6.(1G2).4s.4p.(3P*)"	"v 3H*"	"6"	13	13		
"277.04870"	"277.048855"	"7.17e+05"	B+	"0.85899575"	"5.33417031"	"3d7.(4F).4s"	"a 5F"	"5"	"3d6.(3H).4s.4p.(3P*)"	"y 5G*"	"4"	11	9		
"277.28923"	"277.289217"	"2.34e+06"	B+	"0.85899575"	"5.33029109"	"3d7.(4F).4s"	"a 5F"	"5"	"3d6.(3H).4s.4p.(3P*)"	"z 5H*"	"5"	11	11		
"277.29285"	"277.292831"	"4.12e+06"	B	"0.08728574"	"4.55852281"	"3d6.4s2"	"a 5D"	"2"	"3d6.(5D).4s.4p.(1P*)"	"y 5P*"	"3"	5	7		
"277.55488"	"277.554855"	"2.64e+06"	B+	"1.01105568"	"5.47807170"	"3d7.(4F).4s"	"a 5F"	"1"	"3d6.(3P2).4s.4p.(3P*)"	"w 5D*"	"2"	3	5		
"277.90401"	"277.904000"	"9.08e+06"	B+	"0.85899575"	"5.32039963"	"3d7.(4F).4s"	"a 5F"	"5"	"3d6.(3H).4s.4p.(3P*)"	"y 5G*"	"5"	11	11		
"278.15177"	"278.151791"	"9.01e+06"	B	"2.55917148"	"7.01660092"	"3d6.4s2"	"b 3F2"	"4"	"3d6.(1G2).4s.4p.(3P*)"	"u 3F*"	"4"	9	9		
"278.17023"	"278.170307"	"7.20e+04"	C+	"0.91460217"	"5.37173492"	"3d7.(4F).4s"	"a 5F"	"4"	"3d6.(3H).4s.4p.(3P*)"	"z 5H*"	"3"	9	7		
"278.26562"	"278.265647"	"2.25e+06"	D+	"0.99011115"	"5.44571679"	"3d7.(4F).4s"	"a 5F"	"2"	"3d6.(3P2).4s.4p.(3P*)"	"w 5D*"	"3"	5	7		
"278.51634"	"278.516186"	"2.30e+06"	C+	"2.43269470"	"6.88429230"	"3d6.4s2"	"a 3H"	"5"	"3d6.(1G2).4s.4p.(3P*)"	"v 3H*"	"5"	11	11		
"278.87535"	"278.875377"	"2.27e+06"	B+	"1.48486439"	"5.93072834"	"3d7.(4F).4s"	"a 3F"	"4"	"3d6.(3F2).4s.4p.(3P*)"	"x 3G*"	"5"	9	11		
"278.89271"	"278.892698"	"5.92e+07"	B+	"0.85899575"	"5.30458359"	"3d7.(4F).4s"	"a 5F"	"5"	"3d6.(3H).4s.4p.(3P*)"	"y 5G*"	"6"	11	13		
"279.06242"	"279.062411"	"2.36e+07"	B+	"2.69240763"	"7.1352919"	"3d7.(2G).4s"	"a 3G"	"5"	"3d6.(3D).4s.4p.(3P*)"	"t 3F*"	"4"	11	9		
"279.32221"	"279.322212"	"1.17e+06"	B	"1.55735733"	"5.99610917"	"3d7.(4F).4s"	"a 3F"	"3"	"3d6.(3G).4s.4p.(3P*)"	"y 5H*"	"4"	7	9		
"279.55259"	"279.552587"	"1.10e+06"	C	"0.95815732"	"5.39325126"	"3d7.(4F).4s"	"a 5F"	"3"	"3d6.(3P2).4s.4p.(3P*)"	"w 5D*"	"4"	7	9		
"279.58286"	"279.582920"	"9.29e+04"	C+	"0.0000000"	"4.43461275"	"3d6.4s2"	"a 5D"	"4"	"3d7.(4F).4p"	"z 3G*"	"4"	9	9		
"279.63640"	"279.636404"	"1.42e+06"	B	"0.91460217"	"5.34836675"	"3d7.(4F).4s"	"a 5F"	"4"	"3d6.(3H).4s.4p.(3P*)"	"y 5G*"	"3"	9	7		
"279.85998"	"279.859991"	"4.52e+06"	B+	"0.91460217"	"5.34482452"	"3d7.(4F).4s"	"a 5F"	"4"	"3d6.(3H).4s.4p.(3P*)"	"z 5H*"	"4"	9	9		
"280.39920"	"280.399207"	"6.00e+04"	C	"0.05156912"	"4.47327202"	"3d6.4s2"	"a 5D"	"3"	"3d7.(4F).4p"	"z 3G*"	"3"	7	7		
"280.44394"	"280.443888"	"1.04e+07"	B	"2.45343044"	"6.8744289"	"3d6.4s2"	"a 3H"	"4"	"3d6.(1G2).4s.4p.(3P*)"	"v 3H*"	"4"	9	9		
"280.53465"	"280.534646"	"1.05e+07"	B+	"0.91460217"	"5.33417031"	"3d7.(4F).4s"	"a 5F"	"4"	"3d6.(3H).4s.4p.(3P*)"	"y 5G*"	"4"	9	9		
"280.56880"	"280.568885"	"2.40e+07"	D+	"2.72754450"	"7.14657331"	"3d7.(2G).4s"	"a 3G"	"4"	"3d6.(3D).4s.4p.(3P*)"	"t 3F*"	"3"	9	7		
"280.78110"	"280.781098"	"1.15e+07"	B+	"0.91460217"	"5.33029109"	"3d7.(4F).4s"	"a 5F"	"4"	"3d6.(3H).4s.4p.(3P*)"	"z 5H*"	"5"	9	11		
"280.80707"	"280.807180"	"1.67e+05"	D	"0.0000000"	"4.41527878"	"3d6.4s2"	"a 5D"	"4"	"3d7.(4F).4p"	"z 5G*"	"3"	9	7		
"280.91541"	"280.915416"	"4.48e+05"	B+	"0.95815732"	"5.37173492"	"3d7.(4F).4s"	"a 5F"	"3"	"3d6.(3H).4s.4p.(3P*)"	"z 5H*"	"3"	7	7		
"281.28683"	"281.28699"	"5.00e+06"	C+	"2.72754450"	"7.1352919"	"3d7.(2G).4s"	"a 3G"	"4"	"3d6.(3D).4s.4p.(3P*)"	"t 3F*"	"4"	9	9		
"281.41148"	"281.411480"	"3.42e+07"	B+	"0.91460217"	"5.32039963"	"3d7.(4F).4s"	"a 5F"	"4"	"3d6.(3H).4s.4p.(3P*)"	"y 5G*"	"5"	9	11		
"281.63355"	"281.633560"	"1.45e+06"	B	"1.60789577"	"6.01021907"	"3d7.(4F).4s"	"a 3F"	"2"	"3d6.(3G).4s.4p.(3P*)"	"y 5H*"	"3"	5	7		
"281.83332"	"281.833320"	"1.49e+06"	B+	"0.95815732"	"5.35736031"	"3d7.(4F).4s"	"a 5F"	"3"	"3d6.(3H).4s.4p.(3P*)"	"y 5G*"	"2"	7	5		
"281.8775"	"281.876910"	"1.17e+05"	C	"1.48486439"	"5.88338708"	"3d7.(4F).4s"	"a 3F"	"4"	"3d7.(2G).4p"	"z 1G*"	"4"	9	9		
""	"282.163309"	"6.10e+04"	D+	"0.05156912"	"4.44562726"	"3d6.4s2"	"a 5D"	"3"	"3d7.(4F).4p"	"z 5G*"	"2"	7	5		
"282.41065"	"282.410670"	"1.51e+07"	B+	"0.95815732"	"5.34836675"	"3d7.(4F).4s"	"a 5F"	"3"	"3d6.(3H).4s.4p.(3P*)"	"y 5G*"	"3"	7	7		
"282.63870"	"282.638716"	"1.32e+07"	B+	"0.95815732"	"5.34482452"	"3d7.(4F).4s"	"a 5F"	"3"	"3d6.(3H).4s.4p.(3P*)"	"z 5H*"	"4"	7	9		
"282.65189"	"282.651890"	"8.79e+04"	C+	"0.0000000"	"4.38646275"	"3d6.4s2"	"a 5D"	"4"	"3d7.(4F).4p"	"z 3G*"	"5"	9	11		
"282.87239"	"282.872380"	"1.48e+05"	C+	"0.05156912"	"4.43461275"	"3d6.4s2"	"a 5D"	"3"	"3d7.(4F).4p"	"z 3G*"	"4"	7	9		
"282.96403"	"282.964045"	"1.87e+06"	B+	"0.99011115"	"5.37173492"	"3d7.(4F).4s"	"a 5F"	"2"	"3d6.(3H).4s.4p.(3P*)"	"z 5H*"	"3"	5	7		
"283.32685"	"283.326852"	"2.38e+07"	B+	"0.95815732"	"5.33417031"	"3d7.(4F).4s"	"a 5F"	"3"	"3d6.(3H).4s.4p.(3P*)"	"y 5G*"	"4"	7	9		
"283.50068"	"283.500656"	"2.35e+05"	D+	"1.55735733"	"5.93068755"	"3d7.(4F).4s"	"a 3F"	"3"	"3d6.(3F2).4s.4p.(3P*)"	"x 3G*"	"3"	7	7		
"283.55862"	"283.558689"	"5.41e+06"	C+	"2.55917148"	"6.93160665"	"3d6.4s2"	"b 3F2"	"4"	"3d7.(2H).4p"	"1H*"	"5"	9	11		
"283.62901"	"283.629013"	"3.24e+05"	C+	"0.0000000"	"4.37135106"	"3d6.4s2"	"a 5D"	"4"	"3d7.(4F).4p"	"z 5G*"	"4"	9	9		
"283.67846"	"283.678415"	"1.30e+06"	B	"1.55735733"	"5.92794713"	"3d7.(4F).4s"	"a 3F"	"3"	"3d6.(3F2).4s.4p.(3P*)"	"x 3G*"	"4"	7	9		
"283.89539"	"283.895408"	"1.28e+07"	B+	"0.99011115"	"5.35736031"	"3d7.(4F).4s"	"a 5F"	"2"	"3d6.(3H).4s.4p.(3P*)"	"y 5G*"	"2"	5	5		
"284.12573"	"284.125682"	"4.12e+05"	C+	"0.05156912"	"4.41527878"	"3d6.4s2"	"a 5D"	"3"	"3d7.(4F).4p"	"z 5G*"	"3"	7	7		
"284.17725"	"284.177236"	"2.37e+06"	C+	"2.19786640"	"6.56078442"	"3d7.(4P).4s"	"a 5P"	"2"	"3d7.(2D2).4p"	"v 3P*"	"2"	5	5		
"284.44666"	"284.446653"	"6.96e+06"	B+	"0.91460217"	"5.27338780"	"3d7.(4F).4s"	"a 5F"	"4"	"3d6.(3P2).4s.4p.(3P*)"	"x 5P*"	"3"	9	7		
"284.47570"	"284.475638"	"2.73e+05"	C+	"0.08728574"	"4.44562726"	"3d6.4s2"	"a 5D"	"2"	"3d7.(4F).4p"	"z 5G*"	"2"	5	5		
"284.48122"	"284.481246"	"3.17e+07"	B+	"0.99011115"	"5.34836675"	"3d7.(4F).4s"	"a 5F"	"2"	"3d6.(3H).4s.4p.(3P*)"	"y 5G*"	"3"	5	7		
"284.63838"	"284.638312"	"7.76e+05"	C+	"1.55735733"	"5.91320801"	"3d7.(4F).4s"	"a 3F"	"3"	"3d6.(3G).4s.4p.(3P*)"	"w 5G*"	"3"	7	7		
"284.64309"	"284.643068"	"7.86e+06"	B	"0.95815732"	"5.31393522"	"3d7.(4F).4s"	"a 5F"	"3"	"3d6.(3P2).4s.4p.(3P*)"	"x 5P*"	"2"	7	5		
"284.65496"	"284.655003"	"7.32e+05"	C+	"1.48486439"	"5.84045966"	"3d7.(4F).4s"	"a 3F"	"4"	"3d6.(3H).4s.4p.(3P*)"	"z 3H*"	"4"	9	9		
"284.76663"	"284.766639"	"8.74e+05"	B	"1.48486439"	"5.83875215"	"3d7.(4F).4s"	"a 3F"	"4"	"3d6.(3F2).4s.4p.(3P*)"	"x 3F*"	"3"	9	7		
"284.95517"	"284.955181"	"2.70e+06"	B	"0.99011115"	"5.34111814"	"3d7.(4F).4s"	"a 5F"	"2"	"3d6.(3P2).4s.4p.(3P*)"	"x 5P*"	"1"	5	3		
"285.26347"	"285.263480"	"3.37e+07"	B+	"1.01105568"	"5.35736031"	"3d7.(4F).4s"	"a 5F"	"1"	"3d6.(3H).4s.4p.(3P*)"	"y 5G*"	"2"	3	5		
"285.45222"	"285.452224"	"3.29e+05"	C+	"1.48486439"	"5.82829520"	"3d7.(4F).4s"	"a 3F"	"4"	"3d6.(3H).4s.4p.(3P*)"	"z 3H*"	"5"	9	11		
"285.46099"	"285.46101"	"5.91e+06"	C+	"2.58810592"	"6.9314031"	"3d6.4s2"	"b 3F2"	"3"	"3d6.(1G2).4s.4p.(3P*)"	"s 3G*"	"4"	7	9		
"285.97359"	"285.973541"	"2.12e+05"	B	"0.11011433"	"4.44562726"	"3d6.4s2"	"a 5D"	"1"	"3d7.(4F).4p"	"z 5G*"	"2"	3	5		
"286.33351"	"286.333511"	"1.17e+06"	B	"1.01105568"	"5.34111814"	"3d7.(4F).4s"	"a 5F"	"1"	"3d6.(3P2).4s.4p.(3P*)"	"x 5P*"	"1"	3	3		
"286.42706"	"286.427055"	"4.13e+06"	B	"1.48486439"	"5.81351269"	"3d7.(4F).4s"	"a 3F"	"4"	"3d6.(3F2).4s.4p.(3P*)"	"x 3F*"	"4"	9	9		
"286.47038"	"286.470420"	"5.69e+05"	C+	"0.08728574"	"4.41527878"	"3d6.4s2"	"a 5D"	"2"	"3d7.(4F).4p"	"z 5G*"	"3"	5	7		
"286.74663"	"286.746631"	"1.99e+06"	B	"0.99011115"	"5.31393522"	"3d7.(4F).4s"	"a 5F"	"2"	"3d6.(3P2).4s.4p.(3P*)"	"x 5P*"	"2"	5	5		
"286.81510"	"286.815107"	"1.25e+06"	B+	"1.60789577"	"5.93068755"	"3d7.(4F).4s"	"a 3F"	"2"	"3d6.(3F2).4s.4p.(3P*)"	"x 3G*"	"3"	5	7		
"286.84033"	"286.840347"	"2.37e+06"	C	"1.60789577"	"5.93030716"	"3d7.(4F).4s"	"a 3F"	"2"	"3d6.(3G).4s.4p.(3P*)"	"w 5G*"	"2"	5	5		
"286.92960"	"286.929597"	"1.45e+07"	B	"2.27860466"	"6.59967157"	"3d6.4s2"	"a 3P2"	"2"	"3d7.(2D2).4p"	"v 3P*"	"1"	5	3		
"287.01499"	"287.014947"	"9.25e+05"	B	"0.05156912"	"4.37135106"	"3d6.4s2"	"a 5D"	"3"	"3d7.(4F).4p"	"z 5G*"	"4"	7	9		
"287.31767"	"287.317674"	"1.98e+06"	C+	"0.95815732"	"5.27338780"	"3d7.(4F).4s"	"a 5F"	"3"	"3d6.(3P2).4s.4p.(3P*)"	"x 5P*"	"3"	7	7		
"287.50155"	"287.501551"	"9.30e+05"	B	"0.0000000"	"4.31247059"	"3d6.4s2"	"a 5D"	"4"	"3d7.(4F).4p"	"z 5G*"	"5"	9	11		
"287.61457"	"287.614563"	"1.52e+06"	B	"1.48486439"	"5.79564049"	"3d7.(4F).4s"	"a 3F"	"4"	"3d7.(4P).4p"	"u 5D*"	"3"	9	7		
"287.81447"	"287.814484"	"4.61e+06"	B	"1.48486439"	"5.79264615"	"3d7.(4F).4s"	"a 3F"	"4"	"3d7.(4P).4p"	"u 5D*"	"4"	9	9		
"287.97942"	"287.979574"	"3.61e+05"	C+	"1.60789577"	"5.91320801"	"3d7.(4F).4s"	"a 3F"	"2"	"3d6.(3G).4s.4p.(3P*)"	"w 5G*"	"3"	5	7		
"288.45928"	"288.459347"	"2.91e+06"	C+	"2.69240763"	"6.99055915"	"3d7.(2G).4s"	"a 3G"	"5"	"3d6.(1I).4s.4p.(3P*)"	"u 3H*"	"5"	11	11		
"288.71623"	"288.716308"	"1.29e+06"	B	"1.55735733"	"5.85168345"	"3d7.(4F).4s"	"a 3F"	"3"	"3d6.(3F2).4s.4p.(3P*)"	"x 3F*"	"2"	7	5		
"288.86517"	"288.86516"	"7.98e+06"	B+	"2.69240763"	"6.9845209"	"3d7.(2G).4s"	"a 3G"	"5"	"3d6.(1I).4s.4p.(3P*)"	"u 3H*"	"6"	11	13		
"288.8805"	"288.880340"	"1.41e+06"	D+	"2.43269470"	"6.72458242"	"3d6.4s2"	"a 3H"	"5"	"3d6.(3G).4s.4p.(3P*)"	"t 3G*"	"4"	11	9		
"289.07471"	"289.07478"	"5.67e+05"	D+	"2.40407444"	"6.6930753"	"3d6.4s2"	"a 3H"	"6"	"3d6.(3G).4s.4p.(3P*)"	"t 3G*"	"5"	13	11		
"289.33254"	"289.332555"	"8.78e+06"	C+	"2.42543332"	"6.71061300"	"3d6.(5D).4s.4p.(3P*)"	"z 7D*"	"4"	"3d6.(5D).4s (6D).6s"	"g 7D"	"4"	9	9		
"289.46108"	"289.461103"	"1.76e+05"	C+	"0.99011115"	"5.27338780"	"3d7.(4F).4s"	"a 5F"	"2"	"3d6.(3P2).4s.4p.(3P*)"	"x 5P*"	"3"	5	7		
"289.47287"	"289.472884"	"6.88e+05"	C+	"1.55735733"	"5.84045966"	"3d7.(4F).4s"	"a 3F"	"3"	"3d6.(3H).4s.4p.(3P*)"	"z 3H*"	"4"	7	9		
"289.53525"	"289.535249"	"4.83e+07"	B	"2.27860466"	"6.56078442"	"3d6.4s2"	"a 3P2"	"2"	"3d7.(2D2).4p"	"v 3P*"	"2"	5	5		
"289.58832"	"289.588332"	"4.24e+06"	B	"1.55735733"	"5.83875215"	"3d7.(4F).4s"	"a 3F"	"3"	"3d6.(3F2).4s.4p.(3P*)"	"x 3F*"	"3"	7	7		
"290.02641"	"290.026415"	"4.68e+07"	C+	"2.27860466"	"6.55353246"	"3d6.4s2"	"a 3P2"	"2"	"3d7.(2D2).4p"	"t 3D*"	"1"	5	3		
"290.22307"	"290.223075"	"2.46e+06"	B	"1.55735733"	"5.82938837"	"3d7.(4F).4s"	"a 3F"	"3"	"3d7.(4P).4p"	"w 3D*"	"3"	7	7		
"290.27605"	"290.276032"	"1.78e+07"	B+	"2.39920471"	"6.67045638"	"3d6.(5D).4s.4p.(3P*)"	"z 7D*"	"5"	"3d6.(5D).4s (6D).6s"	"g 7D"	"5"	11	11		
"290.49352"	"290.493712"	"1.78e+06"	D+	"2.72754450"	"6.99559552"	"3d7.(2G).4s"	"a 3G"	"4"	"3d6.(1I).4s.4p.(3P*)"	"u 3H*"	"4"	9	9		
"290.83689"	"290.836904"	"1.61e+07"	B	"2.72754450"	"6.99055915"	"3d7.(2G).4s"	"a 3G"	"4"	"3d6.(1I).4s.4p.(3P*)"	"u 3H*"	"5"	9	11		
"290.97078"	"290.970781"	"8.98e+06"	C+	"2.44955978"	"6.71061300"	"3d6.(5D).4s.4p.(3P*)"	"z 7D*"	"3"	"3d6.(5D).4s (6D).6s"	"g 7D"	"4"	7	9		
"291.1781"	"291.177830"	"2.39e+06"	D+	"2.75857762"	"7.01660092"	"3d7.(2G).4s"	"a 3G"	"3"	"3d6.(1G2).4s.4p.(3P*)"	"u 3F*"	"4"	7	9		
"291.30099"	"291.301006"	"2.61e+06"	D	"0.0000000"	"4.25622280"	"3d6.4s2"	"a 5D"	"4"	"3d7.(4F).4p"	"y 5F*"	"3"	9	7		
"291.31094"	"291.310926"	"1.36e+06"	C+	"1.55735733"	"5.81343520"	"3d7.(4F).4s"	"a 3F"	"3"	"3d7.(4P).4p"	"u 5D*"	"2"	7	5		
"291.51566"	"291.515672"	"3.30e+06"	C+	"1.60789577"	"5.86098438"	"3d7.(4F).4s"	"a 3F"	"2"	"3d7.(4P).4p"	"w 3D*"	"1"	5	3		
"291.88789"	"291.88789"	"1.18e+08"	C+	"3.23672008"	"7.4843851"	"3d7.(2H).4s"	"b 3H"	"6"	"3d6.(3H).4s.4p.(1P*)"	"t 3H*"	"6"	13	13		
"292.06950"	"292.069552"	"7.44e+06"	B	"2.42543332"	"6.67045638"	"3d6.(5D).4s.4p.(3P*)"	"z 7D*"	"4"	"3d6.(5D).4s (6D).6s"	"g 7D"	"5"	9	11		
"292.15453"	"292.154575"	"6.38e+06"	B	"1.60789577"	"5.85168345"	"3d7.(4F).4s"	"a 3F"	"2"	"3d6.(3F2).4s.4p.(3P*)"	"x 3F*"	"2"	5	5		
"292.41410"	"292.41411"	"1.39e+08"	C+	"3.26711257"	"7.5071336"	"3d7.(2H).4s"	"b 3H"	"5"	"3d6.(3H).4s.4p.(1P*)"	"t 3H*"	"5"	11	11		
"292.47081"	"292.470813"	"2.97e+07"	B	"2.69240763"	"6.93160665"	"3d7.(2G).4s"	"a 3G"	"5"	"3d7.(2H).4p"	"1H*"	"5"	11	11		
"292.62136"	"292.621371"	"1.69e+07"	B	"2.75857762"	"6.99559552"	"3d7.(2G).4s"	"a 3G"	"3"	"3d6.(1I).4s.4p.(3P*)"	"u 3H*"	"4"	7	9		
"292.67549"	"292.675531"	"8.10e+05"	B	"1.60789577"	"5.84412959"	"3d7.(4F).4s"	"a 3F"	"2"	"3d7.(4P).4p"	"w 3D*"	"2"	5	5		
"292.98639"	"292.986392"	"5.10e+06"	B	"0.05156912"	"4.28330826"	"3d6.4s2"	"a 5D"	"3"	"3d7.(4F).4p"	"y 5F*"	"2"	7	5		
"292.9974"	"292.99747"	"1.53e+08"	C+	"3.30140276"	"7.5329818"	"3d7.(2H).4s"	"b 3H"	"4"	"3d6.(3H).4s.4p.(1P*)"	"t 3H*"	"4"	9	9		
"293.04749"	"293.047524"	"6.72e+05"	C+	"1.60789577"	"5.83875215"	"3d7.(4F).4s"	"a 3F"	"2"	"3d6.(3F2).4s.4p.(3P*)"	"x 3F*"	"3"	5	7		
"293.77622"	"293.776210"	"1.40e+07"	C+	"0.0000000"	"4.22036211"	"3d6.4s2"	"a 5D"	"4"	"3d7.(4F).4p"	"y 5F*"	"4"	9	9		
"294.22026"	"294.220269"	"5.12e+06"	B	"0.08728574"	"4.30127816"	"3d6.4s2"	"a 5D"	"2"	"3d7.(4F).4p"	"y 5F*"	"1"	5	3		
"294.82233"	"294.822324"	"9.30e+06"	B	"2.27860466"	"6.48399171"	"3d6.4s2"	"a 3P2"	"2"	"3d7.(2P).4p"	"u 3D*"	"2"	5	5		
"294.87375"	"294.873747"	"1.83e+07"	B	"0.05156912"	"4.25622280"	"3d6.4s2"	"a 5D"	"3"	"3d7.(4F).4p"	"y 5F*"	"3"	7	7		
"294.92952"	"294.92952"	"3.32e+07"	B	"2.72754450"	"6.9314031"	"3d7.(2G).4s"	"a 3G"	"4"	"3d6.(1G2).4s.4p.(3P*)"	"s 3G*"	"4"	9	9		
"295.43486"	"295.434878"	"3.64e+07"	C+	"2.75857762"	"6.95524523"	"3d7.(2G).4s"	"a 3G"	"3"	"3d6.(3G).4s.4p.(3P*)"	"1F*"	"3"	7	7		
"295.48030"	"295.480298"	"1.89e+07"	A	"0.08728574"	"4.28330826"	"3d6.4s2"	"a 5D"	"2"	"3d7.(4F).4p"	"y 5F*"	"2"	5	5		
"295.55155"	"295.551559"	"1.06e+07"	C+	"2.27860466"	"6.47361547"	"3d6.4s2"	"a 3P2"	"2"	"3d7.(2D2).4p"	"t 3D*"	"3"	5	7		
"295.77199"	"295.771969"	"1.77e+06"	D+	"2.69240763"	"6.88429230"	"3d7.(2G).4s"	"a 3G"	"5"	"3d6.(1G2).4s.4p.(3P*)"	"v 3H*"	"5"	11	11		
"295.82283"	"295.822840"	"1.77e+07"	A	"0.11011433"	"4.30127816"	"3d6.4s2"	"a 5D"	"1"	"3d7.(4F).4p"	"y 5F*"	"1"	3	3		
"295.83485"	"295.834934"	"1.31e+07"	C	"2.27860466"	"6.46959714"	"3d6.4s2"	"a 3P2"	"2"	"3d7.(2P).4p"	"1P*"	"1"	5	3		
"296.08567"	"296.08566"	"5.02e+07"	B	"2.69240763"	"6.8798512"	"3d7.(2G).4s"	"a 3G"	"5"	"3d6.(1G2).4s.4p.(3P*)"	"v 3H*"	"6"	11	13		
"296.15240"	"296.15247"	"8.48e+06"	C+	"2.94879294"	"7.1352919"	"3d6.4s2"	"b 3G"	"5"	"3d6.(3D).4s.4p.(3P*)"	"t 3F*"	"4"	11	9		
"296.61202"	"296.612032"	"1.16e+07"	A	"0.12126572"	"4.30127816"	"3d6.4s2"	"a 5D"	"0"	"3d7.(4F).4p"	"y 5F*"	"1"	1	3		
"296.77644"	"296.776441"	"2.72e+07"	A	"0.0000000"	"4.17769679"	"3d6.4s2"	"a 5D"	"4"	"3d7.(4F).4p"	"y 5F*"	"5"	9	11		
"296.93444"	"296.934481"	"8.26e+06"	C+	"2.42419831"	"6.59967157"	"3d6.4s2"	"a 3P2"	"1"	"3d7.(2D2).4p"	"v 3P*"	"1"	3	3		
"297.02266"	"297.022660"	"3.66e+06"	A	"0.11011433"	"4.28434800"	"3d6.4s2"	"a 5D"	"1"	"3d6.(5D).4s.4p.(3P*)"	"z 3P*"	"0"	3	1		
"297.03414"	"297.034138"	"2.10e+06"	D+	"0.85899575"	"5.03306811"	"3d7.(4F).4s"	"a 5F"	"5"	"3d6.(5D).4s.4p.(1P*)"	"x 5F*"	"4"	11	9		
"297.09664"	"297.096661"	"1.08e+07"	B+	"0.11011433"	"4.28330826"	"3d6.4s2"	"a 5D"	"1"	"3d7.(4F).4p"	"y 5F*"	"2"	3	5		
"297.09851"	"297.098542"	"3.43e+06"	B+	"0.08728574"	"4.26045326"	"3d6.4s2"	"a 5D"	"2"	"3d6.(5D).4s.4p.(3P*)"	"z 3P*"	"1"	5	3		
"297.40001"	"297.400025"	"1.35e+07"	A	"0.08728574"	"4.25622280"	"3d6.4s2"	"a 5D"	"2"	"3d7.(4F).4p"	"y 5F*"	"3"	5	7		
"297.41032"	"297.410303"	"1.83e+07"	A	"0.05156912"	"4.22036211"	"3d6.4s2"	"a 5D"	"3"	"3d7.(4F).4p"	"y 5F*"	"4"	7	9		
"297.69951"	"297.699542"	"9.70e+06"	B	"2.27860466"	"6.44334733"	"3d6.4s2"	"a 3P2"	"2"	"3d7.(2P).4p"	"u 3D*"	"3"	5	7		
"298.14020"	"298.140198"	"1.66e+07"	B	"2.75857762"	"6.91716472"	"3d7.(2G).4s"	"a 3G"	"3"	"3d6.(1G2).4s.4p.(3P*)"	"s 3G*"	"3"	7	7		
"298.23148"	"298.231487"	"6.53e+06"	A	"0.05156912"	"4.20888328"	"3d6.4s2"	"a 5D"	"3"	"3d6.(5D).4s.4p.(3P*)"	"z 3P*"	"2"	7	5		
"298.27208"	"298.271988"	"1.86e+07"	B	"2.17594512"	"6.33269478"	"3d7.(4P).4s"	"a 5P"	"3"	"3d6.(5D).4s (6D).5p"	"t 5D*"	"4"	7	9		
"298.3098"	"298.309937"	"3.47e+06"	D+	"2.99035244"	"7.14657331"	"3d6.4s2"	"b 3G"	"4"	"3d6.(3D).4s.4p.(3P*)"	"t 3F*"	"3"	9	7		
"298.44400"	"298.444005"	"2.79e+07"	A	"0.0000000"	"4.15435379"	"3d6.4s2"	"a 5D"	"4"	"3d7.(4F).4p"	"y 5D*"	"3"	9	7		
"298.56387"	"298.563878"	"2.58e+05"	B	"0.85899575"	"5.01168158"	"3d7.(4F).4s"	"a 5F"	"5"	"3d5.(6S).4s2.4p"	"y 7P*"	"4"	11	9		
"298.73270"	"298.732707"	"2.19e+05"	A	"0.11011433"	"4.26045326"	"3d6.4s2"	"a 5D"	"1"	"3d6.(5D).4s.4p.(3P*)"	"z 3P*"	"1"	3	3		
"298.81619"	"298.816180"	"5.25e+06"	C+	"0.91460217"	"5.06378173"	"3d7.(4F).4s"	"a 5F"	"4"	"3d6.(5D).4s.4p.(1P*)"	"x 5F*"	"3"	9	7		
"298.93429"	"298.934332"	"5.44e+05"	B+	"1.48486439"	"5.63240401"	"3d7.(4F).4s"	"a 3F"	"4"	"3d6.(3H).4s.4p.(3P*)"	"y 3G*"	"4"	9	9		
"298.98149"	"298.98157"	"7.99e+05"	D+	"2.72754450"	"6.8744289"	"3d7.(2G).4s"	"a 3G"	"4"	"3d6.(1G2).4s.4p.(3P*)"	"v 3H*"	"4"	9	9		
"299.12635"	"299.126351"	"3.5e+07"	D+	"2.72754450"	"6.87242168"	"3d7.(2G).4s"	"a 3G"	"4"	"3d6.(1G2).4s.4p.(3P*)"	"s 3G*"	"5"	9	11		
"299.52998"	"299.529987"	"4.39e+07"	B+	"0.05156912"	"4.19086081"	"3d6.4s2"	"a 5D"	"3"	"3d7.(4F).4p"	"y 5D*"	"2"	7	5		
"299.53752"	"299.537523"	"1.49e+06"	A	"0.12126572"	"4.26045326"	"3d6.4s2"	"a 5D"	"0"	"3d6.(5D).4s.4p.(3P*)"	"z 3P*"	"1"	1	3		
"299.72592"	"299.725898"	"1.70e+07"	B	"2.42419831"	"6.56078442"	"3d6.4s2"	"a 3P2"	"1"	"3d7.(2D2).4p"	"v 3P*"	"2"	3	5		
"300.03861"	"300.038591"	"1.70e+07"	C	"0.85899575"	"4.99127081"	"3d7.(4F).4s"	"a 5F"	"5"	"3d6.(5D).4s.4p.(1P*)"	"x 5F*"	"5"	11	11		
"300.13256"	"300.132596"	"5.41e+06"	B+	"1.48486439"	"5.61584517"	"3d7.(4F).4s"	"a 3F"	"4"	"3d6.(3H).4s.4p.(3P*)"	"y 3G*"	"5"	9	11		
"300.18225"	"300.182247"	"6.42e+07"	A	"0.08728574"	"4.21758325"	"3d6.4s2"	"a 5D"	"2"	"3d7.(4F).4p"	"y 5D*"	"1"	5	3		
"300.39059"	"300.390589"	"7.50e+06"	C	"0.95815732"	"5.08559017"	"3d7.(4F).4s"	"a 5F"	"3"	"3d6.(5D).4s.4p.(1P*)"	"x 5F*"	"2"	7	5		
"300.49891"	"300.49890"	"2.79e+06"	B	"2.43269470"	"6.5586399"	"3d6.4s2"	"a 3H"	"5"	"3d7.(2H).4p"	"y 3I*"	"5"	11	11		
"300.61785"	"300.61785"	"2.94e+06"	C	"2.40407444"	"6.5283870"	"3d6.4s2"	"a 3H"	"6"	"3d7.(2H).4p"	"y 3I*"	"7"	13	15		
"300.80214"	"300.802161"	"7.34e+06"	B+	"1.48486439"	"5.60664989"	"3d7.(4F).4s"	"a 3F"	"4"	"3d6.(3P2).4s.4p.(3P*)"	"x 3D*"	"3"	9	7		
"300.81586"	"300.815879"	"2.73e+06"	A	"0.08728574"	"4.20888328"	"3d6.4s2"	"a 5D"	"2"	"3d6.(5D).4s.4p.(3P*)"	"z 3P*"	"2"	5	5		
"300.90147"	"300.901462"	"1.07e+08"	A	"0.11011433"	"4.23053960"	"3d6.4s2"	"a 5D"	"1"	"3d7.(4F).4p"	"y 5D*"	"0"	3	1		
"300.99698"	"300.997004"	"7.77e+06"	B+	"2.40407444"	"6.52319179"	"3d6.4s2"	"a 3H"	"6"	"3d7.(2H).4p"	"w 3H*"	"5"	13	11		
"301.04461"	"301.044613"	"1.43e+07"	C+	"0.91460217"	"5.03306811"	"3d7.(4F).4s"	"a 5F"	"4"	"3d6.(5D).4s.4p.(1P*)"	"x 5F*"	"4"	9	9		
"301.23583"	"301.23586"	"3.79e+07"	B+	"2.75857762"	"6.8744289"	"3d7.(2G).4s"	"a 3G"	"3"	"3d6.(1G2).4s.4p.(3P*)"	"v 3H*"	"4"	7	9		
"301.50514"	"301.505144"	"2.57e+05"	B	"0.95815732"	"5.07033256"	"3d7.(4F).4s"	"a 5F"	"3"	"3d6.(3P2).4s.4p.(3P*)"	"z 5S*"	"2"	7	5		
"301.67974"	"301.67972"	"6.3e+06"	D+	"2.43269470"	"6.5424903"	"3d6.4s2"	"a 3H"	"5"	"3d7.(2H).4p"	"w 3H*"	"4"	11	9		
"301.70632"	"301.706324"	"8.85e+06"	D+	"0.99011115"	"5.09954435"	"3d7.(4F).4s"	"a 5F"	"2"	"3d6.(5D).4s.4p.(1P*)"	"x 5F*"	"1"	5	3		
"301.85060"	"301.850607"	"6.81e+06"	A	"0.11011433"	"4.21758325"	"3d6.4s2"	"a 5D"	"1"	"3d7.(4F).4p"	"y 5D*"	"1"	3	3		
"301.98622"	"301.986218"	"1.03e+07"	C+	"0.95815732"	"5.06378173"	"3d7.(4F).4s"	"a 5F"	"3"	"3d6.(5D).4s.4p.(1P*)"	"x 5F*"	"3"	7	7		
"302.01667"	"302.01674"	"2.33e+06"	C+	"2.45343044"	"6.5586399"	"3d6.4s2"	"a 3H"	"4"	"3d7.(2H).4p"	"y 3I*"	"5"	9	11		
"302.13702"	"302.137030"	"1.94e+07"	B	"0.08728574"	"4.19086081"	"3d6.4s2"	"a 5D"	"2"	"3d7.(4F).4p"	"y 5D*"	"2"	5	5		
"302.15186"	"302.151856"	"7.59e+07"	B	"0.0000000"	"4.10337372"	"3d6.4s2"	"a 5D"	"4"	"3d7.(4F).4p"	"y 5D*"	"4"	9	9		
"302.19524"	"302.195237"	"4.55e+07"	A	"0.05156912"	"4.15435379"	"3d6.4s2"	"a 5D"	"3"	"3d7.(4F).4p"	"y 5D*"	"3"	7	7		
"302.49130"	"302.491309"	"4.87e+06"	A	"0.11011433"	"4.20888328"	"3d6.4s2"	"a 5D"	"1"	"3d6.(5D).4s.4p.(3P*)"	"z 3P*"	"2"	3	5		
"302.61607"	"302.616049"	"1.66e+05"	B	"0.91460217"	"5.01168158"	"3d7.(4F).4s"	"a 5F"	"4"	"3d5.(6S).4s2.4p"	"y 7P*"	"4"	9	9		
"302.65172"	"302.651722"	"5.86e+07"	B+	"2.40407444"	"6.50067093"	"3d6.4s2"	"a 3H"	"6"	"3d7.(2H).4p"	"w 3H*"	"6"	13	13		
"302.67233"	"302.672333"	"3.48e+07"	A	"0.12126572"	"4.21758325"	"3d6.4s2"	"a 5D"	"0"	"3d7.(4F).4p"	"y 5D*"	"1"	1	3		
"302.73429"	"302.734302"	"1.10e+07"	C	"0.99011115"	"5.08559017"	"3d7.(4F).4s"	"a 5F"	"2"	"3d6.(5D).4s.4p.(1P*)"	"x 5F*"	"2"	5	5		
"303.01157"	"303.011571"	"6.98e+05"	B+	"1.55735733"	"5.64908881"	"3d7.(4F).4s"	"a 3F"	"3"	"3d6.(3H).4s.4p.(3P*)"	"y 3G*"	"3"	7	7		
"303.10303"	"303.103011"	"5.04e+07"	B+	"2.43269470"	"6.52319179"	"3d6.4s2"	"a 3H"	"5"	"3d7.(2H).4p"	"w 3H*"	"5"	11	11		
"303.25189"	"303.251907"	"1.38e+07"	D+	"1.01105568"	"5.09954435"	"3d7.(4F).4s"	"a 5F"	"1"	"3d6.(5D).4s.4p.(1P*)"	"x 5F*"	"1"	3	3		
"303.3980"	"303.398252"	"5.26e+06"	C+	"2.42419831"	"6.51071489"	"3d6.4s2"	"a 3P2"	"1"	"3d7.(2P).4p"	"u 3D*"	"1"	3	3		
"303.82725"	"303.827251"	"2.91e+07"	B	"0.11011433"	"4.19086081"	"3d6.4s2"	"a 5D"	"1"	"3d7.(4F).4p"	"y 5D*"	"2"	3	5		
"303.86635"	"303.866350"	"3.44e+05"	B	"0.99011115"	"5.07033256"	"3d7.(4F).4s"	"a 5F"	"2"	"3d6.(3P2).4s.4p.(3P*)"	"z 5S*"	"2"	5	5		
"304.02013"	"304.020174"	"1.60e+06"	C+	"2.43269470"	"6.51085164"	"3d6.4s2"	"a 3H"	"5"	"3d7.(2H).4p"	"y 3I*"	"6"	11	13		
"304.13118"	"304.131166"	"2.45e+06"	D+	"0.91460217"	"4.99127081"	"3d7.(4F).4s"	"a 5F"	"4"	"3d6.(5D).4s.4p.(1P*)"	"x 5F*"	"5"	9	11		
"304.25220"	"304.252217"	"4.24e+06"	B+	"1.55735733"	"5.63240401"	"3d7.(4F).4s"	"a 3F"	"3"	"3d6.(3H).4s.4p.(3P*)"	"y 3G*"	"4"	7	9		
"304.26236"	"304.262363"	"5.20e+06"	D+	"0.95815732"	"5.03306811"	"3d7.(4F).4s"	"a 5F"	"3"	"3d6.(5D).4s.4p.(1P*)"	"x 5F*"	"4"	7	9		
"304.29045"	"304.290462"	"4.70e+06"	D+	"1.01105568"	"5.08559017"	"3d7.(4F).4s"	"a 5F"	"1"	"3d6.(5D).4s.4p.(1P*)"	"x 5F*"	"2"	3	5		
"304.35499"	"304.354994"	"5.20e+06"	C+	"0.99011115"	"5.06378173"	"3d7.(4F).4s"	"a 5F"	"2"	"3d6.(5D).4s.4p.(1P*)"	"x 5F*"	"3"	5	7		
"304.59641"	"304.596418"	"6.97e+05"	B	"0.91460217"	"4.98504395"	"3d7.(4F).4s"	"a 5F"	"4"	"3d5.(6S).4s2.4p"	"y 7P*"	"3"	9	7		
"304.64745"	"304.647343"	"1.78e+06"	C+	"2.45343044"	"6.52319179"	"3d6.4s2"	"a 3H"	"4"	"3d7.(2H).4p"	"w 3H*"	"5"	9	11		
"304.84908"	"304.849088"	"2.84e+07"	A	"0.08728574"	"4.15435379"	"3d6.4s2"	"a 5D"	"2"	"3d7.(4F).4p"	"y 5D*"	"3"	5	7		
"305.39533"	"305.395340"	"1.53e+07"	B	"2.42419831"	"6.48399171"	"3d6.4s2"	"a 3P2"	"1"	"3d7.(2P).4p"	"u 3D*"	"2"	3	5		
"305.43413"	"305.434200"	"1.17e+05"	C+	"1.01105568"	"5.07033256"	"3d7.(4F).4s"	"a 5F"	"1"	"3d6.(3P2).4s.4p.(3P*)"	"z 5S*"	"2"	3	5		
"305.61506"	"305.615075"	"9.48e+06"	B+	"1.55735733"	"5.61423177"	"3d7.(4F).4s"	"a 3F"	"3"	"3d6.(3P2).4s.4p.(3P*)"	"x 3D*"	"2"	7	5		
"305.83346"	"305.833443"	"3.13e+07"	B	"0.85899575"	"4.91297355"	"3d7.(4F).4s"	"a 5F"	"5"	"3d6.(5D).4s.4p.(1P*)"	"x 5D*"	"4"	11	9		
"305.99750"	"305.997477"	"1.63e+07"	C+	"0.05156912"	"4.10337372"	"3d6.4s2"	"a 5D"	"3"	"3d7.(4F).4p"	"y 5D*"	"4"	7	9		
"306.14274"	"306.142726"	"6.75e+06"	D+	"2.99035244"	"7.04023466"	"3d6.4s2"	"b 3G"	"4"	"3d6.(1G2).4s.4p.(3P*)"	"u 3F*"	"3"	9	7		
"306.18730"	"306.187308"	"9.08e+05"	B	"1.55735733"	"5.60664989"	"3d7.(4F).4s"	"a 3F"	"3"	"3d6.(3P2).4s.4p.(3P*)"	"x 3D*"	"3"	7	7		
"306.73699"	"306.736987"	"9.11e+06"	B	"2.72754450"	"6.76958063"	"3d7.(2G).4s"	"a 3G"	"4"	"3d6.(3G).4s.4p.(3P*)"	"t 3G*"	"3"	9	7		
"306.78882"	"306.78901"	"1.71e+07"	C+	"3.26711257"	"7.3084633"	"3d7.(2H).4s"	"b 3H"	"5"	"3d6.(3H).4s.4p.(1P*)"	"3I*"	"6"	11	13		
"306.80095"	"306.800980"	"3.89e+06"	B+	"1.60789577"	"5.64908881"	"3d7.(4F).4s"	"a 3F"	"2"	"3d6.(3H).4s.4p.(3P*)"	"y 3G*"	"3"	5	7		
"306.81351"	"306.813509"	"3.12e+07"	C+	"0.91460217"	"4.95563019"	"3d7.(4F).4s"	"a 5F"	"4"	"3d6.(5D).4s.4p.(1P*)"	"x 5D*"	"3"	9	7		
"306.90650"	"306.906504"	"1.11e+07"	B+	"1.60789577"	"5.64769932"	"3d7.(4F).4s"	"a 3F"	"2"	"3d6.(3P2).4s.4p.(3P*)"	"x 3D*"	"1"	5	3		
"307.48714"	"307.487162"	"3.83e+06"	C	"2.69240763"	"6.72458242"	"3d7.(2G).4s"	"a 3G"	"5"	"3d6.(3G).4s.4p.(3P*)"	"t 3G*"	"4"	11	9		
"307.66130"	"307.661295"	"3.14e+07"	C+	"0.95815732"	"4.98804995"	"3d7.(4F).4s"	"a 5F"	"3"	"3d6.(5D).4s.4p.(1P*)"	"x 5D*"	"2"	7	5		
"307.89096"	"307.890959"	"3.11e+05"	C+	"0.95815732"	"4.98504395"	"3d7.(4F).4s"	"a 5F"	"3"	"3d5.(6S).4s2.4p"	"y 7P*"	"3"	7	7		
"307.93262"	"307.93258"	"1.52e+07"	B	"2.48437256"	"6.51071489"	"3d6.4s2"	"a 3P2"	"0"	"3d7.(2P).4p"	"u 3D*"	"1"	1	3		
"308.08829"	"308.08839"	"8.35e+06"	D+	"3.30140276"	"7.3257089"	"3d7.(2H).4s"	"b 3H"	"4"	"3d6.(3H).4s.4p.(1P*)"	"3I*"	"5"	9	11		
"308.46363"	"308.463628"	"3.08e+07"	C+	"0.99011115"	"5.00952178"	"3d7.(4F).4s"	"a 5F"	"2"	"3d6.(5D).4s.4p.(1P*)"	"x 5D*"	"1"	5	3		
"309.11018"	"309.110210"	"2.38e+06"	D+	"2.75857762"	"6.76958063"	"3d7.(2G).4s"	"a 3G"	"3"	"3d6.(3G).4s.4p.(3P*)"	"t 3G*"	"3"	7	7		
"309.24738"	"309.247394"	"5.53e+07"	C	"1.01105568"	"5.02027939"	"3d7.(4F).4s"	"a 5F"	"1"	"3d6.(5D).4s.4p.(1P*)"	"x 5D*"	"0"	3	1		
"309.36793"	"309.367892"	"8.40e+04"	C+	"0.95815732"	"4.96581946"	"3d7.(4F).4s"	"a 5F"	"3"	"3d5.(6S).4s2.4p"	"y 7P*"	"2"	7	5		
"309.47030"	"309.470295"	"1.28e+06"	B	"1.60789577"	"5.61423177"	"3d7.(4F).4s"	"a 3F"	"2"	"3d6.(3P2).4s.4p.(3P*)"	"x 3D*"	"2"	5	5		
"309.61652"	"309.616503"	"1.93e+06"	C+	"2.69240763"	"6.69685175"	"3d7.(2G).4s"	"a 3G"	"5"	"3d6.(3D).4s.4p.(3P*)"	"5F*"	"5"	11	11		
"309.90883"	"309.90877"	"7.52e+06"	B	"2.69240763"	"6.6930753"	"3d7.(2G).4s"	"a 3G"	"5"	"3d6.(3G).4s.4p.(3P*)"	"t 3G*"	"5"	11	11		
"310.07939"	"310.079404"	"1.93e+07"	C+	"1.01105568"	"5.00952178"	"3d7.(4F).4s"	"a 5F"	"1"	"3d6.(5D).4s.4p.(1P*)"	"x 5D*"	"1"	3	3		
"310.08675"	"310.086750"	"8.23e+06"	C+	"0.91460217"	"4.91297355"	"3d7.(4F).4s"	"a 5F"	"4"	"3d6.(5D).4s.4p.(1P*)"	"x 5D*"	"4"	9	9		
"310.12030"	"310.120302"	"1.87e+07"	C+	"0.99011115"	"4.98804995"	"3d7.(4F).4s"	"a 5F"	"2"	"3d6.(5D).4s.4p.(1P*)"	"x 5D*"	"2"	5	5		
"310.15645"	"310.156448"	"1.35e+07"	C	"0.95815732"	"4.95563019"	"3d7.(4F).4s"	"a 5F"	"3"	"3d6.(5D).4s.4p.(1P*)"	"x 5D*"	"3"	7	7		
"310.17359"	"310.173601"	"2.73e+06"	B	"2.40407444"	"6.40132623"	"3d6.4s2"	"a 3H"	"6"	"3d6.(3H).4s.4p.(3P*)"	"1H*"	"5"	13	11		
"310.19021"	"310.190198"	"5.53e+06"	C+	"2.72754450"	"6.72458242"	"3d7.(2G).4s"	"a 3G"	"4"	"3d6.(3G).4s.4p.(3P*)"	"t 3G*"	"4"	9	9		
"310.35368"	"310.353652"	"3.00e+04"	D+	"0.99011115"	"4.98504395"	"3d7.(4F).4s"	"a 5F"	"2"	"3d5.(6S).4s2.4p"	"y 7P*"	"3"	5	7		
"311.29797"	"311.298010"	"5.24e+06"	C+	"2.94879294"	"6.93160665"	"3d6.4s2"	"b 3G"	"5"	"3d7.(2H).4p"	"1H*"	"5"	11	11		
"311.75351"	"311.753526"	"3.04e+06"	C	"1.01105568"	"4.98804995"	"3d7.(4F).4s"	"a 5F"	"1"	"3d6.(5D).4s.4p.(1P*)"	"x 5D*"	"2"	3	5		
"311.85439"	"311.854364"	"4.30e+04"	C+	"0.99011115"	"4.96581946"	"3d7.(4F).4s"	"a 5F"	"2"	"3d5.(6S).4s2.4p"	"y 7P*"	"2"	5	5		
"312.03992"	"312.039936"	"8.28e+06"	B	"2.43269470"	"6.40603863"	"3d6.4s2"	"a 3H"	"5"	"3d7.(2H).4p"	"u 3G*"	"4"	11	9		
"312.13399"	"312.134003"	"7.26e+06"	B	"2.45343044"	"6.42557692"	"3d6.4s2"	"a 3H"	"4"	"3d7.(2H).4p"	"u 3G*"	"3"	9	7		
"312.65564"	"312.655663"	"2.12e+06"	C	"0.99011115"	"4.95563019"	"3d7.(4F).4s"	"a 5F"	"2"	"3d6.(5D).4s.4p.(1P*)"	"x 5D*"	"3"	5	7		
"312.65884"	"312.658850"	"8.46e+06"	B	"2.40407444"	"6.36955305"	"3d6.4s2"	"a 3H"	"6"	"3d7.(2H).4p"	"u 3G*"	"5"	13	11		
"313.02399"	"313.024032"	"9.05e+05"	D+	"1.48486439"	"5.44571679"	"3d7.(4F).4s"	"a 3F"	"4"	"3d6.(3P2).4s.4p.(3P*)"	"w 5D*"	"3"	9	7		
"313.34255"	"313.342568"	"3.39e+07"	C+	"3.21118938"	"7.16801526"	"3d6.(5D).4s.4p.(3P*)"	"z 5D*"	"4"	"3d6.(5D).4s (4D).4d"	"i 5D"	"3"	9	7		
"313.50180"	"313.501795"	"7.86e+05"	C	"0.95815732"	"4.91297355"	"3d7.(4F).4s"	"a 5F"	"3"	"3d6.(5D).4s.4p.(1P*)"	"x 5D*"	"4"	7	9		
"313.67691"	"313.676926"	"4.86e+05"	D+	"2.45343044"	"6.40603863"	"3d6.4s2"	"a 3H"	"4"	"3d7.(2H).4p"	"u 3G*"	"4"	9	9		
"314.33640"	"314.336264"	"3.93e+06"	C	"2.44955978"	"6.39387714"	"3d6.(5D).4s.4p.(3P*)"	"z 7D*"	"3"	"3d6.(5D).4s (6D).4d"	"e 7S"	"3"	7	7		
"314.37991"	"314.379913"	"5.65e+06"	B	"2.27860466"	"6.22237439"	"3d6.4s2"	"a 3P2"	"2"	"3d7.(2P).4p"	"w 3P*"	"2"	5	5		
"314.41529"	"314.415270"	"1.27e+04"	C+	"0.0000000"	"3.94332623"	"3d6.4s2"	"a 5D"	"4"	"3d6.(5D).4s.4p.(3P*)"	"z 3F*"	"3"	9	7		
"314.49010"	"314.490093"	"6.10e+07"	B	"3.21118938"	"7.15357742"	"3d6.(5D).4s.4p.(3P*)"	"z 5D*"	"4"	"3d6.(5D).4s (4D).4d"	"i 5D"	"4"	9	9		
"314.59678"	"314.59682"	"4.65e+06"	C+	"2.99035244"	"6.9314031"	"3d6.4s2"	"b 3G"	"4"	"3d6.(1G2).4s.4p.(3P*)"	"s 3G*"	"4"	9	9		
"314.87063"	"314.870691"	"7.59e+06"	C+	"3.01762252"	"6.95524523"	"3d6.4s2"	"b 3G"	"3"	"3d6.(3G).4s.4p.(3P*)"	"1F*"	"3"	7	7		
"315.27780"	"315.277814"	"1.37e+04"	C+	"0.05156912"	"3.98410712"	"3d6.4s2"	"a 5D"	"3"	"3d6.(5D).4s.4p.(3P*)"	"z 3F*"	"2"	7	5		
"315.41125"	"315.411266"	"7.91e+06"	B+	"2.44955978"	"6.38043390"	"3d6.(5D).4s.4p.(3P*)"	"z 7D*"	"3"	"3d6.(5D).4s (6D).4d"	"f 5F"	"4"	7	9		
"315.42265"	"315.422727"	"2.63e+06"	B	"2.44955978"	"6.38029108"	"3d6.(5D).4s.4p.(3P*)"	"z 7D*"	"3"	"3d6.(5D).4s (6D).4d"	"e 7G"	"3"	7	7		
"315.54098"	"315.540947"	"4.64e+06"	B	"2.46883473"	"6.39809335"	"3d6.(5D).4s.4p.(3P*)"	"z 7D*"	"2"	"3d6.(5D).4s (6D).4d"	"f 5F"	"3"	5	7		
"315.71874"	"315.718723"	"6.36e+07"	C+	"3.24096914"	"7.16801526"	"3d6.(5D).4s.4p.(3P*)"	"z 5D*"	"3"	"3d6.(5D).4s (4D).4d"	"i 5D"	"3"	7	7		
"315.79499"	"315.794985"	"1.26e+07"	B+	"2.42543332"	"6.35153108"	"3d6.(5D).4s.4p.(3P*)"	"z 7D*"	"4"	"3d6.(5D).4s (6D).4d"	"e 7G"	"5"	9	11		
"315.80570"	"315.805826"	"1.81e+06"	C+	"2.27860466"	"6.20456765"	"3d6.4s2"	"a 3P2"	"2"	"3d7.(2P).4p"	"w 3P*"	"1"	5	3		
"315.87990"	"315.879895"	"1.61e+07"	C+	"2.46883473"	"6.39387714"	"3d6.(5D).4s.4p.(3P*)"	"z 7D*"	"2"	"3d6.(5D).4s (6D).4d"	"e 7S"	"3"	5	7		
"315.89013"	"315.890133"	"2.25e+06"	C+	"2.42543332"	"6.35034852"	"3d6.(5D).4s.4p.(3P*)"	"z 7D*"	"4"	"3d6.(5D).4s (6D).4d"	"e 5G"	"3"	9	7		
"316.15721"	"316.157208"	"1.93e+07"	B+	"2.42543332"	"6.34703293"	"3d6.(5D).4s.4p.(3P*)"	"z 7D*"	"4"	"3d6.(5D).4s (6D).4d"	"e 7F"	"4"	9	9		
"316.22859"	"316.228592"	"2.14e+06"	C+	"1.55735733"	"5.47807170"	"3d7.(4F).4s"	"a 3F"	"3"	"3d6.(3P2).4s.4p.(3P*)"	"w 5D*"	"2"	7	5		
"316.28613"	"316.286143"	"4.65e+06"	D+	"2.39920471"	"6.31920567"	"3d6.(5D).4s.4p.(3P*)"	"z 7D*"	"5"	"3d6.(5D).4s (6D).4d"	"e 7G"	"6"	11	13		
"316.67737"	"316.677380"	"5.35e+06"	C+	"2.44955978"	"6.36471779"	"3d6.(5D).4s.4p.(3P*)"	"z 7D*"	"3"	"3d6.(5D).4s (6D).4d"	"e 7G"	"4"	7	9		
"316.73517"	"316.735145"	"1.14e+07"	B	"2.55917148"	"6.47361547"	"3d6.4s2"	"b 3F2"	"4"	"3d7.(2D2).4p"	"t 3D*"	"3"	9	7		
"316.97709"	"316.977073"	"2.60e+06"	C+	"2.46883473"	"6.38029108"	"3d6.(5D).4s.4p.(3P*)"	"z 7D*"	"2"	"3d6.(5D).4s (6D).4d"	"e 7G"	"3"	5	7		
"317.22687"	"317.226869"	"1.85e+07"	B	"3.04686890"	"6.95524523"	"3d7.(2G).4s"	"a 1G"	"4"	"3d6.(3G).4s.4p.(3P*)"	"1F*"	"3"	9	7		
"317.25798"	"317.258028"	"2.75e+06"	C+	"2.48211840"	"6.39011087"	"3d6.(5D).4s.4p.(3P*)"	"z 7D*"	"1"	"3d6.(5D).4s (6D).4d"	"e 7G"	"2"	3	5		
"317.30013"	"317.300177"	"7.15e+05"	C+	"2.19786640"	"6.10533975"	"3d7.(4P).4s"	"a 5P"	"2"	"3d7.(2G).4p"	"w 3F*"	"3"	5	7		
"317.63631"	"317.636308"	"1.44e+07"	B+	"2.39920471"	"6.30254306"	"3d6.(5D).4s.4p.(3P*)"	"z 7D*"	"5"	"3d6.(5D).4s (6D).4d"	"e 7F"	"5"	11	11		
"317.72780"	"317.727915"	"5.90e+06"	C+	"2.60850194"	"6.51071489"	"3d6.4s2"	"b 3F2"	"2"	"3d7.(2P).4p"	"u 3D*"	"1"	5	3		
"317.89319"	"317.893197"	"1.28e+07"	B+	"2.39920471"	"6.29938878"	"3d6.(5D).4s.4p.(3P*)"	"z 7D*"	"5"	"3d6.(5D).4s (6D).4d"	"f 7D"	"4"	11	9		
"318.11430"	"318.114310"	"4.42e+07"	B+	"2.44955978"	"6.34703293"	"3d6.(5D).4s.4p.(3P*)"	"z 7D*"	"3"	"3d6.(5D).4s (6D).4d"	"e 7F"	"4"	7	9		
"318.16752"	"318.167518"	"1.23e+05"	C+	"0.08728574"	"3.98410712"	"3d6.4s2"	"a 5D"	"2"	"3d6.(5D).4s.4p.(3P*)"	"z 3F*"	"2"	5	5		
"318.24394"	"318.243925"	"1.84e+07"	B	"2.58810592"	"6.48399171"	"3d6.4s2"	"b 3F2"	"3"	"3d7.(2P).4p"	"u 3D*"	"2"	7	5		
"318.28315"	"318.283236"	"1.78e+06"	D+	"2.46883473"	"6.36423934"	"3d6.(5D).4s.4p.(3P*)"	"z 7D*"	"2"	"3d6.(5D).4s (6D).4d"	"e 7F"	"2"	5	5		
"318.29756"	"318.297592"	"3.23e+06"	C+	"2.42543332"	"6.32066224"	"3d6.(5D).4s.4p.(3P*)"	"z 7D*"	"4"	"3d6.(5D).4s (6D).4d"	"e 5G"	"4"	9	9		
"318.3894"	"318.389864"	"1.42e+07"	C+	"2.19786640"	"6.09196644"	"3d7.(4P).4s"	"a 5P"	"2"	"3d6.(3F2).4s.4p.(3P*)"	"v 3D*"	"3"	5	7		
"318.58155"	"318.581542"	"2.35e+05"	B	"0.05156912"	"3.94332623"	"3d6.4s2"	"a 5D"	"3"	"3d6.(5D).4s.4p.(3P*)"	"z 3F*"	"3"	7	7		
"318.94893"	"318.948959"	"5.00e+06"	D+	"2.39920471"	"6.28647868"	"3d6.(5D).4s.4p.(3P*)"	"z 7D*"	"5"	"3d6.(5D).4s (6D).4d"	"e 5G"	"5"	11	11		
"318.97408"	"318.974077"	"2.53e+07"	B+	"2.48211840"	"6.36908625"	"3d6.(5D).4s.4p.(3P*)"	"z 7D*"	"1"	"3d6.(5D).4s (6D).4d"	"e 5G"	"2"	3	5		
"319.15718"	"319.157190"	"5.75e+06"	C+	"3.04686890"	"6.93160665"	"3d7.(2G).4s"	"a 1G"	"4"	"3d7.(2H).4p"	"1H*"	"5"	9	11		
"319.17390"	"319.17392"	"5.55e+06"	C+	"3.04686890"	"6.9314031"	"3d7.(2G).4s"	"a 1G"	"4"	"3d6.(1G2).4s.4p.(3P*)"	"s 3G*"	"4"	9	9		
"319.20340"	"319.203360"	"1.33e+06"	C+	"2.55917148"	"6.44334733"	"3d6.4s2"	"b 3F2"	"4"	"3d7.(2P).4p"	"u 3D*"	"3"	9	7		
"319.25817"	"319.258167"	"2.37e+05"	B	"0.0000000"	"3.88350907"	"3d6.4s2"	"a 5D"	"4"	"3d6.(5D).4s.4p.(3P*)"	"z 3D*"	"3"	9	7		
"319.37232"	"319.372324"	"5.01e+07"	B+	"2.48211840"	"6.36423934"	"3d6.(5D).4s.4p.(3P*)"	"z 7D*"	"1"	"3d6.(5D).4s (6D).4d"	"e 7F"	"2"	3	5		
"319.41488"	"319.414883"	"4.43e+05"	B	"0.0000000"	"3.88160368"	"3d6.4s2"	"a 5D"	"4"	"3d6.(5D).4s.4p.(3P*)"	"z 3F*"	"4"	9	9		
"319.42228"	"319.422280"	"3.07e+07"	B+	"2.46883473"	"6.35034852"	"3d6.(5D).4s.4p.(3P*)"	"z 7D*"	"2"	"3d6.(5D).4s (6D).4d"	"e 5G"	"3"	5	7		
"319.53470"	"319.534727"	"1.08e+07"	B	"2.46883473"	"6.34898259"	"3d6.(5D).4s.4p.(3P*)"	"z 7D*"	"2"	"3d6.(5D).4s (6D).4d"	"e 7F"	"1"	5	3		
"319.70463"	"319.704593"	"1.40e+07"	B+	"2.83252676"	"6.71061300"	"3d6.(5D).4s.4p.(3P*)"	"z 7F*"	"5"	"3d6.(5D).4s (6D).6s"	"g 7D"	"4"	11	9		
"319.78513"	"319.785115"	"5.97e+07"	B+	"2.42543332"	"6.30254306"	"3d6.(5D).4s.4p.(3P*)"	"z 7D*"	"4"	"3d6.(5D).4s (6D).4d"	"e 7F"	"5"	9	11		
"319.79107"	"319.791056"	"1.94e+05"	B	"0.05156912"	"3.92860683"	"3d6.4s2"	"a 5D"	"3"	"3d6.(5D).4s.4p.(3P*)"	"z 3D*"	"2"	7	5		
"320.04241"	"320.042409"	"1.23e+05"	C+	"0.11011433"	"3.98410712"	"3d6.4s2"	"a 5D"	"1"	"3d6.(5D).4s.4p.(3P*)"	"z 3F*"	"2"	3	5		
"320.04549"	"320.045493"	"2.23e+07"	B+	"2.42543332"	"6.29938878"	"3d6.(5D).4s.4p.(3P*)"	"z 7D*"	"4"	"3d6.(5D).4s (6D).4d"	"f 7D"	"4"	9	9		
"320.17092"	"320.170915"	"5.90e+04"	C+	"0.08728574"	"3.95972364"	"3d6.4s2"	"a 5D"	"2"	"3d6.(5D).4s.4p.(3P*)"	"z 3D*"	"1"	5	3		
"320.34811"	"320.348118"	"6.18e+06"	B	"3.04686890"	"6.91716472"	"3d7.(2G).4s"	"a 1G"	"4"	"3d6.(1G2).4s.4p.(3P*)"	"s 3G*"	"3"	9	7		
"320.63240"	"320.632410"	"9.77e+07"	B+	"2.48211840"	"6.34898259"	"3d6.(5D).4s.4p.(3P*)"	"z 7D*"	"1"	"3d6.(5D).4s (6D).4d"	"e 7F"	"1"	3	3		
"320.80016"	"320.800173"	"1.32e+06"	C	"2.39920471"	"6.26404671"	"3d6.(5D).4s.4p.(3P*)"	"z 7D*"	"5"	"3d6.(5D).4s (6D).4d"	"e 5G"	"6"	11	13		
"321.11563"	"321.115622"	"1.15e+07"	B+	"2.42543332"	"6.28647868"	"3d6.(5D).4s.4p.(3P*)"	"z 7D*"	"4"	"3d6.(5D).4s (6D).4d"	"e 5G"	"5"	9	11		
"321.17566"	"321.175636"	"9.24e+07"	B+	"2.46883473"	"6.32915863"	"3d6.(5D).4s.4p.(3P*)"	"z 7D*"	"2"	"3d6.(5D).4s (6D).4d"	"f 7D"	"1"	5	3		
"321.25351"	"321.253454"	"3.07e+06"	C+	"2.85122419"	"6.71061300"	"3d6.(5D).4s.4p.(3P*)"	"z 7F*"	"4"	"3d6.(5D).4s (6D).6s"	"g 7D"	"4"	9	9		
"321.29150"	"321.291365"	"4.64e+07"	B	"2.39920471"	"6.25813812"	"3d6.(5D).4s.4p.(3P*)"	"z 7D*"	"5"	"3d6.(5D).4s (6D).4d"	"e 7P"	"4"	11	9		
"321.4684"	"321.46856"	"1.09e+06"	D+	"3.01762252"	"6.8744289"	"3d6.4s2"	"b 3G"	"3"	"3d6.(1G2).4s.4p.(3P*)"	"v 3H*"	"4"	7	9		
"321.4940"	"321.493954"	"8.38e+07"	B+	"2.44955978"	"6.30606149"	"3d6.(5D).4s.4p.(3P*)"	"z 7D*"	"3"	"3d6.(5D).4s (6D).4d"	"f 7D"	"3"	7	7		
"321.49898"	"321.499008"	"1.18e+08"	B	"2.44955978"	"6.30600086"	"3d6.(5D).4s.4p.(3P*)"	"z 7D*"	"3"	"3d6.(5D).4s (6D).4d"	"e 7P"	"2"	7	5		
"321.53241"	"321.532408"	"2.22e+05"	C+	"0.08728574"	"3.94332623"	"3d6.4s2"	"a 5D"	"2"	"3d6.(5D).4s.4p.(3P*)"	"z 3F*"	"3"	5	7		
"321.68667"	"321.686668"	"6.19e+07"	B+	"2.46883473"	"6.32302612"	"3d6.(5D).4s.4p.(3P*)"	"z 7D*"	"2"	"3d6.(5D).4s (6D).4d"	"f 7D"	"2"	5	5		
"321.83062"	"321.830614"	"1.50e+07"	B	"2.39920471"	"6.25167222"	"3d6.(5D).4s.4p.(3P*)"	"z 7D*"	"5"	"3d6.(5D).4s (6D).4d"	"f 5D"	"4"	11	9		
"322.05117"	"322.051183"	"4.64e+07"	B+	"2.44955978"	"6.29938878"	"3d6.(5D).4s.4p.(3P*)"	"z 7D*"	"3"	"3d6.(5D).4s (6D).4d"	"f 7D"	"4"	7	9		
"322.06958"	"322.069562"	"1.80e+04"	C+	"0.11011433"	"3.95972364"	"3d6.4s2"	"a 5D"	"1"	"3d6.(5D).4s.4p.(3P*)"	"z 3D*"	"1"	3	3		
"322.07342"	"322.073411"	"3.61e+07"	B	"2.42543332"	"6.27499663"	"3d6.(5D).4s.4p.(3P*)"	"z 7D*"	"4"	"3d6.(5D).4s (6D).4d"	"e 7P"	"3"	9	7		
"322.28464"	"322.284642"	"1.22e+07"	C+	"2.48211840"	"6.32915863"	"3d6.(5D).4s.4p.(3P*)"	"z 7D*"	"1"	"3d6.(5D).4s (6D).4d"	"f 7D"	"1"	3	3		
"322.29973"	"322.299756"	"8.65e+07"	B+	"2.39920471"	"6.24606454"	"3d6.(5D).4s.4p.(3P*)"	"z 7D*"	"5"	"3d6.(5D).4s (6D).4d"	"f 7D"	"5"	11	11		
"322.41979"	"322.419872"	"3.10e+04"	D+	"1.48486439"	"5.33029109"	"3d7.(4F).4s"	"a 3F"	"4"	"3d6.(3H).4s.4p.(3P*)"	"z 5H*"	"5"	9	11		
"322.65385"	"322.653742"	"4.65e+05"	C	"2.43269470"	"6.27533411"	"3d6.4s2"	"a 3H"	"5"	"3d6.(3F2).4s.4p.(3P*)"	"x 1G*"	"4"	11	9		
"322.67184"	"322.671847"	"1.18e+08"	B+	"2.39920471"	"6.24162851"	"3d6.(5D).4s.4p.(3P*)"	"z 7D*"	"5"	"3d6.(5D).4s (6D).4d"	"e 7F"	"6"	11	13		
"322.69447"	"322.694442"	"6.59e+05"	C+	"2.55917148"	"6.40132623"	"3d6.4s2"	"b 3F2"	"4"	"3d6.(3H).4s.4p.(3P*)"	"1H*"	"5"	9	11		
"322.79926"	"322.799211"	"4.52e+06"	B	"2.48211840"	"6.32302612"	"3d6.(5D).4s.4p.(3P*)"	"z 7D*"	"1"	"3d6.(5D).4s (6D).4d"	"f 7D"	"2"	3	5		
"322.87272"	"322.872710"	"4.96e+07"	B	"2.42543332"	"6.26546671"	"3d6.(5D).4s.4p.(3P*)"	"z 7D*"	"4"	"3d6.(5D).4s (6D).4d"	"f 5D"	"3"	9	7		
"322.91807"	"322.918074"	"3.72e+07"	C+	"2.46883473"	"6.30832866"	"3d6.(5D).4s.4p.(3P*)"	"z 7D*"	"2"	"3d6.(5D).4s (6D).4d"	"f 5D"	"1"	5	3		
"322.95294"	"322.95295"	"1.74e+06"	D+	"3.23672008"	"7.0757994"	"3d7.(2H).4s"	"b 3H"	"6"	"3d6.(1I).4s.4p.(3P*)"	"x 3I*"	"6"	13	13		
"323.00523"	"323.005230"	"1.67e+05"	C+	"0.12126572"	"3.95972364"	"3d6.4s2"	"a 5D"	"0"	"3d6.(5D).4s.4p.(3P*)"	"z 3D*"	"1"	1	3		
"323.09230"	"323.092309"	"1.06e+07"	B+	"3.04686890"	"6.88429230"	"3d7.(2G).4s"	"a 1G"	"4"	"3d6.(1G2).4s.4p.(3P*)"	"v 3H*"	"5"	9	11		
"323.10886"	"323.108866"	"1.51e+06"	C+	"2.46883473"	"6.30606149"	"3d6.(5D).4s.4p.(3P*)"	"z 7D*"	"2"	"3d6.(5D).4s (6D).4d"	"f 7D"	"3"	5	7		
"323.11395"	"323.113971"	"2.06e+07"	C+	"2.46883473"	"6.30600086"	"3d6.(5D).4s.4p.(3P*)"	"z 7D*"	"2"	"3d6.(5D).4s (6D).4d"	"e 7P"	"2"	5	5		
"323.18961"	"323.189618"	"3.7e+07"	D+	"2.44955978"	"6.28582776"	"3d6.(5D).4s.4p.(3P*)"	"z 7D*"	"3"	"3d6.(5D).4s (6D).4d"	"f 5D"	"2"	7	5		
"323.39848"	"323.39848"	"4.19e+07"	B+	"3.23672008"	"7.0705105"	"3d7.(2H).4s"	"b 3H"	"6"	"3d6.(1I).4s.4p.(3P*)"	"x 3I*"	"7"	13	15		
"323.49006"	"323.490080"	"2.08e+07"	B	"2.42543332"	"6.25813812"	"3d6.(5D).4s.4p.(3P*)"	"z 7D*"	"4"	"3d6.(5D).4s (6D).4d"	"e 7P"	"4"	9	9		
"323.55466"	"323.554649"	"1.15e+05"	B	"0.05156912"	"3.88350907"	"3d6.4s2"	"a 5D"	"3"	"3d6.(5D).4s.4p.(3P*)"	"z 3D*"	"3"	7	7		
"323.71561"	"323.715613"	"2.18e+05"	B	"0.05156912"	"3.88160368"	"3d6.4s2"	"a 5D"	"3"	"3d6.(5D).4s.4p.(3P*)"	"z 3F*"	"4"	7	9		
"324.03675"	"324.036741"	"2.95e+07"	B	"2.42543332"	"6.25167222"	"3d6.(5D).4s.4p.(3P*)"	"z 7D*"	"4"	"3d6.(5D).4s (6D).4d"	"f 5D"	"4"	9	9		
"324.03919"	"324.039166"	"6.74e+06"	C+	"2.48211840"	"6.30832866"	"3d6.(5D).4s.4p.(3P*)"	"z 7D*"	"1"	"3d6.(5D).4s (6D).4d"	"f 5D"	"1"	3	3		
"324.40440"	"324.404300"	"4.81e+05"	C	"2.45343044"	"6.27533411"	"3d6.4s2"	"a 3H"	"4"	"3d6.(3F2).4s.4p.(3P*)"	"x 1G*"	"4"	9	9		
"324.51234"	"324.512342"	"3.06e+07"	B+	"2.42543332"	"6.24606454"	"3d6.(5D).4s.4p.(3P*)"	"z 7D*"	"4"	"3d6.(5D).4s (6D).4d"	"f 7D"	"5"	9	11		
"324.69020"	"324.690178"	"1.55e+05"	B	"0.91460217"	"4.73314079"	"3d7.(4F).4s"	"a 5F"	"4"	"3d7.(4F).4p"	"y 3D*"	"3"	9	7		
"324.69411"	"324.694100"	"1.68e+05"	B	"0.11011433"	"3.92860683"	"3d6.4s2"	"a 5D"	"1"	"3d6.(5D).4s.4p.(3P*)"	"z 3D*"	"2"	3	5		
"324.74166"	"324.741707"	"2.50e+06"	B	"2.58810592"	"6.40603863"	"3d6.4s2"	"b 3F2"	"3"	"3d7.(2H).4p"	"u 3G*"	"4"	7	9		
"324.78971"	"324.789739"	"1.09e+07"	B	"2.19786640"	"6.01523448"	"3d7.(4P).4s"	"a 5P"	"2"	"3d7.(4P).4p"	"x 3P*"	"1"	5	3		
"324.81466"	"324.814679"	"1.69e+06"	C+	"2.60850194"	"6.42557692"	"3d6.4s2"	"b 3F2"	"2"	"3d7.(2H).4p"	"u 3G*"	"3"	5	7		
"324.91411"	"324.914105"	"1.92e+07"	B	"2.44955978"	"6.26546671"	"3d6.(5D).4s.4p.(3P*)"	"z 7D*"	"3"	"3d6.(5D).4s (6D).4d"	"f 5D"	"3"	7	7		
"325.15609"	"325.156070"	"3.83e+06"	B	"2.17594512"	"5.98901244"	"3d7.(4P).4s"	"a 5P"	"3"	"3d7.(4P).4p"	"x 3P*"	"2"	7	5		
"325.16964"	"325.16966"	"2.85e+06"	B	"3.26711257"	"7.0800206"	"3d7.(2H).4s"	"b 3H"	"5"	"3d6.(1I).4s.4p.(3P*)"	"x 3I*"	"5"	11	11		
"325.38525"	"325.385256"	"2.20e+06"	B	"2.55917148"	"6.36955305"	"3d6.4s2"	"b 3F2"	"4"	"3d7.(2H).4p"	"u 3G*"	"5"	9	11		
"325.45372"	"325.45375"	"1.62e+07"	B	"3.25148176"	"7.0610614"	"3d7.(2D2).4s"	"a 3D"	"3"	"3d7.(2H).4p"	"v 1G*"	"4"	7	9		
"325.53003"	"325.53004"	"4.24e+07"	B+	"3.26711257"	"7.0757994"	"3d7.(2H).4s"	"b 3H"	"5"	"3d6.(1I).4s.4p.(3P*)"	"x 3I*"	"6"	11	13		
"325.56618"	"325.566245"	"5.73e+05"	D+	"2.69240763"	"6.50067093"	"3d7.(2G).4s"	"a 3G"	"5"	"3d7.(2H).4p"	"w 3H*"	"6"	11	13		
"325.81736"	"325.81741"	"4.76e+06"	C+	"2.99035244"	"6.7956800"	"3d6.4s2"	"b 3G"	"4"	"3d6.(3G).4s.4p.(3P*)"	"w 1G*"	"4"	9	9		
"325.85318"	"325.853199"	"8.94e+06"	C	"2.17594512"	"5.98085478"	"3d7.(4P).4s"	"a 5P"	"3"	"3d6.(3G).4s.4p.(3P*)"	"v 5F*"	"2"	7	5		
"326.09292"	"326.092929"	"2.99e+06"	B	"2.44955978"	"6.25167222"	"3d6.(5D).4s.4p.(3P*)"	"z 7D*"	"3"	"3d6.(5D).4s (6D).4d"	"f 5D"	"4"	7	9		
"326.54532"	"326.545348"	"1.01e+07"	C+	"2.19786640"	"5.99471113"	"3d7.(4P).4s"	"a 5P"	"2"	"3d6.(3G).4s.4p.(3P*)"	"v 5F*"	"1"	5	3		
"326.59880"	"326.598801"	"8.89e+04"	C+	"0.08728574"	"3.88350907"	"3d6.4s2"	"a 5D"	"2"	"3d6.(5D).4s.4p.(3P*)"	"z 3D*"	"3"	5	7		
"326.65578"	"326.655781"	"3.06e+07"	B	"2.17594512"	"5.97150625"	"3d7.(4P).4s"	"a 5P"	"3"	"3d5.(6S).4s2.4p"	"v 5P*"	"2"	7	5		
"326.91748"	"326.917512"	"6.06e+06"	B	"2.22271209"	"6.01523448"	"3d7.(4P).4s"	"a 5P"	"1"	"3d7.(4P).4p"	"x 3P*"	"1"	3	3		
"327.19425"	"327.194264"	"6.4e+07"	D+	"2.19786640"	"5.98718095"	"3d7.(4P).4s"	"a 5P"	"2"	"3d5.(6S).4s2.4p"	"v 5P*"	"1"	5	3		
"327.24275"	"327.242767"	"8.47e+06"	C+	"3.25148176"	"7.04023466"	"3d7.(2D2).4s"	"a 3D"	"3"	"3d6.(1G2).4s.4p.(3P*)"	"u 3F*"	"3"	7	7		
"327.26263"	"327.262590"	"1.52e+05"	C+	"1.48486439"	"5.27338780"	"3d7.(4F).4s"	"a 3F"	"4"	"3d6.(3P2).4s.4p.(3P*)"	"x 5P*"	"3"	9	7		
"327.35394"	"327.353855"	"4.50e+04"	C	"1.55735733"	"5.34482452"	"3d7.(4F).4s"	"a 3F"	"3"	"3d6.(3H).4s.4p.(3P*)"	"z 5H*"	"4"	7	9		
"327.74144"	"327.741420"	"3.16e+06"	C	"2.19786640"	"5.98085478"	"3d7.(4P).4s"	"a 5P"	"2"	"3d6.(3G).4s.4p.(3P*)"	"v 5F*"	"2"	5	5		
"328.12054"	"328.12050"	"4.21e+07"	B+	"3.30140276"	"7.0800206"	"3d7.(2H).4s"	"b 3H"	"4"	"3d6.(1I).4s.4p.(3P*)"	"x 3I*"	"5"	9	11		
"328.38360"	"328.38363"	"3.42e+07"	B	"3.27398440"	"7.0495745"	"3d7.(2D2).4s"	"a 3D"	"1"	"3d6.(1G2).4s.4p.(3P*)"	"u 3F*"	"2"	3	5		
"328.55335"	"328.553342"	"5.64e+06"	B	"2.19786640"	"5.97150625"	"3d7.(4P).4s"	"a 5P"	"2"	"3d5.(6S).4s2.4p"	"v 5P*"	"2"	5	5		
"328.76996"	"328.769962"	"5.99e+07"	B	"2.17594512"	"5.94709859"	"3d7.(4P).4s"	"a 5P"	"3"	"3d5.(6S).4s2.4p"	"v 5P*"	"3"	7	7		
"328.99125"	"328.991306"	"1.10e+06"	C+	"2.19786640"	"5.96648265"	"3d7.(4P).4s"	"a 5P"	"2"	"3d6.(3G).4s.4p.(3P*)"	"v 5F*"	"3"	5	7		
"329.19360"	"329.193603"	"7.58e+06"	C+	"2.22271209"	"5.98901244"	"3d7.(4P).4s"	"a 5P"	"1"	"3d7.(4P).4p"	"x 3P*"	"2"	3	5		
"329.29688"	"329.296878"	"5.77e+07"	B+	"3.25148176"	"7.01660092"	"3d7.(2D2).4s"	"a 3D"	"3"	"3d6.(1G2).4s.4p.(3P*)"	"u 3F*"	"4"	7	9		
"329.35376"	"329.353763"	"3.0e+07"	D+	"2.22271209"	"5.98718095"	"3d7.(4P).4s"	"a 5P"	"1"	"3d5.(6S).4s2.4p"	"v 5P*"	"1"	3	3		
"329.40889"	"329.408866"	"6.70e+04"	C+	"1.60789577"	"5.37173492"	"3d7.(4F).4s"	"a 3F"	"2"	"3d6.(3H).4s.4p.(3P*)"	"z 5H*"	"3"	5	7		
"329.9082"	"329.908172"	"9.01e+06"	C	"2.22271209"	"5.98085478"	"3d7.(4P).4s"	"a 5P"	"1"	"3d6.(3G).4s.4p.(3P*)"	"v 5F*"	"2"	3	5		
"330.45198"	"330.451979"	"1.46e+06"	D+	"3.01762252"	"6.76958063"	"3d6.4s2"	"b 3G"	"3"	"3d6.(3G).4s.4p.(3P*)"	"t 3G*"	"3"	7	7		
"330.69222"	"330.692238"	"4.05e+07"	B	"2.19786640"	"5.94709859"	"3d7.(4P).4s"	"a 5P"	"2"	"3d5.(6S).4s2.4p"	"v 5P*"	"3"	5	7		
"330.72911"	"330.72938"	"5.74e+07"	B	"3.04686890"	"6.7956800"	"3d7.(2G).4s"	"a 1G"	"4"	"3d6.(3G).4s.4p.(3P*)"	"w 1G*"	"4"	9	9		
"330.73063"	"330.730878"	"4.84e+07"	B	"2.22271209"	"5.97150625"	"3d7.(4P).4s"	"a 5P"	"1"	"3d5.(6S).4s2.4p"	"v 5P*"	"2"	3	5		
"330.81855"	"330.81854"	"1.97e+07"	B+	"3.23672008"	"6.9845209"	"3d7.(2H).4s"	"b 3H"	"6"	"3d6.(1I).4s.4p.(3P*)"	"u 3H*"	"6"	13	13		
"331.12938"	"331.12940"	"3.78e+06"	C+	"2.94879294"	"6.6930753"	"3d6.4s2"	"b 3G"	"5"	"3d6.(3G).4s.4p.(3P*)"	"t 3G*"	"5"	11	11		
"331.14434"	"331.144315"	"6.17e+06"	C+	"3.25148176"	"6.99559552"	"3d7.(2D2).4s"	"a 3D"	"3"	"3d6.(1I).4s.4p.(3P*)"	"u 3H*"	"4"	7	9		
"331.56951"	"331.569527"	"7.25e+07"	B+	"3.30092244"	"7.04023466"	"3d7.(2D2).4s"	"a 3D"	"2"	"3d6.(1G2).4s.4p.(3P*)"	"u 3F*"	"3"	5	7		
"331.80753"	"331.807549"	"3.11e+06"	B	"2.27860466"	"6.01523448"	"3d6.4s2"	"a 3P2"	"2"	"3d7.(4P).4p"	"x 3P*"	"1"	5	3		
"332.02080"	"332.020789"	"3.73e+06"	C	"2.99035244"	"6.72458242"	"3d6.4s2"	"b 3G"	"4"	"3d6.(3G).4s.4p.(3P*)"	"t 3G*"	"4"	9	9		
"332.34286"	"332.342918"	"8.21e+06"	B	"2.93984587"	"6.67045638"	"3d6.(5D).4s.4p.(3P*)"	"z 7P*"	"4"	"3d6.(5D).4s (6D).6s"	"g 7D"	"5"	9	11		
"332.46925"	"332.469224"	"2.8e+07"	D+	"2.83159117"	"6.56078442"	"3d7.(4P).4s"	"b 3P"	"2"	"3d7.(2D2).4p"	"v 3P*"	"2"	5	5		
"332.54929"	"332.549249"	"1.72e+06"	B	"2.40407444"	"6.13237029"	"3d6.4s2"	"a 3H"	"6"	"3d7.(2G).4p"	"v 3G*"	"5"	13	11		
"332.64211"	"332.642114"	"2.37e+06"	C+	"2.45343044"	"6.18068544"	"3d6.4s2"	"a 3H"	"4"	"3d7.(2G).4p"	"v 3G*"	"3"	9	7		
"332.98233"	"332.982348"	"2.21e+07"	B+	"3.26711257"	"6.99055915"	"3d7.(2H).4s"	"b 3H"	"5"	"3d6.(1I).4s.4p.(3P*)"	"u 3H*"	"5"	11	11		
"333.25692"	"333.256929"	"1.78e+06"	B	"2.43269470"	"6.15307342"	"3d6.4s2"	"a 3H"	"5"	"3d7.(2G).4p"	"v 3G*"	"4"	11	9		
"333.51763"	"333.517646"	"4.91e+05"	C+	"2.43269470"	"6.15016512"	"3d6.4s2"	"a 3H"	"5"	"3d7.(2G).4p"	"y 3H*"	"5"	11	11		
"333.67275"	"333.672801"	"7.48e+06"	C+	"2.84504259"	"6.56078442"	"3d7.(4P).4s"	"b 3P"	"1"	"3d7.(2D2).4p"	"v 3P*"	"2"	3	5		
"333.72159"	"333.721630"	"4.91e+06"	C+	"3.30140276"	"7.01660092"	"3d7.(2H).4s"	"b 3H"	"4"	"3d6.(1G2).4s.4p.(3P*)"	"u 3F*"	"4"	9	9		
"333.86247"	"333.862461"	"6.06e+06"	B	"2.69240763"	"6.40603863"	"3d7.(2G).4s"	"a 3G"	"5"	"3d7.(2H).4p"	"u 3G*"	"4"	11	9		
"334.01546"	"334.015404"	"1.37e+06"	B	"2.45343044"	"6.16536100"	"3d6.4s2"	"a 3H"	"4"	"3d7.(2G).4p"	"y 3H*"	"4"	9	9		
"334.15246"	"334.152486"	"4.95e+06"	B	"2.27860466"	"5.98901244"	"3d6.4s2"	"a 3P2"	"2"	"3d7.(4P).4p"	"x 3P*"	"2"	5	5		
"334.28666"	"334.28665"	"3.02e+06"	C+	"2.69240763"	"6.40132623"	"3d7.(2G).4s"	"a 3G"	"5"	"3d6.(3H).4s.4p.(3P*)"	"1H*"	"5"	11	11		
"334.32526"	"334.32530"	"9.42e+06"	C+	"2.84504259"	"6.55353246"	"3d7.(4P).4s"	"b 3P"	"1"	"3d7.(2D2).4p"	"t 3D*"	"1"	3	3		
"334.88877"	"334.888769"	"4.91e+06"	C	"2.27860466"	"5.98085478"	"3d6.4s2"	"a 3P2"	"2"	"3d6.(3G).4s.4p.(3P*)"	"v 5F*"	"2"	5	5		
"335.24849"	"335.248474"	"1.57e+06"	C+	"2.19786640"	"5.89614419"	"3d7.(4P).4s"	"a 5P"	"2"	"3d7.(4P).4p"	"y 3S*"	"1"	5	3		
"335.27072"	"335.270718"	"2.19e+06"	B	"2.72754450"	"6.42557692"	"3d7.(2G).4s"	"a 3G"	"4"	"3d7.(2H).4p"	"u 3G*"	"3"	9	7		
"335.42239"	"335.42238"	"4.09e+05"	D+	"2.43269470"	"6.12905507"	"3d6.4s2"	"a 3H"	"5"	"3d7.(2G).4p"	"y 3H*"	"6"	11	13		
"335.50231"	"335.50231"	"1.34e+07"	B	"2.85805275"	"6.55353246"	"3d7.(4P).4s"	"b 3P"	"0"	"3d7.(2D2).4p"	"t 3D*"	"1"	1	3		
"335.61918"	"335.61919"	"2.59e+07"	C+	"3.30140276"	"6.99559552"	"3d7.(2H).4s"	"b 3H"	"4"	"3d6.(1I).4s.4p.(3P*)"	"u 3H*"	"4"	9	9		
"335.73658"	"335.736535"	"1.56e+06"	C+	"2.27860466"	"5.97150625"	"3d6.4s2"	"a 3P2"	"2"	"3d5.(6S).4s2.4p"	"v 5P*"	"2"	5	5		
"337.05150"	"337.05151"	"2.15e+07"	B	"2.72754450"	"6.40603863"	"3d7.(2G).4s"	"a 3G"	"4"	"3d7.(2H).4p"	"u 3G*"	"4"	9	9		
"337.17515"	"337.175129"	"2.89e+07"	B	"2.69240763"	"6.36955305"	"3d7.(2G).4s"	"a 3G"	"5"	"3d7.(2H).4p"	"u 3G*"	"5"	11	11		
"337.30422"	"337.304202"	"1.30e+06"	B	"2.17594512"	"5.85168345"	"3d7.(4P).4s"	"a 5P"	"3"	"3d6.(3F2).4s.4p.(3P*)"	"x 3F*"	"2"	7	5		
"337.4840"	"337.48384"	"2.82e+05"	C	"2.72754450"	"6.40132623"	"3d7.(2G).4s"	"a 3G"	"4"	"3d6.(3H).4s.4p.(3P*)"	"1H*"	"5"	9	11		
"337.99881"	"337.998810"	"4.59e+06"	B	"2.17594512"	"5.84412959"	"3d7.(4P).4s"	"a 5P"	"3"	"3d7.(4P).4p"	"w 3D*"	"2"	7	5		
"338.10804"	"338.108050"	"1.66e+07"	B	"2.75857762"	"6.42557692"	"3d7.(2G).4s"	"a 3G"	"3"	"3d7.(2H).4p"	"u 3G*"	"3"	7	7		
"338.23046"	"338.23045"	"2.71e+06"	C	"2.84504259"	"6.51071489"	"3d7.(4P).4s"	"b 3P"	"1"	"3d7.(2P).4p"	"u 3D*"	"1"	3	3		
"338.33730"	"338.337308"	"7.97e+05"	C+	"2.17594512"	"5.84045966"	"3d7.(4P).4s"	"a 5P"	"3"	"3d6.(3H).4s.4p.(3P*)"	"z 3H*"	"4"	7	9		
"338.46629"	"338.466299"	"8.33e+06"	B	"2.19786640"	"5.86098438"	"3d7.(4P).4s"	"a 5P"	"2"	"3d7.(4P).4p"	"w 3D*"	"1"	5	3		
"338.49504"	"338.495033"	"6.52e+06"	B	"2.17594512"	"5.83875215"	"3d7.(4P).4s"	"a 5P"	"3"	"3d6.(3F2).4s.4p.(3P*)"	"x 3F*"	"3"	7	7		
"339.3279"	"339.327877"	"9.93e+06"	C+	"2.19786640"	"5.85168345"	"3d7.(4P).4s"	"a 5P"	"2"	"3d6.(3F2).4s.4p.(3P*)"	"x 3F*"	"2"	5	5		
"339.36259"	"339.362596"	"1.88e+07"	B	"2.17594512"	"5.82938837"	"3d7.(4P).4s"	"a 5P"	"3"	"3d7.(4P).4p"	"w 3D*"	"3"	7	7		
"339.50514"	"339.505141"	"4.82e+05"	C+	"2.45343044"	"6.10533975"	"3d6.4s2"	"a 3H"	"4"	"3d7.(2G).4p"	"w 3F*"	"3"	9	7		
"339.55572"	"339.555737"	"8.70e+06"	B	"2.19786640"	"5.84923154"	"3d7.(4P).4s"	"a 5P"	"2"	"3d7.(4P).4p"	"u 5D*"	"1"	5	3		
"339.79502"	"339.795034"	"4.33e+05"	D+	"0.95815732"	"4.60695104"	"3d7.(4F).4s"	"a 5F"	"3"	"3d6.(5D).4s.4p.(1P*)"	"y 5P*"	"2"	7	5		
"339.86131"	"339.861275"	"1.29e+05"	D	"0.99011115"	"4.63819369"	"3d7.(4F).4s"	"a 5F"	"2"	"3d6.(5D).4s.4p.(1P*)"	"y 5P*"	"1"	5	3		
"339.91920"	"339.91919"	"6.15e+05"	C+	"2.75857762"	"6.40603863"	"3d7.(2G).4s"	"a 3G"	"3"	"3d7.(2H).4p"	"u 3G*"	"4"	7	9		
"340.03084"	"340.030853"	"2.76e+07"	B	"2.19786640"	"5.84412959"	"3d7.(4P).4s"	"a 5P"	"2"	"3d7.(4P).4p"	"w 3D*"	"2"	5	5		
"340.24946"	"340.249448"	"7.19e+05"	C+	"0.91460217"	"4.55852281"	"3d7.(4F).4s"	"a 5F"	"4"	"3d6.(5D).4s.4p.(1P*)"	"y 5P*"	"3"	9	7		
"340.3232"	"340.32319"	"2.19e+07"	C+	"3.23672008"	"6.8798512"	"3d7.(2H).4s"	"b 3H"	"6"	"3d6.(1G2).4s.4p.(3P*)"	"v 3H*"	"6"	13	13		
"340.42664"	"340.42661"	"3.98e+06"	C+	"2.83159117"	"6.47361547"	"3d7.(4P).4s"	"b 3P"	"2"	"3d7.(2D2).4p"	"t 3D*"	"3"	5	7		
""	"340.462482"	"1.8e-01"	D	"0.0000000"	"3.64164057"	"3d6.4s2"	"a 5D"	"4"	"3d6.4s2"	"b 3D"	"3"	9	7	M1	
"340.52468"	"340.524681"	"3.02e+05"	C	"1.01105568"	"4.65203107"	"3d7.(4F).4s"	"a 5F"	"1"	"3d7.(4F).4p"	"y 3F*"	"2"	3	5		
"340.53305"	"340.533065"	"1.09e+07"	B	"2.19786640"	"5.83875215"	"3d7.(4P).4s"	"a 5P"	"2"	"3d6.(3F2).4s.4p.(3P*)"	"x 3F*"	"3"	5	7		
"340.74138"	"340.74142"	"2.7e+07"	D+	"3.27398440"	"6.9126439"	"3d7.(2D2).4s"	"a 3D"	"1"	"3d7.(2D2).4p"	"w 1D*"	"2"	3	5		
"340.77767"	"340.777679"	"2.08e+07"	B	"2.22271209"	"5.86098438"	"3d7.(4P).4s"	"a 5P"	"1"	"3d7.(4P).4p"	"w 3D*"	"1"	3	3		
"340.84370"	"340.843699"	"6.09e+07"	B	"2.17594512"	"5.81351269"	"3d7.(4P).4s"	"a 5P"	"3"	"3d6.(3F2).4s.4p.(3P*)"	"x 3F*"	"4"	7	9		
"340.85091"	"340.850960"	"1.88e+06"	B	"2.17594512"	"5.81343520"	"3d7.(4P).4s"	"a 5P"	"3"	"3d7.(4P).4p"	"u 5D*"	"2"	7	5		
"341.11473"	"341.11473"	"5.07e+07"	C+	"3.41489715"	"7.0495745"	"3d7.(2P).4s"	"a 1P"	"1"	"3d6.(1G2).4s.4p.(3P*)"	"u 3F*"	"2"	3	5		
"341.18735"	"341.187329"	"3.10e+04"	D+	"0.91460217"	"4.54850612"	"3d7.(4F).4s"	"a 5F"	"4"	"3d7.(4F).4p"	"y 3F*"	"4"	9	9		
"341.23315"	"341.233177"	"6.0e+06"	D+	"2.72754450"	"6.36096020"	"3d7.(2G).4s"	"a 3G"	"4"	"3d7.(2D2).4p"	"v 3F*"	"4"	9	9		
"341.41112"	"341.411120"	"3.23e+07"	B	"2.19786640"	"5.82938837"	"3d7.(4P).4s"	"a 5P"	"2"	"3d7.(4P).4p"	"w 3D*"	"3"	5	7		
"341.65107"	"341.651079"	"4.64e+06"	C+	"2.22271209"	"5.85168345"	"3d7.(4P).4s"	"a 5P"	"1"	"3d6.(3F2).4s.4p.(3P*)"	"x 3F*"	"2"	3	5		
"341.88206"	"341.882072"	"4.01e+07"	B	"2.22271209"	"5.84923154"	"3d7.(4P).4s"	"a 5P"	"1"	"3d7.(4P).4p"	"u 5D*"	"1"	3	3		
"341.94874"	"341.94874"	"9.88e+07"	B	"2.22271209"	"5.84852446"	"3d7.(4P).4s"	"a 5P"	"1"	"3d7.(4P).4p"	"u 5D*"	"0"	3	1		
"342.36372"	"342.363724"	"1.38e+07"	B	"2.22271209"	"5.84412959"	"3d7.(4P).4s"	"a 5P"	"1"	"3d7.(4P).4p"	"w 3D*"	"2"	3	5		
"342.52661"	"342.526611"	"1.61e+07"	B	"2.17594512"	"5.79564049"	"3d7.(4P).4s"	"a 5P"	"3"	"3d7.(4P).4p"	"u 5D*"	"3"	7	7		
"342.5992"	"342.59921"	"2.57e+07"	C+	"3.04686890"	"6.66579718"	"3d7.(2G).4s"	"a 1G"	"4"	"3d7.(2D2).4p"	"x 1F*"	"3"	9	7		
"342.73066"	"342.730736"	"4.52e+06"	B	"2.27860466"	"5.89614419"	"3d6.4s2"	"a 3P2"	"2"	"3d7.(4P).4p"	"y 3S*"	"1"	5	3		
"342.7364"	"342.736175"	"9.99e+05"	B	"0.99011115"	"4.60759327"	"3d7.(4F).4s"	"a 5F"	"2"	"3d7.(4F).4p"	"y 3F*"	"3"	5	7		
"342.76103"	"342.761044"	"1.94e+07"	B	"2.19786640"	"5.81508605"	"3d7.(4P).4s"	"a 5P"	"2"	"3d6.(3P2).4s.4p.(3P*)"	"y 3P*"	"1"	5	3		
"342.76481"	"342.76483"	"1.07e+07"	B	"3.26711257"	"6.88429230"	"3d7.(2H).4s"	"b 3H"	"5"	"3d6.(1G2).4s.4p.(3P*)"	"v 3H*"	"5"	11	11		
"342.79703"	"342.797034"	"2.83e+05"	D+	"0.99011115"	"4.60695104"	"3d7.(4F).4s"	"a 5F"	"2"	"3d6.(5D).4s.4p.(1P*)"	"y 5P*"	"2"	5	5		
"342.81020"	"342.810195"	"5.04e+07"	B	"2.17594512"	"5.79264615"	"3d7.(4P).4s"	"a 5P"	"3"	"3d7.(4P).4p"	"u 5D*"	"4"	7	9		
"342.91753"	"342.917547"	"1.71e+07"	B	"2.19786640"	"5.81343520"	"3d7.(4P).4s"	"a 5P"	"2"	"3d7.(4P).4p"	"u 5D*"	"2"	5	5		
"343.27953"	"343.279538"	"5.53e+06"	B	"2.83159117"	"6.44334733"	"3d7.(4P).4s"	"b 3P"	"2"	"3d7.(2P).4p"	"u 3D*"	"3"	5	7		
"344.15918"	"344.159158"	"1.71e+07"	B	"0.0000000"	"3.60252504"	"3d6.4s2"	"a 5D"	"4"	"3d6.(5D).4s.4p.(3P*)"	"z 5P*"	"3"	9	7		
"344.19747"	"344.197456"	"1.24e+07"	B	"0.05156912"	"3.65369332"	"3d6.4s2"	"a 5D"	"3"	"3d6.(5D).4s.4p.(3P*)"	"z 5P*"	"2"	7	5		
"344.33482"	"344.334819"	"4.55e+06"	B	"2.27860466"	"5.87929188"	"3d6.4s2"	"a 3P2"	"2"	"3d6.(3P2).4s.4p.(3P*)"	"1D*"	"2"	5	5		
"344.36554"	"344.365590"	"1.75e+05"	C	"0.95815732"	"4.55852281"	"3d7.(4F).4s"	"a 5F"	"3"	"3d6.(5D).4s.4p.(1P*)"	"y 5P*"	"3"	7	7		
"344.48632"	"344.486319"	"7.92e+06"	B	"0.08728574"	"3.68638944"	"3d6.4s2"	"a 5D"	"2"	"3d6.(5D).4s.4p.(3P*)"	"z 5P*"	"1"	5	3		
"344.61362"	"344.613629"	"2.34e+07"	B	"2.19786640"	"5.79564049"	"3d7.(4P).4s"	"a 5P"	"2"	"3d7.(4P).4p"	"u 5D*"	"3"	5	7		
"344.82657"	"344.826564"	"1.07e+07"	B	"2.19786640"	"5.79341882"	"3d7.(4P).4s"	"a 5P"	"2"	"3d6.(3P2).4s.4p.(3P*)"	"y 3P*"	"2"	5	5		
"345.13165"	"345.131659"	"2.34e+07"	B	"2.22271209"	"5.81508605"	"3d7.(4P).4s"	"a 5P"	"1"	"3d6.(3P2).4s.4p.(3P*)"	"y 3P*"	"1"	3	3		
"345.26021"	"345.260233"	"5.08e+06"	B	"2.42419831"	"6.01523448"	"3d6.4s2"	"a 3P2"	"1"	"3d7.(4P).4p"	"x 3P*"	"1"	3	3		
"345.29032"	"345.290335"	"1.13e+07"	B	"2.22271209"	"5.81343520"	"3d7.(4P).4s"	"a 5P"	"1"	"3d7.(4P).4p"	"u 5D*"	"2"	3	5		
"345.32635"	"345.326333"	"7.49e+05"	B	"0.95815732"	"4.54850612"	"3d7.(4F).4s"	"a 5F"	"3"	"3d7.(4F).4p"	"y 3F*"	"4"	7	9		
""	"345.353011"	"5.2e-02"	D	"0.05156912"	"3.64164057"	"3d6.4s2"	"a 5D"	"3"	"3d6.4s2"	"b 3D"	"3"	7	7	M1	
""	"345.532819"	"2.1e-02"	D	"0.05156912"	"3.63977237"	"3d6.4s2"	"a 5D"	"3"	"3d6.4s2"	"b 3D"	"2"	7	5	M1	
"345.92937"	"345.92937"	"2.92e+07"	B	"2.42419831"	"6.00828827"	"3d6.4s2"	"a 3P2"	"1"	"3d7.(4P).4p"	"x 3P*"	"0"	3	1		
"346.04171"	"346.04170"	"1.45e+06"	C+	"2.69240763"	"6.27533411"	"3d7.(2G).4s"	"a 3G"	"5"	"3d6.(3F2).4s.4p.(3P*)"	"x 1G*"	"4"	11	9		
"346.09049"	"346.09052"	"2.17e+07"	B	"3.01725044"	"6.59967157"	"3d7.(2P).4s"	"c 3P"	"2"	"3d7.(2D2).4p"	"v 3P*"	"1"	5	3		
""	"346.094519"	"4.77e+05"	D+	"2.27860466"	"5.86098438"	"3d6.4s2"	"a 3P2"	"2"	"3d7.(4P).4p"	"w 3D*"	"1"	5	3		
"346.42945"	"346.429344"	"1.50e+05"	E	"1.48486439"	"5.06378173"	"3d7.(4F).4s"	"a 3F"	"4"	"3d6.(5D).4s.4p.(1P*)"	"x 5F*"	"3"	9	7		
"346.68530"	"346.685293"	"1.19e+07"	B	"0.11011433"	"3.68638944"	"3d6.4s2"	"a 5D"	"1"	"3d6.(5D).4s.4p.(3P*)"	"z 5P*"	"1"	3	3		
"346.72754"	"346.727269"	"9.50e+04"	C+	"2.40407444"	"5.97991659"	"3d6.4s2"	"a 3H"	"6"	"3d6.(3G).4s.4p.(3P*)"	"y 5H*"	"5"	13	11		
"346.74912"	"346.749102"	"1.24e+05"	C	"0.85899575"	"4.43461275"	"3d7.(4F).4s"	"a 5F"	"5"	"3d7.(4F).4p"	"z 3G*"	"4"	11	9		
"346.98375"	"346.983767"	"2.61e+06"	B	"2.55917148"	"6.13237029"	"3d6.4s2"	"b 3F2"	"4"	"3d7.(2G).4p"	"v 3G*"	"5"	9	11		
"347.00051"	"347.00054"	"8.58e+06"	B	"3.30140276"	"6.8744289"	"3d7.(2H).4s"	"b 3H"	"4"	"3d6.(1G2).4s.4p.(3P*)"	"v 3H*"	"4"	9	9		
"347.08239"	"347.082389"	"2.19e+06"	C	"2.60850194"	"6.18068544"	"3d6.4s2"	"b 3F2"	"2"	"3d7.(2G).4p"	"v 3G*"	"3"	5	7		
"347.22594"	"347.225936"	"3.98e+06"	C+	"2.22271209"	"5.79341882"	"3d7.(4P).4s"	"a 5P"	"1"	"3d6.(3P2).4s.4p.(3P*)"	"y 3P*"	"2"	3	5		
"347.23369"	"347.233700"	"7.36e+06"	C+	"2.27860466"	"5.84923154"	"3d6.4s2"	"a 3P2"	"2"	"3d7.(4P).4p"	"u 5D*"	"1"	5	3		
"347.64450"	"347.644502"	"9.75e+06"	B	"0.08728574"	"3.65369332"	"3d6.4s2"	"a 5D"	"2"	"3d6.(5D).4s.4p.(3P*)"	"z 5P*"	"2"	5	5		
"347.66465"	"347.664577"	"8.61e+06"	C+	"2.17594512"	"5.74214676"	"3d7.(4P).4s"	"a 5P"	"3"	"3d7.(4P).4p"	"w 5P*"	"2"	7	5		
"347.73395"	"347.73395"	"2.70e+07"	D+	"3.60252504"	"7.16801526"	"3d6.(5D).4s.4p.(3P*)"	"z 5P*"	"3"	"3d6.(5D).4s (4D).4d"	"i 5D"	"3"	7	7		
"347.76970"	"347.769694"	"5.72e+06"	B	"0.12126572"	"3.68638944"	"3d6.4s2"	"a 5D"	"0"	"3d6.(5D).4s.4p.(3P*)"	"z 5P*"	"1"	1	3		
"347.78495"	"347.784933"	"3.21e+06"	B+	"2.58810592"	"6.15307342"	"3d6.4s2"	"b 3F2"	"3"	"3d7.(2G).4p"	"v 3G*"	"4"	7	9		
"348.40039"	"348.400396"	"1.45e+05"	B	"0.91460217"	"4.47327202"	"3d7.(4F).4s"	"a 5F"	"4"	"3d7.(4F).4p"	"z 3G*"	"3"	9	7		
"348.58478"	"348.58467"	"1.34e+05"	C+	"2.45343044"	"6.01021907"	"3d6.4s2"	"a 3H"	"4"	"3d6.(3G).4s.4p.(3P*)"	"y 5H*"	"3"	9	7		
"348.5975"	"348.597621"	"1.84e+06"	D+	"2.42419831"	"5.98085478"	"3d6.4s2"	"a 3P2"	"1"	"3d6.(3G).4s.4p.(3P*)"	"v 5F*"	"2"	3	5		
"348.63376"	"348.63379"	"1.30e+07"	C+	"2.19786640"	"5.75415389"	"3d7.(4P).4s"	"a 5P"	"2"	"3d7.(4P).4p"	"w 5P*"	"1"	5	3		
""	"348.823358"	"3.7e-02"	D	"0.08728574"	"3.64164057"	"3d6.4s2"	"a 5D"	"2"	"3d6.4s2"	"b 3D"	"3"	5	7	M1	
""	"348.823358"	"2.0e-03"	E	"0.08728574"	"3.64164057"	"3d6.4s2"	"a 5D"	"2"	"3d6.4s2"	"b 3D"	"3"	5	7	E2	
""	"349.006798"	"8.3e-02"	D	"0.08728574"	"3.63977237"	"3d6.4s2"	"a 5D"	"2"	"3d6.4s2"	"b 3D"	"2"	5	5	M1	
"349.06662"	"349.06660"	"7.47e+06"	B	"2.94879294"	"6.50067093"	"3d6.4s2"	"b 3G"	"5"	"3d7.(2H).4p"	"w 3H*"	"6"	11	13		
"349.15727"	"349.157244"	"6.14e+06"	B	"0.05156912"	"3.60252504"	"3d6.4s2"	"a 5D"	"3"	"3d6.(5D).4s.4p.(3P*)"	"z 5P*"	"3"	7	7		
"349.42799"	"349.428072"	"9.4e+04"	E	"1.48486439"	"5.03306811"	"3d7.(4F).4s"	"a 3F"	"4"	"3d6.(5D).4s.4p.(1P*)"	"x 5F*"	"4"	9	9		
"349.4689"	"349.46886"	"8.59e+05"	C	"2.72754450"	"6.27533411"	"3d7.(2G).4s"	"a 3G"	"4"	"3d6.(3F2).4s.4p.(3P*)"	"x 1G*"	"4"	9	9		
"349.62866"	"349.628638"	"9.46e+06"	B	"2.55917148"	"6.10533975"	"3d6.4s2"	"b 3F2"	"4"	"3d7.(2G).4p"	"w 3F*"	"3"	9	7		
"349.81037"	"349.810382"	"9.02e+06"	B	"2.17594512"	"5.72027099"	"3d7.(4P).4s"	"a 5P"	"3"	"3d7.(4P).4p"	"w 5P*"	"3"	7	7		
"349.81486"	"349.814873"	"4.29e+06"	C+	"2.19786640"	"5.74214676"	"3d7.(4P).4s"	"a 5P"	"2"	"3d7.(4P).4p"	"w 5P*"	"2"	5	5		
"349.88411"	"349.884111"	"3.08e+06"	B	"0.11011433"	"3.65369332"	"3d6.4s2"	"a 5D"	"1"	"3d6.(5D).4s.4p.(3P*)"	"z 5P*"	"2"	3	5		
"350.15660"	"350.15662"	"5.28e+06"	C+	"2.58810592"	"6.12892712"	"3d6.4s2"	"b 3F2"	"3"	"3d7.(2G).4p"	"w 3F*"	"2"	7	5		
"350.58636"	"350.586317"	"2.94e+06"	C+	"2.27860466"	"5.81508605"	"3d6.4s2"	"a 3P2"	"2"	"3d6.(3P2).4s.4p.(3P*)"	"y 3P*"	"1"	5	3		
"350.60609"	"350.60608"	"1.77e+07"	B	"3.01725044"	"6.55353246"	"3d7.(2P).4s"	"c 3P"	"2"	"3d7.(2D2).4p"	"t 3D*"	"1"	5	3		
"350.75005"	"350.750049"	"7.35e+06"	B	"2.27860466"	"5.81343520"	"3d6.4s2"	"a 3P2"	"2"	"3d7.(4P).4p"	"u 5D*"	"2"	5	5		
"350.94778"	"350.94774"	"6.46e+06"	B+	"2.99035244"	"6.52319179"	"3d6.4s2"	"b 3G"	"4"	"3d7.(2H).4p"	"w 3H*"	"5"	9	11		
"350.95215"	"350.952149"	"2.07e+06"	B	"2.55917148"	"6.09196644"	"3d6.4s2"	"b 3F2"	"4"	"3d6.(3F2).4s.4p.(3P*)"	"v 3D*"	"3"	9	7		
"351.01223"	"351.012154"	"5.0e+05"	E	"2.83252676"	"6.36471779"	"3d6.(5D).4s.4p.(3P*)"	"z 7F*"	"5"	"3d6.(5D).4s (6D).4d"	"e 7G"	"4"	11	9		
"351.08653"	"351.08663"	"1.7e+06"	E	"2.22271209"	"5.75415389"	"3d7.(4P).4s"	"a 5P"	"1"	"3d7.(4P).4p"	"w 5P*"	"1"	3	3		
"351.14428"	"351.14428"	"6.24e+06"	B	"2.48437256"	"6.01523448"	"3d6.4s2"	"a 3P2"	"0"	"3d7.(4P).4p"	"x 3P*"	"1"	1	3		
""	"351.264052"	"7.0e-02"	D	"0.11011433"	"3.63977237"	"3d6.4s2"	"a 5D"	"1"	"3d6.4s2"	"b 3D"	"2"	3	5	M1	
"351.27419"	"351.274244"	"2.5e+05"	E	"2.55917148"	"6.08872711"	"3d6.4s2"	"b 3F2"	"4"	"3d7.(2G).4p"	"w 3F*"	"4"	9	9		
"351.32298"	"351.322892"	"2.51e+06"	C+	"2.85122419"	"6.38029108"	"3d6.(5D).4s.4p.(3P*)"	"z 7F*"	"4"	"3d6.(5D).4s (6D).4d"	"e 7G"	"3"	9	7		
"351.40576"	"351.405942"	"3.8e+05"	E	"1.55735733"	"5.08559017"	"3d7.(4F).4s"	"a 3F"	"3"	"3d6.(5D).4s.4p.(1P*)"	"x 5F*"	"2"	7	5		
"351.48226"	"351.482236"	"3.40e+06"	A	"0.85899575"	"4.38646275"	"3d7.(4F).4s"	"a 5F"	"5"	"3d7.(4F).4p"	"z 3G*"	"5"	11	11		
"351.56321"	"351.563272"	"4.72e+05"	B	"2.40407444"	"5.93072834"	"3d6.4s2"	"a 3H"	"6"	"3d6.(3F2).4s.4p.(3P*)"	"x 3G*"	"5"	13	11		
""	"351.717687"	"1.0e-01"	D	"0.11011433"	"3.63521992"	"3d6.4s2"	"a 5D"	"1"	"3d6.4s2"	"b 3D"	"1"	3	3	M1	
"351.74143"	"351.74142"	"3.6e+06"	E	"3.01762252"	"6.5424903"	"3d6.4s2"	"b 3G"	"3"	"3d7.(2H).4p"	"w 3H*"	"4"	7	9		
"351.75628"	"351.756201"	"6.82e+06"	B	"2.86539125"	"6.39011087"	"3d6.(5D).4s.4p.(3P*)"	"z 7F*"	"3"	"3d6.(5D).4s (6D).4d"	"e 7G"	"2"	7	5		
"351.96887"	"351.968877"	"2.35e+06"	C+	"2.87550352"	"6.39809335"	"3d6.(5D).4s.4p.(3P*)"	"z 7F*"	"2"	"3d6.(5D).4s (6D).4d"	"f 5F"	"3"	5	7		
"351.98756"	"351.987386"	"8.51e+05"	B	"2.19786640"	"5.72027099"	"3d7.(4P).4s"	"a 5P"	"2"	"3d7.(4P).4p"	"w 5P*"	"3"	5	7		
"352.18530"	"352.18530"	"1.50e+06"	C+	"2.60850194"	"6.12892712"	"3d6.4s2"	"b 3F2"	"2"	"3d7.(2G).4p"	"w 3F*"	"2"	5	5		
"352.2268"	"352.226778"	"6.14e+06"	B+	"0.91460217"	"4.43461275"	"3d7.(4F).4s"	"a 5F"	"4"	"3d7.(4F).4p"	"z 3G*"	"4"	9	9		
"352.28436"	"352.284415"	"3.51e+06"	C+	"2.22271209"	"5.74214676"	"3d7.(4P).4s"	"a 5P"	"1"	"3d7.(4P).4p"	"w 5P*"	"2"	3	5		
"352.32749"	"352.327497"	"5.03e+06"	B	"2.83252676"	"6.35153108"	"3d6.(5D).4s.4p.(3P*)"	"z 7F*"	"5"	"3d6.(5D).4s (6D).4d"	"e 7G"	"5"	11	11		
"352.39045"	"352.390655"	"3.51e+06"	C+	"2.87550352"	"6.39387714"	"3d6.(5D).4s.4p.(3P*)"	"z 7F*"	"2"	"3d6.(5D).4s (6D).4d"	"e 7S"	"3"	5	7		
"352.43157"	"352.43158"	"1.06e+07"	C+	"2.87550352"	"6.39346861"	"3d6.(5D).4s.4p.(3P*)"	"z 7F*"	"2"	"3d6.(5D).4s (6D).4d"	"e 7G"	"1"	5	3		
"352.50814"	"352.508143"	"9.9e+06"	D	"2.58810592"	"6.10530689"	"3d6.4s2"	"b 3F2"	"3"	"3d6.(3F2).4s.4p.(3P*)"	"v 3D*"	"2"	7	5		
"352.52471"	"352.524696"	"5.04e+06"	B	"2.27860466"	"5.79564049"	"3d6.4s2"	"a 3P2"	"2"	"3d7.(4P).4p"	"u 5D*"	"3"	5	7		
"352.70486"	"352.704860"	"1.14e+06"	B	"0.08728574"	"3.60252504"	"3d6.4s2"	"a 5D"	"2"	"3d6.(5D).4s.4p.(3P*)"	"z 5P*"	"3"	5	7		
"352.71737"	"352.717363"	"4.14e+06"	B+	"0.95815732"	"4.47327202"	"3d7.(4F).4s"	"a 5F"	"3"	"3d7.(4F).4p"	"z 3G*"	"3"	7	7		
"352.72458"	"352.724591"	"1.70e+07"	B+	"2.86539125"	"6.38043390"	"3d6.(5D).4s.4p.(3P*)"	"z 7F*"	"3"	"3d6.(5D).4s (6D).4d"	"f 5F"	"4"	7	9		
"352.73892"	"352.738924"	"4.13e+07"	B+	"2.86539125"	"6.38029108"	"3d6.(5D).4s.4p.(3P*)"	"z 7F*"	"3"	"3d6.(5D).4s (6D).4d"	"e 7G"	"3"	7	7		
"352.74753"	"352.747522"	"1.29e+07"	B	"2.27860466"	"5.79341882"	"3d6.4s2"	"a 3P2"	"2"	"3d6.(3P2).4s.4p.(3P*)"	"y 3P*"	"2"	5	5		
"352.76825"	"352.768279"	"5.26e+07"	B+	"2.87550352"	"6.39011087"	"3d6.(5D).4s.4p.(3P*)"	"z 7F*"	"2"	"3d6.(5D).4s (6D).4d"	"e 7G"	"2"	5	5		
""	"352.833849"	"8.9e-02"	D	"0.12126572"	"3.63521992"	"3d6.4s2"	"a 5D"	"0"	"3d6.4s2"	"b 3D"	"1"	1	3	M1	
"352.88011"	"352.880103"	"2.17e+07"	B+	"2.85122419"	"6.36471779"	"3d6.(5D).4s.4p.(3P*)"	"z 7F*"	"4"	"3d6.(5D).4s (6D).4d"	"e 7G"	"4"	9	9		
"353.08286"	"353.08286"	"7.75e+07"	B	"2.88199261"	"6.39346861"	"3d6.(5D).4s.4p.(3P*)"	"z 7F*"	"1"	"3d6.(5D).4s (6D).4d"	"e 7G"	"1"	3	3		
"353.13957"	"353.139579"	"4.65e+06"	D+	"2.80829367"	"6.31920567"	"3d6.(5D).4s.4p.(3P*)"	"z 7F*"	"6"	"3d6.(5D).4s (6D).4d"	"e 7G"	"6"	13	13		
"353.24470"	"353.244664"	"6.65e+05"	C+	"2.43269470"	"5.94256226"	"3d6.4s2"	"a 3H"	"5"	"3d6.(3G).4s.4p.(3P*)"	"v 5F*"	"4"	11	9		
"353.40162"	"353.40162"	"8.52e+07"	B	"2.88515991"	"6.39346861"	"3d6.(5D).4s.4p.(3P*)"	"z 7F*"	"0"	"3d6.(5D).4s (6D).4d"	"e 7G"	"1"	1	3		
"353.42078"	"353.420806"	"8.25e+07"	B+	"2.88199261"	"6.39011087"	"3d6.(5D).4s.4p.(3P*)"	"z 7F*"	"1"	"3d6.(5D).4s (6D).4d"	"e 7G"	"2"	3	5		
"353.5535"	"353.55349"	"2.20e+06"	C+	"3.57321890"	"7.0800206"	"3d7.(2H).4s"	"a 1H"	"5"	"3d6.(1I).4s.4p.(3P*)"	"x 3I*"	"5"	11	11		
"353.59163"	"353.591535"	"1.1e+05"	E	"1.55735733"	"5.06378173"	"3d7.(4F).4s"	"a 3F"	"3"	"3d6.(5D).4s.4p.(1P*)"	"x 5F*"	"3"	7	7		
"353.75663"	"353.756673"	"9.95e+07"	B+	"2.87550352"	"6.38029108"	"3d6.(5D).4s.4p.(3P*)"	"z 7F*"	"2"	"3d6.(5D).4s (6D).4d"	"e 7G"	"3"	5	7		
"353.85028"	"353.850268"	"2.27e+06"	B	"2.58810592"	"6.09196644"	"3d6.4s2"	"b 3F2"	"3"	"3d6.(3F2).4s.4p.(3P*)"	"v 3D*"	"3"	7	7		
"353.87398"	"353.87397"	"1.33e+07"	C+	"2.60850194"	"6.11212776"	"3d6.4s2"	"b 3F2"	"2"	"3d6.(3F2).4s.4p.(3P*)"	"v 3D*"	"1"	5	3		
"353.89058"	"353.890577"	"8.0e+06"	E	"2.83252676"	"6.33598817"	"3d6.(5D).4s.4p.(3P*)"	"z 7F*"	"5"	"3d6.(5D).4s (6D).4d"	"f 5F"	"5"	11	11		
"354.11326"	"354.113254"	"9.48e+06"	C+	"2.86539125"	"6.36664959"	"3d6.(5D).4s.4p.(3P*)"	"z 7F*"	"3"	"3d6.(5D).4s (4D).5s"	"g 5D"	"4"	7	9		
"354.17212"	"354.172100"	"2.45e+05"	C+	"0.91460217"	"4.41527878"	"3d7.(4F).4s"	"a 5F"	"4"	"3d7.(4F).4p"	"z 5G*"	"3"	9	7		
"354.20950"	"354.209509"	"8.65e+07"	B+	"2.85122419"	"6.35153108"	"3d6.(5D).4s.4p.(3P*)"	"z 7F*"	"4"	"3d6.(5D).4s (6D).4d"	"e 7G"	"5"	9	11		
"354.30876"	"354.308742"	"9.51e+07"	B+	"2.86539125"	"6.36471779"	"3d6.(5D).4s.4p.(3P*)"	"z 7F*"	"3"	"3d6.(5D).4s (6D).4d"	"e 7G"	"4"	7	9		
"354.43974"	"354.439697"	"4.88e+05"	C+	"2.43269470"	"5.93072834"	"3d6.4s2"	"a 3H"	"5"	"3d6.(3F2).4s.4p.(3P*)"	"x 3G*"	"5"	11	11		
"354.46872"	"354.46877"	"1.6e+07"	E	"3.41489715"	"6.9126439"	"3d7.(2P).4s"	"a 1P"	"1"	"3d7.(2D2).4p"	"w 1D*"	"2"	3	5		
"354.56424"	"354.564238"	"1.6e+06"	E	"2.60850194"	"6.10530689"	"3d6.4s2"	"b 3F2"	"2"	"3d6.(3F2).4s.4p.(3P*)"	"v 3D*"	"2"	5	5		
"354.66528"	"354.665279"	"2.05e+07"	B+	"2.85122419"	"6.34703293"	"3d6.(5D).4s.4p.(3P*)"	"z 7F*"	"4"	"3d6.(5D).4s (6D).4d"	"e 7F"	"4"	9	9		
"354.82075"	"354.82072"	"7.13e+06"	B	"3.30140276"	"6.7956800"	"3d7.(2H).4s"	"b 3H"	"4"	"3d6.(3G).4s.4p.(3P*)"	"w 1G*"	"4"	9	9		
"355.08788"	"355.087850"	"6.1e+05"	E	"1.60789577"	"5.09954435"	"3d7.(4F).4s"	"a 3F"	"2"	"3d6.(5D).4s.4p.(1P*)"	"x 5F*"	"1"	5	3		
"355.31205"	"355.31202"	"4.8e+06"	E	"3.07133880"	"6.56078442"	"3d7.(2P).4s"	"c 3P"	"1"	"3d7.(2D2).4p"	"v 3P*"	"2"	3	5		
"355.38426"	"355.384314"	"1.74e+07"	B+	"2.87550352"	"6.36423934"	"3d6.(5D).4s.4p.(3P*)"	"z 7F*"	"2"	"3d6.(5D).4s (6D).4d"	"e 7F"	"2"	5	5		
"355.38698"	"355.38697"	"5.91e+06"	C+	"3.11096179"	"6.59967157"	"3d7.(2P).4s"	"c 3P"	"0"	"3d7.(2D2).4p"	"v 3P*"	"1"	1	3		
"355.47535"	"355.47534"	"1.09e+08"	B	"3.57321890"	"7.0610614"	"3d7.(2H).4s"	"a 1H"	"5"	"3d7.(2H).4p"	"v 1G*"	"4"	11	9		
"355.51333"	"355.513311"	"6.57e+05"	B+	"0.95815732"	"4.44562726"	"3d7.(4F).4s"	"a 5F"	"3"	"3d7.(4F).4p"	"z 5G*"	"2"	7	5		
"355.5516"	"355.551675"	"9.87e+06"	B	"2.88199261"	"6.36908625"	"3d6.(5D).4s.4p.(3P*)"	"z 7F*"	"1"	"3d6.(5D).4s (6D).4d"	"e 5G"	"2"	3	5		
"355.59398"	"355.593966"	"1.40e+08"	B+	"2.83252676"	"6.31920567"	"3d6.(5D).4s.4p.(3P*)"	"z 7F*"	"5"	"3d6.(5D).4s (6D).4d"	"e 7G"	"6"	11	13		
"355.76962"	"355.769637"	"3.15e+06"	B	"2.86539125"	"6.35034852"	"3d6.(5D).4s.4p.(3P*)"	"z 7F*"	"3"	"3d6.(5D).4s (6D).4d"	"e 5G"	"3"	7	7		
"355.78936"	"355.789371"	"4.1e+07"	D	"2.85122419"	"6.33598817"	"3d6.(5D).4s.4p.(3P*)"	"z 7F*"	"4"	"3d6.(5D).4s (6D).4d"	"f 5F"	"5"	9	11		
"355.95312"	"355.953122"	"1.77e+07"	B+	"0.99011115"	"4.47327202"	"3d7.(4F).4s"	"a 5F"	"2"	"3d7.(4F).4p"	"z 3G*"	"3"	5	7		
"356.05197"	"356.05199"	"2.2e+07"	D+	"3.07133880"	"6.55353246"	"3d7.(2P).4s"	"c 3P"	"1"	"3d7.(2D2).4p"	"t 3D*"	"1"	3	3		
"356.17135"	"356.171387"	"7.4e+06"	D+	"3.25148176"	"6.73250811"	"3d7.(2D2).4s"	"a 3D"	"3"	"3d6.(3D).4s.4p.(3P*)"	"5D*"	"4"	7	9		
"356.55329"	"356.553284"	"2.50e+05"	D+	"2.45343044"	"5.93072834"	"3d6.4s2"	"a 3H"	"4"	"3d6.(3F2).4s.4p.(3P*)"	"x 3G*"	"5"	9	11		
"356.55747"	"356.55747"	"6.39e+05"	B	"2.45343044"	"5.93068755"	"3d6.4s2"	"a 3H"	"4"	"3d6.(3F2).4s.4p.(3P*)"	"x 3G*"	"3"	9	7		
"356.63969"	"356.639689"	"4.29e+07"	B+	"0.95815732"	"4.43461275"	"3d7.(4F).4s"	"a 5F"	"3"	"3d7.(4F).4p"	"z 3G*"	"4"	7	9		
"356.73279"	"356.73268"	"3.3e+06"	E	"2.27860466"	"5.75415389"	"3d6.4s2"	"a 3P2"	"2"	"3d7.(4P).4p"	"w 5P*"	"1"	5	3		
"356.80495"	"356.804976"	"8.34e+06"	B+	"2.87550352"	"6.35034852"	"3d6.(5D).4s.4p.(3P*)"	"z 7F*"	"2"	"3d6.(5D).4s (6D).4d"	"e 5G"	"3"	5	7		
"356.83875"	"356.838690"	"4.71e+05"	C+	"2.45343044"	"5.92794713"	"3d6.4s2"	"a 3H"	"4"	"3d6.(3F2).4s.4p.(3P*)"	"x 3G*"	"4"	9	9		
"356.94512"	"356.945288"	"5.32e+06"	C+	"2.87550352"	"6.34898259"	"3d6.(5D).4s.4p.(3P*)"	"z 7F*"	"2"	"3d6.(5D).4s (6D).4d"	"e 7F"	"1"	5	3		
"356.98422"	"356.984178"	"6.72e+06"	C	"3.25148176"	"6.72458242"	"3d7.(2D2).4s"	"a 3D"	"3"	"3d6.(3G).4s.4p.(3P*)"	"t 3G*"	"4"	7	9		
"356.99933"	"356.99932"	"4.64e+06"	B+	"2.69240763"	"6.16536100"	"3d7.(2G).4s"	"a 3G"	"5"	"3d7.(2G).4p"	"y 3H*"	"4"	11	9		
"357.10294"	"357.102913"	"6.03e+06"	B	"2.42419831"	"5.89614419"	"3d6.4s2"	"a 3P2"	"1"	"3d7.(4P).4p"	"y 3S*"	"1"	3	3		
"357.11169"	"357.111686"	"6.76e+07"	A	"0.91460217"	"4.38646275"	"3d7.(4F).4s"	"a 5F"	"4"	"3d7.(4F).4p"	"z 3G*"	"5"	9	11		
"357.22451"	"357.224330"	"2.3e+05"	E	"1.48486439"	"4.95563019"	"3d7.(4F).4s"	"a 3F"	"4"	"3d6.(5D).4s.4p.(1P*)"	"x 5D*"	"3"	9	7		
"357.30149"	"357.301486"	"2.89e+07"	B+	"2.83252676"	"6.30254306"	"3d6.(5D).4s.4p.(3P*)"	"z 7F*"	"5"	"3d6.(5D).4s (6D).4d"	"e 7F"	"5"	11	11		
"357.36103"	"357.361039"	"3.31e+06"	C	"2.85122419"	"6.32066224"	"3d6.(5D).4s.4p.(3P*)"	"z 7F*"	"4"	"3d6.(5D).4s (6D).4d"	"e 5G"	"4"	9	9		
"357.44136"	"357.441385"	"1.05e+07"	D+	"3.30092244"	"6.76958063"	"3d7.(2D2).4s"	"a 3D"	"2"	"3d6.(3G).4s.4p.(3P*)"	"t 3G*"	"3"	5	7		
"357.48492"	"357.48492"	"2.41e+06"	B	"2.40407444"	"5.87231021"	"3d6.4s2"	"a 3H"	"6"	"3d6.(3G).4s.4p.(3P*)"	"w 5G*"	"6"	13	13		
"357.49088"	"357.490887"	"5.73e+07"	B+	"3.30140276"	"6.76958063"	"3d7.(2H).4s"	"b 3H"	"4"	"3d6.(3G).4s.4p.(3P*)"	"t 3G*"	"3"	9	7		
"357.61340"	"357.613374"	"1.60e+07"	B	"2.88199261"	"6.34898259"	"3d6.(5D).4s.4p.(3P*)"	"z 7F*"	"1"	"3d6.(5D).4s (6D).4d"	"e 7F"	"1"	3	3		
"357.62656"	"357.626573"	"7.43e+06"	C+	"2.83252676"	"6.29938878"	"3d6.(5D).4s.4p.(3P*)"	"z 7F*"	"5"	"3d6.(5D).4s (6D).4d"	"f 7D"	"4"	11	9		
"357.63904"	"357.63903"	"3.06e+07"	B	"3.01725044"	"6.48399171"	"3d7.(2P).4s"	"c 3P"	"2"	"3d7.(2P).4p"	"u 3D*"	"2"	5	5		
"357.77795"	"357.777913"	"8.8e+06"	E	"3.26711257"	"6.73250811"	"3d7.(2H).4s"	"b 3H"	"5"	"3d6.(3D).4s.4p.(3P*)"	"5D*"	"4"	11	9		
"357.94037"	"357.94037"	"7.82e+06"	C+	"2.88515991"	"6.34898259"	"3d6.(5D).4s.4p.(3P*)"	"z 7F*"	"0"	"3d6.(5D).4s (6D).4d"	"e 7F"	"1"	1	3		
"357.9698"	"357.969370"	"1.8e+06"	E	"2.27860466"	"5.74214676"	"3d6.4s2"	"a 3P2"	"2"	"3d7.(4P).4p"	"w 5P*"	"2"	5	5		
"358.22150"	"358.22150"	"1.02e+08"	A	"0.85899575"	"4.32010008"	"3d7.(4F).4s"	"a 5F"	"5"	"3d7.(4F).4p"	"z 5G*"	"6"	11	13		
"358.26689"	"358.266894"	"3.21e+06"	C+	"2.69240763"	"6.15307342"	"3d7.(2G).4s"	"a 3G"	"5"	"3d7.(2G).4p"	"v 3G*"	"4"	11	9		
"358.28297"	"358.282939"	"8.68e+06"	C+	"3.07133880"	"6.53184961"	"3d7.(2P).4s"	"c 3P"	"1"	"3d7.(2D2).4p"	"t 3D*"	"2"	3	5		
"358.32221"	"358.32220"	"2.35e+07"	B	"3.23672008"	"6.69685175"	"3d7.(2H).4s"	"b 3H"	"6"	"3d6.(3D).4s.4p.(3P*)"	"5F*"	"5"	13	11		
"358.35866"	"358.358871"	"2.44e+05"	C	"2.45343044"	"5.91320801"	"3d6.4s2"	"a 3H"	"4"	"3d6.(3G).4s.4p.(3P*)"	"w 5G*"	"3"	9	7		
"358.56823"	"358.56823"	"3.29e+07"	B+	"2.69240763"	"6.15016512"	"3d7.(2G).4s"	"a 3G"	"5"	"3d7.(2G).4p"	"y 3H*"	"5"	11	11		
"358.58087"	"358.580946"	"1.56e+07"	B	"2.86539125"	"6.32302612"	"3d6.(5D).4s.4p.(3P*)"	"z 7F*"	"3"	"3d6.(5D).4s (6D).4d"	"f 7D"	"2"	7	5		
"358.59806"	"358.598061"	"6.74e+07"	B+	"3.26711257"	"6.72458242"	"3d7.(2H).4s"	"b 3H"	"5"	"3d6.(3G).4s.4p.(3P*)"	"t 3G*"	"4"	11	9		
"358.62128"	"358.62131"	"3.19e+06"	B	"2.94879294"	"6.40603863"	"3d6.4s2"	"b 3G"	"5"	"3d7.(2H).4p"	"u 3G*"	"4"	11	9		
"358.63420"	"358.634199"	"1.17e+07"	B+	"0.95815732"	"4.41527878"	"3d7.(4F).4s"	"a 5F"	"3"	"3d7.(4F).4p"	"z 5G*"	"3"	7	7		
"358.67285"	"358.672853"	"3.75e+06"	A	"0.91460217"	"4.37135106"	"3d7.(4F).4s"	"a 5F"	"4"	"3d7.(4F).4p"	"z 5G*"	"4"	9	9		
"358.71359"	"358.71370"	"7.02e+07"	B+	"3.23672008"	"6.6930753"	"3d7.(2H).4s"	"b 3H"	"6"	"3d6.(3G).4s.4p.(3P*)"	"t 3G*"	"5"	13	11		
"358.7762"	"358.776211"	"3.62e+06"	C	"2.80829367"	"6.26404671"	"3d6.(5D).4s.4p.(3P*)"	"z 7F*"	"6"	"3d6.(5D).4s (6D).4d"	"e 5G"	"6"	13	13		
"358.80082"	"358.800812"	"1.66e+07"	B+	"0.99011115"	"4.44562726"	"3d7.(4F).4s"	"a 5F"	"2"	"3d7.(4F).4p"	"z 5G*"	"2"	5	5		
"358.82628"	"358.826265"	"7.73e+06"	C	"2.86539125"	"6.32066224"	"3d6.(5D).4s.4p.(3P*)"	"z 7F*"	"3"	"3d6.(5D).4s (6D).4d"	"e 5G"	"4"	7	9		
"358.95503"	"358.955055"	"7.21e+06"	C	"2.93984587"	"6.39387714"	"3d6.(5D).4s.4p.(3P*)"	"z 7P*"	"4"	"3d6.(5D).4s (6D).4d"	"e 7S"	"3"	9	7		
"358.96332"	"358.963301"	"1.19e+07"	B	"2.83252676"	"6.28647868"	"3d6.(5D).4s.4p.(3P*)"	"z 7F*"	"5"	"3d6.(5D).4s (6D).4d"	"e 5G"	"5"	11	11		
"358.99418"	"358.994152"	"2.15e+07"	C+	"2.87550352"	"6.32915863"	"3d6.(5D).4s.4p.(3P*)"	"z 7F*"	"2"	"3d6.(5D).4s (6D).4d"	"f 7D"	"1"	5	3		
"359.01291"	"359.012891"	"3.61e+05"	A	"0.85899575"	"4.31247059"	"3d7.(4F).4s"	"a 5F"	"5"	"3d7.(4F).4p"	"z 5G*"	"5"	11	11		
"359.04761"	"359.047605"	"1.05e+07"	B	"2.72754450"	"6.18068544"	"3d7.(2G).4s"	"a 3G"	"4"	"3d7.(2G).4p"	"v 3G*"	"3"	9	7		
"359.06296"	"359.062792"	"9.28e+05"	C+	"2.99035244"	"6.44334733"	"3d6.4s2"	"b 3G"	"4"	"3d7.(2P).4p"	"u 3D*"	"3"	9	7		
"359.11082"	"359.11080"	"9.23e+05"	C+	"2.94879294"	"6.40132623"	"3d6.4s2"	"b 3G"	"5"	"3d6.(3H).4s.4p.(3P*)"	"1H*"	"5"	11	11		
"359.23740"	"359.237158"	"7.8e+05"	E	"2.85122419"	"6.30254306"	"3d6.(5D).4s.4p.(3P*)"	"z 7F*"	"4"	"3d6.(5D).4s (6D).4d"	"e 7F"	"5"	9	11		
"359.25087"	"359.250800"	"6.3e+06"	E	"3.29183986"	"6.74302768"	"3d6.(5D).4s.4p.(3P*)"	"z 5D*"	"0"	"3d7.(4F).4d"	"g 5F"	"1"	1	3		
"359.34950"	"359.349610"	"2.2e+05"	E	"2.58810592"	"6.03834476"	"3d6.4s2"	"b 3F2"	"3"	"3d6.(3H).4s.4p.(3P*)"	"y 1G*"	"4"	7	9		
"359.36999"	"359.369885"	"4.3e+06"	E	"3.24096914"	"6.69101333"	"3d6.(5D).4s.4p.(3P*)"	"z 5D*"	"3"	"3d7.(4F).4d"	"h 5D"	"2"	7	5		
"359.56577"	"359.565778"	"3.14e+07"	B+	"2.85122419"	"6.29938878"	"3d6.(5D).4s.4p.(3P*)"	"z 7F*"	"4"	"3d6.(5D).4s (6D).4d"	"f 7D"	"4"	9	9		
"359.63270"	"359.632736"	"8.21e+06"	B	"2.87550352"	"6.32302612"	"3d6.(5D).4s.4p.(3P*)"	"z 7F*"	"2"	"3d6.(5D).4s (6D).4d"	"f 7D"	"2"	5	5		
"359.68903"	"359.688980"	"4.14e+05"	D+	"2.45343044"	"5.90041395"	"3d6.4s2"	"a 3H"	"4"	"3d6.(3G).4s.4p.(3P*)"	"w 5G*"	"4"	9	9		
"359.72218"	"359.722297"	"4.32e+05"	B	"2.43269470"	"5.87935896"	"3d6.4s2"	"a 3H"	"5"	"3d6.(3G).4s.4p.(3P*)"	"w 5G*"	"5"	11	11		
"359.80472"	"359.804705"	"1.8e+07"	D	"3.26570610"	"6.71158094"	"3d6.(5D).4s.4p.(3P*)"	"z 5D*"	"2"	"3d7.(4F).4d"	"h 5D"	"1"	5	3		
"359.97438"	"359.974455"	"3.1e+06"	D	"3.25148176"	"6.69573167"	"3d7.(2D2).4s"	"a 3D"	"3"	"3d6.(3D).4s.4p.(3P*)"	"t 5P*"	"3"	7	7		
"360.06519"	"360.06518"	"2.33e+07"	B+	"3.57321890"	"7.01660092"	"3d7.(2H).4s"	"a 1H"	"5"	"3d6.(1G2).4s.4p.(3P*)"	"u 3F*"	"4"	11	9		
"360.31101"	"360.310930"	"3.2e+06"	D	"2.88199261"	"6.32302612"	"3d6.(5D).4s.4p.(3P*)"	"z 7F*"	"1"	"3d6.(5D).4s (6D).4d"	"f 7D"	"2"	3	5		
"360.34896"	"360.348972"	"1.02e+07"	B	"2.86539125"	"6.30606149"	"3d6.(5D).4s.4p.(3P*)"	"z 7F*"	"3"	"3d6.(5D).4s (6D).4d"	"f 7D"	"3"	7	7		
"360.35529"	"360.355322"	"2.12e+07"	C+	"2.86539125"	"6.30600086"	"3d6.(5D).4s.4p.(3P*)"	"z 7F*"	"3"	"3d6.(5D).4s (6D).4d"	"e 7P"	"2"	7	5		
"360.42312"	"360.423093"	"2.59e+07"	B+	"2.69240763"	"6.13237029"	"3d7.(2G).4s"	"a 3G"	"5"	"3d7.(2G).4p"	"v 3G*"	"5"	11	11		
"360.47088"	"360.470866"	"4.55e+05"	C	"2.55917148"	"5.99867825"	"3d6.4s2"	"b 3F2"	"4"	"3d7.(2G).4p"	"z 1H*"	"5"	9	11		
"360.48458"	"360.48456"	"1.70e+07"	C+	"3.07133880"	"6.51071489"	"3d7.(2P).4s"	"c 3P"	"1"	"3d7.(2P).4p"	"u 3D*"	"1"	3	3		
"360.64810"	"360.64810"	"4.66e+07"	B+	"2.72754450"	"6.16536100"	"3d7.(2G).4s"	"a 3G"	"4"	"3d7.(2G).4p"	"y 3H*"	"4"	9	9		
"360.65289"	"360.652886"	"2.12e+07"	B	"2.80829367"	"6.24606454"	"3d6.(5D).4s.4p.(3P*)"	"z 7F*"	"6"	"3d6.(5D).4s (6D).4d"	"f 7D"	"5"	13	11		
"360.74044"	"360.740314"	"1.73e+05"	C+	"2.55917148"	"5.99610917"	"3d6.4s2"	"b 3F2"	"4"	"3d6.(3G).4s.4p.(3P*)"	"y 5H*"	"4"	9	9		
"360.75620"	"360.756230"	"3.16e+06"	C+	"2.42419831"	"5.86098438"	"3d6.4s2"	"a 3P2"	"1"	"3d7.(4P).4p"	"w 3D*"	"1"	3	3		
"360.77079"	"360.77078"	"8.29e+07"	B+	"2.69240763"	"6.12905507"	"3d7.(2G).4s"	"a 3G"	"5"	"3d7.(2G).4p"	"y 3H*"	"6"	11	13		
"360.91706"	"360.917070"	"6.22e+06"	C+	"2.85122419"	"6.28647868"	"3d6.(5D).4s.4p.(3P*)"	"z 7F*"	"4"	"3d6.(5D).4s (6D).4d"	"e 5G"	"5"	9	11		
"360.98885"	"360.988832"	"8.13e+07"	A	"1.01105568"	"4.44562726"	"3d7.(4F).4s"	"a 5F"	"1"	"3d7.(4F).4p"	"z 5G*"	"2"	3	5		
"361.11885"	"361.118866"	"5.90e+07"	C+	"2.80829367"	"6.24162851"	"3d6.(5D).4s.4p.(3P*)"	"z 7F*"	"6"	"3d6.(5D).4s (6D).4d"	"e 7F"	"6"	13	13		
"361.17242"	"361.172484"	"1.05e+07"	C+	"2.87550352"	"6.30832866"	"3d6.(5D).4s.4p.(3P*)"	"z 7F*"	"2"	"3d6.(5D).4s (6D).4d"	"f 5D"	"1"	5	3		
"361.30986"	"361.309857"	"1.11e+07"	B	"2.83252676"	"6.26404671"	"3d6.(5D).4s.4p.(3P*)"	"z 7F*"	"5"	"3d6.(5D).4s (6D).4d"	"e 5G"	"6"	11	13		
"361.41750"	"361.417562"	"3.39e+06"	C	"2.87550352"	"6.30600086"	"3d6.(5D).4s.4p.(3P*)"	"z 7F*"	"2"	"3d6.(5D).4s (6D).4d"	"e 7P"	"2"	5	5		
"361.4474"	"361.447216"	"7.0e+06"	E	"3.25148176"	"6.68169765"	"3d7.(2D2).4s"	"a 3D"	"3"	"3d6.(3D).4s.4p.(3P*)"	"5D*"	"3"	7	7		
"361.58030"	"361.580274"	"2.67e+06"	C+	"2.99804479"	"6.42699840"	"3d6.(5D).4s.4p.(3P*)"	"z 7P*"	"3"	"3d6.(5D).4s (6D).4d"	"e 5P"	"3"	7	7		
"361.62219"	"361.622194"	"6.1e+06"	D	"3.28302483"	"6.71158094"	"3d6.(5D).4s.4p.(3P*)"	"z 5D*"	"1"	"3d7.(4F).4d"	"h 5D"	"1"	3	3		
""	"361.669343"	"1.12e+05"	E	"1.48486439"	"4.91297355"	"3d7.(4F).4s"	"a 3F"	"4"	"3d6.(5D).4s.4p.(1P*)"	"x 5D*"	"4"	9	9		
"361.73510"	"361.735189"	"6.86e+05"	C+	"2.42419831"	"5.85168345"	"3d6.4s2"	"a 3P2"	"1"	"3d6.(3F2).4s.4p.(3P*)"	"x 3F*"	"2"	3	5		
"361.88175"	"361.881763"	"7.09e+07"	B	"3.01725044"	"6.44334733"	"3d7.(2P).4s"	"c 3P"	"2"	"3d7.(2P).4p"	"u 3D*"	"3"	5	7		
"361.93305"	"361.933054"	"4.89e+06"	C+	"2.83252676"	"6.25813812"	"3d6.(5D).4s.4p.(3P*)"	"z 7F*"	"5"	"3d6.(5D).4s (6D).4d"	"e 7P"	"4"	11	9		
"361.9418"	"361.941765"	"8.88e+06"	B+	"2.72754450"	"6.15307342"	"3d7.(2G).4s"	"a 3G"	"4"	"3d7.(2G).4p"	"v 3G*"	"4"	9	9		
"361.97996"	"361.979943"	"7.22e+07"	B+	"0.99011115"	"4.41527878"	"3d7.(4F).4s"	"a 5F"	"2"	"3d7.(4F).4p"	"z 5G*"	"3"	5	7		
"362.08007"	"362.080038"	"2.81e+05"	C+	"2.40407444"	"5.82829520"	"3d6.4s2"	"a 3H"	"6"	"3d6.(3H).4s.4p.(3P*)"	"z 3H*"	"5"	13	11		
"362.1272"	"362.127451"	"1.3e+06"	E	"2.85122419"	"6.27499663"	"3d6.(5D).4s.4p.(3P*)"	"z 7F*"	"4"	"3d6.(5D).4s (6D).4d"	"e 7P"	"3"	9	7		
"362.24930"	"362.24932"	"4.45e+07"	B+	"2.72754450"	"6.15016512"	"3d7.(2G).4s"	"a 3G"	"4"	"3d7.(2G).4p"	"y 3H*"	"5"	9	11		
"362.27515"	"362.27514"	"1.07e+07"	C+	"3.57321890"	"6.99559552"	"3d7.(2H).4s"	"a 1H"	"5"	"3d6.(1I).4s.4p.(3P*)"	"u 3H*"	"4"	11	9		
"362.30359"	"362.303600"	"5.14e+07"	B+	"2.75857762"	"6.18068544"	"3d7.(2G).4s"	"a 3G"	"3"	"3d7.(2G).4p"	"v 3G*"	"3"	7	7		
"362.42189"	"362.42189"	"6.68e+06"	B+	"2.40407444"	"5.82506529"	"3d6.4s2"	"a 3H"	"6"	"3d6.(3H).4s.4p.(3P*)"	"z 3H*"	"6"	13	13		
"362.44794"	"362.447930"	"1.15e+06"	B	"2.55917148"	"5.97991659"	"3d6.4s2"	"b 3F2"	"4"	"3d6.(3G).4s.4p.(3P*)"	"y 5H*"	"5"	9	11		
"362.53411"	"362.534181"	"1.02e+06"	C+	"2.42419831"	"5.84412959"	"3d6.4s2"	"a 3P2"	"1"	"3d7.(4P).4p"	"w 3D*"	"2"	3	5		
"362.61751"	"362.617501"	"8.15e+06"	C+	"2.83252676"	"6.25167222"	"3d6.(5D).4s.4p.(3P*)"	"z 7F*"	"5"	"3d6.(5D).4s (6D).4d"	"f 5D"	"4"	11	9		
"362.80901"	"362.80905"	"1.98e+06"	D+	"3.57321890"	"6.99055915"	"3d7.(2H).4s"	"a 1H"	"5"	"3d6.(1I).4s.4p.(3P*)"	"u 3H*"	"5"	11	11		
"362.91257"	"362.912584"	"5.76e+05"	C+	"2.19786640"	"5.61423177"	"3d7.(4P).4s"	"a 5P"	"2"	"3d6.(3P2).4s.4p.(3P*)"	"x 3D*"	"2"	5	5		
"362.98448"	"362.98475"	"3.50e+05"	C	"2.99035244"	"6.40603863"	"3d6.4s2"	"b 3G"	"4"	"3d7.(2H).4p"	"u 3G*"	"4"	9	9		
"363.13824"	"363.138230"	"1.04e+07"	B	"2.85122419"	"6.26546671"	"3d6.(5D).4s.4p.(3P*)"	"z 7F*"	"4"	"3d6.(5D).4s (6D).4d"	"f 5D"	"3"	9	7		
"363.21319"	"363.213200"	"2.15e+07"	B	"2.83252676"	"6.24606454"	"3d6.(5D).4s.4p.(3P*)"	"z 7F*"	"5"	"3d6.(5D).4s (6D).4d"	"f 7D"	"5"	11	11		
"363.24981"	"363.249813"	"5.17e+07"	A	"0.95815732"	"4.37135106"	"3d7.(4F).4s"	"a 5F"	"3"	"3d7.(4F).4p"	"z 5G*"	"4"	7	9		
"363.30740"	"363.30738"	"6.74e+07"	B	"3.07133880"	"6.48399171"	"3d7.(2P).4s"	"c 3P"	"1"	"3d7.(2P).4p"	"u 3D*"	"2"	3	5		
"363.35906"	"363.359088"	"5.69e+06"	D	"2.94879294"	"6.36096020"	"3d6.4s2"	"b 3G"	"5"	"3d7.(2D2).4p"	"v 3F*"	"4"	11	9		
"363.40123"	"363.40122"	"6.06e+06"	B	"2.48437256"	"5.89614419"	"3d6.4s2"	"a 3P2"	"0"	"3d7.(4P).4p"	"y 3S*"	"1"	1	3		
"363.41044"	"363.410428"	"3.54e+06"	B	"2.93984587"	"6.35153108"	"3d6.(5D).4s.4p.(3P*)"	"z 7P*"	"4"	"3d6.(5D).4s (6D).4d"	"e 7G"	"5"	9	11		
"363.48624"	"363.48622"	"1.58e+06"	C+	"2.99035244"	"6.40132623"	"3d6.4s2"	"b 3G"	"4"	"3d6.(3H).4s.4p.(3P*)"	"1H*"	"5"	9	11		
"363.53634"	"363.536437"	"1.05e+07"	B+	"2.93984587"	"6.35034852"	"3d6.(5D).4s.4p.(3P*)"	"z 7P*"	"4"	"3d6.(5D).4s (6D).4d"	"e 5G"	"3"	9	7		
"363.7197"	"363.719781"	"9.78e+05"	B	"2.19786640"	"5.60664989"	"3d7.(4P).4s"	"a 5P"	"2"	"3d6.(3P2).4s.4p.(3P*)"	"x 3D*"	"3"	5	7		
"363.72597"	"363.72600"	"2.20e+07"	B	"3.54652001"	"6.95524523"	"3d7.(2D2).4s"	"a 1D"	"2"	"3d6.(3G).4s.4p.(3P*)"	"1F*"	"3"	5	7		
"363.76853"	"363.768551"	"2.97e+06"	B	"3.01725044"	"6.42557692"	"3d7.(2P).4s"	"c 3P"	"2"	"3d7.(2H).4p"	"u 3G*"	"3"	5	7		
"363.80305"	"363.803052"	"1.96e+06"	B	"2.58810592"	"5.99610917"	"3d6.4s2"	"b 3F2"	"3"	"3d6.(3G).4s.4p.(3P*)"	"y 5H*"	"4"	7	9		
"363.82851"	"363.828492"	"8.98e+05"	C+	"2.43269470"	"5.84045966"	"3d6.4s2"	"a 3H"	"5"	"3d6.(3H).4s.4p.(3P*)"	"z 3H*"	"4"	11	9		
"363.89042"	"363.890200"	"5.9e+06"	D	"2.93984587"	"6.34703293"	"3d6.(5D).4s.4p.(3P*)"	"z 7P*"	"4"	"3d6.(5D).4s (6D).4d"	"e 7F"	"4"	9	9		
"363.92754"	"363.927545"	"4.84e+05"	C	"2.72754450"	"6.13438193"	"3d7.(2G).4s"	"a 3G"	"4"	"3d6.(3F2).4s.4p.(3P*)"	"1F*"	"3"	9	7		
"363.93332"	"363.93332"	"2.36e+07"	B+	"2.75857762"	"6.16536100"	"3d7.(2G).4s"	"a 3G"	"3"	"3d7.(2G).4p"	"y 3H*"	"4"	7	9		
"364.14258"	"364.142562"	"3.57e+07"	B+	"2.72754450"	"6.13237029"	"3d7.(2G).4s"	"a 3G"	"4"	"3d7.(2G).4p"	"v 3G*"	"5"	9	11		
"364.47535"	"364.47533"	"2.61e+06"	B	"2.60850194"	"6.01021907"	"3d6.4s2"	"b 3F2"	"2"	"3d6.(3G).4s.4p.(3P*)"	"y 5H*"	"3"	5	7		
"364.58336"	"364.583326"	"8.3e+06"	E	"3.24096914"	"6.64167865"	"3d6.(5D).4s.4p.(3P*)"	"z 5D*"	"3"	"3d7.(4F).4d"	"f 5P"	"2"	7	5		
"364.61132"	"364.611361"	"2.91e+06"	D+	"2.85122419"	"6.25167222"	"3d6.(5D).4s.4p.(3P*)"	"z 7F*"	"4"	"3d6.(5D).4s (6D).4d"	"f 5D"	"4"	9	9		
"364.68588"	"364.68589"	"4.87e+07"	C+	"3.11096179"	"6.51071489"	"3d7.(2P).4s"	"c 3P"	"0"	"3d7.(2P).4p"	"u 3D*"	"1"	1	3		
"364.84629"	"364.84630"	"3.38e+07"	B	"3.07133880"	"6.46959714"	"3d7.(2P).4s"	"c 3P"	"1"	"3d7.(2P).4p"	"1P*"	"1"	3	3		
"364.8882"	"364.888169"	"2.91e+07"	A	"0.91460217"	"4.31247059"	"3d7.(4F).4s"	"a 5F"	"4"	"3d7.(4F).4p"	"z 5G*"	"5"	9	11		
"365.03425"	"365.034232"	"4.50e+04"	C+	"0.0000000"	"3.39650880"	"3d6.4s2"	"a 5D"	"4"	"3d6.(5D).4s.4p.(3P*)"	"z 5F*"	"3"	9	7		
"365.03727"	"365.037497"	"1.31e+06"	D+	"3.04686890"	"6.44334733"	"3d7.(2G).4s"	"a 1G"	"4"	"3d7.(2P).4p"	"u 3D*"	"3"	9	7		
"365.05460"	"365.054581"	"3.94e+07"	B	"2.69240763"	"6.08872711"	"3d7.(2G).4s"	"a 3G"	"5"	"3d7.(2G).4p"	"w 3F*"	"4"	11	9		
"365.10694"	"365.106948"	"2.26e+07"	B+	"2.99804479"	"6.39387714"	"3d6.(5D).4s.4p.(3P*)"	"z 7P*"	"3"	"3d6.(5D).4s (6D).4d"	"e 7S"	"3"	7	7		
"365.1319"	"365.131877"	"6.15e+06"	B	"2.43269470"	"5.82829520"	"3d6.4s2"	"a 3H"	"5"	"3d6.(3H).4s.4p.(3P*)"	"z 3H*"	"5"	11	11		
"365.21376"	"365.213635"	"7.72e+05"	C	"2.85122419"	"6.24606454"	"3d6.(5D).4s.4p.(3P*)"	"z 7F*"	"4"	"3d6.(5D).4s (6D).4d"	"f 7D"	"5"	9	11		
"365.25071"	"365.250705"	"5.83e+07"	B+	"2.75857762"	"6.15307342"	"3d7.(2G).4s"	"a 3G"	"3"	"3d7.(2G).4p"	"v 3G*"	"4"	7	9		
"365.47953"	"365.47952"	"6.12e+05"	C+	"2.43269470"	"5.82506529"	"3d6.4s2"	"a 3H"	"5"	"3d6.(3H).4s.4p.(3P*)"	"z 3H*"	"6"	11	13		
"365.57150"	"365.571219"	"1.6e+05"	D	"2.22271209"	"5.61423177"	"3d7.(4P).4s"	"a 5P"	"1"	"3d6.(3P2).4s.4p.(3P*)"	"x 3D*"	"2"	3	5		
"365.65061"	"365.650620"	"1.18e+07"	B	"2.83159117"	"6.22237439"	"3d7.(4P).4s"	"b 3P"	"2"	"3d7.(2P).4p"	"w 3P*"	"2"	5	5		
"365.81745"	"365.817447"	"1.22e+06"	C+	"2.42419831"	"5.81343520"	"3d6.4s2"	"a 3P2"	"1"	"3d7.(4P).4p"	"u 5D*"	"2"	3	5		
"365.89402"	"365.893983"	"3.23e+06"	C+	"3.03847046"	"6.42699840"	"3d6.(5D).4s.4p.(3P*)"	"z 7P*"	"2"	"3d6.(5D).4s (6D).4d"	"e 5P"	"3"	5	7		
"365.90621"	"365.90606"	"5.63e+05"	C+	"3.01762252"	"6.40603863"	"3d6.4s2"	"b 3G"	"3"	"3d7.(2H).4p"	"u 3G*"	"4"	7	9		
"366.05591"	"366.055887"	"6.31e+06"	B	"2.45343044"	"5.84045966"	"3d6.4s2"	"a 3H"	"4"	"3d6.(3H).4s.4p.(3P*)"	"z 3H*"	"4"	9	9		
"366.24061"	"366.240520"	"2.8e+05"	D	"2.45343044"	"5.83875215"	"3d6.4s2"	"a 3H"	"4"	"3d6.(3F2).4s.4p.(3P*)"	"x 3F*"	"3"	9	7		
"366.43023"	"366.43050"	"1.11e+06"	E	"2.99035244"	"6.37391903"	"3d6.4s2"	"b 3G"	"4"	"3d6.(3G).4s.4p.(3P*)"	"x 3H*"	"4"	9	9		
"366.44946"	"366.449537"	"1.10e+06"	C+	"2.55917148"	"5.94256226"	"3d6.4s2"	"b 3F2"	"4"	"3d6.(3G).4s.4p.(3P*)"	"v 5F*"	"4"	9	9		
"366.55809"	"366.558058"	"4.68e+06"	B	"2.99804479"	"6.38043390"	"3d6.(5D).4s.4p.(3P*)"	"z 7P*"	"3"	"3d6.(5D).4s (6D).4d"	"f 5F"	"4"	7	9		
"366.57349"	"366.573537"	"8.80e+05"	C	"2.99804479"	"6.38029108"	"3d6.(5D).4s.4p.(3P*)"	"z 7P*"	"3"	"3d6.(5D).4s (6D).4d"	"e 7G"	"3"	7	7		
"366.7285"	"366.728404"	"3.87e+06"	C+	"2.43269470"	"5.81351269"	"3d6.4s2"	"a 3H"	"5"	"3d6.(3F2).4s.4p.(3P*)"	"x 3F*"	"4"	11	9		
"366.82974"	"366.829730"	"1.3e+07"	D	"3.21118938"	"6.59107351"	"3d6.(5D).4s.4p.(3P*)"	"z 5D*"	"4"	"3d7.(4F).4d"	"f 5P"	"3"	9	7		
"366.9255"	"366.925430"	"3.2e+06"	E	"3.24096914"	"6.61997175"	"3d6.(5D).4s.4p.(3P*)"	"z 5D*"	"3"	"3d7.(4F).4d"	"g 5F"	"4"	7	9		
"366.99368"	"366.993406"	"2.7e+05"	E	"2.58810592"	"5.96648265"	"3d6.4s2"	"b 3F2"	"3"	"3d6.(3G).4s.4p.(3P*)"	"v 5F*"	"3"	7	7		
"367.01966"	"367.019725"	"8.03e+06"	D	"2.99035244"	"6.36848691"	"3d6.4s2"	"b 3G"	"4"	"3d7.(2D2).4p"	"v 3F*"	"3"	9	7		
"367.05659"	"367.056584"	"2.34e+07"	B	"2.72754450"	"6.10533975"	"3d7.(2G).4s"	"a 3G"	"4"	"3d7.(2G).4p"	"w 3F*"	"3"	9	7		
"367.10693"	"367.106953"	"8.60e+06"	B	"2.84504259"	"6.22237439"	"3d7.(4P).4s"	"b 3P"	"1"	"3d7.(2P).4p"	"w 3P*"	"2"	3	5		
"367.11333"	"367.11335"	"7.20e+06"	D+	"2.94879294"	"6.32606584"	"3d6.4s2"	"b 3G"	"5"	"3d6.(3G).4s.4p.(3P*)"	"x 3H*"	"6"	11	13		
"367.18526"	"367.18523"	"1.83e+06"	C+	"2.48437256"	"5.86098438"	"3d6.4s2"	"a 3P2"	"0"	"3d7.(4P).4p"	"w 3D*"	"1"	1	3		
"367.27332"	"367.273061"	"6.47e+05"	C+	"2.75857762"	"6.13438193"	"3d7.(2G).4s"	"a 3G"	"3"	"3d6.(3F2).4s.4p.(3P*)"	"1F*"	"3"	7	7		
"367.37531"	"367.375309"	"3.48e+05"	C+	"2.45343044"	"5.82829520"	"3d6.4s2"	"a 3H"	"4"	"3d6.(3H).4s.4p.(3P*)"	"z 3H*"	"5"	9	11		
"367.58098"	"367.580975"	"7.91e+06"	B	"2.83159117"	"6.20456765"	"3d7.(4P).4s"	"b 3P"	"2"	"3d7.(2P).4p"	"w 3P*"	"1"	5	3		
"367.73575"	"367.735748"	"4.63e+06"	C+	"2.55917148"	"5.93072834"	"3d6.4s2"	"b 3F2"	"4"	"3d6.(3F2).4s.4p.(3P*)"	"x 3G*"	"5"	9	11		
"367.79192"	"367.791972"	"2.5e+06"	D	"2.99804479"	"6.36908625"	"3d6.(5D).4s.4p.(3P*)"	"z 7P*"	"3"	"3d6.(5D).4s (6D).4d"	"e 5G"	"2"	7	5		
"367.83530"	"367.83526"	"2.28e+07"	C+	"3.54652001"	"6.91716472"	"3d7.(2D2).4s"	"a 1D"	"2"	"3d6.(1G2).4s.4p.(3P*)"	"s 3G*"	"3"	5	7		
"367.86745"	"367.86748"	"6.08e+07"	B	"2.75857762"	"6.12892712"	"3d7.(2G).4s"	"a 3G"	"3"	"3d7.(2G).4p"	"w 3F*"	"2"	7	5		
"367.99076"	"367.990751"	"4.59e+06"	B	"2.42419831"	"5.79341882"	"3d6.4s2"	"a 3P2"	"1"	"3d6.(3P2).4s.4p.(3P*)"	"y 3P*"	"2"	3	5		
""	"368.004497"	"7.22e+05"	C+	"2.27860466"	"5.64769932"	"3d6.4s2"	"a 3P2"	"2"	"3d6.(3P2).4s.4p.(3P*)"	"x 3D*"	"1"	5	3		
"368.09608"	"368.096082"	"1.38e+06"	A	"0.0000000"	"3.36825640"	"3d6.4s2"	"a 5D"	"4"	"3d6.(5D).4s.4p.(3P*)"	"z 5F*"	"4"	9	9		
"368.26919"	"368.269204"	"1.67e+06"	C	"2.99804479"	"6.36471779"	"3d6.(5D).4s.4p.(3P*)"	"z 7P*"	"3"	"3d6.(5D).4s (6D).4d"	"e 7G"	"4"	7	9		
"368.32156"	"368.321548"	"1.04e+07"	B	"2.99804479"	"6.36423934"	"3d6.(5D).4s.4p.(3P*)"	"z 7P*"	"3"	"3d6.(5D).4s (6D).4d"	"e 7F"	"2"	7	5		
"368.3292"	"368.32928"	"1.5e+08"	C+	"3.54652001"	"6.9126439"	"3d7.(2D2).4s"	"a 1D"	"2"	"3d7.(2D2).4p"	"w 1D*"	"2"	5	5		
"368.41030"	"368.410291"	"2.65e+05"	B+	"0.05156912"	"3.41695281"	"3d6.4s2"	"a 5D"	"3"	"3d6.(5D).4s.4p.(3P*)"	"z 5F*"	"2"	7	5		
"368.51562"	"368.515604"	"2.97e+07"	B	"2.72754450"	"6.09196644"	"3d7.(2G).4s"	"a 3G"	"4"	"3d6.(3F2).4s.4p.(3P*)"	"v 3D*"	"3"	9	7		
"368.51862"	"368.51862"	"9.29e+06"	B	"3.30140276"	"6.66579718"	"3d7.(2H).4s"	"b 3H"	"4"	"3d7.(2D2).4p"	"x 1F*"	"3"	9	7		
"368.70462"	"368.704618"	"3.34e+07"	B	"2.93984587"	"6.30254306"	"3d6.(5D).4s.4p.(3P*)"	"z 7P*"	"4"	"3d6.(5D).4s (6D).4d"	"e 7F"	"5"	9	11		
"368.73071"	"368.73072"	"1.3e+07"	E	"2.42419831"	"5.7866575"	"3d6.4s2"	"a 3P2"	"1"	"3d6.(3P2).4s.4p.(3P*)"	"y 3P*"	"0"	3	1		
"368.81465"	"368.814601"	"1.72e+06"	B	"2.17594512"	"5.53763954"	"3d7.(4P).4s"	"a 5P"	"3"	"3d6.(3F2).4s.4p.(3P*)"	"v 5D*"	"2"	7	5		
"368.85061"	"368.850597"	"8.00e+06"	A	"0.85899575"	"4.22036211"	"3d7.(4F).4s"	"a 5F"	"5"	"3d7.(4F).4p"	"y 5F*"	"4"	11	9		
"368.87075"	"368.870760"	"7.38e+06"	B	"2.72754450"	"6.08872711"	"3d7.(2G).4s"	"a 3G"	"4"	"3d7.(2G).4p"	"w 3F*"	"4"	9	9		
"368.95101"	"368.951057"	"7.3e+06"	D	"3.25148176"	"6.61193286"	"3d7.(2D2).4s"	"a 3D"	"3"	"3d7.(4F).5p"	"3F*"	"4"	7	9		
"369.04189"	"369.042010"	"2.62e+06"	C+	"3.03847046"	"6.39809335"	"3d6.(5D).4s.4p.(3P*)"	"z 7P*"	"2"	"3d6.(5D).4s (6D).4d"	"f 5F"	"3"	5	7		
"369.05081"	"369.050795"	"3.70e+07"	B+	"2.93984587"	"6.29938878"	"3d6.(5D).4s.4p.(3P*)"	"z 7P*"	"4"	"3d6.(5D).4s (6D).4d"	"f 7D"	"4"	9	9		
"369.15050"	"369.15052"	"1.22e+07"	C+	"3.11096179"	"6.46959714"	"3d7.(2P).4s"	"c 3P"	"0"	"3d7.(2P).4p"	"1P*"	"1"	1	3		
"369.17769"	"369.17773"	"2.99e+07"	B	"3.57321890"	"6.93160665"	"3d7.(2H).4s"	"a 1H"	"5"	"3d7.(2H).4p"	"1H*"	"5"	11	11		
"369.4077"	"369.40776"	"2.04e+06"	D	"3.01762252"	"6.37391903"	"3d6.4s2"	"b 3G"	"3"	"3d6.(3G).4s.4p.(3P*)"	"x 3H*"	"4"	7	9		
"369.50572"	"369.505727"	"8.35e+07"	B+	"3.03847046"	"6.39387714"	"3d6.(5D).4s.4p.(3P*)"	"z 7P*"	"2"	"3d6.(5D).4s (6D).4d"	"e 7S"	"3"	5	7		
"369.6103"	"369.610410"	"2.01e+07"	B	"2.58810592"	"5.94256226"	"3d6.4s2"	"b 3F2"	"3"	"3d6.(3G).4s.4p.(3P*)"	"v 5F*"	"4"	7	9		
"369.65661"	"369.656673"	"1.61e+05"	D+	"2.55917148"	"5.91320801"	"3d6.4s2"	"b 3F2"	"4"	"3d6.(3G).4s.4p.(3P*)"	"w 5G*"	"3"	9	7		
"369.84775"	"369.847748"	"1.94e+07"	B+	"2.99804479"	"6.35034852"	"3d6.(5D).4s.4p.(3P*)"	"z 7P*"	"3"	"3d6.(5D).4s (6D).4d"	"e 5G"	"3"	7	7		
"369.96552"	"369.965532"	"3.6e+06"	D	"3.01725044"	"6.36848691"	"3d7.(2P).4s"	"c 3P"	"2"	"3d7.(2D2).4p"	"v 3F*"	"3"	5	7		
"370.01911"	"370.019195"	"4.9e+06"	D	"3.01725044"	"6.36800089"	"3d7.(2P).4s"	"c 3P"	"2"	"3d6.(5D).4s (6D).5p"	"t 5D*"	"3"	5	7		
"370.21392"	"370.213907"	"6.35e+07"	B+	"2.99804479"	"6.34703293"	"3d6.(5D).4s.4p.(3P*)"	"z 7P*"	"3"	"3d6.(5D).4s (6D).4d"	"e 7F"	"4"	7	9		
"370.30826"	"370.30827"	"3.7e+07"	D+	"2.84504259"	"6.19317735"	"3d7.(4P).4s"	"b 3P"	"1"	"3d7.(2P).4p"	"w 3P*"	"0"	3	1		
"370.35453"	"370.35454"	"4.13e+05"	C+	"2.17594512"	"5.52366156"	"3d7.(4P).4s"	"a 5P"	"3"	"3d6.(3F2).4s.4p.(3P*)"	"w 5F*"	"3"	7	7		
"370.46015"	"370.460145"	"3.84e+06"	B	"2.75857762"	"6.10533975"	"3d7.(2G).4s"	"a 3G"	"3"	"3d7.(2G).4p"	"w 3F*"	"3"	7	7		
"370.47445"	"370.474460"	"6.31e+06"	C+	"2.93984587"	"6.28647868"	"3d6.(5D).4s.4p.(3P*)"	"z 7P*"	"4"	"3d6.(5D).4s (6D).4d"	"e 5G"	"5"	9	11		
"370.48749"	"370.487513"	"1.02e+07"	B	"2.85805275"	"6.20456765"	"3d7.(4P).4s"	"b 3P"	"0"	"3d7.(2P).4p"	"w 3P*"	"1"	1	3		
"370.50678"	"370.506799"	"1.7e+06"	E	"3.07133880"	"6.41767950"	"3d7.(2P).4s"	"c 3P"	"1"	"3d6.(3H).4s.4p.(3P*)"	"x 1D*"	"2"	3	5		
"370.55151"	"370.551488"	"1.42e+07"	B	"2.69240763"	"6.03834476"	"3d7.(2G).4s"	"a 3G"	"5"	"3d6.(3H).4s.4p.(3P*)"	"y 1G*"	"4"	11	9		
"370.66202"	"370.661985"	"3.21e+06"	A	"0.05156912"	"3.39650880"	"3d6.4s2"	"a 5D"	"3"	"3d6.(5D).4s.4p.(3P*)"	"z 5F*"	"3"	7	7		
"370.85112"	"370.851048"	"7.99e+05"	C	"2.55917148"	"5.90240588"	"3d6.4s2"	"b 3F2"	"4"	"3d6.(3G).4s.4p.(3P*)"	"v 5F*"	"5"	9	11		
"370.88768"	"370.887676"	"6.33e+05"	B	"0.08728574"	"3.43018998"	"3d6.4s2"	"a 5D"	"2"	"3d6.(5D).4s.4p.(3P*)"	"z 5F*"	"1"	5	3		
"370.89746"	"370.897443"	"3.32e+07"	B+	"2.17594512"	"5.51876133"	"3d7.(4P).4s"	"a 5P"	"3"	"3d7.(4P).4p"	"y 5S*"	"2"	7	5		
"370.96575"	"370.965688"	"8.10e+05"	D+	"2.58810592"	"5.93030716"	"3d6.4s2"	"b 3F2"	"3"	"3d6.(3G).4s.4p.(3P*)"	"w 5G*"	"2"	7	5		
"371.03014"	"371.030144"	"1.56e+07"	A	"0.91460217"	"4.25622280"	"3d7.(4F).4s"	"a 5F"	"4"	"3d7.(4F).4p"	"y 5F*"	"3"	9	7		
"371.07205"	"371.072136"	"9.51e+05"	C+	"2.55917148"	"5.90041395"	"3d6.4s2"	"b 3F2"	"4"	"3d6.(3G).4s.4p.(3P*)"	"w 5G*"	"4"	9	9		
"371.22782"	"371.227824"	"3.62e+06"	B	"2.58810592"	"5.92794713"	"3d6.4s2"	"b 3F2"	"3"	"3d6.(3F2).4s.4p.(3P*)"	"x 3G*"	"4"	7	9		
"371.24639"	"371.246388"	"1.28e+07"	B	"3.07133880"	"6.41101300"	"3d7.(2P).4s"	"c 3P"	"1"	"3d7.(2P).4p"	"y 1D*"	"2"	3	5		
"371.69684"	"371.696819"	"2.60e+06"	B	"2.27860466"	"5.61423177"	"3d6.4s2"	"a 3P2"	"2"	"3d6.(3P2).4s.4p.(3P*)"	"x 3D*"	"2"	5	5		
"371.74991"	"371.749907"	"3.49e+07"	B	"2.93984587"	"6.27499663"	"3d6.(5D).4s.4p.(3P*)"	"z 7P*"	"4"	"3d6.(5D).4s (6D).4d"	"e 7P"	"3"	9	7		
"371.94639"	"371.946404"	"5.17e+06"	B	"2.75857762"	"6.09196644"	"3d7.(2G).4s"	"a 3G"	"3"	"3d6.(3F2).4s.4p.(3P*)"	"v 3D*"	"3"	7	7		
"372.09926"	"372.099254"	"1.62e+07"	A	"0.0000000"	"3.33201954"	"3d6.4s2"	"a 5D"	"4"	"3d6.(5D).4s.4p.(3P*)"	"z 5F*"	"5"	9	11		
"372.2330"	"372.233011"	"8.72e+05"	C+	"2.17594512"	"5.50676735"	"3d7.(4P).4s"	"a 5P"	"3"	"3d6.(3F2).4s.4p.(3P*)"	"w 5F*"	"4"	7	9		
"372.24517"	"372.24516"	"6.72e+06"	B	"2.48437256"	"5.81508605"	"3d6.4s2"	"a 3P2"	"0"	"3d6.(3P2).4s.4p.(3P*)"	"y 3P*"	"1"	1	3		
"372.25610"	"372.256082"	"1.94e+07"	C+	"3.03847046"	"6.36908625"	"3d6.(5D).4s.4p.(3P*)"	"z 7P*"	"2"	"3d6.(5D).4s (6D).4d"	"e 5G"	"2"	5	5		
"372.30825"	"372.308207"	"6.76e+05"	C+	"2.75857762"	"6.08872711"	"3d7.(2G).4s"	"a 3G"	"3"	"3d7.(2G).4p"	"w 3F*"	"4"	7	9		
"372.36215"	"372.362149"	"4.97e+06"	A	"0.08728574"	"3.41695281"	"3d6.4s2"	"a 5D"	"2"	"3d6.(5D).4s.4p.(3P*)"	"z 5F*"	"2"	5	5		
"372.54359"	"372.543610"	"1.04e+07"	B+	"2.27860466"	"5.60664989"	"3d6.4s2"	"a 3P2"	"2"	"3d6.(3P2).4s.4p.(3P*)"	"x 3D*"	"3"	5	7		
"372.65501"	"372.65504"	"1.7e+06"	D	"3.04686890"	"6.37391903"	"3d7.(2G).4s"	"a 1G"	"4"	"3d6.(3G).4s.4p.(3P*)"	"x 3H*"	"4"	9	9		
"372.79557"	"372.79565"	"5.29e+05"	B	"2.19786640"	"5.52366156"	"3d7.(4P).4s"	"a 5P"	"2"	"3d6.(3F2).4s.4p.(3P*)"	"w 5F*"	"3"	5	7		
"372.79862"	"372.798601"	"4.57e+07"	B+	"3.03847046"	"6.36423934"	"3d6.(5D).4s.4p.(3P*)"	"z 7P*"	"2"	"3d6.(5D).4s (6D).4d"	"e 7F"	"2"	5	5		
"372.81521"	"372.815196"	"1.71e+07"	C+	"2.93984587"	"6.26546671"	"3d6.(5D).4s.4p.(3P*)"	"z 7P*"	"4"	"3d6.(5D).4s (6D).4d"	"f 5D"	"3"	9	7		
"372.86789"	"372.867881"	"2.24e+07"	A	"0.95815732"	"4.28330826"	"3d7.(4F).4s"	"a 5F"	"3"	"3d7.(4F).4p"	"y 5F*"	"2"	7	5		
"372.87336"	"372.873359"	"2.20e+06"	C+	"2.58810592"	"5.91320801"	"3d6.4s2"	"b 3F2"	"3"	"3d6.(3G).4s.4p.(3P*)"	"w 5G*"	"3"	7	7		
"372.88690"	"372.886901"	"1.91e+07"	B+	"2.99804479"	"6.32302612"	"3d6.(5D).4s.4p.(3P*)"	"z 7P*"	"3"	"3d6.(5D).4s (6D).4d"	"f 7D"	"2"	7	5		
"372.97282"	"372.972795"	"1.30e+06"	B	"2.55917148"	"5.88338708"	"3d6.4s2"	"b 3F2"	"4"	"3d7.(2G).4p"	"z 1G*"	"4"	9	9		
"373.14469"	"373.144701"	"9.73e+06"	B	"3.04686890"	"6.36955305"	"3d7.(2G).4s"	"a 1G"	"4"	"3d7.(2H).4p"	"u 3G*"	"5"	9	11		
"373.15210"	"373.152192"	"3.09e+06"	B	"2.99804479"	"6.32066224"	"3d6.(5D).4s.4p.(3P*)"	"z 7P*"	"3"	"3d6.(5D).4s (6D).4d"	"e 5G"	"4"	7	9		
"373.20069"	"373.20070"	"3.50e+06"	B+	"2.60850194"	"5.93068755"	"3d6.4s2"	"b 3F2"	"2"	"3d6.(3F2).4s.4p.(3P*)"	"x 3G*"	"3"	5	7		
"373.24345"	"373.243432"	"3.37e+06"	B	"2.60850194"	"5.93030716"	"3d6.4s2"	"b 3F2"	"2"	"3d6.(3G).4s.4p.(3P*)"	"w 5G*"	"2"	5	5		
"373.34574"	"373.345742"	"2.69e+07"	B+	"2.19786640"	"5.51876133"	"3d7.(4P).4s"	"a 5P"	"2"	"3d7.(4P).4p"	"y 5S*"	"2"	5	5		
"373.43789"	"373.437872"	"6.48e+06"	B+	"0.11011433"	"3.43018998"	"3d6.4s2"	"a 5D"	"1"	"3d6.(5D).4s.4p.(3P*)"	"z 5F*"	"1"	3	3		
"373.59256"	"373.592551"	"9.01e+07"	A	"0.85899575"	"4.17769679"	"3d7.(4F).4s"	"a 5F"	"5"	"3d7.(4F).4p"	"y 5F*"	"5"	11	11		
"373.63856"	"373.638573"	"2.70e+07"	B	"2.93984587"	"6.25813812"	"3d6.(5D).4s.4p.(3P*)"	"z 7P*"	"4"	"3d6.(5D).4s (6D).4d"	"e 7P"	"4"	9	9		
"373.81939"	"373.819380"	"1.41e+07"	A	"0.05156912"	"3.36825640"	"3d6.4s2"	"a 5D"	"3"	"3d6.(5D).4s.4p.(3P*)"	"z 5F*"	"4"	7	9		
"373.93678"	"373.93677"	"3.44e+07"	B	"3.26711257"	"6.58275864"	"3d7.(2H).4s"	"b 3H"	"5"	"3d7.(2H).4p"	"1I*"	"6"	11	13		
"374.01787"	"374.017834"	"4.51e+05"	C+	"2.22271209"	"5.53763954"	"3d7.(4P).4s"	"a 5P"	"1"	"3d6.(3F2).4s.4p.(3P*)"	"v 5D*"	"2"	3	5		
"374.03770"	"374.03770"	"5.3e+05"	E	"2.17594512"	"5.49069652"	"3d7.(4P).4s"	"a 5P"	"3"	"3d6.(3F2).4s.4p.(3P*)"	"w 5F*"	"2"	7	5		
"374.13026"	"374.130241"	"1.3e+07"	D	"3.25148176"	"6.56541325"	"3d7.(2D2).4s"	"a 3D"	"3"	"3d6.(3G).4s.4p.(3P*)"	"3F*"	"4"	7	9		
"374.36803"	"374.368053"	"6.75e+06"	B	"2.93984587"	"6.25167222"	"3d6.(5D).4s.4p.(3P*)"	"z 7P*"	"4"	"3d6.(5D).4s (6D).4d"	"f 5D"	"4"	9	9		
"374.44261"	"374.442600"	"2.60e+07"	A	"0.99011115"	"4.30127816"	"3d7.(4F).4s"	"a 5F"	"2"	"3d7.(4F).4p"	"y 5F*"	"1"	5	3		
"374.45322"	"374.45319"	"6.05e+07"	B+	"3.57321890"	"6.88429230"	"3d7.(2H).4s"	"a 1H"	"5"	"3d6.(1G2).4s.4p.(3P*)"	"v 3H*"	"5"	11	11		
"374.48406"	"374.484078"	"3.55e+05"	C	"2.72754450"	"6.03834476"	"3d7.(2G).4s"	"a 3G"	"4"	"3d6.(3H).4s.4p.(3P*)"	"y 1G*"	"4"	9	9		
"374.5166"	"374.516672"	"3.17e+07"	B	"3.03847046"	"6.34898259"	"3d6.(5D).4s.4p.(3P*)"	"z 7P*"	"2"	"3d6.(5D).4s (6D).4d"	"e 7F"	"1"	5	3		
"374.66257"	"374.662560"	"1.15e+07"	A	"0.08728574"	"3.39650880"	"3d6.4s2"	"a 5D"	"2"	"3d6.(5D).4s.4p.(3P*)"	"z 5F*"	"3"	5	7		
"374.69641"	"374.696393"	"7.32e+06"	A	"0.12126572"	"3.43018998"	"3d6.4s2"	"a 5D"	"0"	"3d6.(5D).4s.4p.(3P*)"	"z 5F*"	"1"	1	3		
"374.75394"	"374.753993"	"6.10e+05"	C	"2.19786640"	"5.50628207"	"3d7.(4P).4s"	"a 5P"	"2"	"3d6.(3P2).4s.4p.(3P*)"	"w 5D*"	"1"	5	3		
"374.79918"	"374.799192"	"2.33e+07"	B+	"2.99804479"	"6.30606149"	"3d6.(5D).4s.4p.(3P*)"	"z 7P*"	"3"	"3d6.(5D).4s (6D).4d"	"f 7D"	"3"	7	7		
"374.93273"	"374.932732"	"9.15e+06"	A	"0.11011433"	"3.41695281"	"3d6.4s2"	"a 5D"	"1"	"3d6.(5D).4s.4p.(3P*)"	"z 5F*"	"2"	3	5		
"375.00299"	"375.003019"	"1.48e+07"	B	"2.93984587"	"6.24606454"	"3d6.(5D).4s.4p.(3P*)"	"z 7P*"	"4"	"3d6.(5D).4s (6D).4d"	"f 7D"	"5"	9	11		
"375.05509"	"375.055058"	"7.63e+07"	A	"0.91460217"	"4.22036211"	"3d7.(4F).4s"	"a 5F"	"4"	"3d7.(4F).4p"	"y 5F*"	"4"	9	9		
"375.28876"	"375.288738"	"4.74e+05"	B	"2.69240763"	"5.99610917"	"3d7.(2G).4s"	"a 3G"	"5"	"3d6.(3G).4s.4p.(3P*)"	"y 5H*"	"4"	11	9		
"375.42042"	"375.42043"	"1.14e+05"	B	"2.40407444"	"5.70661711"	"3d6.4s2"	"a 3H"	"6"	"3d6.(3H).4s.4p.(3P*)"	"z 3I*"	"6"	13	13		
"375.46775"	"375.467734"	"1.22e+07"	C	"2.17594512"	"5.47807170"	"3d7.(4P).4s"	"a 5P"	"3"	"3d6.(3P2).4s.4p.(3P*)"	"w 5D*"	"2"	7	5		
"375.55670"	"375.556739"	"2.42e+06"	C+	"2.99804479"	"6.29938878"	"3d6.(5D).4s.4p.(3P*)"	"z 7P*"	"3"	"3d6.(5D).4s (6D).4d"	"f 7D"	"4"	7	9		
"375.71355"	"375.713503"	"5.13e+05"	C+	"2.17594512"	"5.47591165"	"3d7.(4P).4s"	"a 5P"	"3"	"3d6.(3F2).4s.4p.(3P*)"	"v 5D*"	"3"	7	7		
"375.80048"	"375.80048"	"2.2e+07"	D+	"3.57321890"	"6.87242168"	"3d7.(2H).4s"	"a 1H"	"5"	"3d6.(1G2).4s.4p.(3P*)"	"s 3G*"	"5"	11	11		
"375.85222"	"375.85216"	"8.26e+06"	C+	"3.30092244"	"6.59967157"	"3d7.(2D2).4s"	"a 3D"	"2"	"3d7.(2D2).4p"	"v 3P*"	"1"	5	3		
"375.93007"	"375.930070"	"6.34e+07"	A	"0.95815732"	"4.25622280"	"3d7.(4F).4s"	"a 5F"	"3"	"3d7.(4F).4p"	"y 5F*"	"3"	7	7		
"376.02228"	"376.02226"	"4.55e+06"	C+	"3.63434980"	"6.93160665"	"3d6.4s2"	"a 1I"	"6"	"3d7.(2H).4p"	"1H*"	"5"	13	11		
"376.11179"	"376.11179"	"4.47e+06"	B	"2.40407444"	"5.70054647"	"3d6.4s2"	"a 3H"	"6"	"3d6.(3H).4s.4p.(3P*)"	"z 3I*"	"7"	13	15		
"376.16002"	"376.160031"	"5.50e+06"	B+	"2.22271209"	"5.51876133"	"3d7.(4P).4s"	"a 5P"	"1"	"3d7.(4P).4p"	"y 5S*"	"2"	3	5		
"376.24771"	"376.247708"	"1.04e+06"	B	"2.58810592"	"5.88338708"	"3d6.4s2"	"b 3F2"	"3"	"3d7.(2G).4p"	"z 1G*"	"4"	7	9		
"376.32725"	"376.327240"	"2.4e+06"	D	"3.36825640"	"6.66284114"	"3d6.(5D).4s.4p.(3P*)"	"z 5F*"	"4"	"3d7.(4F).4d"	"e 3G"	"5"	9	11		
"376.48583"	"376.485811"	"5.44e+07"	A	"0.99011115"	"4.28330826"	"3d7.(4F).4s"	"a 5F"	"2"	"3d7.(4F).4p"	"y 5F*"	"2"	5	5		
"376.66086"	"376.66083"	"9.51e+07"	B+	"3.23672008"	"6.5283870"	"3d7.(2H).4s"	"b 3H"	"6"	"3d7.(2H).4p"	"y 3I*"	"7"	13	15		
"376.6770"	"376.67681"	"2.36e+06"	C+	"3.26711257"	"6.5586399"	"3d7.(2H).4s"	"b 3H"	"5"	"3d7.(2H).4p"	"y 3I*"	"5"	11	11		
"376.71586"	"376.715870"	"7.7e+05"	E	"2.58810592"	"5.87929188"	"3d6.4s2"	"b 3F2"	"3"	"3d6.(3P2).4s.4p.(3P*)"	"1D*"	"2"	7	5		
"376.77292"	"376.772858"	"7.58e+06"	C+	"3.03847046"	"6.32915863"	"3d6.(5D).4s.4p.(3P*)"	"z 7P*"	"2"	"3d6.(5D).4s (6D).4d"	"f 7D"	"1"	5	3		
"376.82618"	"376.826184"	"6.39e+07"	A	"1.01105568"	"4.30127816"	"3d7.(4F).4s"	"a 5F"	"1"	"3d7.(4F).4p"	"y 5F*"	"1"	3	3		
"376.90973"	"376.909726"	"1.08e+07"	C+	"2.22271209"	"5.51220530"	"3d7.(4P).4s"	"a 5P"	"1"	"3d6.(3P2).4s.4p.(3P*)"	"w 5D*"	"0"	3	1		
"377.13724"	"377.137218"	"1.31e+06"	B+	"2.69240763"	"5.97991659"	"3d7.(2G).4s"	"a 3G"	"5"	"3d6.(3G).4s.4p.(3P*)"	"y 5H*"	"5"	11	11		
"377.14755"	"377.14766"	"2.15e+05"	B	"2.43269470"	"5.72011266"	"3d6.4s2"	"a 3H"	"5"	"3d6.(3H).4s.4p.(3P*)"	"z 3I*"	"5"	11	11		
"377.2562"	"377.25625"	"6.4e+05"	D	"3.23672008"	"6.52319179"	"3d7.(2H).4s"	"b 3H"	"6"	"3d7.(2H).4p"	"w 3H*"	"5"	13	11		
"377.44302"	"377.44305"	"3.1e+05"	D	"3.04686890"	"6.33171407"	"3d7.(2G).4s"	"a 1G"	"4"	"3d6.(3G).4s.4p.(3P*)"	"x 3H*"	"5"	9	11		
"377.47633"	"377.476320"	"4.41e+06"	C+	"3.03847046"	"6.32302612"	"3d6.(5D).4s.4p.(3P*)"	"z 7P*"	"2"	"3d6.(5D).4s (6D).4d"	"f 7D"	"2"	5	5		
"377.58963"	"377.589632"	"5.57e+06"	C+	"2.22271209"	"5.50628207"	"3d7.(4P).4s"	"a 5P"	"1"	"3d6.(3P2).4s.4p.(3P*)"	"w 5D*"	"1"	3	3		
"377.69265"	"377.69263"	"3.38e+05"	C+	"2.72754450"	"6.01021907"	"3d7.(2G).4s"	"a 3G"	"4"	"3d6.(3G).4s.4p.(3P*)"	"y 5H*"	"3"	9	7		
"377.75273"	"377.752722"	"1.67e+06"	C+	"2.17594512"	"5.45809748"	"3d7.(4P).4s"	"a 5P"	"3"	"3d6.(3F2).4s.4p.(3P*)"	"v 5D*"	"4"	7	9		
"377.81392"	"377.81388"	"9.43e+05"	C+	"2.99035244"	"6.27197352"	"3d6.4s2"	"b 3G"	"4"	"3d7.(2G).4p"	"z 1F*"	"3"	9	7		
"377.85222"	"377.852208"	"8.58e+05"	B	"2.55917148"	"5.84045966"	"3d6.4s2"	"b 3F2"	"4"	"3d6.(3H).4s.4p.(3P*)"	"z 3H*"	"4"	9	9		
"377.93876"	"377.93878"	"2.21e+06"	C+	"2.83159117"	"6.11212776"	"3d7.(4P).4s"	"b 3P"	"2"	"3d6.(3F2).4s.4p.(3P*)"	"v 3D*"	"1"	5	3		
"377.95821"	"377.958218"	"1.17e+07"	C+	"3.25148176"	"6.53184961"	"3d7.(2D2).4s"	"a 3D"	"3"	"3d7.(2D2).4p"	"t 3D*"	"2"	7	5		
"377.97699"	"377.976946"	"9.10e+05"	C	"2.19786640"	"5.47807170"	"3d7.(4P).4s"	"a 5P"	"2"	"3d6.(3P2).4s.4p.(3P*)"	"w 5D*"	"2"	5	5		
"378.04892"	"378.048936"	"6.76e+05"	C+	"2.55917148"	"5.83875215"	"3d6.4s2"	"b 3F2"	"4"	"3d6.(3F2).4s.4p.(3P*)"	"x 3F*"	"3"	9	7		
"378.05270"	"378.05270"	"1.05e+07"	C+	"3.27398440"	"6.55353246"	"3d7.(2D2).4s"	"a 3D"	"1"	"3d7.(2D2).4p"	"t 3D*"	"1"	3	3		
"378.05814"	"378.05811"	"8.51e+05"	C	"2.22271209"	"5.50221316"	"3d7.(4P).4s"	"a 5P"	"1"	"3d6.(3F2).4s.4p.(3P*)"	"w 5F*"	"1"	3	3		
"378.22600"	"378.226013"	"7.65e+05"	C	"2.19786640"	"5.47591165"	"3d7.(4P).4s"	"a 5P"	"2"	"3d6.(3F2).4s.4p.(3P*)"	"v 5D*"	"3"	5	7		
"378.30138"	"378.30136"	"3.8e+06"	E	"3.63977237"	"6.91716472"	"3d6.4s2"	"b 3D"	"2"	"3d6.(1G2).4s.4p.(3P*)"	"s 3G*"	"3"	5	7		
"378.35230"	"378.352215"	"1.18e+06"	C	"2.99804479"	"6.27499663"	"3d6.(5D).4s.4p.(3P*)"	"z 7P*"	"3"	"3d6.(5D).4s (6D).4d"	"e 7P"	"3"	7	7		
"378.67813"	"378.67812"	"1.51e+06"	C+	"3.23672008"	"6.51085164"	"3d7.(2H).4s"	"b 3H"	"6"	"3d7.(2H).4p"	"y 3I*"	"6"	13	13		
"378.70233"	"378.70231"	"4.14e+06"	B+	"2.43269470"	"5.70661711"	"3d6.4s2"	"a 3H"	"5"	"3d6.(3H).4s.4p.(3P*)"	"z 3I*"	"6"	11	13		
"378.72244"	"378.722420"	"3.20e+06"	B	"2.83159117"	"6.10533975"	"3d7.(4P).4s"	"b 3P"	"2"	"3d7.(2G).4p"	"w 3F*"	"3"	5	7		
"378.72620"	"378.726221"	"1.3e+07"	D	"2.83159117"	"6.10530689"	"3d7.(4P).4s"	"b 3P"	"2"	"3d6.(3F2).4s.4p.(3P*)"	"v 3D*"	"2"	5	5		
"378.77520"	"378.775210"	"2.77e+06"	A	"1.01105568"	"4.28434800"	"3d7.(4F).4s"	"a 5F"	"1"	"3d6.(5D).4s.4p.(3P*)"	"z 3P*"	"0"	3	1		
"378.82385"	"378.82391"	"9.9e+06"	D	"3.63977237"	"6.9126439"	"3d6.4s2"	"b 3D"	"2"	"3d7.(2D2).4p"	"w 1D*"	"2"	5	5		
"378.89556"	"378.895563"	"1.29e+07"	A	"1.01105568"	"4.28330826"	"3d7.(4F).4s"	"a 5F"	"1"	"3d7.(4F).4p"	"y 5F*"	"2"	3	5		
"379.02519"	"379.025157"	"2.16e+06"	B	"2.72754450"	"5.99867825"	"3d7.(2G).4s"	"a 3G"	"4"	"3d7.(2G).4p"	"z 1H*"	"5"	9	11		
"379.08951"	"379.089240"	"4.1e+06"	E	"3.36825640"	"6.63883718"	"3d6.(5D).4s.4p.(3P*)"	"z 5F*"	"4"	"3d7.(4F).4d"	"h 5D"	"3"	9	7		
"379.11690"	"379.116906"	"2.68e+06"	A	"0.99011115"	"4.26045326"	"3d7.(4F).4s"	"a 5F"	"2"	"3d6.(5D).4s.4p.(3P*)"	"z 3P*"	"1"	5	3		
"379.17308"	"379.173012"	"4.41e+06"	C	"3.03847046"	"6.30832866"	"3d6.(5D).4s.4p.(3P*)"	"z 7P*"	"2"	"3d6.(5D).4s (6D).4d"	"f 5D"	"1"	5	3		
"379.18303"	"379.183048"	"9.65e+05"	D+	"2.17594512"	"5.44571679"	"3d7.(4P).4s"	"a 5P"	"3"	"3d6.(3P2).4s.4p.(3P*)"	"w 5D*"	"3"	7	7		
"379.25822"	"379.258202"	"4.46e+05"	C+	"2.55917148"	"5.82829520"	"3d6.4s2"	"b 3F2"	"4"	"3d6.(3H).4s.4p.(3P*)"	"z 3H*"	"5"	9	11		
"379.28188"	"379.281850"	"6.7e+06"	E	"3.41695281"	"6.68587270"	"3d6.(5D).4s.4p.(3P*)"	"z 5F*"	"2"	"3d7.(4F).4d"	"f 5P"	"1"	5	3		
"379.32310"	"379.323069"	"1.93e+06"	B	"2.72754450"	"5.99610917"	"3d7.(2G).4s"	"a 3G"	"4"	"3d6.(3G).4s.4p.(3P*)"	"y 5H*"	"4"	9	9		
"379.39034"	"379.39042"	"2.96e+05"	C	"2.22271209"	"5.49069652"	"3d7.(4P).4s"	"a 5P"	"1"	"3d6.(3F2).4s.4p.(3P*)"	"w 5F*"	"2"	3	5		
"379.45576"	"379.455735"	"7.92e+06"	B	"2.99804479"	"6.26546671"	"3d6.(5D).4s.4p.(3P*)"	"z 7P*"	"3"	"3d6.(5D).4s (6D).4d"	"f 5D"	"3"	7	7		
"379.49487"	"379.49485"	"6.13e+06"	B	"2.84504259"	"6.11212776"	"3d7.(4P).4s"	"b 3P"	"1"	"3d6.(3F2).4s.4p.(3P*)"	"v 3D*"	"1"	3	3		
"379.54169"	"379.54166"	"4.15e+06"	B+	"2.45343044"	"5.72011266"	"3d6.4s2"	"a 3H"	"4"	"3d6.(3H).4s.4p.(3P*)"	"z 3I*"	"5"	9	11		
"379.60795"	"379.607961"	"1.15e+07"	A	"0.99011115"	"4.25622280"	"3d7.(4F).4s"	"a 5F"	"2"	"3d7.(4F).4p"	"y 5F*"	"3"	5	7		
"379.85928"	"379.85927"	"4.57e+07"	B+	"3.23672008"	"6.50067093"	"3d7.(2H).4s"	"b 3H"	"6"	"3d7.(2H).4p"	"w 3H*"	"6"	13	13		
"379.90272"	"379.902721"	"9.37e+05"	C+	"2.58810592"	"5.85168345"	"3d6.4s2"	"b 3F2"	"3"	"3d6.(3F2).4s.4p.(3P*)"	"x 3F*"	"2"	7	5		
"379.95896"	"379.958944"	"3.23e+06"	A	"0.91460217"	"4.17769679"	"3d7.(4F).4s"	"a 5F"	"4"	"3d7.(4F).4p"	"y 5F*"	"5"	9	11		
"380.06260"	"380.062586"	"7.31e+06"	A	"0.95815732"	"4.22036211"	"3d7.(4F).4s"	"a 5F"	"3"	"3d7.(4F).4p"	"y 5F*"	"4"	7	9		
"380.27584"	"380.275852"	"6.26e+06"	C+	"2.83159117"	"6.09196644"	"3d7.(4P).4s"	"b 3P"	"2"	"3d6.(3F2).4s.4p.(3P*)"	"v 3D*"	"3"	5	7		
"380.30631"	"380.306280"	"3.7e+06"	E	"3.33201954"	"6.59213395"	"3d6.(5D).4s.4p.(3P*)"	"z 5F*"	"5"	"3d7.(4F).4d"	"f 5G"	"6"	11	13		
"380.33581"	"380.33573"	"5.63e+06"	C+	"3.30092244"	"6.56078442"	"3d7.(2D2).4s"	"a 3D"	"2"	"3d7.(2D2).4p"	"v 3P*"	"2"	5	5		
"380.50891"	"380.508889"	"4.6e+06"	D	"3.33201954"	"6.59039805"	"3d6.(5D).4s.4p.(3P*)"	"z 5F*"	"5"	"3d7.(4F).4d"	"h 5D"	"4"	11	9		
"380.6422"	"380.64223"	"8.60e+07"	B+	"3.30140276"	"6.5586399"	"3d7.(2H).4s"	"b 3H"	"4"	"3d7.(2H).4p"	"y 3I*"	"5"	9	11		
"380.72969"	"380.72970"	"2.5e+07"	D+	"3.41489715"	"6.67138589"	"3d7.(2P).4s"	"a 1P"	"1"	"3d7.(2P).4p"	"x 3S*"	"1"	3	3		
"380.77760"	"380.77759"	"4.35e+07"	B+	"3.26711257"	"6.52319179"	"3d7.(2H).4s"	"b 3H"	"5"	"3d7.(2H).4p"	"w 3H*"	"5"	11	11		
"380.86174"	"380.861758"	"9.37e+06"	C+	"2.22271209"	"5.47807170"	"3d7.(4P).4s"	"a 5P"	"1"	"3d6.(3P2).4s.4p.(3P*)"	"w 5D*"	"2"	3	5		
"380.93617"	"380.93624"	"7.59e+05"	C+	"3.01725044"	"6.27197352"	"3d7.(2P).4s"	"c 3P"	"2"	"3d7.(2G).4p"	"z 1F*"	"3"	5	7		
"380.98094"	"380.980944"	"3.54e+06"	B	"2.55917148"	"5.81351269"	"3d6.4s2"	"b 3F2"	"4"	"3d6.(3F2).4s.4p.(3P*)"	"x 3F*"	"4"	9	9		
"381.01208"	"381.01211"	"1.7e+06"	E	"2.85805275"	"6.11212776"	"3d7.(4P).4s"	"b 3P"	"0"	"3d6.(3F2).4s.4p.(3P*)"	"v 3D*"	"1"	1	3		
"381.06455"	"381.064523"	"1.43e+06"	C+	"2.99804479"	"6.25167222"	"3d6.(5D).4s.4p.(3P*)"	"z 7P*"	"3"	"3d6.(5D).4s (6D).4d"	"f 5D"	"4"	7	9		
"381.18371"	"381.18372"	"1.94e+07"	C+	"3.30092244"	"6.55353246"	"3d7.(2D2).4s"	"a 3D"	"2"	"3d7.(2D2).4p"	"t 3D*"	"1"	5	3		
"381.21165"	"381.211605"	"2.06e+05"	C+	"2.72754450"	"5.97991659"	"3d7.(2G).4s"	"a 3G"	"4"	"3d6.(3G).4s.4p.(3P*)"	"y 5H*"	"5"	9	11		
"381.29727"	"381.29726"	"2.52e+06"	B+	"2.75857762"	"6.01021907"	"3d7.(2G).4s"	"a 3G"	"3"	"3d6.(3G).4s.4p.(3P*)"	"y 5H*"	"3"	7	7		
""	"381.315989"	"1.4e-02"	E	"0.0000000"	"3.25148176"	"3d6.4s2"	"a 5D"	"4"	"3d7.(2D2).4s"	"a 3D"	"3"	9	7	M1	
""	"381.315989"	"7.0e-03"	E	"0.0000000"	"3.25148176"	"3d6.4s2"	"a 5D"	"4"	"3d7.(2D2).4s"	"a 3D"	"3"	9	7	E2	
"381.40465"	"381.404647"	"7.91e+06"	A	"0.95815732"	"4.20888328"	"3d7.(4F).4s"	"a 5F"	"3"	"3d6.(5D).4s.4p.(3P*)"	"z 3P*"	"2"	7	5		
"381.41401"	"381.414001"	"5.52e+06"	B	"2.58810592"	"5.83875215"	"3d6.4s2"	"b 3F2"	"3"	"3d6.(3F2).4s.4p.(3P*)"	"x 3F*"	"3"	7	7		
"381.47171"	"381.471691"	"2.07e+06"	C+	"2.69240763"	"5.94256226"	"3d7.(2G).4s"	"a 3G"	"5"	"3d6.(3G).4s.4p.(3P*)"	"v 5F*"	"4"	11	9		
"381.49667"	"381.49659"	"6.62e+06"	B	"3.63434980"	"6.88429230"	"3d6.4s2"	"a 1I"	"6"	"3d6.(1G2).4s.4p.(3P*)"	"v 3H*"	"5"	13	11		
"381.50156"	"381.50150"	"2.91e+05"	C	"2.43269470"	"5.68259542"	"3d6.4s2"	"a 3H"	"5"	"3d6.(3F2).4s.4p.(3P*)"	"x 5G*"	"4"	11	9		
"381.56055"	"381.560567"	"6.24e+05"	A	"1.01105568"	"4.26045326"	"3d7.(4F).4s"	"a 5F"	"1"	"3d6.(5D).4s.4p.(3P*)"	"z 3P*"	"1"	3	3		
"381.69230"	"381.692268"	"1.12e+08"	A	"1.48486439"	"4.73314079"	"3d7.(4F).4s"	"a 3F"	"4"	"3d7.(4F).4p"	"y 3D*"	"3"	9	7		
"381.74231"	"381.742333"	"4.16e+06"	D+	"2.19786640"	"5.44571679"	"3d7.(4P).4s"	"a 5P"	"2"	"3d6.(3P2).4s.4p.(3P*)"	"w 5D*"	"3"	5	7		
"381.87226"	"381.872249"	"7.7e+06"	E	"3.33201954"	"6.57876498"	"3d6.(5D).4s.4p.(3P*)"	"z 5F*"	"5"	"3d7.(4F).4d"	"g 5F"	"5"	11	11		
"382.05769"	"382.057656"	"4.9e+06"	E	"3.39650880"	"6.64167865"	"3d6.(5D).4s.4p.(3P*)"	"z 5F*"	"3"	"3d7.(4F).4d"	"f 5P"	"2"	7	5		
"382.15091"	"382.150908"	"6.67e+07"	A	"0.85899575"	"4.10337372"	"3d7.(4F).4s"	"a 5F"	"5"	"3d7.(4F).4p"	"y 5D*"	"4"	11	9		
"382.22620"	"382.22618"	"5.54e+07"	B+	"3.26711257"	"6.51085164"	"3d7.(2H).4s"	"b 3H"	"5"	"3d7.(2H).4p"	"y 3I*"	"6"	11	13		
"382.29187"	"382.291888"	"7.30e+06"	B	"2.60850194"	"5.85168345"	"3d6.4s2"	"b 3F2"	"2"	"3d6.(3F2).4s.4p.(3P*)"	"x 3F*"	"2"	5	5		
"382.55287"	"382.552851"	"2.83e+06"	A	"0.0000000"	"3.24096914"	"3d6.4s2"	"a 5D"	"4"	"3d6.(5D).4s.4p.(3P*)"	"z 5D*"	"3"	9	7		
"382.64880"	"382.648776"	"6.47e+05"	C	"2.27860466"	"5.51876133"	"3d6.4s2"	"a 3P2"	"2"	"3d7.(4P).4p"	"y 5S*"	"2"	5	5		
"382.69665"	"382.696617"	"5.97e+07"	A	"0.91460217"	"4.15435379"	"3d7.(4F).4s"	"a 5F"	"4"	"3d7.(4F).4p"	"y 5D*"	"3"	9	7		
"382.79270"	"382.792732"	"2.29e+06"	C+	"2.72754450"	"5.96648265"	"3d7.(2G).4s"	"a 3G"	"4"	"3d6.(3G).4s.4p.(3P*)"	"v 5F*"	"3"	9	7		
"382.86573"	"382.865718"	"1.56e+06"	B	"2.69240763"	"5.93072834"	"3d7.(2G).4s"	"a 3G"	"5"	"3d6.(3F2).4s.4p.(3P*)"	"x 3G*"	"5"	11	11		
"382.89085"	"382.890830"	"1.05e+08"	A	"1.55735733"	"4.79546566"	"3d7.(4F).4s"	"a 3F"	"3"	"3d7.(4F).4p"	"y 3D*"	"2"	7	5		
"382.95900"	"382.959043"	"3.22e+05"	B	"2.75857762"	"5.99610917"	"3d7.(2G).4s"	"a 3G"	"3"	"3d6.(3G).4s.4p.(3P*)"	"y 5H*"	"4"	7	9		
"383.05381"	"383.05382"	"1.32e+07"	C	"3.27398440"	"6.51071489"	"3d7.(2D2).4s"	"a 3D"	"1"	"3d7.(2P).4p"	"u 3D*"	"1"	3	3		
"383.0851"	"383.084769"	"7.5e+05"	E	"2.55917148"	"5.79564049"	"3d6.4s2"	"b 3F2"	"4"	"3d7.(4P).4p"	"u 5D*"	"3"	9	7		
"383.18441"	"383.184383"	"1.04e+06"	C+	"2.60850194"	"5.84412959"	"3d6.4s2"	"b 3F2"	"2"	"3d7.(4P).4p"	"w 3D*"	"2"	5	5		
"383.19486"	"383.194822"	"1.07e+06"	B	"2.69240763"	"5.92794713"	"3d7.(2G).4s"	"a 3G"	"5"	"3d6.(3F2).4s.4p.(3P*)"	"x 3G*"	"4"	11	9		
"383.43954"	"383.439523"	"4.68e+06"	B	"2.55917148"	"5.79264615"	"3d6.4s2"	"b 3F2"	"4"	"3d7.(4P).4p"	"u 5D*"	"4"	9	9		
"383.53100"	"383.530995"	"4.52e+07"	A	"0.95815732"	"4.19086081"	"3d7.(4F).4s"	"a 5F"	"3"	"3d7.(4F).4p"	"y 5D*"	"2"	7	5		
"383.74184"	"383.741855"	"3.29e+07"	C+	"3.30092244"	"6.53184961"	"3d7.(2D2).4s"	"a 3D"	"2"	"3d7.(2D2).4p"	"t 3D*"	"2"	5	5		
"383.82232"	"383.822275"	"1.08e+06"	C	"2.60850194"	"5.83875215"	"3d6.4s2"	"b 3F2"	"2"	"3d6.(3F2).4s.4p.(3P*)"	"x 3F*"	"3"	5	7		
"384.03447"	"384.03449"	"2.35e+07"	B	"3.04686890"	"6.27533411"	"3d7.(2G).4s"	"a 1G"	"4"	"3d6.(3F2).4s.4p.(3P*)"	"x 1G*"	"4"	9	9		
"384.15266"	"384.152658"	"4.70e+07"	A	"0.99011115"	"4.21758325"	"3d7.(4F).4s"	"a 5F"	"2"	"3d7.(4F).4p"	"y 5D*"	"1"	5	3		
"384.21372"	"384.213704"	"1.36e+08"	B+	"1.60789577"	"4.83485507"	"3d7.(4F).4s"	"a 3F"	"2"	"3d7.(4F).4p"	"y 3D*"	"1"	5	3		
"384.39860"	"384.398643"	"4.87e+05"	C	"2.58810592"	"5.81351269"	"3d6.4s2"	"b 3F2"	"3"	"3d6.(3F2).4s.4p.(3P*)"	"x 3F*"	"4"	7	9		
"384.40785"	"384.407878"	"3.91e+05"	C	"2.58810592"	"5.81343520"	"3d6.4s2"	"b 3F2"	"3"	"3d7.(4P).4p"	"u 5D*"	"2"	7	5		
"384.43466"	"384.43466"	"3.70e+07"	B	"3.04686890"	"6.27197352"	"3d7.(2G).4s"	"a 1G"	"4"	"3d7.(2G).4p"	"z 1F*"	"3"	9	7		
"384.62592"	"384.625903"	"6.07e+06"	B+	"2.42419831"	"5.64769932"	"3d6.4s2"	"a 3P2"	"1"	"3d6.(3P2).4s.4p.(3P*)"	"x 3D*"	"1"	3	3		
"384.67855"	"384.678457"	"5.89e+06"	B	"3.54652001"	"6.76958063"	"3d7.(2D2).4s"	"a 1D"	"2"	"3d6.(3G).4s.4p.(3P*)"	"t 3G*"	"3"	5	7		
"384.70757"	"384.707522"	"4.5e+06"	D	"3.36825640"	"6.59107351"	"3d6.(5D).4s.4p.(3P*)"	"z 5F*"	"4"	"3d7.(4F).4d"	"f 5P"	"3"	9	7		
"384.75000"	"384.75002"	"1.68e+07"	C+	"3.57321890"	"6.7956800"	"3d7.(2H).4s"	"a 1H"	"5"	"3d6.(3G).4s.4p.(3P*)"	"w 1G*"	"4"	11	9		
"384.7891"	"384.78912"	"6.20e+07"	B	"3.25148176"	"6.47361547"	"3d7.(2D2).4s"	"a 3D"	"3"	"3d7.(2D2).4p"	"t 3D*"	"3"	7	7		
"384.80244"	"384.80253"	"3.44e+05"	C+	"2.43269470"	"5.65471608"	"3d6.4s2"	"a 3H"	"5"	"3d6.(3F2).4s.4p.(3P*)"	"x 5G*"	"6"	11	13		
"384.93799"	"384.938126"	"4.8e+05"	D	"2.60850194"	"5.82938837"	"3d6.4s2"	"b 3F2"	"2"	"3d7.(4P).4p"	"w 3D*"	"3"	5	7		
"385.10583"	"385.105817"	"6.05e+07"	A	"1.01105568"	"4.23053960"	"3d7.(4F).4s"	"a 5F"	"1"	"3d7.(4F).4p"	"y 5D*"	"0"	3	1		
"385.19097"	"385.190978"	"1.66e+06"	A	"0.99011115"	"4.20888328"	"3d7.(4F).4s"	"a 5F"	"2"	"3d6.(5D).4s.4p.(3P*)"	"z 3P*"	"2"	5	5		
"385.36649"	"385.366494"	"3.26e+06"	C	"2.17594512"	"5.39325126"	"3d7.(4P).4s"	"a 5P"	"3"	"3d6.(3P2).4s.4p.(3P*)"	"w 5D*"	"4"	7	9		
"385.45493"	"385.45492"	"5.8e+05"	D	"2.94879294"	"6.16536100"	"3d6.4s2"	"b 3G"	"5"	"3d7.(2G).4p"	"y 3H*"	"4"	11	9		
"385.54593"	"385.545900"	"5.07e+06"	C+	"3.21118938"	"6.42699840"	"3d6.(5D).4s.4p.(3P*)"	"z 5D*"	"4"	"3d6.(5D).4s (6D).4d"	"e 5P"	"3"	9	7		
"385.74648"	"385.746467"	"4.64e+06"	A	"0.05156912"	"3.26570610"	"3d6.4s2"	"a 5D"	"3"	"3d6.(5D).4s.4p.(3P*)"	"z 5D*"	"2"	7	5		
""	"385.806518"	"1.1e-02"	E	"0.08728574"	"3.30092244"	"3d6.4s2"	"a 5D"	"2"	"3d7.(2D2).4s"	"a 3D"	"2"	5	5	M1	
"386.03066"	"386.030662"	"7.25e+06"	B+	"2.40407444"	"5.61584517"	"3d6.4s2"	"a 3H"	"6"	"3d6.(3H).4s.4p.(3P*)"	"y 3G*"	"5"	13	11		
"386.10055"	"386.100550"	"9.69e+06"	A	"0.0000000"	"3.21118938"	"3d6.4s2"	"a 5D"	"4"	"3d6.(5D).4s.4p.(3P*)"	"z 5D*"	"4"	9	9		
"386.47857"	"386.478673"	"4.37e+06"	B	"3.26570610"	"6.47375371"	"3d6.(5D).4s.4p.(3P*)"	"z 5D*"	"2"	"3d6.(5D).4s (4D).5s"	"g 5D"	"1"	5	3		
"386.48365"	"386.483647"	"1.84e+06"	C+	"2.69240763"	"5.90041395"	"3d7.(2G).4s"	"a 3G"	"5"	"3d6.(3G).4s.4p.(3P*)"	"w 5G*"	"4"	11	9		
"386.66187"	"386.661882"	"1.55e+07"	A	"1.01105568"	"4.21758325"	"3d7.(4F).4s"	"a 5F"	"1"	"3d7.(4F).4p"	"y 5D*"	"1"	3	3		
"386.83120"	"386.831213"	"3.16e+07"	B	"3.01725044"	"6.22237439"	"3d7.(2P).4s"	"c 3P"	"2"	"3d7.(2P).4p"	"w 3P*"	"2"	5	5		
"386.90168"	"386.901676"	"7.06e+05"	C+	"2.58810592"	"5.79264615"	"3d6.4s2"	"b 3F2"	"3"	"3d7.(4P).4p"	"u 5D*"	"4"	7	9		
"387.06550"	"387.065509"	"1.59e+06"	B	"2.72754450"	"5.93072834"	"3d7.(2G).4s"	"a 3G"	"4"	"3d6.(3F2).4s.4p.(3P*)"	"x 3G*"	"5"	9	11		
"387.07048"	"387.07044"	"9.83e+05"	B	"2.72754450"	"5.93068755"	"3d7.(2G).4s"	"a 3G"	"4"	"3d6.(3F2).4s.4p.(3P*)"	"x 3G*"	"3"	9	7		
"387.28452"	"387.28455"	"5.83e+06"	B	"2.94879294"	"6.15016512"	"3d6.4s2"	"b 3G"	"5"	"3d7.(2G).4p"	"y 3H*"	"5"	11	11		
"387.35986"	"387.359874"	"1.05e+07"	A	"0.99011115"	"4.19086081"	"3d7.(4F).4s"	"a 5F"	"2"	"3d7.(4F).4p"	"y 5D*"	"2"	5	5		
"387.40188"	"387.401877"	"8.86e+05"	B	"2.72754450"	"5.92794713"	"3d7.(2G).4s"	"a 3G"	"4"	"3d6.(3F2).4s.4p.(3P*)"	"x 3G*"	"4"	9	9		
"387.48583"	"387.485820"	"6.57e+06"	B+	"2.43269470"	"5.63240401"	"3d6.4s2"	"a 3H"	"5"	"3d6.(3H).4s.4p.(3P*)"	"y 3G*"	"4"	11	9		
"387.71383"	"387.713830"	"1.15e+05"	C+	"1.01105568"	"4.20888328"	"3d7.(4F).4s"	"a 5F"	"1"	"3d6.(5D).4s.4p.(3P*)"	"z 3P*"	"2"	3	5		
"387.91172"	"387.911694"	"7.72e+06"	A	"0.95815732"	"4.15435379"	"3d7.(4F).4s"	"a 5F"	"3"	"3d7.(4F).4p"	"y 5D*"	"3"	7	7		
"387.96723"	"387.967212"	"6.17e+06"	B+	"0.08728574"	"3.28302483"	"3d6.4s2"	"a 5D"	"2"	"3d6.(5D).4s.4p.(3P*)"	"z 5D*"	"1"	5	3		
"387.97700"	"387.977011"	"7.02e+06"	B+	"2.45343044"	"5.64908881"	"3d6.4s2"	"a 3H"	"4"	"3d6.(3H).4s.4p.(3P*)"	"y 3G*"	"3"	9	7		
"387.98249"	"387.98255"	"5.34e+07"	C+	"3.27398440"	"6.46959714"	"3d7.(2D2).4s"	"a 3D"	"1"	"3d7.(2P).4p"	"1P*"	"1"	3	3		
"388.43802"	"388.438033"	"1.28e+07"	C+	"3.25148176"	"6.44334733"	"3d7.(2D2).4s"	"a 3D"	"3"	"3d7.(2P).4p"	"u 3D*"	"3"	7	7		
"388.54592"	"388.545900"	"3.99e+06"	B	"2.69240763"	"5.88338708"	"3d7.(2G).4s"	"a 3G"	"5"	"3d7.(2G).4p"	"z 1G*"	"4"	11	9		
"388.62463"	"388.624631"	"8.36e+05"	C	"2.99035244"	"6.18068544"	"3d6.4s2"	"b 3G"	"4"	"3d7.(2G).4p"	"v 3G*"	"3"	9	7		
"388.66114"	"388.661123"	"7.26e+06"	B+	"2.42419831"	"5.61423177"	"3d6.4s2"	"a 3P2"	"1"	"3d6.(3P2).4s.4p.(3P*)"	"x 3D*"	"2"	3	5		
"388.73833"	"388.738313"	"5.29e+06"	A	"0.05156912"	"3.24096914"	"3d6.4s2"	"a 5D"	"3"	"3d6.(5D).4s.4p.(3P*)"	"z 5D*"	"3"	7	7		
"388.81495"	"388.814930"	"3.52e+06"	A	"0.91460217"	"4.10337372"	"3d7.(4F).4s"	"a 5F"	"4"	"3d7.(4F).4p"	"y 5D*"	"4"	9	9		
"388.96151"	"388.961506"	"2.50e+07"	B+	"1.60789577"	"4.79546566"	"3d7.(4F).4s"	"a 3F"	"2"	"3d7.(4F).4p"	"y 3D*"	"2"	5	5		
"388.99233"	"388.992341"	"1.95e+07"	C+	"3.01725044"	"6.20456765"	"3d7.(2P).4s"	"c 3P"	"2"	"3d7.(2P).4p"	"w 3P*"	"1"	5	3		
"389.14979"	"389.149591"	"1.67e+06"	C	"3.24096914"	"6.42699840"	"3d6.(5D).4s.4p.(3P*)"	"z 5D*"	"3"	"3d6.(5D).4s (6D).4d"	"e 5P"	"3"	7	7		
"389.19427"	"389.194270"	"3.06e+06"	C+	"2.72754450"	"5.91320801"	"3d7.(2G).4s"	"a 3G"	"4"	"3d6.(3G).4s.4p.(3P*)"	"w 5G*"	"3"	9	7		
"389.30290"	"389.30292"	"2.71e+07"	C+	"3.41489715"	"6.59967157"	"3d7.(2P).4s"	"a 1P"	"1"	"3d7.(2D2).4p"	"v 3P*"	"1"	3	3		
"389.44122"	"389.441236"	"4.52e+06"	B	"2.83159117"	"6.01523448"	"3d7.(4P).4s"	"b 3P"	"2"	"3d7.(4P).4p"	"x 3P*"	"1"	5	3		
"389.44933"	"389.449304"	"1.00e+07"	B+	"2.94879294"	"6.13237029"	"3d6.4s2"	"b 3G"	"5"	"3d7.(2G).4p"	"v 3G*"	"5"	11	11		
"389.50155"	"389.501532"	"5.45e+05"	B+	"2.43269470"	"5.61584517"	"3d6.4s2"	"a 3H"	"5"	"3d6.(3H).4s.4p.(3P*)"	"y 3G*"	"5"	11	11		
"389.51150"	"389.51147"	"1.03e+07"	B	"3.30092244"	"6.48399171"	"3d7.(2D2).4s"	"a 3D"	"2"	"3d7.(2P).4p"	"u 3D*"	"2"	5	5		
""	"389.652907"	"3.38e+06"	C+	"3.29183986"	"6.47375371"	"3d6.(5D).4s.4p.(3P*)"	"z 5D*"	"0"	"3d6.(5D).4s (4D).5s"	"g 5D"	"1"	1	3		
"389.67599"	"389.675972"	"9.39e+06"	A	"0.11011433"	"3.29183986"	"3d6.4s2"	"a 5D"	"1"	"3d6.(5D).4s.4p.(3P*)"	"z 5D*"	"0"	3	1		
"389.85527"	"389.85528"	"1.78e+06"	D+	"2.94879294"	"6.12905507"	"3d6.4s2"	"b 3G"	"5"	"3d7.(2G).4p"	"y 3H*"	"6"	11	13		
"389.89939"	"389.89936"	"6.20e+06"	B	"2.69240763"	"5.87231021"	"3d7.(2G).4s"	"a 3G"	"5"	"3d6.(3G).4s.4p.(3P*)"	"w 5G*"	"6"	11	13		
"389.91130"	"389.911310"	"8.00e+05"	C+	"1.01105568"	"4.19086081"	"3d7.(4F).4s"	"a 5F"	"1"	"3d7.(4F).4p"	"y 5D*"	"2"	3	5		
"390.01332"	"390.013304"	"7.60e+05"	B+	"2.45343044"	"5.63240401"	"3d6.4s2"	"a 3H"	"4"	"3d6.(3H).4s.4p.(3P*)"	"y 3G*"	"4"	9	9		
"390.08119"	"390.081187"	"2.58e+06"	A	"0.08728574"	"3.26570610"	"3d6.4s2"	"a 5D"	"2"	"3d6.(5D).4s.4p.(3P*)"	"z 5D*"	"2"	5	5		
"390.1620"	"390.162018"	"7.9e+06"	D	"3.24096914"	"6.41873101"	"3d6.(5D).4s.4p.(3P*)"	"z 5D*"	"3"	"3d6.(5D).4s (4D).5s"	"g 5D"	"3"	7	7		
"390.40511"	"390.405077"	"2.14e+07"	A	"1.55735733"	"4.73314079"	"3d7.(4F).4s"	"a 3F"	"3"	"3d7.(4F).4p"	"y 3D*"	"3"	7	7		
"390.50035"	"390.50036"	"7.61e+06"	B	"2.99035244"	"6.16536100"	"3d6.4s2"	"b 3G"	"4"	"3d7.(2G).4p"	"y 3H*"	"4"	9	9		
"390.75861"	"390.758575"	"8.32e+05"	A	"0.11011433"	"3.28302483"	"3d6.4s2"	"a 5D"	"1"	"3d6.(5D).4s.4p.(3P*)"	"z 5D*"	"1"	3	3		
"390.78534"	"390.78536"	"7.05e+06"	B	"3.30092244"	"6.47361547"	"3d7.(2D2).4s"	"a 3D"	"2"	"3d7.(2D2).4p"	"t 3D*"	"3"	5	7		
"390.85718"	"390.85719"	"8.15e+05"	B	"2.75857762"	"5.93068755"	"3d7.(2G).4s"	"a 3G"	"3"	"3d6.(3F2).4s.4p.(3P*)"	"x 3G*"	"3"	7	7		
"390.90407"	"390.904069"	"6.67e+06"	C	"2.75857762"	"5.93030716"	"3d7.(2G).4s"	"a 3G"	"3"	"3d6.(3G).4s.4p.(3P*)"	"w 5G*"	"2"	7	5		
"391.07647"	"391.076541"	"5.7e+06"	E	"3.28302483"	"6.45335558"	"3d6.(5D).4s.4p.(3P*)"	"z 5D*"	"1"	"3d6.(5D).4s (4D).5s"	"g 5D"	"2"	3	5		
"391.09367"	"391.093671"	"6.99e+06"	B	"2.84504259"	"6.01523448"	"3d7.(4P).4s"	"b 3P"	"1"	"3d7.(4P).4p"	"x 3P*"	"1"	3	3		
"391.19511"	"391.195152"	"1.37e+06"	C+	"2.75857762"	"5.92794713"	"3d7.(2G).4s"	"a 3G"	"3"	"3d6.(3F2).4s.4p.(3P*)"	"x 3G*"	"4"	7	9		
"391.21065"	"391.210578"	"2.68e+06"	C+	"3.21118938"	"6.38043390"	"3d6.(5D).4s.4p.(3P*)"	"z 5D*"	"4"	"3d6.(5D).4s (6D).4d"	"f 5F"	"4"	9	9		
"391.47400"	"391.473979"	"1.35e+06"	B	"2.27860466"	"5.44571679"	"3d6.4s2"	"a 3P2"	"2"	"3d6.(3P2).4s.4p.(3P*)"	"w 5D*"	"3"	5	7		
"391.53813"	"391.538263"	"5.8e+06"	D	"3.28302483"	"6.44961696"	"3d6.(5D).4s.4p.(3P*)"	"z 5D*"	"1"	"3d6.(5D).4s (6D).4d"	"e 5P"	"1"	3	3		
"391.78399"	"391.78398"	"9.83e+06"	B	"3.23672008"	"6.40132623"	"3d7.(2H).4s"	"b 3H"	"6"	"3d6.(3H).4s.4p.(3P*)"	"1H*"	"5"	13	11		
"391.82901"	"391.828986"	"4.34e+05"	A	"0.99011115"	"4.15435379"	"3d7.(4F).4s"	"a 5F"	"2"	"3d7.(4F).4p"	"y 5D*"	"3"	5	7		
""	"391.875128"	"1.2e-02"	E	"0.11011433"	"3.27398440"	"3d6.4s2"	"a 5D"	"1"	"3d7.(2D2).4s"	"a 3D"	"1"	3	3	M1	
""	"391.875128"	"4.0e-03"	E	"0.11011433"	"3.27398440"	"3d6.4s2"	"a 5D"	"1"	"3d7.(2D2).4s"	"a 3D"	"1"	3	3	E2	
"391.94247"	"391.94243"	"6.03e+06"	B+	"2.48437256"	"5.64769932"	"3d6.4s2"	"a 3P2"	"0"	"3d6.(3P2).4s.4p.(3P*)"	"x 3D*"	"1"	1	3		
"391.95249"	"391.95248"	"4.22e+07"	C+	"2.84504259"	"6.00828827"	"3d7.(4P).4s"	"b 3P"	"1"	"3d7.(4P).4p"	"x 3P*"	"0"	3	1		
"391.97511"	"391.975125"	"1.17e+07"	C+	"3.01762252"	"6.18068544"	"3d6.4s2"	"b 3G"	"3"	"3d7.(2G).4p"	"v 3G*"	"3"	7	7		
"392.01750"	"392.017504"	"3.72e+06"	C+	"2.99035244"	"6.15307342"	"3d6.4s2"	"b 3G"	"4"	"3d7.(2G).4p"	"v 3G*"	"4"	9	9		
"392.13680"	"392.136764"	"2.60e+06"	A	"0.12126572"	"3.28302483"	"3d6.4s2"	"a 5D"	"0"	"3d6.(5D).4s.4p.(3P*)"	"z 5D*"	"1"	1	3		
"392.1947"	"392.194667"	"2.92e+06"	C+	"3.26570610"	"6.42699840"	"3d6.(5D).4s.4p.(3P*)"	"z 5D*"	"2"	"3d6.(5D).4s (6D).4d"	"e 5P"	"3"	5	7		
"392.23825"	"392.23823"	"5.54e+04"	C+	"2.55917148"	"5.72011266"	"3d6.4s2"	"b 3F2"	"4"	"3d6.(3H).4s.4p.(3P*)"	"z 3I*"	"5"	9	11		
"392.40224"	"392.402214"	"1.08e+06"	A	"0.05156912"	"3.21118938"	"3d6.4s2"	"a 5D"	"3"	"3d6.(5D).4s.4p.(3P*)"	"z 5D*"	"4"	7	9		
"392.63116"	"392.631254"	"6.2e+06"	D	"3.29183986"	"6.44961696"	"3d6.(5D).4s.4p.(3P*)"	"z 5D*"	"0"	"3d6.(5D).4s (6D).4d"	"e 5P"	"1"	1	3		
"392.67551"	"392.675502"	"8.04e+06"	B	"2.83159117"	"5.98901244"	"3d7.(4P).4s"	"b 3P"	"2"	"3d7.(4P).4p"	"x 3P*"	"2"	5	5		
"392.70526"	"392.705295"	"1.67e+07"	C+	"2.85805275"	"6.01523448"	"3d7.(4P).4s"	"b 3P"	"0"	"3d7.(4P).4p"	"x 3P*"	"1"	1	3		
"392.71246"	"392.712451"	"7.26e+06"	B	"3.24096914"	"6.39809335"	"3d6.(5D).4s.4p.(3P*)"	"z 5D*"	"3"	"3d6.(5D).4s (6D).4d"	"f 5F"	"3"	7	7		
"392.9032"	"392.903163"	"2.60e+06"	B+	"0.11011433"	"3.26570610"	"3d6.4s2"	"a 5D"	"1"	"3d6.(5D).4s.4p.(3P*)"	"z 5D*"	"2"	3	5		
"392.91949"	"392.919543"	"5.64e+06"	B	"3.21118938"	"6.36664959"	"3d6.(5D).4s.4p.(3P*)"	"z 5D*"	"4"	"3d6.(5D).4s (4D).5s"	"g 5D"	"4"	9	9		
"393.02286"	"393.022900"	"8.11e+05"	C+	"2.75857762"	"5.91320801"	"3d7.(2G).4s"	"a 3G"	"3"	"3d6.(3G).4s.4p.(3P*)"	"w 5G*"	"3"	7	7		
"393.03205"	"393.03206"	"2.09e+06"	C+	"3.25148176"	"6.40603863"	"3d7.(2D2).4s"	"a 3D"	"3"	"3d7.(2H).4p"	"u 3G*"	"4"	7	9		
"393.14092"	"393.140918"	"1.99e+06"	B+	"0.08728574"	"3.24096914"	"3d6.4s2"	"a 5D"	"2"	"3d6.(5D).4s.4p.(3P*)"	"z 5D*"	"3"	5	7		
"393.22300"	"393.223021"	"4.8e+06"	E	"3.26570610"	"6.41873101"	"3d6.(5D).4s.4p.(3P*)"	"z 5D*"	"2"	"3d6.(5D).4s (4D).5s"	"g 5D"	"3"	5	7		
""	"393.261217"	"1.1e-02"	E	"0.12126572"	"3.27398440"	"3d6.4s2"	"a 5D"	"0"	"3d7.(2D2).4s"	"a 3D"	"1"	1	3	M1	
"393.37405"	"393.374039"	"2.70e+06"	C+	"2.72754450"	"5.87935896"	"3d7.(2G).4s"	"a 3G"	"4"	"3d6.(3G).4s.4p.(3P*)"	"w 5G*"	"5"	9	11		
"393.4713"	"393.471273"	"5.92e+06"	C+	"3.07133880"	"6.22237439"	"3d7.(2P).4s"	"c 3P"	"1"	"3d7.(2P).4p"	"w 3P*"	"2"	3	5		
"393.64206"	"393.642051"	"2.2e+06"	D	"2.84504259"	"5.99471113"	"3d7.(4P).4s"	"b 3P"	"1"	"3d6.(3G).4s.4p.(3P*)"	"v 5F*"	"1"	3	3		
"393.69264"	"393.692666"	"1.14e+07"	C+	"2.83159117"	"5.98085478"	"3d7.(4P).4s"	"b 3P"	"2"	"3d6.(3G).4s.4p.(3P*)"	"v 5F*"	"2"	5	5		
"393.84422"	"393.844184"	"1.66e+06"	B	"2.69240763"	"5.84045966"	"3d7.(2G).4s"	"a 3G"	"5"	"3d6.(3H).4s.4p.(3P*)"	"z 3H*"	"4"	11	9		
"394.19928"	"394.199263"	"1.20e+05"	A	"0.95815732"	"4.10337372"	"3d7.(4F).4s"	"a 5F"	"3"	"3d7.(4F).4p"	"y 5D*"	"4"	7	9		
"394.23906"	"394.239094"	"9.1e+06"	D	"3.26570610"	"6.41060472"	"3d6.(5D).4s.4p.(3P*)"	"z 5D*"	"2"	"3d6.(5D).4s (6D).4d"	"f 5F"	"2"	5	5		
"394.34797"	"394.348077"	"5.17e+05"	C+	"2.99035244"	"6.13438193"	"3d6.4s2"	"b 3G"	"4"	"3d6.(3F2).4s.4p.(3P*)"	"1F*"	"3"	9	7		
"394.35556"	"394.355557"	"9.62e+06"	C+	"2.84504259"	"5.98901244"	"3d7.(4P).4s"	"b 3P"	"1"	"3d7.(4P).4p"	"x 3P*"	"2"	3	5		
"394.44566"	"394.44565"	"6.46e+05"	C+	"2.19786640"	"5.34111814"	"3d7.(4P).4s"	"a 5P"	"2"	"3d6.(3P2).4s.4p.(3P*)"	"x 5P*"	"1"	5	3		
"394.58550"	"394.585420"	"1.3e+06"	E	"2.84504259"	"5.98718095"	"3d7.(4P).4s"	"b 3P"	"1"	"3d5.(6S).4s2.4p"	"v 5P*"	"1"	3	3		
"394.60056"	"394.600554"	"1.40e+06"	B	"2.99035244"	"6.13237029"	"3d6.4s2"	"b 3G"	"4"	"3d7.(2G).4p"	"v 3G*"	"5"	9	11		
""	"394.609757"	"5.70e+05"	D+	"3.30140276"	"6.44334733"	"3d7.(2H).4s"	"b 3H"	"4"	"3d7.(2P).4p"	"u 3D*"	"3"	9	7		
"394.62335"	"394.623352"	"1.65e+06"	C+	"2.75857762"	"5.90041395"	"3d7.(2G).4s"	"a 3G"	"3"	"3d6.(3G).4s.4p.(3P*)"	"w 5G*"	"4"	7	9		
"394.81117"	"394.811171"	"3.91e+06"	C+	"3.21118938"	"6.35153108"	"3d6.(5D).4s.4p.(3P*)"	"z 5D*"	"4"	"3d6.(5D).4s (6D).4d"	"e 7G"	"5"	9	11		
"394.86479"	"394.864815"	"5.12e+06"	B	"2.83159117"	"5.97150625"	"3d7.(4P).4s"	"b 3P"	"2"	"3d5.(6S).4s2.4p"	"v 5P*"	"2"	5	5		
"394.92144"	"394.921452"	"1.31e+07"	B	"3.24096914"	"6.38043390"	"3d6.(5D).4s.4p.(3P*)"	"z 5D*"	"3"	"3d6.(5D).4s (6D).4d"	"f 5F"	"4"	7	9		
"394.98922"	"394.98923"	"2.08e+07"	B	"3.26711257"	"6.40603863"	"3d7.(2H).4s"	"b 3H"	"5"	"3d7.(2H).4p"	"u 3G*"	"4"	11	9		
"395.02589"	"395.02582"	"4.2e+06"	E	"3.41489715"	"6.55353246"	"3d7.(2P).4s"	"a 1P"	"1"	"3d7.(2D2).4p"	"t 3D*"	"1"	3	3		
"395.10706"	"395.10704"	"4.79e+06"	B	"2.17594512"	"5.31393522"	"3d7.(4P).4s"	"a 5P"	"3"	"3d6.(3P2).4s.4p.(3P*)"	"x 5P*"	"2"	7	5		
"395.22811"	"395.228142"	"4.29e+07"	B	"3.27398440"	"6.41101300"	"3d7.(2D2).4s"	"a 3D"	"1"	"3d7.(2P).4p"	"y 1D*"	"2"	3	5		
"395.3720"	"395.371950"	"2.97e+06"	B+	"2.69240763"	"5.82829520"	"3d7.(2G).4s"	"a 3G"	"5"	"3d6.(3H).4s.4p.(3P*)"	"z 3H*"	"5"	11	11		
"395.38141"	"395.381454"	"3.48e+06"	D+	"2.84504259"	"5.98085478"	"3d7.(4P).4s"	"b 3P"	"1"	"3d6.(3G).4s.4p.(3P*)"	"v 5F*"	"2"	3	5		
"395.42698"	"395.427013"	"2.97e+06"	C+	"3.01762252"	"6.15307342"	"3d6.4s2"	"b 3G"	"3"	"3d7.(2G).4p"	"v 3G*"	"4"	7	9		
"395.49763"	"395.497576"	"6.4e+05"	D	"2.83159117"	"5.96648265"	"3d7.(4P).4s"	"b 3P"	"2"	"3d6.(3G).4s.4p.(3P*)"	"v 5F*"	"3"	5	7		
"395.64603"	"395.646058"	"1.5e+07"	D	"3.28302483"	"6.41673983"	"3d6.(5D).4s.4p.(3P*)"	"z 5D*"	"1"	"3d6.(5D).4s (6D).4d"	"f 5F"	"1"	3	3		
"395.70747"	"395.707445"	"4.19e+06"	B	"3.07133880"	"6.20456765"	"3d7.(2P).4s"	"c 3P"	"1"	"3d7.(2P).4p"	"w 3P*"	"1"	3	3		
"395.75747"	"395.757448"	"1.76e+07"	B	"3.23672008"	"6.36955305"	"3d7.(2H).4s"	"b 3H"	"6"	"3d7.(2H).4p"	"u 3G*"	"5"	13	11		
"395.7797"	"395.77960"	"1.22e+07"	B+	"2.69240763"	"5.82506529"	"3d7.(2G).4s"	"a 3G"	"5"	"3d6.(3H).4s.4p.(3P*)"	"z 3H*"	"6"	11	13		
"395.81378"	"395.813763"	"1.67e+07"	B+	"3.26570610"	"6.39809335"	"3d6.(5D).4s.4p.(3P*)"	"z 5D*"	"2"	"3d6.(5D).4s (6D).4d"	"f 5F"	"3"	5	7		
"396.13995"	"396.139918"	"4.10e+06"	C+	"3.63977237"	"6.76958063"	"3d6.4s2"	"b 3D"	"2"	"3d6.(3G).4s.4p.(3P*)"	"t 3G*"	"3"	5	7		
"396.22608"	"396.226011"	"2.6e+06"	E	"2.85805275"	"5.98718095"	"3d7.(4P).4s"	"b 3P"	"0"	"3d5.(6S).4s2.4p"	"v 5P*"	"1"	1	3		
"396.34728"	"396.347248"	"1.2e+06"	E	"3.26570610"	"6.39387714"	"3d6.(5D).4s.4p.(3P*)"	"z 5D*"	"2"	"3d6.(5D).4s (6D).4d"	"e 7S"	"3"	5	7		
"396.42215"	"396.422163"	"1.5e+07"	D+	"3.28302483"	"6.41060472"	"3d6.(5D).4s.4p.(3P*)"	"z 5D*"	"1"	"3d6.(5D).4s (6D).4d"	"f 5F"	"2"	3	5		
"396.56367"	"396.563696"	"2.17e+06"	C+	"2.84504259"	"5.97150625"	"3d7.(4P).4s"	"b 3P"	"1"	"3d5.(6S).4s2.4p"	"v 5P*"	"2"	3	5		
"396.66306"	"396.663064"	"7.85e+05"	C	"3.24096914"	"6.36664959"	"3d6.(5D).4s.4p.(3P*)"	"z 5D*"	"3"	"3d6.(5D).4s (4D).5s"	"g 5D"	"4"	7	9		
"396.71835"	"396.718330"	"1.32e+06"	B+	"1.60789577"	"4.73314079"	"3d7.(4F).4s"	"a 3F"	"2"	"3d7.(4F).4p"	"y 3D*"	"3"	5	7		
"396.79320"	"396.793307"	"6.81e+05"	C	"3.30092244"	"6.42557692"	"3d7.(2D2).4s"	"a 3D"	"2"	"3d7.(2H).4p"	"u 3G*"	"3"	5	7		
"396.85429"	"396.854310"	"1.52e+07"	B	"3.30140276"	"6.42557692"	"3d7.(2H).4s"	"b 3H"	"4"	"3d7.(2H).4p"	"u 3G*"	"3"	9	7		
"396.90837"	"396.908370"	"6.09e+06"	B+	"3.24096914"	"6.36471779"	"3d6.(5D).4s.4p.(3P*)"	"z 5D*"	"3"	"3d6.(5D).4s (6D).4d"	"e 7G"	"4"	7	9		
"397.03799"	"397.037985"	"2.26e+07"	B+	"1.48486439"	"4.60759327"	"3d7.(4F).4s"	"a 3F"	"4"	"3d7.(4F).4p"	"y 3F*"	"3"	9	7		
"397.15120"	"397.15122"	"3.9e+07"	E	"3.07133880"	"6.19317735"	"3d7.(2P).4s"	"c 3P"	"1"	"3d7.(2P).4p"	"w 3P*"	"0"	3	1		
"397.24459"	"397.244553"	"4.97e+06"	B	"2.69240763"	"5.81351269"	"3d7.(2G).4s"	"a 3G"	"5"	"3d6.(3F2).4s.4p.(3P*)"	"x 3F*"	"4"	11	9		
"397.47731"	"397.47734"	"5.81e+06"	B	"3.54652001"	"6.66579718"	"3d7.(2D2).4s"	"a 1D"	"2"	"3d7.(2D2).4p"	"x 1F*"	"3"	5	7		
"397.55048"	"397.550437"	"8.2e+05"	E	"3.24096914"	"6.35967275"	"3d6.(5D).4s.4p.(3P*)"	"z 5D*"	"3"	"3d6.(5D).4s (4D).5s"	"e 3D"	"3"	7	7		
"397.58817"	"397.58837"	"3.44e+05"	C+	"2.22271209"	"5.34111814"	"3d7.(4P).4s"	"a 5P"	"1"	"3d6.(3P2).4s.4p.(3P*)"	"x 5P*"	"1"	3	3		
"397.63298"	"397.632749"	"1.2e+05"	D	"2.46883473"	"5.58689276"	"3d6.(5D).4s.4p.(3P*)"	"z 7D*"	"2"	"3d6.(5D).4s (6D).5s"	"e 5D"	"3"	5	7		
"397.7510"	"397.750941"	"3.98e+05"	C	"3.01725044"	"6.13438193"	"3d7.(2P).4s"	"c 3P"	"2"	"3d6.(3F2).4s.4p.(3P*)"	"1F*"	"3"	5	7		
"397.7738"	"397.773787"	"1.20e+07"	C+	"3.41489715"	"6.53184961"	"3d7.(2P).4s"	"a 1P"	"1"	"3d7.(2D2).4p"	"t 3D*"	"2"	3	5		
"397.88659"	"397.88659"	"6.41e+06"	B	"2.19786640"	"5.31393522"	"3d7.(4P).4s"	"a 5P"	"2"	"3d6.(3P2).4s.4p.(3P*)"	"x 5P*"	"2"	5	5		
"398.28970"	"398.289680"	"3.57e+06"	B	"2.72754450"	"5.84045966"	"3d7.(2G).4s"	"a 3G"	"4"	"3d6.(3H).4s.4p.(3P*)"	"z 3H*"	"4"	9	9		
"398.50829"	"398.508272"	"5.72e+06"	B	"2.72754450"	"5.83875215"	"3d7.(2G).4s"	"a 3G"	"4"	"3d6.(3F2).4s.4p.(3P*)"	"x 3F*"	"3"	9	7		
"398.65142"	"398.651410"	"8.53e+06"	B	"3.30092244"	"6.41101300"	"3d7.(2D2).4s"	"a 3D"	"2"	"3d7.(2P).4p"	"y 1D*"	"2"	5	5		
"399.09852"	"399.098580"	"5.3e+06"	D	"3.54652001"	"6.65312587"	"3d7.(2D2).4s"	"a 1D"	"2"	"3d7.(4F).5p"	"5F*"	"3"	5	7		
"399.15016"	"399.150145"	"1.43e+06"	B	"3.04686890"	"6.15307342"	"3d7.(2G).4s"	"a 1G"	"4"	"3d7.(2G).4p"	"v 3G*"	"4"	9	9		
"399.52423"	"399.52421"	"9.22e+05"	C+	"3.04686890"	"6.15016512"	"3d7.(2G).4s"	"a 1G"	"4"	"3d7.(2G).4p"	"y 3H*"	"5"	9	11		
"399.71132"	"399.711281"	"1.60e+06"	B	"2.72754450"	"5.82938837"	"3d7.(2G).4s"	"a 3G"	"4"	"3d7.(4P).4p"	"w 3D*"	"3"	9	7		
"399.80938"	"399.80937"	"7.95e+06"	C+	"3.69459719"	"6.7956800"	"3d6.4s2"	"b 1G2"	"4"	"3d6.(3G).4s.4p.(3P*)"	"w 1G*"	"4"	9	9		
"399.85222"	"399.852199"	"1.26e+07"	B+	"2.72754450"	"5.82829520"	"3d7.(2G).4s"	"a 3G"	"4"	"3d6.(3H).4s.4p.(3P*)"	"z 3H*"	"5"	9	11		
"399.91830"	"399.918257"	"5.70e+06"	B	"2.69240763"	"5.79264615"	"3d7.(2G).4s"	"a 3G"	"5"	"3d7.(4P).4p"	"u 5D*"	"4"	11	9		
"400.1383"	"400.138352"	"2.2e+06"	E	"3.26570610"	"6.36423934"	"3d6.(5D).4s.4p.(3P*)"	"z 5D*"	"2"	"3d6.(5D).4s (6D).4d"	"e 7F"	"2"	5	5		
"400.15881"	"400.158831"	"1.01e+06"	C+	"2.99035244"	"6.08872711"	"3d6.4s2"	"b 3G"	"4"	"3d7.(2G).4p"	"w 3F*"	"4"	9	9		
"400.27929"	"400.279235"	"7.47e+05"	C+	"2.17594512"	"5.27338780"	"3d7.(4P).4s"	"a 5P"	"3"	"3d6.(3P2).4s.4p.(3P*)"	"x 5P*"	"3"	7	7		
"400.48936"	"400.48933"	"6.76e+06"	C	"3.41489715"	"6.51071489"	"3d7.(2P).4s"	"a 1P"	"1"	"3d7.(2P).4p"	"u 3D*"	"1"	3	3		
"400.63740"	"400.637382"	"2.04e+07"	A	"1.55735733"	"4.65203107"	"3d7.(4F).4s"	"a 3F"	"3"	"3d7.(4F).4p"	"y 3F*"	"2"	7	5		
"400.74431"	"400.744359"	"5.1e+06"	D	"3.26711257"	"6.36096020"	"3d7.(2H).4s"	"b 3H"	"5"	"3d7.(2D2).4p"	"v 3F*"	"4"	11	9		
"400.77567"	"400.77568"	"5.89e+06"	B	"3.11096179"	"6.20456765"	"3d7.(2P).4s"	"c 3P"	"0"	"3d7.(2P).4p"	"w 3P*"	"1"	1	3		
"400.84047"	"400.840466"	"4.40e+06"	B	"2.75857762"	"5.85168345"	"3d7.(2G).4s"	"a 3G"	"3"	"3d6.(3F2).4s.4p.(3P*)"	"x 3F*"	"2"	7	5		
"401.08460"	"401.08460"	"4.64e+06"	B	"2.22271209"	"5.31393522"	"3d7.(4P).4s"	"a 5P"	"1"	"3d6.(3P2).4s.4p.(3P*)"	"x 5P*"	"2"	3	5		
"401.13097"	"401.130739"	"7.9e+05"	E	"3.64164057"	"6.73250811"	"3d6.4s2"	"b 3D"	"3"	"3d6.(3D).4s.4p.(3P*)"	"5D*"	"4"	7	9		
"401.25411"	"401.254096"	"2.26e+05"	B	"2.55917148"	"5.64908881"	"3d6.4s2"	"b 3F2"	"4"	"3d6.(3H).4s.4p.(3P*)"	"y 3G*"	"3"	9	7		
"401.28450"	"401.284528"	"1.1e+05"	D	"2.44955978"	"5.53924278"	"3d6.(5D).4s.4p.(3P*)"	"z 7D*"	"3"	"3d6.(5D).4s (6D).5s"	"e 5D"	"4"	7	9		
"401.49161"	"401.491622"	"4.19e+05"	C	"3.01725044"	"6.10533975"	"3d7.(2P).4s"	"c 3P"	"2"	"3d7.(2G).4p"	"w 3F*"	"3"	5	7		
"401.56654"	"401.566559"	"1.53e+07"	C+	"3.04686890"	"6.13438193"	"3d7.(2G).4s"	"a 1G"	"4"	"3d6.(3F2).4s.4p.(3P*)"	"1F*"	"3"	9	7		
"401.82186"	"401.821780"	"8.42e+05"	C	"2.75857762"	"5.84412959"	"3d7.(2G).4s"	"a 3G"	"3"	"3d7.(4P).4p"	"w 3D*"	"2"	7	5		
"401.82838"	"401.828367"	"3.25e+06"	B+	"3.04686890"	"6.13237029"	"3d7.(2G).4s"	"a 1G"	"4"	"3d7.(2G).4p"	"v 3G*"	"5"	9	11		
"401.94030"	"401.940262"	"3.44e+06"	B	"3.26570610"	"6.35034852"	"3d6.(5D).4s.4p.(3P*)"	"z 5D*"	"2"	"3d6.(5D).4s (6D).4d"	"e 5G"	"3"	5	7		
"402.01776"	"402.01797"	"1.1e+05"	E	"2.60850194"	"5.6925481"	"3d6.4s2"	"b 3F2"	"2"	"3d6.(3F2).4s.4p.(3P*)"	"x 5G*"	"3"	5	7		
"402.1619"	"402.161975"	"8.2e+05"	E	"3.64164057"	"6.72458242"	"3d6.4s2"	"b 3D"	"3"	"3d6.(3G).4s.4p.(3P*)"	"t 3G*"	"4"	7	9		
"402.3003"	"402.300272"	"8.55e+06"	B	"2.75857762"	"5.84045966"	"3d7.(2G).4s"	"a 3G"	"3"	"3d6.(3H).4s.4p.(3P*)"	"z 3H*"	"4"	7	9		
"402.52333"	"402.523290"	"1.07e+05"	C	"2.75857762"	"5.83875215"	"3d7.(2G).4s"	"a 3G"	"3"	"3d6.(3F2).4s.4p.(3P*)"	"x 3F*"	"3"	7	7		
"402.58622"	"402.586214"	"8.09e+06"	B	"3.24096914"	"6.32066224"	"3d6.(5D).4s.4p.(3P*)"	"z 5D*"	"3"	"3d6.(5D).4s (6D).4d"	"e 5G"	"4"	7	9		
"403.13235"	"403.132290"	"2.85e+05"	C+	"2.19786640"	"5.27338780"	"3d7.(4P).4s"	"a 5P"	"2"	"3d6.(3P2).4s.4p.(3P*)"	"x 5P*"	"3"	5	7		
"403.16272"	"403.162715"	"1.04e+07"	B	"3.21118938"	"6.28647868"	"3d6.(5D).4s.4p.(3P*)"	"z 5D*"	"4"	"3d6.(5D).4s (6D).4d"	"e 5G"	"5"	9	11		
"403.20292"	"403.202817"	"5.02e+06"	C+	"3.69459719"	"6.76958063"	"3d6.4s2"	"b 1G2"	"4"	"3d6.(3G).4s.4p.(3P*)"	"t 3G*"	"3"	9	7		
"403.30997"	"403.30998"	"7.6e+06"	D+	"3.27398440"	"6.34815078"	"3d7.(2D2).4s"	"a 3D"	"1"	"3d7.(2D2).4p"	"v 3F*"	"2"	3	5		
"403.37667"	"403.376634"	"2.46e+05"	D+	"1.48486439"	"4.55852281"	"3d7.(4F).4s"	"a 3F"	"4"	"3d6.(5D).4s.4p.(1P*)"	"y 5P*"	"3"	9	7		
"403.43257"	"403.432533"	"8.40e+04"	C+	"2.55917148"	"5.63240401"	"3d6.4s2"	"b 3F2"	"4"	"3d6.(3H).4s.4p.(3P*)"	"y 3G*"	"4"	9	9		
"403.7506"	"403.750699"	"9.6e+04"	E	"2.75857762"	"5.82938837"	"3d7.(2G).4s"	"a 3G"	"3"	"3d7.(4P).4p"	"w 3D*"	"3"	7	7		
"404.17795"	"404.177972"	"4.8e+06"	D+	"3.30092244"	"6.36848691"	"3d7.(2D2).4s"	"a 3D"	"2"	"3d7.(2D2).4p"	"v 3F*"	"3"	5	7		
"404.50388"	"404.503957"	"8.69e+06"	D+	"3.24096914"	"6.30606149"	"3d6.(5D).4s.4p.(3P*)"	"z 5D*"	"3"	"3d6.(5D).4s (6D).4d"	"f 7D"	"3"	7	7		
"404.57515"	"404.575146"	"8.17e+06"	B	"2.83159117"	"5.89614419"	"3d7.(4P).4s"	"b 3P"	"2"	"3d7.(4P).4p"	"y 3S*"	"1"	5	3		
"404.67365"	"404.673624"	"7.39e+06"	C	"3.21118938"	"6.27499663"	"3d6.(5D).4s.4p.(3P*)"	"z 5D*"	"4"	"3d6.(5D).4s (6D).4d"	"e 7P"	"3"	9	7		
"404.69551"	"404.695487"	"8.62e+07"	A	"1.48486439"	"4.54850612"	"3d7.(4F).4s"	"a 3F"	"4"	"3d7.(4F).4p"	"y 3F*"	"4"	9	9		
"404.72050"	"404.720482"	"6.85e+06"	C+	"3.26570610"	"6.32915863"	"3d6.(5D).4s.4p.(3P*)"	"z 5D*"	"2"	"3d6.(5D).4s (6D).4d"	"f 7D"	"1"	5	3		
"404.84470"	"404.84458"	"2.15e+05"	C	"2.27860466"	"5.34111814"	"3d6.4s2"	"a 3P2"	"2"	"3d6.(3P2).4s.4p.(3P*)"	"x 5P*"	"1"	5	3		
"405.04706"	"405.047015"	"2.11e+05"	B	"2.58810592"	"5.64908881"	"3d6.4s2"	"b 3F2"	"3"	"3d6.(3H).4s.4p.(3P*)"	"y 3G*"	"3"	7	7		
"405.30496"	"405.304988"	"3.3e+06"	D	"3.39650880"	"6.45554341"	"3d6.(5D).4s.4p.(3P*)"	"z 5F*"	"3"	"3d6.(5D).4s (6D).4d"	"e 5P"	"2"	7	5		
"405.53219"	"405.532288"	"7.7e+05"	D	"3.26570610"	"6.32302612"	"3d6.(5D).4s.4p.(3P*)"	"z 5D*"	"2"	"3d6.(5D).4s (6D).4d"	"f 7D"	"2"	5	5		
"405.60119"	"405.601157"	"9.61e+06"	B	"3.41695281"	"6.47375371"	"3d6.(5D).4s.4p.(3P*)"	"z 5F*"	"2"	"3d6.(5D).4s (4D).5s"	"g 5D"	"1"	5	3		
"405.61806"	"405.618037"	"4.43e+05"	B+	"2.55917148"	"5.61584517"	"3d6.4s2"	"b 3F2"	"4"	"3d6.(3H).4s.4p.(3P*)"	"y 3G*"	"5"	9	11		
"405.84893"	"405.848883"	"4.95e+05"	C	"2.75857762"	"5.81351269"	"3d7.(2G).4s"	"a 3G"	"3"	"3d6.(3F2).4s.4p.(3P*)"	"x 3F*"	"4"	7	9		
"405.9363"	"405.936282"	"4.47e+06"	C+	"3.21118938"	"6.26546671"	"3d6.(5D).4s.4p.(3P*)"	"z 5D*"	"4"	"3d6.(5D).4s (6D).4d"	"f 5D"	"3"	9	7		
"405.99000"	"405.989976"	"6.52e+05"	C	"2.42419831"	"5.47807170"	"3d6.4s2"	"a 3P2"	"1"	"3d6.(3P2).4s.4p.(3P*)"	"w 5D*"	"2"	3	5		
"406.08599"	"406.08596"	"5.71e+06"	C+	"3.54652001"	"6.59967157"	"3d7.(2D2).4s"	"a 1D"	"2"	"3d7.(2D2).4p"	"v 3P*"	"1"	5	3		
"406.35879"	"406.358800"	"1.85e+07"	C+	"2.84504259"	"5.89614419"	"3d7.(4P).4s"	"b 3P"	"1"	"3d7.(4P).4p"	"y 3S*"	"1"	3	3		
"406.47415"	"406.474125"	"6.65e+07"	B+	"1.55735733"	"4.60759327"	"3d7.(4F).4s"	"a 3F"	"3"	"3d7.(4F).4p"	"y 3F*"	"3"	7	7		
"406.65290"	"406.652874"	"1.7e+07"	D+	"3.43018998"	"6.47908516"	"3d6.(5D).4s.4p.(3P*)"	"z 5F*"	"1"	"3d6.(5D).4s (4D).5s"	"g 5D"	"0"	3	1		
"406.77334"	"406.773329"	"1.17e+06"	B	"2.99035244"	"6.03834476"	"3d6.4s2"	"b 3G"	"4"	"3d6.(3H).4s.4p.(3P*)"	"y 1G*"	"4"	9	9		
"406.84195"	"406.841926"	"2.19e+06"	B	"2.55917148"	"5.60664989"	"3d6.4s2"	"b 3F2"	"4"	"3d6.(3P2).4s.4p.(3P*)"	"x 3D*"	"3"	9	7		
"406.91262"	"406.912648"	"1.51e+07"	B	"3.21118938"	"6.25813812"	"3d6.(5D).4s.4p.(3P*)"	"z 5D*"	"4"	"3d6.(5D).4s (6D).4d"	"e 7P"	"4"	9	9		
"407.0216"	"407.021512"	"1.9e+06"	D	"3.28302483"	"6.32915863"	"3d6.(5D).4s.4p.(3P*)"	"z 5D*"	"1"	"3d6.(5D).4s (6D).4d"	"f 7D"	"1"	3	3		
"407.19200"	"407.191971"	"1.1e+07"	D+	"3.24096914"	"6.28582776"	"3d6.(5D).4s.4p.(3P*)"	"z 5D*"	"3"	"3d6.(5D).4s (6D).4d"	"f 5D"	"2"	7	5		
"407.26695"	"407.266946"	"4.28e+05"	B+	"2.58810592"	"5.63240401"	"3d6.4s2"	"b 3F2"	"3"	"3d6.(3H).4s.4p.(3P*)"	"y 3G*"	"4"	7	9		
"407.28874"	"407.288725"	"7.64e+07"	A	"1.60789577"	"4.65203107"	"3d7.(4F).4s"	"a 3F"	"2"	"3d7.(4F).4p"	"y 3F*"	"2"	5	5		
"407.36520"	"407.365212"	"4.88e+06"	B	"3.43018998"	"6.47375371"	"3d6.(5D).4s.4p.(3P*)"	"z 5F*"	"1"	"3d6.(5D).4s (4D).5s"	"g 5D"	"1"	3	3		
"407.49123"	"407.491221"	"1.68e+07"	B	"3.26570610"	"6.30832866"	"3d6.(5D).4s.4p.(3P*)"	"z 5D*"	"2"	"3d6.(5D).4s (6D).4d"	"f 5D"	"1"	5	3		
"407.5937"	"407.593616"	"3.43e+06"	C+	"3.04686890"	"6.08872711"	"3d7.(2G).4s"	"a 1G"	"4"	"3d7.(2G).4p"	"w 3F*"	"4"	9	9		
"407.73686"	"407.73694"	"1.4e+06"	E	"3.07133880"	"6.11212776"	"3d7.(2P).4s"	"c 3P"	"1"	"3d6.(3F2).4s.4p.(3P*)"	"v 3D*"	"1"	3	3		
"407.76405"	"407.764039"	"4.43e+05"	B	"2.60850194"	"5.64908881"	"3d6.4s2"	"b 3F2"	"2"	"3d6.(3H).4s.4p.(3P*)"	"y 3G*"	"3"	5	7		
"407.77798"	"407.777990"	"1.32e+07"	B	"3.21118938"	"6.25167222"	"3d6.(5D).4s.4p.(3P*)"	"z 5D*"	"4"	"3d6.(5D).4s (6D).4d"	"f 5D"	"4"	9	9		
"407.79508"	"407.795085"	"3.81e+06"	D+	"3.26570610"	"6.30606149"	"3d6.(5D).4s.4p.(3P*)"	"z 5D*"	"2"	"3d6.(5D).4s (6D).4d"	"f 7D"	"3"	5	7		
"407.95051"	"407.950465"	"4.55e+06"	B+	"2.60850194"	"5.64769932"	"3d6.4s2"	"b 3F2"	"2"	"3d6.(3P2).4s.4p.(3P*)"	"x 3D*"	"1"	5	3		
"408.03195"	"408.031929"	"5.4e+06"	E	"3.41695281"	"6.45554341"	"3d6.(5D).4s.4p.(3P*)"	"z 5F*"	"2"	"3d6.(5D).4s (6D).4d"	"e 5P"	"2"	5	5		
"408.09895"	"408.098969"	"5.83e+06"	B	"2.85805275"	"5.89614419"	"3d7.(4P).4s"	"b 3P"	"0"	"3d7.(4P).4p"	"y 3S*"	"1"	1	3		
"408.13608"	"408.13610"	"2.3e+07"	D	"3.28302483"	"6.32083991"	"3d6.(5D).4s.4p.(3P*)"	"z 5D*"	"1"	"3d6.(5D).4s (6D).4d"	"f 5D"	"0"	3	1		
"408.20287"	"408.202786"	"2.3e+06"	D	"3.29183986"	"6.32915863"	"3d6.(5D).4s.4p.(3P*)"	"z 5D*"	"0"	"3d6.(5D).4s (6D).4d"	"f 7D"	"1"	1	3		
"408.32600"	"408.325929"	"2.5e+06"	D	"3.41695281"	"6.45335558"	"3d6.(5D).4s.4p.(3P*)"	"z 5F*"	"2"	"3d6.(5D).4s (4D).5s"	"g 5D"	"2"	5	5		
"408.35768"	"408.35778"	"4.0e+06"	E	"3.63521992"	"6.67138589"	"3d6.4s2"	"b 3D"	"1"	"3d7.(2P).4p"	"x 3S*"	"1"	3	3		
"408.47017"	"408.47017"	"1.84e+05"	C	"2.27860466"	"5.31393522"	"3d6.4s2"	"a 3P2"	"2"	"3d6.(3P2).4s.4p.(3P*)"	"x 5P*"	"2"	5	5		
"408.56444"	"408.564459"	"8.66e+06"	C+	"3.33201954"	"6.36664959"	"3d6.(5D).4s.4p.(3P*)"	"z 5F*"	"5"	"3d6.(5D).4s (4D).5s"	"g 5D"	"4"	11	9		
"408.61570"	"408.615728"	"4.7e+06"	D	"2.84504259"	"5.87929188"	"3d7.(4P).4s"	"b 3P"	"1"	"3d6.(3P2).4s.4p.(3P*)"	"1D*"	"2"	3	5		
"408.64561"	"408.645601"	"8.92e+06"	C+	"3.24096914"	"6.27499663"	"3d6.(5D).4s.4p.(3P*)"	"z 5D*"	"3"	"3d6.(5D).4s (6D).4d"	"e 7P"	"3"	7	7		
"408.7137"	"408.71354"	"5.1e+06"	E	"4.15435379"	"7.1878769"	"3d7.(4F).4p"	"y 5D*"	"3"	"3d6.(5D).4s (4D).4d"	"i 5D"	"2"	7	5		
"408.82473"	"408.824710"	"1.9e+06"	D	"3.33201954"	"6.36471779"	"3d6.(5D).4s.4p.(3P*)"	"z 5F*"	"5"	"3d6.(5D).4s (6D).4d"	"e 7G"	"4"	11	9		
"408.97106"	"408.97099"	"4.2e+06"	D	"3.63977237"	"6.67138589"	"3d6.4s2"	"b 3D"	"2"	"3d7.(2P).4p"	"x 3S*"	"1"	5	3		
"409.03709"	"409.037085"	"3.45e+05"	C+	"2.94879294"	"5.97991659"	"3d6.4s2"	"b 3G"	"5"	"3d6.(3G).4s.4p.(3P*)"	"y 5H*"	"5"	11	11		
"409.12269"	"409.122666"	"1.0e+06"	D	"3.39650880"	"6.42699840"	"3d6.(5D).4s.4p.(3P*)"	"z 5F*"	"3"	"3d6.(5D).4s (6D).4d"	"e 5P"	"3"	7	7		
"409.21081"	"409.210795"	"1.1e+06"	D	"3.36825640"	"6.39809335"	"3d6.(5D).4s.4p.(3P*)"	"z 5F*"	"4"	"3d6.(5D).4s (6D).4d"	"f 5F"	"3"	9	7		
"409.27077"	"409.270735"	"1.14e+06"	B	"2.83159117"	"5.86098438"	"3d7.(4P).4s"	"b 3P"	"2"	"3d7.(4P).4p"	"w 3D*"	"1"	5	3		
"409.71266"	"409.712631"	"2.65e+06"	B+	"2.58810592"	"5.61423177"	"3d6.4s2"	"b 3F2"	"3"	"3d6.(3P2).4s.4p.(3P*)"	"x 3D*"	"2"	7	5		
"409.82395"	"409.823956"	"2.9e+06"	E	"3.28302483"	"6.30832866"	"3d6.(5D).4s.4p.(3P*)"	"z 5D*"	"1"	"3d6.(5D).4s (6D).4d"	"f 5D"	"1"	3	3		
"409.93321"	"409.933206"	"7.49e+06"	B	"3.24096914"	"6.26546671"	"3d6.(5D).4s.4p.(3P*)"	"z 5D*"	"3"	"3d6.(5D).4s (6D).4d"	"f 5D"	"3"	7	7		
"410.18949"	"410.189484"	"2.92e+04"	A	"0.85899575"	"3.88160368"	"3d7.(4F).4s"	"a 5F"	"5"	"3d6.(5D).4s.4p.(3P*)"	"z 3F*"	"4"	11	9		
"410.24183"	"410.241835"	"2.6e+06"	D	"3.39650880"	"6.41873101"	"3d6.(5D).4s.4p.(3P*)"	"z 5F*"	"3"	"3d6.(5D).4s (4D).5s"	"g 5D"	"3"	7	7		
"410.2843"	"410.28428"	"3.9e+05"	E	"2.48437256"	"5.50628207"	"3d6.4s2"	"a 3P2"	"0"	"3d6.(3P2).4s.4p.(3P*)"	"w 5D*"	"1"	1	3		
"410.6098"	"410.610116"	"2.6e+05"	D	"3.33201954"	"6.35153108"	"3d6.(5D).4s.4p.(3P*)"	"z 5F*"	"5"	"3d6.(5D).4s (6D).4d"	"e 7G"	"5"	11	11		
"410.74173"	"410.741734"	"3.3e+05"	E	"2.58810592"	"5.60664989"	"3d6.4s2"	"b 3F2"	"3"	"3d6.(3P2).4s.4p.(3P*)"	"x 3D*"	"3"	7	7		
"410.75814"	"410.758100"	"2.52e+06"	C+	"3.39650880"	"6.41493251"	"3d6.(5D).4s.4p.(3P*)"	"z 5F*"	"3"	"3d6.(5D).4s (4D).5s"	"e 3D"	"2"	7	5		
"410.86472"	"410.864726"	"1.74e+07"	B	"2.83159117"	"5.84923154"	"3d7.(4P).4s"	"b 3P"	"2"	"3d7.(4P).4p"	"u 5D*"	"1"	5	3		
"410.9292"	"410.928918"	"3.5e+05"	E	"3.24096914"	"6.25813812"	"3d6.(5D).4s.4p.(3P*)"	"z 5D*"	"3"	"3d6.(5D).4s (6D).4d"	"e 7P"	"4"	7	9		
"411.02153"	"411.021576"	"3.62e+06"	C	"3.29183986"	"6.30832866"	"3d6.(5D).4s.4p.(3P*)"	"z 5D*"	"0"	"3d6.(5D).4s (6D).4d"	"f 5D"	"1"	1	3		
"411.09612"	"411.096126"	"1.51e+07"	B	"2.84504259"	"5.86098438"	"3d7.(4P).4s"	"b 3P"	"1"	"3d7.(4P).4p"	"w 3D*"	"1"	3	3		
"411.34786"	"411.347887"	"1.5e+06"	D	"3.39650880"	"6.41060472"	"3d6.(5D).4s.4p.(3P*)"	"z 5F*"	"3"	"3d6.(5D).4s (6D).4d"	"f 5F"	"2"	7	5		
"411.41191"	"411.41189"	"1.1e+07"	D	"4.17769679"	"7.19132379"	"3d7.(4F).4p"	"y 5F*"	"5"	"3d6.(5D).4s (4D).4d"	"g 5G"	"6"	11	13		
"411.56056"	"411.560555"	"3.92e+06"	C+	"2.83159117"	"5.84412959"	"3d7.(4P).4s"	"b 3P"	"2"	"3d7.(4P).4p"	"w 3D*"	"2"	5	5		
"411.60984"	"411.609868"	"1.57e+06"	C+	"3.36825640"	"6.38043390"	"3d6.(5D).4s.4p.(3P*)"	"z 5F*"	"4"	"3d6.(5D).4s (6D).4d"	"f 5F"	"4"	9	9		
"411.97067"	"411.97063"	"4.96e+07"	B	"3.57321890"	"6.58275864"	"3d7.(2H).4s"	"a 1H"	"5"	"3d7.(2H).4p"	"1I*"	"6"	11	13		
"412.00486"	"412.004747"	"1.9e+06"	E	"3.26570610"	"6.27499663"	"3d6.(5D).4s.4p.(3P*)"	"z 5D*"	"2"	"3d6.(5D).4s (6D).4d"	"e 7P"	"3"	5	7		
"412.13686"	"412.136870"	"1.93e+06"	B	"2.99035244"	"5.99867825"	"3d6.4s2"	"b 3G"	"4"	"3d7.(2G).4p"	"z 1H*"	"5"	9	11		
"412.29652"	"412.296513"	"1.99e+06"	B	"2.83159117"	"5.83875215"	"3d7.(4P).4s"	"b 3P"	"2"	"3d6.(3F2).4s.4p.(3P*)"	"x 3F*"	"3"	5	7		
"412.36782"	"412.367835"	"3.23e+06"	B	"2.84504259"	"5.85168345"	"3d7.(4P).4s"	"b 3P"	"1"	"3d6.(3F2).4s.4p.(3P*)"	"x 3F*"	"2"	3	5		
"412.48913"	"412.489131"	"6.04e+05"	B	"2.99035244"	"5.99610917"	"3d6.4s2"	"b 3G"	"4"	"3d6.(3G).4s.4p.(3P*)"	"y 5H*"	"4"	9	9		
"412.6781"	"412.67837"	"9.9e+06"	E	"4.22036211"	"7.2247405"	"3d7.(4F).4p"	"y 5F*"	"4"	"3d6.(5D).4s (4D).4d"	"g 5G"	"5"	9	11		
"412.70440"	"412.704395"	"7.96e+05"	C	"2.84504259"	"5.84923154"	"3d7.(4P).4s"	"b 3P"	"1"	"3d7.(4P).4p"	"u 5D*"	"1"	3	3		
"412.73464"	"412.734664"	"4.2e+06"	D	"3.33201954"	"6.33598817"	"3d6.(5D).4s.4p.(3P*)"	"z 5F*"	"5"	"3d6.(5D).4s (6D).4d"	"f 5F"	"5"	11	11		
"412.8018"	"412.80155"	"1.3e+06"	D	"2.84504259"	"5.84852446"	"3d7.(4P).4s"	"b 3P"	"1"	"3d7.(4P).4p"	"u 5D*"	"0"	3	1		
"412.87719"	"412.877194"	"1.43e+07"	B	"2.85805275"	"5.86098438"	"3d7.(4P).4s"	"b 3P"	"0"	"3d7.(4P).4p"	"w 3D*"	"1"	1	3		
"413.0626"	"413.062490"	"6.5e+05"	E	"3.39650880"	"6.39809335"	"3d6.(5D).4s.4p.(3P*)"	"z 5F*"	"3"	"3d6.(5D).4s (6D).4d"	"f 5F"	"3"	7	7		
"413.32234"	"413.322338"	"1.18e+07"	B+	"1.60789577"	"4.60759327"	"3d7.(4F).4s"	"a 3F"	"2"	"3d7.(4F).4p"	"y 3F*"	"3"	5	7		
"413.40646"	"413.406474"	"7.70e+06"	B	"2.84504259"	"5.84412959"	"3d7.(4P).4s"	"b 3P"	"1"	"3d7.(4P).4p"	"w 3D*"	"2"	3	5		
"413.50214"	"413.502135"	"2.12e+06"	C+	"3.36825640"	"6.36664959"	"3d6.(5D).4s.4p.(3P*)"	"z 5F*"	"4"	"3d6.(5D).4s (4D).5s"	"g 5D"	"4"	9	9		
"413.55021"	"413.550187"	"1.06e+03"	C+	"0.0000000"	"2.99804479"	"3d6.4s2"	"a 5D"	"4"	"3d6.(5D).4s.4p.(3P*)"	"z 7P*"	"3"	9	7		
"413.5586"	"413.558567"	"2.62e+06"	C+	"3.01725044"	"6.01523448"	"3d7.(2P).4s"	"c 3P"	"2"	"3d7.(4P).4p"	"x 3P*"	"1"	5	3		
"413.58435"	"413.584343"	"1.25e+07"	C+	"2.83159117"	"5.82938837"	"3d7.(4P).4s"	"b 3P"	"2"	"3d7.(4P).4p"	"w 3D*"	"3"	5	7		
"413.76878"	"413.768717"	"1.32e+06"	C	"3.36825640"	"6.36471779"	"3d6.(5D).4s.4p.(3P*)"	"z 5F*"	"4"	"3d6.(5D).4s (6D).4d"	"e 7G"	"4"	9	9		
"413.81642"	"413.816437"	"2.75e+07"	B	"3.41489715"	"6.41101300"	"3d7.(2P).4s"	"a 1P"	"1"	"3d7.(2P).4p"	"y 1D*"	"2"	3	5		
"414.10946"	"414.109437"	"1.83e+04"	A	"0.99011115"	"3.98410712"	"3d7.(4F).4s"	"a 5F"	"2"	"3d6.(5D).4s.4p.(3P*)"	"z 3F*"	"2"	5	5		
"414.30311"	"414.30308"	"6.57e+05"	B	"3.01762252"	"6.01021907"	"3d6.4s2"	"b 3G"	"3"	"3d6.(3G).4s.4p.(3P*)"	"y 5H*"	"3"	7	7		
"414.3757"	"414.37557"	"7.5e+06"	E	"4.30127816"	"7.2933513"	"3d7.(4F).4p"	"y 5F*"	"1"	"3d6.(5D).4s (4D).4d"	"g 5G"	"2"	3	5		
"414.45828"	"414.458295"	"2.70e+07"	B	"3.04686890"	"6.03834476"	"3d7.(2G).4s"	"a 1G"	"4"	"3d6.(3H).4s.4p.(3P*)"	"y 1G*"	"4"	9	9		
"414.50364"	"414.503614"	"1.33e+07"	B+	"1.55735733"	"4.54850612"	"3d7.(4F).4s"	"a 3F"	"3"	"3d7.(4F).4p"	"y 3F*"	"4"	7	9		
"414.6368"	"414.63683"	"7.8e+04"	E	"2.69240763"	"5.68259542"	"3d7.(2G).4s"	"a 3G"	"5"	"3d6.(3F2).4s.4p.(3P*)"	"x 5G*"	"4"	11	9		
"414.72331"	"414.723325"	"3.78e+05"	C+	"2.99035244"	"5.97991659"	"3d6.4s2"	"b 3G"	"4"	"3d6.(3G).4s.4p.(3P*)"	"y 5H*"	"5"	9	11		
"414.88383"	"414.883824"	"4.36e+05"	A	"1.48486439"	"4.47327202"	"3d7.(4F).4s"	"a 3F"	"4"	"3d7.(4F).4p"	"z 3G*"	"3"	9	7		
"415.05349"	"415.053475"	"4.23e+06"	C	"3.33201954"	"6.31920567"	"3d6.(5D).4s.4p.(3P*)"	"z 5F*"	"5"	"3d6.(5D).4s (6D).4d"	"e 7G"	"6"	11	13		
"415.14191"	"415.141902"	"7.7e+06"	D	"3.43018998"	"6.41673983"	"3d6.(5D).4s.4p.(3P*)"	"z 5F*"	"1"	"3d6.(5D).4s (6D).4d"	"f 5F"	"1"	3	3		
"415.33397"	"415.333947"	"3.24e+04"	A	"0.95815732"	"3.94332623"	"3d7.(4F).4s"	"a 5F"	"3"	"3d6.(5D).4s.4p.(3P*)"	"z 3F*"	"3"	7	7		
""	"415.489257"	"1.6e-02"	E	"0.08728574"	"3.07133880"	"3d6.4s2"	"a 5D"	"2"	"3d7.(2P).4s"	"c 3P"	"1"	5	3	M1	
"415.50706"	"415.507073"	"2.05e+07"	B+	"3.39650880"	"6.38043390"	"3d6.(5D).4s.4p.(3P*)"	"z 5F*"	"3"	"3d6.(5D).4s (6D).4d"	"f 5F"	"4"	7	9		
"415.56698"	"415.566990"	"2.64e+07"	B	"2.83159117"	"5.81508605"	"3d7.(4P).4s"	"b 3P"	"2"	"3d6.(3P2).4s.4p.(3P*)"	"y 3P*"	"1"	5	3		
"415.59767"	"415.597663"	"1.40e+07"	B	"3.36825640"	"6.35153108"	"3d6.(5D).4s.4p.(3P*)"	"z 5F*"	"4"	"3d6.(5D).4s (6D).4d"	"e 7G"	"5"	9	11		
"415.78431"	"415.784320"	"5.27e+05"	B	"2.94879294"	"5.93072834"	"3d6.4s2"	"b 3G"	"5"	"3d6.(3F2).4s.4p.(3P*)"	"x 3G*"	"5"	11	11		
"415.79705"	"415.797062"	"1.20e+07"	B	"2.83159117"	"5.81343520"	"3d7.(4P).4s"	"b 3P"	"2"	"3d7.(4P).4p"	"u 5D*"	"2"	5	5		
"415.89521"	"415.895181"	"2.18e+07"	B+	"3.41695281"	"6.39809335"	"3d6.(5D).4s.4p.(3P*)"	"z 5F*"	"2"	"3d6.(5D).4s (6D).4d"	"f 5F"	"3"	5	7		
"415.99647"	"415.996462"	"1.6e+07"	D	"3.43018998"	"6.41060472"	"3d6.(5D).4s.4p.(3P*)"	"z 5F*"	"1"	"3d6.(5D).4s (6D).4d"	"f 5F"	"2"	3	5		
"416.22497"	"416.225242"	"9.5e+05"	D	"3.36825640"	"6.34703293"	"3d6.(5D).4s.4p.(3P*)"	"z 5F*"	"4"	"3d6.(5D).4s (6D).4d"	"e 7F"	"4"	9	9		
"416.26574"	"416.265751"	"3.01e+05"	B	"3.01762252"	"5.99610917"	"3d6.4s2"	"b 3G"	"3"	"3d6.(3G).4s.4p.(3P*)"	"y 5H*"	"4"	7	9		
"416.90333"	"416.90336"	"5.85e+05"	C	"3.30140276"	"6.27533411"	"3d7.(2H).4s"	"b 3H"	"4"	"3d6.(3F2).4s.4p.(3P*)"	"x 1G*"	"4"	9	9		
"416.97896"	"416.978914"	"6.8e+05"	D	"3.36825640"	"6.34164892"	"3d6.(5D).4s.4p.(3P*)"	"z 5F*"	"4"	"3d6.(5D).4s (6D).4d"	"e 7F"	"3"	9	7		
"417.01165"	"417.011796"	"1.9e+06"	D	"3.41695281"	"6.39011087"	"3d6.(5D).4s.4p.(3P*)"	"z 5F*"	"2"	"3d6.(5D).4s (6D).4d"	"e 7G"	"2"	5	5		
"417.0931"	"417.093249"	"1.0e+06"	D	"3.39650880"	"6.36908625"	"3d6.(5D).4s.4p.(3P*)"	"z 5F*"	"3"	"3d6.(5D).4s (6D).4d"	"e 5G"	"2"	7	5		
"417.20772"	"417.207698"	"6.29e+06"	C+	"3.01725044"	"5.98901244"	"3d7.(2P).4s"	"c 3P"	"2"	"3d7.(4P).4p"	"x 3P*"	"2"	5	5		
"417.28664"	"417.28662"	"2.01e+06"	C	"3.69459719"	"6.66579718"	"3d6.4s2"	"b 1G2"	"4"	"3d7.(2D2).4p"	"x 1F*"	"3"	9	7		
"417.30750"	"417.30753"	"1.09e+06"	C+	"3.30092244"	"6.27197352"	"3d7.(2D2).4s"	"a 3D"	"2"	"3d7.(2G).4p"	"z 1F*"	"3"	5	7		
"417.32979"	"417.329786"	"9.80e+06"	C+	"3.25148176"	"6.22237439"	"3d7.(2D2).4s"	"a 3D"	"3"	"3d7.(2P).4p"	"w 3P*"	"2"	7	5		
"417.38167"	"417.381641"	"2.24e+06"	B	"3.33201954"	"6.30254306"	"3d6.(5D).4s.4p.(3P*)"	"z 5F*"	"5"	"3d6.(5D).4s (6D).4d"	"e 7F"	"5"	11	11		
"417.39207"	"417.392042"	"6.46e+04"	A	"0.95815732"	"3.92860683"	"3d7.(4F).4s"	"a 5F"	"3"	"3d6.(5D).4s.4p.(3P*)"	"z 3D*"	"2"	7	5		
"417.44911"	"417.449105"	"2.63e+06"	C+	"2.84504259"	"5.81508605"	"3d7.(4P).4s"	"b 3P"	"1"	"3d6.(3P2).4s.4p.(3P*)"	"y 3P*"	"1"	3	3		
"417.50970"	"417.509688"	"6.50e+04"	B	"0.99011115"	"3.95972364"	"3d7.(4F).4s"	"a 5F"	"2"	"3d6.(5D).4s.4p.(3P*)"	"z 3D*"	"1"	5	3		
"417.60896"	"417.608914"	"5.87e+04"	A	"0.91460217"	"3.88350907"	"3d7.(4F).4s"	"a 5F"	"4"	"3d6.(5D).4s.4p.(3P*)"	"z 3D*"	"3"	9	7		
"417.68128"	"417.681267"	"1.14e+07"	B	"2.84504259"	"5.81343520"	"3d7.(4P).4s"	"b 3P"	"1"	"3d7.(4P).4p"	"u 5D*"	"2"	3	5		
"417.87711"	"417.877100"	"3.71e+04"	A	"0.91460217"	"3.88160368"	"3d7.(4F).4s"	"a 5F"	"4"	"3d6.(5D).4s.4p.(3P*)"	"z 3F*"	"4"	9	9		
"418.29330"	"418.293305"	"2.32e+07"	B	"2.83159117"	"5.79564049"	"3d7.(4P).4s"	"b 3P"	"2"	"3d7.(4P).4p"	"u 5D*"	"3"	5	7		
"418.35610"	"418.356111"	"5.04e+06"	D+	"3.01725044"	"5.98085478"	"3d7.(2P).4s"	"c 3P"	"2"	"3d6.(3G).4s.4p.(3P*)"	"v 5F*"	"2"	5	5		
"418.39363"	"418.393674"	"1.3e+06"	D	"3.41695281"	"6.38029108"	"3d6.(5D).4s.4p.(3P*)"	"z 5F*"	"2"	"3d6.(5D).4s (6D).4d"	"e 7G"	"3"	5	7		
"418.4185"	"418.418288"	"4.0e+05"	E	"3.39650880"	"6.35967275"	"3d6.(5D).4s.4p.(3P*)"	"z 5F*"	"3"	"3d6.(5D).4s (4D).5s"	"e 3D"	"3"	7	7		
"418.60709"	"418.607067"	"1.03e+07"	B	"2.83159117"	"5.79341882"	"3d7.(4P).4s"	"b 3P"	"2"	"3d6.(3P2).4s.4p.(3P*)"	"y 3P*"	"2"	5	5		
"418.82186"	"418.821837"	"2.15e+07"	B	"2.44955978"	"5.40986861"	"3d6.(5D).4s.4p.(3P*)"	"z 7D*"	"3"	"3d6.(5D).4s (6D).5s"	"e 7D"	"2"	7	5		
"418.87669"	"418.876730"	"4.48e+06"	C+	"3.43018998"	"6.39011087"	"3d6.(5D).4s.4p.(3P*)"	"z 5F*"	"1"	"3d6.(5D).4s (6D).4d"	"e 7G"	"2"	3	5		
"418.89753"	"418.897505"	"1.52e+07"	B	"2.42543332"	"5.38520741"	"3d6.(5D).4s.4p.(3P*)"	"z 7D*"	"4"	"3d6.(5D).4s (6D).5s"	"e 7D"	"3"	9	7		
"419.07369"	"419.073844"	"2.7e+06"	D	"3.69459719"	"6.65312587"	"3d6.4s2"	"b 1G2"	"4"	"3d7.(4F).5p"	"5F*"	"3"	9	7		
"419.26115"	"419.261107"	"2.73e+07"	B	"2.46883473"	"5.42604198"	"3d6.(5D).4s.4p.(3P*)"	"z 7D*"	"2"	"3d6.(5D).4s (6D).5s"	"e 7D"	"1"	5	3		
"419.28575"	"419.285770"	"4.06e+06"	B	"2.85805275"	"5.81508605"	"3d7.(4P).4s"	"b 3P"	"0"	"3d6.(3P2).4s.4p.(3P*)"	"y 3P*"	"1"	1	3		
"419.65109"	"419.651085"	"1.11e+07"	B	"3.33201954"	"6.28647868"	"3d6.(5D).4s.4p.(3P*)"	"z 5F*"	"5"	"3d6.(5D).4s (6D).4d"	"e 5G"	"5"	11	11		
"419.67998"	"419.679969"	"1.21e+06"	C+	"3.01725044"	"5.97150625"	"3d7.(2P).4s"	"c 3P"	"2"	"3d5.(6S).4s2.4p"	"v 5P*"	"2"	5	5		
"419.73904"	"419.739087"	"1.09e+07"	B+	"3.39650880"	"6.35034852"	"3d6.(5D).4s.4p.(3P*)"	"z 5F*"	"3"	"3d6.(5D).4s (6D).4d"	"e 5G"	"3"	7	7		
"419.77132"	"419.771313"	"3.0e+05"	E	"2.94879294"	"5.90240588"	"3d6.4s2"	"b 3G"	"5"	"3d6.(3G).4s.4p.(3P*)"	"v 5F*"	"5"	11	11		
"419.94295"	"419.942939"	"1.47e+07"	B+	"3.36825640"	"6.32066224"	"3d6.(5D).4s.4p.(3P*)"	"z 5F*"	"4"	"3d6.(5D).4s (6D).4d"	"e 5G"	"4"	9	9		
"419.94870"	"419.948653"	"8.03e+06"	B	"2.39920471"	"5.35157038"	"3d6.(5D).4s.4p.(3P*)"	"z 7D*"	"5"	"3d6.(5D).4s (6D).5s"	"e 7D"	"4"	11	9		
"419.98168"	"419.981687"	"1.25e+07"	B	"3.41695281"	"6.36908625"	"3d6.(5D).4s.4p.(3P*)"	"z 5F*"	"2"	"3d6.(5D).4s (6D).4d"	"e 5G"	"2"	5	5		
"420.0278"	"420.027799"	"4.92e+07"	B	"3.04686890"	"5.99867825"	"3d7.(2G).4s"	"a 1G"	"4"	"3d7.(2G).4p"	"z 1H*"	"5"	9	11		
"420.21075"	"420.210759"	"6.25e+06"	C+	"3.39650880"	"6.34703293"	"3d6.(5D).4s.4p.(3P*)"	"z 5F*"	"3"	"3d6.(5D).4s (6D).4d"	"e 7F"	"4"	7	9		
"420.32128"	"420.321273"	"8.22e+06"	A	"1.48486439"	"4.43461275"	"3d7.(4F).4s"	"a 3F"	"4"	"3d7.(4F).4p"	"z 3G*"	"4"	9	9		
"420.39368"	"420.393684"	"2.53e+05"	C+	"3.04686890"	"5.99610917"	"3d7.(2G).4s"	"a 1G"	"4"	"3d6.(3G).4s.4p.(3P*)"	"y 5H*"	"4"	9	9		
"420.47518"	"420.475279"	"1.70e+04"	C	"1.01105568"	"3.95972364"	"3d7.(4F).4s"	"a 5F"	"1"	"3d6.(5D).4s.4p.(3P*)"	"z 3D*"	"1"	3	3		
"420.51224"	"420.51223"	"2.97e+06"	B	"3.63434980"	"6.58275864"	"3d6.4s2"	"a 1I"	"6"	"3d7.(2H).4p"	"1I*"	"6"	13	13		
"420.51689"	"420.516884"	"7.37e+06"	B	"2.84504259"	"5.79341882"	"3d7.(4P).4s"	"b 3P"	"1"	"3d6.(3P2).4s.4p.(3P*)"	"y 3P*"	"2"	3	5		
"420.67230"	"420.672361"	"2.77e+06"	D+	"3.41695281"	"6.36423934"	"3d6.(5D).4s.4p.(3P*)"	"z 5F*"	"2"	"3d6.(5D).4s (6D).4d"	"e 7F"	"2"	5	5		
"420.78815"	"420.788129"	"5.90e+03"	D+	"0.05156912"	"2.99804479"	"3d6.4s2"	"a 5D"	"3"	"3d6.(5D).4s.4p.(3P*)"	"z 7P*"	"3"	7	7		
"420.83120"	"420.831230"	"4.8e+06"	D+	"2.83159117"	"5.77776507"	"3d7.(4P).4s"	"b 3P"	"2"	"3d6.(3P2).4s.4p.(3P*)"	"z 3S*"	"1"	5	3		
"421.15294"	"421.15291"	"1.48e+07"	B	"2.48211840"	"5.42604198"	"3d6.(5D).4s.4p.(3P*)"	"z 7D*"	"1"	"3d6.(5D).4s (6D).5s"	"e 7D"	"1"	3	3		
"421.15691"	"421.15690"	"7.18e+06"	B	"3.07133880"	"6.01523448"	"3d7.(2P).4s"	"c 3P"	"1"	"3d7.(4P).4p"	"x 3P*"	"1"	3	3		
"421.48340"	"421.48345"	"2.1e+07"	D+	"2.84504259"	"5.7866575"	"3d7.(4P).4s"	"b 3P"	"1"	"3d6.(3P2).4s.4p.(3P*)"	"y 3P*"	"0"	3	1		
"421.66104"	"421.66105"	"5.98e+05"	B	"2.99035244"	"5.93072834"	"3d6.4s2"	"b 3G"	"4"	"3d6.(3F2).4s.4p.(3P*)"	"x 3G*"	"5"	9	11		
"421.73711"	"421.737071"	"1.84e+04"	A	"0.0000000"	"2.93984587"	"3d6.4s2"	"a 5D"	"4"	"3d6.(5D).4s.4p.(3P*)"	"z 7P*"	"4"	9	9		
"421.87332"	"421.87334"	"2.46e+07"	B+	"3.43018998"	"6.36908625"	"3d6.(5D).4s.4p.(3P*)"	"z 5F*"	"1"	"3d6.(5D).4s (6D).4d"	"e 5G"	"2"	3	5		
"422.05485"	"422.05479"	"2.88e+07"	B+	"3.57321890"	"6.51085164"	"3d7.(2H).4s"	"a 1H"	"5"	"3d7.(2H).4p"	"y 3I*"	"6"	11	13		
"422.06025"	"422.06026"	"5.29e+05"	B	"2.99035244"	"5.92794713"	"3d6.4s2"	"b 3G"	"4"	"3d6.(3F2).4s.4p.(3P*)"	"x 3G*"	"4"	9	9		
"422.1238"	"422.12369"	"2.8e+06"	E	"3.92860683"	"6.86576013"	"3d6.(5D).4s.4p.(3P*)"	"z 3D*"	"2"	"3d7.(4F).4d"	"e 3P"	"1"	5	3		
"422.15301"	"422.15298"	"1.83e+07"	C+	"3.07133880"	"6.00828827"	"3d7.(2P).4s"	"c 3P"	"1"	"3d7.(4P).4p"	"x 3P*"	"0"	3	1		
"422.34020"	"422.34019"	"5.76e+06"	B	"2.44955978"	"5.38520741"	"3d6.(5D).4s.4p.(3P*)"	"z 7D*"	"3"	"3d6.(5D).4s (6D).5s"	"e 7D"	"3"	7	7		
"422.53611"	"422.53608"	"1.06e+07"	B+	"3.36825640"	"6.30254306"	"3d6.(5D).4s.4p.(3P*)"	"z 5F*"	"4"	"3d6.(5D).4s (6D).4d"	"e 7F"	"5"	9	11		
"422.57023"	"422.57025"	"6.81e+06"	C	"3.43018998"	"6.36423934"	"3d6.(5D).4s.4p.(3P*)"	"z 5F*"	"1"	"3d6.(5D).4s (6D).4d"	"e 7F"	"2"	3	5		
"422.66440"	"422.66442"	"1.65e+07"	B+	"3.41695281"	"6.35034852"	"3d6.(5D).4s.4p.(3P*)"	"z 5F*"	"2"	"3d6.(5D).4s (6D).4d"	"e 5G"	"3"	5	7		
"422.71456"	"422.71457"	"1.32e+06"	B+	"3.04686890"	"5.97991659"	"3d7.(2G).4s"	"a 1G"	"4"	"3d6.(3G).4s.4p.(3P*)"	"y 5H*"	"5"	9	11		
"422.76140"	"422.76144"	"4.3e+06"	D+	"2.84504259"	"5.77776507"	"3d7.(4P).4s"	"b 3P"	"1"	"3d6.(3P2).4s.4p.(3P*)"	"z 3S*"	"1"	3	3		
"422.86168"	"422.86170"	"5.29e+07"	B	"3.33201954"	"6.26404671"	"3d6.(5D).4s.4p.(3P*)"	"z 5F*"	"5"	"3d6.(5D).4s (6D).4d"	"e 5G"	"6"	11	13		
"423.07011"	"423.07004"	"2.93e+06"	C+	"3.27398440"	"6.20456765"	"3d7.(2D2).4s"	"a 3D"	"1"	"3d7.(2P).4p"	"w 3P*"	"1"	3	3		
"423.09426"	"423.09442"	"1.99e+04"	A	"1.48486439"	"4.41527878"	"3d7.(4F).4s"	"a 3F"	"4"	"3d7.(4F).4p"	"z 5G*"	"3"	9	7		
"423.39179"	"423.39180"	"8.78e+02"	A	"0.11011433"	"3.03847046"	"3d6.4s2"	"a 5D"	"1"	"3d6.(5D).4s.4p.(3P*)"	"z 7P*"	"2"	3	5		
"423.47947"	"423.47943"	"1.85e+07"	B	"2.48211840"	"5.40986861"	"3d6.(5D).4s.4p.(3P*)"	"z 7D*"	"1"	"3d6.(5D).4s (6D).5s"	"e 7D"	"2"	3	5		
"423.65796"	"423.65783"	"1.57e+06"	D+	"3.39650880"	"6.32302612"	"3d6.(5D).4s.4p.(3P*)"	"z 5F*"	"3"	"3d6.(5D).4s (6D).4d"	"f 7D"	"2"	7	5		
"423.71295"	"423.71289"	"1.88e+07"	B	"2.42543332"	"5.35157038"	"3d6.(5D).4s.4p.(3P*)"	"z 7D*"	"4"	"3d6.(5D).4s (6D).5s"	"e 7D"	"4"	9	9		
"423.82670"	"423.82663"	"2.22e+03"	B+	"0.95815732"	"3.88350907"	"3d7.(4F).4s"	"a 5F"	"3"	"3d6.(5D).4s.4p.(3P*)"	"z 3D*"	"3"	7	7		
"424.00032"	"424.00032"	"2.41e+07"	B+	"3.39650880"	"6.32066224"	"3d6.(5D).4s.4p.(3P*)"	"z 5F*"	"3"	"3d6.(5D).4s (6D).4d"	"e 5G"	"4"	7	9		
"424.05547"	"424.05553"	"1.3e+06"	E	"3.64164057"	"6.56541325"	"3d6.4s2"	"b 3D"	"3"	"3d6.(3G).4s.4p.(3P*)"	"3F*"	"4"	7	9		
"424.09259"	"424.09258"	"8.46e+05"	B	"2.94879294"	"5.87231021"	"3d6.4s2"	"b 3G"	"5"	"3d6.(3G).4s.4p.(3P*)"	"w 5G*"	"6"	11	13		
"424.10412"	"424.10415"	"7.67e+05"	B+	"2.69240763"	"5.61584517"	"3d7.(2G).4s"	"a 3G"	"5"	"3d6.(3H).4s.4p.(3P*)"	"y 3G*"	"5"	11	11		
"424.15644"	"424.15644"	"6.70e+06"	C+	"3.54652001"	"6.46959714"	"3d7.(2D2).4s"	"a 1D"	"2"	"3d7.(2P).4p"	"1P*"	"1"	5	3		
"424.2308"	"424.23110"	"4.3e+05"	D	"2.83159117"	"5.75415389"	"3d7.(4P).4s"	"b 3P"	"2"	"3d7.(4P).4p"	"w 5P*"	"1"	5	3		
"424.37902"	"424.37898"	"1.19e+05"	C+	"2.72754450"	"5.64908881"	"3d7.(2G).4s"	"a 3G"	"4"	"3d6.(3H).4s.4p.(3P*)"	"y 3G*"	"3"	9	7		
"424.39237"	"424.39239"	"1.32e+06"	C+	"3.30092244"	"6.22237439"	"3d7.(2D2).4s"	"a 3D"	"2"	"3d7.(2P).4p"	"w 3P*"	"2"	5	5		
"424.50107"	"424.50101"	"2.5e+06"	D	"3.88350907"	"6.80421351"	"3d6.(5D).4s.4p.(3P*)"	"z 3D*"	"3"	"3d7.(4F).4d"	"e 3P"	"2"	7	5		
"424.64521"	"424.64526"	"9.0e+06"	D+	"2.85805275"	"5.77776507"	"3d7.(4P).4s"	"b 3P"	"0"	"3d6.(3P2).4s.4p.(3P*)"	"z 3S*"	"1"	1	3		
"424.65394"	"424.65393"	"1.01e+06"	C+	"3.33201954"	"6.25167222"	"3d6.(5D).4s.4p.(3P*)"	"z 5F*"	"5"	"3d6.(5D).4s (6D).4d"	"f 5D"	"4"	11	9		
"424.72801"	"424.72795"	"5.85e+06"	C+	"3.64164057"	"6.56078442"	"3d6.4s2"	"b 3D"	"3"	"3d7.(2D2).4p"	"v 3P*"	"2"	7	5		
"424.85016"	"424.85011"	"1.02e+05"	C+	"2.45343044"	"5.37173492"	"3d6.4s2"	"a 3H"	"4"	"3d6.(3H).4s.4p.(3P*)"	"z 5H*"	"3"	9	7		
"424.86211"	"424.86208"	"1.94e+07"	B	"3.36825640"	"6.28647868"	"3d6.(5D).4s.4p.(3P*)"	"z 5F*"	"4"	"3d6.(5D).4s (6D).4d"	"e 5G"	"5"	9	11		
"424.94198"	"424.94197"	"3.82e+06"	C+	"3.07133880"	"5.98901244"	"3d7.(2P).4s"	"c 3P"	"1"	"3d7.(4P).4p"	"x 3P*"	"2"	3	5		
"425.13157"	"425.13153"	"2.07e+07"	B	"2.46883473"	"5.38520741"	"3d6.(5D).4s.4p.(3P*)"	"z 7D*"	"2"	"3d6.(5D).4s (6D).5s"	"e 7D"	"3"	5	7		
"425.19833"	"425.19831"	"1.02e+07"	B+	"1.55735733"	"4.47327202"	"3d7.(4F).4s"	"a 3F"	"3"	"3d7.(4F).4p"	"z 3G*"	"3"	7	7		
"425.61428"	"425.61425"	"1.43e+05"	C+	"3.01762252"	"5.93068755"	"3d6.4s2"	"b 3G"	"3"	"3d6.(3F2).4s.4p.(3P*)"	"x 3G*"	"3"	7	7		
"425.66980"	"425.66983"	"7.13e+05"	D+	"3.01762252"	"5.93030716"	"3d6.4s2"	"b 3G"	"3"	"3d6.(3G).4s.4p.(3P*)"	"w 5G*"	"2"	7	5		
"425.95143"	"425.95143"	"2.54e+03"	A	"0.08728574"	"2.99804479"	"3d6.4s2"	"a 5D"	"2"	"3d6.(5D).4s.4p.(3P*)"	"z 7P*"	"3"	5	7		
"425.98096"	"425.98121"	"8.0e+05"	D	"2.83159117"	"5.74214676"	"3d7.(4P).4s"	"b 3P"	"2"	"3d7.(4P).4p"	"w 5P*"	"2"	5	5		
"426.01502"	"426.01502"	"2.34e+05"	C+	"3.01762252"	"5.92794713"	"3d6.4s2"	"b 3G"	"3"	"3d6.(3F2).4s.4p.(3P*)"	"x 3G*"	"4"	7	9		
"426.0535"	"426.05353"	"4.19e+04"	D+	"2.99035244"	"5.90041395"	"3d6.4s2"	"b 3G"	"4"	"3d6.(3G).4s.4p.(3P*)"	"w 5G*"	"4"	9	9		
"426.11980"	"426.11980"	"1.57e+06"	D	"3.33201954"	"6.24162851"	"3d6.(5D).4s.4p.(3P*)"	"z 5F*"	"5"	"3d6.(5D).4s (6D).4d"	"e 7F"	"6"	11	13		
"426.13340"	"426.13342"	"2.20e+06"	C+	"3.07133880"	"5.98085478"	"3d7.(2P).4s"	"c 3P"	"1"	"3d6.(3G).4s.4p.(3P*)"	"v 5F*"	"2"	3	5		
"426.16733"	"426.16728"	"3.99e+07"	B	"2.39920471"	"5.30848946"	"3d6.(5D).4s.4p.(3P*)"	"z 7D*"	"5"	"3d6.(5D).4s (6D).5s"	"e 7D"	"5"	11	11		
"426.54034"	"426.54035"	"1.62e+06"	C+	"3.36825640"	"6.27499663"	"3d6.(5D).4s.4p.(3P*)"	"z 5F*"	"4"	"3d6.(5D).4s (6D).4d"	"e 7P"	"3"	9	7		
"426.81651"	"426.81651"	"6.27e+05"	B+	"2.72754450"	"5.63240401"	"3d7.(2G).4s"	"a 3G"	"4"	"3d6.(3H).4s.4p.(3P*)"	"y 3G*"	"4"	9	9		
"426.90274"	"426.90275"	"8.17e+06"	B	"3.11096179"	"6.01523448"	"3d7.(2P).4s"	"c 3P"	"0"	"3d7.(4P).4p"	"x 3P*"	"1"	1	3		
"426.99499"	"426.99500"	"3.30e+06"	C+	"3.30092244"	"6.20456765"	"3d7.(2D2).4s"	"a 3D"	"2"	"3d7.(2P).4p"	"w 3P*"	"1"	5	3		
"427.23555"	"427.23551"	"1.82e+07"	B	"2.44955978"	"5.35157038"	"3d6.(5D).4s.4p.(3P*)"	"z 7D*"	"3"	"3d6.(5D).4s (6D).5s"	"e 7D"	"4"	7	9		
"427.29624"	"427.29621"	"2.28e+07"	A	"1.48486439"	"4.38646275"	"3d7.(4F).4s"	"a 3F"	"4"	"3d7.(4F).4p"	"z 3G*"	"5"	9	11		
"427.6901"	"427.69011"	"5.59e+04"	D+	"2.55917148"	"5.45809748"	"3d6.4s2"	"b 3F2"	"4"	"3d6.(3F2).4s.4p.(3P*)"	"v 5D*"	"4"	9	9		
"427.78793"	"427.78778"	"2.6e+06"	D	"3.88160368"	"6.77986785"	"3d6.(5D).4s.4p.(3P*)"	"z 3F*"	"4"	"3d7.(4F).4d"	"f 3F"	"4"	9	9		
"427.94350"	"427.94338"	"1.0e+06"	D	"3.36825640"	"6.26546671"	"3d6.(5D).4s.4p.(3P*)"	"z 5F*"	"4"	"3d6.(5D).4s (6D).4d"	"f 5D"	"3"	9	7		
"428.0692"	"428.06920"	"1.5e+06"	D	"3.88350907"	"6.77986785"	"3d6.(5D).4s.4p.(3P*)"	"z 3D*"	"3"	"3d7.(4F).4d"	"f 3F"	"4"	7	9		
"428.1074"	"428.10728"	"6.5e+05"	D	"2.85805275"	"5.75415389"	"3d7.(4P).4s"	"b 3P"	"0"	"3d7.(4P).4p"	"w 5P*"	"1"	1	3		
"428.1743"	"428.17395"	"3.1e+05"	E	"3.23672008"	"6.13237029"	"3d7.(2H).4s"	"b 3H"	"6"	"3d7.(2G).4p"	"v 3G*"	"5"	13	11		
"428.36076"	"428.36075"	"1.21e+07"	B+	"2.17594512"	"5.07033256"	"3d7.(4P).4s"	"a 5P"	"3"	"3d6.(3P2).4s.4p.(3P*)"	"z 5S*"	"2"	7	5		
"428.5611"	"428.56106"	"1.1e+05"	E	"2.99035244"	"5.88338708"	"3d6.4s2"	"b 3G"	"4"	"3d7.(2G).4p"	"z 1G*"	"4"	9	9		
"428.66475"	"428.66472"	"1.78e+06"	D+	"3.23672008"	"6.12905507"	"3d7.(2H).4s"	"b 3H"	"6"	"3d7.(2G).4p"	"y 3H*"	"6"	13	13		
"428.7028"	"428.70293"	"1.3e+06"	D	"3.63977237"	"6.53184961"	"3d6.4s2"	"b 3D"	"2"	"3d7.(2D2).4p"	"t 3D*"	"2"	5	5		
"428.76400"	"428.76379"	"1.7e+05"	D	"2.94879294"	"5.84045966"	"3d6.4s2"	"b 3G"	"5"	"3d6.(3H).4s.4p.(3P*)"	"z 3H*"	"4"	11	9		
"428.93520"	"428.93520"	"4.49e+05"	B+	"2.75857762"	"5.64908881"	"3d7.(2G).4s"	"a 3G"	"3"	"3d6.(3H).4s.4p.(3P*)"	"y 3G*"	"3"	7	7		
"429.0163"	"429.01615"	"2.92e+05"	C	"2.58810592"	"5.47807170"	"3d6.4s2"	"b 3F2"	"3"	"3d6.(3P2).4s.4p.(3P*)"	"w 5D*"	"2"	7	5		
"429.15857"	"429.15860"	"6.29e+05"	C+	"2.99035244"	"5.87935896"	"3d6.4s2"	"b 3G"	"4"	"3d6.(3G).4s.4p.(3P*)"	"w 5G*"	"5"	9	11		
"429.20716"	"429.20713"	"3.83e+05"	C+	"2.83159117"	"5.72027099"	"3d7.(4P).4s"	"b 3P"	"2"	"3d7.(4P).4p"	"w 5P*"	"3"	5	7		
"429.26708"	"429.26703"	"3.35e+03"	B	"0.05156912"	"2.93984587"	"3d6.4s2"	"a 5D"	"3"	"3d6.(5D).4s.4p.(3P*)"	"z 7P*"	"4"	7	9		
"429.53326"	"429.53325"	"3.12e+06"	B+	"1.48486439"	"4.37135106"	"3d7.(4F).4s"	"a 3F"	"4"	"3d7.(4F).4p"	"z 5G*"	"4"	9	9		
"429.92453"	"429.92455"	"1.23e+06"	B	"3.04686890"	"5.93072834"	"3d7.(2G).4s"	"a 1G"	"4"	"3d6.(3F2).4s.4p.(3P*)"	"x 3G*"	"5"	9	11		
"430.0444"	"430.04434"	"1.29e+07"	B+	"2.42543332"	"5.30848946"	"3d6.(5D).4s.4p.(3P*)"	"z 7D*"	"4"	"3d6.(5D).4s (6D).5s"	"e 7D"	"5"	9	11		
"430.08378"	"430.08383"	"2.65e+05"	B	"3.01762252"	"5.90041395"	"3d6.4s2"	"b 3G"	"3"	"3d6.(3G).4s.4p.(3P*)"	"w 5G*"	"4"	7	9		
"430.1416"	"430.14133"	"6.5e+05"	E	"3.88160368"	"6.76400977"	"3d6.(5D).4s.4p.(3P*)"	"z 3F*"	"4"	"3d7.(4F).4d"	"e 3H"	"4"	9	9		
"430.33957"	"430.33958"	"7.70e+05"	B	"3.04686890"	"5.92794713"	"3d7.(2G).4s"	"a 1G"	"4"	"3d6.(3F2).4s.4p.(3P*)"	"x 3G*"	"4"	9	9		
"430.57513"	"430.57510"	"3.06e+05"	B	"2.94879294"	"5.82829520"	"3d6.4s2"	"b 3G"	"5"	"3d6.(3H).4s.4p.(3P*)"	"z 3H*"	"5"	11	11		
"430.64177"	"430.64171"	"4.7e+05"	E	"3.54652001"	"6.42557692"	"3d7.(2D2).4s"	"a 1D"	"2"	"3d7.(2H).4p"	"u 3G*"	"3"	5	7		
"430.66613"	"430.66611"	"5.54e+06"	C+	"3.01725044"	"5.89614419"	"3d7.(2P).4s"	"c 3P"	"2"	"3d7.(4P).4p"	"y 3S*"	"1"	5	3		
"430.91137"	"430.91134"	"3.38e+07"	B+	"1.55735733"	"4.43461275"	"3d7.(4F).4s"	"a 3F"	"3"	"3d7.(4F).4p"	"z 3G*"	"4"	7	9		
"431.02424"	"431.02423"	"1.96e+06"	B	"3.63434980"	"6.51085164"	"3d6.4s2"	"a 1I"	"6"	"3d7.(2H).4p"	"y 3I*"	"6"	13	13		
"431.05863"	"431.05862"	"1.78e+06"	C+	"2.94879294"	"5.82506529"	"3d6.4s2"	"b 3G"	"5"	"3d6.(3H).4s.4p.(3P*)"	"z 3H*"	"6"	11	13		
"431.1586"	"431.15840"	"2.4e+06"	E	"3.92860683"	"6.80421351"	"3d6.(5D).4s.4p.(3P*)"	"z 3D*"	"2"	"3d7.(4F).4d"	"e 3P"	"2"	5	5		
"431.62979"	"431.62980"	"7.76e+06"	B+	"2.19786640"	"5.07033256"	"3d7.(4P).4s"	"a 5P"	"2"	"3d6.(3P2).4s.4p.(3P*)"	"z 5S*"	"2"	5	5		
"431.8261"	"431.82623"	"5.2e+05"	E	"3.54652001"	"6.41767950"	"3d7.(2D2).4s"	"a 1D"	"2"	"3d6.(3H).4s.4p.(3P*)"	"x 1D*"	"2"	5	5		
"432.69780"	"432.69780"	"5.16e+07"	B+	"1.60789577"	"4.47327202"	"3d7.(4F).4s"	"a 3F"	"2"	"3d7.(4F).4p"	"z 3G*"	"3"	5	7		
"432.71561"	"432.71570"	"4.81e+05"	D+	"3.26711257"	"6.13237029"	"3d7.(2H).4s"	"b 3H"	"5"	"3d7.(2G).4p"	"v 3G*"	"5"	11	11		
"432.79697"	"432.79696"	"4.63e+05"	C	"2.94879294"	"5.81351269"	"3d6.4s2"	"b 3G"	"5"	"3d6.(3F2).4s.4p.(3P*)"	"x 3F*"	"4"	11	9		
"432.83120"	"432.83122"	"1.12e+07"	B	"3.54652001"	"6.41101300"	"3d7.(2D2).4s"	"a 1D"	"2"	"3d7.(2P).4p"	"y 1D*"	"2"	5	5		
"432.91201"	"432.91203"	"7.16e+05"	C+	"3.30140276"	"6.16536100"	"3d7.(2H).4s"	"b 3H"	"4"	"3d7.(2G).4p"	"y 3H*"	"4"	9	9		
"433.82654"	"433.82647"	"1.02e+06"	A	"1.55735733"	"4.41527878"	"3d7.(4F).4s"	"a 3F"	"3"	"3d7.(4F).4p"	"z 5G*"	"3"	7	7		
"433.94672"	"433.94771"	"7.9e+04"	D	"2.17594512"	"5.03306811"	"3d7.(4P).4s"	"a 5P"	"3"	"3d6.(5D).4s.4p.(1P*)"	"x 5F*"	"4"	7	9		
"434.4492"	"434.44918"	"1.6e+06"	D	"3.25148176"	"6.10530689"	"3d7.(2D2).4s"	"a 3D"	"3"	"3d6.(3F2).4s.4p.(3P*)"	"v 3D*"	"2"	7	5		
"434.49183"	"434.49182"	"6.21e+05"	B	"3.04686890"	"5.90041395"	"3d7.(2G).4s"	"a 1G"	"4"	"3d6.(3G).4s.4p.(3P*)"	"w 5G*"	"4"	9	9		
"434.77742"	"434.77741"	"7.52e+05"	B	"3.30140276"	"6.15307342"	"3d7.(2H).4s"	"b 3H"	"4"	"3d7.(2G).4p"	"v 3G*"	"4"	9	9		
"434.84553"	"434.845491"	"1.23e+02"	A	"0.0000000"	"2.85122419"	"3d6.4s2"	"a 5D"	"4"	"3d6.(5D).4s.4p.(3P*)"	"z 7F*"	"4"	9	9		
"434.90545"	"434.90554"	"1.7e+06"	D	"3.60252504"	"6.45335558"	"3d6.(5D).4s.4p.(3P*)"	"z 5P*"	"3"	"3d6.(5D).4s (4D).5s"	"g 5D"	"2"	7	5		
"435.01588"	"435.01591"	"2.82e+05"	D+	"2.99035244"	"5.84045966"	"3d6.4s2"	"b 3G"	"4"	"3d6.(3H).4s.4p.(3P*)"	"z 3H*"	"4"	9	9		
"435.27668"	"435.27669"	"9.39e+05"	B	"2.99035244"	"5.83875215"	"3d6.4s2"	"b 3G"	"4"	"3d6.(3F2).4s.4p.(3P*)"	"x 3F*"	"3"	9	7		
"435.39579"	"435.39580"	"3.63e+06"	B+	"2.22271209"	"5.07033256"	"3d7.(4P).4s"	"a 5P"	"1"	"3d6.(3P2).4s.4p.(3P*)"	"z 5S*"	"2"	3	5		
"435.97239"	"435.97257"	"8.09e+05"	C+	"2.94879294"	"5.79264615"	"3d6.4s2"	"b 3G"	"5"	"3d7.(4P).4p"	"u 5D*"	"4"	11	9		
"436.20285"	"436.20296"	"1.0e+06"	D	"3.64164057"	"6.48399171"	"3d6.4s2"	"b 3D"	"3"	"3d7.(2P).4p"	"u 3D*"	"2"	7	5		
"436.71234"	"436.71233"	"2.81e+05"	C	"2.99035244"	"5.82938837"	"3d6.4s2"	"b 3G"	"4"	"3d7.(4P).4p"	"w 3D*"	"3"	9	7		
"436.88056"	"436.88055"	"1.56e+06"	B	"2.99035244"	"5.82829520"	"3d6.4s2"	"b 3G"	"4"	"3d6.(3H).4s.4p.(3P*)"	"z 3H*"	"5"	9	11		
"436.91308"	"436.91307"	"9.09e+04"	C+	"1.60789577"	"4.44562726"	"3d7.(4F).4s"	"a 3F"	"2"	"3d7.(4F).4p"	"z 5G*"	"2"	5	5		
"437.09995"	"437.09996"	"6.09e+06"	C+	"3.04686890"	"5.88338708"	"3d7.(2G).4s"	"a 1G"	"4"	"3d7.(2G).4p"	"z 1G*"	"4"	9	9		
"437.42102"	"437.42152"	"1.8e+05"	D	"3.01725044"	"5.85168345"	"3d7.(2P).4s"	"c 3P"	"2"	"3d6.(3F2).4s.4p.(3P*)"	"x 3F*"	"2"	5	5		
"437.47894"	"437.47894"	"1.04e+06"	C	"3.01762252"	"5.85168345"	"3d6.4s2"	"b 3G"	"3"	"3d6.(3F2).4s.4p.(3P*)"	"x 3F*"	"2"	7	5		
"437.57181"	"437.57181"	"1.68e+05"	C	"3.30092244"	"6.13438193"	"3d7.(2D2).4s"	"a 3D"	"2"	"3d6.(3F2).4s.4p.(3P*)"	"1F*"	"3"	5	7		
"437.6705"	"437.67063"	"1.53e+05"	D+	"3.57321890"	"6.40603863"	"3d7.(2H).4s"	"a 1H"	"5"	"3d7.(2H).4p"	"u 3G*"	"4"	11	9		
"437.71594"	"437.715895"	"2.95e+04"	A	"0.0000000"	"2.83252676"	"3d6.4s2"	"a 5D"	"4"	"3d6.(5D).4s.4p.(3P*)"	"z 7F*"	"5"	9	11		
"437.8004"	"437.80023"	"5.35e+05"	D+	"3.01725044"	"5.84923154"	"3d7.(2P).4s"	"c 3P"	"2"	"3d7.(4P).4p"	"u 5D*"	"1"	5	3		
"437.90214"	"437.90207"	"3.8e+05"	D	"3.27398440"	"6.10530689"	"3d7.(2D2).4s"	"a 3D"	"1"	"3d6.(3F2).4s.4p.(3P*)"	"v 3D*"	"2"	3	5		
"438.39991"	"438.39990"	"1.54e+06"	C+	"3.57321890"	"6.40132623"	"3d7.(2H).4s"	"a 1H"	"5"	"3d6.(3H).4s.4p.(3P*)"	"1H*"	"5"	11	11		
"438.47763"	"438.47760"	"5.00e+07"	A	"1.48486439"	"4.31247059"	"3d7.(4F).4s"	"a 3F"	"4"	"3d7.(4F).4p"	"z 5G*"	"5"	9	11		
"438.59038"	"438.59037"	"5.4e+05"	E	"3.01725044"	"5.84412959"	"3d7.(2P).4s"	"c 3P"	"2"	"3d7.(4P).4p"	"w 3D*"	"2"	5	5		
"438.91237"	"438.91235"	"3.46e+06"	C+	"3.07133880"	"5.89614419"	"3d7.(2P).4s"	"c 3P"	"1"	"3d7.(4P).4p"	"y 3S*"	"1"	3	3		
"438.96394"	"438.96395"	"1.03e+07"	B	"3.60252504"	"6.42699840"	"3d6.(5D).4s.4p.(3P*)"	"z 5P*"	"3"	"3d6.(5D).4s (6D).4d"	"e 5P"	"3"	7	7		
"439.0478"	"439.04773"	"1.81e+03"	A	"0.05156912"	"2.87550352"	"3d6.4s2"	"a 5D"	"3"	"3d6.(5D).4s.4p.(3P*)"	"z 7F*"	"2"	7	5		
"439.16811"	"439.16812"	"1.4e+05"	D	"2.99035244"	"5.81351269"	"3d6.4s2"	"b 3G"	"4"	"3d6.(3F2).4s.4p.(3P*)"	"x 3F*"	"4"	9	9		
"439.21838"	"439.21839"	"1.16e+06"	C+	"3.01762252"	"5.84045966"	"3d6.4s2"	"b 3G"	"3"	"3d6.(3H).4s.4p.(3P*)"	"z 3H*"	"4"	7	9		
"439.3097"	"439.30948"	"1.1e+06"	E	"3.92860683"	"6.75085864"	"3d6.(5D).4s.4p.(3P*)"	"z 3D*"	"2"	"3d7.(4F).4d"	"f 3D"	"1"	5	3		
"439.3813"	"439.38135"	"4.1e+05"	E	"3.88160368"	"6.70339390"	"3d6.(5D).4s.4p.(3P*)"	"z 3F*"	"4"	"3d7.(4F).4d"	"e 3G"	"4"	9	9		
"439.65085"	"439.65086"	"1.70e+06"	B	"3.65369332"	"6.47375371"	"3d6.(5D).4s.4p.(3P*)"	"z 5P*"	"2"	"3d6.(5D).4s (4D).5s"	"g 5D"	"1"	5	3		
"440.25259"	"440.25259"	"6.4e+06"	D	"3.60252504"	"6.41873101"	"3d6.(5D).4s.4p.(3P*)"	"z 5P*"	"3"	"3d6.(5D).4s (4D).5s"	"g 5D"	"3"	7	7		
"440.26789"	"440.26789"	"8.18e+05"	C+	"2.83159117"	"5.64769932"	"3d7.(4P).4s"	"b 3P"	"2"	"3d6.(3P2).4s.4p.(3P*)"	"x 3D*"	"1"	5	3		
"440.59873"	"440.59870"	"2.75e+07"	A	"1.55735733"	"4.37135106"	"3d7.(4F).4s"	"a 3F"	"3"	"3d7.(4F).4p"	"z 5G*"	"4"	7	9		
"440.62560"	"440.62557"	"2.95e+02"	C+	"0.05156912"	"2.86539125"	"3d6.4s2"	"a 5D"	"3"	"3d6.(5D).4s.4p.(3P*)"	"z 7F*"	"3"	7	7		
"440.89469"	"440.89465"	"7.30e+05"	D+	"2.17594512"	"4.98804995"	"3d7.(4P).4s"	"a 5P"	"3"	"3d6.(5D).4s.4p.(1P*)"	"x 5D*"	"2"	7	5		
"440.96514"	"440.96513"	"1.92e+06"	D+	"2.19786640"	"5.00952178"	"3d7.(4P).4s"	"a 5P"	"2"	"3d6.(5D).4s.4p.(1P*)"	"x 5D*"	"1"	5	3		
"441.03575"	"441.03573"	"7.4e+05"	D	"3.30092244"	"6.11212776"	"3d7.(2D2).4s"	"a 3D"	"2"	"3d6.(3F2).4s.4p.(3P*)"	"v 3D*"	"1"	5	3		
"441.63621"	"441.63621"	"1.19e+07"	A	"1.60789577"	"4.41527878"	"3d7.(4F).4s"	"a 3F"	"2"	"3d7.(4F).4p"	"z 5G*"	"3"	5	7		
"442.38097"	"442.38096"	"8.72e+06"	B+	"2.84504259"	"5.64769932"	"3d7.(4P).4s"	"b 3P"	"1"	"3d6.(3P2).4s.4p.(3P*)"	"x 3D*"	"1"	3	3		
"442.43832"	"442.43827"	"1.3e+05"	E	"2.99035244"	"5.79264615"	"3d6.4s2"	"b 3G"	"4"	"3d7.(4P).4p"	"u 5D*"	"4"	9	9		
"442.50827"	"442.50832"	"1.8e+06"	D	"3.65369332"	"6.45554341"	"3d6.(5D).4s.4p.(3P*)"	"z 5P*"	"2"	"3d6.(5D).4s (6D).4d"	"e 5P"	"2"	5	5		
"442.5310"	"442.53096"	"2.37e+05"	C	"3.64164057"	"6.44334733"	"3d6.4s2"	"b 3D"	"3"	"3d7.(2P).4p"	"u 3D*"	"3"	7	7		
"442.85527"	"442.85526"	"3.41e+04"	A	"0.05156912"	"2.85122419"	"3d6.4s2"	"a 5D"	"3"	"3d6.(5D).4s.4p.(3P*)"	"z 7F*"	"4"	7	9		
"443.14327"	"443.14326"	"2.00e+06"	E	"3.01725044"	"5.81508605"	"3d7.(2P).4s"	"c 3P"	"2"	"3d6.(3P2).4s.4p.(3P*)"	"y 3P*"	"1"	5	3		
"443.18577"	"443.18576"	"7.45e+06"	B	"2.22271209"	"5.02027939"	"3d7.(4P).4s"	"a 5P"	"1"	"3d6.(5D).4s.4p.(1P*)"	"x 5D*"	"0"	3	1		
"443.38120"	"443.38120"	"8.4e+05"	D	"3.57321890"	"6.36955305"	"3d7.(2H).4s"	"a 1H"	"5"	"3d7.(2H).4p"	"u 3G*"	"5"	11	11		
"443.44631"	"443.44630"	"2.1e+07"	D	"3.65369332"	"6.44961696"	"3d6.(5D).4s.4p.(3P*)"	"z 5P*"	"2"	"3d6.(5D).4s (6D).4d"	"e 5P"	"1"	5	3		
"443.50269"	"443.50266"	"2.62e+06"	B	"3.60252504"	"6.39809335"	"3d6.(5D).4s.4p.(3P*)"	"z 5P*"	"3"	"3d6.(5D).4s (6D).4d"	"f 5F"	"3"	7	7		
"443.63938"	"443.63937"	"4.72e+03"	A	"0.08728574"	"2.88199261"	"3d6.4s2"	"a 5D"	"2"	"3d6.(5D).4s.4p.(3P*)"	"z 7F*"	"1"	5	3		
"443.81660"	"443.81661"	"2.82e+05"	C	"3.04686890"	"5.84045966"	"3d7.(2G).4s"	"a 1G"	"4"	"3d6.(3H).4s.4p.(3P*)"	"z 3H*"	"4"	9	9		
"443.95890"	"443.95885"	"8.5e+06"	D	"3.68638944"	"6.47908516"	"3d6.(5D).4s.4p.(3P*)"	"z 5P*"	"1"	"3d6.(5D).4s (4D).5s"	"g 5D"	"0"	3	1		
"444.0880"	"444.08805"	"7.9e+04"	E	"3.04686890"	"5.83875215"	"3d7.(2G).4s"	"a 1G"	"4"	"3d6.(3F2).4s.4p.(3P*)"	"x 3F*"	"3"	9	7		
"444.11270"	"444.11276"	"6.73e+04"	B	"2.27860466"	"5.07033256"	"3d6.4s2"	"a 3P2"	"2"	"3d6.(3P2).4s.4p.(3P*)"	"z 5S*"	"2"	5	5		
"444.1726"	"444.17255"	"4.5e+05"	E	"3.60252504"	"6.39387714"	"3d6.(5D).4s.4p.(3P*)"	"z 5P*"	"3"	"3d6.(5D).4s (6D).4d"	"e 7S"	"3"	7	7		
"444.20703"	"444.20710"	"3.0e+06"	E	"3.95972364"	"6.75085864"	"3d6.(5D).4s.4p.(3P*)"	"z 3D*"	"1"	"3d7.(4F).4d"	"f 3D"	"1"	3	3		
"444.35858"	"444.35857"	"3.76e+06"	B	"2.19786640"	"4.98804995"	"3d7.(4P).4s"	"a 5P"	"2"	"3d6.(5D).4s.4p.(1P*)"	"x 5D*"	"2"	5	5		
"444.40785"	"444.40783"	"1.09e+05"	B	"2.17594512"	"4.96581946"	"3d7.(4P).4s"	"a 5P"	"3"	"3d5.(6S).4s2.4p"	"y 7P*"	"2"	7	5		
"444.4441"	"444.44411"	"1.02e+07"	B+	"2.85805275"	"5.64769932"	"3d7.(4P).4s"	"b 3P"	"0"	"3d6.(3P2).4s.4p.(3P*)"	"x 3D*"	"1"	1	3		
"444.67191"	"444.67186"	"2.44e+02"	A	"0.08728574"	"2.87550352"	"3d6.4s2"	"a 5D"	"2"	"3d6.(5D).4s.4p.(3P*)"	"z 7F*"	"2"	5	5		
"444.80801"	"444.80802"	"5.38e+06"	B	"3.68638944"	"6.47375371"	"3d6.(5D).4s.4p.(3P*)"	"z 5P*"	"1"	"3d6.(5D).4s (4D).5s"	"g 5D"	"1"	3	3		
"444.83785"	"444.83782"	"8.91e+04"	C+	"2.19786640"	"4.98504395"	"3d7.(4P).4s"	"a 5P"	"2"	"3d5.(6S).4s2.4p"	"y 7P*"	"3"	5	7		
"444.89655"	"444.89654"	"5.11e+06"	B	"2.22271209"	"5.00952178"	"3d7.(4P).4s"	"a 5P"	"1"	"3d6.(5D).4s.4p.(1P*)"	"x 5D*"	"1"	3	3		
"445.15645"	"445.15648"	"1.15e+06"	C+	"3.11096179"	"5.89614419"	"3d7.(2P).4s"	"c 3P"	"0"	"3d7.(4P).4p"	"y 3S*"	"1"	1	3		
"445.2016"	"445.20160"	"2.3e+05"	E	"3.88160368"	"6.66650376"	"3d6.(5D).4s.4p.(3P*)"	"z 3F*"	"4"	"3d7.(4F).4d"	"f 5G"	"4"	9	9		
"445.3859"	"445.38607"	"8.3e+05"	E	"3.94332623"	"6.72707289"	"3d6.(5D).4s.4p.(3P*)"	"z 3F*"	"3"	"3d7.(4F).4d"	"g 5F"	"2"	7	5		
"445.56310"	"445.56310"	"3.38e+06"	B+	"2.83159117"	"5.61423177"	"3d7.(4P).4s"	"b 3P"	"2"	"3d6.(3P2).4s.4p.(3P*)"	"x 3D*"	"2"	5	5		
"445.62774"	"445.62773"	"4.1e+06"	E	"3.88160368"	"6.66384071"	"3d6.(5D).4s.4p.(3P*)"	"z 3F*"	"4"	"3d7.(4F).4d"	"f 3D"	"3"	9	7		
"445.75762"	"445.75763"	"2.06e+05"	B	"3.04686890"	"5.82829520"	"3d7.(2G).4s"	"a 1G"	"4"	"3d6.(3H).4s.4p.(3P*)"	"z 3H*"	"5"	9	11		
"445.78808"	"445.78789"	"6.8e+05"	E	"3.88160368"	"6.66284114"	"3d6.(5D).4s.4p.(3P*)"	"z 3F*"	"4"	"3d7.(4F).4d"	"e 3G"	"5"	9	11		
""	"445.98279"	"3.0e-02"	E	"0.05156912"	"2.83159117"	"3d6.4s2"	"a 5D"	"3"	"3d7.(4P).4s"	"b 3P"	"2"	7	5	M1	
""	"445.98279"	"3.0e-03"	E	"0.05156912"	"2.83159117"	"3d6.4s2"	"a 5D"	"3"	"3d7.(4P).4s"	"b 3P"	"2"	7	5	E2	
"446.03688"	"446.03686"	"2.52e+06"	B	"2.17594512"	"4.95563019"	"3d7.(4P).4s"	"a 5P"	"3"	"3d6.(5D).4s.4p.(1P*)"	"x 5D*"	"3"	7	7		
"446.29047"	"446.29046"	"2.95e+04"	A	"0.08728574"	"2.86539125"	"3d6.4s2"	"a 5D"	"2"	"3d6.(5D).4s.4p.(3P*)"	"z 7F*"	"3"	5	7		
"446.3222"	"446.32205"	"2.31e+06"	B	"3.60252504"	"6.38043390"	"3d6.(5D).4s.4p.(3P*)"	"z 5P*"	"3"	"3d6.(5D).4s (6D).4d"	"f 5F"	"4"	7	9		
"446.60192"	"446.60187"	"6.66e+05"	C+	"3.01725044"	"5.79341882"	"3d7.(2P).4s"	"c 3P"	"2"	"3d6.(3P2).4s.4p.(3P*)"	"y 3P*"	"2"	5	5		
"446.78050"	"446.78045"	"1.20e+07"	B+	"2.83159117"	"5.60664989"	"3d7.(4P).4s"	"b 3P"	"2"	"3d6.(3P2).4s.4p.(3P*)"	"x 3D*"	"3"	5	7		
"446.81919"	"446.81910"	"3.2e+06"	E	"3.92860683"	"6.70342551"	"3d6.(5D).4s.4p.(3P*)"	"z 3D*"	"2"	"3d7.(4F).4d"	"f 3D"	"2"	5	5		
"447.06295"	"447.06296"	"1.59e+07"	C+	"3.65369332"	"6.42699840"	"3d6.(5D).4s.4p.(3P*)"	"z 5P*"	"2"	"3d6.(5D).4s (6D).4d"	"e 5P"	"3"	5	7		
"447.2932"	"447.29309"	"1.12e+02"	A	"0.11011433"	"2.88199261"	"3d6.4s2"	"a 5D"	"1"	"3d6.(5D).4s.4p.(3P*)"	"z 7F*"	"1"	3	3		
"447.72743"	"447.72744"	"1.01e+07"	B+	"2.84504259"	"5.61423177"	"3d7.(4P).4s"	"b 3P"	"1"	"3d6.(3P2).4s.4p.(3P*)"	"x 3D*"	"2"	3	5		
"447.92744"	"447.92739"	"1.6e+04"	E	"2.19786640"	"4.96581946"	"3d7.(4P).4s"	"a 5P"	"2"	"3d5.(6S).4s2.4p"	"y 7P*"	"2"	5	5		
"448.13934"	"448.13936"	"4.31e+05"	C	"3.04686890"	"5.81351269"	"3d7.(2G).4s"	"a 1G"	"4"	"3d6.(3F2).4s.4p.(3P*)"	"x 3F*"	"4"	9	9		
"448.28665"	"448.28664"	"4.5e+06"	D	"3.68638944"	"6.45212430"	"3d6.(5D).4s.4p.(3P*)"	"z 5P*"	"1"	"3d6.(5D).4s (4D).5s"	"e 3D"	"1"	3	3		
"448.34272"	"448.34267"	"2.09e+04"	A	"0.11011433"	"2.87550352"	"3d6.4s2"	"a 5D"	"1"	"3d6.(5D).4s.4p.(3P*)"	"z 7F*"	"2"	3	5		
"448.35100"	"448.35100"	"2.19e+06"	C	"2.22271209"	"4.98804995"	"3d7.(4P).4s"	"a 5P"	"1"	"3d6.(5D).4s.4p.(1P*)"	"x 5D*"	"2"	3	5		
"448.39968"	"448.39967"	"2.3e+06"	E	"3.65369332"	"6.41873101"	"3d6.(5D).4s.4p.(3P*)"	"z 5P*"	"2"	"3d6.(5D).4s (4D).5s"	"g 5D"	"3"	5	7		
"448.5035"	"448.50342"	"1.4e+05"	E	"3.64164057"	"6.40603863"	"3d6.4s2"	"b 3D"	"3"	"3d7.(2H).4p"	"u 3G*"	"4"	7	9		
"448.54777"	"448.54780"	"5.04e+06"	B	"3.60252504"	"6.36664959"	"3d6.(5D).4s.4p.(3P*)"	"z 5P*"	"3"	"3d6.(5D).4s (4D).5s"	"g 5D"	"4"	7	9		
"448.69338"	"448.69341"	"1.1e+07"	D	"3.68638944"	"6.44961696"	"3d6.(5D).4s.4p.(3P*)"	"z 5P*"	"1"	"3d6.(5D).4s (6D).4d"	"e 5P"	"1"	3	3		
"448.7231"	"448.72281"	"5.3e+05"	E	"3.65369332"	"6.41673983"	"3d6.(5D).4s.4p.(3P*)"	"z 5P*"	"2"	"3d6.(5D).4s (6D).4d"	"f 5F"	"1"	5	3		
"448.8995"	"448.89962"	"5.8e+04"	E	"3.23672008"	"5.99867825"	"3d7.(2H).4s"	"b 3H"	"6"	"3d7.(2G).4p"	"z 1H*"	"5"	13	11		
"448.93920"	"448.93926"	"1.4e+06"	D	"3.60252504"	"6.36423934"	"3d6.(5D).4s.4p.(3P*)"	"z 5P*"	"3"	"3d6.(5D).4s (6D).4d"	"e 7F"	"2"	7	5		
"449.01660"	"449.01651"	"9.76e+05"	C	"3.65369332"	"6.41493251"	"3d6.(5D).4s.4p.(3P*)"	"z 5P*"	"2"	"3d6.(5D).4s (4D).5s"	"e 3D"	"2"	5	5		
"449.09984"	"449.09983"	"1.19e+04"	A	"0.12126572"	"2.88199261"	"3d6.4s2"	"a 5D"	"0"	"3d6.(5D).4s.4p.(3P*)"	"z 7F*"	"1"	1	3		
"449.13434"	"449.13437"	"3.3e+06"	D	"3.01725044"	"5.77776507"	"3d7.(2P).4s"	"c 3P"	"2"	"3d6.(3P2).4s.4p.(3P*)"	"z 3S*"	"1"	5	3		
"449.39384"	"449.39387"	"2.6e+06"	D	"3.98410712"	"6.74302768"	"3d6.(5D).4s.4p.(3P*)"	"z 3F*"	"2"	"3d7.(4F).4d"	"g 5F"	"1"	5	3		
"449.58238"	"449.58237"	"3.45e+06"	B	"2.19786640"	"4.95563019"	"3d7.(4P).4s"	"a 5P"	"2"	"3d6.(5D).4s.4p.(1P*)"	"x 5D*"	"3"	5	7		
""	"449.58350"	"4.4e-02"	E	"0.08728574"	"2.84504259"	"3d6.4s2"	"a 5D"	"2"	"3d7.(4P).4s"	"b 3P"	"1"	5	3	M1	
""	"449.58350"	"4.0e-03"	E	"0.08728574"	"2.84504259"	"3d6.4s2"	"a 5D"	"2"	"3d7.(4P).4s"	"b 3P"	"1"	5	3	E2	
"449.72140"	"449.72138"	"1.4e+06"	D	"3.65369332"	"6.41060472"	"3d6.(5D).4s.4p.(3P*)"	"z 5P*"	"2"	"3d6.(5D).4s (6D).4d"	"f 5F"	"2"	5	5		
"450.38536"	"450.38537"	"1.2e+05"	E	"3.57321890"	"6.32606584"	"3d7.(2H).4s"	"a 1H"	"5"	"3d6.(3G).4s.4p.(3P*)"	"x 3H*"	"6"	11	13		
"450.60939"	"450.60940"	"2.8e+05"	D	"3.26570610"	"6.01718438"	"3d6.(5D).4s.4p.(3P*)"	"z 5D*"	"2"	"3d7.(4F).5s"	"e 3F"	"3"	5	7		
""	"451.18987"	"1.0e-01"	E	"0.11011433"	"2.85805275"	"3d6.4s2"	"a 5D"	"1"	"3d7.(4P).4s"	"b 3P"	"0"	3	1	M1	
"451.54497"	"451.54500"	"4.4e+05"	D+	"3.04686890"	"5.79264615"	"3d7.(2G).4s"	"a 1G"	"4"	"3d7.(4P).4p"	"u 5D*"	"4"	9	9		
"451.6432"	"451.64313"	"4.4e+04"	E	"2.87550352"	"5.62068415"	"3d6.(5D).4s.4p.(3P*)"	"z 7F*"	"2"	"3d6.(5D).4s (6D).5s"	"e 5D"	"2"	5	5		
"451.87911"	"451.87908"	"1.51e+06"	C+	"3.07133880"	"5.81508605"	"3d7.(2P).4s"	"c 3P"	"1"	"3d6.(3P2).4s.4p.(3P*)"	"y 3P*"	"1"	3	3		
"451.96990"	"451.96980"	"2.1e+04"	E	"3.23672008"	"5.97991659"	"3d7.(2H).4s"	"b 3H"	"6"	"3d6.(3G).4s.4p.(3P*)"	"y 5H*"	"5"	13	11		
"451.98440"	"451.98449"	"9.1e+03"	E	"2.22271209"	"4.96581946"	"3d7.(4P).4s"	"a 5P"	"1"	"3d5.(6S).4s2.4p"	"y 7P*"	"2"	3	5		
"452.46669"	"452.46672"	"5.2e+05"	D	"3.65369332"	"6.39387714"	"3d6.(5D).4s.4p.(3P*)"	"z 5P*"	"2"	"3d6.(5D).4s (6D).4d"	"e 7S"	"3"	5	7		
"452.7132"	"452.71326"	"4.7e+04"	E	"2.88199261"	"5.62068415"	"3d6.(5D).4s.4p.(3P*)"	"z 7F*"	"1"	"3d6.(5D).4s (6D).5s"	"e 5D"	"2"	3	5		
"452.90521"	"452.90524"	"1.3e+05"	E	"3.25148176"	"5.98901244"	"3d7.(2D2).4s"	"a 3D"	"3"	"3d7.(4P).4p"	"x 3P*"	"2"	7	5		
"452.98838"	"452.98835"	"5.44e+06"	B	"2.17594512"	"4.91297355"	"3d7.(4P).4s"	"a 5P"	"3"	"3d6.(5D).4s.4p.(1P*)"	"x 5D*"	"4"	7	9		
"453.00266"	"453.00265"	"3.69e+05"	C	"3.30140276"	"6.03834476"	"3d7.(2H).4s"	"b 3H"	"4"	"3d6.(3H).4s.4p.(3P*)"	"y 1G*"	"4"	9	9		
"453.24183"	"453.24183"	"2.52e+05"	A	"1.48486439"	"4.22036211"	"3d7.(4F).4s"	"a 3F"	"4"	"3d7.(4F).4p"	"y 5F*"	"4"	9	9		
"453.8945"	"453.89426"	"3.1e+04"	E	"3.26711257"	"5.99867825"	"3d7.(2H).4s"	"b 3H"	"5"	"3d7.(2G).4p"	"z 1H*"	"5"	11	11		
"454.32147"	"454.32156"	"3.0e+04"	E	"3.26711257"	"5.99610917"	"3d7.(2H).4s"	"b 3H"	"5"	"3d6.(3G).4s.4p.(3P*)"	"y 5H*"	"4"	11	9		
"454.36853"	"454.36852"	"4.5e+05"	D	"3.63977237"	"6.36848691"	"3d6.4s2"	"b 3D"	"2"	"3d7.(2D2).4p"	"v 3F*"	"3"	5	7		
"454.82913"	"454.82916"	"1.5e+04"	E	"1.55735733"	"4.28330826"	"3d7.(4F).4s"	"a 3F"	"3"	"3d7.(4F).4p"	"y 5F*"	"2"	7	5		
"454.91220"	"454.91218"	"4.48e+06"	D+	"3.54652001"	"6.27197352"	"3d7.(2D2).4s"	"a 1D"	"2"	"3d7.(2G).4p"	"z 1F*"	"3"	5	7		
"455.29227"	"455.29238"	"3.3e+05"	E	"3.94332623"	"6.66650376"	"3d6.(5D).4s.4p.(3P*)"	"z 3F*"	"3"	"3d7.(4F).4d"	"f 5G"	"4"	7	9		
"455.57276"	"455.57277"	"4.7e+04"	D	"2.86539125"	"5.58689276"	"3d6.(5D).4s.4p.(3P*)"	"z 7F*"	"3"	"3d6.(5D).4s (6D).5s"	"e 5D"	"3"	7	7		
"455.74027"	"455.74030"	"1.05e+07"	B	"3.60252504"	"6.32302612"	"3d6.(5D).4s.4p.(3P*)"	"z 5P*"	"3"	"3d6.(5D).4s (6D).4d"	"f 7D"	"2"	7	5		
"455.82020"	"455.82016"	"1.4e+05"	D	"3.25148176"	"5.97150625"	"3d7.(2D2).4s"	"a 3D"	"3"	"3d5.(6S).4s2.4p"	"v 5P*"	"2"	7	5		
"456.13660"	"456.13665"	"4.7e+05"	D	"3.60252504"	"6.32066224"	"3d6.(5D).4s.4p.(3P*)"	"z 5P*"	"3"	"3d6.(5D).4s (6D).4d"	"e 5G"	"4"	7	9		
"456.65895"	"456.65900"	"2.2e+05"	E	"3.27398440"	"5.98901244"	"3d7.(2D2).4s"	"a 3D"	"1"	"3d7.(4P).4p"	"x 3P*"	"2"	3	5		
"456.69413"	"456.69412"	"4.0e+05"	E	"3.24096914"	"5.95578840"	"3d6.(5D).4s.4p.(3P*)"	"z 5D*"	"3"	"3d7.(4F).5s"	"e 5F"	"2"	7	5		
"456.77941"	"456.77946"	"4.48e+05"	D+	"3.30092244"	"6.01523448"	"3d7.(2D2).4s"	"a 3D"	"2"	"3d7.(4P).4p"	"x 3P*"	"1"	5	3		
"456.82682"	"456.82693"	"5.9e+05"	D	"3.41489715"	"6.12892712"	"3d7.(2P).4s"	"a 1P"	"1"	"3d7.(2G).4p"	"w 3F*"	"2"	3	5		
"457.27187"	"457.27185"	"2.8e+04"	E	"2.87550352"	"5.58689276"	"3d6.(5D).4s.4p.(3P*)"	"z 7F*"	"2"	"3d6.(5D).4s (6D).5s"	"e 5D"	"3"	5	7		
"457.54978"	"457.54973"	"1.6e+05"	E	"3.21118938"	"5.92093198"	"3d6.(5D).4s.4p.(3P*)"	"z 5D*"	"4"	"3d7.(4F).5s"	"e 5F"	"3"	9	7		
"457.59996"	"457.59993"	"8.2e+04"	D	"2.27860466"	"4.98804995"	"3d6.4s2"	"a 3P2"	"2"	"3d6.(5D).4s.4p.(1P*)"	"x 5D*"	"2"	5	5		
"458.18607"	"458.18603"	"4.0e+05"	D	"3.65369332"	"6.35967275"	"3d6.(5D).4s.4p.(3P*)"	"z 5P*"	"2"	"3d6.(5D).4s (4D).5s"	"e 3D"	"3"	5	7		
"458.2792"	"458.27916"	"5.9e+05"	D	"3.24096914"	"5.94639870"	"3d6.(5D).4s.4p.(3P*)"	"z 5D*"	"3"	"3d7.(4F).5s"	"e 3F"	"4"	7	9		
"458.84126"	"458.84127"	"6.45e+05"	C	"3.57321890"	"6.27533411"	"3d7.(2H).4s"	"a 1H"	"5"	"3d6.(3F2).4s.4p.(3P*)"	"x 1G*"	"4"	11	9		
"458.9005"	"458.90065"	"7.9e+05"	E	"3.98410712"	"6.68587270"	"3d6.(5D).4s.4p.(3P*)"	"z 3F*"	"2"	"3d7.(4F).4d"	"f 5P"	"1"	5	3		
"459.39376"	"459.39377"	"1.61e+05"	A	"1.55735733"	"4.25622280"	"3d7.(4F).4s"	"a 3F"	"3"	"3d7.(4F).4p"	"y 5F*"	"3"	7	7		
"459.4812"	"459.48112"	"5.8e+05"	E	"3.94332623"	"6.64167865"	"3d6.(5D).4s.4p.(3P*)"	"z 3F*"	"3"	"3d7.(4F).4d"	"f 5P"	"2"	7	5		
"459.6646"	"459.66457"	"5.01e+05"	B	"3.30140276"	"5.99867825"	"3d7.(2H).4s"	"b 3H"	"4"	"3d7.(2G).4p"	"z 1H*"	"5"	9	11		
"459.73479"	"459.73475"	"1.50e+06"	C+	"3.60252504"	"6.29938878"	"3d6.(5D).4s.4p.(3P*)"	"z 5P*"	"3"	"3d6.(5D).4s (6D).4d"	"f 7D"	"4"	7	9		
"459.77030"	"459.77031"	"2.3e+05"	E	"3.65369332"	"6.35034852"	"3d6.(5D).4s.4p.(3P*)"	"z 5P*"	"2"	"3d6.(5D).4s (6D).4d"	"e 5G"	"3"	5	7		
"460.22227"	"460.22204"	"7.79e+04"	C	"3.23672008"	"5.93072834"	"3d7.(2H).4s"	"b 3H"	"6"	"3d6.(3F2).4s.4p.(3P*)"	"x 3G*"	"5"	13	11		
"460.32900"	"460.32899"	"7.36e+04"	A	"1.60789577"	"4.30127816"	"3d7.(4F).4s"	"a 3F"	"2"	"3d7.(4F).4p"	"y 5F*"	"1"	5	3		
"460.42302"	"460.42301"	"1.72e+05"	A	"1.48486439"	"4.17769679"	"3d7.(4F).4s"	"a 3F"	"4"	"3d7.(4F).4p"	"y 5F*"	"5"	9	11		
"460.46317"	"460.46327"	"5.3e+04"	E	"2.84504259"	"5.53763954"	"3d7.(4P).4s"	"b 3P"	"1"	"3d6.(3F2).4s.4p.(3P*)"	"v 5D*"	"2"	3	5		
"460.52384"	"460.52381"	"5.8e+04"	E	"2.99035244"	"5.68259542"	"3d6.4s2"	"b 3G"	"4"	"3d6.(3F2).4s.4p.(3P*)"	"x 5G*"	"4"	9	9		
"461.24763"	"461.24755"	"6.64e+04"	D+	"2.85122419"	"5.53924278"	"3d6.(5D).4s.4p.(3P*)"	"z 7F*"	"4"	"3d6.(5D).4s (6D).5s"	"e 5D"	"4"	9	9		
"461.44946"	"461.44947"	"2.5e+06"	D	"3.29183986"	"5.97868220"	"3d6.(5D).4s.4p.(3P*)"	"z 5D*"	"0"	"3d7.(4F).5s"	"e 5F"	"1"	1	3		
"461.54976"	"461.54977"	"2.8e+05"	E	"3.30092244"	"5.98718095"	"3d7.(2D2).4s"	"a 3D"	"2"	"3d5.(6S).4s2.4p"	"v 5P*"	"1"	5	3		
"462.00511"	"462.00509"	"1.36e+05"	B	"2.94879294"	"5.63240401"	"3d6.4s2"	"b 3G"	"5"	"3d6.(3H).4s.4p.(3P*)"	"y 3G*"	"4"	11	9		
"462.05815"	"462.05818"	"5.2e+06"	D	"3.60252504"	"6.28582776"	"3d6.(5D).4s.4p.(3P*)"	"z 5P*"	"3"	"3d6.(5D).4s (6D).4d"	"f 5D"	"2"	7	5		
"463.14167"	"463.14164"	"1.15e+05"	D+	"2.27860466"	"4.95563019"	"3d6.4s2"	"a 3P2"	"2"	"3d6.(5D).4s.4p.(1P*)"	"x 5D*"	"3"	5	7		
"463.42088"	"463.42087"	"7.59e+04"	A	"1.60789577"	"4.28330826"	"3d7.(4F).4s"	"a 3F"	"2"	"3d7.(4F).4p"	"y 5F*"	"2"	5	5		
"463.5054"	"463.50522"	"4.7e+04"	E	"3.01762252"	"5.6925481"	"3d6.4s2"	"b 3G"	"3"	"3d6.(3F2).4s.4p.(3P*)"	"x 5G*"	"3"	7	7		
"463.6915"	"463.69141"	"1.0e+04"	E	"2.86539125"	"5.53924278"	"3d6.(5D).4s.4p.(3P*)"	"z 7F*"	"3"	"3d6.(5D).4s (6D).5s"	"e 5D"	"4"	7	9		
"463.71441"	"463.71444"	"2.72e+05"	C+	"2.84504259"	"5.51876133"	"3d7.(4P).4s"	"b 3P"	"1"	"3d7.(4P).4p"	"y 5S*"	"2"	3	5		
"463.88017"	"463.88016"	"2.8e+06"	D	"3.28302483"	"5.95578840"	"3d6.(5D).4s.4p.(3P*)"	"z 5D*"	"1"	"3d7.(4F).5s"	"e 5F"	"2"	3	5		
"463.9309"	"463.93084"	"3.37e+06"	C+	"3.60252504"	"6.27499663"	"3d6.(5D).4s.4p.(3P*)"	"z 5P*"	"3"	"3d6.(5D).4s (6D).4d"	"e 7P"	"3"	7	7		
"464.47633"	"464.47636"	"4.41e+06"	B	"3.65369332"	"6.32302612"	"3d6.(5D).4s.4p.(3P*)"	"z 5P*"	"2"	"3d6.(5D).4s (6D).4d"	"f 7D"	"2"	5	5		
"464.87352"	"464.87353"	"1.25e+06"	B	"2.94879294"	"5.61584517"	"3d6.4s2"	"b 3G"	"5"	"3d6.(3H).4s.4p.(3P*)"	"y 3G*"	"5"	11	11		
"465.11181"	"465.11182"	"6.4e+04"	E	"3.23672008"	"5.90240588"	"3d7.(2H).4s"	"b 3H"	"6"	"3d6.(3G).4s.4p.(3P*)"	"v 5F*"	"5"	13	11		
"465.58011"	"465.58008"	"5.64e+04"	A	"1.55735733"	"4.22036211"	"3d7.(4F).4s"	"a 3F"	"3"	"3d7.(4F).4p"	"y 5F*"	"4"	7	9		
"465.5908"	"465.59112"	"3.68e+06"	B	"3.60252504"	"6.26546671"	"3d6.(5D).4s.4p.(3P*)"	"z 5P*"	"3"	"3d6.(5D).4s (6D).4d"	"f 5D"	"3"	7	7		
"465.88885"	"465.88892"	"1.5e+05"	D	"2.84504259"	"5.50628207"	"3d7.(4P).4s"	"b 3P"	"1"	"3d6.(3P2).4s.4p.(3P*)"	"w 5D*"	"1"	3	3		
"465.95986"	"465.95982"	"3.5e+04"	E	"3.26711257"	"5.92794713"	"3d7.(2H).4s"	"b 3H"	"5"	"3d6.(3F2).4s.4p.(3P*)"	"x 3G*"	"4"	11	9		
"466.28391"	"466.28398"	"3.3e+06"	E	"4.55852281"	"7.21750752"	"3d6.(5D).4s.4p.(1P*)"	"y 5P*"	"3"	"3d6.4s.(4D).4d"	"5P"	"2"	7	5		
"466.32750"	"466.32754"	"1.38e+05"	B	"2.99035244"	"5.64908881"	"3d6.4s2"	"b 3G"	"4"	"3d6.(3H).4s.4p.(3P*)"	"y 3G*"	"3"	9	7		
"466.44833"	"466.44837"	"4.3e+05"	E	"3.54652001"	"6.20456765"	"3d7.(2D2).4s"	"a 1D"	"2"	"3d7.(2P).4p"	"w 3P*"	"1"	5	3		
"466.87594"	"466.87599"	"6.03e+06"	B	"3.60252504"	"6.25813812"	"3d6.(5D).4s.4p.(3P*)"	"z 5P*"	"3"	"3d6.(5D).4s (6D).4d"	"e 7P"	"4"	7	9		
"467.04778"	"467.04795"	"6.27e+06"	C+	"3.65369332"	"6.30832866"	"3d6.(5D).4s.4p.(3P*)"	"z 5P*"	"2"	"3d6.(5D).4s (6D).4d"	"f 5D"	"1"	5	3		
"467.44714"	"467.44717"	"3.81e+06"	D+	"3.65369332"	"6.30606149"	"3d6.(5D).4s.4p.(3P*)"	"z 5P*"	"2"	"3d6.(5D).4s (6D).4d"	"f 7D"	"3"	5	7		
"467.59559"	"467.59565"	"1.2e+03"	E	"1.55735733"	"4.20888328"	"3d7.(4F).4s"	"a 3F"	"3"	"3d6.(5D).4s.4p.(3P*)"	"z 3P*"	"2"	7	5		
"468.01551"	"468.01552"	"4.97e+06"	B	"3.60252504"	"6.25167222"	"3d6.(5D).4s.4p.(3P*)"	"z 5P*"	"3"	"3d6.(5D).4s (6D).4d"	"f 5D"	"4"	7	9		
"468.0534"	"468.05350"	"1.29e+05"	C+	"3.25148176"	"5.90041395"	"3d7.(2D2).4s"	"a 3D"	"3"	"3d6.(3G).4s.4p.(3P*)"	"w 5G*"	"4"	7	9		
"468.16045"	"468.16045"	"7.32e+03"	A	"1.60789577"	"4.25622280"	"3d7.(4F).4s"	"a 3F"	"2"	"3d7.(4F).4p"	"y 5F*"	"3"	5	7		
"468.17769"	"468.17773"	"1.90e+05"	D	"2.85805275"	"5.50628207"	"3d7.(4P).4s"	"b 3P"	"0"	"3d6.(3P2).4s.4p.(3P*)"	"w 5D*"	"1"	1	3		
"468.38707"	"468.38686"	"3.7e+04"	E	"2.93984587"	"5.58689276"	"3d6.(5D).4s.4p.(3P*)"	"z 7P*"	"4"	"3d6.(5D).4s (6D).5s"	"e 5D"	"3"	9	7		
"468.48702"	"468.48710"	"2.92e+05"	C	"2.83159117"	"5.47807170"	"3d7.(4P).4s"	"b 3P"	"2"	"3d6.(3P2).4s.4p.(3P*)"	"w 5D*"	"2"	5	5		
"468.63355"	"468.63347"	"3.2e+04"	E	"2.84504259"	"5.49069652"	"3d7.(4P).4s"	"b 3P"	"1"	"3d6.(3F2).4s.4p.(3P*)"	"w 5F*"	"2"	3	5		
"468.86981"	"468.86979"	"7.50e+04"	C	"2.83159117"	"5.47591165"	"3d7.(4P).4s"	"b 3P"	"2"	"3d6.(3F2).4s.4p.(3P*)"	"v 5D*"	"3"	5	7		
"469.1451"	"469.14501"	"2.29e+06"	C+	"3.68638944"	"6.32915863"	"3d6.(5D).4s.4p.(3P*)"	"z 5P*"	"1"	"3d6.(5D).4s (6D).4d"	"f 7D"	"1"	3	3		
"469.27243"	"469.27244"	"1.01e+06"	B+	"2.99035244"	"5.63240401"	"3d6.4s2"	"b 3G"	"4"	"3d6.(3H).4s.4p.(3P*)"	"y 3G*"	"4"	9	9		
"470.2359"	"470.23601"	"8.40e+05"	D+	"2.46883473"	"5.10547240"	"3d6.(5D).4s.4p.(3P*)"	"z 7D*"	"2"	"3d8"	"3P"	"1"	5	3		
"470.2359"	"470.23619"	"7.2e+05"	E	"3.68638944"	"6.32302612"	"3d6.(5D).4s.4p.(3P*)"	"z 5P*"	"1"	"3d6.(5D).4s (6D).4d"	"f 7D"	"2"	3	5		
"470.62643"	"470.62642"	"8.8e+06"	D	"3.68638944"	"6.32083991"	"3d6.(5D).4s.4p.(3P*)"	"z 5P*"	"1"	"3d6.(5D).4s (6D).4d"	"f 5D"	"0"	3	1		
"470.67733"	"470.67734"	"2.3e+05"	E	"3.54652001"	"6.18068544"	"3d7.(2D2).4s"	"a 1D"	"2"	"3d7.(2G).4p"	"v 3G*"	"3"	5	7		
"470.88046"	"470.88047"	"2.92e+05"	C	"2.84504259"	"5.47807170"	"3d7.(4P).4s"	"b 3P"	"1"	"3d6.(3P2).4s.4p.(3P*)"	"w 5D*"	"2"	3	5		
"471.02858"	"471.02859"	"3.98e+05"	C	"3.63977237"	"6.27197352"	"3d6.4s2"	"b 3D"	"2"	"3d7.(2G).4p"	"z 1F*"	"3"	5	7		
"471.16009"	"471.16012"	"1.05e+06"	B+	"3.01762252"	"5.64908881"	"3d6.4s2"	"b 3G"	"3"	"3d6.(3H).4s.4p.(3P*)"	"y 3G*"	"3"	7	7		
"471.34237"	"471.34236"	"8.5e+04"	E	"3.01725044"	"5.64769932"	"3d7.(2P).4s"	"c 3P"	"2"	"3d6.(3P2).4s.4p.(3P*)"	"x 3D*"	"1"	5	3		
"471.5389"	"471.53861"	"1.8e+06"	E	"4.55852281"	"7.1878769"	"3d6.(5D).4s.4p.(1P*)"	"y 5P*"	"3"	"3d6.(5D).4s (4D).4d"	"i 5D"	"2"	7	5		
"471.5437"	"471.54373"	"6.5e+04"	E	"3.30140276"	"5.93072834"	"3d7.(2H).4s"	"b 3H"	"4"	"3d6.(3F2).4s.4p.(3P*)"	"x 3G*"	"5"	9	11		
"472.23211"	"472.23211"	"4.30e+04"	C+	"2.99035244"	"5.61584517"	"3d6.4s2"	"b 3G"	"4"	"3d6.(3H).4s.4p.(3P*)"	"y 3G*"	"5"	9	11		
"472.74588"	"472.74589"	"3.9e+04"	E	"2.99804479"	"5.62068415"	"3d6.(5D).4s.4p.(3P*)"	"z 7P*"	"3"	"3d6.(5D).4s (6D).5s"	"e 5D"	"2"	7	5		
"472.87167"	"472.87213"	"6.85e+06"	C+	"3.68638944"	"6.30832866"	"3d6.(5D).4s.4p.(3P*)"	"z 5P*"	"1"	"3d6.(5D).4s (6D).4d"	"f 5D"	"1"	3	3		
"472.98681"	"472.98685"	"2.87e+06"	C	"3.65369332"	"6.27499663"	"3d6.(5D).4s.4p.(3P*)"	"z 5P*"	"2"	"3d6.(5D).4s (6D).4d"	"e 7P"	"3"	5	7		
"473.03418"	"473.03421"	"6.59e+05"	C+	"4.07581091"	"6.69685175"	"3d8"	"c 3F"	"4"	"3d6.(3D).4s.4p.(3P*)"	"5F*"	"5"	9	11		
"473.09993"	"473.10014"	"1.6e+05"	E	"3.39650880"	"6.01718438"	"3d6.(5D).4s.4p.(3P*)"	"z 5F*"	"3"	"3d7.(4F).5s"	"e 3F"	"3"	7	7		
"473.49154"	"473.49153"	"3.41e+04"	A	"1.48486439"	"4.10337372"	"3d7.(4F).4s"	"a 3F"	"4"	"3d7.(4F).4p"	"y 5D*"	"4"	9	9		
"473.54219"	"473.54223"	"1.6e+06"	E	"4.29441489"	"6.9126439"	"3d6.4s2"	"b 1D2"	"2"	"3d7.(2D2).4p"	"w 1D*"	"2"	5	5		
"473.71683"	"473.71675"	"1.28e+06"	D+	"4.07581091"	"6.6930753"	"3d8"	"c 3F"	"4"	"3d6.(3G).4s.4p.(3P*)"	"t 3G*"	"5"	9	11		
"473.80980"	"473.80976"	"4.78e+06"	B	"3.21118938"	"5.82793998"	"3d6.(5D).4s.4p.(3P*)"	"z 5D*"	"4"	"3d7.(4F).5s"	"e 5F"	"5"	9	11		
"473.89602"	"473.89598"	"1.87e+05"	C+	"3.26711257"	"5.88338708"	"3d7.(2H).4s"	"b 3H"	"5"	"3d7.(2G).4p"	"z 1G*"	"4"	11	9		
"474.16657"	"474.16658"	"7.69e+04"	C+	"3.01762252"	"5.63240401"	"3d6.4s2"	"b 3G"	"3"	"3d6.(3H).4s.4p.(3P*)"	"y 3G*"	"4"	7	9		
"474.28556"	"474.28554"	"7.29e+05"	D+	"2.83159117"	"5.44571679"	"3d7.(4P).4s"	"b 3P"	"2"	"3d6.(3P2).4s.4p.(3P*)"	"w 5D*"	"3"	5	7		
"474.6455"	"474.64553"	"8.2e+03"	E	"2.22271209"	"4.83485507"	"3d7.(4P).4s"	"a 5P"	"1"	"3d7.(4F).4p"	"y 3D*"	"1"	3	3		
"474.71271"	"474.71270"	"2.27e+06"	C+	"3.65369332"	"6.26546671"	"3d6.(5D).4s.4p.(3P*)"	"z 5P*"	"2"	"3d6.(5D).4s (6D).4d"	"f 5D"	"3"	5	7		
"475.12758"	"475.12764"	"2.0e+06"	E	"4.55852281"	"7.16801526"	"3d6.(5D).4s.4p.(1P*)"	"y 5P*"	"3"	"3d6.(5D).4s (4D).4d"	"i 5D"	"3"	7	7		
"476.81985"	"476.81983"	"2.3e+05"	E	"3.41695281"	"6.01718438"	"3d6.(5D).4s.4p.(3P*)"	"z 5F*"	"2"	"3d7.(4F).5s"	"e 3F"	"3"	5	7		
"476.97295"	"476.97294"	"1.13e+05"	C	"2.93984587"	"5.53924278"	"3d6.(5D).4s.4p.(3P*)"	"z 7P*"	"4"	"3d6.(5D).4s (6D).5s"	"e 5D"	"4"	9	9		
"477.30304"	"477.30302"	"3.42e+04"	D+	"2.19786640"	"4.79546566"	"3d7.(4P).4s"	"a 5P"	"2"	"3d7.(4F).4p"	"y 3D*"	"2"	5	5		
"477.41372"	"477.41381"	"5.30e+04"	D+	"1.55735733"	"4.15435379"	"3d7.(4F).4s"	"a 3F"	"3"	"3d7.(4F).4p"	"y 5D*"	"3"	7	7		
"477.41645"	"477.41660"	"3.76e+05"	C+	"3.01725044"	"5.61423177"	"3d7.(2P).4s"	"c 3P"	"2"	"3d6.(3P2).4s.4p.(3P*)"	"x 3D*"	"2"	5	5		
"477.74023"	"477.74029"	"2.2e+05"	E	"3.30092244"	"5.89614419"	"3d7.(2D2).4s"	"a 3D"	"2"	"3d7.(4P).4p"	"y 3S*"	"1"	5	3		
"478.07753"	"478.07752"	"2.79e+06"	C	"3.41489715"	"6.00828827"	"3d7.(2P).4s"	"a 1P"	"1"	"3d7.(4P).4p"	"x 3P*"	"0"	3	1		
"478.72942"	"478.72950"	"4.0e+05"	E	"4.14264893"	"6.73250811"	"3d8"	"c 3F"	"3"	"3d6.(3D).4s.4p.(3P*)"	"5D*"	"4"	7	9		
"478.81449"	"478.81449"	"1.03e+06"	B+	"3.01725044"	"5.60664989"	"3d7.(2P).4s"	"c 3P"	"2"	"3d6.(3P2).4s.4p.(3P*)"	"x 3D*"	"3"	5	7		
"478.91651"	"478.91649"	"1.05e+05"	D+	"2.99804479"	"5.58689276"	"3d6.(5D).4s.4p.(3P*)"	"z 7P*"	"3"	"3d6.(5D).4s (6D).5s"	"e 5D"	"3"	7	7		
"479.00953"	"479.00952"	"3.86e+05"	C+	"3.23672008"	"5.82506529"	"3d7.(2H).4s"	"b 3H"	"6"	"3d6.(3H).4s.4p.(3P*)"	"z 3H*"	"6"	13	13		
""	"479.053804"	"3.9e-02"	E	"0.0000000"	"2.58810592"	"3d6.4s2"	"a 5D"	"4"	"3d6.4s2"	"b 3F2"	"3"	9	7	M1	
"479.09894"	"479.09897"	"4.57e+06"	B	"3.54652001"	"6.13438193"	"3d7.(2D2).4s"	"a 1D"	"2"	"3d6.(3F2).4s.4p.(3P*)"	"1F*"	"3"	5	7		
"479.2082"	"479.20851"	"2.7e+04"	E	"3.25148176"	"5.83875215"	"3d7.(2D2).4s"	"a 3D"	"3"	"3d6.(3F2).4s.4p.(3P*)"	"x 3F*"	"3"	7	7		
"479.25852"	"479.25860"	"3.56e+05"	C+	"3.27398440"	"5.86098438"	"3d7.(2D2).4s"	"a 3D"	"1"	"3d7.(4P).4p"	"w 3D*"	"1"	3	3		
"479.53017"	"479.53013"	"1.1e+04"	E	"3.04686890"	"5.63240401"	"3d7.(2G).4s"	"a 1G"	"4"	"3d6.(3H).4s.4p.(3P*)"	"y 3G*"	"4"	9	9		
"479.96058"	"479.96059"	"2.77e+06"	C+	"4.18636440"	"6.76958063"	"3d8"	"c 3F"	"2"	"3d6.(3G).4s.4p.(3P*)"	"t 3G*"	"3"	5	7		
"480.00723"	"480.00727"	"4.1e+03"	E	"1.60789577"	"4.19086081"	"3d7.(4F).4s"	"a 3F"	"2"	"3d7.(4F).4p"	"y 5D*"	"2"	5	5		
"480.07473"	"480.07474"	"3.7e+05"	E	"3.63977237"	"6.22237439"	"3d6.4s2"	"b 3D"	"2"	"3d7.(2P).4p"	"w 3P*"	"2"	5	5		
"480.1470"	"480.14693"	"1.2e+05"	E	"3.03847046"	"5.62068415"	"3d6.(5D).4s.4p.(3P*)"	"z 7P*"	"2"	"3d6.(5D).4s (6D).5s"	"e 5D"	"2"	5	5		
"480.19906"	"480.19904"	"3.01e+06"	B	"4.14264893"	"6.72458242"	"3d8"	"c 3F"	"3"	"3d6.(3G).4s.4p.(3P*)"	"t 3G*"	"4"	7	9		
"480.42218"	"480.42226"	"1.77e+06"	C+	"3.64164057"	"6.22237439"	"3d6.4s2"	"b 3D"	"3"	"3d7.(2P).4p"	"w 3P*"	"2"	7	5		
"480.90521"	"480.90518"	"2.3e+05"	D	"3.36825640"	"5.94639870"	"3d6.(5D).4s.4p.(3P*)"	"z 5F*"	"4"	"3d7.(4F).5s"	"e 3F"	"4"	9	9		
"480.94918"	"480.94915"	"7.6e+04"	D	"3.25148176"	"5.82938837"	"3d7.(2D2).4s"	"a 3D"	"3"	"3d7.(4P).4p"	"w 3D*"	"3"	7	7		
"481.12824"	"481.12839"	"5.5e+04"	E	"3.57321890"	"6.15016512"	"3d7.(2H).4s"	"a 1H"	"5"	"3d7.(2G).4p"	"y 3H*"	"5"	11	11		
"481.44577"	"481.44582"	"1.4e+05"	E	"3.27398440"	"5.84923154"	"3d7.(2D2).4s"	"a 3D"	"1"	"3d7.(4P).4p"	"u 5D*"	"1"	3	3		
"481.91242"	"481.91245"	"2.1e+04"	D	"2.22271209"	"4.79546566"	"3d7.(4P).4s"	"a 5P"	"1"	"3d7.(4F).4p"	"y 3D*"	"2"	3	5		
"483.40777"	"483.40778"	"1.76e+06"	C+	"3.63977237"	"6.20456765"	"3d6.4s2"	"b 3D"	"2"	"3d7.(2P).4p"	"w 3P*"	"1"	5	3		
"483.58573"	"483.58570"	"2.7e+04"	E	"2.42419831"	"4.98804995"	"3d6.4s2"	"a 3P2"	"1"	"3d6.(5D).4s.4p.(1P*)"	"x 5D*"	"2"	3	5		
"483.72188"	"483.72184"	"1.1e+06"	D	"4.10337372"	"6.66650376"	"3d7.(4F).4p"	"y 5D*"	"4"	"3d7.(4F).4d"	"f 5G"	"4"	9	9		
"483.98634"	"483.98632"	"1.2e+06"	D	"3.41695281"	"5.97868220"	"3d6.(5D).4s.4p.(3P*)"	"z 5F*"	"2"	"3d7.(4F).5s"	"e 5F"	"1"	5	3		
"484.08964"	"484.08964"	"3.90e+05"	C+	"3.26711257"	"5.82829520"	"3d7.(2H).4s"	"b 3H"	"5"	"3d6.(3H).4s.4p.(3P*)"	"z 3H*"	"5"	11	11		
"484.16738"	"484.16734"	"1.7e+06"	D	"4.15435379"	"6.71512541"	"3d7.(4F).4p"	"y 5D*"	"3"	"3d7.(4F).4d"	"f 5G"	"3"	7	7		
"484.41411"	"484.41405"	"7.5e+05"	E	"4.10337372"	"6.66284114"	"3d7.(4F).4p"	"y 5D*"	"4"	"3d7.(4F).4d"	"e 3G"	"5"	9	11		
"484.44966"	"484.44960"	"9.2e+05"	E	"3.39650880"	"5.95578840"	"3d6.(5D).4s.4p.(3P*)"	"z 5F*"	"3"	"3d7.(4F).5s"	"e 5F"	"2"	7	5		
""	"484.470070"	"4.2e-01"	E	"0.0000000"	"2.55917148"	"3d6.4s2"	"a 5D"	"4"	"3d6.4s2"	"b 3F2"	"4"	9	9	M1	
"484.53669"	"484.53667"	"3.62e+05"	C	"3.54652001"	"6.10533975"	"3d7.(2D2).4s"	"a 1D"	"2"	"3d7.(2G).4p"	"w 3F*"	"3"	5	7		
""	"484.89424"	"2.5e-02"	E	"0.05156912"	"2.60850194"	"3d6.4s2"	"a 5D"	"3"	"3d6.4s2"	"b 3F2"	"2"	7	5	M1	
"485.02378"	"485.02368"	"6.89e+04"	C	"2.27860466"	"4.83485507"	"3d6.4s2"	"a 3P2"	"2"	"3d7.(4F).4p"	"y 3D*"	"1"	5	3		
"486.04789"	"486.04787"	"1.1e+06"	E	"4.19086081"	"6.74172473"	"3d7.(4F).4p"	"y 5D*"	"2"	"3d7.(4F).4d"	"f 5G"	"2"	5	5		
"486.10986"	"486.10990"	"1.62e+07"	B+	"2.87550352"	"5.42604198"	"3d6.(5D).4s.4p.(3P*)"	"z 7F*"	"2"	"3d6.(5D).4s (6D).5s"	"e 7D"	"1"	5	3		
"486.23360"	"486.23354"	"1.3e+05"	E	"3.39650880"	"5.94639870"	"3d6.(5D).4s.4p.(3P*)"	"z 5F*"	"3"	"3d7.(4F).5s"	"e 3F"	"4"	7	9		
"487.08237"	"487.08233"	"1.3e+05"	E	"3.54652001"	"6.09196644"	"3d7.(2D2).4s"	"a 1D"	"2"	"3d6.(3F2).4s.4p.(3P*)"	"v 3D*"	"3"	5	7		
"487.1396"	"487.13966"	"3.88e+05"	C+	"3.92860683"	"6.47375371"	"3d6.(5D).4s.4p.(3P*)"	"z 3D*"	"2"	"3d6.(5D).4s (4D).5s"	"g 5D"	"1"	5	3		
"487.26785"	"487.26784"	"2.44e+07"	B+	"2.86539125"	"5.40986861"	"3d6.(5D).4s.4p.(3P*)"	"z 7F*"	"3"	"3d6.(5D).4s (6D).5s"	"e 7D"	"2"	7	5		
"487.32886"	"487.32886"	"2.84e+05"	C+	"3.25148176"	"5.79564049"	"3d7.(2D2).4s"	"a 3D"	"3"	"3d7.(4P).4p"	"u 5D*"	"3"	7	7		
"487.34983"	"487.34981"	"2.54e+07"	B+	"2.88199261"	"5.42604198"	"3d6.(5D).4s.4p.(3P*)"	"z 7F*"	"1"	"3d6.(5D).4s (6D).5s"	"e 7D"	"1"	3	3		
"487.51122"	"487.51121"	"5.5e+04"	E	"3.30092244"	"5.84412959"	"3d7.(2D2).4s"	"a 3D"	"2"	"3d7.(4P).4p"	"w 3D*"	"2"	5	5		
"487.72391"	"487.72387"	"3.4e+05"	E	"3.33201954"	"5.87411777"	"3d6.(5D).4s.4p.(3P*)"	"z 5F*"	"5"	"3d7.(4F).5s"	"e 5F"	"4"	11	9		
"487.7550"	"487.75479"	"2.7e+04"	E	"3.25148176"	"5.79341882"	"3d7.(2D2).4s"	"a 3D"	"3"	"3d6.(3P2).4s.4p.(3P*)"	"y 3P*"	"2"	7	5		
"487.89683"	"487.89665"	"2.6e+04"	E	"2.99804479"	"5.53924278"	"3d6.(5D).4s.4p.(3P*)"	"z 7P*"	"3"	"3d6.(5D).4s (6D).5s"	"e 5D"	"4"	7	9		
"487.95732"	"487.95731"	"1.21e+07"	B+	"2.88515991"	"5.42604198"	"3d6.(5D).4s.4p.(3P*)"	"z 7F*"	"0"	"3d6.(5D).4s (6D).5s"	"e 7D"	"1"	1	3		
"488.30809"	"488.30807"	"5.15e+05"	C+	"3.30140276"	"5.84045966"	"3d7.(2H).4s"	"b 3H"	"4"	"3d6.(3H).4s.4p.(3P*)"	"z 3H*"	"4"	9	9		
""	"488.79322"	"2.3e-01"	E	"0.05156912"	"2.58810592"	"3d6.4s2"	"a 5D"	"3"	"3d6.4s2"	"b 3F2"	"3"	7	7	M1	
"489.03665"	"489.03661"	"1.13e+05"	C+	"2.19786640"	"4.73314079"	"3d7.(4P).4s"	"a 5P"	"2"	"3d7.(4F).4p"	"y 3D*"	"3"	5	7		
"489.21206"	"489.21207"	"2.25e+07"	B+	"2.87550352"	"5.40986861"	"3d6.(5D).4s.4p.(3P*)"	"z 7F*"	"2"	"3d6.(5D).4s (6D).5s"	"e 7D"	"2"	5	5		
"489.28581"	"489.28579"	"3.08e+07"	B+	"2.85122419"	"5.38520741"	"3d6.(5D).4s.4p.(3P*)"	"z 7F*"	"4"	"3d6.(5D).4s (6D).5s"	"e 7D"	"3"	9	7		
"489.78055"	"489.78056"	"5.4e+05"	E	"3.88350907"	"6.41493251"	"3d6.(5D).4s.4p.(3P*)"	"z 3D*"	"3"	"3d6.(5D).4s (4D).5s"	"e 3D"	"2"	7	5		
"490.46790"	"490.46788"	"6.58e+06"	B+	"2.88199261"	"5.40986861"	"3d6.(5D).4s.4p.(3P*)"	"z 7F*"	"1"	"3d6.(5D).4s (6D).5s"	"e 7D"	"2"	3	5		
"490.65021"	"490.65022"	"5.3e+05"	E	"3.92860683"	"6.45554341"	"3d6.(5D).4s.4p.(3P*)"	"z 3D*"	"2"	"3d6.(5D).4s (6D).4d"	"e 5P"	"2"	5	5		
"491.29004"	"491.29016"	"1.9e+05"	E	"4.25622280"	"6.77986785"	"3d7.(4F).4p"	"y 5F*"	"3"	"3d7.(4F).4d"	"f 3F"	"4"	7	9		
"491.31504"	"491.31500"	"1.6e+06"	D	"3.92860683"	"6.45212430"	"3d6.(5D).4s.4p.(3P*)"	"z 3D*"	"2"	"3d6.(5D).4s (4D).5s"	"e 3D"	"1"	5	3		
""	"491.76345"	"9.2e-02"	E	"0.08728574"	"2.60850194"	"3d6.4s2"	"a 5D"	"2"	"3d6.4s2"	"b 3F2"	"2"	5	5	M1	
"491.86025"	"491.86023"	"6.4e+06"	D	"4.19086081"	"6.71158094"	"3d7.(4F).4p"	"y 5D*"	"2"	"3d7.(4F).4d"	"h 5D"	"1"	5	3		
"491.93852"	"491.93851"	"4.2e+06"	E	"4.23053960"	"6.75085864"	"3d7.(4F).4p"	"y 5D*"	"0"	"3d7.(4F).4d"	"f 3D"	"1"	1	3		
"492.03670"	"492.03668"	"1.79e+07"	B	"2.86539125"	"5.38520741"	"3d6.(5D).4s.4p.(3P*)"	"z 7F*"	"3"	"3d6.(5D).4s (6D).5s"	"e 7D"	"3"	7	7		
"492.18765"	"492.18758"	"3.58e+07"	B+	"2.83252676"	"5.35157038"	"3d6.(5D).4s.4p.(3P*)"	"z 7F*"	"5"	"3d6.(5D).4s (6D).5s"	"e 7D"	"4"	11	9		
"492.61440"	"492.61440"	"4.23e+05"	C	"2.27860466"	"4.79546566"	"3d6.4s2"	"a 3P2"	"2"	"3d7.(4F).4p"	"y 3D*"	"2"	5	5		
"492.87934"	"492.87932"	"2.58e+05"	D+	"3.57321890"	"6.08872711"	"3d7.(2H).4s"	"a 1H"	"5"	"3d7.(2G).4p"	"w 3F*"	"4"	11	9		
"493.16913"	"493.16911"	"5.75e+06"	B	"3.95972364"	"6.47375371"	"3d6.(5D).4s.4p.(3P*)"	"z 3D*"	"1"	"3d6.(5D).4s (4D).5s"	"g 5D"	"1"	3	3		
"494.01920"	"494.01923"	"3.27e+06"	B+	"2.87550352"	"5.38520741"	"3d6.(5D).4s.4p.(3P*)"	"z 7F*"	"2"	"3d6.(5D).4s (6D).5s"	"e 7D"	"3"	5	7		
"494.10652"	"494.10650"	"1.39e+04"	A	"0.85899575"	"3.36825640"	"3d7.(4F).4s"	"a 5F"	"5"	"3d6.(5D).4s.4p.(3P*)"	"z 5F*"	"4"	11	9		
"494.38384"	"494.38380"	"9.67e+05"	C	"4.22036211"	"6.72821528"	"3d7.(4F).4p"	"y 5F*"	"4"	"3d7.(4F).4d"	"e 3H"	"5"	9	11		
""	"494.43325"	"7.7e-02"	E	"0.05156912"	"2.55917148"	"3d6.4s2"	"a 5D"	"3"	"3d6.4s2"	"b 3F2"	"4"	7	9	M1	
"494.70173"	"494.70160"	"1.3e+06"	E	"4.20888328"	"6.71512541"	"3d6.(5D).4s.4p.(3P*)"	"z 3P*"	"2"	"3d7.(4F).4d"	"f 5G"	"3"	5	7		
""	"495.77415"	"7.9e-02"	E	"0.08728574"	"2.58810592"	"3d6.4s2"	"a 5D"	"2"	"3d6.4s2"	"b 3F2"	"3"	5	7	M1	
"495.86817"	"495.86813"	"1.18e+07"	B	"2.85122419"	"5.35157038"	"3d6.(5D).4s.4p.(3P*)"	"z 7F*"	"4"	"3d6.(5D).4s (6D).5s"	"e 7D"	"4"	9	9		
"495.89800"	"495.89796"	"4.22e+07"	B+	"2.80829367"	"5.30848946"	"3d6.(5D).4s.4p.(3P*)"	"z 7F*"	"6"	"3d6.(5D).4s (6D).5s"	"e 7D"	"5"	13	11		
""	"496.25686"	"4.5e-02"	E	"0.11011433"	"2.60850194"	"3d6.4s2"	"a 5D"	"1"	"3d6.4s2"	"b 3F2"	"2"	3	5	M1	
"496.32984"	"496.32979"	"1.4e+05"	E	"3.63434980"	"6.13237029"	"3d6.4s2"	"a 1I"	"6"	"3d7.(2G).4p"	"v 3G*"	"5"	13	11		
"496.39563"	"496.39560"	"1.37e+06"	C+	"4.17769679"	"6.67538611"	"3d7.(4F).4p"	"y 5F*"	"5"	"3d7.(4F).4d"	"e 3H"	"6"	11	13		
"496.74744"	"496.74740"	"3.31e+06"	C+	"3.33201954"	"5.82793998"	"3d6.(5D).4s.4p.(3P*)"	"z 5F*"	"5"	"3d7.(4F).5s"	"e 5F"	"5"	11	11		
"497.00840"	"497.00843"	"7.1e+05"	E	"3.63977237"	"6.13438193"	"3d6.4s2"	"b 3D"	"2"	"3d6.(3F2).4s.4p.(3P*)"	"1F*"	"3"	5	7		
"497.18824"	"497.18828"	"9.82e+05"	C	"3.63521992"	"6.12892712"	"3d6.4s2"	"b 3D"	"1"	"3d7.(2G).4p"	"w 3F*"	"2"	3	5		
"497.44892"	"497.44891"	"1.1e+07"	D+	"3.95972364"	"6.45212430"	"3d6.(5D).4s.4p.(3P*)"	"z 3D*"	"1"	"3d6.(5D).4s (4D).5s"	"e 3D"	"1"	3	3		
"497.99921"	"497.99919"	"1.19e+07"	B	"3.98410712"	"6.47375371"	"3d6.(5D).4s.4p.(3P*)"	"z 3F*"	"2"	"3d6.(5D).4s (4D).5s"	"g 5D"	"1"	5	3		
"498.66435"	"498.66435"	"1.48e+07"	B	"3.92860683"	"6.41493251"	"3d6.(5D).4s.4p.(3P*)"	"z 3D*"	"2"	"3d6.(5D).4s (4D).5s"	"e 3D"	"2"	5	5		
"498.69378"	"498.69375"	"1.39e+06"	B	"2.86539125"	"5.35157038"	"3d6.(5D).4s.4p.(3P*)"	"z 7F*"	"3"	"3d6.(5D).4s (6D).5s"	"e 7D"	"4"	7	9		
"498.76134"	"498.76133"	"2.3e+06"	E	"4.21758325"	"6.70342551"	"3d7.(4F).4p"	"y 5D*"	"1"	"3d7.(4F).4d"	"f 3D"	"2"	3	5		
"499.03416"	"499.03412"	"5.2e+06"	D+	"4.15435379"	"6.63883718"	"3d7.(4F).4p"	"y 5D*"	"3"	"3d7.(4F).4d"	"h 5D"	"3"	7	7		
"499.3260"	"499.32586"	"3.9e+05"	E	"4.22036211"	"6.70339390"	"3d7.(4F).4p"	"y 5F*"	"4"	"3d7.(4F).4d"	"e 3G"	"4"	9	9		
"499.50733"	"499.50726"	"1.9e+06"	E	"4.20888328"	"6.69101333"	"3d6.(5D).4s.4p.(3P*)"	"z 3P*"	"2"	"3d7.(4F).4d"	"h 5D"	"2"	5	5		
"499.55224"	"499.55223"	"3.18e+04"	A	"0.91460217"	"3.39650880"	"3d7.(4F).4s"	"a 5F"	"4"	"3d6.(5D).4s.4p.(3P*)"	"z 5F*"	"3"	9	7		
"499.68030"	"499.68010"	"7.3e+05"	E	"4.26045326"	"6.74172473"	"3d6.(5D).4s.4p.(3P*)"	"z 3P*"	"1"	"3d7.(4F).4d"	"f 5G"	"2"	3	5		
"500.05067"	"500.05066"	"7.3e+05"	E	"4.18636440"	"6.66579718"	"3d8"	"c 3F"	"2"	"3d7.(2D2).4p"	"x 1F*"	"3"	5	7		
"500.32586"	"500.32584"	"3.7e+07"	D+	"3.88160368"	"6.35967275"	"3d6.(5D).4s.4p.(3P*)"	"z 3F*"	"4"	"3d6.(5D).4s (4D).5s"	"e 3D"	"3"	9	7		
"500.41879"	"500.41875"	"8.8e+05"	D	"3.39650880"	"5.87411777"	"3d6.(5D).4s.4p.(3P*)"	"z 5F*"	"3"	"3d7.(4F).5s"	"e 5F"	"4"	7	9		
"500.54399"	"500.54392"	"3.7e+06"	E	"4.20888328"	"6.68587270"	"3d6.(5D).4s.4p.(3P*)"	"z 3P*"	"2"	"3d7.(4F).4d"	"f 5P"	"1"	5	3		
"500.75152"	"500.75148"	"5.87e+06"	B+	"2.83252676"	"5.30848946"	"3d6.(5D).4s.4p.(3P*)"	"z 7F*"	"5"	"3d6.(5D).4s (6D).5s"	"e 7D"	"5"	11	11		
"501.34661"	"501.34657"	"5.50e+04"	A	"0.85899575"	"3.33201954"	"3d7.(4F).4s"	"a 5F"	"5"	"3d6.(5D).4s.4p.(3P*)"	"z 5F*"	"5"	11	11		
"501.40926"	"501.40926"	"6.5e+05"	E	"4.28330826"	"6.75602283"	"3d7.(4F).4p"	"y 5F*"	"2"	"3d7.(4F).4d"	"e 5H"	"3"	5	7		
"501.63408"	"501.63410"	"2.64e+07"	C+	"3.94332623"	"6.41493251"	"3d6.(5D).4s.4p.(3P*)"	"z 3F*"	"3"	"3d6.(5D).4s (4D).5s"	"e 3D"	"2"	7	5		
"502.2992"	"502.29900"	"6.18e+06"	D+	"4.25622280"	"6.72455738"	"3d7.(4F).4p"	"y 5F*"	"3"	"3d7.(4F).4d"	"e 5H"	"4"	7	9		
"502.36359"	"502.36360"	"2.4e+07"	D+	"3.98410712"	"6.45212430"	"3d6.(5D).4s.4p.(3P*)"	"z 3F*"	"2"	"3d6.(5D).4s (4D).5s"	"e 3D"	"1"	5	3		
"502.4190"	"502.41900"	"1.87e+05"	C	"2.99035244"	"5.45809748"	"3d6.4s2"	"b 3G"	"4"	"3d6.(3F2).4s.4p.(3P*)"	"v 5D*"	"4"	9	9		
"502.45872"	"502.45863"	"2.3e+06"	E	"4.28330826"	"6.75085864"	"3d7.(4F).4p"	"y 5F*"	"2"	"3d7.(4F).4d"	"f 3D"	"1"	5	3		
"502.48985"	"502.48981"	"6.0e+05"	E	"4.31247059"	"6.77986785"	"3d7.(4F).4p"	"z 5G*"	"5"	"3d7.(4F).4d"	"f 3F"	"4"	11	9		
"502.8627"	"502.86275"	"4.91e+05"	C	"3.63977237"	"6.10533975"	"3d6.4s2"	"b 3D"	"2"	"3d7.(2G).4p"	"w 3F*"	"3"	5	7		
"502.91585"	"502.91586"	"2.2e+06"	E	"4.20888328"	"6.67419029"	"3d6.(5D).4s.4p.(3P*)"	"z 3P*"	"2"	"3d7.(4F).4d"	"g 5F"	"3"	5	7		
"502.95283"	"502.95281"	"2.21e+06"	B	"3.57321890"	"6.03834476"	"3d7.(2H).4s"	"a 1H"	"5"	"3d6.(3H).4s.4p.(3P*)"	"y 1G*"	"4"	11	9		
"503.10200"	"503.10203"	"5.3e+05"	D	"3.41489715"	"5.87929188"	"3d7.(2P).4s"	"a 1P"	"1"	"3d6.(3P2).4s.4p.(3P*)"	"1D*"	"2"	3	5		
"503.21813"	"503.21808"	"2.60e+04"	C+	"3.23672008"	"5.70054647"	"3d7.(2H).4s"	"b 3H"	"6"	"3d6.(3H).4s.4p.(3P*)"	"z 3I*"	"7"	13	15		
"503.3317"	"503.33170"	"8.4e+05"	E	"4.37135106"	"6.83462125"	"3d7.(4F).4p"	"z 5G*"	"4"	"3d7.(4F).4d"	"f 3F"	"3"	9	7		
"503.8327"	"503.83260"	"4.7e+04"	E	"3.01725044"	"5.47807170"	"3d7.(2P).4s"	"c 3P"	"2"	"3d6.(3P2).4s.4p.(3P*)"	"w 5D*"	"2"	5	5		
"504.06568"	"504.06564"	"6.38e+05"	B	"3.36825640"	"5.82793998"	"3d6.(5D).4s.4p.(3P*)"	"z 5F*"	"4"	"3d7.(4F).5s"	"e 5F"	"5"	9	11		
"504.24770"	"504.24771"	"4.29e+04"	B	"0.95815732"	"3.41695281"	"3d7.(4F).4s"	"a 5F"	"3"	"3d6.(5D).4s.4p.(3P*)"	"z 5F*"	"2"	7	5		
"504.31616"	"504.31614"	"2.35e+05"	B	"1.48486439"	"3.94332623"	"3d7.(4F).4s"	"a 3F"	"4"	"3d6.(5D).4s.4p.(3P*)"	"z 3F*"	"3"	9	7		
"504.56176"	"504.56172"	"2.29e+05"	B	"2.85122419"	"5.30848946"	"3d6.(5D).4s.4p.(3P*)"	"z 7F*"	"4"	"3d6.(5D).4s (6D).5s"	"e 7D"	"5"	9	11		
"504.9844"	"504.98432"	"4.88e+06"	B	"3.95972364"	"6.41493251"	"3d6.(5D).4s.4p.(3P*)"	"z 3D*"	"1"	"3d6.(5D).4s (4D).5s"	"e 3D"	"2"	3	5		
"505.12274"	"505.12273"	"1.65e+06"	B	"2.27860466"	"4.73314079"	"3d6.4s2"	"a 3P2"	"2"	"3d7.(4F).4p"	"y 3D*"	"3"	5	7		
"505.30427"	"505.30428"	"4.65e+04"	A	"0.91460217"	"3.36825640"	"3d7.(4F).4s"	"a 5F"	"4"	"3d6.(5D).4s.4p.(3P*)"	"z 5F*"	"4"	9	9		
""	"505.35037"	"8.2e-03"	E	"0.0000000"	"2.45343044"	"3d6.4s2"	"a 5D"	"4"	"3d6.4s2"	"a 3H"	"4"	9	9	M1	
"505.60516"	"505.60516"	"4.47e+05"	C+	"3.63977237"	"6.09196644"	"3d6.4s2"	"b 3D"	"2"	"3d6.(3F2).4s.4p.(3P*)"	"v 3D*"	"3"	5	7		
"505.7401"	"505.74023"	"3.0e+05"	E	"4.31247059"	"6.76400977"	"3d7.(4F).4p"	"z 5G*"	"5"	"3d7.(4F).4d"	"e 3H"	"4"	11	9		
"505.82507"	"505.82513"	"1.0e+06"	E	"4.26045326"	"6.71158094"	"3d6.(5D).4s.4p.(3P*)"	"z 3P*"	"1"	"3d7.(4F).4d"	"h 5D"	"1"	3	3		
"506.14895"	"506.14890"	"1.38e+02"	C+	"0.0000000"	"2.44955978"	"3d6.4s2"	"a 5D"	"4"	"3d6.(5D).4s.4p.(3P*)"	"z 7D*"	"3"	9	7		
"506.66045"	"506.66046"	"8.86e+05"	D+	"3.64164057"	"6.08872711"	"3d6.4s2"	"b 3D"	"3"	"3d7.(2G).4p"	"w 3F*"	"4"	7	9		
"507.01786"	"507.01786"	"3.37e+06"	B+	"2.93984587"	"5.38520741"	"3d6.(5D).4s.4p.(3P*)"	"z 7P*"	"4"	"3d6.(5D).4s (6D).5s"	"e 7D"	"3"	9	7		
"507.61627"	"507.61622"	"1.4e+07"	D	"4.22036211"	"6.66284114"	"3d7.(4F).4p"	"y 5F*"	"4"	"3d7.(4F).4d"	"e 3G"	"5"	9	11		
"508.06385"	"508.06381"	"7.38e+05"	B	"2.19786640"	"4.63819369"	"3d7.(4P).4s"	"a 5P"	"2"	"3d6.(5D).4s.4p.(1P*)"	"y 5P*"	"1"	5	3		
"508.11556"	"508.11555"	"5.19e+04"	A	"0.99011115"	"3.43018998"	"3d7.(4F).4s"	"a 5F"	"2"	"3d6.(5D).4s.4p.(3P*)"	"z 5F*"	"1"	5	3		
"508.23521"	"508.23516"	"1.8e+04"	E	"3.26711257"	"5.70661711"	"3d7.(2H).4s"	"b 3H"	"5"	"3d6.(3H).4s.4p.(3P*)"	"z 3I*"	"6"	11	13		
"508.47551"	"508.47550"	"4.06e+04"	A	"0.95815732"	"3.39650880"	"3d7.(4F).4s"	"a 5F"	"3"	"3d6.(5D).4s.4p.(3P*)"	"z 5F*"	"3"	7	7		
"508.95710"	"508.95708"	"5.1e+05"	D	"4.15435379"	"6.59039805"	"3d7.(4F).4p"	"y 5D*"	"3"	"3d7.(4F).4d"	"h 5D"	"4"	7	9		
"509.21925"	"509.21916"	"1.9e+07"	D	"4.25622280"	"6.69101333"	"3d7.(4F).4p"	"y 5F*"	"3"	"3d7.(4F).4d"	"h 5D"	"2"	7	5		
"510.01188"	"510.01192"	"4.83e+05"	D+	"2.17594512"	"4.60695104"	"3d7.(4P).4s"	"a 5P"	"3"	"3d6.(5D).4s.4p.(1P*)"	"y 5P*"	"2"	7	5		
"510.04981"	"510.04979"	"2.79e+06"	B	"3.98410712"	"6.41493251"	"3d6.(5D).4s.4p.(3P*)"	"z 3F*"	"2"	"3d6.(5D).4s (4D).5s"	"e 3D"	"2"	5	5		
"510.54522"	"510.54526"	"5.7e+04"	E	"3.01725044"	"5.44571679"	"3d7.(2P).4s"	"c 3P"	"2"	"3d6.(3P2).4s.4p.(3P*)"	"w 5D*"	"3"	5	7		
"510.56134"	"510.56116"	"2.7e+05"	E	"4.17769679"	"6.60608750"	"3d7.(4F).4p"	"y 5F*"	"5"	"3d7.(4F).4d"	"f 5G"	"5"	11	11		
"510.58598"	"510.58598"	"1.8e+06"	E	"4.28330826"	"6.71158094"	"3d7.(4F).4p"	"y 5F*"	"2"	"3d7.(4F).4d"	"h 5D"	"1"	5	3		
"510.88705"	"510.88705"	"4.18e+04"	A	"0.99011115"	"3.41695281"	"3d7.(4F).4s"	"a 5F"	"2"	"3d6.(5D).4s.4p.(3P*)"	"z 5F*"	"2"	5	5		
"510.90641"	"510.90640"	"1.95e+05"	A	"1.55735733"	"3.98410712"	"3d7.(4F).4s"	"a 3F"	"3"	"3d6.(5D).4s.4p.(3P*)"	"z 3F*"	"2"	7	5		
"511.17826"	"511.17822"	"9.99e+05"	B	"3.57321890"	"5.99867825"	"3d7.(2H).4s"	"a 1H"	"5"	"3d7.(2G).4p"	"z 1H*"	"5"	11	11		
"511.18369"	"511.18370"	"4.93e+03"	A	"0.0000000"	"2.42543332"	"3d6.4s2"	"a 5D"	"4"	"3d6.(5D).4s.4p.(3P*)"	"z 7D*"	"4"	9	9		
""	"511.32017"	"2.3e-02"	E	"0.99011115"	"3.41489715"	"3d7.(4F).4s"	"a 5F"	"2"	"3d7.(2P).4s"	"a 1P"	"1"	5	3	M1	
"511.72034"	"511.72024"	"5.8e+04"	E	"3.57321890"	"5.99610917"	"3d7.(2H).4s"	"a 1H"	"5"	"3d6.(3G).4s.4p.(3P*)"	"y 5H*"	"4"	11	9		
"512.30659"	"512.30658"	"7.9e+06"	D	"4.28330826"	"6.70342551"	"3d7.(4F).4p"	"y 5F*"	"2"	"3d7.(4F).4d"	"f 3D"	"2"	5	5		
"512.51473"	"512.51474"	"7.24e+04"	A	"1.01105568"	"3.43018998"	"3d7.(4F).4s"	"a 5F"	"1"	"3d6.(5D).4s.4p.(3P*)"	"z 5F*"	"1"	3	3		
"512.7621"	"512.76206"	"3.2e+06"	E	"4.25622280"	"6.67419029"	"3d7.(4F).4p"	"y 5F*"	"3"	"3d7.(4F).4d"	"g 5F"	"3"	7	7		
"512.87877"	"512.87874"	"1.14e+04"	A	"0.91460217"	"3.33201954"	"3d7.(4F).4s"	"a 5F"	"4"	"3d6.(5D).4s.4p.(3P*)"	"z 5F*"	"5"	9	11		
"512.91080"	"512.91094"	"3.80e+01"	A	"0.05156912"	"2.46883473"	"3d6.4s2"	"a 5D"	"3"	"3d6.(5D).4s.4p.(3P*)"	"z 7D*"	"2"	7	5		
"513.10598"	"513.10604"	"5.5e+05"	E	"3.94332623"	"6.35967275"	"3d6.(5D).4s.4p.(3P*)"	"z 3F*"	"3"	"3d6.(5D).4s (4D).5s"	"e 3D"	"3"	7	7		
"513.28981"	"513.28976"	"2.58e+05"	D+	"2.22271209"	"4.63819369"	"3d7.(4P).4s"	"a 5P"	"1"	"3d6.(5D).4s.4p.(1P*)"	"y 5P*"	"1"	3	3		
"513.7524"	"513.75225"	"6.8e+05"	E	"4.18636440"	"6.59967157"	"3d8"	"c 3F"	"2"	"3d7.(2D2).4p"	"v 3P*"	"1"	5	3		
"513.88131"	"513.88127"	"1.0e+07"	D	"4.17769679"	"6.59039805"	"3d7.(4F).4p"	"y 5F*"	"5"	"3d7.(4F).4d"	"h 5D"	"4"	11	9		
"514.06829"	"514.06822"	"9.16e+06"	B+	"2.99804479"	"5.40986861"	"3d6.(5D).4s.4p.(3P*)"	"z 7P*"	"3"	"3d6.(5D).4s (6D).5s"	"e 7D"	"2"	7	5		
"514.08944"	"514.08939"	"8.69e+06"	B+	"2.93984587"	"5.35157038"	"3d6.(5D).4s.4p.(3P*)"	"z 7P*"	"4"	"3d6.(5D).4s (6D).5s"	"e 7D"	"4"	9	9		
"514.31712"	"514.31710"	"4.86e+05"	D	"2.42419831"	"4.83485507"	"3d6.4s2"	"a 3P2"	"1"	"3d7.(4F).4p"	"y 3D*"	"1"	3	3		
"514.43610"	"514.43611"	"2.40e+04"	D+	"0.95815732"	"3.36825640"	"3d7.(4F).4s"	"a 5F"	"3"	"3d6.(5D).4s.4p.(3P*)"	"z 5F*"	"4"	7	9		
"514.51564"	"514.51556"	"7.3e+03"	E	"2.19786640"	"4.60759327"	"3d7.(4P).4s"	"a 5P"	"2"	"3d7.(4F).4p"	"y 3F*"	"3"	5	7		
"514.65267"	"514.65273"	"6.70e+04"	D+	"2.19786640"	"4.60695104"	"3d7.(4P).4s"	"a 5P"	"2"	"3d6.(5D).4s.4p.(1P*)"	"y 5P*"	"2"	5	5		
"514.7740"	"514.77407"	"2.7e+05"	E	"4.37135106"	"6.77986785"	"3d7.(4F).4p"	"z 5G*"	"4"	"3d7.(4F).4d"	"f 3F"	"4"	9	9		
"515.22741"	"515.22739"	"3.30e+04"	C	"0.99011115"	"3.39650880"	"3d7.(4F).4s"	"a 5F"	"2"	"3d6.(5D).4s.4p.(3P*)"	"z 5F*"	"3"	5	7		
"515.3346"	"515.33458"	"2.39e+04"	A	"1.01105568"	"3.41695281"	"3d7.(4F).4s"	"a 5F"	"1"	"3d6.(5D).4s.4p.(3P*)"	"z 5F*"	"2"	3	5		
""	"515.55361"	"4.43e+05"	C+	"3.88160368"	"6.28647868"	"3d6.(5D).4s.4p.(3P*)"	"z 3F*"	"4"	"3d6.(5D).4s (6D).4d"	"e 5G"	"5"	9	11		
""	"515.77527"	"1.1e-02"	E	"1.01105568"	"3.41489715"	"3d7.(4F).4s"	"a 5F"	"1"	"3d7.(2P).4s"	"a 1P"	"1"	3	3	M1	
""	"516.20049"	"1.5e-03"	E	"0.05156912"	"2.45343044"	"3d6.4s2"	"a 5D"	"3"	"3d6.4s2"	"a 3H"	"4"	7	9	M1	
"516.59889"	"516.59900"	"1.6e+06"	E	"4.43461275"	"6.83462125"	"3d7.(4F).4p"	"z 3G*"	"4"	"3d7.(4F).4d"	"f 3F"	"3"	9	7		
"516.77209"	"516.77207"	"1.45e+03"	A	"0.0000000"	"2.39920471"	"3d6.4s2"	"a 5D"	"4"	"3d6.(5D).4s.4p.(3P*)"	"z 7D*"	"5"	9	11		
"516.89274"	"516.89273"	"2.72e+06"	B+	"1.48486439"	"3.88350907"	"3d7.(4F).4s"	"a 3F"	"4"	"3d6.(5D).4s.4p.(3P*)"	"z 3D*"	"3"	9	7		
"517.03375"	"517.03370"	"3.83e+03"	A	"0.05156912"	"2.44955978"	"3d6.4s2"	"a 5D"	"3"	"3d6.(5D).4s.4p.(3P*)"	"z 7D*"	"3"	7	7		
"517.30364"	"517.30365"	"4.46e+05"	A	"1.48486439"	"3.88160368"	"3d7.(4F).4s"	"a 3F"	"4"	"3d6.(5D).4s.4p.(3P*)"	"z 3F*"	"4"	9	9		
"517.86756"	"517.86746"	"1.2e+05"	E	"3.69459719"	"6.08872711"	"3d6.4s2"	"b 1G2"	"4"	"3d7.(2G).4p"	"w 3F*"	"4"	9	9		
"518.02425"	"518.02429"	"4.2e+05"	E	"4.38646275"	"6.77986785"	"3d7.(4F).4p"	"z 3G*"	"5"	"3d7.(4F).4d"	"f 3F"	"4"	11	9		
"518.57095"	"518.57096"	"3.8e+06"	D	"4.28330826"	"6.67419029"	"3d7.(4F).4p"	"y 5F*"	"2"	"3d7.(4F).4d"	"g 5F"	"3"	5	7		
"518.93586"	"518.93589"	"2.11e+06"	C+	"4.14264893"	"6.53184961"	"3d8"	"c 3F"	"3"	"3d7.(2D2).4p"	"t 3D*"	"2"	7	5		
"519.29003"	"519.28999"	"2.32e+07"	B	"3.03847046"	"5.42604198"	"3d6.(5D).4s.4p.(3P*)"	"z 7P*"	"2"	"3d6.(5D).4s (6D).5s"	"e 7D"	"1"	5	3		
"519.37899"	"519.37894"	"1.34e+07"	B+	"2.99804479"	"5.38520741"	"3d6.(5D).4s.4p.(3P*)"	"z 7P*"	"3"	"3d6.(5D).4s (6D).5s"	"e 7D"	"3"	7	7		
"519.63880"	"519.63879"	"2.87e+05"	A	"1.55735733"	"3.94332623"	"3d7.(4F).4s"	"a 3F"	"3"	"3d6.(5D).4s.4p.(3P*)"	"z 3F*"	"3"	7	7		
"519.93843"	"519.93828"	"2.0e+06"	E	"4.30127816"	"6.68587270"	"3d7.(4F).4p"	"y 5F*"	"1"	"3d7.(4F).4d"	"f 5P"	"1"	3	3		
"520.01584"	"520.01583"	"3.62e+05"	B	"2.22271209"	"4.60695104"	"3d7.(4P).4s"	"a 5P"	"1"	"3d6.(5D).4s.4p.(1P*)"	"y 5P*"	"2"	3	5		
"520.37843"	"520.37841"	"5.11e+05"	B	"2.17594512"	"4.55852281"	"3d7.(4P).4s"	"a 5P"	"3"	"3d6.(5D).4s.4p.(1P*)"	"y 5P*"	"3"	7	7		
"520.60315"	"520.60318"	"2.29e+03"	A	"0.08728574"	"2.46883473"	"3d6.4s2"	"a 5D"	"2"	"3d6.(5D).4s.4p.(3P*)"	"z 7D*"	"2"	5	5		
"520.93873"	"520.93882"	"3.2e+05"	E	"3.63521992"	"6.01523448"	"3d6.4s2"	"b 3D"	"1"	"3d7.(4P).4p"	"x 3P*"	"1"	3	3		
"521.00439"	"521.00440"	"6.23e+06"	B	"3.24096914"	"5.62068415"	"3d6.(5D).4s.4p.(3P*)"	"z 5D*"	"3"	"3d6.(5D).4s (6D).5s"	"e 5D"	"2"	7	5		
"521.66323"	"521.66321"	"1.10e+07"	B	"3.26570610"	"5.64241573"	"3d6.(5D).4s.4p.(3P*)"	"z 5D*"	"2"	"3d6.(5D).4s (6D).5s"	"e 5D"	"1"	5	3		
"521.77260"	"521.77261"	"3.47e+05"	A	"1.60789577"	"3.98410712"	"3d7.(4F).4s"	"a 3F"	"2"	"3d6.(5D).4s.4p.(3P*)"	"z 3F*"	"2"	5	5		
"521.88416"	"521.88417"	"2.41e+06"	B	"3.21118938"	"5.58689276"	"3d6.(5D).4s.4p.(3P*)"	"z 5D*"	"4"	"3d6.(5D).4s (6D).5s"	"e 5D"	"3"	9	7		
"521.93717"	"521.93718"	"1.56e+06"	C+	"3.63977237"	"6.01523448"	"3d6.4s2"	"b 3D"	"2"	"3d7.(4P).4p"	"x 3P*"	"1"	5	3		
""	"522.20183"	"5.7e-01"	E	"0.11011433"	"2.48437256"	"3d6.4s2"	"a 5D"	"1"	"3d6.4s2"	"a 3P2"	"0"	3	1	M1	
"522.46393"	"522.46366"	"4.03e+06"	C+	"3.63521992"	"6.00828827"	"3d6.4s2"	"b 3D"	"1"	"3d7.(4P).4p"	"x 3P*"	"0"	3	1		
"522.5752"	"522.57539"	"2.8e+03"	E	"2.17594512"	"4.54850612"	"3d7.(4P).4s"	"a 5P"	"3"	"3d7.(4F).4p"	"y 3F*"	"4"	7	9		
"522.69805"	"522.69809"	"1.32e+03"	A	"0.11011433"	"2.48211840"	"3d6.4s2"	"a 5D"	"1"	"3d6.(5D).4s.4p.(3P*)"	"z 7D*"	"1"	3	3		
"522.83171"	"522.83164"	"1.36e+07"	B	"3.03847046"	"5.40986861"	"3d6.(5D).4s.4p.(3P*)"	"z 7P*"	"2"	"3d6.(5D).4s (6D).5s"	"e 7D"	"2"	5	5		
"522.86443"	"522.86442"	"2.89e+06"	B+	"1.55735733"	"3.92860683"	"3d7.(4F).4s"	"a 3F"	"3"	"3d6.(5D).4s.4p.(3P*)"	"z 3D*"	"2"	7	5		
"522.98320"	"522.98309"	"1.9e+06"	E	"4.22036211"	"6.59107351"	"3d7.(4F).4p"	"y 5F*"	"4"	"3d7.(4F).4d"	"f 5P"	"3"	9	7		
"523.43968"	"523.43965"	"1.94e+07"	B+	"2.93984587"	"5.30848946"	"3d6.(5D).4s.4p.(3P*)"	"z 7P*"	"4"	"3d6.(5D).4s (6D).5s"	"e 7D"	"5"	9	11		
"523.68438"	"523.68444"	"3.75e+06"	D+	"4.07581091"	"6.44334733"	"3d8"	"c 3F"	"4"	"3d7.(2P).4p"	"u 3D*"	"3"	9	7		
"523.76614"	"523.76593"	"2.58e+06"	C	"4.18636440"	"6.55353246"	"3d8"	"c 3F"	"2"	"3d7.(2D2).4p"	"t 3D*"	"1"	5	3		
"524.39500"	"524.39499"	"2.38e+06"	B	"3.63434980"	"5.99867825"	"3d6.4s2"	"a 1I"	"6"	"3d7.(2G).4p"	"z 1H*"	"5"	13	11		
"524.52363"	"524.52355"	"2.0e+06"	D	"4.25622280"	"6.61997175"	"3d7.(4F).4p"	"y 5F*"	"3"	"3d7.(4F).4d"	"g 5F"	"4"	7	9		
"524.85106"	"524.85104"	"3.92e+02"	A	"0.08728574"	"2.44955978"	"3d6.4s2"	"a 5D"	"2"	"3d6.(5D).4s.4p.(3P*)"	"z 7D*"	"3"	5	7		
"525.05662"	"525.05659"	"1.2e+06"	E	"4.47327202"	"6.83462125"	"3d7.(4F).4p"	"z 3G*"	"3"	"3d7.(4F).4d"	"f 3F"	"3"	7	7		
"525.16700"	"525.16703"	"9.30e+02"	A	"0.12126572"	"2.48211840"	"3d6.4s2"	"a 5D"	"0"	"3d6.(5D).4s.4p.(3P*)"	"z 7D*"	"1"	1	3		
"525.21071"	"525.21069"	"2.28e+05"	D+	"2.19786640"	"4.55852281"	"3d7.(4P).4s"	"a 5P"	"2"	"3d6.(5D).4s.4p.(1P*)"	"y 5P*"	"3"	5	7		
"525.49236"	"525.49240"	"2.15e+06"	B	"3.28302483"	"5.64241573"	"3d6.(5D).4s.4p.(3P*)"	"z 5D*"	"1"	"3d6.(5D).4s (6D).5s"	"e 5D"	"1"	3	3		
"525.64177"	"525.64178"	"8.31e+02"	A	"0.11011433"	"2.46883473"	"3d6.4s2"	"a 5D"	"1"	"3d6.(5D).4s.4p.(3P*)"	"z 7D*"	"2"	3	5		
"526.43453"	"526.43460"	"8.7e+04"	E	"3.25148176"	"5.60664989"	"3d7.(2D2).4s"	"a 3D"	"3"	"3d6.(3P2).4s.4p.(3P*)"	"x 3D*"	"3"	7	7		
"526.47708"	"526.47709"	"6.36e+06"	B	"3.26570610"	"5.62068415"	"3d6.(5D).4s.4p.(3P*)"	"z 5D*"	"2"	"3d6.(5D).4s (6D).5s"	"e 5D"	"2"	5	5		
"526.53296"	"526.53294"	"1.96e+05"	C	"3.57321890"	"5.92794713"	"3d7.(2H).4s"	"a 1H"	"5"	"3d6.(3F2).4s.4p.(3P*)"	"x 3G*"	"4"	11	9		
"526.80207"	"526.80200"	"1.10e+07"	B	"2.99804479"	"5.35157038"	"3d6.(5D).4s.4p.(3P*)"	"z 7P*"	"3"	"3d6.(5D).4s (6D).5s"	"e 7D"	"4"	7	9		
"526.8736"	"526.87347"	"6.77e+05"	C+	"4.37135106"	"6.72455738"	"3d7.(4F).4p"	"z 5G*"	"4"	"3d7.(4F).4d"	"e 5H"	"4"	9	9		
"527.10035"	"527.10031"	"1.27e+06"	A	"0.85899575"	"3.21118938"	"3d7.(4F).4s"	"a 5F"	"5"	"3d6.(5D).4s.4p.(3P*)"	"z 5D*"	"4"	11	9		
"527.18227"	"527.18228"	"3.67e+06"	B+	"1.60789577"	"3.95972364"	"3d7.(4F).4s"	"a 3F"	"2"	"3d6.(5D).4s.4p.(3P*)"	"z 3D*"	"1"	5	3		
"527.46307"	"527.46308"	"8.12e+06"	B	"3.29183986"	"5.64241573"	"3d6.(5D).4s.4p.(3P*)"	"z 5D*"	"0"	"3d6.(5D).4s (6D).5s"	"e 5D"	"1"	1	3		
"527.48407"	"527.48403"	"5.55e+05"	D	"2.48437256"	"4.83485507"	"3d6.4s2"	"a 3P2"	"0"	"3d7.(4F).4p"	"y 3D*"	"1"	1	3		
"528.18310"	"528.18303"	"7.27e+05"	C+	"3.64164057"	"5.98901244"	"3d6.4s2"	"b 3D"	"3"	"3d7.(4P).4p"	"x 3P*"	"2"	7	5		
"528.32598"	"528.32593"	"5.00e+06"	B	"3.03847046"	"5.38520741"	"3d6.(5D).4s.4p.(3P*)"	"z 7P*"	"2"	"3d6.(5D).4s (6D).5s"	"e 7D"	"3"	5	7		
"528.50910"	"528.50910"	"1.02e+07"	B	"3.24096914"	"5.58689276"	"3d6.(5D).4s.4p.(3P*)"	"z 5D*"	"3"	"3d6.(5D).4s (6D).5s"	"e 5D"	"3"	7	7		
"528.58950"	"528.58950"	"8.29e+04"	C+	"3.63434980"	"5.97991659"	"3d6.4s2"	"a 1I"	"6"	"3d6.(3G).4s.4p.(3P*)"	"y 5H*"	"5"	13	11		
"528.65989"	"528.65976"	"6.4e+05"	E	"4.43461275"	"6.77986785"	"3d7.(4F).4p"	"z 3G*"	"4"	"3d7.(4F).4d"	"f 3F"	"4"	9	9		
"528.99959"	"528.99980"	"8.22e+05"	B	"3.69459719"	"6.03834476"	"3d6.4s2"	"b 1G2"	"4"	"3d6.(3H).4s.4p.(3P*)"	"y 1G*"	"4"	9	9		
""	"529.22163"	"2.2e-01"	E	"0.95815732"	"3.30092244"	"3d7.(4F).4s"	"a 5F"	"3"	"3d7.(2D2).4s"	"a 3D"	"2"	7	5	M1	
"529.4502"	"529.45047"	"1.0e+05"	E	"4.38646275"	"6.72821528"	"3d7.(4F).4p"	"z 3G*"	"5"	"3d7.(4F).4d"	"e 3H"	"5"	11	11		
"529.54315"	"529.54313"	"6.9e+05"	E	"4.14264893"	"6.48399171"	"3d8"	"c 3F"	"3"	"3d7.(2P).4p"	"u 3D*"	"2"	7	5		
"529.60210"	"529.60203"	"7.3e+04"	E	"3.63977237"	"5.98085478"	"3d6.4s2"	"b 3D"	"2"	"3d6.(3G).4s.4p.(3P*)"	"v 5F*"	"2"	5	5		
"529.67852"	"529.67858"	"7.3e+05"	E	"4.41527878"	"6.75602283"	"3d7.(4F).4p"	"z 5G*"	"3"	"3d7.(4F).4d"	"e 5H"	"3"	7	7		
"530.02498"	"530.02499"	"4.58e+05"	C+	"3.64164057"	"5.98085478"	"3d6.4s2"	"b 3D"	"3"	"3d6.(3G).4s.4p.(3P*)"	"v 5F*"	"2"	7	5		
"530.3774"	"530.37753"	"9.04e+06"	B	"3.28302483"	"5.62068415"	"3d6.(5D).4s.4p.(3P*)"	"z 5D*"	"1"	"3d6.(5D).4s (6D).5s"	"e 5D"	"2"	3	5		
""	"530.54701"	"4.6e-01"	E	"0.08728574"	"2.42419831"	"3d6.4s2"	"a 5D"	"2"	"3d6.4s2"	"a 3P2"	"1"	5	3	M1	
""	"530.55450"	"1.8e-01"	E	"0.91460217"	"3.25148176"	"3d7.(4F).4s"	"a 5F"	"4"	"3d7.(2D2).4s"	"a 3D"	"3"	9	7	M1	
"530.88373"	"530.88371"	"3.48e+04"	A	"1.60789577"	"3.94332623"	"3d7.(4F).4s"	"a 3F"	"2"	"3d6.(5D).4s.4p.(3P*)"	"z 3F*"	"3"	5	7		
"532.1515"	"532.15170"	"1.5e+05"	D	"3.64164057"	"5.97150625"	"3d6.4s2"	"b 3D"	"3"	"3d5.(6S).4s2.4p"	"v 5P*"	"2"	7	5		
"532.25879"	"532.25877"	"2.13e+06"	C	"4.43461275"	"6.76400977"	"3d7.(4F).4p"	"z 3G*"	"4"	"3d7.(4F).4d"	"e 3H"	"4"	9	9		
"532.35209"	"532.35210"	"5.29e+04"	C	"2.27860466"	"4.60759327"	"3d6.4s2"	"a 3P2"	"2"	"3d7.(4F).4p"	"y 3F*"	"3"	5	7		
"532.56598"	"532.56596"	"2.06e+07"	B	"3.21118938"	"5.53924278"	"3d6.(5D).4s.4p.(3P*)"	"z 5D*"	"4"	"3d6.(5D).4s (6D).5s"	"e 5D"	"4"	9	9		
"532.76240"	"532.76238"	"2.22e+05"	B	"3.57321890"	"5.90041395"	"3d7.(2H).4s"	"a 1H"	"5"	"3d6.(3G).4s.4p.(3P*)"	"w 5G*"	"4"	11	9		
"532.95204"	"532.95202"	"1.15e+06"	A	"0.91460217"	"3.24096914"	"3d7.(4F).4s"	"a 5F"	"4"	"3d6.(5D).4s.4p.(3P*)"	"z 5D*"	"3"	9	7		
"533.00135"	"533.00134"	"4.74e+05"	B	"1.55735733"	"3.88350907"	"3d7.(4F).4s"	"a 3F"	"3"	"3d6.(5D).4s.4p.(3P*)"	"z 3D*"	"3"	7	7		
"533.14713"	"533.14720"	"1.29e+06"	C+	"4.07581091"	"6.40132623"	"3d8"	"c 3F"	"4"	"3d6.(3H).4s.4p.(3P*)"	"1H*"	"5"	9	11		
"533.41431"	"533.41438"	"6.8e+05"	E	"4.18636440"	"6.51071489"	"3d8"	"c 3F"	"2"	"3d7.(2P).4p"	"u 3D*"	"1"	5	3		
"533.43828"	"533.43829"	"4.36e+04"	B	"1.55735733"	"3.88160368"	"3d7.(4F).4s"	"a 3F"	"3"	"3d6.(5D).4s.4p.(3P*)"	"z 3F*"	"4"	7	9		
"534.14143"	"534.14144"	"6.36e+06"	C+	"3.26570610"	"5.58689276"	"3d6.(5D).4s.4p.(3P*)"	"z 5D*"	"2"	"3d6.(5D).4s (6D).5s"	"e 5D"	"3"	5	7		
"534.25093"	"534.25091"	"5.21e+05"	B	"1.60789577"	"3.92860683"	"3d7.(4F).4s"	"a 3F"	"2"	"3d6.(5D).4s.4p.(3P*)"	"z 3D*"	"2"	5	5		
"535.12252"	"535.12250"	"1.4e+06"	D	"4.38646275"	"6.70339390"	"3d7.(4F).4p"	"z 3G*"	"5"	"3d7.(4F).4d"	"e 3G"	"4"	11	9		
""	"535.78089"	"1.0e-03"	E	"0.11011433"	"2.42419831"	"3d6.4s2"	"a 5D"	"1"	"3d6.4s2"	"a 3P2"	"1"	3	3	E2	
"536.31159"	"536.31159"	"1.8e+06"	E	"4.41527878"	"6.72707289"	"3d7.(4F).4p"	"z 5G*"	"3"	"3d7.(4F).4d"	"g 5F"	"2"	7	5		
""	"536.53969"	"2.0e-02"	E	"0.99011115"	"3.30092244"	"3d7.(4F).4s"	"a 5F"	"2"	"3d7.(2D2).4s"	"a 3D"	"2"	5	5	M1	
"536.63628"	"536.63624"	"5.59e+07"	C+	"4.44562726"	"6.75602283"	"3d7.(4F).4p"	"z 5G*"	"2"	"3d7.(4F).4d"	"e 5H"	"3"	5	7		
"536.68908"	"536.68906"	"2.46e+06"	B	"3.57321890"	"5.88338708"	"3d7.(2H).4s"	"a 1H"	"5"	"3d7.(2G).4p"	"z 1G*"	"4"	11	9		
"536.8959"	"536.89580"	"7.13e+07"	B	"4.41527878"	"6.72455738"	"3d7.(4F).4p"	"z 5G*"	"3"	"3d7.(4F).4d"	"e 5H"	"4"	7	9		
"537.14548"	"537.14540"	"7.22e+07"	B+	"4.37135106"	"6.67955657"	"3d7.(4F).4p"	"z 5G*"	"4"	"3d7.(4F).4d"	"e 5H"	"5"	9	11		
"537.29830"	"537.29828"	"1.05e+06"	A	"0.95815732"	"3.26570610"	"3d7.(4F).4s"	"a 5F"	"3"	"3d6.(5D).4s.4p.(3P*)"	"z 5D*"	"2"	7	5		
"537.52025"	"537.52026"	"3.7e+06"	D	"4.47327202"	"6.77986785"	"3d7.(4F).4p"	"z 3G*"	"3"	"3d7.(4F).4d"	"f 3F"	"4"	7	9		
"537.8328"	"537.83251"	"4.0e+05"	E	"4.29441489"	"6.59967157"	"3d6.4s2"	"b 1D2"	"2"	"3d7.(2D2).4p"	"v 3P*"	"1"	5	3		
"538.10696"	"538.10693"	"6.41e+05"	B	"3.69459719"	"5.99867825"	"3d6.4s2"	"b 1G2"	"4"	"3d7.(2G).4p"	"z 1H*"	"5"	9	11		
""	"538.37528"	"7.9e-02"	E	"0.12126572"	"2.42419831"	"3d6.4s2"	"a 5D"	"0"	"3d6.4s2"	"a 3P2"	"1"	1	3	M1	
"538.48657"	"538.48649"	"7.81e+07"	B+	"4.31247059"	"6.61492758"	"3d7.(4F).4p"	"z 5G*"	"5"	"3d7.(4F).4d"	"e 5H"	"6"	11	13		
"538.7072"	"538.70760"	"3.1e+04"	E	"3.69459719"	"5.99610917"	"3d6.4s2"	"b 1G2"	"4"	"3d6.(3G).4s.4p.(3P*)"	"y 5H*"	"4"	9	9		
"538.78314"	"538.78306"	"8.4e+05"	E	"4.15435379"	"6.45554341"	"3d7.(4F).4p"	"y 5D*"	"3"	"3d6.(5D).4s (6D).4d"	"e 5P"	"2"	7	5		
"538.8978"	"538.89810"	"3.03e+05"	C+	"4.14264893"	"6.44334733"	"3d8"	"c 3F"	"3"	"3d7.(2P).4p"	"u 3D*"	"3"	7	7		
"539.46668"	"539.46665"	"4.91e+06"	B	"3.24096914"	"5.53924278"	"3d6.(5D).4s.4p.(3P*)"	"z 5D*"	"3"	"3d6.(5D).4s (6D).5s"	"e 5D"	"4"	7	9		
"539.6718"	"539.67170"	"5.4e+05"	E	"4.44562726"	"6.74302768"	"3d7.(4F).4p"	"z 5G*"	"2"	"3d7.(4F).4d"	"g 5F"	"1"	5	3		
"539.86281"	"539.86279"	"2.58e+05"	A	"0.91460217"	"3.21118938"	"3d7.(4F).4s"	"a 5F"	"4"	"3d6.(5D).4s.4p.(3P*)"	"z 5D*"	"4"	9	9		
"539.97800"	"539.97794"	"9.0e+06"	E	"4.44562726"	"6.74172473"	"3d7.(4F).4p"	"z 5G*"	"2"	"3d7.(4F).4d"	"f 5G"	"2"	5	5		
"540.27703"	"540.27677"	"2.2e+05"	E	"4.32010008"	"6.61492758"	"3d7.(4F).4p"	"z 5G*"	"6"	"3d7.(4F).4d"	"e 5H"	"6"	13	13		
"540.53235"	"540.53242"	"1.92e+06"	C+	"4.07581091"	"6.36955305"	"3d8"	"c 3F"	"4"	"3d7.(2H).4p"	"u 3G*"	"5"	9	11		
"540.56537"	"540.56532"	"6.92e+07"	B+	"4.43461275"	"6.72821528"	"3d7.(4F).4p"	"z 3G*"	"4"	"3d7.(4F).4d"	"e 3H"	"5"	9	11		
"540.68523"	"540.68524"	"8.45e+05"	C	"4.38646275"	"6.67955657"	"3d7.(4F).4p"	"z 3G*"	"5"	"3d7.(4F).4d"	"e 5H"	"5"	11	11		
"540.72778"	"540.72772"	"1.09e+06"	A	"0.99011115"	"3.28302483"	"3d7.(4F).4s"	"a 5F"	"2"	"3d6.(5D).4s.4p.(3P*)"	"z 5D*"	"1"	5	3		
"541.06370"	"541.06365"	"1.1e+06"	D	"4.37135106"	"6.66284114"	"3d7.(4F).4p"	"z 5G*"	"4"	"3d7.(4F).4d"	"e 3G"	"5"	9	11		
"541.24137"	"541.24135"	"6.33e+07"	B+	"4.47327202"	"6.76400977"	"3d7.(4F).4p"	"z 3G*"	"3"	"3d7.(4F).4d"	"e 3H"	"4"	7	9		
"541.4290"	"541.42881"	"4.86e+05"	B	"4.43461275"	"6.72455738"	"3d7.(4F).4p"	"z 3G*"	"4"	"3d7.(4F).4d"	"e 5H"	"4"	9	9		
""	"541.44722"	"2.2e-02"	E	"1.01105568"	"3.30092244"	"3d7.(4F).4s"	"a 5F"	"1"	"3d7.(2D2).4s"	"a 3D"	"2"	3	5	M1	
"541.67043"	"541.67038"	"7.67e+07"	B+	"4.38646275"	"6.67538611"	"3d7.(4F).4p"	"z 3G*"	"5"	"3d7.(4F).4d"	"e 3H"	"6"	11	13		
"541.85387"	"541.85423"	"1.0e+06"	E	"4.41527878"	"6.70342551"	"3d7.(4F).4p"	"z 5G*"	"3"	"3d7.(4F).4d"	"f 3D"	"2"	7	5		
""	"542.86812"	"1.7e-01"	E	"0.99011115"	"3.27398440"	"3d7.(4F).4s"	"a 5F"	"2"	"3d7.(2D2).4s"	"a 3D"	"1"	5	3	M1	
"543.10133"	"543.10125"	"7.27e+06"	C+	"4.19086081"	"6.47375371"	"3d7.(4F).4p"	"y 5D*"	"2"	"3d6.(5D).4s (4D).5s"	"g 5D"	"1"	5	3		
"543.12056"	"543.12054"	"4.27e+05"	A	"0.95815732"	"3.24096914"	"3d7.(4F).4s"	"a 5F"	"3"	"3d6.(5D).4s.4p.(3P*)"	"z 5D*"	"3"	7	7		
"543.44576"	"543.44577"	"4.3e+06"	D	"4.44562726"	"6.72707289"	"3d7.(4F).4p"	"z 5G*"	"2"	"3d7.(4F).4d"	"g 5F"	"2"	5	5		
"543.60340"	"543.60338"	"1.70e+06"	A	"1.01105568"	"3.29183986"	"3d7.(4F).4s"	"a 5F"	"1"	"3d6.(5D).4s.4p.(3P*)"	"z 5D*"	"0"	3	1		
"543.78064"	"543.78056"	"7.7e+05"	E	"4.38646275"	"6.66650376"	"3d7.(4F).4p"	"z 3G*"	"5"	"3d7.(4F).4d"	"f 5G"	"4"	11	9		
"543.81069"	"543.80987"	"3.50e+04"	C	"2.27860466"	"4.55852281"	"3d6.4s2"	"a 3P2"	"2"	"3d6.(5D).4s.4p.(1P*)"	"y 5P*"	"3"	5	7		
""	"544.12334"	"5.3e-03"	E	"0.0000000"	"2.27860466"	"3d6.4s2"	"a 5D"	"4"	"3d6.4s2"	"a 3P2"	"2"	9	5	E2	
"544.28506"	"544.28510"	"5.0e+05"	E	"4.31247059"	"6.59039805"	"3d7.(4F).4p"	"z 5G*"	"5"	"3d7.(4F).4d"	"h 5D"	"4"	11	9		
"544.83881"	"544.83861"	"2.50e+04"	B+	"1.60789577"	"3.88350907"	"3d7.(4F).4s"	"a 3F"	"2"	"3d6.(5D).4s.4p.(3P*)"	"z 3D*"	"3"	5	7		
"544.84302"	"544.84300"	"5.48e+05"	B+	"0.99011115"	"3.26570610"	"3d7.(4F).4s"	"a 5F"	"2"	"3d6.(5D).4s.4p.(3P*)"	"z 5D*"	"2"	5	5		
"545.71254"	"545.71251"	"6.05e+05"	B+	"1.01105568"	"3.28302483"	"3d7.(4F).4s"	"a 5F"	"1"	"3d6.(5D).4s.4p.(3P*)"	"z 5D*"	"1"	3	3		
"546.30672"	"546.30667"	"4.2e+05"	E	"4.44562726"	"6.71512541"	"3d7.(4F).4p"	"z 5G*"	"2"	"3d7.(4F).4d"	"f 5G"	"3"	5	7		
"546.47941"	"546.47932"	"2.9e+07"	D+	"4.43461275"	"6.70339390"	"3d7.(4F).4p"	"z 3G*"	"4"	"3d7.(4F).4d"	"e 3G"	"4"	9	9		
"546.57977"	"546.57980"	"1.77e+06"	D+	"4.14264893"	"6.41101300"	"3d8"	"c 3F"	"3"	"3d7.(2P).4p"	"y 1D*"	"2"	7	5		
"546.85066"	"546.85061"	"1.45e+05"	D+	"3.57321890"	"5.84045966"	"3d7.(2H).4s"	"a 1H"	"5"	"3d6.(3H).4s.4p.(3P*)"	"z 3H*"	"4"	11	9		
"547.16136"	"547.16122"	"1.2e+06"	E	"4.44562726"	"6.71158094"	"3d7.(4F).4p"	"z 5G*"	"2"	"3d7.(4F).4d"	"h 5D"	"1"	5	3		
"547.42294"	"547.42292"	"2.37e+06"	B	"4.20888328"	"6.47375371"	"3d6.(5D).4s.4p.(3P*)"	"z 3P*"	"2"	"3d6.(5D).4s (4D).5s"	"g 5D"	"1"	5	3		
"547.4685"	"547.46832"	"3.5e+05"	E	"4.19086081"	"6.45554341"	"3d7.(4F).4p"	"y 5D*"	"2"	"3d6.(5D).4s (6D).4d"	"e 5P"	"2"	5	5		
"547.54211"	"547.54215"	"5.2e+06"	D	"4.15435379"	"6.41873101"	"3d7.(4F).4p"	"y 5D*"	"3"	"3d6.(5D).4s (4D).5s"	"g 5D"	"3"	7	7		
"547.78099"	"547.78105"	"2.87e+06"	B	"4.14264893"	"6.40603863"	"3d8"	"c 3F"	"3"	"3d7.(2H).4p"	"u 3G*"	"4"	7	9		
"547.80857"	"547.80860"	"8.70e+06"	B	"4.10337372"	"6.36664959"	"3d7.(4F).4p"	"y 5D*"	"4"	"3d6.(5D).4s (4D).5s"	"g 5D"	"4"	9	9		
""	"547.89264"	"8.2e-02"	E	"1.01105568"	"3.27398440"	"3d7.(4F).4s"	"a 5F"	"1"	"3d7.(2D2).4s"	"a 3D"	"1"	3	3	M1	
"547.99775"	"547.99772"	"6.8e+05"	E	"4.19086081"	"6.45335558"	"3d7.(4F).4p"	"y 5D*"	"2"	"3d6.(5D).4s (4D).5s"	"g 5D"	"2"	5	5		
"548.23833"	"548.23831"	"1.3e+07"	D	"4.21758325"	"6.47908516"	"3d7.(4F).4p"	"y 5D*"	"1"	"3d6.(5D).4s (4D).5s"	"g 5D"	"0"	3	1		
"548.27657"	"548.27657"	"1.41e+06"	C+	"4.10337372"	"6.36471779"	"3d7.(4F).4p"	"y 5D*"	"4"	"3d6.(5D).4s (6D).4d"	"e 7G"	"4"	9	9		
"548.29614"	"548.29611"	"2.8e+06"	E	"4.19086081"	"6.45212430"	"3d7.(4F).4p"	"y 5D*"	"2"	"3d6.(5D).4s (4D).5s"	"e 3D"	"1"	5	3		
"548.46220"	"548.46220"	"1.74e+06"	C+	"4.15435379"	"6.41493251"	"3d7.(4F).4p"	"y 5D*"	"3"	"3d6.(5D).4s (4D).5s"	"e 3D"	"2"	7	5		
"548.86694"	"548.86700"	"9.9e+05"	E	"4.41527878"	"6.67419029"	"3d7.(4F).4p"	"z 5G*"	"3"	"3d7.(4F).4d"	"g 5F"	"3"	7	7		
""	"548.92626"	"2.49e+05"	C	"2.17594512"	"4.43461275"	"3d7.(4P).4s"	"a 5P"	"3"	"3d7.(4F).4p"	"z 3G*"	"4"	7	9		
"549.33569"	"549.33600"	"2.05e+05"	C+	"4.18636440"	"6.44334733"	"3d8"	"c 3F"	"2"	"3d7.(2P).4p"	"u 3D*"	"3"	5	7		
""	"549.48479"	"1.55e+06"	C+	"3.63977237"	"5.89614419"	"3d6.4s2"	"b 3D"	"2"	"3d7.(4P).4p"	"y 3S*"	"1"	5	3		
"549.50248"	"549.50251"	"5.0e+05"	E	"4.10337372"	"6.35967275"	"3d7.(4F).4p"	"y 5D*"	"4"	"3d6.(5D).4s (4D).5s"	"e 3D"	"3"	9	7		
"549.5989"	"549.59894"	"1.8e+05"	E	"4.07581091"	"6.33171407"	"3d8"	"c 3F"	"4"	"3d6.(3G).4s.4p.(3P*)"	"x 3H*"	"5"	9	11		
"549.90430"	"549.90431"	"6.25e+04"	A	"1.01105568"	"3.26570610"	"3d7.(4F).4s"	"a 5F"	"1"	"3d6.(5D).4s.4p.(3P*)"	"z 5D*"	"2"	3	5		
"550.29933"	"550.29931"	"2.20e+04"	B	"0.95815732"	"3.21118938"	"3d7.(4F).4s"	"a 5F"	"3"	"3d6.(5D).4s.4p.(3P*)"	"z 5D*"	"4"	7	9		
"550.83086"	"550.83083"	"5.01e+04"	A	"0.99011115"	"3.24096914"	"3d7.(4F).4s"	"a 5F"	"2"	"3d6.(5D).4s.4p.(3P*)"	"z 5D*"	"3"	5	7		
"551.37876"	"551.37889"	"9.9e+05"	E	"4.37135106"	"6.61997175"	"3d7.(4F).4p"	"z 5G*"	"4"	"3d7.(4F).4d"	"g 5F"	"4"	9	9		
"551.8598"	"551.86006"	"2.0e+05"	E	"4.20888328"	"6.45554341"	"3d6.(5D).4s.4p.(3P*)"	"z 3P*"	"2"	"3d6.(5D).4s (6D).4d"	"e 5P"	"2"	5	5		
"552.39801"	"552.39799"	"1.3e+06"	D	"4.20888328"	"6.45335558"	"3d6.(5D).4s.4p.(3P*)"	"z 3P*"	"2"	"3d6.(5D).4s (4D).5s"	"g 5D"	"2"	5	5		
"552.70787"	"552.70782"	"6.00e+06"	B	"4.23053960"	"6.47375371"	"3d7.(4F).4p"	"y 5D*"	"0"	"3d6.(5D).4s (4D).5s"	"g 5D"	"1"	1	3		
"553.06956"	"553.06966"	"5.1e+04"	E	"3.64164057"	"5.88338708"	"3d6.4s2"	"b 3D"	"3"	"3d7.(2G).4p"	"z 1G*"	"4"	7	9		
"553.3521"	"553.35171"	"6.1e+05"	E	"4.91297355"	"7.15357742"	"3d6.(5D).4s.4p.(1P*)"	"x 5D*"	"4"	"3d6.(5D).4s (4D).4d"	"i 5D"	"4"	9	9		
"553.42836"	"553.42830"	"1.9e+05"	E	"3.57321890"	"5.81351269"	"3d7.(2H).4s"	"a 1H"	"5"	"3d6.(3F2).4s.4p.(3P*)"	"x 3F*"	"4"	11	9		
"553.69550"	"553.69554"	"2.16e+06"	C+	"4.18636440"	"6.42557692"	"3d8"	"c 3F"	"2"	"3d7.(2H).4p"	"u 3G*"	"3"	5	7		
"553.8118"	"553.81206"	"8.1e+03"	E	"2.83159117"	"5.07033256"	"3d7.(4P).4s"	"b 3P"	"2"	"3d6.(3P2).4s.4p.(3P*)"	"z 5S*"	"2"	5	5		
"554.08181"	"554.08185"	"1.1e+05"	E	"3.64164057"	"5.87929188"	"3d6.4s2"	"b 3D"	"3"	"3d6.(3P2).4s.4p.(3P*)"	"1D*"	"2"	7	5		
"554.54750"	"554.54751"	"3.4e+06"	D	"4.21758325"	"6.45335558"	"3d7.(4F).4p"	"y 5D*"	"1"	"3d6.(5D).4s (4D).5s"	"g 5D"	"2"	3	5		
"554.80459"	"554.80457"	"1.0e+06"	D	"4.37135106"	"6.60608750"	"3d7.(4F).4p"	"z 5G*"	"4"	"3d7.(4F).4d"	"f 5G"	"5"	9	11		
"554.85326"	"554.85308"	"9.6e+05"	E	"4.21758325"	"6.45212430"	"3d7.(4F).4p"	"y 5D*"	"1"	"3d6.(5D).4s (4D).5s"	"e 3D"	"1"	3	3		
"555.1493"	"555.14900"	"3.3e+04"	E	"3.69459719"	"5.92794713"	"3d6.4s2"	"b 1G2"	"4"	"3d6.(3F2).4s.4p.(3P*)"	"x 3G*"	"4"	9	9		
"555.4235"	"555.42336"	"4.5e+05"	E	"4.95563019"	"7.1878769"	"3d6.(5D).4s.4p.(1P*)"	"x 5D*"	"3"	"3d6.(5D).4s (4D).4d"	"i 5D"	"2"	7	5		
"555.51197"	"555.51189"	"9.9e+05"	E	"4.43461275"	"6.66650376"	"3d7.(4F).4p"	"z 3G*"	"4"	"3d7.(4F).4d"	"f 5G"	"4"	9	9		
"555.95253"	"555.95257"	"1.3e+06"	E	"4.47327202"	"6.70339390"	"3d7.(4F).4p"	"z 3G*"	"3"	"3d7.(4F).4d"	"e 3G"	"4"	7	9		
"556.17553"	"556.17551"	"2.1e+06"	D	"4.43461275"	"6.66384071"	"3d7.(4F).4p"	"z 3G*"	"4"	"3d7.(4F).4d"	"f 3D"	"3"	9	7		
"556.51449"	"556.51446"	"3.4e+06"	D	"4.19086081"	"6.41873101"	"3d7.(4F).4p"	"y 5D*"	"2"	"3d6.(5D).4s (4D).5s"	"g 5D"	"3"	5	7		
""	"556.72303"	"3.6e-01"	E	"0.05156912"	"2.27860466"	"3d6.4s2"	"a 5D"	"3"	"3d6.4s2"	"a 3P2"	"2"	7	5	M1	
"556.89367"	"556.89368"	"1.53e+05"	D	"2.60850194"	"4.83485507"	"3d6.4s2"	"b 3F2"	"2"	"3d7.(4F).4p"	"y 3D*"	"1"	5	3		
"557.11643"	"557.11644"	"2.34e+07"	B	"3.41695281"	"5.64241573"	"3d6.(5D).4s.4p.(3P*)"	"z 5F*"	"2"	"3d6.(5D).4s (6D).5s"	"e 5D"	"1"	5	3		
"557.43895"	"557.43896"	"2.28e+07"	B	"3.39650880"	"5.62068415"	"3d6.(5D).4s.4p.(3P*)"	"z 5F*"	"3"	"3d6.(5D).4s (6D).5s"	"e 5D"	"2"	7	5		
"557.46496"	"557.46493"	"2.07e+06"	C+	"4.19086081"	"6.41493251"	"3d7.(4F).4p"	"y 5D*"	"2"	"3d6.(5D).4s (4D).5s"	"e 3D"	"2"	5	5		
"557.76367"	"557.76374"	"2.5e+07"	D	"3.43018998"	"5.65307019"	"3d6.(5D).4s.4p.(3P*)"	"z 5F*"	"1"	"3d6.(5D).4s (6D).5s"	"e 5D"	"0"	3	1		
"558.63150"	"558.63150"	"1.3e+05"	E	"3.57321890"	"5.79264615"	"3d7.(2H).4s"	"a 1H"	"5"	"3d7.(4P).4p"	"u 5D*"	"4"	11	9		
"558.83067"	"558.83064"	"2.19e+07"	B	"3.36825640"	"5.58689276"	"3d6.(5D).4s.4p.(3P*)"	"z 5F*"	"4"	"3d6.(5D).4s (6D).5s"	"e 5D"	"3"	9	7		
"559.62082"	"559.62083"	"5.20e+06"	B	"4.54850612"	"6.76400977"	"3d7.(4F).4p"	"y 3F*"	"4"	"3d7.(4F).4d"	"e 3H"	"4"	9	9		
"560.17786"	"560.17789"	"2.69e+06"	B	"4.26045326"	"6.47375371"	"3d6.(5D).4s.4p.(3P*)"	"z 3P*"	"1"	"3d6.(5D).4s (4D).5s"	"g 5D"	"1"	3	3		
"560.43225"	"560.43228"	"1.73e+06"	B	"4.15435379"	"6.36664959"	"3d7.(4F).4p"	"y 5D*"	"3"	"3d6.(5D).4s (4D).5s"	"g 5D"	"4"	7	9		
"560.45002"	"560.45003"	"1.00e+07"	B	"3.43018998"	"5.64241573"	"3d6.(5D).4s.4p.(3P*)"	"z 5F*"	"1"	"3d6.(5D).4s (6D).5s"	"e 5D"	"1"	3	3		
"561.68550"	"561.68551"	"2.39e+05"	C	"2.58810592"	"4.79546566"	"3d6.4s2"	"b 3F2"	"3"	"3d7.(4F).4p"	"y 3D*"	"2"	7	5		
"561.72024"	"561.72025"	"2.64e+07"	B	"3.33201954"	"5.53924278"	"3d6.(5D).4s.4p.(3P*)"	"z 5F*"	"5"	"3d6.(5D).4s (6D).5s"	"e 5D"	"4"	11	9		
"562.01921"	"562.01918"	"2.24e+06"	C+	"4.20888328"	"6.41493251"	"3d6.(5D).4s.4p.(3P*)"	"z 3P*"	"2"	"3d6.(5D).4s (4D).5s"	"e 3D"	"2"	5	5		
"562.11550"	"562.11551"	"3.5e+05"	E	"4.38646275"	"6.59213395"	"3d7.(4F).4p"	"z 3G*"	"5"	"3d7.(4F).4d"	"f 5G"	"6"	11	13		
"562.20522"	"562.20529"	"5.3e+05"	E	"4.15435379"	"6.35967275"	"3d7.(4F).4p"	"y 5D*"	"3"	"3d6.(5D).4s (4D).5s"	"e 3D"	"3"	7	7		
"562.55827"	"562.55825"	"8.3e+05"	E	"4.38646275"	"6.59039805"	"3d7.(4F).4p"	"z 3G*"	"5"	"3d7.(4F).4d"	"h 5D"	"4"	11	9		
"562.61031"	"562.61031"	"7.41e+06"	B	"3.41695281"	"5.62068415"	"3d6.(5D).4s.4p.(3P*)"	"z 5F*"	"2"	"3d6.(5D).4s (6D).5s"	"e 5D"	"2"	5	5		
"563.55099"	"563.55097"	"7.7e+06"	E	"4.99127081"	"7.19132379"	"3d6.(5D).4s.4p.(1P*)"	"x 5F*"	"5"	"3d6.(5D).4s (4D).4d"	"g 5G"	"6"	11	13		
"563.73865"	"563.73863"	"5.8e+05"	E	"4.25622280"	"6.45554341"	"3d7.(4F).4p"	"y 5F*"	"3"	"3d6.(5D).4s (6D).4d"	"e 5P"	"2"	7	5		
"563.82603"	"563.82601"	"8.3e+04"	E	"3.63977237"	"5.83875215"	"3d6.4s2"	"b 3D"	"2"	"3d6.(3F2).4s.4p.(3P*)"	"x 3F*"	"3"	5	7		
"563.98268"	"563.98268"	"4.4e+06"	D	"4.22036211"	"6.41873101"	"3d7.(4F).4p"	"y 5F*"	"4"	"3d6.(5D).4s (4D).5s"	"g 5D"	"3"	9	7		
""	"564.11162"	"1.4e-01"	E	"0.0000000"	"2.19786640"	"3d6.4s2"	"a 5D"	"4"	"3d7.(4P).4s"	"a 5P"	"2"	9	5	E2	
"564.29994"	"564.29998"	"3.0e+06"	D	"4.25622280"	"6.45335558"	"3d7.(4F).4p"	"y 5F*"	"3"	"3d6.(5D).4s (4D).5s"	"g 5D"	"2"	7	5		
"564.43171"	"564.43165"	"3.3e+05"	E	"4.60759327"	"6.80421351"	"3d7.(4F).4p"	"y 3F*"	"3"	"3d7.(4F).4d"	"e 3P"	"2"	7	5		
"564.54923"	"564.54926"	"2.9e+05"	E	"4.07581091"	"6.27197352"	"3d8"	"c 3F"	"4"	"3d7.(2G).4p"	"z 1F*"	"3"	9	7		
"565.11983"	"565.11980"	"3.6e+04"	E	"3.63434980"	"5.82829520"	"3d6.4s2"	"a 1I"	"6"	"3d6.(3H).4s.4p.(3P*)"	"z 3H*"	"5"	13	11		
"565.15550"	"565.15547"	"5.1e+06"	E	"5.09954435"	"7.2933513"	"3d6.(5D).4s.4p.(1P*)"	"x 5F*"	"1"	"3d6.(5D).4s (4D).4d"	"g 5G"	"2"	3	5		
"565.2273"	"565.22735"	"3.3e+06"	E	"5.08559017"	"7.2791181"	"3d6.(5D).4s.4p.(1P*)"	"x 5F*"	"2"	"3d6.(5D).4s (4D).4d"	"g 5G"	"3"	5	7		
"565.38863"	"565.38861"	"5.0e+05"	E	"4.26045326"	"6.45335558"	"3d6.(5D).4s.4p.(3P*)"	"z 3P*"	"1"	"3d6.(5D).4s (4D).5s"	"g 5D"	"2"	3	5		
"565.54355"	"565.54337"	"4.6e+05"	E	"4.38646275"	"6.57876498"	"3d7.(4F).4p"	"z 3G*"	"5"	"3d7.(4F).4d"	"g 5F"	"5"	11	11		
"565.67456"	"565.67456"	"4.7e+06"	E	"5.06378173"	"7.25557550"	"3d6.(5D).4s.4p.(1P*)"	"x 5F*"	"3"	"3d6.(5D).4s (4D).4d"	"g 5G"	"4"	7	9		
""	"565.79714"	"1.8e-03"	E	"0.08728574"	"2.27860466"	"3d6.4s2"	"a 5D"	"2"	"3d6.4s2"	"a 3P2"	"2"	5	5	E2	
"566.01017"	"566.01017"	"5.80e+05"	B	"3.43018998"	"5.62068415"	"3d6.(5D).4s.4p.(3P*)"	"z 5F*"	"1"	"3d6.(5D).4s (6D).5s"	"e 5D"	"2"	3	5		
"566.02279"	"566.02276"	"4.52e+06"	C+	"4.28330826"	"6.47375371"	"3d7.(4F).4p"	"y 5F*"	"2"	"3d6.(5D).4s (4D).5s"	"g 5D"	"1"	5	3		
"566.03865"	"566.03865"	"4.34e+06"	B	"3.39650880"	"5.58689276"	"3d6.(5D).4s.4p.(3P*)"	"z 5F*"	"3"	"3d6.(5D).4s (6D).5s"	"e 5D"	"3"	7	7		
"566.23718"	"566.23718"	"4.4e+04"	E	"3.63977237"	"5.82938837"	"3d6.4s2"	"b 3D"	"2"	"3d7.(4P).4p"	"w 3D*"	"3"	5	7		
"566.29162"	"566.29156"	"1.22e+06"	B	"4.28434800"	"6.47375371"	"3d6.(5D).4s.4p.(3P*)"	"z 3P*"	"0"	"3d6.(5D).4s (4D).5s"	"g 5D"	"1"	1	3		
"566.40872"	"566.40873"	"6.18e+06"	B	"4.17769679"	"6.36664959"	"3d7.(4F).4p"	"y 5F*"	"5"	"3d6.(5D).4s (4D).5s"	"g 5D"	"4"	11	9		
"566.45092"	"566.45089"	"2.45e+05"	C+	"3.69459719"	"5.88338708"	"3d6.4s2"	"b 1G2"	"4"	"3d7.(2G).4p"	"z 1G*"	"4"	9	9		
"566.90904"	"566.90904"	"6.12e+05"	C	"4.17769679"	"6.36471779"	"3d7.(4F).4p"	"y 5F*"	"5"	"3d6.(5D).4s (6D).4d"	"e 7G"	"4"	11	9		
"566.9237"	"566.92389"	"4.8e+04"	E	"2.60850194"	"4.79546566"	"3d6.4s2"	"b 3F2"	"2"	"3d7.(4F).4p"	"y 3D*"	"2"	5	5		
"568.05985"	"568.05991"	"3.7e+06"	D	"4.65203107"	"6.83462125"	"3d7.(4F).4p"	"y 3F*"	"2"	"3d7.(4F).4d"	"f 3F"	"3"	5	7		
"568.18162"	"568.18166"	"8.4e+04"	E	"4.18636440"	"6.36848691"	"3d8"	"c 3F"	"2"	"3d7.(2D2).4p"	"v 3F*"	"3"	5	7		
"568.81077"	"568.81074"	"6.71e+06"	B+	"4.54850612"	"6.72821528"	"3d7.(4F).4p"	"y 3F*"	"4"	"3d7.(4F).4d"	"e 3H"	"5"	9	11		
"569.30759"	"569.30756"	"6.7e+06"	E	"4.30127816"	"6.47908516"	"3d7.(4F).4p"	"y 5F*"	"1"	"3d6.(5D).4s (4D).5s"	"g 5D"	"0"	3	1		
"569.76696"	"569.76690"	"4.35e+05"	C+	"4.54850612"	"6.72455738"	"3d7.(4F).4p"	"y 3F*"	"4"	"3d7.(4F).4d"	"e 5H"	"4"	9	9		
""	"569.79469"	"1.2e-01"	E	"0.0000000"	"2.17594512"	"3d6.4s2"	"a 5D"	"4"	"3d7.(4P).4s"	"a 5P"	"3"	9	7	E2	
"569.96005"	"569.96009"	"1.6e+05"	E	"3.63977237"	"5.81508605"	"3d6.4s2"	"b 3D"	"2"	"3d6.(3P2).4s.4p.(3P*)"	"y 3P*"	"1"	5	3		
"570.31261"	"570.31255"	"1.78e+05"	C+	"2.55917148"	"4.73314079"	"3d6.4s2"	"b 3F2"	"4"	"3d7.(4F).4p"	"y 3D*"	"3"	9	7		
"570.39296"	"570.39297"	"6.3e+04"	E	"3.63977237"	"5.81343520"	"3d6.4s2"	"b 3D"	"2"	"3d7.(4P).4p"	"u 5D*"	"2"	5	5		
"570.70471"	"570.70469"	"3.01e+06"	B	"4.30127816"	"6.47375371"	"3d7.(4F).4p"	"y 5F*"	"1"	"3d6.(5D).4s (4D).5s"	"g 5D"	"1"	3	3		
"570.75749"	"570.75749"	"6.1e+06"	D	"4.60759327"	"6.77986785"	"3d7.(4F).4p"	"y 3F*"	"3"	"3d7.(4F).4d"	"f 3F"	"4"	7	9		
"570.86325"	"570.86325"	"1.0e+05"	E	"3.64164057"	"5.81351269"	"3d6.4s2"	"b 3D"	"3"	"3d6.(3F2).4s.4p.(3P*)"	"x 3F*"	"4"	7	9		
"570.96778"	"570.96772"	"5.3e+05"	E	"4.43461275"	"6.60608750"	"3d7.(4F).4p"	"z 3G*"	"4"	"3d7.(4F).4d"	"f 5G"	"5"	9	11		
""	"571.05497"	"1.5e-01"	E	"0.05156912"	"2.22271209"	"3d6.4s2"	"a 5D"	"3"	"3d7.(4P).4s"	"a 5P"	"1"	7	3	E2	
"571.09619"	"571.09616"	"2.13e+06"	B	"3.36825640"	"5.53924278"	"3d6.(5D).4s.4p.(3P*)"	"z 5F*"	"4"	"3d6.(5D).4s (6D).5s"	"e 5D"	"4"	9	9		
"571.34329"	"571.34329"	"1.5e+06"	E	"4.28330826"	"6.45335558"	"3d7.(4F).4p"	"y 5F*"	"2"	"3d6.(5D).4s (4D).5s"	"g 5D"	"2"	5	5		
"571.37159"	"571.37156"	"2.99e+05"	B	"3.41695281"	"5.58689276"	"3d6.(5D).4s.4p.(3P*)"	"z 5F*"	"2"	"3d6.(5D).4s (6D).5s"	"e 5D"	"3"	5	7		
""	"571.75352"	"3.4e-02"	E	"0.11011433"	"2.27860466"	"3d6.4s2"	"a 5D"	"1"	"3d6.4s2"	"a 3P2"	"2"	3	5	M1	
""	"571.75352"	"3.8e-03"	E	"0.11011433"	"2.27860466"	"3d6.4s2"	"a 5D"	"1"	"3d6.4s2"	"a 3P2"	"2"	3	5	E2	
"571.94187"	"571.94185"	"5.4e+06"	D	"4.28434800"	"6.45212430"	"3d6.(5D).4s.4p.(3P*)"	"z 3P*"	"0"	"3d6.(5D).4s (4D).5s"	"e 3D"	"1"	1	3		
"573.33519"	"573.33516"	"1.6e+06"	D	"4.25622280"	"6.41873101"	"3d7.(4F).4p"	"y 5F*"	"3"	"3d6.(5D).4s (4D).5s"	"g 5D"	"3"	7	7		
"574.34407"	"574.34401"	"8.59e+05"	C	"4.25622280"	"6.41493251"	"3d7.(4F).4p"	"y 5F*"	"3"	"3d6.(5D).4s (4D).5s"	"e 3D"	"2"	7	5		
"574.45526"	"574.45533"	"6.2e+04"	E	"4.17769679"	"6.33598817"	"3d7.(4F).4p"	"y 5F*"	"5"	"3d6.(5D).4s (6D).4d"	"f 5F"	"5"	11	11		
""	"574.70894"	"2.0e-03"	E	"0.12126572"	"2.27860466"	"3d6.4s2"	"a 5D"	"0"	"3d6.4s2"	"a 3P2"	"2"	1	5	E2	
"574.95481"	"574.95479"	"8.8e+05"	E	"4.60759327"	"6.76400977"	"3d7.(4F).4p"	"y 3F*"	"3"	"3d7.(4F).4d"	"e 3H"	"4"	7	9		
"575.47180"	"575.47177"	"8.26e+06"	B	"4.26045326"	"6.41493251"	"3d6.(5D).4s.4p.(3P*)"	"z 3P*"	"1"	"3d6.(5D).4s (4D).5s"	"e 3D"	"2"	3	5		
"575.59982"	"575.59983"	"6.5e+04"	E	"3.64164057"	"5.79564049"	"3d6.4s2"	"b 3D"	"3"	"3d7.(4P).4p"	"u 5D*"	"3"	7	7		
"576.19418"	"576.19412"	"1.5e+05"	E	"3.64164057"	"5.79341882"	"3d6.4s2"	"b 3D"	"3"	"3d6.(3P2).4s.4p.(3P*)"	"y 3P*"	"2"	7	5		
"576.40113"	"576.40110"	"1.3e+05"	E	"3.64164057"	"5.79264615"	"3d6.4s2"	"b 3D"	"3"	"3d7.(4P).4p"	"u 5D*"	"4"	7	9		
"576.45901"	"576.45902"	"9.6e+06"	D	"4.20888328"	"6.35967275"	"3d6.(5D).4s.4p.(3P*)"	"z 3P*"	"2"	"3d6.(5D).4s (4D).5s"	"e 3D"	"3"	5	7		
""	"577.66554"	"9.6e-03"	E	"0.05156912"	"2.19786640"	"3d6.4s2"	"a 5D"	"3"	"3d7.(4P).4s"	"a 5P"	"2"	7	5	M1	
"577.66818"	"577.66818"	"1.12e+06"	C+	"4.22036211"	"6.36664959"	"3d7.(4F).4p"	"y 5F*"	"4"	"3d6.(5D).4s (4D).5s"	"g 5D"	"4"	9	9		
"578.0055"	"578.00551"	"1.06e+04"	C	"2.58810592"	"4.73314079"	"3d6.4s2"	"b 3F2"	"3"	"3d7.(4F).4p"	"y 3D*"	"3"	7	7		
"578.22027"	"578.22025"	"7.6e+04"	E	"3.24096914"	"5.38520741"	"3d6.(5D).4s.4p.(3P*)"	"z 5D*"	"3"	"3d6.(5D).4s (6D).5s"	"e 7D"	"3"	7	7		
"578.62621"	"578.62619"	"6.50e+04"	C+	"3.39650880"	"5.53924278"	"3d6.(5D).4s.4p.(3P*)"	"z 5F*"	"3"	"3d6.(5D).4s (6D).5s"	"e 5D"	"4"	7	9		
"579.26234"	"579.26228"	"1.29e+05"	D+	"3.21118938"	"5.35157038"	"3d6.(5D).4s.4p.(3P*)"	"z 5D*"	"4"	"3d6.(5D).4s (6D).5s"	"e 7D"	"4"	9	9		
"579.55210"	"579.55210"	"6.1e+05"	E	"4.22036211"	"6.35967275"	"3d7.(4F).4p"	"y 5F*"	"4"	"3d6.(5D).4s (4D).5s"	"e 3D"	"3"	9	7		
"579.97787"	"579.97788"	"5.7e+05"	E	"3.92860683"	"6.06634697"	"3d6.(5D).4s.4p.(3P*)"	"z 3D*"	"2"	"3d7.(4F).5s"	"e 3F"	"2"	5	5		
"580.56439"	"580.56433"	"1.6e+05"	E	"3.88160368"	"6.01718438"	"3d6.(5D).4s.4p.(3P*)"	"z 3F*"	"4"	"3d7.(4F).5s"	"e 3F"	"3"	9	7		
""	"580.60630"	"8.8e-02"	E	"0.08728574"	"2.22271209"	"3d6.4s2"	"a 5D"	"2"	"3d7.(4P).4s"	"a 5P"	"1"	5	3	E2	
"580.60717"	"580.60728"	"2.8e+05"	E	"4.28330826"	"6.41873101"	"3d7.(4F).4p"	"y 5F*"	"2"	"3d6.(5D).4s (4D).5s"	"g 5D"	"3"	5	7		
"580.83345"	"580.83349"	"2.7e+06"	D	"4.60759327"	"6.74218434"	"3d7.(4F).4p"	"y 3F*"	"3"	"3d7.(4F).4d"	"e 3G"	"3"	7	7		
"581.08284"	"581.08278"	"4.5e+05"	E	"3.88350907"	"6.01718438"	"3d6.(5D).4s.4p.(3P*)"	"z 3D*"	"3"	"3d7.(4F).5s"	"e 3F"	"3"	7	7		
"581.64193"	"581.64190"	"4.6e+05"	E	"4.28330826"	"6.41493251"	"3d7.(4F).4p"	"y 5F*"	"2"	"3d6.(5D).4s (4D).5s"	"e 3D"	"2"	5	5		
"581.6829"	"581.68291"	"1.0e+05"	E	"4.15435379"	"6.28582776"	"3d7.(4F).4p"	"y 5D*"	"3"	"3d6.(5D).4s (6D).4d"	"f 5D"	"2"	7	5		
"581.79858"	"581.79851"	"4.49e+06"	B	"4.54850612"	"6.67955657"	"3d7.(4F).4p"	"y 3F*"	"4"	"3d7.(4F).4d"	"e 5H"	"5"	9	11		
""	"583.62643"	"9.0e-02"	E	"0.05156912"	"2.17594512"	"3d6.4s2"	"a 5D"	"3"	"3d7.(4P).4s"	"a 5P"	"3"	7	7	E2	
"583.99899"	"583.99900"	"2.0e+05"	E	"3.94332623"	"6.06634697"	"3d6.(5D).4s.4p.(3P*)"	"z 3F*"	"3"	"3d7.(4F).5s"	"e 3F"	"2"	7	5		
"585.38406"	"585.38403"	"1.1e+06"	E	"4.54850612"	"6.66650376"	"3d7.(4F).4p"	"y 3F*"	"4"	"3d7.(4F).4d"	"f 5G"	"4"	9	9		
"585.66992"	"585.66982"	"7.19e+05"	B	"4.60759327"	"6.72455738"	"3d7.(4F).4p"	"y 3F*"	"3"	"3d7.(4F).4d"	"e 5H"	"4"	7	9		
"585.77108"	"585.77109"	"1.83e+06"	C	"4.29441489"	"6.41101300"	"3d6.4s2"	"b 1D2"	"2"	"3d7.(2P).4p"	"y 1D*"	"2"	5	5		
""	"586.88029"	"2.1e-02"	E	"0.11011433"	"2.22271209"	"3d6.4s2"	"a 5D"	"1"	"3d7.(4P).4s"	"a 5P"	"1"	3	3	E2	
""	"587.44118"	"3.4e-02"	E	"0.08728574"	"2.19786640"	"3d6.4s2"	"a 5D"	"2"	"3d7.(4P).4s"	"a 5P"	"2"	5	5	E2	
"588.1117"	"588.11169"	"2.1e+05"	E	"4.60695104"	"6.71512541"	"3d6.(5D).4s.4p.(1P*)"	"y 5P*"	"2"	"3d7.(4F).4d"	"f 5G"	"3"	5	7		
"588.54473"	"588.54470"	"1.9e+06"	D	"3.95972364"	"6.06634697"	"3d6.(5D).4s.4p.(3P*)"	"z 3D*"	"1"	"3d7.(4F).5s"	"e 3F"	"2"	3	5		
"590.73081"	"590.73075"	"1.1e+07"	D	"4.65203107"	"6.75085864"	"3d7.(4F).4p"	"y 3F*"	"2"	"3d7.(4F).4d"	"f 3D"	"1"	5	3		
"591.16109"	"591.16098"	"4.49e+04"	C+	"3.21118938"	"5.30848946"	"3d6.(5D).4s.4p.(3P*)"	"z 5D*"	"4"	"3d6.(5D).4s (6D).5s"	"e 7D"	"5"	9	11		
"591.78864"	"591.78864"	"2.15e+04"	B	"2.45343044"	"4.54850612"	"3d6.4s2"	"a 3H"	"4"	"3d7.(4F).4p"	"y 3F*"	"4"	9	9		
"592.94311"	"592.94309"	"5.4e+06"	E	"4.65203107"	"6.74302768"	"3d7.(4F).4p"	"y 3F*"	"2"	"3d7.(4F).4d"	"g 5F"	"1"	5	3		
"593.13198"	"593.13188"	"1.1e+06"	E	"4.54850612"	"6.63883718"	"3d7.(4F).4p"	"y 3F*"	"4"	"3d7.(4F).4d"	"h 5D"	"3"	9	7		
""	"593.60660"	"3.9e-02"	E	"0.08728574"	"2.17594512"	"3d6.4s2"	"a 5D"	"2"	"3d7.(4P).4s"	"a 5P"	"3"	5	7	E2	
"593.62989"	"593.62985"	"2.0e+06"	D	"3.92860683"	"6.01718438"	"3d6.(5D).4s.4p.(3P*)"	"z 3D*"	"2"	"3d7.(4F).5s"	"e 3F"	"3"	5	7		
""	"593.86457"	"5.3e-02"	E	"0.11011433"	"2.19786640"	"3d6.4s2"	"a 5D"	"1"	"3d7.(4P).4s"	"a 5P"	"2"	3	5	E2	
"595.43671"	"595.43668"	"1.5e+06"	D	"3.98410712"	"6.06634697"	"3d6.(5D).4s.4p.(3P*)"	"z 3F*"	"2"	"3d7.(4F).5s"	"e 3F"	"2"	5	5		
"595.83442"	"595.83436"	"5.15e+02"	B+	"0.85899575"	"2.93984587"	"3d7.(4F).4s"	"a 5F"	"5"	"3d6.(5D).4s.4p.(3P*)"	"z 7P*"	"4"	11	9		
""	"597.05364"	"2.4e-02"	E	"0.12126572"	"2.19786640"	"3d6.4s2"	"a 5D"	"0"	"3d7.(4P).4s"	"a 5P"	"2"	1	5	E2	
""	"600.16628"	"8.5e-03"	E	"0.11011433"	"2.17594512"	"3d6.4s2"	"a 5D"	"1"	"3d7.(4P).4s"	"a 5P"	"3"	3	7	E2	
"601.38746"	"601.38746"	"1.69e+04"	C+	"2.22271209"	"4.28434800"	"3d7.(4P).4s"	"a 5P"	"1"	"3d6.(5D).4s.4p.(3P*)"	"z 3P*"	"0"	3	1		
"602.87195"	"602.87196"	"1.36e+06"	C+	"4.07581091"	"6.13237029"	"3d8"	"c 3F"	"4"	"3d7.(2G).4p"	"v 3G*"	"5"	9	11		
"606.7161"	"606.71608"	"1.07e+06"	B	"2.60850194"	"4.65203107"	"3d6.4s2"	"b 3F2"	"2"	"3d7.(4F).4p"	"y 3F*"	"2"	5	5		
"608.06919"	"608.06904"	"2.9e+06"	E	"4.65203107"	"6.69101333"	"3d7.(4F).4p"	"y 3F*"	"2"	"3d7.(4F).4d"	"h 5D"	"2"	5	5		
"608.43942"	"608.43938"	"1.61e+04"	B	"2.22271209"	"4.26045326"	"3d7.(4P).4s"	"a 5P"	"1"	"3d6.(5D).4s.4p.(3P*)"	"z 3P*"	"1"	3	3		
"608.69434"	"608.69422"	"6.99e+04"	D+	"2.75857762"	"4.79546566"	"3d7.(2G).4s"	"a 3G"	"3"	"3d7.(4F).4p"	"y 3D*"	"2"	7	5		
"609.53309"	"609.53291"	"1.2e+06"	E	"4.60759327"	"6.64167865"	"3d7.(4F).4p"	"y 3F*"	"3"	"3d7.(4F).4d"	"f 5P"	"2"	7	5		
"609.60603"	"609.60596"	"7.3e+05"	E	"4.65203107"	"6.68587270"	"3d7.(4F).4p"	"y 3F*"	"2"	"3d7.(4F).4d"	"f 5P"	"1"	5	3		
"609.83526"	"609.83515"	"3.4e+05"	E	"3.98410712"	"6.01718438"	"3d6.(5D).4s.4p.(3P*)"	"z 3F*"	"2"	"3d7.(4F).5s"	"e 3F"	"3"	5	7		
"610.49830"	"610.49826"	"1.52e+06"	C	"4.73314079"	"6.76400977"	"3d7.(4F).4p"	"y 3D*"	"3"	"3d7.(4F).4d"	"e 3H"	"4"	7	9		
"612.19430"	"612.19397"	"2.12e+01"	B+	"0.91460217"	"2.93984587"	"3d7.(4F).4s"	"a 5F"	"4"	"3d6.(5D).4s.4p.(3P*)"	"z 7P*"	"4"	9	9		
"612.96023"	"612.96020"	"7.87e+05"	D+	"4.14264893"	"6.16536100"	"3d8"	"c 3F"	"3"	"3d7.(2G).4p"	"y 3H*"	"4"	7	9		
"613.83133"	"613.83130"	"1.01e+06"	B	"2.45343044"	"4.47327202"	"3d6.4s2"	"a 3H"	"4"	"3d7.(4F).4p"	"z 3G*"	"3"	9	7		
"613.86928"	"613.86921"	"6.62e+04"	B	"2.19786640"	"4.21758325"	"3d7.(4P).4s"	"a 5P"	"2"	"3d7.(4F).4p"	"y 5D*"	"1"	5	3		
"613.93900"	"613.93897"	"1.00e+06"	B	"2.58810592"	"4.60759327"	"3d6.4s2"	"b 3F2"	"3"	"3d7.(4F).4p"	"y 3F*"	"3"	7	7		
"614.34314"	"614.34303"	"1.23e+06"	B	"3.60252504"	"5.62068415"	"3d6.(5D).4s.4p.(3P*)"	"z 5P*"	"3"	"3d6.(5D).4s (6D).5s"	"e 5D"	"2"	7	5		
"614.95357"	"614.95354"	"5.37e+05"	C+	"4.07581091"	"6.09196644"	"3d8"	"c 3F"	"4"	"3d6.(3F2).4s.4p.(3P*)"	"v 3D*"	"3"	9	7		
"615.33202"	"615.33194"	"1.77e+04"	B	"2.17594512"	"4.19086081"	"3d7.(4P).4s"	"a 5P"	"3"	"3d7.(4F).4p"	"y 5D*"	"2"	7	5		
"615.94321"	"615.94317"	"1.2e+06"	D	"4.07581091"	"6.08872711"	"3d8"	"c 3F"	"4"	"3d7.(2G).4p"	"w 3F*"	"4"	9	9		
"616.52498"	"616.52490"	"8.44e+03"	C+	"2.19786640"	"4.20888328"	"3d7.(4P).4s"	"a 5P"	"2"	"3d6.(5D).4s.4p.(3P*)"	"z 3P*"	"2"	5	5		
"616.70660"	"616.70657"	"6.54e+05"	C+	"4.14264893"	"6.15307342"	"3d8"	"c 3F"	"3"	"3d7.(2G).4p"	"v 3G*"	"4"	7	9		
"617.50435"	"617.50423"	"2.31e+05"	B	"2.22271209"	"4.23053960"	"3d7.(4P).4s"	"a 5P"	"1"	"3d7.(4F).4p"	"y 5D*"	"0"	3	1		
"618.19139"	"618.19120"	"5.59e+04"	D+	"2.72754450"	"4.73314079"	"3d7.(2G).4s"	"a 3G"	"4"	"3d7.(4F).4p"	"y 3D*"	"3"	9	7		
"618.97022"	"618.97011"	"4.1e+05"	E	"3.94332623"	"5.94639870"	"3d6.(5D).4s.4p.(3P*)"	"z 3F*"	"3"	"3d7.(4F).5s"	"e 3F"	"4"	7	9		
"619.3271"	"619.32704"	"7.41e+05"	C+	"2.43269470"	"4.43461275"	"3d6.4s2"	"a 3H"	"5"	"3d7.(4F).4p"	"z 3G*"	"4"	11	9		
"620.20280"	"620.20277"	"9.06e+04"	C+	"2.60850194"	"4.60759327"	"3d6.4s2"	"b 3F2"	"2"	"3d7.(4F).4p"	"y 3F*"	"3"	5	7		
"621.51489"	"621.51482"	"1.90e+05"	D+	"2.22271209"	"4.21758325"	"3d7.(4P).4s"	"a 5P"	"1"	"3d7.(4F).4p"	"y 5D*"	"1"	3	3		
"621.68629"	"621.68626"	"1.18e+06"	C+	"4.18636440"	"6.18068544"	"3d8"	"c 3F"	"2"	"3d7.(2G).4p"	"v 3G*"	"3"	5	7		
"622.10012"	"622.10008"	"1.27e+05"	B	"2.19786640"	"4.19086081"	"3d7.(4P).4s"	"a 5P"	"2"	"3d7.(4F).4p"	"y 5D*"	"2"	5	5		
"623.0951"	"623.09489"	"8.97e+04"	D+	"2.84504259"	"4.83485507"	"3d7.(4P).4s"	"b 3P"	"1"	"3d7.(4F).4p"	"y 3D*"	"1"	3	3		
"623.24463"	"623.24455"	"9.99e+05"	B	"2.55917148"	"4.54850612"	"3d6.4s2"	"b 3F2"	"4"	"3d7.(4F).4p"	"y 3F*"	"4"	9	9		
""	"623.29843"	"1.7e-01"	E	"1.55735733"	"3.54652001"	"3d7.(4F).4s"	"a 3F"	"3"	"3d7.(2D2).4s"	"a 1D"	"2"	7	5	M1	
"623.43650"	"623.43642"	"3.42e+06"	B	"3.65369332"	"5.64241573"	"3d6.(5D).4s.4p.(3P*)"	"z 5P*"	"2"	"3d6.(5D).4s (6D).5s"	"e 5D"	"1"	5	3		
"624.23721"	"624.23722"	"2.30e+04"	D+	"2.22271209"	"4.20888328"	"3d7.(4P).4s"	"a 5P"	"1"	"3d6.(5D).4s.4p.(3P*)"	"z 3P*"	"2"	3	5		
"624.80463"	"624.80455"	"3.24e+06"	B	"3.60252504"	"5.58689276"	"3d6.(5D).4s.4p.(3P*)"	"z 5P*"	"3"	"3d6.(5D).4s (6D).5s"	"e 5D"	"3"	7	7		
"625.42845"	"625.42842"	"3.19e+05"	B	"2.40407444"	"4.38646275"	"3d6.4s2"	"a 3H"	"6"	"3d7.(4F).4p"	"z 3G*"	"5"	13	11		
"625.59881"	"625.59874"	"2.13e+05"	C+	"2.27860466"	"4.26045326"	"3d6.4s2"	"a 3P2"	"2"	"3d6.(5D).4s.4p.(3P*)"	"z 3P*"	"1"	5	3		
"625.80917"	"625.80913"	"7.40e+04"	C	"2.45343044"	"4.43461275"	"3d6.4s2"	"a 3H"	"4"	"3d7.(4F).4p"	"z 3G*"	"4"	9	9		
"626.68664"	"626.68649"	"6.84e+04"	B	"2.17594512"	"4.15435379"	"3d7.(4P).4s"	"a 5P"	"3"	"3d7.(4F).4p"	"y 5D*"	"3"	7	7		
"627.19589"	"627.19573"	"1.39e+05"	D	"2.85805275"	"4.83485507"	"3d7.(4P).4s"	"b 3P"	"0"	"3d7.(4F).4p"	"y 3D*"	"1"	1	3		
"627.3013"	"627.30122"	"3.05e+04"	C+	"3.33201954"	"5.30848946"	"3d6.(5D).4s.4p.(3P*)"	"z 5F*"	"5"	"3d6.(5D).4s (6D).5s"	"e 7D"	"5"	11	11		
"628.23549"	"628.23537"	"6.26e+02"	B+	"0.85899575"	"2.83252676"	"3d7.(4F).4s"	"a 5F"	"5"	"3d6.(5D).4s.4p.(3P*)"	"z 7F*"	"5"	11	11		
"629.95344"	"629.95340"	"6.12e+04"	B	"2.22271209"	"4.19086081"	"3d7.(4P).4s"	"a 5P"	"1"	"3d7.(4F).4p"	"y 5D*"	"2"	3	5		
"630.32435"	"630.32423"	"6.43e+06"	B	"3.65369332"	"5.62068415"	"3d6.(5D).4s.4p.(3P*)"	"z 5P*"	"2"	"3d6.(5D).4s (6D).5s"	"e 5D"	"2"	5	5		
"631.32453"	"631.32445"	"2.42e+04"	C+	"2.83159117"	"4.79546566"	"3d7.(4P).4s"	"b 3P"	"2"	"3d7.(4F).4p"	"y 3D*"	"2"	5	5		
"631.70527"	"631.70520"	"1.40e+06"	C	"4.14264893"	"6.10533975"	"3d8"	"c 3F"	"3"	"3d7.(2G).4p"	"w 3F*"	"3"	7	7		
"631.75575"	"631.75572"	"4.0e+05"	D	"4.07581091"	"6.03834476"	"3d8"	"c 3F"	"4"	"3d6.(3H).4s.4p.(3P*)"	"y 1G*"	"4"	9	9		
"631.97642"	"631.97647"	"3.75e+05"	D+	"2.45343044"	"4.41527878"	"3d6.4s2"	"a 3H"	"4"	"3d7.(4F).4p"	"z 5G*"	"3"	9	7		
"632.44335"	"632.44330"	"6.95e+04"	C+	"2.58810592"	"4.54850612"	"3d6.4s2"	"b 3F2"	"3"	"3d7.(4F).4p"	"y 3F*"	"4"	7	9		
"633.25997"	"633.25981"	"6.4e+05"	E	"4.73314079"	"6.69101333"	"3d7.(4F).4p"	"y 3D*"	"3"	"3d7.(4F).4d"	"h 5D"	"2"	7	5		
"633.70822"	"633.70814"	"1.58e+05"	C+	"2.19786640"	"4.15435379"	"3d7.(4P).4s"	"a 5P"	"2"	"3d7.(4F).4p"	"y 5D*"	"3"	5	7		
"633.85761"	"633.85753"	"7.71e+06"	B	"3.68638944"	"5.64241573"	"3d6.(5D).4s.4p.(3P*)"	"z 5P*"	"1"	"3d6.(5D).4s (6D).5s"	"e 5D"	"1"	3	3		
"634.06298"	"634.06282"	"5.1e+06"	D	"4.79546566"	"6.75085864"	"3d7.(4F).4p"	"y 3D*"	"2"	"3d7.(4F).4d"	"f 3D"	"1"	5	3		
"634.59028"	"634.59016"	"1.80e+04"	B	"2.43269470"	"4.38646275"	"3d6.4s2"	"a 3H"	"5"	"3d7.(4F).4p"	"z 3G*"	"5"	11	11		
"635.5593"	"635.55922"	"7.87e+00"	B+	"0.91460217"	"2.86539125"	"3d7.(4F).4s"	"a 5F"	"4"	"3d6.(5D).4s.4p.(3P*)"	"z 7F*"	"3"	9	7		
"635.67857"	"635.67848"	"1.69e+05"	C	"2.84504259"	"4.79546566"	"3d7.(4P).4s"	"b 3P"	"1"	"3d7.(4F).4p"	"y 3D*"	"2"	3	5		
"636.03913"	"636.03901"	"5.19e+05"	C+	"4.14264893"	"6.09196644"	"3d8"	"c 3F"	"3"	"3d6.(3F2).4s.4p.(3P*)"	"v 3D*"	"3"	7	7		
"636.04552"	"636.04541"	"4.32e+02"	A	"0.85899575"	"2.80829367"	"3d7.(4F).4s"	"a 5F"	"5"	"3d6.(5D).4s.4p.(3P*)"	"z 7F*"	"6"	11	13		
"636.46351"	"636.46346"	"2.8e+05"	E	"4.18636440"	"6.13438193"	"3d8"	"c 3F"	"2"	"3d6.(3F2).4s.4p.(3P*)"	"1F*"	"3"	5	7		
"636.61249"	"636.61233"	"2.1e+06"	E	"4.79546566"	"6.74302768"	"3d7.(4F).4p"	"y 3D*"	"2"	"3d7.(4F).4d"	"g 5F"	"1"	5	3		
"638.25068"	"638.25068"	"1.38e+06"	C	"4.18636440"	"6.12892712"	"3d8"	"c 3F"	"2"	"3d7.(2G).4p"	"w 3F*"	"2"	5	5		
"639.53683"	"639.53675"	"4.81e+05"	C	"2.43269470"	"4.37135106"	"3d6.4s2"	"a 3H"	"5"	"3d7.(4F).4p"	"z 5G*"	"4"	11	9		
""	"639.54734"	"9.3e-02"	E	"1.60789577"	"3.54652001"	"3d7.(4F).4s"	"a 3F"	"2"	"3d7.(2D2).4s"	"a 1D"	"2"	5	5	M1	
"640.17699"	"640.17691"	"9.27e+06"	B	"3.60252504"	"5.53924278"	"3d6.(5D).4s.4p.(3P*)"	"z 5P*"	"3"	"3d6.(5D).4s (6D).5s"	"e 5D"	"4"	7	9		
"640.20867"	"640.20855"	"8.69e+02"	C+	"0.91460217"	"2.85122419"	"3d7.(4F).4s"	"a 5F"	"4"	"3d6.(5D).4s.4p.(3P*)"	"z 7F*"	"4"	9	9		
"640.97892"	"640.97884"	"3.12e+06"	B	"3.68638944"	"5.62068415"	"3d6.(5D).4s.4p.(3P*)"	"z 5P*"	"1"	"3d6.(5D).4s (6D).5s"	"e 5D"	"2"	3	5		
"641.34212"	"641.34200"	"4.43e+06"	B	"3.65369332"	"5.58689276"	"3d6.(5D).4s.4p.(3P*)"	"z 5P*"	"2"	"3d6.(5D).4s (6D).5s"	"e 5D"	"3"	5	7		
"642.17237"	"642.17229"	"1.2e+07"	D	"4.73314079"	"6.66384071"	"3d7.(4F).4p"	"y 3D*"	"3"	"3d7.(4F).4d"	"f 3D"	"3"	7	7		
"642.31253"	"642.31245"	"3.04e+05"	B	"2.27860466"	"4.20888328"	"3d6.4s2"	"a 3P2"	"2"	"3d6.(5D).4s.4p.(3P*)"	"z 3P*"	"2"	5	5		
"643.26234"	"643.26221"	"1.77e+05"	B	"2.17594512"	"4.10337372"	"3d7.(4P).4s"	"a 5P"	"3"	"3d7.(4F).4p"	"y 5D*"	"4"	7	9		
"646.4511"	"646.44981"	"9.70e+04"	C	"0.91460217"	"2.83252676"	"3d7.(4F).4s"	"a 5F"	"4"	"3d6.(5D).4s.4p.(3P*)"	"z 7F*"	"5"	9	11		
"646.4511"	"646.45115"	"5.60e+04"	C	"2.45343044"	"4.37135106"	"3d6.4s2"	"a 3H"	"4"	"3d7.(4F).4p"	"z 5G*"	"4"	9	9		
"647.09803"	"647.09795"	"8.3e+06"	E	"4.83485507"	"6.75085864"	"3d7.(4F).4p"	"y 3D*"	"1"	"3d7.(4F).4d"	"f 3D"	"1"	3	3		
"647.74134"	"647.74131"	"2.60e+04"	C	"2.55917148"	"4.47327202"	"3d6.4s2"	"b 3F2"	"4"	"3d7.(4F).4p"	"z 3G*"	"3"	9	7		
"648.36610"	"648.36606"	"3.29e+04"	B	"2.27860466"	"4.19086081"	"3d6.4s2"	"a 3P2"	"2"	"3d7.(4F).4p"	"y 5D*"	"2"	5	5		
"649.67746"	"649.67747"	"7.66e+05"	B	"2.40407444"	"4.31247059"	"3d6.4s2"	"a 3H"	"6"	"3d7.(4F).4p"	"z 5G*"	"5"	13	11		
"649.75367"	"649.75358"	"6.4e+06"	E	"4.83485507"	"6.74302768"	"3d7.(4F).4p"	"y 3D*"	"1"	"3d7.(4F).4d"	"g 5F"	"1"	3	3		
"649.82611"	"649.82604"	"7.8e+06"	E	"4.79546566"	"6.70342551"	"3d7.(4F).4p"	"y 3D*"	"2"	"3d7.(4F).4d"	"f 3D"	"2"	5	5		
"650.07345"	"650.07337"	"4.64e+02"	B+	"0.95815732"	"2.86539125"	"3d7.(4F).4s"	"a 5F"	"3"	"3d6.(5D).4s.4p.(3P*)"	"z 7F*"	"3"	7	7		
"652.01676"	"652.01664"	"1.13e+05"	D+	"2.83159117"	"4.73314079"	"3d7.(4P).4s"	"b 3P"	"2"	"3d7.(4F).4p"	"y 3D*"	"3"	5	7		
"653.57341"	"653.57328"	"1.2e+06"	E	"4.55852281"	"6.45554341"	"3d6.(5D).4s.4p.(1P*)"	"y 5P*"	"3"	"3d6.(5D).4s (6D).4d"	"e 5P"	"2"	7	5		
"654.80474"	"654.80458"	"9.06e+05"	C	"2.75857762"	"4.65203107"	"3d7.(2G).4s"	"a 3G"	"3"	"3d7.(4F).4p"	"y 3F*"	"2"	7	5		
"657.10297"	"657.10284"	"6.0e+06"	D	"4.73314079"	"6.61997175"	"3d7.(4F).4p"	"y 3D*"	"3"	"3d7.(4F).4d"	"g 5F"	"4"	7	9		
"657.6044"	"657.60422"	"3.06e+02"	B+	"0.99011115"	"2.87550352"	"3d7.(4F).4s"	"a 5F"	"2"	"3d6.(5D).4s.4p.(3P*)"	"z 7F*"	"2"	5	5		
"657.68316"	"657.68315"	"4.30e+04"	C+	"2.58810592"	"4.47327202"	"3d6.4s2"	"b 3F2"	"3"	"3d7.(4F).4p"	"z 3G*"	"3"	7	7		
"658.30275"	"658.30267"	"3.58e+02"	C+	"1.48486439"	"3.36825640"	"3d7.(4F).4s"	"a 3F"	"4"	"3d6.(5D).4s.4p.(3P*)"	"z 5F*"	"4"	9	9		
"659.47344"	"659.47331"	"7.37e+05"	C+	"2.72754450"	"4.60759327"	"3d7.(2G).4s"	"a 3G"	"4"	"3d7.(4F).4p"	"y 3F*"	"3"	9	7		
"659.56913"	"659.56904"	"5.28e+04"	B	"2.43269470"	"4.31247059"	"3d6.4s2"	"a 3H"	"5"	"3d7.(4F).4p"	"z 5G*"	"5"	11	11		
"659.93828"	"659.93811"	"2.0e+06"	E	"4.79546566"	"6.67419029"	"3d7.(4F).4p"	"y 3D*"	"2"	"3d7.(4F).4d"	"g 5F"	"3"	5	7		
"661.09351"	"661.09347"	"3.45e+04"	C+	"2.55917148"	"4.43461275"	"3d6.4s2"	"b 3F2"	"4"	"3d7.(4F).4p"	"z 3G*"	"4"	9	9		
"662.68512"	"662.68508"	"2.34e+02"	B+	"1.01105568"	"2.88199261"	"3d7.(4F).4s"	"a 5F"	"1"	"3d6.(5D).4s.4p.(3P*)"	"z 7F*"	"1"	3	3		
"663.55812"	"663.55803"	"3.44e+06"	C+	"4.55852281"	"6.42699840"	"3d6.(5D).4s.4p.(1P*)"	"y 5P*"	"3"	"3d6.(5D).4s (6D).4d"	"e 5P"	"3"	7	7		
"664.99164"	"664.99151"	"3.64e+01"	B+	"1.01105568"	"2.87550352"	"3d7.(4F).4s"	"a 5F"	"1"	"3d6.(5D).4s.4p.(3P*)"	"z 7F*"	"2"	3	5		
"666.52816"	"666.52807"	"4.98e+05"	B	"2.42419831"	"4.28434800"	"3d6.4s2"	"a 3P2"	"1"	"3d6.(5D).4s.4p.(3P*)"	"z 3P*"	"0"	3	1		
"666.95519"	"666.95510"	"1.66e+05"	C+	"4.58438864"	"6.44334733"	"3d7.(2F).4s"	"d 3F"	"3"	"3d7.(2P).4p"	"u 3D*"	"3"	7	7		
"667.98304"	"667.98286"	"6.34e+05"	B	"2.69240763"	"4.54850612"	"3d7.(2G).4s"	"a 3G"	"5"	"3d7.(4F).4p"	"y 3F*"	"4"	11	9		
"670.09909"	"670.09905"	"1.68e+05"	C+	"4.59311043"	"6.44334733"	"3d7.(2F).4s"	"d 3F"	"4"	"3d7.(2P).4p"	"u 3D*"	"3"	9	7		
"670.54177"	"670.54164"	"1.8e+04"	D	"2.75857762"	"4.60759327"	"3d7.(2G).4s"	"a 3G"	"3"	"3d7.(4F).4p"	"y 3F*"	"3"	7	7		
"674.13819"	"674.13805"	"3.37e+02"	C	"1.55735733"	"3.39650880"	"3d7.(4F).4s"	"a 3F"	"3"	"3d6.(5D).4s.4p.(3P*)"	"z 5F*"	"3"	7	7		
"675.20153"	"675.20144"	"1.17e+05"	B	"2.42419831"	"4.26045326"	"3d6.4s2"	"a 3P2"	"1"	"3d6.(5D).4s.4p.(3P*)"	"z 3P*"	"1"	3	3		
"675.45707"	"675.45706"	"3.05e+06"	B	"4.63819369"	"6.47375371"	"3d6.(5D).4s.4p.(1P*)"	"y 5P*"	"1"	"3d6.(5D).4s (4D).5s"	"g 5D"	"1"	3	3		
""	"676.24848"	"1.3e-01"	E	"0.85899575"	"2.69240763"	"3d7.(4F).4s"	"a 5F"	"5"	"3d7.(2G).4s"	"a 3G"	"5"	11	11	M1	
"678.87330"	"678.87312"	"2.0e+05"	E	"4.19086081"	"6.01718438"	"3d7.(4F).4p"	"y 5D*"	"2"	"3d7.(4F).5s"	"e 3F"	"3"	5	7		
"679.51337"	"679.51327"	"7.58e+04"	B	"4.07581091"	"5.90041395"	"3d8"	"c 3F"	"4"	"3d6.(3G).4s.4p.(3P*)"	"w 5G*"	"4"	9	9		
"680.58782"	"680.58768"	"1.53e+06"	B	"4.65203107"	"6.47375371"	"3d7.(4F).4p"	"y 3F*"	"2"	"3d6.(5D).4s (4D).5s"	"g 5D"	"1"	5	3		
"680.61487"	"680.61482"	"2.46e+05"	B	"4.58438864"	"6.40603863"	"3d7.(2F).4s"	"d 3F"	"3"	"3d7.(2H).4p"	"u 3G*"	"4"	7	9		
"680.87229"	"680.87211"	"1.2e+05"	E	"2.72754450"	"4.54850612"	"3d7.(2G).4s"	"a 3G"	"4"	"3d7.(4F).4p"	"y 3F*"	"4"	9	9		
"681.21417"	"681.21413"	"2.12e+06"	C+	"4.60695104"	"6.42699840"	"3d6.(5D).4s.4p.(1P*)"	"y 5P*"	"2"	"3d6.(5D).4s (6D).4d"	"e 5P"	"3"	5	7		
"682.22537"	"682.22532"	"1.5e+06"	E	"4.63819369"	"6.45554341"	"3d6.(5D).4s.4p.(1P*)"	"y 5P*"	"1"	"3d6.(5D).4s (6D).4d"	"e 5P"	"2"	3	5		
"683.04752"	"683.04761"	"3.7e+06"	D	"4.63819369"	"6.45335558"	"3d6.(5D).4s.4p.(1P*)"	"y 5P*"	"1"	"3d6.(5D).4s (4D).5s"	"g 5D"	"2"	3	5		
""	"683.88385"	"7.2e-02"	E	"0.91460217"	"2.72754450"	"3d7.(4F).4s"	"a 5F"	"4"	"3d7.(2G).4s"	"a 3G"	"4"	9	9	M1	
"683.88923"	"683.88918"	"3.26e+05"	B	"4.59311043"	"6.40603863"	"3d7.(2F).4s"	"d 3F"	"4"	"3d7.(2H).4p"	"u 3G*"	"4"	9	9		
"684.17175"	"684.17170"	"7.1e+03"	E	"2.55917148"	"4.37135106"	"3d6.4s2"	"b 3F2"	"4"	"3d7.(4F).4p"	"z 5G*"	"4"	9	9		
"684.3227"	"684.32260"	"3.4e+06"	D	"4.60695104"	"6.41873101"	"3d6.(5D).4s.4p.(1P*)"	"y 5P*"	"2"	"3d6.(5D).4s (4D).5s"	"g 5D"	"3"	5	7		
"684.45736"	"684.45736"	"2.4e+06"	E	"4.63819369"	"6.44961696"	"3d6.(5D).4s.4p.(1P*)"	"y 5P*"	"1"	"3d6.(5D).4s (6D).4d"	"e 5P"	"1"	3	3		
"684.55439"	"684.55435"	"2.6e+06"	D	"4.54850612"	"6.35967275"	"3d7.(4F).4p"	"y 3F*"	"4"	"3d6.(5D).4s (4D).5s"	"e 3D"	"3"	9	7		
"685.6713"	"685.67147"	"1.53e+05"	B	"4.59311043"	"6.40132623"	"3d7.(2F).4s"	"d 3F"	"4"	"3d6.(3H).4s.4p.(3P*)"	"1H*"	"5"	9	11		
"685.70532"	"685.70523"	"2.86e+06"	C	"4.55852281"	"6.36664959"	"3d6.(5D).4s.4p.(1P*)"	"y 5P*"	"3"	"3d6.(5D).4s (4D).5s"	"g 5D"	"4"	7	9		
"686.00416"	"686.00402"	"3.33e+06"	C+	"4.60759327"	"6.41493251"	"3d7.(4F).4p"	"y 3F*"	"3"	"3d6.(5D).4s (4D).5s"	"e 3D"	"2"	7	5		
""	"688.64031"	"2.8e-02"	E	"0.95815732"	"2.75857762"	"3d7.(4F).4s"	"a 5F"	"3"	"3d7.(2G).4s"	"a 3G"	"3"	7	7	M1	
"688.7656"	"688.76543"	"2.1e+06"	E	"4.65203107"	"6.45212430"	"3d7.(4F).4p"	"y 3F*"	"2"	"3d6.(5D).4s (4D).5s"	"e 3D"	"1"	5	3		
"691.85891"	"691.85877"	"6.2e+05"	D	"4.15435379"	"5.94639870"	"3d7.(4F).4p"	"y 5D*"	"3"	"3d7.(4F).5s"	"e 3F"	"4"	7	9		
"694.71206"	"694.71196"	"9.11e+04"	B	"2.42419831"	"4.20888328"	"3d6.4s2"	"a 3P2"	"1"	"3d6.(5D).4s.4p.(3P*)"	"z 3P*"	"2"	3	5		
""	"696.49417"	"8.97e+05"	C	"4.18636440"	"5.96648265"	"3d8"	"c 3F"	"2"	"3d6.(3G).4s.4p.(3P*)"	"v 5F*"	"3"	5	7		
""	"697.38547"	"1.25e+04"	C	"3.01762252"	"4.79546566"	"3d6.4s2"	"b 3G"	"3"	"3d7.(4F).4p"	"y 3D*"	"2"	7	5		
""	"697.40026"	"2.6e-02"	E	"0.91460217"	"2.69240763"	"3d7.(4F).4s"	"a 5F"	"4"	"3d7.(2G).4s"	"a 3G"	"5"	9	11	M1	
"698.07760"	"698.07750"	"1.44e+05"	B	"2.48437256"	"4.26045326"	"3d6.4s2"	"a 3P2"	"0"	"3d6.(5D).4s.4p.(3P*)"	"z 3P*"	"1"	1	3		
"700.18141"	"700.18136"	"4.7e+05"	D	"4.10337372"	"5.87411777"	"3d7.(4F).4p"	"y 5D*"	"4"	"3d7.(4F).5s"	"e 5F"	"4"	9	9		
""	"700.25451"	"8.00e+04"	C	"4.14264893"	"5.91320801"	"3d8"	"c 3F"	"3"	"3d6.(3G).4s.4p.(3P*)"	"w 5G*"	"3"	7	7		
""	"700.71831"	"3.2e-02"	E	"0.95815732"	"2.72754450"	"3d7.(4F).4s"	"a 5F"	"3"	"3d7.(2G).4s"	"a 3G"	"4"	7	9	M1	
""	"701.08312"	"2.2e-02"	E	"0.99011115"	"2.75857762"	"3d7.(4F).4s"	"a 5F"	"2"	"3d7.(2G).4s"	"a 3G"	"3"	5	7	M1	
""	"701.81693"	"3.3e-02"	E	"1.48486439"	"3.25148176"	"3d7.(4F).4s"	"a 3F"	"4"	"3d7.(2D2).4s"	"a 3D"	"3"	9	7	M1	
"701.83265"	"701.83250"	"1.2e+06"	D	"4.15435379"	"5.92093198"	"3d7.(4F).4p"	"y 5D*"	"3"	"3d7.(4F).5s"	"e 5F"	"3"	7	7		
"702.48902"	"702.48887"	"1.7e+06"	D	"4.19086081"	"5.95578840"	"3d7.(4F).4p"	"y 5D*"	"2"	"3d7.(4F).5s"	"e 5F"	"2"	5	5		
""	"702.59987"	"9.30e+04"	D+	"4.07581091"	"5.84045966"	"3d8"	"c 3F"	"4"	"3d6.(3H).4s.4p.(3P*)"	"z 3H*"	"4"	9	9		
""	"702.65778"	"2.25e+06"	C	"4.55852281"	"6.32302612"	"3d6.(5D).4s.4p.(1P*)"	"y 5P*"	"3"	"3d6.(5D).4s (6D).4d"	"f 7D"	"2"	7	5		
"704.01638"	"704.01608"	"2.5e+06"	D	"4.21758325"	"5.97868220"	"3d7.(4F).4p"	"y 5D*"	"1"	"3d7.(4F).5s"	"e 5F"	"1"	3	3		
"707.0358"	"707.03577"	"8.99e+05"	D	"4.07581091"	"5.82938837"	"3d8"	"c 3F"	"4"	"3d7.(4P).4p"	"w 3D*"	"3"	9	7		
"709.23380"	"709.23389"	"3.0e+06"	D	"4.23053960"	"5.97868220"	"3d7.(4F).4p"	"y 5D*"	"0"	"3d7.(4F).5s"	"e 5F"	"1"	1	3		
"710.9420"	"710.94190"	"1.20e+06"	D	"4.18636440"	"5.93030716"	"3d8"	"c 3F"	"2"	"3d6.(3G).4s.4p.(3P*)"	"w 5G*"	"2"	5	5		
""	"711.41283"	"1.93e+04"	D+	"2.99035244"	"4.73314079"	"3d6.4s2"	"b 3G"	"4"	"3d7.(4F).4p"	"y 3D*"	"3"	9	7		
"713.28875"	"713.28864"	"4.1e+06"	D	"4.21758325"	"5.95578840"	"3d7.(4F).4p"	"y 5D*"	"1"	"3d7.(4F).5s"	"e 5F"	"2"	3	5		
"713.49521"	"713.49526"	"3.43e+05"	D+	"4.07581091"	"5.81351269"	"3d8"	"c 3F"	"4"	"3d6.(3F2).4s.4p.(3P*)"	"x 3F*"	"4"	9	9		
"718.92985"	"718.92974"	"8.36e+06"	C+	"4.10337372"	"5.82793998"	"3d7.(4F).4p"	"y 5D*"	"4"	"3d7.(4F).5s"	"e 5F"	"5"	9	11		
""	"719.11297"	"3.66e+04"	D+	"3.07133880"	"4.79546566"	"3d7.(2P).4s"	"c 3P"	"1"	"3d7.(4F).4p"	"y 3D*"	"2"	3	5		
"720.90974"	"720.90979"	"9.82e+05"	C	"4.07581091"	"5.79564049"	"3d8"	"c 3F"	"4"	"3d7.(4P).4p"	"u 5D*"	"3"	9	7		
"722.5651"	"722.56481"	"1.13e+05"	D+	"3.01725044"	"4.73314079"	"3d7.(2P).4s"	"c 3P"	"2"	"3d7.(4F).4p"	"y 3D*"	"3"	5	7		
"729.4838"	"729.48389"	"1.10e+06"	C	"4.55852281"	"6.25813812"	"3d6.(5D).4s.4p.(1P*)"	"y 5P*"	"3"	"3d6.(5D).4s (6D).4d"	"e 7P"	"4"	7	9		
"730.99448"	"730.99442"	"5.25e+05"	C+	"4.14264893"	"5.83875215"	"3d8"	"c 3F"	"3"	"3d6.(3F2).4s.4p.(3P*)"	"x 3F*"	"3"	7	7		
""	"731.84824"	"2.0e-02"	E	"1.55735733"	"3.25148176"	"3d7.(4F).4s"	"a 3F"	"3"	"3d7.(2D2).4s"	"a 3D"	"3"	7	7	M1	
"732.2699"	"732.26968"	"9.67e+05"	C	"4.55852281"	"6.25167222"	"3d6.(5D).4s.4p.(1P*)"	"y 5P*"	"3"	"3d6.(5D).4s (6D).4d"	"f 5D"	"4"	7	9		
""	"732.32277"	"1.1e-02"	E	"1.60789577"	"3.30092244"	"3d7.(4F).4s"	"a 3F"	"2"	"3d7.(2D2).4s"	"a 3D"	"2"	5	5	M1	
"740.37232"	"740.37215"	"1.80e+06"	C	"4.18636440"	"5.86098438"	"3d8"	"c 3F"	"2"	"3d7.(4P).4p"	"w 3D*"	"1"	5	3		
"742.07103"	"742.07097"	"1.02e+06"	C+	"4.14264893"	"5.81343520"	"3d8"	"c 3F"	"3"	"3d7.(4P).4p"	"u 5D*"	"2"	7	5		
""	"744.16329"	"1.6e-02"	E	"1.60789577"	"3.27398440"	"3d7.(4F).4s"	"a 3F"	"2"	"3d7.(2D2).4s"	"a 3D"	"1"	5	3	M1	
"751.30883"	"751.30865"	"1.35e+07"	B	"4.17769679"	"5.82793998"	"3d7.(4F).4p"	"y 5F*"	"5"	"3d7.(4F).5s"	"e 5F"	"5"	11	11		
"758.58756"	"758.58755"	"3.02e+05"	D+	"3.01762252"	"4.65203107"	"3d6.4s2"	"b 3G"	"3"	"3d7.(4F).4p"	"y 3F*"	"2"	7	5		
"765.58659"	"765.58652"	"2.96e+06"	C	"4.79546566"	"6.41493251"	"3d7.(4F).4p"	"y 3D*"	"2"	"3d6.(5D).4s (4D).5s"	"e 3D"	"2"	5	5		
"766.64024"	"766.64029"	"3.37e+05"	D+	"2.99035244"	"4.60759327"	"3d6.4s2"	"b 3G"	"4"	"3d7.(4F).4p"	"y 3F*"	"3"	9	7		
"771.24861"	"771.24847"	"7.86e+05"	C+	"4.22036211"	"5.82793998"	"3d7.(4F).4p"	"y 5F*"	"4"	"3d7.(4F).5s"	"e 5F"	"5"	9	11		
"772.53330"	"772.53323"	"3.86e+03"	B	"2.27860466"	"3.88350907"	"3d6.4s2"	"a 3P2"	"2"	"3d6.(5D).4s.4p.(3P*)"	"z 3D*"	"3"	5	7		
"775.04012"	"775.04017"	"2.19e+05"	C	"2.94879294"	"4.54850612"	"3d6.4s2"	"b 3G"	"5"	"3d7.(4F).4p"	"y 3F*"	"4"	11	9		
"791.50432"	"791.50425"	"1.68e+02"	A	"0.85899575"	"2.42543332"	"3d7.(4F).4s"	"a 5F"	"5"	"3d6.(5D).4s.4p.(3P*)"	"z 7D*"	"4"	11	9		
""	"793.75058"	"6.4e-02"	E	"1.48486439"	"3.04686890"	"3d7.(4F).4s"	"a 3F"	"4"	"3d7.(2G).4s"	"a 1G"	"4"	9	9	M1	
"794.32730"	"794.32717"	"1.82e+05"	C+	"3.27398440"	"4.83485507"	"3d7.(2D2).4s"	"a 3D"	"1"	"3d7.(4F).4p"	"y 3D*"	"1"	3	3		
"807.73710"	"807.73696"	"1.19e+02"	B+	"0.91460217"	"2.44955978"	"3d7.(4F).4s"	"a 5F"	"4"	"3d6.(5D).4s.4p.(3P*)"	"z 7D*"	"3"	9	7		
"820.63578"	"820.63571"	"9.76e+00"	B+	"0.91460217"	"2.42543332"	"3d7.(4F).4s"	"a 5F"	"4"	"3d6.(5D).4s.4p.(3P*)"	"z 7D*"	"4"	9	9		
"822.26382"	"822.26368"	"1.69e+07"	C+	"4.32010008"	"5.82793998"	"3d7.(4F).4p"	"z 5G*"	"6"	"3d7.(4F).5s"	"e 5F"	"5"	13	11		
"824.13925"	"824.13917"	"1.30e+04"	C+	"2.42419831"	"3.92860683"	"3d6.4s2"	"a 3P2"	"1"	"3d6.(5D).4s.4p.(3P*)"	"z 3D*"	"2"	3	5		
"829.57937"	"829.57921"	"1.41e+05"	D+	"3.30092244"	"4.79546566"	"3d7.(2D2).4s"	"a 3D"	"2"	"3d7.(4F).4p"	"y 3D*"	"2"	5	5		
""	"832.38157"	"4.1e-02"	E	"1.55735733"	"3.04686890"	"3d7.(4F).4s"	"a 3F"	"3"	"3d7.(2G).4s"	"a 1G"	"4"	7	9	M1	
"832.93444"	"832.93436"	"9.57e+05"	B	"2.19786640"	"3.68638944"	"3d7.(4P).4s"	"a 5P"	"2"	"3d6.(5D).4s.4p.(3P*)"	"z 5P*"	"1"	5	3		
"836.79321"	"836.79305"	"1.69e+05"	C	"3.25148176"	"4.73314079"	"3d7.(2D2).4s"	"a 3D"	"3"	"3d7.(4F).4p"	"y 3D*"	"3"	7	7		
"839.00769"	"839.00761"	"6.09e+05"	B	"2.17594512"	"3.65369332"	"3d7.(4P).4s"	"a 5P"	"3"	"3d6.(5D).4s.4p.(3P*)"	"z 5P*"	"2"	7	5		
"847.07337"	"847.07329"	"2.63e+05"	B	"2.22271209"	"3.68638944"	"3d7.(4P).4s"	"a 5P"	"1"	"3d6.(5D).4s.4p.(3P*)"	"z 5P*"	"1"	3	3		
"851.64108"	"851.64106"	"1.09e+05"	B	"2.19786640"	"3.65369332"	"3d7.(4P).4s"	"a 5P"	"2"	"3d6.(5D).4s.4p.(3P*)"	"z 5P*"	"2"	5	5		
"851.7447"	"851.74486"	"1.11e+05"	B	"3.01762252"	"4.47327202"	"3d6.4s2"	"b 3G"	"3"	"3d7.(4F).4p"	"z 3G*"	"3"	7	7		
"852.90110"	"852.90116"	"1.77e+06"	C	"4.91297355"	"6.36664959"	"3d6.(5D).4s.4p.(1P*)"	"x 5D*"	"4"	"3d6.(5D).4s (4D).5s"	"g 5D"	"4"	9	9		
"858.46144"	"858.46158"	"7.40e+04"	C	"2.99035244"	"4.43461275"	"3d6.4s2"	"b 3G"	"4"	"3d7.(4F).4p"	"z 3G*"	"4"	9	9		
"860.11918"	"860.11902"	"6.69e+05"	B	"4.38646275"	"5.82793998"	"3d7.(4F).4p"	"z 3G*"	"5"	"3d7.(4F).5s"	"e 5F"	"5"	11	11		
"861.41690"	"861.41689"	"1.27e+06"	C+	"2.84504259"	"4.28434800"	"3d7.(4P).4s"	"b 3P"	"1"	"3d6.(5D).4s.4p.(3P*)"	"z 3P*"	"0"	3	1		
"862.39684"	"862.39690"	"3.89e+04"	D+	"2.94879294"	"4.38646275"	"3d6.4s2"	"b 3G"	"5"	"3d7.(4F).4p"	"z 3G*"	"5"	11	11		
"866.42786"	"866.42784"	"5.16e+05"	C+	"2.22271209"	"3.65369332"	"3d7.(4P).4s"	"a 5P"	"1"	"3d6.(5D).4s.4p.(3P*)"	"z 5P*"	"2"	3	5		
"867.71286"	"867.71284"	"6.17e+05"	C	"2.83159117"	"4.26045326"	"3d7.(4P).4s"	"b 3P"	"2"	"3d6.(5D).4s.4p.(3P*)"	"z 3P*"	"1"	5	3		
"869.10113"	"869.10097"	"7.74e+05"	B	"2.17594512"	"3.60252504"	"3d7.(4P).4s"	"a 5P"	"3"	"3d6.(5D).4s.4p.(3P*)"	"z 5P*"	"3"	7	7		
"870.18427"	"870.18441"	"4.08e+06"	D+	"4.95563019"	"6.38043390"	"3d6.(5D).4s.4p.(1P*)"	"x 5D*"	"3"	"3d6.(5D).4s (6D).4d"	"f 5F"	"4"	7	9		
""	"871.55805"	"3.33e+04"	C	"2.94879294"	"4.37135106"	"3d6.4s2"	"b 3G"	"5"	"3d7.(4F).4p"	"z 5G*"	"4"	11	9		
"875.95921"	"875.95919"	"3.52e+05"	C	"2.84504259"	"4.26045326"	"3d7.(4P).4s"	"b 3P"	"1"	"3d6.(5D).4s.4p.(3P*)"	"z 3P*"	"1"	3	3		
"879.29351"	"879.29349"	"3.20e+06"	C	"4.98804995"	"6.39809335"	"3d6.(5D).4s.4p.(1P*)"	"x 5D*"	"2"	"3d6.(5D).4s (6D).4d"	"f 5F"	"3"	5	7		
"880.70431"	"880.70421"	"1.67e+04"	B	"2.27860466"	"3.68638944"	"3d6.4s2"	"a 3P2"	"2"	"3d6.(5D).4s.4p.(3P*)"	"z 5P*"	"1"	5	3		
"882.66436"	"882.66426"	"3.53e+05"	C	"2.19786640"	"3.60252504"	"3d7.(4P).4s"	"a 5P"	"2"	"3d6.(5D).4s.4p.(3P*)"	"z 5P*"	"3"	5	7		
"884.08553"	"884.08551"	"3.83e+05"	C	"2.85805275"	"4.26045326"	"3d7.(4P).4s"	"b 3P"	"0"	"3d6.(5D).4s.4p.(3P*)"	"z 3P*"	"1"	1	3		
"893.15286"	"893.15268"	"3.57e+06"	C+	"5.08559017"	"6.47375371"	"3d6.(5D).4s.4p.(1P*)"	"x 5F*"	"2"	"3d6.(5D).4s (4D).5s"	"g 5D"	"1"	5	3		
"897.78641"	"897.78655"	"5.59e+04"	C	"2.99035244"	"4.37135106"	"3d6.4s2"	"b 3G"	"4"	"3d7.(4F).4p"	"z 5G*"	"4"	9	9		
"900.20265"	"900.20264"	"1.06e+06"	D+	"2.83159117"	"4.20888328"	"3d7.(4P).4s"	"b 3P"	"2"	"3d6.(5D).4s.4p.(3P*)"	"z 3P*"	"2"	5	5		
"901.30675"	"901.30657"	"1.83e+04"	C+	"2.60850194"	"3.98410712"	"3d6.4s2"	"b 3F2"	"2"	"3d6.(5D).4s.4p.(3P*)"	"z 3F*"	"2"	5	5		
"901.45479"	"901.45493"	"4.46e+06"	C	"4.99127081"	"6.36664959"	"3d6.(5D).4s.4p.(1P*)"	"x 5F*"	"5"	"3d6.(5D).4s (4D).5s"	"g 5D"	"4"	11	9		
"909.08126"	"909.08124"	"2.17e+05"	D	"2.84504259"	"4.20888328"	"3d7.(4P).4s"	"b 3P"	"1"	"3d6.(5D).4s.4p.(3P*)"	"z 3P*"	"2"	3	5		
"909.18987"	"909.18993"	"1.55e+05"	D+	"2.94879294"	"4.31247059"	"3d6.4s2"	"b 3G"	"5"	"3d7.(4F).4p"	"z 5G*"	"5"	11	11		
""	"909.61799"	"3.4e-02"	E	"2.27860466"	"3.64164057"	"3d6.4s2"	"a 3P2"	"2"	"3d6.4s2"	"b 3D"	"3"	5	7	M1	
""	"909.61799"	"3.0e-03"	E	"2.27860466"	"3.64164057"	"3d6.4s2"	"a 3P2"	"2"	"3d6.4s2"	"b 3D"	"3"	5	7	E2	
""	"910.86644"	"2.8e-02"	E	"2.27860466"	"3.63977237"	"3d6.4s2"	"a 3P2"	"2"	"3d6.4s2"	"b 3D"	"2"	5	5	M1	
""	"910.86644"	"2.0e-03"	E	"2.27860466"	"3.63977237"	"3d6.4s2"	"a 3P2"	"2"	"3d6.4s2"	"b 3D"	"2"	5	5	E2	
"912.13838"	"912.13836"	"1.23e+05"	D+	"2.83159117"	"4.19086081"	"3d7.(4P).4s"	"b 3P"	"2"	"3d7.(4F).4p"	"y 5D*"	"2"	5	5		
"914.8639"	"914.86378"	"1.79e+04"	C+	"2.58810592"	"3.94332623"	"3d6.4s2"	"b 3F2"	"3"	"3d6.(5D).4s.4p.(3P*)"	"z 3F*"	"3"	7	7		
""	"920.63365"	"1.3e-02"	E	"1.48486439"	"2.83159117"	"3d7.(4F).4s"	"a 3F"	"4"	"3d7.(4P).4s"	"b 3P"	"2"	9	5	E2	
"921.2553"	"921.25516"	"6.20e+04"	D+	"2.84504259"	"4.19086081"	"3d7.(4P).4s"	"b 3P"	"1"	"3d7.(4F).4p"	"y 5D*"	"2"	3	5		
"924.9095"	"924.90947"	"1.80e+04"	B	"2.58810592"	"3.92860683"	"3d6.4s2"	"b 3F2"	"3"	"3d6.(5D).4s.4p.(3P*)"	"z 3D*"	"2"	7	5		
"926.1546"	"926.15463"	"1.54e+06"	D+	"4.91297355"	"6.25167222"	"3d6.(5D).4s.4p.(1P*)"	"x 5D*"	"4"	"3d6.(5D).4s (6D).4d"	"f 5D"	"4"	9	9		
"936.1980"	"936.19784"	"1.50e+04"	B	"2.55917148"	"3.88350907"	"3d6.4s2"	"b 3F2"	"4"	"3d6.(5D).4s.4p.(3P*)"	"z 3D*"	"3"	9	7		
"936.4930"	"936.49286"	"7.66e+03"	D+	"2.27860466"	"3.60252504"	"3d6.4s2"	"a 3P2"	"2"	"3d6.(5D).4s.4p.(3P*)"	"z 5P*"	"3"	5	7		
"937.5469"	"937.54673"	"2.05e+04"	C+	"2.55917148"	"3.88160368"	"3d6.4s2"	"b 3F2"	"4"	"3d6.(5D).4s.4p.(3P*)"	"z 3F*"	"4"	9	9		
"940.3692"	"940.36921"	"2.64e+06"	C	"5.03306811"	"6.35153108"	"3d6.(5D).4s.4p.(1P*)"	"x 5F*"	"4"	"3d6.(5D).4s (6D).4d"	"e 7G"	"5"	9	11		
""	"941.45000"	"1.0e-02"	E	"0.85899575"	"2.17594512"	"3d7.(4F).4s"	"a 5F"	"5"	"3d7.(4P).4s"	"a 5P"	"3"	11	7	E2	
"941.6625"	"941.66250"	"3.98e+06"	D+	"5.06378173"	"6.38043390"	"3d6.(5D).4s.4p.(1P*)"	"x 5F*"	"3"	"3d6.(5D).4s (6D).4d"	"f 5F"	"4"	7	9		
"944.6393"	"944.63923"	"6.39e+06"	C	"5.08559017"	"6.39809335"	"3d6.(5D).4s.4p.(1P*)"	"x 5F*"	"2"	"3d6.(5D).4s (6D).4d"	"f 5F"	"3"	5	7		
"957.2532"	"957.25328"	"2.50e+06"	C	"4.99127081"	"6.28647868"	"3d6.(5D).4s.4p.(1P*)"	"x 5F*"	"5"	"3d6.(5D).4s (6D).4d"	"e 5G"	"5"	11	11		
"962.9137"	"962.91367"	"4.51e+06"	D+	"5.03306811"	"6.32066224"	"3d6.(5D).4s.4p.(1P*)"	"x 5F*"	"4"	"3d6.(5D).4s (6D).4d"	"e 5G"	"4"	9	9		
""	"966.16266"	"5.4e-03"	E	"0.91460217"	"2.19786640"	"3d7.(4F).4s"	"a 5F"	"4"	"3d7.(4P).4s"	"a 5P"	"2"	9	5	E2	
"974.1243"	"974.12434"	"7.64e+06"	D+	"4.99127081"	"6.26404671"	"3d6.(5D).4s.4p.(1P*)"	"x 5F*"	"5"	"3d6.(5D).4s (6D).4d"	"e 5G"	"6"	11	13		
"976.6056"	"976.60580"	"5.42e+06"	C	"5.09954435"	"6.36908625"	"3d6.(5D).4s.4p.(1P*)"	"x 5F*"	"1"	"3d6.(5D).4s (6D).4d"	"e 5G"	"2"	3	5		
""	"980.45733"	"2.9e-03"	E	"0.95815732"	"2.22271209"	"3d7.(4F).4s"	"a 5F"	"3"	"3d7.(4P).4s"	"a 5P"	"1"	7	3	E2	
""	"982.95391"	"2.9e-03"	E	"0.91460217"	"2.17594512"	"3d7.(4F).4s"	"a 5F"	"4"	"3d7.(4P).4s"	"a 5P"	"3"	9	7	E2	
"986.4440"	"986.44380"	"5.49e+06"	D+	"5.06378173"	"6.32066224"	"3d6.(5D).4s.4p.(1P*)"	"x 5F*"	"3"	"3d6.(5D).4s (6D).4d"	"e 5G"	"4"	7	9		
"989.1747"	"989.17467"	"2.22e+06"	D+	"5.03306811"	"6.28647868"	"3d6.(5D).4s.4p.(1P*)"	"x 5F*"	"4"	"3d6.(5D).4s (6D).4d"	"e 5G"	"5"	9	11		
""	"997.71613"	"1.5e-02"	E	"1.48486439"	"2.72754450"	"3d7.(4F).4s"	"a 3F"	"4"	"3d7.(2G).4s"	"a 3G"	"4"	9	9	M1	
""	"1000.10721"	"3.9e-03"	E	"0.95815732"	"2.19786640"	"3d7.(4F).4s"	"a 5F"	"3"	"3d7.(4P).4s"	"a 5P"	"2"	7	5	E2	
""	"1005.87461"	"4.3e-03"	E	"0.99011115"	"2.22271209"	"3d7.(4F).4s"	"a 5F"	"2"	"3d7.(4P).4s"	"a 5P"	"1"	5	3	E2	
""	"1007.77600"	"7.9e-02"	E	"2.40407444"	"3.63434980"	"3d6.4s2"	"a 3H"	"6"	"3d6.4s2"	"a 1I"	"6"	13	13	M1	
""	"1023.26202"	"3.5e-03"	E	"1.01105568"	"2.22271209"	"3d7.(4F).4s"	"a 5F"	"1"	"3d7.(4P).4s"	"a 5P"	"1"	3	3	E2	
""	"1023.79840"	"2.9e-02"	E	"2.42419831"	"3.63521992"	"3d6.4s2"	"a 3P2"	"1"	"3d6.4s2"	"b 3D"	"1"	3	3	M1	
""	"1023.79840"	"1.0e-03"	E	"2.42419831"	"3.63521992"	"3d6.4s2"	"a 3P2"	"1"	"3d6.4s2"	"b 3D"	"1"	3	3	E2	
""	"1026.56725"	"1.6e-02"	E	"0.99011115"	"2.19786640"	"3d7.(4F).4s"	"a 5F"	"2"	"3d7.(4P).4s"	"a 5P"	"2"	5	5	E2	
""	"1026.74749"	"1.1e-02"	E	"1.48486439"	"2.69240763"	"3d7.(4F).4s"	"a 3F"	"4"	"3d7.(2G).4s"	"a 3G"	"5"	9	11	M1	
""	"1031.77857"	"5.2e-02"	E	"2.43269470"	"3.63434980"	"3d6.4s2"	"a 3H"	"5"	"3d6.4s2"	"a 1I"	"6"	11	13	M1	
""	"1032.15205"	"1.2e-02"	E	"1.55735733"	"2.75857762"	"3d7.(4F).4s"	"a 3F"	"3"	"3d7.(2G).4s"	"a 3G"	"3"	7	7	M1	
""	"1091.96222"	"1.9e-01"	E	"2.55917148"	"3.69459719"	"3d6.4s2"	"b 3F2"	"4"	"3d6.4s2"	"b 1G2"	"4"	9	9	M1	
"1112.2842"	"1112.28408"	"1.13e+05"	C+	"2.84504259"	"3.95972364"	"3d7.(4P).4s"	"b 3P"	"1"	"3d6.(5D).4s.4p.(3P*)"	"z 3D*"	"1"	3	3		
""	"1120.51673"	"9.2e-02"	E	"2.58810592"	"3.69459719"	"3d6.4s2"	"b 3F2"	"3"	"3d6.4s2"	"b 1G2"	"4"	7	9	M1	
""	"1124.00634"	"2.5e-02"	E	"2.19786640"	"3.30092244"	"3d7.(4P).4s"	"a 5P"	"2"	"3d7.(2D2).4s"	"a 3D"	"2"	5	5	M1	
"1125.4196"	"1125.41957"	"1.13e+05"	B	"2.85805275"	"3.95972364"	"3d7.(4P).4s"	"b 3P"	"0"	"3d6.(5D).4s.4p.(3P*)"	"z 3D*"	"1"	1	3		
"1130.1955"	"1130.19534"	"2.70e+04"	B	"2.83159117"	"3.92860683"	"3d7.(4P).4s"	"b 3P"	"2"	"3d6.(5D).4s.4p.(3P*)"	"z 3D*"	"2"	5	5		
"1137.7195"	"1137.71920"	"6.00e+03"	C+	"2.17594512"	"3.26570610"	"3d7.(4P).4s"	"a 5P"	"3"	"3d6.(5D).4s.4p.(3P*)"	"z 5D*"	"2"	7	5		
"1142.545"	"1142.54467"	"3.40e+04"	C+	"2.19786640"	"3.28302483"	"3d7.(4P).4s"	"a 5P"	"2"	"3d6.(5D).4s.4p.(3P*)"	"z 5D*"	"1"	5	3		
"1144.2258"	"1144.22564"	"1.81e+05"	B	"2.84504259"	"3.92860683"	"3d7.(4P).4s"	"b 3P"	"1"	"3d6.(5D).4s.4p.(3P*)"	"z 3D*"	"2"	3	5		
""	"1152.76592"	"6.8e-02"	E	"2.17594512"	"3.25148176"	"3d7.(4P).4s"	"a 5P"	"3"	"3d7.(2D2).4s"	"a 3D"	"3"	7	7	M1	
"1159.6765"	"1159.67616"	"1.77e+05"	C+	"2.22271209"	"3.29183986"	"3d7.(4P).4s"	"a 5P"	"1"	"3d6.(5D).4s.4p.(3P*)"	"z 5D*"	"0"	3	1		
"1161.0752"	"1161.07501"	"9.69e+04"	C+	"2.19786640"	"3.26570610"	"3d7.(4P).4s"	"a 5P"	"2"	"3d6.(5D).4s.4p.(3P*)"	"z 5D*"	"2"	5	5		
"1164.1450"	"1164.14462"	"4.30e+04"	B	"2.17594512"	"3.24096914"	"3d7.(4P).4s"	"a 5P"	"3"	"3d6.(5D).4s.4p.(3P*)"	"z 5D*"	"3"	7	7		
"1169.3176"	"1169.31726"	"1.39e+05"	C+	"2.22271209"	"3.28302483"	"3d7.(4P).4s"	"a 5P"	"1"	"3d6.(5D).4s.4p.(3P*)"	"z 5D*"	"1"	3	3		
""	"1176.75010"	"1.5e-02"	E	"2.19786640"	"3.25148176"	"3d7.(4P).4s"	"a 5P"	"2"	"3d7.(2D2).4s"	"a 3D"	"3"	5	7	M1	
"1178.6492"	"1178.64901"	"1.83e+05"	B	"2.83159117"	"3.88350907"	"3d7.(4P).4s"	"b 3P"	"2"	"3d6.(5D).4s.4p.(3P*)"	"z 3D*"	"3"	5	7		
"1188.6098"	"1188.60965"	"1.45e+05"	B	"2.19786640"	"3.24096914"	"3d7.(4P).4s"	"a 5P"	"2"	"3d6.(5D).4s.4p.(3P*)"	"z 5D*"	"3"	5	7		
"1188.7338"	"1188.73356"	"7.80e+04"	C+	"2.22271209"	"3.26570610"	"3d7.(4P).4s"	"a 5P"	"1"	"3d6.(5D).4s.4p.(3P*)"	"z 5D*"	"2"	3	5		
"1197.6327"	"1197.63233"	"1.70e+05"	B	"2.17594512"	"3.21118938"	"3d7.(4P).4s"	"a 5P"	"3"	"3d6.(5D).4s.4p.(3P*)"	"z 5D*"	"4"	7	9		
"1205.6382"	"1205.63809"	"1.88e+05"	D+	"4.55852281"	"5.58689276"	"3d6.(5D).4s.4p.(1P*)"	"y 5P*"	"3"	"3d6.(5D).4s (6D).5s"	"e 5D"	"3"	7	7		
""	"1212.77552"	"2.0e-02"	E	"2.27860466"	"3.30092244"	"3d6.4s2"	"a 3P2"	"2"	"3d7.(2D2).4s"	"a 3D"	"2"	5	5	M1	
"1219.3435"	"1219.34342"	"4.20e+04"	D+	"3.63521992"	"4.65203107"	"3d6.4s2"	"b 3D"	"1"	"3d7.(4F).4p"	"y 3F*"	"2"	3	5		
"1256.0433"	"1256.04314"	"2.00e+03"	C+	"2.27860466"	"3.26570610"	"3d6.4s2"	"a 3P2"	"2"	"3d6.(5D).4s.4p.(3P*)"	"z 5D*"	"2"	5	5		
"1265.2202"	"1265.22012"	"4.32e+05"	C+	"4.60695104"	"5.58689276"	"3d6.(5D).4s.4p.(1P*)"	"y 5P*"	"2"	"3d6.(5D).4s (6D).5s"	"e 5D"	"3"	5	7		
"1288.3292"	"1288.32891"	"2.00e+03"	C+	"2.27860466"	"3.24096914"	"3d6.4s2"	"a 3P2"	"2"	"3d6.(5D).4s.4p.(3P*)"	"z 5D*"	"3"	5	7		
""	"1321.02979"	"1.1e-03"	E	"0.05156912"	"0.99011115"	"3d6.4s2"	"a 5D"	"3"	"3d7.(4F).4s"	"a 5F"	"2"	7	5	E2	
"1326.436"	"1326.43551"	"9.61e+05"	C+	"5.44571679"	"6.38043390"	"3d6.(3P2).4s.4p.(3P*)"	"w 5D*"	"3"	"3d6.(5D).4s (6D).4d"	"f 5F"	"4"	7	9		
""	"1329.0928"	"3.19e+06"	D+	"5.62068415"	"6.55353246"	"3d6.(5D).4s (6D).5s"	"e 5D"	"2"	"3d7.(2D2).4p"	"t 3D*"	"1"	5	3		
"1329.1463"	"1329.14635"	"4.00e+03"	C	"2.94879294"	"3.88160368"	"3d6.4s2"	"b 3G"	"5"	"3d6.(5D).4s.4p.(3P*)"	"z 3F*"	"4"	11	9		
""	"1342.1545"	"1.5e-03"	E	"0.08728574"	"1.01105568"	"3d6.4s2"	"a 5D"	"2"	"3d7.(4F).4s"	"a 5F"	"1"	5	3	E2	
""	"1355.60796"	"1.5e-03"	E	"0.0000000"	"0.91460217"	"3d6.4s2"	"a 5D"	"4"	"3d7.(4F).4s"	"a 5F"	"4"	9	9	E2	
"1367.1726"	"1367.1729"	"2.10e+04"	D	"3.64164057"	"4.54850612"	"3d6.4s2"	"b 3D"	"3"	"3d7.(4F).4p"	"y 3F*"	"4"	7	9		
""	"1367.5911"	"1.7e-03"	E	"0.05156912"	"0.95815732"	"3d6.4s2"	"a 5D"	"3"	"3d7.(4F).4s"	"a 5F"	"3"	7	7	E2	
""	"1373.2910"	"1.6e-03"	E	"0.08728574"	"0.99011115"	"3d6.4s2"	"a 5D"	"2"	"3d7.(4F).4s"	"a 5F"	"2"	5	5	E2	
""	"1376.1628"	"1.9e-03"	E	"0.11011433"	"1.01105568"	"3d6.4s2"	"a 5D"	"1"	"3d7.(4F).4s"	"a 5F"	"1"	3	3	E2	
""	"1395.8259"	"2.0e-02"	D	"2.22271209"	"3.11096179"	"3d7.(4P).4s"	"a 5P"	"1"	"3d7.(2P).4s"	"c 3P"	"0"	3	1	M1	
""	"1407.6137"	"3.3e-02"	E	"2.69240763"	"3.57321890"	"3d7.(2G).4s"	"a 3G"	"5"	"3d7.(2H).4s"	"a 1H"	"5"	11	11	M1	
"1431.2610"	"1431.2608"	"9.99e+03"	B	"3.01725044"	"3.88350907"	"3d7.(2P).4s"	"c 3P"	"2"	"3d6.(5D).4s.4p.(3P*)"	"z 3D*"	"3"	5	7		
"1433.5308"	"1433.5308"	"4.14e+05"	D+	"5.39325126"	"6.25813812"	"3d6.(3P2).4s.4p.(3P*)"	"w 5D*"	"4"	"3d6.(5D).4s (6D).4d"	"e 7P"	"4"	9	9		
""	"1443.36218"	"2.0e-03"	E	"0.0000000"	"0.85899575"	"3d6.4s2"	"a 5D"	"4"	"3d7.(4F).4s"	"a 5F"	"5"	9	11	E2	
"1444.3288"	"1444.3286"	"2.57e+05"	D+	"5.39325126"	"6.25167222"	"3d6.(3P2).4s.4p.(3P*)"	"w 5D*"	"4"	"3d6.(5D).4s (6D).4d"	"f 5D"	"4"	9	9		
""	"1459.0048"	"1.4e-02"	E	"2.42419831"	"3.27398440"	"3d6.4s2"	"a 3P2"	"1"	"3d7.(2D2).4s"	"a 3D"	"1"	3	3	M1	
""	"1466.0985"	"1.5e-02"	E	"2.72754450"	"3.57321890"	"3d7.(2G).4s"	"a 3G"	"4"	"3d7.(2H).4s"	"a 1H"	"5"	9	11	M1	
"1481.8783"	"1481.8784"	"2.56e+05"	C	"4.99127081"	"5.82793998"	"3d6.(5D).4s.4p.(1P*)"	"x 5F*"	"5"	"3d7.(4F).5s"	"e 5F"	"5"	11	11		
"1508.141"	"1508.1407"	"2.62e+02"	C+	"2.17594512"	"2.99804479"	"3d7.(4P).4s"	"a 5P"	"3"	"3d6.(5D).4s.4p.(3P*)"	"z 7P*"	"3"	7	7		
"1512.4640"	"1512.4637"	"6.63e+05"	C	"5.44571679"	"6.26546671"	"3d6.(3P2).4s.4p.(3P*)"	"w 5D*"	"3"	"3d6.(5D).4s (6D).4d"	"f 5D"	"3"	7	7		
"1522.3781"	"1522.3777"	"8.61e+05"	C+	"5.58689276"	"6.40130429"	"3d6.(5D).4s (6D).5s"	"e 5D"	"3"	"3d6.(5D).4s (6D).5p"	"t 5D*"	"2"	7	5		
"1549.4571"	"1549.4570"	"1.06e+02"	C	"2.19786640"	"2.99804479"	"3d7.(4P).4s"	"a 5P"	"2"	"3d6.(5D).4s.4p.(3P*)"	"z 7P*"	"3"	5	7		
"1588.2786"	"1588.2783"	"5.03e+05"	C	"5.62068415"	"6.40130429"	"3d6.(5D).4s (6D).5s"	"e 5D"	"2"	"3d6.(5D).4s (6D).5p"	"t 5D*"	"2"	5	5		
"1592.5445"	"1592.5446"	"2.46e+05"	D	"5.48551782"	"6.26404671"	"3d6.(3F2).4s.4p.(3P*)"	"w 5F*"	"5"	"3d6.(5D).4s (6D).4d"	"e 5G"	"6"	11	13		
"1647.8584"	"1647.8577"	"3.86e+05"	D+	"6.01718438"	"6.76958063"	"3d7.(4F).5s"	"e 3F"	"3"	"3d6.(3G).4s.4p.(3P*)"	"t 3G*"	"3"	7	7		
"1839.7482"	"1839.7487"	"2.27e+05"	C+	"4.91297355"	"5.58689276"	"3d6.(5D).4s.4p.(1P*)"	"x 5D*"	"4"	"3d6.(5D).4s (6D).5s"	"e 5D"	"3"	9	7		
"1886.1795"	"1886.1793"	"3.38e+05"	C+	"4.07581091"	"4.73314079"	"3d8"	"c 3F"	"4"	"3d7.(4F).4p"	"y 3D*"	"3"	9	7		
"1899.2193"	"1899.2191"	"2.96e+05"	C	"4.14264893"	"4.79546566"	"3d8"	"c 3F"	"3"	"3d7.(4F).4p"	"y 3D*"	"2"	7	5		
"1911.8897"	"1911.8887"	"3.47e+05"	C	"4.18636440"	"4.83485507"	"3d8"	"c 3F"	"2"	"3d7.(4F).4p"	"y 3D*"	"1"	5	3		
"1964.0669"	"1964.0670"	"5.15e+05"	C+	"4.95563019"	"5.58689276"	"3d6.(5D).4s.4p.(1P*)"	"x 5D*"	"3"	"3d6.(5D).4s (6D).5s"	"e 5D"	"3"	7	7		
"2070.3962"	"2070.3964"	"1.99e+05"	C+	"4.98804995"	"5.58689276"	"3d6.(5D).4s.4p.(1P*)"	"x 5D*"	"2"	"3d6.(5D).4s (6D).5s"	"e 5D"	"3"	5	7		
"2190.0972"	"2190.0959"	"6.82e+05"	B	"6.14449991"	"6.71061300"	"3d6.(5D).4s (6D).5p"	"n 7D*"	"4"	"3d6.(5D).4s (6D).6s"	"g 7D"	"4"	9	9		
"2238.6904"	"2238.6905"	"6.53e+05"	C+	"5.03306811"	"5.58689276"	"3d6.(5D).4s.4p.(1P*)"	"x 5F*"	"4"	"3d6.(5D).4s (6D).5s"	"e 5D"	"3"	9	7		
"2247.941"	"2247.9397"	"3.32e+06"	D+	"6.11891044"	"6.67045638"	"3d6.(5D).4s (6D).5p"	"n 7D*"	"5"	"3d6.(5D).4s (6D).6s"	"g 7D"	"5"	11	11		
"2315.0912"	"2315.0897"	"1.18e+06"	D+	"6.17506487"	"6.71061300"	"3d6.(5D).4s (6D).5p"	"n 7D*"	"3"	"3d6.(5D).4s (6D).6s"	"g 7D"	"4"	7	9		
"2357.3101"	"2357.3091"	"2.21e+06"	D+	"6.14449991"	"6.67045638"	"3d6.(5D).4s (6D).5p"	"n 7D*"	"4"	"3d6.(5D).4s (6D).6s"	"g 7D"	"5"	9	11		
"2455.4651"	"2455.4640"	"3.72e+06"	C	"6.20568115"	"6.71061300"	"3d6.(5D).4s (6D).5p"	"n 7F*"	"5"	"3d6.(5D).4s (6D).6s"	"g 7D"	"4"	11	9		
"2473.5850"	"2473.5840"	"5.08e+06"	D+	"6.16922335"	"6.67045638"	"3d6.(5D).4s (6D).5p"	"n 7F*"	"6"	"3d6.(5D).4s (6D).6s"	"g 7D"	"5"	13	11		
"2538.7152"	"2538.7148"	"6.83e+05"	B	"6.22223912"	"6.71061300"	"3d6.(5D).4s (6D).5p"	"n 7P*"	"4"	"3d6.(5D).4s (6D).6s"	"g 7D"	"4"	9	9		
"2622.9204"	"2622.9205"	"3.02e+05"	D+	"4.07581091"	"4.54850612"	"3d8"	"c 3F"	"4"	"3d7.(4F).4p"	"y 3F*"	"4"	9	9		
"2662.5108"	"2662.5096"	"3.85e+05"	C	"4.18636440"	"4.65203107"	"3d8"	"c 3F"	"2"	"3d7.(4F).4p"	"y 3F*"	"2"	5	5		
"2666.6459"	"2666.6460"	"2.11e+05"	C+	"4.14264893"	"4.60759327"	"3d8"	"c 3F"	"3"	"3d7.(4F).4p"	"y 3F*"	"3"	7	7		
""	"24042.33"	"2.51e-03"	B	"0.0000000"	"0.05156912"	"3d6.4s2"	"a 5D"	"4"	"3d6.4s2"	"a 5D"	"3"	9	7	M1	
""	"34713.30"	"1.56e-03"	B	"0.05156912"	"0.08728574"	"3d6.4s2"	"a 5D"	"3"	"3d6.4s2"	"a 5D"	"2"	7	5	M1	
""	"54310.9"	"5.92e-04"	B	"0.08728574"	"0.11011433"	"3d6.4s2"	"a 5D"	"2"	"3d6.4s2"	"a 5D"	"1"	5	3	M1	
