#   1              2              3              4              5              6              7              8              9             10             11             12             13             14             15             16             17             18
Radius(fm)    3H-SOG-Ju85  3He-SOG-MC77   4He-SOG-Si82   12C-SOG-Si82    16O-SOG-Si70b  24Mg-SOG-Li74  28Si-SOG-Li74 32S-SOG-Li74   39K-SOG-Si74   40Ca-SOG-Si79 48Ca-SOG-Si74 58Ni-SOG-Ca80b 116Sn-SOG-Ca82a 124Sn-SOG-Ca82a 205Tl-SOG-Fr83 206Pb-SOG-Fr83 208Pb-SOG-Fr77a 
#Z                 1              2              2              6              8              12              14            16             19             20             20             28             50             50             81             82             82
#A                 3              3              4             12             16              24              28            32             39             40             48             58            116            124            205            206            208
0.000          0.2018         0.156934       0.222992       0.164638       0.148544       0.163092       0.165995       0.183448       0.188529       0.176706       0.191508       0.167695       0.148743       0.147276       0.145087       0.16328        0.159425       
0.010          0.201793       0.156933       0.222996       0.164639       0.148545       0.163093       0.165996       0.183447       0.188527       0.176705       0.191508       0.167694       0.148744       0.147277       0.145088       0.16328        0.159424       
0.020          0.201771       0.15693        0.223005       0.164642       0.148551       0.163095       0.166001       0.183444       0.188519       0.1767         0.191505       0.167691       0.148746       0.147279       0.14509        0.163279       0.159423       
0.030          0.201734       0.156925       0.223022       0.164647       0.14856        0.163099       0.166008       0.183439       0.188507       0.176693       0.1915         0.167687       0.14875        0.147283       0.145093       0.163278       0.159421       
0.040          0.201683       0.156918       0.223045       0.164654       0.148573       0.163104       0.166017       0.183432       0.188489       0.176682       0.191494       0.167681       0.148756       0.147289       0.145098       0.163277       0.159417       
0.050          0.201617       0.156909       0.223074       0.164662       0.148589       0.16311        0.16603        0.183423       0.188467       0.176669       0.191486       0.167674       0.148763       0.147297       0.145105       0.163275       0.159413       
0.060          0.201537       0.156897       0.223109       0.164672       0.148609       0.163117       0.166045       0.183411       0.18844        0.176653       0.191476       0.167665       0.148772       0.147306       0.145112       0.163273       0.159408       
0.070          0.201441       0.156884       0.22315        0.164684       0.148632       0.163126       0.166064       0.183398       0.188408       0.176633       0.191465       0.167654       0.148782       0.147316       0.145121       0.163271       0.159402       
0.080          0.201331       0.156867       0.223197       0.164698       0.148659       0.163136       0.166084       0.183383       0.188371       0.176611       0.191452       0.167642       0.148794       0.147328       0.145131       0.163268       0.159395       
0.090          0.201207       0.156849       0.223249       0.164714       0.14869        0.163148       0.166108       0.183366       0.188329       0.176586       0.191436       0.167628       0.148808       0.147342       0.145143       0.163265       0.159387       
0.100          0.201067       0.156827       0.223307       0.164732       0.148724       0.163161       0.166134       0.183347       0.188283       0.176558       0.19142        0.167612       0.148823       0.147358       0.145156       0.163261       0.159378       
0.110          0.200913       0.156803       0.223369       0.164751       0.148761       0.163175       0.166163       0.183326       0.188231       0.176527       0.191401       0.167595       0.14884        0.147375       0.14517        0.163257       0.159369       
0.120          0.200745       0.156776       0.223436       0.164773       0.148802       0.16319        0.166195       0.183302       0.188175       0.176493       0.191381       0.167576       0.148858       0.147394       0.145186       0.163252       0.159358       
0.130          0.200561       0.156746       0.223506       0.164796       0.148847       0.163207       0.166229       0.183277       0.188114       0.176456       0.191358       0.167556       0.148878       0.147414       0.145203       0.163247       0.159347       
0.140          0.200362       0.156712       0.223581       0.16482        0.148894       0.163224       0.166266       0.18325        0.188048       0.176416       0.191334       0.167534       0.148899       0.147436       0.145221       0.163242       0.159334       
0.150          0.200149       0.156675       0.223658       0.164847       0.148945       0.163243       0.166305       0.183221       0.187977       0.176374       0.191309       0.16751        0.148923       0.14746        0.145241       0.163236       0.159321       
0.160          0.199921       0.156635       0.223738       0.164875       0.149          0.163263       0.166346       0.18319        0.187902       0.176328       0.191281       0.167485       0.148947       0.147485       0.145262       0.16323        0.159307       
0.170          0.199678       0.15659        0.22382        0.164904       0.149057       0.163284       0.16639        0.183157       0.187822       0.17628        0.191252       0.167458       0.148973       0.147512       0.145284       0.163223       0.159292       
0.180          0.19942        0.156541       0.223904       0.164936       0.149118       0.163307       0.166436       0.183122       0.187737       0.176229       0.191221       0.16743        0.149001       0.14754        0.145307       0.163216       0.159276       
0.190          0.199147       0.156488       0.223989       0.164968       0.149182       0.16333        0.166485       0.183085       0.187648       0.176175       0.191188       0.1674         0.14903        0.14757        0.145332       0.163209       0.159259       
0.200          0.198859       0.15643        0.224074       0.165003       0.149249       0.163354       0.166536       0.183046       0.187555       0.176119       0.191154       0.167368       0.149061       0.147601       0.145358       0.1632         0.159241       
0.210          0.198556       0.156368       0.224159       0.165039       0.149319       0.163379       0.166589       0.183006       0.187456       0.17606        0.191117       0.167335       0.149093       0.147634       0.145385       0.163192       0.159223       
0.220          0.198238       0.1563         0.224243       0.165076       0.149392       0.163405       0.166644       0.182963       0.187354       0.175998       0.191079       0.167301       0.149127       0.147669       0.145413       0.163183       0.159203       
0.230          0.197905       0.156226       0.224326       0.165115       0.149468       0.163431       0.166701       0.182919       0.187247       0.175934       0.19104        0.167265       0.149162       0.147705       0.145442       0.163173       0.159183       
0.240          0.197557       0.156147       0.224406       0.165155       0.149547       0.163459       0.16676        0.182873       0.187135       0.175867       0.190998       0.167228       0.149198       0.147743       0.145473       0.163163       0.159162       
0.250          0.197193       0.156062       0.224484       0.165196       0.149628       0.163487       0.16682        0.182824       0.18702        0.175798       0.190955       0.167189       0.149236       0.147782       0.145504       0.163152       0.15914        
0.260          0.196814       0.15597        0.224557       0.165239       0.149713       0.163516       0.166883       0.182774       0.1869         0.175725       0.19091        0.167148       0.149276       0.147822       0.145537       0.163141       0.159117       
0.270          0.19642        0.155872       0.224627       0.165283       0.149799       0.163546       0.166947       0.182723       0.186775       0.175651       0.190863       0.167107       0.149317       0.147865       0.145571       0.163129       0.159094       
0.280          0.19601        0.155766       0.224691       0.165328       0.149889       0.163576       0.167013       0.182669       0.186647       0.175574       0.190815       0.167064       0.149359       0.147908       0.145605       0.163117       0.159069       
0.290          0.195585       0.155653       0.224749       0.165374       0.149981       0.163607       0.167081       0.182614       0.186515       0.175495       0.190765       0.167019       0.149403       0.147953       0.145641       0.163104       0.159044       
0.300          0.195145       0.155533       0.224801       0.165422       0.150075       0.163638       0.16715        0.182557       0.186378       0.175413       0.190713       0.166973       0.149448       0.148          0.145678       0.16309        0.159018       
0.310          0.194689       0.155405       0.224845       0.16547        0.150172       0.16367        0.16722        0.182498       0.186238       0.175329       0.190659       0.166926       0.149494       0.148048       0.145716       0.163076       0.158992       
0.320          0.194217       0.155268       0.224881       0.165519       0.150271       0.163702       0.167292       0.182437       0.186094       0.175242       0.190604       0.166877       0.149542       0.148097       0.145754       0.163061       0.158964       
0.330          0.19373        0.155122       0.224908       0.165569       0.150372       0.163734       0.167365       0.182375       0.185946       0.175154       0.190547       0.166827       0.149591       0.148148       0.145794       0.163045       0.158936       
0.340          0.193227       0.154968       0.224925       0.16562        0.150475       0.163766       0.167439       0.182311       0.185794       0.175063       0.190488       0.166776       0.149642       0.1482         0.145834       0.163029       0.158907       
0.350          0.192708       0.154804       0.224931       0.165671       0.15058        0.163799       0.167514       0.182245       0.185638       0.17497        0.190428       0.166724       0.149694       0.148254       0.145876       0.163012       0.158877       
0.360          0.192174       0.154631       0.224926       0.165723       0.150687       0.163832       0.16759        0.182178       0.185479       0.174874       0.190366       0.16667        0.149747       0.148309       0.145918       0.162995       0.158847       
0.370          0.191623       0.154447       0.224908       0.165776       0.150796       0.163865       0.167667       0.182109       0.185316       0.174777       0.190302       0.166615       0.149801       0.148365       0.145961       0.162977       0.158816       
0.380          0.191057       0.154253       0.224878       0.165829       0.150906       0.163898       0.167744       0.182038       0.18515        0.174678       0.190237       0.166559       0.149856       0.148423       0.146005       0.162958       0.158784       
0.390          0.190475       0.154049       0.224833       0.165883       0.151018       0.163931       0.167823       0.181966       0.184981       0.174577       0.19017        0.166501       0.149913       0.148482       0.146049       0.162938       0.158752       
0.400          0.189876       0.153833       0.224774       0.165937       0.151132       0.163964       0.167902       0.181892       0.184808       0.174473       0.190102       0.166443       0.149971       0.148542       0.146095       0.162917       0.158719       
0.410          0.189262       0.153606       0.224699       0.165991       0.151247       0.163996       0.167981       0.181817       0.184631       0.174368       0.190031       0.166383       0.15003        0.148603       0.146141       0.162896       0.158685       
0.420          0.188631       0.153367       0.224607       0.166046       0.151363       0.164029       0.168061       0.18174        0.184452       0.174261       0.18996        0.166322       0.150091       0.148666       0.146187       0.162874       0.15865        
0.430          0.187985       0.153117       0.224499       0.1661         0.151481       0.164061       0.168141       0.181661       0.18427        0.174153       0.189886       0.166261       0.150152       0.14873        0.146235       0.162851       0.158615       
0.440          0.187322       0.152854       0.224373       0.166155       0.151599       0.164092       0.168221       0.181581       0.184084       0.174042       0.189811       0.166198       0.150215       0.148796       0.146282       0.162828       0.15858        
0.450          0.186643       0.152578       0.224228       0.166209       0.151719       0.164124       0.168301       0.1815         0.183896       0.17393        0.189735       0.166134       0.150279       0.148862       0.146331       0.162803       0.158543       
0.460          0.185947       0.152289       0.224063       0.166263       0.151839       0.164154       0.168381       0.181417       0.183704       0.173816       0.189657       0.166069       0.150344       0.14893        0.14638        0.162778       0.158506       
0.470          0.185235       0.151988       0.223878       0.166317       0.151961       0.164185       0.168461       0.181333       0.18351        0.173701       0.189578       0.166003       0.150409       0.148999       0.146429       0.162752       0.158469       
0.480          0.184507       0.151672       0.223673       0.16637        0.152083       0.164214       0.168541       0.181247       0.183314       0.173584       0.189497       0.165936       0.150476       0.149069       0.146479       0.162725       0.158431       
0.490          0.183763       0.151343       0.223446       0.166423       0.152205       0.164243       0.168621       0.18116        0.183114       0.173465       0.189414       0.165869       0.150544       0.149141       0.14653        0.162697       0.158392       
0.500          0.183001       0.151          0.223197       0.166475       0.152328       0.164272       0.1687         0.181071       0.182912       0.173345       0.18933        0.1658         0.150613       0.149213       0.146581       0.162668       0.158353       
0.510          0.182224       0.150643       0.222924       0.166527       0.152452       0.164299       0.168778       0.180981       0.182708       0.173224       0.189245       0.165731       0.150683       0.149286       0.146632       0.162638       0.158314       
0.520          0.18143        0.150271       0.222628       0.166578       0.152575       0.164326       0.168856       0.18089        0.182502       0.173101       0.189158       0.16566        0.150754       0.149361       0.146684       0.162608       0.158274       
0.530          0.18062        0.149884       0.222308       0.166627       0.152699       0.164352       0.168934       0.180798       0.182293       0.172977       0.18907        0.165589       0.150826       0.149437       0.146736       0.162576       0.158233       
0.540          0.179793       0.149482       0.221964       0.166676       0.152823       0.164377       0.16901        0.180704       0.182082       0.172852       0.18898        0.165518       0.150899       0.149513       0.146788       0.162544       0.158192       
0.550          0.17895        0.149065       0.221593       0.166724       0.152946       0.1644         0.169086       0.180609       0.181869       0.172726       0.188889       0.165445       0.150972       0.149591       0.146841       0.16251        0.15815        
0.560          0.17809        0.148632       0.221197       0.16677        0.15307        0.164423       0.169161       0.180513       0.181654       0.172598       0.188797       0.165372       0.151047       0.14967        0.146893       0.162476       0.158108       
0.570          0.177214       0.148184       0.220775       0.166814       0.153193       0.164445       0.169234       0.180415       0.181437       0.17247        0.188703       0.165298       0.151122       0.14975        0.146946       0.16244        0.158066       
0.580          0.176321       0.14772        0.220326       0.166858       0.153316       0.164465       0.169306       0.180316       0.181218       0.17234        0.188608       0.165224       0.151198       0.14983        0.147          0.162404       0.158023       
0.590          0.175412       0.14724        0.219849       0.166899       0.153438       0.164485       0.169378       0.180216       0.180998       0.17221        0.188512       0.165149       0.151275       0.149912       0.147053       0.162367       0.15798        
0.600          0.174487       0.146744       0.219344       0.166939       0.153559       0.164503       0.169447       0.180115       0.180776       0.172078       0.188415       0.165073       0.151352       0.149995       0.147106       0.162328       0.157936       
0.610          0.173546       0.146232       0.218812       0.166977       0.15368        0.16452        0.169516       0.180013       0.180552       0.171946       0.188316       0.164997       0.151431       0.150078       0.14716        0.162289       0.157893       
0.620          0.172588       0.145703       0.21825        0.167012       0.1538         0.164535       0.169583       0.179909       0.180328       0.171813       0.188217       0.16492        0.15151        0.150162       0.147214       0.162249       0.157848       
0.630          0.171614       0.145158       0.21766        0.167046       0.153919       0.164549       0.169648       0.179805       0.180101       0.171679       0.188116       0.164843       0.151589       0.150248       0.147267       0.162207       0.157804       
0.640          0.170624       0.144597       0.21704        0.167077       0.154036       0.164561       0.169712       0.179699       0.179874       0.171544       0.188014       0.164765       0.15167        0.150334       0.147321       0.162165       0.157759       
0.650          0.169619       0.144019       0.216391       0.167106       0.154153       0.164572       0.169773       0.179593       0.179645       0.171409       0.187911       0.164688       0.151751       0.150421       0.147375       0.162121       0.157713       
0.660          0.168597       0.143424       0.215713       0.167132       0.154268       0.164582       0.169833       0.179485       0.179416       0.171273       0.187807       0.164609       0.151832       0.150508       0.147429       0.162077       0.157668       
0.670          0.16756        0.142813       0.215004       0.167155       0.154381       0.16459        0.169892       0.179376       0.179185       0.171137       0.187702       0.164531       0.151914       0.150596       0.147482       0.162031       0.157622       
0.680          0.166507       0.142184       0.214265       0.167176       0.154493       0.164596       0.169948       0.179266       0.178954       0.171          0.187596       0.164452       0.151997       0.150686       0.147536       0.161984       0.157576       
0.690          0.165438       0.14154        0.213496       0.167193       0.154604       0.164601       0.170002       0.179155       0.178721       0.170862       0.187489       0.164373       0.15208        0.150775       0.147589       0.161936       0.15753        
0.700          0.164355       0.140878       0.212696       0.167208       0.154712       0.164604       0.170054       0.179044       0.178488       0.170724       0.187381       0.164293       0.152164       0.150866       0.147643       0.161888       0.157483       
0.710          0.163256       0.1402         0.211866       0.167218       0.154819       0.164605       0.170103       0.178931       0.178255       0.170586       0.187272       0.164214       0.152248       0.150957       0.147696       0.161838       0.157437       
0.720          0.162142       0.139505       0.211005       0.167226       0.154923       0.164604       0.170151       0.178817       0.178021       0.170447       0.187163       0.164134       0.152333       0.151049       0.147749       0.161787       0.15739        
0.730          0.161013       0.138794       0.210114       0.16723        0.155025       0.164602       0.170196       0.178702       0.177786       0.170309       0.187053       0.164055       0.152418       0.151141       0.147802       0.161735       0.157343       
0.740          0.15987        0.138066       0.209192       0.16723        0.155126       0.164598       0.170239       0.178587       0.177552       0.17017        0.186942       0.163975       0.152503       0.151234       0.147854       0.161682       0.157296       
0.750          0.158712       0.137322       0.20824        0.167226       0.155223       0.164592       0.170279       0.17847        0.177317       0.17003        0.18683        0.163895       0.152589       0.151328       0.147907       0.161628       0.157249       
0.760          0.157541       0.136561       0.207258       0.167219       0.155319       0.164584       0.170317       0.178353       0.177081       0.169891       0.186717       0.163815       0.152675       0.151422       0.147959       0.161573       0.157201       
0.770          0.156355       0.135785       0.206245       0.167207       0.155411       0.164574       0.170352       0.178235       0.176846       0.169751       0.186604       0.163736       0.152761       0.151517       0.14801        0.161516       0.157154       
0.780          0.155155       0.134992       0.205202       0.16719        0.155501       0.164562       0.170385       0.178115       0.176611       0.169612       0.186491       0.163656       0.152848       0.151612       0.148062       0.161459       0.157106       
0.790          0.153942       0.134184       0.204129       0.16717        0.155588       0.164548       0.170415       0.177995       0.176376       0.169472       0.186377       0.163576       0.152935       0.151707       0.148113       0.161401       0.157059       
0.800          0.152716       0.13336        0.203027       0.167144       0.155673       0.164533       0.170442       0.177875       0.176141       0.169333       0.186262       0.163497       0.153022       0.151803       0.148164       0.161341       0.157011       
0.810          0.151477       0.13252        0.201895       0.167114       0.155754       0.164515       0.170466       0.177753       0.175907       0.169193       0.186147       0.163418       0.153109       0.1519         0.148215       0.161281       0.156963       
0.820          0.150226       0.131666       0.200734       0.167079       0.155832       0.164495       0.170488       0.17763        0.175673       0.169054       0.186031       0.163339       0.153197       0.151997       0.148265       0.16122        0.156916       
0.830          0.148962       0.130796       0.199545       0.167038       0.155907       0.164473       0.170507       0.177507       0.175439       0.168915       0.185916       0.16326        0.153285       0.152094       0.148314       0.161157       0.156868       
0.840          0.147686       0.129912       0.198326       0.166993       0.155979       0.164449       0.170523       0.177383       0.175206       0.168776       0.185799       0.163182       0.153372       0.152192       0.148364       0.161094       0.15682        
0.850          0.146398       0.129013       0.19708        0.166942       0.156047       0.164423       0.170536       0.177258       0.174973       0.168637       0.185683       0.163104       0.15346        0.15229        0.148413       0.161029       0.156773       
0.860          0.1451         0.128099       0.195806       0.166885       0.156111       0.164395       0.170546       0.177132       0.174741       0.168498       0.185566       0.163026       0.153548       0.152388       0.148461       0.160964       0.156725       
0.870          0.14379        0.127172       0.194505       0.166823       0.156172       0.164364       0.170554       0.177006       0.17451        0.16836        0.185449       0.162949       0.153636       0.152486       0.14851        0.160897       0.156678       
0.880          0.14247        0.126231       0.193178       0.166755       0.156229       0.164332       0.170558       0.176879       0.17428        0.168222       0.185332       0.162872       0.153724       0.152585       0.148557       0.16083        0.15663        
0.890          0.141139       0.125277       0.191824       0.166681       0.156283       0.164297       0.170559       0.17675        0.17405        0.168084       0.185215       0.162795       0.153812       0.152684       0.148605       0.160762       0.156583       
0.900          0.139799       0.12431        0.190444       0.166601       0.156332       0.16426        0.170557       0.176622       0.173822       0.167947       0.185098       0.162719       0.153899       0.152783       0.148651       0.160692       0.156536       
0.910          0.138449       0.12333        0.189039       0.166515       0.156378       0.164221       0.170552       0.176492       0.173594       0.16781        0.184981       0.162644       0.153987       0.152882       0.148698       0.160622       0.156489       
0.920          0.13709        0.122337       0.187609       0.166422       0.156419       0.16418        0.170544       0.176362       0.173368       0.167673       0.184864       0.162569       0.154075       0.152982       0.148744       0.160551       0.156442       
0.930          0.135722       0.121333       0.186156       0.166323       0.156456       0.164136       0.170533       0.176231       0.173143       0.167537       0.184747       0.162495       0.154162       0.153081       0.148789       0.160479       0.156396       
0.940          0.134347       0.120317       0.184679       0.166217       0.156489       0.16409        0.170519       0.176099       0.172919       0.167402       0.18463        0.162422       0.15425        0.153181       0.148834       0.160406       0.156349       
0.950          0.132963       0.11929        0.183179       0.166104       0.156517       0.164042       0.170502       0.175966       0.172697       0.167267       0.184513       0.162349       0.154337       0.15328        0.148879       0.160333       0.156303       
0.960          0.131572       0.118252       0.181657       0.165984       0.156541       0.163992       0.170481       0.175833       0.172476       0.167132       0.184397       0.162277       0.154424       0.15338        0.148923       0.160258       0.156257       
0.970          0.130175       0.117203       0.180114       0.165857       0.156561       0.163939       0.170458       0.175699       0.172256       0.166998       0.184281       0.162205       0.15451        0.15348        0.148966       0.160183       0.156211       
0.980          0.128771       0.116144       0.17855        0.165723       0.156575       0.163884       0.170431       0.175564       0.172038       0.166865       0.184165       0.162135       0.154597       0.15358        0.149009       0.160107       0.156166       
0.990          0.127361       0.115076       0.176966       0.165582       0.156585       0.163827       0.170401       0.175428       0.171821       0.166732       0.18405        0.162065       0.154683       0.153679       0.149052       0.16003        0.156121       
1.000          0.125945       0.113999       0.175362       0.165433       0.156591       0.163768       0.170368       0.175292       0.171606       0.1666         0.183935       0.161996       0.154769       0.153779       0.149094       0.159952       0.156076       
1.010          0.124524       0.112912       0.17374        0.165276       0.156591       0.163706       0.170332       0.175155       0.171392       0.166469       0.18382        0.161928       0.154855       0.153879       0.149135       0.159874       0.156031       
1.020          0.123099       0.111818       0.1721         0.165112       0.156586       0.163642       0.170292       0.175017       0.171181       0.166338       0.183706       0.16186        0.15494        0.153978       0.149176       0.159795       0.155987       
1.030          0.12167        0.110715       0.170443       0.16494        0.156576       0.163575       0.17025        0.174879       0.170971       0.166208       0.183592       0.161794       0.155025       0.154078       0.149217       0.159716       0.155943       
1.040          0.120237       0.109605       0.16877        0.164759       0.156561       0.163507       0.170204       0.174739       0.170762       0.166078       0.183479       0.161729       0.155109       0.154177       0.149257       0.159635       0.155899       
1.050          0.118802       0.108488       0.167082       0.164571       0.156541       0.163435       0.170156       0.174599       0.170556       0.165949       0.183367       0.161664       0.155193       0.154276       0.149297       0.159555       0.155856       
1.060          0.117363       0.107364       0.165378       0.164375       0.156516       0.163362       0.170104       0.174458       0.170352       0.165821       0.183255       0.161601       0.155277       0.154375       0.149336       0.159473       0.155813       
1.070          0.115923       0.106235       0.163661       0.16417        0.156485       0.163286       0.170049       0.174316       0.170149       0.165694       0.183145       0.161539       0.15536        0.154473       0.149375       0.159391       0.155771       
1.080          0.11448        0.105099       0.161931       0.163957       0.156449       0.163208       0.169991       0.174174       0.169948       0.165567       0.183034       0.161477       0.155442       0.154572       0.149413       0.159309       0.155729       
1.090          0.113037       0.103959       0.160188       0.163735       0.156407       0.163127       0.169929       0.17403        0.16975        0.165441       0.182925       0.161417       0.155524       0.15467        0.149451       0.159226       0.155687       
1.100          0.111593       0.102814       0.158434       0.163505       0.156359       0.163044       0.169865       0.173886       0.169553       0.165316       0.182816       0.161358       0.155606       0.154768       0.149488       0.159142       0.155646       
1.110          0.11015        0.101664       0.15667        0.163266       0.156306       0.162958       0.169798       0.173741       0.169359       0.165191       0.182709       0.1613         0.155687       0.154865       0.149525       0.159058       0.155605       
1.120          0.108706       0.100511       0.154895       0.163018       0.156248       0.16287        0.169727       0.173595       0.169166       0.165067       0.182602       0.161243       0.155767       0.154962       0.149562       0.158974       0.155565       
1.130          0.107264       0.099355       0.153112       0.162761       0.156183       0.16278        0.169654       0.173449       0.168976       0.164944       0.182496       0.161187       0.155847       0.155059       0.149598       0.15889        0.155525       
1.140          0.105822       0.0981958      0.151321       0.162495       0.156113       0.162687       0.169577       0.173301       0.168788       0.164822       0.182391       0.161132       0.155926       0.155156       0.149634       0.158805       0.155486       
1.150          0.104383       0.0970344      0.149522       0.16222        0.156036       0.162592       0.169498       0.173153       0.168601       0.1647         0.182288       0.161079       0.156005       0.155252       0.149669       0.158719       0.155447       
1.160          0.102946       0.095871       0.147717       0.161937       0.155954       0.162494       0.169415       0.173003       0.168417       0.164579       0.182185       0.161027       0.156082       0.155347       0.149705       0.158634       0.155409       
1.170          0.101512       0.0947063      0.145906       0.161644       0.155866       0.162393       0.16933        0.172853       0.168236       0.164459       0.182083       0.160976       0.15616        0.155443       0.149739       0.158548       0.155371       
1.180          0.100082       0.0935406      0.14409        0.161341       0.155772       0.16229        0.169241       0.172702       0.168056       0.16434        0.181983       0.160926       0.156236       0.155537       0.149774       0.158462       0.155334       
1.190          0.0986552      0.0923745      0.142271       0.161029       0.155671       0.162185       0.16915        0.17255        0.167879       0.164221       0.181883       0.160878       0.156312       0.155632       0.149808       0.158376       0.155298       
1.200          0.0972329      0.0912084      0.140448       0.160708       0.155564       0.162077       0.169056       0.172397       0.167703       0.164103       0.181785       0.160831       0.156387       0.155725       0.149842       0.15829        0.155262       
1.210          0.0958154      0.0900428      0.138623       0.160378       0.155451       0.161966       0.168958       0.172242       0.16753        0.163986       0.181688       0.160785       0.156461       0.155819       0.149875       0.158204       0.155226       
1.220          0.0944032      0.088878       0.136796       0.160038       0.155332       0.161853       0.168858       0.172087       0.167359       0.163869       0.181592       0.160741       0.156535       0.155911       0.149908       0.158118       0.155191       
1.230          0.0929967      0.0877146      0.134969       0.159688       0.155206       0.161737       0.168755       0.171931       0.167191       0.163753       0.181497       0.160698       0.156607       0.156003       0.149941       0.158032       0.155157       
1.240          0.0915964      0.086553       0.133141       0.159329       0.155074       0.161618       0.16865        0.171774       0.167024       0.163638       0.181404       0.160656       0.156679       0.156095       0.149974       0.157946       0.155123       
1.250          0.0902027      0.0853936      0.131315       0.15896        0.154935       0.161497       0.168541       0.171616       0.16686        0.163523       0.181312       0.160615       0.15675        0.156186       0.150006       0.157859       0.15509        
1.260          0.0888162      0.0842369      0.12949        0.158582       0.15479        0.161373       0.168429       0.171457       0.166698       0.163409       0.181221       0.160576       0.156821       0.156276       0.150039       0.157774       0.155058       
1.270          0.0874372      0.0830832      0.127667       0.158194       0.154639       0.161246       0.168315       0.171296       0.166538       0.163296       0.181131       0.160538       0.15689        0.156366       0.150071       0.157688       0.155026       
1.280          0.0860661      0.0819331      0.125847       0.157796       0.15448        0.161116       0.168198       0.171135       0.16638        0.163183       0.181043       0.160502       0.156959       0.156455       0.150103       0.157602       0.154995       
1.290          0.0847033      0.0807868      0.124031       0.157389       0.154315       0.160984       0.168078       0.170972       0.166225       0.163071       0.180956       0.160467       0.157026       0.156543       0.150135       0.157517       0.154965       
1.300          0.0833494      0.0796449      0.122219       0.156971       0.154144       0.160849       0.167956       0.170808       0.166071       0.162959       0.180871       0.160434       0.157093       0.156631       0.150166       0.157432       0.154935       
1.310          0.0820045      0.0785076      0.120413       0.156545       0.153965       0.160711       0.167831       0.170643       0.16592        0.162848       0.180787       0.160401       0.157159       0.156718       0.150198       0.157347       0.154906       
1.320          0.0806692      0.0773754      0.118612       0.156108       0.15378        0.16057        0.167703       0.170477       0.165771       0.162738       0.180704       0.160371       0.157224       0.156804       0.150229       0.157262       0.154878       
1.330          0.0793438      0.0762487      0.116818       0.155661       0.153588       0.160426       0.167572       0.170309       0.165624       0.162628       0.180622       0.160341       0.157288       0.15689        0.150261       0.157178       0.15485        
1.340          0.0780287      0.0751277      0.115031       0.155205       0.15339        0.160279       0.167439       0.170141       0.165479       0.162519       0.180542       0.160313       0.157351       0.156975       0.150292       0.157095       0.154823       
1.350          0.0767242      0.074013       0.113252       0.154739       0.153184       0.160129       0.167303       0.169971       0.165335       0.16241        0.180464       0.160287       0.157413       0.157059       0.150324       0.157011       0.154797       
1.360          0.0754307      0.0729047      0.111482       0.154264       0.152971       0.159976       0.167164       0.169799       0.165194       0.162301       0.180387       0.160261       0.157474       0.157142       0.150355       0.156929       0.154772       
1.370          0.0741484      0.0718033      0.10972        0.153779       0.152752       0.15982        0.167023       0.169626       0.165055       0.162193       0.180311       0.160238       0.157534       0.157224       0.150387       0.156847       0.154747       
1.380          0.0728777      0.0707091      0.107968       0.153284       0.152525       0.159661       0.166879       0.169452       0.164918       0.162085       0.180236       0.160215       0.157594       0.157306       0.150418       0.156765       0.154723       
1.390          0.071619       0.0696223      0.106226       0.152779       0.152292       0.159499       0.166732       0.169277       0.164782       0.161978       0.180163       0.160194       0.157652       0.157387       0.15045        0.156684       0.1547         
1.400          0.0703724      0.0685434      0.104495       0.152265       0.152051       0.159334       0.166583       0.1691         0.164649       0.161871       0.180091       0.160175       0.157709       0.157467       0.150481       0.156604       0.154677       
1.410          0.0691383      0.0674726      0.102775       0.151741       0.151803       0.159165       0.166431       0.168921       0.164517       0.161764       0.180021       0.160156       0.157765       0.157546       0.150513       0.156525       0.154656       
1.420          0.067917       0.0664101      0.101067       0.151208       0.151549       0.158993       0.166277       0.168741       0.164387       0.161658       0.179952       0.160139       0.157821       0.157624       0.150545       0.156446       0.154635       
1.430          0.0667086      0.0653563      0.099371       0.150665       0.151287       0.158818       0.166119       0.16856        0.164258       0.161552       0.179884       0.160124       0.157875       0.157702       0.150577       0.156368       0.154615       
1.440          0.0655135      0.0643114      0.0976879      0.150113       0.151018       0.158639       0.16596        0.168376       0.164131       0.161446       0.179818       0.16011        0.157928       0.157778       0.150609       0.15629        0.154595       
1.450          0.0643318      0.0632756      0.0960179      0.149552       0.150741       0.158457       0.165797       0.168192       0.164006       0.16134        0.179753       0.160097       0.15798        0.157854       0.150642       0.156214       0.154577       
1.460          0.0631638      0.0622493      0.0943617      0.148981       0.150458       0.158271       0.165632       0.168005       0.163882       0.161234       0.179689       0.160085       0.158031       0.157929       0.150674       0.156139       0.154559       
1.470          0.0620097      0.0612325      0.0927195      0.148401       0.150167       0.158082       0.165465       0.167817       0.16376        0.161129       0.179627       0.160075       0.158082       0.158002       0.150707       0.156064       0.154542       
1.480          0.0608696      0.0602257      0.0910917      0.147812       0.149869       0.157889       0.165294       0.167628       0.163639       0.161023       0.179566       0.160066       0.158131       0.158075       0.15074        0.155991       0.154526       
1.490          0.0597437      0.0592288      0.0894789      0.147213       0.149564       0.157693       0.165121       0.167436       0.16352        0.160918       0.179506       0.160059       0.158179       0.158147       0.150774       0.155918       0.15451        
1.500          0.0586322      0.0582423      0.0878812      0.146606       0.149252       0.157493       0.164946       0.167243       0.163402       0.160813       0.179447       0.160053       0.158226       0.158218       0.150807       0.155846       0.154496       
1.510          0.0575353      0.0572661      0.0862991      0.14599        0.148932       0.157289       0.164767       0.167048       0.163285       0.160707       0.179389       0.160048       0.158271       0.158288       0.150841       0.155776       0.154482       
1.520          0.056453       0.0563006      0.0847328      0.145365       0.148605       0.157082       0.164586       0.166851       0.163169       0.160602       0.179333       0.160044       0.158316       0.158357       0.150876       0.155706       0.154469       
1.530          0.0553854      0.0553458      0.0831828      0.144731       0.148271       0.15687        0.164402       0.166652       0.163054       0.160497       0.179277       0.160041       0.15836        0.158426       0.15091        0.155638       0.154457       
1.540          0.0543328      0.0544019      0.0816492      0.144089       0.14793        0.156655       0.164216       0.166452       0.162941       0.160391       0.179223       0.16004        0.158403       0.158493       0.150945       0.155571       0.154446       
1.550          0.0532951      0.0534691      0.0801324      0.143438       0.147581       0.156436       0.164027       0.166249       0.162828       0.160285       0.17917        0.16004        0.158444       0.158559       0.150981       0.155505       0.154436       
1.560          0.0522724      0.0525474      0.0786326      0.142779       0.147225       0.156213       0.163835       0.166045       0.162716       0.160179       0.179117       0.160041       0.158485       0.158624       0.151017       0.15544        0.154426       
1.570          0.0512649      0.0516371      0.07715        0.142111       0.146861       0.155985       0.16364        0.165838       0.162605       0.160073       0.179066       0.160043       0.158525       0.158689       0.151053       0.155377       0.154417       
1.580          0.0502725      0.0507381      0.0756848      0.141435       0.14649        0.155754       0.163442       0.16563        0.162495       0.159966       0.179016       0.160046       0.158563       0.158752       0.15109        0.155315       0.154409       
1.590          0.0492953      0.0498507      0.0742373      0.140751       0.146112       0.155519       0.163242       0.165419       0.162385       0.159859       0.178966       0.160051       0.158601       0.158814       0.151127       0.155254       0.154402       
1.600          0.0483334      0.0489748      0.0728077      0.140059       0.145726       0.155279       0.163039       0.165206       0.162276       0.159752       0.178917       0.160056       0.158637       0.158875       0.151165       0.155194       0.154396       
1.610          0.0473867      0.0481105      0.071396       0.139359       0.145334       0.155035       0.162832       0.164991       0.162168       0.159644       0.178869       0.160062       0.158672       0.158936       0.151203       0.155136       0.154391       
1.620          0.0464553      0.047258       0.0700024      0.138652       0.144933       0.154787       0.162623       0.164774       0.16206        0.159536       0.178822       0.16007        0.158707       0.158995       0.151242       0.155079       0.154386       
1.630          0.0455391      0.0464172      0.0686272      0.137936       0.144526       0.154534       0.162411       0.164555       0.161952       0.159428       0.178776       0.160078       0.15874        0.159053       0.151281       0.155024       0.154382       
1.640          0.0446381      0.0455882      0.0672703      0.137214       0.144111       0.154277       0.162196       0.164333       0.161845       0.159319       0.17873        0.160088       0.158772       0.15911        0.151321       0.15497        0.15438        
1.650          0.0437522      0.0447711      0.0659319      0.136483       0.143689       0.154015       0.161978       0.164109       0.161737       0.159209       0.178685       0.160098       0.158803       0.159167       0.151361       0.154917       0.154378       
1.660          0.0428816      0.0439658      0.0646121      0.135746       0.143259       0.153749       0.161757       0.163883       0.16163        0.159098       0.17864        0.160109       0.158833       0.159222       0.151402       0.154866       0.154376       
1.670          0.042026       0.0431724      0.0633109      0.135002       0.142823       0.153478       0.161533       0.163655       0.161523       0.158987       0.178595       0.160122       0.158863       0.159276       0.151444       0.154816       0.154376       
1.680          0.0411854      0.0423909      0.0620284      0.13425        0.142379       0.153203       0.161305       0.163424       0.161416       0.158876       0.178552       0.160135       0.158891       0.159329       0.151486       0.154768       0.154376       
1.690          0.0403598      0.0416213      0.0607646      0.133492       0.141927       0.152923       0.161074       0.16319        0.161308       0.158763       0.178508       0.160148       0.158918       0.159382       0.151528       0.154722       0.154378       
1.700          0.0395491      0.0408635      0.0595195      0.132727       0.141469       0.152638       0.160841       0.162954       0.1612         0.15865        0.178465       0.160163       0.158944       0.159433       0.151572       0.154677       0.15438        
1.710          0.0387531      0.0401176      0.0582933      0.131956       0.141003       0.152349       0.160603       0.162716       0.161092       0.158535       0.178422       0.160178       0.158969       0.159483       0.151615       0.154633       0.154383       
1.720          0.0379717      0.0393835      0.0570858      0.131178       0.14053        0.152054       0.160363       0.162475       0.160984       0.15842        0.178379       0.160194       0.158993       0.159532       0.15166        0.154592       0.154387       
1.730          0.037205       0.0386612      0.055897       0.130395       0.14005        0.151755       0.160119       0.162232       0.160875       0.158304       0.178336       0.160211       0.159016       0.15958        0.151705       0.154551       0.154391       
1.740          0.0364526      0.0379506      0.0547269      0.129605       0.139563       0.151451       0.159872       0.161985       0.160765       0.158187       0.178293       0.160228       0.159038       0.159628       0.151751       0.154513       0.154397       
1.750          0.0357146      0.0372517      0.0535755      0.128809       0.139068       0.151141       0.159621       0.161737       0.160655       0.158069       0.17825        0.160246       0.15906        0.159674       0.151797       0.154476       0.154403       
1.760          0.0349907      0.0365644      0.0524428      0.128007       0.138567       0.150827       0.159367       0.161485       0.160544       0.15795        0.178207       0.160264       0.15908        0.159719       0.151844       0.154441       0.15441        
1.770          0.0342809      0.0358887      0.0513286      0.1272         0.138058       0.150508       0.159109       0.161231       0.160432       0.15783        0.178164       0.160283       0.159099       0.159763       0.151892       0.154407       0.154418       
1.780          0.0335849      0.0352244      0.0502329      0.126387       0.137542       0.150183       0.158847       0.160974       0.160319       0.157708       0.178121       0.160302       0.159118       0.159807       0.15194        0.154375       0.154427       
1.790          0.0329026      0.0345716      0.0491556      0.12557        0.137019       0.149854       0.158582       0.160714       0.160205       0.157585       0.178077       0.160322       0.159135       0.159849       0.151989       0.154344       0.154436       
1.800          0.0322339      0.0339301      0.0480967      0.124747       0.13649        0.149519       0.158313       0.160451       0.16009        0.157461       0.178033       0.160342       0.159152       0.15989        0.152039       0.154316       0.154447       
1.810          0.0315785      0.0332998      0.0470559      0.123919       0.135953       0.149179       0.15804        0.160186       0.159974       0.157336       0.177988       0.160362       0.159167       0.159931       0.152089       0.154289       0.154458       
1.820          0.0309364      0.0326807      0.0460332      0.123086       0.135409       0.148834       0.157764       0.159917       0.159856       0.157209       0.177943       0.160383       0.159182       0.15997        0.15214        0.154263       0.154469       
1.830          0.0303073      0.0320725      0.0450286      0.122249       0.134859       0.148484       0.157483       0.159646       0.159737       0.157081       0.177897       0.160404       0.159196       0.160009       0.152192       0.15424        0.154482       
1.840          0.029691       0.0314753      0.0440417      0.121407       0.134302       0.148128       0.157199       0.159372       0.159616       0.156952       0.177851       0.160425       0.159209       0.160046       0.152245       0.154218       0.154496       
1.850          0.0290874      0.0308889      0.0430726      0.120561       0.133738       0.147767       0.15691        0.159094       0.159494       0.156821       0.177803       0.160447       0.159221       0.160083       0.152298       0.154197       0.15451        
1.860          0.0284962      0.0303132      0.0421211      0.119711       0.133167       0.1474         0.156618       0.158814       0.15937        0.156688       0.177755       0.160468       0.159233       0.160119       0.152351       0.154179       0.154525       
1.870          0.0279173      0.0297481      0.041187       0.118857       0.132589       0.147028       0.156321       0.15853        0.159245       0.156554       0.177706       0.16049        0.159243       0.160153       0.152406       0.154162       0.15454        
1.880          0.0273505      0.0291935      0.0402701      0.117999       0.132005       0.146651       0.15602        0.158243       0.159117       0.156418       0.177656       0.160511       0.159253       0.160187       0.15246        0.154147       0.154557       
1.890          0.0267956      0.0286491      0.0393704      0.117138       0.131414       0.146268       0.155715       0.157953       0.158987       0.15628        0.177604       0.160533       0.159262       0.16022        0.152516       0.154133       0.154574       
1.900          0.0262522      0.028115       0.0384876      0.116273       0.130817       0.14588        0.155406       0.15766        0.158856       0.156141       0.177552       0.160554       0.15927        0.160253       0.152572       0.154121       0.154592       
1.910          0.0257204      0.0275909      0.0376215      0.115405       0.130214       0.145486       0.155092       0.157364       0.158722       0.156          0.177498       0.160576       0.159277       0.160284       0.152629       0.154111       0.15461        
1.920          0.0251998      0.0270767      0.036772       0.114534       0.129603       0.145086       0.154774       0.157065       0.158586       0.155857       0.177443       0.160597       0.159284       0.160314       0.152687       0.154103       0.15463        
1.930          0.0246902      0.0265723      0.0359389      0.11366        0.128987       0.144682       0.154451       0.156762       0.158448       0.155712       0.177386       0.160618       0.15929        0.160344       0.152745       0.154096       0.15465        
1.940          0.0241915      0.0260776      0.0351221      0.112783       0.128364       0.144271       0.154124       0.156456       0.158307       0.155565       0.177328       0.160639       0.159295       0.160373       0.152804       0.154091       0.154671       
1.950          0.0237034      0.0255923      0.0343212      0.111904       0.127735       0.143855       0.153793       0.156146       0.158164       0.155417       0.177268       0.160659       0.1593         0.160401       0.152863       0.154087       0.154692       
1.960          0.0232257      0.0251164      0.0335361      0.111022       0.1271         0.143434       0.153456       0.155833       0.158018       0.155266       0.177207       0.160679       0.159304       0.160428       0.152923       0.154085       0.154714       
1.970          0.0227582      0.0246497      0.0327667      0.110138       0.126459       0.143007       0.153115       0.155517       0.157869       0.155113       0.177143       0.160699       0.159307       0.160454       0.152983       0.154085       0.154737       
1.980          0.0223006      0.024192       0.0320127      0.109252       0.125812       0.142574       0.15277        0.155197       0.157718       0.154958       0.177078       0.160718       0.15931        0.16048        0.153044       0.154086       0.15476        
1.990          0.0218529      0.0237433      0.0312738      0.108364       0.125159       0.142136       0.152419       0.154874       0.157564       0.154801       0.177011       0.160736       0.159312       0.160505       0.153106       0.154089       0.154784       
2.000          0.0214147      0.0233033      0.03055        0.107474       0.1245         0.141693       0.152064       0.154547       0.157407       0.154641       0.176942       0.160754       0.159313       0.160529       0.153168       0.154094       0.154809       
2.010          0.0209859      0.0228719      0.0298409      0.106582       0.123835       0.141243       0.151703       0.154217       0.157247       0.154479       0.176871       0.160772       0.159314       0.160552       0.153231       0.1541         0.154834       
2.020          0.0205663      0.0224489      0.0291465      0.105689       0.123165       0.140789       0.151338       0.153883       0.157084       0.154315       0.176797       0.160788       0.159314       0.160575       0.153294       0.154107       0.15486        
2.030          0.0201556      0.0220342      0.0284664      0.104795       0.122489       0.140328       0.150968       0.153545       0.156918       0.154149       0.176721       0.160804       0.159314       0.160597       0.153358       0.154116       0.154887       
2.040          0.0197537      0.0216277      0.0278004      0.1039         0.121807       0.139863       0.150593       0.153204       0.156748       0.15398        0.176643       0.16082        0.159313       0.160618       0.153422       0.154127       0.154914       
2.050          0.0193603      0.0212291      0.0271484      0.103004       0.12112        0.139391       0.150212       0.152859       0.156576       0.153809       0.176562       0.160834       0.159311       0.160639       0.153486       0.154139       0.154942       
2.060          0.0189753      0.0208384      0.0265101      0.102106       0.120428       0.138915       0.149827       0.152511       0.1564         0.153635       0.176479       0.160847       0.15931        0.160659       0.153551       0.154153       0.15497        
2.070          0.0185985      0.0204554      0.0258852      0.101209       0.11973        0.138432       0.149436       0.152159       0.15622        0.153458       0.176393       0.16086        0.159307       0.160678       0.153617       0.154168       0.154999       
2.080          0.0182296      0.0200798      0.0252737      0.100311       0.119027       0.137945       0.149041       0.151803       0.156037       0.153279       0.176304       0.160871       0.159304       0.160697       0.153683       0.154184       0.155028       
2.090          0.0178685      0.0197117      0.0246752      0.0994122      0.11832        0.137452       0.14864        0.151443       0.15585        0.153098       0.176212       0.160882       0.159301       0.160715       0.153749       0.154202       0.155058       
2.100          0.017515       0.0193508      0.0240896      0.0985135      0.117607       0.136953       0.148233       0.15108        0.15566        0.152913       0.176118       0.160891       0.159297       0.160733       0.153816       0.154222       0.155089       
2.110          0.017169       0.0189969      0.0235166      0.0976149      0.116889       0.136449       0.147822       0.150712       0.155466       0.152726       0.176021       0.160899       0.159293       0.16075        0.153882       0.154242       0.15512        
2.120          0.0168301      0.01865        0.022956       0.0967164      0.116167       0.13594        0.147405       0.150341       0.155268       0.152536       0.17592        0.160906       0.159289       0.160766       0.15395        0.154264       0.155151       
2.130          0.0164984      0.0183098      0.0224075      0.0958181      0.11544        0.135426       0.146982       0.149966       0.155066       0.152344       0.175816       0.160912       0.159284       0.160782       0.154017       0.154288       0.155183       
2.140          0.0161735      0.0179763      0.0218711      0.0949203      0.114708       0.134906       0.146555       0.149587       0.154861       0.152148       0.175709       0.160916       0.159279       0.160798       0.154085       0.154312       0.155216       
2.150          0.0158554      0.0176492      0.0213464      0.094023       0.113972       0.134381       0.146122       0.149204       0.154651       0.15195        0.175599       0.160919       0.159273       0.160812       0.154153       0.154338       0.155249       
2.160          0.0155438      0.0173285      0.0208333      0.0931265      0.113232       0.133851       0.145683       0.148818       0.154437       0.151748       0.175485       0.160921       0.159267       0.160827       0.154222       0.154365       0.155282       
2.170          0.0152386      0.017014       0.0203316      0.0922308      0.112487       0.133316       0.145239       0.148427       0.154219       0.151543       0.175368       0.160921       0.159261       0.160841       0.15429        0.154393       0.155316       
2.180          0.0149397      0.0167056      0.0198409      0.0913362      0.111738       0.132775       0.144789       0.148032       0.153997       0.151336       0.175247       0.160919       0.159255       0.160855       0.154359       0.154423       0.15535        
2.190          0.0146469      0.0164031      0.0193612      0.0904427      0.110985       0.13223        0.144334       0.147634       0.153771       0.151125       0.175123       0.160916       0.159248       0.160868       0.154428       0.154453       0.155385       
2.200          0.01436        0.0161063      0.0188922      0.0895504      0.110229       0.131679       0.143874       0.147231       0.15354        0.150911       0.174995       0.160911       0.159241       0.16088        0.154497       0.154485       0.15542        
2.210          0.0140789      0.0158153      0.0184337      0.0886596      0.109468       0.131124       0.143408       0.146824       0.153306       0.150694       0.174863       0.160904       0.159234       0.160893       0.154566       0.154518       0.155455       
2.220          0.0138034      0.0155297      0.0179855      0.0877703      0.108704       0.130564       0.142936       0.146414       0.153066       0.150474       0.174727       0.160896       0.159226       0.160905       0.154636       0.154552       0.155491       
2.230          0.0135335      0.0152495      0.0175474      0.0868827      0.107937       0.129999       0.142459       0.145999       0.152823       0.15025        0.174587       0.160886       0.159219       0.160917       0.154705       0.154586       0.155527       
2.240          0.013269       0.0149746      0.0171192      0.0859969      0.107166       0.129429       0.141976       0.14558        0.152574       0.150024       0.174443       0.160873       0.159211       0.160928       0.154774       0.154622       0.155564       
2.250          0.0130098      0.0147049      0.0167007      0.085113       0.106391       0.128854       0.141487       0.145157       0.152322       0.149793       0.174295       0.160859       0.159203       0.160939       0.154844       0.154659       0.155601       
2.260          0.0127556      0.0144401      0.0162918      0.0842312      0.105614       0.128275       0.140994       0.14473        0.152064       0.14956        0.174143       0.160843       0.159195       0.16095        0.154913       0.154697       0.155638       
2.270          0.0125065      0.0141803      0.0158921      0.0833515      0.104833       0.127691       0.140494       0.144299       0.151802       0.149322       0.173986       0.160825       0.159187       0.16096        0.154983       0.154736       0.155675       
2.280          0.0122623      0.0139252      0.0155017      0.0824742      0.10405        0.127103       0.139989       0.143864       0.151536       0.149082       0.173825       0.160804       0.159179       0.160971       0.155052       0.154775       0.155713       
2.290          0.0120229      0.0136748      0.0151201      0.0815993      0.103264       0.12651        0.139478       0.143424       0.151265       0.148838       0.17366        0.160782       0.159171       0.160981       0.155121       0.154815       0.155751       
2.300          0.0117881      0.013429       0.0147473      0.0807269      0.102475       0.125913       0.138962       0.142981       0.150989       0.14859        0.17349        0.160757       0.159163       0.160991       0.15519        0.154856       0.155789       
2.310          0.0115579      0.0131876      0.0143831      0.0798572      0.101684       0.125312       0.138441       0.142533       0.150708       0.148339       0.173316       0.16073        0.159154       0.161          0.15526        0.154898       0.155828       
2.320          0.0113322      0.0129505      0.0140273      0.0789903      0.10089        0.124706       0.137914       0.142082       0.150422       0.148084       0.173137       0.1607         0.159146       0.16101        0.155328       0.154941       0.155866       
2.330          0.0111108      0.0127177      0.0136797      0.0781262      0.100094       0.124096       0.137381       0.141626       0.150132       0.147825       0.172953       0.160668       0.159138       0.161019       0.155397       0.154984       0.155905       
2.340          0.0108937      0.012489       0.0133402      0.0772651      0.0992957      0.123482       0.136843       0.141165       0.149837       0.147563       0.172765       0.160634       0.159129       0.161028       0.155466       0.155028       0.155944       
2.350          0.0106808      0.0122643      0.0130086      0.0764071      0.0984956      0.122864       0.136299       0.140701       0.149536       0.147297       0.172572       0.160597       0.159121       0.161037       0.155534       0.155073       0.155984       
2.360          0.010472       0.0120436      0.0126847      0.0755524      0.0976937      0.122242       0.13575        0.140233       0.149231       0.147027       0.172374       0.160557       0.159113       0.161046       0.155602       0.155118       0.156023       
2.370          0.0102672      0.0118267      0.0123683      0.0747009      0.09689        0.121616       0.135196       0.13976        0.148921       0.146753       0.172171       0.160515       0.159104       0.161055       0.15567        0.155164       0.156063       
2.380          0.0100663      0.0116136      0.0120593      0.0738529      0.0960848      0.120987       0.134636       0.139283       0.148606       0.146475       0.171963       0.16047        0.159096       0.161064       0.155737       0.15521        0.156103       
2.390          0.00986917     0.0114041      0.0117575      0.0730084      0.0952781      0.120354       0.134071       0.138802       0.148286       0.146194       0.171749       0.160423       0.159088       0.161073       0.155804       0.155257       0.156143       
2.400          0.00967584     0.0111981      0.0114629      0.0721674      0.0944701      0.119717       0.133501       0.138317       0.147961       0.145908       0.171531       0.160372       0.15908        0.161082       0.155871       0.155304       0.156183       
2.410          0.00948619     0.0109957      0.0111751      0.0713302      0.093661       0.119076       0.132925       0.137828       0.147631       0.145619       0.171308       0.160319       0.159072       0.161091       0.155938       0.155352       0.156223       
2.420          0.00930014     0.0107967      0.0108941      0.0704968      0.0928508      0.118432       0.132344       0.137334       0.147296       0.145326       0.171079       0.160262       0.159064       0.1611         0.156004       0.1554         0.156263       
2.430          0.00911763     0.0106009      0.0106197      0.0696673      0.0920398      0.117785       0.131758       0.136837       0.146956       0.145028       0.170845       0.160203       0.159057       0.161109       0.156069       0.155448       0.156304       
2.440          0.00893859     0.0104085      0.0103517      0.0688417      0.091228       0.117134       0.131167       0.136335       0.146611       0.144726       0.170605       0.16014        0.159049       0.161118       0.156134       0.155497       0.156344       
2.450          0.00876294     0.0102192      0.0100901      0.0680202      0.0904155      0.116481       0.130571       0.135829       0.146261       0.144421       0.17036        0.160075       0.159042       0.161127       0.156199       0.155546       0.156385       
2.460          0.00859063     0.010033       0.00983471     0.0672029      0.0896027      0.115824       0.12997        0.135319       0.145905       0.144111       0.17011        0.160006       0.159035       0.161136       0.156263       0.155595       0.156425       
2.470          0.00842159     0.00984984     0.00958534     0.0663898      0.0887894      0.115164       0.129364       0.134804       0.145545       0.143797       0.169854       0.159934       0.159028       0.161145       0.156327       0.155645       0.156466       
2.480          0.00825577     0.00966965     0.00934189     0.065581       0.087976       0.114501       0.128752       0.134286       0.145179       0.143479       0.169593       0.159859       0.159021       0.161154       0.15639        0.155694       0.156506       
2.490          0.00809309     0.00949236     0.00910421     0.0647766      0.0871626      0.113836       0.128137       0.133764       0.144809       0.143157       0.169326       0.15978        0.159014       0.161164       0.156453       0.155744       0.156547       
2.500          0.00793351     0.0093179      0.00887219     0.0639766      0.0863492      0.113167       0.127516       0.133237       0.144433       0.14283        0.169053       0.159698       0.159008       0.161173       0.156515       0.155794       0.156587       
2.510          0.00777697     0.00914621     0.00864569     0.0631813      0.085536       0.112496       0.12689        0.132706       0.144052       0.142499       0.168774       0.159613       0.159002       0.161183       0.156576       0.155844       0.156628       
2.520          0.00762342     0.00897724     0.00842459     0.0623905      0.0847232      0.111823       0.12626        0.132172       0.143666       0.142164       0.16849        0.159524       0.158996       0.161193       0.156637       0.155895       0.156668       
2.530          0.00747279     0.00881093     0.00820877     0.0616044      0.0839109      0.111147       0.125626       0.131633       0.143275       0.141824       0.1682         0.159431       0.15899        0.161203       0.156697       0.155945       0.156708       
2.540          0.00732505     0.00864722     0.0079981      0.0608231      0.0830992      0.110468       0.124986       0.13109        0.142879       0.14148        0.167904       0.159335       0.158984       0.161213       0.156757       0.155995       0.156749       
2.550          0.00718013     0.00848607     0.00779249     0.0600467      0.0822884      0.109787       0.124343       0.130543       0.142477       0.141132       0.167602       0.159235       0.158979       0.161224       0.156816       0.156045       0.156789       
2.560          0.00703799     0.00832741     0.0075918      0.0592751      0.0814783      0.109104       0.123695       0.129992       0.142071       0.14078        0.167295       0.159132       0.158974       0.161234       0.156874       0.156095       0.156829       
2.570          0.00689858     0.00817121     0.00739592     0.0585085      0.0806694      0.108419       0.123042       0.129438       0.141659       0.140423       0.166981       0.159025       0.158969       0.161245       0.156931       0.156146       0.156869       
2.580          0.00676186     0.00801742     0.00720476     0.0577469      0.0798616      0.107732       0.122386       0.128879       0.141243       0.140061       0.166662       0.158913       0.158965       0.161256       0.156988       0.156196       0.156909       
2.590          0.00662777     0.00786598     0.00701819     0.0569905      0.0790551      0.107043       0.121725       0.128316       0.140821       0.139695       0.166336       0.158798       0.158961       0.161268       0.157044       0.156245       0.156949       
2.600          0.00649627     0.00771685     0.00683612     0.0562391      0.0782501      0.106352       0.12106        0.12775        0.140394       0.139325       0.166004       0.158679       0.158957       0.161279       0.157099       0.156295       0.156989       
2.610          0.00636731     0.00757001     0.00665845     0.055493       0.0774466      0.10566        0.120391       0.127179       0.139963       0.13895        0.165666       0.158556       0.158953       0.161291       0.157154       0.156345       0.157028       
2.620          0.00624085     0.00742539     0.00648507     0.0547521      0.0766448      0.104965       0.119719       0.126605       0.139526       0.138571       0.165323       0.158429       0.15895        0.161303       0.157208       0.156394       0.157067       
2.630          0.00611685     0.00728297     0.00631588     0.0540165      0.0758448      0.104269       0.119042       0.126027       0.139084       0.138187       0.164972       0.158298       0.158947       0.161316       0.157261       0.156443       0.157107       
2.640          0.00599526     0.00714271     0.0061508      0.0532863      0.0750468      0.103572       0.118362       0.125445       0.138638       0.137798       0.164616       0.158163       0.158944       0.161329       0.157313       0.156492       0.157146       
2.650          0.00587604     0.00700456     0.00598972     0.0525615      0.0742509      0.102873       0.117678       0.12486        0.138186       0.137405       0.164254       0.158023       0.158941       0.161342       0.157364       0.156541       0.157184       
2.660          0.00575914     0.00686851     0.00583255     0.0518421      0.0734571      0.102173       0.116991       0.12427        0.13773        0.137008       0.163885       0.15788        0.158939       0.161355       0.157415       0.156589       0.157223       
2.670          0.00564453     0.00673451     0.00567922     0.0511283      0.0726657      0.101472       0.1163         0.123677       0.137268       0.136606       0.16351        0.157732       0.158937       0.161369       0.157465       0.156637       0.157261       
2.680          0.00553216     0.00660253     0.00552962     0.05042        0.0718767      0.10077        0.115606       0.123081       0.136802       0.136199       0.163129       0.157579       0.158936       0.161383       0.157514       0.156685       0.1573         
2.690          0.00542199     0.00647254     0.00538367     0.0497173      0.0710903      0.100066       0.114908       0.122481       0.136331       0.135788       0.162742       0.157423       0.158934       0.161397       0.157562       0.156732       0.157338       
2.700          0.00531398     0.00634451     0.00524129     0.0490202      0.0703066      0.0993619      0.114208       0.121877       0.135854       0.135372       0.162348       0.157261       0.158933       0.161412       0.157609       0.156779       0.157375       
2.710          0.00520809     0.00621841     0.0051024      0.0483288      0.0695256      0.0986567      0.113504       0.12127        0.135374       0.134952       0.161948       0.157096       0.158932       0.161427       0.157655       0.156826       0.157413       
2.720          0.00510428     0.00609422     0.00496692     0.0476431      0.0687476      0.0979507      0.112797       0.120659       0.134888       0.134527       0.161541       0.156925       0.158931       0.161442       0.157701       0.156872       0.15745        
2.730          0.00500251     0.00597191     0.00483477     0.0469631      0.0679726      0.097244       0.112088       0.120045       0.134398       0.134097       0.161129       0.15675        0.158931       0.161457       0.157745       0.156917       0.157487       
2.740          0.00490274     0.00585146     0.00470588     0.046289       0.0672008      0.0965368      0.111375       0.119427       0.133903       0.133663       0.16071        0.156571       0.158931       0.161473       0.157789       0.156963       0.157523       
2.750          0.00480493     0.00573283     0.00458016     0.0456206      0.0664321      0.095829       0.11066        0.118806       0.133403       0.133224       0.160284       0.156387       0.158931       0.16149        0.157832       0.157007       0.15756        
2.760          0.00470904     0.00561601     0.00445755     0.0449581      0.0656669      0.0951207      0.109943       0.118182       0.132899       0.13278        0.159852       0.156198       0.158932       0.161506       0.157874       0.157052       0.157596       
2.770          0.00461503     0.00550098     0.00433798     0.0443014      0.064905       0.0944121      0.109223       0.117555       0.13239        0.132332       0.159414       0.156004       0.158932       0.161523       0.157915       0.157095       0.157632       
2.780          0.00452287     0.0053877      0.00422137     0.0436507      0.0641468      0.0937033      0.1085         0.116924       0.131876       0.13188        0.158969       0.155805       0.158933       0.16154        0.157955       0.157139       0.157667       
2.790          0.00443252     0.00527617     0.00410766     0.0430059      0.0633922      0.0929943      0.107776       0.11629        0.131358       0.131423       0.158519       0.155602       0.158934       0.161558       0.157994       0.157182       0.157702       
2.800          0.00434393     0.00516635     0.00399679     0.042367       0.0626413      0.0922851      0.107049       0.115653       0.130836       0.130961       0.158061       0.155394       0.158935       0.161575       0.158033       0.157224       0.157737       
2.810          0.00425707     0.00505824     0.00388868     0.0417341      0.0618943      0.091576       0.10632        0.115013       0.130309       0.130494       0.157597       0.15518        0.158937       0.161594       0.15807        0.157265       0.157772       
2.820          0.00417191     0.0049518      0.00378327     0.0411071      0.0611513      0.0908669      0.105589       0.114371       0.129778       0.130024       0.157127       0.154962       0.158938       0.161612       0.158107       0.157307       0.157806       
2.830          0.0040884      0.00484703     0.00368051     0.0404862      0.0604123      0.0901579      0.104856       0.113725       0.129242       0.129548       0.156651       0.154739       0.15894        0.161631       0.158143       0.157347       0.15784        
2.840          0.00400652     0.0047439      0.00358033     0.0398713      0.0596774      0.0894491      0.104121       0.113076       0.128702       0.129068       0.156168       0.154511       0.158942       0.16165        0.158178       0.157387       0.157873       
2.850          0.00392621     0.0046424      0.00348268     0.0392625      0.0589468      0.0887407      0.103385       0.112425       0.128158       0.128583       0.155679       0.154277       0.158944       0.161669       0.158212       0.157427       0.157906       
2.860          0.00384746     0.00454251     0.00338749     0.0386597      0.0582204      0.0880326      0.102647       0.11177        0.127609       0.128094       0.155183       0.154039       0.158946       0.161689       0.158245       0.157465       0.157939       
2.870          0.00377023     0.00444421     0.0032947      0.038063       0.0574985      0.0873249      0.101908       0.111113       0.127057       0.127601       0.154681       0.153795       0.158948       0.161708       0.158277       0.157504       0.157972       
2.880          0.00369447     0.00434749     0.00320427     0.0374723      0.056781       0.0866178      0.101168       0.110454       0.1265         0.127103       0.154173       0.153546       0.158951       0.161728       0.158308       0.157541       0.158004       
2.890          0.00362015     0.00425233     0.00311614     0.0368878      0.056068       0.0859112      0.100426       0.109791       0.125939       0.1266         0.153658       0.153292       0.158953       0.161749       0.158339       0.157578       0.158036       
2.900          0.00354725     0.00415871     0.00303026     0.0363093      0.0553597      0.0852053      0.0996831      0.109127       0.125374       0.126093       0.153138       0.153032       0.158955       0.161769       0.158368       0.157615       0.158067       
2.910          0.00347572     0.00406662     0.00294657     0.035737       0.054656       0.0845002      0.0989392      0.10846        0.124805       0.125582       0.15261        0.152767       0.158958       0.16179        0.158397       0.15765        0.158098       
2.920          0.00340555     0.00397605     0.00286502     0.0351707      0.0539571      0.0837958      0.0981943      0.10779        0.124233       0.125066       0.152077       0.152497       0.15896        0.161811       0.158425       0.157686       0.158129       
2.930          0.00333668     0.00388698     0.00278557     0.0346106      0.0532631      0.0830923      0.0974487      0.107118       0.123656       0.124546       0.151537       0.152222       0.158963       0.161832       0.158452       0.15772        0.158159       
2.940          0.00326909     0.00379939     0.00270816     0.0340566      0.0525739      0.0823898      0.0967023      0.106444       0.123076       0.124022       0.150991       0.151941       0.158965       0.161853       0.158479       0.157754       0.158189       
2.950          0.00320276     0.00371327     0.00263276     0.0335087      0.0518897      0.0816883      0.0959553      0.105768       0.122491       0.123493       0.150439       0.151654       0.158968       0.161875       0.158504       0.157787       0.158218       
2.960          0.00313764     0.00362862     0.00255931     0.032967       0.0512105      0.0809878      0.0952078      0.10509        0.121904       0.12296        0.149881       0.151363       0.15897        0.161896       0.158529       0.15782        0.158247       
2.970          0.00307371     0.0035454      0.00248776     0.0324313      0.0505364      0.0802885      0.0944598      0.104409       0.121312       0.122422       0.149317       0.151065       0.158972       0.161918       0.158553       0.157852       0.158276       
2.980          0.00301095     0.00346361     0.00241808     0.0319018      0.0498675      0.0795904      0.0937116      0.103727       0.120717       0.121881       0.148746       0.150762       0.158975       0.16194        0.158576       0.157883       0.158304       
2.990          0.00294931     0.00338324     0.00235022     0.0313783      0.0492037      0.0788937      0.0929631      0.103043       0.120118       0.121335       0.148169       0.150454       0.158977       0.161962       0.158598       0.157914       0.158332       
3.000          0.00288878     0.00330427     0.00228414     0.030861       0.0485451      0.0781982      0.0922146      0.102357       0.119516       0.120785       0.147587       0.15014        0.158978       0.161984       0.15862        0.157944       0.15836        
3.010          0.00282933     0.00322669     0.0022198      0.0303497      0.0478919      0.0775041      0.091466       0.101669       0.11891        0.120231       0.146998       0.149821       0.15898        0.162006       0.158641       0.157974       0.158387       
3.020          0.00277092     0.00315048     0.00215715     0.0298446      0.0472439      0.0768116      0.0907175      0.10098        0.118301       0.119673       0.146403       0.149496       0.158981       0.162028       0.158661       0.158003       0.158414       
3.030          0.00271354     0.00307564     0.00209616     0.0293455      0.0466014      0.0761205      0.0899692      0.100289       0.117689       0.119111       0.145803       0.149165       0.158982       0.16205        0.15868        0.158031       0.15844        
3.040          0.00265716     0.00300214     0.00203678     0.0288524      0.0459643      0.075431       0.0892211      0.0995962      0.117074       0.118545       0.145196       0.148828       0.158983       0.162072       0.158699       0.158059       0.158466       
3.050          0.00260176     0.00292998     0.00197899     0.0283654      0.0453326      0.0747432      0.0884734      0.0989022      0.116455       0.117975       0.144584       0.148486       0.158984       0.162094       0.158717       0.158086       0.158492       
3.060          0.0025473      0.00285913     0.00192274     0.0278845      0.0447064      0.0740571      0.0877263      0.0982069      0.115833       0.117401       0.143966       0.148139       0.158984       0.162115       0.158735       0.158112       0.158517       
3.070          0.00249378     0.0027896      0.00186799     0.0274095      0.0440857      0.0733728      0.0869796      0.0975103      0.115208       0.116823       0.143342       0.147785       0.158984       0.162137       0.158751       0.158138       0.158542       
3.080          0.00244116     0.00272136     0.00181472     0.0269406      0.0434706      0.0726902      0.0862336      0.0968125      0.114581       0.116241       0.142712       0.147426       0.158983       0.162159       0.158767       0.158164       0.158567       
3.090          0.00238942     0.0026544      0.00176288     0.0264776      0.0428611      0.0720096      0.0854884      0.0961135      0.11395        0.115656       0.142077       0.147061       0.158982       0.16218        0.158783       0.158189       0.158591       
3.100          0.00233855     0.00258871     0.00171244     0.0260206      0.0422572      0.0713309      0.084744       0.0954135      0.113316       0.115067       0.141436       0.146691       0.15898        0.162201       0.158798       0.158213       0.158614       
3.110          0.00228852     0.00252428     0.00166337     0.0255695      0.0416589      0.0706542      0.0840005      0.0947126      0.11268        0.114474       0.140789       0.146315       0.158978       0.162222       0.158812       0.158236       0.158638       
3.120          0.00223932     0.00246108     0.00161564     0.0251243      0.0410662      0.0699796      0.0832581      0.0940107      0.112041       0.113877       0.140137       0.145933       0.158976       0.162243       0.158826       0.158259       0.158661       
3.130          0.00219093     0.00239911     0.00156921     0.024685       0.0404793      0.069307       0.0825168      0.0933081      0.111399       0.113277       0.139479       0.145545       0.158973       0.162264       0.158839       0.158282       0.158683       
3.140          0.00214332     0.00233836     0.00152405     0.0242516      0.039898       0.0686366      0.0817766      0.0926047      0.110754       0.112674       0.138816       0.145152       0.158969       0.162284       0.158852       0.158304       0.158706       
3.150          0.00209649     0.00227881     0.00148013     0.0238241      0.0393225      0.0679684      0.0810378      0.0919007      0.110107       0.112067       0.138148       0.144752       0.158964       0.162304       0.158864       0.158325       0.158728       
3.160          0.00205041     0.00222044     0.00143743     0.0234023      0.0387527      0.0673025      0.0803003      0.0911961      0.109458       0.111457       0.137474       0.144347       0.158959       0.162323       0.158876       0.158346       0.158749       
3.170          0.00200507     0.00216325     0.0013959      0.0229863      0.0381886      0.0666388      0.0795642      0.0904911      0.108806       0.110843       0.136795       0.143937       0.158954       0.162342       0.158887       0.158367       0.15877        
3.180          0.00196046     0.00210721     0.00135553     0.0225761      0.0376302      0.0659775      0.0788297      0.0897856      0.108152       0.110226       0.136111       0.14352        0.158947       0.162361       0.158898       0.158387       0.158791       
3.190          0.00191656     0.00205232     0.00131628     0.0221716      0.0370776      0.0653187      0.0780968      0.0890799      0.107495       0.109606       0.135422       0.143098       0.15894        0.162379       0.158908       0.158406       0.158812       
3.200          0.00187336     0.00199856     0.00127813     0.0217728      0.0365307      0.0646622      0.0773656      0.0883739      0.106837       0.108982       0.134728       0.14267        0.158931       0.162396       0.158918       0.158425       0.158832       
3.210          0.00183084     0.00194593     0.00124105     0.0213797      0.0359896      0.0640083      0.0766362      0.0876677      0.106176       0.108356       0.134029       0.142237       0.158922       0.162413       0.158927       0.158444       0.158852       
3.220          0.001789       0.00189439     0.00120501     0.0209921      0.0354543      0.063357       0.0759086      0.0869615      0.105513       0.107727       0.133324       0.141797       0.158912       0.16243        0.158936       0.158462       0.158871       
3.230          0.00174782     0.00184394     0.00116999     0.0206102      0.0349247      0.0627082      0.0751829      0.0862553      0.104848       0.107094       0.132615       0.141352       0.158901       0.162445       0.158945       0.15848        0.15889        
3.240          0.00170729     0.00179457     0.00113596     0.0202338      0.0344008      0.062062       0.0744593      0.0855492      0.104181       0.106459       0.131902       0.140901       0.158889       0.16246        0.158954       0.158497       0.158909       
3.250          0.0016674      0.00174627     0.0011029      0.019863       0.0338827      0.0614186      0.0737377      0.0848433      0.103512       0.105821       0.131183       0.140445       0.158876       0.162475       0.158962       0.158514       0.158927       
3.260          0.00162814     0.00169901     0.00107078     0.0194976      0.0333703      0.0607779      0.0730183      0.0841377      0.102842       0.10518        0.13046        0.139983       0.158862       0.162488       0.158969       0.15853        0.158946       
3.270          0.0015895      0.00165278     0.00103957     0.0191377      0.0328637      0.0601399      0.0723011      0.0834324      0.10217        0.104536       0.129733       0.139515       0.158847       0.162501       0.158977       0.158546       0.158964       
3.280          0.00155148     0.00160757     0.00100926     0.0187832      0.0323628      0.0595048      0.0715862      0.0827275      0.101496       0.10389        0.129001       0.139042       0.158831       0.162513       0.158984       0.158562       0.158981       
3.290          0.00151406     0.00156337     0.000979827    0.018434       0.0318675      0.0588725      0.0708736      0.0820231      0.10082        0.103242       0.128264       0.138563       0.158813       0.162524       0.158991       0.158577       0.158998       
3.300          0.00147724     0.00152016     0.000951238    0.0180902      0.031378       0.0582431      0.0701636      0.0813194      0.100144       0.102591       0.127523       0.138078       0.158794       0.162535       0.158998       0.158592       0.159016       
3.310          0.00144101     0.00147792     0.000923477    0.0177516      0.0308941      0.0576167      0.069456       0.0806163      0.0994652      0.101937       0.126779       0.137588       0.158774       0.162544       0.159005       0.158607       0.159032       
3.320          0.00140536     0.00143665     0.000896521    0.0174183      0.0304159      0.0569933      0.0687509      0.079914       0.0987854      0.101281       0.126029       0.137092       0.158753       0.162552       0.159011       0.158621       0.159049       
3.330          0.0013703      0.00139632     0.00087035     0.0170901      0.0299434      0.0563728      0.0680485      0.0792124      0.0981044      0.100623       0.125276       0.136591       0.15873        0.162559       0.159017       0.158635       0.159065       
3.340          0.0013358      0.00135693     0.000844942    0.0167672      0.0294764      0.0557555      0.0673488      0.0785119      0.0974221      0.0999629      0.124519       0.136084       0.158705       0.162565       0.159023       0.158649       0.159081       
3.350          0.00130187     0.00131846     0.000820277    0.0164493      0.0290151      0.0551412      0.0666518      0.0778123      0.0967387      0.0993007      0.123758       0.135572       0.15868        0.16257        0.159029       0.158663       0.159097       
3.360          0.00126849     0.00128089     0.000796336    0.0161365      0.0285593      0.05453        0.0659577      0.0771138      0.0960542      0.0986364      0.122993       0.135054       0.158652       0.162574       0.159035       0.158676       0.159112       
3.370          0.00123568     0.00124421     0.000773099    0.0158287      0.0281091      0.0539221      0.0652664      0.0764165      0.0953687      0.0979702      0.122225       0.134531       0.158623       0.162577       0.159041       0.158689       0.159127       
3.380          0.00120341     0.00120841     0.000750548    0.0155258      0.0276644      0.0533173      0.0645781      0.0757204      0.0946823      0.0973021      0.121453       0.134003       0.158593       0.162578       0.159047       0.158701       0.159142       
3.390          0.0011717      0.00117347     0.000728663    0.0152279      0.0272252      0.0527158      0.0638927      0.0750256      0.093995       0.0966323      0.120677       0.133469       0.15856        0.162578       0.159052       0.158714       0.159157       
3.400          0.00114052     0.00113938     0.000707427    0.0149349      0.0267914      0.0521176      0.0632104      0.0743322      0.0933069      0.0959608      0.119898       0.13293        0.158527       0.162576       0.159058       0.158726       0.159171       
3.410          0.00110989     0.00110612     0.000686821    0.0146466      0.0263631      0.0515227      0.0625313      0.0736403      0.0926181      0.0952877      0.119116       0.132386       0.158491       0.162574       0.159063       0.158738       0.159186       
3.420          0.00107979     0.00107368     0.000666829    0.0143632      0.0259402      0.0509311      0.0618552      0.07295        0.0919286      0.094613       0.118331       0.131836       0.158453       0.162569       0.159069       0.15875        0.1592         
3.430          0.00105022     0.00104204     0.000647433    0.0140845      0.0255227      0.0503429      0.0611824      0.0722612      0.0912386      0.093937       0.117542       0.131281       0.158414       0.162563       0.159074       0.158761       0.159214       
3.440          0.00102118     0.0010112      0.000628616    0.0138104      0.0251105      0.0497581      0.0605129      0.0715742      0.090548       0.0932596      0.11675        0.130721       0.158373       0.162556       0.15908        0.158773       0.159227       
3.450          0.000992659    0.00098113     0.000610364    0.013541       0.0247037      0.0491768      0.0598466      0.0708889      0.0898571      0.0925809      0.115956       0.130157       0.158329       0.162547       0.159085       0.158784       0.159241       
3.460          0.000964665    0.000951825    0.000592658    0.0132761      0.0243021      0.048599       0.0591838      0.0702055      0.0891657      0.0919011      0.115158       0.129587       0.158284       0.162536       0.159091       0.158795       0.159254       
3.470          0.00093719     0.000923268    0.000575485    0.0130158      0.0239057      0.0480246      0.0585243      0.069524       0.0884741      0.0912201      0.114358       0.129012       0.158237       0.162524       0.159097       0.158806       0.159267       
3.480          0.00091023     0.000895445    0.000558829    0.01276        0.0235146      0.0474538      0.0578683      0.0688445      0.0877823      0.0905381      0.113555       0.128432       0.158187       0.162509       0.159102       0.158817       0.15928        
3.490          0.000883784    0.000868344    0.000542675    0.0125085      0.0231286      0.0468866      0.0572158      0.0681671      0.0870903      0.0898552      0.11275        0.127847       0.158136       0.162493       0.159108       0.158827       0.159293       
3.500          0.000857847    0.00084195     0.000527008    0.0122614      0.0227478      0.046323       0.0565668      0.0674918      0.0863982      0.0891715      0.111942       0.127258       0.158082       0.162475       0.159114       0.158838       0.159306       
3.510          0.000832418    0.000816249    0.000511815    0.0120187      0.022372       0.045763       0.0559215      0.0668188      0.0857062      0.088487       0.111132       0.126663       0.158026       0.162455       0.15912        0.158848       0.159318       
3.520          0.000807492    0.000791228    0.000497081    0.0117802      0.0220013      0.0452066      0.0552798      0.066148       0.0850142      0.0878018      0.11032        0.126064       0.157968       0.162434       0.159126       0.158859       0.159331       
3.530          0.000783068    0.000766873    0.000482794    0.0115459      0.0216356      0.0446539      0.0546417      0.0654795      0.0843223      0.0871161      0.109505       0.12546        0.157907       0.16241        0.159133       0.158869       0.159343       
3.540          0.000759142    0.000743172    0.000468939    0.0113158      0.0212749      0.0441049      0.0540074      0.0648135      0.0836307      0.0864298      0.108689       0.124852       0.157844       0.162384       0.159139       0.158879       0.159355       
3.550          0.000735711    0.00072011     0.000455505    0.0110898      0.0209191      0.0435597      0.0533768      0.0641499      0.0829394      0.0857432      0.107871       0.124239       0.157779       0.162356       0.159146       0.158889       0.159367       
3.560          0.000712773    0.000697674    0.000442478    0.0108678      0.0205682      0.0430182      0.05275        0.0634889      0.0822484      0.0850562      0.107051       0.123622       0.157711       0.162325       0.159152       0.1589         0.159379       
3.570          0.000690323    0.000675853    0.000429847    0.0106498      0.0202221      0.0424805      0.052127       0.0628305      0.0815578      0.084369       0.106229       0.123          0.15764        0.162293       0.159159       0.15891        0.159391       
3.580          0.000668359    0.000654632    0.000417599    0.0104358      0.0198809      0.0419466      0.0515079      0.0621748      0.0808677      0.0836816      0.105406       0.122374       0.157567       0.162258       0.159166       0.15892        0.159403       
3.590          0.000646878    0.000633998    0.000405724    0.0102256      0.0195444      0.0414165      0.0508927      0.0615218      0.0801782      0.0829941      0.104581       0.121744       0.157491       0.162221       0.159174       0.158929       0.159414       
3.600          0.000625875    0.00061394     0.000394208    0.0100193      0.0192126      0.0408903      0.0502815      0.0608716      0.0794894      0.0823067      0.103755       0.121109       0.157412       0.162181       0.159181       0.158939       0.159426       
3.610          0.000605348    0.000594445    0.000383043    0.00981683     0.0188855      0.0403679      0.0496742      0.0602242      0.0788012      0.0816194      0.102928       0.120471       0.157331       0.162139       0.159189       0.158949       0.159437       
3.620          0.000585293    0.000575499    0.000372216    0.00961805     0.018563       0.0398494      0.0490709      0.0595798      0.0781138      0.0809323      0.102099       0.119828       0.157247       0.162095       0.159197       0.158959       0.159449       
3.630          0.000565706    0.000557092    0.000361718    0.00942295     0.0182451      0.0393349      0.0484716      0.0589383      0.0774273      0.0802454      0.10127        0.119181       0.15716        0.162047       0.159205       0.158969       0.15946        
3.640          0.000546582    0.00053921     0.000351537    0.00923148     0.0179318      0.0388242      0.0478764      0.0582999      0.0767417      0.0795589      0.100439       0.118531       0.15707        0.161998       0.159213       0.158979       0.159471       
3.650          0.000527919    0.000521842    0.000341665    0.00904358     0.0176229      0.0383175      0.0472853      0.0576645      0.076057       0.0788729      0.0996082      0.117876       0.156978       0.161945       0.159222       0.158989       0.159482       
3.660          0.000509711    0.000504976    0.000332092    0.0088592      0.0173185      0.0378148      0.0466983      0.0570323      0.0753734      0.0781874      0.0987764      0.117218       0.156882       0.16189        0.159231       0.158999       0.159493       
3.670          0.000491954    0.000488601    0.000322808    0.00867829     0.0170185      0.037316       0.0461155      0.0564033      0.074691       0.0775025      0.0979441      0.116556       0.156783       0.161832       0.15924        0.159008       0.159505       
3.680          0.000474645    0.000472704    0.000313804    0.00850079     0.0167229      0.0368213      0.0455368      0.0557775      0.0740097      0.0768183      0.0971112      0.11589        0.156681       0.161772       0.159249       0.159018       0.159516       
3.690          0.000457777    0.000457275    0.000305071    0.00832666     0.0164316      0.0363305      0.0449623      0.0551551      0.0733297      0.0761349      0.0962781      0.115221       0.156576       0.161708       0.159258       0.159028       0.159526       
3.700          0.000441347    0.000442301    0.000296601    0.00815584     0.0161445      0.0358438      0.044392       0.0545359      0.072651       0.0754524      0.0954448      0.114549       0.156468       0.161641       0.159268       0.159038       0.159537       
3.710          0.000425349    0.000427773    0.000288385    0.00798828     0.0158617      0.0353611      0.043826       0.0539202      0.0719736      0.0747708      0.0946113      0.113873       0.156357       0.161572       0.159278       0.159048       0.159548       
3.720          0.000409779    0.000413679    0.000280416    0.00782393     0.015583       0.0348825      0.0432642      0.0533079      0.0712978      0.0740903      0.0937778      0.113194       0.156242       0.161499       0.159288       0.159058       0.159559       
3.730          0.00039463     0.000400009    0.000272684    0.00766274     0.0153085      0.0344079      0.0427068      0.0526991      0.0706234      0.0734108      0.0929445      0.112511       0.156124       0.161424       0.159299       0.159067       0.15957        
3.740          0.000379899    0.000386752    0.000265183    0.00750465     0.0150381      0.0339374      0.0421536      0.0520938      0.0699507      0.0727326      0.0921113      0.111826       0.156003       0.161345       0.159309       0.159077       0.159581       
3.750          0.000365578    0.000373897    0.000257905    0.00734963     0.0147717      0.033471       0.0416047      0.0514921      0.0692796      0.0720556      0.0912785      0.111137       0.155878       0.161263       0.15932        0.159087       0.159591       
3.760          0.000351663    0.000361434    0.000250843    0.0071976      0.0145093      0.0330086      0.0410602      0.050894       0.0686102      0.07138        0.0904462      0.110446       0.15575        0.161178       0.159331       0.159097       0.159602       
3.770          0.000338148    0.000349354    0.00024399     0.00704854     0.0142509      0.0325504      0.04052        0.0502996      0.0679425      0.0707059      0.0896144      0.109752       0.155618       0.161089       0.159342       0.159107       0.159613       
3.780          0.000325027    0.000337646    0.000237339    0.00690238     0.0139964      0.0320963      0.0399842      0.0497089      0.0672767      0.0700332      0.0887833      0.109054       0.155482       0.160997       0.159354       0.159117       0.159623       
3.790          0.000312294    0.000326301    0.000230883    0.00675908     0.0137457      0.0316463      0.0394528      0.0491219      0.0666129      0.0693621      0.087953       0.108355       0.155344       0.160902       0.159366       0.159127       0.159634       
3.800          -nan           0.000315309    0.000224617    0.00661859     0.0134989      0.0312005      0.0389258      0.0485387      0.065951       0.0686927      0.0871235      0.107652       0.155201       0.160803       0.159378       0.159137       0.159644       
3.810          -nan           0.000304661    0.000218534    0.00648087     0.0132558      0.0307588      0.0384033      0.0479593      0.0652911      0.0680251      0.0862951      0.106948       0.155055       0.160701       0.15939        0.159146       0.159655       
3.820          -nan           0.000294347    0.000212627    0.00634586     0.0130164      0.0303212      0.0378851      0.0473837      0.0646333      0.0673592      0.0854677      0.10624        0.154905       0.160595       0.159402       0.159156       0.159665       
3.830          -nan           0.000284359    0.000206892    0.00621351     0.0127808      0.0298877      0.0373714      0.0468121      0.0639776      0.0666953      0.0846416      0.105531       0.154751       0.160485       0.159414       0.159166       0.159676       
3.840          -nan           0.000274688    0.000201322    0.00608378     0.0125488      0.0294584      0.0368622      0.0462443      0.0633241      0.0660333      0.0838168      0.104819       0.154594       0.160372       0.159427       0.159176       0.159686       
3.850          -nan           0.000265325    -nan           0.00595663     0.0123203      0.0290332      0.0363574      0.0456805      0.062673       0.0653734      0.0829935      0.104105       0.154432       0.160255       0.15944        0.159186       0.159697       
3.860          -nan           0.000256261    -nan           0.00583201     0.0120955      0.0286122      0.035857       0.0451206      0.0620241      0.0647155      0.0821717      0.103389       0.154267       0.160135       0.159453       0.159195       0.159707       
3.870          -nan           0.000247488    -nan           0.00570987     0.0118741      0.0281954      0.0353612      0.0445648      0.0613776      0.0640599      0.0813515      0.102671       0.154098       0.16001        0.159466       0.159205       0.159717       
3.880          -nan           0.000238998    -nan           0.00559017     0.0116562      0.0277826      0.0348698      0.0440129      0.0607336      0.0634065      0.0805331      0.101952       0.153925       0.159882       0.159479       0.159215       0.159728       
3.890          -nan           0.000230784    -nan           0.00547286     0.0114417      0.0273741      0.034383       0.0434651      0.060092       0.0627555      0.0797165      0.10123        0.153747       0.15975        0.159492       0.159224       0.159738       
3.900          -nan           0.000222836    -nan           0.0053579      0.0112307      0.0269697      0.0339006      0.0429214      0.059453       0.0621068      0.0789019      0.100507       0.153566       0.159614       0.159506       0.159234       0.159748       
3.910          -nan           0.000215148    -nan           0.00524524     0.0110229      0.0265694      0.0334227      0.0423819      0.0588167      0.0614606      0.0780893      0.0997825      0.153381       0.159474       0.159519       0.159243       0.159758       
3.920          -nan           0.000207712    -nan           0.00513485     0.0108185      0.0261732      0.0329494      0.0418464      0.0581829      0.0608169      0.0772789      0.0990564      0.153191       0.15933        0.159533       0.159253       0.159768       
3.930          -nan           0.000200521    -nan           0.00502669     0.0106173      0.0257812      0.0324805      0.0413151      0.0575519      0.0601757      0.0764708      0.098329       0.152998       0.159182       0.159547       0.159262       0.159778       
3.940          -nan           0.000193567    -nan           0.0049207      0.0104193      0.0253934      0.0320162      0.0407879      0.0569237      0.0595373      0.075665       0.0976003      0.1528         0.159029       0.159561       0.159271       0.159788       
3.950          -nan           0.000186844    -nan           0.00481685     0.0102245      0.0250096      0.0315564      0.0402649      0.0562983      0.0589015      0.0748617      0.0968704      0.152598       0.158873       0.159574       0.15928        0.159798       
3.960          -nan           0.000180344    -nan           0.0047151      0.0100328      0.02463        0.0311011      0.0397461      0.0556757      0.0582686      0.074061       0.0961394      0.152392       0.158712       0.159588       0.159289       0.159808       
3.970          -nan           0.000174061    -nan           0.00461541     0.0098442      0.0242545      0.0306503      0.0392315      0.0550561      0.0576384      0.0732629      0.0954075      0.152181       0.158547       0.159602       0.159297       0.159817       
3.980          -nan           0.000167989    -nan           0.00451774     0.00965867     0.0238831      0.030204       0.0387212      0.0544394      0.0570112      0.0724675      0.0946747      0.151966       0.158378       0.159616       0.159306       0.159827       
3.990          -nan           0.000162121    -nan           0.00442205     0.00947615     0.0235158      0.0297623      0.0382151      0.0538258      0.0563869      0.071675       0.0939412      0.151747       0.158204       0.159629       0.159314       0.159836       
4.000          -nan           0.000156451    -nan           0.0043283      0.00929661     0.0231526      0.029325       0.0377133      0.0532153      0.0557656      0.0708854      0.0932069      0.151523       0.158026       0.159643       0.159323       0.159845       
4.010          -nan           0.000150972    -nan           0.00423646     0.00911999     0.0227934      0.0288922      0.0372157      0.0526078      0.0551473      0.0700988      0.0924721      0.151295       0.157843       0.159657       0.159331       0.159855       
4.020          -nan           -nan           -nan           0.00414648     0.00894628     0.0224383      0.028464       0.0367224      0.0520035      0.0545322      0.0693154      0.0917368      0.151062       0.157657       0.15967        0.159338       0.159864       
4.030          -nan           -nan           -nan           0.00405833     0.00877542     0.0220873      0.0280402      0.0362334      0.0514024      0.0539203      0.0685351      0.0910011      0.150825       0.157465       0.159684       0.159346       0.159873       
4.040          -nan           -nan           -nan           0.00397198     0.00860738     0.0217403      0.0276209      0.0357487      0.0508046      0.0533115      0.0677582      0.0902651      0.150583       0.157269       0.159697       0.159353       0.159881       
4.050          -nan           -nan           -nan           0.00388739     0.00844212     0.0213973      0.0272061      0.0352682      0.0502101      0.0527061      0.0669846      0.0895289      0.150337       0.157068       0.15971        0.15936        0.15989        
4.060          -nan           -nan           -nan           0.00380453     0.00827962     0.0210584      0.0267958      0.0347921      0.0496189      0.052104       0.0662144      0.0887926      0.150086       0.156863       0.159723       0.159367       0.159898       
4.070          -nan           -nan           -nan           0.00372336     0.00811982     0.0207235      0.0263899      0.0343203      0.0490311      0.0515052      0.0654479      0.0880563      0.149831       0.156653       0.159736       0.159373       0.159906       
4.080          -nan           -nan           -nan           0.00364384     0.00796269     0.0203925      0.0259885      0.0338529      0.0484467      0.0509099      0.0646849      0.0873202      0.149571       0.156439       0.159748       0.159379       0.159914       
4.090          -nan           -nan           -nan           0.00356595     0.00780821     0.0200655      0.0255916      0.0333897      0.0478658      0.050318       0.0639256      0.0865842      0.149306       0.156219       0.15976        0.159385       0.159922       
4.100          -nan           -nan           -nan           0.00348965     0.00765632     0.0197425      0.025199       0.0329309      0.0472884      0.0497296      0.0631702      0.0858485      0.149037       0.155995       0.159772       0.159391       0.159929       
4.110          -nan           -nan           -nan           0.00341491     0.007507       0.0194234      0.0248109      0.0324764      0.0467145      0.0491448      0.0624186      0.0851132      0.148763       0.155766       0.159784       0.159396       0.159937       
4.120          -nan           -nan           -nan           0.00334171     0.00736021     0.0191082      0.0244272      0.0320262      0.0461442      0.0485636      0.0616709      0.0843784      0.148484       0.155533       0.159795       0.1594         0.159943       
4.130          -nan           -nan           -nan           0.00327        0.00721592     0.018797       0.0240479      0.0315803      0.0455776      0.047986       0.0609272      0.0836441      0.148201       0.155294       0.159806       0.159405       0.15995        
4.140          -nan           -nan           -nan           0.00319975     0.0070741      0.0184896      0.023673       0.0311388      0.0450146      0.0474121      0.0601877      0.0829105      0.147912       0.15505        0.159817       0.159409       0.159956       
4.150          -nan           -nan           -nan           0.00313095     0.0069347      0.018186       0.0233025      0.0307015      0.0444552      0.0468419      0.0594523      0.0821777      0.147619       0.154802       0.159827       0.159412       0.159962       
4.160          -nan           -nan           -nan           0.00306356     0.0067977      0.0178863      0.0229363      0.0302686      0.0438997      0.0462755      0.0587211      0.0814457      0.147322       0.154549       0.159837       0.159415       0.159968       
4.170          -nan           -nan           -nan           0.00299755     0.00666306     0.0175905      0.0225745      0.02984        0.0433478      0.0457128      0.0579942      0.0807147      0.147019       0.15429        0.159846       0.159417       0.159973       
4.180          -nan           -nan           -nan           0.00293289     0.00653075     0.0172984      0.0222169      0.0294157      0.0427998      0.0451539      0.0572716      0.0799847      0.146711       0.154027       0.159855       0.159419       0.159978       
4.190          -nan           -nan           -nan           0.00286956     0.00640074     0.0170101      0.0218637      0.0289956      0.0422555      0.0445989      0.0565535      0.0792559      0.146399       0.153758       0.159864       0.15942        0.159983       
4.200          -nan           -nan           -nan           0.00280753     0.00627299     0.0167256      0.0215148      0.0285799      0.0417152      0.0440478      0.0558398      0.0785282      0.146082       0.153485       0.159872       0.159421       0.159987       
4.210          -nan           -nan           -nan           0.00274678     0.00614748     0.0164448      0.0211701      0.0281684      0.0411787      0.0435006      0.0551307      0.0778019      0.14576        0.153206       0.159879       0.159421       0.15999        
4.220          -nan           -nan           -nan           0.00268726     0.00602417     0.0161677      0.0208297      0.0277612      0.0406461      0.0429574      0.0544262      0.0770769      0.145433       0.152923       0.159886       0.159421       0.159993       
4.230          -nan           -nan           -nan           0.00262898     0.00590304     0.0158943      0.0204935      0.0273583      0.0401174      0.0424181      0.0537264      0.0763534      0.145101       0.152634       0.159892       0.15942        0.159996       
4.240          -nan           -nan           -nan           0.00257188     0.00578404     0.0156246      0.0201615      0.0269596      0.0395928      0.0418828      0.0530312      0.0756315      0.144764       0.15234        0.159897       0.159418       0.159998       
4.250          -nan           -nan           -nan           0.00251597     0.00566715     0.0153585      0.0198337      0.0265652      0.0390721      0.0413515      0.0523409      0.0749113      0.144422       0.152041       0.159902       0.159416       0.16           
4.260          -nan           -nan           -nan           0.0024612      0.00555235     0.015096       0.0195101      0.0261749      0.0385554      0.0408243      0.0516554      0.0741928      0.144075       0.151736       0.159906       0.159413       0.160001       
4.270          -nan           -nan           -nan           0.00240755     0.00543959     0.014837       0.0191906      0.0257889      0.0380427      0.0403012      0.0509747      0.0734761      0.143724       0.151427       0.159909       0.159409       0.160001       
4.280          -nan           -nan           -nan           0.00235501     0.00532886     0.0145817      0.0188752      0.0254071      0.0375341      0.0397821      0.0502989      0.0727613      0.143367       0.151112       0.159912       0.159404       0.160001       
4.290          -nan           -nan           -nan           0.00230355     0.00522012     0.0143299      0.0185639      0.0250294      0.0370296      0.0392672      0.0496282      0.0720485      0.143006       0.150792       0.159913       0.159399       0.160001       
4.300          -nan           -nan           -nan           0.00225315     0.00511334     0.0140816      0.0182567      0.0246559      0.0365292      0.0387564      0.0489624      0.0713377      0.142639       0.150466       0.159914       0.159393       0.159999       
4.310          -nan           -nan           -nan           0.00220378     0.0050085      0.0138367      0.0179536      0.0242866      0.0360328      0.0382497      0.0483017      0.0706291      0.142268       0.150136       0.159914       0.159386       0.159997       
4.320          -nan           -nan           -nan           0.00215544     0.00490557     0.0135954      0.0176544      0.0239214      0.0355407      0.0377472      0.0476461      0.0699228      0.141891       0.1498         0.159913       0.159378       0.159994       
4.330          -nan           -nan           -nan           0.00210808     0.00480452     0.0133574      0.0173593      0.0235603      0.0350527      0.0372489      0.0469956      0.0692187      0.14151        0.149459       0.159911       0.159369       0.159991       
4.340          -nan           -nan           -nan           0.00206171     0.00470531     0.0131229      0.0170681      0.0232033      0.0345688      0.0367548      0.0463503      0.068517       0.141124       0.149112       0.159909       0.159359       0.159986       
4.350          -nan           -nan           -nan           0.00201629     0.00460793     0.0128917      0.0167809      0.0228504      0.0340891      0.0362648      0.0457102      0.0678177      0.140733       0.14876        0.159905       0.159349       0.159981       
4.360          -nan           -nan           -nan           0.0019718      0.00451235     0.0126638      0.0164976      0.0225015      0.0336137      0.0357792      0.0450753      0.067121       0.140336       0.148403       0.1599         0.159337       0.159975       
4.370          -nan           -nan           -nan           0.00192824     0.00441854     0.0124393      0.0162181      0.0221567      0.0331424      0.0352977      0.0444457      0.0664269      0.139935       0.148041       0.159894       0.159325       0.159968       
4.380          -nan           -nan           -nan           0.00188557     0.00432648     0.012218       0.0159426      0.0218159      0.0326754      0.0348205      0.0438214      0.0657355      0.139529       0.147673       0.159887       0.159311       0.159961       
4.390          -nan           -nan           -nan           0.00184379     0.00423613     0.012          0.0156708      0.0214791      0.0322126      0.0343475      0.0432025      0.0650468      0.139118       0.1473         0.159879       0.159296       0.159952       
4.400          -nan           -nan           -nan           0.00180286     0.00414748     0.0117852      0.0154029      0.0211462      0.0317541      0.0338788      0.0425889      0.0643609      0.138702       0.146921       0.159869       0.15928        0.159943       
4.410          -nan           -nan           -nan           0.00176279     0.00406049     0.0115736      0.0151387      0.0208174      0.0312998      0.0334143      0.0419807      0.0636779      0.138281       0.146537       0.159859       0.159263       0.159932       
4.420          -nan           -nan           -nan           0.00172354     0.00397514     0.0113652      0.0148783      0.0204924      0.0308497      0.0329541      0.041378       0.0629978      0.137855       0.146148       0.159847       0.159245       0.15992        
4.430          -nan           -nan           -nan           0.00168511     0.00389142     0.0111599      0.0146215      0.0201714      0.030404       0.0324982      0.0407806      0.0623208      0.137425       0.145753       0.159834       0.159226       0.159908       
4.440          -nan           -nan           -nan           0.00164747     0.00380928     0.0109577      0.0143685      0.0198542      0.0299625      0.0320466      0.0401888      0.0616468      0.136989       0.145353       0.159819       0.159205       0.159894       
4.450          -nan           -nan           -nan           0.00161062     0.00372871     0.0107585      0.0141191      0.019541       0.0295253      0.0315992      0.0396023      0.060976       0.136548       0.144948       0.159803       0.159184       0.159879       
4.460          -nan           -nan           -nan           0.00157453     0.00364969     0.0105624      0.0138733      0.0192315      0.0290924      0.0311562      0.0390214      0.0603084      0.136103       0.144537       0.159786       0.15916        0.159863       
4.470          -nan           -nan           -nan           0.00153919     0.00357218     0.0103693      0.0136311      0.0189259      0.0286638      0.0307174      0.038446       0.059644       0.135653       0.144121       0.159768       0.159136       0.159846       
4.480          -nan           -nan           -nan           0.00150459     0.00349617     0.0101792      0.0133925      0.0186241      0.0282395      0.0302829      0.0378761      0.058983       0.135198       0.1437         0.159748       0.15911        0.159828       
4.490          -nan           -nan           -nan           0.00147071     0.00342164     0.00999205     0.0131574      0.018326       0.0278194      0.0298526      0.0373118      0.0583253      0.134738       0.143273       0.159726       0.159083       0.159808       
4.500          -nan           -nan           -nan           0.00143753     0.00334855     0.0098078      0.0129257      0.0180317      0.0274037      0.0294267      0.036753       0.0576711      0.134273       0.142841       0.159703       0.159055       0.159787       
4.510          -nan           -nan           -nan           0.00140505     0.00327689     0.00962643     0.0126975      0.017741       0.0269923      0.029005       0.0361997      0.0570204      0.133804       0.142404       0.159678       0.159025       0.159765       
4.520          -nan           -nan           -nan           0.00137324     0.00320663     0.00944791     0.0124728      0.0174541      0.0265851      0.0285876      0.035652       0.0563732      0.133329       0.141962       0.159652       0.158993       0.159741       
4.530          -nan           -nan           -nan           0.00134211     0.00313776     0.00927221     0.0122514      0.0171709      0.0261823      0.0281744      0.0351099      0.0557296      0.132851       0.141514       0.159624       0.15896        0.159716       
4.540          -nan           -nan           -nan           0.00131162     0.00307024     0.00909931     0.0120334      0.0168912      0.0257837      0.0277655      0.0345733      0.0550897      0.132367       0.14106        0.159594       0.158926       0.159689       
4.550          -nan           -nan           -nan           0.00128178     0.00300406     0.00892916     0.0118187      0.0166152      0.0253895      0.0273608      0.0340423      0.0544535      0.131879       0.140602       0.159563       0.15889        0.159661       
4.560          -nan           -nan           -nan           0.00125256     0.0029392      0.00876174     0.0116073      0.0163428      0.0249995      0.0269604      0.0335169      0.053821       0.131386       0.140138       0.15953        0.158852       0.159632       
4.570          -nan           -nan           -nan           0.00122396     0.00287563     0.00859701     0.0113991      0.0160739      0.0246138      0.0265642      0.0329971      0.0531923      0.130888       0.139669       0.159495       0.158812       0.159601       
4.580          -nan           -nan           -nan           0.00119596     0.00281333     0.00843495     0.0111941      0.0158085      0.0242323      0.0261722      0.0324828      0.0525674      0.130386       0.139195       0.159458       0.158771       0.159568       
4.590          -nan           -nan           -nan           0.00116855     0.00275229     0.00827552     0.0109924      0.0155467      0.0238552      0.0257844      0.0319741      0.0519464      0.129879       0.138716       0.159419       0.158729       0.159534       
4.600          -nan           -nan           -nan           0.00114172     0.00269247     0.0081187      0.0107938      0.0152883      0.0234822      0.0254009      0.031471       0.0513294      0.129367       0.138232       0.159378       0.158684       0.159498       
4.610          -nan           -nan           -nan           0.00111546     0.00263387     0.00796444     0.0105983      0.0150334      0.0231136      0.0250215      0.0309735      0.0507163      0.128852       0.137742       0.159336       0.158638       0.15946        
4.620          -nan           -nan           -nan           0.00108976     0.00257646     0.00781272     0.0104058      0.0147818      0.0227491      0.0246463      0.0304814      0.0501072      0.128331       0.137247       0.159291       0.158589       0.15942        
4.630          -nan           -nan           -nan           0.00106461     0.00252021     0.00766352     0.0102165      0.0145337      0.0223889      0.0242752      0.029995       0.0495022      0.127806       0.136748       0.159244       0.158539       0.159379       
4.640          -nan           -nan           -nan           0.00103999     0.00246512     0.00751679     0.0100301      0.0142889      0.0220329      0.0239083      0.0295141      0.0489013      0.127277       0.136243       0.159196       0.158487       0.159336       
4.650          -nan           -nan           -nan           0.0010159      0.00241116     0.0073725      0.00984668     0.0140475      0.0216811      0.0235455      0.0290386      0.0483044      0.126744       0.135733       0.159145       0.158433       0.15929        
4.660          -nan           -nan           -nan           0.000992322    0.00235831     0.00723063     0.00966622     0.0138093      0.0213335      0.0231869      0.0285687      0.0477118      0.126206       0.135218       0.159092       0.158378       0.159243       
4.670          -nan           -nan           -nan           0.000969252    0.00230655     0.00709115     0.00948866     0.0135744      0.0209901      0.0228323      0.0281043      0.0471233      0.125663       0.134698       0.159037       0.15832        0.159194       
4.680          -nan           -nan           -nan           0.000946678    0.00225586     0.00695403     0.00931397     0.0133428      0.0206508      0.0224818      0.0276454      0.046539       0.125117       0.134174       0.158979       0.15826        0.159143       
4.690          -nan           -nan           -nan           0.000924591    0.00220623     0.00681922     0.0091421      0.0131144      0.0203157      0.0221354      0.027192       0.045959       0.124566       0.133644       0.158919       0.158198       0.15909        
4.700          -nan           -nan           -nan           0.000902981    0.00215764     0.00668671     0.00897304     0.0128891      0.0199847      0.021793       0.026744       0.0453832      0.124011       0.133109       0.158857       0.158134       0.159035       
4.710          -nan           -nan           -nan           0.000881838    0.00211006     0.00655647     0.00880674     0.0126671      0.0196579      0.0214546      0.0263014      0.0448118      0.123452       0.13257        0.158793       0.158067       0.158977       
4.720          -nan           -nan           -nan           0.000861154    0.00206348     0.00642846     0.00864317     0.0124481      0.0193351      0.0211203      0.0258642      0.0442447      0.122889       0.132026       0.158726       0.157999       0.158918       
4.730          -nan           -nan           -nan           0.000840921    0.00201788     0.00630265     0.00848229     0.0122322      0.0190164      0.0207899      0.0254325      0.0436819      0.122322       0.131477       0.158657       0.157928       0.158856       
4.740          -nan           -nan           -nan           0.000821128    0.00197325     0.00617902     0.00832407     0.0120195      0.0187018      0.0204635      0.0250061      0.0431235      0.121751       0.130923       0.158585       0.157855       0.158792       
4.750          -nan           -nan           -nan           0.000801769    0.00192956     0.00605753     0.00816847     0.0118097      0.0183912      0.020141       0.024585       0.0425695      0.121176       0.130365       0.158511       0.157779       0.158725       
4.760          -nan           -nan           -nan           0.000782833    0.0018868      0.00593816     0.00801546     0.011603       0.0180846      0.0198225      0.0241693      0.04202        0.120597       0.129802       0.158434       0.157702       0.158656       
4.770          -nan           -nan           -nan           0.000764314    0.00184495     0.00582087     0.00786501     0.0113992      0.017782       0.0195078      0.0237588      0.0414749      0.120014       0.129234       0.158354       0.157621       0.158585       
4.780          -nan           -nan           -nan           0.000746203    0.001804       0.00570564     0.00771707     0.0111984      0.0174834      0.0191971      0.0233537      0.0409342      0.119427       0.128662       0.158272       0.157539       0.158511       
4.790          -nan           -nan           -nan           0.000728492    0.00176393     0.00559244     0.00757162     0.0110005      0.0171888      0.0188901      0.0229537      0.040398       0.118837       0.128085       0.158187       0.157454       0.158435       
4.800          -nan           -nan           -nan           0.000711173    0.00172472     0.00548125     0.00742862     0.0108054      0.0168981      0.0185871      0.022559       0.0398663      0.118243       0.127504       0.1581         0.157366       0.158356       
4.810          -nan           -nan           -nan           0.000694239    0.00168636     0.00537202     0.00728804     0.0106133      0.0166113      0.0182878      0.0221695      0.0393391      0.117645       0.126919       0.158009       0.157276       0.158274       
4.820          -nan           -nan           -nan           0.000677683    0.00164882     0.00526474     0.00714985     0.010424       0.0163284      0.0179923      0.0217852      0.0388164      0.117044       0.126329       0.157916       0.157183       0.15819        
4.830          -nan           -nan           -nan           0.000661496    0.0016121      0.00515937     0.007014       0.0102375      0.0160494      0.0177005      0.0214059      0.0382983      0.116439       0.125735       0.15782        0.157088       0.158103       
4.840          -nan           -nan           -nan           0.000645672    0.00157618     0.0050559      0.00688047     0.0100537      0.0157742      0.0174125      0.0210318      0.0377847      0.115831       0.125137       0.157721       0.15699        0.158014       
4.850          -nan           -nan           -nan           0.000630203    0.00154105     0.00495428     0.00674922     0.00987273     0.0155028      0.0171282      0.0206627      0.0372756      0.115219       0.124534       0.157619       0.156889       0.157921       
4.860          -nan           -nan           -nan           0.000615083    0.00150668     0.00485449     0.00662023     0.00969444     0.0152352      0.0168476      0.0202987      0.0367711      0.114604       0.123927       0.157515       0.156785       0.157826       
4.870          -nan           -nan           -nan           0.000600305    0.00147307     0.00475652     0.00649345     0.00951884     0.0149714      0.0165706      0.0199397      0.0362712      0.113986       0.123317       0.157407       0.156679       0.157728       
4.880          -nan           -nan           -nan           0.000585861    0.00144019     0.00466032     0.00636886     0.0093459      0.0147113      0.0162972      0.0195856      0.0357758      0.113364       0.122702       0.157296       0.15657        0.157627       
4.890          -nan           -nan           -nan           0.000571746    0.00140804     0.00456588     0.00624642     0.00917559     0.014455       0.0160275      0.0192365      0.035285       0.112739       0.122083       0.157182       0.156458       0.157523       
4.900          -nan           -nan           -nan           0.000557953    0.0013766      0.00447316     0.0061261      0.00900787     0.0142023      0.0157613      0.0188922      0.0347988      0.112112       0.12146        0.157065       0.156343       0.157416       
4.910          -nan           -nan           -nan           0.000544475    0.00134585     0.00438214     0.00600787     0.00884273     0.0139532      0.0154987      0.0185529      0.0343172      0.111481       0.120834       0.156944       0.156225       0.157306       
4.920          -nan           -nan           -nan           0.000531307    0.00131579     0.0042928      0.00589171     0.00868013     0.0137078      0.0152396      0.0182183      0.0338401      0.110847       0.120203       0.156821       0.156104       0.157193       
4.930          -nan           -nan           -nan           0.000518441    0.0012864      0.00420511     0.00577756     0.00852003     0.013466       0.014984       0.0178886      0.0333676      0.11021        0.119569       0.156694       0.15598        0.157076       
4.940          -nan           -nan           -nan           0.000505872    0.00125766     0.00411904     0.00566542     0.00836243     0.0132278      0.0147318      0.0175636      0.0328997      0.10957        0.118932       0.156564       0.155853       0.156957       
4.950          -nan           -nan           -nan           0.000493594    0.00122956     0.00403457     0.00555524     0.00820728     0.0129931      0.0144831      0.0172433      0.0324364      0.108928       0.11829        0.156431       0.155723       0.156834       
4.960          -nan           -nan           -nan           0.000481601    0.00120209     0.00395168     0.005447       0.00805455     0.0127619      0.0142378      0.0169277      0.0319777      0.108283       0.117646       0.156294       0.155589       0.156708       
4.970          -nan           -nan           -nan           0.000469887    0.00117524     0.00387033     0.00534066     0.00790423     0.0125342      0.0139958      0.0166167      0.0315235      0.107635       0.116997       0.156154       0.155453       0.156578       
4.980          -nan           -nan           -nan           0.000458447    0.00114899     0.00379051     0.00523619     0.00775628     0.0123099      0.0137572      0.0163103      0.0310739      0.106985       0.116346       0.15601        0.155313       0.156446       
4.990          -nan           -nan           -nan           0.000447275    0.00112333     0.00371219     0.00513358     0.00761067     0.0120891      0.013522       0.0160085      0.0306289      0.106332       0.115691       0.155863       0.15517        0.156309       
5.000          -nan           -nan           -nan           0.000436365    0.00109825     0.00363535     0.00503278     0.00746738     0.0118717      0.01329        0.0157111      0.0301884      0.105677       0.115032       0.155712       0.155023       0.15617        
5.010          -nan           -nan           -nan           0.000425712    0.00107374     0.00355996     0.00493377     0.00732638     0.0116576      0.0130613      0.0154183      0.0297525      0.105019       0.114371       0.155558       0.154874       0.156027       
5.020          -nan           -nan           -nan           0.000415312    0.00104977     0.003486       0.00483652     0.00718764     0.0114468      0.0128358      0.0151299      0.029321       0.104359       0.113706       0.1554         0.15472        0.15588        
5.030          -nan           -nan           -nan           0.000405157    0.00102636     0.00341345     0.004741       0.00705113     0.0112393      0.0126135      0.0148459      0.0288942      0.103697       0.113039       0.155238       0.154564       0.155729       
5.040          -nan           -nan           -nan           0.000395244    0.00100347     0.00334229     0.00464718     0.00691683     0.0110351      0.0123944      0.0145662      0.0284718      0.103033       0.112368       0.155073       0.154404       0.155575       
5.050          -nan           -nan           -nan           0.000385567    0.000981104    0.00327248     0.00455505     0.00678471     0.0108341      0.0121784      0.0142909      0.0280539      0.102366       0.111695       0.154904       0.15424        0.155418       
5.060          -nan           -nan           -nan           0.000376122    0.000959246    0.00320401     0.00446456     0.00665474     0.0106363      0.0119655      0.0140198      0.0276406      0.101698       0.111018       0.154731       0.154073       0.155256       
5.070          -nan           -nan           -nan           0.000366903    0.000937885    0.00313686     0.00437569     0.0065269      0.0104417      0.0117558      0.0137529      0.0272317      0.101028       0.110339       0.154554       0.153902       0.155091       
5.080          -nan           -nan           -nan           0.000357906    0.000917012    0.00307101     0.00428842     0.00640116     0.0102502      0.0115491      0.0134903      0.0268273      0.100355       0.109657       0.154374       0.153727       0.154922       
5.090          -nan           -nan           -nan           0.000349126    0.000896615    0.00300643     0.00420272     0.00627749     0.0100618      0.0113454      0.0132317      0.0264273      0.0996816      0.108973       0.15419        0.153549       0.154749       
5.100          -nan           -nan           -nan           0.000340558    0.000876684    0.0029431      0.00411857     0.00615587     0.00987652     0.0111447      0.0129773      0.0260317      0.099006       0.108286       0.154001       0.153367       0.154573       
5.110          -nan           -nan           -nan           0.000332198    0.000857209    0.002881       0.00403594     0.00603627     0.00969423     0.0109469      0.0127269      0.0256406      0.0983288      0.107597       0.153809       0.153182       0.154392       
5.120          -nan           -nan           -nan           0.000324041    0.00083818     0.00282012     0.0039548      0.00591867     0.00951494     0.0107521      0.0124805      0.0252539      0.0976501      0.106905       0.153613       0.152992       0.154207       
5.130          -nan           -nan           -nan           0.000316083    0.000819587    0.00276042     0.00387512     0.00580304     0.00933861     0.0105602      0.0122381      0.0248715      0.0969698      0.106212       0.153413       0.152799       0.154019       
5.140          -nan           -nan           -nan           0.00030832     0.00080142     0.0027019      0.0037969      0.00568935     0.00916522     0.0103712      0.0119997      0.0244936      0.0962883      0.105516       0.153208       0.152602       0.153826       
5.150          -nan           -nan           -nan           0.000300746    0.00078367     0.00264452     0.00372009     0.00557758     0.00899472     0.010185       0.0117651      0.0241199      0.0956054      0.104817       0.153          0.152401       0.15363        
5.160          -nan           -nan           -nan           0.000293359    0.000766328    0.00258828     0.00364468     0.0054677      0.00882709     0.0100016      0.0115343      0.0237506      0.0949213      0.104117       0.152787       0.152196       0.153429       
5.170          -nan           -nan           -nan           0.000286154    0.000749385    0.00253314     0.00357065     0.0053597      0.00866229     0.00982105     0.0113073      0.0233856      0.094236       0.103415       0.152571       0.151987       0.153224       
5.180          -nan           -nan           -nan           0.000279126    0.00073283     0.0024791      0.00349797     0.00525353     0.00850029     0.00964322     0.0110841      0.0230249      0.0935497      0.102711       0.15235        0.151774       0.153015       
5.190          -nan           -nan           -nan           0.000272273    0.000716657    0.00242613     0.00342661     0.00514919     0.00834105     0.00946811     0.0108646      0.0226684      0.0928624      0.102005       0.152125       0.151557       0.152801       
5.200          -nan           -nan           -nan           0.000265589    0.000700856    0.00237421     0.00335656     0.00504665     0.00818454     0.0092957      0.0106488      0.0223161      0.0921742      0.101298       0.151895       0.151336       0.152584       
5.210          -nan           -nan           -nan           0.000259072    0.000685418    0.00232332     0.0032878      0.00494587     0.00803072     0.00912596     0.0104366      0.0219681      0.0914851      0.100588       0.151661       0.151111       0.152362       
5.220          -nan           -nan           -nan           0.000252716    0.000670336    0.00227346     0.00322029     0.00484684     0.00787957     0.00895885     0.0102279      0.0216243      0.0907953      0.0998778      0.151423       0.150881       0.152135       
5.230          -nan           -nan           -nan           0.00024652     0.000655601    0.00222459     0.00315403     0.00474954     0.00773105     0.00879435     0.0100228      0.0212846      0.0901049      0.0991657      0.151181       0.150647       0.151905       
5.240          -nan           -nan           -nan           0.000240478    0.000641206    0.0021767      0.00308899     0.00465393     0.00758512     0.00863242     0.0098212      0.0209491      0.0894138      0.0984522      0.150934       0.15041        0.15167        
5.250          -nan           -nan           -nan           0.000234588    0.000627142    0.00212978     0.00302515     0.00456        0.00744175     0.00847304     0.00962303     0.0206177      0.0887223      0.0977374      0.150683       0.150168       0.15143        
5.260          -nan           -nan           -nan           0.000228846    0.000613402    0.0020838      0.00296248     0.00446772     0.00730091     0.00831618     0.00942826     0.0202904      0.0880303      0.0970215      0.150427       0.149921       0.151186       
5.270          -nan           -nan           -nan           0.000223248    0.000599978    0.00203875     0.00290098     0.00437708     0.00716256     0.00816181     0.00923685     0.0199671      0.087338       0.0963044      0.150167       0.149671       0.150938       
5.280          -nan           -nan           -nan           0.000217792    0.000586864    0.00199461     0.00284062     0.00428804     0.00702667     0.00800989     0.00904876     0.0196479      0.0866454      0.0955864      0.149902       0.149416       0.150685       
5.290          -nan           -nan           -nan           0.000212473    0.000574051    0.00195137     0.00278137     0.00420058     0.00689321     0.00786041     0.00886395     0.0193327      0.0859527      0.0948674      0.149633       0.149156       0.150428       
5.300          -nan           -nan           -nan           0.000207288    0.000561534    0.001909       0.00272323     0.00411469     0.00676214     0.00771333     0.00868236     0.0190215      0.0852599      0.0941476      0.149359       0.148892       0.150166       
5.310          -nan           -nan           -nan           0.000202235    0.000549304    0.0018675      0.00266617     0.00403034     0.00663343     0.00756862     0.00850397     0.0187142      0.084567       0.093427       0.149081       0.148624       0.149899       
5.320          -nan           -nan           -nan           -nan           0.000537356    0.00182685     0.00261017     0.0039475      0.00650704     0.00742626     0.00832873     0.0184109      0.0838742      0.0927057      0.148798       0.148351       0.149628       
5.330          -nan           -nan           -nan           -nan           0.000525683    0.00178702     0.00255522     0.00386616     0.00638295     0.00728622     0.00815659     0.0181115      0.0831815      0.0919839      0.14851        0.148074       0.149352       
5.340          -nan           -nan           -nan           -nan           0.000514278    0.00174801     0.0025013      0.0037863      0.00626112     0.00714846     0.00798752     0.0178159      0.0824891      0.0912615      0.148218       0.147792       0.149072       
5.350          -nan           -nan           -nan           -nan           0.000503135    0.00170981     0.00244839     0.00370788     0.00614152     0.00701296     0.00782147     0.0175242      0.081797       0.0905388      0.147921       0.147506       0.148786       
5.360          -nan           -nan           -nan           -nan           0.000492248    0.00167239     0.00239647     0.0036309      0.00602411     0.00687969     0.0076584      0.0172363      0.0811052      0.0898157      0.14762        0.147215       0.148496       
5.370          -nan           -nan           -nan           -nan           0.00048161     0.00163573     0.00234553     0.00355533     0.00590887     0.00674863     0.00749827     0.0169522      0.0804139      0.0890924      0.147313       0.14692        0.148202       
5.380          -nan           -nan           -nan           -nan           0.000471217    0.00159984     0.00229555     0.00348115     0.00579576     0.00661974     0.00734104     0.0166718      0.0797232      0.0883689      0.147002       0.14662        0.147902       
5.390          -nan           -nan           -nan           -nan           0.000461062    0.00156469     0.00224652     0.00340833     0.00568474     0.006493       0.00718666     0.0163951      0.079033       0.0876454      0.146686       0.146315       0.147598       
5.400          -nan           -nan           -nan           -nan           0.000451139    0.00153026     0.00219841     0.00333687     0.00557579     0.00636839     0.00703511     0.0161222      0.0783436      0.0869219      0.146366       0.146006       0.147289       
5.410          -nan           -nan           -nan           -nan           0.000441443    0.00149655     0.00215121     0.00326673     0.00546888     0.00624586     0.00688633     0.0158529      0.077655       0.0861985      0.14604        0.145692       0.146976       
5.420          -nan           -nan           -nan           -nan           0.000431969    0.00146354     0.00210491     0.0031979      0.00536397     0.00612541     0.00674029     0.0155872      0.0769672      0.0854753      0.14571        0.145373       0.146657       
5.430          -nan           -nan           -nan           -nan           0.000422711    0.00143121     0.0020595      0.00313035     0.00526103     0.00600699     0.00659695     0.0153251      0.0762803      0.0847524      0.145375       0.14505        0.146333       
5.440          -nan           -nan           -nan           -nan           0.000413664    0.00139956     0.00201495     0.00306408     0.00516003     0.00589059     0.00645627     0.0150666      0.0755945      0.0840299      0.145035       0.144721       0.146005       
5.450          -nan           -nan           -nan           -nan           0.000404824    0.00136857     0.00197125     0.00299905     0.00506094     0.00577617     0.00631821     0.0148117      0.0749097      0.0833078      0.14469        0.144388       0.145672       
5.460          -nan           -nan           -nan           -nan           0.000396185    0.00133823     0.00192839     0.00293526     0.00496373     0.00566372     0.00618272     0.0145602      0.0742261      0.0825863      0.14434        0.144051       0.145334       
5.470          -nan           -nan           -nan           -nan           0.000387742    0.00130852     0.00188635     0.00287267     0.00486837     0.0055532      0.00604979     0.0143122      0.0735437      0.0818653      0.143986       0.143708       0.144991       
5.480          -nan           -nan           -nan           -nan           0.000379491    0.00127944     0.00184512     0.00281128     0.00477483     0.00544458     0.00591935     0.0140677      0.0728627      0.0811451      0.143626       0.143361       0.144643       
5.490          -nan           -nan           -nan           -nan           0.000371427    0.00125096     0.00180469     0.00275106     0.00468308     0.00533785     0.00579138     0.0138266      0.072183       0.0804257      0.143262       0.143009       0.14429        
5.500          -nan           -nan           -nan           -nan           0.000363547    0.00122308     0.00176504     0.00269199     0.00459309     0.00523298     0.00566584     0.0135888      0.0715048      0.0797071      0.142893       0.142652       0.143933       
5.510          -nan           -nan           -nan           -nan           0.000355844    0.00119579     0.00172616     0.00263406     0.00450482     0.00512994     0.0055427      0.0133544      0.0708282      0.0789895      0.142519       0.14229        0.14357        
5.520          -nan           -nan           -nan           -nan           0.000348316    0.00116908     0.00168803     0.00257725     0.00441826     0.00502871     0.0054219      0.0131233      0.0701531      0.078273       0.142139       0.141923       0.143203       
5.530          -nan           -nan           -nan           -nan           0.000340957    0.00114293     0.00165065     0.00252153     0.00433337     0.00492925     0.00530343     0.0128955      0.0694798      0.0775576      0.141755       0.141552       0.14283        
5.540          -nan           -nan           -nan           -nan           0.000333765    0.00111733     0.001614       0.0024669      0.00425013     0.00483156     0.00518724     0.0126709      0.0688081      0.0768433      0.141366       0.141176       0.142453       
5.550          -nan           -nan           -nan           -nan           0.000326734    0.00109227     0.00157807     0.00241334     0.00416849     0.00473559     0.00507329     0.0124496      0.0681384      0.0761304      0.140973       0.140794       0.14207        
5.560          -nan           -nan           -nan           -nan           0.000319862    0.00106774     0.00154284     0.00236082     0.00408845     0.00464133     0.00496156     0.0122314      0.0674705      0.0754188      0.140574       0.140408       0.141683       
5.570          -nan           -nan           -nan           -nan           0.000313144    0.00104373     0.00150831     0.00230933     0.00400996     0.00454876     0.004852       0.0120164      0.0668045      0.0747087      0.14017        0.140017       0.141291       
5.580          -nan           -nan           -nan           -nan           0.000306577    0.00102023     0.00147446     0.00225886     0.00393301     0.00445785     0.00474459     0.0118045      0.0661406      0.0740001      0.139761       0.139621       0.140894       
5.590          -nan           -nan           -nan           -nan           0.000300156    0.000997232    0.00144129     0.00220938     0.00385756     0.00436857     0.00463928     0.0115957      0.0654788      0.0732931      0.139348       0.139221       0.140491       
5.600          -nan           -nan           -nan           -nan           0.00029388     0.00097472     0.00140877     0.00216088     0.00378358     0.0042809      0.00453604     0.01139        0.0648192      0.0725878      0.138929       0.138815       0.140084       
5.610          -nan           -nan           -nan           -nan           0.000287743    0.000952688    0.0013769      0.00211335     0.00371106     0.00419483     0.00443484     0.0111873      0.0641618      0.0718842      0.138505       0.138405       0.139672       
5.620          -nan           -nan           -nan           -nan           0.000281743    0.000931124    0.00134567     0.00206677     0.00363997     0.00411032     0.00433565     0.0109875      0.0635067      0.0711825      0.138077       0.137989       0.139255       
5.630          -nan           -nan           -nan           -nan           0.000275877    0.00091002     0.00131507     0.00202112     0.00357027     0.00402735     0.00423844     0.0107908      0.062854       0.0704827      0.137644       0.137569       0.138834       
5.640          -nan           -nan           -nan           -nan           0.000270141    0.000889366    0.00128509     0.00197638     0.00350194     0.0039459      0.00414316     0.0105969      0.0622037      0.0697848      0.137205       0.137144       0.138407       
5.650          -nan           -nan           -nan           -nan           0.000264533    0.000869154    0.00125571     0.00193255     0.00343497     0.00386595     0.00404979     0.010406       0.0615558      0.069089       0.136762       0.136714       0.137975       
5.660          -nan           -nan           -nan           -nan           0.000259048    0.000849372    0.00122693     0.0018896      0.00336931     0.00378748     0.0039583      0.0102179      0.0609106      0.0683954      0.136314       0.136279       0.137539       
5.670          -nan           -nan           -nan           -nan           0.000253685    0.000830015    0.00119873     0.00184752     0.00330496     0.00371045     0.00386864     0.0100326      0.0602679      0.0677039      0.135861       0.135839       0.137097       
5.680          -nan           -nan           -nan           -nan           0.000248441    0.000811071    0.00117111     0.0018063      0.00324187     0.00363486     0.00378081     0.0098502      0.0596279      0.0670148      0.135403       0.135395       0.136651       
5.690          -nan           -nan           -nan           -nan           0.000243312    0.000792533    0.00114406     0.00176591     0.00318004     0.00356068     0.00369476     0.00967051     0.0589907      0.0663279      0.134941       0.134945       0.1362         
5.700          -nan           -nan           -nan           -nan           0.000238296    0.000774393    0.00111757     0.00172636     0.00311943     0.00348789     0.00361046     0.00949357     0.0583562      0.0656435      0.134473       0.134491       0.135744       
5.710          -nan           -nan           -nan           -nan           0.00023339     0.000756641    0.00109162     0.00168761     0.00306003     0.00341646     0.00352788     0.00931933     0.0577246      0.0649616      0.134001       0.134032       0.135283       
5.720          -nan           -nan           -nan           -nan           0.000228592    0.000739271    0.00106621     0.00164967     0.00300181     0.00334638     0.003447       0.00914776     0.0570959      0.0642822      0.133524       0.133568       0.134817       
5.730          -nan           -nan           -nan           -nan           0.000223899    0.000722273    0.00104133     0.0016125      0.00294474     0.00327762     0.00336777     0.00897884     0.0564701      0.0636054      0.133042       0.1331         0.134347       
5.740          -nan           -nan           -nan           -nan           0.000219308    0.000705641    0.00101697     0.00157611     0.0028888      0.00321017     0.00329019     0.00881253     0.0558474      0.0629313      0.132556       0.132626       0.133872       
5.750          -nan           -nan           -nan           -nan           0.000214818    0.000689367    0.000993123    0.00154047     0.00283398     0.003144       0.00321421     0.0086488      0.0552277      0.06226        0.132064       0.132148       0.133392       
5.760          -nan           -nan           -nan           -nan           0.000210426    0.000673443    0.000969778    0.00150558     0.00278025     0.0030791      0.00313981     0.00848763     0.0546111      0.0615914      0.131568       0.131665       0.132907       
5.770          -nan           -nan           -nan           -nan           0.000206129    0.000657862    0.000946928    0.00147141     0.00272758     0.00301544     0.00306695     0.00832897     0.0539977      0.0609258      0.131067       0.131178       0.132418       
5.780          -nan           -nan           -nan           -nan           0.000201925    0.000642616    0.000924564    0.00143796     0.00267597     0.002953       0.00299562     0.0081728      0.0533875      0.060263       0.130562       0.130686       0.131924       
5.790          -nan           -nan           -nan           -nan           -nan           0.0006277      0.000902677    0.00140522     0.00262538     0.00289177     0.00292579     0.00801909     0.0527806      0.0596033      0.130052       0.130189       0.131426       
5.800          -nan           -nan           -nan           -nan           -nan           0.000613105    0.000881259    0.00137316     0.00257579     0.00283172     0.00285742     0.00786782     0.052177       0.0589466      0.129537       0.129688       0.130922       
5.810          -nan           -nan           -nan           -nan           -nan           0.000598825    0.000860303    0.00134179     0.0025272      0.00277284     0.0027905      0.00771894     0.0515768      0.0582931      0.129018       0.129182       0.130415       
5.820          -nan           -nan           -nan           -nan           -nan           0.000584854    0.0008398      0.00131108     0.00247957     0.0027151      0.00272499     0.00757243     0.0509799      0.0576426      0.128494       0.128671       0.129902       
5.830          -nan           -nan           -nan           -nan           -nan           0.000571184    0.000819743    0.00128102     0.00243288     0.0026585      0.00266088     0.00742827     0.0503865      0.0569955      0.127966       0.128156       0.129385       
5.840          -nan           -nan           -nan           -nan           -nan           0.000557811    0.000800124    0.0012516      0.00238712     0.002603       0.00259813     0.00728641     0.0497966      0.0563516      0.127434       0.127636       0.128864       
5.850          -nan           -nan           -nan           -nan           -nan           0.000544726    0.000780936    0.00122282     0.00234227     0.0025486      0.00253672     0.00714684     0.0492103      0.055711       0.126896       0.127112       0.128338       
5.860          -nan           -nan           -nan           -nan           -nan           0.000531925    0.00076217     0.00119465     0.00229831     0.00249527     0.00247663     0.00700953     0.0486275      0.0550738      0.126355       0.126584       0.127808       
5.870          -nan           -nan           -nan           -nan           -nan           0.000519402    0.000743819    0.00116709     0.00225522     0.00244299     0.00241783     0.00687443     0.0480483      0.05444        0.125809       0.126051       0.127273       
5.880          -nan           -nan           -nan           -nan           -nan           0.000507149    0.000725877    0.00114012     0.00221298     0.00239176     0.00236029     0.00674154     0.0474728      0.0538098      0.125259       0.125513       0.126735       
5.890          -nan           -nan           -nan           -nan           -nan           0.000495163    0.000708335    0.00111374     0.00217158     0.00234154     0.002304       0.00661081     0.046901       0.053183       0.124704       0.124972       0.126191       
5.900          -nan           -nan           -nan           -nan           -nan           0.000483436    0.000691188    0.00108793     0.002131       0.00229233     0.00224894     0.00648223     0.0463328      0.0525599      0.124145       0.124426       0.125644       
5.910          -nan           -nan           -nan           -nan           -nan           0.000471965    0.000674427    0.00106268     0.00209122     0.0022441      0.00219507     0.00635576     0.0457685      0.0519403      0.123583       0.123876       0.125092       
5.920          -nan           -nan           -nan           -nan           -nan           0.000460743    0.000658047    0.00103799     0.00205222     0.00219685     0.00214238     0.00623137     0.0452079      0.0513245      0.123015       0.123321       0.124536       
5.930          -nan           -nan           -nan           -nan           -nan           0.000449765    0.00064204     0.00101384     0.002014       0.00215054     0.00209084     0.00610904     0.0446512      0.0507124      0.122444       0.122763       0.123976       
5.940          -nan           -nan           -nan           -nan           -nan           0.000439025    0.000626399    0.000990212    0.00197652     0.00210517     0.00204043     0.00598874     0.0440984      0.050104       0.121869       0.1222         0.123412       
5.950          -nan           -nan           -nan           -nan           -nan           0.00042852     0.000611119    0.00096711     0.00193978     0.00206073     0.00199113     0.00587045     0.0435494      0.0494994      0.12129        0.121633       0.122844       
5.960          -nan           -nan           -nan           -nan           -nan           0.000418244    0.000596192    0.000944518    0.00190376     0.00201718     0.00194293     0.00575413     0.0430043      0.0488987      0.120707       0.121063       0.122272       
5.970          -nan           -nan           -nan           -nan           -nan           0.000408192    0.000581612    0.000922427    0.00186844     0.00197453     0.00189579     0.00563977     0.0424632      0.0483018      0.120119       0.120488       0.121696       
5.980          -nan           -nan           -nan           -nan           -nan           0.000398359    0.000567373    0.000900827    0.00183382     0.00193275     0.00184969     0.00552732     0.0419261      0.0477089      0.119529       0.119909       0.121116       
5.990          -nan           -nan           -nan           -nan           -nan           0.000388741    0.000553468    0.000879708    0.00179987     0.00189182     0.00180463     0.00541678     0.041393       0.0471199      0.118934       0.119327       0.120532       
6.000          -nan           -nan           -nan           -nan           -nan           0.000379334    0.000539892    0.000859062    0.00176659     0.00185174     0.00176058     0.00530811     0.0408638      0.046535       0.118335       0.11874        0.119944       
6.010          -nan           -nan           -nan           -nan           -nan           0.000370133    0.000526638    0.000838879    0.00173395     0.00181249     0.00171751     0.00520129     0.0403388      0.045954       0.117733       0.11815        0.119353       
6.020          -nan           -nan           -nan           -nan           -nan           0.000361133    0.0005137      0.00081915     0.00170194     0.00177404     0.00167541     0.00509629     0.0398178      0.0453771      0.117127       0.117556       0.118758       
6.030          -nan           -nan           -nan           -nan           -nan           0.00035233     0.000501072    0.000799865    0.00167055     0.0017364      0.00163426     0.00499309     0.0393009      0.0448043      0.116518       0.116959       0.118159       
6.040          -nan           -nan           -nan           -nan           -nan           0.000343721    0.000488749    0.000781017    0.00163977     0.00169954     0.00159404     0.00489166     0.0387881      0.0442356      0.115905       0.116358       0.117557       
6.050          -nan           -nan           -nan           -nan           -nan           0.000335301    0.000476725    0.000762596    0.00160959     0.00166345     0.00155474     0.00479198     0.0382794      0.0436711      0.115289       0.115753       0.116951       
6.060          -nan           -nan           -nan           -nan           -nan           0.000327066    0.000464993    0.000744595    0.00157998     0.00162811     0.00151633     0.00469402     0.0377749      0.0431107      0.114669       0.115145       0.116341       
6.070          -nan           -nan           -nan           -nan           -nan           0.000319012    0.000453549    0.000727004    0.00155095     0.00159351     0.0014788      0.00459776     0.0372746      0.0425546      0.114046       0.114533       0.115729       
6.080          -nan           -nan           -nan           -nan           -nan           0.000311136    0.000442387    0.000709815    0.00152247     0.00155964     0.00144212     0.00450317     0.0367784      0.0420027      0.113419       0.113919       0.115113       
6.090          -nan           -nan           -nan           -nan           -nan           0.000303435    0.000431501    0.000693022    0.00149453     0.00152649     0.00140629     0.00441024     0.0362864      0.041455       0.11279        0.1133         0.114493       
6.100          -nan           -nan           -nan           -nan           -nan           0.000295903    0.000420886    0.000676614    0.00146713     0.00149403     0.00137129     0.00431894     0.0357986      0.0409116      0.112157       0.112679       0.113871       
6.110          -nan           -nan           -nan           -nan           -nan           0.000288538    0.000410537    0.000660586    0.00144024     0.00146227     0.00133709     0.00422924     0.0353151      0.0403725      0.111521       0.112054       0.113245       
6.120          -nan           -nan           -nan           -nan           -nan           0.000281336    0.000400448    0.000644928    0.00141387     0.00143118     0.00130369     0.00414113     0.0348357      0.0398378      0.110882       0.111426       0.112616       
6.130          -nan           -nan           -nan           -nan           -nan           0.000274294    0.000390614    0.000629634    0.001388       0.00140075     0.00127106     0.00405457     0.0343607      0.0393074      0.110241       0.110796       0.111984       
6.140          -nan           -nan           -nan           -nan           -nan           0.000267409    0.00038103     0.000614697    0.00136262     0.00137097     0.0012392      0.00396956     0.0338898      0.0387813      0.109596       0.110162       0.111349       
6.150          -nan           -nan           -nan           -nan           -nan           0.000260677    0.000371691    0.000600108    0.00133771     0.00134182     0.00120807     0.00388605     0.0334232      0.0382596      0.108949       0.109525       0.110711       
6.160          -nan           -nan           -nan           -nan           -nan           0.000254095    0.000362593    0.000585861    0.00131327     0.0013133      0.00117768     0.00380405     0.0329609      0.0377423      0.108299       0.108886       0.110071       
6.170          -nan           -nan           -nan           -nan           -nan           0.00024766     0.000353729    0.000571949    0.00128929     0.0012854      0.00114801     0.00372351     0.0325028      0.0372294      0.107646       0.108243       0.109427       
6.180          -nan           -nan           -nan           -nan           -nan           0.000241369    0.000345095    0.000558365    0.00126576     0.00125809     0.00111903     0.00364442     0.0320491      0.036721       0.10699        0.107598       0.108781       
6.190          -nan           -nan           -nan           -nan           -nan           0.00023522     0.000336687    0.000545103    0.00124266     0.00123138     0.00109074     0.00356676     0.0315996      0.0362169      0.106333       0.106951       0.108133       
6.200          -nan           -nan           -nan           -nan           -nan           0.000229208    0.0003285      0.000532155    0.00122        0.00120524     0.00106312     0.00349051     0.0311543      0.0357173      0.105672       0.106301       0.107481       
6.210          -nan           -nan           -nan           -nan           -nan           0.000223332    0.000320528    0.000519515    0.00119775     0.00117967     0.00103616     0.00341565     0.0307134      0.0352222      0.10501        0.105648       0.106828       
6.220          -nan           -nan           -nan           -nan           -nan           0.000217588    0.000312769    0.000507177    0.00117592     0.00115466     0.00100984     0.00334216     0.0302767      0.0347315      0.104345       0.104993       0.106171       
6.230          -nan           -nan           -nan           -nan           -nan           0.000211974    0.000305216    0.000495134    0.00115449     0.00113019     0.000984153    0.00327001     0.0298443      0.0342453      0.103677       0.104335       0.105513       
6.240          -nan           -nan           -nan           -nan           -nan           0.000206487    0.000297865    0.000483381    0.00113345     0.00110625     0.000959082    0.00319918     0.0294162      0.0337636      0.103008       0.103676       0.104852       
6.250          -nan           -nan           -nan           -nan           -nan           0.000201124    0.000290713    0.00047191     0.0011128      0.00108283     0.000934615    0.00312967     0.0289924      0.0332864      0.102337       0.103014       0.104189       
6.260          -nan           -nan           -nan           -nan           -nan           -nan           0.000283754    0.000460718    0.00109252     0.00105993     0.000910739    0.00306144     0.0285728      0.0328136      0.101663       0.10235        0.103524       
6.270          -nan           -nan           -nan           -nan           -nan           -nan           0.000276984    0.000449797    0.00107262     0.00103753     0.000887442    0.00299447     0.0281576      0.0323453      0.100988       0.101684       0.102856       
6.280          -nan           -nan           -nan           -nan           -nan           -nan           0.0002704      0.000439142    0.00105307     0.00101563     0.000864711    0.00292876     0.0277465      0.0318816      0.100311       0.101016       0.102187       
6.290          -nan           -nan           -nan           -nan           -nan           -nan           0.000263997    0.000428747    0.00103388     0.000994203    0.000842534    0.00286427     0.0273398      0.0314223      0.0996323      0.100346       0.101516       
6.300          -nan           -nan           -nan           -nan           -nan           -nan           0.000257771    0.000418607    0.00101504     0.000973252    0.000820899    0.002801       0.0269373      0.0309676      0.0989519      0.0996747      0.100843       
6.310          -nan           -nan           -nan           -nan           -nan           -nan           0.000251717    0.000408716    0.00099654     0.000952762    0.000799795    0.00273891     0.026539       0.0305173      0.0982698      0.0990014      0.100168       
6.320          -nan           -nan           -nan           -nan           -nan           -nan           0.000245833    0.00039907     0.000978371    0.000932727    0.00077921     0.00267801     0.026145       0.0300715      0.0975863      0.0983264      0.0994916      
6.330          -nan           -nan           -nan           -nan           -nan           -nan           0.000240113    0.000389663    0.000960527    0.000913135    0.000759133    0.00261825     0.0257552      0.0296302      0.0969013      0.0976499      0.0988135      
6.340          -nan           -nan           -nan           -nan           -nan           -nan           0.000234554    0.000380489    0.000943003    0.000893978    0.000739552    0.00255963     0.0253696      0.0291934      0.096215       0.0969719      0.0981339      
6.350          -nan           -nan           -nan           -nan           -nan           -nan           0.000229153    0.000371544    0.000925792    0.000875246    0.000720458    0.00250214     0.0249882      0.0287611      0.0955275      0.0962925      0.0974529      
6.360          -nan           -nan           -nan           -nan           -nan           -nan           0.000223905    0.000362824    0.000908887    0.000856932    0.000701839    0.00244574     0.024611       0.0283333      0.0948387      0.0956118      0.0967704      
6.370          -nan           -nan           -nan           -nan           -nan           -nan           0.000218807    0.000354323    0.000892283    0.000839026    0.000683685    0.00239043     0.024238       0.0279099      0.0941489      0.0949299      0.0960867      
6.380          -nan           -nan           -nan           -nan           -nan           -nan           0.000213856    0.000346036    0.000875973    0.000821519    0.000665985    0.00233619     0.0238692      0.027491       0.0934581      0.0942468      0.0954017      
6.390          -nan           -nan           -nan           -nan           -nan           -nan           0.000209046    0.000337959    0.000859951    0.000804404    0.00064873     0.002283       0.0235045      0.0270766      0.0927664      0.0935627      0.0947156      
6.400          -nan           -nan           -nan           -nan           -nan           -nan           0.000204376    0.000330088    0.000844212    0.000787672    0.00063191     0.00223085     0.023144       0.0266666      0.0920737      0.0928775      0.0940285      
6.410          -nan           -nan           -nan           -nan           -nan           -nan           -nan           0.000322417    0.00082875     0.000771314    0.000615515    0.00217971     0.0227875      0.0262611      0.0913804      0.0921915      0.0933403      
6.420          -nan           -nan           -nan           -nan           -nan           -nan           -nan           0.000314943    0.000813559    0.000755324    0.000599535    0.00212957     0.0224352      0.02586        0.0906864      0.0915046      0.0926513      
6.430          -nan           -nan           -nan           -nan           -nan           -nan           -nan           0.000307662    0.000798634    0.000739692    0.000583962    0.00208043     0.022087       0.0254633      0.0899917      0.090817       0.0919614      
6.440          -nan           -nan           -nan           -nan           -nan           -nan           -nan           0.000300569    0.000783971    0.000724412    0.000568786    0.00203225     0.0217429      0.025071       0.0892966      0.0901287      0.0912708      
6.450          -nan           -nan           -nan           -nan           -nan           -nan           -nan           0.00029366     0.000769563    0.000709476    0.000553998    0.00198502     0.0214028      0.0246831      0.088601       0.0894399      0.0905795      
6.460          -nan           -nan           -nan           -nan           -nan           -nan           -nan           0.000286931    0.000755407    0.000694876    0.00053959     0.00193874     0.0210667      0.0242995      0.0879051      0.0887506      0.0898876      
6.470          -nan           -nan           -nan           -nan           -nan           -nan           -nan           0.000280378    0.000741497    0.000680605    0.000525552    0.00189337     0.0207347      0.0239204      0.0872089      0.0880608      0.0891953      
6.480          -nan           -nan           -nan           -nan           -nan           -nan           -nan           0.000273998    0.000727828    0.000666656    0.000511876    0.00184892     0.0204066      0.0235456      0.0865125      0.0873707      0.0885025      
6.490          -nan           -nan           -nan           -nan           -nan           -nan           -nan           0.000267786    0.000714397    0.000653022    0.000498555    0.00180536     0.0200826      0.0231751      0.0858161      0.0866804      0.0878093      
6.500          -nan           -nan           -nan           -nan           -nan           -nan           -nan           0.000261739    0.000701197    0.000639696    0.00048558     0.00176268     0.0197625      0.0228089      0.0851196      0.0859899      0.0871159      
6.510          -nan           -nan           -nan           -nan           -nan           -nan           -nan           0.000255853    0.000688226    0.000626671    0.000472942    0.00172087     0.0194463      0.022447       0.0844232      0.0852994      0.0864223      
6.520          -nan           -nan           -nan           -nan           -nan           -nan           -nan           0.000250125    0.000675479    0.000613941    0.000460635    0.0016799      0.019134       0.0220894      0.0837269      0.0846088      0.0857286      
6.530          -nan           -nan           -nan           -nan           -nan           -nan           -nan           0.000244551    0.000662951    0.000601499    0.00044865     0.00163977     0.0188257      0.0217361      0.0830309      0.0839183      0.0850349      
6.540          -nan           -nan           -nan           -nan           -nan           -nan           -nan           0.000239128    0.000650639    0.000589338    0.000436981    0.00160047     0.0185212      0.021387       0.0823352      0.083228       0.0843412      
6.550          -nan           -nan           -nan           -nan           -nan           -nan           -nan           0.000233852    0.000638539    0.000577454    0.000425618    0.00156197     0.0182205      0.0210421      0.0816399      0.082538       0.0836476      
6.560          -nan           -nan           -nan           -nan           -nan           -nan           -nan           0.000228721    0.000626647    0.000565838    0.000414557    0.00152426     0.0179237      0.0207015      0.0809451      0.0818482      0.0829543      
6.570          -nan           -nan           -nan           -nan           -nan           -nan           -nan           0.00022373     0.000614959    0.000554486    0.000403789    0.00148734     0.0176306      0.020365       0.0802508      0.0811589      0.0822612      
6.580          -nan           -nan           -nan           -nan           -nan           -nan           -nan           0.000218877    0.000603471    0.000543392    0.000393307    0.00145119     0.0173414      0.0200326      0.0795572      0.08047        0.0815686      
6.590          -nan           -nan           -nan           -nan           -nan           -nan           -nan           0.000214159    0.00059218     0.000532549    0.000383105    0.00141579     0.0170558      0.0197044      0.0788642      0.0797817      0.0808763      
6.600          -nan           -nan           -nan           -nan           -nan           -nan           -nan           0.000209572    0.000581083    0.000521953    0.000373176    0.00138113     0.016774       0.0193803      0.0781721      0.0790941      0.0801846      
6.610          -nan           -nan           -nan           -nan           -nan           -nan           -nan           0.000205114    0.000570175    0.000511597    0.000363514    0.0013472      0.0164959      0.0190603      0.0774809      0.0784072      0.0794935      
6.620          -nan           -nan           -nan           -nan           -nan           -nan           -nan           0.000200782    0.000559454    0.000501475    0.000354111    0.00131399     0.0162215      0.0187444      0.0767906      0.0777211      0.0788031      
6.630          -nan           -nan           -nan           -nan           -nan           -nan           -nan           -nan           0.000548917    0.000491584    0.000344963    0.00128149     0.0159506      0.0184324      0.0761013      0.0770359      0.0781134      
6.640          -nan           -nan           -nan           -nan           -nan           -nan           -nan           -nan           0.000538559    0.000481917    0.000336063    0.00124968     0.0156834      0.0181245      0.0754132      0.0763516      0.0774246      
6.650          -nan           -nan           -nan           -nan           -nan           -nan           -nan           -nan           0.000528379    0.00047247     0.000327404    0.00121854     0.0154198      0.0178206      0.0747262      0.0756684      0.0767367      
6.660          -nan           -nan           -nan           -nan           -nan           -nan           -nan           -nan           0.000518373    0.000463237    0.000318982    0.00118808     0.0151598      0.0175207      0.0740405      0.0749863      0.0760497      
6.670          -nan           -nan           -nan           -nan           -nan           -nan           -nan           -nan           0.000508538    0.000454214    0.000310789    0.00115827     0.0149033      0.0172247      0.0733562      0.0743054      0.0753638      
6.680          -nan           -nan           -nan           -nan           -nan           -nan           -nan           -nan           0.000498871    0.000445395    0.000302821    0.0011291      0.0146502      0.0169326      0.0726733      0.0736257      0.0746791      
6.690          -nan           -nan           -nan           -nan           -nan           -nan           -nan           -nan           0.00048937     0.000436777    0.000295072    0.00110057     0.0144007      0.0166443      0.0719918      0.0729474      0.0739956      
6.700          -nan           -nan           -nan           -nan           -nan           -nan           -nan           -nan           0.000480031    0.000428354    0.000287537    0.00107266     0.0141546      0.01636        0.0713119      0.0722705      0.0733133      
6.710          -nan           -nan           -nan           -nan           -nan           -nan           -nan           -nan           0.000470853    0.000420122    0.000280211    0.00104537     0.0139119      0.0160794      0.0706337      0.0715951      0.0726324      
6.720          -nan           -nan           -nan           -nan           -nan           -nan           -nan           -nan           0.000461831    0.000412077    0.000273087    0.00101867     0.0136726      0.0158026      0.0699572      0.0709212      0.071953       
6.730          -nan           -nan           -nan           -nan           -nan           -nan           -nan           -nan           0.000452965    0.000404214    0.000266162    0.000992561    0.0134366      0.0155297      0.0692824      0.070249       0.071275       
6.740          -nan           -nan           -nan           -nan           -nan           -nan           -nan           -nan           0.00044425     0.000396529    0.000259429    0.000967031    0.013204       0.0152604      0.0686095      0.0695785      0.0705987      
6.750          -nan           -nan           -nan           -nan           -nan           -nan           -nan           -nan           0.000435685    0.000389018    0.000252885    0.000942069    0.0129747      0.0149949      0.0679385      0.0689097      0.0699239      
6.760          -nan           -nan           -nan           -nan           -nan           -nan           -nan           -nan           0.000427267    0.000381677    0.000246525    0.000917664    0.0127486      0.014733       0.0672695      0.0682428      0.0692509      
6.770          -nan           -nan           -nan           -nan           -nan           -nan           -nan           -nan           0.000418994    0.000374502    0.000240344    0.000893807    0.0125258      0.0144748      0.0666026      0.0675778      0.0685797      
6.780          -nan           -nan           -nan           -nan           -nan           -nan           -nan           -nan           0.000410864    0.000367489    -nan           0.000870487    0.0123062      0.0142202      0.0659378      0.0669148      0.0679103      
6.790          -nan           -nan           -nan           -nan           -nan           -nan           -nan           -nan           0.000402874    0.000360635    -nan           0.000847694    0.0120898      0.0139692      0.0652752      0.0662539      0.0672429      
6.800          -nan           -nan           -nan           -nan           -nan           -nan           -nan           -nan           0.000395023    0.000353935    -nan           0.000825419    0.0118765      0.0137218      0.0646148      0.065595       0.0665774      
6.810          -nan           -nan           -nan           -nan           -nan           -nan           -nan           -nan           0.000387306    0.000347386    -nan           0.000803651    0.0116663      0.0134779      0.0639568      0.0649384      0.065914       
6.820          -nan           -nan           -nan           -nan           -nan           -nan           -nan           -nan           0.000379724    0.000340985    -nan           0.000782381    0.0114593      0.0132375      0.0633012      0.0642839      0.0652527      
6.830          -nan           -nan           -nan           -nan           -nan           -nan           -nan           -nan           0.000372274    0.000334729    -nan           0.0007616      0.0112552      0.0130005      0.062648       0.0636318      0.0645936      
6.840          -nan           -nan           -nan           -nan           -nan           -nan           -nan           -nan           0.000364952    0.000328613    -nan           0.000741299    0.0110542      0.012767       0.0619973      0.0629821      0.0639368      
6.850          -nan           -nan           -nan           -nan           -nan           -nan           -nan           -nan           0.000357759    0.000322634    -nan           0.000721468    0.0108562      0.0125369      0.0613492      0.0623347      0.0632823      
6.860          -nan           -nan           -nan           -nan           -nan           -nan           -nan           -nan           0.000350691    0.00031679     -nan           0.000702098    0.0106612      0.0123102      0.0607037      0.0616899      0.0626301      
6.870          -nan           -nan           -nan           -nan           -nan           -nan           -nan           -nan           0.000343746    0.000311078    -nan           0.000683181    0.0104691      0.0120868      0.0600609      0.0610477      0.0619804      
6.880          -nan           -nan           -nan           -nan           -nan           -nan           -nan           -nan           0.000336923    0.000305493    -nan           0.000664707    0.0102799      0.0118667      0.0594209      0.060408       0.0613332      
6.890          -nan           -nan           -nan           -nan           -nan           -nan           -nan           -nan           0.00033022     0.000300034    -nan           0.000646668    0.0100935      0.0116499      0.0587837      0.059771       0.0606886      
6.900          -nan           -nan           -nan           -nan           -nan           -nan           -nan           -nan           0.000323635    0.000294696    -nan           0.000629056    0.00991001     0.0114363      0.0581493      0.0591367      0.0600466      
6.910          -nan           -nan           -nan           -nan           -nan           -nan           -nan           -nan           0.000317166    0.000289479    -nan           0.000611862    0.00972931     0.0112259      0.0575178      0.0585052      0.0594072      
6.920          -nan           -nan           -nan           -nan           -nan           -nan           -nan           -nan           0.000310811    0.000284378    -nan           0.000595078    0.00955139     0.0110188      0.0568894      0.0578766      0.0587706      
6.930          -nan           -nan           -nan           -nan           -nan           -nan           -nan           -nan           0.000304569    0.000279391    -nan           0.000578696    0.00937623     0.0108147      0.0562639      0.0572508      0.0581368      
6.940          -nan           -nan           -nan           -nan           -nan           -nan           -nan           -nan           0.000298438    0.000274515    -nan           0.000562708    0.00920378     0.0106138      0.0556415      0.056628       0.0575059      
6.950          -nan           -nan           -nan           -nan           -nan           -nan           -nan           -nan           0.000292416    0.000269747    -nan           0.000547106    0.00903401     0.010416       0.0550223      0.0560082      0.0568778      
6.960          -nan           -nan           -nan           -nan           -nan           -nan           -nan           -nan           0.000286501    0.000265086    -nan           0.000531882    0.0088669      0.0102212      0.0544062      0.0553914      0.0562527      
6.970          -nan           -nan           -nan           -nan           -nan           -nan           -nan           -nan           0.000280692    0.000260529    -nan           0.000517028    0.00870242     0.0100294      0.0537934      0.0547777      0.0556307      
6.980          -nan           -nan           -nan           -nan           -nan           -nan           -nan           -nan           0.000274988    0.000256073    -nan           0.000502538    0.00854052     0.00984066     0.0531838      0.0541672      0.0550116      
6.990          -nan           -nan           -nan           -nan           -nan           -nan           -nan           -nan           0.000269386    0.000251716    -nan           0.000488403    0.0083812      0.00965483     0.0525775      0.0535598      0.0543957      
7.000          -nan           -nan           -nan           -nan           -nan           -nan           -nan           -nan           0.000263884    0.000247455    -nan           0.000474617    0.0082244      0.00947193     0.0519746      0.0529557      0.053783       
7.010          -nan           -nan           -nan           -nan           -nan           -nan           -nan           -nan           0.000258483    0.000243289    -nan           0.000461172    0.00807012     0.00929191     0.0513751      0.0523549      0.0531734      
7.020          -nan           -nan           -nan           -nan           -nan           -nan           -nan           -nan           0.000253179    0.000239215    -nan           0.000448061    0.0079183      0.00911475     0.0507791      0.0517574      0.0525672      
7.030          -nan           -nan           -nan           -nan           -nan           -nan           -nan           -nan           0.000247972    0.000235231    -nan           0.000435277    0.00776893     0.00894042     0.0501865      0.0511632      0.0519642      
7.040          -nan           -nan           -nan           -nan           -nan           -nan           -nan           -nan           0.00024286     0.000231335    -nan           0.000422813    0.00762197     0.00876887     0.0495975      0.0505725      0.0513645      
7.050          -nan           -nan           -nan           -nan           -nan           -nan           -nan           -nan           0.000237841    0.000227526    -nan           0.000410664    0.0074774      0.00860009     0.049012       0.0499852      0.0507683      
7.060          -nan           -nan           -nan           -nan           -nan           -nan           -nan           -nan           0.000232915    0.0002238      -nan           0.000398821    0.00733518     0.00843403     0.0484302      0.0494014      0.0501755      
7.070          -nan           -nan           -nan           -nan           -nan           -nan           -nan           -nan           0.000228079    0.000220156    -nan           0.000387279    0.00719529     0.00827067     0.047852       0.0488211      0.0495862      
7.080          -nan           -nan           -nan           -nan           -nan           -nan           -nan           -nan           0.000223332    0.000216592    -nan           0.000376031    0.00705769     0.00810997     0.0472774      0.0482444      0.0490004      
7.090          -nan           -nan           -nan           -nan           -nan           -nan           -nan           -nan           0.000218674    0.000213107    -nan           0.00036507     0.00692236     0.0079519      0.0467066      0.0476713      0.0484182      
7.100          -nan           -nan           -nan           -nan           -nan           -nan           -nan           -nan           0.000214101    0.000209698    -nan           0.000354392    0.00678926     0.00779643     0.0461396      0.0471018      0.0478395      
7.110          -nan           -nan           -nan           -nan           -nan           -nan           -nan           -nan           0.000209614    0.000206364    -nan           0.000343988    0.00665838     0.00764353     0.0455763      0.046536       0.0472645      
7.120          -nan           -nan           -nan           -nan           -nan           -nan           -nan           -nan           -nan           0.000203103    -nan           0.000333855    0.00652968     0.00749316     0.0450168      0.0459739      0.0466932      
7.130          -nan           -nan           -nan           -nan           -nan           -nan           -nan           -nan           -nan           -nan           -nan           0.000323985    0.00640313     0.00734531     0.0444612      0.0454156      0.0461256      
7.140          -nan           -nan           -nan           -nan           -nan           -nan           -nan           -nan           -nan           -nan           -nan           0.000314373    0.0062787      0.00719992     0.0439094      0.0448609      0.0455617      
7.150          -nan           -nan           -nan           -nan           -nan           -nan           -nan           -nan           -nan           -nan           -nan           0.000305013    0.00615637     0.00705698     0.0433616      0.0443101      0.0450016      
7.160          -nan           -nan           -nan           -nan           -nan           -nan           -nan           -nan           -nan           -nan           -nan           0.0002959      0.00603611     0.00691645     0.0428177      0.0437631      0.0444453      
7.170          -nan           -nan           -nan           -nan           -nan           -nan           -nan           -nan           -nan           -nan           -nan           0.000287027    0.00591789     0.0067783      0.0422777      0.04322        0.0438928      
7.180          -nan           -nan           -nan           -nan           -nan           -nan           -nan           -nan           -nan           -nan           -nan           0.000278391    0.00580168     0.0066425      0.0417417      0.0426807      0.0433442      
7.190          -nan           -nan           -nan           -nan           -nan           -nan           -nan           -nan           -nan           -nan           -nan           0.000269984    0.00568746     0.00650902     0.0412097      0.0421453      0.0427996      
7.200          -nan           -nan           -nan           -nan           -nan           -nan           -nan           -nan           -nan           -nan           -nan           0.000261803    0.00557519     0.00637784     0.0406817      0.0416139      0.0422588      
7.210          -nan           -nan           -nan           -nan           -nan           -nan           -nan           -nan           -nan           -nan           -nan           0.000253842    0.00546486     0.00624891     0.0401578      0.0410864      0.041722       
7.220          -nan           -nan           -nan           -nan           -nan           -nan           -nan           -nan           -nan           -nan           -nan           0.000246097    0.00535643     0.00612221     0.0396379      0.0405628      0.0411892      
7.230          -nan           -nan           -nan           -nan           -nan           -nan           -nan           -nan           -nan           -nan           -nan           0.000238561    0.00524988     0.00599771     0.0391221      0.0400432      0.0406603      
7.240          -nan           -nan           -nan           -nan           -nan           -nan           -nan           -nan           -nan           -nan           -nan           0.00023123     0.00514519     0.00587538     0.0386105      0.0395277      0.0401356      
7.250          -nan           -nan           -nan           -nan           -nan           -nan           -nan           -nan           -nan           -nan           -nan           0.0002241      0.00504232     0.00575519     0.0381029      0.0390162      0.0396148      
7.260          -nan           -nan           -nan           -nan           -nan           -nan           -nan           -nan           -nan           -nan           -nan           0.000217165    0.00494125     0.00563712     0.0375995      0.0385087      0.0390981      
7.270          -nan           -nan           -nan           -nan           -nan           -nan           -nan           -nan           -nan           -nan           -nan           0.000210422    0.00484195     0.00552113     0.0371002      0.0380052      0.0385855      
7.280          -nan           -nan           -nan           -nan           -nan           -nan           -nan           -nan           -nan           -nan           -nan           -nan           0.00474441     0.00540719     0.036605       0.0375059      0.0380771      
7.290          -nan           -nan           -nan           -nan           -nan           -nan           -nan           -nan           -nan           -nan           -nan           -nan           0.00464859     0.00529527     0.0361141      0.0370106      0.0375727      
7.300          -nan           -nan           -nan           -nan           -nan           -nan           -nan           -nan           -nan           -nan           -nan           -nan           0.00455446     0.00518536     0.0356273      0.0365194      0.0370725      
7.310          -nan           -nan           -nan           -nan           -nan           -nan           -nan           -nan           -nan           -nan           -nan           -nan           0.00446202     0.00507741     0.0351447      0.0360324      0.0365765      
7.320          -nan           -nan           -nan           -nan           -nan           -nan           -nan           -nan           -nan           -nan           -nan           -nan           0.00437122     0.00497141     0.0346663      0.0355494      0.0360846      
7.330          -nan           -nan           -nan           -nan           -nan           -nan           -nan           -nan           -nan           -nan           -nan           -nan           0.00428205     0.00486731     0.0341922      0.0350706      0.0355969      
7.340          -nan           -nan           -nan           -nan           -nan           -nan           -nan           -nan           -nan           -nan           -nan           -nan           0.00419448     0.00476511     0.0337222      0.0345959      0.0351135      
7.350          -nan           -nan           -nan           -nan           -nan           -nan           -nan           -nan           -nan           -nan           -nan           -nan           0.0041085      0.00466476     0.0332565      0.0341254      0.0346342      
7.360          -nan           -nan           -nan           -nan           -nan           -nan           -nan           -nan           -nan           -nan           -nan           -nan           0.00402406     0.00456624     0.032795       0.033659       0.0341592      
7.370          -nan           -nan           -nan           -nan           -nan           -nan           -nan           -nan           -nan           -nan           -nan           -nan           0.00394116     0.00446953     0.0323378      0.0331968      0.0336884      
7.380          -nan           -nan           -nan           -nan           -nan           -nan           -nan           -nan           -nan           -nan           -nan           -nan           0.00385976     0.0043746      0.0318848      0.0327388      0.0332218      
7.390          -nan           -nan           -nan           -nan           -nan           -nan           -nan           -nan           -nan           -nan           -nan           -nan           0.00377986     0.00428141     0.031436       0.0322849      0.0327595      
7.400          -nan           -nan           -nan           -nan           -nan           -nan           -nan           -nan           -nan           -nan           -nan           -nan           0.00370141     0.00418996     0.0309914      0.0318352      0.0323014      
7.410          -nan           -nan           -nan           -nan           -nan           -nan           -nan           -nan           -nan           -nan           -nan           -nan           0.00362441     0.0041002      0.0305512      0.0313897      0.0318476      
7.420          -nan           -nan           -nan           -nan           -nan           -nan           -nan           -nan           -nan           -nan           -nan           -nan           0.00354882     0.00401212     0.0301151      0.0309484      0.0313981      
7.430          -nan           -nan           -nan           -nan           -nan           -nan           -nan           -nan           -nan           -nan           -nan           -nan           0.00347464     0.00392569     0.0296833      0.0305112      0.0309528      
7.440          -nan           -nan           -nan           -nan           -nan           -nan           -nan           -nan           -nan           -nan           -nan           -nan           0.00340182     0.00384088     0.0292557      0.0300782      0.0305118      
7.450          -nan           -nan           -nan           -nan           -nan           -nan           -nan           -nan           -nan           -nan           -nan           -nan           0.00333037     0.00375768     0.0288324      0.0296494      0.0300751      
7.460          -nan           -nan           -nan           -nan           -nan           -nan           -nan           -nan           -nan           -nan           -nan           -nan           0.00326024     0.00367604     0.0284133      0.0292248      0.0296427      
7.470          -nan           -nan           -nan           -nan           -nan           -nan           -nan           -nan           -nan           -nan           -nan           -nan           0.00319143     0.00359596     0.0279984      0.0288043      0.0292145      
7.480          -nan           -nan           -nan           -nan           -nan           -nan           -nan           -nan           -nan           -nan           -nan           -nan           0.00312391     0.0035174      0.0275878      0.028388       0.0287906      
7.490          -nan           -nan           -nan           -nan           -nan           -nan           -nan           -nan           -nan           -nan           -nan           -nan           0.00305766     0.00344035     0.0271814      0.0279759      0.0283709      
7.500          -nan           -nan           -nan           -nan           -nan           -nan           -nan           -nan           -nan           -nan           -nan           -nan           0.00299265     0.00336477     0.0267791      0.0275679      0.0279556      
7.510          -nan           -nan           -nan           -nan           -nan           -nan           -nan           -nan           -nan           -nan           -nan           -nan           0.00292889     0.00329065     0.0263811      0.027164       0.0275445      
7.520          -nan           -nan           -nan           -nan           -nan           -nan           -nan           -nan           -nan           -nan           -nan           -nan           0.00286633     0.00321796     0.0259873      0.0267644      0.0271376      
7.530          -nan           -nan           -nan           -nan           -nan           -nan           -nan           -nan           -nan           -nan           -nan           -nan           0.00280496     0.00314668     0.0255977      0.0263688      0.026735       
7.540          -nan           -nan           -nan           -nan           -nan           -nan           -nan           -nan           -nan           -nan           -nan           -nan           0.00274477     0.00307679     0.0252122      0.0259774      0.0263367      
7.550          -nan           -nan           -nan           -nan           -nan           -nan           -nan           -nan           -nan           -nan           -nan           -nan           0.00268573     0.00300826     0.0248309      0.0255901      0.0259426      
7.560          -nan           -nan           -nan           -nan           -nan           -nan           -nan           -nan           -nan           -nan           -nan           -nan           0.00262783     0.00294108     0.0244537      0.0252069      0.0255527      
7.570          -nan           -nan           -nan           -nan           -nan           -nan           -nan           -nan           -nan           -nan           -nan           -nan           0.00257104     0.00287521     0.0240807      0.0248278      0.025167       
7.580          -nan           -nan           -nan           -nan           -nan           -nan           -nan           -nan           -nan           -nan           -nan           -nan           0.00251535     0.00281065     0.0237118      0.0244528      0.0247856      
7.590          -nan           -nan           -nan           -nan           -nan           -nan           -nan           -nan           -nan           -nan           -nan           -nan           0.00246074     0.00274736     0.023347       0.0240818      0.0244084      
7.600          -nan           -nan           -nan           -nan           -nan           -nan           -nan           -nan           -nan           -nan           -nan           -nan           0.00240719     0.00268533     0.0229863      0.0237149      0.0240353      
7.610          -nan           -nan           -nan           -nan           -nan           -nan           -nan           -nan           -nan           -nan           -nan           -nan           0.00235468     0.00262453     0.0226297      0.0233521      0.0236664      
7.620          -nan           -nan           -nan           -nan           -nan           -nan           -nan           -nan           -nan           -nan           -nan           -nan           0.00230321     0.00256495     0.0222772      0.0229933      0.0233017      
7.630          -nan           -nan           -nan           -nan           -nan           -nan           -nan           -nan           -nan           -nan           -nan           -nan           0.00225274     0.00250656     0.0219287      0.0226385      0.0229411      
7.640          -nan           -nan           -nan           -nan           -nan           -nan           -nan           -nan           -nan           -nan           -nan           -nan           0.00220327     0.00244935     0.0215842      0.0222877      0.0225847      
7.650          -nan           -nan           -nan           -nan           -nan           -nan           -nan           -nan           -nan           -nan           -nan           -nan           0.00215477     0.00239329     0.0212438      0.021941       0.0222324      
7.660          -nan           -nan           -nan           -nan           -nan           -nan           -nan           -nan           -nan           -nan           -nan           -nan           0.00210723     0.00233837     0.0209074      0.0215981      0.0218842      
7.670          -nan           -nan           -nan           -nan           -nan           -nan           -nan           -nan           -nan           -nan           -nan           -nan           0.00206063     0.00228457     0.0205749      0.0212593      0.0215401      
7.680          -nan           -nan           -nan           -nan           -nan           -nan           -nan           -nan           -nan           -nan           -nan           -nan           0.00201497     0.00223186     0.0202464      0.0209243      0.0212001      
7.690          -nan           -nan           -nan           -nan           -nan           -nan           -nan           -nan           -nan           -nan           -nan           -nan           0.00197021     0.00218023     0.0199218      0.0205933      0.0208641      
7.700          -nan           -nan           -nan           -nan           -nan           -nan           -nan           -nan           -nan           -nan           -nan           -nan           0.00192635     0.00212966     0.0196012      0.0202662      0.0205321      
7.710          -nan           -nan           -nan           -nan           -nan           -nan           -nan           -nan           -nan           -nan           -nan           -nan           0.00188337     0.00208013     0.0192845      0.019943       0.0202042      
7.720          -nan           -nan           -nan           -nan           -nan           -nan           -nan           -nan           -nan           -nan           -nan           -nan           0.00184126     0.00203162     0.0189716      0.0196236      0.0198803      
7.730          -nan           -nan           -nan           -nan           -nan           -nan           -nan           -nan           -nan           -nan           -nan           -nan           0.00179999     0.00198411     0.0186626      0.0193081      0.0195603      
7.740          -nan           -nan           -nan           -nan           -nan           -nan           -nan           -nan           -nan           -nan           -nan           -nan           0.00175956     0.0019376      0.0183574      0.0189964      0.0192443      
7.750          -nan           -nan           -nan           -nan           -nan           -nan           -nan           -nan           -nan           -nan           -nan           -nan           0.00171995     0.00189205     0.0180561      0.0186885      0.0189323      
7.760          -nan           -nan           -nan           -nan           -nan           -nan           -nan           -nan           -nan           -nan           -nan           -nan           0.00168115     0.00184746     0.0177585      0.0183844      0.0186241      
7.770          -nan           -nan           -nan           -nan           -nan           -nan           -nan           -nan           -nan           -nan           -nan           -nan           0.00164314     0.0018038      0.0174647      0.018084       0.0183199      
7.780          -nan           -nan           -nan           -nan           -nan           -nan           -nan           -nan           -nan           -nan           -nan           -nan           0.00160591     0.00176106     0.0171746      0.0177874      0.0180195      
7.790          -nan           -nan           -nan           -nan           -nan           -nan           -nan           -nan           -nan           -nan           -nan           -nan           0.00156944     0.00171923     0.0168883      0.0174945      0.017723       
7.800          -nan           -nan           -nan           -nan           -nan           -nan           -nan           -nan           -nan           -nan           -nan           -nan           0.00153373     0.00167827     0.0166057      0.0172053      0.0174303      
7.810          -nan           -nan           -nan           -nan           -nan           -nan           -nan           -nan           -nan           -nan           -nan           -nan           0.00149875     0.00163819     0.0163267      0.0169197      0.0171413      
7.820          -nan           -nan           -nan           -nan           -nan           -nan           -nan           -nan           -nan           -nan           -nan           -nan           0.00146449     0.00159897     0.0160514      0.0166378      0.0168562      
7.830          -nan           -nan           -nan           -nan           -nan           -nan           -nan           -nan           -nan           -nan           -nan           -nan           0.00143095     0.00156058     0.0157797      0.0163595      0.0165748      
7.840          -nan           -nan           -nan           -nan           -nan           -nan           -nan           -nan           -nan           -nan           -nan           -nan           0.0013981      0.00152302     0.0155116      0.0160848      0.0162972      
7.850          -nan           -nan           -nan           -nan           -nan           -nan           -nan           -nan           -nan           -nan           -nan           -nan           0.00136594     0.00148626     0.015247       0.0158137      0.0160232      
7.860          -nan           -nan           -nan           -nan           -nan           -nan           -nan           -nan           -nan           -nan           -nan           -nan           0.00133446     0.0014503      0.014986       0.0155461      0.0157529      
7.870          -nan           -nan           -nan           -nan           -nan           -nan           -nan           -nan           -nan           -nan           -nan           -nan           0.00130363     0.00141511     0.0147285      0.015282       0.0154862      
7.880          -nan           -nan           -nan           -nan           -nan           -nan           -nan           -nan           -nan           -nan           -nan           -nan           0.00127346     0.00138069     0.0144745      0.0150215      0.0152232      
7.890          -nan           -nan           -nan           -nan           -nan           -nan           -nan           -nan           -nan           -nan           -nan           -nan           0.00124392     0.00134703     0.014224       0.0147643      0.0149638      
7.900          -nan           -nan           -nan           -nan           -nan           -nan           -nan           -nan           -nan           -nan           -nan           -nan           0.001215       0.00131409     0.0139769      0.0145107      0.0147079      
7.910          -nan           -nan           -nan           -nan           -nan           -nan           -nan           -nan           -nan           -nan           -nan           -nan           0.0011867      0.00128188     0.0137332      0.0142604      0.0144556      
7.920          -nan           -nan           -nan           -nan           -nan           -nan           -nan           -nan           -nan           -nan           -nan           -nan           0.00115901     0.00125037     0.0134929      0.0140136      0.0142067      
7.930          -nan           -nan           -nan           -nan           -nan           -nan           -nan           -nan           -nan           -nan           -nan           -nan           0.0011319      0.00121957     0.0132559      0.0137701      0.0139614      
7.940          -nan           -nan           -nan           -nan           -nan           -nan           -nan           -nan           -nan           -nan           -nan           -nan           0.00110537     0.00118944     0.0130223      0.0135299      0.0137195      
7.950          -nan           -nan           -nan           -nan           -nan           -nan           -nan           -nan           -nan           -nan           -nan           -nan           0.00107942     0.00115998     0.0127919      0.0132931      0.013481       
7.960          -nan           -nan           -nan           -nan           -nan           -nan           -nan           -nan           -nan           -nan           -nan           -nan           0.00105402     0.00113117     0.0125648      0.0130595      0.0132459      
7.970          -nan           -nan           -nan           -nan           -nan           -nan           -nan           -nan           -nan           -nan           -nan           -nan           0.00102917     0.00110301     0.012341       0.0128292      0.0130142      
7.980          -nan           -nan           -nan           -nan           -nan           -nan           -nan           -nan           -nan           -nan           -nan           -nan           0.00100485     0.00107548     0.0121203      0.0126021      0.0127858      
7.990          -nan           -nan           -nan           -nan           -nan           -nan           -nan           -nan           -nan           -nan           -nan           -nan           0.000981069    0.00104857     0.0119029      0.0123782      0.0125607      
8.000          -nan           -nan           -nan           -nan           -nan           -nan           -nan           -nan           -nan           -nan           -nan           -nan           0.000957802    0.00102227     0.0116886      0.0121575      0.0123389      
8.010          -nan           -nan           -nan           -nan           -nan           -nan           -nan           -nan           -nan           -nan           -nan           -nan           0.000935042    0.000996557    0.0114774      0.0119399      0.0121203      
8.020          -nan           -nan           -nan           -nan           -nan           -nan           -nan           -nan           -nan           -nan           -nan           -nan           0.000912779    0.000971429    0.0112693      0.0117255      0.0119049      
8.030          -nan           -nan           -nan           -nan           -nan           -nan           -nan           -nan           -nan           -nan           -nan           -nan           0.000891004    0.000946872    0.0110643      0.0115141      0.0116928      
8.040          -nan           -nan           -nan           -nan           -nan           -nan           -nan           -nan           -nan           -nan           -nan           -nan           0.000869709    0.000922875    0.0108623      0.0113058      0.0114837      
8.050          -nan           -nan           -nan           -nan           -nan           -nan           -nan           -nan           -nan           -nan           -nan           -nan           0.000848882    0.000899427    0.0106633      0.0111005      0.0112778      
8.060          -nan           -nan           -nan           -nan           -nan           -nan           -nan           -nan           -nan           -nan           -nan           -nan           0.000828516    0.000876516    0.0104673      0.0108982      0.011075       
8.070          -nan           -nan           -nan           -nan           -nan           -nan           -nan           -nan           -nan           -nan           -nan           -nan           0.000808602    0.000854133    0.0102742      0.0106989      0.0108753      
8.080          -nan           -nan           -nan           -nan           -nan           -nan           -nan           -nan           -nan           -nan           -nan           -nan           0.00078913     0.000832266    0.0100841      0.0105026      0.0106785      
8.090          -nan           -nan           -nan           -nan           -nan           -nan           -nan           -nan           -nan           -nan           -nan           -nan           0.000770092    0.000810906    0.00989678     0.0103091      0.0104848      
8.100          -nan           -nan           -nan           -nan           -nan           -nan           -nan           -nan           -nan           -nan           -nan           -nan           0.000751479    0.000790041    0.00971237     0.0101186      0.0102941      
8.110          -nan           -nan           -nan           -nan           -nan           -nan           -nan           -nan           -nan           -nan           -nan           -nan           0.000733283    0.000769662    0.00953078     0.00993086     0.0101062      
8.120          -nan           -nan           -nan           -nan           -nan           -nan           -nan           -nan           -nan           -nan           -nan           -nan           0.000715496    0.000749759    0.00935199     0.00974598     0.0099213      
8.130          -nan           -nan           -nan           -nan           -nan           -nan           -nan           -nan           -nan           -nan           -nan           -nan           0.000698109    0.000730322    0.00917597     0.00956391     0.00973925     
8.140          -nan           -nan           -nan           -nan           -nan           -nan           -nan           -nan           -nan           -nan           -nan           -nan           0.000681115    0.000711342    0.00900269     0.00938461     0.00956003     
8.150          -nan           -nan           -nan           -nan           -nan           -nan           -nan           -nan           -nan           -nan           -nan           -nan           0.000664505    0.000692809    0.00883212     0.00920806     0.00938363     
8.160          -nan           -nan           -nan           -nan           -nan           -nan           -nan           -nan           -nan           -nan           -nan           -nan           0.000648273    0.000674714    0.00866423     0.00903422     0.00921001     
8.170          -nan           -nan           -nan           -nan           -nan           -nan           -nan           -nan           -nan           -nan           -nan           -nan           0.000632409    0.000657048    0.00849898     0.00886306     0.00903913     
8.180          -nan           -nan           -nan           -nan           -nan           -nan           -nan           -nan           -nan           -nan           -nan           -nan           0.000616908    0.000639801    0.00833636     0.00869456     0.00887097     
8.190          -nan           -nan           -nan           -nan           -nan           -nan           -nan           -nan           -nan           -nan           -nan           -nan           0.00060176     0.000622966    0.00817633     0.0085287      0.0087055      
8.200          -nan           -nan           -nan           -nan           -nan           -nan           -nan           -nan           -nan           -nan           -nan           -nan           0.00058696     0.000606533    0.00801886     0.00836543     0.00854267     
8.210          -nan           -nan           -nan           -nan           -nan           -nan           -nan           -nan           -nan           -nan           -nan           -nan           0.0005725      0.000590495    0.00786392     0.00820473     0.00838247     
8.220          -nan           -nan           -nan           -nan           -nan           -nan           -nan           -nan           -nan           -nan           -nan           -nan           0.000558374    0.000574842    0.00771148     0.00804658     0.00822486     
8.230          -nan           -nan           -nan           -nan           -nan           -nan           -nan           -nan           -nan           -nan           -nan           -nan           0.000544573    0.000559566    0.00756152     0.00789094     0.00806982     
8.240          -nan           -nan           -nan           -nan           -nan           -nan           -nan           -nan           -nan           -nan           -nan           -nan           0.000531093    0.00054466     0.007414       0.00773778     0.0079173      
8.250          -nan           -nan           -nan           -nan           -nan           -nan           -nan           -nan           -nan           -nan           -nan           -nan           0.000517924    0.000530116    0.0072689      0.00758709     0.00776728     
8.260          -nan           -nan           -nan           -nan           -nan           -nan           -nan           -nan           -nan           -nan           -nan           -nan           0.000505063    0.000515925    0.00712618     0.00743882     0.00761972     
8.270          -nan           -nan           -nan           -nan           -nan           -nan           -nan           -nan           -nan           -nan           -nan           -nan           0.000492501    0.000502081    0.00698582     0.00729296     0.00747461     
8.280          -nan           -nan           -nan           -nan           -nan           -nan           -nan           -nan           -nan           -nan           -nan           -nan           0.000480234    0.000488575    0.0068478      0.00714947     0.0073319      
8.290          -nan           -nan           -nan           -nan           -nan           -nan           -nan           -nan           -nan           -nan           -nan           -nan           0.000468253    0.000475401    0.00671207     0.00700832     0.00719156     
8.300          -nan           -nan           -nan           -nan           -nan           -nan           -nan           -nan           -nan           -nan           -nan           -nan           0.000456555    0.000462551    0.00657862     0.0068695      0.00705358     
8.310          -nan           -nan           -nan           -nan           -nan           -nan           -nan           -nan           -nan           -nan           -nan           -nan           0.000445131    0.000450019    0.00644741     0.00673296     0.0069179      
8.320          -nan           -nan           -nan           -nan           -nan           -nan           -nan           -nan           -nan           -nan           -nan           -nan           0.000433978    0.000437796    0.00631842     0.00659868     0.00678452     
8.330          -nan           -nan           -nan           -nan           -nan           -nan           -nan           -nan           -nan           -nan           -nan           -nan           0.000423088    0.000425877    0.00619161     0.00646664     0.00665339     
8.340          -nan           -nan           -nan           -nan           -nan           -nan           -nan           -nan           -nan           -nan           -nan           -nan           0.000412457    0.000414254    0.00606697     0.00633681     0.00652448     
8.350          -nan           -nan           -nan           -nan           -nan           -nan           -nan           -nan           -nan           -nan           -nan           -nan           0.000402079    0.000402922    0.00594446     0.00620915     0.00639777     
8.360          -nan           -nan           -nan           -nan           -nan           -nan           -nan           -nan           -nan           -nan           -nan           -nan           0.000391947    0.000391874    0.00582405     0.00608365     0.00627323     
8.370          -nan           -nan           -nan           -nan           -nan           -nan           -nan           -nan           -nan           -nan           -nan           -nan           0.000382058    0.000381102    0.00570572     0.00596028     0.00615083     
8.380          -nan           -nan           -nan           -nan           -nan           -nan           -nan           -nan           -nan           -nan           -nan           -nan           0.000372406    0.000370603    0.00558945     0.005839       0.00603053     
8.390          -nan           -nan           -nan           -nan           -nan           -nan           -nan           -nan           -nan           -nan           -nan           -nan           0.000362985    0.000360368    0.00547519     0.0057198      0.00591232     
8.400          -nan           -nan           -nan           -nan           -nan           -nan           -nan           -nan           -nan           -nan           -nan           -nan           0.000353791    0.000350392    0.00536294     0.00560264     0.00579615     
8.410          -nan           -nan           -nan           -nan           -nan           -nan           -nan           -nan           -nan           -nan           -nan           -nan           0.000344819    0.00034067     0.00525265     0.0054875      0.00568201     
8.420          -nan           -nan           -nan           -nan           -nan           -nan           -nan           -nan           -nan           -nan           -nan           -nan           0.000336063    0.000331195    0.0051443      0.00537436     0.00556986     
8.430          -nan           -nan           -nan           -nan           -nan           -nan           -nan           -nan           -nan           -nan           -nan           -nan           0.000327519    0.000321962    0.00503788     0.00526318     0.00545968     
8.440          -nan           -nan           -nan           -nan           -nan           -nan           -nan           -nan           -nan           -nan           -nan           -nan           0.000319183    0.000312965    0.00493334     0.00515394     0.00535144     
8.450          -nan           -nan           -nan           -nan           -nan           -nan           -nan           -nan           -nan           -nan           -nan           -nan           0.000311049    0.0003042      0.00483067     0.00504662     0.00524511     
8.460          -nan           -nan           -nan           -nan           -nan           -nan           -nan           -nan           -nan           -nan           -nan           -nan           0.000303113    0.00029566     0.00472983     0.00494119     0.00514066     
8.470          -nan           -nan           -nan           -nan           -nan           -nan           -nan           -nan           -nan           -nan           -nan           -nan           0.000295372    0.00028734     0.00463082     0.00483762     0.00503807     
8.480          -nan           -nan           -nan           -nan           -nan           -nan           -nan           -nan           -nan           -nan           -nan           -nan           0.000287819    0.000279236    0.00453358     0.00473589     0.0049373      
8.490          -nan           -nan           -nan           -nan           -nan           -nan           -nan           -nan           -nan           -nan           -nan           -nan           0.000280452    0.000271343    0.00443811     0.00463597     0.00483834     
8.500          -nan           -nan           -nan           -nan           -nan           -nan           -nan           -nan           -nan           -nan           -nan           -nan           0.000273266    0.000263655    0.00434438     0.00453785     0.00474116     
8.510          -nan           -nan           -nan           -nan           -nan           -nan           -nan           -nan           -nan           -nan           -nan           -nan           0.000266257    0.000256167    0.00425236     0.00444148     0.00464572     
8.520          -nan           -nan           -nan           -nan           -nan           -nan           -nan           -nan           -nan           -nan           -nan           -nan           0.000259421    0.000248876    0.00416203     0.00434686     0.004552       
8.530          -nan           -nan           -nan           -nan           -nan           -nan           -nan           -nan           -nan           -nan           -nan           -nan           0.000252754    -nan           0.00407336     0.00425395     0.00445999     
8.540          -nan           -nan           -nan           -nan           -nan           -nan           -nan           -nan           -nan           -nan           -nan           -nan           0.000246252    -nan           0.00398633     0.00416273     0.00436964     
8.550          -nan           -nan           -nan           -nan           -nan           -nan           -nan           -nan           -nan           -nan           -nan           -nan           0.000239911    -nan           0.00390091     0.00407318     0.00428094     
8.560          -nan           -nan           -nan           -nan           -nan           -nan           -nan           -nan           -nan           -nan           -nan           -nan           0.000233728    -nan           0.00381709     0.00398528     0.00419386     
8.570          -nan           -nan           -nan           -nan           -nan           -nan           -nan           -nan           -nan           -nan           -nan           -nan           -nan           -nan           0.00373483     0.00389899     0.00410837     
8.580          -nan           -nan           -nan           -nan           -nan           -nan           -nan           -nan           -nan           -nan           -nan           -nan           -nan           -nan           0.00365412     0.0038143      0.00402446     
8.590          -nan           -nan           -nan           -nan           -nan           -nan           -nan           -nan           -nan           -nan           -nan           -nan           -nan           -nan           0.00357493     0.00373118     0.0039421      
8.600          -nan           -nan           -nan           -nan           -nan           -nan           -nan           -nan           -nan           -nan           -nan           -nan           -nan           -nan           0.00349724     0.00364961     0.00386125     
8.610          -nan           -nan           -nan           -nan           -nan           -nan           -nan           -nan           -nan           -nan           -nan           -nan           -nan           -nan           0.00342102     0.00356957     0.00378191     
8.620          -nan           -nan           -nan           -nan           -nan           -nan           -nan           -nan           -nan           -nan           -nan           -nan           -nan           -nan           0.00334625     0.00349103     0.00370404     
8.630          -nan           -nan           -nan           -nan           -nan           -nan           -nan           -nan           -nan           -nan           -nan           -nan           -nan           -nan           0.00327292     0.00341398     0.00362762     
8.640          -nan           -nan           -nan           -nan           -nan           -nan           -nan           -nan           -nan           -nan           -nan           -nan           -nan           -nan           0.00320099     0.00333839     0.00355263     
8.650          -nan           -nan           -nan           -nan           -nan           -nan           -nan           -nan           -nan           -nan           -nan           -nan           -nan           -nan           0.00313045     0.00326423     0.00347904     
8.660          -nan           -nan           -nan           -nan           -nan           -nan           -nan           -nan           -nan           -nan           -nan           -nan           -nan           -nan           0.00306127     0.00319149     0.00340684     
8.670          -nan           -nan           -nan           -nan           -nan           -nan           -nan           -nan           -nan           -nan           -nan           -nan           -nan           -nan           0.00299344     0.00312015     0.003336       
8.680          -nan           -nan           -nan           -nan           -nan           -nan           -nan           -nan           -nan           -nan           -nan           -nan           -nan           -nan           0.00292692     0.00305018     0.0032665      
8.690          -nan           -nan           -nan           -nan           -nan           -nan           -nan           -nan           -nan           -nan           -nan           -nan           -nan           -nan           0.00286171     0.00298156     0.00319831     
8.700          -nan           -nan           -nan           -nan           -nan           -nan           -nan           -nan           -nan           -nan           -nan           -nan           -nan           -nan           0.00279778     0.00291427     0.00313142     
8.710          -nan           -nan           -nan           -nan           -nan           -nan           -nan           -nan           -nan           -nan           -nan           -nan           -nan           -nan           0.00273511     0.00284829     0.0030658      
8.720          -nan           -nan           -nan           -nan           -nan           -nan           -nan           -nan           -nan           -nan           -nan           -nan           -nan           -nan           0.00267367     0.0027836      0.00300143     
8.730          -nan           -nan           -nan           -nan           -nan           -nan           -nan           -nan           -nan           -nan           -nan           -nan           -nan           -nan           0.00261346     0.00272019     0.0029383      
8.740          -nan           -nan           -nan           -nan           -nan           -nan           -nan           -nan           -nan           -nan           -nan           -nan           -nan           -nan           0.00255445     0.00265802     0.00287637     
8.750          -nan           -nan           -nan           -nan           -nan           -nan           -nan           -nan           -nan           -nan           -nan           -nan           -nan           -nan           0.00249661     0.00259708     0.00281564     
8.760          -nan           -nan           -nan           -nan           -nan           -nan           -nan           -nan           -nan           -nan           -nan           -nan           -nan           -nan           0.00243993     0.00253735     0.00275607     
8.770          -nan           -nan           -nan           -nan           -nan           -nan           -nan           -nan           -nan           -nan           -nan           -nan           -nan           -nan           0.0023844      0.00247881     0.00269766     
8.780          -nan           -nan           -nan           -nan           -nan           -nan           -nan           -nan           -nan           -nan           -nan           -nan           -nan           -nan           0.00232998     0.00242145     0.00264037     
8.790          -nan           -nan           -nan           -nan           -nan           -nan           -nan           -nan           -nan           -nan           -nan           -nan           -nan           -nan           0.00227667     0.00236523     0.0025842      
8.800          -nan           -nan           -nan           -nan           -nan           -nan           -nan           -nan           -nan           -nan           -nan           -nan           -nan           -nan           0.00222444     0.00231015     0.00252913     
8.810          -nan           -nan           -nan           -nan           -nan           -nan           -nan           -nan           -nan           -nan           -nan           -nan           -nan           -nan           0.00217328     0.00225619     0.00247512     
8.820          -nan           -nan           -nan           -nan           -nan           -nan           -nan           -nan           -nan           -nan           -nan           -nan           -nan           -nan           0.00212317     0.00220331     0.00242217     
8.830          -nan           -nan           -nan           -nan           -nan           -nan           -nan           -nan           -nan           -nan           -nan           -nan           -nan           -nan           0.00207408     0.00215152     0.00237026     
8.840          -nan           -nan           -nan           -nan           -nan           -nan           -nan           -nan           -nan           -nan           -nan           -nan           -nan           -nan           0.00202601     0.00210079     0.00231937     
8.850          -nan           -nan           -nan           -nan           -nan           -nan           -nan           -nan           -nan           -nan           -nan           -nan           -nan           -nan           0.00197893     0.0020511      0.00226947     
8.860          -nan           -nan           -nan           -nan           -nan           -nan           -nan           -nan           -nan           -nan           -nan           -nan           -nan           -nan           0.00193283     0.00200244     0.00222056     
8.870          -nan           -nan           -nan           -nan           -nan           -nan           -nan           -nan           -nan           -nan           -nan           -nan           -nan           -nan           0.00188769     0.00195478     0.00217262     
8.880          -nan           -nan           -nan           -nan           -nan           -nan           -nan           -nan           -nan           -nan           -nan           -nan           -nan           -nan           0.0018435      0.00190811     0.00212563     
8.890          -nan           -nan           -nan           -nan           -nan           -nan           -nan           -nan           -nan           -nan           -nan           -nan           -nan           -nan           0.00180023     0.00186242     0.00207957     
8.900          -nan           -nan           -nan           -nan           -nan           -nan           -nan           -nan           -nan           -nan           -nan           -nan           -nan           -nan           0.00175787     0.00181768     0.00203442     
8.910          -nan           -nan           -nan           -nan           -nan           -nan           -nan           -nan           -nan           -nan           -nan           -nan           -nan           -nan           0.0017164      0.00177388     0.00199018     
8.920          -nan           -nan           -nan           -nan           -nan           -nan           -nan           -nan           -nan           -nan           -nan           -nan           -nan           -nan           0.00167582     0.00173101     0.00194681     
8.930          -nan           -nan           -nan           -nan           -nan           -nan           -nan           -nan           -nan           -nan           -nan           -nan           -nan           -nan           0.00163609     0.00168904     0.00190432     
8.940          -nan           -nan           -nan           -nan           -nan           -nan           -nan           -nan           -nan           -nan           -nan           -nan           -nan           -nan           0.00159721     0.00164797     0.00186268     
8.950          -nan           -nan           -nan           -nan           -nan           -nan           -nan           -nan           -nan           -nan           -nan           -nan           -nan           -nan           0.00155917     0.00160777     0.00182187     
8.960          -nan           -nan           -nan           -nan           -nan           -nan           -nan           -nan           -nan           -nan           -nan           -nan           -nan           -nan           0.00152194     0.00156843     0.00178188     
8.970          -nan           -nan           -nan           -nan           -nan           -nan           -nan           -nan           -nan           -nan           -nan           -nan           -nan           -nan           0.00148551     0.00152994     0.00174271     
8.980          -nan           -nan           -nan           -nan           -nan           -nan           -nan           -nan           -nan           -nan           -nan           -nan           -nan           -nan           0.00144987     0.00149227     0.00170432     
8.990          -nan           -nan           -nan           -nan           -nan           -nan           -nan           -nan           -nan           -nan           -nan           -nan           -nan           -nan           0.001415       0.00145543     0.00166671     
9.000          -nan           -nan           -nan           -nan           -nan           -nan           -nan           -nan           -nan           -nan           -nan           -nan           -nan           -nan           0.00138089     0.00141938     0.00162986     
9.010          -nan           -nan           -nan           -nan           -nan           -nan           -nan           -nan           -nan           -nan           -nan           -nan           -nan           -nan           0.00134752     0.00138411     0.00159377     
9.020          -nan           -nan           -nan           -nan           -nan           -nan           -nan           -nan           -nan           -nan           -nan           -nan           -nan           -nan           0.00131489     0.00134962     0.0015584      
9.030          -nan           -nan           -nan           -nan           -nan           -nan           -nan           -nan           -nan           -nan           -nan           -nan           -nan           -nan           0.00128296     0.00131589     0.00152376     
9.040          -nan           -nan           -nan           -nan           -nan           -nan           -nan           -nan           -nan           -nan           -nan           -nan           -nan           -nan           0.00125175     0.0012829      0.00148983     
9.050          -nan           -nan           -nan           -nan           -nan           -nan           -nan           -nan           -nan           -nan           -nan           -nan           -nan           -nan           0.00122122     0.00125064     0.00145659     
9.060          -nan           -nan           -nan           -nan           -nan           -nan           -nan           -nan           -nan           -nan           -nan           -nan           -nan           -nan           0.00119137     0.00121909     0.00142404     
9.070          -nan           -nan           -nan           -nan           -nan           -nan           -nan           -nan           -nan           -nan           -nan           -nan           -nan           -nan           0.00116218     0.00118825     0.00139215     
9.080          -nan           -nan           -nan           -nan           -nan           -nan           -nan           -nan           -nan           -nan           -nan           -nan           -nan           -nan           0.00113364     0.0011581      0.00136093     
9.090          -nan           -nan           -nan           -nan           -nan           -nan           -nan           -nan           -nan           -nan           -nan           -nan           -nan           -nan           0.00110574     0.00112862     0.00133034     
9.100          -nan           -nan           -nan           -nan           -nan           -nan           -nan           -nan           -nan           -nan           -nan           -nan           -nan           -nan           0.00107847     0.00109981     0.00130039     
9.110          -nan           -nan           -nan           -nan           -nan           -nan           -nan           -nan           -nan           -nan           -nan           -nan           -nan           -nan           0.00105181     0.00107164     0.00127106     
9.120          -nan           -nan           -nan           -nan           -nan           -nan           -nan           -nan           -nan           -nan           -nan           -nan           -nan           -nan           0.00102575     0.00104412     0.00124233     
9.130          -nan           -nan           -nan           -nan           -nan           -nan           -nan           -nan           -nan           -nan           -nan           -nan           -nan           -nan           0.00100028     0.00101722     0.00121421     
9.140          -nan           -nan           -nan           -nan           -nan           -nan           -nan           -nan           -nan           -nan           -nan           -nan           -nan           -nan           0.000975387    0.000990942    0.00118667     
9.150          -nan           -nan           -nan           -nan           -nan           -nan           -nan           -nan           -nan           -nan           -nan           -nan           -nan           -nan           0.000951063    0.000965262    0.00115971     
9.160          -nan           -nan           -nan           -nan           -nan           -nan           -nan           -nan           -nan           -nan           -nan           -nan           -nan           -nan           0.000927295    0.000940172    0.0011333      
9.170          -nan           -nan           -nan           -nan           -nan           -nan           -nan           -nan           -nan           -nan           -nan           -nan           -nan           -nan           0.000904071    0.000915661    0.00110746     
9.180          -nan           -nan           -nan           -nan           -nan           -nan           -nan           -nan           -nan           -nan           -nan           -nan           -nan           -nan           0.00088138     0.000891718    0.00108215     
9.190          -nan           -nan           -nan           -nan           -nan           -nan           -nan           -nan           -nan           -nan           -nan           -nan           -nan           -nan           0.000859213    0.000868332    0.00105738     
9.200          -nan           -nan           -nan           -nan           -nan           -nan           -nan           -nan           -nan           -nan           -nan           -nan           -nan           -nan           0.000837557    0.000845491    0.00103313     
9.210          -nan           -nan           -nan           -nan           -nan           -nan           -nan           -nan           -nan           -nan           -nan           -nan           -nan           -nan           0.000816404    0.000823184    0.00100938     
9.220          -nan           -nan           -nan           -nan           -nan           -nan           -nan           -nan           -nan           -nan           -nan           -nan           -nan           -nan           0.000795742    0.000801402    0.000986146    
9.230          -nan           -nan           -nan           -nan           -nan           -nan           -nan           -nan           -nan           -nan           -nan           -nan           -nan           -nan           0.000775562    0.000780134    0.0009634      
9.240          -nan           -nan           -nan           -nan           -nan           -nan           -nan           -nan           -nan           -nan           -nan           -nan           -nan           -nan           0.000755853    0.000759368    0.000941136    
9.250          -nan           -nan           -nan           -nan           -nan           -nan           -nan           -nan           -nan           -nan           -nan           -nan           -nan           -nan           0.000736607    0.000739095    0.000919345    
9.260          -nan           -nan           -nan           -nan           -nan           -nan           -nan           -nan           -nan           -nan           -nan           -nan           -nan           -nan           0.000717813    0.000719305    0.000898017    
9.270          -nan           -nan           -nan           -nan           -nan           -nan           -nan           -nan           -nan           -nan           -nan           -nan           -nan           -nan           0.000699462    0.000699989    0.000877145    
9.280          -nan           -nan           -nan           -nan           -nan           -nan           -nan           -nan           -nan           -nan           -nan           -nan           -nan           -nan           0.000681546    0.000681135    0.000856718    
9.290          -nan           -nan           -nan           -nan           -nan           -nan           -nan           -nan           -nan           -nan           -nan           -nan           -nan           -nan           0.000664053    0.000662735    0.000836729    
9.300          -nan           -nan           -nan           -nan           -nan           -nan           -nan           -nan           -nan           -nan           -nan           -nan           -nan           -nan           0.000646977    0.00064478     0.000817169    
9.310          -nan           -nan           -nan           -nan           -nan           -nan           -nan           -nan           -nan           -nan           -nan           -nan           -nan           -nan           0.000630308    0.00062726     0.000798028    
9.320          -nan           -nan           -nan           -nan           -nan           -nan           -nan           -nan           -nan           -nan           -nan           -nan           -nan           -nan           0.000614037    0.000610166    0.0007793      
9.330          -nan           -nan           -nan           -nan           -nan           -nan           -nan           -nan           -nan           -nan           -nan           -nan           -nan           -nan           0.000598156    0.000593489    0.000760975    
9.340          -nan           -nan           -nan           -nan           -nan           -nan           -nan           -nan           -nan           -nan           -nan           -nan           -nan           -nan           0.000582657    0.000577221    0.000743046    
9.350          -nan           -nan           -nan           -nan           -nan           -nan           -nan           -nan           -nan           -nan           -nan           -nan           -nan           -nan           0.000567532    0.000561352    0.000725505    
9.360          -nan           -nan           -nan           -nan           -nan           -nan           -nan           -nan           -nan           -nan           -nan           -nan           -nan           -nan           0.000552771    0.000545874    0.000708344    
9.370          -nan           -nan           -nan           -nan           -nan           -nan           -nan           -nan           -nan           -nan           -nan           -nan           -nan           -nan           0.000538369    0.000530779    0.000691556    
9.380          -nan           -nan           -nan           -nan           -nan           -nan           -nan           -nan           -nan           -nan           -nan           -nan           -nan           -nan           0.000524316    0.000516059    0.000675133    
9.390          -nan           -nan           -nan           -nan           -nan           -nan           -nan           -nan           -nan           -nan           -nan           -nan           -nan           -nan           0.000510606    0.000501706    0.000659068    
9.400          -nan           -nan           -nan           -nan           -nan           -nan           -nan           -nan           -nan           -nan           -nan           -nan           -nan           -nan           0.00049723     0.000487712    0.000643354    
9.410          -nan           -nan           -nan           -nan           -nan           -nan           -nan           -nan           -nan           -nan           -nan           -nan           -nan           -nan           0.000484182    0.000474068    0.000627983    
9.420          -nan           -nan           -nan           -nan           -nan           -nan           -nan           -nan           -nan           -nan           -nan           -nan           -nan           -nan           0.000471454    0.000460768    0.00061295     
9.430          -nan           -nan           -nan           -nan           -nan           -nan           -nan           -nan           -nan           -nan           -nan           -nan           -nan           -nan           0.000459039    0.000447803    0.000598247    
9.440          -nan           -nan           -nan           -nan           -nan           -nan           -nan           -nan           -nan           -nan           -nan           -nan           -nan           -nan           0.000446931    0.000435167    0.000583866    
9.450          -nan           -nan           -nan           -nan           -nan           -nan           -nan           -nan           -nan           -nan           -nan           -nan           -nan           -nan           0.000435121    0.000422852    0.000569803    
9.460          -nan           -nan           -nan           -nan           -nan           -nan           -nan           -nan           -nan           -nan           -nan           -nan           -nan           -nan           0.000423605    0.000410851    0.000556051    
9.470          -nan           -nan           -nan           -nan           -nan           -nan           -nan           -nan           -nan           -nan           -nan           -nan           -nan           -nan           0.000412375    0.000399157    0.000542602    
9.480          -nan           -nan           -nan           -nan           -nan           -nan           -nan           -nan           -nan           -nan           -nan           -nan           -nan           -nan           0.000401425    0.000387764    0.000529452    
9.490          -nan           -nan           -nan           -nan           -nan           -nan           -nan           -nan           -nan           -nan           -nan           -nan           -nan           -nan           0.000390748    0.000376664    0.000516594    
9.500          -nan           -nan           -nan           -nan           -nan           -nan           -nan           -nan           -nan           -nan           -nan           -nan           -nan           -nan           0.000380339    0.000365851    0.000504022    
9.510          -nan           -nan           -nan           -nan           -nan           -nan           -nan           -nan           -nan           -nan           -nan           -nan           -nan           -nan           0.00037019     0.000355318    0.00049173     
9.520          -nan           -nan           -nan           -nan           -nan           -nan           -nan           -nan           -nan           -nan           -nan           -nan           -nan           -nan           0.000360297    0.000345059    0.000479712    
9.530          -nan           -nan           -nan           -nan           -nan           -nan           -nan           -nan           -nan           -nan           -nan           -nan           -nan           -nan           0.000350654    0.000335068    0.000467964    
9.540          -nan           -nan           -nan           -nan           -nan           -nan           -nan           -nan           -nan           -nan           -nan           -nan           -nan           -nan           0.000341254    0.000325339    0.000456479    
9.550          -nan           -nan           -nan           -nan           -nan           -nan           -nan           -nan           -nan           -nan           -nan           -nan           -nan           -nan           0.000332092    0.000315866    0.000445252    
9.560          -nan           -nan           -nan           -nan           -nan           -nan           -nan           -nan           -nan           -nan           -nan           -nan           -nan           -nan           0.000323163    0.000306642    0.000434278    
9.570          -nan           -nan           -nan           -nan           -nan           -nan           -nan           -nan           -nan           -nan           -nan           -nan           -nan           -nan           0.000314461    0.000297662    0.000423551    
9.580          -nan           -nan           -nan           -nan           -nan           -nan           -nan           -nan           -nan           -nan           -nan           -nan           -nan           -nan           0.000305982    0.000288921    0.000413067    
9.590          -nan           -nan           -nan           -nan           -nan           -nan           -nan           -nan           -nan           -nan           -nan           -nan           -nan           -nan           0.000297719    0.000280412    0.00040282     
9.600          -nan           -nan           -nan           -nan           -nan           -nan           -nan           -nan           -nan           -nan           -nan           -nan           -nan           -nan           0.000289667    0.000272131    0.000392805    
9.610          -nan           -nan           -nan           -nan           -nan           -nan           -nan           -nan           -nan           -nan           -nan           -nan           -nan           -nan           0.000281823    0.000264071    0.000383019    
9.620          -nan           -nan           -nan           -nan           -nan           -nan           -nan           -nan           -nan           -nan           -nan           -nan           -nan           -nan           0.00027418     0.000256229    0.000373455    
9.630          -nan           -nan           -nan           -nan           -nan           -nan           -nan           -nan           -nan           -nan           -nan           -nan           -nan           -nan           0.000266734    -nan           0.000364109    
9.640          -nan           -nan           -nan           -nan           -nan           -nan           -nan           -nan           -nan           -nan           -nan           -nan           -nan           -nan           0.000259481    -nan           0.000354978    
9.650          -nan           -nan           -nan           -nan           -nan           -nan           -nan           -nan           -nan           -nan           -nan           -nan           -nan           -nan           -nan           -nan           0.000346056    
9.660          -nan           -nan           -nan           -nan           -nan           -nan           -nan           -nan           -nan           -nan           -nan           -nan           -nan           -nan           -nan           -nan           0.000337338    
9.670          -nan           -nan           -nan           -nan           -nan           -nan           -nan           -nan           -nan           -nan           -nan           -nan           -nan           -nan           -nan           -nan           0.000328821    
9.680          -nan           -nan           -nan           -nan           -nan           -nan           -nan           -nan           -nan           -nan           -nan           -nan           -nan           -nan           -nan           -nan           0.000320501    
9.690          -nan           -nan           -nan           -nan           -nan           -nan           -nan           -nan           -nan           -nan           -nan           -nan           -nan           -nan           -nan           -nan           0.000312373    
9.700          -nan           -nan           -nan           -nan           -nan           -nan           -nan           -nan           -nan           -nan           -nan           -nan           -nan           -nan           -nan           -nan           0.000304434    
9.710          -nan           -nan           -nan           -nan           -nan           -nan           -nan           -nan           -nan           -nan           -nan           -nan           -nan           -nan           -nan           -nan           0.000296678    
9.720          -nan           -nan           -nan           -nan           -nan           -nan           -nan           -nan           -nan           -nan           -nan           -nan           -nan           -nan           -nan           -nan           0.000289103    
9.730          -nan           -nan           -nan           -nan           -nan           -nan           -nan           -nan           -nan           -nan           -nan           -nan           -nan           -nan           -nan           -nan           0.000281705    
9.740          -nan           -nan           -nan           -nan           -nan           -nan           -nan           -nan           -nan           -nan           -nan           -nan           -nan           -nan           -nan           -nan           0.000274479    
9.750          -nan           -nan           -nan           -nan           -nan           -nan           -nan           -nan           -nan           -nan           -nan           -nan           -nan           -nan           -nan           -nan           0.000267423    
9.760          -nan           -nan           -nan           -nan           -nan           -nan           -nan           -nan           -nan           -nan           -nan           -nan           -nan           -nan           -nan           -nan           0.000260533    
9.770          -nan           -nan           -nan           -nan           -nan           -nan           -nan           -nan           -nan           -nan           -nan           -nan           -nan           -nan           -nan           -nan           0.000253804    
9.780          -nan           -nan           -nan           -nan           -nan           -nan           -nan           -nan           -nan           -nan           -nan           -nan           -nan           -nan           -nan           -nan           -nan           
9.790          -nan           -nan           -nan           -nan           -nan           -nan           -nan           -nan           -nan           -nan           -nan           -nan           -nan           -nan           -nan           -nan           -nan           
9.800          -nan           -nan           -nan           -nan           -nan           -nan           -nan           -nan           -nan           -nan           -nan           -nan           -nan           -nan           -nan           -nan           -nan           
9.810          -nan           -nan           -nan           -nan           -nan           -nan           -nan           -nan           -nan           -nan           -nan           -nan           -nan           -nan           -nan           -nan           -nan           
9.820          -nan           -nan           -nan           -nan           -nan           -nan           -nan           -nan           -nan           -nan           -nan           -nan           -nan           -nan           -nan           -nan           -nan           
9.830          -nan           -nan           -nan           -nan           -nan           -nan           -nan           -nan           -nan           -nan           -nan           -nan           -nan           -nan           -nan           -nan           -nan           
9.840          -nan           -nan           -nan           -nan           -nan           -nan           -nan           -nan           -nan           -nan           -nan           -nan           -nan           -nan           -nan           -nan           -nan           
9.850          -nan           -nan           -nan           -nan           -nan           -nan           -nan           -nan           -nan           -nan           -nan           -nan           -nan           -nan           -nan           -nan           -nan           
9.860          -nan           -nan           -nan           -nan           -nan           -nan           -nan           -nan           -nan           -nan           -nan           -nan           -nan           -nan           -nan           -nan           -nan           
9.870          -nan           -nan           -nan           -nan           -nan           -nan           -nan           -nan           -nan           -nan           -nan           -nan           -nan           -nan           -nan           -nan           -nan           
9.880          -nan           -nan           -nan           -nan           -nan           -nan           -nan           -nan           -nan           -nan           -nan           -nan           -nan           -nan           -nan           -nan           -nan           
9.890          -nan           -nan           -nan           -nan           -nan           -nan           -nan           -nan           -nan           -nan           -nan           -nan           -nan           -nan           -nan           -nan           -nan           
9.900          -nan           -nan           -nan           -nan           -nan           -nan           -nan           -nan           -nan           -nan           -nan           -nan           -nan           -nan           -nan           -nan           -nan           
9.910          -nan           -nan           -nan           -nan           -nan           -nan           -nan           -nan           -nan           -nan           -nan           -nan           -nan           -nan           -nan           -nan           -nan           
9.920          -nan           -nan           -nan           -nan           -nan           -nan           -nan           -nan           -nan           -nan           -nan           -nan           -nan           -nan           -nan           -nan           -nan           
9.930          -nan           -nan           -nan           -nan           -nan           -nan           -nan           -nan           -nan           -nan           -nan           -nan           -nan           -nan           -nan           -nan           -nan           
9.940          -nan           -nan           -nan           -nan           -nan           -nan           -nan           -nan           -nan           -nan           -nan           -nan           -nan           -nan           -nan           -nan           -nan           
9.950          -nan           -nan           -nan           -nan           -nan           -nan           -nan           -nan           -nan           -nan           -nan           -nan           -nan           -nan           -nan           -nan           -nan           
9.960          -nan           -nan           -nan           -nan           -nan           -nan           -nan           -nan           -nan           -nan           -nan           -nan           -nan           -nan           -nan           -nan           -nan           
9.970          -nan           -nan           -nan           -nan           -nan           -nan           -nan           -nan           -nan           -nan           -nan           -nan           -nan           -nan           -nan           -nan           -nan           
9.980          -nan           -nan           -nan           -nan           -nan           -nan           -nan           -nan           -nan           -nan           -nan           -nan           -nan           -nan           -nan           -nan           -nan           
9.990          -nan           -nan           -nan           -nan           -nan           -nan           -nan           -nan           -nan           -nan           -nan           -nan           -nan           -nan           -nan           -nan           -nan           
