hostname,pl_name,sy_pnum,pl_orbper,pl_ratdor,pl_orbeccen
"Kepler-150","Kepler-150 c",5,7.38199800000,18.652000,0.000000
"Kepler-1491","Kepler-1491 b",2,16.58617620000,18.000000,0.000000
"Kepler-171","Kepler-171 b",3,4.16697200000,11.973000,0.000000
"KOI-1599","KOI-1599.02",2,13.60880000000,24.890000,0.011400
"Kepler-342","Kepler-342 e",4,1.64422461300,1.825000,0.000000
"Kepler-267","Kepler-267 b",3,3.35372800000,18.114000,0.000000
"Kepler-760","Kepler-760 b",2,8.70419416000,20.400000,0.000000
"Kepler-272","Kepler-272 c",3,6.05734200000,12.626000,0.000000
"Kepler-865","Kepler-865 b",2,14.16399294000,25.755000,0.000000
"Kepler-288","Kepler-288 c",3,19.30577200000,35.210000,0.000000
"Kepler-340","Kepler-340 c",2,22.82466900000,27.250000,0.000000
"Kepler-333","Kepler-333 b",2,12.55115800000,19.800000,0.000000
"Kepler-276","Kepler-276 d",3,48.64800000000,46.950000,0.000000
"Kepler-372","Kepler-372 c",3,20.05376300000,17.700000,0.000000
"Kepler-114","Kepler-114 b",3,5.18854900000,16.940000,0.000000
"Kepler-1859","Kepler-1859 b",2,2.72959995300,6.730000,0.000000
"Kepler-213","Kepler-213 c",2,4.82296200000,16.200000,0.000000
"Kepler-1388","Kepler-1388 b",4,12.28546030000,32.110000,0.000000
"Kepler-258","Kepler-258 c",2,33.65307900000,55.900000,0.000000
"Kepler-355","Kepler-355 b",2,11.03189000000,9.130000,0.000000
"Kepler-324","Kepler-324 e",4,13.97939968000,25.000000,0.000000
"Kepler-330","Kepler-330 b",2,8.25978000000,20.500000,0.000000
"Kepler-233","Kepler-233 c",2,60.41895500000,93.710000,0.000000
"Kepler-174","Kepler-174 d",3,247.35373000000,224.600000,0.000000
"Kepler-200","Kepler-200 c",2,10.22215700000,16.900000,0.000000
"Kepler-130","Kepler-130 d",3,87.51790500000,77.200000,0.800000
"Kepler-60","Kepler-60 d",3,11.89810000000,8.870000,0.002000
"Kepler-1649","Kepler-1649 b",2,8.68909900000,44.770000,0.000000
"TOI-1246","TOI-1246 c",4,5.90413700000,16.600000,0.000000
"Kepler-1468","Kepler-1468 c",3,3.54553021000,6.563000,0.000000
"Kepler-326","Kepler-326 c",3,4.58035800000,16.777000,0.000000
"Kepler-1085","Kepler-1085 c",2,56.77710000000,65.100000,0.000000
"Kepler-1542","Kepler-1542 e",4,5.10115756000,14.740000,0.000000
"K2-187","K2-187 c",4,2.87151200000,9.200000,
"Kepler-990","Kepler-990 b",2,9.91723428000,14.650000,0.000000
"Kepler-1126","Kepler-1126 b",2,108.59332900000,105.540000,0.000000
"Kepler-100","Kepler-100 c",4,12.81590000000,9.350000,0.020000
"Kepler-172","Kepler-172 c",4,6.38899600000,15.110000,0.000000
"Kepler-80","Kepler-80 g",6,14.64558000000,45.000000,0.130300
"Kepler-263","Kepler-263 b",2,16.56808700000,30.260000,0.000000
"HD 22946","TOI-411 b",3,4.04029500000,11.030000,0.126000
"Kepler-398","Kepler-398 d",3,6.83437001000,11.990000,0.000000
"Kepler-253","Kepler-253 d",3,18.11986900000,33.190000,0.000000
"K2-62","K2-62 b",2,6.67199000000,29.874248,
"Kepler-369","Kepler-369 b",2,2.73275600000,19.210000,0.000000
"Kepler-403","Kepler-403 c",3,54.28074900000,41.400000,0.000000
"Kepler-292","Kepler-292 b",5,2.58082700000,4.500000,0.000000
"Kepler-110","Kepler-110 b",2,12.69111200000,25.931000,0.000000
"Kepler-158","Kepler-158 d",3,0.64508800000,4.000000,
"Kepler-49","Kepler-49 b",4,7.20000000000,22.470000,0.000000
"Kepler-180","Kepler-180 c",2,41.88577500000,53.200000,0.000000
"K2-254","K2-254 c",2,12.11839000000,31.300000,
"CoRoT-20","CoRoT-20 b",2,9.24285000000,18.950000,0.590000
"Kepler-162","Kepler-162 c",2,19.44635500000,28.000000,0.000000
"Kepler-300","Kepler-300 c",2,40.71495500000,32.300000,0.000000
"Kepler-214","Kepler-214 c",2,28.77980000000,22.400000,0.000000
"Kepler-385","Kepler-385 b",3,10.04368600000,5.300000,0.000000
"Kepler-298","Kepler-298 b",3,10.47546400000,34.090000,0.000000
"Kepler-143","Kepler-143 c",2,27.08251100000,18.900000,0.000000
"Kepler-151","Kepler-151 c",2,24.67461200000,61.990000,0.000000
"Kepler-191","Kepler-191 c",3,17.73850600000,29.000000,0.000000
"K2-247","K2-247 c",2,6.49424000000,18.200000,
"K2-352","K2-352 c",3,8.23488500000,16.350000,
"TOI-1408","TOI-1408 c",2,2.16640000000,5.040000,0.135300
"Kepler-229","Kepler-229 d",3,41.19491200000,70.750000,0.000000
"Kepler-11","Kepler-11 b",6,10.30390000000,18.550000,0.045000
"K2-201","K2-201 c",2,22.77987800000,40.683505,
"Kepler-163","Kepler-163 b",2,7.81093700000,18.960000,0.000000
"Kepler-603","Kepler-603 c",3,127.90757740000,34.300000,0.000000
"Kepler-653","Kepler-653 c",2,0.90037647600,4.760000,0.000000
"K2-59","K2-59 c",2,11.29540000000,44.000000,
"Kepler-365","Kepler-365 c",2,17.78412900000,34.260000,0.000000
"Kepler-1542","Kepler-1542 d",4,5.99273738000,17.650000,0.000000
"Kepler-29","Kepler-29 c",2,13.28613000000,31.830000,0.000000
"Kepler-1814","Kepler-1814 b",2,2.93535995500,16.500000,0.000000
"Kepler-46","Kepler-46 d",3,6.76658900000,15.800000,0.000000
"Kepler-281","Kepler-281 d",3,148.27200320000,74.000000,0.000000
"Kepler-913","Kepler-913 b",2,10.29672521000,28.900000,0.000000
"Kepler-262","Kepler-262 c",2,21.85372200000,50.830000,0.000000
"KOI-351","KOI-351 h",8,331.60296000000,190.456000,0.027600
"Kepler-359","Kepler-359 d",3,77.09569100000,37.300000,0.000000
"Kepler-264","Kepler-264 c",2,140.10126100000,58.700000,0.000000
"Kepler-385","Kepler-385 c",3,15.16316100000,5.840000,0.000000
"TOI-2345","TOI-2345 b",2,1.05285730000,5.030000,
"Kepler-62","Kepler-62 b",5,5.71493200000,18.700000,0.000000
"Kepler-115","Kepler-115 c",2,8.99088900000,16.920000,0.000000
"Kepler-231","Kepler-231 b",2,10.06527500000,29.400000,0.000000
"Kepler-159","Kepler-159 c",2,43.59579200000,73.790000,0.000000
"Kepler-150","Kepler-150 d",5,12.56093000000,26.188000,0.000000
"Kepler-248","Kepler-248 c",2,16.23949400000,32.020000,0.000000
"Kepler-1047","Kepler-1047 b",2,56.18868870000,32.400000,0.000000
"Kepler-55","Kepler-55 b",5,27.94814490000,12.460000,0.000000
"TOI-1266","TOI-1266 c",3,18.80270000000,51.630000,0.071000
"Kepler-1488","Kepler-1488 c",2,6.15826988200,7.170000,0.000000
"K2-154","K2-154 b",2,3.67626000000,14.500000,
"Kepler-79","Kepler-79 e",4,81.06590000000,63.680000,0.012000
"K2-165","K2-165 c",3,4.38274500000,10.510761,
"KOI-1599","KOI-1599.01",2,20.44150000000,32.630000,0.014000
"Kepler-32","Kepler-32 f",5,0.74296000000,2.370000,0.000000
"Kepler-968","Kepler-968 b",3,3.69298372800,16.400000,0.000000
"Kepler-116","Kepler-116 b",2,5.96873400000,12.593000,0.000000
"Kepler-364","Kepler-364 c",2,59.98062700000,66.160000,0.000000
"Kepler-119","Kepler-119 b",2,2.42208200000,7.519700,0.000000
"Kepler-1518","Kepler-1518 b",2,5.11177904000,4.130000,0.000000
"K2-270","K2-270 c",2,4.40002800000,20.940000,
"Kepler-763","Kepler-763 d",3,6.50327035000,19.470000,0.000000
"Kepler-184","Kepler-184 b",3,10.68757600000,25.360000,0.000000
"Kepler-343","Kepler-343 b",2,8.96855000000,13.190000,0.000000
"Kepler-229","Kepler-229 c",3,16.06863800000,36.850000,0.000000
"Kepler-561","Kepler-561 b",2,58.36204950000,75.657000,0.000000
"Kepler-161","Kepler-161 b",2,4.92135500000,20.480000,0.000000
"Kepler-292","Kepler-292 e",5,11.97901000000,24.920000,0.000000
"Kepler-176","Kepler-176 b",4,5.43307400000,17.720000,0.000000
"Kepler-238","Kepler-238 d",5,13.23354900000,9.460000,0.000000
"Kepler-404","Kepler-404 c",2,14.75116600000,41.000000,0.000000
"Kepler-224","Kepler-224 e",4,18.64357700000,82.950000,0.000000
"Kepler-716","Kepler-716 b",2,10.37168453000,23.470000,0.000000
"Kepler-170","Kepler-170 b",2,7.93059200000,9.500000,0.000000
"Kepler-357","Kepler-357 c",3,16.85837000000,32.400000,0.000000
"Kepler-312","Kepler-312 c",2,19.74741200000,44.990000,0.000000
"Kepler-1987","Kepler-1987 b",4,2.34586300200,10.850000,0.000000
"Kepler-28","Kepler-28 c",2,8.99000000000,24.640000,0.017000
"Kepler-173","Kepler-173 c",2,8.00577700000,20.020000,0.000000
"Kepler-127","Kepler-127 c",3,29.39319500000,32.190000,0.030000
"Kepler-381","Kepler-381 d",3,8.25629997300,12.800000,0.000000
"Kepler-1254","Kepler-1254 d",3,5.72717226000,19.640000,0.000000
"Kepler-180","Kepler-180 b",2,13.81712400000,25.400000,0.000000
"Kepler-1921","Kepler-1921 c",2,3.15722086000,6.480000,0.000000
"Kepler-234","Kepler-234 c",2,7.21205000000,14.003000,0.000000
"Kepler-310","Kepler-310 d",3,92.87612500000,44.300000,0.000000
"Kepler-161","Kepler-161 c",2,7.06424000000,39.980000,0.000000
"Kepler-879","Kepler-879 c",2,0.64671600000,3.100000,
"Kepler-784","Kepler-784 c",2,17.15723600000,11.410000,0.000000
"Kepler-149","Kepler-149 c",3,55.32832800000,60.800000,0.000000
"Kepler-920","Kepler-920 c",2,100.82741130000,83.400000,0.000000
"Kepler-348","Kepler-348 b",2,7.05677000000,9.200000,0.000000
"Kepler-129","Kepler-129 c",3,82.20000000000,59.910000,0.200000
"Kepler-880","Kepler-880 b",2,7.71468975000,13.917000,0.000000
"Kepler-313","Kepler-313 c",2,32.27327300000,21.600000,0.000000
"TOI-4342","TOI-4342 c",2,10.68866200000,29.400000,0.000000
"Kepler-215","Kepler-215 e",4,68.16101000000,82.454000,0.000000
"Kepler-417","Kepler-417 b",2,12.33100000000,31.540000,0.000000
"Kepler-193","Kepler-193 b",2,11.38848000000,24.374000,0.000000
"Kepler-549","Kepler-549 c",3,117.04049800000,132.100000,0.000000
"Kepler-327","Kepler-327 c",3,5.21233300000,19.020000,0.000000
"Kepler-1600","Kepler-1600 b",2,386.37054800000,278.500000,0.000000
"Kepler-340","Kepler-340 b",2,14.84438700000,16.560000,0.000000
"Kepler-299","Kepler-299 b",4,2.92712800000,8.902000,0.000000
"Kepler-228","Kepler-228 d",3,11.09428600000,10.900000,0.000000
"Kepler-235","Kepler-235 d",4,20.06054800000,46.760000,0.000000
"Kepler-202","Kepler-202 b",2,4.06942700000,15.491000,0.000000
"Kepler-963","Kepler-963 c",2,0.91978300000,5.200000,
"K2-75","K2-75 b",2,7.81420000000,10.300000,
"Kepler-181","Kepler-181 c",2,4.30214900000,16.820000,0.000000
"Kepler-268","Kepler-268 c",2,83.44639300000,99.761000,0.000000
"K2-268","K2-268 b",5,2.15167600000,7.760000,
"EPIC 206317286","EPIC 206317286 c",2,17.51547200000,34.540000,
"Kepler-953","Kepler-953 c",2,9.10967112000,12.490000,0.000000
"Kepler-92","Kepler-92 c",3,26.72300000000,24.311700,0.040000
"Kepler-164","Kepler-164 c",4,10.94572300000,27.700000,0.000000
"K2-80","K2-80 b",3,19.09180000000,29.258083,
"Kepler-246","Kepler-246 c",2,11.18716100000,24.720000,0.000000
"Kepler-384","Kepler-384 c",2,45.34826900000,73.800000,0.000000
"Kepler-191","Kepler-191 b",3,9.93963200000,9.140000,0.000000
"Kepler-179","Kepler-179 c",2,6.40013000000,11.700000,0.000000
"Kepler-311","Kepler-311 c",3,19.73828600000,14.100000,0.000000
"Kepler-298","Kepler-298 d",3,77.47363300000,95.000000,0.000000
"Kepler-375","Kepler-375 b",2,12.12593400000,17.590000,0.000000
"Kepler-239","Kepler-239 b",2,11.76305100000,31.870000,0.000000
"Kepler-205","Kepler-205 b",2,2.75564000000,6.800000,0.000000
"Kepler-783","Kepler-783 b",2,4.29264638000,9.700000,0.000000
"Kepler-407","Kepler-407 b",2,0.66931240000,3.193300,0.000000
"Kepler-130","Kepler-130 b",3,8.45745800000,16.300000,0.150000
"KOI-7892","KIC 8540376 c",3,75.20000000000,103.900000,
"Kepler-122","Kepler-122 f",5,56.26800000000,53.860000,0.000000
"Kepler-123","Kepler-123 b",2,17.23236600000,29.070000,0.000000
"Kepler-332","Kepler-332 d",3,34.21154000000,53.580000,0.000000
"Kepler-224","Kepler-224 d",4,11.34939300000,28.710000,0.000000
"Kepler-57","Kepler-57 c",2,11.60000000000,8.180000,0.072500
"Kepler-1038","Kepler-1038 c",2,7.12765979800,22.380000,0.000000
"XO-2 N","XO-2 N b",4,2.61585906000,7.986000,0.000000
"Kepler-229","Kepler-229 b",3,6.25297200000,18.940000,0.000000
"Kepler-1802","Kepler-1802 c",2,33.13610077000,59.300000,0.000000
"Kepler-338","Kepler-338 b",4,13.72697600000,14.474700,0.040000
"Kepler-1471","Kepler-1471 b",2,3.63899398000,11.890000,0.000000
"EPIC 206042996","EPIC 206042996 b",2,5.29860000000,16.000000,
"Kepler-301","Kepler-301 c",3,5.41902600000,18.428000,0.000000
"Kepler-619","Kepler-619 b",3,5.40427219700,16.907000,0.000000
"Kepler-81","Kepler-81 b",3,5.95500000000,19.882000,0.000000
"Kepler-322","Kepler-322 c",2,4.33723400000,13.488000,0.000000
"Kepler-317","Kepler-317 b",2,5.52424200000,15.160000,0.000000
"Kepler-65","Kepler-65 c",4,5.85994400000,10.309000,0.020000
"Kepler-416","Kepler-416 d",3,3.07644709000,6.540000,0.000000
"EPIC 201595106","EPIC 201595106 b",2,0.87724000000,5.800000,0.000000
"Kepler-1154","Kepler-1154 c",2,8.45808312000,21.110000,0.000000
"Kepler-374","Kepler-374 d",3,5.02821900000,10.550000,0.000000
"Kepler-186","Kepler-186 b",5,3.88679070000,16.715000,0.000000
"Kepler-150","Kepler-150 e",5,30.82655700000,16.690000,0.000000
"K2-183","K2-183 d",3,22.62034400000,49.000000,
"Kepler-301","Kepler-301 b",3,2.50855300000,8.366000,0.000000
"Kepler-282","Kepler-282 e",4,44.34700000000,54.150000,0.000000
"Kepler-589","Kepler-589 c",2,3.52466011000,13.180000,0.000000
"Kepler-372","Kepler-372 b",3,6.84969200000,3.770000,0.000000
"EPIC 212624936","EPIC 212624936 c",2,11.81143700000,41.000000,
"Kepler-244","Kepler-244 b",3,4.31179200000,12.250000,0.000000
"Kepler-238","Kepler-238 f",5,50.44700000000,23.090000,0.000000
"K2-195","K2-195 c",2,28.48278600000,27.673288,
"K2-187","K2-187 b",4,0.77401000000,3.900000,
"Kepler-156","Kepler-156 b",2,4.97345600000,12.890000,0.000000
"Kepler-80","Kepler-80 f",6,0.98678730000,5.570000,0.186000
"Kepler-220","Kepler-220 e",4,45.90273300000,69.576000,0.000000
"Kepler-50","Kepler-50 c",2,9.37647000000,11.904800,0.000000
"K2-343","K2-343 c",2,7.67697200000,26.110000,
"TOI-1346","TOI-1346 b",2,1.76225380000,7.420000,
"Kepler-363","Kepler-363 d",3,11.93212500000,14.769000,0.000000
"Kepler-27","Kepler-27 b",3,15.33480000000,34.230000,0.000000
"Kepler-228","Kepler-228 b",3,2.56654600000,4.120000,0.000000
"Kepler-384","Kepler-384 b",2,22.59705300000,28.190000,0.000000
"Kepler-221","Kepler-221 d",4,10.04156000000,30.730000,0.000000
"Kepler-296","Kepler-296 f",5,63.33627000000,115.100000,0.330000
"Kepler-230","Kepler-230 c",2,91.77324200000,52.900000,0.000000
"Kepler-220","Kepler-220 b",4,4.15980700000,19.910000,0.000000
"Kepler-444","Kepler-444 b",5,3.60010530000,11.951000,0.160000
"Kepler-402","Kepler-402 d",4,8.92109900000,16.900000,0.000000
"Kepler-414","Kepler-414 b",2,4.70000000000,14.190000,0.000000
"Kepler-24","Kepler-24 d",4,4.24438400000,10.896600,0.000000
"HAT-P-2","HAT-P-2 b",2,5.63351580000,10.280000,0.517200
"Kepler-1321","Kepler-1321 b",3,11.12830484000,23.200000,0.000000
"Kepler-219","Kepler-219 c",3,22.71461300000,29.400000,0.000000
"Kepler-112","Kepler-112 c",2,28.57426300000,45.220000,0.000000
"Kepler-165","Kepler-165 b",2,8.18084800000,11.460000,0.000000
"Kepler-350","Kepler-350 c",3,17.84900000000,25.190000,0.000000
"Kepler-196","Kepler-196 c",3,47.42773700000,71.800000,0.000000
"55 Cnc","55 Cnc e",7,0.73654740000,3.520000,0.050000
"HAT-P-13","HAT-P-13 b",2,2.91625000000,5.892800,0.013300
"HAT-P-17","HAT-P-17 b",2,10.33852000000,22.720000,0.350000
"WASP-47","WASP-47 b",4,4.15915100000,9.700000,0.000600
"WASP-94 A","WASP-94 A b",2,3.95019000000,8.440000,0.000000
"WASP-84","WASP-84 b",2,8.52349648000,21.780000,0.000000
"K2-18","K2-18 b",2,32.93962300000,83.830000,0.200000
"WASP-47","WASP-47 d",4,9.03050100000,16.268000,0.001000
"WASP-47","WASP-47 e",4,0.78961000000,3.205000,0.000000
"GJ 1132","GJ 1132 b",2,1.62892911000,15.260000,0.011800
"TRAPPIST-1","TRAPPIST-1 b",7,1.51082600000,20.843000,0.006220
"TRAPPIST-1","TRAPPIST-1 c",7,2.42193700000,28.549000,0.006540
"TRAPPIST-1","TRAPPIST-1 d",7,4.04921900000,40.216000,0.008370
"HIP 41378","HIP 41378 b",6,15.57189300000,21.540000,0.021300
"HIP 41378","HIP 41378 c",6,31.70838000000,34.600000,0.067800
"HIP 41378","HIP 41378 d",6,278.36180000000,147.030000,0.000000
"HIP 41378","HIP 41378 e",6,369.00000000000,283.000000,
"HIP 41378","HIP 41378 f",6,542.07970000000,230.120000,
"HD 3167","HD 3167 b",4,0.95964100000,4.450000,0.000000
"HD 3167","HD 3167 c",4,29.84540000000,44.010000,0.060000
"TRAPPIST-1","TRAPPIST-1 e",7,6.10101300000,52.855000,0.005100
"TRAPPIST-1","TRAPPIST-1 f",7,9.20754000000,69.543000,0.010070
"TRAPPIST-1","TRAPPIST-1 g",7,12.35244600000,84.591000,0.002080
"TRAPPIST-1","TRAPPIST-1 h",7,18.77286600000,111.817000,0.005670
"HD 106315","HD 106315 b",2,9.55237000000,15.070000,0.093000
"HD 106315","HD 106315 c",2,21.05704000000,25.500000,0.220000
"LHS 1140","LHS 1140 b",2,24.73723000000,95.340000,0.043000
"WASP-107","WASP-107 b",2,5.72148760000,16.500000,0.090000
"GJ 9827","GJ 9827 b",3,1.20897400000,6.719000,0.000000
"GJ 9827","GJ 9827 c",3,3.64810300000,14.040000,0.000000
"GJ 9827","GJ 9827 d",3,6.20183000000,19.739000,0.000000
"K2-141","K2-141 b",2,0.28032440000,2.292000,0.000000
"K2-141","K2-141 c",2,7.74850000000,21.590000,0.092000
"LHS 1140","LHS 1140 c",2,3.77794000000,26.570000,0.050000
"HD 15337","HD 15337 b",2,4.75598040000,13.110000,0.058000
"HD 15337","HD 15337 c",2,17.18054600000,31.870000,0.096000
"L 98-59","L 98-59 b",5,2.25311400000,15.287995,0.031000
"L 98-59","L 98-59 c",5,3.69067640000,21.243799,0.002000
"L 98-59","L 98-59 d",5,7.45072900000,33.933422,0.006000
"V1298 Tau","V1298 Tau b",4,24.14000600000,26.060000,0.007900
"TOI-270","TOI-270 b",3,3.35992000000,17.108000,0.016700
"TOI-270","TOI-270 c",3,5.66051000000,25.569000,0.004400
"TOI-270","TOI-270 d",3,11.38194000000,41.744000,0.006600
"GJ 357","GJ 357 b",3,3.93060000000,22.890000,
"LTT 1445 A","LTT 1445 A b",2,5.35876350000,30.900000,0.180000
"V1298 Tau","V1298 Tau c",4,8.24916400000,13.189000,0.009400
"V1298 Tau","V1298 Tau d",4,12.40139400000,17.310000,0.008700
"V1298 Tau","V1298 Tau e",4,48.67771400000,51.000000,0.012400
"LP 791-18","LP 791-18 b",3,0.94799810000,11.000000,0.000000
"LP 791-18","LP 791-18 c",3,4.98991000000,37.050000,0.000100
"TOI-125","TOI-125 b",3,4.65382000000,13.160000,0.194000
"TOI-125","TOI-125 c",3,9.15059000000,20.660000,0.066000
"TOI-125","TOI-125 d",3,19.98000000000,34.770000,0.168000
"TOI-1130","TOI-1130 b",2,4.07455400000,13.770000,0.052162
"TOI-1130","TOI-1130 c",2,8.35018980000,22.220000,0.039800
"LTT 3780","LTT 3780 b",2,0.76837931000,6.790000,0.000000
"LTT 3780","LTT 3780 c",2,12.25228400000,43.000000,0.024000
"AU Mic","AU Mic b",4,8.46344600000,17.510000,0.070000
"WASP-148","WASP-148 b",2,8.80380900000,19.330000,0.208000
"TOI-700","TOI-700 b",4,9.97721900000,34.300000,0.075000
"TOI-700","TOI-700 c",4,16.05113700000,47.100000,0.068000
"TOI-700","TOI-700 d",4,37.42396000000,82.900000,0.042000
"HIP 67522","HIP 67522 b",2,6.95947310000,11.660000,0.064000
"HD 86226","HD 86226 c",2,3.98442000000,10.110000,0.075000
"TOI-421","TOI-421 c",2,16.06754100000,29.910000,0.190000
"GJ 3473","GJ 3473 b",2,1.19800350000,9.390000,0.000000
"TOI-776","TOI-776 b",2,8.24662000000,27.870000,0.052000
"TOI-776","TOI-776 c",2,15.66532300000,42.750000,0.089000
"TOI-561","TOI-561 b",4,0.44656970000,2.683000,0.000000
"TOI-561","TOI-561 c",4,10.77883800000,22.400000,0.023000
"TOI-561","TOI-561 d",4,25.71268000000,40.000000,0.111000
"TOI-561","TOI-561 e",4,77.14400000000,83.210000,0.074000
"TOI-451","TOI-451 b",3,1.85870330000,6.950000,0.000000
"TOI-451","TOI-451 c",3,9.19246300000,20.180000,0.000000
"TOI-451","TOI-451 d",3,16.36496200000,29.600000,0.000000
"TOI-178","TOI-178 b",6,1.91456010000,8.610000,
"TOI-178","TOI-178 c",6,3.23848600000,12.230000,0.000320
"TOI-178","TOI-178 d",6,6.55756900000,19.570000,0.006800
"TOI-178","TOI-178 e",6,9.96318000000,25.870000,0.000380
"TOI-178","TOI-178 f",6,15.23335000000,34.330000,0.000450
"TOI-178","TOI-178 g",6,20.71663000000,42.130000,0.000430
"TOI-2076","TOI-2076 b",4,10.35504000000,22.500000,0.011400
"TOI-2076","TOI-2076 c",4,21.01447000000,24.900000,0.036000
"TOI-2076","TOI-2076 d",4,35.12803000000,32.100000,0.027000
"AU Mic","AU Mic c",4,18.85902300000,29.870000,0.180000
"TOI-431","TOI-431 b",3,0.49004700000,3.420000,0.000000
"TOI-431","TOI-431 d",3,12.46103000000,28.650000,0.000000
"HD 63935","HD 63935 b",2,9.05880700000,18.640000,0.000000
"HD 63935","HD 63935 c",2,21.40270000000,33.060000,0.000000
"GJ 367","GJ 367 b",3,0.32192250000,3.410000,0.060000
"LTT 1445 A","LTT 1445 A c",2,3.12390350000,21.560000,0.223000
"TOI-500","TOI-500 b",4,0.54817700000,3.769000,0.063000
"GJ 3929","GJ 3929 b",2,2.61623500000,16.800000,0.000000
"TOI-1670","TOI-1670 b",2,10.98462000000,16.880000,0.590000
"TOI-1670","TOI-1670 c",2,40.74976000000,40.680000,0.090000
"HD 260655","HD 260655 b",2,2.76953000000,14.430000,0.039000
"HD 260655","HD 260655 c",2,5.70588000000,23.370000,0.038000
"GJ 3090","GJ 3090 b",2,2.85310198000,13.180000,0.250000
"TOI-771","TOI-771 b",2,2.32601550000,18.900000,0.055000
"TOI-1136","TOI-1136 d",6,12.51990000000,23.500000,0.042000
"TOI-1136","TOI-1136 c",6,6.25740000000,14.800000,0.110000
"TOI-1136","TOI-1136 f",6,26.32100000000,38.560000,0.001000
"TOI-1136","TOI-1136 e",6,18.80100000000,30.810000,0.042500
"TOI-1468","TOI-1468 c",2,15.53247700000,49.800000,0.111000
"TOI-1468","TOI-1468 b",2,1.88052010000,12.200000,0.009900
"HIP 9618","HIP 9618 b",2,20.77285800000,32.900000,0.000000
"HIP 9618","HIP 9618 c",2,52.56363000000,61.000000,0.000000
"TOI-2134","TOI-2134 b",2,9.22920050000,23.660000,0.060000
"TOI-2134","TOI-2134 c",2,95.50000000000,112.000000,0.670000
"LP 890-9","LP 890-9 b",2,2.72990250000,26.320000,
"TOI-4336 A","TOI-4336 A b",2,16.33635100000,57.160000,0.000000
"Kepler-167","Kepler-167 e",4,1071.23205000000,179.900000,0.290000
"Kepler-167","Kepler-167 c",4,7.40610600000,14.000000,0.000000
"KOI-94","KOI-94 d",4,22.34298900000,23.800000,0.022000
"LP 890-9","LP 890-9 c",2,8.45746300000,55.940000,
"TOI-1136","TOI-1136 b",6,4.17270000000,11.290000,0.027000
"TOI-1136","TOI-1136 g",6,39.54500000000,50.600000,0.040000
"WASP-84","WASP-84 c",2,1.44688490000,6.610000,
"TOI-6109","TOI-6109 c",2,8.53887800000,16.564900,
"TOI-6109","TOI-6109 b",2,5.69047600000,12.631800,
"GJ 806","GJ 806 b",2,0.92632370000,7.300000,
"HD 110067","HD 110067 b",6,9.11367800000,21.660000,
"HD 110067","HD 110067 c",6,13.67369400000,28.370000,
"HD 110067","HD 110067 d",6,20.51961700000,37.210000,
"HD 110067","HD 110067 e",6,30.79309100000,48.770000,
"HD 110067","HD 110067 f",6,41.05854000000,59.080000,
"HD 110067","HD 110067 g",6,54.76992000000,71.590000,
"HIP 67522","HIP 67522 c",2,14.33489200000,19.140000,0.077000
"TOI-2076","TOI-2076 e",4,3.02237530000,10.400000,0.000000
"KOI-94","KOI-94 b",4,3.74320800000,7.250000,0.250000
"Kepler-167","Kepler-167 d",4,21.80379000000,28.760000,0.000000
"Kepler-51","Kepler-51 d",4,130.19400000000,124.700000,0.008000
"Kepler-51","Kepler-51 c",4,85.31200000000,94.100000,0.014000
"Kepler-51","Kepler-51 b",4,45.15400000000,61.500000,0.040000
"Kepler-167","Kepler-167 b",4,4.39315390000,9.884000,0.000000
"KOI-94","KOI-94 c",4,10.42364800000,14.300000,0.430000
"KOI-94","KOI-94 e",4,54.32031000000,43.100000,0.019000
"Kepler-247","Kepler-247 b",3,3.33616000000,12.255000,0.000000
"Kepler-182","Kepler-182 c",2,20.68434200000,24.100000,0.000000
"Kepler-110","Kepler-110 c",2,31.71977500000,20.200000,0.000000
"Kepler-549","Kepler-549 b",3,42.94956490000,62.260000,0.000000
"Kepler-347","Kepler-347 d",3,85.51734400000,27.000000,0.000000
"Kepler-280","Kepler-280 c",2,4.80709100000,13.500000,0.000000
"Kepler-399","Kepler-399 d",3,58.03461600000,81.400000,0.000000
"K2-58","K2-58 d",3,22.88270000000,48.667611,
"Kepler-192","Kepler-192 b",3,9.92674600000,19.830000,0.000000
"Kepler-115","Kepler-115 b",2,2.40367900000,4.890000,0.000000
"Kepler-283","Kepler-283 b",2,11.00815100000,43.185000,0.000000
"Kepler-341","Kepler-341 d",4,27.66631300000,19.500000,0.000000
"Kepler-1489","Kepler-1489 b",2,82.29475100000,91.000000,0.000000
"Kepler-879","Kepler-879 b",2,33.38559380000,39.800000,0.000000
"Kepler-1641","Kepler-1641 b",2,19.67226600000,20.400000,0.000000
"Kepler-184","Kepler-184 c",3,20.30300500000,17.900000,0.000000
"Kepler-969","Kepler-969 c",2,1.68293460400,5.160000,0.000000
"Kepler-732","Kepler-732 c",2,0.89304123600,6.357000,0.000000
"Kepler-392","Kepler-392 c",2,10.42311800000,20.410000,0.000000
"TOI-7510","TOI-7510 c",3,22.56874230000,33.300000,0.009100
"Kepler-354","Kepler-354 d",3,24.20984200000,39.000000,0.000000
"Kepler-154","Kepler-154 c",5,62.30327600000,47.100000,0.000000
"TOI-969","TOI-969 b",2,1.82373050000,8.470000,
"Kepler-1129","Kepler-1129 b",2,24.33978040000,21.500000,0.000000
"Kepler-52","Kepler-52 c",3,16.38500210000,42.600000,0.012000
"Kepler-9","Kepler-9 c",3,38.98530000000,49.800000,0.066910
"Kepler-238","Kepler-238 c",5,6.15555700000,5.680000,0.000000
"Kepler-55","Kepler-55 c",5,42.15164180000,13.220000,0.000000
"Kepler-218","Kepler-218 b",3,3.61933700000,9.140000,0.000000
"Kepler-424","Kepler-424 b",2,3.31186440000,11.209000,0.000000
"EPIC 212737443","EPIC 212737443 c",2,65.55000000000,91.172000,0.200000
"Kepler-1312","Kepler-1312 b",2,5.44832528600,19.020000,0.000000
"Kepler-272","Kepler-272 b",3,2.97135300000,8.410000,0.000000
"K2-136","K2-136 b",3,7.97525000000,22.200000,0.140000
"K2-136","K2-136 c",3,17.30723000000,39.400000,0.047000
"K2-136","K2-136 d",3,25.57500000000,48.300000,0.071000
"TOI-199","TOI-199 b",2,104.85400000000,119.100000,0.090000
"HAT-P-11","HAT-P-11 b",2,4.88800000000,16.718400,0.251000
"Kepler-212","Kepler-212 b",2,16.25758200000,19.450000,0.000000
"Kepler-55","Kepler-55 d",5,2.21109900000,9.819000,0.000000
"Kepler-1143","Kepler-1143 c",2,210.63059100000,156.100000,0.000000
"Kepler-431","Kepler-431 c",3,8.70300000000,6.650000,0.000000
"TIC 279401253","TIC 279401253 b",2,76.80000000000,71.900000,0.448000
"Kepler-253","Kepler-253 c",3,10.28195100000,23.230000,0.000000
"Kepler-60","Kepler-60 b",3,7.13340000000,6.310000,0.000000
"Kepler-1518","Kepler-1518 c",2,9.63102580000,5.250000,0.000000
"Kepler-382","Kepler-382 b",2,5.26215500000,9.000000,0.000000
"Kepler-190","Kepler-190 c",2,3.76302400000,19.310000,0.000000
"Kepler-216","Kepler-216 c",2,17.40666900000,19.807000,0.000000
"Kepler-267","Kepler-267 d",3,28.46451500000,84.560000,0.000000
"K2-396","K2-396 c",2,25.76051000000,39.310000,
"K2-198","K2-198 b",3,17.04286830000,25.860000,
"Kepler-296","Kepler-296 c",5,5.84163660000,23.500000,0.330000
"Kepler-1801","Kepler-1801 b",2,10.44089985000,10.260000,0.000000
"HD 118203","HD 118203 b",2,6.13497790000,7.460000,0.313600
"Kepler-204","Kepler-204 b",2,14.40097400000,14.040000,0.000000
"Kepler-122","Kepler-122 d",5,21.58747500000,37.800000,0.000000
"Kepler-139","Kepler-139 b",5,15.77104400000,24.330000,0.000000
"Kepler-55","Kepler-55 e",5,4.61753400000,12.350000,0.000000
"K2-165","K2-165 b",3,2.35499200000,9.208522,
"Kepler-1987","Kepler-1987 e",4,8.74292005000,26.040000,0.000000
"Kepler-2000","Kepler-2000 c",2,20.61803480000,48.850000,0.000000
"Kepler-111","Kepler-111 b",2,3.34181500000,7.350000,0.000000
"HD 80653","HD 80653 b",2,0.71957300000,2.920000,0.000000
"KOI-351","Kepler-90 i",8,14.44912000000,33.800000,0.000000
"Kepler-307","Kepler-307 c",2,13.07290000000,20.340000,0.000000
"Kepler-436","Kepler-436 c",2,16.79713874000,40.790000,0.000000
"Kepler-135","Kepler-135 c",2,11.44870800000,15.400000,0.000000
"Kepler-250","Kepler-250 b",3,4.14814100000,12.610000,0.000000
"K2-138","K2-138 g",6,41.96797000000,57.700000,0.059000
"Kepler-2001","Kepler-2001 b",2,1.09001100300,4.840000,0.000000
"K2-19","K2-19 b",3,7.91930000000,19.660000,0.100000
"Kepler-395","Kepler-395 c",2,34.98926200000,67.770000,0.000000
"Kepler-281","Kepler-281 b",3,14.64600800000,15.800000,0.000000
"TOI-1288","TOI-1288 b",2,2.69982790000,8.500000,0.000000
"Kepler-266","Kepler-266 c",2,107.72360100000,105.770000,0.000000
"Kepler-32","Kepler-32 e",5,2.89600000000,13.500000,0.000000
"Kepler-387","Kepler-387 c",2,11.83754900000,25.080000,0.000000
"Kepler-175","Kepler-175 b",2,11.90351500000,17.800000,0.000000
"Kepler-375","Kepler-375 c",2,19.98632600000,12.990000,0.000000
"Kepler-1312","Kepler-1312 c",2,1.11611998100,6.360000,0.000000
"K2-264","K2-264 c",2,19.66030200000,51.300000,0.450000
"Kepler-53","Kepler-53 b",3,18.64895250000,33.690000,0.000000
"Kepler-338","Kepler-338 e",4,9.34100000000,8.890000,0.050000
"Kepler-11","Kepler-11 d",6,22.68450000000,31.390000,0.004000
"Kepler-48","Kepler-48 d",5,42.89610000000,59.500000,0.000000
"Kepler-1921","Kepler-1921 b",2,20.03479958000,23.390000,0.000000
"Kepler-100","Kepler-100 d",4,35.33310000000,18.380000,0.380000
"Kepler-351","Kepler-351 d",3,142.54424700000,127.830000,0.000000
"Kepler-311","Kepler-311 d",3,232.04032600000,117.800000,0.000000
"Kepler-309","Kepler-309 b",2,5.92365300000,17.510000,0.000000
"Kepler-176","Kepler-176 d",4,25.75197400000,34.000000,0.000000
"Kepler-277","Kepler-277 c",2,33.00600000000,26.150000,0.000000
"Kepler-150","Kepler-150 f",5,637.20930000000,291.100000,
"Kepler-279","Kepler-279 d",4,54.41400000000,24.990000,0.000000
"Kepler-262","Kepler-262 b",2,13.06085500000,23.810000,0.000000
"Kepler-173","Kepler-173 b",2,4.26374200000,10.700000,0.000000
"Kepler-335","Kepler-335 b",2,6.56233100000,10.600000,0.000000
"Kepler-324","Kepler-324 c",4,51.80561200000,23.100000,0.000000
"Kepler-1530","Kepler-1530 c",3,5.32274060000,9.420000,0.000000
"Kepler-1047","Kepler-1047 c",2,3.18897601000,9.835400,0.000000
"K2-168","EPIC 205950854 c",2,8.05072200000,16.180000,
"Kepler-290","Kepler-290 b",3,14.58934700000,47.440000,0.000000
"Kepler-1311","Kepler-1311 b",3,11.17269940000,14.283000,0.000000
"Kepler-126","Kepler-126 d",3,100.28313400000,37.660000,0.020000
"Kepler-445","Kepler-445 c",3,4.87122900000,30.210000,0.000000
"Kepler-1350","Kepler-1350 b",2,4.49686040000,20.650000,0.000000
"Kepler-865","Kepler-865 c",2,6.20920207000,17.490000,0.000000
"Kepler-605","Kepler-605 b",2,3.38353806600,18.211000,0.000000
"Kepler-234","Kepler-234 b",2,2.71150600000,7.088000,0.000000
"Kepler-360","Kepler-360 b",2,3.28967200000,10.948000,0.000000
"Kepler-172","Kepler-172 e",4,35.11873600000,76.320000,0.000000
"Kepler-275","Kepler-275 d",3,35.67606200000,32.500000,0.000000
"K2-146","K2-146 c",2,4.00498000000,20.064000,0.075000
"K2-384","K2-384 d",5,6.67958200000,27.930000,
"Kepler-157","Kepler-157 b",3,1.73234200000,6.029000,0.000000
"Kepler-388","Kepler-388 c",2,13.29700400000,31.340000,0.000000
"Kepler-33","Kepler-33 b",5,5.66793000000,7.870000,0.000000
"K2-24","K2-24 c",2,42.33910000000,53.000000,0.070000
"Kepler-598","Kepler-598 c",2,86.49450000000,91.600000,0.000000
"Kepler-169","Kepler-169 c",5,6.19546900000,17.440000,0.000000
"Kepler-403","Kepler-403 d",3,13.61159129000,13.956000,0.000000
"Kepler-82","Kepler-82 d",5,2.38296100000,8.340000,0.000000
"Kepler-411","Kepler-411 d",4,58.02035000000,35.690000,0.128000
"Kepler-226","Kepler-226 d",3,8.10904400000,17.460000,0.000000
"Kepler-1001","Kepler-1001 c",2,9.18186000000,5.320000,0.000000
"K2-90","K2-90 b",2,13.73331400000,33.400000,0.070000
"Kepler-215","Kepler-215 c",4,14.66710800000,29.609000,0.000000
"Kepler-326","Kepler-326 d",3,6.76688800000,31.420000,0.000000
"Kepler-219","Kepler-219 d",3,47.90364500000,63.600000,0.000000
"Kepler-53","Kepler-53 c",3,38.55830380000,25.000000,0.000000
"TOI-7510","TOI-7510 b",3,11.53086900000,21.270000,0.057200
"Kepler-967","Kepler-967 c",2,198.71125020000,184.680000,0.000000
"Kepler-271","Kepler-271 c",3,7.41086267000,17.600000,0.000000
"K2-63","K2-63 c",2,25.45560000000,36.500000,
"Kepler-289","Kepler-289 c",4,125.87230000000,108.950000,0.000000
"Kepler-1869","Kepler-1869 c",2,1.71682830400,4.670000,0.000000
"Kepler-732","Kepler-732 b",2,9.46781404800,30.870000,0.000000
"Kepler-149","Kepler-149 b",3,29.19894300000,45.558000,0.000000
"HD 63433","HD 63433 b",3,7.10794750000,16.500000,0.240000
"Kepler-647","Kepler-647 c",2,29.66630000000,27.582000,0.000000
"Kepler-54","Kepler-54 c",3,12.07172490000,21.880000,0.000000
"Kepler-138","Kepler-138 b",4,10.31340000000,30.300000,0.020000
"Kepler-81","Kepler-81 d",3,20.83784600000,26.900000,0.000000
"Kepler-1987","Kepler-1987 c",4,3.64830183000,14.170000,0.000000
"Kepler-314","Kepler-314 b",2,2.46106900000,9.100000,0.000000
"Kepler-23","Kepler-23 b",3,7.10000000000,10.643000,0.017000
"Kepler-370","Kepler-370 c",2,19.02293000000,25.700000,0.000000
"Kepler-302","Kepler-302 c",2,127.28218400000,97.120000,0.000000
"Kepler-120","Kepler-120 b",2,6.31250100000,18.129000,0.000000
"Kepler-1073","Kepler-1073 b",3,8.67888593000,19.452000,0.000000
"Kepler-92","Kepler-92 b",3,13.74900000000,10.620000,0.170000
"Kepler-405","Kepler-405 c",2,29.72668200000,25.000000,0.000000
"Kepler-282","Kepler-282 c",4,13.63872300000,19.330000,0.000000
"Kepler-154","Kepler-154 f",5,9.91935684000,17.510000,0.000000
"Kepler-313","Kepler-313 b",2,14.97041800000,13.000000,0.000000
"Kepler-84","Kepler-84 f",5,44.55216900000,43.000000,0.000000
"TOI-261","TOI-261.01",2,3.36392540000,5.846969,
"Kepler-176","Kepler-176 c",4,12.75971200000,27.650000,0.000000
"Kepler-369","Kepler-369 c",2,14.87157200000,48.500000,0.000000
"Kepler-36","Kepler-36 b",2,13.86825000000,10.111000,0.000000
"Kepler-616","Kepler-616 c",3,90.41135560000,107.200000,0.000000
"K2-389","K2-389 c",2,20.85133700000,28.900000,
"Kepler-362","Kepler-362 c",2,37.86628100000,60.620000,0.000000
"Kepler-260","Kepler-260 c",2,76.05017800000,82.690000,0.000000
"Kepler-211","Kepler-211 b",2,4.13857500000,5.560000,0.000000
"Kepler-197","Kepler-197 b",4,5.59930800000,6.260000,0.020000
"Kepler-113","Kepler-113 c",2,8.92507000000,15.100000,0.000000
"K2-75","K2-75 c",2,18.31100000000,21.419376,
"Kepler-297","Kepler-297 c",3,74.92013700000,78.200000,0.000000
"Kepler-198","Kepler-198 b",3,17.79003700000,31.384000,0.000000
"K2-148","K2-148 d",3,9.75790000000,36.300000,
"Kepler-142","Kepler-142 b",3,2.02415200000,4.880000,0.000000
"Kepler-9","Kepler-9 d",3,1.59285100000,5.540000,0.000000
"Kepler-31","Kepler-31 b",3,20.86130000000,31.855000,0.000000
"Kepler-1086","Kepler-1086 c",2,161.51633450000,196.220000,0.000000
"Kepler-352","Kepler-352 c",3,16.33299500000,61.270000,0.000000
"Kepler-30","Kepler-30 c",3,60.32310500000,61.300000,0.011100
"Kepler-62","Kepler-62 c",5,12.44170000000,31.400000,0.000000
"Kepler-270","Kepler-270 c",2,25.26288700000,20.000000,0.000000
"Kepler-446","Kepler-446 c",3,3.03617900000,22.400000,0.000000
"K2-16","K2-16 c",3,19.07863000000,22.800000,
"K2-270","K2-270 b",2,1.54306900000,6.040000,
"K2-374","K2-374 c",2,16.43445000000,27.110000,
"Kepler-406","Kepler-406 c",2,4.62332000000,10.180000,0.000000
"Kepler-431","Kepler-431 d",3,11.92200000000,4.600000,0.000000
"Kepler-342","Kepler-342 b",4,15.17031800000,11.850000,0.000000
"Kepler-263","Kepler-263 c",2,47.33277300000,129.800000,0.000000
"Kepler-124","Kepler-124 c",3,13.82137500000,13.140000,0.000000
"TOI-1347","TOI-1347 c",2,4.84196200000,14.180000,0.000000
"Kepler-117","Kepler-117 b",2,18.79592280000,19.670000,0.049300
"Kepler-267","Kepler-267 c",3,6.87745000000,22.000000,0.000000
"Kepler-1165","Kepler-1165 c",2,29.96870041000,34.680000,0.000000
"Kepler-102","Kepler-102 b",5,5.28696500000,10.300000,0.100000
"K2-282","K2-282 b",2,4.16978300000,11.000000,
"Kepler-255","Kepler-255 d",3,1.04562265800,4.307000,0.000000
"Kepler-85","Kepler-85 e",4,25.21675100000,15.440000,0.000000
"Kepler-1669","Kepler-1669 d",3,4.72941177000,16.040000,0.000000
"TOI-469","HIP 29442 c",3,3.53795590000,9.720000,
"Kepler-113","Kepler-113 b",2,4.75400000000,14.530000,0.000000
"Kepler-122","Kepler-122 b",5,5.76619300000,11.711000,0.000000
"TOI-7510","TOI-7510 d",3,48.86446800000,55.780000,0.040000
"Kepler-305","Kepler-305 e",4,3.20538000000,11.510000,0.000000
"Kepler-24","Kepler-24 b",4,8.14000000000,16.827300,0.023000
"Kepler-221","Kepler-221 b",4,2.79590600000,10.510000,0.000000
"Kepler-295","Kepler-295 b",3,12.64516400000,4.410000,0.000000
"Kepler-233","Kepler-233 b",2,8.47238200000,24.420000,0.000000
"Kepler-131","Kepler-131 c",2,25.51690000000,33.900000,0.000000
"Kepler-221","Kepler-221 e",4,18.36991700000,64.800000,0.000000
"Kepler-52","Kepler-52 d",3,36.44517100000,71.500000,0.000000
"Kepler-367","Kepler-367 c",2,53.57863700000,45.100000,0.000000
"Kepler-50","Kepler-50 b",2,7.81254000000,10.526300,0.000000
"Kepler-237","Kepler-237 b",2,4.71510600000,15.330000,0.000000
"TOI-201","TOI-201 b",3,52.97860000000,50.900000,0.275000
"Kepler-185","Kepler-185 c",2,20.72904200000,56.850000,0.000000
"TOI-4156","TOI-4156 c",2,12.82282706375,25.577442,
"EPIC 212624936","EPIC 212624936 b",2,0.57865700000,3.000000,
"Kepler-148","Kepler-148 b",3,1.72936600000,7.660000,0.000000
"Kepler-431","Kepler-431 b",3,6.80300000000,4.600000,0.000000
"Kepler-154","Kepler-154 b",5,33.04053200000,75.740000,0.000000
"Kepler-354","Kepler-354 c",3,16.93440200000,32.600000,0.000000
"Kepler-84","Kepler-84 b",5,8.72600000000,5.930000,0.000000
"Kepler-1245","Kepler-1245 b",2,4.35409304000,14.530000,0.000000
"Kepler-1090","Kepler-1090 b",2,198.68017900000,177.300000,0.000000
"K2-285","K2-285 b",4,3.47174500000,10.430000,0.000000
"Kepler-769","Kepler-769 c",2,15.98701740000,18.800000,0.000000
"Kepler-244","Kepler-244 c",3,9.76729200000,21.000000,0.000000
"Kepler-144","Kepler-144 b",2,5.88527300000,23.530000,0.000000
"Kepler-294","Kepler-294 c",2,6.62640000000,16.270000,0.000000
"Kepler-1371","Kepler-1371 c",2,2.00541269000,8.430000,0.000000
"Kepler-963","Kepler-963 b",2,9.97683705000,22.824000,0.000000
"K2-168","K2-168 b",2,15.85230000000,25.420000,
"Kepler-59","Kepler-59 c",2,17.98012350000,11.300000,0.000000
"TOI-1803","TOI-1803 b",2,6.29328700000,18.200000,0.000000
"Kepler-152","Kepler-152 b",2,18.20797300000,34.300000,0.000000
"Kepler-140","Kepler-140 c",2,91.35328200000,81.210000,0.000000
"HD 5278","HD 5278 b",2,14.33915600000,22.400000,0.080000
"Kepler-495","Kepler-495 b",2,3.41303622100,10.540600,0.000000
"Kepler-336","Kepler-336 c",3,9.60000100000,7.390000,0.000000
"Kepler-285","Kepler-285 c",2,6.18667600000,16.460000,0.000000
"Kepler-396","Kepler-396 b",2,42.99400000000,72.950000,0.000000
"Kepler-155","Kepler-155 b",2,5.93119400000,20.690000,0.000000
"Kepler-265","Kepler-265 d",4,43.13061700000,51.000000,0.000000
"Kepler-1669","Kepler-1669 c",3,1.60932004500,8.056000,0.000000
"TOI-237","TOI-237 b",2,5.43609800000,34.700000,0.000000
"Kepler-169","Kepler-169 f",5,87.09019500000,109.500000,0.000000
"Kepler-1321","Kepler-1321 c",3,2.22649108600,10.304000,0.000000
"K2-138","K2-138 b",6,2.35309000000,8.500000,0.048000
"Kepler-273","Kepler-273 b",2,2.93653200000,12.820000,0.000000
"Kepler-341","Kepler-341 c",4,8.01041000000,14.580000,0.000000
"Kepler-26","Kepler-26 c",4,17.25590000000,38.500000,0.013000
"Kepler-393","Kepler-393 b",2,9.18241700000,7.670000,0.000000
"Kepler-209","Kepler-209 c",2,41.74988200000,21.430000,0.000000
"Kepler-142","Kepler-142 c",3,4.76170200000,11.218000,0.000000
"Kepler-1649","Kepler-1649 c",2,19.53527000000,76.800000,0.000000
"Kepler-106","Kepler-106 e",4,43.84450000000,28.200000,0.000000
"Kepler-389","Kepler-389 b",2,3.24410700000,5.900000,0.000000
"Kepler-53","Kepler-53 d",3,9.75196200000,6.000000,0.000000
"Kepler-254","Kepler-254 d",3,18.74647700000,20.100000,0.000000
"Kepler-625","Kepler-625 c",2,4.16536510000,9.750000,0.000000
"Kepler-54","Kepler-54 b",3,8.01094340000,7.660000,0.022000
"Kepler-202","Kepler-202 c",2,16.28249300000,42.020000,0.000000
"Kepler-276","Kepler-276 c",3,31.88400000000,35.420000,0.000000
"Kepler-218","Kepler-218 d",3,124.52446470000,100.861000,0.000000
"Kepler-153","Kepler-153 c",2,46.90232000000,87.100000,0.000000
"Kepler-1894","Kepler-1894 b",2,2.76266002700,11.121000,0.000000
"Kepler-193","Kepler-193 c",2,50.69749400000,65.710000,0.000000
"Kepler-62","Kepler-62 f",5,267.29100000000,243.000000,0.000000
"TOI-4342","TOI-4342 b",2,5.53825920000,18.970000,0.000000
"Kepler-132","Kepler-132 d",4,18.01019900000,17.200000,0.000000
"HD 22946","HD 22946 d",3,47.42489000000,57.000000,
"Kepler-400","Kepler-400 b",2,9.02438900000,23.210000,0.000000
"Kepler-137","Kepler-137 b",2,8.43638700000,13.600000,0.000000
"Kepler-454","Kepler-454 b",3,10.57375340000,18.293000,0.320000
"Kepler-383","Kepler-383 c",2,31.20075100000,42.500000,0.000000
"Kepler-1894","Kepler-1894 c",2,5.05368985000,13.270000,0.000000
"Kepler-58","Kepler-58 b",4,10.21849540000,6.690000,0.040000
"TOI-1064","TOI-1064 b",2,6.44386800000,20.409946,0.047000
"Kepler-250","Kepler-250 d",3,17.64831200000,68.200000,0.000000
"Kepler-397","Kepler-397 c",2,135.49852700000,109.000000,0.000000
"HR 858","HR 858 c",3,5.97386500000,11.770000,0.000000
"Kepler-397","Kepler-397 b",2,22.25094900000,44.000000,0.000000
"Kepler-79","Kepler-79 c",4,27.40290000000,30.900000,0.030000
"Kepler-31","Kepler-31 c",3,42.63180000000,28.700000,0.000000
"Kepler-83","Kepler-83 d",3,5.16979600000,17.800000,0.000000
"TOI-815","TOI-815 c",2,34.97614500000,53.900000,0.220000
"Kepler-265","Kepler-265 b",4,6.84626200000,15.000000,0.000000
"Kepler-449","Kepler-449 b",2,12.58242000000,9.480000,0.030000
"Kepler-1542","Kepler-1542 b",4,3.95116882000,10.630000,0.000000
"Kepler-288","Kepler-288 b",3,6.09732600000,13.768000,0.000000
"K2-165","K2-165 d",3,14.10136100000,27.729097,
"Kepler-336","Kepler-336 d",3,20.67877200000,12.320000,0.000000
"K2-138","K2-138 d",6,5.40479000000,14.700000,0.043000
"Kepler-105","Kepler-105 c",2,7.12592000000,19.270000,0.020000
"Kepler-1322","Kepler-1322 c",2,6.45998001100,28.000000,0.000000
"Kepler-68","Kepler-68 c",4,9.60502700000,15.680000,0.099000
"Kepler-25","Kepler-25 b",3,6.23829700000,13.779500,0.002900
"Kepler-288","Kepler-288 d",3,56.63374200000,20.500000,0.000000
"K2-166","K2-166 b",2,8.52695000000,11.100000,
"Kepler-295","Kepler-295 c",3,21.52625800000,19.860000,0.000000
"Kepler-323","Kepler-323 c",2,3.55382290000,8.872000,0.095000
"Kepler-230","Kepler-230 b",2,32.62555500000,53.950000,0.000000
"K2-219","K2-219 c",3,6.66767000000,10.347938,
"Kepler-149","Kepler-149 d",3,160.01803200000,127.000000,0.000000
"Kepler-94","Kepler-94 b",2,2.50806000000,11.000000,0.000000
"Kepler-730","Kepler-730 c",2,2.85188338000,6.100000,0.000000
"Kepler-539","Kepler-539 b",2,125.63243000000,94.607380,0.390000
"TOI-1798","TOI-1798.01",2,8.02152233100,17.602665,0.000000
"Kepler-289","Kepler-289 e",4,330.07160000000,449.000000,0.000000
"KOI-1783","KOI-1783.02",2,284.21500000000,143.400000,0.000000
"Kepler-243","Kepler-243 c",2,20.02621800000,40.700000,0.000000
"Kepler-80","Kepler-80 d",6,3.07222000000,11.870000,0.004100
"K2-268","K2-268 f",5,26.27057000000,41.410000,
"Kepler-330","Kepler-330 c",2,15.95538700000,31.700000,0.000000
"Kepler-60","Kepler-60 c",3,8.91870000000,7.320000,0.039000
"K2-374","K2-374 b",2,4.52195300000,11.440000,
"Kepler-56","Kepler-56 c",3,21.40239000000,5.660000,0.000000
"Kepler-301","Kepler-301 d",3,13.75124300000,19.400000,0.000000
"K2-199","K2-199 b",2,3.22539930000,12.070000,0.020000
"Kepler-290","Kepler-290 d",3,0.76401755300,4.860000,0.000000
"HD 15906","HD 15906 b",2,10.92470900000,25.350000,0.110000
"K2-240","K2-240 b",2,6.03400000000,21.100000,
"Kepler-306","Kepler-306 c",4,7.24019300000,19.580000,0.000000
"Kepler-83","Kepler-83 b",3,9.77000000000,31.380000,0.000000
"K2-187","K2-187 d",4,7.14958400000,18.000000,
"Kepler-799","Kepler-799 b",2,133.46052350000,73.800000,0.000000
"EPIC 212587672","EPIC 212587672 b",2,15.28078000000,30.750000,
"Kepler-1093","Kepler-1093 c",2,89.72229200000,52.800000,0.000000
"Kepler-1315","Kepler-1315 c",2,6.56606006600,20.490000,0.000000
"Kepler-132","Kepler-132 b",4,6.17819600000,8.400000,0.000000
"Kepler-132","Kepler-132 c",4,6.41491400000,8.600000,0.000000
"Kepler-383","Kepler-383 b",2,12.90453200000,30.580000,0.000000
"Kepler-168","Kepler-168 c",2,13.19324200000,20.594990,0.000000
"TOI-5624","TOI-5624 c",5,7.88538500000,19.320000,0.000000
"TIC 24750448","TIC 24750448 b",2,3.59159193029,11.154449,
"Kepler-1642","Kepler-1642 c",2,6.65138020000,24.450000,0.000000
"Kepler-227","Kepler-227 c",2,54.41869400000,96.990000,0.000000
"K2-187","K2-187 e",4,13.60662900000,28.000000,
"Kepler-656","Kepler-656 c",2,5.25449393000,7.520000,0.000000
"KOI-7892","Kepler-457 d",3,10.69060040000,12.440000,0.000000
"Kepler-1814","Kepler-1814 c",2,0.62628176600,3.547000,0.000000
"K2-368","K2-368 c",3,9.66018600000,25.980000,
"Kepler-332","Kepler-332 b",3,7.62632400000,24.470000,0.000000
"Kepler-222","Kepler-222 b",3,3.93698100000,10.900000,0.000000
"Kepler-357","Kepler-357 b",3,6.47543400000,18.920000,0.000000
"HR 858","HR 858 b",3,3.58528700000,8.370000,0.000000
"Kepler-23","Kepler-23 d",3,15.27000000000,19.240000,0.010000
"K2-198","K2-198 c",3,3.35960550000,8.760000,
"Kepler-33","Kepler-33 e",5,31.78440000000,24.900000,0.000000
"Kepler-386","Kepler-386 b",2,12.31043000000,25.690000,0.000000
"Kepler-990","Kepler-990 c",2,0.53835430800,2.862000,0.000000
"Kepler-223","Kepler-223 b",4,7.38449000000,10.690000,0.078000
"Kepler-207","Kepler-207 b",3,1.61186500000,2.960000,0.000000
"Kepler-191","Kepler-191 d",3,5.94504101700,18.117000,0.000000
"EPIC 212297394","EPIC 212297394 c",2,5.21396500000,14.450000,
"K2-35","K2-35 c",2,5.60835200000,19.100000,0.120000
"Kepler-321","Kepler-321 c",2,13.09392100000,19.500000,0.000000
"Kepler-169","Kepler-169 d",5,8.34812500000,10.900000,0.000000
"Kepler-308","Kepler-308 c",2,15.38231000000,31.470000,0.000000
"Kepler-378","Kepler-378 c",2,28.90600900000,72.800000,0.000000
"TOI-1238","TOI-1238 c",2,3.29473600000,13.730000,0.150000
"Kepler-49","Kepler-49 d",4,2.57654900000,12.787000,0.000000
"TOI-904","TOI-904 c",2,83.99970000000,130.000000,
"Kepler-282","Kepler-282 d",4,24.80600000000,31.527000,0.000000
"Kepler-208","Kepler-208 e",4,16.25945800000,14.100000,0.000000
"Kepler-320","Kepler-320 b",2,8.37155400000,3.100000,0.000000
"Kepler-337","Kepler-337 c",2,9.69320100000,6.600000,0.000000
"Kepler-254","Kepler-254 c",3,12.41218300000,27.590000,0.000000
"Kepler-156","Kepler-156 c",2,15.90680100000,31.300000,0.000000
"K2-58","K2-58 c",3,2.53726000000,7.914045,
"Kepler-350","Kepler-350 d",3,26.13600000000,30.200000,0.000000
"K2-224","K2-224 b",2,4.47904000000,13.200000,
"Kepler-256","Kepler-256 c",4,3.38802000000,8.200000,0.000000
"Kepler-1464","Kepler-1464 b",2,31.77859010000,30.560000,0.000000
"Kepler-82","Kepler-82 e",5,5.90220600000,15.260000,0.000000
"Kepler-953","Kepler-953 b",2,88.40655258000,41.400000,0.000000
"Kepler-212","Kepler-212 c",2,31.80517400000,29.670000,0.000000
"Kepler-825","Kepler-825 c",2,8.18182460000,25.740000,0.000000
"Kepler-319","Kepler-319 c",3,6.94135700000,30.380000,0.000000
"Kepler-251","Kepler-251 b",4,4.79093600000,13.700000,0.000000
"Kepler-1802","Kepler-1802 b",2,15.45020008000,10.880000,0.000000
"Kepler-226","Kepler-226 c",3,5.34955500000,13.801500,0.000000
"Kepler-974","Kepler-974 b",2,4.19449651400,10.740000,0.000000
"Kepler-154","Kepler-154 d",5,20.54981883000,29.250000,0.000000
"Kepler-1090","Kepler-1090 c",2,42.42720032000,28.300000,0.000000
"Kepler-968","KOI-1833 d",3,7.68500000000,17.430000,0.000000
"Kepler-269","Kepler-269 b",2,5.32671800000,5.370000,0.000000
"Kepler-83","Kepler-83 c",3,20.09000000000,43.340000,0.000000
"K2-158","K2-158 c",2,5.90279000000,11.300000,
"Kepler-158","Kepler-158 b",3,16.70918400000,38.200000,0.000000
"Kepler-353","Kepler-353 b",2,5.79527800000,14.270000,0.000000
"K2-117","K2-117 b",2,1.29160000000,7.870000,0.060000
"HD 28109","HD 28109 d",3,84.28990000000,61.300000,0.005400
"Kepler-33","Kepler-33 c",5,13.17562000000,13.800000,0.000000
"Kepler-1471","Kepler-1471 c",2,11.60448810000,26.220000,0.000000
"Kepler-119","Kepler-119 c",2,4.12510300000,8.800000,0.000000
"Kepler-430","Kepler-430 b",2,35.96800000000,102.460000,0.000000
"Kepler-619","Kepler-619 d",3,11.67894236000,31.400000,0.000000
"Kepler-294","Kepler-294 b",2,3.70121200000,11.634000,0.000000
"Kepler-192","Kepler-192 d",3,6.47027579000,15.260000,0.000000
"Kepler-1085","Kepler-1085 b",2,219.32175280000,138.600000,0.000000
"K2-350","K2-350 b",2,4.16387300000,10.680000,
"Kepler-24","Kepler-24 c",4,12.33000000000,22.189000,0.014000
"HD 25463","HD 25463 b",2,7.04914230000,11.600000,0.000000
"Kepler-170","Kepler-170 c",2,16.66586300000,31.284000,0.000000
"Kepler-379","Kepler-379 b",2,20.09838000000,29.820000,0.000000
"Kepler-376","Kepler-376 b",2,4.92019900000,9.110000,0.000000
"Kepler-306","Kepler-306 e",4,44.84097500000,63.900000,0.000000
"Kepler-324","Kepler-324 b",4,4.38531500000,13.470000,0.000000
"Kepler-215","Kepler-215 b",4,9.36067200000,21.948000,0.000000
"Kepler-195","Kepler-195 c",2,34.09686300000,24.600000,0.000000
"Kepler-396","Kepler-396 c",2,88.50500000000,96.100000,0.000000
"Kepler-100","Kepler-100 b",4,6.88734000000,6.180000,0.130000
"K2-240","K2-240 c",2,20.52300000000,48.000000,
"Kepler-225","Kepler-225 c",2,18.79423400000,45.470000,0.000000
"Kepler-194","Kepler-194 c",3,17.30803200000,26.455000,0.000000
"Kepler-176","Kepler-176 e",4,51.16579000000,51.000000,0.000000
"WASP-126","WASP-126 b",2,3.28883000000,7.887000,0.180000
"Kepler-462","Kepler-462 c",2,207.62000000000,119.000000,0.110000
"Kepler-148","Kepler-148 c",3,4.18004300000,13.534000,0.000000
"Kepler-446","Kepler-446 d",3,5.14892100000,31.600000,0.000000
"HD 22946","TOI-411 c",3,9.57308300000,19.610000,0.160000
"Kepler-361","Kepler-361 b",2,8.48661600000,12.419000,0.000000
"Kepler-198","Kepler-198 c",3,49.56741600000,62.000000,0.000000
"LHS 1903","LHS 1903 c",4,6.22618500000,21.480000,0.089000
"Kepler-235","Kepler-235 c",4,7.82490400000,24.960000,0.000000
"Kepler-252","Kepler-252 b",2,6.66839100000,25.900000,0.000000
"Kepler-20","Kepler-20 d",6,77.61145500000,78.230000,0.082000
"Kepler-358","Kepler-358 c",2,83.48836900000,107.300000,0.000000
"TOI-904","TOI-904 b",2,10.87720000000,23.000000,
"Kepler-271","Kepler-271 b",3,10.43547805000,23.300000,0.000000
"Kepler-223","Kepler-223 e",4,19.72567000000,4.350000,0.051000
"EPIC 212737443","EPIC 212737443 b",2,13.60300000000,31.994000,0.200000
"TOI-1266","TOI-1266 b",3,10.89450000000,35.970000,0.039000
"Kepler-208","Kepler-208 c",4,7.46662300000,8.390000,0.000000
"Kepler-398","Kepler-398 b",3,4.08142300000,6.930000,0.000000
"Kepler-589","Kepler-589 b",2,16.54964934000,32.350000,0.000000
"TOI-1238","TOI-1238 b",2,0.76459700000,5.190000,0.250000
"Kepler-186","Kepler-186 e",5,22.40770400000,52.750000,0.000000
"Kepler-449","Kepler-449 c",2,33.67270000000,18.270000,0.050000
"Kepler-187","Kepler-187 c",2,10.64026300000,10.030000,0.000000
"K2-111","K2-111 b",2,5.35189630000,9.730000,0.134000
"Kepler-186","Kepler-186 f",5,129.94410000000,178.000000,0.040000
"Kepler-37","Kepler-37 d",4,39.79226220000,69.576000,0.100000
"EPIC 206024342","EPIC 206024342 d",3,14.64753100000,29.000000,
"Kepler-203","Kepler-203 c",3,5.37064700000,20.378000,0.000000
"Kepler-864","Kepler-864 b",2,5.83376092000,11.410000,0.000000
"Kepler-322","Kepler-322 b",2,1.65388800000,2.950000,0.000000
"K2-190","K2-190 b",2,10.09885800000,17.225461,
"Kepler-211","Kepler-211 c",2,6.04045000000,7.100000,0.000000
"TOI-5489","TOI-5489 b",2,3.15222000000,16.260000,
"Kepler-336","Kepler-336 b",3,2.02482300000,2.620000,0.000000
"K2-35","K2-35 b",2,2.39996400000,10.530000,0.130000
"K2-268","K2-268 c",5,9.32752700000,17.170000,
"Kepler-194","Kepler-194 b",3,2.09228100000,6.520000,0.000000
"Kepler-157","Kepler-157 d",3,7.02573474000,25.680000,0.000000
"Kepler-1371","Kepler-1371 b",2,3.44620390000,13.050000,0.000000
"Kepler-87","Kepler-87 c",2,191.23180000000,80.700000,0.039000
"Kepler-344","Kepler-344 b",2,21.96394500000,63.270000,0.000000
"Kepler-1907","Kepler-1907 b",2,5.65245008500,21.540000,0.000000
"Kepler-291","Kepler-291 b",2,3.54651100000,11.910000,0.000000
"Kepler-529","Kepler-529 d",3,35.86619949000,28.200000,0.000000
"Kepler-299","Kepler-299 e",4,38.28548900000,44.900000,0.000000
"Kepler-296","Kepler-296 d",5,19.85029100000,53.100000,0.330000
"Kepler-373","Kepler-373 b",2,5.53530900000,15.353000,0.000000
"Kepler-58","Kepler-58 d",4,40.10137100000,23.000000,0.000000
"Kepler-122","Kepler-122 e",5,37.99327300000,43.624000,0.000000
"K2-407","K2-407 c",2,9.22453000000,18.760000,
"Kepler-208","Kepler-208 d",4,11.13178600000,11.000000,0.000000
"Kepler-1129","Kepler-1129 c",2,76.53695860000,105.000000,0.000000
"TOI-6041","TOI-6041 b",2,26.04945000000,40.400000,
"Kepler-416","Kepler-416 c",3,12.20900000000,23.917000,0.000000
"EPIC 206024342","EPIC 206024342 b",3,4.50756000000,13.900000,
"K2-350","K2-350 c",2,19.99194400000,28.710000,
"Kepler-755","Kepler-755 b",2,1.26909037400,3.010000,0.000000
"Kepler-125","Kepler-125 c",2,5.77446400000,17.100000,0.000000
"HD 73583","HD 73583 b",2,6.39804200000,19.980000,0.090000
"Kepler-1642","Kepler-1642 b",2,12.20575130000,39.810000,0.000000
"Kepler-653","Kepler-653 b",2,14.70748976000,35.900000,0.000000
"Kepler-345","Kepler-345 c",2,9.38742700000,17.400000,0.000000
"Kepler-148","Kepler-148 d",3,51.84688575000,72.950000,0.000000
"Kepler-343","Kepler-343 c",2,23.22182000000,71.610000,0.000000
"Kepler-304","Kepler-304 e",4,1.49914695300,8.065000,0.000000
"Kepler-84","Kepler-84 e",5,27.43438900000,41.830000,0.000000
"HD 137496","HD 137496 b",2,1.62116000000,3.700000,0.000000
"KOI-3503","KOI-3503 b",2,21.18500000000,58.769000,0.000000
"Kepler-529","Kepler-529 c",3,12.83450220000,14.200000,0.000000
"Kepler-49","Kepler-49 c",4,10.91000000000,13.420000,0.008000
"Kepler-126","Kepler-126 c",3,21.86974100000,13.644000,0.190000
"Kepler-304","Kepler-304 d",4,9.65347100000,25.950000,0.000000
"TOI-1470","TOI-1470 b",2,2.52709300000,13.050000,0.300000
"Kepler-394","Kepler-394 d",3,5.61358022700,14.840000,0.000000
"K2-331","K2-331 c",2,22.99659100000,37.870000,
"Kepler-1542","Kepler-1542 c",4,2.89223021000,8.830000,0.000000
"Kepler-342","Kepler-342 d",4,39.45935700000,22.400000,0.000000
"Kepler-712","Kepler-712 b",2,21.02247699000,40.546000,0.000000
"KOI-351","KOI-351 f",8,124.91440000000,86.400000,0.000000
"HD 23472","HD 23472 c",5,29.79749000000,50.200000,0.063000
"WASP-41","WASP-41 b",2,3.05240000000,9.960000,0.000000
"Kepler-327","Kepler-327 d",3,13.96945700000,35.000000,0.000000
"Kepler-172","Kepler-172 b",4,2.94030900000,8.983900,0.000000
"Kepler-217","Kepler-217 d",3,3.88689525000,4.400000,0.000000
"Kepler-183","Kepler-183 c",2,11.63707100000,27.180000,0.000000
"Kepler-1311","Kepler-1311 c",3,2.53573424000,4.920700,0.000000
"Kepler-305","Kepler-305 d",4,16.74000000000,54.490000,0.000000
"Kepler-1514","Kepler-1514 b",2,217.83184000000,125.600000,0.401000
"Kepler-186","Kepler-186 d",5,13.34299600000,17.800000,0.000000
"Kepler-310","Kepler-310 c",3,56.47542000000,47.000000,0.000000
"Kepler-36","Kepler-36 c",2,16.21865000000,16.690000,0.000000
"TOI-4495","TOI-4495 c",2,5.18553000000,10.630000,0.023000
"K2-384","K2-384 c",5,4.19476600000,24.630000,
"Kepler-153","Kepler-153 b",2,18.87022700000,47.270000,0.000000
"Kepler-334","Kepler-334 b",3,5.47031900000,13.396000,0.000000
"Kepler-139","Kepler-139 c",5,157.07287800000,150.720000,0.000000
"Kepler-248","Kepler-248 b",2,6.30820500000,16.707000,0.000000
"Kepler-295","Kepler-295 d",3,33.88405400000,14.700000,0.000000
"K2-352","K2-352 b",3,3.66591200000,15.660000,
"Kepler-495","Kepler-495 c",2,5.89660978300,14.439000,0.000000
"Kepler-303","Kepler-303 c",2,7.06114900000,54.222000,0.000000
"HD 73583","HD 73583 c",2,18.87974000000,41.110000,0.080000
"Kepler-381","Kepler-381 b",3,5.62902100000,11.290000,0.000000
"Kepler-276","Kepler-276 b",3,14.12841000000,20.588000,0.000000
"TOI-1346","TOI-1346 c",2,5.50255800000,15.100000,
"HAT-P-44","HAT-P-44 b",2,4.30121900000,11.490000,0.044000
"Kepler-201","Kepler-201 c",2,151.88405800000,63.100000,0.000000
"Kepler-1050","Kepler-1050 c",2,21.12845690000,42.540000,0.000000
"Kepler-10","Kepler-10 b",3,0.83749070000,3.653980,0.000000
"K2-155","K2-155 c",3,13.85000000000,27.000000,
"HD 108236","TOI-1233.01",5,14.17568500000,27.390000,0.055000
"K2-58","K2-58 b",3,7.05254000000,23.900000,
"K2-229","K2-229 b",2,0.58421600000,4.200000,0.000000
"Kepler-102","Kepler-102 f",5,27.45359200000,59.570000,0.100000
"Kepler-223","Kepler-223 d",4,14.78869000000,18.935000,0.037000
"Kepler-272","Kepler-272 d",3,10.93730400000,15.300000,0.000000
"TOI-1736","TOI-1736 b",2,7.07307600000,11.400000,0.000000
"Kepler-595","Kepler-595 c",2,12.38602000000,27.783000,0.000000
"Kepler-419","Kepler-419 b",2,69.75460000000,152.089000,0.833000
"Kepler-656","Kepler-656 b",2,1.26025909400,5.400000,0.000000
"Kepler-418","Kepler-418 b",2,86.67856000000,84.400000,0.200000
"Kepler-24","Kepler-24 e",4,18.99835500000,29.596000,0.000000
"Kepler-1350","Kepler-1350 c",2,1.76678906200,10.402000,0.000000
"KOI-134","KOI-134 b",2,67.12770000000,46.200000,0.160000
"Kepler-293","Kepler-293 c",2,54.15574300000,43.500000,0.000000
"Kepler-610","Kepler-610 b",2,6.99692655400,20.173400,0.000000
"K2-290","K2-290 c",2,48.36685000000,43.500000,0.000000
"KOI-351","KOI-351 c",8,8.71937500000,16.000000,0.000000
"Kepler-292","Kepler-292 d",5,7.05567900000,17.530000,0.000000
"Kepler-242","Kepler-242 c",2,14.49648100000,33.700000,0.000000
"Kepler-1130","Kepler-1130 b",3,5.45298175000,11.200000,0.000000
"Kepler-783","Kepler-783 c",2,7.05395000000,34.220000,0.000000
"Kepler-174","Kepler-174 b",3,13.98179000000,37.150000,0.000000
"Kepler-758","Kepler-758 b",4,12.10971040000,15.300000,0.000000
"Kepler-1487","Kepler-1487 b",2,7.31946363000,11.530000,0.000000
"Kepler-178","Kepler-178 b",3,9.57669400000,22.293000,0.000000
"Kepler-647","Kepler-647 b",2,16.22546490000,12.850000,0.000000
"Kepler-302","Kepler-302 b",2,30.18410400000,40.330000,0.000000
"HD 136352","HD 136352 d",3,107.24500000000,86.460000,0.000000
"HD 191939","HD 191939 d",6,38.35303700000,48.700000,0.031000
"Kepler-26","Kepler-26 e",4,46.82791500000,75.000000,0.000000
"Kepler-366","Kepler-366 c",2,12.51616000000,20.000000,0.000000
"Kepler-11","Kepler-11 c",6,13.02410000000,21.690000,0.026000
"Kepler-57","Kepler-57 b",2,5.72000000000,16.830000,0.016200
"Kepler-359","Kepler-359 b",3,25.56322200000,24.600000,0.000000
"K2-233","K2-233 d",3,24.36810000000,45.910000,0.180000
"Kepler-430","Kepler-430 c",2,110.97900000000,66.100000,0.000000
"Kepler-350","Kepler-350 b",3,11.18956200000,9.400000,0.000000
"Kepler-1398","Kepler-1398 c",2,4.13827595000,6.070000,0.000000
"Kepler-758","Kepler-758 c",4,4.75793986000,8.200000,0.000000
"Kepler-520","Kepler-520 b",2,19.67416124000,17.740000,0.000000
"Kepler-241","Kepler-241 c",2,36.06597800000,65.370000,0.000000
"Kepler-299","Kepler-299 d",4,15.05478600000,16.530000,0.000000
"TOI-2141","TOI-2141 b",3,18.26160800000,29.930000,0.210000
"WASP-53","WASP-53 b",2,3.30984430000,11.050000,0.030000
"Kepler-391","Kepler-391 b",2,7.41750000000,6.200000,0.460000
"Kepler-275","Kepler-275 b",3,10.30068200000,16.360000,0.000000
"K2-37","K2-37 b",3,4.44340000000,10.785318,
"Kepler-286","Kepler-286 d",4,5.91432300000,17.223000,0.000000
"Kepler-277","Kepler-277 b",2,17.32400000000,17.020000,0.000000
"Kepler-967","Kepler-967 b",2,13.22713379000,31.530000,0.000000
"Kepler-107","Kepler-107 d",4,7.95839000000,5.050000,0.110000
"Kepler-402","Kepler-402 c",4,6.12482100000,13.100000,0.000000
"Kepler-158","Kepler-158 c",3,28.55138300000,55.000000,0.000000
"Kepler-1990","Kepler-1990 b",2,1.73513619000,6.015800,0.000000
"K2-148","K2-148 c",3,6.92260000000,27.300000,
"TOI-1422","TOI-1422 c",2,34.56330000000,43.200000,0.200000
"Kepler-804","Kepler-804 b",2,14.37457351000,23.352000,0.000000
"TOI-5398","TOI-5398 c",2,4.77271000000,11.800000,0.140000
"Kepler-920","Kepler-920 b",2,6.53192704000,16.120000,0.000000
"Kepler-1991","Kepler-1991 b",2,13.26079792000,25.610000,0.000000
"Kepler-134","Kepler-134 c",2,10.10578500000,10.130000,0.000000
"Kepler-371","Kepler-371 c",2,67.96801500000,66.120000,0.000000
"Kepler-1610","Kepler-1610 c",2,44.98518850000,64.400000,0.000000
"Kepler-377","Kepler-377 c",2,27.01497600000,39.230000,0.000000
"Kepler-198","Kepler-198 d",3,1.31184443000,5.725000,0.000000
"Kepler-329","Kepler-329 c",2,18.68473700000,15.800000,0.000000
"Kepler-487","Kepler-487 d",3,2.41839003600,7.700000,0.000000
"Kepler-26","Kepler-26 b",4,12.28000000000,36.270000,0.021000
"Kepler-199","Kepler-199 c",2,67.09340800000,76.610000,0.000000
"K2-275","K2-275 b",2,3.28096260000,8.610000,
"Kepler-82","Kepler-82 c",5,51.54000000000,64.700000,0.007000
"KOI-1783","KOI-1783.01",2,134.46280000000,94.800000,0.000000
"Kepler-133","Kepler-133 b",2,8.12997600000,9.050000,0.000000
"KIC 5437945","KIC 5437945 b",2,440.78130000000,158.900000,0.000000
"CoRoT-7","CoRoT-7 b",3,0.85359163000,4.260000,0.000000
"Kepler-1370","Kepler-1370 b",2,20.26416840000,36.460000,0.000000
"Kepler-1086","Kepler-1086 b",2,18.78425728000,36.600000,0.000000
"Kepler-257","Kepler-257 b",3,2.38266700000,9.690000,0.000000
"K2-189","K2-189 b",2,2.58812000000,7.950000,
"Kepler-318","Kepler-318 b",2,4.66271500000,13.444000,0.000000
"Kepler-1513","Kepler-1513 b",2,160.88420000000,117.700000,0.306000
"Kepler-29","Kepler-29 b",2,10.33974000000,24.950000,0.000000
"K2-3","K2-3 c",3,24.64672900000,53.500000,0.048000
"KOI-351","KOI-351 b",8,7.00815100000,13.200000,0.000000
"K2-80","K2-80 c",3,5.60500000000,12.500000,
"Kepler-561","Kepler-561 c",2,5.35016198300,18.491000,0.000000
"HD 28109","HD 28109 b",3,22.89105400000,25.710000,0.007100
"Kepler-154","Kepler-154 e",5,3.93276465000,9.880000,0.000000
"Kepler-166","Kepler-166 d",3,1.55400392800,6.791000,0.000000
"TOI-5624","TOI-5624 d",5,13.73146800000,27.970000,0.000000
"Kepler-37","Kepler-37 b",4,13.36702000000,28.680000,0.098000
"Kepler-1987","Kepler-1987 d",4,5.64491415400,17.830000,0.000000
"TOI-5126","TOI-5126 b",2,5.45883850000,11.320000,0.000000
"K2-172","K2-172 c",2,29.62682000000,44.208935,
"HD 136352","HD 136352 c",3,27.59221000000,34.970000,0.000000
"Kepler-127","Kepler-127 d",3,48.63040800000,53.480000,0.030000
"Kepler-357","Kepler-357 d",3,49.49987500000,66.490000,0.000000
"Kepler-595","Kepler-595 b",2,25.30290920000,44.730000,0.000000
"Kepler-104","Kepler-104 c",3,23.66820500000,26.800000,0.000000
"Kepler-182","Kepler-182 b",2,9.82579200000,7.310000,0.000000
"Kepler-1336","Kepler-1336 c",2,5.77721211000,7.300000,0.000000
"TOI-216","TOI-216.02",2,17.16073000000,33.250000,0.160000
"Kepler-325","Kepler-325 b",3,4.54443900000,20.495000,0.000000
"K2-239","K2-239 d",3,10.11500000000,38.800000,
"TIC 24750448","TIC 24750448 c",2,10.14385270726,20.037210,
"Kepler-136","Kepler-136 c",2,16.39923500000,36.730000,0.000000
"Kepler-238","Kepler-238 b",5,2.09087600000,2.765000,0.000000
"Kepler-880","Kepler-880 c",2,11.80617370000,9.080000,0.000000
"EPIC 249893012","EPIC 249893012 d",3,35.74700000000,27.420000,0.150000
"TOI-4495","TOI-4495 b",2,2.56699000000,6.650000,0.078000
"Kepler-273","Kepler-273 c",2,8.01492700000,16.020000,0.000000
"Kepler-398","Kepler-398 c",3,11.41941200000,11.600000,0.000000
"Kepler-1705","Kepler-1705 b",2,9.03502000000,15.210000,0.033000
"HD 108236","HD 108236 e",5,19.59002500000,33.900000,0.058000
"Kepler-534","Kepler-534 c",2,7.37868976600,16.010000,0.000000
"Kepler-524","Kepler-524 c",2,1.88897906000,2.710000,0.000000
"Kepler-160","Kepler-160 b",3,4.30939700000,10.620000,0.000000
"Kepler-346","Kepler-346 c",2,23.85154900000,29.000000,0.000000
"K2-395","K2-395 c",2,8.49128200000,22.430000,
"Kepler-1996","Kepler-1996 c",2,92.72972480000,60.800000,0.000000
"Kepler-107","Kepler-107 b",4,3.18002180000,2.740000,0.100000
"Kepler-360","Kepler-360 c",2,7.18643400000,12.900000,0.000000
"Kepler-54","Kepler-54 d",3,20.99569400000,14.600000,0.000000
"Kepler-1530","Kepler-1530 b",3,2.59044340000,9.280000,0.000000
"Kepler-969","Kepler-969 b",2,34.17317140000,58.490000,0.000000
"Kepler-274","Kepler-274 b",2,11.63478800000,16.500000,0.000000
"Kepler-183","Kepler-183 b",2,5.68794500000,19.680000,0.000000
"Kepler-368","Kepler-368 b",2,26.84768000000,19.100000,0.000000
"K2-84","K2-84 b",2,6.42150000000,15.700000,
"Kepler-232","Kepler-232 c",2,11.37934900000,16.310000,0.000000
"Kepler-949","Kepler-949 c",2,20.99757968000,64.900000,0.000000
"K2-117","K2-117 c",2,5.44401700000,18.520000,0.150000
"Kepler-364","Kepler-364 b",2,25.74571800000,26.970000,0.000000
"Kepler-444","Kepler-444 f",5,9.74048600000,23.205000,0.290000
"Kepler-147","Kepler-147 b",2,12.61058400000,10.500000,0.000000
"K2-224","K2-224 c",2,10.09489000000,20.300000,
"Kepler-150","Kepler-150 b",5,3.42805400000,10.940000,0.000000
"Kepler-62","Kepler-62 d",5,18.16406000000,40.400000,0.000000
"Kepler-292","Kepler-292 f",5,20.83423700000,18.300000,0.000000
"Kepler-316","Kepler-316 c",2,6.82776600000,21.950000,0.000000
"Kepler-104","Kepler-104 b",3,11.42754800000,19.407000,0.000000
"Kepler-141","Kepler-141 c",2,7.01060600000,13.300000,0.000000
"Kepler-48","Kepler-48 c",5,9.67395000000,23.113000,0.000000
"Kepler-144","Kepler-144 c",2,10.10466500000,32.610000,0.000000
"HD 213885","HD 213885 b",2,1.00803500000,3.927000,0.000000
"Kepler-381","Kepler-381 c",3,13.39163500000,30.460000,0.000000
"Kepler-306","Kepler-306 d",4,17.32664400000,28.640000,0.000000
"Kepler-1254","Kepler-1254 c",3,3.60084276000,13.160000,0.000000
"TOI-2095","TOI-2095 b",2,17.66484000000,49.220000,0.000000
"KIC 9663113","Kepler-458 c",2,20.74028413000,10.280000,0.000000
"Kepler-1001","Kepler-1001 b",2,14.30511983000,14.100000,0.000000
"TOI-2000","TOI-2000 b",2,3.09833000000,8.100000,0.000000
"Kepler-320","Kepler-320 c",2,17.93493700000,6.190000,0.000000
"K2-368","K2-368 d",3,20.20108500000,42.920000,
"Kepler-28","Kepler-28 b",2,5.91000000000,19.700000,0.000000
"Kepler-178","Kepler-178 d",3,96.67898800000,126.000000,0.000000
"Kepler-107","Kepler-107 c",4,4.90145200000,3.650000,0.080000
"TOI-1774","TOI-1774.01",2,16.70988000000,24.300000,0.050000
"EPIC 220674823","EPIC 220674823 c",2,13.34060300000,23.350000,0.180000
"Kepler-207","Kepler-207 d",3,5.86807500000,11.520600,0.000000
"Kepler-160","Kepler-160 c",3,13.69942900000,22.950000,0.000000
"Kepler-106","Kepler-106 d",4,23.98020000000,11.980000,0.000000
"Kepler-450","Kepler-450 d",3,7.51464000000,10.859000,0.140000
"HD 73344","HD 73344 b",3,15.61100000000,23.556000,0.030000
"LHS 1678","LHS 1678 c",3,3.69428400000,21.360000,0.039000
"Kepler-189","Kepler-189 b",2,10.39993100000,23.650000,0.000000
"Kepler-109","Kepler-109 c",2,21.22265000000,25.344000,0.098000
"Kepler-101","Kepler-101 c",2,6.02976000000,8.000000,0.000000
"Kepler-2001","Kepler-2001 c",2,14.09258318900,21.704685,0.000000
"Kepler-1154","Kepler-1154 b",2,5.18561420000,9.931000,0.000000
"TOI-1839","TOI-1839 c",2,4.02393854207,11.040113,
"Kepler-140","Kepler-140 b",2,3.25427000000,8.408000,0.000000
"Kepler-328","Kepler-328 b",2,34.92100000000,11.140000,0.000000
"Kepler-625","Kepler-625 b",2,7.75192492000,16.690000,0.000000
"HD 15906","HD 15906 c",2,21.58329800000,39.920000,0.040000
"Kepler-511","Kepler-511 c",2,26.62949944000,26.373500,0.000000
"Kepler-247","Kepler-247 c",3,9.43945200000,26.081000,0.000000
"TOI-4311","TOI-4311 b",2,0.99027380000,4.629000,
"Kepler-281","Kepler-281 c",3,36.33737300000,29.000000,0.000000
"HIP 8152","HIP 8152 c",2,19.60562000000,31.200000,0.200000
"Kepler-171","Kepler-171 c",3,11.46346200000,34.510000,0.000000
"Kepler-136","Kepler-136 b",2,11.57890000000,22.500000,0.000000
"TOI-942","TOI-942 c",2,10.15627200000,17.880000,0.320000
"Kepler-244","Kepler-244 d",3,20.05040100000,19.250000,0.000000
"Kepler-146","Kepler-146 c",2,76.73217100000,85.800000,0.000000
"Kepler-166","Kepler-166 b",3,7.65025400000,21.894500,0.000000
"Kepler-524","Kepler-524 b",2,7.97419807000,11.551000,0.000000
"Kepler-112","Kepler-112 b",2,8.40887800000,18.850000,0.000000
"Kepler-291","Kepler-291 c",2,5.70078600000,27.020000,0.000000
"Kepler-203","Kepler-203 d",3,11.32972000000,22.760000,0.000000
"Kepler-323","Kepler-323 b",2,1.67832800000,5.577600,0.095000
"K2-63","K2-63 b",2,20.25700000000,26.600000,
"Kepler-10","Kepler-10 c",3,45.29430100000,48.750000,0.136000
"KOI-351","KOI-351 g",8,210.73514000000,143.068000,0.029200
"Kepler-287","Kepler-287 c",2,44.85189600000,43.300000,0.000000
"Kepler-415","Kepler-415 c",2,8.70800000000,27.560000,0.000000
"K2-398","K2-398 b",2,6.39302500000,11.590000,
"Kepler-261","Kepler-261 b",2,10.38122700000,28.900000,0.000000
"Kepler-382","Kepler-382 c",2,12.16270100000,12.790000,0.000000
"TOI-1453","TOI-1453 b",2,4.31352250000,13.880000,0.000000
"Kepler-18","Kepler-18 b",3,3.50472500000,8.580000,0.000000
"K2-155","K2-155 b",3,6.34200000000,18.500000,
"TIC 434398831","TIC 434398831 b",2,3.68550400000,10.100000,0.040000
"Kepler-725","Kepler-725 b",2,39.64372000000,54.700000,0.231000
"Kepler-172","Kepler-172 d",4,14.62711900000,17.100000,0.000000
"Kepler-716","Kepler-716 c",2,3.96999000000,14.300000,0.000000
"Kepler-1065","Kepler-1065 b",2,3.60930890700,15.460000,0.000000
"Kepler-356","Kepler-356 b",2,4.61269600000,11.840000,0.000000
"Kepler-466","Kepler-466 b",2,51.07926307000,62.716000,0.000000
"K2-84","K2-84 c",2,27.86000000000,42.900000,
"Kepler-1052","Kepler-1052 c",2,180.92172900000,157.500000,0.000000
"Kepler-23","Kepler-23 c",3,10.74000000000,13.790120,0.021000
"Kepler-511","Kepler-511 b",2,296.63786500000,132.392453,0.000000
"Kepler-130","Kepler-130 c",3,27.50868000000,32.600000,0.000000
"K2-229","K2-229 c",2,8.32727000000,24.900000,0.000000
"Kepler-159","Kepler-159 b",2,10.13962300000,30.115000,0.000000
"Kepler-616","Kepler-616 b",3,9.99761851000,23.470000,0.000000
"Kepler-157","Kepler-157 c",3,13.54050000000,23.240000,0.000000
"Kepler-166","Kepler-166 c",3,34.26028100000,56.439000,0.000000
"Kepler-164","Kepler-164 b",4,5.03503000000,22.040000,0.000000
"Kepler-331","Kepler-331 b",3,8.45749600000,29.400000,0.000000
"TOI-1246","TOI-1246 e",4,37.92548000000,57.300000,0.000000
"Kepler-1489","Kepler-1489 c",2,0.68074100000,3.300000,
"Kepler-254","Kepler-254 b",3,5.82666200000,15.796000,0.000000
"Kepler-152","Kepler-152 c",2,88.25505500000,166.300000,0.000000
"Kepler-326","Kepler-326 b",3,2.24832900000,8.744100,0.000000
"HIP 8152","HIP 8152 b",2,10.75101400000,20.900000,0.000000
"Kepler-501","Kepler-501 b",2,5.64067757200,15.726000,0.000000
"Kepler-226","Kepler-226 b",3,3.94099700000,12.060000,0.000000
"Kepler-389","Kepler-389 c",2,14.51143000000,11.510000,0.000000
"Kepler-241","Kepler-241 b",2,12.71809200000,31.510000,0.000000
"Kepler-937","Kepler-937 c",2,153.34336400000,111.500000,0.000000
"Kepler-487","Kepler-487 b",3,15.35876840300,28.123000,0.000000
"KIC 5437945","Kepler-460 c",2,220.13033570000,81.481000,0.000000
"Kepler-58","Kepler-58 e",4,4.45814897000,8.090000,0.000000
"Kepler-1266","Kepler-1266 c",2,4.86631012000,11.600000,0.000000
"Kepler-949","Kepler-949 b",2,8.68930729600,26.669000,0.000000
"Kepler-155","Kepler-155 c",2,52.66179300000,88.720000,0.000000
"Kepler-770","Kepler-770 d",3,4.15244722000,12.366000,0.000000
"Kepler-913","Kepler-913 c",2,5.93911981600,20.130000,0.000000
"Kepler-445","Kepler-445 d",3,8.15275000000,42.950000,0.000000
"Kepler-163","Kepler-163 c",2,21.34726200000,43.540000,0.000000
"Kepler-1491","Kepler-1491 c",2,61.56976500000,43.000000,0.000000
"K2-190","K2-190 c",2,21.57402300000,27.966545,
"Kepler-56","Kepler-56 b",3,10.50160000000,5.617000,0.040000
"Kepler-312","Kepler-312 b",2,1.77241900000,5.572000,0.000000
"Kepler-1530","Kepler-1530 d",3,9.20761013000,10.960000,0.000000
"Kepler-450","Kepler-450 b",3,28.45485100000,26.383000,0.020000
"K2-188","K2-188 c",2,7.81025300000,15.560000,
"Kepler-304","Kepler-304 c",4,5.31594600000,37.980000,0.000000
"Kepler-1972","Kepler-1972 c",2,11.32950000000,16.190000,0.043000
"EPIC 206042996","EPIC 206042996 c",2,0.35488400000,2.600000,
"Kepler-1388","Kepler-1388 c",4,5.53608151000,19.800000,0.000000
"Kepler-121","Kepler-121 c",2,41.00801100000,39.200000,0.000000
"Kepler-1801","Kepler-1801 c",2,116.58318300000,129.500000,0.000000
"TOI-2000","TOI-2000 c",2,9.12705500000,16.640000,0.063000
"K2-154","K2-154 c",2,7.95486000000,24.900000,
"Kepler-286","Kepler-286 e",4,29.22128900000,58.140000,0.000000
"Kepler-275","Kepler-275 c",3,16.08813400000,22.020000,0.000000
"K2-183","K2-183 c",3,10.78799200000,22.000000,
"Kepler-124","Kepler-124 b",3,3.41049300000,2.850000,0.000000
"K2-233","K2-233 c",3,7.06024000000,20.100000,0.000000
"K2-73","K2-73 b",2,7.49556000000,15.108184,
"Kepler-328","Kepler-328 c",2,71.31200000000,64.746000,0.000000
"Kepler-285","Kepler-285 b",2,2.63386700000,9.910000,0.000000
"K2-398","K2-398 c",2,18.78783900000,23.550000,
"Kepler-1050","Kepler-1050 b",2,15.37875460000,22.200000,0.000000
"Kepler-249","Kepler-249 c",3,7.11370200000,24.230000,0.000000
"Kepler-185","Kepler-185 b",2,1.63290000000,8.050000,0.000000
"Kepler-401","Kepler-401 d",3,184.25640500000,126.400000,0.000000
"K2-290","K2-290 b",2,9.21165000000,13.150000,0.000000
"Kepler-49","Kepler-49 e",4,18.59610800000,63.200000,0.000000
"Kepler-758","Kepler-758 e",4,8.19347190000,11.800000,0.000000
"Kepler-293","Kepler-293 b",2,19.25419600000,32.870000,0.000000
"Kepler-245","Kepler-245 e",4,3.21982105600,11.849000,0.000000
"Kepler-487","Kepler-487 c",3,38.65199760000,48.900000,0.000000
"HD 136352","HD 136352 b",3,11.57797000000,19.600000,0.000000
"Kepler-1388","Kepler-1388 e",4,37.63270840000,62.800000,0.000000
"Kepler-1162","Kepler-1162 c",2,59.28406400000,71.400000,0.000000
"TOI-5624","TOI-5624 b",5,3.39034730000,11.010000,0.000000
"Kepler-1991","Kepler-1991 c",2,22.79020351000,35.303000,0.000000
"Kepler-316","Kepler-316 b",2,2.24050800000,11.500000,0.000000
"Kepler-220","Kepler-220 d",4,28.12239700000,39.700000,0.000000
"HD 191939","HD 191939 b",6,8.88032560000,18.360000,0.031000
"Kepler-462","Kepler-462 b",2,84.68660000000,65.554000,0.042000
"Kepler-32","Kepler-32 c",5,8.75220000000,29.100000,0.000000
"Kepler-62","Kepler-62 e",5,122.38740000000,144.000000,0.000000
"Kepler-1370","Kepler-1370 c",2,7.44142113000,12.120000,0.000000
"Kepler-145","Kepler-145 b",2,22.95100000000,15.270000,0.430000
"K2-72","K2-72 c",4,15.18903400000,47.820000,0.110000
"KELT-6","KELT-6 b",2,7.84570000000,10.830000,0.220000
"Kepler-269","Kepler-269 c",2,8.12789900000,7.120000,0.000000
"Kepler-206","Kepler-206 d",3,23.44281000000,12.710000,0.000000
"Kepler-297","Kepler-297 d",3,150.01895110000,119.300000,0.000000
"Kepler-236","Kepler-236 c",2,23.96812700000,45.000000,0.000000
"Kepler-305","Kepler-305 c",4,8.29100000000,12.400000,0.000000
"KOI-3503","KOI-3503 c",2,31.82800000000,43.400000,0.000000
"Kepler-607","Kepler-607 b",2,0.63816320400,4.024000,0.000000
"Kepler-228","Kepler-228 c",3,4.13444400000,5.660000,0.000000
"Kepler-378","Kepler-378 b",2,16.09236100000,23.200000,0.000000
"K2-32","K2-32 d",4,31.71701000000,46.020000,0.050000
"Kepler-146","Kepler-146 b",2,31.15879900000,47.234000,0.000000
"HIP 113103","HIP 113103 c",2,14.24564800000,32.490000,0.170000
"Kepler-1254","Kepler-1254 b",3,9.99113313000,28.860000,0.000000
"Kepler-30","Kepler-30 b",3,29.33434000000,37.700000,0.042000
"Kepler-1488","Kepler-1488 b",2,39.81899320000,28.538000,0.000000
"K2-195","K2-195 b",2,15.85297500000,24.330000,
"Kepler-81","Kepler-81 c",3,12.04000000000,34.890000,0.000000
"Kepler-196","Kepler-196 b",3,20.73988600000,53.105000,0.000000
"Kepler-179","Kepler-179 b",2,2.73592600000,10.778000,0.000000
"K2-146","K2-146 b",2,2.64460000000,15.250000,0.129000
"TOI-1347","TOI-1347 b",2,0.84742346000,4.430000,0.000000
"Kepler-131","Kepler-131 b",2,16.09200000000,43.510000,0.000000
"TOI-469","HIP 29442 d",3,6.42957500000,14.500000,
"TOI-6054","TOI-6054.02",2,12.56363600000,13.990000,0.332000
"Kepler-92","Kepler-92 d",3,49.35680000000,24.910000,0.070000
"K2-199","K2-199 c",2,7.37448970000,20.960000,0.030000
"Kepler-341","Kepler-341 b",4,5.19552800000,6.390000,0.000000
"Kepler-197","Kepler-197 e",4,25.20971500000,17.070000,0.380000
"TOI-1260","TOI-1260 d",3,16.60816400000,35.690000,0.000000
"Kepler-194","Kepler-194 d",3,52.81497300000,56.380000,0.000000
"K2-239","K2-239 c",3,7.77500000000,34.000000,
"KIC 9663113","KIC 9663113 b",2,572.38470000000,153.500000,0.000000
"Kepler-20","Kepler-20 c",6,10.85407740000,21.170000,0.076000
"Kepler-114","Kepler-114 c",3,8.04100000000,23.765000,0.000000
"Kepler-392","Kepler-392 b",2,5.34185300000,11.480000,0.000000
"Kepler-411","Kepler-411 b",4,3.00515600000,11.926000,0.146000
"Kepler-347","Kepler-347 b",3,12.79836000000,16.300000,0.000000
"K2-381","K2-381 c",3,16.03465600000,39.390000,
"Kepler-607","Kepler-607 c",2,39.67679977000,20.700000,0.000000
"K2-16","K2-16 b",3,7.61880000000,19.000000,
"Kepler-259","Kepler-259 b",2,8.11531700000,9.220000,0.000000
"Kepler-197","Kepler-197 d",4,15.67756300000,12.430000,0.030000
"Kepler-184","Kepler-184 d",3,29.02235800000,22.700000,0.000000
"K2-90","K2-90 c",2,2.90070600000,12.020000,0.190000
"Kepler-390","Kepler-390 c",2,13.06002200000,30.810000,0.000000
"K2-62","K2-62 c",2,16.19697000000,76.726395,
"K2-72","K2-72 b",4,5.57721200000,24.160000,0.110000
"Kepler-222","Kepler-222 d",3,28.08191200000,47.380000,0.000000
"K2-285","K2-285 d",4,10.45582000000,32.200000,0.000000
"Kepler-104","Kepler-104 d",3,51.75539400000,45.200000,0.000000
"Kepler-20","Kepler-20 e",6,6.09848820000,11.560000,0.092000
"TOI-1438","TOI-1438 c",2,9.42808900000,21.600000,0.000000
"Kepler-247","Kepler-247 d",3,20.47791200000,50.000000,0.000000
"Kepler-85","Kepler-85 d",4,17.91323000000,12.290000,0.000000
"K2-282","EPIC 220554210 c",2,0.70531000000,3.000000,
"Kepler-387","Kepler-387 b",2,6.79163600000,15.560000,0.000000
"Kepler-1869","Kepler-1869 b",2,8.16736030600,6.000000,0.000000
"KOI-142","KOI-142 b",3,10.91647000000,24.800000,0.055610
"EPIC 206317286","EPIC 206317286 b",2,1.58252000000,6.100000,
"Kepler-80","Kepler-80 c",6,9.52355000000,25.230000,0.007900
"Kepler-307","Kepler-307 b",2,10.42080000000,22.400000,0.000000
"K2-285","K2-285 e",4,14.76289000000,49.430000,0.000000
"KOI-351","KOI-351 e",8,91.93913000000,74.700000,0.000000
"Kepler-432","Kepler-432 b",2,52.50112900000,15.688700,0.513400
"K2-8","K2-8 c",2,5.06416000000,13.500000,
"K2-268","K2-268 d",5,4.52859800000,12.570000,
"TOI-1438","TOI-1438 b",2,5.13967000000,14.500000,0.000000
"TOI-1453","TOI-1453 c",2,6.58869820000,18.410000,0.000000
"K2-223","K2-223 b",2,0.50557000000,3.300000,
"Kepler-260","Kepler-260 b",2,8.18739900000,16.110000,0.000000
"Kepler-196","Kepler-196 d",3,122.08000180000,87.900000,0.000000
"Kepler-251","Kepler-251 e",4,99.64016100000,175.840000,0.000000
"Kepler-175","Kepler-175 c",2,34.03525700000,20.700000,0.000000
"TOI-406","TOI-406.01",2,13.17568200000,44.600000,0.056000
"Kepler-27","Kepler-27 d",3,6.54628992100,10.900000,0.000000
"Kepler-58","Kepler-58 c",4,15.57415680000,8.900000,0.000000
"Kepler-235","Kepler-235 e",4,46.18366900000,81.520000,0.000000
"Kepler-1143","Kepler-1143 b",2,2.88890484900,14.200000,0.000000
"Kepler-221","Kepler-221 c",4,5.69058600000,17.820000,0.000000
"K2-158","K2-158 b",2,10.06049000000,19.100000,
"K2-389","K2-389 b",2,8.58289000000,15.760000,
"Kepler-217","Kepler-217 b",3,5.37494300000,5.460000,0.000000
"Kepler-341","Kepler-341 e",4,42.47326900000,25.900000,0.000000
"Kepler-107","Kepler-107 e",4,14.74914300000,7.620000,0.100000
"K2-38","K2-38 b",2,4.01593000000,10.130000,0.197000
"TOI-1470","TOI-1470 c",2,18.08816000000,48.460000,0.500000
"K2-38","K2-38 c",2,10.56103000000,19.300000,0.161000
"Kepler-224","Kepler-224 c",4,5.92500300000,9.550000,0.000000
"Kepler-361","Kepler-361 c",2,55.18802300000,47.515300,0.000000
"Kepler-339","Kepler-339 d",3,10.55834500000,23.910000,0.000000
"Kepler-825","Kepler-825 b",2,3.77360059000,10.870000,0.000000
"WASP-132","WASP-132 c",3,1.01153624000,5.170000,0.000000
"Kepler-1052","Kepler-1052 b",2,34.85382760000,51.000000,0.000000
"Kepler-346","Kepler-346 b",2,6.51112700000,12.100000,0.000000
"TOI-1052","TOI-1052 b",2,9.13970300000,15.510000,0.180000
"Kepler-257","Kepler-257 c",3,6.58148400000,16.835000,0.000000
"Kepler-178","Kepler-178 c",3,20.55280200000,33.000000,0.000000
"TOI-5398","TOI-5398 b",2,10.59054700000,20.000000,0.130000
"K2-348","K2-348 b",2,4.68841800000,12.550000,
"K2-19","K2-19 c",3,11.90600000000,25.610000,0.100000
"Kepler-300","Kepler-300 b",2,10.44634700000,13.000000,0.000000
"Kepler-187","Kepler-187 b",2,4.93886400000,6.020000,0.000000
"Kepler-395","Kepler-395 b",2,7.05434600000,23.300000,0.000000
"TOI-763","TOI-763 b",2,5.60570000000,12.836761,0.040000
"Kepler-975","Kepler-975 b",2,1.97034245700,4.900000,0.000000
"Kepler-209","Kepler-209 b",2,16.08784500000,11.350000,0.000000
"Kepler-219","Kepler-219 b",3,4.58551200000,10.563000,0.000000
"Kepler-257","Kepler-257 d",3,24.66455100000,41.000000,0.000000
"TIC 139270665","TIC 139270665 b",2,23.62400000000,34.500000,0.105000
"TOI-1408","TOI-1408 b",2,4.42587000000,8.130000,0.002300
"Kepler-224","Kepler-224 b",4,3.13292400000,11.188000,0.000000
"Kepler-125","Kepler-125 b",2,4.16438900000,14.890000,0.000000
"Kepler-335","Kepler-335 c",2,67.84446900000,40.600000,0.000000
"Kepler-31","Kepler-31 d",3,87.64510000000,46.300000,0.000000
"Kepler-305","Kepler-305 b",4,5.48700000000,9.400000,0.005000
"Kepler-370","Kepler-370 b",2,4.57953000000,11.407000,0.000000
"Kepler-605","Kepler-605 c",2,2.35895151500,11.110000,0.000000
"Kepler-299","Kepler-299 c",4,6.88587500000,4.860000,0.000000
"K2-266","K2-266 d",4,14.69700000000,31.700000,0.047000
"Kepler-245","Kepler-245 c",4,17.46081200000,60.310000,0.000000
"K2-170","K2-170 c",2,12.40004700000,20.900713,
"Kepler-240","Kepler-240 c",2,7.95352800000,23.750000,0.000000
"Kepler-256","Kepler-256 d",4,5.83917200000,14.050000,0.000000
"Kepler-362","Kepler-362 b",2,10.32718600000,28.200000,0.000000
"Kepler-769","Kepler-769 b",2,7.42608998000,15.830000,0.000000
"K2-83","K2-83 c",2,9.99767000000,29.670000,0.060000
"K2-8","K2-8 b",2,10.35239000000,14.100000,
"K2-5","K2-5 c",2,10.93241000000,15.600000,
"Kepler-238","Kepler-238 e",5,23.65400000000,23.142000,0.000000
"Kepler-896","Kepler-896 b",2,144.54739600000,48.400000,0.000000
"Kepler-1181","Kepler-1181 c",2,8.93484887000,12.890000,0.000000
"EPIC 206024342","EPIC 206024342 c",3,0.91172400000,4.700000,
"Kepler-210","Kepler-210 b",2,2.45323400000,4.429000,0.000000
"Kepler-401","Kepler-401 b",3,14.38303500000,12.370000,0.000000
"CoRoT-24","CoRoT-24 b",2,5.11340000000,10.900000,0.000000
"LHS 1903","LHS 1903 d",4,12.56628700000,34.320000,0.112000
"Kepler-82","Kepler-82 b",5,26.44000000000,41.470000,0.003300
"K2-239","K2-239 b",3,5.24000000000,24.600000,
"Kepler-1162","Kepler-1162 b",2,32.56370690000,43.700000,0.000000
"K2-32","K2-32 b",4,8.99200000000,19.860000,0.030000
"Kepler-365","Kepler-365 b",2,10.66490300000,16.000000,0.000000
"Kepler-25","Kepler-25 c",3,12.72070000000,18.440000,0.006100
"Kepler-33","Kepler-33 f",5,41.02902000000,29.500000,0.000000
"Kepler-19","Kepler-19 b",3,9.28699000000,21.526600,0.410000
"Kepler-129","Kepler-129 b",3,15.79000000000,16.794000,0.010000
"K2-348","K2-348 c",2,12.55017100000,24.470000,
"Kepler-446","Kepler-446 b",3,1.56540900000,14.200000,0.000000
"Kepler-399","Kepler-399 c",3,26.67569000000,24.500000,0.000000
"Kepler-188","Kepler-188 c",2,5.99655300000,10.600000,0.000000
"HD 110113","HD 110113 b",2,2.54100000000,7.750000,0.093000
"Kepler-1073","Kepler-1073 d",3,2.50476002700,8.106000,0.000000
"Kepler-324","KOI-1831 d",4,34.16900000000,48.562000,0.000000
"Kepler-118","Kepler-118 b",2,7.51849600000,20.330000,0.000000
"Kepler-37","Kepler-37 e",4,51.19600000000,43.400000,0.000000
"Kepler-355","Kepler-355 c",2,25.76229400000,16.100000,0.000000
"Kepler-353","Kepler-353 c",2,8.41089400000,12.940000,0.000000
"K2-5","K2-5 b",2,5.73594000000,14.000000,
"Kepler-750","Kepler-750 c",2,4.08899022000,8.840000,0.000000
"Kepler-108","Kepler-108 c",2,190.32349400000,70.810000,0.040000
"Kepler-278","Kepler-278 c",2,51.11100000000,21.541000,0.616000
"Kepler-450","Kepler-450 c",3,15.41313500000,17.531000,0.020000
"Kepler-380","Kepler-380 c",2,7.63000400000,21.340000,0.000000
"Kepler-286","Kepler-286 b",4,1.79630200000,7.288000,0.000000
"Kepler-418","Kepler-418 c",2,12.21829987000,18.000000,0.000000
"Kepler-333","Kepler-333 c",2,24.08821000000,31.000000,0.000000
"Kepler-65","Kepler-65 d",4,8.13123000000,12.821000,0.014000
"Kepler-329","Kepler-329 b",2,7.41639700000,8.600000,0.000000
"K2-198","K2-198 d",3,7.45001770000,14.900000,
"Kepler-48","Kepler-48 b",5,4.77800000000,13.609100,0.000000
"Kepler-164","Kepler-164 e",4,94.88690200000,34.400000,0.000000
"Kepler-266","Kepler-266 b",2,6.61833000000,14.024000,0.000000
"Kepler-303","Kepler-303 b",2,1.93705500000,10.175000,0.000000
"TOI-1224","TOI-1224 b",2,4.17827450000,18.900000,
"K2-188","K2-188 b",2,1.74216900000,4.670000,
"Kepler-1656","Kepler-1656 b",2,31.56200000000,118.027000,0.838000
"Kepler-603","Kepler-603 b",3,21.05358596000,22.920000,0.000000
"TOI-2345","TOI-2345 c",2,21.06430200000,37.070000,
"Kepler-356","Kepler-356 c",2,13.12163200000,22.600000,0.000000
"TOI-2095","TOI-2095 c",2,28.17232000000,67.190000,0.000000
"Kepler-122","Kepler-122 c",5,12.46598800000,19.460000,0.000000
"HD 93963 A","HD 93963 A c",2,3.64513890000,9.920000,0.000000
"Kepler-251","Kepler-251 d",4,30.13300100000,28.500000,0.000000
"K2-275","K2-275 c",2,8.43883850000,27.500000,
"Kepler-758","Kepler-758 d",4,20.49661970000,24.871300,0.000000
"Kepler-444","Kepler-444 e",5,7.74349300000,19.913000,0.100000
"Kepler-206","Kepler-206 c",3,13.13747100000,20.530000,0.000000
"HD 108236","HD 108236 c",5,6.20344900000,16.600000,0.034000
"Kepler-169","Kepler-169 b",5,3.25061900000,5.800000,0.000000
"Kepler-374","Kepler-374 b",3,1.89780600000,5.443000,0.000000
"Kepler-334","Kepler-334 c",3,12.75800500000,23.597000,0.000000
"TOI-5489","TOI-5489 c",2,4.92126000000,21.830000,
"GJ 143","HD 21749 c",2,7.78993000000,21.800000,
"Kepler-216","Kepler-216 b",2,7.69364100000,8.210000,0.000000
"TIC 434398831","TIC 434398831 c",2,6.21029100000,14.300000,0.013000
"Kepler-33","Kepler-33 d",5,21.77596000000,19.300000,0.000000
"WASP-132","WASP-132 b",3,7.13351640000,19.310000,0.016300
"Kepler-251","Kepler-251 c",4,16.51404300000,31.380000,0.000000
"Kepler-1016","Kepler-1016 b",2,1.95452434200,5.200000,0.000000
"Kepler-1859","Kepler-1859 c",2,3.59645081000,6.710000,0.000000
"Kepler-190","Kepler-190 b",2,2.01999900000,8.420000,0.000000
"Kepler-975","Kepler-975 c",2,5.05821338000,11.530000,0.000000
"Kepler-444","Kepler-444 c",5,4.54588410000,13.961000,0.310000
"Kepler-141","Kepler-141 b",2,3.10767500000,7.800000,0.000000
"K2-268","K2-268 e",5,6.13124300000,16.930000,
"Kepler-151","Kepler-151 b",2,15.22895800000,30.600000,0.000000
"Kepler-366","Kepler-366 b",2,3.28195900000,8.510000,0.000000
"LHS 1678","LHS 1678 b",3,0.86023250000,8.080000,0.033000
"Kepler-321","Kepler-321 b",2,4.91537900000,10.200000,0.000000
"Kepler-109","Kepler-109 b",2,6.48163070000,13.655000,0.110000
"Kepler-388","Kepler-388 b",2,3.17331500000,12.830000,0.000000
"Kepler-374","Kepler-374 c",3,3.28280700000,7.719000,0.000000
"Kepler-402","Kepler-402 b",4,4.02875100000,9.900000,0.000000
"Kepler-372","Kepler-372 d",3,30.09256800000,9.590000,0.000000
"K2-381","K2-381 b",3,7.93893340000,31.050000,
"Kepler-351","Kepler-351 c",3,57.24809000000,74.360000,0.000000
"HD 109833","HD 109833 c",2,13.90014800000,29.400000,0.300000
"HD 219134","HD 219134 b",6,3.09292600000,10.714000,0.000000
"Kepler-1834","Kepler-1834 b",2,4.60301017800,13.280000,0.000000
"Kepler-755","Kepler-755 c",2,2.85313364400,9.100000,0.000000
"LHS 1678","LHS 1678 d",3,4.96522290000,26.010000,0.036000
"TOI-5126","TOI-5126 c",2,17.89990000000,24.990000,0.000000
"Kepler-69","Kepler-69 b",2,13.72234100000,21.800000,0.160000
"Kepler-318","Kepler-318 c",2,11.81500700000,36.756000,0.000000
"Kepler-225","Kepler-225 b",2,6.73897500000,18.694000,0.000000
"K2-266","K2-266 e",4,19.48200000000,38.200000,0.043000
"Kepler-1093","Kepler-1093 b",2,25.08246260000,30.380000,0.000000
"K2-247","K2-247 b",2,2.25021000000,8.700000,
"Kepler-279","Kepler-279 b",4,12.30968100000,9.279000,0.000000
"TOI-1260","TOI-1260 b",3,3.12746300000,11.730000,0.000000
"TOI-216","TOI-216.01",2,34.52552800000,55.070000,0.004600
"K2-43","K2-43 b",2,3.47114900000,8.000000,0.070000
"TOI-1232","TOI-1232 b",2,14.25600000000,20.000000,0.065000
"Kepler-26","Kepler-26 d",4,3.54391900000,14.476000,0.000000
"Kepler-903","Kepler-903 c",2,62.92285570000,24.000000,0.000000
"Kepler-239","Kepler-239 c",2,56.22809800000,129.920000,0.000000
"Kepler-208","Kepler-208 b",4,4.22864000000,9.739000,0.000000
"K2-50","EPIC 201833600 c",2,3.96151000000,12.400000,
"Kepler-249","Kepler-249 b",3,3.30653900000,14.190000,0.000000
"Kepler-2000","Kepler-2000 b",2,6.38315913500,28.550000,0.000000
"Kepler-349","Kepler-349 c",2,12.24762900000,28.250000,0.000000
"Kepler-619","Kepler-619 c",3,1.20846502600,6.227000,0.000000
"K2-138","K2-138 f",6,12.75758000000,26.100000,0.062000
"Kepler-338","Kepler-338 c",4,24.31085600000,20.922000,0.030000
"Kepler-722","Kepler-722 c",2,105.14474900000,34.300000,0.000000
"Kepler-186","Kepler-186 c",5,7.26730200000,25.031000,0.000000
"Kepler-339","Kepler-339 b",3,4.97765600000,8.900000,0.000000
"Kepler-123","Kepler-123 c",2,26.69507400000,44.630000,0.000000
"K2-36","K2-36 b",2,1.42261400000,6.630000,0.093000
"Kepler-218","Kepler-218 c",3,44.69957600000,55.490000,0.000000
"KOI-351","KOI-351 d",8,59.73667000000,56.100000,0.000000
"HR 858","HR 858 d",3,11.23051100000,17.930000,0.000000
"HD 63433","HD 63433 c",3,20.54382810000,33.479000,0.210000
"Kepler-351","Kepler-351 b",3,37.05491900000,59.710000,0.000000
"HATS-59","HATS-59 b",2,5.41608100000,12.660000,0.129000
"Kepler-352","Kepler-352 d",3,6.88727998700,21.410000,0.000000
"Kepler-222","Kepler-222 c",3,10.08881000000,20.500000,0.000000
"Kepler-289","Kepler-289 b",4,34.53830000000,46.380000,0.000000
"Kepler-108","Kepler-108 b",2,49.18392100000,28.730000,0.220000
"Kepler-358","Kepler-358 b",2,34.06046700000,59.000000,0.000000
"Kepler-887","Kepler-887 c",2,7.63846023000,14.540000,0.000000
"Kepler-376","Kepler-376 c",2,14.17232700000,43.410000,0.000000
"Kepler-69","Kepler-69 c",2,242.46130000000,148.000000,0.140000
"Kepler-164","Kepler-164 d",4,28.98676900000,65.760000,0.000000
"Kepler-1165","Kepler-1165 b",2,9.47852200000,11.850000,0.000000
"Kepler-32","Kepler-32 b",5,5.90124000000,20.645000,0.000000
"Kepler-344","Kepler-344 c",2,125.59680900000,138.520000,0.000000
"Kepler-249","Kepler-249 d",3,15.36845900000,48.380000,0.000000
"Kepler-339","Kepler-339 c",3,6.98805500000,17.420000,0.000000
"K2-59","K2-59 b",2,20.69210000000,63.000000,
"Kepler-1398","Kepler-1398 b",2,2.78815679000,6.329000,0.000000
"K2-233","K2-233 b",3,2.46758300000,9.970000,0.000000
"Kepler-171","Kepler-171 d",3,39.59551900000,47.010000,0.000000
"Kepler-30","Kepler-30 d",3,143.34394000000,109.100000,0.022000
"Kepler-1666","Kepler-1666 c",2,40.71570000000,46.200000,0.000000
"Kepler-415","Kepler-415 b",2,4.17600000000,13.820000,0.000000
"Kepler-85","Kepler-85 b",4,8.30000000000,7.360000,0.020000
"K2-381","K2-381 d",3,26.80302300000,59.430000,
"Kepler-363","Kepler-363 c",3,7.54242700000,8.300000,0.000000
"K2-83","K2-83 b",2,2.74697000000,12.590000,0.070000
"CoRoT-24","CoRoT-24 c",2,11.75900000000,18.000000,0.000000
"Kepler-203","Kepler-203 b",3,3.16269700000,9.400000,0.000000
"Kepler-377","Kepler-377 b",2,12.50952900000,20.300000,0.000000
"Kepler-177","Kepler-177 b",2,36.86010000000,38.430000,0.000000
"Kepler-968","Kepler-968 c",3,5.70940491800,27.680000,0.000000
"Kepler-403","Kepler-403 b",3,7.03146200000,9.165000,0.000000
"TOI-1472","TOI-1472 b",2,6.36338574000,18.565000,0.041000
"TOI-1803","TOI-1803 c",2,12.88577900000,29.300000,0.000000
"K2-384","K2-384 b",5,2.23152700000,16.590000,
"K2-19","K2-19 d",3,2.50827000000,9.070000,0.440000
"TOI-2015","TOI-2015 b",2,3.34823700000,19.281100,0.078900
"Kepler-213","Kepler-213 b",2,2.46236000000,10.514300,0.000000
"Kepler-1038","Kepler-1038 b",2,148.46033820000,131.000000,0.000000
"K2-264","K2-264 b",2,5.84000200000,22.840000,0.500000
"Kepler-289","Kepler-289 d",4,66.02820000000,70.520000,
"Kepler-1067","Kepler-1067 b",2,0.76212926100,4.470000,0.000000
"Kepler-279","Kepler-279 e",4,98.35310000000,14.400000,0.000000
"Kepler-1487","Kepler-1487 c",2,35.80071120000,33.860000,0.000000
"Kepler-385","Kepler-385 d",3,56.41590000000,25.200000,0.000000
"Kepler-314","Kepler-314 c",2,5.96039200000,16.400000,0.000000
"Kepler-232","Kepler-232 b",2,4.43122200000,11.142000,0.000000
"Kepler-284","Kepler-284 b",2,12.69914900000,26.800000,0.000000
"Kepler-102","Kepler-102 d",5,10.31176700000,16.000000,0.092000
"Kepler-42","Kepler-42 c",3,0.45328509000,4.440000,0.000000
"Kepler-298","Kepler-298 c",3,22.92881000000,42.000000,0.000000
"Kepler-84","Kepler-84 d",5,4.22453700000,10.448000,0.000000
"TOI-1410","TOI-1410.01",2,1.21687000000,5.509923,0.000000
"K2-368","K2-368 b",3,5.02559800000,16.200000,
"Kepler-18","Kepler-18 d",3,14.85888000000,22.480000,0.000000
"Kepler-864","Kepler-864 c",2,2.42150341000,5.350000,0.000000
"Kepler-27","Kepler-27 c",3,31.33090000000,30.800000,0.000000
"Kepler-242","Kepler-242 b",2,8.20395000000,23.100000,0.000000
"Kepler-274","Kepler-274 c",2,33.19786100000,57.140000,0.000000
"Kepler-297","Kepler-297 b",3,38.87182600000,50.414000,0.000000
"Kepler-308","Kepler-308 b",2,9.69492800000,27.700000,0.000000
"TOI-1260","TOI-1260 c",3,7.49313400000,20.990000,0.000000
"Kepler-200","Kepler-200 b",2,8.59480500000,7.990000,0.000000
"Kepler-784","Kepler-784 b",2,31.59226460000,19.200000,0.000000
"K2-395","K2-395 b",2,4.80335200000,14.440000,
"K2-157","K2-157 b",3,0.36525750000,2.405000,
"TOI-6054","TOI-6054.01",2,7.50142800000,9.890000,0.164000
"Kepler-84","Kepler-84 c",5,12.88300000000,6.240000,0.000000
"TOI-2267 B","TOI-2267 d",3,2.03446710000,22.693000,
"Kepler-405","Kepler-405 b",2,10.61383900000,23.680000,0.000000
"Kepler-132","Kepler-132 e",4,110.28693740000,190.300000,0.000000
"Kepler-93","Kepler-93 b",2,4.72673978000,12.500000,0.000000
"Kepler-799","Kepler-799 c",2,15.19419956000,17.300000,0.000000
"Kepler-169","Kepler-169 e",5,13.76710200000,15.200000,0.000000
"Kepler-1311","Kepler-1311 d",3,197.51100160000,90.200000,0.000000
"Kepler-1669","Kepler-1669 b",3,9.51216000000,25.170000,0.000000
"K2-170","K2-170 b",2,7.57654400000,14.299758,
"Kepler-315","Kepler-315 c",2,265.46933500000,79.800000,0.000000
"Kepler-80","Kepler-80 b",6,7.05246000000,20.660000,0.004900
"K2-266","K2-266 b",4,0.65852400000,4.000000,
"Kepler-255","Kepler-255 b",3,5.71460600000,9.300000,0.000000
"Kepler-310","Kepler-310 b",3,13.93069800000,18.500000,0.000000
"Kepler-337","Kepler-337 b",2,3.29278100000,3.210000,0.000000
"K2-21","K2-21 b",2,9.32503800000,25.370000,0.100000
"Kepler-114","Kepler-114 d",3,11.77600000000,24.000000,0.000000
"Kepler-974","KOI-1843.03",2,0.17689130000,1.900000,
"EPIC 220674823","EPIC 220674823 b",2,0.57130782000,2.858000,0.000000
"Kepler-348","Kepler-348 c",2,17.26542700000,26.480000,0.000000
"Kepler-311","Kepler-311 b",3,9.17609200000,16.573000,0.000000
"Kepler-633","Kepler-633 b",2,8.50340718000,7.420000,0.000000
"Kepler-363","Kepler-363 b",3,3.61456800000,5.090000,0.000000
"K2-396","K2-396 b",2,0.67386200000,3.290000,
"Kepler-1514","Kepler-1514 c",2,10.51418100000,16.630000,0.320000
"Kepler-145","Kepler-145 c",2,42.88200000000,23.170000,0.110000
"Kepler-445","Kepler-445 b",3,2.98415100000,21.940000,0.000000
"Kepler-368","Kepler-368 c",2,72.37933400000,71.190000,0.000000
"Kepler-1834","Kepler-1834 c",2,0.76669151700,4.390000,0.000000
"Kepler-616","Kepler-616 d",3,51.06740189000,36.000000,0.000000
"Kepler-143","Kepler-143 b",2,16.00758300000,106.800000,0.000000
"Kepler-1067","Kepler-1067 c",2,5.42583990100,16.520000,0.000000
"Kepler-215","Kepler-215 d",4,30.86442300000,48.621000,0.000000
"Kepler-1972","Kepler-1972 b",2,7.54425000000,12.340000,0.067000
"Kepler-253","Kepler-253 b",3,3.78398600000,15.030000,0.000000
"Kepler-210","Kepler-210 c",2,7.97251300000,11.566000,0.000000
"Kepler-722","Kepler-722 b",2,4.09357325200,13.840000,0.000000
"Kepler-401","Kepler-401 c",3,47.31821800000,34.450000,0.000000
"Kepler-265","Kepler-265 c",4,17.02893700000,28.390000,0.000000
"Kepler-1666","Kepler-1666 b",2,25.84760000000,33.650000,0.000000
"K2-148","K2-148 b",3,4.38395000000,16.700000,
"Kepler-189","Kepler-189 c",2,20.13486600000,26.600000,0.000000
"Kepler-223","Kepler-223 c",4,9.84564000000,3.620000,0.150000
"Kepler-271","Kepler-271 d",3,5.24972541000,14.410000,0.000000
"Kepler-342","Kepler-342 c",4,26.23413800000,78.870000,0.000000
"Kepler-394","Kepler-394 c",3,12.13068600000,24.360000,0.000000
"EPIC 212587672","EPIC 212587672 c",2,23.22855500000,50.740000,
"Kepler-1600","Kepler-1600 c",2,7.29804992700,14.580000,0.000000
"Kepler-331","Kepler-331 c",3,17.28111000000,46.200000,0.000000
"K2-185","K2-185 b",2,10.61638400000,21.500000,
"Kepler-168","Kepler-168 b",2,4.42539100000,5.420000,0.000000
"Kepler-256","Kepler-256 b",4,1.62049300000,5.550000,0.000000
"Kepler-85","Kepler-85 c",4,12.51000000000,9.670000,0.027000
"HD 63433","HD 63433 d",3,4.20907500000,11.870000,0.160000
"Kepler-231","Kepler-231 c",2,19.27156600000,45.400000,0.000000
"Kepler-214","Kepler-214 b",2,15.66054400000,17.345000,0.000000
"Kepler-11","Kepler-11 g",6,118.38070000000,94.400000,0.150000
"Kepler-138","Kepler-138 c",4,13.78150000000,37.000000,0.017000
"TOI-1472","TOI-1472 c",2,15.53817470000,33.665000,0.172000
"Kepler-319","Kepler-319 b",3,4.36270500000,15.420000,0.000000
"Kepler-256","Kepler-256 e",4,10.68157200000,22.460000,0.000000
"TOI-4311","TOI-4311 c",2,15.07042500000,28.430000,0.220000
"Kepler-243","Kepler-243 b",2,5.71544200000,17.776000,0.000000
"Kepler-304","Kepler-304 b",4,3.29570900000,13.830000,0.000000
"Kepler-331","Kepler-331 d",3,32.13432800000,69.900000,0.000000
"Kepler-1245","Kepler-1245 c",2,2.93658468100,12.270000,0.000000
"Kepler-371","Kepler-371 b",2,34.76327800000,43.000000,0.000000
"TOI-238","TOI-238 b",2,1.27309900000,6.030000,0.180000
"K2-183","K2-183 b",3,0.46928500000,2.500000,
"Kepler-417","Kepler-417 c",2,15.94300000000,35.937000,0.000000
"K2-384","K2-384 e",5,9.71504300000,38.390000,
"Kepler-1610","Kepler-1610 b",2,8.70181574000,22.140000,0.000000
"Kepler-37","Kepler-37 c",4,21.30184800000,42.180000,0.099000
"Kepler-416","Kepler-416 b",3,6.31900000000,15.409000,0.000000
"K2-72","K2-72 e",4,24.15886800000,64.530000,0.110000
"Kepler-315","Kepler-315 b",2,96.10114100000,26.890000,0.000000
"EPIC 212297394","EPIC 212297394 b",2,2.28936300000,8.530000,
"K2-201","K2-201 b",2,1.05979000000,4.652897,
"Kepler-1130","Kepler-1130 c",3,3.26663994800,11.890000,0.000000
"K2-24","K2-24 b",2,20.88977000000,28.600000,0.060000
"Kepler-106","Kepler-106 b",4,6.16486000000,11.190000,0.000000
"TOI-469","TOI-469.01",3,13.63082050000,23.880000,0.000000
"Kepler-1705","Kepler-1705 c",2,11.28000000000,17.640000,0.028000
"Kepler-1365","Kepler-1365 b",2,7.69993485000,13.380000,0.000000
"Kepler-367","Kepler-367 b",2,37.81572400000,64.190000,0.000000
"Kepler-106","Kepler-106 c",4,13.57080000000,32.883000,0.000000
"Kepler-268","Kepler-268 b",2,25.93413800000,14.500000,0.000000
"Kepler-414","Kepler-414 c",2,7.17100000000,18.930000,0.000000
"Kepler-466","Kepler-466 c",2,3.70921384600,10.888000,0.000000
"K2-352","K2-352 d",3,14.87138700000,25.940000,
"HD 109833","HD 109833 b",2,9.18852600000,19.900000,0.180000
"Kepler-286","Kepler-286 c",4,3.46809500000,11.290000,0.000000
"Kepler-349","Kepler-349 b",2,5.92977800000,18.630000,0.000000
"Kepler-338","Kepler-338 d",4,44.43101400000,25.100000,0.030000
"Kepler-259","Kepler-259 c",2,36.92493100000,61.360000,0.000000
"Kepler-265","Kepler-265 e",4,67.83102400000,71.850000,0.000000
"Kepler-1990","Kepler-1990 c",2,4.06844957000,9.300000,0.000000
"Kepler-399","Kepler-399 b",3,14.42528100000,29.750000,0.000000
"Kepler-1907","Kepler-1907 c",2,14.86390018000,8.230000,0.000000
"Kepler-245","Kepler-245 d",4,36.27710800000,59.900000,0.000000
"HD 39091","pi Men c",3,6.26783990000,13.100000,0.000000
"Kepler-1321","Kepler-1321 d",3,5.72092008600,16.240000,0.000000
"Kepler-603","Kepler-603 d",3,6.21712920000,4.570000,0.000000
"Kepler-55","Kepler-55 f",5,10.19854500000,19.600000,0.000000
"Kepler-279","Kepler-279 c",4,35.73600000000,18.880000,0.000000
"Kepler-763","Kepler-763 c",3,4.09667624000,14.380000,0.000000
"Kepler-162","Kepler-162 b",2,6.91979800000,16.080000,0.000000
"Kepler-116","Kepler-116 c",2,13.07163000000,33.190000,0.000000
"Kepler-712","Kepler-712 c",2,226.89047000000,131.000000,0.000000
"WASP-8","WASP-8 b",2,8.15872000000,18.280000,0.310000
"Kepler-306","Kepler-306 b",4,4.64618600000,15.200000,0.000000
"K2-189","K2-189 c",2,6.67932000000,18.170000,
"Kepler-195","Kepler-195 b",2,8.30787200000,20.647000,0.000000
"Kepler-79","Kepler-79 b",4,13.48450000000,19.260000,0.015000
"Kepler-1388","Kepler-1388 d",4,20.95681580000,47.330000,0.000000
"Kepler-296","Kepler-296 b",5,10.86438400000,35.500000,0.330000
"Kepler-199","Kepler-199 b",2,23.63760400000,37.075000,0.000000
"Kepler-400","Kepler-400 c",2,17.34082400000,38.140000,0.000000
"LHS 1903","LHS 1903 e",4,29.31773000000,60.350000,0.014000
"Kepler-284","Kepler-284 c",2,37.51445600000,55.200000,0.000000
"Kepler-87","Kepler-87 b",2,114.73635000000,57.400000,0.036000
"TOI-1246","TOI-1246 d",4,18.65487400000,35.700000,0.000000
"LHS 1903","LHS 1903 b",4,2.15550980000,10.590000,0.015000
"HD 191939","HD 191939 c",6,28.57974300000,40.000000,0.034000
"Kepler-937","Kepler-937 b",2,67.66882700000,34.100000,0.000000
"Kepler-345","Kepler-345 b",2,7.41556300000,27.610000,0.000000
"Kepler-520","Kepler-520 c",2,5.21104261000,12.158000,0.000000
"Kepler-598","Kepler-598 b",2,3.70175428000,11.210000,0.000000
"KOI-12","KOI-12 b",2,17.85518200000,19.992600,0.340000
"K2-384","K2-384 f",5,13.62749000000,47.700000,
"Kepler-80","Kepler-80 e",6,4.64489000000,15.640000,0.003500
"KOI-984","KOI-984 b",2,4.28817850000,13.260000,0.120000
"Kepler-444","Kepler-444 d",5,6.18939200000,17.151000,0.180000
"K2-223","K2-223 c",2,4.56254600000,13.000000,
"Kepler-59","Kepler-59 b",2,11.86817070000,8.600000,0.000000
"EPIC 249893012","EPIC 249893012 b",3,3.59510000000,5.930000,0.060000
"K2-99","K2-99 b",2,18.24783000000,13.100000,0.220000
"K2-21","K2-21 c",2,15.50192000000,35.500000,0.210000
"Kepler-394","Kepler-394 b",3,8.00501300000,18.640000,0.000000
"Kepler-325","Kepler-325 d",3,38.71518500000,81.000000,0.000000
"Kepler-1130","Kepler-1130 d",3,4.27225017500,9.500000,0.000000
"TOI-1422","TOI-1422 b",2,12.99894000000,22.510000,0.200000
"TOI-1836","TOI-1836 b",2,20.38079900000,20.200000,0.000000
"K2-172","K2-172 b",2,14.31694100000,25.147602,
"Kepler-278","Kepler-278 b",2,30.15560000000,15.152000,0.696000
"Kepler-553","Kepler-553 c",2,328.24017000000,214.800000,0.346000
"Kepler-750","Kepler-750 b",2,9.42887179000,16.709000,0.000000
"Kepler-261","Kepler-261 c",2,24.57085800000,51.400000,0.000000
"Kepler-237","Kepler-237 c",2,8.10363600000,20.090000,0.000000
"Kepler-138","Kepler-138 d",4,23.09230000000,51.800000,0.010000
"TOI-5799","TOI-5799 c",2,14.01044900000,52.300000,
"Kepler-174","Kepler-174 c",3,44.00052900000,66.490000,0.000000
"Kepler-118","Kepler-118 c",2,20.17202000000,52.621000,0.000000
"HD 108236","HD 108236 b",5,3.79596300000,11.350000,0.045000
"TOI-1694","TOI-1694 b",2,3.77010700000,10.206000,0.000000
"K2-185","K2-185 c",2,52.71349400000,62.620000,
"Kepler-101","Kepler-101 b",2,3.48768120000,6.550000,0.086000
"HD 93963 A","HD 93963 A b",2,1.03761090000,4.299000,0.000000
"Kepler-290","Kepler-290 c",3,36.77031000000,33.900000,0.000000
"Kepler-250","Kepler-250 c",3,7.15680400000,20.940000,0.000000
"K2-285","K2-285 c",4,7.13804800000,22.510000,0.000000
"Kepler-42","Kepler-42 d",3,1.86516900000,37.020000,0.020000
"Kepler-126","Kepler-126 b",3,10.49571100000,8.364000,0.070000
"Kepler-309","Kepler-309 c",2,105.35638300000,79.000000,0.000000
"TOI-815","TOI-815 b",2,11.19725900000,25.200000,0.200000
"K2-43","K2-43 c",2,2.19888400000,5.900000,
"TOI-5799","TOI-5799 b",2,4.16450700000,23.310000,
"Kepler-102","Kepler-102 e",5,16.14569940000,21.600000,0.089000
"K2-243","K2-243 c",2,24.94598000000,35.600000,
"Kepler-1315","Kepler-1315 b",2,0.84338011000,4.545000,0.000000
"K2-219","K2-219 b",3,3.90128700000,9.031985,
"TOI-1798","TOI-1798.02",2,0.43781182200,2.962214,0.000000
"Kepler-1126","Kepler-1126 c",2,199.66876000000,171.800000,0.000000
"TOI-4156","TOI-4156 b",2,4.46189034133,9.774529,
"Kepler-1181","Kepler-1181 b",2,4.89337519000,11.360000,0.000000
"Kepler-246","Kepler-246 b",2,4.60182000000,13.430000,0.000000
"Kepler-134","Kepler-134 b",2,5.31742900000,6.610000,0.000000
"Kepler-1693","Kepler-1693 b",2,12.09990000000,26.040000,0.000000
"Kepler-137","Kepler-137 c",2,18.73575300000,33.000000,0.000000
"Kepler-373","Kepler-373 c",2,16.72594800000,26.000000,0.000000
"Kepler-103","Kepler-103 c",2,179.60978000000,98.000000,0.103000
"Kepler-1693","Kepler-1693 c",2,5.36370992700,13.800000,0.000000
"TOI-4562","TOI-4562 b",2,225.10640000000,150.300000,0.760000
"Kepler-252","Kepler-252 c",2,10.84846300000,28.786000,0.000000
"Kepler-1016","Kepler-1016 c",2,105.65513690000,90.020000,0.000000
"Kepler-236","Kepler-236 b",2,8.29561100000,22.100000,0.000000
"Kepler-1641","Kepler-1641 c",2,32.65721200000,42.870000,0.000000
"Kepler-120","Kepler-120 c",2,12.79458500000,29.290000,0.000000
"Kepler-317","Kepler-317 c",2,8.77501000000,18.430000,0.000000
"TOI-5624","TOI-5624 e",5,21.48993600000,37.700000,0.000000
"Kepler-501","Kepler-501 c",2,3.62276005700,10.069000,0.000000
"Kepler-204","Kepler-204 c",2,25.66059300000,23.400000,0.000000
"TOI-1782","TOI-1782.01",2,4.98764102800,13.606683,
"Kepler-553","Kepler-553 b",2,4.03046700000,11.400000,0.000000
"Kepler-282","Kepler-282 b",4,9.22052400000,14.511000,0.000000
"Kepler-1468","Kepler-1468 b",3,8.23984869000,11.379000,0.000000
"Kepler-42","Kepler-42 b",3,1.21376720000,12.100000,0.040000
"Kepler-1322","Kepler-1322 b",2,0.96286738200,4.400000,0.000000
"TOI-1203","TOI-1203 b",4,4.15728880000,8.880000,0.067000
"Kepler-359","Kepler-359 c",3,57.68802000000,42.100000,0.000000
"Kepler-770","Kepler-770 b",3,18.92540274000,39.480000,0.000000
"Kepler-258","Kepler-258 b",2,13.19722000000,30.330000,0.000000
"Kepler-142","Kepler-142 d",3,41.80911800000,41.480000,0.000000
"K2-80","K2-80 d",3,28.86725300000,45.619404,
"Kepler-117","Kepler-117 c",2,50.79039100000,38.180000,0.032300
"TOI-1203","TOI-1203.01",4,25.50267200000,29.770000,0.032000
"KOI-7892","KIC 8540376 b",3,31.80990000000,34.700000,
"TOI-942","TOI-942 b",2,4.32421000000,10.120000,0.340000
"Kepler-770","Kepler-770 c",3,1.47532231400,4.913000,0.000000
"Kepler-380","Kepler-380 b",2,3.93082100000,10.090000,0.000000
"Kepler-201","Kepler-201 b",2,25.67208300000,19.300000,0.000000
"Kepler-1464","Kepler-1464 c",2,5.32786292000,8.765000,0.000000
"Kepler-147","Kepler-147 c",2,33.41642300000,20.000000,0.000000
"TOI-880","TOI-880.02",2,2.57571000000,9.050000,
"Kepler-327","Kepler-327 b",3,2.54957500000,11.691000,0.000000
"Kepler-411","Kepler-411 c",4,7.83443500000,22.210000,0.108000
"Kepler-280","Kepler-280 b",2,2.13954200000,8.089000,0.000000
"Kepler-406","Kepler-406 b",2,2.42629000000,7.037000,0.000000
"Kepler-220","Kepler-220 c",4,9.03419900000,44.700000,0.000000
"Kepler-1468","Kepler-1468 d",3,19.59059906000,22.720000,0.000000
"Kepler-32","Kepler-32 d",5,22.78020000000,55.780000,0.000000
"Kepler-332","Kepler-332 c",3,15.99562200000,35.540000,0.000000
"EPIC 249893012","EPIC 249893012 c",3,15.62400000000,15.790000,0.070000
"Kepler-763","Kepler-763 b",3,1.19655156000,7.600000,0.000000
"K2-36","K2-36 c",2,5.34088800000,16.010000,0.089000
"HD 23472","HD 23472 d",5,3.97664000000,13.290000,0.070000
"Kepler-181","Kepler-181 b",2,3.13787300000,12.260000,0.000000
"K2-3","K2-3 b",3,10.05465350000,29.440000,0.107000
"Kepler-354","Kepler-354 b",3,5.47666000000,13.120000,0.000000
"Kepler-217","Kepler-217 c",3,8.58600400000,7.460000,0.000000
"Kepler-804","Kepler-804 c",2,9.65185017000,17.200000,0.000000
"K2-37","K2-37 d",3,14.09229000000,34.341689,
"Kepler-245","Kepler-245 b",4,7.49019000000,21.600000,0.000000
"Kepler-18","Kepler-18 c",3,7.64159000000,14.430000,0.000000
"Kepler-436","Kepler-436 b",2,64.00205000000,104.000000,0.190000
"TOI-1634","TOI-1634 b",2,0.98934551000,7.054000,0.000000
"Kepler-11","Kepler-11 e",6,31.99960000000,39.480000,0.012000
"Kepler-102","Kepler-102 c",5,7.07139200000,19.718000,0.094000
"Kepler-128","Kepler-128 c",2,22.80000000000,35.200000,0.037000
"HD 23472","HD 23472 e",5,7.90754000000,21.000000,0.070000
"HD 25463","HD 25463 c",2,3.04405000000,6.600000,0.000000
"TOI-1246","TOI-1246 b",4,4.30744000000,13.400000,
"Kepler-1073","Kepler-1073 c",3,4.02582254000,11.290000,0.000000
"Kepler-386","Kepler-386 c",2,25.19345800000,41.540000,0.000000
"Kepler-197","Kepler-197 c",4,10.34969500000,9.430000,0.080000
"Kepler-549","Kepler-549 d",3,24.61480613000,66.700000,0.000000
"Kepler-127","Kepler-127 b",3,14.43588900000,18.000000,0.470000
"Kepler-235","Kepler-235 b",4,3.34022200000,14.150000,0.000000
"K2-50","K2-50 b",2,8.75290000000,20.600000,
"Kepler-121","Kepler-121 b",2,3.17742200000,17.098000,0.000000
"HD 28109","HD 28109 c",3,55.99712000000,46.700000,0.003900
"Kepler-97","Kepler-97 b",2,2.58664000000,5.200000,0.000000
"Kepler-133","Kepler-133 c",2,31.51758600000,22.300000,0.000000
"Kepler-887","Kepler-887 b",2,20.42228798000,25.490000,0.000000
"Kepler-205","Kepler-205 c",2,20.30654600000,26.000000,0.000000
"Kepler-139","Kepler-139 d",5,7.30569992200,14.600000,0.000000
"HIP 113103","HIP 113103 b",2,7.61030300000,21.390000,0.170000
"Kepler-319","Kepler-319 d",3,31.78192500000,29.600000,0.000000
"K2-343","K2-343 b",2,2.78717400000,13.470000,
"Kepler-404","Kepler-404 b",2,11.82985100000,26.470000,0.000000
"Kepler-529","Kepler-529 b",3,1.98035766300,4.090000,0.000000
"Kepler-334","Kepler-334 d",3,25.09849000000,69.650000,0.000000
"Kepler-177","Kepler-177 c",2,49.40926000000,42.080000,0.000000
"TOI-2202","TOI-2202 b",2,11.91260750000,25.980000,0.022000
"Kepler-65","Kepler-65 b",4,2.15491000000,10.526000,0.028000
"K2-266","K2-266 c",4,7.81400000000,20.800000,0.042000
"Kepler-1065","Kepler-1065 c",2,2.37030743000,9.230000,0.000000
"Kepler-79","Kepler-79 d",4,52.09020000000,47.420000,0.025000
"Kepler-402","Kepler-402 e",4,11.24286100000,19.700000,0.000000
"Kepler-391","Kepler-391 c",2,20.50100000000,12.230000,0.270000
"Kepler-390","Kepler-390 b",2,6.73808800000,21.280000,0.000000
"Kepler-534","Kepler-534 b",2,15.95994513000,28.440000,0.000000
"TOI-880","TOI-880 c",2,6.38727030000,16.480000,
"TOI-1269","TOI-1269 c",2,9.23786144195,23.005496,
"Kepler-46","Kepler-46 b",3,33.60134000000,45.100000,0.010000
"K2-138","K2-138 c",6,3.56004000000,11.100000,0.045000
"Kepler-379","Kepler-379 c",2,62.78469700000,97.700000,0.000000
"GJ 143","GJ 143 b",2,35.61253000000,60.100000,0.188000
"Kepler-296","Kepler-296 e",5,34.14211000000,76.200000,0.330000
"Kepler-227","Kepler-227 b",2,9.48801500000,24.810000,0.000000
"TOI-1839","TOI-1839 b",2,1.42378440907,5.489561,
"K2-37","K2-37 c",3,6.42966000000,15.100000,
"Kepler-9","Kepler-9 b",3,19.23891000000,31.300000,0.060900
"K2-155","K2-155 d",3,40.71800000000,63.300000,
"HD 23472","HD 23472 f",5,12.16218390000,28.000000,0.070000
"Kepler-347","Kepler-347 c",3,27.32087100000,12.220000,0.000000
"Kepler-103","Kepler-103 b",2,15.96532870000,19.520000,0.171000
"TOI-1450 A","TOI-1450 A b",2,2.04392740000,11.230000,
"Kepler-188","Kepler-188 b",2,2.06189700000,8.450000,0.000000
"Kepler-610","Kepler-610 c",2,151.86392000000,138.600000,0.000000
"Kepler-903","Kepler-903 b",2,10.35077210000,7.200000,0.000000
"K2-331","K2-331 b",2,9.39897700000,16.760000,
"Kepler-192","Kepler-192 c",3,21.22340000000,25.300000,0.000000
"Kepler-270","Kepler-270 b",2,11.47609400000,11.800000,0.000000
"Kepler-393","Kepler-393 c",2,14.61361200000,10.450000,0.000000
"Kepler-255","Kepler-255 c",3,9.94604700000,23.070000,0.000000
"Kepler-283","Kepler-283 c",2,92.74371100000,132.450000,0.000000
"Kepler-207","Kepler-207 c",3,3.07157100000,4.550000,0.000000
"K2-243","K2-243 b",2,11.54182000000,21.200000,
"Kepler-1996","Kepler-1996 b",2,32.37618300000,28.200000,0.000000
"K2-138","K2-138 e",6,8.26146000000,19.500000,0.077000
"Kepler-111","Kepler-111 c",2,224.77833000000,141.000000,0.176000
"Kepler-128","Kepler-128 b",2,15.00000000000,27.592000,0.000000
"K2-407","K2-407 b",2,4.94190700000,12.770000,
"K2-219","K2-219 d",3,11.13727800000,15.766969,
"Kepler-325","Kepler-325 c",3,12.76217200000,38.500000,0.000000
"Kepler-287","Kepler-287 b",2,20.34219900000,38.000000,0.000000
"Kepler-292","Kepler-292 c",5,3.71533500000,5.800000,0.000000
"Kepler-20","Kepler-20 b",6,3.69610490000,10.340000,0.083000
"K2-3","K2-3 d",3,44.55603000000,79.400000,0.091000
"Kepler-135","Kepler-135 b",2,6.00253000000,11.834000,0.000000
"HD 23472","HD 23472 b",5,17.66708700000,37.100000,0.072000
"Kepler-105","Kepler-105 b",2,5.41220340000,9.650000,0.020000
"Kepler-1336","Kepler-1336 b",2,23.19868100000,18.476000,0.000000
"K2-254","K2-254 b",2,4.09639000000,15.800000,
"Kepler-20","Kepler-20 f",6,19.57832800000,44.567700,0.094000
"Kepler-1365","Kepler-1365 c",2,4.77468005000,9.667000,0.000000
"Kepler-68","Kepler-68 b",4,5.39875259000,12.223200,0.090000
"Kepler-264","Kepler-264 b",2,40.80623100000,24.123000,0.000000
"Kepler-730","Kepler-730 b",2,6.49168280800,10.600000,0.000000
"Kepler-52","Kepler-52 b",3,7.87735650000,29.800000,0.000000
"Kepler-633","Kepler-633 c",2,23.78319931000,23.226000,0.000000
"Kepler-165","Kepler-165 c",2,15.31299000000,39.380000,0.000000
"Kepler-896","Kepler-896 c",2,29.54225660000,6.444000,0.000000
"Kepler-240","Kepler-240 b",2,4.14449500000,13.767000,0.000000
"Kepler-124","Kepler-124 d",3,30.95085100000,15.570000,0.000000
"Kepler-206","Kepler-206 b",3,7.78198700000,12.000000,0.000000
"K2-72","K2-72 d",4,7.76017800000,29.910000,0.110000
"Kepler-11","Kepler-11 f",6,46.68880000000,50.790000,0.013000
"TOI-406","TOI-406 c",2,3.30744100000,17.600000,0.032000
"Kepler-760","Kepler-760 c",2,2.46697439000,11.970000,0.000000
"Kepler-1266","Kepler-1266 b",2,28.47474800000,37.800000,0.000000
"K2-32","K2-32 c",4,20.66093000000,34.580000,0.049000
"K2-32","K2-32 e",4,4.34934000000,12.240000,0.043000
"Kepler-352","Kepler-352 b",3,10.05537000000,26.280000,0.000000
