day,body,theta_deg,r_AU,v_km_s,ϟ_host,R_host_km
0,Mercury,0.0,0.3075106512,53.51638284207386,0.0014516029255479841,695700.0
0,Venus,0.0,0.7184133424000001,35.01302538524152,0.0014516029255479841,695700.0
0,Earth,0.0,0.9833000000000001,29.92773252812843,0.0014516029255479841,695700.0
0,Mars,0.0,1.3813673814,25.250049570018973,0.0014516029255479841,695700.0
0,Jupiter,0.0,4.94990484,13.338850603956779,0.0014516029255479841,695700.0
0,Saturn,0.0,9.0411831,9.869705660428732,0.0014516029255479841,695700.0
0,Uranus,0.0,18.323514299999996,6.9328602774929005,0.0014516029255479841,695700.0
0,Neptune,0.0,29.7074689,5.4448260279006595,0.0014516029255479841,695700.0
1,Mercury,6.341926278401552,0.3078319115871965,53.488450094948384,0.0014516029255479841,695700.0
1,Venus,1.6241326975069257,0.7184152917056975,35.012977884069876,0.0014516029255479841,695700.0
1,Earth,1.019245673705134,0.9833025555351304,29.92769363805278,0.0014516029255479841,695700.0
1,Mars,0.6347993859317775,1.3813746236343374,25.24998337978623,0.0014516029255479841,695700.0
1,Jupiter,0.09166088092205167,4.9499051353006145,13.33885020607331,0.0014516029255479841,695700.0
1,Saturn,0.037265686552881525,9.041183202269748,9.869705604607923,0.0014516029255479841,695700.0
1,Uranus,0.012849986537825922,18.323514320139466,6.932860273682929,0.0014516029255479841,695700.0
1,Neptune,0.006121442903380367,29.707468901894508,5.4448260277270455,0.0014516029255479841,695700.0
2,Mercury,12.65752795476616,0.3087904428388718,53.405367535605656,0.0014516029255479841,695700.0
2,Venus,3.2482477702381054,0.7184211380354494,35.01283542039508,0.0014516029255479841,695700.0
2,Earth,2.0384807522702166,0.983310221305274,29.92757698144609,0.0014516029255479841,695700.0
2,Mars,1.2695854599423884,1.3813963492965082,25.249784821723612,0.0014516029255479841,695700.0
2,Jupiter,0.18332173997090292,4.94990602120163,13.338849012424237,0.0014516029255479841,695700.0
2,Saturn,0.07453137141969035,9.041183509078952,9.869705437145525,0.0014516029255479841,695700.0
2,Uranus,0.025699973019213725,18.32351438055786,6.932860262253017,0.0014516029255479841,695700.0
2,Neptune,0.012242885805199227,29.707468907578033,5.444826027206203,0.0014516029255479841,695700.0
3,Mercury,18.921390253681682,0.31037074922113383,53.269232690372654,0.0014516029255479841,695700.0
3,Venus,4.872327608629673,0.7184308766286819,35.01259811369746,0.0014516029255479841,695700.0
3,Earth,3.057694644513665,0.983322994805038,29.92738259916224,0.0014516029255479841,695700.0
3,Mars,1.9043449132799564,1.3814325552643227,25.249453933732305,0.0014516029255479841,695700.0
3,Jupiter,0.2749825552736066,4.949907497700568,13.338847023013537,0.0014516029255479841,695700.0
3,Saturn,0.11179705291418374,9.04118402042746,9.869705158041636,0.0014516029255479841,695700.0
3,Uranus,0.03854995938755785,18.323514481255184,6.932860243203166,0.0014516029255479841,695700.0
3,Neptune,0.018364328703895063,29.70746891705057,5.444826026338133,0.0014516029255479841,695700.0
4,Mercury,25.109840023450666,0.3125478239827252,53.083383116520196,0.0014516029255479841,695700.0
4,Venus,6.496354633524592,0.7184444995559242,35.01226616297751,0.0014516029255479841,695700.0
4,Earth,4.076876767168047,0.9833408718599342,29.927110559268147,0.0014516029255479841,695700.0
4,Mars,2.5390644435287992,1.3814832363352363,25.24899077896199,0.0014516029255479841,695700.0
4,Jupiter,0.3666433049571603,4.949909564793299,13.338844237847846,0.0014516029255479841,695700.0
4,Saturn,0.14906272935029233,9.041184736315039,9.869704767296415,0.0014516029255479841,695700.0
4,Uranus,0.05139994558642017,18.323514622231432,6.932860216533374,0.0014516029255479841,695700.0
4,Neptune,0.02448577159785432,29.70746893031213,5.444826025122834,0.0014516029255479841,695700.0
5,Mercury,31.201633828352406,0.315288288480833,52.85218103233412,0.0014516029255479841,695700.0
5,Venus,8.12031131133481,0.7184619957260324,35.011839846555915,0.0014516029255479841,695700.0
5,Earth,5.096016548831622,0.9833638466281264,29.926760957009453,0.0014516029255479841,695700.0
5,Mars,3.173730757773701,1.381548385228006,25.248395445782467,0.0014516029255479841,695700.0
5,Jupiter,0.4583039671490401,4.949912222474039,13.33884065693645,0.0014516029255479841,695700.0
5,Saturn,0.1863283990419503,9.04118565674135,9.869704264910084,0.0014516029255479841,695700.0
5,Uranus,0.06424993155936261,18.32351480348659,6.932860182243647,0.0014516029255479841,695700.0
5,Neptune,0.030607214485619597,29.707468947362702,5.444826023560308,0.0014516029255479841,695700.0
6,Mercury,37.17845829639081,0.3185518235521325,52.58075110414608,0.0014516029255479841,695700.0
6,Venus,9.744180169153005,0.7184833508962902,35.01131952179412,0.0014516029255479841,695700.0
6,Earth,6.115103433912944,0.9833919116028762,29.92633391476251,0.0014516029255479841,695700.0
6,Mars,3.8083305757578865,1.3816279925850103,25.247668047743932,0.0014516029255479841,695700.0
6,Jupiter,0.5499645199768365,4.949915470735349,13.338836280291295,0.0014516029255479841,695700.0
6,Saturn,0.22359406030292503,9.041186781705964,9.869703650882931,0.0014516029255479841,695700.0
6,Uranus,0.07709991724977965,18.32351502502065,6.932860140333983,0.0014516029255479841,695700.0
6,Neptune,0.03672865736557733,29.70746896820228,5.444826021650555,0.0014516029255479841,695700.0
7,Mercury,43.025224542023416,0.32229276416165886,52.27470080158749,0.0014516029255479841,695700.0
7,Venus,11.367943809798197,0.7185085476853708,35.0107056247358,0.0014516029255479841,695700.0
7,Earth,7.134126886565793,0.9834250576156844,29.925829581972767,0.0014516029255479841,695700.0
7,Mars,4.442850633034893,1.3817220469752265,25.246808723525977,0.0014516029255479841,695700.0
7,Jupiter,0.6416249415687878,4.949919309568145,13.338831107926968,0.0014516029255479841,695700.0
7,Saturn,0.26085971144721787,9.041188111208355,9.869702925215302,0.0014516029255479841,695700.0
7,Uranus,0.0899499026012332,18.323515286833608,6.932860090804388,0.0014516029255479841,695700.0
7,Neptune,0.042850100236166,29.707468992830886,5.444826019393573,0.0014516029255479841,695700.0
8,Mercury,48.73016318671338,0.32646173050398053,51.93985037264725,0.0014516029255479841,695700.0
8,Venus,12.99158492677861,0.7185375655891493,35.00999866966972,0.0014516029255479841,695700.0
8,Earth,8.153076394613098,0.9834632738401261,29.92524813507953,0.0014516029255479841,695700.0
8,Mars,5.0772776841106895,1.381830534897866,25.24581763687532,0.0014516029255479841,695700.0
8,Jupiter,0.7332852100534156,4.949923738961684,13.338825139860726,0.0014516029255479841,695700.0
8,Saturn,0.29812535078860875,9.041189645247897,9.869702087907612,0.0014516029255479841,695700.0
8,Uranus,0.10279988755728528,18.32351558892544,6.932860033654864,0.0014516029255479841,695700.0
8,Neptune,0.048971543095824105,29.7074690212485,5.444826016789363,0.0014516029255479841,695700.0
9,Mercury,54.284745866061286,0.3310071862864443,51.58199346518199,0.0014516029255479841,695700.0
9,Venus,14.61508631915531,0.7185703809993408,35.00919924861485,0.0014516029255479841,695700.0
9,Earth,9.17194147345679,0.9835065477963751,29.92458977742728,0.0014516029255479841,695700.0
9,Mars,5.711598505575806,1.3819534407866658,25.2446949765324,0.0014516029255479841,695700.0
9,Jupiter,0.8249453035600597,4.949928758903573,13.338818376112465,0.0014516029255479841,695700.0
9,Saturn,0.33539097664105677,9.041191383823875,9.869701138960341,0.0014516029255479841,695700.0
9,Uranus,0.11564987206133037,18.323515931296132,6.9328599688854124,0.0014516029255479841,695700.0
9,Neptune,0.055092985942990134,29.70746905345513,5.444826013837925,0.0014516029255479841,695700.0
10,Mercury,59.683470995904806,0.3358768419882487,51.20670165536902,0.0014516029255479841,695700.0
10,Venus,16.238430906291317,0.7186069672249431,35.008308030728266,0.0014516029255479841,695700.0
10,Earth,10.190711669971908,0.9835548653564182,29.923854739163474,0.0014516029255479841,695700.0
10,Mars,6.3457998992251765,1.3820907470148291,25.24344095614684,0.0014516029255479841,695700.0
10,Jupiter,0.9166052002185122,4.9499343693797675,13.338810816704747,0.0014516029255479841,695700.0
10,Saturn,0.3726565873185299,9.041193326935472,9.869700078374029,0.0014516029255479841,695700.0
10,Uranus,0.12849985605693054,18.32351631394567,6.9328598964960415,0.0014516029255479841,695700.0
10,Neptune,0.0612144287761026,29.70746908945078,5.444826010539258,0.0014516029255479841,695700.0
11,Mercury,64.92355588591273,0.3410188511970069,50.81917844541717,0.0014516029255479841,695700.0
11,Venus,17.861601742469354,0.7186472945164573,35.007325761637055,0.0014516029255479841,695700.0
11,Earth,11.209376566381927,0.9836082107499505,29.923043277123103,0.0014516029255479841,695700.0
11,Mars,6.979868695163276,1.3822424339006185,25.24205581418182,0.0014516029255479841,695700.0
11,Jupiter,1.0082648781595513,4.9499405703745705,13.338802461662775,0.0014516029255479841,695700.0
11,Saturn,0.4099221811348353,9.04119547458178,9.86969890614928,0.0014516029255479841,695700.0
11,Uranus,0.14134983948764787,18.32351673687403,6.9328598164867525,0.0014516029255479841,695700.0
11,Neptune,0.06733587159354792,29.707469129235438,5.444826006893366,0.0014516029255479841,695700.0
12,Mercury,70.00457544182265,0.3463827765354878,50.424161934048996,0.0014516029255479841,695700.0
12,Venus,19.484582031363395,0.7186913300928534,35.00625326269497,0.0014516029255479841,695700.0
12,Earth,12.227925784114024,0.9836665665709525,29.922155674699972,0.0014516029255479841,695700.0
12,Mars,7.613791754894476,1.3824084797135887,25.240539813807562,0.0014516029255479841,695700.0
12,Jupiter,1.0999243155145784,4.949947361870632,13.338793311014411,0.0014516029255479841,695700.0
12,Saturn,0.4471877564039626,9.041197826761794,9.869697622286763,0.0014516029255479841,695700.0
12,Uranus,0.1541998222968771,18.323517200081188,6.932859728857552,0.0014516029255479841,695700.0
12,Neptune,0.07345731439386867,29.707469172809105,5.444826002900244,0.0014516029255479841,695700.0
13,Mercury,74.92808178982607,0.3519203249227146,50.025870947233884,0.0014516029255479841,695700.0
13,Venus,21.107355140348428,0.7187390381712522,35.00509143016517,0.0014516029255479841,695700.0
13,Earth,13.246348987631679,0.983729913784941,29.92119224170487,0.0014516029255479841,695700.0
13,Mars,8.247555974395,1.3825888606814647,25.238893242783924,0.0014516029255479841,695700.0
13,Jupiter,1.1915834904161504,4.9499547438489495,13.33878336479017,0.0014516029255479841,695700.0
13,Saturn,0.4844533114399136,9.041200383474411,9.869696226787207,0.0014516029255479841,695700.0
13,Uranus,0.16704980442818018,18.323517703567113,6.932859633608447,0.0014516029255479841,695700.0
13,Neptune,0.07957875717545135,29.707469220171788,5.444825998559895,0.0014516029255479841,695700.0
14,Mercury,79.69723130021457,0.3575858685752068,49.627986976838585,0.0014516029255479841,695700.0
14,Venus,22.729904614633025,0.7187903799992807,35.00384123433021,0.0014516029255479841,695700.0
14,Earth,14.264635888241896,0.9837982317368894,29.92015331421081,0.0014516029255479841,695700.0
14,Mars,8.881148287166386,1.38278355099765,25.237116413332238,0.0014516029255479841,695700.0
14,Jupiter,1.283242380997672,4.949962716288872,13.33877262302322,0.0014516029255479841,695700.0
14,Saturn,0.5217188445565332,9.041203144718434,9.869694719651411,0.0014516029255479841,695700.0
14,Uranus,0.1798997858251195,18.32351824733179,6.932859530739441,0.0014516029255479841,695700.0
14,Neptune,0.08570019993673439,29.70746927132349,5.444825993872318,0.0014516029255479841,695700.0
15,Mercury,84.3164373710532,0.36333677833633343,49.233663481681454,0.0014516029255479841,695700.0
15,Venus,24.352214191200954,0.7188453138900662,35.00250371853059,0.0014516029255479841,695700.0
15,Earth,15.282776247875923,0.9838714981598125,29.91903925438537,0.0014516029255479841,695700.0
15,Mars,9.514555667268207,1.3829925228293707,25.235209661996507,0.0014516029255479841,695700.0
15,Jupiter,1.3749009653936486,4.949971279168094,13.338761085749375,0.0014516029255479841,695700.0
15,Saturn,0.5589843540678515,9.04120611049257,9.869693100880232,0.0014516029255479841,695700.0
15,Uranus,0.1927497664310898,18.323518831375182,6.932859420250543,0.0014516029255479841,695700.0
15,Neptune,0.09182164267615632,29.707469326264196,5.444825988837514,0.0014516029255479841,695700.0
16,Mercury,88.79106006184018,0.3691336006237914,48.845554477136815,0.0014516029255479841,695700.0
16,Venus,25.974267812546138,0.7189037952598218,35.001079998133484,0.0014516029255479841,695700.0
16,Earth,16.30075988284075,0.9839496891840093,29.91785045031041,0.0014516029255479841,695700.0
16,Mars,10.147765132327734,1.3832157463264378,25.2331733494941,0.0014516029255479841,695700.0
16,Jupiter,1.466559221739939,4.949980432462658,13.33874875300711,0.0014516029255479841,695700.0
16,Saturn,0.5962498382879149,9.041209280795432,9.869691370474595,0.0014516029255479841,695700.0
16,Uranus,0.20559974618970922,18.323519455697255,6.932859302141759,0.0014516029255479841,695700.0
16,Neptune,0.09794308539215561,29.707469384993917,5.444825983455481,0.0014516029255479841,695700.0
17,Mercury,93.12713779837368,0.37494010989029064,48.465855397728184,0.0014516029255479841,695700.0
17,Venus,27.59604964018789,0.7189657766679797,34.99957125943297,0.0014516029255479841,695700.0
17,Earth,17.318576667539023,0.9840327793469568,29.916587315789254,0.0014516029255479841,695700.0
17,Mars,10.780763746526558,1.383453189630633,25.23100786055605,0.0014516029255479841,695700.0
17,Jupiter,1.5582171281734478,4.949990176146955,13.338735624837549,0.0014516029255479841,695700.0
17,Saturn,0.6335152955306151,9.041212655625532,9.869689528435485,0.0014516029255479841,695700.0
17,Uranus,0.2184497250443727,18.32352012029798,6.932859176413095,0.0014516029255479841,695700.0
17,Neptune,0.10406452808317077,29.707469447512644,5.4448259777262225,0.0014516029255479841,695700.0
18,Mercury,97.33116204377001,0.3807232663904457,48.09635057340084,0.0014516029255479841,695700.0
18,Venus,29.21754406795238,0.7190312078598229,34.99797875848358,0.0014516029255479841,695700.0
18,Earth,18.336216538156055,0.984120741603849,29.915250290141497,0.0014516029255479841,695700.0
18,Mars,11.413538623560601,1.3837048188857037,25.228713603757146,0.0014516029255479841,695700.0
18,Jupiter,1.649874662832659,4.950000510193728,13.33872170128446,0.0014516029255479841,695700.0
18,Saturn,0.6707807241100342,9.041216234981292,9.869687574763955,0.0014516029255479841,695700.0
18,Uranus,0.23129970293864277,18.32352082517732,6.932859043064564,0.0014516029255479841,695700.0
18,Neptune,0.11018597074764029,29.707469513820385,5.444825971649735,0.0014516029255479841,695700.0
19,Mercury,101.40989292576285,0.386453105420096,47.73846304350298,0.0014516029255479841,695700.0
19,Venus,30.83873573500693,0.719100035811562,34.99630381986888,0.0014516029255479841,695700.0
19,Earth,19.35366949631155,0.9842135473387723,29.913839837985737,0.0014516029255479841,695700.0
19,Mars,12.046076929574006,1.3839705982479638,25.226291011335842,0.0014516029255479841,695700.0
19,Jupiter,1.7415318038572696,4.950011434574064,13.338706982394273,0.0014516029255479841,695700.0
19,Saturn,0.7080461223402721,9.041220018861036,9.86968550946111,0.0014516029255479841,695700.0
19,Uranus,0.24414967981608182,18.32352157033523,6.932858902096169,0.0014516029255479841,695700.0
19,Neptune,0.11630741338395063,29.70746958391713,5.444825965226021,0.0014516029255479841,695700.0
20,Mercury,105.37021207697842,0.39210257993524766,47.39330368192451,0.0014516029255479841,695700.0
20,Venus,32.45960953863489,0.7191722047778034,34.99454783540678,0.0014516029255479841,695700.0
20,Earth,20.370925612673673,0.9843111663765097,29.91235644901024,0.0014516029255479841,695700.0
20,Mars,12.678365886063416,1.3842504898974917,25.223740539004364,0.0014516029255479841,695700.0
20,Jupiter,1.8331885293887267,4.9500229492574,13.338691468216066,0.0014516029255479841,695700.0
20,Saturn,0.745311488535279,9.041224007262992,9.869683332528137,0.0014516029255479841,695700.0
20,Uranus,0.2569996556200851,18.323522355771676,6.932858753507923,0.0014516029255479841,695700.0
20,Neptune,0.12242885599064435,29.70746965780289,5.4448259584550796,0.0014516029255479841,695700.0
21,Mercury,109.21900809700978,0.39764737417160545,47.06171764669309,0.0014516029255479841,695700.0
21,Venus,34.08015064673788,0.7192476563413523,34.99271226279363,0.0014516029255479841,695700.0
21,Earth,21.387975030534246,0.9844135669949673,29.91080063773199,0.0014516029255479841,695700.0
21,Mars,13.310392772752678,1.3845444540499188,25.221062665748956,0.0014516029255479841,695700.0
21,Jupiter,1.92484481756986,4.950035054211526,13.338675158801559,0.0014516029255479841,695700.0
21,Saturn,0.7825768210092542,9.041228200185289,9.869681043966274,0.0014516029255479841,695700.0
21,Uranus,0.26984963029421516,18.323523181486614,6.932858597299833,0.0014516029255479841,695700.0
21,Neptune,0.12855029856610795,29.707469735477652,5.4448259513369095,0.0014516029255479841,695700.0
22,Mercury,112.9630898165929,0.40306570193609487,46.744326979612104,0.0014516029255479841,695700.0
22,Venus,35.70034451005403,0.7193263294652896,34.990798624189004,0.0014516029255479841,695700.0
22,Earth,22.4048079693429,0.984520715938212,29.909172943244055,0.0014516029255479841,695700.0
22,Mars,13.94214493043596,1.384852448968799,25.218257893620564,0.0014516029255479841,695700.0
22,Jupiter,2.0165006465454183,4.950047749402574,13.338658054205137,0.0014516029255479841,695700.0
22,Saturn,0.8198421180761923,9.04123259762597,9.869678643776824,0.0014516029255479841,695700.0
22,Uranus,0.282699603782035,18.323524047479992,6.932858433471911,0.0014516029255479841,695700.0
22,Neptune,0.13467174110877983,29.707469816941416,5.444825943871515,0.0014516029255479841,695700.0
23,Mercury,116.60912271438092,0.4083380998120394,46.441568782010826,0.0014516029255479841,695700.0
23,Venus,37.32017687408068,0.7194081605472614,34.98880850474316,0.0014516029255479841,695700.0
23,Earth,23.421414728197814,0.984632578430113,29.907473928951763,0.0014516029255479841,695700.0
23,Mars,14.573609763787154,1.3851744309785532,25.21532674751612,0.0014516029255479841,695700.0
23,Jupiter,2.1081559944617005,4.9500610347950325,13.338640154483823,0.0014516029255479841,695700.0
23,Saturn,0.8571073780502815,9.041237199582973,9.869676131961155,0.0014516029255479841,695700.0
23,Uranus,0.29554957602693976,18.323524953751775,6.932858262024168,0.0014516029255479841,695700.0
23,Neptune,0.14079318361709853,29.70746990219419,5.4448259360588915,0.0014516029255479841,695700.0
24,Mercury,120.1635842374697,0.41344722266989703,46.153728813322296,0.0014516029255479841,695700.0
24,Venus,38.93963379069016,0.7194930834759165,34.986743551069424,0.0014516029255479841,695700.0
24,Earth,24.437785689292063,0.9847491181885768,29.90570418229775,0.0014516029255479841,695700.0
24,Mars,15.204774744135712,1.3855103544779772,25.212269774950617,0.0014516029255479841,695700.0
24,Jupiter,2.199810839467094,4.950074910351735,13.338621459697293,0.0014516029255479841,695700.0
24,Saturn,0.8943725992457362,9.041242006054139,9.8696735085207,0.0014516029255479841,695700.0
24,Uranus,0.30839954697249267,18.323525900301906,6.932858082956612,0.0014516029255479841,695700.0
24,Neptune,0.14691462608950256,29.70746999123597,5.444825927899042,0.0014516029255479841,695700.0
25,Mercury,123.6327342882412,0.41837764658994786,45.88097063671444,0.0014516029255479841,695700.0
25,Venus,40.558701629429,0.7195810296894263,34.98460546966347,0.0014516029255479841,695700.0
25,Earth,25.453911321313285,0.9848702974403672,29.903864314476156,0.0014516029255479841,695700.0
25,Mars,15.835627412205726,1.3858601719543047,25.20908754582012,0.0014516029255479841,695700.0
25,Jupiter,2.2914651597117075,4.950089376033866,13.338601969907879,0.0014516029255479841,695700.0
25,Saturn,0.9316377799766253,9.041247017037222,9.869670773456956,0.0014516029255479841,695700.0
25,Uranus,0.3212495165622564,18.323526887130335,6.9328578962692555,0.0014516029255479841,695700.0
25,Neptune,0.15303606852443047,29.70747008406675,5.444825919391966,0.0014516029255479841,695700.0
26,Mercury,127.02259768260139,0.4231156825251988,45.62336060530645,0.0014516029255479841,695700.0
26,Venus,42.17736708848961,0.7196719282360179,34.982396025271996,0.0014516029255479841,695700.0
26,Earth,26.469782182795264,0.9849960769364986,29.901954960136287,0.0014516029255479841,695700.0
26,Mars,16.466155380818766,1.3862238339978186,25.205780652156022,0.0014516029255479841,695700.0
26,Jupiter,2.3831189333479053,4.950104431800959,13.338581685180548,0.0014516029255479841,695700.0
26,Saturn,0.9689029185572157,9.041252232529875,9.86966792677148,0.0014516029255479841,695700.0
26,Uranus,0.3340994847396271,18.323527914237005,6.9328577019621145,0.0014516029255479841,695700.0
26,Neptune,0.15915751092026859,29.70747018068653,5.444825910537663,0.0014516029255479841,695700.0
27,Mercury,130.3389559091563,0.42764920268752754,45.38088907363752,0.0014516029255479841,695700.0
27,Venus,43.795617205345714,0.7197657058364498,34.98011703921277,0.0014516029255479841,695700.0
27,Earth,27.485388925419073,0.9851264159681916,29.899976777075945,0.0014516029255479841,695700.0
27,Mars,17.096346337557367,1.3866012893169948,25.202349707870667,0.0014516029255479841,695700.0
27,Jupiter,2.4747721385299988,4.950120077610899,13.338560605582927,0.0014516029255479841,695700.0
27,Saturn,1.0061680133018027,9.041257652529655,9.869664968465896,0.0014516029255479841,695700.0
27,Uranus,0.3469494514481675,18.323528981621862,6.932857500035198,0.0014516029255479841,695700.0
27,Neptune,0.1652789532755596,29.70747028109532,5.444825901336133,0.0014516029255479841,695700.0
28,Mercury,133.58734599799075,0.431967480650226,45.15348825617553,0.0014516029255479841,695700.0
28,Venus,45.413439367042514,0.7198622869483612,34.977770387648576,0.0014516029255479841,695700.0
28,Earth,28.500722297263227,0.9852612723833851,29.897930445924644,0.0014516029255479841,695700.0
28,Mars,17.726188047389456,1.386992484754177,25.198795348494542,0.0014516029255479841,695700.0
28,Jupiter,2.5664247534144993,4.95013631341992,13.338538731185286,0.0014516029255479841,695700.0
28,Saturn,1.0434330625245398,9.041263277034023,9.869661898541889,0.0014516029255479841,695700.0
28,Uranus,0.3597994166314414,18.32353008928485,6.932857290488518,0.0014516029255479841,695700.0
28,Neptune,0.17140039558868994,29.707470385293103,5.444825891787377,0.0014516029255479841,695700.0
29,Mercury,136.77306472895978,0.43606104545332286,44.941047156245254,0.0014516029255479841,695700.0
29,Venus,47.03082132013263,0.7199615938324159,34.97535799981732,0.0014516029255479841,695700.0
29,Earth,29.515773146000647,0.9854006026037848,29.895816669817158,0.0014516029255479841,695700.0
29,Mars,18.35566835525176,1.387397365301763,25.19511823090538,0.0014516029255479841,695700.0
29,Jupiter,2.6580767561603698,4.950153139182607,13.338516062060545,0.0014516029255479841,695700.0
29,Saturn,1.0806980645397837,9.041269106040348,9.86965871700121,0.0014516029255479841,695700.0
29,Uranus,0.37264938023284455,18.323531237225904,6.932857073322092,0.0014516029255479841,695700.0
29,Neptune,0.17752183785809805,29.70747049327989,5.444825881891393,0.0014516029255479841,695700.0
30,Mercury,139.90117676963763,0.439921549511175,44.743423968394175,0.0014516029255479841,695700.0
30,Venus,48.6477511802513,0.7200635466201737,34.972881856220695,0.0014516029255479841,695700.0
30,Earth,30.530532422040544,0.9855443616424461,29.89363617405744,0.0014516029255479841,695700.0
30,Mars,18.984775188590614,1.387815874118898,25.19131903304928,0.0014516029255479841,695700.0
30,Jupiter,2.7497281249287195,4.950170554851896,13.33849259828427,0.0014516029255479841,695700.0
30,Saturn,1.1179630176619202,9.041275139545899,9.869655423845673,0.0014516029255479841,695700.0
30,Uranus,0.3854993421959407,18.323532425444963,6.93285684853593,0.0014516029255479841,695700.0
30,Neptune,0.18364328008222255,29.70747060505567,5.4448258716481845,0.0014516029255479841,695700.0
31,Mercury,142.97652563474148,0.44354164980201566,44.560456324505736,0.0014516029255479841,695700.0
31,Venus,50.26421744132207,0.7201680633836053,34.97034398677389,0.0014516029255479841,695700.0
31,Earth,31.544991181614797,0.985692503121874,29.89138970577342,0.0014516029255479841,695700.0
31,Mars,19.613496559860426,1.3882479525486608,25.187398453654122,0.0014516029255479841,695700.0
31,Jupiter,2.841378837883334,4.950188560379074,13.33846833993467,0.0014516029255479841,695700.0
31,Saturn,1.1552279202051992,9.04128137754785,9.869652019077153,0.0014516029255479841,695700.0
31,Uranus,0.39834930246429356,18.32353365394196,6.932856616130048,0.0014516029255479841,695700.0
31,Neptune,0.18976472225950178,29.707470720620442,5.444825861057749,0.0014516029255479841,695700.0
32,Mercury,146.00374660735505,0.4469149016236976,44.391969715461734,0.0014516029255479841,695700.0
32,Venus,51.88020898438726,0.7202750602061787,34.96774646891866,0.0014516029255479841,695700.0
32,Earth,32.55914058980649,0.9858449792926283,29.889078033562843,0.0014516029255479841,695700.0
32,Mars,20.241820568976806,1.388693540135735,25.183357211935537,0.0014516029255479841,695700.0
32,Jupiter,2.933028873190312,4.950207155713779,13.3384432870926,0.0014516029255479841,695700.0
32,Saturn,1.192492770484131,9.041287820043282,9.869648502697594,0.0014516029255479841,695700.0
32,Uranus,0.4111992609812994,18.323534922716835,6.932856376104462,0.0014516029255479841,695700.0
32,Neptune,0.1958861643883744,29.707470839974214,5.444825850120088,0.0014516029255479841,695700.0
33,Mercury,148.98728096429662,0.45003566409509155,44.23778438012533,0.0014516029255479841,695700.0
33,Venus,53.49571508605687,0.7203844512554372,34.96509142570232,0.0014516029255479841,695700.0
33,Earth,33.57297192351998,0.9860017410524252,29.886701947130476,0.0014516029255479841,695700.0
33,Mars,20.869735405725347,1.3891525746445483,25.179196047295644,0.0014516029255479841,695700.0
33,Jupiter,3.024678209018598,4.950226340803997,13.33841743984157,0.0014516029255479841,695700.0
33,Saturn,1.229757566813034,9.041294467029175,9.869644874709,0.0014516029255479841,695700.0
33,Uranus,0.4240492176905222,18.323536231769513,6.9328561284591865,0.0014516029255479841,695700.0
33,Neptune,0.20200760646722668,29.707470963116975,5.444825838835202,0.0014516029255479841,695700.0
34,Mercury,151.9313910104054,0.4528990165425011,44.09772091451531,0.0014516029255479841,695700.0
34,Venus,55.11072542656989,0.7204961488569888,34.96238102382505,0.0014516029255479841,695700.0
34,Earth,34.58647657439035,0.9861627379657186,29.884262256917047,0.0014516029255479841,695700.0
34,Mars,21.497229352123117,1.3896249920778747,25.174915719014813,0.0014516029255479841,695700.0
34,Jupiter,3.1163268235396213,4.950246115596072,13.338390798267723,0.0014516029255479841,695700.0
34,Saturn,1.2670223075064333,9.04130131850242,9.869641135113435,0.0014516029255479841,695700.0
34,Uranus,0.4368991725355262,18.32353758109992,6.932855873194237,0.0014516029255479841,695700.0
34,Neptune,0.20812904849460143,29.70747109004873,5.444825827203089,0.0014516029255479841,695700.0
35,Mercury,154.84017555590486,0.4555006849153479,43.9716048177862,0.0014516029255479841,695700.0
35,Venus,56.725230097463935,0.720610063569829,34.95961747165812,0.0014516029255479841,695700.0
35,Earth,35.59964605163201,0.9863279182837513,29.8817597937201,0.0014516029255479841,695700.0
35,Mars,22.124290784733482,1.3901107266958797,25.170517005936723,0.0014516029255479841,695700.0
35,Jupiter,3.2079746949278207,4.950266480034695,13.338363362459853,0.0014516029255479841,695700.0
35,Saturn,1.304286990878892,9.041308374459808,9.869637283913033,0.0014516029255479841,695700.0
35,Uranus,0.44974912545970797,18.323538970707986,6.932855610309632,0.0014516029255479841,695700.0
35,Neptune,0.21425049046888492,29.707471220769477,5.44482581522375,0.0014516029255479841,695700.0
36,Mercury,157.71758557321928,0.4578369774106335,43.85927015876992,0.0014516029255479841,695700.0
36,Venus,58.33921960884761,0.7207261042629145,34.95680301723527,0.0014516029255479841,695700.0
36,Earth,36.612471984824715,0.9864972289650629,29.87919540830718,0.0014516029255479841,695700.0
36,Mars,22.750908176932587,1.3906097110356064,25.16600070614691,0.0014516029255479841,695700.0
36,Jupiter,3.299621801360293,4.950287434062912,13.338335132509394,0.0014516029255479841,695700.0
36,Saturn,1.3415516152448403,9.041315634898034,9.869633321109992,0.0014516029255479841,695700.0
36,Uranus,0.4625990764066321,18.323540400593636,6.932855339805387,0.0014516029255479841,695700.0
36,Neptune,0.22037193238851574,29.707471355279218,5.444825802897186,0.0014516029255479841,695700.0
37,Mercury,160.5674398497803,0.45990472854059783,43.760562517622105,0.0014516029255479841,695700.0
37,Venus,59.95268489627239,0.7208441781929089,34.95393994622,0.0014516029255479841,695700.0
37,Earth,37.62494612663569,0.9866706156964391,29.876569971021635,0.0014516029255479841,695700.0
37,Mars,23.377070101126208,1.391121875930881,25.161367636645178,0.0014516029255479841,695700.0
37,Jupiter,3.3912681210173123,4.950308977622119,13.33830610851043,0.0014516029255479841,695700.0
37,Saturn,1.3788161789189188,9.041323099813699,9.869629246706568,0.0014516029255479841,695700.0
37,Uranus,0.47544902531986294,18.323541870756788,6.932855061681519,0.0014516029255479841,695700.0
37,Neptune,0.22649337425193242,29.707471493577938,5.444825790223397,0.0014516029255479841,695700.0
38,Mercury,163.3934405157822,0.46170125094492404,43.67534133149281,0.0014516029255479841,695700.0
38,Venus,61.56561732720072,0.7209641910830167,34.951030579850986,0.0014516029255479841,695700.0
38,Earth,38.637060355477445,0.9868480229142917,29.873884371381397,0.0014516029255479841,695700.0
38,Mars,24.002765230917593,1.3916471505326282,25.156618633012,0.0014516029255479841,695700.0
38,Jupiter,3.4829136320819747,4.9503311106520655,13.338276290559678,0.0014516029255479841,695700.0
38,Saturn,1.416080680215809,9.04133076920331,9.869625060705083,0.0014516029255479841,695700.0
38,Uranus,0.488298972142798,18.323543381197368,6.932854775938045,0.0014516029255479841,695700.0
38,Neptune,0.23261481605757336,29.707471635665648,5.444825777202383,0.0014516029255479841,695700.0
39,Mercury,166.1991883741178,0.46322429432243334,43.60348175085819,0.0014516029255479841,695700.0
39,Venus,63.17800870706665,0.7210860472028264,34.94807727286827,0.0014516029255479841,695700.0
39,Earth,39.648806678099945,0.9870293938264544,29.8711395176709,0.0014516029255479841,695700.0
39,Mars,24.627982343223582,1.392185462329588,25.151754549069267,0.0014516029255479841,695700.0
39,Jupiter,3.5745583127407268,4.9503538330908565,13.338245678756502,0.0014516029255479841,695700.0
39,Saturn,1.4533451174500636,9.041338643063272,9.869620763107923,0.0014516029255479841,695700.0
39,Uranus,0.5011489168190019,18.323544931915283,6.93285448257499,0.0014516029255479841,695700.0
39,Neptune,0.2387362578038772,29.70747178154234,5.444825763834143,0.0014516029255479841,695700.0
40,Mercury,168.98819799678185,0.4644720109338433,43.544876093867906,0.0014516029255479841,695700.0
40,Venus,64.78985128492815,0.7212096494490797,34.94508241142251,0.0014516029255479841,695700.0
40,Earth,40.660177232115856,0.9872146704343802,29.868336336526717,0.0014516029255479841,695700.0
40,Mars,25.252710320340245,1.392736737169412,25.146776256535667,0.0014516029255479841,695700.0
40,Jupiter,3.6662021411830614,4.950377144874946,13.33821427320291,0.0014516029255479841,695700.0
40,Saturn,1.4906094889364496,9.041346721389898,9.869616353917541,0.0014516029255479841,695700.0
40,Uranus,0.5139988592920396,18.32354652291046,6.932854181592364,0.0014516029255479841,695700.0
40,Neptune,0.2448576994892823,29.70747193120801,5.44482575011868,0.0014516029255479841,695700.0
41,Mercury,171.76391258023162,0.46544292720449426,43.499434969392304,0.0014516029255479841,695700.0
41,Venus,66.40113775870782,0.7213348994272843,34.94204841096977,0.0014516029255479841,695700.0
41,Earth,41.67116428845879,0.9874037935557289,29.865475772516994,0.0014516029255479841,695700.0
41,Mars,25.876938151955603,1.3933008992801363,25.141684644676804,0.0014516029255479841,695700.0
41,Jupiter,3.7578450956017644,4.950401045939147,13.33818207400354,0.0014516029255479841,695700.0
41,Saturn,1.5278737929897765,9.04135500417941,9.869611833136448,0.0014516029255479841,695700.0
41,Uranus,0.5268487995053089,18.3235481541828,6.932853872990191,0.0014516029255479841,695700.0
41,Neptune,0.2509791411121752,29.707472084662665,5.444825736055991,0.0014516029255479841,695700.0
42,Mercury,174.52971857342226,0.4661359210325657,43.46708812499749,0.0014516029255479841,695700.0
42,Venus,68.01186128002173,0.7214616975340927,34.9389777141542,0.0014516029255479841,695700.0
42,Earth,42.68176025377328,0.9875967028473284,29.86255878771519,0.0014516029255479841,695700.0
42,Mars,26.500654937110088,1.3938778712920101,25.136480619950596,0.0014516029255479841,695700.0
42,Jupiter,3.8494871541931714,4.950425536216619,13.338149081265687,0.0014516029255479841,695700.0
42,Saturn,1.565138027924731,9.041363491427926,9.86960720076722,0.0014516029255479841,695700.0
42,Uranus,0.539698737402431,18.323549825732222,6.9328535567684915,0.0014516029255479841,695700.0
42,Neptune,0.25710058267109853,29.7074722419063,5.444825721646078,0.0014516029255479841,695700.0
43,Mercury,177.28896010796223,0.46655020448347456,43.447785063447206,0.0014516029255479841,695700.0
43,Venus,69.62201545859534,0.7215899430403602,34.93587278868105,0.0014516029255479841,695700.0
43,Earth,43.69195767273536,0.9877933368284953,29.85958636126834,0.0014516029255479841,695700.0
43,Mars,27.123849886103716,1.3944675742596713,25.131165105647938,0.0014516029255479841,695700.0
43,Jupiter,3.9411282951568603,4.950450615638883,13.338115295099268,0.0014516029255479841,695700.0
43,Saturn,1.6024021920562708,9.041372183131474,9.869602456812496,0.0014516029255479841,695700.0
43,Uranus,0.5525486729268039,18.323551537558636,6.932853232927283,0.0014516029255479841,695700.0
43,Neptune,0.26322202416443885,29.707472402938908,5.444825706888941,0.0014516029255479841,695700.0
44,Mercury,-179.95504672881043,0.46668531162462784,43.44149546015453,0.0014516029255479841,695700.0
44,Venus,71.23159436626614,0.7217195341748066,34.932736125182146,0.0014516029255479841,695700.0
44,Earth,44.70174923030401,0.9879936329047052,29.856559488960208,0.0014516029255479841,695700.0
44,Mars,27.746512322348778,1.395069927684651,25.125739041529116,0.0014516029255479841,695700.0
44,Jupiter,4.032768496696177,4.950476284135812,13.338080715616845,0.0014516029255479841,695700.0
44,Saturn,1.6396662836991764,9.041381079285982,9.869597601274984,0.0014516029255479841,695700.0
44,Uranus,0.5653986060219934,18.323553289661945,6.93285290146659,0.0014516029255479841,695700.0
44,Neptune,0.2693434655906344,29.707472567760494,5.44482569178458,0.0014516029255479841,695700.0
45,Mercury,-177.19899972920408,0.46654109132657096,43.448209403935344,0.0014516029255479841,695700.0
45,Venus,72.84059254057364,0.7218503682081986,34.92957023507635,0.0014516029255479841,695700.0
45,Earth,45.71112775390228,0.988197527391592,29.8534791827697,0.0014516029255479841,695700.0
45,Mars,28.368631684169063,1.3956848495382004,25.12020338345616,0.0014516029255479841,695700.0
45,Jupiter,4.12440773701788,4.950502541635631,13.338045342933626,0.0014516029255479841,695700.0
45,Saturn,1.6769303011684455,9.041390179887287,9.869592634157447,0.0014516029255479841,695700.0
45,Uranus,0.578248536631565,18.32355508204205,6.932852562386431,0.0014516029255479841,695700.0
45,Neptune,0.27546490694812376,29.707472736371056,5.444825676332994,0.0014516029255479841,695700.0
46,Mercury,-174.43959645548452,0.46611770492716187,43.4679374741154,0.0014516029255479841,695700.0
46,Venus,74.44900498793695,0.7219823415379722,34.92637764842705,0.0014516029255479841,695700.0
46,Earth,46.72008621552709,0.9884049555392669,29.850346470424814,0.0014516029255479841,695700.0
46,Mars,28.990197526543252,1.396312256284419,25.114559103021403,0.0014516029255479841,695700.0
46,Jupiter,4.216045994332668,4.9505293880649255,13.33800917716744,0.0014516029255479841,695700.0
46,Saturn,1.7141942427791272,9.041399484931127,9.86958755546272,0.0014516029255479841,695700.0
46,Uranus,0.5910984646989177,18.323556914698855,6.932852215686831,0.0014516029255479841,695700.0
46,Neptune,0.2815863482353455,29.70747290877058,5.444825660534185,0.0014516029255479841,695700.0
47,Mercury,-171.67352012926872,0.4654156287251619,43.50071065819739,0.0014516029255479841,695700.0
47,Venus,76.05682718642134,0.7221153497732206,34.92316091179891,0.0014516029255479841,695700.0
47,Earth,47.72861773378835,0.9886158515569405,29.84716239495242,0.0014516029255479841,695700.0
47,Mars,29.611199522794113,1.396952062903677,25.108807187172516,0.0014516029255479841,695700.0
47,Jupiter,4.307683246854813,4.9505568233486335,13.337972218438765,0.0014516029255479841,695700.0
47,Saturn,1.7514581068461494,9.041408994413146,9.869582365193697,0.0014516029255479841,695700.0
47,Uranus,0.6039483901676174,18.323558787632262,6.932851861367808,0.0014516029255479841,695700.0
47,Neptune,0.28770778945073827,29.707473084959084,5.444825644388152,0.0014516029255479841,695700.0
48,Mercury,-168.89742546418793,0.4644356613391201,43.54658010559717,0.0014516029255479841,695700.0
48,Venus,77.66405508809568,0.7222492878199642,34.919922586116144,0.0014516029255479841,695700.0
48,Earth,48.73671557587593,0.9888301486378345,29.843928014224357,0.0014516029255479841,695700.0
48,Mars,30.23162746622118,1.3976041829163117,25.10294863783436,0.0014516029255479841,695700.0
48,Jupiter,4.3993194728027,4.950584847410049,13.337934466870706,0.0014516029255479841,695700.0
48,Saturn,1.7887218916846643,9.041418708328889,9.869577063353335,0.0014516029255479841,695700.0
48,Uranus,0.6167983129812307,18.323560700842165,6.932851499429389,0.0014516029255479841,695700.0
48,Neptune,0.29382923059268834,29.70747326493655,5.444825627894896,0.0014516029255479841,695700.0
49,Mercury,-166.1079243884185,0.463178936037211,43.605616704102324,0.0014516029255479841,695700.0
49,Venus,79.27068512098208,0.7223840499666285,34.91666524452432,0.0014516029255479841,695700.0
49,Earth,49.74437315945475,0.9890477789843676,29.840644400499972,0.0014516029255479841,695700.0
49,Mars,30.851471271678164,1.3982685284065912,25.096984471527854,0.0014516029255479841,695700.0
49,Jupiter,4.4909546503984545,4.950613460170823,13.337895922589011,0.0014516029255479841,695700.0
49,Saturn,1.8259855956098765,9.04142862667381,9.869571649944659,0.0014516029255479841,695700.0
49,Uranus,0.6296482330831569,18.32356265432847,6.932851129871595,0.0014516029255479841,695700.0
49,Neptune,0.2999506716597384,29.707473448702977,5.4448256110544175,0.0014516029255479841,695700.0
50,Mercury,-163.30157160866338,0.4616469382143039,43.67791045638685,0.0014516029255479841,695700.0
50,Venus,80.87671419060113,0.7225195299696537,34.913391470257594,0.0014516029255479841,695700.0
50,Earth,50.75158405448704,0.9892686738336024,29.83731263996555,0.0014516029255479841,695700.0
50,Mars,31.470720977094214,1.3989450100469258,25.090915718986167,0.0014516029255479841,695700.0
50,Jupiter,4.582588757868482,4.9506426615509636,13.337856585722054,0.0014516029255479841,695700.0
50,Saturn,1.863249216936874,9.041438749443268,9.869566124970746,0.0014516029255479841,695700.0
50,Uranus,0.6424981504169625,18.323564648091057,6.932850752694449,0.0014516029255479841,695700.0
50,Neptune,0.3060721126502749,29.70747363625837,5.444825593866715,0.0014516029255479841,695700.0
51,Mercury,-160.47484997509054,0.4598415282644647,43.76356962381322,0.0014516029255479841,695700.0
51,Venus,82.48213968111489,0.7226556211391592,34.910103854513764,0.0014516029255479841,695700.0
51,Earth,51.75834198498246,0.9894927634829384,29.83393383227098,0.0014516029255479841,695700.0
51,Mars,32.08936674493822,1.3996335371223165,25.08474342476849,0.0014516029255479841,695700.0
51,Jupiter,4.674221773443098,4.950672451468835,13.337816456400846,0.0014516029255479841,695700.0
51,Saturn,1.9005127539809712,9.041449076632516,9.869560488434754,0.0014516029255479841,695700.0
51,Uranus,0.655348064926215,18.32356668212982,6.932850367897981,0.0014516029255479841,695700.0
51,Neptune,0.3121935535627363,29.707473827602726,5.44482557633179,0.0014516029255479841,695700.0
52,Mercury,-157.62415561822556,0.45776497017062256,43.862719593536184,0.0014516029255479841,695700.0
52,Venus,84.08695945607116,0.7227922164245905,34.90680499433852,0.0014516029255479841,695700.0
52,Earth,52.76464083067468,0.9897199773160351,29.830509090063842,0.0014516029255479841,695700.0
52,Mars,32.7073988636275,1.400334017555026,25.07846864687166,0.0014516029255479841,695700.0
52,Jupiter,4.765853675357064,4.95070282984116,13.337775534759029,0.0014516029255479841,695700.0
52,Saturn,1.9377762050575404,9.041459608236725,9.869554740339892,0.0014516029255479841,695700.0
52,Uranus,0.6681979765543139,18.32356875644465,6.932849975482208,0.0014516029255479841,695700.0
52,Neptune,0.3183149943955612,29.707474022736037,5.444825558449644,0.0014516029255479841,695700.0
53,Mercury,-154.7457828446768,0.45541996620836117,43.97550141223891,0.0014516029255479841,695700.0
53,Venus,85.69117185875267,0.7229292085002738,34.90349749052138,0.0014516029255479841,695700.0
53,Earth,53.770474628625415,0.9899502438289554,29.827039538521415,0.0014516029255479841,695700.0
53,Mars,33.32480774887893,1.4010463579294588,25.072092456339956,0.0014516029255479841,695700.0
53,Jupiter,4.8574844418492775,4.950733796583019,13.337733820932879,0.0014516029255479841,695700.0
53,Saturn,1.975039568481838,9.041470344250962,9.869548880689436,0.0014516029255479841,695700.0
53,Uranus,0.6810478852448266,18.323570871035432,6.93284957544716,0.0014516029255479841,695700.0
53,Neptune,0.32443643514718806,29.707474221658305,5.444825540220274,0.0014516029255479841,695700.0
54,Mercury,-151.83590880000625,0.4528096982374467,44.10206991531085,0.0014516029255479841,695700.0
54,Venus,87.2947757121349,0.7230664898508101,34.90018394550445,0.0014516029255479841,695700.0
54,Earth,54.775837574755066,0.9901834906565078,29.823526314880763,0.0014516029255479841,695700.0
54,Mars,33.94158394500393,1.4017704635172357,25.06561593687321,0.0014516029255479841,695700.0
54,Jupiter,4.9491140511630185,4.950765351607851,13.337691315061294,0.0014516029255479841,695700.0
54,Saturn,2.012302842569353,9.041481284670201,9.869542909486725,0.0014516029255479841,695700.0
54,Uranus,0.693897790941321,18.323573025902057,6.932849167792862,0.0014516029255479841,695700.0
54,Neptune,0.3305578758160555,29.707474424369533,5.444825521643681,0.0014516029255479841,695700.0
55,Mercury,-148.89057793551578,0.449937876132038,44.24259136352706,0.0014516029255479841,695700.0
55,Venus,88.89777031845757,0.7232039528562343,34.89686696130642,0.0014516029255479841,695700.0
55,Earth,55.78072402530039,0.9904196445987818,29.819970567967303,0.0014516029255479841,695700.0
55,Mars,34.557718126146625,1.4025062383024502,25.05904018443366,0.0014516029255479841,695700.0
55,Jupiter,5.040742481546217,4.950797494827452,13.337648017285812,0.0014516029255479841,695700.0
55,Saturn,2.0495660256356327,9.04149242948932,9.86953682673516,0.0014516029255479841,695700.0
55,Uranus,0.7067476935871971,18.323575221044397,6.932848752519342,0.0014516029255479841,695700.0
55,Neptune,0.3366793164005499,29.707474630869704,5.444825502719868,0.0014516029255479841,695700.0
56,Mercury,-145.9056863531022,0.44680879397710477,44.397240479914025,0.0014516029255479841,695700.0
56,Venus,90.50015545841325,0.7233414898768736,34.89354913746296,0.0014516029255479841,695700.0
56,Earth,56.7851284981987,0.9906586316478541,29.816373457722115,0.0014516029255479841,695700.0
56,Mars,35.17320109746484,1.4032535850070929,25.052366306851656,0.0014516029255479841,695700.0
56,Jupiter,5.132369711251123,4.95083022615198,13.337603927750592,0.0014516029255479841,695700.0
56,Saturn,2.086829115996115,9.0415037787031,9.869530632438215,0.0014516029255479841,695700.0
56,Uranus,0.7195975931260239,18.32357745646234,6.932848329626624,0.0014516029255479841,695700.0
56,Neptune,0.3428007568992137,29.707474841158827,5.444825483448833,0.0014516029255479841,695700.0
57,Mercury,-142.87696615101638,0.4434273947320136,44.56619675710137,0.0014516029255479841,695700.0
57,Venus,92.1019313899591,0.7234789933378366,34.89023306898541,0.0014516029255479841,695700.0
57,Earth,57.789045674399354,0.9909003770146565,29.81273615472837,0.0014516029255479841,695700.0
57,Mars,35.788023796255004,1.4040124051166296,25.045595423430584,0.0014516029255479841,695700.0
57,Jupiter,5.223995718534857,4.950863545489951,13.337559046602422,0.0014516029255479841,695700.0
57,Saturn,2.124092111966529,9.041515332306227,9.869524326599413,0.0014516029255479841,695700.0
57,Uranus,0.7324474895013687,18.323579732155753,6.932847899114736,0.0014516029255479841,695700.0
57,Neptune,0.3489221973104338,29.7074750552369,5.444825463830576,0.0014516029255479841,695700.0
58,Mercury,-139.79996995630574,0.4397993441288787,44.749639879720284,0.0014516029255479841,695700.0
58,Venus,93.70309884675639,0.7236163558130676,34.88692134433921,0.0014516029255479841,695700.0
58,Earth,58.79247039910207,0.9911448051559915,29.809059839737042,0.0014516029255479841,695700.0
58,Mars,36.40217729301978,1.4047825989057212,25.038728664551194,0.0014516029255479841,695700.0
58,Jupiter,5.315620481659037,4.950897452748241,13.33751337399072,0.0014516029255479841,695700.0
58,Saturn,2.161355011862437,9.041527090293297,9.869517909222349,0.0014516029255479841,695700.0
58,Uranus,0.7452973826566334,18.32358204812453,6.932847460983705,0.0014516029255479841,695700.0
58,Neptune,0.3550436376326484,29.70747527310391,5.4448254438651,0.0014516029255479841,695700.0
59,Mercury,-136.6700559105227,0.4359311146276812,44.94774407707801,0.0014516029255479841,695700.0
59,Venus,95.30365903624308,0.7237534701089021,34.8836165434436,0.0014516029255479841,695700.0
59,Earth,59.7953976829228,0.9913918398016773,29.80534570319241,0.0014516029255479841,695700.0
59,Mars,37.015652792479614,1.405564065464069,25.03176717127564,0.0014516029255479841,695700.0
59,Jupiter,5.407243978890309,4.950931947832087,13.337466910067526,0.0014516029255479841,695700.0
59,Saturn,2.198617813999639,9.041539052658797,9.869511380310684,0.0014516029255479841,695700.0
59,Uranus,0.7581472725353865,18.323584404368525,6.9328470152335635,0.0014516029255479841,695700.0
59,Neptune,0.36116507786429614,29.707475494759866,5.4448254235524,0.0014516029255479841,695700.0
60,Mercury,-133.4823734783067,0.43183008028460906,45.16067118836227,0.0014516029255479841,695700.0
60,Venus,96.90361363734604,0.7238902293470592,34.880321235694055,0.0014516029255479841,695700.0
60,Earth,60.797822702986615,0.9916414039818156,29.801594944757344,0.0014516029255479841,695700.0
60,Mars,37.62844163452801,1.4063567027223773,25.02471209495144,0.0014516029255479841,695700.0
60,Jupiter,5.498866188499985,4.950967030645088,13.337419654987507,0.0014516029255479841,695700.0
60,Saturn,2.2358805166940003,9.041551219397132,9.869504739868136,0.0014516029255479841,695700.0
60,Uranus,0.7709971590811971,18.323586800887618,6.932846561864336,0.0014516029255479841,695700.0
60,Neptune,0.36728651800381545,29.707475720204755,5.444825402892482,0.0014516029255479841,695700.0
61,Mercury,-130.23185057880733,0.42750462339375084,45.38856218627128,0.0014516029255479841,695700.0
61,Venus,98.50296479783782,0.7240265270470121,34.8770379780086,0.0014516029255479841,695700.0
61,Earth,61.79974080394876,0.9918934200541598,29.79780877283902,0.0014516029255479841,695700.0
61,Mars,38.240535295130435,1.4071604074784136,25.017564596815618,0.0014516029255479841,695700.0
61,Jupiter,5.590487088764577,4.951002701089201,13.337371608907947,0.0014516029255479841,695700.0
61,Saturn,2.2731431182612805,9.041563590502603,9.869497987898487,0.0014516029255479841,695700.0
61,Uranus,0.7838470422374675,18.323589237681677,6.932846100876052,0.0014516029255479841,695700.0
61,Neptune,0.37340795804964494,29.707475949438592,5.444825381885342,0.0014516029255479841,695700.0
62,Mercury,-126.9131827035355,0.422964253720408,45.63152686599872,0.0014516029255479841,695700.0
62,Venus,100.10171513134469,0.7241622572076755,34.87376931289956,0.0014516029255479841,695700.0
62,Earth,62.80114749894377,0.9921478097315778,29.793988404114987,0.0014516029255479841,695700.0
62,Mars,38.851925387167384,1.4079750754231581,25.010325847599265,0.0014516029255479841,695700.0
62,Jupiter,5.682106657965429,4.95103895906475,13.337322771988763,0.0014516029255479841,695700.0
62,Saturn,2.3104056170174796,9.041576165969422,9.869491124405588,0.0014516029255479841,695700.0
62,Uranus,0.7966969219477666,18.323591714750574,6.932845632268743,0.0014516029255479841,695700.0
62,Neptune,0.3795293980002232,29.707476182461352,5.444825360530983,0.0014516029255479841,695700.0
63,Mercury,-123.52082488765332,0.4182197410370007,45.88963136647345,0.0014516029255479841,695700.0
63,Venus,101.69986771401223,0.7242973143883524,34.87051776657184,0.0014516029255479841,695700.0
63,Earth,63.80203847046282,0.9924044941095927,29.790135063060156,0.0014516029255479841,695700.0
63,Mars,39.46260366122207,1.4088006011670289,25.002997027132782,0.0014516029255479841,695700.0
63,Jupiter,5.773724874389246,4.951075804470416,13.337273144392489,0.0014516029255479841,695700.0
63,Saturn,2.347668011278665,9.0415889457917,9.86948414939335,0.0014516029255479841,695700.0
63,Uranus,0.8095467981556647,18.323594232094162,6.932845156042439,0.0014516029255479841,695700.0
63,Neptune,0.3856508378539365,29.707476419273046,5.4448253388294034,0.0014516029255479841,695700.0
64,Mercury,-120.04898765185705,0.41328326147361666,46.16288315235635,0.0014516029255479841,695700.0
64,Venus,103.29742608083475,0.724431593788885,34.86728584704882,0.0014516029255479841,695700.0
64,Earth,64.80240957116017,0.9926633936939872,29.786249981474757,0.0014516029255479841,695700.0
64,Mars,40.07256200631293,1.4096368782661681,24.995579323951958,0.0014516029255479841,695700.0
64,Jupiter,5.865341716327735,4.951113237203247,13.337222726284272,0.0014516029255479841,695700.0
64,Saturn,2.3849302993608066,9.041601929963452,9.869477062865748,0.0014516029255479841,695700.0
64,Uranus,0.8223966708045642,18.323596789712315,6.93284467219717,0.0014516029255479841,695700.0
64,Neptune,0.39177227760932776,29.70747665987367,5.444825316780603,0.0014516029255479841,695700.0
65,Mercury,-116.49163833551243,0.4081685578707193,46.451213052874074,0.0014516029255479841,695700.0
65,Venus,104.89439422165606,0.724564991328954,34.86407604232707,0.0014516029255479841,695700.0
65,Earth,65.80225682458908,0.9929244284284592,29.782334398013703,0.0014516029255479841,695700.0
65,Mars,40.68179245057068,1.4104837992487766,24.988073934905252,0.0014516029255479841,695700.0
65,Jupiter,5.956957162078136,4.951151257158653,13.337171517831893,0.0014516029255479841,695700.0
65,Saturn,2.422192479580113,9.0416151184786,9.869469864826819,0.0014516029255479841,695700.0
65,Uranus,0.8352465398380355,18.323599387604887,6.932844180732969,0.0014516029255479841,695700.0
65,Neptune,0.3978937172647832,29.70747690426322,5.444825294384585,0.0014516029255479841,695700.0
66,Mercury,-112.84250960391466,0.4028911138283638,46.75445393375346,0.0014516029255479841,695700.0
66,Venus,106.49077657684676,0.7246974037264748,34.860890818560875,0.0014516029255479841,695700.0
66,Earth,66.80157642586731,0.9931875177223198,29.77838955771745,0.0014516029255479841,695700.0
66,Mars,41.2902871618618,1.4113412556414895,24.980482064762324,0.0014516029255479841,695700.0
66,Jupiter,6.048571189942908,4.951189864230408,13.337119519205736,0.0014516029255479841,695700.0
66,Saturn,2.459454550252867,9.04162851133097,9.869462555280665,0.0014516029255479841,695700.0
66,Uranus,0.8480964051996496,18.32360202577173,6.9328436816498655,0.0014516029255479841,695700.0
66,Neptune,0.4040151568187414,29.70747715244169,5.444825271641347,0.0014516029255479841,695700.0
67,Mercury,-109.09511733576448,0.39746834043129947,47.0723155810333,0.0014516029255479841,695700.0
67,Venus,108.08657803266685,0.7248287285750381,34.85773261827747,0.0014516029255479841,695700.0
67,Earth,67.80036474227325,0.9934525804782138,29.774416711544784,0.0014516029255479841,695700.0
67,Mars,41.898038448356964,1.4122091379957695,24.972804925824217,0.0014516029255479841,695700.0
67,Jupiter,6.140183778229985,4.951229058310649,13.337066730578814,0.0014516029255479841,695700.0
67,Saturn,2.496716509695253,9.041642108514296,9.869455134231448,0.0014516029255479841,695700.0
67,Uranus,0.8609462668328096,18.323604704212713,6.932843174947893,0.0014516029255479841,695700.0
67,Neptune,0.410136596269641,29.70747740440908,5.444825248550892,0.0014516029255479841,695700.0
68,Mercury,-105.24279057781693,0.39191977362906605,47.4043554140918,0.0014516029255479841,695700.0
68,Venus,109.68180391632012,0.7249588644203476,34.854603858623975,0.0014516029255479841,695700.0
68,Earth,68.79861831377318,0.9937195351198547,29.77041711590762,0.0014516029255479841,695700.0
68,Mars,42.50503875904656,1.41308733591432,24.965043737535247,0.0014516029255479841,695700.0
68,Jupiter,6.231794905253026,4.951268839289881,13.33701315212675,0.0014516029255479841,695700.0
68,Saturn,2.53397835622376,9.041655910022206,9.869447601683405,0.0014516029255479841,695700.0
68,Uranus,0.8737961246810866,18.323607422927683,6.932842660627084,0.0014516029255479841,695700.0
68,Neptune,0.41625803561592056,29.707477660165388,5.444825225113216,0.0014516029255479841,695700.0
69,Mercury,-101.27871677924153,0.38626727889205664,47.74994473850089,0.0014516029255479841,695700.0
69,Venus,111.27645999070606,0.7250877108356054,34.85150692964679,0.0014516029255479841,695700.0
69,Earth,69.79633385347992,0.9939882996197643,29.766392032208095,0.0014516029255479841,695700.0
69,Mars,43.111280684203095,1.4139757380774929,24.95719972609693,0.0014516029255479841,695700.0
69,Jupiter,6.323404549331106,4.951309207056971,13.336958784027784,0.0014516029255479841,695700.0
69,Saturn,2.571240088154722,9.041669915848242,9.869439957640822,0.0014516029255479841,695700.0
69,Uranus,0.8866459786880523,18.32361018191649,6.932842138687469,0.0014516029255479841,695700.0
69,Neptune,0.4223794748560184,29.70747791971061,5.444825201328324,0.0014516029255479841,695700.0
70,Mercury,-97.1960060606469,0.38053525797096704,48.1082304216498,0.0014516029255479841,695700.0
70,Venus,112.87055244887955,0.7252151684957994,34.848444192604255,0.0014516029255479841,695700.0
70,Earth,70.79350824804386,0.9942587915269964,29.76234272637831,0.0014516029255479841,695700.0
70,Mars,43.716756955790316,1.4148742322696881,24.949274124084052,0.0014516029255479841,695700.0
70,Jupiter,6.415012688789248,4.951350161499155,13.336903626462767,0.0014516029255479841,695700.0
70,Saturn,2.6085017038047233,9.04168412598585,9.869432202108054,0.0014516029255479841,695700.0
70,Uranus,0.899495828797111,18.323612981178986,6.932841609129085,0.0014516029255479841,695700.0
70,Neptune,0.4285009139883212,29.707478183044742,5.444825177196213,0.0014516029255479841,695700.0
71,Mercury,-92.9877787819691,0.37475085028387467,48.47809215568938,0.0014516029255479841,695700.0
71,Venus,114.46408790822234,0.7253411392508498,34.84541797831333,0.0014516029255479841,695700.0
71,Earth,71.79013855797747,0.9945309279948435,29.758270468422694,0.0014516029255479841,695700.0
71,Mars,44.321460447821295,1.4157827054057288,24.94126817006316,0.0014516029255479841,695700.0
71,Jupiter,6.506619301958055,4.951391702502033,13.336847679615166,0.0014516029255479841,695700.0
71,Saturn,2.645763201490426,9.041698540428374,9.869424335089525,0.0014516029255479841,695700.0
71,Uranus,0.9123456749518902,18.323615820715016,6.932841071951967,0.0014516029255479841,695700.0
71,Neptune,0.4346223530113715,29.70747845016778,5.444825152716884,0.0014516029255479841,695700.0
72,Mercury,-88.64728106869437,0.36894411858644977,48.85809589828532,0.0014516029255479841,695700.0
72,Venus,116.05707340433622,0.7254655261975711,34.84243058553082,0.0014516029255479841,695700.0
72,Earth,72.78622201791266,0.9948046258085048,29.75417653196346,0.0014516029255479841,695700.0
72,Mars,44.9253841766642,1.416701043557201,24.933183108213655,0.0014516029255479841,695700.0
72,Jupiter,6.598224367174244,4.951433829949575,13.336790943671058,0.0014516029255479841,695700.0
72,Saturn,2.6830245795284,9.041713159169067,9.869416356589715,0.0014516029255479841,695700.0
72,Uranus,0.9251955170957952,18.32361870052442,6.932840527156148,0.0014516029255479841,695700.0
72,Neptune,0.44074379192355595,29.707478721079724,5.444825127890338,0.0014516029255479841,695700.0
73,Mercury,-84.1680331160097,0.3631482051326259,49.24644468861244,0.0014516029255479841,695700.0
73,Venus,117.64951638466455,0.7255882337504088,34.839484279369934,0.0014516029255479841,695700.0
73,Earth,73.78175603679358,0.9950798014127117,29.750062193789212,0.0014516029255479841,695700.0
73,Mars,45.52852130129775,1.4176291319787513,24.925020187951535,0.0014516029255479841,695700.0
73,Jupiter,6.689827862780283,4.951476543724116,13.336733418819128,0.0014516029255479841,695700.0
73,Saturn,2.7202858362354645,9.041727982201088,9.869408266613167,0.0014516029255479841,695700.0
73,Uranus,0.9380453551723987,18.32362162060705,6.932839974741664,0.0014516029255479841,695700.0
73,Neptune,0.44686523072331286,29.70747899578057,5.4448251027165755,0.0014516029255479841,695700.0
74,Mercury,-79.54401484550579,0.3573994405687966,49.640928855612195,0.0014516029255479841,695700.0
74,Venus,119.24142470184836,0.7257091677109113,34.83658128975263,0.0014516029255479841,695700.0
74,Earth,74.77673819800445,0.9953563709392945,29.74592873340694,0.0014516029255479841,695700.0
74,Mars,46.1308651235164,1.4185668551343225,24.916780663556278,0.0014516029255479841,695700.0
74,Jupiter,6.781429767124917,4.951519843706359,13.336675105250675,0.0014516029255479841,695700.0
74,Saturn,2.7575469699285247,9.041743009517496,9.869400065164495,0.0014516029255479841,695700.0
74,Uranus,0.9508951891252727,18.323624580962743,6.932839414708548,0.0014516029255479841,695700.0
74,Neptune,0.45298666940908094,29.70747927427031,5.4448250771955955,0.0014516029255479841,695700.0
75,Mercury,-74.76989261669777,0.3517373835123664,50.0388786827517,0.0014516029255479841,695700.0
75,Venus,120.83280660682715,0.7258282353359008,34.83372380989815,0.0014516029255479841,695700.0
75,Earth,75.77116625943313,0.9956342502346835,29.74177743259758,0.0014516029255479841,695700.0
75,Mars,46.73240908808559,1.419514096723326,24.908465793800666,0.0014516029255479841,695700.0
75,Jupiter,6.873030058562804,4.951563729775379,13.336616003159598,0.0014516029255479841,695700.0
75,Saturn,2.794807978924392,9.041758241111257,9.869391752248369,0.0014516029255479841,695700.0
75,Uranus,0.9637450188978246,18.323627581591335,6.932838847056839,0.0014516029255479841,695700.0
75,Neptune,0.4591081079792988,29.707479556548947,5.4448250513274,0.0014516029255479841,695700.0
76,Mercury,-69.84128892847424,0.3462047645160818,50.43712384889328,0.0014516029255479841,695700.0
76,Venus,122.42367074168887,0.7259453454043059,34.830913994848395,0.0014516029255479841,695700.0
76,Earth,76.76503815347233,0.9959133548873299,29.737609574975398,0.0014516029255479841,695700.0
76,Mars,47.3331467828488,1.420470739706734,24.900076841584035,0.0014516029255479841,695700.0
76,Jupiter,6.964628715455051,4.951608201808618,13.33655611274241,0.0014516029255479841,695700.0
76,Saturn,2.832068861540138,9.041773676975238,9.86938332786953,0.0014516029255479841,695700.0
76,Uranus,0.9765948444336272,18.323630622492658,6.932838271786573,0.0014516029255479841,695700.0
76,Neptune,0.4652295464324047,29.707479842616483,5.444825025111987,0.0014516029255479841,695700.0
77,Mercury,-64.75509409793158,0.34084730452680634,50.831965350420305,0.0014516029255479841,695700.0
77,Venus,124.01402613227918,0.7260604082826209,34.8281539600304,0.0014516029255479841,695700.0
77,Earth,77.75835198695842,0.9961936002550377,29.733426445551306,0.0014516029255479841,695700.0
77,Mars,47.933071938785666,1.4214366663330842,24.891615073568882,0.0014516029255479841,695700.0
77,Jupiter,7.056225716168839,4.951653259681888,13.336495434198227,0.0014516029255479841,695700.0
77,Saturn,2.8693296160929136,9.041789317102218,9.869374792032772,0.0014516029255479841,695700.0
77,Uranus,0.9894446656762534,18.323633703666555,6.932837688897789,0.0014516029255479841,695700.0
77,Neptune,0.47135098476678533,29.7074801324729,5.444824998549359,0.0014516029255479841,695700.0
78,Mercury,-59.509814528322536,0.33571337591352657,51.21916696121657,0.0014516029255479841,695700.0
78,Venus,125.60388218057608,0.7261733359889615,34.82544577985627,0.0014516029255479841,695700.0
78,Earth,78.75110604104918,0.9964749014921982,29.72922933030026,0.0014516029255479841,695700.0
78,Mars,48.532178430023585,1.4224117581643854,24.88308175982119,0.0014516029255479841,695700.0
78,Jupiter,7.147821039077967,4.951698903269373,13.336433967728762,0.0014516029255479841,695700.0
78,Saturn,2.9065902408997912,9.041805161484875,9.86936614474296,0.0014516029255479841,695700.0
78,Uranus,1.0022944825691114,18.323636825112853,6.932837098390518,0.0014516029255479841,695700.0
78,Neptune,0.4774724229809834,29.7074804261182,5.444824971639516,0.0014516029255479841,695700.0
79,Mercury,-54.10594625931886,0.3308534748554963,51.5939743297311,0.0014516029255479841,695700.0
79,Venus,127.19324865683708,0.7262840422556829,34.82279148636093,0.0014516029255479841,695700.0
79,Earth,79.74329877104098,0.9967571735769142,29.725019515732992,0.0014516029255479841,695700.0
79,Mars,49.13046027380163,1.423395896101914,24.87447817345445,0.0014516029255479841,695700.0
79,Jupiter,7.2394146625624725,4.951745132443626,13.33637171353834,0.0014516029255479841,695700.0
79,Saturn,2.94385073427815,9.041821210115788,9.869357386005024,0.0014516029255479841,695700.0
79,Uranus,1.0151442950557752,18.32363998683138,6.9328365002648065,0.0014516029255479841,695700.0
79,Neptune,0.48359386107338503,29.707480723552386,5.444824944382458,0.0014516029255479841,695700.0
80,Mercury,-48.54635518290669,0.32631947874132516,51.9511701538849,0.0014516029255479841,695700.0
80,Venus,128.7821356915282,0.7263924425905313,34.82019306787795,0.0014516029255479841,695700.0
80,Earth,80.73492880612717,0.9970403313380056,29.72079828847218,0.0014516029255479841,695700.0
80,Mars,49.72791163038935,1.424388960411894,24.865805590277613,0.0014516029255479841,695700.0
80,Jupiter,7.331006565009175,4.951791947075574,13.336308671833882,0.0014516029255479841,695700.0
80,Saturn,2.981111094545239,9.041837462987452,9.869348515823951,0.0014516029255479841,695700.0
80,Uranus,1.0279941030798192,18.323643188821965,6.9328358945206885,0.0014516029255479841,695700.0
80,Neptune,0.4897152990424295,29.707481024775447,5.444824916778185,0.0014516029255479841,695700.0
81,Mercury,-42.836637179703054,0.3221636726110675,52.28517303493672,0.0014516029255479841,695700.0
81,Venus,130.37055376703935,0.726498454336301,34.81765246775363,0.0014516029255479841,695700.0
81,Earth,81.72599494909763,0.9973242894818868,29.716566934833196,0.0014516029255479841,695700.0
81,Mars,50.32452680296031,1.4253908307510488,24.857065288447146,0.0014516029255479841,695700.0
81,Jupiter,7.422596724811356,4.951839347034513,13.336244842824911,0.0014516029255479841,695700.0
81,Saturn,3.018371320018559,9.041853920092253,9.869339534204792,0.0014516029255479841,695700.0
81,Uranus,1.040843906584651,18.323646431084434,6.932835281158204,0.0014516029255479841,695700.0
81,Neptune,0.4958367368865546,29.70748132978738,5.444824888826697,0.0014516029255479841,695700.0
82,Mercury,-36.98542360801875,0.31843754555444814,52.59018511096382,0.0014516029255479841,695700.0
82,Venus,131.95851370919647,0.7266019967289692,34.815171583099605,0.0014516029255479841,695700.0
82,Earth,82.71649617598133,0.9976089626193071,29.712326740409587,0.0014516029255479841,695700.0
82,Mars,50.92030023742074,1.4264013861920162,24.8482585481232,0.0014516029255479841,695700.0
82,Jupiter,7.514185120369014,4.951887332188119,13.336180226723545,0.0014516029255479841,695700.0
82,Saturn,3.0556314090157066,9.041870581422488,9.869330441152673,0.0014516029255479841,695700.0
82,Uranus,1.0536937055138473,18.323649713618604,6.932834660177393,0.0014516029255479841,695700.0
82,Neptune,0.5019581746041994,29.707481638588188,5.444824860527995,0.0014516029255479841,695700.0
83,Mercury,-31.004591768093064,0.3151903814103097,52.860389088065936,0.0014516029255479841,695700.0
83,Venus,133.54602667857583,0.7267029909542838,34.812752263584,0.0014516029255479841,695700.0
83,Earth,83.70643163563244,0.9978942652919444,29.70807898966344,0.0014516029255479841,695700.0
83,Mars,51.51522652219565,1.4274205052486177,24.839386651130173,0.0014516029255479841,695700.0
83,Jupiter,7.605771730089118,4.9519359024024325,13.336114823744508,0.0014516029255479841,695700.0
83,Saturn,3.092891359854196,9.041887446970362,9.869321236672766,0.0014516029255479841,695700.0
83,Uranus,1.0665434998109828,18.3236530364243,6.932834031578294,0.0014516029255479841,695700.0
83,Neptune,0.5080796121938024,29.707481951177865,5.44482483188208,0.0014516029255479841,695700.0
84,Mercury,-24.909338286165205,0.3124676966479128,53.09018887182152,0.0014516029255479841,695700.0
84,Venus,135.13310416162753,0.7268013602027785,34.81039631026145,0.0014516029255479841,695700.0
84,Earth,84.6958006492611,0.9981801119988444,29.703824965520717,0.0014516029255479841,695700.0
84,Mars,52.109300387971224,1.4284480659009753,24.83045088062167,0.0014516029255479841,695700.0
84,Jupiter,7.697356532385295,4.951985057541875,13.336048634105104,0.0014516029255479841,695700.0
84,Saturn,3.130151170851809,9.04190451672798,9.869311920770317,0.0014516029255479841,695700.0
84,Uranus,1.079393289419467,18.323656399501342,6.932833395360949,0.0014516029255479841,695700.0
84,Neptune,0.5142010496538019,29.707482267556404,5.4448248028889505,0.0014516029255479841,695700.0
85,Mercury,-18.718077909974873,0.31030960860285267,53.27448027749098,0.0014516029255479841,695700.0
85,Venus,136.71975796161755,0.7268970297231933,34.8081054744419,0.0014516029255479841,695700.0
85,Earth,85.68460270991011,0.998466417222696,29.699565948971756,0.0014516029255479841,695700.0
85,Mars,52.7025167073965,1.429483945620463,24.82145252075002,0.0014516029255479841,695700.0
85,Jupiter,7.7889395056783615,4.952034797469243,13.335981658025243,0.0014516029255479841,695700.0
85,Saturn,3.1674108403264163,9.04192179068735,9.869302493450633,0.0014516029255479841,695700.0
85,Uranus,1.0922430742828764,18.323659802849537,6.932832751525401,0.0014516029255479841,695700.0
85,Neptune,0.5203224869825844,29.7074825877238,5.444824773548609,0.0014516029255479841,695700.0
86,Mercury,-12.452142346492781,0.3087492440956916,53.40893055749163,0.0014516029255479841,695700.0
86,Venus,138.30600018939253,0.7269899268742783,34.80588145659827,0.0014516029255479841,695700.0
86,Earth,86.67283748187812,0.9987530954559353,29.695303218676948,0.0014516029255479841,695700.0
86,Mars,53.294870494742995,1.4305280213944906,24.812392856340526,0.0014516029255479841,695700.0
86,Jupiter,7.88052062839595,4.952085122045704,13.33591389572743,0.0014516029255479841,695700.0
86,Saturn,3.2046703665958165,9.041939268840387,9.869292954719086,0.0014516029255479841,695700.0
86,Uranus,1.1050928543447875,18.323663246468715,6.932832100071687,0.0014516029255479841,695700.0
86,Neptune,0.526443924178693,29.707482911680053,5.444824743861054,0.0014516029255479841,695700.0
87,Mercury,-6.13527335857206,0.30781131559990493,53.49023954997339,0.0014516029255479841,695700.0
87,Venus,139.89184325397667,0.7270799811749609,34.80372590531319,0.0014516029255479841,695700.0
87,Earth,87.66050480009076,0.9990400612266718,29.69103805057773,0.0014516029255479841,695700.0
87,Mars,53.88635690552508,1.4315801697511072,24.803273172570375,0.0014516029255479841,695700.0
87,Jupiter,7.972099878973053,4.952136031130806,13.335845347436749,0.0014516029255479841,695700.0
87,Saturn,3.2419297479780727,9.041956951178912,9.869283304581106,0.0014516029255479841,695700.0
87,Uranus,1.1179426295486103,18.32366673035867,6.932831440999854,0.0014516029255479841,695700.0
87,Neptune,0.5325653612405136,29.70748323942516,5.4448247138262875,0.0014516029255479841,695700.0
88,Mercury,0.20707084609080748,0.3075109936859032,53.51635304051848,0.0014516029255479841,695700.0
88,Venus,141.47729985300685,0.7271671243528549,34.801640416264554,0.0014516029255479841,695700.0
88,Earth,88.64760466942106,0.999327229124425,29.686771717513064,0.0014516029255479841,695700.0
88,Mars,54.476971236080985,1.4326402667834182,24.794094754652527,0.0014516029255479841,695700.0
88,Jupiter,8.063677235851648,4.952187524582471,13.335776013380887,0.0014516029255479841,695700.0
88,Saturn,3.2791889827913474,9.04197483769465,9.869273543042194,0.0014516029255479841,695700.0
88,Uranus,1.130792399837922,18.323670254519225,6.93283077430994,0.0014516029255479841,695700.0
88,Neptune,0.5386867981664852,29.707483570959113,5.444824683444309,0.0014516029255479841,695700.0
89,Mercury,6.5485510911720946,0.30785318693433755,53.486601803207435,0.0014516029255479841,695700.0
89,Venus,143.06238296301225,0.7272512903910963,34.799626531250084,0.0014516029255479841,695700.0
89,Earth,89.6341372639592,0.9996145138256692,29.682505488841436,0.0014516029255479841,695700.0
89,Mars,55.06670892311496,1.4337081881738107,24.784858887524518,0.0014516029255479841,695700.0
89,Jupiter,8.15525267748123,4.952239602257002,13.335705893790111,0.0014516029255479841,695700.0
89,Saturn,3.3164480693537297,9.041992928379223,9.86926367010791,0.0014516029255479841,695700.0
89,Uranus,1.1436421651563011,18.32367381895018,6.9328301000019925,0.0014516029255479841,695700.0
89,Neptune,0.5448082349550464,29.707483906281915,5.444824652715118,0.0014516029255479841,695700.0
90,Mercury,12.862858324601076,0.30883230437890896,53.40174792285232,0.0014516029255479841,695700.0
90,Venus,144.64710582954683,0.7273324155734863,34.79768573725079,0.0014516029255479841,695700.0
90,Earth,90.62010292623391,0.9999018301191774,29.678240630068352,0.0014516029255479841,695700.0
90,Mars,55.65556554320297,1.434783809217978,24.77556685554229,0.0014516029255479841,695700.0
90,Jupiter,8.246826182318449,4.9522922640090785,13.335634988897274,0.0014516029255479841,695700.0
90,Saturn,3.353707005983578,9.04201122322417,9.869253685783878,0.0014516029255479841,695700.0
90,Uranus,1.1564919254471586,18.323677423651343,6.932829418076049,0.0014516029255479841,695700.0
90,Neptune,0.5509296716046356,29.707484245393555,5.444824621638716,0.0014516029255479841,695700.0
91,Mercury,19.124622094725208,0.31043252591147663,53.26393208500258,0.0014516029255479841,695700.0
91,Venus,146.23148195717945,0.727410438527926,34.7958194655333,0.0014516029255479841,695700.0
91,Earth,91.60550216638599,1.0001890929311548,29.673978402479637,0.0014516029255479841,695700.0
91,Mars,56.24353681226092,1.4358670048487332,24.76621994217925,0.0014516029255479841,695700.0
91,Jupiter,8.338397728827632,4.952345509691757,13.335563298937826,0.0014516029255479841,695700.0
91,Saturn,3.3909657909993536,9.042029722220926,9.869243590075786,0.0014516029255479841,695700.0
91,Uranus,1.1693416806540726,18.323681068622513,6.932828728532161,0.0014516029255479841,695700.0
91,Neptune,0.5570511081136913,29.707484588294026,5.444824590215104,0.0014516029255479841,695700.0
92,Mercury,25.310238597506753,0.3126285517258897,53.07652901063161,0.0014516029255479841,695700.0
92,Venus,147.8155250993499,0.7274853002681285,34.794029090791014,0.0014516029255479841,695700.0
92,Earth,92.59033566129466,1.0004762173501598,29.669720062780435,0.0014516029255479841,695700.0
92,Mars,56.830618584978154,1.4369576496596141,24.75681942973039,0.0014516029255479841,695700.0
92,Jupiter,8.42996729548042,4.952399339156479,13.335490824149787,0.0014516029255479841,695700.0
92,Saturn,3.428224422719446,9.042048425360832,9.86923338298938,0.0014516029255479841,695700.0
92,Uranus,1.1821914307206227,18.323684753863493,6.932828031370369,0.0014516029255479841,695700.0
92,Neptune,0.5631725444806001,29.707484934983338,5.444824558444282,0.0014516029255479841,695700.0
93,Mercury,31.398553202746612,0.31538675289260215,52.843930106904786,0.0014516029255479841,695700.0
93,Venus,149.39924924809722,0.7275569442335935,34.79231593032389,0.0014516029255479841,695700.0
93,Earth,93.57460425365886,1.000763118651805,29.665466862739958,0.0014516029255479841,695700.0
93,Mars,57.41680685421561,1.438055617928265,24.747366599021817,0.0014516029255479841,695700.0
93,Jupiter,8.5215348607563,4.952453752253063,13.335417564773762,0.0014516029255479841,695700.0
93,Saturn,3.465482899462579,9.042067332635137,9.86922306453048,0.0014516029255479841,695700.0
93,Uranus,1.195041175590221,18.323688479374084,6.932827326590717,0.0014516029255479841,695700.0
93,Neptune,0.5692939807039045,29.707485285461477,5.444824526326248,0.0014516029255479841,695700.0
94,Mercury,37.371354226992516,0.3186666101296671,52.571280221591046,0.0014516029255479841,695700.0
94,Venus,150.98266862366478,0.7276253163278312,34.79068124325696,0.0014516029255479841,695700.0
94,Earth,94.5583089510339,1.0010497123232296,29.661220048842203,0.0014516029255479841,695700.0
94,Mars,58.00209775037064,1.4391607836395914,24.73786272912555,0.0014516029255479841,695700.0
94,Jupiter,8.613100403142306,4.952508748829706,13.33534352105295,0.0014516029255479841,695700.0
94,Saturn,3.502741219547348,9.04208644403499,9.86921263470496,0.0014516029255479841,695700.0
94,Uranus,1.2078909152064472,18.32369224515408,6.932826614193251,0.0014516029255479841,695700.0
94,Neptune,0.5754154167819915,29.707485639728443,5.444824493861005,0.0014516029255479841,695700.0
95,Mercury,43.21366062417206,0.3224223115827022,52.264197910176215,0.0014516029255479841,695700.0
95,Venus,152.56579766399224,0.7276903649548238,34.78912622979735,0.0014516029255479841,695700.0
95,Earth,95.54145092482435,1.0013359140873404,29.65698086194251,0.0014516029255479841,695700.0
95,Mars,58.5864875407091,1.4402730205086836,24.728309097079745,0.0014516029255479841,695700.0
95,Jupiter,8.704663901133243,4.952564328732995,13.335268693233106,0.0014516029255479841,695700.0
95,Saturn,3.539999381292627,9.042105759551449,9.869202093518764,0.0014516029255479841,695700.0
95,Uranus,1.2207406495128816,18.323696051203278,6.932825894178019,0.0014516029255479841,695700.0
95,Neptune,0.5815368527132994,29.70748599778422,5.444824461048554,0.0014516029255479841,695700.0
96,Mercury,48.913810850446445,0.32660438314597445,51.928506118719426,0.0014516029255479841,695700.0
96,Venus,154.14865101409632,0.7277520410537125,34.78765203052963,0.0014516029255479841,695700.0
96,Earth,96.52403150923499,1.0016216399268156,29.652750536930064,0.0014516029255479841,695700.0
96,Mars,59.16997262866504,1.441392202003504,24.718706977614335,0.0014516029255479841,695700.0
96,Jupiter,8.796225333231952,4.952620491807892,13.335193081562586,0.0014516029255479841,695700.0
96,Saturn,3.577257383017399,9.042125279175469,9.86919144097789,0.0014516029255479841,695700.0
96,Uranus,1.2335903784529374,18.32369989752146,6.932825166545067,0.0014516029255479841,695700.0
96,Neptune,0.5876582884962667,29.70748635962883,5.444824427888892,0.0014516029255479841,695700.0
97,Mercury,54.463379303447894,0.33116124282240217,51.569994072434106,0.0014516029255479841,695700.0
97,Venus,155.73124351535017,0.7278102981317002,34.78625972574969,0.0014516029255479841,695700.0
97,Earth,97.50605220018072,1.0019068061078653,29.648530302396484,0.0014516029255479841,695700.0
97,Mars,59.752549553110214,1.4425182013673281,24.709057642882232,0.0014516029255479841,695700.0
97,Jupiter,8.887784677949014,4.9526772378977455,13.335116686292306,0.0014516029255479841,695700.0
97,Saturn,3.6145152230405775,9.04214500289792,9.86918067708841,0.0014516029255479841,695700.0
97,Uranus,1.2464401019701954,18.323703784108428,6.932824431294441,0.0014516029255479841,695700.0
97,Neptune,0.593779724129332,29.70748672526224,5.444824394382024,0.0014516029255479841,695700.0
98,Mercury,59.85695836407495,0.33604059788608687,51.19422336959252,0.0014516029255479841,695700.0
98,Venus,157.3135901946663,0.7278650922951589,34.78495033483654,0.0014516029255479841,695700.0
98,Earth,98.48751465415573,1.0021913292037434,29.644321380310288,0.0014516029255479841,695700.0
98,Mars,60.33421498759272,1.4436508916409412,24.699362362196005,0.0014516029255479841,695700.0
98,Jupiter,8.97934191380324,4.952734566844289,13.335039507675763,0.0014516029255479841,695700.0
98,Saturn,3.65177289968136,9.042164930709571,9.869169801856453,0.0014516029255479841,695700.0
98,Uranus,1.2592898200082376,18.323707710963962,6.932823688426189,0.0014516029255479841,695700.0
98,Neptune,0.599901159610934,29.707487094684463,5.444824360527947,0.0014516029255479841,695700.0
99,Mercury,65.09184815594475,0.34119063392914417,50.80638360940118,0.0014516029255479841,695700.0
99,Venus,158.8957062535872,0.7279163822789345,34.78372481566241,0.0014516029255479841,695700.0
99,Earth,99.46842068706428,1.0024751261180076,29.640124985697568,0.0014516029255479841,695700.0
99,Mars,60.914965739547505,1.4447901456845784,24.689622401770176,0.0014516029255479841,695700.0
99,Jupiter,9.070897019321354,4.952792478487641,13.334961545969021,0.0014516029255479841,695700.0
99,Saturn,3.6890304112590515,9.042185062601092,9.869158815288213,0.0014516029255479841,695700.0
99,Uranus,1.272139532510478,18.32371167808785,6.932822937940358,0.0014516029255479841,695700.0
99,Neptune,0.6060225949394592,29.70748746789548,5.444824326326662,0.0014516029255479841,695700.0
100,Mercury,70.16769412290287,0.34656097315760015,50.411196581102296,0.0014516029255479841,695700.0
100,Venus,160.4776070572936,0.727964129473838,34.78258406404066,0.0014516029255479841,695700.0
100,Earth,100.44877227301339,1.0027581141075226,29.63594232632857,0.0014516029255479841,695700.0
100,Mars,61.49479874947773,1.4459358361996113,24.679839024469114,0.0014516029255479841,695700.0
100,Jupiter,9.162449973038477,4.952850972666303,13.334882801430727,0.0014516029255479841,695700.0
100,Saturn,3.726287756092898,9.042205398563064,9.869147717389948,0.0014516029255479841,695700.0
100,Uranus,1.284989239420555,18.323715685479876,6.9328221798369984,0.0014516029255479841,695700.0
100,Neptune,0.6121440301134504,29.707487844895308,5.444824291778169,0.0014516029255479841,695700.0
101,Mercury,75.08610652189498,0.35210340233073145,50.012863692052214,0.0014516029255479841,695700.0
101,Venus,162.05930812353185,0.728008297952319,34.7815289132116,0.0014516029255479841,695700.0
101,Earth,101.42857154306861,1.003040210805201,29.631774602410477,0.0014516029255479841,695700.0
101,Mars,62.07371109010982,1.4470878357499697,24.67001348956056,0.0014516029255479841,695700.0
101,Jupiter,9.254000753497788,4.952910049217164,13.334803274322088,0.0014516029255479841,695700.0
101,Saturn,3.7635449325024286,9.042225938585974,9.869136508167976,0.0014516029255479841,695700.0
101,Uranus,1.2978389406818842,18.323719733139814,6.932821414116157,0.0014516029255479841,695700.0
101,Neptune,0.6182654651312938,29.707488225683928,5.44482425688247,0.0014516029255479841,695700.0
102,Mercury,79.85028803998354,0.3577723871804842,49.615048932993375,0.0014516029255479841,695700.0
102,Venus,163.6408251114698,0.7280488544923109,34.78056013336592,0.0014516029255479841,695700.0
102,Earth,102.40782078397388,1.0033213342424807,29.6276230062862,0.0014516029255479841,695700.0
102,Mars,62.651699965521786,1.4482460167832998,24.660147052474827,0.0014516029255479841,695700.0
102,Jupiter,9.345549339251052,4.952969707975504,13.33472296490687,0.0014516029255479841,695700.0
102,Saturn,3.8008019388072825,9.042246682660203,9.869125187628685,0.0014516029255479841,695700.0
102,Uranus,1.3106886362380477,18.323723821067453,6.932820640777885,0.0014516029255479841,695700.0
102,Neptune,0.6243868999914284,29.707488610261333,5.444824221639566,0.0014516029255479841,695700.0
103,Mercury,84.4646876413243,0.3635254001318659,49.22088893148661,0.0014516029255479841,695700.0
103,Venus,165.22217381048551,0.728085768599244,34.77967843120585,0.0014516029255479841,695700.0
103,Earth,103.38652243683748,1.0036014028715314,29.623488722139278,0.0014516029255479841,695700.0
103,Mars,63.22876271024592,1.4494102516518512,24.65024096456966,0.0014516029255479841,695700.0
103,Jupiter,9.437095708858239,4.9530299487749865,13.33464187345143,0.0014516029255479841,695700.0
103,Saturn,3.8380587733270453,9.042267630776045,9.869113755778518,0.0014516029255479841,695700.0
103,Uranus,1.3235383260326294,18.32372794926256,6.9328198598222315,0.0014516029255479841,695700.0
103,Neptune,0.6305083346922923,29.707488998627525,5.444824186049454,0.0014516029255479841,695700.0
104,Mercury,88.93469151873612,0.3693230926908677,48.83302204575211,0.0014516029255479841,695700.0
104,Venus,166.80337012889288,0.7281190125262194,34.77888444954365,0.0014516029255479841,695700.0
104,Earth,104.36467909578312,1.003880335587191,29.61937292570486,0.0014516029255479841,695700.0
104,Mars,63.804896788347904,1.4505804126330943,24.640296472900793,0.0014516029255479841,695700.0
104,Jupiter,9.528639840888069,4.953090771447666,13.334560000224661,0.0014516029255479841,695700.0
104,Saturn,3.8753154343816463,9.042288782923702,9.869102212623986,0.0014516029255479841,695700.0
104,Uranus,1.3363880100090466,18.323732117724916,6.932819071249248,0.0014516029255479841,695700.0
104,Neptune,0.6366297692323245,29.707489390782502,5.4448241501121375,0.0014516029255479841,695700.0
105,Mercury,93.26635620571022,0.37512934436201456,48.45362952469942,0.0014516029255479841,695700.0
105,Venus,168.38443008261385,0.7281485612923388,34.77817876693762,0.0014516029255479841,695700.0
105,Earth,105.34229350656983,1.0041580517486237,29.615276783986747,0.0014516029255479841,695700.0
105,Mars,64.38009979248133,1.451756371950055,24.63031481999821,0.0014516029255479841,695700.0
105,Jupiter,9.620181713917628,4.953152175823986,13.334477345498042,0.0014516029255479841,695700.0
105,Saturn,3.9125719202908984,9.04231013909327,9.869090558171665,0.0014516029255479841,695700.0
105,Uranus,1.349237688110883,18.32373632645429,6.932818275058981,0.0014516029255479841,695700.0
105,Neptune,0.6427512036099635,29.707489786726253,5.444824113827616,0.0014516029255479841,695700.0
106,Mercury,97.46618462772287,0.380911217788611,48.08448312069207,0.0014516029255479841,695700.0
106,Venus,169.96536978379814,0.7281743926991864,34.77756189736522,0.0014516029255479841,695700.0
106,Earth,106.31936856517945,1.0044344712007023,29.611201454980534,0.0014516029255479841,695700.0
106,Mars,64.95436944292058,1.4529380017913776,24.620297243648086,0.0014516029255479841,695700.0
106,Jupiter,9.711721306532914,4.95321416173278,13.334393909545598,0.0014516029255479841,695700.0
106,Saturn,3.949828229374909,9.042331699274762,9.869078792428187,0.0014516029255479841,695700.0
106,Uranus,1.362087360281723,18.32374057545045,6.932817471251489,0.0014516029255479841,695700.0
106,Neptune,0.6488726378236479,29.707490186458777,5.44482407719589,0.0014516029255479841,695700.0
107,Mercury,101.54094300947399,0.38663884614889904,47.72699492256469,0.0014516029255479841,695700.0
107,Venus,171.5462054293994,0.7281964873454563,34.777034289933496,0.0014516029255479841,695700.0
107,Earth,107.29590731637349,1.004709514295106,29.607148087402724,0.0014516029255479841,695700.0
107,Mars,65.52770358657128,1.4541251743311001,24.610244976680445,0.0014516029255479841,695700.0
107,Jupiter,9.803258597328457,4.953276729001277,13.334309692643913,0.0014516029255479841,695700.0
107,Saturn,3.987084359953902,9.042353463458081,9.869066915400257,0.0014516029255479841,695700.0
107,Uranus,1.3749370264649856,18.323744864713166,6.932816659826821,0.0014516029255479841,695700.0
107,Neptune,0.6549940718717644,29.707490589980075,5.444824040216958,0.0014516029255479841,695700.0
108,Mercury,105.49751485464523,0.3922852745733402,47.38226641980025,0.0014516029255479841,695700.0
108,Venus,173.12695328971222,0.7282148286397256,34.77659632862658,0.0014516029255479841,695700.0
108,Earth,108.27191295222157,1.0049831019111373,29.603117820425897,0.0014516029255479841,695700.0
108,Mars,66.10010019596027,1.4553177617481459,24.600159246762527,0.0014516029255479841,695700.0
108,Jupiter,9.894793564907868,4.9533398774550905,13.334224695072141,0.0014516029255479841,695700.0
108,Saturn,4.024340310348046,9.04237543163305,9.869054927094634,0.0014516029255479841,695700.0
108,Uranus,1.387786686604256,18.323749194242207,6.932815840785026,0.0014516029255479841,695700.0
108,Neptune,0.6611155057528553,29.70749099729013,5.444824002890825,0.0014516029255479841,695700.0
109,Mercury,109.34278739110626,0.39782627306839824,47.05113484124415,0.0014516029255479841,695700.0
109,Venus,174.70762969687405,0.7282294028113669,34.7762483320901,0.0014516029255479841,695700.0
109,Earth,109.24738881060037,1.00525515547625,29.599111783419858,0.0014516029255479841,695700.0
109,Mars,66.67155736820594,1.4565156362455296,24.59004127619779,0.0014516029255479841,695700.0
109,Jupiter,9.986326187883497,4.953403606918235,13.334138917111975,0.0014516029255479841,695700.0
109,Saturn,4.061596078877808,9.042397603789384,9.869042827518149,0.0014516029255479841,695700.0
109,Uranus,1.4006363406431204,18.323753564037332,6.93281501412616,0.0014516029255479841,695700.0
109,Neptune,0.6672369394653074,29.70749140838894,5.444823965217488,0.0014516029255479841,695700.0
110,Mercury,113.08356566218461,0.4032401344975122,46.734215616729294,0.0014516029255479841,695700.0
110,Venus,176.28825103334034,0.7282401989195987,34.775990553452665,0.0014516029255479841,695700.0
110,Earth,110.22233837366525,1.005525596986289,29.595131095698772,0.0014516029255479841,695700.0
110,Mars,67.24207332396865,1.4577186700692715,24.57989228173065,0.0014516029255479841,695700.0
110,Jupiter,10.077856444876705,4.9534679172131115,13.334052359047673,0.0014516029255479841,695700.0
110,Saturn,4.0988516638637735,9.04241997991671,9.869030616677687,0.0014516029255479841,695700.0
110,Uranus,1.413485988524998,18.323757974098303,6.932814179850277,0.0014516029255479841,695700.0
110,Neptune,0.6733583730075595,29.70749182327651,5.444823927196948,0.0014516029255479841,695700.0
111,Mercury,116.7265096247072,0.4085074677587213,46.4319404040496,0.0014516029255479841,695700.0
111,Venus,177.8688337203349,0.7282472088606711,34.77582318018423,0.0014516029255479841,695700.0
111,Earth,111.1967652662962,1.0057943490254404,29.59117686627417,0.0014516029255479841,695700.0
111,Mars,67.81164640638409,1.4589267355270221,24.56971347435683,0.0014516029255479841,695700.0
111,Jupiter,10.169384314518107,4.9535328081605225,13.33396502116604,0.0014516029255479841,695700.0
111,Saturn,4.136107063626479,9.04244256000456,9.869018294580203,0.0014516029255479841,695700.0
111,Uranus,1.4263356301934753,18.32376242442487,6.93281333795743,0.0014516029255479841,695700.0
111,Neptune,0.6794798063780499,29.707492241952824,5.444823888829205,0.0014516029255479841,695700.0
112,Mercury,120.27809002042896,0.4136109934675894,46.14459053911182,0.0014516029255479841,695700.0
112,Venus,179.44939420628378,0.7282504273731873,34.7757463339912,0.0014516029255479841,695700.0
112,Earth,112.17067325451742,1.0060613347858884,29.587250193613848,0.0014516029255479841,695700.0
112,Mars,68.38027507997838,1.4601397050063916,24.559506059139363,0.0014516029255479841,695700.0
112,Jupiter,10.260909775447258,4.953598279579663,13.33387690375643,0.0014516029255479841,695700.0
112,Saturn,4.17336227648676,9.042465344042364,9.869005861232715,0.0014516029255479841,695700.0
112,Uranus,1.439185265592141,18.323766915016808,6.932812488447674,0.0014516029255479841,695700.0
112,Neptune,0.6856012395752172,29.70749266441788,5.444823850114261,0.0014516029255479841,695700.0
113,Mercury,123.74455930097007,0.4185353471861839,45.87232604054454,0.0014516029255479841,695700.0
113,Venus,-178.9700510447636,0.7282498520415558,34.77576007074849,0.0014516029255479841,695700.0
113,Earth,113.14406624389221,1.0063264780871786,29.58335216540663,0.0014516029255479841,695700.0
113,Mars,68.94795792956755,1.4613574509929874,24.549271235030204,0.0014516029255479841,695700.0
113,Jupiter,10.352432806313189,4.953664331288121,13.333788007110748,0.0014516029255479841,695700.0
113,Saturn,4.2106173007655725,9.042488332019467,9.868993316642298,0.0014516029255479841,695700.0
113,Uranus,1.4520348946644148,18.323771445873856,6.93281163132106,0.0014516029255479841,695700.0
113,Neptune,0.6917226725975004,29.70749309067168,5.444823811052115,0.0014516029255479841,695700.0
114,Mercury,127.1319344289286,0.4232668934760665,45.61521046635699,0.0014516029255479841,695700.0
114,Venus,-177.38948556472135,0.7282454832975758,34.775864380468285,0.0014516029255479841,695700.0
114,Earth,114.11694827789552,1.0065897033952846,29.579483858332885,0.0014516029255479841,695700.0
114,Mars,69.51469365914069,1.4625798460881516,24.539010194697443,0.0014516029255479841,695700.0
114,Jupiter,10.443953385774027,4.953730963101889,13.333698331523442,0.0014516029255479841,695700.0
114,Saturn,4.247872134783835,9.042511523925109,9.868980660816097,0.0014516029255479841,695700.0
114,Uranus,1.4648845173538858,18.323776016995776,6.932810766577648,0.0014516029255479841,695700.0
114,Neptune,0.6978441054432857,29.707493520714205,5.444823771642769,0.0014516029255479841,695700.0
115,Mercury,130.44598890116433,0.4277935527208279,45.37323200926302,0.0014516029255479841,695700.0
115,Venus,-175.80889289305443,0.7282373244201535,34.776059187305634,0.0014516029255479841,695700.0
115,Earth,115.08932353626183,1.0068509358413806,29.575646337840812,0.0014516029255479841,695700.0
115,Mars,70.08048109072888,1.463806763026406,24.52872412435802,0.0014516029255479841,695700.0
115,Jupiter,10.535471492497527,4.953798174835353,13.333607877291504,0.0014516029255479841,695700.0
115,Saturn,4.285126776862814,9.04253491974844,9.868967893761315,0.0014516029255479841,695700.0
115,Uranus,1.4777341336041425,18.32378062838231,6.9328098942174945,0.0014516029255479841,695700.0
115,Neptune,0.7039655381111158,29.707493954545466,5.444823731886222,0.0014516029255479841,695700.0
116,Mercury,133.6922518176139,0.43210464168417156,45.146321252984905,0.0014516029255479841,695700.0
116,Venus,-174.22825658836362,0.7282253815331514,34.77634434960083,0.0014516029255479841,695700.0
116,Earth,116.06119633331336,1.0071101012403134,29.57184065792835,0.0014516029255479841,695700.0
116,Mars,70.64531916326008,1.4650380746925944,24.518414203616043,0.0014516029255479841,695700.0
116,Jupiter,10.626987105160726,4.953865966301297,13.333516644714475,0.0014516029255479841,695700.0
116,Saturn,4.3223812253236815,9.042558519478515,9.868955015485225,0.0014516029255479841,695700.0
116,Uranus,1.4905837433586073,18.323785280033206,6.932809014240653,0.0014516029255479841,695700.0
116,Neptune,0.7100869705993776,29.70749439216545,5.444823691782474,0.0014516029255479841,695700.0
117,Mercury,136.8760122382592,0.4361907280708759,44.93436601253676,0.0014516029255479841,695700.0
117,Venus,-172.64756023996128,0.7282096636013674,34.77671965995853,0.0014516029255479841,695700.0
117,Earth,117.03257111626539,1.0073671261087769,29.568067860930828,0.0014516029255479841,695700.0
117,Mars,71.20920693140057,1.4662736541387282,24.5080816053065,0.0014516029255479841,695700.0
117,Jupiter,10.71850020245043,4.953934337310909,13.333424634094426,0.0014516029255479841,695700.0
117,Saturn,4.359635478487908,9.042582323104288,9.868942025995157,0.0014516029255479841,695700.0
117,Uranus,1.5034333465608698,18.323789971948216,6.9328081266471795,0.0014516029255479841,695700.0
117,Neptune,0.7162084029065093,29.70749483357415,5.444823651331529,0.0014516029255479841,695700.0
118,Mercury,140.00232742914176,0.44004349887732125,44.73722366059042,0.0014516029255479841,695700.0
118,Venus,-171.066787479433,0.7281901824246497,34.77718484536377,0.0014516029255479841,695700.0
118,Earth,118.00345246351323,1.0076219376831883,29.56432897731402,0.0014516029255479841,695700.0
118,Mars,71.77214356438468,1.4675133746005335,24.49772749534447,0.0014516029255479841,695700.0
118,Jupiter,10.810010763062884,4.954003287673775,13.333331845735973,0.0014516029255479841,695700.0
118,Saturn,4.396889534677095,9.042606330614626,9.868928925298503,0.0014516029255479841,695700.0
118,Uranus,1.5162829431545202,18.32379470412708,6.932807231437132,0.0014516029255479841,695700.0
118,Neptune,0.7223298350309502,29.70749527877156,5.444823610533383,0.0014516029255479841,695700.0
119,Mercury,143.07603389814918,0.4436556420031266,44.554731309040456,0.0014516029255479841,695700.0
119,Venus,-169.48592199218032,0.7281669526301444,34.77773956733483,0.0014516029255479841,695700.0
119,Earth,118.97384508289815,1.0078744639372625,29.560625025472866,0.0014516029255479841,695700.0
119,Mars,72.33412834483237,1.4687571095136953,24.487353032579723,0.0014516029255479841,695700.0
119,Jupiter,10.901518765704285,4.954072817197884,13.333238279946267,0.0014516029255479841,695700.0
119,Saturn,4.4341433922128095,9.042630541998296,9.868915713402725,0.0014516029255479841,695700.0
119,Uranus,1.529132533082983,18.32379947656954,6.932806328610571,0.0014516029255479841,695700.0
119,Neptune,0.728451266971138,29.70749572775769,5.444823569388039,0.0014516029255479841,695700.0
120,Mercury,146.10176036818936,0.4470207404034508,44.38671417626944,0.0014516029255479841,695700.0
120,Venus,-167.90494752893773,0.7281399916626798,34.77838342211297,0.0014516029255479841,695700.0
120,Earth,119.94375380995707,1.0081246335992877,29.55695701153552,0.0014516029255479841,695700.0
120,Mars,72.89516066755638,1.470004732529803,24.47695936865666,0.0014516029255479841,695700.0
120,Jupiter,10.993024189090404,4.954142925689627,13.333143937034986,0.0014516029255479841,695700.0
120,Saturn,4.4713970494169155,9.04265495724397,9.868902390315343,0.0014516029255479841,695700.0
120,Uranus,1.5419821162898486,18.323804289275337,6.932805418167551,0.0014516029255479841,695700.0
120,Neptune,0.7345726987255121,29.70749618053251,5.4448235278954975,0.0014516029255479841,695700.0
121,Mercury,149.08394203598402,0.45013317795920993,44.23299243058731,0.0014516029255479841,695700.0
121,Venus,-166.32384791726116,0.7281093197732901,34.77911594088917,0.0014516029255479841,695700.0
121,Earth,120.91318360615273,1.0083723761690992,29.553325929172807,0.0014516029255479841,695700.0
121,Mars,73.45524003835975,1.4712561175319987,24.466547647879544,0.0014516029255479841,695700.0
121,Jupiter,11.084527011947138,4.954213612953799,13.333048817314358,0.0014516029255479841,695700.0
121,Saturn,4.508650504611418,9.042679576340225,9.868888956043941,0.0014516029255479841,695700.0
121,Uranus,1.5548316927187096,18.3238091422442,6.932804500108134,0.0014516029255479841,695700.0
121,Neptune,0.7406941302924586,29.707496637096032,5.444823486055759,0.0014516029255479841,695700.0
122,Mercury,152.02683562596295,0.45298805620411176,44.09338676148468,0.0014516029255479841,695700.0
122,Venus,-164.74260707297944,0.7280749600058791,34.77993659006792,0.0014516029255479841,695700.0
122,Earth,121.8821395570885,1.008617621934754,29.549732759412958,0.0014516029255479841,695700.0
122,Mars,74.01436607282312,1.4725111386503185,24.456119007083043,0.0014516029255479841,695700.0
122,Jupiter,11.176027213010174,4.954284878793599,13.332952921099123,0.0014516029255479841,695700.0
122,Saturn,4.545903756118284,9.042704399275545,9.868875410596168,0.0014516029255479841,695700.0
122,Uranus,1.56768126231299,18.323814035475873,6.93280357443238,0.0014516029255479841,695700.0
122,Neptune,0.7468155616705205,29.707497097448247,5.444823443868823,0.0014516029255479841,695700.0
123,Mercury,154.9345348771544,0.4555811210535026,43.96772289418696,0.0014516029255479841,695700.0
123,Venus,-163.16120901160534,0.7280369381820303,34.78084477156808,0.0014516029255479841,695700.0
123,Earth,122.85062687070646,1.0088603019889022,29.546178470461637,0.0014516029255479841,695700.0
123,Mars,74.57253849508487,1.4737696702767416,24.44567457550791,0.0014516029255479841,695700.0
123,Jupiter,11.26752477102525,4.954356723010634,13.332856248706557,0.0014516029255479841,695700.0
123,Saturn,4.583156802259784,9.042729426038315,9.868861753979733,0.0014516029255479841,695700.0
123,Uranus,1.580530825016284,18.323818968970084,6.932802641140345,0.0014516029255479841,695700.0
123,Neptune,0.7529369928580846,29.70749756158915,5.44482340133469,0.0014516029255479841,695700.0
124,Mercury,157.81098620238356,0.4579086987160604,43.85583523025329,0.0014516029255479841,695700.0
124,Venus,-161.5796378597008,0.7279952828839638,34.78183982316095,0.0014516029255479841,695700.0
124,Earth,123.81865087547011,1.0091003482448608,29.542664017527013,0.0014516029255479841,695700.0
124,Mars,75.12975713661221,1.475031587079934,24.435215474681847,0.0014516029255479841,695700.0
124,Jupiter,11.359019664748407,4.954429145404915,13.332758800456464,0.0014516029255479841,695700.0
124,Saturn,4.620409641358332,9.042754656616829,9.86884798620241,0.0014516029255479841,695700.0
124,Uranus,1.593380380772184,18.323823942726563,6.93280170023209,0.0014516029255479841,695700.0
124,Neptune,0.7590584238535889,29.70749802951873,5.444823358453362,0.0014516029255479841,695700.0
125,Mercury,160.66000433861296,0.4599676400247845,43.75756976787229,0.0014516029255479841,695700.0
125,Venus,-159.99787786618896,0.7279500254356468,34.78292101884572,0.0014516029255479841,695700.0
125,Earth,124.78621701853355,1.0093376934523848,29.539190342650002,0.0014516029255479841,695700.0
125,Mars,75.68602193496616,1.4762967640196982,24.42474281830543,0.0014516029255479841,695700.0
125,Jupiter,11.45051187294566,4.95450214577486,13.33266057667117,0.0014516029255479841,695700.0
125,Saturn,4.65766227173631,9.042780090999281,9.868834107272034,0.0014516029255479841,695700.0
125,Uranus,1.606229929524117,18.323828956745036,6.932800751707677,0.0014516029255479841,695700.0
125,Neptune,0.7651798546554724,29.70749850123699,5.444823315224838,0.0014516029255479841,695700.0
126,Mercury,163.48528786916305,0.4617552724909522,43.67278642999576,0.0014516029255479841,695700.0
126,Venus,-158.41591341361007,0.7279011998820616,34.78408756926223,0.0014516029255479841,695700.0
126,Earth,125.75333086389593,1.0095722712131399,29.53575837453946,0.0014516029255479841,695700.0
126,Mars,76.24133293255991,1.477565076361122,24.414257712143083,0.0014516029255479841,695700.0
126,Jupiter,11.542001374393537,4.954575723917297,13.33256157767552,0.0014516029255479841,695700.0
126,Saturn,4.6949146917164075,9.042805729173773,9.86882011719651,0.0014516029255479841,695700.0
126,Uranus,1.6190794712157335,18.32383401102523,6.93279979556717,0.0014516029255479841,695700.0
126,Neptune,0.771301285262174,29.70749897674392,5.4448232716491205,0.0014516029255479841,695700.0
127,Mercury,166.29043454641734,0.4632693594584509,43.60136090627278,0.0014516029255479841,695700.0
127,Venus,-156.83372902931288,0.7278488429666357,34.78533862214126,0.0014516029255479841,695700.0
127,Earth,126.7199980905428,1.0098040159958743,29.53236902841231,0.0014516029255479841,695700.0
127,Mars,76.79569027541115,1.4788363996884297,24.403761253919043,0.0014516029255479841,695700.0
127,Jupiter,11.633488147878717,4.954649879627462,13.332461803796885,0.0014516029255479841,695700.0
127,Saturn,4.732166899621455,9.042831571128314,9.868806015983795,0.0014516029255479841,695700.0
127,Uranus,1.631929005790461,18.323839105566876,6.932798831810624,0.0014516029255479841,695700.0
127,Neptune,0.777422715672132,29.707499456039518,5.444823227726206,0.0014516029255479841,695700.0
128,Mercury,169.07895638034748,0.4645080658125841,43.543186095555896,0.0014516029255479841,695700.0
128,Venus,-155.25130939657785,0.7277929941068421,34.78667326279248,0.0014516029255479841,695700.0
128,Earth,127.68622449057621,1.0100328631512927,29.529023205838527,0.0014516029255479841,695700.0
128,Mars,77.34909421189015,1.4801106099185417,24.39325453321813,0.0014516029255479841,695700.0
128,Jupiter,11.724972172198541,4.954724612699003,13.332361255365152,0.0014516029255479841,695700.0
128,Saturn,4.769418893774257,9.042857616850815,9.868791803641919,0.0014516029255479841,695700.0
128,Uranus,1.6447785331918947,18.323844240369684,6.932797860438107,0.0014516029255479841,695700.0
128,Neptune,0.783544145883785,29.70749993912377,5.4448231834561005,0.0014516029255479841,695700.0
129,Mercury,171.8542944861412,0.46546992977477225,43.498173219158645,0.0014516029255479841,695700.0
129,Venus,-153.66863936566588,0.7277336953679729,34.788090514630134,0.0014516029255479841,695700.0
129,Earth,128.65201596733166,1.0102587489266321,29.525721794590805,0.0014516029255479841,695700.0
129,Mars,77.90154509146268,1.4813875833143322,24.382738631391494,0.0014516029255479841,695700.0
129,Jupiter,11.81645342616065,4.954799922923979,13.332259932712718,0.0014516029255479841,695700.0
129,Saturn,4.806670672497986,9.04288386632909,9.86877748017897,0.0014516029255479841,695700.0
129,Uranus,1.6576280533636303,18.32384941543338,6.932796881449679,0.0014516029255479841,695700.0
129,Neptune,0.7896655758955201,29.707500425996678,5.4448231388388,0.0014516029255479841,695700.0
130,Mercury,174.61983370524428,0.46615384039114666,43.466252660654334,0.0014516029255479841,695700.0
130,Venus,-152.0857039647854,0.7276709914350987,34.78958933973656,0.0014516029255479841,695700.0
130,Earth,129.61737853348467,1.0104816104799397,29.52246566849901,0.0014516029255479841,695700.0
130,Mars,78.45304336343017,1.482667196497602,24.37221462146701,0.0014516029255479841,695700.0
130,Jupiter,11.907931888583523,4.954875810092861,13.332157836174503,0.0014516029255479841,695700.0
130,Saturn,4.843922234115734,9.042910319550861,9.868763045603098,0.0014516029255479841,695700.0
130,Uranus,1.6704775662490976,18.32385463075768,6.932795894845405,0.0014516029255479841,695700.0
130,Neptune,0.7957870057058793,29.707500916658233,5.444823093874308,0.0014516029255479841,695700.0
131,Mercury,177.37891702969543,0.46655902039815483,43.44737457542871,0.0014516029255479841,695700.0
131,Venus,-150.50248841097465,0.7276049295832142,34.79116863946371,0.0014516029255479841,695700.0
131,Earth,130.58231830914704,1.0107013858940546,29.519255687309116,0.0014516029255479841,695700.0
131,Mars,79.00358957566577,1.4839493264617494,24.361683568064475,0.0014516029255479841,695700.0
131,Jupiter,11.999407538296085,4.954952273994531,13.33205496608793,0.0014516029255479841,695700.0
131,Saturn,4.881173576950909,9.042936976503752,9.868748499922521,0.0014516029255479841,695700.0
131,Uranus,1.6833270717918938,18.323859886342294,6.932794900625347,0.0014516029255479841,695700.0
131,Neptune,0.80190843531325,29.70750141110843,5.444823048562623,0.0014516029255479841,695700.0
132,Mercury,-179.8651401291369,0.46668501422171693,43.441509302065825,0.0014516029255479841,695700.0
132,Venus,-148.91897812089013,0.727535559645587,34.79282725507283,0.0014516029255479841,695700.0
132,Earth,131.54684151995286,1.0109180141902943,29.516092696546732,0.0014516029255479841,695700.0
132,Mars,79.55318437334893,1.4852338505841598,24.351146527315375,0.0014516029255479841,695700.0
132,Jupiter,12.090880354138264,4.95502931441629,13.331951322792936,0.0014516029255479841,695700.0
132,Saturn,4.9184246993270655,9.042963837175298,9.868733843145515,0.0014516029255479841,695700.0
132,Uranus,1.6961765699356164,18.323865182186942,6.93279389878957,0.0014516029255479841,695700.0
132,Neptune,0.8080298647160701,29.70750190934726,5.444823002903747,0.0014516029255479841,695700.0
133,Mercury,-177.1090357785873,0.46653168093829794,43.44864759760492,0.0014516029255479841,695700.0
133,Venus,-147.33515872149735,0.727462933980312,34.79456396841228,0.0014516029255479841,695700.0
133,Earth,132.51095449513505,1.011131435341846,29.512977527385015,0.0014516029255479841,695700.0
133,Mars,80.10182849769764,1.4865206466383007,24.340604546787223,0.0014516029255479841,695700.0
133,Jupiter,12.182350314960598,4.955106931143851,13.331846906631965,0.0014516029255479841,695700.0
133,Saturn,4.955675599567731,9.042990901552932,9.868719075280422,0.0014516029255479841,695700.0
133,Uranus,1.7090260606236962,18.323870518291333,6.932792889338139,0.0014516029255479841,695700.0
133,Neptune,0.8141512939127789,29.70750241137473,5.44482295689768,0.0014516029255479841,695700.0
134,Mercury,-174.3494672358617,0.46609919209681105,43.46880070942605,0.0014516029255479841,695700.0
134,Venus,-145.75101606065627,0.7273871074350851,34.796377502633746,0.0014516029255479841,695700.0
134,Earth,133.47466366559394,1.011341590286865,29.50991099651689,0.0014516029255479841,695700.0
134,Mars,80.64952278469941,1.4878095928055306,24.330058665412437,0.0014516029255479841,695700.0
134,Jupiter,12.273817399624766,4.955185123961343,13.331741717949962,0.0014516029255479841,695700.0
134,Saturn,4.99292627599676,9.043018169623995,9.868704196335646,0.0014516029255479841,695700.0
134,Uranus,1.7218755437997322,18.323875894655174,6.932791872271118,0.0014516029255479841,695700.0
134,Neptune,0.8202727229018149,29.707502917190823,5.444822910544422,0.0014516029255479841,695700.0
135,Mercury,-171.5831170164544,0.46538803437001053,43.50200028768676,0.0014516029255479841,695700.0
135,Venus,-144.16653621759644,0.7273081373102059,34.798266522946946,0.0014516029255479841,695700.0
135,Earth,134.43797556195707,1.0115484209412815,29.506893906031564,0.0014516029255479841,695700.0
135,Mars,81.19626816384185,1.4891005676866245,24.319509913421584,0.0014516029255479841,695700.0
135,Jupiter,12.365281587003288,4.955263892651315,13.331635757094382,0.0014516029255479841,695700.0
135,Saturn,5.0301767269381505,9.04304564137573,9.868689206319655,0.0014516029255479841,695700.0
135,Uranus,1.7347250194073236,18.323881311278164,6.932790847588574,0.0014516029255479841,695700.0
135,Neptune,0.8263941516816166,29.707503426795526,5.444822863843974,0.0014516029255479841,695700.0
136,Mercury,-168.8066386640403,0.4643990170735227,43.54829813353357,0.0014516029255479841,695700.0
136,Venus,-142.5817055132748,0.7272260833198219,34.80022963741281,0.0014516029255479841,695700.0
136,Earth,135.400896812631,1.011751870211316,29.503927043295192,0.0014516029255479841,695700.0
136,Mars,81.74206565684273,1.4903934503130132,24.308959312281,0.0014516029255479841,695700.0
136,Jupiter,12.456742855979753,4.955343236994734,13.331529024415172,0.0014516029255479841,695700.0
136,Saturn,5.067426950715887,9.043073316795294,9.868674105240977,0.0014516029255479841,695700.0
136,Uranus,1.7475744873899028,18.32388676816002,6.932789815290573,0.0014516029255479841,695700.0
136,Neptune,0.8325155802505705,29.70750394018885,5.4448228167963375,0.0014516029255479841,695700.0
137,Mercury,-166.0166424685626,0.4631332846604601,43.60776576944686,0.0014516029255479841,695700.0
137,Venus,-140.9965105206097,0.7271410075514252,34.8022653977754,0.0014516029255479841,695700.0
137,Earth,136.3634341418471,1.0119518820057047,29.501011180835608,0.0014516029255479841,695700.0
137,Mars,82.28691637638097,1.4916881201577463,24.298407874634677,0.0014516029255479841,695700.0
137,Jupiter,12.548201185449086,4.955423156770983,13.331421520264783,0.0014516029255479841,695700.0
137,Saturn,5.104676945654269,9.043101195869738,9.868658893108208,0.0014516029255479841,695700.0
137,Uranus,1.7604239476910704,18.32389226530043,6.932788775377181,0.0014516029255479841,695700.0
137,Neptune,0.8386370086072197,29.707504457370778,5.4448227694015126,0.0014516029255479841,695700.0
138,Mercury,-163.2096810243057,0.4615923343702236,43.68049380873732,0.0014516029255479841,695700.0
138,Venus,-139.4109380745846,0.7270529744236164,34.80437230033255,0.0014516029255479841,695700.0
138,Earth,137.3255943676994,1.0121484012476383,29.498147076231046,0.0014516029255479841,695700.0
138,Mars,82.83082152482804,1.49298445714617,24.28785660425034,0.0014516029255479841,695700.0
138,Jupiter,12.639656554317213,4.955503651757871,13.33131324499816,0.0014516029255479841,695700.0
138,Saturn,5.141926710077758,9.043129278586024,9.86864356993,0.0014516029255479841,695700.0
138,Uranus,1.773273400254427,18.3238978026991,6.932787727848466,0.0014516029255479841,695700.0
138,Neptune,0.8447584367499507,29.70750497834131,5.4448227216594995,0.0014516029255479841,695700.0
139,Mercury,-160.3822345877787,0.45977803928206407,43.76659109107854,0.0014516029255479841,695700.0
139,Venus,-137.82497528221546,0.7269620506421505,34.8065487868453,0.0014516029255479841,695700.0
139,Earth,138.2873844001769,1.0123413738864118,29.4953354720028,0.0014516029255479841,695700.0
139,Mars,83.37378239298114,1.494282341666333,24.277306495969654,0.0014516029255479841,695700.0
139,Jupiter,12.731108941501608,4.955584721731624,13.331204198972742,0.0014516029255479841,695700.0
139,Saturn,5.179176242310793,9.043157564931017,9.868628135715074,0.0014516029255479841,695700.0
139,Uranus,1.7861228450234077,18.32390338035573,6.932786672704494,0.0014516029255479841,695700.0
139,Neptune,0.8508798646772022,29.707505503100432,5.4448226735702985,0.0014516029255479841,695700.0
140,Mercury,-157.5306962068447,0.45769267709756556,43.86618353970138,0.0014516029255479841,695700.0
140,Venus,-136.23860953237434,0.7268683051542785,34.80879324548621,0.0014516029255479841,695700.0
140,Earth,139.2488112391903,1.0125307469087912,29.492577095511642,0.0014516029255479841,695700.0
140,Mars,83.91580035879844,1.4955816545791183,24.266758535662454,0.0014516029255479841,695700.0
140,Jupiter,12.822558325930904,4.955666366466894,13.331094382548457,0.0014516029255479841,695700.0
140,Saturn,5.216425540678199,9.043186054891486,9.868612590472214,0.0014516029255479841,695700.0
140,Uranus,1.7989722819416145,18.323908998270014,6.932785609945334,0.0014516029255479841,695700.0
140,Neptune,0.8570012923874128,29.707506031648144,5.444822625133909,0.0014516029255479841,695700.0
141,Mercury,-154.65135660858346,0.4553389650514894,43.979412683138285,0.0014516029255479841,695700.0
141,Venus,-134.65182850546367,0.726771809101402,34.81110401182669,0.0014516029255479841,695700.0
141,Earth,140.20988197259268,1.0127164683500964,29.489872658858033,0.0014516029255479841,695700.0
141,Mars,84.45687688613647,1.4968822772280985,24.256213700185004,0.0014516029255479841,695700.0
141,Jupiter,12.914004686545438,4.955748585736754,13.330983796087724,0.0014516029255479841,695700.0
141,Saturn,5.253674603504731,9.043214748454108,9.868596934210261,0.0014516029255479841,695700.0
141,Uranus,1.8118217109526493,18.32391465644164,6.932784539571056,0.0014516029255479841,695700.0
141,Neptune,0.8631227198790213,29.707506563984442,5.444822576350336,0.0014516029255479841,695700.0
142,Mercury,-151.74038885500684,0.4527201014271107,44.106433769817336,0.0014516029255479841,695700.0
142,Venus,-133.06462018293252,0.7266726357700602,34.81347936986313,0.0014516029255479841,695700.0
142,Earth,141.17060377419565,1.0128984873049993,29.48722285878596,0.0014516029255479841,695700.0
142,Mars,84.99701352349041,1.4981840914491271,24.24567295734204,0.0014516029255479841,695700.0
142,Jupiter,13.005448002296868,4.955831379312704,13.330872439955447,0.0014516029255479841,695700.0
142,Saturn,5.29092342911547,9.043243645605466,9.868581166938126,0.0014516029255479841,695700.0
142,Uranus,1.8246711319999496,18.323920354870303,6.932783461581727,0.0014516029255479841,695700.0
142,Neptune,0.8692441471504664,29.70750710010931,5.444822527219575,0.0014516029255479841,695700.0
143,Mercury,-148.7938328044661,0.4498398142295147,44.24741338697733,0.0014516029255479841,695700.0
143,Venus,-131.4769728566297,0.7265708605412632,34.81591755308209,0.0014516029255479841,695700.0
143,Earth,142.1309839017813,1.0130767539380454,29.484628376590276,0.0014516029255479841,695700.0
143,Mars,85.5362119027381,1.4994869795796613,24.235137265852735,0.0014516029255479841,695700.0
143,Jupiter,13.096888252148704,4.955914746964668,13.330760314519022,0.0014516029255479841,695700.0
143,Saturn,5.328172015835657,9.043272746332041,9.868565288664778,0.0014516029255479841,695700.0
143,Uranus,1.8375205450271175,18.323926093555688,6.932782375977418,0.0014516029255479841,695700.0
143,Neptune,0.8753655742001345,29.707507640022758,5.444822477741629,0.0014516029255479841,695700.0
144,Mercury,-145.8075794542959,0.4467024176468354,44.40252647590832,0.0014516029255479841,695700.0
144,Venus,-129.8888751379855,0.7264665608381962,34.81841674556437,0.0014516029255479841,695700.0
144,Earth,143.09102969510934,1.0132512194938923,29.48208987802768,0.0014516029255479841,695700.0
144,Mars,86.07447373788771,1.5007908244678185,24.22460757532033,0.0014516029255479841,695700.0
144,Jupiter,13.188325415075928,4.955998688460999,13.330647420148317,0.0014516029255479841,695700.0
144,Saturn,5.365420361990524,9.043302050620229,9.868549299399248,0.0014516029255479841,695700.0
144,Uranus,1.8503699499777593,18.323931872497482,6.9327812827581985,0.0014516029255479841,695700.0
144,Neptune,0.8814870010265689,29.707508183724766,5.444822427916499,0.0014516029255479841,695700.0
145,Mercury,-142.77735528934744,0.4433128770027098,44.57195261303132,0.0014516029255479841,695700.0
145,Venus,-128.3003159670159,0.7263598160723131,34.82097508312802,0.0014516029255479841,695700.0
145,Earth,144.05074857392052,1.0134218363072744,29.479608013230877,0.0014516029255479841,695700.0
145,Mars,86.61180082382936,1.5020955094811763,24.21408482620544,0.0014516029255479841,695700.0
145,Jupiter,13.279759470065553,4.956083203568476,13.33053375721568,0.0014516029255479841,695700.0
145,Saturn,5.402668465905631,9.04333155845632,9.868533199150637,0.0014516029255479841,695700.0
145,Uranus,1.8632193467953118,18.323937691695374,6.93278018192414,0.0014516029255479841,695700.0
145,Neptune,0.8876084276281557,29.707508731215327,5.4448223777441855,0.0014516029255479841,695700.0
146,Mercury,-139.69870682451625,0.4396768829695404,44.75587140047885,0.0014516029255479841,695700.0
146,Venus,-126.71128462114189,0.7262507075878418,34.823590654510106,0.0014516029255479841,695700.0
146,Earth,145.01014803593722,1.0135885578126893,29.477183416626257,0.0014516029255479841,695700.0
146,Mars,87.14819503509169,1.5034009185153099,24.20356994980294,0.0014516029255479841,695700.0
146,Jupiter,13.371190396116209,4.95616829205231,13.330419326095946,0.0014516029255479841,695700.0
146,Saturn,5.439916325906705,9.043361269826516,9.868516987928103,0.0014516029255479841,695700.0
146,Uranus,1.8760687354233812,18.323943551149036,6.932779073475313,0.0014516029255479841,695700.0
146,Neptune,0.8937298540033338,29.707509282494442,5.4448223272246885,0.0014516029255479841,695700.0
147,Mercury,-136.56698561083908,0.43580093586606306,44.9544567803869,0.0014516029255479841,695700.0
147,Venus,-125.12177072381567,0.7261393186047246,34.82626150258726,0.0014516029255479841,695700.0
147,Earth,145.9692356548602,1.0137513385538117,29.474816706854646,0.0014516029255479841,695700.0
147,Mars,87.68365832460367,1.5047069360020766,24.19306386822234,0.0014516029255479841,695700.0
147,Jupiter,13.46261817223869,4.956253953676141,13.330304127166414,0.0014516029255479841,695700.0
147,Saturn,5.477163940319463,9.043391184716926,9.868500665740866,0.0014516029255479841,695700.0
147,Uranus,1.8889181158055737,18.32394945085816,6.932777957411788,0.0014516029255479841,695700.0
147,Neptune,0.8998512801505419,29.7075098375621,5.444822276358008,0.0014516029255479841,695700.0
148,Mercury,-133.3773340785539,0.4316924408963463,45.1678700540162,0.0014516029255479841,695700.0
148,Venus,-123.53176425294807,0.7260257341600187,34.82898562563476,0.0014516029255479841,695700.0
148,Earth,146.92801907836227,1.013910134192635,29.472508486695315,0.0014516029255479841,695700.0
148,Mars,88.21819272246123,1.5060134469176452,24.182567494371607,0.0014516029255479841,695700.0
148,Jupiter,13.554042777455644,4.956340188202039,13.330188160806863,0.0014516029255479841,695700.0
148,Saturn,5.514411307469956,9.04342130311356,9.868484232598213,0.0014516029255479841,695700.0
148,Uranus,1.9017674878853286,18.323955390822405,6.932776833733639,0.0014516029255479841,695700.0
148,Neptune,0.9059727060682189,29.7075103964183,5.444822225144146,0.0014516029255479841,695700.0
149,Mercury,-130.12467272187232,0.4273598151897971,45.39625135036297,0.0014516029255479841,695700.0
149,Venus,-121.94125554912851,0.7259100410477837,34.831760978624075,0.0014516029255479841,695700.0
149,Earth,147.88650602608058,1.0140649015183407,29.470259342993014,0.0014516029255479841,695700.0
149,Mars,88.7518003347004,1.5073203367902792,24.172081731944292,0.0014516029255479841,695700.0
149,Jupiter,13.645464190801821,4.956426995390508,13.330071427399535,0.0014516029255479841,695700.0
149,Saturn,5.5516584256844075,9.04345162500233,9.868467688509494,0.0014516029255479841,695700.0
149,Uranus,1.9146168516062547,18.323961371041467,6.932775702440937,0.0014516029255479841,695700.0
149,Neptune,0.9120941317548033,29.70751095906303,5.444822173583102,0.0014516029255479841,695700.0
150,Mercury,-126.80368929502508,0.4228126074580989,45.63970924988734,0.0014516029255479841,695700.0
150,Venus,-120.35023532363121,0.7257923277574815,34.83458547455866,0.0014516029255479841,695700.0
150,Earth,148.8447042876053,1.0142155984559007,29.468069846588023,0.0014516029255479841,695700.0
150,Mars,89.284483342076,1.5086274917078704,24.161607475409955,0.0014516029255479841,695700.0
150,Jupiter,13.736882391324292,4.956514375000487,13.329953927329148,0.0014516029255479841,695700.0
150,Saturn,5.588905293289026,9.04348215036906,9.868451033484112,0.0014516029255479841,695700.0
150,Uranus,1.9274662069119586,18.32396739151501,6.932774563533755,0.0014516029255479841,695700.0
150,Neptune,0.9182155572087338,29.707511525496283,5.444822121674877,0.0014516029255479841,695700.0
151,Mercury,-123.40883089397595,0.4180616309751723,45.89830822896251,0.0014516029255479841,695700.0
151,Venus,-118.75869466619972,0.7256726844109193,34.837456985847616,0.0014516029255479841,695700.0
151,Earth,149.80262172046676,1.0143621840744106,29.46594055224909,0.0014516029255479841,695700.0
151,Mars,89.81624399884743,1.5099347983252303,24.15114561000773,0.0014516029255479841,695700.0
151,Jupiter,13.828297358082175,4.956602326789348,13.329835660982873,0.0014516029255479841,695700.0
151,Saturn,5.62615190861037,9.04351287919948,9.868434267531548,0.0014516029255479841,695700.0
151,Uranus,1.940315553745883,18.3239734522427,6.932773417012168,0.0014516029255479841,695700.0
151,Neptune,0.9243369824283969,29.70751209571805,5.444822069419473,0.0014516029255479841,695700.0
152,Mercury,-119.9343000499854,0.4131191103838081,46.17205355236557,0.0014516029255479841,695700.0
152,Venus,-117.16662505260157,0.7255512026977647,34.84037334571724,0.0014516029255479841,695700.0
152,Earth,150.7602662481213,1.0145046185951592,29.463871998609246,0.0014516029255479841,695700.0
152,Mars,90.34708463157077,1.5112421438711414,24.140697011743075,0.0014516029255479841,695700.0
152,Jupiter,13.91970907014711,4.956690850512898,13.32971662875036,0.0014516029255479841,695700.0
152,Saturn,5.663398269975157,9.043543811479214,9.868417390661337,0.0014516029255479841,695700.0
152,Uranus,1.9531648920516924,18.32397955322421,6.93277226287625,0.0014516029255479841,695700.0
152,Neptune,0.9304584074123359,29.70751266972834,5.444822016816888,0.0014516029255479841,695700.0
153,Mercury,-116.3740562665533,0.4079988425033226,46.460873209000596,0.0014516029255479841,695700.0
153,Venus,-115.57401835194749,0.7254279758096669,34.84333234965976,0.0014516029255479841,695700.0
153,Earth,151.71764585793431,1.0146428633994329,29.46186470810438,0.0014516029255479841,695700.0
153,Mars,90.87700763789839,1.5125494161551702,24.13026254738747,0.0014516029255479841,695700.0
153,Jupiter,14.01111750660295,4.956779945925385,13.329596831023704,0.0014516029255479841,695700.0
153,Saturn,5.700644375710112,9.043574947193804,9.868400402883074,0.0014516029255479841,695700.0
153,Uranus,1.9660142217728303,18.323985694459207,6.932771101126074,0.0014516029255479841,695700.0
153,Neptune,0.9365798321589371,29.707513247527128,5.444821963867126,0.0014516029255479841,695700.0
154,Mercury,-112.72182479545734,0.40271637081307027,46.76459646678484,0.0014516029255479841,695700.0
154,Venus,-113.98086683376523,0.7253030983730137,34.846331756919255,0.0014516029255479841,695700.0
154,Earth,152.6747685991634,1.0147768810360571,29.459919186914508,0.0014516029255479841,695700.0
154,Mars,91.40601548538612,1.5138565035742475,24.119843074481114,0.0014516029255479841,695700.0
154,Jupiter,14.102522646546221,4.956869612779494,13.329476268197464,0.0014516029255479841,695700.0
154,Saturn,5.737890224142355,9.04360628632869,9.868383304206425,0.0014516029255479841,695700.0
154,Uranus,1.978863542852907,18.323991875947357,6.932769931761714,0.0014516029255479841,695700.0
154,Neptune,0.9427012566666393,29.70751382911442,5.444821910570183,0.0014516029255479841,695700.0
155,Mercury,-108.97111487280037,0.39728917256343504,47.08292862607619,0.0014516029255479841,695700.0
155,Venus,-112.38716317482285,0.7251766663803625,34.849369292014096,0.0014516029255479841,695700.0
155,Earth,153.631642580939,1.0149066352286786,29.458035924907648,0.0014516029255479841,695700.0
155,Mars,91.93411071030772,1.5151632951190166,24.1094394413385,0.0014516029255479841,695700.0
155,Jupiter,14.193924469085813,4.9569598508263475,13.329354940668653,0.0014516029255479841,695700.0
155,Saturn,5.775135813598949,9.043637828869219,9.868366094641114,0.0014516029255479841,695700.0
155,Uranus,1.9917128552355334,18.323998097688317,6.932768754783249,0.0014516029255479841,695700.0
155,Neptune,0.9488226809338814,29.707514414490195,5.4448218569260645,0.0014516029255479841,695700.0
156,Mercury,-105.11525011856949,0.3917368564551516,47.41542159104443,0.0014516029255479841,695700.0
156,Venus,-110.79290046569268,0.7250487771205814,34.852442646295486,0.0014516029255479841,695700.0
156,Earth,154.588275970245,1.0150320908827883,29.4562153955863,0.0014516029255479841,695700.0
156,Mars,92.46129591647798,1.5164696803799549,24.099052487056774,0.0014516029255479841,695700.0
156,Jupiter,14.285322953343442,4.9570506598155095,13.32923284883674,0.0014516029255479841,695700.0
156,Saturn,5.812381142407307,9.043669574800642,9.868348774196926,0.0014516029255479841,695700.0
156,Uranus,2.004562158864156,18.32400435968175,6.9327675701907525,0.0014516029255479841,695700.0
156,Neptune,0.9549441049591019,29.707515003654464,5.444821802934768,0.0014516029255479841,695700.0
157,Mercury,-101.14741432988278,0.38608136745670674,47.76143997382323,0.0014516029255479841,695700.0
157,Venus,-109.19807221704808,0.7249195291077353,34.85554947954176,0.0014516029255479841,695700.0
157,Earth,155.54467698989745,1.015153214092485,29.454458056036376,0.0014516029255479841,695700.0
157,Mars,92.98757377408361,1.5177755495532703,24.088683041526835,0.0014516029255479841,695700.0
157,Jupiter,14.376718078453345,4.957142039494988,13.32910999310364,0.0014516029255479841,695700.0
157,Saturn,5.849626208895009,9.043701524108117,9.868331342883716,0.0014516029255479841,695700.0
157,Uranus,2.017411453682386,18.32401066192731,6.9327663779843025,0.0014516029255479841,695700.0
157,Neptune,0.9610655287407397,29.707515596607205,5.444821748596295,0.0014516029255479841,695700.0
158,Mercury,-97.06071644036017,0.380347193520505,48.12012262167024,0.0014516029255479841,695700.0
158,Venus,-107.60267236568717,0.7247890220087617,34.858687421587604,0.0014516029255479841,695700.0
158,Earth,156.50085391652414,1.015269972146986,29.45276434687857,0.0014516029255479841,695700.0
158,Mars,93.51294701852332,1.5190807934465786,24.078331925447056,0.0014516029255479841,695700.0
158,Jupiter,14.468109823562742,4.957233989611232,13.328986373873711,0.0014516029255479841,695700.0
158,Saturn,5.886871011389646,9.043733676776707,9.868313800711391,0.0014516029255479841,695700.0
158,Uranus,2.0302607396338357,18.324017004424658,6.932765178163975,0.0014516029255479841,695700.0
158,Neptune,0.9671869522771811,29.707516193348418,5.444821693910647,0.0014516029255479841,695700.0
159,Mercury,-92.84827892505852,0.3745615666375898,48.49033974310596,0.0014516029255479841,695700.0
159,Venus,-106.00669528027376,0.724657356569973,34.861854073987864,0.0014516029255479841,695700.0
159,Earth,157.45681507854215,1.0153823335368808,29.451134692222087,0.0014516029255479841,695700.0
159,Mars,94.03741844925598,1.5203853034843595,24.06799995033964,0.0014516029255479841,695700.0
159,Jupiter,14.559498167831503,4.9573265099091355,13.32886199155377,0.0014516029255479841,695700.0
159,Saturn,5.924115548219155,9.04376603279138,9.86829614768993,0.0014516029255479841,695700.0
159,Uranus,2.0431100166619545,18.324023387173444,6.932763970729849,0.0014516029255479841,695700.0
159,Neptune,0.9733083755669697,29.707516793878096,5.4448216388778246,0.0014516029255479841,695700.0
160,Mercury,-88.50335432015808,0.36875464778296113,48.87064624027209,0.0014516029255479841,695700.0
160,Venus,-104.4101357667906,0.7245246345424311,34.865047011714964,0.0014516029255479841,695700.0
160,Earth,158.4125688541354,1.0154902679601339,29.449569499620658,0.0014516029255479841,695700.0
160,Mars,94.56099092865855,1.521688971713203,24.057687918569407,0.0014516029255479841,695700.0
160,Jupiter,14.650883090432684,4.957419600132038,13.328736846553058,0.0014516029255479841,695700.0
160,Saturn,5.961359817711649,9.043798592137009,9.868278383829372,0.0014516029255479841,695700.0
160,Uranus,2.055959284710356,18.324029810173318,6.932762755681999,0.0014516029255479841,695700.0
160,Neptune,0.9794297986084912,29.70751739819623,5.444821583497827,0.0014516029255479841,695700.0
161,Mercury,-84.01947467646282,0.3629596818369858,49.259232468185616,0.0014516029255479841,695700.0
161,Venus,-102.8129890736963,0.7243909586062384,34.86826378488949,0.0014516029255479841,695700.0
161,Earth,159.36812366923272,1.0155937463278342,29.448069160030812,0.0014516029255479841,695700.0
161,Mars,95.083667380893,1.5229916908068408,24.04739662336505,0.0014516029255479841,695700.0
161,Jupiter,14.742264570552157,4.957513260021726,13.328610939283273,0.0014516029255479841,695700.0
161,Saturn,5.998603818195255,9.04383135479837,9.868260509139816,0.0014516029255479841,695700.0
161,Uranus,2.0688085437226538,18.324036273423932,6.932761533020506,0.0014516029255479841,695700.0
161,Neptune,0.985551221400185,29.707518006302816,5.444821527770656,0.0014516029255479841,695700.0
162,Mercury,-79.39063850412627,0.3572131045896329,49.653874468478286,0.0014516029255479841,695700.0
162,Venus,-101.21525089677819,0.7242564322937903,34.87150192054296,0.0014516029255479841,695700.0
162,Earth,160.3234879954842,1.0156927407696963,29.446634047772356,0.0014516029255479841,695700.0
162,Mars,95.60545079078248,1.5242933540709729,24.03712684884275,0.0014516029255479841,695700.0
162,Jupiter,14.833642587388908,4.957607489318435,13.328484270158539,0.0014516029255479841,695700.0
162,Saturn,6.035847547998439,9.043864320760148,9.868242523631427,0.0014516029255479841,695700.0
162,Uranus,2.081657793642299,18.324042776924927,6.93276030274545,0.0014516029255479841,695700.0
162,Neptune,0.99167264394049,29.70751861819784,5.444821471696312,0.0014516029255479841,695700.0
163,Mercury,-74.61153886887664,0.35155457963641956,50.05188677977314,0.0014516029255479841,695700.0
163,Venus,-99.61691738369514,0.7241211599120404,34.874758924411985,0.0014516029255479841,695700.0
163,Earth,161.2786703482391,1.0157872246393123,29.445264520490884,0.0014516029255479841,695700.0
163,Mars,96.1263442026977,1.5255938554478878,24.026879370032066,0.0014516029255479841,695700.0
163,Jupiter,14.925017120155257,4.957702287760847,13.328356839595413,0.0014516029255479841,695700.0
163,Saturn,6.0730910054498635,9.04389749000693,9.868224427314432,0.0014516029255479841,695700.0
163,Uranus,2.094507034412907,18.32404932067595,6.932759064856908,0.0014516029255479841,695700.0
163,Neptune,0.9977940662278445,29.707519233881307,5.444821415274796,0.0014516029255479841,695700.0
164,Mercury,-69.6778344988328,0.34602693873579937,50.45008218809223,0.0014516029255479841,695700.0
164,Venus,-98.01798513820243,0.7239852464638242,34.87803228276286,0.0014516029255479841,695700.0
164,Earth,162.2336792845226,1.0158771725191567,29.44396091912248,0.0014516029255479841,695700.0
164,Mars,96.64635071945281,1.5268930895208834,24.016654952904027,0.0014516029255479841,695700.0
164,Jupiter,15.01638814807654,4.957797655086098,13.32822864801289,0.0014516029255479841,695700.0
164,Saturn,6.1103341888781895,9.043930862523215,9.868206220199118,0.0014516029255479841,695700.0
164,Uranus,2.1073562659780953,18.324055904676648,6.932757819354961,0.0014516029255479841,695700.0
164,Neptune,1.0039154882606873,29.707519853353197,5.4448213585061085,0.0014516029255479841,695700.0
165,Mercury,-64.58646277023311,0.3406759956399586,50.84474416825152,0.0014516029255479841,695700.0
165,Venus,-96.4184512240525,0.7238487975682957,34.8813194642458,0.0014516029255479841,695700.0
165,Earth,163.1885234010124,1.0159625602253444,29.44272356786033,0.0014516029255479841,695700.0
165,Mars,97.16547350121174,1.5281909515184908,24.006454354401377,0.0014516029255479841,695700.0
165,Jupiter,15.107755650391658,4.957893591029772,13.328099695832398,0.0014516029255479841,695700.0
165,Saturn,6.1475770966124985,9.043964438293395,9.868187902295842,0.0014516029255479841,695700.0
165,Uranus,2.1202054882813153,18.324062528926657,6.932756566239689,0.0014516029255479841,695700.0
165,Neptune,1.0100369100374058,29.707520476613507,5.44482130139025,0.0014516029255479841,695700.0
166,Mercury,-59.33598901510082,0.3355502014465943,51.23161911355682,0.0014516029255479841,695700.0
166,Venus,-94.81831316856432,0.7237119193805301,34.884617921777384,0.0014516029255479841,695700.0
166,Earth,164.14321133201696,1.0160433648121456,29.441552774123423,0.0014516029255479841,695700.0
166,Mars,97.68371576440408,1.5294873373185023,23.99627832247091,0.0014516029255479841,695700.0
166,Jupiter,15.199119606352653,4.957990095325909,13.327969983477775,0.0014516029255479841,695700.0
166,Saturn,6.184819726981823,9.04399821730178,9.868169473615012,0.0014516029255479841,695700.0
166,Uranus,2.133054701266185,18.32406919342561,6.932755305511175,0.0014516029255479841,695700.0
166,Neptune,1.0161583315565414,29.707521103662238,5.44482124392722,0.0014516029255479841,695700.0
167,Mercury,-53.92698062567051,0.33070011034789343,51.605936477675186,0.0014516029255479841,695700.0
167,Venus,-93.21756896585427,0.7235747185103458,34.88792509445061,0.0014516029255479841,695700.0
167,Earth,165.0977517474518,1.0161195645762564,29.44044882852704,0.0014516029255479841,695700.0
167,Mars,98.20108078065218,1.5307821434518092,23.986127596097784,0.0014516029255479841,695700.0
167,Jupiter,15.290479995225295,4.958087167707001,13.327839511375297,0.0014516029255479841,695700.0
167,Saturn,6.222062078315554,9.04403219953258,9.868150934167106,0.0014516029255479841,695700.0
167,Uranus,2.1459039048763247,18.32407589817315,6.932754037169496,0.0014516029255479841,695700.0
167,Neptune,1.0222797528164829,29.70752173449937,5.444821186117022,0.0014516029255479841,695700.0
168,Mercury,-48.36238708207617,0.32617762967222763,51.96246526342223,0.0014516029255479841,695700.0
168,Venus,-91.61621707972338,0.7234373019404038,34.89123840947088,0.0014516029255479841,695700.0
168,Earth,166.05215335081806,1.0161911390608274,29.439412004855217,0.0014516029255479841,695700.0
168,Mars,98.71757187570847,1.5320752671060551,23.976002905341787,0.0014516029255479841,695700.0
168,Jupiter,15.381836796288676,4.958184807903997,13.327708279953658,0.0014516029255479841,695700.0
168,Saturn,6.259304148943271,9.044066384969907,9.868132283962666,0.0014516029255479841,695700.0
168,Uranus,2.158753099055186,18.324082643168907,6.932752761214738,0.0014516029255479841,695700.0
168,Neptune,1.0284011738156669,29.7075223691249,5.444821127959656,0.0014516029255479841,695700.0
169,Mercury,-42.6478988902434,0.32203503869544153,52.29561440658636,0.0014516029255479841,695700.0
169,Venus,-90.01425644619282,0.7232997769436422,34.8945552841171,0.0014516029255479841,695700.0
169,Earth,167.00642487717974,1.0162580690592498,29.43844256003503,0.0014516029255479841,695700.0
169,Mars,99.23319242840323,1.5333666061291014,23.965904971375462,0.0014516029255479841,695700.0
169,Jupiter,15.473189988835722,4.958283015646304,13.327576289643964,0.0014516029255479841,695700.0
169,Saturn,6.296545937194567,9.044100773597787,9.868113523012294,0.0014516029255479841,695700.0
169,Uranus,2.171602283746391,18.324089428412513,6.932751477646983,0.0014516029255479841,695700.0
169,Neptune,1.0345225945525334,29.70752300753883,5.44482106945512,0.0014516029255479841,695700.0
170,Mercury,-36.79225063025979,0.3183237777993124,52.59958204143743,0.0014516029255479841,695700.0
170,Venus,-88.41168647568365,0.7231622510001066,34.89787312772628,0.0014516029255479841,695700.0
170,Earth,167.96057509114158,1.0163203366187037,29.437540734112645,0.0014516029255479841,695700.0
170,Mars,99.74794586960348,1.5346560590323137,23.955834506524074,0.0014516029255479841,695700.0
170,Jupiter,15.564539552172839,4.9583817906617815,13.327443540879747,0.0014516029255479841,695700.0
170,Saturn,6.333787441399398,9.04413536540014,9.868094651326656,0.0014516029255479841,695700.0
170,Uranus,2.1844514588935606,18.324096253903598,6.932750186466313,0.0014516029255479841,695700.0
170,Neptune,1.040644015025521,29.707523649741137,5.444821010603418,0.0014516029255479841,695700.0
171,Mercury,-30.80742760560784,0.31509303318563353,52.86855408553999,0.0014516029255479841,695700.0
171,Venus,-86.80850705483327,0.7230248317132364,34.90118934370046,0.0014516029255479841,695700.0
171,Earth,168.91461278482822,1.0163779250434652,29.436706750231153,0.0014516029255479841,695700.0
171,Mars,100.26183568118292,1.5359435249936735,23.94579221430724,0.0014516029255479841,695700.0
171,Jupiter,15.655885465620448,4.958481132676757,13.32731003409694,0.0014516029255479841,695700.0
171,Saturn,6.37102865988791,9.0441701603608,9.868075668916475,0.0014516029255479841,695700.0
171,Uranus,2.1973006244401496,18.324103119641784,6.932748887672809,0.0014516029255479841,695700.0
171,Neptune,1.0467654352330684,29.707524295731822,5.444820951404549,0.0014516029255479841,695700.0
172,Mercury,-24.708734077821877,0.31238817101090083,53.09694610978884,0.0014516029255479841,695700.0
172,Venus,-85.20471854794356,0.7228876267256721,34.9045013315344,0.0014516029255479841,695700.0
172,Earth,169.8685467758622,1.0164308188979765,29.435940814610106,0.0014516029255479841,695700.0
172,Mars,100.77486539500265,1.5372289038607125,23.935778789482338,0.0014516029255479841,695700.0
172,Jupiter,15.747227708512575,4.958581041416009,13.327175769733897,0.0014516029255479841,695700.0
172,Saturn,6.4082695909902645,9.044205158463503,9.868056575792547,0.0014516029255479841,695700.0
172,Uranus,2.2101497803297807,18.3241100256267,6.932747581266557,0.0014516029255479841,695700.0
172,Neptune,1.0528868551736146,29.707524945510876,5.444820891858514,0.0014516029255479841,695700.0
173,Mercury,-18.51468585034213,0.31024910507731746,53.27967471107997,0.0014516029255479841,695700.0
173,Venus,-83.60032179805567,0.7227507436346471,34.9078064888626,0.0014516029255479841,695700.0
173,Earth,170.82238590534297,1.0164790040096778,29.43524311652676,0.0014516029255479841,695700.0
173,Mars,101.28703859190297,1.538512096153279,23.925794918089426,0.0014516029255479841,695700.0
173,Jupiter,15.838566260197414,4.958681516602787,13.327040748231367,0.0014516029255479841,695700.0
173,Saturn,6.4455102330369956,9.044240359691893,9.86803737196572,0.0014516029255479841,695700.0
173,Uranus,2.222998926506078,18.32411697185797,6.9327462672476425,0.0014516029255479841,695700.0
173,Neptune,1.0590082748455454,29.707525599078295,5.4448208319653135,0.0014516029255479841,695700.0
174,Mercury,-12.246702360061924,0.30870870885572543,53.41243689322437,0.0014516029255479841,695700.0
174,Venus,-81.99531812764504,0.7226142899070306,34.91110221352409,0.0014516029255479841,695700.0
174,Earth,171.77613903582647,1.016522467471604,29.43461382829896,0.0014516029255479841,695700.0
174,Mars,101.79835890070693,1.5397930030661369,23.915841277497805,0.0014516029255479841,695700.0
174,Jupiter,15.929901100036979,4.958782557958796,13.326904970032516,0.0014516029255479841,695700.0
174,Saturn,6.482750584358822,9.044275764029518,9.86801805744691,0.0014516029255479841,695700.0
174,Uranus,2.235848062912499,18.324123958335207,6.93274494561615,0.0014516029255479841,695700.0
174,Neptune,1.0651296942474053,29.70752625643407,5.44482077172495,0.0014516029255479841,695700.0
175,Mercury,-5.928593238536084,0.30779139933132504,53.4919701193568,0.0014516029255479841,695700.0
175,Venus,-80.38970933893397,0.7224783727940899,34.91438590564321,0.0014516029255479841,695700.0
175,Earth,172.72981504930456,1.0165611976447435,29.434053105269662,0.0014516029255479841,695700.0
175,Mars,102.30882999723487,1.5410715264713999,23.905918536453985,0.0014516029255479841,695700.0
175,Jupiter,16.021232207407373,4.9588841652042115,13.3267684355829,0.0014516029255479841,695700.0
175,Saturn,6.51999064328649,9.044311371459829,9.8679986322471,0.0014516029255479841,695700.0
175,Uranus,2.2486971894926695,18.324130985058034,6.932743616372163,0.0014516029255479841,695700.0
175,Neptune,1.0712511133775795,29.707526917578186,5.444820711137421,0.0014516029255479841,695700.0
176,Mercury,0.4141407696986289,0.3075120211376137,53.51626363667307,0.0014516029255479841,695700.0
176,Venus,-78.7834977138154,0.7223430992460407,34.9176549697249,0.0014516029255479841,695700.0
176,Earth,173.68342284518442,1.0165951841601635,29.43356108579308,0.0014516029255479841,695700.0
176,Mars,102.81845560333028,1.5423475689208064,23.896027355131164,0.0014516029255479841,695700.0
176,Jupiter,16.112559561699005,4.958986338057672,13.326631145330483,0.0014516029255479841,695700.0
176,Saturn,6.5572304081511685,9.044347181966184,9.86797909637732,0.0014516029255479841,695700.0
176,Uranus,2.2615463061902124,18.32413805202607,6.932742279515769,0.0014516029255479841,695700.0
176,Neptune,1.077372532234508,29.707527582510647,5.44482065020273,0.0014516029255479841,695700.0
177,Mercury,6.755146891077907,0.3078751412707608,53.48469472526024,0.0014516029255479841,695700.0
177,Venus,-77.17668601338423,0.7222085758264565,34.92090681676259,0.0014516029255479841,695700.0
177,Earth,174.6369713382694,1.016624417920901,29.433137891222355,0.0014516029255479841,695700.0
177,Mars,103.32723948589752,1.5436210336478382,23.886168385180003,0.0014516029255479841,695700.0
177,Jupiter,16.203883142316304,4.959089076236283,13.326493099725617,0.0014516029255479841,695700.0
177,Saturn,6.594469877284,9.044383195531848,9.867959449848682,0.0014516029255479841,695700.0
177,Uranus,2.27439541294859,18.324145159238917,6.932740935047054,0.0014516029255479841,695700.0
177,Neptune,1.0834939508166288,29.70752825123143,5.4448205889208765,0.0014516029255479841,695700.0
178,Mercury,13.068132597718797,0.3088748279985889,53.398071815937094,0.0014516029255479841,695700.0
178,Venus,-75.56927747707246,0.7220749086266088,34.92413886635679,0.0014516029255479841,695700.0
178,Earth,175.59046945673893,1.016648891103619,29.43278362589885,0.0014516029255479841,695700.0
178,Mars,103.83518545595086,1.5448918245696828,23.87634226978076,0.0014516029255479841,695700.0
178,Jupiter,16.2952029286782,4.9591923794556205,13.326354299221054,0.0014516029255479841,695700.0
178,Saturn,6.631709049016485,9.044419412139991,9.86793969267235,0.0014516029255479841,695700.0
178,Uranus,2.2872445097114285,18.3241523066962,6.932739582966106,0.0014516029255479841,695700.0
178,Neptune,1.0896153691223804,29.707528923740544,5.444820527291862,0.0014516029255479841,695700.0
179,Mercury,19.32777264915827,0.31049493764365205,53.25857859782864,0.0014516029255479841,695700.0
179,Venus,-73.96127582138426,0.7219422031798106,34.92734854884281,0.0014516029255479841,695700.0
179,Earth,176.5439261401289,1.0166685971600289,29.43249837714294,0.0014516029255479841,695700.0
179,Mars,104.34229736767523,1.5461598462890478,23.866549643696693,0.0014516029255479841,695700.0
179,Jupiter,16.38651890021779,4.959296247429727,13.326214744271935,0.0014516029255479841,695700.0
179,Saturn,6.668947921680333,9.04445583177369,9.867919824859545,0.0014516029255479841,695700.0
179,Uranus,2.300093596422356,18.32415949439752,6.932738223273008,0.0014516029255479841,695700.0
179,Neptune,1.0957367871502028,29.707529600037972,5.4448204653156855,0.0014516029255479841,695700.0
180,Mercury,25.510533319522697,0.31270987858006105,53.0696267217699,0.0014516029255479841,695700.0
180,Venus,-72.35268523822889,0.72181056437584,34.93053330742518,0.0014516029255479841,695700.0
180,Earth,177.49735033731278,1.016683530818082,29.432282215246374,0.0014516029255479841,695700.0
180,Mars,104.84857911749845,1.5474250040958273,23.85679113332859,0.0014516029255479841,695700.0
180,Jupiter,16.477831036382845,4.959400679871121,13.326074435335778,0.0014516029255479841,695700.0
180,Saturn,6.706186493607279,9.044492454415922,9.867899846421562,0.0014516029255479841,695700.0
180,Uranus,2.3129426730248346,18.324166722342486,6.932736855967852,0.0014516029255479841,695700.0
180,Neptune,1.1018582048984822,29.707530280123706,5.444820402992351,0.0014516029255479841,695700.0
181,Mercury,31.595349311329237,0.31548577313495013,52.8356365008834,0.0014516029255479841,695700.0
181,Venus,-70.74351039284745,0.7216800963755167,34.93369060031728,0.0014516029255479841,695700.0
181,Earth,178.45075100448258,1.0166936880829252,29.432135193466085,0.0014516029255479841,695700.0
181,Mars,105.35403464317544,1.5486872039686228,23.847067356770527,0.0014516029255479841,695700.0
181,Jupiter,16.569139316635418,4.959505676490787,13.325933372872504,0.0014516029255479841,695700.0
181,Saturn,6.7434247631294335,9.044529280049574,9.867879757369757,0.0014516029255479841,695700.0
181,Uranus,2.3257917394625487,18.324173990530706,6.932735481050724,0.0014516029255479841,695700.0
181,Neptune,1.1079796223657614,29.70753096399774,5.444820340321856,0.0014516029255479841,695700.0
182,Mercury,37.56411093523579,0.3187819036201578,52.56177266414067,0.0014516029255479841,695700.0
182,Venus,-69.13375642133147,0.7215509025255084,34.93681790288371,0.0014516029255479841,695700.0
182,Earth,179.4041371031293,1.0166990662376276,29.432057348019537,0.0014516029255479841,695700.0
182,Mars,105.85866792288422,1.5499463525761263,23.83737892386667,0.0014516029255479841,695700.0
182,Jupiter,16.66044372045241,4.959611236998192,13.325791557344393,0.0014516029255479841,695700.0
182,Saturn,6.780662728579102,9.044566308657439,9.867859557715537,0.0014516029255479841,695700.0
182,Uranus,2.3386407956789617,18.324181298961776,6.932734098521715,0.0014516029255479841,695700.0
182,Neptune,1.1141010395504267,29.707531651660062,5.4448202773042045,0.0014516029255479841,695700.0
183,Mercury,43.401945076815224,0.3225523131072695,52.253664564301765,0.0014516029255479841,695700.0
183,Venus,-67.52342892773189,0.7214230852734471,34.93991270978355,0.0014516029255479841,695700.0
183,Earth,-179.64248240197523,1.0166996638436727,29.43204869808161,0.0014516029255479841,695700.0
183,Mars,106.36248297433318,1.5512023572783624,23.827726436269128,0.0014516029255479841,695700.0
183,Jupiter,16.751744227325137,4.959717361101272,13.325648989216123,0.0014516029255479841,695700.0
183,Saturn,6.8179003882886295,9.04460354022221,9.867839247470387,0.0014516029255479841,695700.0
183,Uranus,2.351489841617705,18.324188647635296,6.932732708380912,0.0014516029255479841,695700.0
183,Neptune,1.1202224564509178,29.707532343110675,5.444820213939392,0.0014516029255479841,695700.0
184,Mercury,49.09729793450427,0.326747434852274,51.91713759085034,0.0014516029255479841,695700.0
184,Venus,-65.91253398075634,0.7212967460834311,34.942972537112155,0.0014516029255479841,695700.0
184,Earth,-178.6890985447974,1.0166954807412192,29.43210924578287,0.0014516029255479841,695700.0
184,Mars,106.86548385388065,1.552455126127798,23.818110487496792,0.0014516029255479841,695700.0
184,Jupiter,16.84304081675992,4.95982404850644,13.325505668954738,0.0014516029255479841,695700.0
184,Saturn,6.855137740590729,9.044640974726496,9.867818826645843,0.0014516029255479841,695700.0
184,Uranus,2.3643388772224103,18.324196036550877,6.932731310628405,0.0014516029255479841,695700.0
184,Neptune,1.1263438730656732,29.70753303834956,5.444820150227425,0.0014516029255479841,695700.0
185,Mercury,54.641846432120325,0.33131564264558105,51.55797633946718,0.0014516029255479841,695700.0
185,Venus,-64.3010781100543,0.7211719853519911,34.94599492453948,0.0014516029255479841,695700.0
185,Earth,-177.73570236006086,1.0166865180491302,29.432238976209426,0.0014516029255479841,695700.0
185,Mars,107.36767465566633,1.5537045678703207,23.808531662995097,0.0014516029255479841,695700.0
185,Jupiter,16.934333468277657,4.959931298918591,13.325361597029652,0.0014516029255479841,695700.0
185,Saturn,6.8923747838183305,9.0446786121528,9.86779829525351,0.0014516029255479841,695700.0
185,Uranus,2.377187902436542,18.324203465708095,6.932729905264288,0.0014516029255479841,695700.0
185,Neptune,1.1324652893931315,29.70753373737671,5.444820086168302,0.0014516029255479841,695700.0
186,Mercury,60.030276581735805,0.33620464182400855,51.181732276929665,0.0014516029255479841,695700.0
186,Venus,-62.68906830208918,0.7210489023246051,34.94897743744251,0.0014516029255479841,695700.0
186,Earth,-176.78228488526503,1.0166727781647706,29.432437857404228,0.0014516029255479841,695700.0
186,Mars,107.86905951075396,1.5549505919460878,23.798990540196694,0.0014516029255479841,695700.0
186,Jupiter,17.02562216141435,4.960039112041095,13.325216773912661,0.0014516029255479841,695700.0
186,Saturn,6.929611516304392,9.04471645248354,9.86777765330505,0.0014516029255479841,695700.0
186,Uranus,2.3900369172037363,18.324210935106564,6.932728492288645,0.0014516029255479841,695700.0
186,Neptune,1.1385867054317318,29.707534440192124,5.444820021762023,0.0014516029255479841,695700.0
187,Mercury,65.25997093203428,0.34136265100427204,50.79358099793615,0.0014516029255479841,695700.0
187,Venus,-61.07651199559707,0.7209275950128354,34.95191766902961,0.0014516029255479841,695700.0
187,Earth,-175.82883716270376,1.016654264763571,29.43270584036982,0.0014516029255479841,695700.0
187,Mars,108.36964258628653,1.556193108490251,23.78948768858294,0.0014516029255479841,695700.0
187,Jupiter,17.11690687572082,4.9601474875758065,13.32507120007791,0.0014516029255479841,695700.0
187,Saturn,6.9668479363823055,9.044754495701033,9.86775690081219,0.0014516029255479841,695700.0
187,Uranus,2.4028859214676244,18.32421844474586,6.932727071701574,0.0014516029255479841,695700.0
187,Neptune,1.1447081211798606,29.707535146795788,5.44481995700859,0.0014516029255479841,695700.0
188,Mercury,70.33064505755353,0.34673935274905865,50.398227926981875,0.0014516029255479841,695700.0
188,Venus,-59.4634170766324,0.7208081601121759,34.954813242454385,0.0014516029255479841,695700.0
188,Earth,-174.87535024148494,1.0166309827983626,29.433042859072646,0.0014516029255479841,695700.0
188,Mars,108.86942808465265,1.5574320283335572,23.78002366974619,0.0014516029255479841,695700.0
188,Jupiter,17.20818759076293,4.960256425223059,13.324924876001923,0.0014516029255479841,695700.0
188,Saturn,7.00408404238545,9.044792741787504,9.86773603778672,0.0014516029255479841,695700.0
188,Uranus,2.4157349151716754,18.32422599462558,6.932725643503163,0.0014516029255479841,695700.0
188,Neptune,1.1508295366360612,29.707535857187693,5.444819891908002,0.0014516029255479841,695700.0
189,Mercury,75.24396694795512,0.35228661420311147,49.999857035437195,0.0014516029255479841,695700.0
189,Venus,-57.849791873203024,0.7206906929206846,34.95766181291676,0.0014516029255479841,695700.0
189,Earth,-173.92181517954876,1.0166029384984763,29.43344883044884,0.0014516029255479841,695700.0
189,Mars,109.36842024266537,1.558667263002834,23.770599037452808,0.0014516029255479841,695700.0
189,Jupiter,17.29946428612181,4.960365924681673,13.324777802163576,0.0014516029255479841,695700.0
189,Saturn,7.04131983264758,9.044831190725084,9.867715064240492,0.0014516029255479841,695700.0
189,Uranus,2.428583898259524,18.32423358474531,6.9327242076935045,0.0014516029255479841,695700.0
189,Neptune,1.1569509517987202,29.70753657136783,5.444819826460263,0.0014516029255479841,695700.0
190,Mercury,80.00318523760897,0.3579589949598724,49.602114824344106,0.0014516029255479841,695700.0
190,Venus,-56.235645149493315,0.720575287258488,34.96046106974885,0.0014516029255479841,695700.0
190,Earth,-172.96822304568735,1.016570139368611,29.433923654411462,0.0014516029255479841,695700.0
190,Mars,109.86662333075245,1.5598987247213543,23.761214337706907,0.0014516029255479841,695700.0
190,Jupiter,17.390736941393556,4.9604759856489515,13.324629979044108,0.0014516029255479841,695700.0
190,Saturn,7.0785553055026655,9.044869842495808,9.867693980185422,0.0014516029255479841,695700.0
190,Uranus,2.4414328706748085,18.324241215104635,6.93272276427269,0.0014516029255479841,695700.0
190,Neptune,1.1630723666662763,29.707537289336198,5.4448197606653705,0.0014516029255479841,695700.0
191,Mercury,84.6127841273149,0.36371406920665805,49.20812112160083,0.0014516029255479841,695700.0
191,Venus,-54.620986099679925,0.7204620353882348,34.96320873848321,0.0014516029255479841,695700.0
191,Earth,-172.01456492156427,1.0165325941874699,29.434467213859378,0.0014516029255479841,695700.0
191,Mars,110.36404165215808,1.561126326409091,23.751870108814707,0.0014516029255479841,695700.0
191,Jupiter,17.48200553618976,4.9605866078206855,13.324481407127106,0.0014516029255479841,695700.0
191,Saturn,7.115790459284718,9.044908697081624,9.867672785633484,0.0014516029255479841,695700.0
191,Uranus,2.454281832360998,18.324248885703135,6.932721313240817,0.0014516029255479841,695700.0
191,Neptune,1.1691937812371687,29.707538011092783,5.444819694523328,0.0014516029255479841,695700.0
192,Mercury,89.07817565902842,0.36951259358718347,48.820498672590425,0.0014516029255479841,695700.0
192,Venus,-53.00582434134093,0.7203510279365832,34.96590258290105,0.0014516029255479841,695700.0
192,Earth,-171.0608319037337,1.016490313006161,29.435079374687557,0.0014516029255479841,695700.0
192,Mars,110.86067954215737,1.5623499816828599,23.74256688144955,0.0014516029255479841,695700.0
192,Jupiter,17.573270050137104,4.960697790891154,13.324332086898513,0.0014516029255479841,695700.0
192,Saturn,7.153025292328128,9.044947754464372,9.86765148059672,0.0014516029255479841,695700.0
192,Uranus,2.4671307832617293,18.324256596540394,6.932719854597976,0.0014516029255479841,695700.0
192,Neptune,1.175315195509836,29.707538736637577,5.444819628034133,0.0014516029255479841,695700.0
193,Mercury,93.40543423571405,0.37531855260771724,48.441414591670814,0.0014516029255479841,695700.0
193,Venus,-51.39016990846206,0.7202423538168026,34.96854040705787,0.0014516029255479841,695700.0
193,Earth,-170.10701510566054,1.0164433071463663,29.435759985798992,0.0014516029255479841,695700.0
193,Mars,111.35654136728164,1.563569604856356,23.733305178717423,0.0014516029255479841,695700.0
193,Jupiter,17.664530462877917,4.960809534553124,13.324182018846622,0.0014516029255479841,695700.0
193,Saturn,7.190259802967505,9.04498701462581,9.867630065087228,0.0014516029255479841,695700.0
193,Uranus,2.4799797233206435,18.32426434761599,6.93271838834426,0.0014516029255479841,695700.0
193,Neptune,1.1814366094827171,29.707539465970573,5.44481956119779,0.0014516029255479841,695700.0
194,Mercury,97.60107405063046,0.3810991111784452,48.07262810693895,0.0014516029255479841,695700.0
194,Venus,-49.774033244043075,0.7201361001525697,34.97112005728423,0.0014516029255479841,695700.0
194,Earth,-169.15310565974067,1.0163915891982749,29.43650887911815,0.0014516029255479841,695700.0
194,Mars,111.8516315245555,1.5647851109400848,23.72408551622304,0.0014516029255479841,695700.0
194,Jupiter,17.75578675406977,4.960921838497853,13.324031203462066,0.0014516029255479841,695700.0
194,Saturn,7.227493989537504,9.045026477547598,9.867608539117173,0.0014516029255479841,695700.0
194,Uranus,2.492828652481213,18.324272138929498,6.932716914479766,0.0014516029255479841,695700.0
194,Neptune,1.1875580231542509,29.707540199091756,5.444819494014297,0.0014516029255479841,695700.0
195,Mercury,101.67186727040468,0.3868245001896382,47.715540409120834,0.0014516029255479841,695700.0
195,Venus,-48.1574251923093,0.7200323522030435,34.97363942415894,0.0014516029255479841,695700.0
195,Earth,-168.19909471932093,1.0163351730182817,29.43732586960612,0.0014516029255479841,695700.0
195,Mars,112.34595444074641,1.5659964156411903,23.714908402136416,0.0014516029255479841,695700.0
195,Jupiter,17.84703890338601,4.961034702415094,13.323879641237825,0.0014516029255479841,695700.0
195,Saturn,7.264727850373166,9.045066143211299,9.867586902698777,0.0014516029255479841,695700.0
195,Uranus,2.5056775706870766,18.324279970480493,6.932715433004588,0.0014516029255479841,695700.0
195,Neptune,1.1936794365228245,29.707540936001127,5.444819426483657,0.0014516029255479841,695700.0
196,Mercury,105.62469914931394,0.39246785674585555,47.37124365272474,0.0014516029255479841,695700.0
196,Venus,-46.54035699053216,0.719931193289293,34.97609644445243,0.0014516029255479841,695700.0
196,Earth,-167.24497346072,1.0162740737264513,29.438210755277204,0.0014516029255479841,695700.0
196,Mars,112.8395145716249,1.5672034353631883,23.705774337259843,0.0014516029255479841,695700.0
196,Jupiter,17.938286890515407,4.961148125993093,13.323727332669215,0.0014516029255479841,695700.0
196,Saturn,7.301961383809745,9.045106011598381,9.867565155844336,0.0014516029255479841,695700.0
196,Uranus,2.518526477881877,18.324287842268543,6.932713943918824,0.0014516029255479841,695700.0
196,Neptune,1.19980084958698,29.70754167669867,5.444819358605869,0.0014516029255479841,695700.0
197,Mercury,109.46645545245784,0.39800503640835505,47.04056718266632,0.0014516029255479841,695700.0
197,Venus,-44.922840260464056,0.7198327047221658,34.97848910303768,0.0014516029255479841,695700.0
197,Earth,-166.2907330852496,1.016208307703745,29.439163317217357,0.0014516029255479841,695700.0
197,Mars,113.33231640123705,1.5684060872055985,23.696683815095337,0.0014516029255479841,695700.0
197,Jupiter,18.0295306951626,4.961262108918587,13.323574278253892,0.0014516029255479841,695700.0
197,Saturn,7.339194588182553,9.045146082690227,9.867543298566192,0.0014516029255479841,695700.0
197,Uranus,2.5313753740090883,18.324295754293225,6.932712447222565,0.0014516029255479841,695700.0
197,Neptune,1.205922262345105,29.707542421184385,5.444819290380935,0.0014516029255479841,695700.0
198,Mercury,113.2039373691669,0.4034144108762647,46.72411985730283,0.0014516029255479841,695700.0
198,Venus,-43.30488699939262,0.719736965731668,34.980815434766264,0.0014516029255479841,695700.0
198,Earth,-165.3363648212353,1.0161378925890088,29.44018331960417,0.0014516029255479841,695700.0
198,Mars,113.82436444118774,1.5696042889634858,23.68763732191238,0.0014516029255479841,695700.0
198,Jupiter,18.120770297047823,4.9613766508768125,13.323420478491839,0.0014516029255479841,695700.0
198,Saturn,7.376427461827286,9.045186356468115,9.867521330876759,0.0014516029255479841,695700.0
198,Uranus,2.5442242590123545,18.324303706554097,6.9327109429159135,0.0014516029255479841,695700.0
198,Neptune,1.2120436747956382,29.70754316945826,5.444819221808856,0.0014516029255479841,695700.0
199,Mercury,116.84379928779076,0.4086766611443784,46.42232792649145,0.0014516029255479841,695700.0
199,Venus,-41.68650957082338,0.7196440533979408,34.983073526307145,0.0014516029255479841,695700.0
199,Earth,-164.3818599260382,1.0160628472757278,29.44127050972862,0.0014516029255479841,695700.0
199,Mars,114.31566322993663,1.5707979591269117,23.678635336816047,0.0014516029255479841,695700.0
199,Jupiter,18.21200567590736,4.961491751551507,13.323265933885372,0.0014516029255479841,695700.0
199,Saturn,7.413660003079862,9.045226832913233,9.867499252788514,0.0014516029255479841,695700.0
199,Uranus,2.5570731328353187,18.32431169905073,6.932709430998964,0.0014516029255479841,695700.0
199,Neptune,1.2181650869370186,29.707543921520276,5.4448191528896315,0.0014516029255479841,695700.0
200,Mercury,120.39250521407205,0.4137745733635973,46.13546833346391,0.0014516029255479841,695700.0
200,Venus,-40.06772069479342,0.7195540425839047,34.985261517945624,0.0014516029255479841,695700.0
200,Earth,-163.4272096880772,1.0159831919085371,29.44242461801857,0.0014516029255479841,695700.0
200,Mars,114.80621733210445,1.5719870168802945,23.669678331815412,0.0014516029255479841,695700.0
200,Jupiter,18.30323681149322,4.961607410624904,13.323110644939135,0.0014516029255479841,695700.0
200,Saturn,7.450892210276249,9.045267512006676,9.867477064313993,0.0014516029255479841,695700.0
200,Uranus,2.569921995421458,18.324319731782687,6.932707911471813,0.0014516029255479841,695700.0
200,Neptune,1.224286498767685,29.70754467737044,5.444819083623263,0.0014516029255479841,695700.0
201,Mercury,123.85630013079347,0.41869284237964643,45.86369757873731,0.0014516029255479841,695700.0
201,Venus,-38.44853343782783,0.719467005869652,34.98737760534024,0.0014516029255479841,695700.0
201,Earth,-162.47240542885052,1.0158989478794949,29.443645358064025,0.0014516029255479841,695700.0
201,Mars,115.29603133779082,1.573171382101686,23.660766771892195,0.0014516029255479841,695700.0
201,Jupiter,18.394463683573424,4.961723627777738,13.322954612160094,0.0014516029255479841,695700.0
201,Saturn,7.48812408175287,9.045308393729442,9.867454765465794,0.0014516029255479841,695700.0
201,Uranus,2.582770846714419,18.32432780474953,6.932706384334559,0.0014516029255479841,695700.0
201,Neptune,1.2304079102860759,29.707545437008726,5.444819014009752,0.0014516029255479841,695700.0
202,Mercury,127.24119313894462,0.4234178861781915,45.60707644763144,0.0014516029255479841,695700.0
202,Venus,-36.82896120254354,0.719383013488658,34.989420041235086,0.0014516029255479841,695700.0
202,Earth,-161.5174385049586,1.0158101378241158,29.444932426644254,0.0014516029255479841,695700.0
202,Mars,115.78510986190413,1.5743509753619653,23.65190111506968,0.0014516029255479841,695700.0
202,Jupiter,18.485686271932202,4.9618404026892495,13.322797836057536,0.0014516029255479841,695700.0
202,Saturn,7.525355615846144,9.04534947806244,9.86743235625658,0.0014516029255479841,695700.0
202,Uranus,2.5956196866578476,18.324335917950812,6.932704849587303,0.0014516029255479841,695700.0
202,Neptune,1.2365293214905788,29.707546200435146,5.444818944049099,0.0014516029255479841,695700.0
203,Mercury,130.55294974280346,0.42793767314477316,45.36559098990064,0.0014516029255479841,695700.0
203,Venus,-35.20901771691109,0.7193021332658868,34.99138713712522,0.0014516029255479841,695700.0
203,Earth,-160.56230031012615,1.0157167856171594,29.446285503756748,0.0014516029255479841,695700.0
203,Mars,116.27345754350196,1.5755257179239515,23.643081812481775,0.0014516029255479841,695700.0
203,Jupiter,18.576904556369684,4.961957735037177,13.322640317143064,0.0014516029255479841,695700.0
203,Saturn,7.562586810892883,9.045390764986479,9.867409836699071,0.0014516029255479841,695700.0
203,Uranus,2.6084685151952227,18.32434407138609,6.932703307230142,0.0014516029255479841,695700.0
203,Neptune,1.242650732379736,29.707546967649673,5.444818873741304,0.0014516029255479841,695700.0
204,Mercury,133.79709111691972,0.43224156307868994,45.13917017428494,0.0014516029255479841,695700.0
204,Venus,-33.588717023182475,0.7192244305578618,34.99327726487294,0.0014516029255479841,695700.0
204,Earth,-159.6069822772253,1.0156189163681775,29.447704252648112,0.0014516029255479841,695700.0
204,Mars,116.76107904514282,1.5766955317414386,23.634309308442273,0.0014516029255479841,695700.0
204,Jupiter,18.668118516702425,4.962075624497771,13.322482055930594,0.0014516029255479841,695700.0
204,Saturn,7.59981766523013,9.045432254482277,9.867387206806056,0.0014516029255479841,695700.0
204,Uranus,2.621317332270195,18.324352265054923,6.932701757263177,0.0014516029255479841,695700.0
204,Neptune,1.2487721429519352,29.70754773865231,5.444818803086368,0.0014516029255479841,695700.0
205,Mercury,136.97889861027852,0.4363201622093642,44.927700640577754,0.0014516029255479841,695700.0
205,Venus,-31.968073466494772,0.7191499681947696,34.99508885827258,0.0014516029255479841,695700.0
205,Earth,-158.65147588029822,1.0155165564168174,29.44918831984688,0.0014516029255479841,695700.0
205,Mars,117.24797905224891,1.5778603394581543,23.62558404051423,0.0014516029255479841,695700.0
205,Jupiter,18.759328132763052,4.962194070745788,13.322323052936353,0.0014516029255479841,695700.0
205,Saturn,7.6370481771949805,9.045473946530455,9.867364466590379,0.0014516029255479841,695700.0
205,Uranus,2.6341661378264103,18.324360498956864,6.932700199686505,0.0014516029255479841,695700.0
205,Neptune,1.2548935532056142,29.707548513443033,5.444818732084294,0.0014516029255479841,695700.0
206,Mercury,140.10342209921149,0.4401651919892253,44.731038950385454,0.0014516029255479841,695700.0
206,Venus,-30.347101683160723,0.7190788064246681,34.99682041456167,0.0014516029255479841,695700.0
206,Earth,-157.6957726365804,1.0154097333278775,29.450737335198376,0.0014516029255479841,695700.0
206,Mars,117.73416227248053,1.5790200644066479,23.616906439579434,0.0014516029255479841,695700.0
206,Jupiter,18.850533384400723,4.962313073454489,13.322163308678878,0.0014516029255479841,695700.0
206,Saturn,7.6742783451249315,9.045515841111545,9.867341616064953,0.0014516029255479841,695700.0
206,Uranus,2.647014931807353,18.32436877309146,6.932698634500229,0.0014516029255479841,695700.0
206,Neptune,1.261014963139213,29.707549292021852,5.44481866073508,0.0014516029255479841,695700.0
207,Mercury,143.1754910986457,0.44376937112666553,44.54902170449588,0.0014516029255479841,695700.0
207,Venus,-28.725816588654652,0.7190110028598602,34.998470495876305,0.0014516029255479841,695700.0
207,Earth,-156.73986410852297,1.0152984758861185,29.452350911901632,0.0014516029255479841,695700.0
207,Mars,118.21963343512077,1.5801746306071045,23.608276929907955,0.0014516029255479841,695700.0
207,Jupiter,18.941734251480806,4.962432632295649,13.322002823679009,0.0014516029255479841,695700.0
207,Saturn,7.711508167357708,9.04555793820598,9.867318655242748,0.0014516029255479841,695700.0
207,Uranus,2.6598637141566717,18.324377087458256,6.9326970617044505,0.0014516029255479841,695700.0
207,Neptune,1.2671363727511697,29.70755007438875,5.4448185890387295,0.0014516029255479841,695700.0
208,Mercury,146.19972778653698,0.4471263101340156,44.38147385605571,0.0014516029255479841,695700.0
208,Venus,-27.10423336530675,0.7189466124255003,35.00003773064859,0.0014516029255479841,695700.0
208,Earth,-155.78374190581607,1.0151828140908243,29.454028646548373,0.0014516029255479841,695700.0
208,Mars,118.70439729047095,1.5813239627660938,23.599695929227757,0.0014516029255479841,695700.0
208,Jupiter,19.032930713885364,4.962552746939554,13.321841598459885,0.0014516029255479841,695700.0
208,Saturn,7.748737642231107,9.045600237794103,9.867295584136796,0.0014516029255479841,695700.0
208,Uranus,2.672712484818021,18.324385442056798,6.932695481299269,0.0014516029255479841,695700.0
208,Neptune,1.2732577820399238,29.70755086054371,5.444818516995241,0.0014516029255479841,695700.0
209,Mercury,149.1805612955681,0.450230417565659,44.228215508733804,0.0014516029255479841,695700.0
209,Venus,-25.48236744971755,0.718885687310494,35.00152081494421,0.0014516029255479841,695700.0
209,Earth,-154.82739768741146,1.0150627791501143,29.455770119164253,0.0014516029255479841,695700.0
209,Mars,119.18845860925789,1.582467986275251,23.591163848794253,0.0014516029255479841,695700.0
209,Jupiter,19.124122751512807,4.9626734170550035,13.321679633546943,0.0014516029255479841,695700.0
209,Saturn,7.785966768083305,9.04564273985616,9.867272402760198,0.0014516029255479841,695700.0
209,Uranus,2.685561243734884,18.32439383688663,6.932693893284789,0.0014516029255479841,695700.0
209,Neptune,1.2793791910038617,29.707551650486728,5.444818444604616,0.0014516029255479841,695700.0
210,Mercury,152.12224278627,0.45307681708477526,44.089067450282776,0.0014516029255479841,695700.0
210,Venus,-23.86023451990222,0.7188282769207481,35.00291851373805,0.0014516029255479841,695700.0
210,Earth,-153.87082316354451,1.0149384034750049,29.457574893252183,0.0014516029255479841,695700.0
210,Mars,119.67182218205082,1.583606627209895,23.582681093459957,0.0014516029255479841,695700.0
210,Jupiter,19.215310344278375,4.96279464230931,13.321516929467917,0.0014516029255479841,695700.0
210,Saturn,7.8231955432527345,9.045685444372305,9.867249111126105,0.0014516029255479841,695700.0
210,Uranus,2.6984099908509696,18.324402271947296,6.932692297661112,0.0014516029255479841,695700.0
210,Neptune,1.285500599641527,29.707552444217804,5.444818371866857,0.0014516029255479841,695700.0
211,Mercury,155.02886094316244,0.45566127450447397,43.963855635861115,0.0014516029255479841,695700.0
211,Venus,-22.237850482180647,0.7187744278348303,35.00422966212621,0.0014516029255479841,695700.0
211,Earth,-152.91401009775646,1.0148097206732174,29.45944251583811,0.0014516029255479841,695700.0
211,Mars,120.15449281868952,1.5847398123275847,23.574248061743997,0.0014516029255479841,695700.0
211,Jupiter,19.306493472113804,4.962916422368304,13.32135348675283,0.0014516029255479841,695700.0
211,Saturn,7.860423966077878,9.045728351322595,9.867225709247743,0.0014516029255479841,695700.0
211,Uranus,2.711258726109765,18.324410747238332,6.93269069442834,0.0014516029255479841,695700.0
211,Neptune,1.291622007951306,29.707553241736917,5.444818298781962,0.0014516029255479841,695700.0
212,Mercury,157.9043576361438,0.4579801339859054,43.85241480285284,0.0014516029255479841,695700.0
212,Venus,-20.61523145782321,0.7187241837620897,35.00545316647233,0.0014516029255479841,695700.0
212,Earth,-151.95695030891613,1.0146767655427336,29.461372517518974,0.0014516029255479841,695700.0
212,Mars,120.63647534772244,1.585867469066616,23.565865145901615,0.0014516029255479841,695700.0
212,Jupiter,19.397672114967815,4.963038756896333,13.32118930593399,0.0014516029255479841,695700.0
212,Saturn,7.89765203489769,9.045771460686995,9.867202197138392,0.0014516029255479841,695700.0
212,Uranus,2.7241074494549258,18.324419262759275,6.932689083586576,0.0014516029255479841,695700.0
212,Neptune,1.2977434159316381,29.707554043044063,5.444818225349936,0.0014516029255479841,695700.0
213,Mercury,160.75254356823848,0.46003026263183994,43.75459136994876,0.0014516029255479841,695700.0
213,Venus,-18.99239376946783,0.7186775855032919,35.00658800548676,0.0014516029255479841,695700.0
213,Earth,-150.99963567324033,1.0145395740650938,29.46336441251322,0.0014516029255479841,695700.0
213,Mars,121.1177746158563,1.5869895255444628,23.55753273199358,0.0014516029255479841,695700.0
213,Jupiter,19.488846252805786,4.9631616455562675,13.321024387545995,0.0014516029255479841,695700.0
213,Saturn,7.934879748051127,9.045814772445377,9.867178574811392,0.0014516029255479841,695700.0
213,Uranus,2.7369561608301067,18.32442781850966,6.932687465135927,0.0014516029255479841,695700.0
213,Neptune,1.303864823580962,29.70755484813923,5.444818151570776,0.0014516029255479841,695700.0
214,Mercury,163.57711379220905,0.4618090027817122,43.670245747855716,0.0014516029255479841,695700.0
214,Venus,-17.369353927320212,0.7186346709138131,35.00763323123688,0.0014516029255479841,695700.0
214,Earth,-150.0420581263138,1.0143981833984395,29.46541769871367,0.0014516029255479841,695700.0
214,Mars,121.59839548741508,1.5881059105561626,23.54925119995545,0.0014516029255479841,695700.0
214,Jupiter,19.580015865610008,4.963285088009493,13.32085873212572,0.0014516029255479841,695700.0
214,Saturn,7.972107103877554,9.045858286577518,9.867154842280156,0.0014516029255479841,695700.0
214,Uranus,2.7498048601787985,18.324436414489014,6.932685839076496,0.0014516029255479841,695700.0
214,Neptune,1.3099862308977166,29.707555657022404,5.444818077444485,0.0014516029255479841,695700.0
215,Mercury,166.38166302599345,0.4633141313880105,43.599254166925256,0.0014516029255479841,695700.0
215,Venus,-15.746128615153175,0.7185954748694429,35.00858797008695,0.0014516029255479841,695700.0
215,Earth,-149.08420966510894,1.0142526318702967,29.467531857743005,0.0014516029255479841,695700.0
215,Mars,122.0783428438094,1.5892165535726477,23.541020923666757,0.0014516029255479841,695700.0
215,Jupiter,19.67118093337993,4.963409083915923,13.320692340212318,0.0014516029255479841,695700.0
215,Saturn,8.009334100716577,9.045902003063102,9.867130999558144,0.0014516029255479841,695700.0
215,Uranus,2.7626535474446574,18.324445050696877,6.9326842054083855,0.0014516029255479841,695700.0
215,Neptune,1.3161076378803407,29.707556469693593,5.444818002971063,0.0014516029255479841,695700.0
216,Mercury,169.16970073334588,0.4645438259306315,43.541510107893,0.0014516029255479841,695700.0
216,Venus,-14.122734676119089,0.7185600292348356,35.009451423566254,0.0014516029255479841,695700.0
216,Earth,-148.12608235000326,1.0141029589700987,29.469706355011827,0.0014516029255479841,695700.0
216,Mars,122.55762158301691,1.5903213847390294,23.532842271019977,0.0014516029255479841,695700.0
216,Jupiter,19.76234143613181,4.96353363293399,13.320525212347222,0.0014516029255479841,695700.0
216,Saturn,8.046560736907876,9.045945921881716,9.867107046658894,0.0014516029255479841,695700.0
216,Uranus,2.7755022225713435,18.324453727132767,6.932682564131706,0.0014516029255479841,695700.0
216,Neptune,1.3222290445272211,29.70755728615277,5.444817928150511,0.0014516029255479841,695700.0
217,Mercury,171.94466596374778,0.465496636403138,43.49692540540598,0.0014516029255479841,695700.0
217,Venus,-12.499189098389019,0.718528362834648,35.01022286916406,0.0014516029255479841,695700.0
217,Earth,-147.1676683067958,1.0139492053414476,29.471940639779405,0.0014516029255479841,695700.0
217,Mars,123.0362366190718,1.5914203348728293,23.52471560398937,0.0014516029255479841,695700.0
217,Jupiter,19.85349735389925,4.96365873472066,13.320357349074122,0.0014516029255479841,695700.0
217,Saturn,8.08378701079153,9.045990043012853,9.867082983595994,0.0014516029255479841,695700.0
217,Uranus,2.788350885502347,18.324462443796214,6.932680915246557,0.0014516029255479841,695700.0
217,Neptune,1.3283504508369022,29.707558106399933,5.444817852982831,0.0014516029255479841,695700.0
218,Mercury,174.709941966488,0.46617146298139306,43.46543107969081,0.0014516029255479841,695700.0
218,Venus,-10.875509000635112,0.7185005014274031,35.01090166105021,0.0014516029255479841,695700.0
218,Earth,-146.20895972872245,1.0137914127741114,29.474234145217167,0.0014516029255479841,695700.0
218,Mars,123.51419288156484,1.5925133354621677,23.516641278699577,0.0014516029255479841,695700.0
218,Jupiter,19.94464866673284,4.963784388931418,13.320188750938994,0.0014516029255479841,695700.0
218,Saturn,8.121012920707878,9.046034366435922,9.867058810383096,0.0014516029255479841,695700.0
218,Uranus,2.80119953618133,18.324471200686745,6.932679258753052,0.0014516029255479841,695700.0
218,Neptune,1.3344718568077687,29.707558930435066,5.444817777468022,0.0014516029255479841,695700.0
219,Mercury,177.4688706092218,0.4665675390601136,43.44697793919126,0.0014516029255479841,695700.0
219,Venus,-9.251711617371642,0.7184764676821089,35.01148723072036,0.0014516029255479841,695700.0
219,Earth,-145.24994887846955,1.0136296241957568,29.47658628847505,0.0014516029255479841,695700.0
219,Mars,123.9914953151528,1.5936003186639038,23.50861964549402,0.0014516029255479841,695700.0
219,Jupiter,20.03579535470061,4.963910595220283,13.320019418490064,0.0014516029255479841,695700.0
219,Saturn,8.158238464997309,9.046078892130225,9.867034527033915,0.0014516029255479841,695700.0
219,Uranus,2.814048174551954,18.324479997803873,6.9326775946512935,0.0014516029255479841,695700.0
219,Neptune,1.3405932624382615,29.70755975825817,5.444817701606087,0.0014516029255479841,695700.0
220,Mercury,-179.7752333575798,0.4666844194162483,43.44153698591168,0.0014516029255479841,695700.0
220,Venus,-7.627814284169313,0.7184562811576634,35.011979087564676,0.0014516029255479841,695700.0
220,Earth,-144.29062809018458,1.0134638836634147,29.478996470750683,0.0014516029255479841,695700.0
220,Mars,124.4681488790787,1.594681217301737,23.500651049003075,0.0014516029255479841,695700.0
220,Jupiter,20.126937397887733,4.964037353239804,13.319849352277823,0.0014516029255479841,695700.0
220,Saturn,8.195463642000643,9.046123620074976,9.867010133562234,0.0014516029255479841,695700.0
220,Uranus,2.826896800557712,18.324488835147125,6.93267592294139,0.0014516029255479841,695700.0
220,Neptune,1.346714667726819,29.707560589869225,5.444817625397024,0.0014516029255479841,695700.0
221,Mercury,-177.01906814126178,0.4665219733298658,43.44909964519084,0.0014516029255479841,695700.0
221,Venus,-6.0038344227600415,0.7184399582850709,35.012376819359254,0.0014516029255479841,695700.0
221,Earth,-143.33098977148552,1.0132942363546769,29.481464077361622,0.0014516029255479841,695700.0
221,Mars,124.94415854670075,1.595755964864264,23.49273582821197,0.0014516029255479841,695700.0
221,Jupiter,20.218074776396975,4.964164662641061,13.31967855285502,0.0014516029255479841,695700.0
221,Saturn,8.232688450058946,9.046168550249298,9.866985629981887,0.0014516029255479841,695700.0
221,Uranus,2.8397454141422696,18.32449771271601,6.93267424362345,0.0014516029255479841,695700.0
221,Neptune,1.3528360726718789,29.70756142526823,5.444817548840837,0.0014516029255479841,695700.0
222,Mercury,-174.25933079895242,0.46608038256375345,43.46967783237035,0.0014516029255479841,695700.0
222,Venus,-4.379789526046958,0.7184275123524935,35.012680092679474,0.0014516029255479841,695700.0
222,Earth,-142.37102640546786,1.0131207285586237,29.483988477820567,0.0014516029255479841,695700.0
222,Mars,125.41952930503088,1.5968244955029993,23.484874316528376,0.0014516029255479841,695700.0
222,Jupiter,20.30920747034836,4.96429252307367,13.319507020776664,0.0014516029255479841,695700.0
222,Saturn,8.269912887513346,9.046213682632214,9.866961016306776,0.0014516029255479841,695700.0
222,Uranus,2.852594015249289,18.32450663051005,6.932672556697578,0.0014516029255479841,695700.0
222,Neptune,1.3589574772718822,29.70756226445517,5.444817471937526,0.0014516029255479841,695700.0
223,Mercury,-171.49270312494204,0.4653601441726542,43.503303859995704,0.0014516029255479841,695700.0
223,Venus,-2.755697143037464,0.7184189534931535,35.0128886532346,0.0014516029255479841,695700.0
223,Earth,-141.41073055270752,1.0129434076664772,29.486569025913788,0.0014516029255479841,695700.0
223,Mars,125.89426615428386,1.597886744030356,23.477066841849794,0.0014516029255479841,695700.0
223,Jupiter,20.40033545987966,4.96442093418578,13.3193347566,0.0014516029255479841,695700.0
223,Saturn,8.3071369527054,9.046259017202654,9.866936292550868,0.0014516029255479841,695700.0
223,Uranus,2.8654426038222685,18.324515588528755,6.9326708621638895,0.0014516029255479841,695700.0
223,Neptune,1.3650788815252666,29.707563107430037,5.444817394687092,0.0014516029255479841,695700.0
224,Mercury,-168.7158374777489,0.4643620781825573,43.550030180488676,0.0014516029255479841,695700.0
224,Venus,-1.1315748637136107,0.7184142886761054,35.01300232612317,0.0014516029255479841,695700.0
224,Earth,-140.45009485326227,1.0127623221619835,29.489205059782694,0.0014516029255479841,695700.0
224,Mars,126.36837410743459,1.5989426459175948,23.469313726630514,0.0014516029255479841,695700.0
224,Jupiter,20.491458725146032,4.964549895624078,13.319161760884532,0.0014516029255479841,695700.0
224,Saturn,8.344360643976922,9.046304553939462,9.866911458728186,0.0014516029255479841,695700.0
224,Uranus,2.8782911798048736,18.324524586771634,6.93266916002249,0.0014516029255479841,695700.0
224,Neptune,1.3712002854304195,29.707563954192818,5.444817317089535,0.0014516029255479841,695700.0
225,Mercury,-165.92534249371127,0.4630873402502806,43.6099289503542,0.0014516029255479841,695700.0
225,Venus,0.4925596961408472,0.7184135216998863,35.01302101600871,0.0014516029255479841,695700.0
225,Earth,-139.48911202866864,1.0125775216115187,29.491895902008743,0.0014516029255479841,695700.0
225,Mars,126.84185818978534,1.5999921372927366,23.461615287948355,0.0014516029255479841,695700.0
225,Jupiter,20.58257724632053,4.96467940703379,13.318988034192001,0.0014516029255479841,695700.0
225,Saturn,8.381583959669783,9.04635029282138,9.866886514852812,0.0014516029255479841,695700.0
225,Uranus,2.8911397431407715,18.324533625238193,6.93266745027349,0.0014516029255479841,695700.0
225,Neptune,1.377321688985884,29.707564804743512,5.4448172391448555,0.0014516029255479841,695700.0
226,Mercury,-163.11776863911035,0.4615374394842709,43.6830913926232,0.0014516029255479841,695700.0
226,Venus,2.1166889101426416,0.718416653189055,35.01294470721557,0.0014516029255479841,695700.0
226,Earth,-138.527774883936,1.0123890566539175,29.494640859701686,0.0014516029255479841,695700.0
226,Mars,127.31472343854179,1.6010351549384427,23.45397183757101,0.0014516029255479841,695700.0
226,Jupiter,20.673691003593778,4.964809468058684,13.318813577086393,0.0014516029255479841,695700.0
226,Saturn,8.418806898126345,9.046396233827059,9.866861460938901,0.0014516029255479841,695700.0
226,Uranus,2.903988293773463,18.32454270392794,6.932665732916998,0.0014516029255479841,695700.0
226,Neptune,1.3834430921900462,29.7075656590821,5.4448171608530584,0.0014516029255479841,695700.0
227,Mercury,-160.289593560965,0.45971426167957075,43.76962692406877,0.0014516029255479841,695700.0
227,Venus,3.740795156522614,0.7184236805936234,35.012773463744665,0.0014516029255479841,695700.0
227,Earth,-137.56607630953525,1.0121969789900238,29.497439224591304,0.0014516029255479841,695700.0
227,Mars,127.78697490239877,1.6020716362898686,23.44638368202201,0.0014516029255479841,695700.0
227,Jupiter,20.76479997717422,4.964940078341066,13.318638390133929,0.0014516029255479841,695700.0
227,Saturn,8.45602945768899,9.046442376935056,9.86683629700066,0.0014516029255479841,695700.0
227,Uranus,2.916836831646617,18.32455182284038,6.932664007953129,0.0014516029255479841,695700.0
227,Neptune,1.3895644950413462,29.70756651720857,5.44481708221414,0.0014516029255479841,695700.0
228,Mercury,-157.43720720838652,0.45762009829354316,43.86966200243049,0.0014516029255479841,695700.0
228,Venus,5.36486083333457,0.718434598191379,35.012507429209165,0.0014516029255479841,695700.0
228,Earth,-136.60400928338439,1.0120013413719608,29.50029027312269,0.0014516029255479841,695700.0
228,Mars,128.25861764113446,1.6031015194324862,23.438851122646376,0.0014516029255479841,695700.0
228,Jupiter,20.855904147288335,4.9650712375217925,13.31846247390306,0.0014516029255479841,695700.0
228,Saturn,8.493251636700535,9.046488722123836,9.866811023052358,0.0014516029255479841,695700.0
228,Uranus,2.929685356703902,18.32456098197501,6.9326622753819915,0.0014516029255479841,695700.0
228,Neptune,1.3956858975382227,29.707567379122924,5.444817003228103,0.0014516029255479841,695700.0
229,Mercury,-154.55689671258742,0.455257681564276,43.983338636090636,0.0014516029255479841,695700.0
229,Venus,6.988868373641389,0.7184493970930997,35.01214682669018,0.0014516029255479841,695700.0
229,Earth,-135.64156687282895,1.0118021975921203,29.503193266555126,0.0014516029255479841,695700.0
229,Mars,128.72965672521326,1.6041247430998782,23.431374455675858,0.0014516029255479841,695700.0
229,Jupiter,20.947003494180322,4.965202945240257,13.318285828964466,0.0014516029255479841,695700.0
229,Saturn,8.530473433504037,9.046535269371766,9.866785639108336,0.0014516029255479841,695700.0
229,Uranus,2.9425338688888214,18.324570181331335,6.932660535203697,0.0014516029255479841,695700.0
229,Neptune,1.4018072996791149,29.707568244825136,5.444816923894948,0.0014516029255479841,695700.0
230,Mercury,-151.64483103548068,0.4526302262503159,44.11081248399049,0.0014516029255479841,695700.0
230,Venus,8.612800260664292,0.7184680652506493,35.01169195851265,0.0014516029255479841,695700.0
230,Earth,-134.67874223661616,1.0115996024718665,29.506147451064688,0.0014516029255479841,695700.0
230,Mars,129.20009723539832,1.6051412466715111,23.423953972293763,0.0014516029255479841,695700.0
230,Jupiter,21.038097998112637,4.965335201134406,13.318108455891059,0.0014516029255479841,695700.0
230,Saturn,8.567694846442645,9.046582018657126,9.866760145182985,0.0014516029255479841,695700.0
230,Uranus,2.9553823681450493,18.324579420908847,6.932658787418359,0.0014516029255479841,695700.0
230,Neptune,1.4079287014624606,29.70756911431521,5.444816844214678,0.0014516029255479841,695700.0
231,Mercury,-148.69704542578614,0.4497414785477204,44.25225045666659,0.0014516029255479841,695700.0
231,Venus,10.236639042875677,0.7184905874679486,35.01114320594186,0.0014516029255479841,695700.0
231,Earth,-133.7155286268651,1.0113936118499578,29.509152057850667,0.0014516029255479841,695700.0
231,Mars,129.6699442623719,1.6061509701704817,23.416589958699383,0.0014516029255479841,695700.0
231,Jupiter,21.12918763936557,4.965468004840733,13.31793035525797,0.0014516029255479841,695700.0
231,Saturn,8.604915873859929,9.046628969958094,9.866734541290763,0.0014516029255479841,695700.0
231,Uranus,2.9682308544162557,18.324588700707046,6.932657032026092,0.0014516029255479841,695700.0
231,Neptune,1.4140501028866486,29.70756998759313,5.4448167641872915,0.0014516029255479841,695700.0
232,Mercury,-145.70942575959796,0.4465957728168698,44.40782770972708,0.0014516029255479841,695700.0
232,Venus,11.860367349021741,0.7185169454148036,35.010501028801045,0.0014516029255479841,695700.0
232,Earth,-132.75191939102933,1.0111842825706794,29.512206303245843,0.0014516029255479841,695700.0
232,Mars,130.13920290636446,1.6071538542612411,23.409282696172028,0.0014516029255479841,695700.0
232,Jupiter,21.220272398237817,4.965601355994281,13.317751527642548,0.0014516029255479841,695700.0
232,Saturn,8.642136514099722,9.046676123252764,9.866708827446189,0.0014516029255479841,695700.0
232,Uranus,2.9810793276459475,18.32459802072542,6.932655269027004,0.0014516029255479841,695700.0
232,Neptune,1.4201715039502212,29.707570864658884,5.444816683812792,0.0014516029255479841,695700.0
233,Mercury,-142.67769289188732,0.44319809682460615,44.57772389849358,0.0014516029255479841,695700.0
233,Venus,13.48396790305675,0.718547117643577,35.00976596501056,0.0014516029255479841,695700.0
233,Earth,-131.7879079738536,1.0109716724716908,29.515309388830747,0.0014516029255479841,695700.0
233,Mars,130.60787827679266,1.608149840247301,23.40203246113455,0.0014516029255479841,695700.0
233,Jupiter,21.311352255046042,4.9657352542286475,13.317571973624354,0.0014516029255479841,695700.0
233,Saturn,8.679356765505945,9.046723478519127,9.866683003663844,0.0014516029255479841,695700.0
233,Uranus,2.9939277877777997,18.324607380963464,6.932653498421214,0.0014516029255479841,695700.0
233,Neptune,1.4262929046515647,29.707571745512467,5.444816603091176,0.0014516029255479841,695700.0
234,Mercury,-139.5973872094029,0.4395541662732878,44.76211853656624,0.0014516029255479841,695700.0
234,Venus,15.107423538973993,0.7185810796086791,35.00893863004948,0.0014516029255479841,695700.0
234,Earth,-130.82348791932395,1.0107558403715817,29.51846050155196,0.0014516029255479841,695700.0
234,Mars,131.07597549190515,1.6091388700689166,23.394839525216504,0.0014516029255479841,695700.0
234,Jupiter,21.402427190125426,4.965869699175982,13.317391693785172,0.0014516029255479841,695700.0
234,Saturn,8.716576626422942,9.046771035735086,9.86665706995837,0.0014516029255479841,695700.0
234,Uranus,3.006776234755487,18.32461678142066,6.932651720208835,0.0014516029255479841,695700.0
234,Neptune,1.4324143049891187,29.707572630153862,5.44481652202245,0.0014516029255479841,695700.0
235,Mercury,-136.46385365754952,0.43567050944172186,44.96118527150039,0.0014516029255479841,695700.0
235,Venus,16.730717215516382,0.7186188036888566,35.00801971634039,0.0014516029255479841,695700.0
235,Earth,-129.85865287260856,1.01053684605714,29.52165881384458,0.0014516029255479841,695700.0
235,Mars,131.54349967843703,1.6101208863007563,23.387704155316815,0.0014516029255479841,695700.0
235,Jupiter,21.493497183829284,4.966004690466989,13.31721068870898,0.0014516029255479841,695700.0
235,Saturn,8.753796095195327,9.04681879487845,9.86663102634447,0.0014516029255479841,695700.0
235,Uranus,3.0196246685225185,18.3246262220965,6.932649934389979,0.0014516029255479841,695700.0
235,Neptune,1.4385357049613225,29.707573518583068,5.444816440606611,0.0014516029255479841,695700.0
236,Mercury,-133.2722276184611,0.43155456279573945,45.175084857573346,0.0014516029255479841,695700.0
236,Venus,18.353832030751388,0.7186602592122486,35.00700999255835,0.0014516029255479841,695700.0
236,Earth,-128.89339658199336,1.0103147502703242,29.52490348375891,0.0014516029255479841,695700.0
236,Mars,132.0104559712718,1.611095832149551,23.380626613665964,0.0014516029255479841,695700.0
236,Jupiter,21.584562216529573,4.966140227730933,13.317028958981968,0.0014516029255479841,695700.0
236,Saturn,8.791015170167796,9.046866755926933,9.86660487283691,0.0014516029255479841,695700.0
236,Uranus,3.0324730890226284,18.324635702990467,6.932648140964764,0.0014516029255479841,695700.0
236,Neptune,1.4446571045666148,29.707574410800067,5.44481635884366,0.0014516029255479841,695700.0
237,Mercury,-130.01742214983264,0.42721477842739053,45.40395656906223,0.0014516029255479841,695700.0
237,Venus,19.976751236495307,0.71870541248418,35.00591030286496,0.0014516029255479841,695700.0
237,Earth,-127.92771290080623,1.0100896146949478,29.528193655091417,0.0014516029255479841,695700.0
237,Mars,132.47684951311243,1.6120636514517312,23.373607157887722,0.0014516029255479841,695700.0
237,Jupiter,21.67562226861652,4.966276310595634,13.316846505192528,0.0014516029255479841,695700.0
237,Saturn,8.82823384968554,9.046914918858157,9.866578609450515,0.0014516029255479841,695700.0
237,Uranus,3.045321496199327,18.324645224102035,6.9326463399333065,0.0014516029255479841,695700.0
237,Neptune,1.4507785038034349,29.70757530680485,5.444816276733602,0.0014516029255479841,695700.0
238,Mercury,-126.69411726008597,0.4226607441362673,45.64790775835993,0.0014516029255479841,695700.0
238,Venus,21.5994582525712,0.7187542268176578,35.00472156606895,0.0014516029255479841,695700.0
238,Earth,-126.96159578933364,1.0098615019430643,29.531528457520196,0.0014516029255479841,695700.0
238,Mars,132.94268545415943,1.613024288671051,23.366646041060385,0.0014516029255479841,695700.0
238,Jupiter,21.76667732049913,4.9664129386874745,13.316663327931247,0.0014516029255479841,695700.0
238,Saturn,8.865452132093791,9.046963283649648,9.866552236200176,0.0014516029255479841,695700.0
238,Uranus,3.058169889996295,18.324654785430692,6.932644531295722,0.0014516029255479841,695700.0
238,Neptune,1.4568999026701694,29.707576206597405,5.4448161942764335,0.0014516029255479841,695700.0
239,Mercury,-123.29675210170154,0.41790331685406534,45.907001223236335,0.0014516029255479841,695700.0
239,Venus,23.221936680884408,0.7188066625665318,35.003444774714346,0.0014516029255479841,695700.0
239,Earth,-125.99503931672683,1.0096304755410617,29.534907006744753,0.0014516029255479841,695700.0
239,Mars,133.4079689517967,1.6139776888961952,23.359743511777527,0.0014516029255479841,695700.0
239,Jupiter,21.857727352604854,4.966550111631401,13.316479427790902,0.0014516029255479841,695700.0
239,Saturn,8.902670015738206,9.047011850278839,9.866525753100849,0.0014516029255479841,695700.0
239,Uranus,3.071018270357211,18.32466438697591,6.932642715052126,0.0014516029255479841,695700.0
239,Neptune,1.463021301165362,29.707577110177724,5.444816111472158,0.0014516029255479841,695700.0
240,Mercury,-119.81952121798177,0.4129547699075024,46.18124000939115,0.0014516029255479841,695700.0
240,Venus,24.84417031930368,0.7188626771612788,35.00208099409764,0.0014516029255479841,695700.0
240,Earth,-125.028037662899,1.0093965999154566,29.538328404630562,0.0014516029255479841,695700.0
240,Mars,133.872705170286,1.6149237978383821,23.352899814208232,0.0014516029255479841,695700.0
240,Jupiter,21.948772345379837,4.96668782905092,13.316294805366468,0.0014516029255479841,695700.0
240,Saturn,8.939887498964714,9.047060618723075,9.866499160167535,0.0014516029255479841,695700.0
240,Uranus,3.0838666372255887,18.324674028737167,6.932640891202637,0.0014516029255479841,695700.0
240,Neptune,1.4691426992873997,29.7075780175458,5.444816028320775,0.0014516029255479841,695700.0
241,Mercury,-116.25637628570685,0.407828954280593,46.47054924261298,0.0014516029255479841,695700.0
241,Venus,26.466143175330345,0.7189222251473656,35.000631361215675,0.0014516029255479841,695700.0
241,Earth,-124.0605851204093,1.0091599403783942,29.54179173935808,0.0014516029255479841,695700.0
241,Mars,134.33689928046834,1.6158625618289524,23.346115188156826,0.0014516029255479841,695700.0
241,Jupiter,22.039812279289148,4.966826090568107,13.316109461255097,0.0014516029255479841,695700.0
241,Saturn,8.977104580119342,9.047109588959598,9.866472457415313,0.0014516029255479841,695700.0
241,Uranus,3.0967149905451135,18.324683710713938,6.932639059747372,0.0014516029255479841,695700.0
241,Neptune,1.4752640970347208,29.70757892870162,5.444815944822288,0.0014516029255479841,695700.0
242,Mercury,-112.6010351623131,0.4025414735313714,46.77475456616591,0.0014516029255479841,695700.0
242,Venus,28.08783947954448,0.7189852582261465,34.999097083645374,0.0014516029255479841,695700.0
242,Earth,-123.09267609633717,1.0089205631128493,29.54529608557663,0.0014516029255479841,695700.0
242,Mars,134.80055645947246,1.6167939278169496,23.33938986912209,0.0014516029255479841,695700.0
242,Jupiter,22.130847134816467,4.966964895803604,13.315923396056133,0.0014516029255479841,695700.0
242,Saturn,9.014321257548549,9.047158760965566,9.866445644859315,0.0014516029255479841,695700.0
242,Uranus,3.109563330259466,18.324693432905686,6.932637220686448,0.0014516029255479841,695700.0
242,Neptune,1.481385494405765,29.70757984364516,5.444815860976696,0.0014516029255479841,695700.0
243,Mercury,-108.84700047338302,0.3971098712866063,47.09355676342314,0.0014516029255479841,695700.0
243,Venus,29.7092436988125,0.7190517252982404,34.99747943835746,0.0014516029255479841,695700.0
243,Earth,-122.12430511414414,1.0086785351575283,29.548840504563064,0.0014516029255479841,695700.0
243,Mars,135.26368189043203,1.6177178433666957,23.332724088355953,0.0014516029255479841,695700.0
243,Jupiter,22.22187689246455,4.967104244376624,13.31573661037109,0.0014516029255479841,695700.0
243,Saturn,9.051537529599075,9.047208134718035,9.866418722514743,0.0014516029255479841,695700.0
243,Uranus,3.122411656312165,18.324703195311887,6.9326353740199895,0.0014516029255479841,695700.0
243,Neptune,1.4875068913989713,29.707580762376434,5.444815776784,0.0014516029255479841,695700.0
244,Mercury,-104.98759046055339,0.39155382921673687,47.42650218727106,0.0014516029255479841,695700.0
244,Venus,31.33034054924493,0.7191215725093398,34.99577977046562,0.0014516029255479841,695700.0
244,Earth,-121.15546681552142,1.008433924391471,29.552424044385294,0.0014516029255479841,695700.0
244,Mars,135.72628076220877,1.6186342566553589,23.32611807292162,0.0014516029255479841,695700.0
244,Jupiter,22.31290153275494,4.967244135904948,13.315549104803663,0.0014516029255479841,695700.0
244,Saturn,9.088753394617745,9.047257710193973,9.866391690396853,0.0014516029255479841,695700.0
244,Uranus,3.1352599686468947,18.324712997932007,6.932633519748108,0.0014516029255479841,695700.0
244,Neptune,1.493628288012778,29.707581684895413,5.444815692244202,0.0014516029255479841,695700.0
245,Mercury,-101.01598533766547,0.38589537200907764,47.772948715432726,0.0014516029255479841,695700.0
245,Venus,32.95111500888859,0.7191947432983941,34.99399949191305,0.0014516029255479841,695700.0
245,Earth,-120.18615596222571,1.008186799518356,29.556045740070843,0.0014516029255479841,695700.0
245,Mars,136.1883582691238,1.619543116470517,23.319572045751226,0.0014516029255479841,695700.0
245,Jupiter,22.403921036228372,4.967384570004932,13.315360879959718,0.0014516029255479841,695700.0
245,Saturn,9.125968850951837,9.047307487370258,9.866364548520957,0.0014516029255479841,695700.0
245,Uranus,3.148108267207342,18.32472284076551,6.932631657870925,0.0014516029255479841,695700.0
245,Neptune,1.4997496842456257,29.707582611202092,5.4448156073573015,0.0014516029255479841,695700.0
246,Mercury,-96.9252929450523,0.3801590740327077,48.13202712933839,0.0014516029255479841,695700.0
246,Venus,34.57155233014486,0.7192711784481061,34.992140080098395,0.0014516029255479841,695700.0
246,Earth,-119.2163674378997,1.007937230050501,29.559704613780447,0.0014516029255479841,695700.0
246,Mars,136.6499196106951,1.6204443722077169,23.31308622570286,0.0014516029255479841,695700.0
246,Jupiter,22.494935383444464,4.967525546291506,13.315171936447287,0.0014516029255479841,695700.0
246,Saturn,9.1631838969489,9.047357466223662,9.866337296902447,0.0014516029255479841,695700.0
246,Uranus,3.160956551937029,18.324732723811845,6.932629788388566,0.0014516029255479841,695700.0
246,Neptune,1.5058710800959003,29.70758354129646,5.444815522123301,0.0014516029255479841,695700.0
247,Mercury,-92.70863799650778,0.37437226004975827,48.50259810408967,0.0014516029255479841,695700.0
247,Venus,36.191638051899105,0.719350816137689,34.99020307644288,0.0014516029255479841,695700.0
247,Earth,-118.24609624987721,1.0076852862925667,29.563399674986762,0.0014516029255479841,695700.0
247,Mars,137.11096999138303,1.6213379738680325,23.306660827617126,0.0014516029255479841,695700.0
247,Jupiter,22.58594455498223,4.967667064378177,13.314982274876563,0.0014516029255479841,695700.0
247,Saturn,9.20039853095658,9.04740764673088,9.866309935556755,0.0014516029255479841,695700.0
247,Uranus,3.1738048227796414,18.32474264707049,6.932627911301146,0.0014516029255479841,695700.0
247,Neptune,1.5119924755621459,29.707584475178507,5.444815436542202,0.0014516029255479841,695700.0
248,Mercury,-88.35927959760427,0.3685651894210714,48.883205433703324,0.0014516029255479841,695700.0
248,Venus,37.81135801135187,0.7194335919978132,34.98819008490082,0.0014516029255479841,695700.0
248,Earth,-117.27533753097342,1.0074310393249581,29.56712992065831,0.0014516029255479841,695700.0
248,Mars,137.57151462034201,1.6222238720556206,23.300296062373057,0.0014516029255479841,695700.0
248,Jupiter,22.676948531439653,4.96780912387703,13.314791895859909,0.0014516029255479841,695700.0
248,Saturn,9.23761275132303,9.0474580288685,9.866282464499394,0.0014516029255479841,695700.0
248,Uranus,3.18665307967887,18.324752610540894,6.932626026608787,0.0014516029255479841,695700.0
248,Neptune,1.518113870642748,29.70758541284822,5.444815350614004,0.0014516029255479841,695700.0
249,Mercury,-83.87076185345103,0.36277120976933114,49.27202673578446,0.0014516029255479841,695700.0
249,Venus,39.430698355539086,0.719519439167683,34.986102770415734,0.0014516029255479841,695700.0
249,Earth,-116.30408654125821,1.0071745609869243,29.570894335448713,0.0014516029255479841,695700.0
249,Mars,138.031558711179,1.6231020179752735,23.29399213694356,0.0014516029255479841,695700.0
249,Jupiter,22.767947293434222,4.967951724398731,13.314600800011831,0.0014516029255479841,695700.0
249,Saturn,9.274826556396452,9.047508612613022,9.866254883745922,0.0014516029255479841,695700.0
249,Uranus,3.199501322578238,18.32476261422251,6.932624134311614,0.0014516029255479841,695700.0
249,Neptune,1.5242352653361475,29.707586354305594,5.444815264338708,0.0014516029255479841,695700.0
250,Mercury,-79.23710210542016,0.3570268620697133,49.66682371403132,0.0014516029255479841,695700.0
250,Venus,41.0496455525336,0.719608288354173,34.98394285732404,0.0014516029255479841,695700.0
250,Earth,-115.33233866981168,1.0069159238593601,29.57469189189121,0.0014516029255479841,695700.0
250,Mars,138.49110748171898,1.6239723634299792,23.28774925445023,0.0014516029255479841,695700.0
250,Jupiter,22.858940821602584,4.968094865552524,13.314408987949,0.0014516029255479841,695700.0
250,Saturn,9.312039944525495,9.047559397940857,9.86622719331197,0.0014516029255479841,695700.0
250,Uranus,3.212349551421437,18.324772658114796,6.932622234409746,0.0014516029255479841,695700.0
250,Neptune,1.5303566596407825,29.707587299550603,5.4448151777163165,0.0014516029255479841,695700.0
251,Mercury,-74.45302041415964,0.35137191483502705,50.064895118862744,0.0014516029255479841,695700.0
251,Venus,42.66818640231537,0.7197000678929597,34.98171212770863,0.0014516029255479841,695700.0
251,Earth,-114.36008943646189,1.0066552012473045,29.578521550598705,0.0014516029255479841,695700.0
251,Mars,138.95016615377702,1.6248348608184755,23.281567614217586,0.0014516029255479841,695700.0
251,Jupiter,22.949929096600986,4.96823854694624,13.314216460290227,0.0014516029255479841,695700.0
251,Saturn,9.34925291405908,9.047610384828314,9.866199393213222,0.0014516029255479841,695700.0
251,Uranus,3.2251977661521605,18.3247827422172,6.932620326903308,0.0014516029255479841,695700.0
251,Neptune,1.536478053555092,29.707588248583253,5.44481509074683,0.0014516029255479841,695700.0
252,Mercury,-69.51421207070025,0.34584930083409887,50.463036813488856,0.0014516029255479841,695700.0
252,Venus,44.286308047303315,0.7197947038115714,34.979412419704836,0.0014516029255479841,695700.0
252,Earth,-113.38733449350414,1.006392467162141,29.582382260469206,0.0014516029255479841,695700.0
252,Mars,139.4087399529364,1.625689463132811,23.275447411826825,0.0014516029255479841,695700.0
252,Jupiter,23.040912099104997,4.968382768186293,13.31402321765648,0.0014516029255479841,695700.0
252,Saturn,9.386465463346244,9.047661573251615,9.866171483465429,0.0014516029255479841,695700.0
252,Uranus,3.2380459667139334,18.324792866529176,6.932618411792419,0.0014516029255479841,695700.0
252,Neptune,1.5425994470775153,29.707589201403525,5.444815003430249,0.0014516029255479841,695700.0
253,Mercury,-64.41766188330362,0.34050492626032913,50.85751474215757,0.0014516029255479841,695700.0
253,Venus,45.90399798253873,0.7198921198942907,34.97704562576074,0.0014516029255479841,695700.0
253,Earth,-112.414069627399,1.0061277963034978,29.586272958896863,0.0014516029255479841,695700.0
253,Mars,139.86683410833334,1.6265361239559095,23.269388839168855,0.0014516029255479841,695700.0
253,Jupiter,23.13188980980976,4.968527528877689,13.31382926067085,0.0014516029255479841,695700.0
253,Saturn,9.423677590736473,9.047712963186887,9.866143464084402,0.0014516029255479841,695700.0
253,Uranus,3.2508941530504507,18.32480303105016,6.932616489077207,0.0014516029255479841,695700.0
253,Neptune,1.5487208402064399,29.70759015801141,5.444814915766575,0.0014516029255479841,695700.0
254,Mercury,-59.161994512701106,0.3353873203737347,51.24405793827843,0.0014516029255479841,695700.0
254,Venus,47.521244065513486,0.7199922377488301,34.974613690854454,0.0014516029255479841,695700.0
254,Earth,-111.44029076045113,1.005861264040849,29.5901925719886,0.0014516029255479841,695700.0
254,Mars,140.32445385244839,1.627374797459137,23.263392084496893,0.0014516029255479841,695700.0
254,Jupiter,23.22286220943009,4.968672828624018,13.313634589958582,0.0014516029255479841,695700.0
254,Saturn,9.46088929457953,9.047764554610167,9.866115335086011,0.0014516029255479841,695700.0
254,Uranus,3.26374232510541,18.3248132357796,6.932614558757795,0.0014516029255479841,695700.0
254,Neptune,1.5548422329404086,29.7075911184069,5.444814827755808,0.0014516029255479841,695700.0
255,Mercury,-53.74784911067057,0.33054709458247733,51.617879720185975,0.0014516029255479841,695700.0
255,Venus,49.138034525632456,0.7200949768747092,34.9721186106708,0.0014516029255479841,695700.0
255,Earth,-110.46599395246578,1.0055929463948183,29.59414001478641,0.0014516029255479841,695700.0
255,Mars,140.78160442090348,1.6282054383998772,23.257457332478342,0.0014516029255479841,695700.0
255,Jupiter,23.31382927870052,4.968818667027461,13.313439206147052,0.0014516029255479841,695700.0
255,Saturn,9.498100573225296,9.04781634749739,9.86608709648619,0.0014516029255479841,695700.0
255,Uranus,3.2765904828223396,18.324823480716947,6.9326126208343055,0.0014516029255479841,695700.0
255,Neptune,1.5609636252778085,29.70759208258997,5.444814739397951,0.0014516029255479841,695700.0
256,Mercury,-48.17825913073026,0.3260361851100451,51.973735501994184,0.0014516029255479841,695700.0
256,Venus,50.75435797330712,0.7202002547332556,34.96956242973951,0.0014516029255479841,695700.0
256,Earth,-109.49117540238245,1.005322920018185,29.598114191495412,0.0014516029255479841,695700.0
256,Mars,141.238291052265,1.6290280021191086,23.251584764246203,0.0014516029255479841,695700.0
256,Jupiter,23.404790998375187,4.968965043688794,13.313243109865754,0.0014516029255479841,695700.0
256,Saturn,9.5353114250241,9.047868341824408,9.866058748300935,0.0014516029255479841,695700.0
256,Uranus,3.2894386261449373,18.32483376586163,6.932610675306867,0.0014516029255479841,695700.0
256,Neptune,1.5670850172170794,29.707593050560625,5.444814650693004,0.0014516029255479841,695700.0
257,Mercury,-42.45901003038258,0.3219068641768256,52.306024712868314,0.0014516029255479841,695700.0
257,Venus,52.37020340867055,0.7203079868191509,34.96694723953785,0.0014516029255479841,695700.0
257,Earth,-108.51583144988618,1.0050512621765946,29.60211399571764,0.0014516029255479841,695700.0
257,Mars,141.69451898785346,1.629842444538995,23.245774557449792,0.0014516029255479841,695700.0
257,Jupiter,23.49574734922804,4.969111958207385,13.313046301746324,0.0014516029255479841,695700.0
257,Saturn,9.57252184832656,9.047920537566974,9.866030290546298,0.0014516029255479841,695700.0
257,Uranus,3.3022867550169024,18.32484409121309,6.932608722175601,0.0014516029255479841,695700.0
257,Neptune,1.573206408756659,29.707594022318847,5.444814561640968,0.0014516029255479841,695700.0
258,Mercury,-36.59893983529202,0.3182105219451674,52.608941695204884,0.0014516029255479841,695700.0
258,Venus,53.98556022990972,0.7204180867334455,34.96427517655964,0.0014516029255479841,695700.0
258,Earth,-107.5399585769935,1.0047780507289756,29.606138310691673,0.0014516029255479841,695700.0
258,Mars,142.15029347155863,1.6306487221604784,23.240026886304932,0.0014516029255479841,695700.0
258,Jupiter,23.586698312053052,4.969259410181204,13.312848782422506,0.0014516029255479841,695700.0
258,Saturn,9.609731841483402,9.047972934700748,9.866001723238398,0.0014516029255479841,695700.0
258,Uranus,3.3151348693817675,18.324854456770765,6.932606761440636,0.0014516029255479841,695700.0
258,Neptune,1.5793277998949877,29.707594997864625,5.444814472241846,0.0014516029255479841,695700.0
259,Mercury,-30.610141928222152,0.31499624530528,52.87667583675163,0.0014516029255479841,695700.0
259,Venus,55.60041824120797,0.7205304662579612,34.961548420353516,0.0014516029255479841,695700.0
259,Earth,-106.56355340961399,1.0045033641076633,29.61018600953813,0.0014516029255479841,695700.0
259,Mars,142.60561974966038,1.631446792060885,23.23434192164352,0.0014516029255479841,695700.0
259,Jupiter,23.677643867663917,4.969407399206808,13.312650552530178,0.0014516029255479841,695700.0
259,Saturn,9.646941402845881,9.048025533201299,9.865973046393414,0.0014516029255479841,695700.0
259,Uranus,3.327982969183235,18.324864862534085,6.932604793102099,0.0014516029255479841,695700.0
259,Neptune,1.5854491906305046,29.707595977197947,5.444814382495636,0.0014516029255479841,695700.0
260,Mercury,-24.508028093938428,0.3123092483531831,53.10365466455309,0.0014516029255479841,695700.0
260,Venus,57.21476766029515,0.720645035431002,34.95876919153273,0.0014516029255479841,695700.0
260,Earth,-105.58661271908424,1.00422728129823,29.614255955511084,0.0014516029255479841,695700.0
260,Mars,143.06050307065524,1.6322366118915377,23.228719830962493,0.0014516029255479841,695700.0
260,Jupiter,23.768583996894538,4.969555924879367,13.312451612707315,0.0014516029255479841,695700.0
260,Saturn,9.684150530765292,9.048078333044103,9.865944260027584,0.0014516029255479841,695700.0
260,Uranus,3.3408310543650055,18.324875308502484,6.932602817160116,0.0014516029255479841,695700.0
260,Neptune,1.5915705809615963,29.7075969603188,5.444814292402341,0.0014516029255479841,695700.0
261,Mercury,-18.31121486428867,0.3101892396556193,53.28481585704146,0.0014516029255479841,695700.0
261,Venus,58.828599125598465,0.7207617026242906,34.95593974975902,0.0014516029255479841,695700.0
261,Earth,-104.60913342367661,1.0039498818190316,29.618347002255415,0.0014516029255479841,695700.0
261,Mars,143.51494868508914,1.6330181398753816,23.22316077847222,0.0014516029255479841,695700.0
261,Jupiter,23.85951868059866,4.969704986792642,13.312251963594019,0.0014516029255479841,695700.0
261,Saturn,9.721359223593405,9.048131334204541,9.865915364157209,0.0014516029255479841,695700.0
261,Uranus,3.3536791248706166,18.32488579467539,6.932600833614814,0.0014516029255479841,695700.0
261,Neptune,1.597691970886806,29.707597947227175,5.44481420196196,0.0014516029255479841,695700.0
262,Mercury,-12.04120885772673,0.30866883781443727,53.41588644894448,0.0014516029255479841,695700.0
262,Venus,60.44190370299247,0.7208803746210544,34.95306239170293,0.0014516029255479841,695700.0
262,Earth,-103.63111259007815,1.0036712457004602,29.622457994070167,0.0014516029255479841,695700.0
262,Mars,143.96896184539494,1.6337913348046196,23.21766492514425,0.0014516029255479841,695700.0
262,Jupiter,23.950447899650367,4.9698545845390045,13.312051605832485,0.0014516029255479841,695700.0
262,Saturn,9.75856747968227,9.048184536657903,9.865886358798647,0.0014516029255479841,695700.0
262,Uranus,3.3665271806437715,18.32489632105223,6.932598842466323,0.0014516029255479841,695700.0
262,Neptune,1.6038133604045215,29.70759893792306,5.444814111174498,0.0014516029255479841,695700.0
263,Mercury,-5.721886826158715,0.3077721631285953,53.493641755760585,0.0014516029255479841,695700.0
263,Venus,62.054672892143614,0.7210009566951726,34.95013944898319,0.0014516029255479841,695700.0
263,Earth,-102.65254743484023,1.003391453463918,29.626587766177863,0.0014516029255479841,695700.0
263,Mars,144.42254780573538,1.6345561560383606,23.21223242875849,0.0014516029255479841,695700.0
263,Jupiter,24.04137163494372,4.970004717709429,13.311850540067017,0.0014516029255479841,695700.0
263,Saturn,9.795775297384063,9.048237940379382,9.865857243968327,0.0014516029255479841,695700.0
263,Uranus,3.379375221628177,18.324906887632423,6.93259684371477,0.0014516029255479841,695700.0
263,Neptune,1.6099347495131813,29.707599932406442,5.444814020039953,0.0014516029255479841,695700.0
264,Mercury,0.6212088483748137,0.30751373353713457,53.516114632999745,0.0014516029255479841,695700.0
264,Venus,63.666898632448316,0.72112335269131,34.9471732860875,0.0014516029255479841,695700.0
264,Earth,-101.67343532579969,1.0031105861005054,29.630735144999882,0.0014516029255479841,695700.0
264,Mars,144.87571182185224,1.6353125635002796,23.206863443949775,0.0014516029255479841,695700.0
264,Jupiter,24.13228986739324,4.970155385893499,13.311648766944021,0.0014516029255479841,695700.0
264,Saturn,9.832982675051424,9.048291545344085,9.865828019682727,0.0014516029255479841,695700.0
264,Uranus,3.392223247767371,18.324917494415402,6.932594837360283,0.0014516029255479841,695700.0
264,Neptune,1.6160561382112248,29.707600930677312,5.444813928558327,0.0014516029255479841,695700.0
265,Mercury,6.961712773392308,0.3078977742142134,53.48272891319672,0.0014516029255479841,695700.0
265,Venus,65.27857330855863,0.7212474651059505,34.94416629827712,0.0014516029255479841,695700.0
265,Earth,-100.69377378346694,1.0028287250494314,29.63489894843794,0.0014516029255479841,695700.0
265,Mars,145.3284591509196,1.6360605176762928,23.20155812225382,0.0014516029255479841,695700.0
265,Jupiter,24.223202577933577,4.970306588679401,13.311446287111997,0.0014516029255479841,695700.0
265,Saturn,9.870189611037281,9.048345351527018,9.865798685958397,0.0014516029255479841,695700.0
265,Uranus,3.4050712590051186,18.32492814140058,6.932592823402996,0.0014516029255479841,695700.0
265,Neptune,1.6221775264970912,29.707601932735663,5.44481383672962,0.0014516029255479841,695700.0
266,Mercury,13.273349917871165,0.3089180129698763,53.39433931297808,0.0014516029255479841,695700.0
266,Venus,66.88968975550011,0.7213731951692499,34.941120909477775,0.0014516029255479841,695700.0
266,Earth,-99.71356048238195,1.0025459521761464,29.63907798616154,0.0014516029255479841,695700.0
266,Mars,145.78079505140317,1.6367999796122454,23.19631661215257,0.0014516029255479841,695700.0
266,Jupiter,24.314109747519815,4.970458325653943,13.311243101221523,0.0014516029255479841,695700.0
266,Saturn,9.907396103694685,9.048399358903104,9.865769242811938,0.0014516029255479841,695700.0
266,Uranus,3.41791925528496,18.324938828587374,6.932590801843034,0.0014516029255479841,695700.0
266,Neptune,1.6282989143692197,29.707602938581466,5.444813744553837,0.0014516029255479841,695700.0
267,Mercury,19.530841135845456,0.31055798337793605,53.25317236645976,0.0014516029255479841,695700.0
267,Venus,68.50024126337418,0.7215004429276304,34.93803957015912,0.0014516029255479841,695700.0
267,Earth,-98.73279325243857,1.0022623497502032,29.643271059901565,0.0014516029255479841,695700.0
267,Mars,146.2327247829237,1.6375309109116156,23.19113905911894,0.0014516029255479841,695700.0
267,Jupiter,24.40501135712751,4.970610596402538,13.311039209925282,0.0014516029255479841,695700.0
267,Saturn,9.94460215137716,9.04845356744716,9.865739690260021,0.0014516029255479841,695700.0
267,Uranus,3.4307672365506066,18.324949555975202,6.93258877268053,0.0014516029255479841,695700.0
267,Neptune,1.6344203018260497,29.70760394821473,5.444813652030974,0.0014516029255479841,695700.0
268,Mercury,25.710723504063054,0.31279180324005457,53.06267641840615,0.0014516029255479841,695700.0
268,Venus,70.11022158164963,0.7216291073270293,34.93492475520525,0.0014516029255479841,695700.0
268,Earth,-97.75147008017193,1.0019780004228471,29.647476963749956,0.0014516029255479841,695700.0
268,Mars,146.68425360612665,1.6382532737332332,23.18602560566096,0.0014516029255479841,695700.0
268,Jupiter,24.495907387752773,4.970763400509217,13.310834613878033,0.0014516029255479841,695700.0
268,Saturn,9.98180775243852,9.048507977133923,9.86571002831937,0.0014516029255479841,695700.0
268,Uranus,3.443615202745768,18.324960323563477,6.9325867359156135,0.0014516029255479841,695700.0
268,Neptune,1.6405416888659683,29.707604961635433,5.444813559161036,0.0014516029255479841,695700.0
269,Mercury,31.79202157785305,0.3155853476912057,52.82730040391015,0.0014516029255479841,695700.0
269,Venus,71.71962492303922,0.7217590862967276,34.931778961778406,0.0014516029255479841,695700.0
269,Earth,-96.7695891100124,1.0016929872043399,29.651694484465466,0.0014516029255479841,695700.0
269,Mars,147.1353867825555,1.6389670307890158,23.180976391365288,0.0014516029255479841,695700.0
269,Jupiter,24.586797820412166,4.970916737556625,13.310629313736612,0.0014516029255479841,695700.0
269,Saturn,10.019012905232707,9.048562587938026,9.865680257006778,0.0014516029255479841,695700.0
269,Uranus,3.4564631538139903,18.32497113135161,6.932584691548416,0.0014516029255479841,695700.0
269,Neptune,1.646663075487518,29.70760597884356,5.44481346594402,0.0014516029255479841,695700.0
270,Mercury,37.75672796032872,0.3188977023525754,52.55222863286236,0.0014516029255479841,695700.0
270,Venus,73.32844596696533,0.7218902768336737,34.9286047071783,0.0014516029255479841,695700.0
270,Earth,-95.78714864550228,1.0014073934410221,29.655922401785457,0.0014516029255479841,695700.0
270,Mars,147.58612957453053,1.639672145341719,23.175991552940147,0.0014516029255479841,695700.0
270,Jupiter,24.677682636142844,4.971070607126033,13.31042331015993,0.0014516029255479841,695700.0
270,Saturn,10.056217608114132,9.04861739983402,9.865650376339094,0.0014516029255479841,695700.0
270,Uranus,3.469311089698986,18.324981979339015,6.9325826395790715,0.0014516029255479841,695700.0
270,Neptune,1.6527844616890872,29.707606999839104,5.444813372379932,0.0014516029255479841,695700.0
271,Mercury,43.59007755431313,0.32268276696607545,52.243100967516135,0.0014516029255479841,695700.0
271,Venus,74.93667986261195,0.7220225750872258,34.92540452669915,0.0014516029255479841,695700.0
271,Earth,-94.80414715047417,1.0011213027921175,29.66015948874383,0.0014516029255479841,695700.0
271,Mars,148.03648724503208,1.6403685812027078,23.171071224257627,0.0014516029255479841,695700.0
271,Jupiter,24.768561816002848,4.971225008797323,13.310216603808975,0.0014516029255479841,695700.0
271,Saturn,10.093421859437507,9.048672412796353,9.865620386333228,0.0014516029255479841,695700.0
271,Uranus,3.4821590103444704,18.324992867525086,6.932580580007713,0.0014516029255479841,695700.0
271,Neptune,1.6589058474691145,29.707608024622058,5.444813278468771,0.0014516029255479841,695700.0
272,Mercury,49.2806242027233,0.326890883807081,51.90574498752133,0.0014516029255479841,695700.0
272,Venus,76.54432223156755,0.7221558764442328,34.922180971486654,0.0014516029255479841,695700.0
272,Earth,-93.82058325019214,1.000834799206283,29.664404511994917,0.0014516029255479841,695700.0
272,Mars,148.48646505758867,1.641056302729744,23.16621553639536,0.0014516029255479841,695700.0
272,Jupiter,24.859435341070732,4.971379942149007,13.310009195346796,0.0014516029255479841,695700.0
272,Saturn,10.13062565755767,9.048727626799389,9.865590287006153,0.0014516029255479841,695700.0
272,Uranus,3.4950069156939914,18.325003795909243,6.9325785128344695,0.0014516029255479841,695700.0
272,Neptune,1.665027232826039,29.707609053192392,5.444813184210537,0.0014516029255479841,695700.0
273,Mercury,54.82014711579826,0.33147038393877815,51.54594045383007,0.0014516029255479841,695700.0
273,Venus,78.15136917005809,0.7222900756143757,34.91893660639715,0.0014516029255479841,695700.0
273,Earth,-92.83645573245134,1.0005479668979094,29.668656232143544,0.0014516029255479841,695700.0
273,Mars,148.93606827616924,1.6417352748247913,23.161424617677667,0.0014516029255479841,695700.0
273,Jupiter,24.950303192446093,4.971535406758217,13.309801085438504,0.0014516029255479841,695700.0
273,Saturn,10.167829000829997,9.04878304181739,9.865560078374902,0.0014516029255479841,695700.0
273,Uranus,3.507854805691266,18.32501476449088,6.932576438059476,0.0014516029255479841,695700.0
273,Neptune,1.6711486177583001,29.70761008555012,5.444813089605233,0.0014516029255479841,695700.0
274,Mercury,60.20342560045188,0.3363689720206535,51.16922854988457,0.0014516029255479841,695700.0
274,Venus,79.7578172507749,0.7224250667156937,34.91567400786085,0.0014516029255479841,695700.0
274,Earth,-91.85176354863836,1.0002608903231793,29.672913404080898,0.0014516029255479841,695700.0
274,Mars,149.3853021650803,1.6424054629318428,23.156698593715976,0.0014516029255479841,695700.0
274,Jupiter,25.041165351249177,4.971691402200714,13.309592274751274,0.0014516029255479841,695700.0
274,Saturn,10.205031887609927,9.048838657824533,9.86552976045657,0.0014516029255479841,695700.0
274,Uranus,3.5207026802800114,18.325025773269402,6.932574355682867,0.0014516029255479841,695700.0
274,Neptune,1.6772700022643372,29.707611121695205,5.4448129946528585,0.0014516029255479841,695700.0
275,Mercury,65.42792424041393,0.34153490070593934,50.78077076598932,0.0014516029255479841,695700.0
275,Venus,81.36366352429566,0.7225607433602179,34.91239576175117,0.0014516029255479841,695700.0
275,Earth,-90.866505814748,0.9999736541558838,29.67717477732656,0.0014516029255479841,695700.0
275,Mars,149.83417198886673,1.6430668330347644,23.152037587448753,0.0014516029255479841,695700.0
275,Jupiter,25.132021798621388,4.971847928050885,13.309382763954341,0.0014516029255479841,695700.0
275,Saturn,10.242234316253384,9.0488944747949,9.86549933326831,0.0014516029255479841,695700.0
275,Uranus,3.5335505394037807,18.325036822244204,6.932572265704777,0.0014516029255479841,695700.0
275,Neptune,1.6833913863425372,29.707612161627658,5.444812899353416,0.0014516029255479841,695700.0
276,Mercury,70.49342833341144,0.3469179136795733,50.38525610800233,0.0014516029255479841,695700.0
276,Venus,82.96890552010801,0.7226969987396387,34.90910446126247,0.0014516029255479841,695700.0
276,Earth,-89.88068181235805,0.9996863432630078,29.681439096376288,0.0014516029255479841,695700.0
276,Mars,150.2826830122182,1.6437193516551618,23.147441719180733,0.0014516029255479841,695700.0
276,Jupiter,25.2228725157249,4.972004983881751,13.309172553718973,0.0014516029255479841,695700.0
276,Saturn,10.27943628511659,9.048950492702478,9.865468796827338,0.0014516029255479841,695700.0
276,Uranus,3.546398383006293,18.325047911414682,6.932570168125341,0.0014516029255479841,695700.0
276,Neptune,1.6895127699914436,29.70761320534745,5.444812803706905,0.0014516029255479841,695700.0
277,Mercury,75.40166320446215,0.3524699590099862,49.98685109501806,0.0014516029255479841,695700.0
277,Venus,84.5735412472323,0.7228337257109317,34.905802704797594,0.0014516029255479841,695700.0
277,Earth,-88.89429098955982,0.9993990426800854,29.685705101055817,0.0014516029255479841,695700.0
277,Mars,150.73084049987787,1.6443629858502664,23.142911106621597,0.0014516029255479841,695700.0
277,Jupiter,25.313717483743183,4.972162569264961,13.308961644718504,0.0014516029255479841,695700.0
277,Saturn,10.316637792555907,9.049006711521164,9.865438151150931,0.0014516029255479841,695700.0
277,Uranus,3.5592462110312697,18.32505904078023,6.932568062944695,0.0014516029255479841,695700.0
277,Neptune,1.6956341532094434,29.70761425285457,5.444812707713331,0.0014516029255479841,695700.0
278,Mercury,80.15592306694082,0.3581456904922408,49.589184750591386,0.0014516029255479841,695700.0
278,Venus,86.1775691944526,0.722970816881872,34.9024930938675,0.0014516029255479841,695700.0
278,Earth,-87.90733296184179,0.999111837586334,29.68997152688039,0.0014516029255479841,695700.0
278,Mars,151.1786497165573,1.6449977032108427,23.138445864924027,0.0014516029255479841,695700.0
278,Jupiter,25.40455668388065,4.972320683770801,13.308750037628302,0.0014516029255479841,695700.0
278,Saturn,10.353838836928167,9.04906313122476,9.865407396256426,0.0014516029255479841,695700.0
278,Uranus,3.572094023422266,18.325070210340236,6.932565950162973,0.0014516029255479841,695700.0
278,Neptune,1.701755535994976,29.707615304149012,5.44481261137269,0.0014516029255479841,695700.0
279,Mercury,84.76072703026803,0.3639027842518198,49.19536013507787,0.0014516029255479841,695700.0
279,Venus,87.78098833015602,0.7231081646963639,34.899178231004505,0.0014516029255479841,695700.0
279,Earth,-86.91980751292938,0.9988248132795725,29.694237105420086,0.0014516029255479841,695700.0
279,Mars,151.6261159268536,1.6456234718591194,23.13404610672113,0.0014516029255479841,695700.0
279,Jupiter,25.495390097362893,4.972479326968189,13.308537733125773,0.0014516029255479841,695700.0
279,Saturn,10.391039416590525,9.049119751786979,9.865376532161221,0.0014516029255479841,695700.0
279,Uranus,3.5849418201230057,18.325081420094097,6.93256382978031,0.0014516029255479841,695700.0
279,Neptune,1.7078769183464813,29.707616359230762,5.444812514684985,0.0014516029255479841,695700.0
280,Mercury,89.22151270286145,0.36970210211586396,48.80798442564648,0.0014516029255479841,695700.0
280,Venus,89.38379810178839,0.7232456615195152,34.895860717691065,0.0014516029255479841,695700.0
280,Earth,-85.93171459557519,0.9985380551509297,29.69850056467083,0.0014516029255479841,695700.0
280,Mars,152.07324439517183,1.6462402604467403,23.12971194216331,0.0014516029255479841,695700.0
280,Jupiter,25.58621770543686,4.972638498424687,13.308324731890364,0.0014516029255479841,695700.0
280,Saturn,10.428239529900257,9.049176573181436,9.865345558882776,0.0014516029255479841,695700.0
280,Uranus,3.5977896010772143,18.325092670041197,6.932561701796848,0.0014516029255479841,695700.0
280,Neptune,1.7139983002623973,29.70761741809981,5.444812417650218,0.0014516029255479841,695700.0
281,Mercury,93.54437212041165,0.3755077335395577,48.42921065330265,0.0014516029255479841,695700.0
281,Venus,90.98599843492732,0.7233831997223926,34.892543152305485,0.0014516029255479841,695700.0
281,Earth,-84.94305433230065,0.9982516486593489,29.70276062943106,0.0014516029255479841,695700.0
281,Mars,152.52004038565047,1.6468480381527388,23.1254434789545,0.0014516029255479841,695700.0
281,Jupiter,25.677039489370806,4.972798197706493,13.308111034603543,0.0014516029255479841,695700.0
281,Saturn,10.465439175215131,9.04923359538166,9.865314476438613,0.0014516029255479841,695700.0
281,Uranus,3.6106373662284508,18.32510396018092,6.932559566212721,0.0014516029255479841,695700.0
281,Neptune,1.7201196817411641,29.707618480756132,5.444812320268389,0.0014516029255479841,695700.0
282,Mercury,97.73583055074488,0.38128694557623666,48.060785575205415,0.0014516029255479841,695700.0
282,Venus,92.58758973198093,0.7235206717663843,34.88922812808655,0.0014516029255479841,695700.0
282,Earth,-83.95382701608949,0.9979656793058991,29.707016021683867,0.0014516029255479841,695700.0
282,Mars,152.96650916209094,1.6474467746815369,23.121240822387794,0.0014516029255479841,695700.0
282,Jupiter,25.767855430454237,4.972958424378448,13.307896641948812,0.0014516029255479841,695700.0
282,Saturn,10.502638350893223,9.04929081836108,9.865283284846308,0.0014516029255479841,695700.0
282,Uranus,3.623485115520439,18.32511529051265,6.932557423028066,0.0014516029255479841,695700.0
282,Neptune,1.7262410627811686,29.707619547199734,5.4448122225395,0.0014516029255479841,695700.0
283,Mercury,101.8026659485842,0.3870100666565777,47.70409953630739,0.0014516029255479841,695700.0
283,Venus,94.18857287051524,0.7236579702871099,34.88591823111816,0.0014516029255479841,695700.0
283,Earth,-82.96403311102918,0.9976802326078948,29.711265460984652,0.0014516029255479841,695700.0
283,Mars,153.41265598789136,1.6480364402609664,23.11710407538046,0.0014516029255479841,695700.0
283,Jupiter,25.858665509998072,4.973119178004037,13.307681554611694,0.0014516029255479841,695700.0
283,Saturn,10.539837055292752,9.049348242093036,9.865251984123505,0.0014516029255479841,695700.0
283,Uranus,3.636332848896912,18.32512666103576,6.932555272243025,0.0014516029255479841,695700.0
283,Neptune,1.7323624433809546,29.707620617430592,5.444812124463552,0.0014516029255479841,695700.0
284,Mercury,105.75176519938333,0.3926503256581651,47.36023540545316,0.0014516029255479841,695700.0
284,Venus,95.78894920121769,0.723794988177812,34.88261603833584,0.0014516029255479841,695700.0
284,Earth,-81.97367325289972,0.9973953940728366,29.71550766485409,0.0014516029255479841,695700.0
284,Mars,153.85848612598272,1.648617005640314,23.11303333850843,0.0014516029255479841,695700.0
284,Jupiter,25.949469709334906,4.973280458145389,13.307465773279732,0.0014516029255479841,695700.0
284,Saturn,10.577035286772475,9.049405866550778,9.865220574287909,0.0014516029255479841,695700.0
284,Uranus,3.6491805663014296,18.325138071749638,6.9325531138577325,0.0014516029255479841,695700.0
284,Neptune,1.7384838235389086,29.707621691448693,5.444812026040547,0.0014516029255479841,695700.0
285,Mercury,109.59001251530101,0.39818366348077827,47.03001468873202,0.0014516029255479841,695700.0
285,Venus,97.38872054549923,0.7239316186721666,34.879324115556194,0.0014516029255479841,695700.0
285,Earth,-80.98274824971216,0.9971112491721771,29.719741349176385,0.0014516029255479841,695700.0
285,Mars,154.30400483877017,1.6491884420883927,23.109028710040075,0.0014516029255479841,695700.0
285,Jupiter,26.04026800981863,4.9734422643632845,13.307249298642478,0.0014516029255479841,695700.0
285,Saturn,10.61423304369124,9.04946369170746,9.865189055357275,0.0014516029255479841,695700.0
285,Uranus,3.662028267677723,18.32514952265366,6.932550947872329,0.0014516029255479841,695700.0
285,Neptune,1.7446052032534707,29.707622769254023,5.444811927270485,0.0014516029255479841,695700.0
286,Mercury,113.324205165799,0.4035885304383922,46.71403971336104,0.0014516029255479841,695700.0
286,Venus,98.9878891927464,0.7240677554264521,34.8760450155309,0.0014516029255479841,695700.0
286,Earth,-79.9912590821902,0.9968278833149218,29.72396522860266,0.0014516029255479841,695700.0
286,Mars,154.74921738807666,1.6497507213916371,23.105090285969464,0.0014516029255479841,695700.0
286,Jupiter,26.13106039282497,4.973604596217151,13.3070321313915,0.0014516029255479841,695700.0
286,Saturn,10.651430324408373,9.049521717536146,9.865157427349434,0.0014516029255479841,695700.0
286,Uranus,3.6748759529695234,18.325161013747195,6.932548774286958,0.0014516029255479841,695700.0
286,Neptune,1.7507265825230798,29.707623850846584,5.444811828153367,0.0014516029255479841,695700.0
287,Mercury,116.96099192468195,0.4088456794047933,46.41273135670065,0.0014516029255479841,695700.0
287,Venus,100.58645789722367,0.7242032926010183,34.87278127602631,0.0014516029255479841,695700.0
287,Earth,-78.99920690419835,0.996545381821074,29.72817801695931,0.0014516029255479841,695700.0
287,Mars,155.19412903509033,1.6503038158522232,23.101218160049015,0.0014516029255479841,695700.0
287,Jupiter,26.2218468397511,4.973767453265068,13.306814272220368,0.0014516029255479841,695700.0
287,Saturn,10.688627127283532,9.049579944009805,9.865125690282266,0.0014516029255479841,695700.0
287,Uranus,3.687723622120398,18.32517254502962,6.932546593101753,0.0014516029255479841,695700.0
287,Neptune,1.7568479613461756,29.70762493622635,5.444811728689195,0.0014516029255479841,695700.0
288,Mercury,120.50683003146803,0.41393796185678255,46.126362200008884,0.0014516029255479841,695700.0
288,Venus,102.18442987463717,0.7243381249409981,34.86953541793004,0.0014516029255479841,695700.0
288,Earth,-78.00659304311377,0.99626382989493,29.732378427661377,0.0014516029255479841,695700.0
288,Mars,155.63874504031565,1.6508476982862148,23.09741242382153,0.0014516029255479841,695700.0
288,Jupiter,26.312627332016138,4.973930835063771,13.306595721824651,0.0014516029255479841,695700.0
288,Saturn,10.725823450676504,9.049638371101311,9.865093844173717,0.0014516029255479841,695700.0
288,Uranus,3.7005712750740796,18.325184116500303,6.93254440431686,0.0014516029255479841,695700.0
288,Neptune,1.7629693397211965,29.707626025393303,5.444811628877971,0.0014516029255479841,695700.0
289,Mercury,123.96795698238707,0.41885013172603247,45.85508525198155,0.0014516029255479841,695700.0
289,Venus,103.7818087983631,0.7244721478562051,34.86630994338544,0.0014516029255479841,695700.0
289,Earth,-77.0134190001409,0.9959833125982342,29.736565174130575,0.0014516029255479841,695700.0
289,Mars,156.08307066352688,1.6513823420217364,23.093673166651637,0.0014516029255479841,695700.0
289,Jupiter,26.40340185106076,4.974094741168649,13.306376480901925,0.0014516029255479841,695700.0
289,Saturn,10.763019292947583,9.049696998783455,9.865061889041794,0.0014516029255479841,695700.0
289,Uranus,3.713418911774305,18.325195728158604,6.932542207932419,0.0014516029255479841,695700.0
289,Neptune,1.7690907176465829,29.707627118347446,5.444811528719693,0.0014516029255479841,695700.0
290,Mercury,127.3503740087991,0.4235686602383345,45.598958547546204,0.0014516029255479841,695700.0
290,Venus,105.37859879535011,0.7246052575001649,34.86310733395526,0.0014516029255479841,695700.0
290,Earth,-76.01968645056793,0.9957039148232062,29.740736970218023,0.0014516029255479841,695700.0
290,Mars,156.52711116372618,1.6519077208971713,23.090000475756653,0.0014516029255479841,695700.0
290,Jupiter,26.4941703783477,4.97425917113375,13.306156550151751,0.0014516029255479841,695700.0
290,Saturn,10.800214652457367,9.049755827028926,9.86502982490456,0.0014516029255479841,695700.0
290,Uranus,3.7262665321646424,18.3252073800039,6.932540003948572,0.0014516029255479841,695700.0
290,Neptune,1.7752120951207215,29.70762821508875,5.444811428214367,0.0014516029255479841,695700.0
291,Mercury,130.65983862177313,0.42808156361189986,45.35796601225521,0.0014516029255479841,695700.0
291,Venus,106.97480444170019,0.7247373508482272,34.85993004881542,0.0014516029255479841,695700.0
291,Earth,-75.02539724396411,0.995425721265444,29.74489253063141,0.0014516029255479841,695700.0
291,Mars,156.9708717991031,1.6524238092593873,23.08639443623686,0.0014516029255479841,695700.0
291,Jupiter,26.584932895361433,4.974424124511781,13.305935930275684,0.0014516029255479841,695700.0
291,Saturn,10.837409527566615,9.049814855810325,9.864997651780143,0.0014516029255479841,695700.0
291,Uranus,3.739114136188888,18.325219072035544,6.932537792365461,0.0014516029255479841,695700.0
291,Neptune,1.7813334721421556,29.707629315617222,5.4448113273619905,0.0014516029255479841,695700.0
292,Mercury,133.9018640753895,0.432378244527293,45.132035015535955,0.0014516029255479841,695700.0
292,Venus,108.57043075793698,0.7248683257747063,34.85678052297974,0.0014516029255479841,695700.0
292,Earth,-74.03055340431791,0.995148816396717,29.749030571366546,0.0014516029255479841,695700.0
292,Mars,157.41435782699907,1.65293058196199,23.08285513110516,0.0014516029255479841,695700.0
292,Jupiter,26.675689383608404,4.974589600854112,13.305714621977264,0.0014516029255479841,695700.0
292,Saturn,10.874603916636573,9.049874085100162,9.86496536968673,0.0014516029255479841,695700.0
292,Uranus,3.75196172379061,18.325230804252904,6.932535573183227,0.0014516029255479841,695700.0
292,Neptune,1.7874548487092727,29.70763041993283,5.444811226162566,0.0014516029255479841,695700.0
293,Mercury,137.08172401662438,0.43644934759894316,44.921051034970816,0.0014516029255479841,695700.0
293,Venus,110.16548320396802,0.7249980811290054,34.853661165556645,0.0014516029255479841,695700.0
293,Earth,-73.03515713011271,0.9948732844376574,29.75314981014297,0.0014516029255479841,695700.0
293,Mars,157.85757450387308,1.653428014363602,23.079382641316183,0.0014516029255479841,695700.0
293,Jupiter,26.766439824617184,4.974755599710776,13.305492625962005,0.0014516029255479841,695700.0
293,Saturn,10.911797818028813,9.049933514870848,9.864932978642571,0.0014516029255479841,695700.0
293,Uranus,3.764809294913551,18.32524257665533,6.932533346402017,0.0014516029255479841,695700.0
293,Neptune,1.7935762248205125,29.70763152803557,5.444811124616095,0.0014516029255479841,695700.0
294,Mercury,140.20446094400455,0.44028662860980733,44.7248698318425,0.0014516029255479841,695700.0
294,Venus,111.75996767374691,0.7251265168106742,34.850574358038536,0.0014516029255479841,695700.0
294,Earth,-72.03921079434191,0.9945992093303602,29.7572489668437,0.0014516029255479841,695700.0
294,Mars,158.3005270852715,1.6539160823261714,23.07597704579479,0.0014516029255479841,695700.0
294,Jupiter,26.857184199938416,4.974922120630474,13.305269942937404,0.0014516029255479841,695700.0
294,Saturn,10.94899123010506,9.04999314509471,9.864900478665971,0.0014516029255479841,695700.0
294,Uranus,3.777656849501454,18.325254389242193,6.9325311120219695,0.0014516029255479841,695700.0
294,Neptune,1.799697600474313,29.70763263992543,5.444811022722578,0.0014516029255479841,695700.0
295,Mercury,143.27489739341846,0.44388283696485814,44.543327504656844,0.0014516029255479841,695700.0
295,Venus,113.35389048964473,0.7252535338433537,34.84752245262475,0.0014516029255479841,695700.0
295,Earth,-71.04271694446098,0.9943266747109009,29.761326763958678,0.0014516029255479841,695700.0
295,Mars,158.74322082580025,1.6543947622133073,23.072638421463974,0.0014516029255479841,695700.0
295,Jupiter,26.947922491144762,4.975089163160569,13.305046573612934,0.0014516029255479841,695700.0
295,Saturn,10.98618415122753,9.050052975743977,9.8648678697753,0.0014516029255479841,695700.0
295,Uranus,3.7905043874978914,18.325266242012834,6.932528870043233,0.0014516029255479841,695700.0
295,Neptune,1.8058189756691156,29.707633755602394,5.444810920482016,0.0014516029255479841,695700.0
296,Mercury,146.2976490131272,0.44723161063385464,44.37624874853992,0.0014516029255479841,695700.0
296,Venus,114.94725839653702,0.7253790344475687,34.84450777057861,0.0014516029255479841,695700.0
296,Earth,-70.04567830227533,0.9940557638817847,29.765381927031903,0.0014516029255479841,695700.0
296,Mars,159.18566097909977,1.654864030888644,23.069366843272213,0.0014516029255479841,695700.0
296,Jupiter,27.038654679831094,4.9752567268471015,13.304822518700027,0.0014516029255479841,695700.0
296,Saturn,11.023376579758779,9.05011300679079,9.864835151988988,0.0014516029255479841,695700.0
296,Uranus,3.80335190884661,18.325278134966613,6.932526620465949,0.0014516029255479841,695700.0
296,Neptune,1.8119403504033584,29.707634875066447,5.444810817894413,0.0014516029255479841,695700.0
297,Mercury,149.2771388878539,0.45032738275643286,44.223453608391594,0.0014516029255479841,695700.0
297,Venus,116.54007855561287,0.7255029221123221,34.841532600619324,0.0014516029255479841,695700.0
297,Earth,-69.04809776376413,0.9937865597843356,29.769413185112,0.0014516029255479841,695700.0
297,Mars,159.62785279782324,1.6553238657142344,23.06616238422021,0.0014516029255479841,695700.0
297,Jupiter,27.129380747614704,4.97542481123478,13.304597778912083,0.0014516029255479841,695700.0
297,Saturn,11.060568514061497,9.05017323820719,9.864802325325524,0.0014516029255479841,695700.0
297,Uranus,3.8161994134913524,18.325290068102873,6.932524363290266,0.0014516029255479841,695700.0
297,Neptune,1.8180617246754287,29.707635998317585,5.444810714959766,0.0014516029255479841,695700.0
298,Mercury,152.2176126307505,0.4531652990476439,44.08476297498341,0.0014516029255479841,695700.0
298,Venus,118.13235853791588,0.7256251016654527,34.83859919734934,0.0014516029255479841,695700.0
298,Earth,-68.0499783988395,0.9935191449710361,29.773419271206006,0.0014516029255479841,695700.0
298,Mars,160.06980153361616,1.6557742445489712,23.06302511538708,0.0014516029255479841,695700.0
298,Jupiter,27.220100676134965,4.975593415866987,13.304372354964464,0.0014516029255479841,695700.0
298,Saturn,11.09775995249895,9.050233669965136,9.864769389803456,0.0014516029255479841,695700.0
298,Uranus,3.829046901375701,18.32530204142097,6.932522098516327,0.0014516029255479841,695700.0
298,Neptune,1.82418309848387,29.707637125355788,5.44481061167808,0.0014516029255479841,695700.0
299,Mercury,155.12315388851698,0.45574114515050357,43.96000303724185,0.0014516029255479841,695700.0
299,Venus,119.72410631762149,0.7257454793427155,34.835709779717575,0.0014516029255479841,695700.0
299,Earth,-67.05132345103814,0.9932536015778299,29.777398922736232,0.0014516029255479841,695700.0
299,Mars,160.51151243710055,1.6562151457470384,23.059955105955936,0.0014516029255479841,695700.0
299,Jupiter,27.310814447053847,4.975762540285782,13.304146247574486,0.0014516029255479841,695700.0
299,Saturn,11.1349508934345,9.05029430203649,9.864736345441399,0.0014516029255479841,695700.0
299,Uranus,3.841894372443402,18.325314054920238,6.932519826144279,0.0014516029255479841,695700.0
299,Neptune,1.83030447182707,29.707638256181042,5.444810508049354,0.0014516029255479841,695700.0
300,Mercury,157.99770000479364,0.4580512831197098,43.84900887145096,0.0014516029255479841,695700.0
300,Venus,121.31533026506143,0.7258639628555511,34.83286652951916,0.0014516029255479841,695700.0
300,Earth,-66.05213633714746,0.9929900112964015,29.78135088199992,0.0014516029255479841,695700.0
300,Mars,160.9529907578596,1.6566465481563921,23.056952423238908,0.0014516029255479841,695700.0
300,Jupiter,27.401522042055518,4.975932184031903,13.303919457461413,0.0014516029255479841,695700.0
300,Saturn,11.17214133523201,9.05035513439302,9.86470319225802,0.0014516029255479841,695700.0
300,Uranus,3.854741826638204,18.32532610860003,6.93251754617427,0.0014516029255479841,695700.0
300,Neptune,1.8364258447034676,29.707639390793336,5.444810404073591,0.0014516029255479841,695700.0
301,Mercury,160.8450576651927,0.4600925962770719,43.75162731925444,0.0014516029255479841,695700.0
301,Venus,122.90603913949955,0.7259804614575048,34.83007158993194,0.0014516029255479841,695700.0
301,Earth,-65.0524206467639,0.9927284553464395,29.78527389663148,0.0014516029255479841,695700.0
301,Mars,161.3942417444262,1.65706843111727,23.054017132701592,0.0014516029255479841,695700.0
301,Jupiter,27.492223442846864,4.976102346644768,13.303691985346463,0.0014516029255479841,695700.0
301,Saturn,11.209331276255664,9.050416167006404,9.86466993027205,0.0014516029255479841,695700.0
301,Uranus,3.8675892639036906,18.325338202459687,6.932515258606445,0.0014516029255479841,695700.0
301,Neptune,1.8425472171115025,29.707640529192656,5.44481029975079,0.0014516029255479841,695700.0
302,Mercury,163.66891840822598,0.46186244174698143,43.66771928105227,0.0014516029255479841,695700.0
302,Venus,124.49624208166915,0.726094886009265,34.82732706409035,0.0014516029255479841,695700.0
302,Earth,-64.05218014178271,0.9924690144478995,29.789166720067126,0.0014516029255479841,695700.0
302,Mars,161.83527064427307,1.6574807744607314,23.05114929798693,0.0014516029255479841,695700.0
302,Jupiter,27.58291863115708,4.976273027662475,13.303463831952788,0.0014516029255479841,695700.0
302,Saturn,11.246520714869833,9.050477399848226,9.864636559502284,0.0014516029255479841,695700.0
302,Uranus,3.880436684183614,18.32535033649854,6.932512963440955,0.0014516029255479841,695700.0
302,Neptune,1.8486685890496148,29.707641671378994,5.444810195080953,0.0014516029255479841,695700.0
303,Mercury,166.47287393344206,0.4633586100542811,43.59716152941551,0.0014516029255479841,695700.0
303,Venus,126.08594860607816,0.7262071490422842,34.824635013696714,0.0014516029255479841,695700.0
303,Earth,-63.05141875581903,0.9922117687932774,29.79302811201166,0.0014516029255479841,695700.0
303,Mars,162.27608270380586,1.6578835585072282,23.048348980938496,0.0014516029255479841,695700.0
303,Jupiter,27.673607588738186,4.976444226621809,13.303234998005488,0.0014516029255479841,695700.0
303,Saturn,11.283709649439363,9.05053883288998,9.864603079967573,0.0014516029255479841,695700.0
303,Uranus,3.8932840874217254,18.32536251071593,6.932510660677944,0.0014516029255479841,695700.0
303,Neptune,1.8547899605162423,29.707642817352323,5.444810090064084,0.0014516029255479841,695700.0
304,Mercury,169.26043117417476,0.4645792912436714,43.53984812813282,0.0014516029255479841,695700.0
304,Venus,127.67516859308893,0.7263171648209568,34.821997457670584,0.0014516029255479841,695700.0
304,Earth,-62.05014059356028,0.9919567980199063,29.796856838907118,0.0014516029255479841,695700.0
304,Mars,162.7166831683581,1.6582767640652059,23.04561624162323,0.0014516029255479841,695700.0
304,Jupiter,27.76429029736469,4.976615943058242,13.303005484231585,0.0014516029255479841,695700.0
304,Saturn,11.320898078329453,9.05060046610307,9.864569491686826,0.0014516029255479841,695700.0
304,Uranus,3.9061314735616137,18.3253747251112,6.932508350317561,0.0014516029255479841,695700.0
304,Neptune,1.8609113315097738,29.707643967112645,5.4448099847001785,0.0014516029255479841,695700.0
305,Mercury,172.03502712975427,0.465523047057111,43.49569152606634,0.0014516029255479841,695700.0
305,Venus,129.26391228078168,0.7264248494033199,34.819416370836116,0.0014516029255479841,695700.0
305,Earth,-61.048349930047465,0.991704181182289,29.800651674403053,0.0014516029255479841,695700.0
305,Mars,163.15707728218817,1.6586603724297337,23.04295113835361,0.0014516029255479841,695700.0
305,Jupiter,27.854966738833816,4.976788176505933,13.302775291360042,0.0014516029255479841,695700.0
305,Saturn,11.358085999905466,9.0506622994588,9.864535794679023,0.0014516029255479841,695700.0
305,Uranus,3.9189788425470327,18.325386979683664,6.932506032359957,0.0014516029255479841,695700.0
305,Neptune,1.867032702028752,29.707645120659937,5.444809878989245,0.0014516029255479841,695700.0
306,Mercury,174.8000434726594,0.4661887887821567,43.46462338073473,0.0014516029255479841,695700.0
306,Venus,130.8521902566083,0.7265301207002514,34.816893682647795,0.0014516029255479841,695700.0
306,Earth,-60.04605120988594,0.9914539967244779,29.80441139982825,0.0014516029255479841,695700.0
306,Mars,163.5972702884793,1.6590343653811686,23.040353727709245,0.0014516029255479841,695700.0
306,Jupiter,27.94563689496568,4.97696092649773,13.302544420121743,0.0014516029255479841,695700.0
306,Saturn,11.395273412533262,9.050724332928391,9.864501988963186,0.0014516029255479841,695700.0
306,Uranus,3.93182619432174,18.32539927443267,6.9325037068052815,0.0014516029255479841,695700.0
306,Neptune,1.8731540720715645,29.707646277994186,5.444809772931279,0.0014516029255479841,695700.0
307,Mercury,177.55882096134408,0.4665757604592084,43.44659515406943,0.0014516029255479841,695700.0
307,Venus,132.44001344884236,0.7266328985331387,34.81443127595476,0.0014516029255479841,695700.0
307,Earth,-59.043249046387224,0.9912063224525187,29.80813480466357,0.0014516029255479841,695700.0
307,Mars,164.03726742934066,1.6593987251838462,23.03782406455791,0.0014516029255479841,695700.0
307,Jupiter,28.036300747603214,4.977134192565177,13.302312871249493,0.0014516029255479841,695700.0
307,Saturn,11.432460314579055,9.050786566482968,9.864468074558419,0.0014516029255479841,695700.0
307,Uranus,3.944673528829325,18.325411609357534,6.932501373653685,0.0014516029255479841,695700.0
307,Neptune,1.8792754416366504,29.707647439115384,5.444809666526285,0.0014516029255479841,695700.0
308,Mercury,-179.68532629954893,0.4666835272089284,43.44157851173861,0.0014516029255479841,695700.0
308,Venus,134.0273931178359,0.7267331046899914,34.812030985803716,0.0014516029255479841,695700.0
308,Earth,-58.039948220636425,0.990961235506967,29.811820687015587,0.0014516029255479841,695700.0
308,Mars,164.47707394581113,1.6597534345848084,23.03536220207601,0.0014516029255479841,695700.0
308,Jupiter,28.126958278612104,4.977307974238511,13.302080645478009,0.0014516029255479841,695700.0
308,Saturn,11.469646704409215,9.05084900009356,9.864434051483865,0.0014516029255479841,695700.0
308,Uranus,3.957520846013549,18.32542398445759,6.932499032905316,0.0014516029255479841,695700.0
308,Neptune,1.88539681072245,29.707648604023518,5.444809559774264,0.0014516029255479841,695700.0
309,Mercury,-176.92909670236108,0.46651196851284066,43.44956554745121,0.0014516029255479841,695700.0
309,Venus,135.61434084708668,0.7268306629799758,34.8096945982807,0.0014516029255479841,695700.0
309,Earth,-57.03615368048988,0.9907188123354941,29.81546785409089,0.0014516029255479841,695700.0
309,Mars,164.91669507786443,1.6600984768125564,23.03296819176849,0.0014516029255479841,695700.0
309,Jupiter,28.217609469881,4.977482271046666,13.30184774354393,0.0014516029255479841,695700.0
309,Saturn,11.506832580390675,9.050911633731113,9.864399919758746,0.0014516029255479841,695700.0
309,Uranus,3.970368145818171,18.32543639973216,6.932496684560324,0.0014516029255479841,695700.0
309,Neptune,1.8915181793274018,29.707649772718568,5.444809452675215,0.0014516029255479841,695700.0
310,Mercury,-174.16918702912244,0.4660612763505941,43.47056884441204,0.0014516029255479841,695700.0
310,Venus,137.20086853412565,0.7269254992863469,34.807423849391654,0.0014516029255479841,695700.0
310,Earth,-56.03187053950044,0.9904791286655931,29.81907512267067,0.0014516029255479841,695700.0
310,Mars,165.35613606441723,1.6604338355758408,23.030642083488186,0.0014516029255479841,695700.0
310,Jupiter,28.308254303321718,4.9776570825172755,13.301614166185798,0.0014516029255479841,695700.0
310,Saturn,11.544017940890502,9.050974467366473,9.86436567940233,0.0014516029255479841,695700.0
310,Uranus,3.983215428186784,18.325448855180557,6.9324943286188665,0.0014516029255479841,695700.0
310,Neptune,1.8976395474499461,29.707650945200523,5.4448093452291415,0.0014516029255479841,695700.0
311,Mercury,-171.4022783378358,0.4653319581670854,43.50462137728184,0.0014516029255479841,695700.0
311,Venus,138.78698838123032,0.7270175416177582,34.805220423982,0.0014516029255479841,695700.0
311,Earth,-55.02710407576938,0.9902422594774031,29.822641319585355,0.0014516029255479841,695700.0
311,Mars,165.79540214333798,1.660759495062479,23.028383925454627,0.0014516029255479841,695700.0
311,Jupiter,28.398892760868886,4.977832408176672,13.301379914144059,0.0014516029255479841,695700.0
311,Saturn,11.58120278427625,9.051037500970398,9.864331330433954,0.0014516029255479841,695700.0
311,Uranus,3.996062693063154,18.325461350802108,6.932491965081092,0.0014516029255479841,695700.0
311,Neptune,1.9037609150885215,29.707652121469362,5.444809237436044,0.0014516029255479841,695700.0
312,Mercury,-168.62502178665792,0.46432484471212904,43.551776249295784,0.0014516029255479841,695700.0
312,Venus,140.37271288597157,0.7271067201579281,34.803085954695035,0.0014516029255479841,695700.0
312,Earth,-54.02185973072625,0.9900082789766579,29.826165282188875,0.0014516029255479841,695700.0
312,Mars,166.23449855145785,1.6610754399382084,23.026193764272243,0.0014516029255479841,695700.0
312,Jupiter,28.489524824480462,4.978008247549894,13.301144988161056,0.0014516029255479841,695700.0
312,Saturn,11.618387108915842,9.051100734513554,9.86429687287301,0.0014516029255479841,695700.0
312,Uranus,4.008909940391046,18.325473886596132,6.932489593947151,0.0014516029255479841,695700.0
312,Neptune,1.9098822822415158,29.70765330152509,5.444809129295924,0.0014516029255479841,695700.0
313,Mercury,-165.8340243429444,0.4630411028651976,43.612106250307455,0.0014516029255479841,695700.0
313,Venus,141.95805483160137,0.7271929673136431,34.80102202096942,0.0014516029255479841,695700.0
313,Earth,-53.01614310783638,0.9897772605677818,29.829645858832567,0.0014516029255479841,695700.0
313,Mars,166.67343052458403,1.6613816553455683,23.024071644948066,0.0014516029255479841,695700.0
313,Jupiter,28.58015047613736,4.978184600160685,13.300909388981031,0.0014516029255479841,695700.0
313,Saturn,11.655570913177355,9.051164167966514,9.864262306738954,0.0014516029255479841,695700.0
313,Uranus,4.021757170114054,18.325486462561937,6.932487215217201,0.0014516029255479841,695700.0
313,Neptune,1.916003648907473,29.70765448536768,5.444809020808783,0.0014516029255479841,695700.0
314,Mercury,-163.0258343293791,0.4614822536284909,43.68570321214288,0.0014516029255479841,695700.0
314,Venus,143.54302727728654,0.7272762177610823,34.79903014807549,0.0014516029255479841,695700.0
314,Earth,-52.009959971233926,0.9895492768271404,29.833081909338027,0.0014516029255479841,695700.0
314,Mars,167.11220329751407,1.6616781269028174,23.02201761090887,0.0014516029255479841,695700.0
314,Jupiter,28.670769697843923,4.978361465531495,13.300673117350115,0.0014516029255479841,695700.0
314,Saturn,11.692754195429387,9.05122780129976,9.864227632051298,0.0014516029255479841,695700.0
314,Uranus,4.034604382175951,18.32549907869884,6.932484828891392,0.0014516029255479841,695700.0
314,Neptune,1.9221250150847795,29.707655672997117,5.444808911974623,0.0014516029255479841,695700.0
315,Mercury,-160.19692676765297,0.459650195543656,43.772677127452425,0.0014516029255479841,695700.0
315,Venus,145.1276435481973,0.7273564084904437,34.797111806190536,0.0014516029255479841,695700.0
315,Earth,-51.003316244283084,0.9893243994764624,29.836472305468913,0.0014516029255479841,695700.0
315,Mars,167.55082210405183,1.6619648407028806,23.020031704017693,0.0014516029255479841,695700.0
315,Jupiter,28.761382471627552,4.978538843183481,13.300436174016326,0.0014516029255479841,695700.0
315,Saturn,11.729936954040891,9.051291634483679,9.864192848829619,0.0014516029255479841,695700.0
315,Uranus,4.0474515765205,18.325511735006145,6.93248243496988,0.0014516029255479841,695700.0
315,Neptune,1.9282463807718757,29.707656864413394,5.444808802793443,0.0014516029255479841,695700.0
316,Mercury,-157.34368849202747,0.4575472338611798,43.87315498690414,0.0014516029255479841,695700.0
316,Venus,146.71191722545703,0.7274334788488581,34.79526840951292,0.0014516029255479841,695700.0
316,Earth,-49.9962180080658,0.9891026993564457,29.83981593140125,0.0014516029255479841,695700.0
316,Mars,167.98929217702528,1.6622417833123315,23.018113964589922,0.0014516029255479841,695700.0
316,Jupiter,28.851988779539173,4.978716732636517,13.30019855972956,0.0014516029255479841,695700.0
316,Saturn,11.767119187380988,9.051355667488574,9.864157957093546,0.0014516029255479841,695700.0
316,Uranus,4.060298753091306,18.32552443148317,6.932480033452816,0.0014516029255479841,695700.0
316,Neptune,1.9343677459672,29.707658059616488,5.444808693265247,0.0014516029255479841,695700.0
317,Mercury,-154.46240302150076,0.4551761158668636,43.98727927671519,0.0014516029255479841,695700.0
317,Venus,148.29586213595738,0.7275073705815762,34.7935013154149,0.0014516029255479841,695700.0
317,Earth,-48.988671499795736,0.9888842464005654,29.84311168419197,0.0014516029255479841,695700.0
317,Mars,168.42761874830586,1.6625089417704044,23.01626443140873,0.0014516029255479841,695700.0
317,Jupiter,28.942588603652922,4.978895133409186,13.299960275241597,0.0014516029255479841,695700.0
317,Saturn,11.804300893819313,9.051419900284648,9.86412295686278,0.0014516029255479841,695700.0
317,Uranus,4.073145911832139,18.32553716812922,6.9324776243403585,0.0014516029255479841,695700.0
317,Neptune,1.940489110669193,29.707659258606395,5.444808583390035,0.0014516029255479841,695700.0
318,Mercury,-151.54923520133207,0.45254007284654724,44.115206063795696,0.0014516029255479841,695700.0
318,Venus,149.87949234204973,0.7275780278714127,34.79181182363423,0.0014516029255479841,695700.0
318,Earth,-47.98068311115983,0.9886691096090923,29.846358474245342,0.0014516029255479841,695700.0
318,Mars,168.8658070488291,1.6627663035880422,23.014483141740012,0.0014516029255479841,695700.0
318,Jupiter,29.033181926066558,4.979074045018791,13.299721321306086,0.0014516029255479841,695700.0
318,Saturn,11.841482071725869,9.051484332842014,9.86408784815707,0.0014516029255479841,695700.0
318,Uranus,4.085993052686772,18.32554994494359,6.932475207632663,0.0014516029255479841,695700.0
318,Neptune,1.9466104748762945,29.70766046138309,5.444808473167809,0.0014516029255479841,695700.0
319,Mercury,-148.60021565392822,0.4496428692475907,44.25710257879067,0.0014516029255479841,695700.0
319,Venus,151.46282213111462,0.7276453973764375,34.790201175504336,0.0014516029255479841,695700.0
319,Earth,-46.97225938658719,0.9884573570233423,29.849555225776992,0.0014516029255479841,695700.0
319,Mars,169.30386230861654,1.663013856746975,23.012770131346777,0.0014516029255479841,695700.0
319,Jupiter,29.123768728901116,4.9792534669813495,13.299481698678543,0.0014516029255479841,695700.0
319,Saturn,11.87866271947082,9.051548965130696,9.864052630996232,0.0014516029255479841,695700.0
319,Uranus,4.098840175598812,18.325562761925585,6.932472783329884,0.0014516029255479841,695700.0
319,Neptune,1.9527318385868904,29.707661667946574,5.444808362598569,0.0014516029255479841,695700.0
320,Mercury,-145.6112251174663,0.44648885967200896,44.41314418765298,0.0014516029255479841,695700.0
320,Venus,153.04586600501963,0.7277094282659003,34.788670553223,0.0014516029255479841,695700.0
320,Earth,-45.963407021443835,0.9882490557001664,29.852700877275193,0.0014516029255479841,695700.0
320,Mars,169.74178975679925,1.6632515896988338,23.01112543450297,0.0014516029255479841,695700.0
320,Jupiter,29.214348994301403,4.979433398811602,13.29924140811635,0.0014516029255479841,695700.0
320,Saturn,11.915842835424915,9.051613797120627,9.864017305400138,0.0014516029255479841,695700.0
320,Uranus,4.111687280512088,18.325575619074506,6.932470351432179,0.0014516029255479841,695700.0
320,Neptune,1.9588532017995257,29.707662878296823,5.444808251682318,0.0014516029255479841,695700.0
321,Mercury,-142.5779788005679,0.4430830544091198,44.58351061967999,0.0014516029255479841,695700.0
321,Venus,154.62863866946887,0.7277700722543774,34.78722107915938,0.0014516029255479841,695700.0
321,Earth,-44.95413286015638,0.9880442716866973,29.85579438195913,0.0014516029255479841,695700.0
321,Mars,170.17959462164276,1.6634794913642947,23.009549084006768,0.0014516029255479841,695700.0
321,Jupiter,29.30492270443569,4.979613840023008,13.299000450378749,0.0014516029255479841,695700.0
321,Saturn,11.953022417959033,9.051678828781645,9.863981871388726,0.0014516029255479841,695700.0
321,Uranus,4.1245343673702095,18.325588516389654,6.932467911939703,0.0014516029255479841,695700.0
321,Neptune,1.964974564512587,29.70766409243382,5.444808140419056,0.0014516029255479841,695700.0
322,Mercury,-139.49601094586185,0.439431194281272,44.768381293864756,0.0014516029255479841,695700.0
322,Venus,156.21115502325196,0.727827283634131,34.78585381519939,0.0014516029255479841,695700.0
322,Earth,-43.944443894263024,0.9878430699953687,29.85883470823374,0.0014516029255479841,695700.0
322,Mars,170.61728213057285,1.66369755113226,23.008041111193346,0.0014516029255479841,695700.0
322,Jupiter,29.39548984149585,4.979794790127757,13.29875882622684,0.0014516029255479841,695700.0
322,Saturn,11.99020146544458,9.051744060083495,9.863946328981989,0.0014516029255479841,695700.0
322,Uranus,4.137381436116955,18.325601453870316,6.932465464852616,0.0014516029255479841,695700.0
322,Neptune,1.9710959267245143,29.70766531035755,5.444808028808786,0.0014516029255479841,695700.0
323,Mercury,-136.36065987804173,0.4355398356290545,44.96792955572341,0.0014516029255479841,695700.0
323,Venus,157.79343014739888,0.7278810193056703,34.78456976212916,0.0014516029255479841,695700.0
323,Earth,-42.934347260392656,0.9876455145792197,29.86182084014084,0.0014516029255479841,695700.0
323,Mars,171.0548575102024,1.6639057588590702,23.006601545947056,0.0014516029255479841,695700.0
323,Jupiter,29.486050387697667,4.979976248636759,13.298516536423568,0.0014516029255479841,695700.0
323,Saturn,12.027379976253298,9.051809490995838,9.863910678199977,0.0014516029255479841,695700.0
323,Uranus,4.150228486696103,18.325614431515795,6.932463010171071,0.0014516029255479841,695700.0
323,Neptune,1.9772172884337471,29.707666532068018,5.444807916851506,0.0014516029255479841,695700.0
324,Mercury,-133.1670539174922,0.4314164462943692,45.18231560343447,0.0014516029255479841,695700.0
324,Venus,159.37547929424457,0.727931238806508,34.78336985905661,0.0014516029255479841,695700.0
324,Earth,-41.92385023817143,0.987451668307498,29.864751777806312,0.0014516029255479841,695700.0
324,Mars,171.49232598636047,1.664104104867749,23.005230416713133,0.0014516029255479841,695700.0
324,Jupiter,29.576604325280467,4.9801582150596575,13.298273581733728,0.0014516029255479841,695700.0
324,Saturn,12.064557948757141,9.051875121488235,9.863874919062807,0.0014516029255479841,695700.0
324,Uranus,4.163075519051267,18.32562744932537,6.932460547895233,0.0014516029255479841,695700.0
324,Neptune,1.9833386496387249,29.707667757565186,5.444807804547221,0.0014516029255479841,695700.0
325,Mercury,-129.9100986738966,0.4270695134596867,45.4116778454692,0.0014516029255479841,695700.0
325,Venus,160.95731787641213,0.7279779043381006,34.782254982870846,0.0014516029255479841,695700.0
325,Earth,-40.91296024806118,0.9872615929415787,29.8676265378828,0.0014516029255479841,695700.0
325,Mars,171.9296927841207,1.6642925799472859,23.003927750508783,0.0014516029255479841,695700.0
325,Jupiter,29.6671516365076,4.980340688904824,13.298029962923955,0.0014516029255479841,695700.0
325,Saturn,12.10173538132857,9.051940951530158,9.863839051590654,0.0014516029255479841,695700.0
325,Uranus,4.1759225331262275,18.32564050729834,6.932458078025258,0.0014516029255479841,695700.0
325,Neptune,1.989460010337887,29.70766898684905,5.4448076918959325,0.0014516029255479841,695700.0
326,Mercury,-126.58446640145665,0.4225086641545073,45.65612239273747,0.0014516029255479841,695700.0
326,Venus,162.5389614557184,0.7280209807909682,34.78122594773941,0.0014516029255479841,695700.0
326,Earth,-39.90168484912459,0.9870753491112126,29.870444153987755,0.0014516029255479841,695700.0
326,Mars,172.3669631278325,1.664471175351947,23.002693572933822,0.0014516029255479841,695700.0
326,Jupiter,29.757692303666087,4.980523669679367,13.297785680762725,0.0014516029255479841,695700.0
326,Saturn,12.138912272340404,9.052006981090992,9.863803075803748,0.0014516029255479841,695700.0
326,Uranus,4.188769528864769,18.325653605433985,6.932455600561302,0.0014516029255479841,695700.0
326,Neptune,1.9955813705296201,29.7076702199196,5.444807578897638,0.0014516029255479841,695700.0
327,Mercury,-123.1845883050462,0.41774479912506257,45.91571034826265,0.0014516029255479841,695700.0
327,Venus,164.12042573200807,0.7280604357679844,34.78028350464319,0.0014516029255479841,695700.0
327,Earth,-38.89003173672121,0.9868929962911145,29.873203677136537,0.0014516029255479841,695700.0
327,Mars,172.80414224115205,1.664639882800625,23.001527908180694,0.0014516029255479841,695700.0
327,Jupiter,29.84822630906707,4.980707156889125,13.297540736020345,0.0014516029255479841,695700.0
327,Saturn,12.176088620165668,9.052073210140025,9.863766991722384,0.0014516029255479841,695700.0
327,Uranus,4.201616506210508,18.32566674373159,6.93245311550353,0.0014516029255479841,695700.0
327,Neptune,2.0017027302124695,29.707671456776815,5.444807465552343,0.0014516029255479841,695700.0
328,Mercury,-119.7046509417053,0.41279024055370683,46.190442519363216,0.0014516029255479841,695700.0
328,Venus,165.70172653192313,0.7280962396058327,34.779428340948854,0.0014516029255479841,695700.0
328,Earth,-37.87800874013616,0.9867145927779122,29.87590417617002,0.0014516029255479841,695700.0
328,Mars,173.2412353470748,1.6647986944762185,23.000430779044013,0.0014516029255479841,695700.0
328,Jupiter,29.93875363504547,4.980891150038679,13.297295129468944,0.0014516029255479841,695700.0
328,Saturn,12.213264423177902,9.052139638646455,9.863730799366913,0.0014516029255479841,695700.0
328,Uranus,4.2144634651072295,18.325679922190435,6.932450622852103,0.0014516029255479841,695700.0
328,Neptune,2.007824089384822,29.707672697420684,5.444807351860047,0.0014516029255479841,695700.0
329,Mercury,-116.13859817092988,0.4076588937754651,46.48024114579402,0.0014516029255479841,695700.0
329,Venus,167.28287979761166,0.7281283653946211,34.77866108001882,0.0014516029255479841,695700.0
329,Earth,-36.86562382013824,0.9865401956674636,29.87854473817663,0.0014516029255479841,695700.0
329,Mars,173.67824766796838,1.664947603025049,22.999402206929528,0.0014516029255479841,695700.0
329,Jupiter,30.029274263960424,4.981075648631347,13.297048861882486,0.0014516029255479841,695700.0
329,Saturn,12.25043967975101,9.052206266579386,9.86369449875775,0.0014516029255479841,695700.0
329,Uranus,4.227310405498723,18.325693140809804,6.932448122607174,0.0014516029255479841,695700.0
329,Neptune,2.0139454480451175,29.707673941851187,5.44480723782075,0.0014516029255479841,695700.0
330,Mercury,-112.48014047536142,0.4023664226268397,46.78492821918329,0.0014516029255479841,695700.0
330,Venus,168.86390157538347,0.7281567889956527,34.77798228085843,0.0014516029255479841,695700.0
330,Earth,-35.85288506647044,0.9863698608325606,29.881124468908318,0.0014516029255479841,695700.0
330,Mars,174.11518442560654,1.6650866015563093,22.99844221186261,0.0014516029255479841,695700.0
330,Jupiter,30.119788178194977,4.98126065216919,13.29680193403675,0.0014516029255479841,695700.0
330,Saturn,12.287614388259092,9.052273093907841,9.863658089915365,0.0014516029255479841,695700.0
330,Uranus,4.240157327328605,18.325706399588974,6.932445614768913,0.0014516029255479841,695700.0
330,Neptune,2.0200668061917946,29.70767519006831,5.444807123434457,0.0014516029255479841,695700.0
331,Mercury,-108.72277390261635,0.39693043732205546,47.104199974464066,0.0014516029255479841,695700.0
331,Venus,170.44480800431612,0.7281814890573448,34.77739243780048,0.0014516029255479841,695700.0
331,Earth,-34.83980069527612,0.986203642901032,29.88364249319019,0.0014516029255479841,695700.0
331,Mars,174.5520508412047,1.6652156836415477,22.99755081249613,0.0014516029255479841,695700.0
331,Jupiter,30.21029536015649,4.981446160153013,13.296554346709325,0.0014516029255479841,695700.0
331,Saturn,12.324788547076833,9.052340120600737,9.863621572860293,0.0014516029255479841,695700.0
331,Uranus,4.253004230540671,18.32571969852722,6.932443099337475,0.0014516029255479841,695700.0
331,Neptune,2.0261881638232944,29.707676442072042,5.444807008701168,0.0014516029255479841,695700.0
332,Mercury,-104.85981136499566,0.39137069271993624,47.437597177005436,0.0014516029255479841,695700.0
332,Venus,172.02561530481836,0.7282024470292949,34.77689198022682,0.0014516029255479841,695700.0
332,Earth,-33.82637904645646,0.9860415952342577,29.88609795532351,0.0014516029255479841,695700.0
332,Mars,174.98885213545424,1.6653348433141861,22.996728026117868,0.0014516029255479841,695700.0
332,Jupiter,30.30079579227633,4.9816321720823655,13.296306100679619,0.0014516029255479841,695700.0
332,Saturn,12.361962154579064,9.052407346626909,9.863584947613125,0.0014516029255479841,695700.0
332,Uranus,4.265851115078711,18.32573303762381,6.93244057631303,0.0014516029255479841,695700.0
332,Neptune,2.0323095209380546,29.707677697862373,5.444806893620882,0.0014516029255479841,695700.0
333,Mercury,-100.88442956257917,0.3857092934473143,47.78447092898832,0.0014516029255479841,695700.0
333,Venus,173.60633976715638,0.7282196471744893,34.77648127232713,0.0014516029255479841,695700.0
333,Earth,-32.81262858096436,0.9858837699061107,29.888490019481683,0.0014516029255479841,695700.0
333,Mars,175.4255935285597,1.6654440750690707,22.99597386865736,0.0014516029255479841,695700.0
333,Jupiter,30.391289457010277,4.98181868745555,13.296057196728837,0.0014516029255479841,695700.0
333,Saturn,12.399135209141136,9.052474771955097,9.86354821419451,0.0014516029255479841,695700.0
333,Uranus,4.278697980886346,18.325746416878022,6.932438045695733,0.0014516029255479841,695700.0
333,Neptune,2.038430877534516,29.70767895743928,5.444806778193603,0.0014516029255479841,695700.0
334,Mercury,-96.78973533700746,0.3799709005045492,48.143943900173596,0.0014516029255479841,695700.0
334,Venus,175.18699773994672,0.7282330765796515,34.776160612894536,0.0014516029255479841,695700.0
334,Earth,-31.798557878034277,0.9857302176823376,29.89081787009894,0.0014516029255479841,695700.0
334,Mars,175.86228024027497,1.66554337386206,22.995288354692224,0.0014516029255479841,695700.0
334,Jupiter,30.48177633683829,4.982005705769614,13.295807635639996,0.0014516029255479841,695700.0
334,Saturn,12.436307709138783,9.052542396553955,9.863511372625158,0.0014516029255479841,695700.0
334,Uranus,4.2915448279073765,18.32575983628912,6.93243550748575,0.0014516029255479841,695700.0
334,Neptune,2.0445522336110655,29.707680220802754,5.444806662419331,0.0014516029255479841,695700.0
335,Mercury,-92.56885576549192,0.37418293162220617,48.51486718233927,0.0014516029255479841,695700.0
335,Venus,176.76760561862307,0.7282427251637272,34.77593023515829,0.0014516029255479841,695700.0
335,Earth,-30.784175632349996,0.9855809880003924,29.893080712251397,0.0014516029255479841,695700.0
335,Mars,176.29891748994083,1.6656327351096443,22.994671497453968,0.0014516029255479841,695700.0
335,Jupiter,30.572256414264615,4.982193226520365,13.295557418197896,0.0014516029255479841,695700.0
335,Saturn,12.473479652947923,9.052610220392037,9.863474422925846,0.0014516029255479841,695700.0
335,Uranus,4.304391656085593,18.325773295856376,6.932432961683247,0.0014516029255479841,695700.0
335,Neptune,2.050673589166249,29.707681487952783,5.444806546298068,0.0014516029255479841,695700.0
336,Mercury,-88.21505668292602,0.3683757447121549,48.89577340871531,0.0014516029255479841,695700.0
336,Venus,178.34817983388206,0.728248585684505,34.77579030665329,0.0014516029255479841,695700.0
336,Earth,-29.76949065114895,0.9854361289497359,29.89527777203022,0.0014516029255479841,695700.0
336,Mars,176.73551049652295,1.6657121546886018,22.99412330883321,0.0014516029255479841,695700.0
336,Jupiter,30.662729671818123,4.9823812492023585,13.295306545189142,0.0014516029255479841,695700.0
336,Saturn,12.510651038945019,9.05267824343781,9.863437365117399,0.0014516029255479841,695700.0
336,Uranus,4.317238465364627,18.32578679557904,6.932430408288386,0.0014516029255479841,695700.0
336,Neptune,2.0567949441984505,29.70768275888934,5.444806429829815,0.0014516029255479841,695700.0
337,Mercury,-83.72189444879234,0.3625827902532574,49.28482740626802,0.0014516029255479841,695700.0
337,Venus,179.92873684011144,0.7282506537433705,34.77574092912638,0.0014516029255479841,695700.0
337,Earth,-28.754511851268113,0.9852956872526131,29.89740829690648,0.0014516029255479841,695700.0
337,Mars,177.17206447864967,1.665781628935687,22.993643799384472,0.0014516029255479841,695700.0
337,Jupiter,30.75319609205187,4.982569773308911,13.29505501740212,0.0014516029255479841,695700.0
337,Saturn,12.547821865506908,9.052746465659654,9.863400199220708,0.0014516029255479841,695700.0
337,Uranus,4.330085255688277,18.3258003354564,6.932427847301331,0.0014516029255479841,695700.0
337,Neptune,2.0629162987061114,29.707684033612416,5.444806313014576,0.0014516029255479841,695700.0
338,Mercury,-79.08340547981857,0.3568407144446505,49.67977649029464,0.0014516029255479841,695700.0
338,Venus,-178.4907068961909,0.7282489277881931,34.77578213847956,0.0014516029255479841,695700.0
338,Earth,-27.739248256129876,0.9851597082453234,29.8994715560875,0.0014516029255479841,695700.0
338,Mars,177.60858465465168,1.6658411546473562,22.99323297833034,0.0014516029255479841,695700.0
338,Jupiter,30.84365565754363,4.982758798332099,13.294802835627001,0.0014516029255479841,695700.0
338,Saturn,12.584992131010617,9.052814887025852,9.863362925256721,0.0014516029255479841,695700.0
338,Uranus,4.342932027000344,18.325813915487693,6.93242527872225,0.0014516029255479841,695700.0
338,Neptune,2.069037652687672,29.707685312122003,5.444806195852349,0.0014516029255479841,695700.0
339,Mercury,-74.29433712178587,0.35118939065175114,50.077903579981474,0.0014516029255479841,695700.0
339,Venus,-176.9101349080048,0.728243409114344,34.775913904749935,0.0014516029255479841,695700.0
339,Earth,-26.723708992669586,0.9850282358599916,29.90146684086437,0.0014516029255479841,695700.0
339,Mars,178.04507624260015,1.6658907290795242,22.99289085356516,0.0014516029255479841,695700.0
339,Jupiter,30.934108350895517,4.982948323762759,13.294550000655734,0.0014516029255479841,695700.0
339,Saturn,12.622161833833722,9.052883507504598,9.863325543246447,0.0014516029255479841,695700.0
339,Uranus,4.35577877924446,18.325827535672182,6.932422702551307,0.0014516029255479841,695700.0
339,Neptune,2.075159006141571,29.707686594418075,5.444806078343137,0.0014516029255479841,695700.0
340,Mercury,-69.35042156371833,0.34567185245346305,50.47598758631222,0.0014516029255479841,695700.0
340,Venus,-175.32953073937506,0.7282341018638468,34.776136132126396,0.0014516029255479841,695700.0
340,Earth,-25.707903288207568,0.9849013126068572,29.903393464950252,0.0014516029255479841,695700.0
340,Mars,178.48154446034692,1.66593034994736,22.992617431658196,0.0014516029255479841,695700.0
340,Jupiter,31.024554154734485,4.983138349090494,13.294296513282042,0.0014516029255479841,695700.0
340,Saturn,12.659330972354168,9.052952327063991,9.863288053210956,0.0014516029255479841,695700.0
340,Uranus,4.368625512364426,18.325841196009126,6.932420118788669,0.0014516029255479841,695700.0
340,Neptune,2.081280359066249,29.70768788050062,5.444805960486941,0.0014516029255479841,695700.0
341,Mercury,-64.24869141989612,0.3403340981142067,50.87027691479255,0.0014516029255479841,695700.0
341,Venus,-173.74887795699402,0.728221013022659,34.776448659003215,0.0014516029255479841,695700.0
341,Earth,-24.691840467266253,0.9847789795570889,29.905250764809345,0.0014516029255479841,695700.0
341,Mars,178.9179945255639,1.6659600154251109,22.99241271785624,0.0014516029255479841,695700.0
341,Jupiter,31.114993051711895,4.983328873803671,13.29404237430142,0.0014516029255479841,695700.0
341,Saturn,12.696499544950107,9.053021345672047,9.863250455171375,0.0014516029255479841,695700.0
341,Uranus,4.381472226304049,18.32585489649778,6.932417527434501,0.0014516029255479841,695700.0
341,Neptune,2.087401711460092,29.707689170369633,5.444805842283762,0.0014516029255479841,695700.0
342,Mercury,-58.98783108028929,0.3352247344828091,51.256483260739756,0.0014516029255479841,695700.0
342,Venus,-172.16816016177384,0.728204152416086,34.77685125807031,0.0014516029255479841,695700.0
342,Earth,-23.67552994833246,0.9846612763261386,29.907038099976067,0.0014516029255479841,695700.0
342,Mars,179.35443165578303,1.6659797241459684,22.992276716085705,0.0014516029255479841,695700.0
342,Jupiter,31.20542502450404,4.983519897389428,13.29378758451112,0.0014516029255479841,695700.0
342,Saturn,12.733667550000227,9.053090563296681,9.863212749148891,0.0014516029255479841,695700.0
342,Uranus,4.394318921006966,18.32586863713739,6.932414928488971,0.0014516029255479841,695700.0
342,Neptune,2.0935230633216446,29.70769046402509,5.444805723733603,0.0014516029255479841,695700.0
343,Mercury,-53.56855186299071,0.3303944293785556,51.6298038680177,0.0014516029255479841,695700.0
343,Venus,-170.5873610004026,0.7281835327023296,34.777343636440435,0.0014516029255479841,695700.0
343,Earth,-22.65898124056927,0.9845482410576453,29.90875485336429,0.0014516029255479841,695700.0
343,Mars,179.7908610684364,1.665989475201963,22.99220942895421,0.0014516029255479841,695700.0
343,Jupiter,31.295850055811734,4.9837114193336705,13.293532144710166,0.0014516029255479841,695700.0
343,Saturn,12.770834985883605,9.053159979905727,9.863174935164752,0.0014516029255479841,695700.0
343,Uranus,4.407165596416983,18.325882417927208,6.932412321952248,0.0014516029255479841,695700.0
343,Neptune,2.0996444146492954,29.707691761466975,5.444805604836466,0.0014516029255479841,695700.0
344,Mercury,-47.993971578844715,0.3258951468672229,51.98498067008731,0.0014516029255479841,695700.0
344,Venus,-169.00646417688017,0.7281591693641698,34.777925435813245,0.0014516029255479841,695700.0
344,Earth,-21.6422039404769,0.9844399104078998,29.910400431566305,0.0014516029255479841,695700.0
344,Mars,-179.7727120191037,1.665989268143896,22.99221085775162,0.0014516029255479841,695700.0
344,Jupiter,31.386268128360847,4.98390343912108,13.29327605569933,0.0014516029255479841,695700.0
344,Saturn,12.808001850979513,9.053229595466922,9.86313701324026,0.0014516029255479841,695700.0
344,Uranus,4.42001225247791,18.325896238866484,6.932409707824499,0.0014516029255479841,695700.0
344,Neptune,2.1057657654414825,29.707693062695277,5.444805485592349,0.0014516029255479841,695700.0
345,Mercury,-42.26997096056827,0.32177915081473807,52.31640375009227,0.0014516029255479841,695700.0
345,Venus,-167.42545346402716,0.7281310806987847,34.77859623267623,0.0014516029255479841,695700.0
345,Earth,-20.62520772850463,0.9843363195308813,29.91197426514125,0.0014516029255479841,695700.0
345,Mars,-179.33628238948396,1.6659791029813054,22.992281002450543,0.0014516029255479841,695700.0
345,Jupiter,31.476679224901847,4.9840959562351115,13.293019318281136,0.0014516029255479841,695700.0
345,Saturn,12.84516814366784,9.053299409947911,9.863098983396782,0.0014516029255479841,695700.0
345,Uranus,4.43285888913339,18.325910099954456,6.932407086105892,0.0014516029255479841,695700.0
345,Neptune,2.1118871156966463,29.70769436770998,5.444805366001256,0.0014516029255479841,695700.0
346,Mercury,-36.405491699089694,0.31809777964613967,52.61826387215855,0.0014516029255479841,695700.0
346,Venus,-165.844312714962,0.7280992878057106,34.779355538542674,0.0014516029255479841,695700.0
346,Earth,-19.608002365616304,0.9842375020638744,29.91347580889281,0.0014516029255479841,695700.0
346,Mars,-178.8998448253304,1.6659589801824675,22.992419861706328,0.0014516029255479841,695700.0
346,Jupiter,31.567083328210344,4.984288970158,13.292761933259852,0.0014516029255479841,695700.0
346,Saturn,12.882333862328608,9.053369423316251,9.863060845655745,0.0014516029255479841,695700.0
346,Uranus,4.445705506327284,18.32592400119037,6.932404456796597,0.0014516029255479841,695700.0
346,Neptune,2.1180084654132267,29.707695676511065,5.444805246063188,0.0014516029255479841,695700.0
347,Mercury,-30.4127353269398,0.31490001926153677,52.8847541542624,0.0014516029255479841,695700.0
347,Venus,-164.26302587454165,0.728063814572942,34.780202800226675,0.0014516029255479841,695700.0
347,Earth,-18.590597689810405,0.984143490113679,29.91490454213586,0.0014516029255479841,695700.0
347,Mars,-178.46339410920757,1.6659289006744311,22.99262743285655,0.0014516029255479841,695700.0
347,Jupiter,31.65748042108674,4.984482480370756,13.292503901441494,0.0014516029255479841,695700.0
347,Saturn,12.91949900534241,9.053439635539407,9.86302260003863,0.0014516029255479841,695700.0
347,Uranus,4.458552104003245,18.325937942573464,6.932401819896783,0.0014516029255479841,695700.0
347,Neptune,2.1241298145896623,29.707696989098526,5.444805125778145,0.0014516029255479841,695700.0
348,Mercury,-24.307221033361905,0.3122309299482412,53.110314371133335,0.0014516029255479841,695700.0
348,Venus,-162.68157699075934,0.72802468766118,34.78113740015531,0.0014516029255479841,695700.0
348,Earth,-17.573003612596363,0.9840543142434203,29.916259968951906,0.0014516029255479841,695700.0
348,Mars,-178.02692502357854,1.6658888658430886,22.992903711919908,0.0014516029255479841,695700.0
348,Jupiter,31.747870486356426,4.984676486353178,13.29224522363381,0.0014516029255479841,695700.0
348,Saturn,12.956663571090203,9.053510046584753,9.86298424656698,0.0014516029255479841,695700.0
348,Uranus,4.471398682105083,18.32595192410298,6.932399175406621,0.0014516029255479841,695700.0
348,Neptune,2.1302511632243415,29.70769830547233,5.444805005146132,0.0014516029255479841,695700.0
349,Mercury,-18.107665744065052,0.31013001333920787,53.289903582465826,0.0014516029255479841,695700.0
349,Venus,-161.09995022609286,0.7279819364862283,34.782158656718046,0.0014516029255479841,695700.0
349,Earth,-16.555230115429637,0.9839700034599685,29.917541618432978,0.0014516029255479841,695700.0
349,Mars,-177.5904323507647,1.6658388775332793,22.993248693594673,0.0014516029255479841,695700.0
349,Jupiter,31.838253506870018,4.984870987583843,13.291985900646285,0.0014516029255479841,695700.0
349,Saturn,12.993827557953166,9.05358065641957,9.8629457852624,0.0014516029255479841,695700.0
349,Uranus,4.4842452405766124,18.325965945778155,6.932396523326282,0.0014516029255479841,695700.0
349,Neptune,2.1363725113158076,29.707699625632483,5.444804884167148,0.0014516029255479841,695700.0
350,Mercury,-11.835662703685198,0.3086296316563632,53.41927913222576,0.0014516029255479841,695700.0
350,Venus,-159.51812986880208,0.7279355931995449,34.783265824653405,0.0014516029255479841,695700.0
350,Earth,-15.537287246107347,0.9838905852019797,29.91874904491387,0.0014516029255479841,695700.0
350,Mars,-177.15391087290587,1.66577893804893,22.993662371256523,0.0014516029255479841,695700.0
350,Jupiter,31.928629465503036,4.985065983540118,13.291725933290126,0.0014516029255479841,695700.0
350,Saturn,13.03099096431303,9.053651465011052,9.862907216146551,0.0014516029255479841,695700.0
350,Uranus,4.4970917793614875,18.32598000759821,6.9323938636559355,0.0014516029255479841,695700.0
350,Neptune,2.1424938588624505,29.707700949578953,5.444804762841194,0.0014516029255479841,695700.0
351,Mercury,-5.515155030285396,0.30775360732711243,53.49525441343791,0.0014516029255479841,695700.0
351,Venus,-157.93610034416463,0.7278856926669517,34.7844580954732,0.0014516029255479841,695700.0
351,Earth,-14.519185115125477,0.98381608532856,29.9198818281925,0.0014516029255479841,695700.0
351,Mars,-176.71735537192083,1.665709050153228,22.99414473695595,0.0014516029255479841,695700.0
351,Jupiter,32.01899834515634,4.985261473698158,13.291465322378269,0.0014516029255479841,695700.0
351,Saturn,13.068153788551907,9.053722472326301,9.862868539241152,0.0014516029255479841,695700.0
351,Uranus,4.509938298403521,18.32599410956239,6.932391196395753,0.0014516029255479841,695700.0
351,Neptune,2.148615205862707,29.707702277311736,5.444804641168272,0.0014516029255479841,695700.0
352,Mercury,0.8282741597409575,0.30751613085447177,53.51590603360186,0.0014516029255479841,695700.0
352,Venus,-156.35384622564766,0.7278322724455094,34.78573459792415,0.0014516029255479841,695700.0
352,Earth,-13.500933892000461,0.9837465281085691,29.920939573738078,0.0014516029255479841,695700.0
352,Mars,-176.2807606294674,1.6656292170688287,22.994695781415043,0.0014516029255479841,695700.0
352,Jupiter,32.109360128755775,4.9854574575329105,13.291204068725365,0.0014516029255479841,695700.0
352,Saturn,13.10531602905212,9.053793678332328,9.862829754567983,0.0014516029255479841,695700.0
352,Uranus,4.522784797646537,18.326008251669922,6.932388521545908,0.0014516029255479841,695700.0
352,Neptune,2.154736552315018,29.70770360883081,5.444804519148385,0.0014516029255479841,695700.0
353,Mercury,7.168247834500862,0.3079210853707762,53.480704420683196,0.0014516029255479841,695700.0
353,Venus,-154.77135224600886,0.7277753727585623,34.787094398487326,0.0014516029255479841,695700.0
353,Earth,-12.482543801557867,0.983681936210563,29.92192191288704,0.0014516029255479841,695700.0
353,Mars,-175.84412142690388,1.6655394424781005,22.995315494023824,0.0014516029255479841,695700.0
353,Jupiter,32.199714799252696,4.985653934518116,13.29094217314778,0.0014516029255479841,695700.0
353,Saturn,13.14247768419656,9.053865082996047,9.862790862148886,0.0014516029255479841,695700.0
353,Uranus,4.535631277034188,18.32602243392003,6.932385839106573,0.0014516029255479841,695700.0
353,Neptune,2.160857898217824,29.707704944136157,5.4448043967815325,0.0014516029255479841,695700.0
354,Mercury,13.478509430868758,0.3089618585539512,53.39055051349901,0.0014516029255479841,695700.0
354,Venus,-153.1886033083213,0.7277150364689623,34.78853650191525,0.0014516029255479841,695700.0
354,Earth,-11.464025120187788,0.9836223306933887,29.922828503026533,0.0014516029255479841,695700.0
354,Mars,-175.4074325452498,1.6654397305233997,22.996003862835995,0.0014516029255479841,695700.0
354,Jupiter,32.290062339623475,4.985850904126307,13.29067963646359,0.0014516029255479841,695700.0
354,Saturn,13.179638752368495,9.053936686284294,9.862751862005757,0.0014516029255479841,695700.0
354,Uranus,4.548477736510296,18.326036656311942,6.9323831490779195,0.0014516029255479841,695700.0
354,Neptune,2.1669792435695627,29.70770628322777,5.444804274067717,0.0014516029255479841,695700.0
355,Mercury,19.73382677648686,0.31062166206515934,53.24771352965663,0.0014516029255479841,695700.0
355,Venus,-151.60558449691555,0.7276513090504754,34.79005985180696,0.0014516029255479841,695700.0
355,Earth,-10.445388172071798,0.9835677309974334,29.923659027765208,0.0014516029255479841,695700.0
355,Mars,-174.97068876514797,1.665330085807385,22.99676087456418,0.0014516029255479841,695700.0
355,Jupiter,32.38040273287009,4.98604836582882,13.290416459492574,0.0014516029255479841,695700.0
355,Saturn,13.216799231951416,9.054008488163802,9.862712754160556,0.0014516029255479841,695700.0
355,Uranus,4.561324176018687,18.326050918844878,6.932380451460122,0.0014516029255479841,695700.0
355,Neptune,2.1731005883686763,29.707707626105627,5.44480415100694,0.0014516029255479841,695700.0
356,Mercury,25.910808469081367,0.31287432439290375,53.055678269858014,0.0014516029255479841,695700.0
356,Venus,-150.02228108823326,0.7275842385573836,34.791663331221066,0.0014516029255479841,695700.0
356,Earth,-9.426643325382098,0.9835181549365395,29.924413197091184,0.0014516029255479841,695700.0
356,Mars,-174.53388486682647,1.6652105133933612,22.997586514574675,0.0014516029255479841,695700.0
356,Jupiter,32.47073596201969,4.9862463190957875,13.290152643056214,0.0014516029255479841,695700.0
356,Saturn,13.253959121329366,9.054080488601219,9.862673538635297,0.0014516029255479841,695700.0
356,Uranus,4.574170595503018,18.326065221518057,6.932377746253356,0.0014516029255479841,695700.0
356,Neptune,2.17922193261355,29.707708972769712,5.4448040275992025,0.0014516029255479841,695700.0
357,Mercury,31.98856942977819,0.31568547503875544,52.81892200614947,0.0014516029255479841,695700.0
357,Venus,-148.43867856158778,0.7275138755922869,34.793345763327,0.0014516029255479841,695700.0
357,Earth,-8.40780098845485,0.9834736186905826,29.925090747517213,0.0014516029255479841,695700.0
357,Mars,-174.09701563006124,1.665081018805662,22.998480766881578,0.0014516029255479841,695700.0
357,Jupiter,32.56106201012506,4.986444763396149,13.289888187977681,0.0014516029255479841,695700.0
357,Saturn,13.29111841888679,9.054152687563105,9.862634215452056,0.0014516029255479841,695700.0
357,Uranus,4.587016994907118,18.3260795643307,6.932375033457793,0.0014516029255479841,695700.0
357,Neptune,2.1853432763027296,29.707710323220013,5.444803903844507,0.0014516029255479841,695700.0
358,Mercury,37.94920484527329,0.31901400465181484,52.5426483290395,0.0014516029255479841,695700.0
358,Venus,-146.85476260982304,0.7274402732721168,34.79510591209445,0.0014516029255479841,695700.0
358,Earth,-7.388871605940288,0.9834341367987287,29.92569144221258,0.0014516029255479841,695700.0
358,Mars,-173.6600758341398,1.664941608030064,22.99944361414048,0.0014516029255479841,695700.0
358,Jupiter,32.651380860264325,4.986643698197642,13.289623095081845,0.0014516029255479841,695700.0
358,Saturn,13.328277123008343,9.054225085015922,9.862594784632968,0.0014516029255479841,695700.0
358,Uranus,4.599863374174816,18.326093947282025,6.93237231307361,0.0014516029255479841,695700.0
358,Neptune,2.1914646194346017,29.70771167745652,5.444803779742853,0.0014516029255479841,695700.0
359,Mercury,43.77805771471111,0.3228136713875301,52.23250732331654,0.0014516029255479841,695700.0
359,Venus,-145.270519149866,0.7273634871923726,34.79694248302125,0.0014516029255479841,695700.0
359,Earth,-6.3698656549329025,0.9833997221533661,29.92621507112199,0.0014516029255479841,695700.0
359,Mars,-173.2230602578243,1.6647922875142362,23.000475037641586,0.0014516029255479841,695700.0
359,Jupiter,32.741692495541265,4.986843122966819,13.289357365195256,0.0014516029255479841,695700.0
359,Saturn,13.365435232079307,9.054297680926046,9.862555246200227,0.0014516029255479841,695700.0
359,Uranus,4.61270973324977,18.32610837037124,6.932369585100981,0.0014516029255479841,695700.0
359,Neptune,2.197585962007607,29.7077130354792,5.444803655294244,0.0014516029255479841,695700.0
360,Mercury,49.463789422366894,0.3270347281938797,51.89432850694,0.0014516029255479841,695700.0
360,Venus,-143.68593433316752,0.727283575389589,34.79885412389974,0.0014516029255479841,695700.0
360,Earth,-5.3507936410807595,0.9833703859947214,29.926661451070977,0.0014516029255479841,695700.0
360,Mars,-172.78596367931695,1.6646330641682239,23.00157501730229,0.0014516029255479841,695700.0
360,Jupiter,32.83199689908519,4.987043037169037,13.289090999146147,0.0014516029255479841,695700.0
360,Saturn,13.402592744485124,9.054370475259761,9.862515600176087,0.0014516029255479841,695700.0
360,Uranus,4.625556072075819,18.326122833597566,6.932366849540083,0.0014516029255479841,695700.0
360,Neptune,2.2037073040201847,29.70771439728805,5.444803530498681,0.0014516029255479841,695700.0
361,Mercury,54.99828122126765,0.3316254648854173,51.533886602636265,0.0014516029255479841,695700.0
361,Venus,-142.10099455602273,0.7272005983020481,34.80083942562169,0.0014516029255479841,695700.0
361,Earth,-4.331666094680086,0.9833461379061614,29.92703042585806,0.0014516029255479841,695700.0
361,Mars,-172.3487808762246,1.6644639453649661,23.00274353165925,0.0014516029255479841,695700.0
361,Jupiter,32.922294054050965,4.9872434402684656,13.288823997764428,0.0014516029255479841,695700.0
361,Saturn,13.43974965861181,9.054443467983262,9.862475846582857,0.0014516029255479841,695700.0
361,Uranus,4.638402390596791,18.3261373369602,6.932364106391094,0.0014516029255479841,695700.0
361,Neptune,2.2098286454707736,29.70771576288305,5.444803405356166,0.0014516029255479841,695700.0
362,Mercury,60.37640537443396,0.336533586696364,51.15671236042034,0.0014516029255479841,695700.0
362,Venus,-140.51568646976645,0.7271146187287504,34.80289692302196,0.0014516029255479841,695700.0
362,Earth,-3.3124935667547803,0.983326985810187,29.927321866333298,0.0014516029255479841,695700.0
362,Mars,-171.91150662552508,1.6642849389408483,23.003980557859908,0.0014516029255479841,695700.0
362,Jupiter,33.012583943619326,4.987444331728092,13.288556361881678,0.0014516029255479841,695700.0
362,Saturn,13.476905972845762,9.054516659062653,9.86243598544291,0.0014516029255479841,695700.0
362,Uranus,4.651248688756355,18.32615188045836,6.93236135565419,0.0014516029255479841,695700.0
362,Neptune,2.215949986357816,29.707717132264186,5.444803279866699,0.0014516029255479841,695700.0
363,Mercury,65.59570810952653,0.3417073813202106,50.76795306793026,0.0014516029255479841,695700.0
363,Venus,-138.92999699083614,0.727025701786656,34.80502509576083,0.0014516029255479841,695700.0
363,Earth,-2.2932866251233697,0.9833129359651153,29.92753567046335,0.0014516029255479841,695700.0
363,Mars,-171.474135703534,1.6640960531962872,23.005286071653483,0.0014516029255479841,695700.0
363,Jupiter,33.10286655099655,4.987645711009716,13.288288092331145,0.0014516029255479841,695700.0
363,Saturn,13.514061685573617,9.054590048463945,9.862396016778673,0.0014516029255479841,695700.0
363,Uranus,4.66409496649835,18.32616646409125,6.932358597329545,0.0014516029255479841,695700.0
363,Neptune,2.222071326679698,29.70771850543144,5.444803154030283,0.0014516029255479841,695700.0
364,Mercury,70.65604403990162,0.3470966543219428,50.37228125986391,0.0014516029255479841,695700.0
364,Venus,-137.34391331069668,0.7269339148662108,34.80722236924535,0.0014516029255479841,695700.0
364,Earth,-1.2740558504568864,0.9833039929624636,29.92767176338285,0.0014516029255479841,695700.0
364,Mars,-171.03666288587243,1.6638972968963512,23.006660047381434,0.0014516029255479841,695700.0
364,Jupiter,33.19314185941485,4.987847577573958,13.288019189947741,0.0014516029255479841,695700.0
364,Saturn,13.55121679518257,9.05466363615306,9.862355940612636,0.0014516029255479841,695700.0
364,Uranus,4.676941223766609,18.32618108785807,6.93235583141734,0.0014516029255479841,695700.0
364,Neptune,2.2281926664349645,29.7077198823848,5.444803027846918,0.0014516029255479841,695700.0
