Z,symbol,step,energy_eV,status,split,source,pred_eV,rel,r_outer_m,z_outer,koppa_outer_m,q_outer,force_residual,relaxation_eV,physical,converged,tag
1,H,1,13.59844,MEASURED,CALIBRATION,Datasets/nuclear/ionisation_energies.json,18.135098079033085,0.33361606765431073,3.96794309917671e-11,7.101765967334933e-05,2.8179403262054656e-15,1.0,6.098994352431252e-10,0.0,True,True,COMPUTED
3,Li,1,5.39171,MEASURED,CALIBRATION,Datasets/nuclear/ionisation_energies.json,9.398766428495504,0.7431884186084757,1.4141924783456538e-11,0.0005590880139435236,7.906580640521412e-15,2.805801303524451,1.365281183551213e-09,0.0,True,True,COMPUTED
3,Li,2,75.64009,MEASURED,CALIBRATION,Datasets/nuclear/ionisation_energies.json,142.15171480969033,0.8793171030030548,1.4175901528424616e-11,0.000556411185797057,7.887630179173054e-15,2.7990763700075387,1.6574563761487577e-09,0.0,True,True,COMPUTED
3,Li,3,122.45435,MEASURED,CALIBRATION,Datasets/nuclear/ionisation_energies.json,163.29207833750738,0.3334934882877364,1.3226476997255699e-11,0.0006391589370601439,8.453820978616396e-15,3.0,6.098991542442836e-10,0.0,True,True,COMPUTED
4,Be,1,9.32269,MEASURED,CALIBRATION,Datasets/nuclear/ionisation_energies.json,23.15390179403703,1.483607391647371,1.0444731192382953e-11,0.0010249500312570381,1.0705327562104269e-14,3.7989901569419215,8.122086245119234e-10,0.0,True,True,COMPUTED
4,Be,2,18.21115,MEASURED,CALIBRATION,Datasets/nuclear/ionisation_energies.json,25.176444221866234,0.38247415577084554,1.0418633674691332e-11,0.001030091233761597,1.0732143216072916e-14,3.8085062044320948,1.1171238832226676e-09,0.0,True,True,COMPUTED
4,Be,3,153.8962,MEASURED,CALIBRATION,Datasets/nuclear/ionisation_energies.json,261.87024636946217,0.7016030699228583,1.044449416837818e-11,0.0010249965515602255,1.070557050537852e-14,3.7990763700075396,1.395567301309857e-09,0.0,True,True,COMPUTED
4,Be,4,217.71858,MEASURED,CALIBRATION,Datasets/nuclear/ionisation_energies.json,290.3020425882849,0.33338203192527205,9.919857747941774e-12,0.0011362825547735892,1.1271761304821862e-14,4.0,6.098994352431252e-10,0.0,True,True,COMPUTED
5,B,1,8.29803,MEASURED,CALIBRATION,Datasets/nuclear/ionisation_energies.json,36.16861760742717,3.358699306633884,8.264403543129383e-12,0.0016370961882915104,1.3529623538959966e-14,4.801245581086686,1.014571628905968e-09,0.0,True,True,COMPUTED
5,B,2,25.15484,MEASURED,CALIBRATION,Datasets/nuclear/ionisation_energies.json,45.85940023449612,0.8230845528930465,8.266572794815755e-12,0.001636237112152918,1.3526073197191209e-14,4.799985674432262,9.978655666696727e-10,0.0,True,True,COMPUTED
5,B,3,37.93064,MEASURED,CALIBRATION,Datasets/nuclear/ionisation_energies.json,48.73333151872992,0.2848011928807403,8.24891418960775e-12,0.001643250057403807,1.3555028715592011e-14,4.810261093727528,9.951626294926924e-10,0.0,True,True,COMPUTED
5,B,4,259.37521,MEASURED,CALIBRATION,Datasets/nuclear/ionisation_energies.json,417.87867137124385,0.6110971876273137,8.268139102713373e-12,0.0016356172366700935,1.3523510831583994e-14,4.7990763700075405,1.2384340175110052e-09,0.0,True,True,COMPUTED
5,B,5,340.2258,MEASURED,CALIBRATION,Datasets/nuclear/ionisation_energies.json,453.6019278051339,0.33323789026327205,7.93588619835342e-12,0.0017754414918337332,1.408970163102733e-14,5.0,6.09899380327923e-10,0.0,True,True,COMPUTED
6,C,1,11.2603,MEASURED,CALIBRATION,Datasets/nuclear/ionisation_energies.json,48.47689330389599,3.305115610054438,6.838636784418626e-12,0.002390882051843958,1.635037394694637e-14,5.802242792331654,1.0027408942706165e-09,0.0,True,True,COMPUTED
6,C,2,24.38332,MEASURED,CALIBRATION,Datasets/nuclear/ionisation_energies.json,62.659239933296405,1.5697583402627864,6.838755022088989e-12,0.0023907993789366155,1.6350091259510017e-14,5.802142475290259,1.0488482512186348e-09,0.0,True,True,COMPUTED
6,C,3,47.8878,MEASURED,CALIBRATION,Datasets/nuclear/ionisation_energies.json,76.34042628709446,0.5941518776618359,6.840326917833321e-12,0.002389700701749596,1.634633403574294e-14,5.800809152603423,1.337478217207084e-09,0.0,True,True,COMPUTED
6,C,4,64.4939,MEASURED,CALIBRATION,Datasets/nuclear/ionisation_energies.json,80.09069751470736,0.24183368527422536,6.8277738801382245e-12,0.0023984958316310935,1.637638719083119e-14,5.8114740892625765,1.3740996333464459e-09,0.0,True,True,COMPUTED
6,C,5,392.087,MEASURED,CALIBRATION,Datasets/nuclear/ionisation_energies.json,610.174886259175,0.5562232011241764,6.842370826276226e-12,0.0023882732433271356,1.6341451165317696e-14,5.79907637267908,1.5789346289681619e-09,0.0,True,True,COMPUTED
6,C,6,489.99334,MEASURED,CALIBRATION,Datasets/nuclear/ionisation_energies.json,653.1894670124027,0.3330578473013587,6.613238498627849e-12,0.0025566357482405756,1.6907641957232792e-14,6.0,6.098991542442836e-10,0.0,True,True,COMPUTED
7,N,1,14.53414,MEASURED,CALIBRATION,Datasets/nuclear/ionisation_energies.json,77.16625495446415,4.309310007641605,5.8358150577411185e-12,0.00328317617269665,1.9160008945839965e-14,6.799295488148299,9.65066730745499e-10,0.0,True,True,COMPUTED
7,N,2,29.6013,MEASURED,CALIBRATION,Datasets/nuclear/ionisation_energies.json,78.64493239836474,1.6568067077582658,5.832699477483039e-12,0.0032866845759172377,1.9170243408604036e-14,6.8029273829293535,1.0555458721324521e-09,0.0,True,True,COMPUTED
7,N,3,47.44924,MEASURED,CALIBRATION,Datasets/nuclear/ionisation_energies.json,96.2762903302133,1.0290375637252207,5.83277115175215e-12,0.0032866038015267203,1.9170007840784002e-14,6.802843787184672,1.029572170052547e-09,0.0,True,True,COMPUTED
7,N,4,77.4735,MEASURED,CALIBRATION,Datasets/nuclear/ionisation_energies.json,114.61277913586723,0.47938042215554,5.833942512357857e-12,0.0032852841410319013,1.9166158815541077e-14,6.801477886989014,1.2561608980852839e-09,0.0,True,True,COMPUTED
7,N,5,97.8902,MEASURED,CALIBRATION,Datasets/nuclear/ionisation_energies.json,119.2566861174744,0.21826991994575975,5.8246252390812604e-12,0.0032958030572535274,1.9196817670320075e-14,6.812357767763593,1.3006069420943176e-09,0.0,True,True,COMPUTED
7,N,6,552.0718,MEASURED,CALIBRATION,Datasets/nuclear/ionisation_energies.json,838.7631170037039,0.5193007811732167,5.8360031299563095e-12,0.0032829645675098514,1.9159391491523156e-14,6.799076372679079,1.4405005731373745e-09,0.0,True,True,COMPUTED
7,N,7,667.046,MEASURED,CALIBRATION,Datasets/nuclear/ionisation_energies.json,889.0692012921487,0.33284541289828384,5.668490141681014e-12,0.0034798653239941153,1.972558228343825e-14,7.0,6.098988022057515e-10,0.0,True,True,COMPUTED
8,O,1,13.61806,MEASURED,CALIBRATION,Datasets/nuclear/ionisation_energies.json,99.3696054353975,6.296898782601744,5.0862920730587765e-12,0.004322098271193749,2.1983454175753806e-14,7.801249008475603,1.0460905097686858e-09,0.0,True,True,COMPUTED
8,O,2,35.1173,MEASURED,CALIBRATION,Datasets/nuclear/ionisation_energies.json,114.00281227304468,2.246343320045809,5.087428076569852e-12,0.004320168270197482,2.1978545353308877e-14,7.799507018980908,1.173819540829682e-09,0.0,True,True,COMPUTED
8,O,3,54.9355,MEASURED,CALIBRATION,Datasets/nuclear/ionisation_energies.json,115.8404453610885,1.1086628020330844,5.084833723230297e-12,0.004324577815460766,2.1989759114788512e-14,7.803486436634062,9.953373511296237e-10,0.0,True,True,COMPUTED
8,O,4,77.41353,MEASURED,CALIBRATION,Datasets/nuclear/ionisation_energies.json,137.01581391090346,0.7699207607624077,5.08488726086497e-12,0.004324486750925225,2.1989527589559025e-14,7.803404275479922,1.2903468696433403e-09,0.0,True,True,COMPUTED
8,O,5,113.899,MEASURED,CALIBRATION,Datasets/nuclear/ionisation_energies.json,160.68473493876448,0.41076510714549275,5.085786766743957e-12,0.004322957171555257,2.198563837629661e-14,7.80202411379721,1.1968930758674839e-09,0.0,True,True,COMPUTED
8,O,6,138.1197,MEASURED,CALIBRATION,Datasets/nuclear/ionisation_energies.json,166.23431370972614,0.20355252516278377,5.07862362661235e-12,0.004335160393620062,2.2016648000192944e-14,7.813028471699311,1.238488568625957e-09,0.0,True,True,COMPUTED
8,O,7,739.29,MEASURED,CALIBRATION,Datasets/nuclear/ionisation_energies.json,1103.6412960829157,0.49283947582534016,5.087708992152967e-12,0.004319691211039269,2.197733181772863e-14,7.79907637267908,1.3366759642433445e-09,0.0,True,True,COMPUTED
8,O,8,871.4101,MEASURED,CALIBRATION,Datasets/nuclear/ionisation_energies.json,1161.2388850961602,0.3325974591023906,4.959928873970887e-12,0.004545130219094357,2.2543522609643725e-14,8.0,6.098994352431252e-10,0.0,True,True,COMPUTED
9,F,1,17.42282,MEASURED,CALIBRATION,Datasets/nuclear/ionisation_energies.json,122.26715768088603,6.017644542093991,4.50864692839266e-12,0.0055005329880186676,2.4799961160952868e-14,8.80074036001592,1.0571625618160162e-09,0.0,True,True,COMPUTED
9,F,2,34.97082,MEASURED,CALIBRATION,Datasets/nuclear/ionisation_energies.json,140.47452807616992,3.0169068976984215,4.508215124731274e-12,0.00550158673721467,2.4802336538732157e-14,8.801583308234944,1.066607548511104e-09,0.0,True,True,COMPUTED
9,F,3,62.7084,MEASURED,CALIBRATION,Datasets/nuclear/ionisation_energies.json,157.97087037549468,1.5191341251809118,4.509176717414893e-12,0.005499240534436068,2.4797047381343352e-14,8.799706349613922,1.1725862447748196e-09,0.0,True,True,COMPUTED
9,F,4,87.1398,MEASURED,CALIBRATION,Datasets/nuclear/ionisation_energies.json,160.1037745459313,0.8373208860466893,4.507004438287365e-12,0.005504542843064182,2.480899902443322e-14,8.803947618663772,1.3580889684128534e-09,0.0,True,True,COMPUTED
9,F,5,114.2428,MEASURED,CALIBRATION,Datasets/nuclear/ionisation_energies.json,184.87523540737558,0.6182659686857779,4.5070487504328844e-12,0.005504434605093876,2.4808755108727882e-14,8.803861060512391,1.3780655190518915e-09,0.0,True,True,COMPUTED
9,F,6,157.1651,MEASURED,CALIBRATION,Datasets/nuclear/ionisation_energies.json,214.561649529,0.3651990774605813,4.5077581087272295e-12,0.005502702343057694,2.4804851106830645e-14,8.802475650799867,1.1527775511444162e-09,0.0,True,True,COMPUTED
9,F,7,185.186,MEASURED,CALIBRATION,Datasets/nuclear/ionisation_energies.json,221.0255221251507,0.19353256793251483,4.502091913112313e-12,0.005516562126110559,2.4836069736144015e-14,8.81355417827011,1.1857043363002495e-09,0.0,True,True,COMPUTED
9,F,8,953.9112,MEASURED,CALIBRATION,Datasets/nuclear/ionisation_energies.json,1404.8116608322584,0.47268599093108293,4.509499555540941e-12,0.005498453173915381,2.4795272143934086e-14,8.799076372679078,1.2559225065281918e-09,0.0,True,True,COMPUTED
9,F,9,1103.1176,MEASURED,CALIBRATION,Datasets/nuclear/ionisation_energies.json,1469.7008586890884,0.33231566488386033,4.4088256657519e-12,0.005752430433541297,2.53614629358492e-14,9.0,6.098994397034243e-10,0.0,True,True,COMPUTED
12,Mg,1,7.64624,MEASURED,CALIBRATION,Datasets/nuclear/ionisation_energies.json,39.88826348510145,4.2167161225780845,3.362659008467195e-12,0.009888526192454228,3.325174168152002e-14,11.800016264466322,1.1117360487401929e-09,0.0,True,True,COMPUTED
12,Mg,2,15.03528,MEASURED,CALIBRATION,Datasets/nuclear/ionisation_energies.json,44.43564906927343,1.9554254439740018,3.3620781703870426e-12,0.00989194320325392,3.325748630636848e-14,11.802054854423329,1.1647238793693137e-09,0.0,True,True,COMPUTED
12,Mg,3,80.1437,MEASURED,CALIBRATION,Datasets/nuclear/ionisation_energies.json,276.5096737764969,2.450173547970669,3.362383208600233e-12,0.009890148473967545,3.325446915943169e-14,11.800984162149003,1.223419113419407e-09,0.0,True,True,COMPUTED
12,Mg,4,109.2655,MEASURED,CALIBRATION,Datasets/nuclear/ionisation_energies.json,279.7182851523046,1.559987234326522,3.362324241192913e-12,0.009890495377767204,3.325505236607313e-14,11.801191124175848,1.1789578019502824e-09,0.0,True,True,COMPUTED
12,Mg,5,141.27,MEASURED,CALIBRATION,Datasets/nuclear/ionisation_energies.json,306.8806627094074,1.1722988795172886,3.3620011627087996e-12,0.009892396364491319,3.325824807939611e-14,11.802325184146268,1.171333582220074e-09,0.0,True,True,COMPUTED
12,Mg,6,186.76,MEASURED,CALIBRATION,Datasets/nuclear/ionisation_energies.json,332.59131360303417,0.7808487556384354,3.3626086605575804e-12,0.009888822313948262,3.325223955559748e-14,11.800192944601392,1.323402149269816e-09,0.0,True,True,COMPUTED
12,Mg,7,225.02,MEASURED,CALIBRATION,Datasets/nuclear/ionisation_energies.json,335.43604234016647,0.49069434868085704,3.361256977731553e-12,0.009896777218298913,3.326561148206189e-14,11.804938228360621,1.225111977318104e-09,0.0,True,True,COMPUTED
12,Mg,8,265.96,MEASURED,CALIBRATION,Datasets/nuclear/ionisation_energies.json,371.15341336863736,0.3955234372410791,3.361287746479423e-12,0.009896596031758402,3.32653069734064e-14,11.80483016764242,1.2399275747133734e-09,0.0,True,True,COMPUTED
12,Mg,9,328.06,MEASURED,CALIBRATION,Datasets/nuclear/ionisation_energies.json,423.0450268446036,0.2895355326605,3.3616809836777006e-12,0.009894280831657085,3.326141571894841e-14,11.803449281602427,1.5135066101435926e-09,0.0,True,True,COMPUTED
12,Mg,10,367.5,MEASURED,CALIBRATION,Datasets/nuclear/ionisation_energies.json,432.2840198486339,0.176283047207167,3.358504122534741e-12,0.009913007992041667,3.3292878207991775e-14,11.81461434736013,1.5076440847479625e-09,0.0,True,True,COMPUTED
12,Mg,11,1761.805,MEASURED,CALIBRATION,Datasets/nuclear/ionisation_energies.json,2526.0535037741747,0.4337872260404384,3.362926870048105e-12,0.00988695098676427,3.324909313623819e-14,11.799076377536423,1.499195716519098e-09,0.0,True,True,COMPUTED
12,Mg,12,1962.665,MEASURED,CALIBRATION,Datasets/nuclear/ionisation_energies.json,2612.8171155548566,0.3312598510468453,3.3066192493139246e-12,0.010226542992962303,3.3815283914465584e-14,12.0,6.098991542442836e-10,0.0,True,True,COMPUTED
13,Al,1,5.98577,MEASURED,CALIBRATION,Datasets/nuclear/ionisation_energies.json,49.062223442978016,7.196476550715784,3.099715462270765e-12,0.011637335857372295,3.607242989673491e-14,12.800991405417275,1.2996527212226758e-09,0.0,True,True,COMPUTED
13,Al,2,18.82856,MEASURED,CALIBRATION,Datasets/nuclear/ionisation_energies.json,57.63943952438707,2.0612770984285085,3.0999493895399134e-12,0.011635579578710318,3.606970781196613e-14,12.800025421594453,1.1980476069587488e-09,0.0,True,True,COMPUTED
13,Al,3,28.44765,MEASURED,CALIBRATION,Datasets/nuclear/ionisation_energies.json,63.505023296241916,1.2323469002269756,3.0993833336452935e-12,0.011639830095120391,3.607629540327905e-14,12.802363154317774,1.204488398228504e-09,0.0,True,True,COMPUTED
13,Al,4,119.992,MEASURED,CALIBRATION,Datasets/nuclear/ionisation_energies.json,342.41449419945747,1.853644361286231,3.099680588345874e-12,0.011637597717811182,3.607283574087756e-14,12.80113542697049,1.3052188504810366e-09,0.0,True,True,COMPUTED
13,Al,5,153.825,MEASURED,CALIBRATION,Datasets/nuclear/ionisation_energies.json,346.44936311156437,1.252230541924683,3.0996343230373697e-12,0.011637945127221952,3.607337416596267e-14,12.801326497405906,1.3053706866345164e-09,0.0,True,True,COMPUTED
13,Al,6,190.49,MEASURED,CALIBRATION,Datasets/nuclear/ionisation_energies.json,376.6170966134754,0.9770964177304602,3.09934808874901e-12,0.011640094826235004,3.6076705652548697e-14,12.802508739114524,1.1863932373676657e-09,0.0,True,True,COMPUTED
13,Al,7,241.76,MEASURED,CALIBRATION,Datasets/nuclear/ionisation_energies.json,405.0308002130628,0.6753424892995649,3.099877635268984e-12,0.011636118253000512,3.607054273382149e-14,12.800321709577421,1.388561979647586e-09,0.0,True,True,COMPUTED
13,Al,8,284.66,MEASURED,CALIBRATION,Datasets/nuclear/ionisation_energies.json,408.08137476759265,0.4335747023382021,3.0987016294333806e-12,0.01164495210748503,3.608423207013754e-14,12.805179632290947,1.103501490891662e-09,0.0,True,True,COMPUTED
13,Al,9,330.13,MEASURED,CALIBRATION,Datasets/nuclear/ionisation_energies.json,447.477102277786,0.3554572510156181,3.098729510711361e-12,0.011644742554063215,3.608390739691207e-14,12.805064415789577,1.1391480512248278e-09,0.0,True,True,COMPUTED
13,Al,10,398.75,MEASURED,CALIBRATION,Datasets/nuclear/ionisation_energies.json,508.1628759208636,0.27438965748178956,3.099062777770278e-12,0.011642238183733309,3.608002700514374e-14,12.803687384582691,1.4622162950629938e-09,0.0,True,True,COMPUTED
13,Al,11,442.0,MEASURED,CALIBRATION,Datasets/nuclear/ionisation_energies.json,518.3338886876642,0.17270110562819949,3.0963607750422468e-12,0.01166256597307452,3.611151181537036e-14,12.81486037143902,1.4485277406817445e-09,0.0,True,True,COMPUTED
13,Al,12,2085.98,MEASURED,CALIBRATION,Datasets/nuclear/ionisation_energies.json,2972.3837342533348,0.4249339563434619,3.100179248981451e-12,0.01163385422771709,3.606703346244365e-14,12.799076377536423,1.4307879657798786e-09,0.0,True,True,COMPUTED
13,Al,13,2304.141,MEASURED,CALIBRATION,Datasets/nuclear/ionisation_energies.json,3066.438925835589,0.3308382281447138,3.052263922443623e-12,0.012001984484796035,3.6633224240671053e-14,13.0,6.098992676743382e-10,0.0,True,True,COMPUTED
14,Si,1,8.15169,MEASURED,CALIBRATION,Datasets/nuclear/ionisation_energies.json,61.47364670011217,6.541214975068012,2.875138686359949e-12,0.013526319175573067,3.8890043545742536e-14,13.800875477767992,1.1341237083093388e-09,0.0,True,True,COMPUTED
14,Si,2,16.34585,MEASURED,CALIBRATION,Datasets/nuclear/ionisation_energies.json,68.0257541829386,3.1616529077985303,2.8750887378810763e-12,0.013526789161022477,3.889071917654754e-14,13.8011152382763,1.3176995428415775e-09,0.0,True,True,COMPUTED
14,Si,3,33.49302,MEASURED,CALIBRATION,Datasets/nuclear/ionisation_energies.json,78.67235663615865,1.3489179726450062,2.87531279377908e-12,0.013524681119897509,3.8887688655823684e-14,13.800039800057942,1.246553672555116e-09,0.0,True,True,COMPUTED
14,Si,4,45.14181,MEASURED,CALIBRATION,Datasets/nuclear/ionisation_energies.json,85.94547463110764,0.9038996139301381,2.8747709037459504e-12,0.013529780364942037,3.8895018927208634e-14,13.802641087003868,1.1747459875545983e-09,0.0,True,True,COMPUTED
14,Si,5,166.767,MEASURED,CALIBRATION,Datasets/nuclear/ionisation_energies.json,415.52094992959456,1.4916257408815567,2.875055525533317e-12,0.013527101683000971,3.8891168438162973e-14,13.801274667349823,1.3222061054130818e-09,0.0,True,True,COMPUTED
14,Si,6,205.27,MEASURED,CALIBRATION,Datasets/nuclear/ionisation_energies.json,420.284142811491,1.047469882649637,2.875018964162005e-12,0.013527445731188671,3.889166301383979e-14,13.80145017698436,1.1397407524605425e-09,0.0,True,True,COMPUTED
14,Si,7,246.5,MEASURED,CALIBRATION,Datasets/nuclear/ionisation_energies.json,453.47409970124517,0.8396515200861873,2.8747649701387337e-12,0.013529836216801996,3.889509920777675e-14,13.802669576098321,1.3713566110941251e-09,0.0,True,True,COMPUTED
14,Si,8,303.54,MEASURED,CALIBRATION,Datasets/nuclear/ionisation_energies.json,484.5843495043225,0.5964431360094963,2.875230042426942e-12,0.0135254596327392,3.888880787368462e-14,13.800436975913843,1.1438064110725509e-09,0.0,True,True,COMPUTED
14,Si,9,351.12,MEASURED,CALIBRATION,Datasets/nuclear/ionisation_energies.json,487.8313705843532,0.38935797044985526,2.8741984118198264e-12,0.013535170710573585,3.890276616004083e-14,13.805390340691089,1.4364342836454067e-09,0.0,True,True,COMPUTED
14,Si,10,401.37,MEASURED,CALIBRATION,Datasets/nuclear/ionisation_energies.json,530.9144115709768,0.3227555910281704,2.8742238026715692e-12,0.013534931572623001,3.890242249356397e-14,13.805268384071333,1.4791649525179703e-09,0.0,True,True,COMPUTED
14,Si,11,476.36,MEASURED,CALIBRATION,Datasets/nuclear/ionisation_energies.json,601.0928080667435,0.2618456798781247,2.874509664351959e-12,0.013532239686806809,3.88985537600533e-14,13.803895490020064,1.4160864067787111e-09,0.0,True,True,COMPUTED
14,Si,12,523.42,MEASURED,CALIBRATION,Datasets/nuclear/ionisation_energies.json,612.1981550902885,0.16961169823523858,2.8721842476221498e-12,0.013554160867802714,3.893004733423952e-14,13.81507158693502,1.3965293896193459e-09,0.0,True,True,COMPUTED
14,Si,13,2437.63,MEASURED,CALIBRATION,Datasets/nuclear/ionisation_energies.json,3454.999302293592,0.4173600186630423,2.875513542077455e-12,0.013522792788016614,3.8884973788649113e-14,13.799076377536423,1.372152887745592e-09,0.0,True,True,COMPUTED
14,Si,14,2673.182,MEASURED,CALIBRATION,Datasets/nuclear/ionisation_energies.json,3556.3459279297986,0.33037927381293114,2.834245070840507e-12,0.013919461295976461,3.94511645668765e-14,14.0,6.098988022057515e-10,0.0,True,True,COMPUTED
15,P,1,10.48669,MEASURED,CALIBRATION,Datasets/nuclear/ionisation_energies.json,76.59221987855,6.30375551089524,2.6808657514114093e-12,0.01555776096970273,4.1708268552321205e-14,14.800976502041127,1.2765158591894447e-09,0.0,True,True,COMPUTED
15,P,2,19.7694,MEASURED,CALIBRATION,Datasets/nuclear/ionisation_energies.json,82.50415127038873,3.173326012442903,2.6808682514706906e-12,0.01555773195275529,4.1708229657032766e-14,14.8009626993044,1.115703484322123e-09,0.0,True,True,COMPUTED
15,P,3,30.2027,MEASURED,CALIBRATION,Datasets/nuclear/ionisation_energies.json,90.07373071687454,1.9823072346801622,2.6808201708992214e-12,0.01555829001432099,4.170897769509164e-14,14.801228154911083,1.3372735545399262e-09,0.0,True,True,COMPUTED
15,P,4,51.4439,MEASURED,CALIBRATION,Datasets/nuclear/ionisation_energies.json,102.99273322877929,1.0020397603754632,2.6810323118164552e-12,0.015555827963178179,4.170567740633865e-14,14.800056984349979,1.3089647027716542e-09,0.0,True,True,COMPUTED
15,P,5,65.0251,MEASURED,CALIBRATION,Datasets/nuclear/ionisation_energies.json,111.74741010350745,0.7185273087393553,2.6805188456199463e-12,0.015561788120363712,4.171366632817953e-14,14.802892006002704,1.416777927232985e-09,0.0,True,True,COMPUTED
15,P,6,220.421,MEASURED,CALIBRATION,Datasets/nuclear/ionisation_energies.json,495.79505242513295,1.2493095141802866,2.6807886425193368e-12,0.01555865597421403,4.1709468228538597e-14,14.801402230083077,1.3482638259034721e-09,0.0,True,True,COMPUTED
15,P,7,263.57,MEASURED,CALIBRATION,Datasets/nuclear/ionisation_energies.json,501.22389851686256,0.901672794767472,2.6807595653775305e-12,0.015558993493255596,4.1709920634691693e-14,14.801562775055903,1.1385470510298761e-09,0.0,True,True,COMPUTED
15,P,8,309.6,MEASURED,CALIBRATION,Datasets/nuclear/ionisation_energies.json,537.4502708180626,0.7359504871384448,2.680533415084352e-12,0.015561618955300761,4.171343960249374e-14,14.80281154805841,1.3281023327231043e-09,0.0,True,True,COMPUTED
15,P,9,372.13,MEASURED,CALIBRATION,Datasets/nuclear/ionisation_energies.json,571.2527853198586,0.5350893110468348,2.6809447213822157e-12,0.015556844443655007,4.1707039992581144e-14,14.800540524128955,1.3661594328762175e-09,0.0,True,True,COMPUTED
15,P,10,424.4,MEASURED,CALIBRATION,Datasets/nuclear/ionisation_energies.json,574.6889055553172,0.3541208896213884,2.680032955065039e-12,0.015567431342985934,4.17212290249147e-14,14.805575773527814,1.350404807180692e-09,0.0,True,True,COMPUTED
15,P,11,479.46,MEASURED,CALIBRATION,Datasets/nuclear/ionisation_energies.json,621.4663970416531,0.2961798628491492,2.680056167955347e-12,0.01556716167437562,4.172086766296847e-14,14.805447537332435,1.380056844142641e-09,0.0,True,True,COMPUTED
15,P,12,560.8,MEASURED,CALIBRATION,Datasets/nuclear/ionisation_energies.json,701.8369421191057,0.2514924074877065,2.6803039481308485e-12,0.015564283600966221,4.1717010785497985e-14,14.8040788506237,1.374458779786174e-09,0.0,True,True,COMPUTED
15,P,13,611.74,MEASURED,CALIBRATION,Datasets/nuclear/ionisation_energies.json,713.878532546138,0.16696395943724127,2.678282036967723e-12,0.015587792310632469,4.174850414155054e-14,14.815254870129753,1.350471485625056e-09,0.0,True,True,COMPUTED
15,P,14,2816.91,MEASURED,CALIBRATION,Datasets/nuclear/ionisation_energies.json,3973.9094526666718,0.410733552959332,2.681209960642994e-12,0.015553766667662837,4.170291411485459e-14,14.799076377536423,1.321336248024793e-09,0.0,True,True,COMPUTED
15,P,15,3069.842,MEASURED,CALIBRATION,Datasets/nuclear/ionisation_energies.json,4082.5476490855567,0.32988852490960663,2.6452953994511396e-12,0.015978973426503597,4.226910489308198e-14,15.0,6.098990103728767e-10,0.0,True,True,COMPUTED
16,S,1,10.36001,MEASURED,CALIBRATION,Datasets/nuclear/ionisation_energies.json,97.98225646862696,8.457737634290599,2.511121328917667e-12,0.017732167867442503,4.452762493988337e-14,15.801479018486756,8.64842728909429e-10,0.0,True,True,COMPUTED
16,S,2,23.3379,MEASURED,CALIBRATION,Datasets/nuclear/ionisation_energies.json,99.83286437621358,3.277714120645541,2.51118963233857e-12,0.017731203263863297,4.4526413805101326e-14,15.801049224154067,1.2118035701865361e-09,0.0,True,True,COMPUTED
16,S,3,34.79,MEASURED,CALIBRATION,Datasets/nuclear/ionisation_energies.json,106.5998980060783,2.064095947285953,2.511190380652695e-12,0.017731192696358755,4.452640053659543e-14,15.801044515571071,1.2622045296053742e-09,0.0,True,True,COMPUTED
16,S,4,47.222,MEASURED,CALIBRATION,Datasets/nuclear/ionisation_energies.json,115.20946321131262,1.4397412903162214,2.511144865875017e-12,0.01773183546183061,4.45272075825165e-14,15.801330911245802,1.2572935864382556e-09,0.0,True,True,COMPUTED
16,S,5,72.5945,MEASURED,CALIBRATION,Datasets/nuclear/ionisation_energies.json,130.60465529800985,0.7990984895275792,2.511344384941084e-12,0.017729018087410245,4.4523670024336635e-14,15.800075541092296,1.2643528930858998e-09,0.0,True,True,COMPUTED
16,S,6,88.053,MEASURED,CALIBRATION,Datasets/nuclear/ionisation_energies.json,140.90256480840864,0.6002017513135117,2.510860712245367e-12,0.01773584910582847,4.4532246718136824e-14,15.8031191448622,1.2961003591842922e-09,0.0,True,True,COMPUTED
16,S,7,280.948,MEASURED,CALIBRATION,Datasets/nuclear/ionisation_energies.json,583.2167793715521,1.0758887031463193,2.5111149826792894e-12,0.01773225749512361,4.452773747273202e-14,15.801518952919572,1.2717185549047509e-09,0.0,True,True,COMPUTED
16,S,8,328.75,MEASURED,CALIBRATION,Datasets/nuclear/ionisation_energies.json,589.2683670839552,0.7924513067192555,2.51109173244305e-12,0.01773258586312319,4.452814975572515e-14,15.80166525942198,1.259082294655827e-09,0.0,True,True,COMPUTED
16,S,9,379.55,MEASURED,CALIBRATION,Datasets/nuclear/ionisation_energies.json,628.542774372491,0.656021010071113,2.510889538505721e-12,0.017735441875433553,4.4531735465802394e-14,15.802937717196869,1.3847660782828368e-09,0.0,True,True,COMPUTED
16,S,10,447.5,MEASURED,CALIBRATION,Datasets/nuclear/ionisation_energies.json,665.0344591761085,0.48611052329856647,2.5112556388190686e-12,0.01773027117322054,4.4525243461541266e-14,15.800633905366386,1.2204720702226126e-09,0.0,True,True,COMPUTED
16,S,11,504.8,MEASURED,CALIBRATION,Datasets/nuclear/ionisation_energies.json,668.6538025730874,0.324591526491853,2.5104443431099066e-12,0.017741732743575406,4.453963260307668e-14,15.805740167341341,1.2823215232166108e-09,0.0,True,True,COMPUTED
16,S,12,564.44,MEASURED,CALIBRATION,Datasets/nuclear/ionisation_energies.json,719.1313565736767,0.2740616479584662,2.5104656353478612e-12,0.017741431795744843,4.4539254845085326e-14,15.805606112695878,1.3018997256385044e-09,0.0,True,True,COMPUTED
16,S,13,652.2,MEASURED,CALIBRATION,Datasets/nuclear/ionisation_energies.json,810.3940482656985,0.24255450516053123,2.5106823880609796e-12,0.017738368614595965,4.453540967359973e-14,15.804241580079687,1.3367556083624532e-09,0.0,True,True,COMPUTED
16,S,14,707.01,MEASURED,CALIBRATION,Datasets/nuclear/ionisation_energies.json,823.373427987246,0.16458526468825907,2.508908554108787e-12,0.017763460038136444,4.456689684025012e-14,15.815415403158049,1.3094139543824084e-09,0.0,True,True,COMPUTED
16,S,15,3223.78,MEASURED,CALIBRATION,Datasets/nuclear/ionisation_energies.json,4529.104898315247,0.4049050798488875,2.511503207123199e-12,0.01772677586665575,4.4520854441060046e-14,15.799076377536423,1.2768713470774582e-09,0.0,True,True,COMPUTED
16,S,16,3494.1892,MEASURED,CALIBRATION,Datasets/nuclear/ionisation_energies.json,4645.034538401808,0.32935976632341735,2.4799644369854436e-12,0.018180520876377428,4.508704521928745e-14,16.0,6.098994352431252e-10,0.0,True,True,COMPUTED
17,Cl,1,12.96764,MEASURED,CALIBRATION,Datasets/nuclear/ionisation_energies.json,109.91150558176889,7.475829494169247,2.3616976356722505e-12,0.020046965276711386,4.7344870496412987e-14,16.801232466184207,8.374577587543763e-10,0.0,True,True,COMPUTED
17,Cl,2,23.814,MEASURED,CALIBRATION,Datasets/nuclear/ionisation_energies.json,124.64758362034938,4.234214479732484,2.361648452983698e-12,0.020047800264590306,4.7345856480595864e-14,16.801582361522204,8.224737589313444e-10,0.0,True,True,COMPUTED
17,Cl,3,39.61,MEASURED,CALIBRATION,Datasets/nuclear/ionisation_energies.json,126.13648812907067,2.1844606950030463,2.3617137442499212e-12,0.020046691808348244,4.7344547570518354e-14,16.80111786975659,1.2708636362251298e-09,0.0,True,True,COMPUTED
17,Cl,4,53.4652,MEASURED,CALIBRATION,Datasets/nuclear/ionisation_energies.json,133.7660382505783,1.5019272021909258,2.3617133148875546e-12,0.02004669909737504,4.7344556177814956e-14,16.80112092422035,1.288802316676901e-09,0.0,True,True,COMPUTED
17,Cl,5,67.8,MEASURED,CALIBRATION,Datasets/nuclear/ionisation_energies.json,143.43634329820728,1.1155802846343257,2.3616706504191757e-12,0.020047423406232483,4.734541147502568e-14,16.801424442787713,1.3082927251454296e-09,0.0,True,True,COMPUTED
17,Cl,6,97.03,MEASURED,CALIBRATION,Datasets/nuclear/ionisation_energies.json,161.51178129877871,0.6645550994411905,2.36185759225168e-12,0.020044250011049904,4.734166406958904e-14,16.800094604323142,1.348685555872476e-09,0.0,True,True,COMPUTED
17,Cl,7,114.1958,MEASURED,CALIBRATION,Datasets/nuclear/ionisation_energies.json,173.4047039795924,0.5184858285470428,2.3614034729861185e-12,0.020051960133815924,4.7350768300172116e-14,16.803325414606245,1.314442186709765e-09,0.0,True,True,COMPUTED
17,Cl,8,348.28,MEASURED,CALIBRATION,Datasets/nuclear/ionisation_energies.json,677.7762692485867,0.946067156450519,2.3616423441018114e-12,0.020047903980381646,4.7345978950556546e-14,16.801625822329218,1.3348799235900996e-09,0.0,True,True,COMPUTED
17,Cl,9,400.06,MEASURED,CALIBRATION,Datasets/nuclear/ionisation_energies.json,684.4197254987499,0.7107926948426484,2.36162367169422e-12,0.020048221003046072,4.734635329615084e-14,16.801758666020326,1.1755278380007945e-09,0.0,True,True,COMPUTED
17,Cl,10,455.63,MEASURED,CALIBRATION,Datasets/nuclear/ionisation_energies.json,726.7518360828849,0.5950482542477118,2.3614421028748728e-12,0.020051304095158352,4.734999370785429e-14,16.803050535713098,1.1370891989110897e-09,0.0,True,True,COMPUTED
17,Cl,11,529.28,MEASURED,CALIBRATION,Datasets/nuclear/ionisation_energies.json,765.9304786346123,0.4471177422812356,2.361769891610729e-12,0.0200457386626056,4.734342202843902e-14,16.80071844963088,1.1354586298789612e-09,0.0,True,True,COMPUTED
17,Cl,12,591.99,MEASURED,CALIBRATION,Datasets/nuclear/ionisation_energies.json,769.7282759108526,0.3002386457724837,2.3610435610455982e-12,0.020058073947274317,4.735798634018849e-14,16.80588687410532,1.2269607788544577e-09,0.0,True,True,COMPUTED
17,Cl,13,656.71,MEASURED,CALIBRATION,Datasets/nuclear/ionisation_energies.json,823.9105559213906,0.25460333468561547,2.361063149991945e-12,0.020057741118476885,4.735759342691399e-14,16.805747441317894,1.2386772982159458e-09,0.0,True,True,COMPUTED
17,Cl,14,749.76,MEASURED,CALIBRATION,Datasets/nuclear/ionisation_energies.json,926.7660897223049,0.23608366640298878,2.36125430419679e-12,0.020054493720386025,4.7353759615748996e-14,16.804386940128648,1.302480012350036e-09,0.0,True,True,COMPUTED
17,Cl,15,809.4,MEASURED,CALIBRATION,Datasets/nuclear/ionisation_energies.json,940.6845718590421,0.16219986639367692,2.3596857721991963e-12,0.020081163856072937,4.738523664037606e-14,16.81555716411613,1.2725994633008485e-09,0.0,True,True,COMPUTED
17,Cl,16,3658.521,MEASURED,CALIBRATION,Datasets/nuclear/ionisation_energies.json,5120.594969252702,0.3996352540419207,2.362000748086722e-12,0.02004182040606796,4.733879479215225e-14,16.799076386367958,1.7571400995162282e-09,0.0,True,True,COMPUTED
17,Cl,17,3946.296,MEASURED,CALIBRATION,Datasets/nuclear/ionisation_energies.json,5243.816167729486,0.32879443603051717,2.3340841759863e-12,0.02052410364559795,4.79049855454929e-14,17.0,6.098991694091189e-10,0.0,True,True,COMPUTED
20,Ca,1,6.11316,MEASURED,CALIBRATION,Datasets/nuclear/ionisation_energies.json,48.90798455308139,7.00044241490185,2.0038507980659664e-12,0.027846233724691548,5.5799697672354584e-14,19.80158953454221,9.945579562022043e-10,0.0,True,True,COMPUTED
20,Ca,2,11.87172,MEASURED,CALIBRATION,Datasets/nuclear/ionisation_energies.json,52.061379337035035,3.385327428294724,2.0037972931782783e-12,0.027847720830702364,5.580118762174575e-14,19.8021182715695,9.528252533994092e-10,0.0,True,True,COMPUTED
20,Ca,3,50.9131,MEASURED,CALIBRATION,Datasets/nuclear/ionisation_energies.json,192.06435219741763,2.772395556299217,2.0038272364770635e-12,0.027846888576923225,5.580035378158077e-14,19.80182236744504,9.153789089795972e-10,0.0,True,True,COMPUTED
20,Ca,4,67.27,MEASURED,CALIBRATION,Datasets/nuclear/ionisation_energies.json,202.763377663161,2.014172404685016,2.0038703864485887e-12,0.02784568931820853,5.5799152215005864e-14,19.801395968573594,1.0025750169117886e-09,0.0,True,True,COMPUTED
20,Ca,5,84.5,MEASURED,CALIBRATION,Datasets/nuclear/ionisation_energies.json,223.6491138461094,1.6467350751018863,2.0038247083469072e-12,0.02784695884315248,5.5800424182228345e-14,19.801847350460804,1.0188006923923525e-09,0.0,True,True,COMPUTED
20,Ca,6,108.78,MEASURED,CALIBRATION,Datasets/nuclear/ionisation_energies.json,223.47343795832973,1.0543614447355187,2.0038800657866347e-12,0.027845420312898585,5.5798882688467714e-14,19.80130032192855,1.3928133770928564e-09,0.0,True,True,COMPUTED
20,Ca,7,127.2,MEASURED,CALIBRATION,Datasets/nuclear/ionisation_energies.json,233.7270530755139,0.8374768323546691,2.0038780518618263e-12,0.0278454762829821,5.579893876710686e-14,19.801320222505794,1.299270529536079e-09,0.0,True,True,COMPUTED
20,Ca,8,147.24,MEASURED,CALIBRATION,Datasets/nuclear/ionisation_energies.json,246.68907819031557,0.6754216122678318,2.0038437783926157e-12,0.027846428821544204,5.579989314450417e-14,19.801658901571646,1.3808430507470617e-09,0.0,True,True,COMPUTED
20,Ca,9,188.54,MEASURED,CALIBRATION,Datasets/nuclear/ionisation_energies.json,274.0279974540298,0.45342101121263284,2.0039964322115055e-12,0.027842186596628418,5.579564260461035e-14,19.8001505162257,1.5095043331385988e-09,0.0,True,True,COMPUTED
20,Ca,10,211.275,MEASURED,CALIBRATION,Datasets/nuclear/ionisation_energies.json,290.94370723720385,0.3770853496021955,2.0036228018950872e-12,0.02785257144043307,5.58060472294636e-14,19.803842796277365,1.4064173515143458e-09,0.0,True,True,COMPUTED
20,Ca,11,591.9,MEASURED,CALIBRATION,Datasets/nuclear/ionisation_energies.json,1004.2185328650093,0.696601677420188,2.0038197018259035e-12,0.02784709799395371,5.580056359896104e-14,19.801896825153854,1.4466235189822675e-09,0.0,True,True,COMPUTED
20,Ca,12,657.2,MEASURED,CALIBRATION,Datasets/nuclear/ionisation_energies.json,1012.5186071057939,0.5406552147075377,2.003809883481116e-12,0.027847370887187257,5.580083701271012e-14,19.801993851250028,1.2909353008917692e-09,0.0,True,True,COMPUTED
20,Ca,13,726.6,MEASURED,CALIBRATION,Datasets/nuclear/ionisation_energies.json,1064.0668493887745,0.46444653095069427,2.003674993842828e-12,0.027851120445611326,5.580459358737613e-14,19.803326943590946,1.4027694370087984e-09,0.0,True,True,COMPUTED
20,Ca,14,817.6,MEASURED,CALIBRATION,Datasets/nuclear/ionisation_energies.json,1111.2973960594593,0.3592189286441527,2.0039175876340938e-12,0.027844377553617267,5.579783789641762e-14,19.80092955749455,1.3251534130460752e-09,0.0,True,True,COMPUTED
20,Ca,15,894.5,MEASURED,CALIBRATION,Datasets/nuclear/ionisation_energies.json,1115.6093931101132,0.24718769492466536,2.0033797652007364e-12,0.027859329627379543,5.5812817247549546e-14,19.80624526662885,1.562693276636e-09,0.0,True,True,COMPUTED
20,Ca,16,974.0,MEASURED,CALIBRATION,Datasets/nuclear/ionisation_energies.json,1180.926208288154,0.21244990583999376,2.0033952653261827e-12,0.02785889853777775,5.581238542778646e-14,19.8060920271301,1.542970326352151e-09,0.0,True,True,COMPUTED
20,Ca,17,1087.0,MEASURED,CALIBRATION,Datasets/nuclear/ionisation_energies.json,1322.7672800437865,0.21689722175141354,2.003531769850314e-12,0.027855102504995424,5.580858282119539e-14,19.804742599480512,1.2162657156996317e-09,0.0,True,True,COMPUTED
20,Ca,18,1157.8,MEASURED,CALIBRATION,Datasets/nuclear/ionisation_energies.json,1339.5089827351717,0.15694332590704071,2.0024038999487425e-12,0.027886490557764942,5.5840017448752306e-14,19.81589777805707,1.6898117917062456e-09,0.0,True,True,COMPUTED
20,Ca,19,5128.8,MEASURED,CALIBRATION,Datasets/nuclear/ionisation_energies.json,7112.795489924493,0.38683424776253567,2.0041051520507868e-12,0.02783916588093017,5.5792615770768637e-14,19.799076386367958,1.585053447412927e-09,0.0,True,True,COMPUTED
20,Ca,20,5469.864,MEASURED,CALIBRATION,Datasets/nuclear/ionisation_energies.json,7257.89115363702,0.3268869488596097,1.983971549588355e-12,0.028407063869339732,5.635880652410932e-14,20.0,6.09899380327923e-10,0.0,True,True,COMPUTED
21,Sc,1,6.5615,MEASURED,CALIBRATION,Datasets/nuclear/ionisation_energies.json,58.38529055477072,7.898162090188329,1.9074986182603405e-12,0.030730438948971175,5.861826983369627e-14,20.801813753320133,8.811342476959576e-10,0.0,True,True,COMPUTED
21,Sc,2,12.79967,MEASURED,CALIBRATION,Datasets/nuclear/ionisation_energies.json,55.79703022224619,3.359255373165573,1.9074520486062712e-12,0.030731939509241853,5.861970097454738e-14,20.802321621012645,9.520599507370443e-10,0.0,True,True,COMPUTED
21,Sc,3,24.75666,MEASURED,CALIBRATION,Datasets/nuclear/ionisation_energies.json,208.39363012951554,7.417679530660256,1.907478646440577e-12,0.030731082464432923,5.861888358291026e-14,20.802031553962777,8.666747888983436e-10,0.0,True,True,COMPUTED
21,Sc,4,73.4894,MEASURED,CALIBRATION,Datasets/nuclear/ionisation_energies.json,228.16233311696874,2.104697182409555,1.9074915788894675e-12,0.030730665763451934,5.861848615745144e-14,20.80189051994047,1.0251260365703132e-09,0.0,True,True,COMPUTED
21,Sc,5,91.65,MEASURED,CALIBRATION,Datasets/nuclear/ionisation_energies.json,239.95981120344987,1.61821943484397,1.907532546365109e-12,0.030729345791968992,5.861722722668855e-14,20.801443764290198,1.077152503577258e-09,0.0,True,True,COMPUTED
21,Sc,6,110.68,MEASURED,CALIBRATION,Datasets/nuclear/ionisation_energies.json,262.9579919828697,1.375840187774392,1.9074886045809706e-12,0.03073076159894089,5.861857756007423e-14,20.801922955908672,1.048187449198236e-09,0.0,True,True,COMPUTED
21,Sc,7,138.0,MEASURED,CALIBRATION,Datasets/nuclear/ionisation_energies.json,262.07483423892165,0.8990930017313163,1.9075407814058024e-12,0.030729080469340708,5.861697417036795e-14,20.80135396241673,1.4603051271688655e-09,0.0,True,True,COMPUTED
21,Sc,8,158.1,MEASURED,CALIBRATION,Datasets/nuclear/ionisation_energies.json,273.213476314851,0.7281054795373245,1.9075385951083586e-12,0.030729150908752792,5.861704135335504e-14,20.801377803584145,1.3177147011752045e-09,0.0,True,True,COMPUTED
21,Sc,9,180.03,MEASURED,CALIBRATION,Datasets/nuclear/ionisation_energies.json,287.30477406431874,0.5958716550814794,1.907506813634694e-12,0.03073017489024445,5.861801798732707e-14,20.801724380821057,1.4190417151290813e-09,0.0,True,True,COMPUTED
21,Sc,10,225.18,MEASURED,CALIBRATION,Datasets/nuclear/ionisation_energies.json,318.13815965646427,0.4128171225529099,1.907649539451178e-12,0.030725576744582414,5.861363232617448e-14,20.80016804511309,1.2072932351718703e-09,0.0,True,True,COMPUTED
21,Sc,11,249.798,MEASURED,CALIBRATION,Datasets/nuclear/ionisation_energies.json,336.7894302254449,0.34824710456226593,1.9072992812404195e-12,0.03073686272764996,5.862439618803221e-14,20.803987807283935,1.4645583700439979e-09,0.0,True,True,COMPUTED
21,Sc,12,687.36,MEASURED,CALIBRATION,Datasets/nuclear/ionisation_energies.json,1127.2778895481006,0.6400108961069899,1.907483978417034e-12,0.030730910659918658,5.861871972596008e-14,20.801973406191287,1.5039649999117185e-09,0.0,True,True,COMPUTED
21,Sc,13,756.7,MEASURED,CALIBRATION,Datasets/nuclear/ionisation_energies.json,1136.103521684119,0.5013922580733697,1.907476046814243e-12,0.03073116622892981,5.861896347235041e-14,20.802059904257987,1.4489123869719331e-09,0.0,True,True,COMPUTED
21,Sc,14,830.8,MEASURED,CALIBRATION,Datasets/nuclear/ionisation_energies.json,1190.7347150108872,0.4332387036722282,1.907352908570275e-12,0.030735134350382786,5.862274789850078e-14,20.803402880230614,1.2782647773981287e-09,0.0,True,True,COMPUTED
21,Sc,15,927.5,MEASURED,CALIBRATION,Datasets/nuclear/ionisation_energies.json,1240.6472422080935,0.33762505898446743,1.907574295724449e-12,0.03072800071569757,5.861594432426715e-14,20.800988501838585,1.2673466340306667e-09,0.0,True,True,COMPUTED
21,Sc,16,1009.0,MEASURED,CALIBRATION,Datasets/nuclear/ionisation_energies.json,1245.1253350548207,0.2340191625914972,1.9070833377301795e-12,0.03074382393556941,5.86310343656347e-14,20.806343491519236,1.5114848689151828e-09,0.0,True,True,COMPUTED
21,Sc,17,1094.0,MEASURED,CALIBRATION,Datasets/nuclear/ionisation_energies.json,1314.1588647720262,0.20124210673859796,1.907097744295421e-12,0.03074335944838336,5.863059145607522e-14,20.806186316594225,1.4837801304403734e-09,0.0,True,True,COMPUTED
21,Sc,18,1213.0,MEASURED,CALIBRATION,Datasets/nuclear/ionisation_energies.json,1470.3985284850019,0.21219994104287046,1.90722113607207e-12,0.03073938156143868,5.862679822375992e-14,20.80484021558562,1.1920231960451883e-09,0.0,True,True,COMPUTED
21,Sc,19,1287.97,MEASURED,CALIBRATION,Datasets/nuclear/ionisation_energies.json,1488.0828495898431,0.1553707381304247,1.9061995815272255e-12,0.03077233757462931,5.865821700737291e-14,20.815989771635763,1.642382486087176e-09,0.0,True,True,COMPUTED
21,Sc,20,5674.8,MEASURED,CALIBRATION,Datasets/nuclear/ionisation_energies.json,7849.449795445552,0.3832117070990258,1.907749664200167e-12,0.030722351677910986,5.861055609697413e-14,20.799076386367958,1.5386180632999356e-09,0.0,True,True,COMPUTED
21,Sc,21,6033.712,MEASURED,CALIBRATION,Datasets/nuclear/ionisation_energies.json,8001.837098205795,0.3261881074545478,1.8894967138936714e-12,0.03131878791594705,5.917674685031477e-14,21.0,6.098992366362806e-10,0.0,True,True,COMPUTED
22,Ti,1,6.8281,MEASURED,CALIBRATION,Datasets/nuclear/ionisation_energies.json,59.35716075726423,7.693071389883603,1.820012637082342e-12,0.033755801224121695,6.143598480274108e-14,21.801733781023138,9.139608757471562e-10,0.0,True,True,COMPUTED
22,Ti,2,13.5755,MEASURED,CALIBRATION,Datasets/nuclear/ionisation_energies.json,62.80272651475194,3.6261814676993067,1.819968364842012e-12,0.03375744351983408,6.1437479284039e-14,21.802264126284193,9.94570060497538e-10,0.0,True,True,COMPUTED
22,Ti,3,27.4917,MEASURED,CALIBRATION,Datasets/nuclear/ionisation_energies.json,226.6754763793857,7.245233156894106,1.819993425520079e-12,0.0337565138696627,6.143663331126347e-14,21.801963916670935,9.434605741523665e-10,0.0,True,True,COMPUTED
22,Ti,4,43.2672,MEASURED,CALIBRATION,Datasets/nuclear/ionisation_energies.json,245.92905104914763,4.683960391454673,1.8199822518870564e-12,0.033756928361678276,6.143701049647727e-14,21.802097768055326,1.0179686785728192e-09,0.0,True,True,COMPUTED
22,Ti,5,99.3,MEASURED,CALIBRATION,Datasets/nuclear/ionisation_energies.json,267.36375523552084,1.692484946984097,1.8199942737639452e-12,0.03375648240390528,6.143660467752098e-14,21.801953755439975,1.0396354324831164e-09,0.0,True,True,COMPUTED
22,Ti,6,119.53,MEASURED,CALIBRATION,Datasets/nuclear/ionisation_energies.json,280.27890253580483,1.3448414836091762,1.820033111933906e-12,0.03375504174218988,6.143529366549674e-14,21.801488517758376,1.061238712741656e-09,0.0,True,True,COMPUTED
22,Ti,7,140.8,MEASURED,CALIBRATION,Datasets/nuclear/ionisation_energies.json,305.41133294014804,1.169114580540824,1.8199909811700666e-12,0.03375660454350819,6.14367158241094e-14,21.801993197931846,1.1257379727452827e-09,0.0,True,True,COMPUTED
22,Ti,8,170.4,MEASURED,CALIBRATION,Datasets/nuclear/ionisation_energies.json,303.7594003557415,0.7826255889421448,1.8200401348763556e-12,0.03375478124325512,6.143505660669593e-14,21.801404392910662,1.20866032648263e-09,0.0,True,True,COMPUTED
22,Ti,9,192.1,MEASURED,CALIBRATION,Datasets/nuclear/ionisation_energies.json,315.78751717402304,0.6438704694118846,1.820037868908471e-12,0.033754865293481956,6.143513309404141e-14,21.801431535907543,1.3830807266034598e-09,0.0,True,True,COMPUTED
22,Ti,10,215.92,MEASURED,CALIBRATION,Datasets/nuclear/ionisation_energies.json,331.0220679923484,0.5330773804758634,1.820008389802652e-12,0.0337559587733913,6.14361281734046e-14,21.80178465884415,1.5111969122133107e-09,0.0,True,True,COMPUTED
22,Ti,11,265.07,MEASURED,CALIBRATION,Datasets/nuclear/ionisation_energies.json,365.55265376363747,0.3790796912650903,1.820141948923914e-12,0.03375100503801524,6.143162008803389e-14,21.800184878561794,1.2887677008517183e-09,0.0,True,True,COMPUTED
22,Ti,12,291.5,MEASURED,CALIBRATION,Datasets/nuclear/ionisation_energies.json,385.9634000027674,0.32405969126163775,1.8198133210098693e-12,0.03376319587509329,6.144271361336024e-14,21.80412162811721,1.1989691418755573e-09,0.0,True,True,COMPUTED
22,Ti,13,787.84,MEASURED,CALIBRATION,Datasets/nuclear/ionisation_energies.json,1257.4554899812358,0.5960797750574175,1.8199867167512587e-12,0.033756762734187956,6.143685977674598e-14,21.802044282277123,1.2264644438274706e-09,0.0,True,True,COMPUTED
22,Ti,14,863.1,MEASURED,CALIBRATION,Datasets/nuclear/ionisation_energies.json,1266.7973772845646,0.46772955310458186,1.8199803220508994e-12,0.03375699995077696,6.143707564188725e-14,21.80212088614955,1.245068820532231e-09,0.0,True,True,COMPUTED
22,Ti,15,941.9,MEASURED,CALIBRATION,Datasets/nuclear/ionisation_energies.json,1324.5156415213771,0.4062168399207741,1.8198675078721294e-12,0.033761185295312864,6.144088414619021e-14,21.80347240671496,1.1861534068070123e-09,0.0,True,True,COMPUTED
22,Ti,16,1044.0,MEASURED,CALIBRATION,Datasets/nuclear/ionisation_energies.json,1377.1093939327322,0.31907030070185083,1.8200703208300494e-12,0.033753661603203346,6.143403770333123e-14,21.801042815571627,1.2189097612442385e-09,0.0,True,True,COMPUTED
22,Ti,17,1131.0,MEASURED,CALIBRATION,Datasets/nuclear/ionisation_energies.json,1381.751548369356,0.22170782349191512,1.8196204013001907e-12,0.03377035553458375,6.14492278898894e-14,21.80643334368782,1.4663354262512187e-09,0.0,True,True,COMPUTED
22,Ti,18,1221.0,MEASURED,CALIBRATION,Datasets/nuclear/ionisation_energies.json,1454.5037131175911,0.19123973228303942,1.8196338215093457e-12,0.03376985740846859,6.144877468799739e-14,21.806272516331827,1.4319347237798855e-09,0.0,True,True,COMPUTED
22,Ti,19,1346.0,MEASURED,CALIBRATION,Datasets/nuclear/ionisation_energies.json,1625.843822748752,0.20790774349832988,1.8197458914807908e-12,0.03376569806904066,6.14449903341176e-14,21.80492956600581,1.6716626124621352e-09,0.0,True,True,COMPUTED
22,Ti,20,1425.4,MEASURED,CALIBRATION,Datasets/nuclear/ionisation_energies.json,1644.4713464892916,0.15369113686634733,1.8188163475471011e-12,0.033800220213359586,6.147639307475038e-14,21.81607342889771,1.598910262948795e-09,0.0,True,True,COMPUTED
22,Ti,21,6249.0,MEASURED,CALIBRATION,Datasets/nuclear/ionisation_energies.json,8622.3893731277,0.3798030681913427,1.8202345039068083e-12,0.03374757279423847,6.142849642317956e-14,21.799076386367954,1.4964029044900292e-09,0.0,True,True,COMPUTED
22,Ti,22,6625.82,MEASURED,CALIBRATION,Datasets/nuclear/ionisation_energies.json,8782.068216218244,0.3254311490831692,1.8036104996257772e-12,0.03437254728190107,6.199468717652024e-14,22.0,6.098992449649572e-10,0.0,True,True,COMPUTED
23,V,1,6.7462,MEASURED,CALIBRATION,Datasets/nuclear/ionisation_energies.json,63.3560217066585,8.391364280136743,1.7401556246825386e-12,0.03692504629975622,6.425532701018395e-14,22.80223126538233,9.407617625435592e-10,0.0,True,True,COMPUTED
23,V,2,14.66,MEASURED,CALIBRATION,Datasets/nuclear/ionisation_energies.json,66.89798347265321,3.5633003733051303,1.740115037462344e-12,0.03692676883238262,6.42568257301248e-14,22.80276311480686,9.356506833154138e-10,0.0,True,True,COMPUTED
23,V,3,29.311,MEASURED,CALIBRATION,Datasets/nuclear/ionisation_energies.json,262.2085352361943,7.945738297437627,1.7401368935651255e-12,0.03692584123847947,6.425601866500667e-14,22.802476712319688,1.0408784996974605e-09,0.0,True,True,COMPUTED
23,V,4,46.709,MEASURED,CALIBRATION,Datasets/nuclear/ionisation_energies.json,265.5706579759174,4.685642124128485,1.7401724637059985e-12,0.03692433168241169,6.42547052344798e-14,22.802010616386195,9.315980366009388e-10,0.0,True,True,COMPUTED
23,V,5,65.2817,MEASURED,CALIBRATION,Datasets/nuclear/ionisation_energies.json,286.48112392924276,3.38838332839437,1.7401610971965645e-12,0.03692481405399879,6.425512493798566e-14,22.802159556199413,9.220727047364124e-10,0.0,True,True,COMPUTED
23,V,6,128.13,MEASURED,CALIBRATION,Datasets/nuclear/ionisation_energies.json,309.6698681392343,1.4168412404529331,1.7401723166197001e-12,0.036924337924395256,6.425471066554354e-14,22.802012543702993,9.131429344601618e-10,0.0,True,True,COMPUTED
23,V,7,150.6,MEASURED,CALIBRATION,Datasets/nuclear/ionisation_energies.json,323.7205557426474,1.1495388827533026,1.740209109572945e-12,0.03692277657056769,6.425335213882839e-14,22.801530444524914,1.1187906802516357e-09,0.0,True,True,COMPUTED
23,V,8,173.4,MEASURED,CALIBRATION,Datasets/nuclear/ionisation_energies.json,351.00515603016277,1.0242511881785625,1.7401688028642891e-12,0.03692448704007063,6.425484040889767e-14,22.802058585612734,9.421058970818453e-10,0.0,True,True,COMPUTED
23,V,9,205.8,MEASURED,CALIBRATION,Datasets/nuclear/ionisation_energies.json,348.5300597031934,0.6935377050689668,1.7402151086636533e-12,0.03692252200122974,6.425313063650614e-14,22.801451840191035,1.3454226010698685e-09,0.0,True,True,COMPUTED
23,V,10,230.5,MEASURED,CALIBRATION,Datasets/nuclear/ionisation_energies.json,361.4517607654362,0.5681204371602437,1.7402128265668074e-12,0.03692261884090929,6.425321489738761e-14,22.80148174177579,1.1565123892167241e-09,0.0,True,True,COMPUTED
23,V,11,255.7,MEASURED,CALIBRATION,Datasets/nuclear/ionisation_energies.json,377.84247584155224,0.4776788261304351,1.7401854621561943e-12,0.03692378006615665,6.425422527897848e-14,22.801840295000453,1.2578020221740445e-09,0.0,True,True,COMPUTED
23,V,12,308.1,MEASURED,CALIBRATION,Datasets/nuclear/ionisation_energies.json,416.27269287434996,0.35109604957594914,1.7403105788416128e-12,0.036918471111576374,6.424960583013485e-14,22.800200995260603,1.420387663239636e-09,0.0,True,True,COMPUTED
23,V,13,336.277,MEASURED,CALIBRATION,Datasets/nuclear/ionisation_energies.json,438.46380299370855,0.3038768723216532,1.7400019238883752e-12,0.03693157003921626,6.426100292045457e-14,22.804245470657662,1.3187224131031302e-09,0.0,True,True,COMPUTED
23,V,14,896.0,MEASURED,CALIBRATION,Datasets/nuclear/ionisation_energies.json,1394.7507959826232,0.5566415133734635,1.7401648764707676e-12,0.03692465366822435,6.42549853892915e-14,22.802110034677312,1.3504315263602041e-09,0.0,True,True,COMPUTED
23,V,15,976.0,MEASURED,CALIBRATION,Datasets/nuclear/ionisation_energies.json,1404.6012082785146,0.43914058225257646,1.7401597404774879e-12,0.03692487163103379,6.425517503462432e-14,22.80217733394943,1.4751194139745803e-09,0.0,True,True,COMPUTED
23,V,16,1060.0,MEASURED,CALIBRATION,Datasets/nuclear/ionisation_energies.json,1465.4101390075036,0.3824623952900978,1.7400560367757837e-12,0.03692927305248193,6.425900450871245e-14,22.803536296044022,1.5515419251560735e-09,0.0,True,True,COMPUTED
23,V,17,1168.0,MEASURED,CALIBRATION,Datasets/nuclear/ionisation_energies.json,1520.6845080397286,0.30195591441757585,1.7402424950672876e-12,0.03692135990211184,6.425211947732841e-14,22.801093011024804,1.1777032896918944e-09,0.0,True,True,COMPUTED
23,V,18,1260.0,MEASURED,CALIBRATION,Datasets/nuclear/ionisation_energies.json,1525.4889651587134,0.2107055279037408,1.7398287078056536e-12,0.036938924165872127,6.426740069924034e-14,22.80651584477675,1.426098703921569e-09,0.0,True,True,COMPUTED
23,V,19,1355.0,MEASURED,CALIBRATION,Datasets/nuclear/ionisation_energies.json,1601.9614643451443,0.18225938328054933,1.7398412359125167e-12,0.03693839219420291,6.426693792778325e-14,22.806351621477646,1.386119139714541e-09,0.0,True,True,COMPUTED
23,V,20,1486.0,MEASURED,CALIBRATION,Datasets/nuclear/ionisation_energies.json,1789.1041032261437,0.20397315156537263,1.7399434650900575e-12,0.03693405174223309,6.426316196819652e-14,22.805011650026994,1.6318108063438946e-09,0.0,True,True,COMPUTED
23,V,21,1569.6,MEASURED,CALIBRATION,Datasets/nuclear/ionisation_energies.json,1808.6753529751218,0.15231610153868622,1.7390940751741215e-12,0.03697013842966269,6.429454870139348e-14,22.816149832374258,1.558924249263422e-09,0.0,True,True,COMPUTED
23,V,22,6851.3,MEASURED,CALIBRATION,Datasets/nuclear/ionisation_energies.json,9431.6188460078,0.3766174077923604,1.7403964230538854e-12,0.03691482922991267,6.424643674938502e-14,22.799076386367958,1.4578594159279756e-09,0.0,True,True,COMPUTED
23,V,23,7246.12,MEASURED,CALIBRATION,Datasets/nuclear/ionisation_energies.json,9598.589225600606,0.3246522588089359,1.7251926518159607e-12,0.03756834196720178,6.481262750272569e-14,23.0,6.098991261605661e-10,0.0,True,True,COMPUTED
25,Mn,1,7.43402,MEASURED,CALIBRATION,Datasets/nuclear/ionisation_energies.json,72.57287316918291,8.762264988415811,1.5998258258604426e-12,0.04368695962140564,6.989152625564708e-14,24.802344324217984,9.961717038698586e-10,0.0,True,True,COMPUTED
25,Mn,2,15.63999,MEASURED,CALIBRATION,Datasets/nuclear/ionisation_energies.json,78.20153167014183,4.000101129869126,1.599790563206251e-12,0.043688885542414714,6.989306680775307e-14,24.802891018586084,1.0497886722931368e-09,0.0,True,True,COMPUTED
25,Mn,3,33.668,MEASURED,CALIBRATION,Datasets/nuclear/ionisation_energies.json,312.4639103836465,8.28073869501148,1.5998094760923545e-12,0.04368785257187108,6.98922405346051e-14,24.802597799762292,9.310386650012061e-10,0.0,True,True,COMPUTED
25,Mn,4,51.2,MEASURED,CALIBRATION,Datasets/nuclear/ionisation_energies.json,330.0443022855276,5.44617777901421,1.5998199145812558e-12,0.04368728246560816,6.989178450241644e-14,24.80243596802142,1.0240212153488062e-09,0.0,True,True,COMPUTED
25,Mn,5,72.4,MEASURED,CALIBRATION,Datasets/nuclear/ionisation_energies.json,348.6458552996614,3.815550487564383,1.5998092568532045e-12,0.04368786454590898,6.98922501126941e-14,24.802601198730287,9.533975670861595e-10,0.0,True,True,COMPUTED
25,Mn,6,95.6,MEASURED,CALIBRATION,Datasets/nuclear/ionisation_energies.json,352.2914365071596,2.6850568672297026,1.5998418288167846e-12,0.04368608563874267,6.989082714213274e-14,24.802096230421302,1.0120176574067322e-09,0.0,True,True,COMPUTED
25,Mn,7,119.203,MEASURED,CALIBRATION,Datasets/nuclear/ionisation_energies.json,376.6532670283651,2.1597633199530644,1.599830538867436e-12,0.04368670222334012,6.989132035930743e-14,24.802271257965394,9.970988538138685e-10,0.0,True,True,COMPUTED
25,Mn,8,194.5,MEASURED,CALIBRATION,Datasets/nuclear/ionisation_energies.json,403.60004177901635,1.0750644821543258,1.5998403976838537e-12,0.04368616379731879,6.989088966278446e-14,24.802118417069874,1.0578946865855496e-09,0.0,True,True,COMPUTED
25,Mn,9,221.8,MEASURED,CALIBRATION,Datasets/nuclear/ionisation_energies.json,419.97003826452243,0.8934627514180451,1.5998734091921983e-12,0.043684360990579256,6.988944754638071e-14,24.80160665449267,1.03657243478588e-09,0.0,True,True,COMPUTED
25,Mn,10,248.3,MEASURED,CALIBRATION,Datasets/nuclear/ionisation_energies.json,451.60097399215783,0.8187715424573412,1.5998366468486859e-12,0.043686368642972144,6.989105352276812e-14,24.80217656591787,9.358913894542543e-10,0.0,True,True,COMPUTED
25,Mn,11,286.0,MEASURED,CALIBRATION,Datasets/nuclear/ionisation_energies.json,447.3391192558281,0.5641227946007976,1.5998777965359615e-12,0.04368412139972255,6.988925588859756e-14,24.801538641064077,1.3702756958543877e-09,0.0,True,True,COMPUTED
25,Mn,12,314.4,MEASURED,CALIBRATION,Datasets/nuclear/ionisation_energies.json,462.05911924578396,0.4696536871685242,1.5998755967619027e-12,0.043684241528141654,6.988935198392672e-14,24.801572742328844,1.4356820859321985e-09,0.0,True,True,COMPUTED
25,Mn,13,343.6,MEASURED,CALIBRATION,Datasets/nuclear/ionisation_energies.json,480.79701219338284,0.3992928177921502,1.5998519362063695e-12,0.04368553364904637,6.989038559263535e-14,24.801939538140317,1.2163583782777932e-09,0.0,True,True,COMPUTED
25,Mn,14,403.0,MEASURED,CALIBRATION,Datasets/nuclear/ionisation_energies.json,527.6325927342023,0.30926201671017933,1.5999621471803711e-12,0.0436795154324309,6.98855712990703e-14,24.800231094025907,1.3970969395340778e-09,0.0,True,True,COMPUTED
25,Mn,15,435.163,MEASURED,CALIBRATION,Datasets/nuclear/ionisation_energies.json,553.4372581596019,0.27179300206957374,1.5996889005110306e-12,0.0436944387108927,6.989750861987456e-14,24.804467280538894,1.3042724617775324e-09,0.0,True,True,COMPUTED
25,Mn,16,1134.7,MEASURED,CALIBRATION,Datasets/nuclear/ionisation_energies.json,1690.690517673485,0.48998899944785834,1.5998333192651667e-12,0.04368655037464351,6.989119889311083e-14,24.802228153363252,1.3365131314822854e-09,0.0,True,True,COMPUTED
25,Mn,17,1224.0,MEASURED,CALIBRATION,Datasets/nuclear/ionisation_energies.json,1701.5394274263062,0.39014659103456395,1.5998300754062217e-12,0.04368672753489703,6.989134060640538e-14,24.802278443035192,1.1923652743807896e-09,0.0,True,True,COMPUTED
25,Mn,18,1317.0,MEASURED,CALIBRATION,Datasets/nuclear/ionisation_energies.json,1768.5386725802875,0.3428539655127468,1.5997416308445722e-12,0.04369155826531278,6.989520467349211e-14,24.80364968111671,1.3828322887659842e-09,0.0,True,True,COMPUTED
25,Mn,19,1437.0,MEASURED,CALIBRATION,Datasets/nuclear/ionisation_energies.json,1829.172785846318,0.27291077651100765,1.5999007540625004e-12,0.04368286773173284,6.988825302361184e-14,24.801182755250462,1.5544414889877146e-09,0.0,True,True,COMPUTED
25,Mn,20,1539.0,MEASURED,CALIBRATION,Datasets/nuclear/ionisation_energies.json,1834.2974329591736,0.19187617476229607,1.5995473638156852e-12,0.04370217169862823,6.990369353356123e-14,24.806662115407878,1.3571452627271448e-09,0.0,True,True,COMPUTED
25,Mn,21,1644.0,MEASURED,CALIBRATION,Datasets/nuclear/ionisation_energies.json,1918.214833681549,0.16679734408853342,1.5995583474376327e-12,0.04370157152485531,6.990321352872507e-14,24.80649177651471,1.3087318183516401e-09,0.0,True,True,COMPUTED
25,Mn,22,1788.0,MEASURED,CALIBRATION,Datasets/nuclear/ionisation_energies.json,2139.0691602346888,0.19634740505295792,1.599644401781238e-12,0.043696869718763305,6.989945302098383e-14,24.80515728844686,1.5603779029756314e-09,0.0,True,True,COMPUTED
25,Mn,23,1879.9,MEASURED,CALIBRATION,Datasets/nuclear/ionisation_energies.json,2160.5291781395367,0.14927877979655121,1.5989271575694752e-12,0.04373608145677266,6.993080840690453e-14,24.81628434661382,1.4878695302790884e-09,0.0,True,True,COMPUTED
25,Mn,24,8140.6,MEASURED,CALIBRATION,Datasets/nuclear/ionisation_energies.json,11158.94363518962,0.37077655641962753,1.6000366454606699e-12,0.043675448059301174,6.988231740179597e-14,24.799076386367958,1.3900225253966435e-09,0.0,True,True,COMPUTED
25,Mn,25,8571.94,MEASURED,CALIBRATION,Datasets/nuclear/ionisation_energies.json,11340.497015651337,0.32297904740949385,1.5871772396706838e-12,0.04438603729584332,7.044850815513662e-14,25.0,6.098990103728767e-10,0.0,True,True,COMPUTED
27,Co,1,7.881,MEASURED,CALIBRATION,Datasets/nuclear/ionisation_energies.json,83.25598146118104,9.564139254051648,1.480441447294793e-12,0.05101698123533895,7.552765353665649e-14,26.802431845091355,1.2860899584232632e-08,0.0,False,False,COMPUTED
27,Co,2,17.083,MEASURED,CALIBRATION,Datasets/nuclear/ionisation_energies.json,88.6556392702776,4.189699658741299,1.4804114048103444e-12,0.05101905186572177,7.552918624462499e-14,26.802975755817304,1.4191674908704113e-08,0.0,False,False,COMPUTED
27,Co,3,33.5,MEASURED,CALIBRATION,Datasets/nuclear/ionisation_energies.json,377.59597073410686,10.271521514450951,1.4804277507468699e-12,0.05101792523245112,7.552835229964959e-14,26.802679814498873,9.29304871721126e-09,0.0,False,False,COMPUTED
27,Co,4,51.3,MEASURED,CALIBRATION,Datasets/nuclear/ionisation_energies.json,410.0349768345529,6.992884538685241,1.4804159716019432e-12,0.051018737098760966,7.552895325196633e-14,26.802893073917858,9.949761081753995e-10,0.0,True,True,COMPUTED
27,Co,5,79.5,MEASURED,CALIBRATION,Datasets/nuclear/ionisation_energies.json,405.1729460193037,4.096515044267971,1.4804272959170905e-12,0.05101795658079942,7.552837550412842e-14,26.802688049051817,1.1086998870221043e-09,0.0,True,True,COMPUTED
27,Co,6,102.0,MEASURED,CALIBRATION,Datasets/nuclear/ionisation_energies.json,425.50214488208513,3.171589655706717,1.4804364873217915e-12,0.05101732308488886,7.552790658035382e-14,26.80252164248521,1.0901678530275502e-09,0.0,True,True,COMPUTED
27,Co,7,128.9,MEASURED,CALIBRATION,Datasets/nuclear/ionisation_energies.json,447.2011177587082,2.4693647615105365,1.4804260377116846e-12,0.05101804330056036,7.552843969525173e-14,26.802710828499176,1.0922994727514508e-09,0.0,True,True,COMPUTED
27,Co,8,157.8,MEASURED,CALIBRATION,Datasets/nuclear/ionisation_energies.json,450.98558500569266,1.8579568124568608,1.480455781764523e-12,0.051015993299269737,7.552692224236405e-14,26.80217233133032,1.092370924760556e-09,0.0,True,True,COMPUTED
27,Co,9,186.13,MEASURED,CALIBRATION,Datasets/nuclear/ionisation_energies.json,478.92960284602606,1.5730919402891854,1.4804449042501714e-12,0.05101674297828359,7.552747717364066e-14,26.802369259303358,1.117167533893626e-09,0.0,True,True,COMPUTED
27,Co,10,275.4,MEASURED,CALIBRATION,Datasets/nuclear/ionisation_energies.json,509.95988623690056,0.8517061954862041,1.4804536463712436e-12,0.051016140469413246,7.552703118173041e-14,26.802210990547252,1.1504743857755367e-09,0.0,True,True,COMPUTED
27,Co,11,305.0,MEASURED,CALIBRATION,Datasets/nuclear/ionisation_energies.json,528.7052368295286,0.7334597928837004,1.480483311037598e-12,0.05101409605376528,7.552551783526848e-14,26.801673950622067,1.0529970085675336e-09,0.0,True,True,COMPUTED
27,Co,12,336.0,MEASURED,CALIBRATION,Datasets/nuclear/ionisation_energies.json,564.7243116678502,0.6807271180590779,1.4804498362083996e-12,0.05101640306534625,7.552722556203355e-14,26.802279970114107,9.939679891221732e-10,0.0,True,True,COMPUTED
27,Co,13,379.0,MEASURED,CALIBRATION,Datasets/nuclear/ionisation_energies.json,558.5188917125239,0.47366462193278075,1.4804865153242063e-12,0.05101387522958858,7.552535437183744e-14,26.801615942498366,1.150258575341386e-09,0.0,True,True,COMPUTED
27,Co,14,411.0,MEASURED,CALIBRATION,Datasets/nuclear/ionisation_energies.json,575.0503363091461,0.3991492367619127,1.4804844741412883e-12,0.05101401589803096,7.552545850063168e-14,26.80165289459181,1.476989165935363e-09,0.0,True,True,COMPUTED
27,Co,15,444.0,MEASURED,CALIBRATION,Datasets/nuclear/ionisation_energies.json,596.1762210725526,0.34273923664989325,1.4804639012049693e-12,0.05101543371766403,7.552650802331642e-14,26.80202533778195,1.2519067557001068e-09,0.0,True,True,COMPUTED
27,Co,16,511.96,MEASURED,CALIBRATION,Datasets/nuclear/ionisation_energies.json,652.2235966437529,0.27397374139337627,1.4805615035659487e-12,0.051008707806388304,7.552152912478241e-14,26.800258480447283,1.4683250851682218e-09,0.0,True,True,COMPUTED
27,Co,17,546.58,MEASURED,CALIBRATION,Datasets/nuclear/ionisation_energies.json,681.6994015647547,0.24720882865226432,1.4803183789684254e-12,0.051025464323268106,7.553393263313146e-14,26.80466010252342,1.3868458550549795e-09,0.0,True,True,COMPUTED
27,Co,18,1397.2,MEASURED,CALIBRATION,Datasets/nuclear/ionisation_energies.json,2015.0925114666336,0.4422362664376135,1.4804470083883117e-12,0.05101659795965365,7.552736982751849e-14,26.802331165479607,1.4252773942925847e-09,0.0,True,True,COMPUTED
27,Co,19,1504.6,MEASURED,CALIBRATION,Datasets/nuclear/ionisation_energies.json,2026.9207650873984,0.3471492523510558,1.4804450664569063e-12,0.05101673179886325,7.552746889838227e-14,26.802366322669705,1.3746749306320032e-09,0.0,True,True,COMPUTED
27,Co,20,1603.0,MEASURED,CALIBRATION,Datasets/nuclear/ionisation_energies.json,2100.1200526118314,0.31011856058130466,1.4803687963319994e-12,0.05102198880340397,7.553136015135989e-14,26.803747208184376,1.2691969443582227e-09,0.0,True,True,COMPUTED
27,Co,21,1735.0,MEASURED,CALIBRATION,Datasets/nuclear/ionisation_energies.json,2166.1123762419647,0.24847975575905748,1.480506143796537e-12,0.0510125225600237,7.552435306067453e-14,26.801260608088477,1.4665039793685804e-09,0.0,True,True,COMPUTED
27,Co,22,1846.0,MEASURED,CALIBRATION,Datasets/nuclear/ionisation_energies.json,2171.5524455192667,0.1763556042899603,1.4802008843883315e-12,0.05103356518783382,7.55399283245212e-14,26.80678778824265,1.2998833341298709e-09,0.0,True,True,COMPUTED
27,Co,23,1962.0,MEASURED,CALIBRATION,Datasets/nuclear/ionisation_energies.json,2262.919359163496,0.15337378142889715,1.4802105853027306e-12,0.05103289626865435,7.553943325551839e-14,26.806612103541955,1.2457936217842219e-09,0.0,True,True,COMPUTED
27,Co,24,2119.0,MEASURED,CALIBRATION,Datasets/nuclear/ionisation_energies.json,2520.2949038885604,0.18937937889974535,1.4802840055694369e-12,0.051027834056374545,7.553568659250264e-14,26.80528252853964,1.4982077672534474e-09,0.0,True,True,COMPUTED
27,Co,25,2219.0,MEASURED,CALIBRATION,Datasets/nuclear/ionisation_energies.json,2543.6451394494475,0.146302451306646,1.4796703700633097e-12,0.051070166435569005,7.55670120689132e-14,26.816398972745098,1.4266596134125428e-09,0.0,True,True,COMPUTED
27,Co,26,9544.1,MEASURED,CALIBRATION,Datasets/nuclear/ionisation_energies.json,13031.428208521393,0.36539099637696504,1.4806268104057147e-12,0.05100420816607645,7.551819805420689e-14,26.799076386367958,1.3322353796947292e-09,0.0,True,True,COMPUTED
27,Co,27,10012.12,MEASURED,CALIBRATION,Datasets/nuclear/ionisation_energies.json,13227.564591848495,0.32115521905934946,1.4696085552506332e-12,0.05177187390187166,7.608438880754756e-14,27.0,6.09899134273891e-10,0.0,True,True,COMPUTED
28,Ni,1,7.6398,MEASURED,CALIBRATION,Datasets/nuclear/ionisation_energies.json,88.12937917207546,10.535561031974066,1.4271753450594896e-12,0.05489623486109181,7.834655293034549e-14,27.80277218852398,5.8826669162943515e-08,0.0,False,False,COMPUTED
28,Ni,2,18.16884,MEASURED,CALIBRATION,Datasets/nuclear/ionisation_energies.json,93.45024057952476,4.143434615502407,1.427147438554492e-12,0.054898381768957304,7.834808492235404e-14,27.803315845177853,6.675762328077075e-08,0.0,False,False,COMPUTED
28,Ni,3,35.19,MEASURED,CALIBRATION,Datasets/nuclear/ionisation_energies.json,412.004774373292,10.708007228567547,1.4271624940989684e-12,0.0548972234976712,7.834725840604492e-14,27.803022540063665,5.998964536470083e-08,0.0,False,False,COMPUTED
28,Ni,4,54.9,MEASURED,CALIBRATION,Datasets/nuclear/ionisation_energies.json,426.65985972171785,6.771582144293586,1.427178511540687e-12,0.05489599126479149,7.834637910283567e-14,27.802710502508774,2.2042895345161806e-09,0.0,False,False,COMPUTED
28,Ni,5,76.06,MEASURED,CALIBRATION,Datasets/nuclear/ionisation_energies.json,460.69963797294093,5.057055455863015,1.427166623178752e-12,0.05489690584073592,7.834703173168499e-14,27.802942100333343,1.0166151837201817e-09,0.0,True,True,COMPUTED
28,Ni,6,108.0,MEASURED,CALIBRATION,Datasets/nuclear/ionisation_energies.json,456.07153040987146,3.222884540832143,1.4271775172041087e-12,0.054896067758585,7.834643368796585e-14,27.802729873085802,1.077088187999787e-09,0.0,True,True,COMPUTED
28,Ni,7,133.0,MEASURED,CALIBRATION,Datasets/nuclear/ionisation_energies.json,477.7973382018328,2.592461189487465,1.4271861843933652e-12,0.05489540100162058,7.83459578962466e-14,27.802561029297728,1.1486037085019674e-09,0.0,True,True,COMPUTED
28,Ni,8,162.0,MEASURED,CALIBRATION,Datasets/nuclear/ionisation_energies.json,501.0240856603237,2.092741269508171,1.4271759337831292e-12,0.05489618957066372,7.834652061164768e-14,27.80276071961616,1.1027241962752572e-09,0.0,True,True,COMPUTED
28,Ni,9,193.0,MEASURED,CALIBRATION,Datasets/nuclear/ionisation_energies.json,504.8363670818211,1.6157324719265342,1.427204348353934e-12,0.05489400370829645,7.834496079103767e-14,27.802207187451025,9.993837811801057e-10,0.0,True,True,COMPUTED
28,Ni,10,224.6,MEASURED,CALIBRATION,Datasets/nuclear/ionisation_energies.json,534.608664598351,1.3802701006159883,1.4271937408227153e-12,0.05489481970405837,7.834554308522356e-14,27.802413825675572,1.1215513428565703e-09,0.0,True,True,COMPUTED
28,Ni,11,321.0,MEASURED,CALIBRATION,Datasets/nuclear/ionisation_energies.json,567.8023833998506,0.7688547769465749,1.4272019957555088e-12,0.054894184682893594,7.834508993479723e-14,27.802253016583155,9.67776114679531e-10,0.0,True,True,COMPUTED
28,Ni,12,352.0,MEASURED,CALIBRATION,Datasets/nuclear/ionisation_energies.json,587.7536584961354,0.6697547116367482,1.4272301444705967e-12,0.05489201939016502,7.834354476450801e-14,27.80170468336444,1.271413327084534e-09,0.0,True,True,COMPUTED
28,Ni,13,384.0,MEASURED,CALIBRATION,Datasets/nuclear/ionisation_energies.json,625.9785648102792,0.6301525125267687,1.4271981983884625e-12,0.05489447679879663,7.834529838871981e-14,27.802326990442946,1.2186951613957555e-09,0.0,True,True,COMPUTED
28,Ni,14,430.0,MEASURED,CALIBRATION,Datasets/nuclear/ionisation_energies.json,618.7518062803856,0.43895768902415255,1.4272328766139794e-12,0.054891809231435565,7.834339479192757e-14,27.801651462726994,1.097937751311274e-09,0.0,True,True,COMPUTED
28,Ni,15,464.0,MEASURED,CALIBRATION,Datasets/nuclear/ionisation_energies.json,636.1933436081041,0.371106343982983,1.4272309263183218e-12,0.05489195924966787,7.834350184733104e-14,27.801689453383673,1.3225749887808743e-09,0.0,True,True,COMPUTED
28,Ni,16,499.0,MEASURED,CALIBRATION,Datasets/nuclear/ionisation_energies.json,658.5266673541511,0.31969272014859934,1.4272116990093695e-12,0.054893438261883816,7.834455728620913e-14,27.802063996048147,1.5007645469864812e-09,0.0,True,True,COMPUTED
28,Ni,17,571.08,MEASURED,CALIBRATION,Datasets/nuclear/ionisation_energies.json,719.4817619344146,0.25986159896059147,1.4273037362996023e-12,0.05488635906733261,7.833950536868538e-14,27.80027122652895,1.3229204703870776e-09,0.0,True,True,COMPUTED
28,Ni,18,607.06,MEASURED,CALIBRATION,Datasets/nuclear/ionisation_energies.json,750.8108962528528,0.23679849809385045,1.4270739638100378e-12,0.054904034942531245,7.835211877460288e-14,27.8047473347702,1.2587625068474963e-09,0.0,True,True,COMPUTED
28,Ni,19,1541.0,MEASURED,CALIBRATION,Datasets/nuclear/ionisation_energies.json,2187.964783298734,0.41983438241319526,1.4271955871009493e-12,0.05489467767580922,7.834544173424391e-14,27.80237785934274,1.292554174287639e-09,0.0,True,True,COMPUTED
28,Ni,20,1648.0,MEASURED,CALIBRATION,Datasets/nuclear/ionisation_energies.json,2200.2770582578555,0.33511957418559196,1.4271941390330844e-12,0.0548947890709682,7.834552122554324e-14,27.802406068350084,1.2831804394796302e-09,0.0,True,True,COMPUTED
28,Ni,21,1756.0,MEASURED,CALIBRATION,Datasets/nuclear/ionisation_energies.json,2276.5793116381997,0.2964574667643506,1.4271230479674646e-12,0.054900258292782514,7.834942394899685e-14,27.803791024382438,1.225332404575056e-09,0.0,True,True,COMPUTED
28,Ni,22,1894.0,MEASURED,CALIBRATION,Datasets/nuclear/ionisation_energies.json,2345.250252866419,0.2382525094331674,1.4272511362578801e-12,0.054890404715506116,7.8342392499861e-14,27.80129578022469,1.429483668533518e-09,0.0,True,True,COMPUTED
28,Ni,23,2011.0,MEASURED,CALIBRATION,Datasets/nuclear/ionisation_energies.json,2350.8465675582206,0.1689938177813131,1.4269663501737518e-12,0.054912316351039506,7.835802764302928e-14,27.806844209700955,1.2746639246927632e-09,0.0,True,True,COMPUTED
28,Ni,24,2131.0,MEASURED,CALIBRATION,Datasets/nuclear/ionisation_energies.json,2445.939607842779,0.14778958603602954,1.4269754903583917e-12,0.05491161289522484,7.835752573753366e-14,27.806666098940084,1.2185104099205654e-09,0.0,True,True,COMPUTED
28,Ni,25,2295.0,MEASURED,CALIBRATION,Datasets/nuclear/ionisation_energies.json,2722.6293809164654,0.18633088493092173,1.4270436081579908e-12,0.05490637077235084,7.8353785457836e-14,27.80533878918023,1.4700559909018797e-09,0.0,True,True,COMPUTED
28,Ni,26,2399.2,MEASURED,CALIBRATION,Datasets/nuclear/ionisation_energies.json,2746.9251634882726,0.14493379605213103,1.4264735711988629e-12,0.05495026210680677,7.83850966258102e-14,27.81645015576348,1.3991322688947133e-09,0.0,True,True,COMPUTED
28,Ni,27,10288.8,MEASURED,CALIBRATION,Datasets/nuclear/ionisation_energies.json,14022.098940265163,0.36285076396325755,1.4273650836552613e-12,0.05488164119848415,7.833613838041235e-14,27.799076386367958,1.3064379936179307e-09,0.0,True,True,COMPUTED
28,Ni,28,10775.4,MEASURED,CALIBRATION,Datasets/nuclear/ionisation_energies.json,14225.52673171621,0.3201854902570866,1.4171225354202534e-12,0.055677845183905846,7.8902329133753e-14,28.0,6.098988022057515e-10,0.0,True,True,COMPUTED
30,Zn,1,9.3942,MEASURED,CALIBRATION,Datasets/nuclear/ionisation_energies.json,101.309185495927,9.784227022623215,1.3313993517034694e-12,0.06307838208787303,8.39825170182979e-14,29.802801797221047,6.613658866675322e-07,0.0,False,False,COMPUTED
30,Zn,2,17.9644,MEASURED,CALIBRATION,Datasets/nuclear/ionisation_energies.json,106.89497561976604,4.950378282590347,1.33137478840631e-12,0.06308070964785095,8.398406645992744e-14,29.80335164620655,5.118844455293732e-07,0.0,False,False,COMPUTED
30,Zn,3,39.723,MEASURED,CALIBRATION,Datasets/nuclear/ionisation_energies.json,473.97965690346393,10.93212136302555,1.3313882437723561e-12,0.06307943463321307,8.398321769446669e-14,29.80305044555552,4.6049894979663356e-07,0.0,False,False,COMPUTED
30,Zn,4,59.4,MEASURED,CALIBRATION,Datasets/nuclear/ionisation_energies.json,502.6591734454996,7.4622756472306335,1.3313870103793425e-12,0.0630795515064729,8.39832954962727e-14,29.803078055013863,4.8725301827872726e-08,0.0,False,False,COMPUTED
30,Zn,5,82.6,MEASURED,CALIBRATION,Datasets/nuclear/ionisation_energies.json,517.9370656296969,5.270424523361949,1.33138578044246e-12,0.06307966805256182,8.398337308021133e-14,29.80310558715778,2.88006969461121e-09,0.0,False,False,COMPUTED
30,Zn,6,108.0,MEASURED,CALIBRATION,Datasets/nuclear/ionisation_energies.json,534.1106529562842,3.945469008854483,1.331400814731883e-12,0.06307824345882379,8.398242473293407e-14,29.80276904799531,1.0395053070486831e-09,0.0,True,True,COMPUTED
30,Zn,7,134.0,MEASURED,CALIBRATION,Datasets/nuclear/ionisation_energies.json,571.5591916761009,3.2653671020604547,1.3313890404254415e-12,0.06307935914451716,8.39831674420705e-14,29.803032612531986,1.0717689376121413e-09,0.0,True,True,COMPUTED
30,Zn,8,174.0,MEASURED,CALIBRATION,Datasets/nuclear/ionisation_energies.json,566.9189614015002,2.258154950583334,1.3313991081946025e-12,0.06307840516156549,8.39825323784461e-14,29.80280724806329,1.0620888781030354e-09,0.0,True,True,COMPUTED
30,Zn,9,203.0,MEASURED,CALIBRATION,Datasets/nuclear/ionisation_energies.json,591.4930644981142,1.9137589384143558,1.331406870598664e-12,0.06307766964088901,8.398204274123238e-14,29.8026334909368,1.112620962348747e-09,0.0,True,True,COMPUTED
30,Zn,10,238.0,MEASURED,CALIBRATION,Datasets/nuclear/ionisation_energies.json,617.7614228815867,1.595636230594902,1.3313971144988455e-12,0.06307859407476277,8.398265813778313e-14,29.80285187616839,1.087402456681048e-09,0.0,True,True,COMPUTED
30,Zn,11,274.0,MEASURED,CALIBRATION,Datasets/nuclear/ionisation_energies.json,621.5624067539467,1.2684759370581995,1.3314230541782288e-12,0.06307613621951991,8.398102193115519e-14,29.802271236964383,1.2006511941375304e-09,0.0,True,True,COMPUTED
30,Zn,12,310.8,MEASURED,CALIBRATION,Datasets/nuclear/ionisation_energies.json,655.0507948409434,1.1076280400287752,1.3314130452100923e-12,0.06307708457947907,8.398165326293879e-14,29.80249527711802,1.2580534297256705e-09,0.0,True,True,COMPUTED
30,Zn,13,419.7,MEASURED,CALIBRATION,Datasets/nuclear/ionisation_energies.json,692.8164454853762,0.6507420669177418,1.331420440703271e-12,0.06307638384687965,8.398118677938118e-14,29.802329736509066,1.2446621657755223e-09,0.0,True,True,COMPUTED
30,Zn,14,454.0,MEASURED,CALIBRATION,Datasets/nuclear/ionisation_energies.json,715.2113901169388,0.5753554848390722,1.331445847159506e-12,0.06307397664106006,8.39795842625751e-14,29.80176105278245,1.0506851046575772e-09,0.0,True,True,COMPUTED
30,Zn,15,490.0,MEASURED,CALIBRATION,Datasets/nuclear/ionisation_energies.json,757.866058249397,0.5466654249987695,1.331416722965758e-12,0.0630767361058858,8.398142128147437e-14,29.802412954060205,1.033585360925919e-09,0.0,True,True,COMPUTED
30,Zn,16,542.0,MEASURED,CALIBRATION,Datasets/nuclear/ionisation_energies.json,748.5121342235363,0.38101869782940284,1.3314478158259588e-12,0.06307379011999842,8.397946009113683e-14,29.801716988173588,1.3508371906439307e-09,0.0,True,True,COMPUTED
30,Zn,17,579.0,MEASURED,CALIBRATION,Datasets/nuclear/ionisation_energies.json,767.7816990483434,0.326047839461733,1.3314460523530482e-12,0.06307395719998446,8.397957132020443e-14,29.801756459934765,1.4680339801142e-09,0.0,True,True,COMPUTED
30,Zn,18,619.0,MEASURED,CALIBRATION,Datasets/nuclear/ionisation_energies.json,792.5536802770386,0.2803775125638749,1.331429180477896e-12,0.06307555575691778,8.398063550962089e-14,29.80213410789508,1.2452146191015665e-09,0.0,True,True,COMPUTED
30,Zn,19,698.0,MEASURED,CALIBRATION,Datasets/nuclear/ionisation_energies.json,863.9270429864665,0.23771782662817553,1.3315113497327938e-12,0.0630677710519672,8.397545295804367e-14,29.80029498038445,1.4908081830429387e-09,0.0,True,True,COMPUTED
30,Zn,20,738.0,MEASURED,CALIBRATION,Datasets/nuclear/ionisation_energies.json,898.9925271111379,0.21814705570614887,1.3313053495185888e-12,0.06308729020962808,8.398844694270956e-14,29.804906144270742,1.0817684442019186e-09,0.0,True,True,COMPUTED
30,Zn,21,1856.0,MEASURED,CALIBRATION,Datasets/nuclear/ionisation_energies.json,2555.055107858022,0.3766460710441929,1.3314144870972105e-12,0.06307694795788249,8.398156231300156e-14,29.802463001793956,1.4940430542342843e-09,0.0,True,True,COMPUTED
2,He,1,24.58738,MEASURED,HOLDOUT,Datasets/nuclear/ionisation_energies.json,58.72141067487819,1.3882744186195597,2.205544560846403e-11,0.00022986113900512202,5.069689848827058e-15,1.7990763685381927,1.4465615177936156e-09,0.0,True,True,COMPUTED
2,He,2,54.41776,MEASURED,HOLDOUT,Datasets/nuclear/ionisation_energies.json,72.57002513599404,0.3335724428200286,1.983971549588355e-11,0.0002840706386933973,5.635880652410931e-15,2.0,6.098994352431252e-10,0.0,True,True,COMPUTED
10,Ne,1,21.5646,MEASURED,HOLDOUT,Datasets/nuclear/ionisation_energies.json,166.6992327461726,6.730226053169203,4.04865209275317e-12,0.006821443875961447,2.7617653024009606e-14,9.800652188117315,2.20055626442194e-09,0.0,False,False,COMPUTED
10,Ne,2,40.96328,MEASURED,HOLDOUT,Datasets/nuclear/ionisation_energies.json,167.59045629557212,3.091236255875314,4.048553788987416e-12,0.006821775145741722,2.7618323613912833e-14,9.800890159765252,1.0400593422730644e-09,0.0,True,True,COMPUTED
10,Ne,3,63.45,MEASURED,HOLDOUT,Datasets/nuclear/ionisation_energies.json,188.79454829627423,1.9754853947403344,4.048149403661119e-12,0.006823138120907932,2.7621082515250894e-14,9.801869208651562,1.0555455654617522e-09,0.0,True,True,COMPUTED
10,Ne,4,97.12,MEASURED,HOLDOUT,Datasets/nuclear/ionisation_energies.json,209.0600145753272,1.152594878246779,4.048968207537152e-12,0.0068203787774128105,2.7615496833105583e-14,9.799887022551538,1.3120883254771228e-09,0.0,True,True,COMPUTED
10,Ne,5,126.21,MEASURED,HOLDOUT,Datasets/nuclear/ionisation_energies.json,211.4516626120808,0.6753954727207101,4.047132120582429e-12,0.006826568666339336,2.7628025322903485e-14,9.804332996684272,1.2968292206838546e-09,0.0,True,True,COMPUTED
10,Ne,6,157.93,MEASURED,HOLDOUT,Datasets/nuclear/ionisation_energies.json,239.85172711150992,0.5187217571804591,4.0471706030006946e-12,0.006826438846449071,2.7627762622530653e-14,9.804239772434492,1.1463793282566305e-09,0.0,True,True,COMPUTED
10,Ne,7,207.2759,MEASURED,HOLDOUT,Datasets/nuclear/ionisation_energies.json,276.24562570794177,0.3327435833492546,4.0477428165381514e-12,0.00682450892906209,2.7623856994011548e-14,9.802853785484102,1.1202673458294346e-09,0.0,True,True,COMPUTED
10,Ne,8,239.0989,MEASURED,HOLDOUT,Datasets/nuclear/ionisation_energies.json,283.630109494514,0.18624598228814104,4.043155094973659e-12,0.0068400050992538835,2.765520146669415e-14,9.81397697087987,1.140535713535586e-09,0.0,True,True,COMPUTED
10,Ne,9,1195.8286,MEASURED,HOLDOUT,Datasets/nuclear/ionisation_energies.json,1742.2675024001087,0.4569542009616668,4.049303165217584e-12,0.006819250462898718,2.7613212483827257e-14,9.799076377536423,1.6770547203464613e-09,0.0,True,True,COMPUTED
10,Ne,10,1362.1995,MEASURED,HOLDOUT,Datasets/nuclear/ionisation_energies.json,1814.448101276977,0.3319988014068256,3.96794309917671e-12,0.007101765967334933,2.817940326205466e-14,10.0,6.09899380327923e-10,0.0,True,True,COMPUTED
11,Na,1,5.13908,MEASURED,HOLDOUT,Datasets/nuclear/ionisation_energies.json,28.749255365599204,4.594241647454253,3.673438624585528e-12,0.008286128263259545,3.0438583610527415e-14,10.80171333915892,1.1313989161093655e-09,0.0,True,True,COMPUTED
11,Na,2,47.2864,MEASURED,HOLDOUT,Datasets/nuclear/ionisation_energies.json,217.8801575871231,3.6076706534462994,3.673741845942943e-12,0.008284760487582277,3.0436071286845667e-14,10.80082179306819,1.201330443128999e-09,0.0,True,True,COMPUTED
11,Na,3,71.62,MEASURED,HOLDOUT,Datasets/nuclear/ionisation_energies.json,220.09456850878178,2.073088083060343,3.673666089571858e-12,0.008285102178876916,3.043669892317804e-14,10.801044521820295,1.2071705494874485e-09,0.0,True,True,COMPUTED
11,Na,4,98.91,MEASURED,HOLDOUT,Datasets/nuclear/ionisation_energies.json,244.27050611827377,1.469623962372599,3.673302358249979e-12,0.008286743045908703,3.043971277274805e-14,10.802114043960984,1.0865450456203332e-09,0.0,True,True,COMPUTED
11,Na,5,138.4,MEASURED,HOLDOUT,Datasets/nuclear/ionisation_energies.json,267.2677747564207,0.9311255401475482,3.674004816773619e-12,0.008283574548811696,3.043389279243753e-14,10.800048712677565,1.063535881347326e-09,0.0,True,True,COMPUTED
11,Na,6,172.18,MEASURED,HOLDOUT,Datasets/nuclear/ionisation_energies.json,269.89433542993584,0.5675126927049357,3.672437106355381e-12,0.008290648335272738,3.0446884582199074e-14,10.804659097660071,1.4390987662258117e-09,0.0,True,True,COMPUTED
11,Na,7,208.5,MEASURED,HOLDOUT,Datasets/nuclear/ionisation_energies.json,301.9451802587916,0.44817832258413237,3.672471308216807e-12,0.008290493913761273,3.044660102923434e-14,10.804558473469385,1.3864299063065912e-09,0.0,True,True,COMPUTED
11,Na,8,264.25,MEASURED,HOLDOUT,Datasets/nuclear/ionisation_energies.json,345.7401065357488,0.30838261697539754,3.672941820554719e-12,0.008288369986939164,3.0442700749259426e-14,10.803174384552154,1.0903919504778143e-09,0.0,True,True,COMPUTED
11,Na,9,299.864,MEASURED,HOLDOUT,Datasets/nuclear/ionisation_energies.json,354.05000661514464,0.18070194026340164,3.669154935154323e-12,0.008305487445840198,3.047412025076684e-14,10.814324195360857,1.57537011723383e-09,0.0,True,True,COMPUTED
11,Na,10,1465.121,MEASURED,HOLDOUT,Datasets/nuclear/ionisation_energies.json,2116.017805859328,0.4442614677281451,3.674335619507777e-12,0.008282083065158145,3.0431152810032724e-14,10.799076377536423,1.5800404835583053e-09,0.0,True,True,COMPUTED
11,Na,11,1648.702,MEASURED,HOLDOUT,Datasets/nuclear/ionisation_energies.json,2195.489996569343,0.3316475606685399,3.6072209992515544e-12,0.008593136820475267,3.099734358826012e-14,11.0,6.098992449649572e-10,0.0,True,True,COMPUTED
18,Ar,1,15.75962,MEASURED,HOLDOUT,Datasets/nuclear/ionisation_energies.json,129.17543340402312,7.196608382944711,2.228972495997573e-12,0.022505455565125666,5.0164041464560625e-14,17.801669183005615,8.704044487065348e-10,0.0,True,True,COMPUTED
18,Ar,2,27.62967,MEASURED,HOLDOUT,Datasets/nuclear/ionisation_energies.json,137.7396341252974,3.985207355907523,2.2290199182242947e-12,0.022504497971651834,5.016297422845018e-14,17.8012904538677,8.253751801587942e-10,0.0,True,True,COMPUTED
18,Ar,3,40.74,MEASURED,HOLDOUT,Datasets/nuclear/ionisation_energies.json,154.4871711895341,2.7920267842300954,2.228971427855839e-12,0.022505477134735573,5.0164065503588485e-14,17.80167771371424,8.811056868493558e-10,0.0,True,True,COMPUTED
18,Ar,4,59.81,MEASURED,HOLDOUT,Datasets/nuclear/ionisation_energies.json,155.50834626698608,1.600039228673902,2.229033437118397e-12,0.022504224996830316,5.0162669994370427e-14,17.801182490587955,1.4568014555545354e-09,0.0,True,True,COMPUTED
18,Ar,5,75.02,MEASURED,HOLDOUT,Datasets/nuclear/ionisation_energies.json,164.00693350803473,1.186176133138293,2.22903222968686e-12,0.022504249377203092,5.0162697166696146e-14,17.801192133207227,1.137434213147853e-09,0.0,True,True,COMPUTED
18,Ar,6,91.009,MEASURED,HOLDOUT,Datasets/nuclear/ionisation_energies.json,174.75718096055093,0.9202186702474582,2.2289924651111644e-12,0.02250505232286034,5.0163592054588204e-14,17.801509701284793,1.4851172338042636e-09,0.0,True,True,COMPUTED
18,Ar,7,124.323,MEASURED,HOLDOUT,Datasets/nuclear/ionisation_energies.json,195.71684519030052,0.5742609588756749,2.229167283972989e-12,0.022501522616148975,5.01596580554976e-14,17.800113646494687,1.2217814474098174e-09,0.0,True,True,COMPUTED
18,Ar,8,143.46,MEASURED,HOLDOUT,Datasets/nuclear/ionisation_energies.json,209.24855641859565,0.45858466763275924,2.228741607539893e-12,0.022510118751797724,5.0169238252795545e-14,17.80351336266641,1.1531896121377496e-09,0.0,True,True,COMPUTED
18,Ar,9,422.45,MEASURED,HOLDOUT,Datasets/nuclear/ionisation_energies.json,779.4665968396353,0.8451097096452487,2.2289656543535326e-12,0.022505593722976548,5.016419543934918e-14,17.801723823903124,1.1922987052316123e-09,0.0,True,True,COMPUTED
18,Ar,10,478.69,MEASURED,HOLDOUT,Datasets/nuclear/ionisation_energies.json,786.6788292723786,0.643399338345022,2.2289506091659117e-12,0.02250589754489296,5.0164534042514764e-14,17.80184398371008,1.1607097547621666e-09,0.0,True,True,COMPUTED
18,Ar,11,538.96,MEASURED,HOLDOUT,Datasets/nuclear/ionisation_energies.json,832.0766762818588,0.543856086317832,2.2287868477449914e-12,0.022509204934440336,5.0168219911077284e-14,17.80315198463835,1.3011487352494105e-09,0.0,True,True,COMPUTED
18,Ar,12,618.26,MEASURED,HOLDOUT,Datasets/nuclear/ionisation_energies.json,873.9405907128689,0.4135486538234221,2.229081922836349e-12,0.022503246009357592,5.0161578884598224e-14,17.800795289424727,1.4824668633944275e-09,0.0,True,True,COMPUTED
18,Ar,13,686.1,MEASURED,HOLDOUT,Datasets/nuclear/ionisation_energies.json,877.9129074431119,0.2795698986198977,2.2284280351078556e-12,0.02251645420368763,5.0176297798719645e-14,17.80601857750664,1.1809374899740506e-09,0.0,True,True,COMPUTED
18,Ar,14,755.74,MEASURED,HOLDOUT,Datasets/nuclear/ionisation_energies.json,935.803756775824,0.23826151424540715,2.228446107053602e-12,0.02251608900348151,5.017589088588079e-14,17.805874176706155,1.1864578999182247e-09,0.0,True,True,COMPUTED
18,Ar,15,854.77,MEASURED,HOLDOUT,Datasets/nuclear/ionisation_energies.json,1050.9532125088108,0.2295157908078323,2.228615905325842e-12,0.02251265813200952,5.017206798415957e-14,17.804517546941604,1.2712068695754023e-09,0.0,True,True,COMPUTED
18,Ar,16,918.03,MEASURED,HOLDOUT,Datasets/nuclear/ionisation_energies.json,1065.8119008468523,0.16097720210325622,2.227219154041488e-12,0.022540903618306747,5.020353228809587e-14,17.81568325674877,1.2394144765683683e-09,0.0,True,True,COMPUTED
18,Ar,17,4120.8857,MEASURED,HOLDOUT,Datasets/nuclear/ionisation_energies.json,5748.378993299168,0.39493774197599507,2.2292971910698116e-12,0.02249890024500867,5.015673511835772e-14,17.799076386367958,1.693404045780539e-09,0.0,True,True,COMPUTED
18,Ar,18,4426.2296,MEASURED,HOLDOUT,Datasets/nuclear/ionisation_energies.json,5878.89183995462,0.32819405481238945,2.20441283287595e-12,0.023009721734165187,5.07229258716984e-14,18.0,6.098994397034243e-10,0.0,True,True,COMPUTED
19,K,1,4.34066,MEASURED,HOLDOUT,Datasets/nuclear/ionisation_energies.json,39.31812874497505,8.05809917039691,2.110382044049107e-12,0.025105857625527347,5.298295113336626e-14,18.802013172759818,8.650791641850416e-10,0.0,True,True,COMPUTED
19,K,2,31.63,MEASURED,HOLDOUT,Datasets/nuclear/ionisation_energies.json,159.0690593466734,4.029056571187905,2.1104117207759144e-12,0.02510515155056373,5.298220608416532e-14,18.801748777806516,9.629202801276445e-10,0.0,True,True,COMPUTED
19,K,3,45.806,MEASURED,HOLDOUT,Datasets/nuclear/ionisation_energies.json,168.6900775257139,2.6827070149262955,2.1104570525918584e-12,0.0251040730639057,5.2981068046501087e-14,18.80134492338362,8.367070931635408e-10,0.0,True,True,COMPUTED
19,K,4,60.91,MEASURED,HOLDOUT,Datasets/nuclear/ionisation_energies.json,187.49016464885787,2.0781507904918386,2.1104098086321935e-12,0.025105197043793954,5.298225408886671e-14,18.801765813192592,1.0426558198430753e-09,0.0,True,True,COMPUTED
19,K,5,82.66,MEASURED,HOLDOUT,Datasets/nuclear/ionisation_energies.json,187.9525181377228,1.273802542193598,2.1104684666462956e-12,0.02510380152373704,5.2980781508794247e-14,18.801243240000126,1.3888396785202816e-09,0.0,True,True,COMPUTED
19,K,6,99.4,MEASURED,HOLDOUT,Datasets/nuclear/ionisation_energies.json,197.32596588790125,0.9851706829768736,2.1104667592733604e-12,0.02510384214183107,5.298082437038023e-14,18.801258450253364,1.3317865082803163e-09,0.0,True,True,COMPUTED
19,K,7,117.56,MEASURED,HOLDOUT,Datasets/nuclear/ionisation_energies.json,209.17389145414725,0.7792947554793063,2.110429814313998e-12,0.02510472107989334,5.298175184704401e-14,18.801587583079623,1.3980295041132321e-09,0.0,True,True,COMPUTED
19,K,8,154.88,MEASURED,HOLDOUT,Datasets/nuclear/ionisation_energies.json,233.22146574570863,0.5058204141639245,2.110593173428841e-12,0.02510083503841987,5.297765107945244e-14,18.80013234729857,1.5040520990091663e-09,0.0,True,True,COMPUTED
19,K,9,175.8174,MEASURED,HOLDOUT,Datasets/nuclear/ionisation_energies.json,248.42919919975014,0.41299552376357607,2.1101943894417827e-12,0.02511032303341308,5.298766278217905e-14,18.803685191421458,1.4078855830584434e-09,0.0,True,True,COMPUTED
19,K,10,503.8,MEASURED,HOLDOUT,Datasets/nuclear/ionisation_energies.json,888.2809646813644,0.7631618989308542,2.1104044134212042e-12,0.025105325405928948,5.298238953704794e-14,18.801813879569295,1.4531603737014777e-09,0.0,True,True,COMPUTED
19,K,11,564.7,MEASURED,HOLDOUT,Datasets/nuclear/ionisation_energies.json,896.0441502689009,0.5867613781988682,2.1103922649549848e-12,0.025105614444209202,5.298269453000124e-14,18.801922112149832,1.1990718772795851e-09,0.0,True,True,COMPUTED
19,K,12,629.4,MEASURED,HOLDOUT,Datasets/nuclear/ionisation_energies.json,944.5143420424755,0.5006583127462274,2.110243938276723e-12,0.025109143859174635,5.2986418624141477e-14,18.803243678155187,1.1447097172488635e-09,0.0,True,True,COMPUTED
19,K,13,714.6,MEASURED,HOLDOUT,Datasets/nuclear/ionisation_energies.json,989.0620939759859,0.3840779372739797,2.110510882206382e-12,0.02510279249686001,5.297971673839177e-14,18.80086538586582,1.3953752014212525e-09,0.0,True,True,COMPUTED
19,K,14,786.6,MEASURED,HOLDOUT,Datasets/nuclear/ionisation_energies.json,993.205635785755,0.26265654180746884,2.1099192270728257e-12,0.025116872920654017,5.2994573099232707e-14,18.806137449543954,1.1419746950560875e-09,0.0,True,True,COMPUTED
19,K,15,861.1,MEASURED,HOLDOUT,Datasets/nuclear/ionisation_energies.json,1054.80810637603,0.22495425197541524,2.1099359429694776e-12,0.025116474947066016,5.2994153251506994e-14,18.80598845855156,1.6112394869845148e-09,0.0,True,True,COMPUTED
19,K,16,968.0,MEASURED,HOLDOUT,Datasets/nuclear/ionisation_energies.json,1182.9525446201824,0.22205841386382477,2.110087746542925e-12,0.025112861226729736,5.299034075515534e-14,18.804635521331345,1.2425718938043142e-09,0.0,True,True,COMPUTED
19,K,17,1033.4,MEASURED,HOLDOUT,Datasets/nuclear/ionisation_energies.json,1198.7523358538263,0.16000806643490048,2.1088361449844707e-12,0.025142679212935067,5.302179070598717e-14,18.815796137664975,1.2093544622986356e-09,0.0,True,True,COMPUTED
19,K,18,4610.8,MEASURED,HOLDOUT,Datasets/nuclear/ionisation_energies.json,6412.440275517793,0.39074353160358144,2.110711727334669e-12,0.025098015403296075,5.2974675444563186e-14,18.799076386367958,1.6363777852051282e-09,0.0,True,True,COMPUTED
19,K,19,4934.046,MEASURED,HOLDOUT,Datasets/nuclear/ionisation_energies.json,6550.244482599078,0.32756048131676874,2.0883911048298474e-12,0.025637375142079106,5.354086619790385e-14,19.0,6.098995074578319e-10,0.0,True,True,COMPUTED
24,Cr,1,6.7665,MEASURED,HOLDOUT,Datasets/nuclear/ionisation_energies.json,62.26584657586873,8.202075899781088,1.667005649875468e-12,0.040236767565741065,6.707491886481634e-14,23.802817341819633,4.8379108251806796e-09,0.0,False,False,COMPUTED
24,Cr,2,16.4857,MEASURED,HOLDOUT,Datasets/nuclear/ionisation_energies.json,270.70011609941747,15.420298567814376,1.6670244156041124e-12,0.04023586167857508,6.707416380105452e-14,23.80254939300795,3.5301778813486456e-09,0.0,False,False,COMPUTED
24,Cr,3,30.96,MEASURED,HOLDOUT,Datasets/nuclear/ionisation_energies.json,286.90651951096004,8.267006444152456,1.6670356129474417e-12,0.04023532115833571,6.707371326932334e-14,23.802389513209583,9.609022256225044e-10,0.0,True,True,COMPUTED
24,Cr,4,49.16,MEASURED,HOLDOUT,Datasets/nuclear/ionisation_energies.json,303.91300973071327,5.1821198073782195,1.6670250076521957e-12,0.040235833098847186,6.70741399794982e-14,23.80254093947325,1.0765509845488122e-09,0.0,True,True,COMPUTED
24,Cr,5,69.46,MEASURED,HOLDOUT,Datasets/nuclear/ionisation_energies.json,307.43822097360436,3.4261189313792744,1.6670590635364878e-12,0.04023418918243176,6.707276974061457e-14,23.80205468400827,9.112469861889549e-10,0.0,True,True,COMPUTED
24,Cr,6,90.6349,MEASURED,HOLDOUT,Datasets/nuclear/ionisation_energies.json,330.05482397347606,2.6415864526079473,1.6670476761034871e-12,0.04023473885561154,6.70732279078779e-14,23.802217273421203,9.222576251511909e-10,0.0,True,True,COMPUTED
24,Cr,7,160.18,MEASURED,HOLDOUT,Datasets/nuclear/ionisation_energies.json,355.0815663220434,1.2167659278439467,1.6670581795349195e-12,0.04023423185292305,6.707280530771976e-14,23.802067305675543,1.0778528780111604e-09,0.0,True,True,COMPUTED
24,Cr,8,184.7,MEASURED,HOLDOUT,Datasets/nuclear/ionisation_energies.json,370.28430129283464,1.004787770941173,1.6670930278170448e-12,0.04023254978817335,6.707140324316592e-14,23.801569756263007,9.303097782791795e-10,0.0,True,True,COMPUTED
24,Cr,9,209.3,MEASURED,HOLDOUT,Datasets/nuclear/ionisation_energies.json,399.73588727813495,0.9098704600006446,1.6670545188043276e-12,0.04023440855601638,6.70729525947266e-14,23.802119573285843,1.0673389687048514e-09,0.0,True,True,COMPUTED
24,Cr,10,244.4,MEASURED,HOLDOUT,Datasets/nuclear/ionisation_energies.json,396.3891299915974,0.6218867839263394,1.6670981572947913e-12,0.04023230220628931,6.707119687183207e-14,23.80149652144965,1.561232051437423e-09,0.0,True,True,COMPUTED
24,Cr,11,270.8,MEASURED,HOLDOUT,Datasets/nuclear/ionisation_energies.json,410.20821325522314,0.5148013783427737,1.6670959020898394e-12,0.04023241105683405,6.707128760404198e-14,23.80152871950901,1.2687337387046878e-09,0.0,True,True,COMPUTED
24,Cr,12,298.0,MEASURED,HOLDOUT,Datasets/nuclear/ionisation_energies.json,427.76700674402633,0.435459754174585,1.6670704732485585e-12,0.04023363844513494,6.70723106832425e-14,23.801891778723224,1.4021161943504856e-09,0.0,True,True,COMPUTED
24,Cr,13,354.8,MEASURED,HOLDOUT,Datasets/nuclear/ionisation_energies.json,470.2989695477206,0.32553260864633765,1.6671878243494445e-12,0.04022797466145493,6.706758955381563e-14,23.800216395684426,1.218789702717079e-09,0.0,True,True,COMPUTED
24,Cr,14,384.168,MEASURED,HOLDOUT,Datasets/nuclear/ionisation_energies.json,494.2887675128554,0.28664742381680763,1.6668975915024254e-12,0.04024198451558971,6.707926706631439e-14,23.804360384253012,1.5029080279374312e-09,0.0,True,True,COMPUTED
24,Cr,15,1010.6,MEASURED,HOLDOUT,Datasets/nuclear/ionisation_energies.json,1539.1623050578821,0.5230183109616882,1.667050904729966e-12,0.04023458300816013,6.707309800518626e-14,23.802171174967505,1.5423389063258752e-09,0.0,True,True,COMPUTED
24,Cr,16,1097.0,MEASURED,HOLDOUT,Datasets/nuclear/ionisation_energies.json,1549.5147316663474,0.41250203433577703,1.6670468046382368e-12,0.040234780921840095,6.707326297107302e-14,23.802229716266346,1.3127389329813378e-09,0.0,True,True,COMPUTED
24,Cr,17,1185.0,MEASURED,HOLDOUT,Datasets/nuclear/ionisation_energies.json,1613.4174342738286,0.361533699809138,1.6669511750571616e-12,0.040239397428510786,6.707711082704818e-14,23.803595201524992,1.4581530136559116e-09,0.0,True,True,COMPUTED
24,Cr,18,1299.0,MEASURED,HOLDOUT,Datasets/nuclear/ionisation_energies.json,1671.3718849752659,0.2866604195344618,1.6671231619213038e-12,0.040231095353467514,6.707019089323023e-14,23.801139530709822,1.6104181437116714e-09,0.0,True,True,COMPUTED
24,Cr,19,1396.0,MEASURED,HOLDOUT,Datasets/nuclear/ionisation_energies.json,1676.3371076954477,0.20081454705977628,1.6667413474895212e-12,0.0402495296141291,6.708555522487292e-14,23.806591857538688,1.3899192341806893e-09,0.0,True,True,COMPUTED
24,Cr,20,1496.0,MEASURED,HOLDOUT,Datasets/nuclear/ionisation_energies.json,1756.5313915354966,0.17415199968950307,1.6667530666063428e-12,0.040248963618732723,6.70850835392499e-14,23.806424470877346,1.34531728341994e-09,0.0,True,True,COMPUTED
24,Cr,21,1634.0,MEASURED,HOLDOUT,Datasets/nuclear/ionisation_energies.json,1960.1786830215829,0.19961975705115229,1.666846689670237e-12,0.04024444235653227,6.708131551961049e-14,23.805087317068814,1.5948134177972591e-09,0.0,True,True,COMPUTED
24,Cr,22,1721.4,MEASURED,HOLDOUT,Datasets/nuclear/ionisation_energies.json,1980.6941097508627,0.15062978375209865,1.6660675448531402e-12,0.040282092187391955,6.711268643219598e-14,23.816219885169627,1.5220245963589661e-09,0.0,True,True,COMPUTED
24,Cr,23,7481.7,MEASURED,HOLDOUT,Datasets/nuclear/ionisation_energies.json,10277.134237159764,0.37363623737382734,1.6672676849970263e-12,0.040224120984933574,6.70643770755905e-14,23.799076386367958,1.4225278207191633e-09,0.0,True,True,COMPUTED
24,Cr,24,7894.81,MEASURED,HOLDOUT,Datasets/nuclear/ionisation_energies.json,10451.396082477524,0.3238312362776968,1.6533096246569623e-12,0.04090617197184921,6.763056782893117e-14,24.0,6.098991542442836e-10,0.0,True,True,COMPUTED
26,Fe,1,7.9024,MEASURED,HOLDOUT,Datasets/nuclear/ionisation_energies.json,79.194933328653,9.021630558900206,1.5378081302764716e-12,0.04728168251211586,7.271015578028265e-14,25.802588899457447,7.512892695006234e-09,0.0,False,False,COMPUTED
26,Fe,2,16.1878,MEASURED,HOLDOUT,Datasets/nuclear/ionisation_energies.json,82.11493846698693,4.0726435010926085,1.5377757844428969e-12,0.047283671594703335,7.271168517788524e-14,25.803131635436763,3.241362133679051e-09,0.0,False,False,COMPUTED
26,Fe,3,30.652,MEASURED,HOLDOUT,Datasets/nuclear/ionisation_energies.json,362.6549877847597,10.83136460213884,1.5377930880953887e-12,0.04728260750405947,7.271086700686982e-14,25.802841291809603,3.817105777714781e-09,0.0,False,False,COMPUTED
26,Fe,4,54.8,MEASURED,HOLDOUT,Datasets/nuclear/ionisation_energies.json,357.2987857239927,5.520050834379429,1.5378048443650225e-12,0.04728188457102919,7.27103111440365e-14,25.802644033255856,1.0144393748215708e-09,0.0,True,True,COMPUTED
26,Fe,5,75.0,MEASURED,HOLDOUT,Datasets/nuclear/ionisation_energies.json,376.24802870442284,4.016640382725638,1.5378146212405287e-12,0.04728128337030799,7.270984887787629e-14,25.802479989270996,9.785921202863873e-10,0.0,True,True,COMPUTED
26,Fe,6,99.1,MEASURED,HOLDOUT,Datasets/nuclear/ionisation_energies.json,396.408276573801,3.000083517394561,1.5378040274100542e-12,0.04728193480783452,7.271034977122755e-14,25.802657740853093,9.65770735348329e-10,0.0,True,True,COMPUTED
26,Fe,7,124.98,MEASURED,HOLDOUT,Datasets/nuclear/ionisation_energies.json,400.13852651987196,2.201620471434405,1.5378351591001856e-12,0.047280020491289716,7.270887783448256e-14,25.802135395957674,1.0126367501834202e-09,0.0,True,True,COMPUTED
26,Fe,8,151.06,MEASURED,HOLDOUT,Datasets/nuclear/ionisation_energies.json,426.2778015414427,1.8219105093435901,1.5378240478687824e-12,0.04728070371788773,7.27094031775267e-14,25.802321823980748,1.1599335792405774e-09,0.0,True,True,COMPUTED
26,Fe,9,233.6,MEASURED,HOLDOUT,Datasets/nuclear/ionisation_energies.json,455.2258125157943,0.9487406357696674,1.5378333223951863e-12,0.04728013342875907,7.270896467403628e-14,25.802166212633566,1.0829249376141895e-09,0.0,True,True,COMPUTED
26,Fe,10,262.1,MEASURED,HOLDOUT,Datasets/nuclear/ionisation_energies.json,472.77705266511816,0.8038040925796189,1.537864606661141e-12,0.04727820984040481,7.270748557985702e-14,25.801641327785767,1.1971378805499408e-09,0.0,True,True,COMPUTED
26,Fe,11,290.2,MEASURED,HOLDOUT,Datasets/nuclear/ionisation_energies.json,506.59768432154254,0.7456846461803672,1.5378295251291212e-12,0.04728036692078785,7.270914420972579e-14,25.80222992430548,1.1038824660642095e-09,0.0,True,True,COMPUTED
26,Fe,12,330.8,MEASURED,HOLDOUT,Datasets/nuclear/ionisation_energies.json,501.38167474018104,0.5156640711613695,1.5378683580121425e-12,0.04727797918744601,7.270730822312984e-14,25.801578389360294,1.2305383826801436e-09,0.0,True,True,COMPUTED
26,Fe,13,361.0,MEASURED,HOLDOUT,Datasets/nuclear/ionisation_energies.json,517.0058664709848,0.4321492146010658,1.5378662319832383e-12,0.047278109906773426,7.270740873761906e-14,25.801614058848504,1.2572444513931283e-09,0.0,True,True,COMPUTED
26,Fe,14,392.2,MEASURED,HOLDOUT,Datasets/nuclear/ionisation_energies.json,536.9330376789095,0.369028652929397,1.537844185601991e-12,0.047279465465049964,7.270845106379722e-14,25.801983948220695,1.4067053843799618e-09,0.0,True,True,COMPUTED
26,Fe,15,457.0,MEASURED,HOLDOUT,Datasets/nuclear/ionisation_energies.json,588.2738205654283,0.2872512485020313,1.5379478302590823e-12,0.04727309320876006,7.270355113004789e-14,25.80024511304958,1.2352289025415291e-09,0.0,True,True,COMPUTED
26,Fe,16,489.256,MEASURED,HOLDOUT,Datasets/nuclear/ionisation_energies.json,615.907674616261,0.25886585880655744,1.5376902492189677e-12,0.04728893212350891,7.271572982229726e-14,25.804566954834563,1.5552300339501613e-09,0.0,True,True,COMPUTED
26,Fe,17,1266.0,MEASURED,HOLDOUT,Datasets/nuclear/ionisation_energies.json,1849.333650857144,0.46076907650643284,1.5378264591340798e-12,0.04728055544858197,7.270928917138534e-14,25.802281366721843,1.1874089786991565e-09,0.0,True,True,COMPUTED
26,Fe,18,1358.0,MEASURED,HOLDOUT,Datasets/nuclear/ionisation_energies.json,1860.6742877441202,0.3701577965715171,1.537823925715099e-12,0.047280711229166814,7.270940895303927e-14,25.802323873531805,1.4899973044960225e-09,0.0,True,True,COMPUTED
26,Fe,19,1456.0,MEASURED,HOLDOUT,Datasets/nuclear/ionisation_energies.json,1930.772470246664,0.3260799933012802,1.5377418999864084e-12,0.047285755428362254,7.27132873947024e-14,25.803700212706573,1.3209272633153857e-09,0.0,True,True,COMPUTED
26,Fe,20,1582.0,MEASURED,HOLDOUT,Datasets/nuclear/ionisation_energies.json,1994.0858434678757,0.2604840982729935,1.5378895397510262e-12,0.047276676853451605,7.270630680711268e-14,25.801223017740874,1.5076987486292597e-09,0.0,True,True,COMPUTED
26,Fe,21,1689.0,MEASURED,HOLDOUT,Datasets/nuclear/ionisation_energies.json,1999.3687267205353,0.1837588672116846,1.5375615285861606e-12,0.047296850266556806,7.272181739315784e-14,25.80672724574064,1.3272688237092987e-09,0.0,True,True,COMPUTED
26,Fe,22,1799.0,MEASURED,HOLDOUT,Datasets/nuclear/ionisation_energies.json,2087.010360541316,0.16009469735481713,1.5375718418829632e-12,0.04729621577936678,7.272132960997506e-14,25.806554146552465,1.2757280323628834e-09,0.0,True,True,COMPUTED
26,Fe,23,1950.0,MEASURED,HOLDOUT,Datasets/nuclear/ionisation_energies.json,2325.774026883179,0.192704629170861,1.5376512053402143e-12,0.04729133366524592,7.271757621251164e-14,25.80522218170264,1.528250314050104e-09,0.0,True,True,COMPUTED
26,Fe,24,2023.0,MEASURED,HOLDOUT,Datasets/nuclear/ionisation_energies.json,2348.178988838405,0.160740973227091,1.5369887853730295e-12,0.04733210621306874,7.274891643757175e-14,25.816343859748358,1.456165410650373e-09,0.0,True,True,COMPUTED
26,Fe,25,8828.0,MEASURED,HOLDOUT,Datasets/nuclear/ionisation_energies.json,12077.038888323013,0.3680379347896481,1.5380175009960209e-12,0.04726881045301546,7.270025772800143e-14,25.799076386367958,1.3600179068281859e-09,0.0,True,True,COMPUTED
26,Fe,26,9277.69,MEASURED,HOLDOUT,Datasets/nuclear/ionisation_energies.json,12265.883737777398,0.3220838094156409,1.5261319612218115e-12,0.04800793793918414,7.326644848134211e-14,26.0,6.098992676743382e-10,0.0,True,True,COMPUTED
29,Cu,1,7.72638,MEASURED,HOLDOUT,Datasets/nuclear/ionisation_energies.json,88.12235221476952,10.405386767770873,1.377599966171038e-12,0.058918404929821894,8.116599263817416e-14,28.803304272759135,3.4202204230894263e-06,0.0,False,False,COMPUTED
29,Cu,2,20.2924,MEASURED,HOLDOUT,Datasets/nuclear/ionisation_energies.json,420.73492012391273,19.733620474853282,1.3776134105292254e-12,0.058917254946425336,8.116520052576488e-14,28.803023176526576,3.195563052090881e-06,0.0,False,False,COMPUTED
29,Cu,3,36.841,MEASURED,HOLDOUT,Datasets/nuclear/ionisation_energies.json,448.3500549576481,11.169866587705222,1.3776124342213265e-12,0.05891733845525605,8.116525804718705e-14,28.80304358910296,2.9796854379465526e-07,0.0,False,False,COMPUTED
29,Cu,4,57.38,MEASURED,HOLDOUT,Datasets/nuclear/ionisation_energies.json,463.4353950689863,7.076601517410008,1.3776114066292153e-12,0.05891742635089119,8.116531859022441e-14,28.80306507395727,1.1787295964297553e-08,0.0,False,False,COMPUTED
29,Cu,5,79.8,MEASURED,HOLDOUT,Datasets/nuclear/ionisation_energies.json,478.84449292990496,5.000557555512594,1.3776269415999685e-12,0.05891609757993449,8.116440332005045e-14,28.802740272837305,1.0212096884129062e-09,0.0,True,True,COMPUTED
29,Cu,6,103.0,MEASURED,HOLDOUT,Datasets/nuclear/ionisation_energies.json,514.5587587908061,3.995716104765108,1.3776150661661108e-12,0.05891711333136279,8.11651029803016e-14,28.802988560654,1.0456895712659566e-09,0.0,True,True,COMPUTED
29,Cu,7,139.0,MEASURED,HOLDOUT,Datasets/nuclear/ionisation_energies.json,509.98825041858976,2.6689802188387755,1.3776255400965942e-12,0.05891621745452907,8.116448589124399e-14,28.80276957480399,1.0155383264163266e-09,0.0,True,True,COMPUTED
29,Cu,8,166.0,MEASURED,HOLDOUT,Datasets/nuclear/ionisation_energies.json,533.1290080316811,2.211620530311332,1.3776337336028896e-12,0.058915516645669186,8.116400316371643e-14,28.80259826971173,1.0916045141106156e-09,0.0,True,True,COMPUTED
29,Cu,9,199.0,MEASURED,HOLDOUT,Datasets/nuclear/ionisation_energies.json,557.8778512058385,1.803406287466525,1.377623718532157e-12,0.05891637325869534,8.11645932110724e-14,28.80280765929691,1.1920135191942465e-09,0.0,True,True,COMPUTED
29,Cu,10,232.0,MEASURED,HOLDOUT,Datasets/nuclear/ionisation_energies.json,561.69476726049,1.4210981347434914,1.3776508646607567e-12,0.058914051428500445,8.116299389114192e-14,28.80224011004273,1.207994417250065e-09,0.0,True,True,COMPUTED
29,Cu,11,265.3,MEASURED,HOLDOUT,Datasets/nuclear/ionisation_energies.json,593.3159937594182,1.2363965087049311,1.3776405498947208e-12,0.05891493364256089,8.116360158034857e-14,28.802455760175903,1.167520681790702e-09,0.0,True,True,COMPUTED
29,Cu,12,369.0,MEASURED,HOLDOUT,Datasets/nuclear/ionisation_energies.json,628.7547050169378,0.7039422900188016,1.3776483574464882e-12,0.058914265866798855,8.116314160156116e-14,28.802292527909003,1.079041648138821e-09,0.0,True,True,COMPUTED
29,Cu,13,401.0,MEASURED,HOLDOUT,Datasets/nuclear/ionisation_energies.json,649.9228078426606,0.6207551317772085,1.377675088680449e-12,0.05891197964451186,8.116156678109368e-14,28.80173367275767,1.1464150775541056e-09,0.0,True,True,COMPUTED
29,Cu,14,435.0,MEASURED,HOLDOUT,Datasets/nuclear/ionisation_energies.json,690.3598992202067,0.5870342510809349,1.3776445924743502e-12,0.05891458788145172,8.116336341273685e-14,28.802371241845435,1.1150271842036499e-09,0.0,True,True,COMPUTED
29,Cu,15,484.0,MEASURED,HOLDOUT,Datasets/nuclear/ionisation_energies.json,682.0827801323137,0.40926194242213576,1.3776774121077918e-12,0.05891178093676257,8.116142990362019e-14,28.80168509916929,1.4164566615180052e-09,0.0,True,True,COMPUTED
29,Cu,16,520.0,MEASURED,HOLDOUT,Datasets/nuclear/ionisation_energies.json,700.4370899543435,0.3469944037583529,1.3776755551980853e-12,0.05891193974618786,8.11615392976255e-14,28.80172391972354,1.6149547251554456e-09,0.0,True,True,COMPUTED
29,Cu,17,557.0,MEASURED,HOLDOUT,Datasets/nuclear/ionisation_energies.json,723.9859817660066,0.2997952994003709,1.377657557850978e-12,0.058913478975654285,8.116259957010481e-14,28.802100177683812,1.3577915752902186e-09,0.0,True,True,COMPUTED
29,Cu,18,633.0,MEASURED,HOLDOUT,Datasets/nuclear/ionisation_energies.json,790.0498274539088,0.24810399281818143,1.377744463985082e-12,0.05890604685546229,8.115747995035901e-14,28.800283382736744,1.6338340348348313e-09,0.0,True,True,COMPUTED
29,Cu,19,670.588,MEASURED,HOLDOUT,Datasets/nuclear/ionisation_energies.json,823.2425436255975,0.2276428203689859,1.3775270365271904e-12,0.05892464366331721,8.117028976395004e-14,28.804829189996,1.1596544868699436e-09,0.0,True,True,COMPUTED
29,Cu,20,1697.0,MEASURED,HOLDOUT,Datasets/nuclear/ionisation_energies.json,2367.9535182812765,0.3953762629824847,1.3776421779048879e-12,0.05891479439877781,8.116350566635096e-14,28.8024217232601,1.1897287213766125e-09,0.0,True,True,COMPUTED
29,Cu,21,1804.0,MEASURED,HOLDOUT,Datasets/nuclear/ionisation_energies.json,2380.7466766431144,0.3197043662101521,1.3776411432041388e-12,0.05891488289672242,8.116356662557864e-14,28.8024433558075,1.20943859620303e-09,0.0,True,True,COMPUTED
29,Cu,22,1916.0,MEASURED,HOLDOUT,Datasets/nuclear/ionisation_energies.json,2460.1536722016326,0.28400504812193766,1.3775747279196481e-12,0.058920563812540114,8.116747966293221e-14,28.80383197192446,1.1876548198022686e-09,0.0,True,True,COMPUTED
29,Cu,23,2060.0,MEASURED,HOLDOUT,Datasets/nuclear/ionisation_energies.json,2531.50303837589,0.22888497008538344,1.377694457293924e-12,0.058910323202713846,8.116042575377251e-14,28.801328757397833,1.3959699625904074e-09,0.0,True,True,COMPUTED
29,Cu,24,2182.0,MEASURED,HOLDOUT,Datasets/nuclear/ionisation_energies.json,2537.2547651405566,0.16281153306166665,1.3774281592242732e-12,0.05893310366018846,8.117611649202666e-14,28.806896915853223,1.2513419413788248e-09,0.0,True,True,COMPUTED
29,Cu,25,2308.0,MEASURED,HOLDOUT,Datasets/nuclear/ionisation_energies.json,2636.0748329497756,0.14214680803716445,1.377436784763403e-12,0.058932365581743466,8.117560816541816e-14,28.806716526437675,1.694798523057074e-09,0.0,True,True,COMPUTED
29,Cu,26,2478.0,MEASURED,HOLDOUT,Datasets/nuclear/ionisation_energies.json,2932.781658463861,0.18352770720898337,1.3775001523302231e-12,0.0589269437097925,8.117187393659364e-14,28.805391363945844,1.443622549241663e-09,0.0,True,True,COMPUTED
29,Cu,27,2587.5,MEASURED,HOLDOUT,Datasets/nuclear/ionisation_energies.json,2958.023269943849,0.1431973990121155,1.3769692364219774e-12,0.05897239321195325,8.120317125103988e-14,28.816497814339833,1.3733915511782431e-09,0.0,True,True,COMPUTED
29,Cu,28,11062.38,MEASURED,HOLDOUT,Datasets/nuclear/ionisation_energies.json,15049.072568659545,0.3603828984955811,1.3778022065509489e-12,0.05890110955023854,8.115407870661782e-14,28.799076386367958,1.282419712756929e-09,0.0,True,True,COMPUTED
29,Cu,29,11567.617,MEASURED,HOLDOUT,Datasets/nuclear/ionisation_energies.json,15259.791956468242,0.3191819850595193,1.3682562410954172e-12,0.05972585178528676,8.172026945995848e-14,29.0,6.098990094020652e-10,0.0,True,True,COMPUTED
