Z,symbol,step,energy_eV,status,split,source,pred_eV,rel,r_outer_m,z_outer,koppa_outer_m,q_outer,force_residual,relaxation_eV,physical,converged,tag
1,H,1,13.59844,MEASURED,CALIBRATION,Datasets/nuclear/ionisation_energies.json,13.598287264260605,1.1231857433254958e-05,5.29177210903e-11,5.325135452066933e-05,2.8179403262054656e-15,1.0,6.098992584414043e-10,0.0,True,True,COMPUTED
3,Li,1,5.39171,MEASURED,CALIBRATION,Datasets/nuclear/ionisation_energies.json,30.61042983520994,4.6773138457390955,1.7639240363433332e-11,0.0004792621906860239,8.453820978616394e-15,3.0,6.098991929944678e-10,0.0,True,True,COMPUTED
3,Li,2,75.64009,MEASURED,CALIBRATION,Datasets/nuclear/ionisation_energies.json,122.44171934083975,0.6187410583572779,1.7639240363433332e-11,0.0004792621906860239,8.453820978616394e-15,3.0,6.098991929944678e-10,0.0,True,True,COMPUTED
3,Li,3,122.45435,MEASURED,CALIBRATION,Datasets/nuclear/ionisation_energies.json,122.44171934083975,0.00010314585933657246,1.7639240363433332e-11,0.0004792621906860239,8.453820978616394e-15,3.0,6.098991929944678e-10,0.0,True,True,COMPUTED
4,Be,1,9.32269,MEASURED,CALIBRATION,Datasets/nuclear/ionisation_energies.json,54.41948192550926,4.837315402046969,1.3229430272575e-11,0.0008520216723307092,1.1271761304821862e-14,4.0,6.098992584414043e-10,0.0,True,True,COMPUTED
4,Be,2,18.21115,MEASURED,CALIBRATION,Datasets/nuclear/ionisation_energies.json,54.41948192550926,1.9882507104443847,1.3229430272575e-11,0.0008520216723307092,1.1271761304821862e-14,4.0,6.098992584414043e-10,0.0,True,True,COMPUTED
4,Be,3,153.8962,MEASURED,CALIBRATION,Datasets/nuclear/ionisation_energies.json,217.67792770203704,0.41444641064585774,1.3229430272575e-11,0.0008520216723307092,1.1271761304821862e-14,4.0,6.098992584414043e-10,0.0,True,True,COMPUTED
4,Be,4,217.71858,MEASURED,CALIBRATION,Datasets/nuclear/ionisation_energies.json,217.67792770203704,0.00018671947044190813,1.3229430272575e-11,0.0008520216723307092,1.1271761304821862e-14,4.0,6.098992584414043e-10,0.0,True,True,COMPUTED
5,B,1,8.29803,MEASURED,CALIBRATION,Datasets/nuclear/ionisation_energies.json,85.03137522382625,9.24717616396015,1.058354421806e-11,0.0013312838630167333,1.4089701631027329e-14,5.0,6.098993239835366e-10,0.0,True,True,COMPUTED
5,B,2,25.15484,MEASURED,CALIBRATION,Datasets/nuclear/ionisation_energies.json,85.03137522382625,2.380318667255536,1.058354421806e-11,0.0013312838630167333,1.4089701631027329e-14,5.0,6.098993239835366e-10,0.0,True,True,COMPUTED
5,B,3,37.93064,MEASURED,CALIBRATION,Datasets/nuclear/ionisation_energies.json,85.03137522382625,1.241759570200404,1.058354421806e-11,0.0013312838630167333,1.4089701631027329e-14,5.0,6.098993239835366e-10,0.0,True,True,COMPUTED
5,B,4,259.37521,MEASURED,CALIBRATION,Datasets/nuclear/ionisation_energies.json,340.125500895305,0.3113261706672161,1.058354421806e-11,0.0013312838630167333,1.4089701631027329e-14,5.0,6.098993239835366e-10,0.0,True,True,COMPUTED
5,B,5,340.2258,MEASURED,CALIBRATION,Datasets/nuclear/ionisation_energies.json,340.125500895305,0.00029480158381584075,1.058354421806e-11,0.0013312838630167333,1.4089701631027329e-14,5.0,6.098993239835366e-10,0.0,True,True,COMPUTED
6,C,1,11.2603,MEASURED,CALIBRATION,Datasets/nuclear/ionisation_energies.json,122.4456847671141,9.874105020924318,8.819620181716666e-12,0.0019170487627440955,1.690764195723279e-14,6.0,6.098991929944678e-10,0.0,True,True,COMPUTED
6,C,2,24.38332,MEASURED,CALIBRATION,Datasets/nuclear/ionisation_energies.json,122.4456847671141,4.021698635260256,8.819620181716666e-12,0.0019170487627440955,1.690764195723279e-14,6.0,6.098991929944678e-10,0.0,True,True,COMPUTED
6,C,3,47.8878,MEASURED,CALIBRATION,Datasets/nuclear/ionisation_energies.json,122.4456847671141,1.5569285865526106,8.819620181716666e-12,0.0019170487627440955,1.690764195723279e-14,6.0,6.098991929944678e-10,0.0,True,True,COMPUTED
6,C,4,64.4939,MEASURED,CALIBRATION,Datasets/nuclear/ionisation_energies.json,122.4456847671141,0.8985622635181638,8.819620181716666e-12,0.0019170487627440955,1.690764195723279e-14,6.0,6.098991929944678e-10,0.0,True,True,COMPUTED
6,C,5,392.087,MEASURED,CALIBRATION,Datasets/nuclear/ionisation_energies.json,489.7827390684564,0.24916852399711395,8.819620181716666e-12,0.0019170487627440955,1.690764195723279e-14,6.0,6.098991929944678e-10,0.0,True,True,COMPUTED
6,C,6,489.99334,MEASURED,CALIBRATION,Datasets/nuclear/ionisation_energies.json,489.7827390684564,0.0004298036612978888,8.819620181716666e-12,0.0019170487627440955,1.690764195723279e-14,6.0,6.098991929944678e-10,0.0,True,True,COMPUTED
7,N,1,14.53414,MEASURED,CALIBRATION,Datasets/nuclear/ionisation_energies.json,166.66326181818445,10.467019157527341,7.559674441471429e-12,0.002609316371512797,1.972558228343826e-14,7.0,6.098992251888794e-10,0.0,True,True,COMPUTED
7,N,2,29.6013,MEASURED,CALIBRATION,Datasets/nuclear/ionisation_energies.json,166.66326181818445,4.630268326667561,7.559674441471429e-12,0.002609316371512797,1.972558228343826e-14,7.0,6.098992251888794e-10,0.0,True,True,COMPUTED
7,N,3,47.44924,MEASURED,CALIBRATION,Datasets/nuclear/ionisation_energies.json,166.66326181818445,2.512453767819768,7.559674441471429e-12,0.002609316371512797,1.972558228343826e-14,7.0,6.098992251888794e-10,0.0,True,True,COMPUTED
7,N,4,77.4735,MEASURED,CALIBRATION,Datasets/nuclear/ionisation_energies.json,166.66326181818445,1.1512292825054302,7.559674441471429e-12,0.002609316371512797,1.972558228343826e-14,7.0,6.098992251888794e-10,0.0,True,True,COMPUTED
7,N,5,97.8902,MEASURED,CALIBRATION,Datasets/nuclear/ionisation_energies.json,166.66326181818445,0.7025530831297154,7.559674441471429e-12,0.002609316371512797,1.972558228343826e-14,7.0,6.098992251888794e-10,0.0,True,True,COMPUTED
7,N,6,552.0718,MEASURED,CALIBRATION,Datasets/nuclear/ionisation_energies.json,666.6530472727378,0.20754772707596683,7.559674441471429e-12,0.002609316371512797,1.972558228343826e-14,7.0,6.098992251888794e-10,0.0,True,True,COMPUTED
7,N,7,667.046,MEASURED,CALIBRATION,Datasets/nuclear/ionisation_energies.json,666.6530472727378,0.0005890938964662719,7.559674441471429e-12,0.002609316371512797,1.972558228343826e-14,7.0,6.098992251888794e-10,0.0,True,True,COMPUTED
8,O,1,13.61806,MEASURED,CALIBRATION,Datasets/nuclear/ionisation_energies.json,217.6836854307383,14.984926298660623,6.6147151362875e-12,0.003408086689322837,2.2543522609643725e-14,8.0,6.098992584414043e-10,0.0,True,True,COMPUTED
8,O,2,35.1173,MEASURED,CALIBRATION,Datasets/nuclear/ionisation_energies.json,217.6836854307383,5.198759170857051,6.6147151362875e-12,0.003408086689322837,2.2543522609643725e-14,8.0,6.098992584414043e-10,0.0,True,True,COMPUTED
8,O,3,54.9355,MEASURED,CALIBRATION,Datasets/nuclear/ionisation_energies.json,217.6836854307383,2.962532159181919,6.6147151362875e-12,0.003408086689322837,2.2543522609643725e-14,8.0,6.098992584414043e-10,0.0,True,True,COMPUTED
8,O,4,77.41353,MEASURED,CALIBRATION,Datasets/nuclear/ionisation_energies.json,217.6836854307383,1.811959168258292,6.6147151362875e-12,0.003408086689322837,2.2543522609643725e-14,8.0,6.098992584414043e-10,0.0,True,True,COMPUTED
8,O,5,113.899,MEASURED,CALIBRATION,Datasets/nuclear/ionisation_energies.json,217.6836854307383,0.911199268042198,6.6147151362875e-12,0.003408086689322837,2.2543522609643725e-14,8.0,6.098992584414043e-10,0.0,True,True,COMPUTED
8,O,6,138.1197,MEASURED,CALIBRATION,Datasets/nuclear/ionisation_energies.json,217.6836854307383,0.5760509574719487,6.6147151362875e-12,0.003408086689322837,2.2543522609643725e-14,8.0,6.098992584414043e-10,0.0,True,True,COMPUTED
8,O,7,739.29,MEASURED,CALIBRATION,Datasets/nuclear/ionisation_energies.json,870.7347417229532,0.17779861992310633,6.6147151362875e-12,0.003408086689322837,2.2543522609643725e-14,8.0,6.098992584414043e-10,0.0,True,True,COMPUTED
8,O,8,871.4101,MEASURED,CALIBRATION,Datasets/nuclear/ionisation_energies.json,870.7347417229532,0.0007750177293639649,6.6147151362875e-12,0.003408086689322837,2.2543522609643725e-14,8.0,6.098992584414043e-10,0.0,True,True,COMPUTED
9,F,1,17.42282,MEASURED,CALIBRATION,Datasets/nuclear/ionisation_energies.json,275.50739430644245,14.813019609135743,5.879746787811111e-12,0.0043133597161742155,2.5361462935849188e-14,9.0,6.0989931992186e-10,0.0,True,True,COMPUTED
9,F,2,34.97082,MEASURED,CALIBRATION,Datasets/nuclear/ionisation_energies.json,275.50739430644245,6.878208011892269,5.879746787811111e-12,0.0043133597161742155,2.5361462935849188e-14,9.0,6.0989931992186e-10,0.0,True,True,COMPUTED
9,F,3,62.7084,MEASURED,CALIBRATION,Datasets/nuclear/ionisation_energies.json,275.50739430644245,3.393468726780503,5.879746787811111e-12,0.0043133597161742155,2.5361462935849188e-14,9.0,6.0989931992186e-10,0.0,True,True,COMPUTED
9,F,4,87.1398,MEASURED,CALIBRATION,Datasets/nuclear/ionisation_energies.json,275.50739430644245,2.161671180177628,5.879746787811111e-12,0.0043133597161742155,2.5361462935849188e-14,9.0,6.0989931992186e-10,0.0,True,True,COMPUTED
9,F,5,114.2428,MEASURED,CALIBRATION,Datasets/nuclear/ionisation_energies.json,275.50739430644245,1.4115952541993233,5.879746787811111e-12,0.0043133597161742155,2.5361462935849188e-14,9.0,6.0989931992186e-10,0.0,True,True,COMPUTED
9,F,6,157.1651,MEASURED,CALIBRATION,Datasets/nuclear/ionisation_energies.json,275.50739430644245,0.7529807464026202,5.879746787811111e-12,0.0043133597161742155,2.5361462935849188e-14,9.0,6.0989931992186e-10,0.0,True,True,COMPUTED
9,F,7,185.186,MEASURED,CALIBRATION,Datasets/nuclear/ionisation_energies.json,275.50739430644245,0.487733383227903,5.879746787811111e-12,0.0043133597161742155,2.5361462935849188e-14,9.0,6.0989931992186e-10,0.0,True,True,COMPUTED
9,F,8,953.9112,MEASURED,CALIBRATION,Datasets/nuclear/ionisation_energies.json,1102.0295772257698,0.155274806738583,5.879746787811111e-12,0.0043133597161742155,2.5361462935849188e-14,9.0,6.0989931992186e-10,0.0,True,True,COMPUTED
9,F,9,1103.1176,MEASURED,CALIBRATION,Datasets/nuclear/ionisation_energies.json,1102.0295772257698,0.0009863162134574224,5.879746787811111e-12,0.0043133597161742155,2.5361462935849188e-14,9.0,6.0989931992186e-10,0.0,True,True,COMPUTED
12,Mg,1,7.64624,MEASURED,CALIBRATION,Datasets/nuclear/ionisation_energies.json,217.6861535536846,27.469699297129647,4.409810090858333e-12,0.007668195050976382,3.381528391446558e-14,12.0,6.098994190838853e-10,0.0,True,True,COMPUTED
12,Mg,2,15.03528,MEASURED,CALIBRATION,Datasets/nuclear/ionisation_energies.json,217.6861535536846,13.47835714091687,4.409810090858333e-12,0.007668195050976382,3.381528391446558e-14,12.0,6.098994190838853e-10,0.0,True,True,COMPUTED
12,Mg,3,80.1437,MEASURED,CALIBRATION,Datasets/nuclear/ionisation_energies.json,489.7938454957902,5.111445384924707,4.409810090858333e-12,0.007668195050976382,3.381528391446558e-14,12.0,6.098991929944678e-10,0.0,True,True,COMPUTED
12,Mg,4,109.2655,MEASURED,CALIBRATION,Datasets/nuclear/ionisation_energies.json,489.7938454957902,3.4826028846780566,4.409810090858333e-12,0.007668195050976382,3.381528391446558e-14,12.0,6.098991929944678e-10,0.0,True,True,COMPUTED
12,Mg,5,141.27,MEASURED,CALIBRATION,Datasets/nuclear/ionisation_energies.json,489.7938454957902,2.4670761343228578,4.409810090858333e-12,0.007668195050976382,3.381528391446558e-14,12.0,6.098991929944678e-10,0.0,True,True,COMPUTED
12,Mg,6,186.76,MEASURED,CALIBRATION,Datasets/nuclear/ionisation_energies.json,489.7938454957902,1.6225843087159468,4.409810090858333e-12,0.007668195050976382,3.381528391446558e-14,12.0,6.098991929944678e-10,0.0,True,True,COMPUTED
12,Mg,7,225.02,MEASURED,CALIBRATION,Datasets/nuclear/ionisation_energies.json,489.7938454957902,1.176668053932051,4.409810090858333e-12,0.007668195050976382,3.381528391446558e-14,12.0,6.098991929944678e-10,0.0,True,True,COMPUTED
12,Mg,8,265.96,MEASURED,CALIBRATION,Datasets/nuclear/ionisation_energies.json,489.7938454957902,0.8416071796352468,4.409810090858333e-12,0.007668195050976382,3.381528391446558e-14,12.0,6.098991929944678e-10,0.0,True,True,COMPUTED
12,Mg,9,328.06,MEASURED,CALIBRATION,Datasets/nuclear/ionisation_energies.json,489.7938454957902,0.49300080929034384,4.409810090858333e-12,0.007668195050976382,3.381528391446558e-14,12.0,6.098991929944678e-10,0.0,True,True,COMPUTED
12,Mg,10,367.5,MEASURED,CALIBRATION,Datasets/nuclear/ionisation_energies.json,489.7938454957902,0.3327723686960278,4.409810090858333e-12,0.007668195050976382,3.381528391446558e-14,12.0,6.098991929944678e-10,0.0,True,True,COMPUTED
12,Mg,11,1761.805,MEASURED,CALIBRATION,Datasets/nuclear/ionisation_energies.json,1959.1753819831608,0.11202737078346399,4.409810090858333e-12,0.007668195050976382,3.381528391446558e-14,12.0,6.098991929944678e-10,0.0,True,True,COMPUTED
12,Mg,12,1962.665,MEASURED,CALIBRATION,Datasets/nuclear/ionisation_energies.json,1959.1753819831608,0.0017779998200605459,4.409810090858333e-12,0.007668195050976382,3.381528391446558e-14,12.0,6.098991929944678e-10,0.0,True,True,COMPUTED
13,Al,1,5.98577,MEASURED,CALIBRATION,Datasets/nuclear/ionisation_energies.json,255.47953237847932,41.68114751794328,4.070593930023077e-12,0.008999478913993116,3.663322424067105e-14,13.0,6.098994826974301e-10,0.0,True,True,COMPUTED
13,Al,2,18.82856,MEASURED,CALIBRATION,Datasets/nuclear/ionisation_energies.json,255.47953237847932,12.568723916140126,4.070593930023077e-12,0.008999478913993116,3.663322424067105e-14,13.0,6.098994826974301e-10,0.0,True,True,COMPUTED
13,Al,3,28.44765,MEASURED,CALIBRATION,Datasets/nuclear/ionisation_energies.json,255.47953237847932,7.980690228489148,4.070593930023077e-12,0.008999478913993116,3.663322424067105e-14,13.0,6.098994826974301e-10,0.0,True,True,COMPUTED
13,Al,4,119.992,MEASURED,CALIBRATION,Datasets/nuclear/ionisation_energies.json,574.8289478515783,3.790560602803339,4.070593930023077e-12,0.008999478913993116,3.663322424067105e-14,13.0,6.098992136194469e-10,0.0,True,True,COMPUTED
13,Al,5,153.825,MEASURED,CALIBRATION,Datasets/nuclear/ionisation_energies.json,574.8289478515783,2.7369019850582044,4.070593930023077e-12,0.008999478913993116,3.663322424067105e-14,13.0,6.098992136194469e-10,0.0,True,True,COMPUTED
13,Al,6,190.49,MEASURED,CALIBRATION,Datasets/nuclear/ionisation_energies.json,574.8289478515783,2.0176331978139443,4.070593930023077e-12,0.008999478913993116,3.663322424067105e-14,13.0,6.098992136194469e-10,0.0,True,True,COMPUTED
13,Al,7,241.76,MEASURED,CALIBRATION,Datasets/nuclear/ionisation_energies.json,574.8289478515783,1.3776842647732392,4.070593930023077e-12,0.008999478913993116,3.663322424067105e-14,13.0,6.098992136194469e-10,0.0,True,True,COMPUTED
13,Al,8,284.66,MEASURED,CALIBRATION,Datasets/nuclear/ionisation_energies.json,574.8289478515783,1.019352729050721,4.070593930023077e-12,0.008999478913993116,3.663322424067105e-14,13.0,6.098992136194469e-10,0.0,True,True,COMPUTED
13,Al,9,330.13,MEASURED,CALIBRATION,Datasets/nuclear/ionisation_energies.json,574.8289478515783,0.741219967441851,4.070593930023077e-12,0.008999478913993116,3.663322424067105e-14,13.0,6.098992136194469e-10,0.0,True,True,COMPUTED
13,Al,10,398.75,MEASURED,CALIBRATION,Datasets/nuclear/ionisation_energies.json,574.8289478515783,0.44157729868734363,4.070593930023077e-12,0.008999478913993116,3.663322424067105e-14,13.0,6.098992136194469e-10,0.0,True,True,COMPUTED
13,Al,11,442.0,MEASURED,CALIBRATION,Datasets/nuclear/ionisation_energies.json,574.8289478515783,0.30051798156465676,4.070593930023077e-12,0.008999478913993116,3.663322424067105e-14,13.0,6.098992136194469e-10,0.0,True,True,COMPUTED
13,Al,12,2085.98,MEASURED,CALIBRATION,Datasets/nuclear/ionisation_energies.json,2299.315791406313,0.10227125447334734,4.070593930023077e-12,0.008999478913993116,3.663322424067105e-14,13.0,6.098992136194469e-10,0.0,True,True,COMPUTED
13,Al,13,2304.141,MEASURED,CALIBRATION,Datasets/nuclear/ionisation_energies.json,2299.315791406313,0.002094146405834958,4.070593930023077e-12,0.008999478913993116,3.663322424067105e-14,13.0,6.098992136194469e-10,0.0,True,True,COMPUTED
14,Si,1,8.15169,MEASURED,CALIBRATION,Datasets/nuclear/ionisation_energies.json,296.2960021765417,35.347800539095786,3.7798372207357145e-12,0.010437265486051188,3.945116456687652e-14,14.0,6.098993207313461e-10,0.0,True,True,COMPUTED
14,Si,2,16.34585,MEASURED,CALIBRATION,Datasets/nuclear/ionisation_energies.json,296.2960021765417,17.126680605569106,3.7798372207357145e-12,0.010437265486051188,3.945116456687652e-14,14.0,6.098993207313461e-10,0.0,True,True,COMPUTED
14,Si,3,33.49302,MEASURED,CALIBRATION,Datasets/nuclear/ionisation_energies.json,296.2960021765417,7.846500022289471,3.7798372207357145e-12,0.010437265486051188,3.945116456687652e-14,14.0,6.098993207313461e-10,0.0,True,True,COMPUTED
14,Si,4,45.14181,MEASURED,CALIBRATION,Datasets/nuclear/ionisation_energies.json,296.2960021765417,5.563671287804847,3.7798372207357145e-12,0.010437265486051188,3.945116456687652e-14,14.0,6.098993207313461e-10,0.0,True,True,COMPUTED
14,Si,5,166.767,MEASURED,CALIBRATION,Datasets/nuclear/ionisation_energies.json,666.666004897219,2.997589480516043,3.7798372207357145e-12,0.010437265486051188,3.945116456687652e-14,14.0,6.098992251888794e-10,0.0,True,True,COMPUTED
14,Si,6,205.27,MEASURED,CALIBRATION,Datasets/nuclear/ionisation_energies.json,666.666004897219,2.247751765466064,3.7798372207357145e-12,0.010437265486051188,3.945116456687652e-14,14.0,6.098992251888794e-10,0.0,True,True,COMPUTED
14,Si,7,246.5,MEASURED,CALIBRATION,Datasets/nuclear/ionisation_energies.json,666.666004897219,1.704527403234154,3.7798372207357145e-12,0.010437265486051188,3.945116456687652e-14,14.0,6.098992251888794e-10,0.0,True,True,COMPUTED
14,Si,8,303.54,MEASURED,CALIBRATION,Datasets/nuclear/ionisation_energies.json,666.666004897219,1.1963036334493606,3.7798372207357145e-12,0.010437265486051188,3.945116456687652e-14,14.0,6.098992251888794e-10,0.0,True,True,COMPUTED
14,Si,9,351.12,MEASURED,CALIBRATION,Datasets/nuclear/ionisation_energies.json,666.666004897219,0.8986842244737382,3.7798372207357145e-12,0.010437265486051188,3.945116456687652e-14,14.0,6.098992251888794e-10,0.0,True,True,COMPUTED
14,Si,10,401.37,MEASURED,CALIBRATION,Datasets/nuclear/ionisation_energies.json,666.666004897219,0.6609761688646858,3.7798372207357145e-12,0.010437265486051188,3.945116456687652e-14,14.0,6.098992251888794e-10,0.0,True,True,COMPUTED
14,Si,11,476.36,MEASURED,CALIBRATION,Datasets/nuclear/ionisation_energies.json,666.666004897219,0.39950038814597977,3.7798372207357145e-12,0.010437265486051188,3.945116456687652e-14,14.0,6.098992251888794e-10,0.0,True,True,COMPUTED
14,Si,12,523.42,MEASURED,CALIBRATION,Datasets/nuclear/ionisation_energies.json,666.666004897219,0.2736731590256754,3.7798372207357145e-12,0.010437265486051188,3.945116456687652e-14,14.0,6.098992251888794e-10,0.0,True,True,COMPUTED
14,Si,13,2437.63,MEASURED,CALIBRATION,Datasets/nuclear/ionisation_energies.json,2666.664019588876,0.09395766362773501,3.7798372207357145e-12,0.010437265486051188,3.945116456687652e-14,14.0,6.098992251888794e-10,0.0,True,True,COMPUTED
14,Si,14,2673.182,MEASURED,CALIBRATION,Datasets/nuclear/ionisation_energies.json,2666.664019588876,0.0024382853135790877,3.7798372207357145e-12,0.010437265486051188,3.945116456687652e-14,14.0,6.098992251888794e-10,0.0,True,True,COMPUTED
15,P,1,10.48669,MEASURED,CALIBRATION,Datasets/nuclear/ionisation_energies.json,340.13635670797623,31.435054026387377,3.5278480726866665e-12,0.011981554767150598,4.226910489308198e-14,15.0,6.098991412080917e-10,0.0,True,True,COMPUTED
15,P,2,19.7694,MEASURED,CALIBRATION,Datasets/nuclear/ionisation_energies.json,340.13635670797623,16.205193718978634,3.5278480726866665e-12,0.011981554767150598,4.226910489308198e-14,15.0,6.098991412080917e-10,0.0,True,True,COMPUTED
15,P,3,30.2027,MEASURED,CALIBRATION,Datasets/nuclear/ionisation_energies.json,340.13635670797623,10.261786420021265,3.5278480726866665e-12,0.011981554767150598,4.226910489308198e-14,15.0,6.098991412080917e-10,0.0,True,True,COMPUTED
15,P,4,51.4439,MEASURED,CALIBRATION,Datasets/nuclear/ionisation_energies.json,340.13635670797623,5.6117918102627575,3.5278480726866665e-12,0.011981554767150598,4.226910489308198e-14,15.0,6.098991412080917e-10,0.0,True,True,COMPUTED
15,P,5,65.0251,MEASURED,CALIBRATION,Datasets/nuclear/ionisation_energies.json,340.13635670797623,4.230847114544633,3.5278480726866665e-12,0.011981554767150598,4.226910489308198e-14,15.0,6.098991412080917e-10,0.0,True,True,COMPUTED
15,P,6,220.421,MEASURED,CALIBRATION,Datasets/nuclear/ionisation_energies.json,765.3068025929467,2.472023094863678,3.5278480726866665e-12,0.011981554767150598,4.226910489308198e-14,15.0,6.098991412080917e-10,0.0,True,True,COMPUTED
15,P,7,263.57,MEASURED,CALIBRATION,Datasets/nuclear/ionisation_energies.json,765.3068025929467,1.9036187828392712,3.5278480726866665e-12,0.011981554767150598,4.226910489308198e-14,15.0,6.098991412080917e-10,0.0,True,True,COMPUTED
15,P,8,309.6,MEASURED,CALIBRATION,Datasets/nuclear/ionisation_energies.json,765.3068025929467,1.4719211970056416,3.5278480726866665e-12,0.011981554767150598,4.226910489308198e-14,15.0,6.098991412080917e-10,0.0,True,True,COMPUTED
15,P,9,372.13,MEASURED,CALIBRATION,Datasets/nuclear/ionisation_energies.json,765.3068025929467,1.0565576615509278,3.5278480726866665e-12,0.011981554767150598,4.226910489308198e-14,15.0,6.098991412080917e-10,0.0,True,True,COMPUTED
15,P,10,424.4,MEASURED,CALIBRATION,Datasets/nuclear/ionisation_energies.json,765.3068025929467,0.8032676781172167,3.5278480726866665e-12,0.011981554767150598,4.226910489308198e-14,15.0,6.098991412080917e-10,0.0,True,True,COMPUTED
15,P,11,479.46,MEASURED,CALIBRATION,Datasets/nuclear/ionisation_energies.json,765.3068025929467,0.5961848800587051,3.5278480726866665e-12,0.011981554767150598,4.226910489308198e-14,15.0,6.098991412080917e-10,0.0,True,True,COMPUTED
15,P,12,560.8,MEASURED,CALIBRATION,Datasets/nuclear/ionisation_energies.json,765.3068025929467,0.3646697621129579,3.5278480726866665e-12,0.011981554767150598,4.226910489308198e-14,15.0,6.098991412080917e-10,0.0,True,True,COMPUTED
15,P,13,611.74,MEASURED,CALIBRATION,Datasets/nuclear/ionisation_energies.json,765.3068025929467,0.2510327959475377,3.5278480726866665e-12,0.011981554767150598,4.226910489308198e-14,15.0,6.098991412080917e-10,0.0,True,True,COMPUTED
15,P,14,2816.91,MEASURED,CALIBRATION,Datasets/nuclear/ionisation_energies.json,3061.227210371787,0.0867323451483317,3.5278480726866665e-12,0.011981554767150598,4.226910489308198e-14,15.0,6.098991412080917e-10,0.0,True,True,COMPUTED
15,P,15,3069.842,MEASURED,CALIBRATION,Datasets/nuclear/ionisation_energies.json,3061.227210371787,0.002806264826728282,3.5278480726866665e-12,0.011981554767150598,4.226910489308198e-14,15.0,6.098991412080917e-10,0.0,True,True,COMPUTED
16,S,1,10.36001,MEASURED,CALIBRATION,Datasets/nuclear/ionisation_energies.json,386.9998002420368,36.35515701645431,3.30735756814375e-12,0.013632346757291348,4.508704521928745e-14,16.0,6.098993663730712e-10,0.0,True,True,COMPUTED
16,S,2,23.3379,MEASURED,CALIBRATION,Datasets/nuclear/ionisation_energies.json,386.9998002420368,15.582460300285664,3.30735756814375e-12,0.013632346757291348,4.508704521928745e-14,16.0,6.098993663730712e-10,0.0,True,True,COMPUTED
16,S,3,34.79,MEASURED,CALIBRATION,Datasets/nuclear/ionisation_energies.json,386.9998002420368,10.123880432366681,3.30735756814375e-12,0.013632346757291348,4.508704521928745e-14,16.0,6.098993663730712e-10,0.0,True,True,COMPUTED
16,S,4,47.222,MEASURED,CALIBRATION,Datasets/nuclear/ionisation_energies.json,386.9998002420368,7.195328453729974,3.30735756814375e-12,0.013632346757291348,4.508704521928745e-14,16.0,6.098993663730712e-10,0.0,True,True,COMPUTED
16,S,5,72.5945,MEASURED,CALIBRATION,Datasets/nuclear/ionisation_energies.json,386.9998002420368,4.33097962300225,3.30735756814375e-12,0.013632346757291348,4.508704521928745e-14,16.0,6.098993663730712e-10,0.0,True,True,COMPUTED
16,S,6,88.053,MEASURED,CALIBRATION,Datasets/nuclear/ionisation_energies.json,386.9998002420368,3.395077967156563,3.30735756814375e-12,0.013632346757291348,4.508704521928745e-14,16.0,6.098993663730712e-10,0.0,True,True,COMPUTED
16,S,7,280.948,MEASURED,CALIBRATION,Datasets/nuclear/ionisation_energies.json,870.7495505445829,2.099326389739678,3.30735756814375e-12,0.013632346757291348,4.508704521928745e-14,16.0,6.098992584414043e-10,0.0,True,True,COMPUTED
16,S,8,328.75,MEASURED,CALIBRATION,Datasets/nuclear/ionisation_energies.json,870.7495505445829,1.6486678343561458,3.30735756814375e-12,0.013632346757291348,4.508704521928745e-14,16.0,6.098992584414043e-10,0.0,True,True,COMPUTED
16,S,9,379.55,MEASURED,CALIBRATION,Datasets/nuclear/ionisation_energies.json,870.7495505445829,1.294162957567074,3.30735756814375e-12,0.013632346757291348,4.508704521928745e-14,16.0,6.098992584414043e-10,0.0,True,True,COMPUTED
16,S,10,447.5,MEASURED,CALIBRATION,Datasets/nuclear/ionisation_energies.json,870.7495505445829,0.9458090514962747,3.30735756814375e-12,0.013632346757291348,4.508704521928745e-14,16.0,6.098992584414043e-10,0.0,True,True,COMPUTED
16,S,11,504.8,MEASURED,CALIBRATION,Datasets/nuclear/ionisation_energies.json,870.7495505445829,0.7249396801596333,3.30735756814375e-12,0.013632346757291348,4.508704521928745e-14,16.0,6.098992584414043e-10,0.0,True,True,COMPUTED
16,S,12,564.44,MEASURED,CALIBRATION,Datasets/nuclear/ionisation_energies.json,870.7495505445829,0.5426786736315337,3.30735756814375e-12,0.013632346757291348,4.508704521928745e-14,16.0,6.098992584414043e-10,0.0,True,True,COMPUTED
16,S,13,652.2,MEASURED,CALIBRATION,Datasets/nuclear/ionisation_energies.json,870.7495505445829,0.3350959069987471,3.30735756814375e-12,0.013632346757291348,4.508704521928745e-14,16.0,6.098992584414043e-10,0.0,True,True,COMPUTED
16,S,14,707.01,MEASURED,CALIBRATION,Datasets/nuclear/ionisation_energies.json,870.7495505445829,0.23159439123150016,3.30735756814375e-12,0.013632346757291348,4.508704521928745e-14,16.0,6.098992584414043e-10,0.0,True,True,COMPUTED
16,S,15,3223.78,MEASURED,CALIBRATION,Datasets/nuclear/ionisation_energies.json,3482.9982021783317,0.08040815507830294,3.30735756814375e-12,0.013632346757291348,4.508704521928745e-14,16.0,6.098992584414043e-10,0.0,True,True,COMPUTED
16,S,16,3494.1892,MEASURED,CALIBRATION,Datasets/nuclear/ionisation_energies.json,3482.9982021783317,0.003202745238199504,3.30735756814375e-12,0.013632346757291348,4.508704521928745e-14,16.0,6.098992584414043e-10,0.0,True,True,COMPUTED
17,Cl,1,12.96764,MEASURED,CALIBRATION,Datasets/nuclear/ionisation_energies.json,436.88713025490324,32.69056592062266,3.1128071229588235e-12,0.015389641456473436,4.790498554549291e-14,17.0,6.098994718575397e-10,0.0,True,True,COMPUTED
17,Cl,2,23.814,MEASURED,CALIBRATION,Datasets/nuclear/ionisation_energies.json,436.88713025490324,17.345810458339766,3.1128071229588235e-12,0.015389641456473436,4.790498554549291e-14,17.0,6.098994718575397e-10,0.0,True,True,COMPUTED
17,Cl,3,39.61,MEASURED,CALIBRATION,Datasets/nuclear/ionisation_energies.json,436.88713025490324,10.029718006940248,3.1128071229588235e-12,0.015389641456473436,4.790498554549291e-14,17.0,6.098994718575397e-10,0.0,True,True,COMPUTED
17,Cl,4,53.4652,MEASURED,CALIBRATION,Datasets/nuclear/ionisation_energies.json,436.88713025490324,7.171429832019767,3.1128071229588235e-12,0.015389641456473436,4.790498554549291e-14,17.0,6.098994718575397e-10,0.0,True,True,COMPUTED
17,Cl,5,67.8,MEASURED,CALIBRATION,Datasets/nuclear/ionisation_energies.json,436.88713025490324,5.443762983110667,3.1128071229588235e-12,0.015389641456473436,4.790498554549291e-14,17.0,6.098994718575397e-10,0.0,True,True,COMPUTED
17,Cl,6,97.03,MEASURED,CALIBRATION,Datasets/nuclear/ionisation_energies.json,436.88713025490324,3.502598477325603,3.1128071229588235e-12,0.015389641456473436,4.790498554549291e-14,17.0,6.098994718575397e-10,0.0,True,True,COMPUTED
17,Cl,7,114.1958,MEASURED,CALIBRATION,Datasets/nuclear/ionisation_energies.json,436.88713025490324,2.8257723161000947,3.1128071229588235e-12,0.015389641456473436,4.790498554549291e-14,17.0,6.098994718575397e-10,0.0,True,True,COMPUTED
17,Cl,8,348.28,MEASURED,CALIBRATION,Datasets/nuclear/ionisation_energies.json,982.9960430735322,1.8224303522267493,3.1128071229588235e-12,0.015389641456473436,4.790498554549291e-14,17.0,6.098992856129699e-10,0.0,True,True,COMPUTED
17,Cl,9,400.06,MEASURED,CALIBRATION,Datasets/nuclear/ionisation_energies.json,982.9960430735322,1.4571215394529125,3.1128071229588235e-12,0.015389641456473436,4.790498554549291e-14,17.0,6.098992856129699e-10,0.0,True,True,COMPUTED
17,Cl,10,455.63,MEASURED,CALIBRATION,Datasets/nuclear/ionisation_energies.json,982.9960430735322,1.1574436342504493,3.1128071229588235e-12,0.015389641456473436,4.790498554549291e-14,17.0,6.098992856129699e-10,0.0,True,True,COMPUTED
17,Cl,11,529.28,MEASURED,CALIBRATION,Datasets/nuclear/ionisation_energies.json,982.9960430735322,0.8572325481286507,3.1128071229588235e-12,0.015389641456473436,4.790498554549291e-14,17.0,6.098992856129699e-10,0.0,True,True,COMPUTED
17,Cl,12,591.99,MEASURED,CALIBRATION,Datasets/nuclear/ionisation_energies.json,982.9960430735322,0.6604943378664034,3.1128071229588235e-12,0.015389641456473436,4.790498554549291e-14,17.0,6.098992856129699e-10,0.0,True,True,COMPUTED
17,Cl,13,656.71,MEASURED,CALIBRATION,Datasets/nuclear/ionisation_energies.json,982.9960430735322,0.49684951207311007,3.1128071229588235e-12,0.015389641456473436,4.790498554549291e-14,17.0,6.098992856129699e-10,0.0,True,True,COMPUTED
17,Cl,14,749.76,MEASURED,CALIBRATION,Datasets/nuclear/ionisation_energies.json,982.9960430735322,0.3110809366644422,3.1128071229588235e-12,0.015389641456473436,4.790498554549291e-14,17.0,6.098992856129699e-10,0.0,True,True,COMPUTED
17,Cl,15,809.4,MEASURED,CALIBRATION,Datasets/nuclear/ionisation_energies.json,982.9960430735322,0.21447497291022016,3.1128071229588235e-12,0.015389641456473436,4.790498554549291e-14,17.0,6.098992856129699e-10,0.0,True,True,COMPUTED
17,Cl,16,3658.521,MEASURED,CALIBRATION,Datasets/nuclear/ionisation_energies.json,3931.9841722941287,0.07474691884893608,3.1128071229588235e-12,0.015389641456473436,4.790498554549291e-14,17.0,6.098992856129699e-10,0.0,True,True,COMPUTED
17,Cl,17,3946.296,MEASURED,CALIBRATION,Datasets/nuclear/ionisation_energies.json,3931.9841722941287,0.0036266483066326274,3.1128071229588235e-12,0.015389641456473436,4.790498554549291e-14,17.0,6.098992856129699e-10,0.0,True,True,COMPUTED
20,Ca,1,6.11316,MEASURED,CALIBRATION,Datasets/nuclear/ionisation_energies.json,340.1377001442792,54.64024173165421,2.645886054515e-12,0.021300541808267733,5.6358806524109315e-14,20.0,6.098993419754944e-10,0.0,True,True,COMPUTED
20,Ca,2,11.87172,MEASURED,CALIBRATION,Datasets/nuclear/ionisation_energies.json,340.1377001442792,27.651088481220853,2.645886054515e-12,0.021300541808267733,5.6358806524109315e-14,20.0,6.098993419754944e-10,0.0,True,True,COMPUTED
20,Ca,3,50.9131,MEASURED,CALIBRATION,Datasets/nuclear/ionisation_energies.json,604.689244700941,10.876889144462643,2.645886054515e-12,0.021300541808267733,5.6358806524109315e-14,20.0,6.098993419754944e-10,0.0,True,True,COMPUTED
20,Ca,4,67.27,MEASURED,CALIBRATION,Datasets/nuclear/ionisation_energies.json,604.689244700941,7.988988326162347,2.645886054515e-12,0.021300541808267733,5.6358806524109315e-14,20.0,6.098993419754944e-10,0.0,True,True,COMPUTED
20,Ca,5,84.5,MEASURED,CALIBRATION,Datasets/nuclear/ionisation_energies.json,604.689244700941,6.156085736105811,2.645886054515e-12,0.021300541808267733,5.6358806524109315e-14,20.0,6.098993419754944e-10,0.0,True,True,COMPUTED
20,Ca,6,108.78,MEASURED,CALIBRATION,Datasets/nuclear/ionisation_energies.json,604.689244700941,4.558827401185337,2.645886054515e-12,0.021300541808267733,5.6358806524109315e-14,20.0,6.098993419754944e-10,0.0,True,True,COMPUTED
20,Ca,7,127.2,MEASURED,CALIBRATION,Datasets/nuclear/ionisation_energies.json,604.689244700941,3.7538462633721776,2.645886054515e-12,0.021300541808267733,5.6358806524109315e-14,20.0,6.098993419754944e-10,0.0,True,True,COMPUTED
20,Ca,8,147.24,MEASURED,CALIBRATION,Datasets/nuclear/ionisation_energies.json,604.689244700941,3.10682725279096,2.645886054515e-12,0.021300541808267733,5.6358806524109315e-14,20.0,6.098993419754944e-10,0.0,True,True,COMPUTED
20,Ca,9,188.54,MEASURED,CALIBRATION,Datasets/nuclear/ionisation_energies.json,604.689244700941,2.2072199252197997,2.645886054515e-12,0.021300541808267733,5.6358806524109315e-14,20.0,6.098993419754944e-10,0.0,True,True,COMPUTED
20,Ca,10,211.275,MEASURED,CALIBRATION,Datasets/nuclear/ionisation_energies.json,604.689244700941,1.862095584905649,2.645886054515e-12,0.021300541808267733,5.6358806524109315e-14,20.0,6.098993419754944e-10,0.0,True,True,COMPUTED
20,Ca,11,591.9,MEASURED,CALIBRATION,Datasets/nuclear/ionisation_energies.json,1360.550800577117,1.2986159834044888,2.645886054515e-12,0.021300541808267733,5.6358806524109315e-14,20.0,6.098993239835366e-10,0.0,True,True,COMPUTED
20,Ca,12,657.2,MEASURED,CALIBRATION,Datasets/nuclear/ionisation_energies.json,1360.550800577117,1.0702233727588508,2.645886054515e-12,0.021300541808267733,5.6358806524109315e-14,20.0,6.098993239835366e-10,0.0,True,True,COMPUTED
20,Ca,13,726.6,MEASURED,CALIBRATION,Datasets/nuclear/ionisation_energies.json,1360.550800577117,0.8724894034917655,2.645886054515e-12,0.021300541808267733,5.6358806524109315e-14,20.0,6.098993239835366e-10,0.0,True,True,COMPUTED
20,Ca,14,817.6,MEASURED,CALIBRATION,Datasets/nuclear/ionisation_energies.json,1360.550800577117,0.6640787678291546,2.645886054515e-12,0.021300541808267733,5.6358806524109315e-14,20.0,6.098993239835366e-10,0.0,True,True,COMPUTED
20,Ca,15,894.5,MEASURED,CALIBRATION,Datasets/nuclear/ionisation_energies.json,1360.550800577117,0.5210182231158378,2.645886054515e-12,0.021300541808267733,5.6358806524109315e-14,20.0,6.098993239835366e-10,0.0,True,True,COMPUTED
20,Ca,16,974.0,MEASURED,CALIBRATION,Datasets/nuclear/ionisation_energies.json,1360.550800577117,0.39686940510997626,2.645886054515e-12,0.021300541808267733,5.6358806524109315e-14,20.0,6.098993239835366e-10,0.0,True,True,COMPUTED
20,Ca,17,1087.0,MEASURED,CALIBRATION,Datasets/nuclear/ionisation_energies.json,1360.550800577117,0.25165667026413696,2.645886054515e-12,0.021300541808267733,5.6358806524109315e-14,20.0,6.098993239835366e-10,0.0,True,True,COMPUTED
20,Ca,18,1157.8,MEASURED,CALIBRATION,Datasets/nuclear/ionisation_energies.json,1360.550800577117,0.17511729191321207,2.645886054515e-12,0.021300541808267733,5.6358806524109315e-14,20.0,6.098993239835366e-10,0.0,True,True,COMPUTED
20,Ca,19,5128.8,MEASURED,CALIBRATION,Datasets/nuclear/ionisation_energies.json,5442.203202308468,0.06110653609196447,2.645886054515e-12,0.021300541808267733,5.6358806524109315e-14,20.0,6.098993239835366e-10,0.0,True,True,COMPUTED
20,Ca,20,5469.864,MEASURED,CALIBRATION,Datasets/nuclear/ionisation_energies.json,5442.203202308468,0.005056944321016396,2.645886054515e-12,0.021300541808267733,5.6358806524109315e-14,20.0,6.098993239835366e-10,0.0,True,True,COMPUTED
21,Sc,1,6.5615,MEASURED,CALIBRATION,Datasets/nuclear/ionisation_energies.json,375.00238153185876,56.15192890830736,2.519891480490476e-12,0.02348384734361517,5.917674685031476e-14,21.0,6.098990453442361e-10,0.0,True,True,COMPUTED
21,Sc,2,12.79967,MEASURED,CALIBRATION,Datasets/nuclear/ionisation_energies.json,375.00238153185876,28.297816391505307,2.519891480490476e-12,0.02348384734361517,5.917674685031476e-14,21.0,6.098990453442361e-10,0.0,True,True,COMPUTED
21,Sc,3,24.75666,MEASURED,CALIBRATION,Datasets/nuclear/ionisation_energies.json,666.6709005010824,25.928951663959612,2.519891480490476e-12,0.02348384734361517,5.917674685031476e-14,21.0,6.098990453442361e-10,0.0,True,True,COMPUTED
21,Sc,4,73.4894,MEASURED,CALIBRATION,Datasets/nuclear/ionisation_energies.json,666.6709005010824,8.071660681691268,2.519891480490476e-12,0.02348384734361517,5.917674685031476e-14,21.0,6.098990453442361e-10,0.0,True,True,COMPUTED
21,Sc,5,91.65,MEASURED,CALIBRATION,Datasets/nuclear/ionisation_energies.json,666.6709005010824,6.274096022925067,2.519891480490476e-12,0.02348384734361517,5.917674685031476e-14,21.0,6.098990453442361e-10,0.0,True,True,COMPUTED
21,Sc,6,110.68,MEASURED,CALIBRATION,Datasets/nuclear/ionisation_energies.json,666.6709005010824,5.0234089311626535,2.519891480490476e-12,0.02348384734361517,5.917674685031476e-14,21.0,6.098990453442361e-10,0.0,True,True,COMPUTED
21,Sc,7,138.0,MEASURED,CALIBRATION,Datasets/nuclear/ionisation_energies.json,666.6709005010824,3.8309485543556696,2.519891480490476e-12,0.02348384734361517,5.917674685031476e-14,21.0,6.098990453442361e-10,0.0,True,True,COMPUTED
21,Sc,8,158.1,MEASURED,CALIBRATION,Datasets/nuclear/ionisation_energies.json,666.6709005010824,3.2167672390960305,2.519891480490476e-12,0.02348384734361517,5.917674685031476e-14,21.0,6.098990453442361e-10,0.0,True,True,COMPUTED
21,Sc,9,180.03,MEASURED,CALIBRATION,Datasets/nuclear/ionisation_energies.json,666.6709005010824,2.703110039999347,2.519891480490476e-12,0.02348384734361517,5.917674685031476e-14,21.0,6.098990453442361e-10,0.0,True,True,COMPUTED
21,Sc,10,225.18,MEASURED,CALIBRATION,Datasets/nuclear/ionisation_energies.json,666.6709005010824,1.9606132893733121,2.519891480490476e-12,0.02348384734361517,5.917674685031476e-14,21.0,6.098990453442361e-10,0.0,True,True,COMPUTED
21,Sc,11,249.798,MEASURED,CALIBRATION,Datasets/nuclear/ionisation_energies.json,666.6709005010824,1.6688400247443231,2.519891480490476e-12,0.02348384734361517,5.917674685031476e-14,21.0,6.098990453442361e-10,0.0,True,True,COMPUTED
21,Sc,12,687.36,MEASURED,CALIBRATION,Datasets/nuclear/ionisation_energies.json,1500.009526127435,1.18227642883996,2.519891480490476e-12,0.02348384734361517,5.917674685031476e-14,21.0,6.098990298021064e-10,0.0,True,True,COMPUTED
21,Sc,13,756.7,MEASURED,CALIBRATION,Datasets/nuclear/ionisation_energies.json,1500.009526127435,0.9823041180486785,2.519891480490476e-12,0.02348384734361517,5.917674685031476e-14,21.0,6.098990298021064e-10,0.0,True,True,COMPUTED
21,Sc,14,830.8,MEASURED,CALIBRATION,Datasets/nuclear/ionisation_energies.json,1500.009526127435,0.805500151814438,2.519891480490476e-12,0.02348384734361517,5.917674685031476e-14,21.0,6.098990298021064e-10,0.0,True,True,COMPUTED
21,Sc,15,927.5,MEASURED,CALIBRATION,Datasets/nuclear/ionisation_energies.json,1500.009526127435,0.6172609446117898,2.519891480490476e-12,0.02348384734361517,5.917674685031476e-14,21.0,6.098990298021064e-10,0.0,True,True,COMPUTED
21,Sc,16,1009.0,MEASURED,CALIBRATION,Datasets/nuclear/ionisation_energies.json,1500.009526127435,0.4866298574107384,2.519891480490476e-12,0.02348384734361517,5.917674685031476e-14,21.0,6.098990298021064e-10,0.0,True,True,COMPUTED
21,Sc,17,1094.0,MEASURED,CALIBRATION,Datasets/nuclear/ionisation_energies.json,1500.009526127435,0.3711238812865037,2.519891480490476e-12,0.02348384734361517,5.917674685031476e-14,21.0,6.098990298021064e-10,0.0,True,True,COMPUTED
21,Sc,18,1213.0,MEASURED,CALIBRATION,Datasets/nuclear/ionisation_energies.json,1500.009526127435,0.23661131585114184,2.519891480490476e-12,0.02348384734361517,5.917674685031476e-14,21.0,6.098990298021064e-10,0.0,True,True,COMPUTED
21,Sc,19,1287.97,MEASURED,CALIBRATION,Datasets/nuclear/ionisation_energies.json,1500.009526127435,0.1646307958472907,2.519891480490476e-12,0.02348384734361517,5.917674685031476e-14,21.0,6.098990298021064e-10,0.0,True,True,COMPUTED
21,Sc,20,5674.8,MEASURED,CALIBRATION,Datasets/nuclear/ionisation_energies.json,6000.03810450974,0.057312699039567906,2.519891480490476e-12,0.02348384734361517,5.917674685031476e-14,21.0,6.098990298021064e-10,0.0,True,True,COMPUTED
21,Sc,21,6033.712,MEASURED,CALIBRATION,Datasets/nuclear/ionisation_energies.json,6000.03810450974,0.005580958370280234,2.519891480490476e-12,0.02348384734361517,5.917674685031476e-14,21.0,6.098990298021064e-10,0.0,True,True,COMPUTED
22,Ti,1,6.8281,MEASURED,CALIBRATION,Datasets/nuclear/ionisation_energies.json,411.5675507310091,59.27555992604225,2.40535095865e-12,0.02577365558800395,6.199468717652023e-14,22.0,6.09899366220319e-10,0.0,True,True,COMPUTED
22,Ti,2,13.5755,MEASURED,CALIBRATION,Datasets/nuclear/ionisation_energies.json,411.5675507310091,29.31693497337182,2.40535095865e-12,0.02577365558800395,6.199468717652023e-14,22.0,6.09899366220319e-10,0.0,True,True,COMPUTED
22,Ti,3,27.4917,MEASURED,CALIBRATION,Datasets/nuclear/ionisation_energies.json,731.6756457440165,25.614419833768608,2.40535095865e-12,0.02577365558800395,6.199468717652023e-14,22.0,6.09899366220319e-10,0.0,True,True,COMPUTED
22,Ti,4,43.2672,MEASURED,CALIBRATION,Datasets/nuclear/ionisation_energies.json,731.6756457440165,15.91063081835701,2.40535095865e-12,0.02577365558800395,6.199468717652023e-14,22.0,6.09899366220319e-10,0.0,True,True,COMPUTED
22,Ti,5,99.3,MEASURED,CALIBRATION,Datasets/nuclear/ionisation_energies.json,731.6756457440165,6.368334801047498,2.40535095865e-12,0.02577365558800395,6.199468717652023e-14,22.0,6.09899366220319e-10,0.0,True,True,COMPUTED
22,Ti,6,119.53,MEASURED,CALIBRATION,Datasets/nuclear/ionisation_energies.json,731.6756457440165,5.121272029984243,2.40535095865e-12,0.02577365558800395,6.199468717652023e-14,22.0,6.09899366220319e-10,0.0,True,True,COMPUTED
22,Ti,7,140.8,MEASURED,CALIBRATION,Datasets/nuclear/ionisation_energies.json,731.6756457440165,4.19655998397739,2.40535095865e-12,0.02577365558800395,6.199468717652023e-14,22.0,6.09899366220319e-10,0.0,True,True,COMPUTED
22,Ti,8,170.4,MEASURED,CALIBRATION,Datasets/nuclear/ionisation_energies.json,731.6756457440165,3.2938711604695805,2.40535095865e-12,0.02577365558800395,6.199468717652023e-14,22.0,6.09899366220319e-10,0.0,True,True,COMPUTED
22,Ti,9,192.1,MEASURED,CALIBRATION,Datasets/nuclear/ionisation_energies.json,731.6756457440165,2.8088268909110696,2.40535095865e-12,0.02577365558800395,6.199468717652023e-14,22.0,6.09899366220319e-10,0.0,True,True,COMPUTED
22,Ti,10,215.92,MEASURED,CALIBRATION,Datasets/nuclear/ionisation_energies.json,731.6756457440165,2.388642301519158,2.40535095865e-12,0.02577365558800395,6.199468717652023e-14,22.0,6.09899366220319e-10,0.0,True,True,COMPUTED
22,Ti,11,265.07,MEASURED,CALIBRATION,Datasets/nuclear/ionisation_energies.json,731.6756457440165,1.7603110338552703,2.40535095865e-12,0.02577365558800395,6.199468717652023e-14,22.0,6.09899366220319e-10,0.0,True,True,COMPUTED
22,Ti,12,291.5,MEASURED,CALIBRATION,Datasets/nuclear/ionisation_energies.json,731.6756457440165,1.5100365205626638,2.40535095865e-12,0.02577365558800395,6.199468717652023e-14,22.0,6.09899366220319e-10,0.0,True,True,COMPUTED
22,Ti,13,787.84,MEASURED,CALIBRATION,Datasets/nuclear/ionisation_energies.json,1646.2702029240363,1.0895996686180396,2.40535095865e-12,0.02577365558800395,6.199468717652023e-14,22.0,6.098990147620891e-10,0.0,True,True,COMPUTED
22,Ti,14,863.1,MEASURED,CALIBRATION,Datasets/nuclear/ionisation_energies.json,1646.2702029240363,0.9073921943274664,2.40535095865e-12,0.02577365558800395,6.199468717652023e-14,22.0,6.098990147620891e-10,0.0,True,True,COMPUTED
22,Ti,15,941.9,MEASURED,CALIBRATION,Datasets/nuclear/ionisation_energies.json,1646.2702029240363,0.7478184551693772,2.40535095865e-12,0.02577365558800395,6.199468717652023e-14,22.0,6.098990147620891e-10,0.0,True,True,COMPUTED
22,Ti,16,1044.0,MEASURED,CALIBRATION,Datasets/nuclear/ionisation_energies.json,1646.2702029240363,0.576887167551759,2.40535095865e-12,0.02577365558800395,6.199468717652023e-14,22.0,6.098990147620891e-10,0.0,True,True,COMPUTED
22,Ti,17,1131.0,MEASURED,CALIBRATION,Datasets/nuclear/ionisation_energies.json,1646.2702029240363,0.4555881546631621,2.40535095865e-12,0.02577365558800395,6.199468717652023e-14,22.0,6.098990147620891e-10,0.0,True,True,COMPUTED
22,Ti,18,1221.0,MEASURED,CALIBRATION,Datasets/nuclear/ionisation_energies.json,1646.2702029240363,0.3482966444914302,2.40535095865e-12,0.02577365558800395,6.199468717652023e-14,22.0,6.098990147620891e-10,0.0,True,True,COMPUTED
22,Ti,19,1346.0,MEASURED,CALIBRATION,Datasets/nuclear/ionisation_energies.json,1646.2702029240363,0.2230833602704579,2.40535095865e-12,0.02577365558800395,6.199468717652023e-14,22.0,6.098990147620891e-10,0.0,True,True,COMPUTED
22,Ti,20,1425.4,MEASURED,CALIBRATION,Datasets/nuclear/ionisation_energies.json,1646.2702029240363,0.15495313801321467,2.40535095865e-12,0.02577365558800395,6.199468717652023e-14,22.0,6.098990147620891e-10,0.0,True,True,COMPUTED
22,Ti,21,6249.0,MEASURED,CALIBRATION,Datasets/nuclear/ionisation_energies.json,6585.080811696145,0.05378153491696996,2.40535095865e-12,0.02577365558800395,6.199468717652023e-14,22.0,6.098990147620891e-10,0.0,True,True,COMPUTED
22,Ti,22,6625.82,MEASURED,CALIBRATION,Datasets/nuclear/ionisation_energies.json,6585.080811696145,0.00614855041396453,2.40535095865e-12,0.02577365558800395,6.199468717652023e-14,22.0,6.098990147620891e-10,0.0,True,True,COMPUTED
23,V,1,6.7462,MEASURED,CALIBRATION,Datasets/nuclear/ionisation_energies.json,449.83342884515366,65.67952756294709,2.3007704821869563e-12,0.02816996654143407,6.481262750272569e-14,23.0,6.098991081501775e-10,0.0,True,True,COMPUTED
23,V,2,14.66,MEASURED,CALIBRATION,Datasets/nuclear/ionisation_energies.json,449.83342884515366,29.684408516040495,2.3007704821869563e-12,0.02816996654143407,6.481262750272569e-14,23.0,6.098991081501775e-10,0.0,True,True,COMPUTED
23,V,3,29.311,MEASURED,CALIBRATION,Datasets/nuclear/ionisation_energies.json,799.7038735024955,26.283404643393112,2.3007704821869563e-12,0.02816996654143407,6.481262750272569e-14,23.0,6.098991081501775e-10,0.0,True,True,COMPUTED
23,V,4,46.709,MEASURED,CALIBRATION,Datasets/nuclear/ionisation_energies.json,799.7038735024955,16.12098039997635,2.3007704821869563e-12,0.02816996654143407,6.481262750272569e-14,23.0,6.098991081501775e-10,0.0,True,True,COMPUTED
23,V,5,65.2817,MEASURED,CALIBRATION,Datasets/nuclear/ionisation_energies.json,799.7038735024955,11.250046697657927,2.3007704821869563e-12,0.02816996654143407,6.481262750272569e-14,23.0,6.098991081501775e-10,0.0,True,True,COMPUTED
23,V,6,128.13,MEASURED,CALIBRATION,Datasets/nuclear/ionisation_energies.json,799.7038735024955,5.241347643038286,2.3007704821869563e-12,0.02816996654143407,6.481262750272569e-14,23.0,6.098991081501775e-10,0.0,True,True,COMPUTED
23,V,7,150.6,MEASURED,CALIBRATION,Datasets/nuclear/ionisation_energies.json,799.7038735024955,4.3101186819554815,2.3007704821869563e-12,0.02816996654143407,6.481262750272569e-14,23.0,6.098991081501775e-10,0.0,True,True,COMPUTED
23,V,8,173.4,MEASURED,CALIBRATION,Datasets/nuclear/ionisation_energies.json,799.7038735024955,3.611902384674138,2.3007704821869563e-12,0.02816996654143407,6.481262750272569e-14,23.0,6.098991081501775e-10,0.0,True,True,COMPUTED
23,V,9,205.8,MEASURED,CALIBRATION,Datasets/nuclear/ionisation_energies.json,799.7038735024955,2.8858302891277723,2.3007704821869563e-12,0.02816996654143407,6.481262750272569e-14,23.0,6.098991081501775e-10,0.0,True,True,COMPUTED
23,V,10,230.5,MEASURED,CALIBRATION,Datasets/nuclear/ionisation_energies.json,799.7038735024955,2.4694311214858806,2.3007704821869563e-12,0.02816996654143407,6.481262750272569e-14,23.0,6.098991081501775e-10,0.0,True,True,COMPUTED
23,V,11,255.7,MEASURED,CALIBRATION,Datasets/nuclear/ionisation_energies.json,799.7038735024955,2.127508304663651,2.3007704821869563e-12,0.02816996654143407,6.481262750272569e-14,23.0,6.098991081501775e-10,0.0,True,True,COMPUTED
23,V,12,308.1,MEASURED,CALIBRATION,Datasets/nuclear/ionisation_energies.json,799.7038735024955,1.595598420975318,2.3007704821869563e-12,0.02816996654143407,6.481262750272569e-14,23.0,6.098991081501775e-10,0.0,True,True,COMPUTED
23,V,13,336.277,MEASURED,CALIBRATION,Datasets/nuclear/ionisation_energies.json,799.7038735024955,1.3781105264484206,2.3007704821869563e-12,0.02816996654143407,6.481262750272569e-14,23.0,6.098991081501775e-10,0.0,True,True,COMPUTED
23,V,14,896.0,MEASURED,CALIBRATION,Datasets/nuclear/ionisation_energies.json,1799.3337153806146,1.008184950201579,2.3007704821869563e-12,0.02816996654143407,6.481262750272569e-14,23.0,6.098991047701761e-10,0.0,True,True,COMPUTED
23,V,15,976.0,MEASURED,CALIBRATION,Datasets/nuclear/ionisation_energies.json,1799.3337153806146,0.8435796264145642,2.3007704821869563e-12,0.02816996654143407,6.481262750272569e-14,23.0,6.098991047701761e-10,0.0,True,True,COMPUTED
23,V,16,1060.0,MEASURED,CALIBRATION,Datasets/nuclear/ionisation_energies.json,1799.3337153806146,0.6974846371515232,2.3007704821869563e-12,0.02816996654143407,6.481262750272569e-14,23.0,6.098991047701761e-10,0.0,True,True,COMPUTED
23,V,17,1168.0,MEASURED,CALIBRATION,Datasets/nuclear/ionisation_energies.json,1799.3337153806146,0.5405254412505263,2.3007704821869563e-12,0.02816996654143407,6.481262750272569e-14,23.0,6.098991047701761e-10,0.0,True,True,COMPUTED
23,V,18,1260.0,MEASURED,CALIBRATION,Datasets/nuclear/ionisation_energies.json,1799.3337153806146,0.4280426312544561,2.3007704821869563e-12,0.02816996654143407,6.481262750272569e-14,23.0,6.098991047701761e-10,0.0,True,True,COMPUTED
23,V,19,1355.0,MEASURED,CALIBRATION,Datasets/nuclear/ionisation_energies.json,1799.3337153806146,0.3279215611665053,2.3007704821869563e-12,0.02816996654143407,6.481262750272569e-14,23.0,6.098991047701761e-10,0.0,True,True,COMPUTED
23,V,20,1486.0,MEASURED,CALIBRATION,Datasets/nuclear/ionisation_energies.json,1799.3337153806146,0.21085714359395333,2.3007704821869563e-12,0.02816996654143407,6.481262750272569e-14,23.0,6.098991047701761e-10,0.0,True,True,COMPUTED
23,V,21,1569.6,MEASURED,CALIBRATION,Datasets/nuclear/ionisation_energies.json,1799.3337153806146,0.14636449756665057,2.3007704821869563e-12,0.02816996654143407,6.481262750272569e-14,23.0,6.098991047701761e-10,0.0,True,True,COMPUTED
23,V,22,6851.3,MEASURED,CALIBRATION,Datasets/nuclear/ionisation_energies.json,7197.334861522459,0.050506453012195994,2.3007704821869563e-12,0.02816996654143407,6.481262750272569e-14,23.0,6.098991047701761e-10,0.0,True,True,COMPUTED
23,V,23,7246.12,MEASURED,CALIBRATION,Datasets/nuclear/ionisation_energies.json,7197.334861522459,0.00673258771280924,2.3007704821869563e-12,0.02816996654143407,6.481262750272569e-14,23.0,6.098991047701761e-10,0.0,True,True,COMPUTED
25,Mn,1,7.43402,MEASURED,CALIBRATION,Datasets/nuclear/ionisation_energies.json,531.4671289144027,70.49121591203718,2.116708843612e-12,0.03328209657541833,7.044850815513664e-14,25.0,6.098993002958388e-10,0.0,True,True,COMPUTED
25,Mn,2,15.63999,MEASURED,CALIBRATION,Datasets/nuclear/ionisation_energies.json,531.4671289144027,32.98129595443493,2.116708843612e-12,0.03328209657541833,7.044850815513664e-14,25.0,6.098993002958388e-10,0.0,True,True,COMPUTED
25,Mn,3,33.668,MEASURED,CALIBRATION,Datasets/nuclear/ionisation_energies.json,944.8304514033824,27.063159421509518,2.116708843612e-12,0.03328209657541833,7.044850815513664e-14,25.0,6.098993002958388e-10,0.0,True,True,COMPUTED
25,Mn,4,51.2,MEASURED,CALIBRATION,Datasets/nuclear/ionisation_energies.json,944.8304514033824,17.45371975397231,2.116708843612e-12,0.03328209657541833,7.044850815513664e-14,25.0,6.098993002958388e-10,0.0,True,True,COMPUTED
25,Mn,5,72.4,MEASURED,CALIBRATION,Datasets/nuclear/ionisation_energies.json,944.8304514033824,12.05014435640031,2.116708843612e-12,0.03328209657541833,7.044850815513664e-14,25.0,6.098993002958388e-10,0.0,True,True,COMPUTED
25,Mn,6,95.6,MEASURED,CALIBRATION,Datasets/nuclear/ionisation_energies.json,944.8304514033824,8.883163717608603,2.116708843612e-12,0.03328209657541833,7.044850815513664e-14,25.0,6.098993002958388e-10,0.0,True,True,COMPUTED
25,Mn,7,119.203,MEASURED,CALIBRATION,Datasets/nuclear/ionisation_energies.json,944.8304514033824,6.926230475771436,2.116708843612e-12,0.03328209657541833,7.044850815513664e-14,25.0,6.098993002958388e-10,0.0,True,True,COMPUTED
25,Mn,8,194.5,MEASURED,CALIBRATION,Datasets/nuclear/ionisation_energies.json,944.8304514033824,3.8577401100430975,2.116708843612e-12,0.03328209657541833,7.044850815513664e-14,25.0,6.098993002958388e-10,0.0,True,True,COMPUTED
25,Mn,9,221.8,MEASURED,CALIBRATION,Datasets/nuclear/ionisation_energies.json,944.8304514033824,3.2598307096635812,2.116708843612e-12,0.03328209657541833,7.044850815513664e-14,25.0,6.098993002958388e-10,0.0,True,True,COMPUTED
25,Mn,10,248.3,MEASURED,CALIBRATION,Datasets/nuclear/ionisation_energies.json,944.8304514033824,2.805197146207742,2.116708843612e-12,0.03328209657541833,7.044850815513664e-14,25.0,6.098993002958388e-10,0.0,True,True,COMPUTED
25,Mn,11,286.0,MEASURED,CALIBRATION,Datasets/nuclear/ionisation_energies.json,944.8304514033824,2.303602976934904,2.116708843612e-12,0.03328209657541833,7.044850815513664e-14,25.0,6.098993002958388e-10,0.0,True,True,COMPUTED
25,Mn,12,314.4,MEASURED,CALIBRATION,Datasets/nuclear/ionisation_energies.json,944.8304514033824,2.005185914132896,2.116708843612e-12,0.03328209657541833,7.044850815513664e-14,25.0,6.098993002958388e-10,0.0,True,True,COMPUTED
25,Mn,13,343.6,MEASURED,CALIBRATION,Datasets/nuclear/ionisation_energies.json,944.8304514033824,1.7497975884848147,2.116708843612e-12,0.03328209657541833,7.044850815513664e-14,25.0,6.098993002958388e-10,0.0,True,True,COMPUTED
25,Mn,14,403.0,MEASURED,CALIBRATION,Datasets/nuclear/ionisation_energies.json,944.8304514033824,1.3444924352441252,2.116708843612e-12,0.03328209657541833,7.044850815513664e-14,25.0,6.098993002958388e-10,0.0,True,True,COMPUTED
25,Mn,15,435.163,MEASURED,CALIBRATION,Datasets/nuclear/ionisation_energies.json,944.8304514033824,1.1712104462083919,2.116708843612e-12,0.03328209657541833,7.044850815513664e-14,25.0,6.098993002958388e-10,0.0,True,True,COMPUTED
25,Mn,16,1134.7,MEASURED,CALIBRATION,Datasets/nuclear/ionisation_energies.json,2125.8685156576107,0.8735071081850803,2.116708843612e-12,0.03328209657541833,7.044850815513664e-14,25.0,6.098993002958388e-10,0.0,True,True,COMPUTED
25,Mn,17,1224.0,MEASURED,CALIBRATION,Datasets/nuclear/ionisation_energies.json,2125.8685156576107,0.7368206827268061,2.116708843612e-12,0.03328209657541833,7.044850815513664e-14,25.0,6.098993002958388e-10,0.0,True,True,COMPUTED
25,Mn,18,1317.0,MEASURED,CALIBRATION,Datasets/nuclear/ionisation_energies.json,2125.8685156576107,0.6141750308713825,2.116708843612e-12,0.03328209657541833,7.044850815513664e-14,25.0,6.098993002958388e-10,0.0,True,True,COMPUTED
25,Mn,19,1437.0,MEASURED,CALIBRATION,Datasets/nuclear/ionisation_energies.json,2125.8685156576107,0.4793796211952754,2.116708843612e-12,0.03328209657541833,7.044850815513664e-14,25.0,6.098993002958388e-10,0.0,True,True,COMPUTED
25,Mn,20,1539.0,MEASURED,CALIBRATION,Datasets/nuclear/ionisation_energies.json,2125.8685156576107,0.38133106930319083,2.116708843612e-12,0.03328209657541833,7.044850815513664e-14,25.0,6.098993002958388e-10,0.0,True,True,COMPUTED
25,Mn,21,1644.0,MEASURED,CALIBRATION,Datasets/nuclear/ionisation_energies.json,2125.8685156576107,0.2931073696214177,2.116708843612e-12,0.03328209657541833,7.044850815513664e-14,25.0,6.098993002958388e-10,0.0,True,True,COMPUTED
25,Mn,22,1788.0,MEASURED,CALIBRATION,Datasets/nuclear/ionisation_energies.json,2125.8685156576107,0.18896449421566594,2.116708843612e-12,0.03328209657541833,7.044850815513664e-14,25.0,6.098993002958388e-10,0.0,True,True,COMPUTED
25,Mn,23,1879.9,MEASURED,CALIBRATION,Datasets/nuclear/ionisation_energies.json,2125.8685156576107,0.1308412764815206,2.116708843612e-12,0.03328209657541833,7.044850815513664e-14,25.0,6.098993002958388e-10,0.0,True,True,COMPUTED
25,Mn,24,8140.6,MEASURED,CALIBRATION,Datasets/nuclear/ionisation_energies.json,8503.474062630443,0.04457583748500633,2.116708843612e-12,0.03328209657541833,7.044850815513664e-14,25.0,6.098993002958388e-10,0.0,True,True,COMPUTED
25,Mn,25,8571.94,MEASURED,CALIBRATION,Datasets/nuclear/ionisation_energies.json,8503.474062630443,0.007987216122553079,2.116708843612e-12,0.03328209657541833,7.044850815513664e-14,25.0,6.098993002958388e-10,0.0,True,True,COMPUTED
27,Co,1,7.881,MEASURED,CALIBRATION,Datasets/nuclear/ionisation_energies.json,619.9036749850744,77.65799707969477,1.959915595937037e-12,0.03882023744556795,7.608438880754759e-14,27.0,6.098994891583832e-10,0.0,True,True,COMPUTED
27,Co,2,17.083,MEASURED,CALIBRATION,Datasets/nuclear/ionisation_energies.json,619.9036749850744,35.28775244307642,1.959915595937037e-12,0.03882023744556795,7.608438880754759e-14,27.0,6.098994891583832e-10,0.0,True,True,COMPUTED
27,Co,3,33.5,MEASURED,CALIBRATION,Datasets/nuclear/ionisation_energies.json,1102.0509777512432,31.897044111977408,1.959915595937037e-12,0.03882023744556795,7.608438880754759e-14,27.0,6.098994891583832e-10,0.0,True,True,COMPUTED
27,Co,4,51.3,MEASURED,CALIBRATION,Datasets/nuclear/ionisation_energies.json,1102.0509777512432,20.482475199829302,1.959915595937037e-12,0.03882023744556795,7.608438880754759e-14,27.0,6.098994891583832e-10,0.0,True,True,COMPUTED
27,Co,5,79.5,MEASURED,CALIBRATION,Datasets/nuclear/ionisation_energies.json,1102.0509777512432,12.862276449701172,1.959915595937037e-12,0.03882023744556795,7.608438880754759e-14,27.0,6.098994891583832e-10,0.0,True,True,COMPUTED
27,Co,6,102.0,MEASURED,CALIBRATION,Datasets/nuclear/ionisation_energies.json,1102.0509777512432,9.804421350502384,1.959915595937037e-12,0.03882023744556795,7.608438880754759e-14,27.0,6.098994891583832e-10,0.0,True,True,COMPUTED
27,Co,7,128.9,MEASURED,CALIBRATION,Datasets/nuclear/ionisation_energies.json,1102.0509777512432,7.549658477511584,1.959915595937037e-12,0.03882023744556795,7.608438880754759e-14,27.0,6.098994891583832e-10,0.0,True,True,COMPUTED
27,Co,8,157.8,MEASURED,CALIBRATION,Datasets/nuclear/ionisation_energies.json,1102.0509777512432,5.983846500324735,1.959915595937037e-12,0.03882023744556795,7.608438880754759e-14,27.0,6.098994891583832e-10,0.0,True,True,COMPUTED
27,Co,9,186.13,MEASURED,CALIBRATION,Datasets/nuclear/ionisation_energies.json,1102.0509777512432,4.92086701633935,1.959915595937037e-12,0.03882023744556795,7.608438880754759e-14,27.0,6.098994891583832e-10,0.0,True,True,COMPUTED
27,Co,10,275.4,MEASURED,CALIBRATION,Datasets/nuclear/ionisation_energies.json,1102.0509777512432,3.0016375372231057,1.959915595937037e-12,0.03882023744556795,7.608438880754759e-14,27.0,6.098994891583832e-10,0.0,True,True,COMPUTED
27,Co,11,305.0,MEASURED,CALIBRATION,Datasets/nuclear/ionisation_energies.json,1102.0509777512432,2.613281894266371,1.959915595937037e-12,0.03882023744556795,7.608438880754759e-14,27.0,6.098994891583832e-10,0.0,True,True,COMPUTED
27,Co,12,336.0,MEASURED,CALIBRATION,Datasets/nuclear/ionisation_energies.json,1102.0509777512432,2.2799136242596525,1.959915595937037e-12,0.03882023744556795,7.608438880754759e-14,27.0,6.098994891583832e-10,0.0,True,True,COMPUTED
27,Co,13,379.0,MEASURED,CALIBRATION,Datasets/nuclear/ionisation_energies.json,1102.0509777512432,1.9077862209795335,1.959915595937037e-12,0.03882023744556795,7.608438880754759e-14,27.0,6.098994891583832e-10,0.0,True,True,COMPUTED
27,Co,14,411.0,MEASURED,CALIBRATION,Datasets/nuclear/ionisation_energies.json,1102.0509777512432,1.6813892402706647,1.959915595937037e-12,0.03882023744556795,7.608438880754759e-14,27.0,6.098994891583832e-10,0.0,True,True,COMPUTED
27,Co,15,444.0,MEASURED,CALIBRATION,Datasets/nuclear/ionisation_energies.json,1102.0509777512432,1.4820967967370342,1.959915595937037e-12,0.03882023744556795,7.608438880754759e-14,27.0,6.098994891583832e-10,0.0,True,True,COMPUTED
27,Co,16,511.96,MEASURED,CALIBRATION,Datasets/nuclear/ionisation_energies.json,1102.0509777512432,1.152611488692951,1.959915595937037e-12,0.03882023744556795,7.608438880754759e-14,27.0,6.098994891583832e-10,0.0,True,True,COMPUTED
27,Co,17,546.58,MEASURED,CALIBRATION,Datasets/nuclear/ionisation_energies.json,1102.0509777512432,1.0162665625365785,1.959915595937037e-12,0.03882023744556795,7.608438880754759e-14,27.0,6.098994891583832e-10,0.0,True,True,COMPUTED
27,Co,18,1397.2,MEASURED,CALIBRATION,Datasets/nuclear/ionisation_energies.json,2479.6146999402977,0.7747027626254634,1.959915595937037e-12,0.03882023744556795,7.608438880754759e-14,27.0,6.098993449939375e-10,0.0,True,True,COMPUTED
27,Co,19,1504.6,MEASURED,CALIBRATION,Datasets/nuclear/ionisation_energies.json,2479.6146999402977,0.6480225308655442,1.959915595937037e-12,0.03882023744556795,7.608438880754759e-14,27.0,6.098993449939375e-10,0.0,True,True,COMPUTED
27,Co,20,1603.0,MEASURED,CALIBRATION,Datasets/nuclear/ionisation_energies.json,2479.6146999402977,0.5468588271617577,1.959915595937037e-12,0.03882023744556795,7.608438880754759e-14,27.0,6.098993449939375e-10,0.0,True,True,COMPUTED
27,Co,21,1735.0,MEASURED,CALIBRATION,Datasets/nuclear/ionisation_energies.json,2479.6146999402977,0.42917273771775083,1.959915595937037e-12,0.03882023744556795,7.608438880754759e-14,27.0,6.098993449939375e-10,0.0,True,True,COMPUTED
27,Co,22,1846.0,MEASURED,CALIBRATION,Datasets/nuclear/ionisation_energies.json,2479.6146999402977,0.3432365655147875,1.959915595937037e-12,0.03882023744556795,7.608438880754759e-14,27.0,6.098993449939375e-10,0.0,True,True,COMPUTED
27,Co,23,1962.0,MEASURED,CALIBRATION,Datasets/nuclear/ionisation_energies.json,2479.6146999402977,0.26381992861381126,1.959915595937037e-12,0.03882023744556795,7.608438880754759e-14,27.0,6.098993449939375e-10,0.0,True,True,COMPUTED
27,Co,24,2119.0,MEASURED,CALIBRATION,Datasets/nuclear/ionisation_energies.json,2479.6146999402977,0.17018154787177803,1.959915595937037e-12,0.03882023744556795,7.608438880754759e-14,27.0,6.098993449939375e-10,0.0,True,True,COMPUTED
27,Co,25,2219.0,MEASURED,CALIBRATION,Datasets/nuclear/ionisation_energies.json,2479.6146999402977,0.11744691299697957,1.959915595937037e-12,0.03882023744556795,7.608438880754759e-14,27.0,6.098993449939375e-10,0.0,True,True,COMPUTED
27,Co,26,9544.1,MEASURED,CALIBRATION,Datasets/nuclear/ionisation_energies.json,9918.45879976119,0.03922410701492968,1.959915595937037e-12,0.03882023744556795,7.608438880754759e-14,27.0,6.098993449939375e-10,0.0,True,True,COMPUTED
27,Co,27,10012.12,MEASURED,CALIBRATION,Datasets/nuclear/ionisation_energies.json,9918.45879976119,0.009354782028062999,1.959915595937037e-12,0.03882023744556795,7.608438880754759e-14,27.0,6.098993449939375e-10,0.0,True,True,COMPUTED
28,Ni,1,7.6398,MEASURED,CALIBRATION,Datasets/nuclear/ionisation_energies.json,666.672707462996,86.26310995876801,1.8899186103678572e-12,0.04174906194420475,7.890232913375305e-14,28.0,6.098993207313461e-10,0.0,True,True,COMPUTED
28,Ni,2,18.16884,MEASURED,CALIBRATION,Datasets/nuclear/ionisation_energies.json,666.672707462996,35.69319050985071,1.8899186103678572e-12,0.04174906194420475,7.890232913375305e-14,28.0,6.098993207313461e-10,0.0,True,True,COMPUTED
28,Ni,3,35.19,MEASURED,CALIBRATION,Datasets/nuclear/ionisation_energies.json,1185.1959243786594,32.67990691613127,1.8899186103678572e-12,0.04174906194420475,7.890232913375305e-14,28.0,6.098993207313461e-10,0.0,True,True,COMPUTED
28,Ni,4,54.9,MEASURED,CALIBRATION,Datasets/nuclear/ionisation_energies.json,1185.1959243786594,20.588268203618565,1.8899186103678572e-12,0.04174906194420475,7.890232913375305e-14,28.0,6.098993207313461e-10,0.0,True,True,COMPUTED
28,Ni,5,76.06,MEASURED,CALIBRATION,Datasets/nuclear/ionisation_energies.json,1185.1959243786594,14.58238133550696,1.8899186103678572e-12,0.04174906194420475,7.890232913375305e-14,28.0,6.098993207313461e-10,0.0,True,True,COMPUTED
28,Ni,6,108.0,MEASURED,CALIBRATION,Datasets/nuclear/ionisation_energies.json,1185.1959243786594,9.974036336839438,1.8899186103678572e-12,0.04174906194420475,7.890232913375305e-14,28.0,6.098993207313461e-10,0.0,True,True,COMPUTED
28,Ni,7,133.0,MEASURED,CALIBRATION,Datasets/nuclear/ionisation_energies.json,1185.1959243786594,7.911247551719243,1.8899186103678572e-12,0.04174906194420475,7.890232913375305e-14,28.0,6.098993207313461e-10,0.0,True,True,COMPUTED
28,Ni,8,162.0,MEASURED,CALIBRATION,Datasets/nuclear/ionisation_energies.json,1185.1959243786594,6.316024224559626,1.8899186103678572e-12,0.04174906194420475,7.890232913375305e-14,28.0,6.098993207313461e-10,0.0,True,True,COMPUTED
28,Ni,9,193.0,MEASURED,CALIBRATION,Datasets/nuclear/ionisation_energies.json,1185.1959243786594,5.140911525278028,1.8899186103678572e-12,0.04174906194420475,7.890232913375305e-14,28.0,6.098993207313461e-10,0.0,True,True,COMPUTED
28,Ni,10,224.6,MEASURED,CALIBRATION,Datasets/nuclear/ionisation_energies.json,1185.1959243786594,4.276918630359124,1.8899186103678572e-12,0.04174906194420475,7.890232913375305e-14,28.0,6.098993207313461e-10,0.0,True,True,COMPUTED
28,Ni,11,321.0,MEASURED,CALIBRATION,Datasets/nuclear/ionisation_energies.json,1185.1959243786594,2.6921991413665403,1.8899186103678572e-12,0.04174906194420475,7.890232913375305e-14,28.0,6.098993207313461e-10,0.0,True,True,COMPUTED
28,Ni,12,352.0,MEASURED,CALIBRATION,Datasets/nuclear/ionisation_energies.json,1185.1959243786594,2.367033876075737,1.8899186103678572e-12,0.04174906194420475,7.890232913375305e-14,28.0,6.098993207313461e-10,0.0,True,True,COMPUTED
28,Ni,13,384.0,MEASURED,CALIBRATION,Datasets/nuclear/ionisation_energies.json,1185.1959243786594,2.086447719736092,1.8899186103678572e-12,0.04174906194420475,7.890232913375305e-14,28.0,6.098993207313461e-10,0.0,True,True,COMPUTED
28,Ni,14,430.0,MEASURED,CALIBRATION,Datasets/nuclear/ionisation_energies.json,1185.1959243786594,1.7562695915782776,1.8899186103678572e-12,0.04174906194420475,7.890232913375305e-14,28.0,6.098993207313461e-10,0.0,True,True,COMPUTED
28,Ni,15,464.0,MEASURED,CALIBRATION,Datasets/nuclear/ionisation_energies.json,1185.1959243786594,1.5543015611609037,1.8899186103678572e-12,0.04174906194420475,7.890232913375305e-14,28.0,6.098993207313461e-10,0.0,True,True,COMPUTED
28,Ni,16,499.0,MEASURED,CALIBRATION,Datasets/nuclear/ionisation_energies.json,1185.1959243786594,1.3751421330233655,1.8899186103678572e-12,0.04174906194420475,7.890232913375305e-14,28.0,6.098993207313461e-10,0.0,True,True,COMPUTED
28,Ni,17,571.08,MEASURED,CALIBRATION,Datasets/nuclear/ionisation_energies.json,1185.1959243786594,1.075358836552951,1.8899186103678572e-12,0.04174906194420475,7.890232913375305e-14,28.0,6.098993207313461e-10,0.0,True,True,COMPUTED
28,Ni,18,607.06,MEASURED,CALIBRATION,Datasets/nuclear/ionisation_energies.json,1185.1959243786594,0.9523538437364667,1.8899186103678572e-12,0.04174906194420475,7.890232913375305e-14,28.0,6.098993207313461e-10,0.0,True,True,COMPUTED
28,Ni,19,1541.0,MEASURED,CALIBRATION,Datasets/nuclear/ionisation_energies.json,2666.690829851984,0.730493724757939,1.8899186103678572e-12,0.04174906194420475,7.890232913375305e-14,28.0,6.098992251888794e-10,0.0,True,True,COMPUTED
28,Ni,20,1648.0,MEASURED,CALIBRATION,Datasets/nuclear/ionisation_energies.json,2666.690829851984,0.6181376394732911,1.8899186103678572e-12,0.04174906194420475,7.890232913375305e-14,28.0,6.098992251888794e-10,0.0,True,True,COMPUTED
28,Ni,21,1756.0,MEASURED,CALIBRATION,Datasets/nuclear/ionisation_energies.json,2666.690829851984,0.5186166457015853,1.8899186103678572e-12,0.04174906194420475,7.890232913375305e-14,28.0,6.098992251888794e-10,0.0,True,True,COMPUTED
28,Ni,22,1894.0,MEASURED,CALIBRATION,Datasets/nuclear/ionisation_energies.json,2666.690829851984,0.4079677031953452,1.8899186103678572e-12,0.04174906194420475,7.890232913375305e-14,28.0,6.098992251888794e-10,0.0,True,True,COMPUTED
28,Ni,23,2011.0,MEASURED,CALIBRATION,Datasets/nuclear/ionisation_energies.json,2666.690829851984,0.3260521282207776,1.8899186103678572e-12,0.04174906194420475,7.890232913375305e-14,28.0,6.098992251888794e-10,0.0,True,True,COMPUTED
28,Ni,24,2131.0,MEASURED,CALIBRATION,Datasets/nuclear/ionisation_energies.json,2666.690829851984,0.2513800233937043,1.8899186103678572e-12,0.04174906194420475,7.890232913375305e-14,28.0,6.098992251888794e-10,0.0,True,True,COMPUTED
28,Ni,25,2295.0,MEASURED,CALIBRATION,Datasets/nuclear/ionisation_energies.json,2666.690829851984,0.1619567886065289,1.8899186103678572e-12,0.04174906194420475,7.890232913375305e-14,28.0,6.098992251888794e-10,0.0,True,True,COMPUTED
28,Ni,26,2399.2,MEASURED,CALIBRATION,Datasets/nuclear/ionisation_energies.json,2666.690829851984,0.11149167633043683,1.8899186103678572e-12,0.04174906194420475,7.890232913375305e-14,28.0,6.098992251888794e-10,0.0,True,True,COMPUTED
28,Ni,27,10288.8,MEASURED,CALIBRATION,Datasets/nuclear/ionisation_energies.json,10666.763319407935,0.03673541320736491,1.8899186103678572e-12,0.04174906194420475,7.890232913375305e-14,28.0,6.098992251888794e-10,0.0,True,True,COMPUTED
28,Ni,28,10775.4,MEASURED,CALIBRATION,Datasets/nuclear/ionisation_energies.json,10666.763319407935,0.010081916271513289,1.8899186103678572e-12,0.04174906194420475,7.890232913375305e-14,28.0,6.098992251888794e-10,0.0,True,True,COMPUTED
30,Zn,1,9.3942,MEASURED,CALIBRATION,Datasets/nuclear/ionisation_energies.json,765.3137303874196,80.46662093498325,1.7639240363433332e-12,0.047926219068602394,8.453820978616396e-14,30.0,6.098991412080917e-10,0.0,True,True,COMPUTED
30,Zn,2,17.9644,MEASURED,CALIBRATION,Datasets/nuclear/ionisation_energies.json,765.3137303874196,41.60168613409964,1.7639240363433332e-12,0.047926219068602394,8.453820978616396e-14,30.0,6.098991412080917e-10,0.0,True,True,COMPUTED
30,Zn,3,39.723,MEASURED,CALIBRATION,Datasets/nuclear/ionisation_energies.json,1360.5577429109678,33.25113266648964,1.7639240363433332e-12,0.047926219068602394,8.453820978616396e-14,30.0,6.098991412080917e-10,0.0,True,True,COMPUTED
30,Zn,4,59.4,MEASURED,CALIBRATION,Datasets/nuclear/ionisation_energies.json,1360.5577429109678,21.90501250691865,1.7639240363433332e-12,0.047926219068602394,8.453820978616396e-14,30.0,6.098991412080917e-10,0.0,True,True,COMPUTED
30,Zn,5,82.6,MEASURED,CALIBRATION,Datasets/nuclear/ionisation_energies.json,1360.5577429109678,15.471643376646101,1.7639240363433332e-12,0.047926219068602394,8.453820978616396e-14,30.0,6.098991412080917e-10,0.0,True,True,COMPUTED
30,Zn,6,108.0,MEASURED,CALIBRATION,Datasets/nuclear/ionisation_energies.json,1360.5577429109678,11.597756878805258,1.7639240363433332e-12,0.047926219068602394,8.453820978616396e-14,30.0,6.098991412080917e-10,0.0,True,True,COMPUTED
30,Zn,7,134.0,MEASURED,CALIBRATION,Datasets/nuclear/ionisation_energies.json,1360.5577429109678,9.153415991872894,1.7639240363433332e-12,0.047926219068602394,8.453820978616396e-14,30.0,6.098991412080917e-10,0.0,True,True,COMPUTED
30,Zn,8,174.0,MEASURED,CALIBRATION,Datasets/nuclear/ionisation_energies.json,1360.5577429109678,6.81929737305154,1.7639240363433332e-12,0.047926219068602394,8.453820978616396e-14,30.0,6.098991412080917e-10,0.0,True,True,COMPUTED
30,Zn,9,203.0,MEASURED,CALIBRATION,Datasets/nuclear/ionisation_energies.json,1360.5577429109678,5.702254891187033,1.7639240363433332e-12,0.047926219068602394,8.453820978616396e-14,30.0,6.098991412080917e-10,0.0,True,True,COMPUTED
30,Zn,10,238.0,MEASURED,CALIBRATION,Datasets/nuclear/ionisation_energies.json,1360.5577429109678,4.716629171894823,1.7639240363433332e-12,0.047926219068602394,8.453820978616396e-14,30.0,6.098991412080917e-10,0.0,True,True,COMPUTED
30,Zn,11,274.0,MEASURED,CALIBRATION,Datasets/nuclear/ionisation_energies.json,1360.5577429109678,3.965539207704262,1.7639240363433332e-12,0.047926219068602394,8.453820978616396e-14,30.0,6.098991412080917e-10,0.0,True,True,COMPUTED
30,Zn,12,310.8,MEASURED,CALIBRATION,Datasets/nuclear/ionisation_energies.json,1360.5577429109678,3.3775989154149544,1.7639240363433332e-12,0.047926219068602394,8.453820978616396e-14,30.0,6.098991412080917e-10,0.0,True,True,COMPUTED
30,Zn,13,419.7,MEASURED,CALIBRATION,Datasets/nuclear/ionisation_energies.json,1360.5577429109678,2.241738725067829,1.7639240363433332e-12,0.047926219068602394,8.453820978616396e-14,30.0,6.098991412080917e-10,0.0,True,True,COMPUTED
30,Zn,14,454.0,MEASURED,CALIBRATION,Datasets/nuclear/ionisation_energies.json,1360.5577429109678,1.9968232222708542,1.7639240363433332e-12,0.047926219068602394,8.453820978616396e-14,30.0,6.098991412080917e-10,0.0,True,True,COMPUTED
30,Zn,15,490.0,MEASURED,CALIBRATION,Datasets/nuclear/ionisation_energies.json,1360.5577429109678,1.7766484549203425,1.7639240363433332e-12,0.047926219068602394,8.453820978616396e-14,30.0,6.098991412080917e-10,0.0,True,True,COMPUTED
30,Zn,16,542.0,MEASURED,CALIBRATION,Datasets/nuclear/ionisation_energies.json,1360.5577429109678,1.5102541382121177,1.7639240363433332e-12,0.047926219068602394,8.453820978616396e-14,30.0,6.098991412080917e-10,0.0,True,True,COMPUTED
30,Zn,17,579.0,MEASURED,CALIBRATION,Datasets/nuclear/ionisation_energies.json,1360.5577429109678,1.3498406613315506,1.7639240363433332e-12,0.047926219068602394,8.453820978616396e-14,30.0,6.098991412080917e-10,0.0,True,True,COMPUTED
30,Zn,18,619.0,MEASURED,CALIBRATION,Datasets/nuclear/ionisation_energies.json,1360.5577429109678,1.197993122634843,1.7639240363433332e-12,0.047926219068602394,8.453820978616396e-14,30.0,6.098991412080917e-10,0.0,True,True,COMPUTED
30,Zn,19,698.0,MEASURED,CALIBRATION,Datasets/nuclear/ionisation_energies.json,1360.5577429109678,0.94922312737961,1.7639240363433332e-12,0.047926219068602394,8.453820978616396e-14,30.0,6.098991412080917e-10,0.0,True,True,COMPUTED
30,Zn,20,738.0,MEASURED,CALIBRATION,Datasets/nuclear/ionisation_energies.json,1360.5577429109678,0.8435741773861353,1.7639240363433332e-12,0.047926219068602394,8.453820978616396e-14,30.0,6.098991412080917e-10,0.0,True,True,COMPUTED
30,Zn,21,1856.0,MEASURED,CALIBRATION,Datasets/nuclear/ionisation_energies.json,3061.2549215496783,0.6493830396280594,1.7639240363433332e-12,0.047926219068602394,8.453820978616396e-14,30.0,6.098991412080917e-10,0.0,True,True,COMPUTED
2,He,1,24.58738,MEASURED,HOLDOUT,Datasets/nuclear/ionisation_energies.json,54.415368710620996,1.2131422181062397,2.645886054515e-11,0.0002130054180826773,5.635880652410931e-15,2.0,6.098992584414043e-10,0.0,True,True,COMPUTED
2,He,2,54.41776,MEASURED,HOLDOUT,Datasets/nuclear/ionisation_energies.json,54.415368710620996,4.394317919380468e-05,2.645886054515e-11,0.0002130054180826773,5.635880652410931e-15,2.0,6.098992584414043e-10,0.0,True,True,COMPUTED
10,Ne,1,21.5646,MEASURED,HOLDOUT,Datasets/nuclear/ionisation_energies.json,340.1330723402968,14.772751284062622,5.29177210903e-12,0.005325135452066933,2.8179403262054657e-14,10.0,6.098993239835366e-10,0.0,True,True,COMPUTED
10,Ne,2,40.96328,MEASURED,HOLDOUT,Datasets/nuclear/ionisation_energies.json,340.1330723402968,7.303365168519142,5.29177210903e-12,0.005325135452066933,2.8179403262054657e-14,10.0,6.098993239835366e-10,0.0,True,True,COMPUTED
10,Ne,3,63.45,MEASURED,HOLDOUT,Datasets/nuclear/ionisation_energies.json,340.1330723402968,4.360647318207987,5.29177210903e-12,0.005325135452066933,2.8179403262054657e-14,10.0,6.098993239835366e-10,0.0,True,True,COMPUTED
10,Ne,4,97.12,MEASURED,HOLDOUT,Datasets/nuclear/ionisation_energies.json,340.1330723402968,2.502193907951985,5.29177210903e-12,0.005325135452066933,2.8179403262054657e-14,10.0,6.098993239835366e-10,0.0,True,True,COMPUTED
10,Ne,5,126.21,MEASURED,HOLDOUT,Datasets/nuclear/ionisation_energies.json,340.1330723402968,1.694977199431874,5.29177210903e-12,0.005325135452066933,2.8179403262054657e-14,10.0,6.098993239835366e-10,0.0,True,True,COMPUTED
10,Ne,6,157.93,MEASURED,HOLDOUT,Datasets/nuclear/ionisation_energies.json,340.1330723402968,1.1536951329088634,5.29177210903e-12,0.005325135452066933,2.8179403262054657e-14,10.0,6.098993239835366e-10,0.0,True,True,COMPUTED
10,Ne,7,207.2759,MEASURED,HOLDOUT,Datasets/nuclear/ionisation_energies.json,340.1330723402968,0.640967774547339,5.29177210903e-12,0.005325135452066933,2.8179403262054657e-14,10.0,6.098993239835366e-10,0.0,True,True,COMPUTED
10,Ne,8,239.0989,MEASURED,HOLDOUT,Datasets/nuclear/ionisation_energies.json,340.1330723402968,0.42256226331571084,5.29177210903e-12,0.005325135452066933,2.8179403262054657e-14,10.0,6.098993239835366e-10,0.0,True,True,COMPUTED
10,Ne,9,1195.8286,MEASURED,HOLDOUT,Datasets/nuclear/ionisation_energies.json,1360.5322893611872,0.1377318533451927,5.29177210903e-12,0.005325135452066933,2.8179403262054657e-14,10.0,6.098993239835366e-10,0.0,True,True,COMPUTED
10,Ne,10,1362.1995,MEASURED,HOLDOUT,Datasets/nuclear/ionisation_energies.json,1360.5322893611872,0.0012239107699076207,5.29177210903e-12,0.005325135452066933,2.8179403262054657e-14,10.0,6.098993239835366e-10,0.0,True,True,COMPUTED
11,Na,1,5.13908,MEASURED,HOLDOUT,Datasets/nuclear/ionisation_energies.json,182.91665714891803,34.59326905767531,4.8107019173e-12,0.006443413897000988,3.0997343588260114e-14,11.0,6.09899366220319e-10,0.0,True,True,COMPUTED
11,Na,2,47.2864,MEASURED,HOLDOUT,Datasets/nuclear/ionisation_energies.json,411.56247858506543,7.703612002289567,4.8107019173e-12,0.006443413897000988,3.0997343588260114e-14,11.0,6.098990147620891e-10,0.0,True,True,COMPUTED
11,Na,3,71.62,MEASURED,HOLDOUT,Datasets/nuclear/ionisation_energies.json,411.56247858506543,4.746474149470335,4.8107019173e-12,0.006443413897000988,3.0997343588260114e-14,11.0,6.098990147620891e-10,0.0,True,True,COMPUTED
11,Na,4,98.91,MEASURED,HOLDOUT,Datasets/nuclear/ionisation_energies.json,411.56247858506543,3.160979461986305,4.8107019173e-12,0.006443413897000988,3.0997343588260114e-14,11.0,6.098990147620891e-10,0.0,True,True,COMPUTED
11,Na,5,138.4,MEASURED,HOLDOUT,Datasets/nuclear/ionisation_energies.json,411.56247858506543,1.9737173308169464,4.8107019173e-12,0.006443413897000988,3.0997343588260114e-14,11.0,6.098990147620891e-10,0.0,True,True,COMPUTED
11,Na,6,172.18,MEASURED,HOLDOUT,Datasets/nuclear/ionisation_energies.json,411.56247858506543,1.390303627512286,4.8107019173e-12,0.006443413897000988,3.0997343588260114e-14,11.0,6.098990147620891e-10,0.0,True,True,COMPUTED
11,Na,7,208.5,MEASURED,HOLDOUT,Datasets/nuclear/ionisation_energies.json,411.56247858506543,0.9739207605998342,4.8107019173e-12,0.006443413897000988,3.0997343588260114e-14,11.0,6.098990147620891e-10,0.0,True,True,COMPUTED
11,Na,8,264.25,MEASURED,HOLDOUT,Datasets/nuclear/ionisation_energies.json,411.56247858506543,0.5574739019302382,4.8107019173e-12,0.006443413897000988,3.0997343588260114e-14,11.0,6.098990147620891e-10,0.0,True,True,COMPUTED
11,Na,9,299.864,MEASURED,HOLDOUT,Datasets/nuclear/ionisation_energies.json,411.56247858506543,0.37249712731460083,4.8107019173e-12,0.006443413897000988,3.0997343588260114e-14,11.0,6.098990147620891e-10,0.0,True,True,COMPUTED
11,Na,10,1465.121,MEASURED,HOLDOUT,Datasets/nuclear/ionisation_energies.json,1646.2499143402617,0.1236272733380121,4.8107019173e-12,0.006443413897000988,3.0997343588260114e-14,11.0,6.098990147620891e-10,0.0,True,True,COMPUTED
11,Na,11,1648.702,MEASURED,HOLDOUT,Datasets/nuclear/ionisation_energies.json,1646.2499143402617,0.0014872825166332418,4.8107019173e-12,0.006443413897000988,3.0997343588260114e-14,11.0,6.098990147620891e-10,0.0,True,True,COMPUTED
18,Ar,1,15.75962,MEASURED,HOLDOUT,Datasets/nuclear/ionisation_energies.json,489.79828866671227,30.079320990399026,2.9398733939055554e-12,0.017253438864696862,5.0722925871698376e-14,18.0,6.0989931992186e-10,0.0,True,True,COMPUTED
18,Ar,2,27.62967,MEASURED,HOLDOUT,Datasets/nuclear/ionisation_energies.json,489.79828866671227,16.727258004410196,2.9398733939055554e-12,0.017253438864696862,5.0722925871698376e-14,18.0,6.0989931992186e-10,0.0,True,True,COMPUTED
18,Ar,3,40.74,MEASURED,HOLDOUT,Datasets/nuclear/ionisation_energies.json,489.79828866671227,11.022540222550619,2.9398733939055554e-12,0.017253438864696862,5.0722925871698376e-14,18.0,6.0989931992186e-10,0.0,True,True,COMPUTED
18,Ar,4,59.81,MEASURED,HOLDOUT,Datasets/nuclear/ionisation_energies.json,489.79828866671227,7.189237396199837,2.9398733939055554e-12,0.017253438864696862,5.0722925871698376e-14,18.0,6.0989931992186e-10,0.0,True,True,COMPUTED
18,Ar,5,75.02,MEASURED,HOLDOUT,Datasets/nuclear/ionisation_energies.json,489.79828866671227,5.52890280814066,2.9398733939055554e-12,0.017253438864696862,5.0722925871698376e-14,18.0,6.0989931992186e-10,0.0,True,True,COMPUTED
18,Ar,6,91.009,MEASURED,HOLDOUT,Datasets/nuclear/ionisation_energies.json,489.79828866671227,4.381866504045888,2.9398733939055554e-12,0.017253438864696862,5.0722925871698376e-14,18.0,6.0989931992186e-10,0.0,True,True,COMPUTED
18,Ar,7,124.323,MEASURED,HOLDOUT,Datasets/nuclear/ionisation_energies.json,489.79828866671227,2.9397238537254755,2.9398733939055554e-12,0.017253438864696862,5.0722925871698376e-14,18.0,6.0989931992186e-10,0.0,True,True,COMPUTED
18,Ar,8,143.46,MEASURED,HOLDOUT,Datasets/nuclear/ionisation_energies.json,489.79828866671227,2.414180180306094,2.9398733939055554e-12,0.017253438864696862,5.0722925871698376e-14,18.0,6.0989931992186e-10,0.0,True,True,COMPUTED
18,Ar,9,422.45,MEASURED,HOLDOUT,Datasets/nuclear/ionisation_energies.json,1102.0461495001027,1.6087019753819451,2.9398733939055554e-12,0.017253438864696862,5.0722925871698376e-14,18.0,6.0989931992186e-10,0.0,True,True,COMPUTED
18,Ar,10,478.69,MEASURED,HOLDOUT,Datasets/nuclear/ionisation_energies.json,1102.0461495001027,1.3022126000127487,2.9398733939055554e-12,0.017253438864696862,5.0722925871698376e-14,18.0,6.0989931992186e-10,0.0,True,True,COMPUTED
18,Ar,11,538.96,MEASURED,HOLDOUT,Datasets/nuclear/ionisation_energies.json,1102.0461495001027,1.044764267292754,2.9398733939055554e-12,0.017253438864696862,5.0722925871698376e-14,18.0,6.0989931992186e-10,0.0,True,True,COMPUTED
18,Ar,12,618.26,MEASURED,HOLDOUT,Datasets/nuclear/ionisation_energies.json,1102.0461495001027,0.7824962790736951,2.9398733939055554e-12,0.017253438864696862,5.0722925871698376e-14,18.0,6.0989931992186e-10,0.0,True,True,COMPUTED
18,Ar,13,686.1,MEASURED,HOLDOUT,Datasets/nuclear/ionisation_energies.json,1102.0461495001027,0.6062471206822659,2.9398733939055554e-12,0.017253438864696862,5.0722925871698376e-14,18.0,6.0989931992186e-10,0.0,True,True,COMPUTED
18,Ar,14,755.74,MEASURED,HOLDOUT,Datasets/nuclear/ionisation_energies.json,1102.0461495001027,0.4582345112076941,2.9398733939055554e-12,0.017253438864696862,5.0722925871698376e-14,18.0,6.0989931992186e-10,0.0,True,True,COMPUTED
18,Ar,15,854.77,MEASURED,HOLDOUT,Datasets/nuclear/ionisation_energies.json,1102.0461495001027,0.28928969137908767,2.9398733939055554e-12,0.017253438864696862,5.0722925871698376e-14,18.0,6.0989931992186e-10,0.0,True,True,COMPUTED
18,Ar,16,918.03,MEASURED,HOLDOUT,Datasets/nuclear/ionisation_energies.json,1102.0461495001027,0.20044677134745353,2.9398733939055554e-12,0.017253438864696862,5.0722925871698376e-14,18.0,6.0989931992186e-10,0.0,True,True,COMPUTED
18,Ar,17,4120.8857,MEASURED,HOLDOUT,Datasets/nuclear/ionisation_energies.json,4408.184598000411,0.06971775460804727,2.9398733939055554e-12,0.017253438864696862,5.0722925871698376e-14,18.0,6.0989931992186e-10,0.0,True,True,COMPUTED
18,Ar,18,4426.2296,MEASURED,HOLDOUT,Datasets/nuclear/ionisation_energies.json,4408.184598000411,0.0040768337005357225,2.9398733939055554e-12,0.017253438864696862,5.0722925871698376e-14,18.0,6.0989931992186e-10,0.0,True,True,COMPUTED
19,K,1,4.34066,MEASURED,HOLDOUT,Datasets/nuclear/ionisation_energies.json,306.9741673623107,69.72062021957737,2.7851432152789474e-12,0.01922373898196163,5.354086619790386e-14,19.0,6.098996003131485e-10,0.0,True,True,COMPUTED
19,K,2,31.63,MEASURED,HOLDOUT,Datasets/nuclear/ionisation_energies.json,545.7318530885524,16.25361533634374,2.7851432152789474e-12,0.01922373898196163,5.354086619790386e-14,19.0,6.098996003131485e-10,0.0,True,True,COMPUTED
19,K,3,45.806,MEASURED,HOLDOUT,Datasets/nuclear/ionisation_energies.json,545.7318530885524,10.913981860205048,2.7851432152789474e-12,0.01922373898196163,5.354086619790386e-14,19.0,6.098996003131485e-10,0.0,True,True,COMPUTED
19,K,4,60.91,MEASURED,HOLDOUT,Datasets/nuclear/ionisation_energies.json,545.7318530885524,7.959642966484197,2.7851432152789474e-12,0.01922373898196163,5.354086619790386e-14,19.0,6.098996003131485e-10,0.0,True,True,COMPUTED
19,K,5,82.66,MEASURED,HOLDOUT,Datasets/nuclear/ionisation_energies.json,545.7318530885524,5.6021274266701235,2.7851432152789474e-12,0.01922373898196163,5.354086619790386e-14,19.0,6.098996003131485e-10,0.0,True,True,COMPUTED
19,K,6,99.4,MEASURED,HOLDOUT,Datasets/nuclear/ionisation_energies.json,545.7318530885524,4.490260091434129,2.7851432152789474e-12,0.01922373898196163,5.354086619790386e-14,19.0,6.098996003131485e-10,0.0,True,True,COMPUTED
19,K,7,117.56,MEASURED,HOLDOUT,Datasets/nuclear/ionisation_energies.json,545.7318530885524,3.6421559466532187,2.7851432152789474e-12,0.01922373898196163,5.354086619790386e-14,19.0,6.098996003131485e-10,0.0,True,True,COMPUTED
19,K,8,154.88,MEASURED,HOLDOUT,Datasets/nuclear/ionisation_energies.json,545.7318530885524,2.523578596904393,2.7851432152789474e-12,0.01922373898196163,5.354086619790386e-14,19.0,6.098996003131485e-10,0.0,True,True,COMPUTED
19,K,9,175.8174,MEASURED,HOLDOUT,Datasets/nuclear/ionisation_energies.json,545.7318530885524,2.1039695336670454,2.7851432152789474e-12,0.01922373898196163,5.354086619790386e-14,19.0,6.098996003131485e-10,0.0,True,True,COMPUTED
19,K,10,503.8,MEASURED,HOLDOUT,Datasets/nuclear/ionisation_energies.json,1227.8966694492428,1.4372700862430385,2.7851432152789474e-12,0.01922373898196163,5.354086619790386e-14,19.0,6.098996003131485e-10,0.0,True,True,COMPUTED
19,K,11,564.7,MEASURED,HOLDOUT,Datasets/nuclear/ionisation_energies.json,1227.8966694492428,1.174423002389309,2.7851432152789474e-12,0.01922373898196163,5.354086619790386e-14,19.0,6.098996003131485e-10,0.0,True,True,COMPUTED
19,K,12,629.4,MEASURED,HOLDOUT,Datasets/nuclear/ionisation_energies.json,1227.8966694492428,0.9509003327760452,2.7851432152789474e-12,0.01922373898196163,5.354086619790386e-14,19.0,6.098996003131485e-10,0.0,True,True,COMPUTED
19,K,13,714.6,MEASURED,HOLDOUT,Datasets/nuclear/ionisation_energies.json,1227.8966694492428,0.7182992855433009,2.7851432152789474e-12,0.01922373898196163,5.354086619790386e-14,19.0,6.098996003131485e-10,0.0,True,True,COMPUTED
19,K,14,786.6,MEASURED,HOLDOUT,Datasets/nuclear/ionisation_energies.json,1227.8966694492428,0.5610178864089026,2.7851432152789474e-12,0.01922373898196163,5.354086619790386e-14,19.0,6.098996003131485e-10,0.0,True,True,COMPUTED
19,K,15,861.1,MEASURED,HOLDOUT,Datasets/nuclear/ionisation_energies.json,1227.8966694492428,0.425962918881945,2.7851432152789474e-12,0.01922373898196163,5.354086619790386e-14,19.0,6.098996003131485e-10,0.0,True,True,COMPUTED
19,K,16,968.0,MEASURED,HOLDOUT,Datasets/nuclear/ionisation_energies.json,1227.8966694492428,0.26848829488558146,2.7851432152789474e-12,0.01922373898196163,5.354086619790386e-14,19.0,6.098996003131485e-10,0.0,True,True,COMPUTED
19,K,17,1033.4,MEASURED,HOLDOUT,Datasets/nuclear/ionisation_energies.json,1227.8966694492428,0.18821044072889756,2.7851432152789474e-12,0.01922373898196163,5.354086619790386e-14,19.0,6.098996003131485e-10,0.0,True,True,COMPUTED
19,K,18,4610.8,MEASURED,HOLDOUT,Datasets/nuclear/ionisation_energies.json,4911.586677796971,0.06523524720156397,2.7851432152789474e-12,0.01922373898196163,5.354086619790386e-14,19.0,6.098996003131485e-10,0.0,True,True,COMPUTED
19,K,19,4934.046,MEASURED,HOLDOUT,Datasets/nuclear/ionisation_energies.json,4911.586677796971,0.0045519077452923894,2.7851432152789474e-12,0.01922373898196163,5.354086619790386e-14,19.0,6.098996003131485e-10,0.0,True,True,COMPUTED
24,Cr,1,6.7665,MEASURED,HOLDOUT,Datasets/nuclear/ionisation_energies.json,489.7998263599506,71.38599369835966,2.2049050454291665e-12,0.030672780203905528,6.763056782893115e-14,24.0,6.098994190838853e-10,0.0,True,True,COMPUTED
24,Cr,2,16.4857,MEASURED,HOLDOUT,Datasets/nuclear/ionisation_energies.json,870.7552468621346,51.81882157640468,2.2049050454291665e-12,0.030672780203905528,6.763056782893115e-14,24.0,6.098994190838853e-10,0.0,True,True,COMPUTED
24,Cr,3,30.96,MEASURED,HOLDOUT,Datasets/nuclear/ionisation_energies.json,870.7552468621346,27.12516947229117,2.2049050454291665e-12,0.030672780203905528,6.763056782893115e-14,24.0,6.098994190838853e-10,0.0,True,True,COMPUTED
24,Cr,4,49.16,MEASURED,HOLDOUT,Datasets/nuclear/ionisation_energies.json,870.7552468621346,16.71267792640632,2.2049050454291665e-12,0.030672780203905528,6.763056782893115e-14,24.0,6.098994190838853e-10,0.0,True,True,COMPUTED
24,Cr,5,69.46,MEASURED,HOLDOUT,Datasets/nuclear/ionisation_energies.json,870.7552468621346,11.536067475700182,2.2049050454291665e-12,0.030672780203905528,6.763056782893115e-14,24.0,6.098994190838853e-10,0.0,True,True,COMPUTED
24,Cr,6,90.6349,MEASURED,HOLDOUT,Datasets/nuclear/ionisation_energies.json,870.7552468621346,8.607284245496322,2.2049050454291665e-12,0.030672780203905528,6.763056782893115e-14,24.0,6.098994190838853e-10,0.0,True,True,COMPUTED
24,Cr,7,160.18,MEASURED,HOLDOUT,Datasets/nuclear/ionisation_energies.json,870.7552468621346,4.436104675128822,2.2049050454291665e-12,0.030672780203905528,6.763056782893115e-14,24.0,6.098994190838853e-10,0.0,True,True,COMPUTED
24,Cr,8,184.7,MEASURED,HOLDOUT,Datasets/nuclear/ionisation_energies.json,870.7552468621346,3.7144301400223863,2.2049050454291665e-12,0.030672780203905528,6.763056782893115e-14,24.0,6.098994190838853e-10,0.0,True,True,COMPUTED
24,Cr,9,209.3,MEASURED,HOLDOUT,Datasets/nuclear/ionisation_energies.json,870.7552468621346,3.1603212941334666,2.2049050454291665e-12,0.030672780203905528,6.763056782893115e-14,24.0,6.098994190838853e-10,0.0,True,True,COMPUTED
24,Cr,10,244.4,MEASURED,HOLDOUT,Datasets/nuclear/ionisation_energies.json,870.7552468621346,2.5628283423164264,2.2049050454291665e-12,0.030672780203905528,6.763056782893115e-14,24.0,6.098994190838853e-10,0.0,True,True,COMPUTED
24,Cr,11,270.8,MEASURED,HOLDOUT,Datasets/nuclear/ionisation_energies.json,870.7552468621346,2.215492048973909,2.2049050454291665e-12,0.030672780203905528,6.763056782893115e-14,24.0,6.098994190838853e-10,0.0,True,True,COMPUTED
24,Cr,12,298.0,MEASURED,HOLDOUT,Datasets/nuclear/ionisation_energies.json,870.7552468621346,1.921997472691727,2.2049050454291665e-12,0.030672780203905528,6.763056782893115e-14,24.0,6.098994190838853e-10,0.0,True,True,COMPUTED
24,Cr,13,354.8,MEASURED,HOLDOUT,Datasets/nuclear/ionisation_energies.json,870.7552468621346,1.4542143372664447,2.2049050454291665e-12,0.030672780203905528,6.763056782893115e-14,24.0,6.098994190838853e-10,0.0,True,True,COMPUTED
24,Cr,14,384.168,MEASURED,HOLDOUT,Datasets/nuclear/ionisation_energies.json,870.7552468621346,1.266600151137353,2.2049050454291665e-12,0.030672780203905528,6.763056782893115e-14,24.0,6.098994190838853e-10,0.0,True,True,COMPUTED
24,Cr,15,1010.6,MEASURED,HOLDOUT,Datasets/nuclear/ionisation_energies.json,1959.1993054398024,0.9386496194733844,2.2049050454291665e-12,0.030672780203905528,6.763056782893115e-14,24.0,6.098991929944678e-10,0.0,True,True,COMPUTED
24,Cr,16,1097.0,MEASURED,HOLDOUT,Datasets/nuclear/ionisation_energies.json,1959.1993054398024,0.7859610806196923,2.2049050454291665e-12,0.030672780203905528,6.763056782893115e-14,24.0,6.098991929944678e-10,0.0,True,True,COMPUTED
24,Cr,17,1185.0,MEASURED,HOLDOUT,Datasets/nuclear/ionisation_energies.json,1959.1993054398024,0.6533327472065843,2.2049050454291665e-12,0.030672780203905528,6.763056782893115e-14,24.0,6.098991929944678e-10,0.0,True,True,COMPUTED
24,Cr,18,1299.0,MEASURED,HOLDOUT,Datasets/nuclear/ionisation_energies.json,1959.1993054398024,0.5082365707773691,2.2049050454291665e-12,0.030672780203905528,6.763056782893115e-14,24.0,6.098991929944678e-10,0.0,True,True,COMPUTED
24,Cr,19,1396.0,MEASURED,HOLDOUT,Datasets/nuclear/ionisation_energies.json,1959.1993054398024,0.4034378978795146,2.2049050454291665e-12,0.030672780203905528,6.763056782893115e-14,24.0,6.098991929944678e-10,0.0,True,True,COMPUTED
24,Cr,20,1496.0,MEASURED,HOLDOUT,Datasets/nuclear/ionisation_energies.json,1959.1993054398024,0.30962520417099093,2.2049050454291665e-12,0.030672780203905528,6.763056782893115e-14,24.0,6.098991929944678e-10,0.0,True,True,COMPUTED
24,Cr,21,1634.0,MEASURED,HOLDOUT,Datasets/nuclear/ionisation_energies.json,1959.1993054398024,0.19902038276609693,2.2049050454291665e-12,0.030672780203905528,6.763056782893115e-14,24.0,6.098991929944678e-10,0.0,True,True,COMPUTED
24,Cr,22,1721.4,MEASURED,HOLDOUT,Datasets/nuclear/ionisation_energies.json,1959.1993054398024,0.13814296818856878,2.2049050454291665e-12,0.030672780203905528,6.763056782893115e-14,24.0,6.098991929944678e-10,0.0,True,True,COMPUTED
24,Cr,23,7481.7,MEASURED,HOLDOUT,Datasets/nuclear/ionisation_energies.json,7836.79722175921,0.04746210376775463,2.2049050454291665e-12,0.030672780203905528,6.763056782893115e-14,24.0,6.098991929944678e-10,0.0,True,True,COMPUTED
24,Cr,24,7894.81,MEASURED,HOLDOUT,Datasets/nuclear/ionisation_energies.json,7836.79722175921,0.007348217150354574,2.2049050454291665e-12,0.030672780203905528,6.763056782893115e-14,24.0,6.098991929944678e-10,0.0,True,True,COMPUTED
26,Fe,1,7.9024,MEASURED,HOLDOUT,Datasets/nuclear/ionisation_energies.json,574.8349481259489,71.74181870393157,2.0352969650115383e-12,0.03599791565597246,7.32664484813421e-14,26.0,6.098994826974301e-10,0.0,True,True,COMPUTED
26,Fe,2,16.1878,MEASURED,HOLDOUT,Datasets/nuclear/ionisation_energies.json,574.8349481259489,34.51038115901783,2.0352969650115383e-12,0.03599791565597246,7.32664484813421e-14,26.0,6.098994826974301e-10,0.0,True,True,COMPUTED
26,Fe,3,30.652,MEASURED,HOLDOUT,Datasets/nuclear/ionisation_energies.json,1021.928796668354,32.339710187536014,2.0352969650115383e-12,0.03599791565597246,7.32664484813421e-14,26.0,6.098994826974301e-10,0.0,True,True,COMPUTED
26,Fe,4,54.8,MEASURED,HOLDOUT,Datasets/nuclear/ionisation_energies.json,1021.928796668354,17.6483357056269,2.0352969650115383e-12,0.03599791565597246,7.32664484813421e-14,26.0,6.098994826974301e-10,0.0,True,True,COMPUTED
26,Fe,5,75.0,MEASURED,HOLDOUT,Datasets/nuclear/ionisation_energies.json,1021.928796668354,12.625717288911387,2.0352969650115383e-12,0.03599791565597246,7.32664484813421e-14,26.0,6.098994826974301e-10,0.0,True,True,COMPUTED
26,Fe,6,99.1,MEASURED,HOLDOUT,Datasets/nuclear/ionisation_energies.json,1021.928796668354,9.312096838227589,2.0352969650115383e-12,0.03599791565597246,7.32664484813421e-14,26.0,6.098994826974301e-10,0.0,True,True,COMPUTED
26,Fe,7,124.98,MEASURED,HOLDOUT,Datasets/nuclear/ionisation_energies.json,1021.928796668354,7.1767386515310765,2.0352969650115383e-12,0.03599791565597246,7.32664484813421e-14,26.0,6.098994826974301e-10,0.0,True,True,COMPUTED
26,Fe,8,151.06,MEASURED,HOLDOUT,Datasets/nuclear/ionisation_energies.json,1021.928796668354,5.765052275045372,2.0352969650115383e-12,0.03599791565597246,7.32664484813421e-14,26.0,6.098994826974301e-10,0.0,True,True,COMPUTED
26,Fe,9,233.6,MEASURED,HOLDOUT,Datasets/nuclear/ionisation_energies.json,1021.928796668354,3.374695191217269,2.0352969650115383e-12,0.03599791565597246,7.32664484813421e-14,26.0,6.098994826974301e-10,0.0,True,True,COMPUTED
26,Fe,10,262.1,MEASURED,HOLDOUT,Datasets/nuclear/ionisation_energies.json,1021.928796668354,2.899003421092537,2.0352969650115383e-12,0.03599791565597246,7.32664484813421e-14,26.0,6.098994826974301e-10,0.0,True,True,COMPUTED
26,Fe,11,290.2,MEASURED,HOLDOUT,Datasets/nuclear/ionisation_energies.json,1021.928796668354,2.5214638065759964,2.0352969650115383e-12,0.03599791565597246,7.32664484813421e-14,26.0,6.098994826974301e-10,0.0,True,True,COMPUTED
26,Fe,12,330.8,MEASURED,HOLDOUT,Datasets/nuclear/ionisation_energies.json,1021.928796668354,2.089264802504093,2.0352969650115383e-12,0.03599791565597246,7.32664484813421e-14,26.0,6.098994826974301e-10,0.0,True,True,COMPUTED
26,Fe,13,361.0,MEASURED,HOLDOUT,Datasets/nuclear/ionisation_energies.json,1021.928796668354,1.8308276916020887,2.0352969650115383e-12,0.03599791565597246,7.32664484813421e-14,26.0,6.098994826974301e-10,0.0,True,True,COMPUTED
26,Fe,14,392.2,MEASURED,HOLDOUT,Datasets/nuclear/ionisation_energies.json,1021.928796668354,1.6056318120049824,2.0352969650115383e-12,0.03599791565597246,7.32664484813421e-14,26.0,6.098994826974301e-10,0.0,True,True,COMPUTED
26,Fe,15,457.0,MEASURED,HOLDOUT,Datasets/nuclear/ionisation_energies.json,1021.928796668354,1.2361680452261576,2.0352969650115383e-12,0.03599791565597246,7.32664484813421e-14,26.0,6.098994826974301e-10,0.0,True,True,COMPUTED
26,Fe,16,489.256,MEASURED,HOLDOUT,Datasets/nuclear/ionisation_energies.json,1021.928796668354,1.0887404480851621,2.0352969650115383e-12,0.03599791565597246,7.32664484813421e-14,26.0,6.098994826974301e-10,0.0,True,True,COMPUTED
26,Fe,17,1266.0,MEASURED,HOLDOUT,Datasets/nuclear/ionisation_energies.json,2299.3397925037957,0.8162241646949413,2.0352969650115383e-12,0.03599791565597246,7.32664484813421e-14,26.0,6.098992136194469e-10,0.0,True,True,COMPUTED
26,Fe,18,1358.0,MEASURED,HOLDOUT,Datasets/nuclear/ionisation_energies.json,2299.3397925037957,0.6931809959527214,2.0352969650115383e-12,0.03599791565597246,7.32664484813421e-14,26.0,6.098992136194469e-10,0.0,True,True,COMPUTED
26,Fe,19,1456.0,MEASURED,HOLDOUT,Datasets/nuclear/ionisation_energies.json,2299.3397925037957,0.5792168904559036,2.0352969650115383e-12,0.03599791565597246,7.32664484813421e-14,26.0,6.098992136194469e-10,0.0,True,True,COMPUTED
26,Fe,20,1582.0,MEASURED,HOLDOUT,Datasets/nuclear/ionisation_energies.json,2299.3397925037957,0.45343855404791134,2.0352969650115383e-12,0.03599791565597246,7.32664484813421e-14,26.0,6.098992136194469e-10,0.0,True,True,COMPUTED
26,Fe,21,1689.0,MEASURED,HOLDOUT,Datasets/nuclear/ionisation_energies.json,2299.3397925037957,0.36136162966476953,2.0352969650115383e-12,0.03599791565597246,7.32664484813421e-14,26.0,6.098992136194469e-10,0.0,True,True,COMPUTED
26,Fe,22,1799.0,MEASURED,HOLDOUT,Datasets/nuclear/ionisation_energies.json,2299.3397925037957,0.2781210630927158,2.0352969650115383e-12,0.03599791565597246,7.32664484813421e-14,26.0,6.098992136194469e-10,0.0,True,True,COMPUTED
26,Fe,23,1950.0,MEASURED,HOLDOUT,Datasets/nuclear/ionisation_energies.json,2299.3397925037957,0.17914861154040806,2.0352969650115383e-12,0.03599791565597246,7.32664484813421e-14,26.0,6.098992136194469e-10,0.0,True,True,COMPUTED
26,Fe,24,2023.0,MEASURED,HOLDOUT,Datasets/nuclear/ionisation_energies.json,2299.3397925037957,0.13659900766376457,2.0352969650115383e-12,0.03599791565597246,7.32664484813421e-14,26.0,6.098992136194469e-10,0.0,True,True,COMPUTED
26,Fe,25,8828.0,MEASURED,HOLDOUT,Datasets/nuclear/ionisation_energies.json,9197.359170015183,0.04183950725138002,2.0352969650115383e-12,0.03599791565597246,7.32664484813421e-14,26.0,6.098992136194469e-10,0.0,True,True,COMPUTED
26,Fe,26,9277.69,MEASURED,HOLDOUT,Datasets/nuclear/ionisation_energies.json,9197.359170015183,0.008658494731427508,2.0352969650115383e-12,0.03599791565597246,7.32664484813421e-14,26.0,6.098992136194469e-10,0.0,True,True,COMPUTED
29,Cu,1,7.72638,MEASURED,HOLDOUT,Datasets/nuclear/ionisation_energies.json,715.1430671638401,91.55861958172393,1.824749003113793e-12,0.0447843891518829,8.172026945995849e-14,29.0,6.09899499428179e-10,0.0,True,True,COMPUTED
29,Cu,2,20.2924,MEASURED,HOLDOUT,Datasets/nuclear/ionisation_energies.json,1271.3654527357157,61.65229606826771,1.824749003113793e-12,0.0447843891518829,8.172026945995849e-14,29.0,6.09899499428179e-10,0.0,True,True,COMPUTED
29,Cu,3,36.841,MEASURED,HOLDOUT,Datasets/nuclear/ionisation_energies.json,1271.3654527357157,33.5095261457538,1.824749003113793e-12,0.0447843891518829,8.172026945995849e-14,29.0,6.09899499428179e-10,0.0,True,True,COMPUTED
29,Cu,4,57.38,MEASURED,HOLDOUT,Datasets/nuclear/ionisation_energies.json,1271.3654527357157,21.156944104839937,1.824749003113793e-12,0.0447843891518829,8.172026945995849e-14,29.0,6.09899499428179e-10,0.0,True,True,COMPUTED
29,Cu,5,79.8,MEASURED,HOLDOUT,Datasets/nuclear/ionisation_energies.json,1271.3654527357157,14.931897903956338,1.824749003113793e-12,0.0447843891518829,8.172026945995849e-14,29.0,6.09899499428179e-10,0.0,True,True,COMPUTED
29,Cu,6,103.0,MEASURED,HOLDOUT,Datasets/nuclear/ionisation_energies.json,1271.3654527357157,11.343353910055493,1.824749003113793e-12,0.0447843891518829,8.172026945995849e-14,29.0,6.09899499428179e-10,0.0,True,True,COMPUTED
29,Cu,7,139.0,MEASURED,HOLDOUT,Datasets/nuclear/ionisation_energies.json,1271.3654527357157,8.146514048458387,1.824749003113793e-12,0.0447843891518829,8.172026945995849e-14,29.0,6.09899499428179e-10,0.0,True,True,COMPUTED
29,Cu,8,166.0,MEASURED,HOLDOUT,Datasets/nuclear/ionisation_energies.json,1271.3654527357157,6.658828028528408,1.824749003113793e-12,0.0447843891518829,8.172026945995849e-14,29.0,6.09899499428179e-10,0.0,True,True,COMPUTED
29,Cu,9,199.0,MEASURED,HOLDOUT,Datasets/nuclear/ionisation_energies.json,1271.3654527357157,5.388771119274954,1.824749003113793e-12,0.0447843891518829,8.172026945995849e-14,29.0,6.09899499428179e-10,0.0,True,True,COMPUTED
29,Cu,10,232.0,MEASURED,HOLDOUT,Datasets/nuclear/ionisation_energies.json,1271.3654527357157,4.480023503171188,1.824749003113793e-12,0.0447843891518829,8.172026945995849e-14,29.0,6.09899499428179e-10,0.0,True,True,COMPUTED
29,Cu,11,265.3,MEASURED,HOLDOUT,Datasets/nuclear/ionisation_energies.json,1271.3654527357157,3.7921803721662863,1.824749003113793e-12,0.0447843891518829,8.172026945995849e-14,29.0,6.09899499428179e-10,0.0,True,True,COMPUTED
29,Cu,12,369.0,MEASURED,HOLDOUT,Datasets/nuclear/ionisation_energies.json,1271.3654527357157,2.4454348312621024,1.824749003113793e-12,0.0447843891518829,8.172026945995849e-14,29.0,6.09899499428179e-10,0.0,True,True,COMPUTED
29,Cu,13,401.0,MEASURED,HOLDOUT,Datasets/nuclear/ionisation_energies.json,1271.3654527357157,2.170487413306024,1.824749003113793e-12,0.0447843891518829,8.172026945995849e-14,29.0,6.09899499428179e-10,0.0,True,True,COMPUTED
29,Cu,14,435.0,MEASURED,HOLDOUT,Datasets/nuclear/ionisation_energies.json,1271.3654527357157,1.9226792016913006,1.824749003113793e-12,0.0447843891518829,8.172026945995849e-14,29.0,6.09899499428179e-10,0.0,True,True,COMPUTED
29,Cu,15,484.0,MEASURED,HOLDOUT,Datasets/nuclear/ionisation_energies.json,1271.3654527357157,1.626788125487016,1.824749003113793e-12,0.0447843891518829,8.172026945995849e-14,29.0,6.09899499428179e-10,0.0,True,True,COMPUTED
29,Cu,16,520.0,MEASURED,HOLDOUT,Datasets/nuclear/ionisation_energies.json,1271.3654527357157,1.4449335629532996,1.824749003113793e-12,0.0447843891518829,8.172026945995849e-14,29.0,6.09899499428179e-10,0.0,True,True,COMPUTED
29,Cu,17,557.0,MEASURED,HOLDOUT,Datasets/nuclear/ionisation_energies.json,1271.3654527357157,1.2825232544626854,1.824749003113793e-12,0.0447843891518829,8.172026945995849e-14,29.0,6.09899499428179e-10,0.0,True,True,COMPUTED
29,Cu,18,633.0,MEASURED,HOLDOUT,Datasets/nuclear/ionisation_energies.json,1271.3654527357157,1.0084762286504199,1.824749003113793e-12,0.0447843891518829,8.172026945995849e-14,29.0,6.09899499428179e-10,0.0,True,True,COMPUTED
29,Cu,19,670.588,MEASURED,HOLDOUT,Datasets/nuclear/ionisation_energies.json,1271.3654527357157,0.895896515797652,1.824749003113793e-12,0.0447843891518829,8.172026945995849e-14,29.0,6.09899499428179e-10,0.0,True,True,COMPUTED
29,Cu,20,1697.0,MEASURED,HOLDOUT,Datasets/nuclear/ionisation_energies.json,2860.5722686553604,0.6856642714527758,1.824749003113793e-12,0.0447843891518829,8.172026945995849e-14,29.0,6.098989952575264e-10,0.0,True,True,COMPUTED
29,Cu,21,1804.0,MEASURED,HOLDOUT,Datasets/nuclear/ionisation_energies.json,2860.5722686553604,0.5856830757513084,1.824749003113793e-12,0.0447843891518829,8.172026945995849e-14,29.0,6.098989952575264e-10,0.0,True,True,COMPUTED
29,Cu,22,1916.0,MEASURED,HOLDOUT,Datasets/nuclear/ionisation_energies.json,2860.5722686553604,0.49299178948609623,1.824749003113793e-12,0.0447843891518829,8.172026945995849e-14,29.0,6.098989952575264e-10,0.0,True,True,COMPUTED
29,Cu,23,2060.0,MEASURED,HOLDOUT,Datasets/nuclear/ionisation_energies.json,2860.5722686553604,0.3886273148812429,1.824749003113793e-12,0.0447843891518829,8.172026945995849e-14,29.0,6.098989952575264e-10,0.0,True,True,COMPUTED
29,Cu,24,2182.0,MEASURED,HOLDOUT,Datasets/nuclear/ionisation_energies.json,2860.5722686553604,0.3109863742691844,1.824749003113793e-12,0.0447843891518829,8.172026945995849e-14,29.0,6.098989952575264e-10,0.0,True,True,COMPUTED
29,Cu,25,2308.0,MEASURED,HOLDOUT,Datasets/nuclear/ionisation_energies.json,2860.5722686553604,0.2394160609425305,1.824749003113793e-12,0.0447843891518829,8.172026945995849e-14,29.0,6.098989952575264e-10,0.0,True,True,COMPUTED
29,Cu,26,2478.0,MEASURED,HOLDOUT,Datasets/nuclear/ionisation_energies.json,2860.5722686553604,0.1543875176171753,1.824749003113793e-12,0.0447843891518829,8.172026945995849e-14,29.0,6.098989952575264e-10,0.0,True,True,COMPUTED
29,Cu,27,2587.5,MEASURED,HOLDOUT,Datasets/nuclear/ionisation_energies.json,2860.5722686553604,0.10553517629192673,1.824749003113793e-12,0.0447843891518829,8.172026945995849e-14,29.0,6.098989952575264e-10,0.0,True,True,COMPUTED
29,Cu,28,11062.38,MEASURED,HOLDOUT,Datasets/nuclear/ionisation_energies.json,11442.289074621442,0.0343424357707331,1.824749003113793e-12,0.0447843891518829,8.172026945995849e-14,29.0,6.098989952575264e-10,0.0,True,True,COMPUTED
29,Cu,29,11567.617,MEASURED,HOLDOUT,Datasets/nuclear/ionisation_energies.json,11442.289074621442,0.010834377156380486,1.824749003113793e-12,0.0447843891518829,8.172026945995849e-14,29.0,6.098989952575264e-10,0.0,True,True,COMPUTED
