Z,symbol,step,energy_eV,status,split,source,pred_eV,rel,r_outer_m,z_outer,koppa_outer_m,q_outer,force_residual,relaxation_eV,physical,converged,tag
1,H,1,13.59844,MEASURED,CALIBRATION,Datasets/nuclear/ionisation_energies.json,13.598287264260605,1.1231857433254958e-05,5.29177210903e-11,5.325135452066933e-05,2.8179403262054656e-15,1.0,6.098992584414043e-10,0.0,True,True,COMPUTED
3,Li,1,5.39171,MEASURED,CALIBRATION,Datasets/nuclear/ionisation_energies.json,9.002342972210567,0.6696637935294307,1.863610250686808e-11,0.0004293611483759105,8.001618373600063e-15,2.839527260101617,1.2298304240037757e-09,0.0,True,True,COMPUTED
3,Li,2,75.64009,MEASURED,CALIBRATION,Datasets/nuclear/ionisation_energies.json,109.00466384638278,0.44109643241279567,1.8694852714326046e-11,0.00042666677886632774,7.976472589001918e-15,2.830603797683233,1.493081960065055e-09,0.0,True,True,COMPUTED
3,Li,3,122.45435,MEASURED,CALIBRATION,Datasets/nuclear/ionisation_energies.json,122.44171934083975,0.00010314585933657246,1.7639240363433332e-11,0.0004792621906860239,8.453820978616394e-15,3.0,6.098991929944678e-10,0.0,True,True,COMPUTED
4,Be,1,9.32269,MEASURED,CALIBRATION,Datasets/nuclear/ionisation_energies.json,21.89474523058038,1.3485437390474617,1.3810789550616635e-11,0.0007818004390732881,1.0797281334620864e-14,3.8316217111524438,9.42843562590499e-10,0.0,True,True,COMPUTED
4,Be,2,18.21115,MEASURED,CALIBRATION,Datasets/nuclear/ionisation_energies.json,23.267143244639136,0.2776317390521267,1.3770781076760352e-11,0.000786349793162463,1.0828650851396063e-14,3.8427537839232837,1.0782621970651994e-09,0.0,True,True,COMPUTED
4,Be,3,153.8962,MEASURED,CALIBRATION,Datasets/nuclear/ionisation_energies.json,199.6314133180901,0.2971822131936338,1.3814459517401639e-11,0.0007813851060629628,1.0794412915207386e-14,3.830603797683233,1.2722861527865055e-09,0.0,True,True,COMPUTED
4,Be,4,217.71858,MEASURED,CALIBRATION,Datasets/nuclear/ionisation_energies.json,217.67792770203704,0.00018671947044190813,1.3229430272575e-11,0.0008520216723307092,1.1271761304821862e-14,4.0,6.098992584414043e-10,0.0,True,True,COMPUTED
5,B,1,8.29803,MEASURED,CALIBRATION,Datasets/nuclear/ionisation_energies.json,40.16291338143132,3.8400540105821888,1.0947886948466527e-11,0.0012441487766448722,1.3620800153780992e-14,4.833601346030724,1.1888853070331184e-09,0.0,True,True,COMPUTED
5,B,2,25.15484,MEASURED,CALIBRATION,Datasets/nuclear/ionisation_energies.json,42.328269446348074,0.6827087529218263,1.094900665046122e-11,0.0012438943234913023,1.3619407220377228e-14,4.833107036981375,1.2531822230598556e-09,0.0,True,True,COMPUTED
5,B,3,37.93064,MEASURED,CALIBRATION,Datasets/nuclear/ionisation_energies.json,44.31316667421344,0.16826836231114067,1.0922529003403778e-11,0.0012499323600538303,1.3652422454980894e-14,4.844823124187567,1.0063535016044256e-09,0.0,True,True,COMPUTED
5,B,4,259.37521,MEASURED,CALIBRATION,Datasets/nuclear/ionisation_energies.json,317.4695109742365,0.22397784651137845,1.0954680466861258e-11,0.0012426061434597036,1.3612353247759814e-14,4.830603799935574,1.5902770572450439e-09,0.0,True,True,COMPUTED
5,B,5,340.2258,MEASURED,CALIBRATION,Datasets/nuclear/ionisation_energies.json,340.125500895305,0.00029480158381584075,1.058354421806e-11,0.0013312838630167333,1.4089701631027329e-14,5.0,6.098993239835366e-10,0.0,True,True,COMPUTED
6,C,1,11.2603,MEASURED,CALIBRATION,Datasets/nuclear/ionisation_energies.json,53.37818795849487,3.740387730210995,9.069321575714073e-12,0.0018129395471052142,1.644213175002662e-14,5.834804803041017,1.1951517554749545e-09,0.0,True,True,COMPUTED
6,C,2,24.38332,MEASURED,CALIBRATION,Datasets/nuclear/ionisation_energies.json,67.10006742968227,1.7518839694382171,9.069562366309262e-12,0.0018128432838060476,1.644169522282383e-14,5.834649893017293,1.0770415190425022e-09,0.0,True,True,COMPUTED
6,C,3,47.8878,MEASURED,CALIBRATION,Datasets/nuclear/ionisation_energies.json,69.52541959839266,0.4518399174401969,9.070116367052674e-12,0.0018126218344189492,1.6440690967640354e-14,5.834293513865419,1.189571483102772e-09,0.0,True,True,COMPUTED
6,C,4,64.4939,MEASURED,CALIBRATION,Datasets/nuclear/ionisation_energies.json,72.15441391214625,0.11877889090512836,9.051578311454192e-12,0.0018200541059891892,1.6474362271444894e-14,5.846242419770706,1.3764842709351992e-09,0.0,True,True,COMPUTED
6,C,5,392.087,MEASURED,CALIBRATION,Datasets/nuclear/ionisation_energies.json,462.5173594292858,0.17962941752541103,9.075856104454346e-12,0.0018103298889788964,1.6430293573965277e-14,5.830603799935575,1.4268808063305189e-09,0.0,True,True,COMPUTED
6,C,6,489.99334,MEASURED,CALIBRATION,Datasets/nuclear/ionisation_energies.json,489.7827390684564,0.0004298036612978888,8.819620181716666e-12,0.0019170487627440955,1.690764195723279e-14,6.0,6.098991929944678e-10,0.0,True,True,COMPUTED
7,N,1,14.53414,MEASURED,CALIBRATION,Datasets/nuclear/ionisation_energies.json,85.24410593537176,4.865094593513739,7.748220751302706e-12,0.0024838705253801066,1.9245577148299294e-14,6.829661000740455,1.0842749317622856e-09,0.0,True,True,COMPUTED
7,N,2,29.6013,MEASURED,CALIBRATION,Datasets/nuclear/ionisation_energies.json,83.65406020669603,1.8260265666270075,7.741452715805716e-12,0.002488215516702723,1.9262402769288217e-14,6.835631894031716,1.1043236476782826e-09,0.0,True,True,COMPUTED
7,N,3,47.44924,MEASURED,CALIBRATION,Datasets/nuclear/ionisation_energies.json,100.86655766969584,1.1257781509186624,7.741639443181646e-12,0.0024880954872556456,1.926193816254056e-14,6.835467019444652,1.3148768307329743e-09,0.0,True,True,COMPUTED
7,N,4,77.4735,MEASURED,CALIBRATION,Datasets/nuclear/ionisation_energies.json,103.50206471636096,0.33596732710360266,7.741897454585672e-12,0.0024879296503102074,1.9261296226924815e-14,6.835239216318454,1.1621853665351314e-09,0.0,True,True,COMPUTED
7,N,5,97.8902,MEASURED,CALIBRATION,Datasets/nuclear/ionisation_energies.json,106.79583696313568,0.0909757765653323,7.72829439730991e-12,0.002496695681411609,1.9295199246441185e-14,6.847270350974178,1.297855674212898e-09,0.0,True,True,COMPUTED
7,N,6,552.0718,MEASURED,CALIBRATION,Datasets/nuclear/ionisation_energies.json,634.7781647424684,0.14981088463940448,7.747151297341988e-12,0.002484556343539427,1.924823390017074e-14,6.830603799935574,1.3101692128790855e-09,0.0,True,True,COMPUTED
7,N,7,667.046,MEASURED,CALIBRATION,Datasets/nuclear/ionisation_energies.json,666.6530472727378,0.0005890938964662719,7.559674441471429e-12,0.002609316371512797,1.972558228343826e-14,7.0,6.098992251888794e-10,0.0,True,True,COMPUTED
8,O,1,13.61806,MEASURED,CALIBRATION,Datasets/nuclear/ionisation_energies.json,108.1946851794393,6.944941142823523,6.7568923480714846e-12,0.0032661710537995083,2.2069166200910474e-14,7.831665559301605,1.1156862603872167e-09,0.0,True,True,COMPUTED
8,O,2,35.1173,MEASURED,CALIBRATION,Datasets/nuclear/ionisation_energies.json,122.67323037158191,2.493242087847924,6.758323589513127e-12,0.0032647878159842267,2.2064492511521243e-14,7.830007011267155,1.3190883951229288e-09,0.0,True,True,COMPUTED
8,O,3,54.9355,MEASURED,CALIBRATION,Datasets/nuclear/ionisation_energies.json,120.69056636834087,1.1969503575709854,6.752905281259595e-12,0.003270029033747119,2.208219633186313e-14,7.8362895503888135,1.0756133368693192e-09,0.0,True,True,COMPUTED
8,O,4,77.41353,MEASURED,CALIBRATION,Datasets/nuclear/ionisation_energies.json,141.4515881560822,0.8272204891842837,6.7530526627451865e-12,0.0032698863023034493,2.208171440064432e-14,7.836118527881936,1.38340892700007e-09,0.0,True,True,COMPUTED
8,O,5,113.899,MEASURED,CALIBRATION,Datasets/nuclear/ionisation_energies.json,144.26631816259277,0.2666161964775175,6.753152412895893e-12,0.003269789704678346,2.2081388233810722e-14,7.836002781345161,1.131032831739475e-09,0.0,True,True,COMPUTED
8,O,6,138.1197,MEASURED,CALIBRATION,Datasets/nuclear/ionisation_energies.json,148.23888922832748,0.07326390969809148,6.74278856495329e-12,0.003279848939387298,2.2115327923274852e-14,7.848046929032926,1.2324521603819988e-09,0.0,True,True,COMPUTED
8,O,7,739.29,MEASURED,CALIBRATION,Datasets/nuclear/ionisation_energies.json,834.2503565398198,0.12844804682847033,6.7578085182985545e-12,0.0032652855105565863,2.2066174237916144e-14,7.83060380403074,1.7345310967904858e-09,0.0,True,True,COMPUTED
8,O,8,871.4101,MEASURED,CALIBRATION,Datasets/nuclear/ionisation_energies.json,870.7347417229532,0.0007750177293639649,6.6147151362875e-12,0.003408086689322837,2.2543522609643725e-14,8.0,6.098992584414043e-10,0.0,True,True,COMPUTED
9,F,1,17.42282,MEASURED,CALIBRATION,Datasets/nuclear/ionisation_energies.json,131.59644988681447,6.553108502918268,5.992273532265783e-12,0.0041528827134073906,2.4885209166155213e-14,8.830992244489694,1.239502933205174e-09,0.0,True,True,COMPUTED
9,F,2,34.97082,MEASURED,CALIBRATION,Datasets/nuclear/ionisation_energies.json,150.12460555769616,3.2928534577598163,5.9915185628699604e-12,0.004153929358545508,2.488834486057592e-14,8.832105005605158,1.3130589498597148e-09,0.0,True,True,COMPUTED
9,F,3,62.7084,MEASURED,CALIBRATION,Datasets/nuclear/ionisation_energies.json,166.92840569383654,1.6619783903565797,5.9927391235603516e-12,0.0041522374422257894,2.4883275770338654e-14,8.830306142020246,1.0898982820512587e-09,0.0,True,True,COMPUTED
9,F,4,87.1398,MEASURED,CALIBRATION,Datasets/nuclear/ionisation_energies.json,164.50358984893361,0.887812341191208,5.98831951592202e-12,0.004158368722372474,2.4901640574582805e-14,8.836823243916749,1.328063891311392e-09,0.0,True,True,COMPUTED
9,F,5,114.2428,MEASURED,CALIBRATION,Datasets/nuclear/ionisation_energies.json,188.84992896408073,0.6530576015650941,5.988437848766677e-12,0.0041582043834411005,2.490114851270619e-14,8.83664862635227,1.1419504015048292e-09,0.0,True,True,COMPUTED
9,F,6,157.1651,MEASURED,CALIBRATION,Datasets/nuclear/ionisation_energies.json,191.82332874629782,0.22052115098261524,5.988451133228394e-12,0.004158185934782361,2.49010932733218e-14,8.836629023600612,1.100528644487977e-09,0.0,True,True,COMPUTED
9,F,7,185.186,MEASURED,CALIBRATION,Datasets/nuclear/ionisation_energies.json,196.48458460154373,0.061012088395147164,5.980313518874029e-12,0.004169510001824436,2.4934977030991153e-14,8.848653322821665,1.1775715718087529e-09,0.0,True,True,COMPUTED
9,F,8,953.9112,MEASURED,CALIBRATION,Datasets/nuclear/ionisation_energies.json,1060.935622770152,0.11219537287134472,5.99253712029812e-12,0.004152517383635942,2.488411456412161e-14,8.83060380403074,1.6095719291575564e-09,0.0,True,True,COMPUTED
9,F,9,1103.1176,MEASURED,CALIBRATION,Datasets/nuclear/ionisation_energies.json,1102.0295772257698,0.0009863162134574224,5.879746787811111e-12,0.0043133597161742155,2.5361462935849188e-14,9.0,6.0989931992186e-10,0.0,True,True,COMPUTED
12,Mg,1,7.64624,MEASURED,CALIBRATION,Datasets/nuclear/ionisation_energies.json,44.11812559496799,4.769911171368934,4.473201674686999e-12,0.007452396743775512,3.3336073594688555e-14,11.829943056167435,1.417913450284324e-09,0.0,True,True,COMPUTED
12,Mg,2,15.03528,MEASURED,CALIBRATION,Datasets/nuclear/ionisation_energies.json,47.288501555069104,2.1451693320689142,4.472045518144379e-12,0.007456250573519502,3.3344691959469343e-14,11.8330014476815,1.2925643601484854e-09,0.0,True,True,COMPUTED
12,Mg,3,80.1437,MEASURED,CALIBRATION,Datasets/nuclear/ionisation_energies.json,292.17238098852494,2.6456063419648075,4.4726450988467094e-12,0.00745425161129382,3.334022193482349e-14,11.831415173975028,9.388826416954512e-10,0.0,True,True,COMPUTED
12,Mg,4,109.2655,MEASURED,CALIBRATION,Datasets/nuclear/ionisation_energies.json,289.49146354881003,1.6494315547799627,4.47249798179215e-12,0.007454742015350732,3.33413186184373e-14,11.83180435312251,1.2975624438703513e-09,0.0,True,True,COMPUTED
12,Mg,5,141.27,MEASURED,CALIBRATION,Datasets/nuclear/ionisation_energies.json,316.7933877390708,1.2424675284141768,4.472042993529941e-12,0.00745625899211619,3.334471078363783e-14,11.833008127797576,1.3284238220151455e-09,0.0,True,True,COMPUTED
12,Mg,6,186.76,MEASURED,CALIBRATION,Datasets/nuclear/ionisation_energies.json,340.578049020232,0.8236134558804457,4.472807210482545e-12,0.007453711279923885,3.3339013557698635e-14,11.830986358249724,1.379774224688532e-09,0.0,True,True,COMPUTED
12,Mg,7,225.02,MEASURED,CALIBRATION,Datasets/nuclear/ionisation_energies.json,336.6687950115456,0.49617276247242736,4.47017686715755e-12,0.007462485692447897,3.335863091387478e-14,11.837947952146415,1.4348330274196202e-09,0.0,True,True,COMPUTED
12,Mg,8,265.96,MEASURED,CALIBRATION,Datasets/nuclear/ionisation_energies.json,371.89541788933667,0.3983133474557704,4.470243637115896e-12,0.0074622627667292685,3.335813265145837e-14,11.83777113420184,1.570628195893752e-09,0.0,True,True,COMPUTED
12,Mg,9,328.06,MEASURED,CALIBRATION,Datasets/nuclear/ionisation_energies.json,375.27300938921485,0.14391577573984896,4.470169745560647e-12,0.007462509470004615,3.3358684058774454e-14,11.83796681163012,1.4344023721726132e-09,0.0,True,True,COMPUTED
12,Mg,10,367.5,MEASURED,CALIBRATION,Datasets/nuclear/ionisation_energies.json,382.03681364209945,0.039555955488705975,4.465679589560631e-12,0.007477523837580121,3.339222558193463e-14,11.84986966239252,1.4836442695058246e-09,0.0,True,True,COMPUTED
12,Mg,11,1761.805,MEASURED,CALIBRATION,Datasets/nuclear/ionisation_energies.json,1904.2529799722367,0.08085343155016399,4.472951843106326e-12,0.007453229257122035,3.3337935542738e-14,11.830603804030739,1.3596538098004596e-09,0.0,True,True,COMPUTED
12,Mg,12,1962.665,MEASURED,CALIBRATION,Datasets/nuclear/ionisation_energies.json,1959.1753819831608,0.0017779998200605459,4.409810090858333e-12,0.007668195050976382,3.381528391446558e-14,12.0,6.098991929944678e-10,0.0,True,True,COMPUTED
13,Al,1,5.98577,MEASURED,CALIBRATION,Datasets/nuclear/ionisation_energies.json,57.65709476963987,8.632360543361985,4.124040279277364e-12,0.008767729211814746,3.6158468427320795e-14,12.831523822937179,1.241250165638421e-09,0.0,True,True,COMPUTED
13,Al,2,18.82856,MEASURED,CALIBRATION,Datasets/nuclear/ionisation_energies.json,61.861188847994995,2.2854976083139125,4.124523950775597e-12,0.008765672997751273,3.6154228223892046e-14,12.830019105683476,1.4427276823710818e-09,0.0,True,True,COMPUTED
13,Al,3,28.44765,MEASURED,CALIBRATION,Datasets/nuclear/ionisation_energies.json,65.92027089937808,1.3172483807758493,4.1234105484211235e-12,0.008770407446818812,3.616399058016386e-14,12.83348346444971,1.387930441939349e-09,0.0,True,True,COMPUTED
13,Al,4,119.992,MEASURED,CALIBRATION,Datasets/nuclear/ionisation_energies.json,358.5628296653813,1.9882227953978704,4.12398746505016e-12,0.008767953782724188,3.6158931494093685e-14,12.831688151034756,9.57085067460564e-10,0.0,True,True,COMPUTED
13,Al,5,153.825,MEASURED,CALIBRATION,Datasets/nuclear/ionisation_energies.json,355.6542481299979,1.3120705225418359,4.12388531268109e-12,0.008768388168395048,3.615982718353098e-14,12.832006003555962,1.1520986010014e-09,0.0,True,True,COMPUTED
13,Al,6,190.49,MEASURED,CALIBRATION,Datasets/nuclear/ionisation_energies.json,385.96834987503155,1.0261869382908895,4.123494306807592e-12,0.008770051153024745,3.616325599990889e-14,12.833222784602043,1.3382228795314249e-09,0.0,True,True,COMPUTED
13,Al,7,241.76,MEASURED,CALIBRATION,Datasets/nuclear/ionisation_energies.json,412.0799325777526,0.70450005202578,4.12415754755133e-12,0.008767230607267473,3.615744028008518e-14,12.831158965233826,1.2297330191064504e-09,0.0,True,True,COMPUTED
13,Al,8,284.66,MEASURED,CALIBRATION,Datasets/nuclear/ionisation_energies.json,407.6451524128992,0.4320422694193044,4.121889864476026e-12,0.008776879952606217,3.617733251837039e-14,12.838218106302289,1.3421795654660363e-09,0.0,True,True,COMPUTED
13,Al,9,330.13,MEASURED,CALIBRATION,Datasets/nuclear/ionisation_energies.json,446.5236659619465,0.35256918778040924,4.1219463796534234e-12,0.008776639278186234,3.617683649824378e-14,12.838042084077125,1.440357016418682e-09,0.0,True,True,COMPUTED
13,Al,10,398.75,MEASURED,CALIBRATION,Datasets/nuclear/ionisation_energies.json,450.02128496457453,0.1285800249895286,4.121866230250669e-12,0.008776980603787912,3.617753995431852e-14,12.83829171891438,1.3890331562728773e-09,0.0,True,True,COMPUTED
13,Al,11,442.0,MEASURED,CALIBRATION,Datasets/nuclear/ionisation_energies.json,457.4937560050402,0.03505374661773803,4.1180623256679625e-12,0.008793202901556114,3.621095759085245e-14,12.850150606138914,1.4244445537749902e-09,0.0,True,True,COMPUTED
13,Al,12,2085.98,MEASURED,CALIBRATION,Datasets/nuclear/ionisation_energies.json,2239.7838385782825,0.07373217316478704,4.124335993733659e-12,0.008766471966366748,3.615587586894347e-14,12.83060380403074,1.301980049170448e-09,0.0,True,True,COMPUTED
13,Al,13,2304.141,MEASURED,CALIBRATION,Datasets/nuclear/ionisation_energies.json,2299.315791406313,0.002094146405834958,4.070593930023077e-12,0.008999478913993116,3.663322424067105e-14,13.0,6.098992136194469e-10,0.0,True,True,COMPUTED
14,Si,1,8.15169,MEASURED,CALIBRATION,Datasets/nuclear/ionisation_energies.json,71.82605104987175,7.811185294076657,3.825936342099256e-12,0.010187261294255536,3.897581321215336e-14,13.831312483695047,1.1219026304636523e-09,0.0,True,True,COMPUTED
14,Si,2,16.34585,MEASURED,CALIBRATION,Datasets/nuclear/ionisation_energies.json,77.73668538530171,3.755744447997609,3.825818552699317e-12,0.010187888595237225,3.897701320049235e-14,13.831738322499314,1.4389875070088496e-09,0.0,True,True,COMPUTED
14,Si,3,33.49302,MEASURED,CALIBRATION,Datasets/nuclear/ionisation_energies.json,82.6063236676394,1.4663742973204386,3.8262757171062155e-12,0.010185454237574847,3.897235621692924e-14,13.830085702846652,1.3772334234941903e-09,0.0,True,True,COMPUTED
14,Si,4,45.14181,MEASURED,CALIBRATION,Datasets/nuclear/ionisation_energies.json,87.61889433344938,0.9409698976059971,3.825218535253743e-12,0.010191084956577058,3.8983127070244145e-14,13.83390794606974,1.3929669194866378e-09,0.0,True,True,COMPUTED
14,Si,5,166.767,MEASURED,CALIBRATION,Datasets/nuclear/ionisation_energies.json,431.77363201468984,1.589083164023397,3.825766283454882e-12,0.010188166979664036,3.897754572100703e-14,13.831927297585027,1.0497529633928988e-09,0.0,True,True,COMPUTED
14,Si,6,205.27,MEASURED,CALIBRATION,Datasets/nuclear/ionisation_energies.json,428.5996992548882,1.0879802175422038,3.825695501589303e-12,0.010188543979943591,3.8978266871814967e-14,13.832183211736657,1.1247868683055746e-09,0.0,True,True,COMPUTED
14,Si,7,246.5,MEASURED,CALIBRATION,Datasets/nuclear/ionisation_energies.json,461.94964410267164,0.8740350673536375,3.825356542587578e-12,0.010190349642585821,3.898172067652066e-14,13.8334088603686,1.4595949301192052e-09,0.0,True,True,COMPUTED
14,Si,8,303.54,MEASURED,CALIBRATION,Datasets/nuclear/ionisation_energies.json,490.38778239250263,0.6155623060964044,3.825936601671919e-12,0.010187259911935472,3.8975810567818973e-14,13.83131154530244,1.1289024086142414e-09,0.0,True,True,COMPUTED
14,Si,9,351.12,MEASURED,CALIBRATION,Datasets/nuclear/ionisation_energies.json,485.41793692848205,0.38248444101299284,3.823962262209568e-12,0.010197782140006766,3.89959340616206e-14,13.8384527518122,1.269273351336643e-09,0.0,True,True,COMPUTED
14,Si,10,401.37,MEASURED,CALIBRATION,Datasets/nuclear/ionisation_energies.json,527.9562627251819,0.3153854616069509,3.824010578852661e-12,0.010197524442243096,3.899544134524618e-14,13.838277901986661,1.3413716022231163e-09,0.0,True,True,COMPUTED
14,Si,11,476.36,MEASURED,CALIBRATION,Datasets/nuclear/ionisation_energies.json,531.5691813302957,0.11589802109811,3.823928468868195e-12,0.010197962383261133,3.899627868179919e-14,13.838575046871252,1.3481128504779175e-09,0.0,True,True,COMPUTED
14,Si,12,523.42,MEASURED,CALIBRATION,Datasets/nuclear/ionisation_energies.json,539.7529004246039,0.03120419629476131,3.8206661184416915e-12,0.010215385277453486,3.902957641639461e-14,13.850391384600542,1.3725827566328955e-09,0.0,True,True,COMPUTED
14,Si,13,2437.63,MEASURED,CALIBRATION,Datasets/nuclear/ionisation_energies.json,2602.522611014661,0.06764464295839025,3.826132380886321e-12,0.010186217395620369,3.8973816216130626e-14,13.830603811476497,1.7843855729772964e-09,0.0,True,True,COMPUTED
14,Si,14,2673.182,MEASURED,CALIBRATION,Datasets/nuclear/ionisation_energies.json,2666.664019588876,0.0024382853135790877,3.7798372207357145e-12,0.010437265486051188,3.945116456687652e-14,14.0,6.098992251888794e-10,0.0,True,True,COMPUTED
15,P,1,10.48669,MEASURED,CALIBRATION,Datasets/nuclear/ionisation_energies.json,89.36973739993206,7.522206473151401,3.567952443997779e-12,0.011713719246457165,4.1793993213700663e-14,14.83139753707237,1.409596246448397e-09,0.0,True,True,COMPUTED
15,P,2,19.7694,MEASURED,CALIBRATION,Datasets/nuclear/ionisation_energies.json,93.99809727810481,3.754726864654709,3.5679339605253975e-12,0.01171384061124103,4.179420972502845e-14,14.831474370256444,1.1352326598011738e-09,0.0,True,True,COMPUTED
15,P,3,30.2027,MEASURED,CALIBRATION,Datasets/nuclear/ionisation_energies.json,100.81318001776884,2.3378863484976127,3.5678253496216593e-12,0.011714553802081463,4.179548201457303e-14,14.831925866525815,1.5079901905514787e-09,0.0,True,True,COMPUTED
15,P,4,51.4439,MEASURED,CALIBRATION,Datasets/nuclear/ionisation_energies.json,106.3572304944157,1.0674410473237002,3.5682537878902714e-12,0.01171174085090995,4.179046365404866e-14,14.830145005349404,1.4800614595069938e-09,0.0,True,True,COMPUTED
15,P,5,65.0251,MEASURED,CALIBRATION,Datasets/nuclear/ionisation_energies.json,112.37700579710705,0.7282096574569982,3.56725802612747e-12,0.011718280176804086,4.1802129013114804e-14,14.834284681040078,1.2165158614486023e-09,0.0,True,True,COMPUTED
15,P,6,220.421,MEASURED,CALIBRATION,Datasets/nuclear/ionisation_energies.json,511.80060066180926,1.3219230502620407,3.5677741428722285e-12,0.011714890072541425,4.179608188740386e-14,14.832138742868601,1.2653368535332134e-09,0.0,True,True,COMPUTED
15,P,7,263.57,MEASURED,CALIBRATION,Datasets/nuclear/ionisation_energies.json,508.33380066404044,0.928648179474297,3.567725721131284e-12,0.011715208067402056,4.1796649150475035e-14,14.832340047014714,1.1805926331005278e-09,0.0,True,True,COMPUTED
15,P,8,309.6,MEASURED,CALIBRATION,Datasets/nuclear/ionisation_energies.json,544.7376894194033,0.7594886609153851,3.5674294846526408e-12,0.011717153791118248,4.180011991064471e-14,14.833571712617209,1.2324258876873878e-09,0.0,True,True,COMPUTED
15,P,9,372.13,MEASURED,CALIBRATION,Datasets/nuclear/ionisation_energies.json,575.5020679899404,0.5465081234781943,3.567940493474842e-12,0.01171379771486504,4.179413319924005e-14,14.831447213617361,1.4591741705141827e-09,0.0,True,True,COMPUTED
15,P,10,424.4,MEASURED,CALIBRATION,Datasets/nuclear/ionisation_energies.json,569.9895955951,0.3430480574813856,3.5662065747309317e-12,0.011725191172101105,4.181445384792404e-14,14.83865838430647,1.2104215876452868e-09,0.0,True,True,COMPUTED
15,P,11,479.46,MEASURED,CALIBRATION,Datasets/nuclear/ionisation_energies.json,616.1941570960654,0.28518365889973185,3.566248256682863e-12,0.011724917087986068,4.1813965124781425e-14,14.838484951555584,1.2637151868523496e-09,0.0,True,True,COMPUTED
15,P,12,560.8,MEASURED,CALIBRATION,Datasets/nuclear/ionisation_energies.json,619.9186038684668,0.1054183378538995,3.566166722170095e-12,0.01172545323584735,4.1814921132040477e-14,14.838824209009035,1.3110803746600965e-09,0.0,True,True,COMPUTED
15,P,13,611.74,MEASURED,CALIBRATION,Datasets/nuclear/ionisation_energies.json,628.815683754564,0.027913302636028394,3.5633389276343217e-12,0.011744070790729488,4.184810461749957e-14,14.850600003248005,1.326806575479795e-09,0.0,True,True,COMPUTED
15,P,14,2816.91,MEASURED,CALIBRATION,Datasets/nuclear/ionisation_energies.json,2992.4762569310024,0.062325831116720985,3.5681433988109244e-12,0.01171246552374075,4.1791756542336095e-14,14.830603811476497,1.7060864323139477e-09,0.0,True,True,COMPUTED
15,P,15,3069.842,MEASURED,CALIBRATION,Datasets/nuclear/ionisation_energies.json,3061.227210371787,0.002806264826728282,3.5278480726866665e-12,0.011981554767150598,4.226910489308198e-14,15.0,6.098991412080917e-10,0.0,True,True,COMPUTED
16,S,1,10.36001,MEASURED,CALIBRATION,Datasets/nuclear/ionisation_energies.json,112.71025226191337,9.879357477638859,3.3424177185064098e-12,0.013347854848882474,4.461410655095648e-14,15.832168671588652,7.789221667291675e-10,0.0,True,True,COMPUTED
16,S,2,23.3379,MEASURED,CALIBRATION,Datasets/nuclear/ionisation_energies.json,113.89484505557091,3.8802525101046323,3.342552661527326e-12,0.013346777131532827,4.46123054238171e-14,15.831529507188105,1.263124608518907e-09,0.0,True,True,COMPUTED
16,S,3,34.79,MEASURED,CALIBRATION,Datasets/nuclear/ionisation_energies.json,119.14956298593596,2.4248221611364174,3.3425335292801656e-12,0.013346929922562416,4.46125607791176e-14,15.831620124898535,1.2507456867958858e-09,0.0,True,True,COMPUTED
16,S,4,47.222,MEASURED,CALIBRATION,Datasets/nuclear/ionisation_energies.json,126.88955862988088,1.6870856513887782,3.3424340845473843e-12,0.013347724135157665,4.4613888100486736e-14,15.832091150262983,1.3441575684240995e-09,0.0,True,True,COMPUTED
16,S,5,72.5945,MEASURED,CALIBRATION,Datasets/nuclear/ionisation_energies.json,133.1164770357467,0.8336992063551193,3.3428337293351796e-12,0.013344532813097661,4.460855438984293e-14,15.830198381067621,1.3468968668295678e-09,0.0,True,True,COMPUTED
16,S,6,88.053,MEASURED,CALIBRATION,Datasets/nuclear/ionisation_energies.json,140.18825856497958,0.5920895206861729,3.341900013497582e-12,0.013351990691684254,4.46210178727592e-14,15.834621286265568,1.4937335117067407e-09,0.0,True,True,COMPUTED
16,S,7,280.948,MEASURED,CALIBRATION,Datasets/nuclear/ionisation_energies.json,598.6391995251347,1.1307829189926062,3.34238427039713e-12,0.013348122001133946,4.461455301593196e-14,15.832327108221016,1.3152610442544026e-09,0.0,True,True,COMPUTED
16,S,8,328.75,MEASURED,CALIBRATION,Datasets/nuclear/ionisation_energies.json,594.8586910486068,0.8094560944444315,3.342352047781167e-12,0.013348379372874686,4.46149831314876e-14,15.832479742949168,1.3221980263951988e-09,0.0,True,True,COMPUTED
16,S,9,379.55,MEASURED,CALIBRATION,Datasets/nuclear/ionisation_energies.json,634.3306294072329,0.6712702658601841,3.342091206215058e-12,0.013350463067088284,4.461846521541467e-14,15.833715427003469,1.479267226460292e-09,0.0,True,True,COMPUTED
16,S,10,447.5,MEASURED,CALIBRATION,Datasets/nuclear/ionisation_energies.json,667.4208598448745,0.4914432622231832,3.3425444256004642e-12,0.013346842903712176,4.461241534716825e-14,15.831568515590845,1.3654474928718357e-09,0.0,True,True,COMPUTED
16,S,11,504.8,MEASURED,CALIBRATION,Datasets/nuclear/ionisation_energies.json,661.3596805192823,0.310141997859117,3.3410098854683504e-12,0.013359106243445726,4.463290602037413e-14,15.83884002273219,1.1618731536263805e-09,0.0,True,True,COMPUTED
16,S,12,564.44,MEASURED,CALIBRATION,Datasets/nuclear/ionisation_energies.json,711.2355848137947,0.26007296579582356,3.3410461383619896e-12,0.01335881633207656,4.463242171937147e-14,15.838668159262207,1.2012007799441239e-09,0.0,True,True,COMPUTED
16,S,13,652.2,MEASURED,CALIBRATION,Datasets/nuclear/ionisation_energies.json,715.068488307507,0.09639449295845896,3.3409666535275805e-12,0.01335945197801085,4.463348356793733e-14,15.839044976526926,1.277445825940247e-09,0.0,True,True,COMPUTED
16,S,14,707.01,MEASURED,CALIBRATION,Datasets/nuclear/ionisation_energies.json,724.6806453876048,0.0249934872032996,3.338492667948072e-12,0.013379259322861428,4.466655915194877e-14,15.850782479874265,1.286124092111566e-09,0.0,True,True,COMPUTED
16,S,15,3223.78,MEASURED,CALIBRATION,Datasets/nuclear/ionisation_energies.json,3409.637784326701,0.05765213020947483,3.3427481175378137e-12,0.01334521636090247,4.4609696868541565e-14,15.830603811476497,1.6375750812646213e-09,0.0,True,True,COMPUTED
16,S,16,3494.1892,MEASURED,CALIBRATION,Datasets/nuclear/ionisation_energies.json,3482.9982021783317,0.003202745238199504,3.30735756814375e-12,0.013632346757291348,4.508704521928745e-14,16.0,6.098992584414043e-10,0.0,True,True,COMPUTED
17,Cl,1,12.96764,MEASURED,CALIBRATION,Datasets/nuclear/ionisation_energies.json,127.08182835380973,8.799919519188514,3.1439372874918914e-12,0.015086384631847917,4.74306471775113e-14,16.83167196140724,8.114237208143415e-10,0.0,True,True,COMPUTED
17,Cl,2,23.814,MEASURED,CALIBRATION,Datasets/nuclear/ionisation_energies.json,140.71849142956847,4.909065735683567,3.1438139091974805e-12,0.01508756877886314,4.7432508582963586e-14,16.832332516719564,8.530302289074203e-10,0.0,True,True,COMPUTED
17,Cl,3,39.61,MEASURED,CALIBRATION,Datasets/nuclear/ionisation_energies.json,141.39894607269835,2.569778997038585,3.1439413905484e-12,0.015086345254365597,4.7430585277303435e-14,16.831649994935027,1.206495025798587e-09,0.0,True,True,COMPUTED
17,Cl,4,53.4652,MEASURED,CALIBRATION,Datasets/nuclear/ionisation_energies.json,147.28481985363086,1.7547791807312205,3.1439223268645502e-12,0.015086528211931613,4.743087288036372e-14,16.831752056379557,1.1754074786152845e-09,0.0,True,True,COMPUTED
17,Cl,5,67.8,MEASURED,CALIBRATION,Datasets/nuclear/ionisation_energies.json,155.9689502432081,1.3004269947375826,3.1438315952992566e-12,0.015087399024524642,4.7432241744187756e-14,16.832237823878362,1.2783619913174658e-09,0.0,True,True,COMPUTED
17,Cl,6,97.03,MEASURED,CALIBRATION,Datasets/nuclear/ionisation_energies.json,162.88658666922072,0.6787239685583913,3.144203514599589e-12,0.015083829940659332,4.742663111304358e-14,16.83024678414909,1.3044320574047172e-09,0.0,True,True,COMPUTED
17,Cl,7,114.1958,MEASURED,CALIBRATION,Datasets/nuclear/ionisation_energies.json,171.04803545141132,0.4978487426981668,3.143330001004727e-12,0.015092214527240915,4.743981070507574e-14,16.83492381435786,1.5011219920077634e-09,0.0,True,True,COMPUTED
17,Cl,8,348.28,MEASURED,CALIBRATION,Datasets/nuclear/ionisation_energies.json,692.2884032268271,0.9877351648869506,3.14378337640646e-12,0.015087861844743575,4.743296925302216e-14,16.832495994297243,1.4822461635009698e-09,0.0,True,True,COMPUTED
17,Cl,9,400.06,MEASURED,CALIBRATION,Datasets/nuclear/ionisation_energies.json,688.1779283144431,0.7201867927671927,3.143763036637025e-12,0.015088057078684788,4.743327613863885e-14,16.832604898525567,1.1457403203358368e-09,0.0,True,True,COMPUTED
17,Cl,10,455.63,MEASURED,CALIBRATION,Datasets/nuclear/ionisation_energies.json,730.7292913577658,0.6037778270916441,3.143531784577693e-12,0.01509027704835476,4.7436765539586444e-14,16.833843179164496,1.3227862347751206e-09,0.0,True,True,COMPUTED
17,Cl,11,529.28,MEASURED,CALIBRATION,Datasets/nuclear/ionisation_energies.json,766.1450765203241,0.4475231947557515,3.143936245673572e-12,0.015086394630316883,4.74306628947884e-14,16.83167753898351,1.2918928133705185e-09,0.0,True,True,COMPUTED
17,Cl,12,591.99,MEASURED,CALIBRATION,Datasets/nuclear/ionisation_energies.json,759.5302044860513,0.2830118827785119,3.1425688017899834e-12,0.015099526744676137,4.74513016696127e-14,16.839001602815653,1.581892080649871e-09,0.0,True,True,COMPUTED
17,Cl,13,656.71,MEASURED,CALIBRATION,Datasets/nuclear/ionisation_energies.json,813.0817468447558,0.23811385062623647,3.1426005668577675e-12,0.01509922149744138,4.745082203697027e-14,16.838831396002554,1.6209256545906964e-09,0.0,True,True,COMPUTED
17,Cl,14,749.76,MEASURED,CALIBRATION,Datasets/nuclear/ionisation_energies.json,817.0205852133693,0.08970948732043489,3.1425239565281866e-12,0.01509995770212996,4.745197882150571e-14,16.839241903111123,1.2467883427033899e-09,0.0,True,True,COMPUTED
17,Cl,15,809.4,MEASURED,CALIBRATION,Datasets/nuclear/ionisation_energies.json,827.3492652241201,0.02217601337301724,3.1403417458707383e-12,0.015120950791513248,4.748495300784624e-14,16.850943423556355,1.2497452812112336e-09,0.0,True,True,COMPUTED
17,Cl,16,3658.521,MEASURED,CALIBRATION,Datasets/nuclear/ionisation_energies.json,3854.0142140372814,0.053435039470125,3.1441368166611064e-12,0.015084469907105531,4.742763719474704e-14,16.830603811476497,1.5771235248394754e-09,0.0,True,True,COMPUTED
17,Cl,17,3946.296,MEASURED,CALIBRATION,Datasets/nuclear/ionisation_energies.json,3931.9841722941287,0.0036266483066326274,3.1128071229588235e-12,0.015389641456473436,4.790498554549291e-14,17.0,6.098992856129699e-10,0.0,True,True,COMPUTED
20,Ca,1,6.11316,MEASURED,CALIBRATION,Datasets/nuclear/ionisation_energies.json,56.849623980443894,8.299547857481874,2.6682725434304857e-12,0.020944623136747796,5.5885962848283036e-14,19.832202381495076,1.0544216437440176e-09,0.0,True,True,COMPUTED
20,Ca,2,11.87172,MEASURED,CALIBRATION,Datasets/nuclear/ionisation_energies.json,59.10827225915708,3.978913945001826,2.6681569260010308e-12,0.020946438334295103,5.5888384516702974e-14,19.833061756832947,1.0160455150302095e-09,0.0,True,True,COMPUTED
20,Ca,3,50.9131,MEASURED,CALIBRATION,Datasets/nuclear/ionisation_energies.json,214.25184375223142,3.2081869646953622,2.6682206759217907e-12,0.020945437429202084,5.588704921482316e-14,19.832587899431708,9.269092422824014e-10,0.0,True,True,COMPUTED
20,Ca,4,67.27,MEASURED,CALIBRATION,Datasets/nuclear/ionisation_energies.json,224.034889343655,2.3303833706504387,2.668307570164025e-12,0.020944073262417873,5.5885229236179556e-14,19.831942045214475,1.0140538557130424e-09,0.0,True,True,COMPUTED
20,Ca,5,84.5,MEASURED,CALIBRATION,Datasets/nuclear/ionisation_energies.json,243.1350366076534,1.8773377113331764,2.6682001098343385e-12,0.02094576031904565,5.588747998384133e-14,19.832740766053533,1.1006411353137023e-09,0.0,True,True,COMPUTED
20,Ca,6,108.78,MEASURED,CALIBRATION,Datasets/nuclear/ionisation_energies.json,241.82335159474172,1.2230497480671236,2.6683056269277475e-12,0.02094410376814208,5.588526993549215e-14,19.831956488143668,1.367124372249894e-09,0.0,True,True,COMPUTED
20,Ca,7,127.2,MEASURED,CALIBRATION,Datasets/nuclear/ionisation_energies.json,249.62906131106254,0.9624926203699885,2.668288749242521e-12,0.020944368723806134,5.588562342571884e-14,19.83208193090886,1.2872419720290754e-09,0.0,True,True,COMPUTED
20,Ca,8,147.24,MEASURED,CALIBRATION,Datasets/nuclear/ionisation_energies.json,261.24771745706227,0.7742985429031666,2.6682200627225493e-12,0.02094544705638989,5.5887062058552463e-14,19.832592457274604,1.4310658103793314e-09,0.0,True,True,COMPUTED
20,Ca,9,188.54,MEASURED,CALIBRATION,Datasets/nuclear/ionisation_energies.json,270.2777950786015,0.43353025924791305,2.668519291301847e-12,0.02094074997588461,5.588079528497677e-14,19.830368572858955,1.5463114018101738e-09,0.0,True,True,COMPUTED
20,Ca,10,211.275,MEASURED,CALIBRATION,Datasets/nuclear/ionisation_energies.json,281.88155443903435,0.33419266093496314,2.667805877210631e-12,0.02095195125837835,5.589573870613244e-14,19.83567153155424,1.4709635286018398e-09,0.0,True,True,COMPUTED
20,Ca,11,591.9,MEASURED,CALIBRATION,Datasets/nuclear/ionisation_energies.json,1014.0810773169658,0.7132641955008715,2.6681770905646214e-12,0.02094612173297712,5.588796214410728e-14,19.83291186984216,1.3855361829971654e-09,0.0,True,True,COMPUTED
20,Ca,12,657.2,MEASURED,CALIBRATION,Datasets/nuclear/ionisation_energies.json,1008.9120540046432,0.535167458923681,2.668177019218027e-12,0.020946122853168516,5.5887963638541765e-14,19.832912400170812,1.1691094207850149e-09,0.0,True,True,COMPUTED
20,Ca,13,726.6,MEASURED,CALIBRATION,Datasets/nuclear/ionisation_energies.json,1060.7510904281492,0.4598831412443561,2.6680100778226134e-12,0.020948744195873257,5.589146063231783e-14,19.834153375270088,1.4632985056086525e-09,0.0,True,True,COMPUTED
20,Ca,14,817.6,MEASURED,CALIBRATION,Datasets/nuclear/ionisation_energies.json,1103.141741354705,0.3492438128115275,2.6683069419416956e-12,0.020944083124503705,5.588524239371715e-14,19.831946714418244,1.612575973221585e-09,0.0,True,True,COMPUTED
20,Ca,15,894.5,MEASURED,CALIBRATION,Datasets/nuclear/ionisation_energies.json,1094.843559349394,0.22397267674610832,2.6673052732778136e-12,0.02095981658490562,5.590622930385453e-14,19.839394320722114,1.4125664364380443e-09,0.0,True,True,COMPUTED
20,Ca,16,974.0,MEASURED,CALIBRATION,Datasets/nuclear/ionisation_energies.json,1159.440979204401,0.1903911490804938,2.667327470705652e-12,0.020959467732291643,5.59057640537102e-14,19.83922921781344,1.418578659775436e-09,0.0,True,True,COMPUTED
20,Ca,17,1087.0,MEASURED,CALIBRATION,Datasets/nuclear/ionisation_energies.json,1163.6862617551822,0.07054853887321266,2.6672611278197274e-12,0.020960510396510337,5.5907154599873283e-14,19.83972267970478,1.6736134387798848e-09,0.0,True,True,COMPUTED
20,Ca,18,1157.8,MEASURED,CALIBRATION,Datasets/nuclear/ionisation_energies.json,1176.1710337919649,0.01586719104505521,2.665701632248272e-12,0.020985042312835923,5.593986154612577e-14,19.851329364895506,1.6481253143029325e-09,0.0,True,True,COMPUTED
20,Ca,19,5128.8,MEASURED,CALIBRATION,Datasets/nuclear/ionisation_energies.json,5350.404765331059,0.04320791712117042,2.668487636250143e-12,0.02094124679996273,5.588145817336342e-14,19.8306038114765,1.4320398741022356e-09,0.0,True,True,COMPUTED
20,Ca,20,5469.864,MEASURED,CALIBRATION,Datasets/nuclear/ionisation_energies.json,5442.203202308468,0.005056944321016396,2.645886054515e-12,0.021300541808267733,5.6358806524109315e-14,20.0,6.098993239835366e-10,0.0,True,True,COMPUTED
21,Sc,1,6.5615,MEASURED,CALIBRATION,Datasets/nuclear/ionisation_energies.json,66.77348741983,9.176558320480074,2.5401679171960123e-12,0.02311043244054691,5.870437903800321e-14,20.832371250761135,8.98979741015086e-10,0.0,True,True,COMPUTED
21,Sc,2,12.79967,MEASURED,CALIBRATION,Datasets/nuclear/ionisation_energies.json,63.437222692985074,3.9561607989100556,2.5400671023285955e-12,0.023112266975875914,5.870670900565803e-14,20.83319808432931,1.1369105368990114e-09,0.0,True,True,COMPUTED
21,Sc,3,24.75666,MEASURED,CALIBRATION,Datasets/nuclear/ionisation_energies.json,246.7306232015276,8.966232246253234,2.5401234305938544e-12,0.023111241939490292,5.870540716062264e-14,20.832736099728976,8.595655825817803e-10,0.0,True,True,COMPUTED
21,Sc,4,73.4894,MEASURED,CALIBRATION,Datasets/nuclear/ionisation_energies.json,251.68645204243415,2.424799386611323,2.540129099459028e-12,0.02311113878381338,5.87052761464005e-14,20.832689606827426,1.080367205935639e-09,0.0,True,True,COMPUTED
21,Sc,5,91.65,MEASURED,CALIBRATION,Datasets/nuclear/ionisation_energies.json,262.41697365695825,1.8632512128418792,2.540210971560822e-12,0.023109649043759697,5.870338404987844e-14,20.83201816020223,1.05245589449278e-09,0.0,True,True,COMPUTED
21,Sc,6,110.68,MEASURED,CALIBRATION,Datasets/nuclear/ionisation_energies.json,283.3852622677974,1.5604017190802073,2.540108959194724e-12,0.023111505276980603,5.870574161453457e-14,20.832854787093936,9.132227153034846e-10,0.0,True,True,COMPUTED
21,Sc,7,138.0,MEASURED,CALIBRATION,Datasets/nuclear/ionisation_energies.json,281.28050188826336,1.038264506436691,2.540207851614688e-12,0.02310970581148004,5.870345615082719e-14,20.832043746602366,1.1656585180218028e-09,0.0,True,True,COMPUTED
21,Sc,8,158.1,MEASURED,CALIBRATION,Datasets/nuclear/ionisation_energies.json,289.7341735641139,0.8326007183055909,2.5401919411539914e-12,0.023109995307097737,5.870382383919623e-14,20.832174227849826,1.4349623597564778e-09,0.0,True,True,COMPUTED
21,Sc,9,180.03,MEASURED,CALIBRATION,Datasets/nuclear/ionisation_energies.json,302.36086232666304,0.6795026513728991,2.5401292179863808e-12,0.023111136626992365,5.870527340709852e-14,20.83268863473375,1.6012397171683529e-09,0.0,True,True,COMPUTED
21,Sc,10,225.18,MEASURED,CALIBRATION,Datasets/nuclear/ionisation_energies.json,312.1064338321184,0.38603088121555373,2.5404079475704034e-12,0.023106065469728262,5.869883235637974e-14,20.830402904741923,1.311534973263038e-09,0.0,True,True,COMPUTED
21,Sc,11,249.798,MEASURED,CALIBRATION,Datasets/nuclear/ionisation_energies.json,324.90242520941337,0.30066063463043485,2.5397403222558986e-12,0.023118214917956733,5.871426260571256e-14,20.835878623723378,1.2700272527921785e-09,0.0,True,True,COMPUTED
21,Sc,12,687.36,MEASURED,CALIBRATION,Datasets/nuclear/ionisation_energies.json,1134.9589532153843,0.6511856279320651,2.540088000483472e-12,0.023111886672714913,5.870622600589703e-14,20.833026682629818,1.2691847021490858e-09,0.0,True,True,COMPUTED
21,Sc,13,756.7,MEASURED,CALIBRATION,Datasets/nuclear/ionisation_energies.json,1129.420500507039,0.4925604605617006,2.540091611186054e-12,0.023111820966352826,5.870614255586677e-14,20.83299706879113,1.5265345859449889e-09,0.0,True,True,COMPUTED
21,Sc,14,830.8,MEASURED,CALIBRATION,Datasets/nuclear/ionisation_energies.json,1184.3677578180527,0.4255750575566355,2.539940325777948e-12,0.02311457424788563,5.87096392453932e-14,20.834237935921603,1.3794780089702523e-09,0.0,True,True,COMPUTED
21,Sc,15,927.5,MEASURED,CALIBRATION,Datasets/nuclear/ionisation_energies.json,1229.0829167357156,0.32515678354255045,2.5402106078925035e-12,0.023109655660729006,5.870339245412686e-14,20.832021142610458,1.5487688850000644e-09,0.0,True,True,COMPUTED
21,Sc,16,1009.0,MEASURED,CALIBRATION,Datasets/nuclear/ionisation_energies.json,1220.2180084702427,0.20933400244820882,2.53929880129665e-12,0.02312625498303977,5.872447155691357e-14,20.839501465238538,1.3691172832122103e-09,0.0,True,True,COMPUTED
21,Sc,17,1094.0,MEASURED,CALIBRATION,Datasets/nuclear/ionisation_energies.json,1288.5022897220294,0.17779002716821704,2.5393187158468226e-12,0.02312589225018834,5.872401101156025e-14,20.839338031914902,1.368364778213944e-09,0.0,True,True,COMPUTED
21,Sc,18,1213.0,MEASURED,CALIBRATION,Datasets/nuclear/ionisation_energies.json,1292.8468413606697,0.06582592033031304,2.53925579885631e-12,0.02312703827854035,5.872546605915543e-14,20.839854383372614,1.63141420457108e-09,0.0,True,True,COMPUTED
21,Sc,19,1287.97,MEASURED,CALIBRATION,Datasets/nuclear/ionisation_energies.json,1306.052003423927,0.014039149532929387,2.537845722352017e-12,0.023152745083825498,5.875809507169322e-14,20.85143341229469,1.6017643128283245e-09,0.0,True,True,COMPUTED
21,Sc,20,5674.8,MEASURED,CALIBRATION,Datasets/nuclear/ionisation_energies.json,5903.63007933455,0.04032390204668882,2.5403834458771324e-12,0.023106511182331146,5.869939849956889e-14,20.8306038114765,1.3928902941481896e-09,0.0,True,True,COMPUTED
21,Sc,21,6033.712,MEASURED,CALIBRATION,Datasets/nuclear/ionisation_energies.json,6000.03810450974,0.005580958370280234,2.519891480490476e-12,0.02348384734361517,5.917674685031476e-14,21.0,6.098990298021064e-10,0.0,True,True,COMPUTED
22,Ti,1,6.8281,MEASURED,CALIBRATION,Datasets/nuclear/ionisation_energies.json,69.05548729902564,9.11342647281464,2.423858962526953e-12,0.025381555450125565,6.152131066066168e-14,21.83201329302243,1.0887978008409082e-09,0.0,True,True,COMPUTED
22,Ti,2,13.5755,MEASURED,CALIBRATION,Datasets/nuclear/ionisation_energies.json,70.96673723574493,4.227559738922687,2.423764108507949e-12,0.025383542103566106,6.152371829742389e-14,21.83286768895829,9.555571088768741e-10,0.0,True,True,COMPUTED
22,Ti,3,27.4917,MEASURED,CALIBRATION,Datasets/nuclear/ionisation_energies.json,269.00179619361705,8.78483673958384,2.42381679679087e-12,0.025382438554227338,6.152238091124838e-14,21.83239309190488,9.233208957101835e-10,0.0,True,True,COMPUTED
22,Ti,4,43.2672,MEASURED,CALIBRATION,Datasets/nuclear/ionisation_energies.json,287.05709970540414,5.634519906659182,2.4237680809986633e-12,0.025383458897748304,6.152361746170385e-14,21.832831905475192,9.74031896505566e-10,0.0,True,True,COMPUTED
22,Ti,5,99.3,MEASURED,CALIBRATION,Datasets/nuclear/ionisation_energies.json,292.1333325689146,1.941926813382826,2.423773492692033e-12,0.02538334554776468,6.152348009451436e-14,21.83278315810172,1.06224790882949e-09,0.0,True,True,COMPUTED
22,Ti,6,119.53,MEASURED,CALIBRATION,Datasets/nuclear/ionisation_energies.json,303.8308791348948,1.5418796882363826,2.4238506036465918e-12,0.025381730511864854,6.152152282277875e-14,21.832088582805923,1.142449442431178e-09,0.0,True,True,COMPUTED
22,Ti,7,140.8,MEASURED,CALIBRATION,Datasets/nuclear/ionisation_energies.json,326.68360980629234,1.320196092374235,2.423753868838152e-12,0.025383756580491183,6.152397821761141e-14,21.83295992660615,1.027139478538349e-09,0.0,True,True,COMPUTED
22,Ti,8,170.4,MEASURED,CALIBRATION,Datasets/nuclear/ionisation_energies.json,323.733353520883,0.8998436239488438,2.423846575730548e-12,0.02538181486998018,6.152162505842817e-14,21.832124863080736,1.3268886357816885e-09,0.0,True,True,COMPUTED
22,Ti,9,192.1,MEASURED,CALIBRATION,Datasets/nuclear/ionisation_energies.json,332.838608401736,0.7326320062557835,2.423831643253978e-12,0.02538212760995484,6.152200407411901e-14,21.832259364044898,1.2374964041977867e-09,0.0,True,True,COMPUTED
22,Ti,10,215.92,MEASURED,CALIBRATION,Datasets/nuclear/ionisation_energies.json,346.48632520114757,0.6046976898904575,2.423774266163701e-12,0.025383329347167312,6.152346046122199e-14,21.832776190852563,1.3678541976509581e-09,0.0,True,True,COMPUTED
22,Ti,11,265.07,MEASURED,CALIBRATION,Datasets/nuclear/ionisation_energies.json,356.95214103233445,0.34663349693414747,2.4240342371017696e-12,0.025377885056008107,6.151686224099702e-14,21.830434686256588,1.517936250031985e-09,0.0,True,True,COMPUTED
22,Ti,12,291.5,MEASURED,CALIBRATION,Datasets/nuclear/ionisation_energies.json,370.95788908464107,0.2725828098958527,2.4234087823347617e-12,0.025390986244372554,6.153273905675358e-14,21.83606887787127,1.1282382330240034e-09,0.0,True,True,COMPUTED
22,Ti,13,787.84,MEASURED,CALIBRATION,Datasets/nuclear/ionisation_energies.json,1262.6415020336542,0.6026623451889396,2.423734764117566e-12,0.025384156749268177,6.152446317101083e-14,21.833132021591602,1.1815775177142083e-09,0.0,True,True,COMPUTED
22,Ti,14,863.1,MEASURED,CALIBRATION,Datasets/nuclear/ionisation_energies.json,1256.7274778221808,0.4560624236150861,2.4237411329367683e-12,0.02538402334649645,6.152430150433068e-14,21.833074651079308,1.4344446471012838e-09,0.0,True,True,COMPUTED
22,Ti,15,941.9,MEASURED,CALIBRATION,Datasets/nuclear/ionisation_energies.json,1314.7875796576159,0.39588871393737757,2.423603433390121e-12,0.02538690786774711,6.152779707143058e-14,21.834315119895265,1.3115527959023763e-09,0.0,True,True,COMPUTED
22,Ti,16,1044.0,MEASURED,CALIBRATION,Datasets/nuclear/ionisation_energies.json,1361.8270112268474,0.30443200309085,2.423850506580232e-12,0.025381732544756088,6.152152528649102e-14,21.832089457101326,1.4932200388163748e-09,0.0,True,True,COMPUTED
22,Ti,17,1131.0,MEASURED,CALIBRATION,Datasets/nuclear/ionisation_energies.json,1352.393223485624,0.19574997655669676,2.423017033167049e-12,0.025399197248827752,6.154268756267929e-14,21.839599295401122,1.330339188871286e-09,0.0,True,True,COMPUTED
22,Ti,18,1221.0,MEASURED,CALIBRATION,Datasets/nuclear/ionisation_energies.json,1424.3661886745738,0.16655707508155101,2.423034984487254e-12,0.02539882090474959,6.154223161693447e-14,21.8394374943365,1.3241561549253757e-09,0.0,True,True,COMPUTED
22,Ti,19,1346.0,MEASURED,CALIBRATION,Datasets/nuclear/ionisation_energies.json,1428.808893043337,0.061522208798913146,2.4229753686473296e-12,0.02540007076530414,6.154374582623106e-14,21.839974840455056,1.5923920038155095e-09,0.0,True,True,COMPUTED
22,Ti,20,1425.4,MEASURED,CALIBRATION,Datasets/nuclear/ionisation_energies.json,1442.7350919400703,0.012161563027971264,2.4216943175060373e-12,0.025426950620245702,6.157630182855563e-14,21.851527960307102,1.5593344744158258e-09,0.0,True,True,COMPUTED
22,Ti,21,6249.0,MEASURED,CALIBRATION,Datasets/nuclear/ionisation_energies.json,6484.063260784764,0.037616140308011484,2.4240154577163267e-12,0.025378278273740895,6.151733882577434e-14,21.8306038114765,1.3572998065856437e-09,0.0,True,True,COMPUTED
22,Ti,22,6625.82,MEASURED,CALIBRATION,Datasets/nuclear/ionisation_energies.json,6585.080811696145,0.00614855041396453,2.40535095865e-12,0.02577365558800395,6.199468717652023e-14,22.0,6.098990147620891e-10,0.0,True,True,COMPUTED
23,V,1,6.7462,MEASURED,CALIBRATION,Datasets/nuclear/ionisation_energies.json,74.16964933801862,9.994285573807272,2.3176261466978327e-12,0.027761706689519064,6.434125730058552e-14,22.832725271803426,1.0335114082693938e-09,0.0,True,True,COMPUTED
23,V,2,14.66,MEASURED,CALIBRATION,Datasets/nuclear/ionisation_energies.json,75.80593289761673,4.17093675972829,2.31753964639245e-12,0.027763779094990455,6.434365878632228e-14,22.83357748493031,1.056818495850196e-09,0.0,True,True,COMPUTED
23,V,3,29.311,MEASURED,CALIBRATION,Datasets/nuclear/ionisation_energies.json,308.38468508954907,9.521124666150902,2.3175857841302407e-12,0.027762673681574233,6.434237785386321e-14,22.833122921557493,1.0317145141537722e-09,0.0,True,True,COMPUTED
23,V,4,46.709,MEASURED,CALIBRATION,Datasets/nuclear/ionisation_energies.json,310.73727784115067,5.652621076048527,2.3176531784534776e-12,0.027761059100568232,6.43405068616668e-14,22.832458964205728,8.027553770930207e-10,0.0,True,True,COMPUTED
23,V,5,65.2817,MEASURED,CALIBRATION,Datasets/nuclear/ionisation_energies.json,330.42192457458776,4.061478554856687,2.3176063430253704e-12,0.027762181132555394,6.434180708902965e-14,22.832920374744038,9.363857170360364e-10,0.0,True,True,COMPUTED
23,V,6,128.13,MEASURED,CALIBRATION,Datasets/nuclear/ionisation_energies.json,335.5942104937626,1.6191696752810631,2.317611506958372e-12,0.02776205741735704,6.43416637273057e-14,22.83286950009542,1.0959024322313892e-09,0.0,True,True,COMPUTED
23,V,7,150.6,MEASURED,CALIBRATION,Datasets/nuclear/ionisation_energies.json,348.27639277469024,1.3125922494999354,2.3176841439174577e-12,0.02776031730118602,6.433964723907631e-14,22.832153910694664,9.658204534505078e-10,0.0,True,True,COMPUTED
23,V,8,173.4,MEASURED,CALIBRATION,Datasets/nuclear/ionisation_energies.json,373.02696108689753,1.151251217340816,2.3175924571858814e-12,0.02776251380739193,6.434219259253042e-14,22.833057178031606,1.199251263244584e-09,0.0,True,True,COMPUTED
23,V,9,205.8,MEASURED,CALIBRATION,Datasets/nuclear/ionisation_energies.json,369.1844995097214,0.7938994145273146,2.3176794189736964e-12,0.027760430488601575,6.433977840528178e-14,22.83220045753039,1.1749520501573362e-09,0.0,True,True,COMPUTED
23,V,10,230.5,MEASURED,CALIBRATION,Datasets/nuclear/ionisation_energies.json,378.9447518484721,0.644011938605085,2.3176654444732016e-12,0.02776076525591673,6.434016634577046e-14,22.832338125629704,1.4446906289882682e-09,0.0,True,True,COMPUTED
23,V,11,255.7,MEASURED,CALIBRATION,Datasets/nuclear/ionisation_energies.json,393.62547631282666,0.5394035053297875,2.3176128559023956e-12,0.02776202510009539,6.434162627786607e-14,22.832856210445783,1.6028708709532727e-09,0.0,True,True,COMPUTED
23,V,12,308.1,MEASURED,CALIBRATION,Datasets/nuclear/ionisation_energies.json,404.8158294018325,0.31391051412474025,2.3178556797109122e-12,0.027756208579584614,6.433488570343095e-14,22.830464188736723,1.334821163218859e-09,0.0,True,True,COMPUTED
23,V,13,336.277,MEASURED,CALIBRATION,Datasets/nuclear/ionisation_energies.json,420.0466647770363,0.2491091117651113,2.3172690093577256e-12,0.02777026461358707,6.435117357072881e-14,22.83624424984958,1.3466613924896296e-09,0.0,True,True,COMPUTED
23,V,14,896.0,MEASURED,CALIBRATION,Datasets/nuclear/ionisation_energies.json,1397.1289952069217,0.5592957535791536,2.3175750167288723e-12,0.027762931651687684,6.434267678710262e-14,22.833229003732704,1.5414115181084266e-09,0.0,True,True,COMPUTED
23,V,15,976.0,MEASURED,CALIBRATION,Datasets/nuclear/ionisation_energies.json,1390.8341510596936,0.42503499083984997,2.317583442709751e-12,0.027762729778044927,6.434244285802188e-14,22.833145989525995,1.3608288343716726e-09,0.0,True,True,COMPUTED
23,V,16,1060.0,MEASURED,CALIBRATION,Datasets/nuclear/ionisation_energies.json,1452.0111162155079,0.3698218077504791,2.317457602887274e-12,0.027765744937275117,6.434593670471705e-14,22.83438584782344,1.2554349214079432e-09,0.0,True,True,COMPUTED
23,V,17,1168.0,MEASURED,CALIBRATION,Datasets/nuclear/ionisation_energies.json,1501.3746330143272,0.28542348716980065,2.317684300317329e-12,0.02776031355459301,6.433964289736656e-14,22.83215236995595,1.445379177404821e-09,0.0,True,True,COMPUTED
23,V,18,1260.0,MEASURED,CALIBRATION,Datasets/nuclear/ionisation_energies.json,1491.3700927399875,0.1836270577301488,2.316919514943361e-12,0.02777864322520439,6.436088058712524e-14,22.839688970203014,1.2954941788499688e-09,0.0,True,True,COMPUTED
23,V,19,1355.0,MEASURED,CALIBRATION,Datasets/nuclear/ionisation_energies.json,1567.0333625814637,0.1564821864069843,2.3169357674735927e-12,0.027778253510770626,6.436042911705336e-14,22.839528757416502,1.2849238909706122e-09,0.0,True,True,COMPUTED
23,V,20,1486.0,MEASURED,CALIBRATION,Datasets/nuclear/ionisation_energies.json,1571.5732515456918,0.05758630655833906,2.3168792979874192e-12,0.027779607610502976,6.43619977789881e-14,22.840085427094763,1.5562070017084537e-09,0.0,True,True,COMPUTED
23,V,21,1569.6,MEASURED,CALIBRATION,Datasets/nuclear/ionisation_energies.json,1586.2210594207277,0.010589359977527881,2.315710413692645e-12,0.027807658909120597,6.439448531626362e-14,22.851614250815196,1.5203598795784816e-09,0.0,True,True,COMPUTED
23,V,22,6851.3,MEASURED,CALIBRATION,Datasets/nuclear/ionisation_energies.json,7091.707787301338,0.035089368047135215,2.3178415046429605e-12,0.027756548074191995,6.433527915197984e-14,22.8306038114765,1.324804311778124e-09,0.0,True,True,COMPUTED
23,V,23,7246.12,MEASURED,CALIBRATION,Datasets/nuclear/ionisation_energies.json,7197.334861522459,0.00673258771280924,2.3007704821869563e-12,0.02816996654143407,6.481262750272569e-14,23.0,6.098991047701761e-10,0.0,True,True,COMPUTED
25,Mn,1,7.43402,MEASURED,CALIBRATION,Datasets/nuclear/ionisation_energies.json,85.52837970248468,10.504997256193107,2.1309735916274513e-12,0.03283800689021753,6.997692548473383e-14,24.832649873378333,1.0536081341462608e-09,0.0,True,True,COMPUTED
25,Mn,2,15.63999,MEASURED,CALIBRATION,Datasets/nuclear/ionisation_energies.json,88.83354762733224,4.679897981221998,2.1308988718795923e-12,0.03284030985320265,6.997937921836579e-14,24.833520627669724,1.0951985072358716e-09,0.0,True,True,COMPUTED
25,Mn,3,33.668,MEASURED,CALIBRATION,Datasets/nuclear/ionisation_energies.json,363.9439207894716,9.809787358603765,2.13093861204064e-12,0.0328390849779052,6.997807416350194e-14,24.833057504000394,1.0420798748535125e-09,0.0,True,True,COMPUTED
25,Mn,4,51.2,MEASURED,CALIBRATION,Datasets/nuclear/ionisation_energies.json,380.203075339269,6.425841315220097,2.1309527654260027e-12,0.03283864875736697,6.997760938236432e-14,24.832892567527708,9.960011056230115e-10,0.0,True,True,COMPUTED
25,Mn,5,72.4,MEASURED,CALIBRATION,Datasets/nuclear/ionisation_energies.json,401.0795091177314,4.539772225383031,2.1309185243116043e-12,0.03283970411537344,6.997873383236129e-14,24.83329160010711,1.0605975737819005e-09,0.0,True,True,COMPUTED
25,Mn,6,95.6,MEASURED,CALIBRATION,Datasets/nuclear/ionisation_energies.json,403.23529189538567,3.217942383842946,2.1309798372029814e-12,0.032837814404161905,6.997672039308265e-14,24.832577092684826,8.774163047976291e-10,0.0,True,True,COMPUTED
25,Mn,7,119.203,MEASURED,CALIBRATION,Datasets/nuclear/ionisation_energies.json,426.26028875693436,2.575919135902069,2.130936818415299e-12,0.03283914025973174,6.997813306456651e-14,24.833078406169264,9.835815918106401e-10,0.0,True,True,COMPUTED
25,Mn,8,194.5,MEASURED,CALIBRATION,Datasets/nuclear/ionisation_energies.json,431.56262241324083,1.2188309635642203,2.1309415171097163e-12,0.03283899544025768,6.997797876382176e-14,24.83302364959996,9.947653194908529e-10,0.0,True,True,COMPUTED
25,Mn,9,221.8,MEASURED,CALIBRATION,Datasets/nuclear/ionisation_energies.json,446.2603409505687,1.0119943234921942,2.131006079973941e-12,0.032837005631306516,6.997585864845272e-14,24.832271286127494,9.809685867091632e-10,0.0,True,True,COMPUTED
25,Mn,10,248.3,MEASURED,CALIBRATION,Datasets/nuclear/ionisation_energies.json,474.8379738352675,0.9123559155669251,2.1309236989801684e-12,0.03283954462174324,6.99785638981894e-14,24.833231295717304,1.2894210959007495e-09,0.0,True,True,COMPUTED
25,Mn,11,286.0,MEASURED,CALIBRATION,Datasets/nuclear/ionisation_energies.json,469.0899944692837,0.6401748058366562,2.1310004265852233e-12,0.03283717985989989,6.997604428930237e-14,24.832337164332195,1.2703065222873694e-09,0.0,True,True,COMPUTED
25,Mn,12,314.4,MEASURED,CALIBRATION,Datasets/nuclear/ionisation_energies.json,480.16968320495437,0.5272572621022723,2.1309882427642834e-12,0.032837555350909445,6.997644437390941e-14,24.832479142004082,1.5676389764864484e-09,0.0,True,True,COMPUTED
25,Mn,13,343.6,MEASURED,CALIBRATION,Datasets/nuclear/ionisation_energies.json,496.9486866106566,0.4463000192393962,2.1309437906945986e-12,0.032838925365951566,6.997790410165784e-14,24.83299715430365,1.2707637066069544e-09,0.0,True,True,COMPUTED
25,Mn,14,403.0,MEASURED,CALIBRATION,Datasets/nuclear/ionisation_energies.json,509.5993935218247,0.2645146241236345,2.1311566141638096e-12,0.03283236691312881,6.997091590556748e-14,24.830517259316036,1.4513950212759347e-09,0.0,True,True,COMPUTED
25,Mn,15,435.163,MEASURED,CALIBRATION,Datasets/nuclear/ionisation_energies.json,527.3192512603315,0.21177409674152325,2.130638380154566e-12,0.03284834045284637,6.998793489321829e-14,24.83655677246418,1.1283201921465836e-09,0.0,True,True,COMPUTED
25,Mn,16,1134.7,MEASURED,CALIBRATION,Datasets/nuclear/ionisation_energies.json,1686.5170417899972,0.4863109560148031,2.1309090894940155e-12,0.032839994918303916,6.99790436703511e-14,24.833401552041487,1.3797286988392362e-09,0.0,True,True,COMPUTED
25,Mn,17,1224.0,MEASURED,CALIBRATION,Datasets/nuclear/ionisation_energies.json,1679.4476029365596,0.3720977148174507,2.130920146720789e-12,0.03283965410935384,6.997868055296425e-14,24.833272692894447,1.2506676007291504e-09,0.0,True,True,COMPUTED
25,Mn,18,1317.0,MEASURED,CALIBRATION,Datasets/nuclear/ionisation_energies.json,1746.8683188336113,0.32639963464966687,2.130813901429299e-12,0.03284292905101397,6.998216978555675e-14,24.83451091378935,1.6489503645708803e-09,0.0,True,True,COMPUTED
25,Mn,19,1437.0,MEASURED,CALIBRATION,Datasets/nuclear/ionisation_energies.json,1800.8794940987273,0.2532216382037072,2.1310066765466827e-12,0.03283698724594906,6.99758390587957e-14,24.832264334363177,1.364828225042786e-09,0.0,True,True,COMPUTED
25,Mn,20,1539.0,MEASURED,CALIBRATION,Datasets/nuclear/ionisation_energies.json,1789.7287434375635,0.16291666240257535,2.1303561089042673e-12,0.03285704581094915,6.999720826390289e-14,24.83984760534605,1.2353645988431304e-09,0.0,True,True,COMPUTED
25,Mn,21,1644.0,MEASURED,CALIBRATION,Datasets/nuclear/ionisation_energies.json,1872.776676649121,0.13915856243863814,2.1303695895561162e-12,0.03285662998357711,6.999676533231034e-14,24.839690422602178,1.2183346286822436e-09,0.0,True,True,COMPUTED
25,Mn,22,1788.0,MEASURED,CALIBRATION,Datasets/nuclear/ionisation_energies.json,1877.508494116124,0.050060679035863524,2.1303189006280126e-12,0.032858193587194,6.999843083929354e-14,24.840281459597428,1.4912097337418037e-09,0.0,True,True,COMPUTED
25,Mn,23,1879.9,MEASURED,CALIBRATION,Datasets/nuclear/ionisation_energies.json,1893.6009639766012,0.0072881344627911526,2.129334431225282e-12,0.03288858370679965,7.003079368112331e-14,24.851766032754927,1.4512261019714729e-09,0.0,True,True,COMPUTED
25,Mn,24,8140.6,MEASURED,CALIBRATION,Datasets/nuclear/ionisation_energies.json,8388.627996579704,0.03046802404978792,2.131149184418581e-12,0.0328325958380191,6.997115984253931e-14,24.83060382501424,1.8091215923271683e-09,0.0,True,True,COMPUTED
25,Mn,25,8571.94,MEASURED,CALIBRATION,Datasets/nuclear/ionisation_energies.json,8503.474062630443,0.007987216122553079,2.116708843612e-12,0.03328209657541833,7.044850815513664e-14,25.0,6.098993002958388e-10,0.0,True,True,COMPUTED
27,Co,1,7.881,MEASURED,CALIBRATION,Datasets/nuclear/ionisation_energies.json,98.39889708364308,11.48558521553649,1.972148440337236e-12,0.03834014262560374,7.561245248139161e-14,26.832524371872893,1.0254391918845114e-09,0.0,True,True,COMPUTED
27,Co,2,17.083,MEASURED,CALIBRATION,Datasets/nuclear/ionisation_energies.json,101.3813152130411,4.934631810164556,1.9720849855989215e-12,0.03834260996638824,7.561488542338982e-14,26.833387747855554,1.0931972999176228e-09,0.0,True,True,COMPUTED
27,Co,3,33.5,MEASURED,CALIBRATION,Datasets/nuclear/ionisation_energies.json,437.17895587680874,12.050118085874887,1.972119076931084e-12,0.038341284347292004,7.561357829533373e-14,26.832923888474312,1.1268731187656386e-09,0.0,True,True,COMPUTED
27,Co,4,51.3,MEASURED,CALIBRATION,Datasets/nuclear/ionisation_energies.json,467.82667151371254,8.11942829461428,1.972081149351298e-12,0.038342759140664845,7.561503251542231e-14,26.83343994627549,1.030065248430125e-09,0.0,True,True,COMPUTED
27,Co,5,79.5,MEASURED,CALIBRATION,Datasets/nuclear/ionisation_energies.json,463.4509025587877,4.829571101368399,1.9721002666113443e-12,0.03834201576573919,7.561429951403062e-14,26.833179826717636,1.0586618414967503e-09,0.0,True,True,COMPUTED
27,Co,6,102.0,MEASURED,CALIBRATION,Datasets/nuclear/ionisation_energies.json,482.25174159360313,3.727958250917678,1.97211303504903e-12,0.038341519276901596,7.56138099495613e-14,26.833006095405878,1.1030548632359642e-09,0.0,True,True,COMPUTED
27,Co,7,128.9,MEASURED,CALIBRATION,Datasets/nuclear/ionisation_energies.json,505.93176320797124,2.92499428400288,1.972081389086278e-12,0.03834274981843293,7.561502332332285e-14,26.833436684283246,1.1441312997602945e-09,0.0,True,True,COMPUTED
27,Co,8,157.8,MEASURED,CALIBRATION,Datasets/nuclear/ionisation_energies.json,507.78044016764335,2.217873511835509,1.9721370058808955e-12,0.03834058721941903,7.561289088262037e-14,26.83267994693057,9.314546468756193e-10,0.0,True,True,COMPUTED
27,Co,9,186.13,MEASURED,CALIBRATION,Datasets/nuclear/ionisation_energies.json,534.2354417352643,1.8702274847432672,1.97209765423573e-12,0.03834211734672643,7.561439967791028e-14,26.83321537178534,1.196895414438035e-09,0.0,True,True,COMPUTED
27,Co,10,275.4,MEASURED,CALIBRATION,Datasets/nuclear/ionisation_energies.json,539.5994314172082,0.959329816329732,1.9721019296885683e-12,0.03834195109798009,7.561423574835125e-14,26.8331571982472,9.973917031412522e-10,0.0,True,True,COMPUTED
27,Co,11,305.0,MEASURED,CALIBRATION,Datasets/nuclear/ionisation_energies.json,556.3653088420726,0.824148553580566,1.972159515404812e-12,0.03833971201289228,7.561202786410569e-14,26.832373688310874,1.070014296892227e-09,0.0,True,True,COMPUTED
27,Co,12,336.0,MEASURED,CALIBRATION,Datasets/nuclear/ionisation_energies.json,588.8012482825205,0.7523846675075015,1.972085361424343e-12,0.0383425953522884,7.5614871013265e-14,26.833382634147263,1.0672970249452164e-09,0.0,True,True,COMPUTED
27,Co,13,379.0,MEASURED,CALIBRATION,Datasets/nuclear/ionisation_energies.json,581.0119524970274,0.5330130672744787,1.9721533613314016e-12,0.038339951290196995,7.561226381024421e-14,26.832457418309104,1.1182559264167966e-09,0.0,True,True,COMPUTED
27,Co,14,411.0,MEASURED,CALIBRATION,Datasets/nuclear/ionisation_energies.json,593.4224587765759,0.44385026466320177,1.9721427578087083e-12,0.038340363572355436,7.561267035097359e-14,26.832601687059437,1.3074620898582886e-09,0.0,True,True,COMPUTED
27,Co,15,444.0,MEASURED,CALIBRATION,Datasets/nuclear/ionisation_energies.json,612.3374371845358,0.3791383720372428,1.9721048657946184e-12,0.038341836929658965,7.561412317248424e-14,26.833117248548497,1.4192686392141387e-09,0.0,True,True,COMPUTED
27,Co,16,511.96,MEASURED,CALIBRATION,Datasets/nuclear/ionisation_energies.json,626.4613130834812,0.2236528499950801,1.972292561406386e-12,0.03833453958215252,7.56069272628181e-14,26.8305636424273,1.2254233762940496e-09,0.0,True,True,COMPUTED
27,Co,17,546.58,MEASURED,CALIBRATION,Datasets/nuclear/ionisation_energies.json,646.7126437910104,0.18319851401626533,1.9718322619171743e-12,0.03835243910522517,7.562457675089684e-14,26.83682690070662,1.0482158611413764e-09,0.0,True,True,COMPUTED
27,Co,18,1397.2,MEASURED,CALIBRATION,Datasets/nuclear/ionisation_energies.json,2003.1218296911297,0.4336686442106568,1.9720730313837953e-12,0.038343074814484596,7.561534378197629e-14,26.83355040516317,1.2693612700963609e-09,0.0,True,True,COMPUTED
27,Co,19,1504.6,MEASURED,CALIBRATION,Datasets/nuclear/ionisation_energies.json,1995.264005578287,0.3261092686283976,1.9720854257127043e-12,0.038342592852414356,7.561486854828246e-14,26.83338175940108,1.1720639450013728e-09,0.0,True,True,COMPUTED
27,Co,20,1603.0,MEASURED,CALIBRATION,Datasets/nuclear/ionisation_energies.json,2068.9392996922234,0.2906670615672011,1.971994571926225e-12,0.038346125975721325,7.561835227852167e-14,26.83461802768072,1.5334849926201838e-09,0.0,True,True,COMPUTED
27,Co,21,1735.0,MEASURED,CALIBRATION,Datasets/nuclear/ionisation_energies.json,2127.597582731164,0.22628102751075738,1.9721604521422906e-12,0.038339675591680625,7.561199194987761e-14,26.8323609434604,1.2990949909106862e-09,0.0,True,True,COMPUTED
27,Co,22,1846.0,MEASURED,CALIBRATION,Datasets/nuclear/ionisation_energies.json,2115.2955193067833,0.145880563004758,1.9716003552544443e-12,0.03836146193707817,7.563347198322317e-14,26.83998354396255,1.6895321820987847e-09,0.0,True,True,COMPUTED
27,Co,23,1962.0,MEASURED,CALIBRATION,Datasets/nuclear/ionisation_energies.json,2205.7325551436697,0.12422658264203351,1.9716116940091695e-12,0.03836102070419405,7.563303701451686e-14,26.839829187001104,1.638360547569154e-09,0.0,True,True,COMPUTED
27,Co,24,2119.0,MEASURED,CALIBRATION,Datasets/nuclear/ionisation_energies.json,2210.653650243364,0.04325325636779809,1.97156610154849e-12,0.03836279492170492,7.563478602828996e-14,26.84044985797729,1.4344968341890766e-09,0.0,True,True,COMPUTED
27,Co,25,2219.0,MEASURED,CALIBRATION,Datasets/nuclear/ionisation_energies.json,2228.192367224333,0.004142571980321264,1.9707257395924834e-12,0.03839551942148799,7.566703840894949e-14,26.851895231876654,1.3917981011932398e-09,0.0,True,True,COMPUTED
27,Co,26,9544.1,MEASURED,CALIBRATION,Datasets/nuclear/ionisation_energies.json,9794.393732216095,0.026224969584989072,1.9722896076220497e-12,0.03833465440509426,7.560704049495024e-14,26.83060382501424,1.7202901678843772e-09,0.0,True,True,COMPUTED
27,Co,27,10012.12,MEASURED,CALIBRATION,Datasets/nuclear/ionisation_energies.json,9918.45879976119,0.009354782028062999,1.959915595937037e-12,0.03882023744556795,7.608438880754759e-14,27.0,6.098993449939375e-10,0.0,True,True,COMPUTED
28,Ni,1,7.6398,MEASURED,CALIBRATION,Datasets/nuclear/ionisation_energies.json,104.46860980542475,12.674259771908263,1.9012555142720145e-12,0.0412526594608628,7.843184627835099e-14,27.83304016375834,1.0301266656020212e-09,0.0,True,True,COMPUTED
28,Ni,2,18.16884,MEASURED,CALIBRATION,Datasets/nuclear/ionisation_energies.json,107.34376666536888,4.908124385781859,1.9011968972747402e-12,0.04125520327345553,7.843426445993237e-14,27.83389830172488,1.1508310334630722e-09,0.0,True,True,COMPUTED
28,Ni,3,35.19,MEASURED,CALIBRATION,Datasets/nuclear/ionisation_energies.json,477.189966471836,12.560385520654618,1.901228178287984e-12,0.04125384573630314,7.843297397660514e-14,27.833440349043897,1.104915380911103e-09,0.0,True,True,COMPUTED
28,Ni,4,54.9,MEASURED,CALIBRATION,Datasets/nuclear/ionisation_energies.json,490.2856128168532,7.930521180634849,1.901260522370057e-12,0.0412524421344222,7.84316396815321e-14,27.832966848927303,1.0235785932448521e-09,0.0,True,True,COMPUTED
28,Ni,5,76.06,MEASURED,CALIBRATION,Datasets/nuclear/ionisation_energies.json,522.5907652249813,5.8707699871809265,1.9012237480982746e-12,0.04125403799413283,7.843315673939385e-14,27.833505205913653,1.0715046389891413e-09,0.0,True,True,COMPUTED
28,Ni,6,108.0,MEASURED,CALIBRATION,Datasets/nuclear/ionisation_energies.json,517.7008775411985,3.7935266438999857,1.9012422095479408e-12,0.04125323682777492,7.843239513744327e-14,27.833234936900684,1.0943628434409261e-09,0.0,True,True,COMPUTED
28,Ni,7,133.0,MEASURED,CALIBRATION,Datasets/nuclear/ionisation_energies.json,537.8112234372492,3.0436934093026253,1.901254350479535e-12,0.04125270996388944,7.843189428791525e-14,27.83305720087009,1.0343151558013211e-09,0.0,True,True,COMPUTED
28,Ni,8,162.0,MEASURED,CALIBRATION,Datasets/nuclear/ionisation_energies.json,562.9120382639194,2.474765668295799,1.9012239763691165e-12,0.041254028087784556,7.843314732230097e-14,27.83350186407821,1.1348966798204354e-09,0.0,True,True,COMPUTED
28,Ni,9,193.0,MEASURED,CALIBRATION,Datasets/nuclear/ionisation_energies.json,564.5734823735888,1.9252512040082324,1.9012769387328364e-12,0.04125172975831524,7.843096247232384e-14,27.83272652829241,1.0126450018773094e-09,0.0,True,True,COMPUTED
28,Ni,10,224.6,MEASURED,CALIBRATION,Datasets/nuclear/ionisation_energies.json,592.7714884080474,1.6392319163314666,1.9012393217931348e-12,0.04125336214532124,7.843251426685714e-14,27.833277212250785,1.042318959518288e-09,0.0,True,True,COMPUTED
28,Ni,11,321.0,MEASURED,CALIBRATION,Datasets/nuclear/ionisation_energies.json,598.144938112306,0.8633798695087415,1.901243401348236e-12,0.041253185108353414,7.843234597185424e-14,27.83321748955144,1.1872497360257554e-09,0.0,True,True,COMPUTED
28,Ni,12,352.0,MEASURED,CALIBRATION,Datasets/nuclear/ionisation_energies.json,615.9617765879126,0.7498914107611153,1.9012978700249597e-12,0.041250821486900284,7.843009902982335e-14,27.832420119213253,9.866159496589956e-10,0.0,True,True,COMPUTED
28,Ni,13,384.0,MEASURED,CALIBRATION,Datasets/nuclear/ionisation_energies.json,650.3356521104346,0.6935824273709233,1.901227443816797e-12,0.04125387761020332,7.843300427637786e-14,27.833451101497545,9.921847046328143e-10,0.0,True,True,COMPUTED
28,Ni,14,430.0,MEASURED,CALIBRATION,Datasets/nuclear/ionisation_energies.json,641.4826287251599,0.4918200668026974,1.9012915754677448e-12,0.04125109462342409,7.843035868633901e-14,27.832512263292116,1.4213418446409724e-09,0.0,True,True,COMPUTED
28,Ni,15,464.0,MEASURED,CALIBRATION,Datasets/nuclear/ionisation_energies.json,654.562391731196,0.4106948097655087,1.9012816803824375e-12,0.04125152400131871,7.843076687156368e-14,27.83265711562305,1.2164734053814388e-09,0.0,True,True,COMPUTED
28,Ni,16,499.0,MEASURED,CALIBRATION,Datasets/nuclear/ionisation_energies.json,674.557747597714,0.3518191334623526,1.9012465873018917e-12,0.041253046851036715,7.84322145413386e-14,27.833170848920187,1.310918795792868e-09,0.0,True,True,COMPUTED
28,Ni,17,571.08,MEASURED,CALIBRATION,Datasets/nuclear/ionisation_energies.json,689.4223087962173,0.20722544791660932,1.901423259861505e-12,0.04124538107463221,7.84249269371572e-14,27.830584703247183,1.5452083617178434e-09,0.0,True,True,COMPUTED
28,Ni,18,607.06,MEASURED,CALIBRATION,Datasets/nuclear/ionisation_energies.json,710.952500703463,0.1711404156153643,1.900988565357866e-12,0.04126424619637698,7.844286017742447e-14,27.83694865641556,1.0172286452624697e-09,0.0,True,True,COMPUTED
28,Ni,19,1541.0,MEASURED,CALIBRATION,Datasets/nuclear/ionisation_energies.json,2171.6290885788817,0.4092336720174443,1.9012160837909403e-12,0.041254370606786356,7.843347292429443e-14,27.83361741017066,1.2264687276122244e-09,0.0,True,True,COMPUTED
28,Ni,20,1648.0,MEASURED,CALIBRATION,Datasets/nuclear/ionisation_energies.json,2163.3729054518094,0.31272627757998145,1.901228831828651e-12,0.04125381737458173,7.843294701554854e-14,27.833430781397507,1.6089936892636382e-09,0.0,True,True,COMPUTED
28,Ni,21,1756.0,MEASURED,CALIBRATION,Datasets/nuclear/ionisation_energies.json,2240.178764974243,0.2757282260673367,1.901144460030046e-12,0.04125747910158808,7.843642782878957e-14,27.83466601452458,1.4856894090259637e-09,0.0,True,True,COMPUTED
28,Ni,22,1894.0,MEASURED,CALIBRATION,Datasets/nuclear/ionisation_energies.json,2301.1603974759105,0.21497381070533816,1.9012989414700927e-12,0.04125077499449609,7.843005483185638e-14,27.83240443471966,1.2705245899023836e-09,0.0,True,True,COMPUTED
28,Ni,23,2011.0,MEASURED,CALIBRATION,Datasets/nuclear/ionisation_energies.json,2288.2811134176577,0.13788220458361894,1.9007771756306573e-12,0.04127342488696947,7.845158398525791e-14,27.840044466412785,1.6548814048333871e-09,0.0,True,True,COMPUTED
28,Ni,24,2131.0,MEASURED,CALIBRATION,Datasets/nuclear/ionisation_energies.json,2382.4140241601526,0.11797936375417767,1.9007876231475442e-12,0.04127297117650418,7.845115278282448e-14,27.839891445985273,1.5950034671284259e-09,0.0,True,True,COMPUTED
28,Ni,25,2295.0,MEASURED,CALIBRATION,Datasets/nuclear/ionisation_energies.json,2387.4289411674868,0.04027404843899205,1.900744336817104e-12,0.04127485104617095,7.845293937897896e-14,27.84052545378801,1.408772438515398e-09,0.0,True,True,COMPUTED
28,Ni,26,2399.2,MEASURED,CALIBRATION,Datasets/nuclear/ionisation_energies.json,2405.6912641884433,0.0027055952769437473,1.899964477148604e-12,0.04130874136160393,7.848514118276673e-14,27.851952879517484,1.3651101431569361e-09,0.0,True,True,COMPUTED
28,Ni,27,10288.8,MEASURED,CALIBRATION,Datasets/nuclear/ionisation_energies.json,10538.088810139014,0.024229143353842478,1.9014219534373657e-12,0.04124543775219385,7.84249808211557e-14,27.83060382501424,1.68063348969277e-09,0.0,True,True,COMPUTED
28,Ni,28,10775.4,MEASURED,CALIBRATION,Datasets/nuclear/ionisation_energies.json,10666.763319407935,0.010081916271513289,1.8899186103678572e-12,0.04174906194420475,7.890232913375305e-14,28.0,6.098992251888794e-10,0.0,True,True,COMPUTED
30,Zn,1,9.3942,MEASURED,CALIBRATION,Datasets/nuclear/ionisation_energies.json,119.82143717739666,11.754831404206497,1.7738053646037409e-12,0.04739374167027949,8.406727322338561e-14,29.832879157021576,1.0231734706314739e-09,0.0,True,True,COMPUTED
30,Zn,2,17.9644,MEASURED,CALIBRATION,Datasets/nuclear/ionisation_energies.json,122.9283262735575,5.842885165859005,1.773754183119112e-12,0.047396476792293904,8.406969897543923e-14,29.833739981514928,1.0960479087870781e-09,0.0,True,True,COMPUTED
30,Zn,3,39.723,MEASURED,CALIBRATION,Datasets/nuclear/ionisation_energies.json,549.6307327822282,12.836586682330845,1.7737818746308533e-12,0.04739499693745106,8.406838651583549e-14,29.833274230132076,1.072954112242526e-09,0.0,True,True,COMPUTED
30,Zn,4,59.4,MEASURED,CALIBRATION,Datasets/nuclear/ionisation_energies.json,577.0264863401923,8.71425061178775,1.7737729213806675e-12,0.04739547539817279,8.406881085724251e-14,29.833424815793194,1.0688731876990184e-09,0.0,True,True,COMPUTED
30,Zn,5,82.6,MEASURED,CALIBRATION,Datasets/nuclear/ionisation_energies.json,591.1919716079439,6.157287791863728,1.773765313825666e-12,0.04739588195078302,8.406917142247487e-14,29.83355276925942,1.1270216015687906e-09,0.0,True,True,COMPUTED
30,Zn,6,108.0,MEASURED,CALIBRATION,Datasets/nuclear/ionisation_energies.json,605.5336998848835,4.606793517452625,1.7737954980422537e-12,0.04739426891771848,8.406774083925295e-14,29.833045099452292,1.1911410548310659e-09,0.0,True,True,COMPUTED
30,Zn,7,134.0,MEASURED,CALIBRATION,Datasets/nuclear/ionisation_energies.json,641.2750911673313,3.7856350087114277,1.77376111732841e-12,0.04739610621652194,8.406937031963396e-14,29.833623351718977,1.24792198580413e-09,0.0,True,True,COMPUTED
30,Zn,8,174.0,MEASURED,CALIBRATION,Datasets/nuclear/ionisation_energies.json,635.2068621329006,2.650614150189084,1.773778267821184e-12,0.047395189684098296,8.406855746091632e-14,29.83333489326225,1.1536229356307431e-09,0.0,True,True,COMPUTED
30,Zn,9,203.0,MEASURED,CALIBRATION,Datasets/nuclear/ionisation_energies.json,658.003275971557,2.2413954481357483,1.7737892733647183e-12,0.04739460155538081,8.406803585432928e-14,29.83314979119242,1.0180144630980628e-09,0.0,True,True,COMPUTED
30,Zn,10,238.0,MEASURED,CALIBRATION,Datasets/nuclear/ionisation_energies.json,685.9756102701444,1.8822504633199346,1.7737613277637783e-12,0.047396094970570964,8.406936034581808e-14,29.833619812319725,1.241728567388808e-09,0.0,True,True,COMPUTED
30,Zn,11,274.0,MEASURED,CALIBRATION,Datasets/nuclear/ionisation_energies.json,687.2062700983263,1.508052080650826,1.7738093928107899e-12,0.047393526414245456,8.406708231201487e-14,29.832811408471702,1.0053828206852392e-09,0.0,True,True,COMPUTED
30,Zn,12,310.8,MEASURED,CALIBRATION,Datasets/nuclear/ionisation_energies.json,718.9377312878114,1.3131844636029968,1.7737750152310978e-12,0.047395363502383145,8.406871161832309e-14,29.833389598965326,1.1036980884399438e-09,0.0,True,True,COMPUTED
30,Zn,13,419.7,MEASURED,CALIBRATION,Datasets/nuclear/ionisation_energies.json,724.2940558394924,0.7257423298534488,1.7737787332965337e-12,0.04739516480919232,8.406853539962961e-14,29.83332706439288,1.3457730618864323e-09,0.0,True,True,COMPUTED
30,Zn,14,454.0,MEASURED,CALIBRATION,Datasets/nuclear/ionisation_energies.json,744.2419653730545,0.6392994832005606,1.773827623315802e-12,0.04739255224576419,8.406621831297388e-14,29.8325048018935,1.1560717381898468e-09,0.0,True,True,COMPUTED
30,Zn,15,490.0,MEASURED,CALIBRATION,Datasets/nuclear/ionisation_energies.json,782.505229095404,0.5969494471334776,1.7737639468148342e-12,0.04739595500527158,8.406923621320881e-14,29.83357576149007,1.178370717705388e-09,0.0,True,True,COMPUTED
30,Zn,16,542.0,MEASURED,CALIBRATION,Datasets/nuclear/ionisation_energies.json,771.4510930051389,0.42334150000948134,1.7738212000695655e-12,0.04739289547605596,8.406652272810907e-14,29.832612829424228,1.2799119724100278e-09,0.0,True,True,COMPUTED
30,Zn,17,579.0,MEASURED,CALIBRATION,Datasets/nuclear/ionisation_energies.json,785.8763615649069,0.35729941548343164,1.7738125677469395e-12,0.0473933567556374,8.406693184086393e-14,29.832758010906986,1.4514293926421878e-09,0.0,True,True,COMPUTED
30,Zn,18,619.0,MEASURED,CALIBRATION,Datasets/nuclear/ionisation_energies.json,808.054352643569,0.3054189865001115,1.7737822879097786e-12,0.047394974852044906,8.406836692848663e-14,29.833267279186856,1.5561483118734855e-09,0.0,True,True,COMPUTED
30,Zn,19,698.0,MEASURED,CALIBRATION,Datasets/nuclear/ionisation_energies.json,824.4073752586753,0.1810993914880735,1.7739395114467837e-12,0.04738657402967409,8.406091598333691e-14,29.830623168848376,1.3519566801379541e-09,0.0,True,True,COMPUTED
30,Zn,20,738.0,MEASURED,CALIBRATION,Datasets/nuclear/ionisation_energies.json,848.5172829463996,0.14975241591653066,1.7735502981750193e-12,0.04740737468842714,8.40793635143548e-14,29.837169627922172,1.3452541844104696e-09,0.0,True,True,COMPUTED
30,Zn,21,1856.0,MEASURED,CALIBRATION,Datasets/nuclear/ionisation_energies.json,2529.057419772536,0.3626386959981336,1.7737542488522994e-12,0.047396473279381734,8.406969585991784e-14,29.8337388759126,1.633673896561747e-09,0.0,True,True,COMPUTED
2,He,1,24.58738,MEASURED,HOLDOUT,Datasets/nuclear/ionisation_energies.json,45.587975090932225,0.8541208982385364,2.890724972442498e-11,0.00017845116046951215,5.158532259305623e-15,1.8306037964444448,1.3152789466015375e-09,0.0,True,True,COMPUTED
2,He,2,54.41776,MEASURED,HOLDOUT,Datasets/nuclear/ionisation_energies.json,54.415368710620996,4.394317919380468e-05,2.645886054515e-11,0.0002130054180826773,5.635880652410931e-15,2.0,6.098992584414043e-10,0.0,True,True,COMPUTED
10,Ne,1,21.5646,MEASURED,HOLDOUT,Datasets/nuclear/ionisation_energies.json,179.8994363098304,7.342349791316806,5.382888806063558e-12,0.005146383045157407,2.7702407685493094e-14,9.830729000140371,1.116151065362863e-09,0.0,True,True,COMPUTED
10,Ne,2,40.96328,MEASURED,HOLDOUT,Datasets/nuclear/ionisation_energies.json,177.4807933554811,3.332680228621368,5.382573219872494e-12,0.005146986539051059,2.7704031908140443e-14,9.831305386599748,1.2175407409841397e-09,0.0,True,True,COMPUTED
10,Ne,3,63.45,MEASURED,HOLDOUT,Datasets/nuclear/ionisation_energies.json,198.86964089743037,2.1342733001959084,5.381940336334367e-12,0.005148197119018774,2.770728973424752e-14,9.832461488479115,1.1030373556364705e-09,0.0,True,True,COMPUTED
10,Ne,4,97.12,MEASURED,HOLDOUT,Datasets/nuclear/ionisation_energies.json,218.00004735579097,1.244646286612345,5.382978599735553e-12,0.00514621135256443,2.7701945580570483e-14,9.830565013373759,1.437970710367516e-09,0.0,True,True,COMPUTED
10,Ne,5,126.21,MEASURED,HOLDOUT,Datasets/nuclear/ionisation_energies.json,215.10083355400369,0.7043089577212875,5.3793128687639315e-12,0.005153227510370707,2.7720823062205464e-14,9.837264048644103,1.1971052492976035e-09,0.0,True,True,COMPUTED
10,Ne,6,157.93,MEASURED,HOLDOUT,Datasets/nuclear/ionisation_energies.json,243.05748490983183,0.5390203565493055,5.379409354948664e-12,0.005153042653346581,2.7720325855862083e-14,9.837087605467236,1.3701385746381552e-09,0.0,True,True,COMPUTED
10,Ne,7,207.2759,MEASURED,HOLDOUT,Datasets/nuclear/ionisation_energies.json,246.17517782570164,0.18766908176831765,5.379374976943601e-12,0.005153108516720391,2.772050300832063e-14,9.837150471404069,1.0720481020279479e-09,0.0,True,True,COMPUTED
10,Ne,8,239.0989,MEASURED,HOLDOUT,Datasets/nuclear/ionisation_energies.json,251.53230050052787,0.05200107779888524,5.372826857277202e-12,0.005165676847813968,2.7754287303949924e-14,9.849139474618621,1.1310746140923501e-09,0.0,True,True,COMPUTED
10,Ne,9,1195.8286,MEASURED,HOLDOUT,Datasets/nuclear/ionisation_energies.json,1314.8288962082124,0.09951283671272988,5.3829573589978974e-12,0.005146251965756636,2.770205489032708e-14,9.83060380403074,1.5096047937812923e-09,0.0,True,True,COMPUTED
10,Ne,10,1362.1995,MEASURED,HOLDOUT,Datasets/nuclear/ionisation_energies.json,1360.5322893611872,0.0012239107699076207,5.29177210903e-12,0.005325135452066933,2.8179403262054657e-14,10.0,6.098993239835366e-10,0.0,True,True,COMPUTED
11,Na,1,5.13908,MEASURED,HOLDOUT,Datasets/nuclear/ionisation_energies.json,31.733087198363503,5.174857600652938,4.885111524492376e-12,0.0062486177662612495,3.052519466211064e-14,10.832448926700565,1.262241711718453e-09,0.0,True,True,COMPUTED
11,Na,2,47.2864,MEASURED,HOLDOUT,Datasets/nuclear/ionisation_energies.json,232.61247294593284,3.919225674738039,4.8857200136809396e-12,0.006247061402175233,3.052139291930125e-14,10.831099805580422,1.2688514846679022e-09,0.0,True,True,COMPUTED
11,Na,3,71.62,MEASURED,HOLDOUT,Datasets/nuclear/ionisation_energies.json,230.10487286565206,2.2128577613187943,4.885506543142411e-12,0.006247607340527691,3.052272654113259e-14,10.831573066784339,1.287599388451642e-09,0.0,True,True,COMPUTED
11,Na,4,98.91,MEASURED,HOLDOUT,Datasets/nuclear/ionisation_energies.json,254.4270148781602,1.572308309353556,4.884972284685825e-12,0.006248973988846841,3.0526064743239444e-14,10.832757691623911,1.1238503860544238e-09,0.0,True,True,COMPUTED
11,Na,5,138.4,MEASURED,HOLDOUT,Datasets/nuclear/ionisation_energies.json,275.8845699232318,0.9933856208325997,4.88585980357854e-12,0.006246703936502407,3.052051966821294e-14,10.830789915736343,1.1676657245409183e-09,0.0,True,True,COMPUTED
11,Na,6,172.18,MEASURED,HOLDOUT,Datasets/nuclear/ionisation_energies.json,272.4885079357349,0.5825793235900505,4.88277444443429e-12,0.00625460084618278,3.0539805171878363e-14,10.837633745425027,1.103303897827154e-09,0.0,True,True,COMPUTED
11,Na,7,208.5,MEASURED,HOLDOUT,Datasets/nuclear/ionisation_energies.json,304.07350620828123,0.4583861209030275,4.8828542128445154e-12,0.006254396492143497,3.053930626046283e-14,10.837456697170708,1.2212761415414766e-09,0.0,True,True,COMPUTED
11,Na,8,264.25,MEASURED,HOLDOUT,Datasets/nuclear/ionisation_energies.json,307.3250633614789,0.16300875444268267,4.882793855543819e-12,0.006254551117070982,3.0539683763618923e-14,10.837590661383002,1.4848479492780854e-09,0.0,True,True,COMPUTED
11,Na,9,299.864,MEASURED,HOLDOUT,Datasets/nuclear/ionisation_energies.json,313.3834617271929,0.045085311098341074,4.8774171478280955e-12,0.0062683483494727354,3.057334972827826e-14,10.849537672590534,1.551785356352148e-09,0.0,True,True,COMPUTED
11,Na,10,1465.121,MEASURED,HOLDOUT,Datasets/nuclear/ionisation_energies.json,1595.9369626892906,0.08928679794316678,4.885943761566279e-12,0.006246489256918667,3.051999521653254e-14,10.830603804030739,1.4278130987457777e-09,0.0,True,True,COMPUTED
11,Na,11,1648.702,MEASURED,HOLDOUT,Datasets/nuclear/ionisation_energies.json,1646.2499143402617,0.0014872825166332418,4.8107019173e-12,0.006443413897000988,3.0997343588260114e-14,11.0,6.098990147620891e-10,0.0,True,True,COMPUTED
18,Ar,1,15.75962,MEASURED,HOLDOUT,Datasets/nuclear/ionisation_energies.json,148.41153003697744,8.41720232067635,2.96751159872806e-12,0.016933552354887246,5.0250513020796755e-14,17.832355267956387,9.269641734738797e-10,0.0,True,True,COMPUTED
18,Ar,2,27.62967,MEASURED,HOLDOUT,Datasets/nuclear/ionisation_energies.json,156.36790736725598,4.659420013603347,2.9676090243415367e-12,0.01693244052739756,5.024886331323137e-14,17.831769837686608,8.693826142090217e-10,0.0,True,True,COMPUTED
18,Ar,3,40.74,MEASURED,HOLDOUT,Datasets/nuclear/ionisation_energies.json,171.79672498471774,3.2169053751771655,2.967490647365415e-12,0.016933791467518663,5.02508678042979e-14,17.832481169664742,1.0384682567290319e-09,0.0,True,True,COMPUTED
18,Ar,4,59.81,MEASURED,HOLDOUT,Datasets/nuclear/ionisation_energies.json,171.88613711227865,1.873869538744,2.9676105717953473e-12,0.016932422868636655,5.0248837111075435e-14,17.83176053935062,1.2090567252242223e-09,0.0,True,True,COMPUTED
18,Ar,5,75.02,MEASURED,HOLDOUT,Datasets/nuclear/ionisation_energies.json,178.40772652347474,1.3781355175083276,2.9675920184389765e-12,0.016932634591983926,5.0249151266315215e-14,17.831872023343685,1.1577913134856653e-09,0.0,True,True,COMPUTED
18,Ar,6,91.009,MEASURED,HOLDOUT,Datasets/nuclear/ionisation_energies.json,188.05389048886377,1.066321907601048,2.967509349584712e-12,0.016933578023551832,5.025055110681227e-14,17.832368783507142,1.2763622687201066e-09,0.0,True,True,COMPUTED
18,Ar,7,124.323,MEASURED,HOLDOUT,Datasets/nuclear/ionisation_energies.json,195.6694097820141,0.5738794091359934,2.9678551686894083e-12,0.0169296319997157,5.0244695834365844e-14,17.830290928134552,1.3255805664271203e-09,0.0,True,True,COMPUTED
18,Ar,8,143.46,MEASURED,HOLDOUT,Datasets/nuclear/ionisation_energies.json,204.95240827496306,0.42863800554135684,2.967038751623382e-12,0.01693895007287899,5.025852127804567e-14,17.835197151148318,1.1965934735107752e-09,0.0,True,True,COMPUTED
18,Ar,9,422.45,MEASURED,HOLDOUT,Datasets/nuclear/ionisation_energies.json,792.7465969197134,0.8765453826954986,2.9674628405861377e-12,0.01693410882711717,5.0251338682911906e-14,17.832648269943494,1.2748752063710267e-09,0.0,True,True,COMPUTED
18,Ar,10,478.69,MEASURED,HOLDOUT,Datasets/nuclear/ionisation_energies.json,788.2931883933945,0.6467717904978055,2.9674512996567966e-12,0.016934240546706635,5.0251534119025424e-14,17.832717624184852,1.3924351218324478e-09,0.0,True,True,COMPUTED
18,Ar,11,538.96,MEASURED,HOLDOUT,Datasets/nuclear/ionisation_energies.json,833.9332532193076,0.547300826071151,2.967244996220341e-12,0.016936595400095792,5.025502795394268e-14,17.833957478302693,1.2116788569368774e-09,0.0,True,True,COMPUTED
18,Ar,12,618.26,MEASURED,HOLDOUT,Datasets/nuclear/ionisation_energies.json,871.6743109677718,0.40988307664699614,2.967607998262084e-12,0.016932452236512997,5.0248880687266684e-14,17.83177600319521,1.2325411212914934e-09,0.0,True,True,COMPUTED
18,Ar,13,686.1,MEASURED,HOLDOUT,Datasets/nuclear/ionisation_energies.json,864.5016124235326,0.2600227553177854,2.9663819306632347e-12,0.01694645220137308,5.02696495990013e-14,17.83914624859802,1.5175334846618313e-09,0.0,True,True,COMPUTED
18,Ar,14,755.74,MEASURED,HOLDOUT,Datasets/nuclear/ionisation_energies.json,921.7323619891058,0.21964215469487627,2.9664099513211444e-12,0.016946132051087054,5.0269174752746834e-14,17.838977740326193,1.5427874746024736e-09,0.0,True,True,COMPUTED
18,Ar,15,854.77,MEASURED,HOLDOUT,Datasets/nuclear/ionisation_energies.json,925.7750351065919,0.08306917077879651,2.9663366390218634e-12,0.016946969700624575,5.0270417143356055e-14,17.839418626386717,1.2187469399544329e-09,0.0,True,True,COMPUTED
18,Ar,16,918.03,MEASURED,HOLDOUT,Datasets/nuclear/ionisation_energies.json,936.8214518208707,0.020469322158176474,2.9643977871427086e-12,0.016969145138348168,5.030329629782276e-14,17.851086422954644,1.2170305641484244e-09,0.0,True,True,COMPUTED
18,Ar,17,4120.8857,MEASURED,HOLDOUT,Datasets/nuclear/ionisation_energies.json,4325.605045742041,0.04967848192004957,2.9678030901140883e-12,0.01693022616234993,5.024557752095251e-14,17.8306038114765,1.5233890923703393e-09,0.0,True,True,COMPUTED
18,Ar,18,4426.2296,MEASURED,HOLDOUT,Datasets/nuclear/ionisation_energies.json,4408.184598000411,0.0040768337005357225,2.9398733939055554e-12,0.017253438864696862,5.0722925871698376e-14,18.0,6.0989931992186e-10,0.0,True,True,COMPUTED
19,K,1,4.34066,MEASURED,HOLDOUT,Datasets/nuclear/ionisation_energies.json,45.86357538255412,9.566037280633388,2.8098543323071587e-12,0.01888710145540916,5.307000384920627e-14,18.832905493307013,9.385902529354823e-10,0.0,True,True,COMPUTED
19,K,2,31.63,MEASURED,HOLDOUT,Datasets/nuclear/ionisation_energies.json,179.82786530929812,4.685357739781794,2.8099182784484833e-12,0.018886241826482932,5.306879611943266e-14,18.832476907306678,8.761778133955969e-10,0.0,True,True,COMPUTED
19,K,3,45.806,MEASURED,HOLDOUT,Datasets/nuclear/ionisation_energies.json,188.6852799243563,3.119226300579756,2.810010395938355e-12,0.018885003592861833,5.306705642327493e-14,18.831859542864443,1.0293641718279647e-09,0.0,True,True,COMPUTED
19,K,4,60.91,MEASURED,HOLDOUT,Datasets/nuclear/ionisation_energies.json,205.9373415838274,2.3810103691319555,2.8098974218914578e-12,0.018886522195039064,5.3069190024336064e-14,18.832616691992584,1.0415891225168917e-09,0.0,True,True,COMPUTED
19,K,5,82.66,MEASURED,HOLDOUT,Datasets/nuclear/ionisation_energies.json,205.35964755295166,1.4843896389178763,2.8100099744322985e-12,0.01888500925842463,5.306706438341951e-14,18.831862367673935,1.261503877777638e-09,0.0,True,True,COMPUTED
19,K,6,99.4,MEASURED,HOLDOUT,Datasets/nuclear/ionisation_energies.json,212.5212547648156,1.1380407924025715,2.8099921898340164e-12,0.01888524830774816,5.3067400247848405e-14,18.83198155558781,1.1977646460817745e-09,0.0,True,True,COMPUTED
19,K,7,117.56,MEASURED,HOLDOUT,Datasets/nuclear/ionisation_energies.json,223.14600708831043,0.8981456880598029,2.8099168678585685e-12,0.018886260788431062,5.306882276018831e-14,18.832486361288147,1.3267537219351136e-09,0.0,True,True,COMPUTED
19,K,8,154.88,MEASURED,HOLDOUT,Datasets/nuclear/ionisation_energies.json,231.46587691530624,0.49448525900895046,2.8102384414879507e-12,0.018881938752368606,5.306275013172729e-14,18.83033137297823,1.4039528326142318e-09,0.0,True,True,COMPUTED
19,K,9,175.8174,MEASURED,HOLDOUT,Datasets/nuclear/ionisation_energies.json,241.89758474150122,0.3758455348645881,2.809475447696091e-12,0.01889219601113817,5.307716084635471e-14,18.83544529057734,1.3000805748414323e-09,0.0,True,True,COMPUTED
19,K,10,503.8,MEASURED,HOLDOUT,Datasets/nuclear/ionisation_energies.json,900.010337418628,0.7864437026967604,2.8098721220312197e-12,0.018886862301992213,5.306966785501031e-14,18.832786259342818,1.133412484347692e-09,0.0,True,True,COMPUTED
19,K,11,564.7,MEASURED,HOLDOUT,Datasets/nuclear/ionisation_energies.json,895.2034702099113,0.585272658420243,2.8098671403360606e-12,0.018886929272186322,5.3069761943767615e-14,18.8328196485372,1.2627561869767573e-09,0.0,True,True,COMPUTED
19,K,12,629.4,MEASURED,HOLDOUT,Datasets/nuclear/ionisation_energies.json,943.9397942048494,0.4997454626705583,2.809682041522115e-12,0.018889417855100923,5.307325812228425e-14,18.834060334326082,1.56909492196719e-09,0.0,True,True,COMPUTED
19,K,13,714.6,MEASURED,HOLDOUT,Datasets/nuclear/ionisation_energies.json,984.0057603786718,0.37700218356936993,2.810009532037952e-12,0.018885015204754628,5.306707273804216e-14,18.83186533247151,1.183552108580997e-09,0.0,True,True,COMPUTED
19,K,14,786.6,MEASURED,HOLDOUT,Datasets/nuclear/ionisation_energies.json,976.2717893690931,0.24112864145575014,2.8089041085917802e-12,0.018899882245826217,5.3087956892202106e-14,18.83927647385223,1.4616308311652783e-09,0.0,True,True,COMPUTED
19,K,15,861.1,MEASURED,HOLDOUT,Datasets/nuclear/ionisation_energies.json,1037.1845912674364,0.20448797034889837,2.8089289783505706e-12,0.01889954757489972,5.308748686085108e-14,18.839109674240955,1.476131580931841e-09,0.0,True,True,COMPUTED
19,K,16,968.0,MEASURED,HOLDOUT,Datasets/nuclear/ionisation_energies.json,1041.3293193916409,0.07575342912359594,2.808859139582791e-12,0.01890048741378643,5.3088806814783516e-14,18.839578085129624,1.1930132786407e-09,0.0,True,True,COMPUTED
19,K,17,1033.4,MEASURED,HOLDOUT,Datasets/nuclear/ionisation_energies.json,1053.0944719090649,0.019057936819300132,2.8071253241885343e-12,0.01892384232131672,5.31215970111189e-14,18.851214313203887,1.187461247746779e-09,0.0,True,True,COMPUTED
19,K,18,4610.8,MEASURED,HOLDOUT,Datasets/nuclear/ionisation_energies.json,4824.397713613749,0.046325521300804404,2.810197783357789e-12,0.018882485126635665,5.306351784715797e-14,18.8306038114765,1.4753106665289876e-09,0.0,True,True,COMPUTED
19,K,19,4934.046,MEASURED,HOLDOUT,Datasets/nuclear/ionisation_energies.json,4911.586677796971,0.0045519077452923894,2.7851432152789474e-12,0.01922373898196163,5.354086619790386e-14,19.0,6.098996003131485e-10,0.0,True,True,COMPUTED
24,Cr,1,6.7665,MEASURED,HOLDOUT,Datasets/nuclear/ionisation_energies.json,72.32925231325906,9.68931534962818,2.220316279623695e-12,0.030248457887897266,6.716114348201007e-14,23.83341579573007,1.0643027787691155e-09,0.0,True,True,COMPUTED
24,Cr,2,16.4857,MEASURED,HOLDOUT,Datasets/nuclear/ionisation_energies.json,318.680571099235,18.330727303010182,2.2203560033613516e-12,0.03024737556501278,6.715994192170158e-14,23.832989399082372,9.484411281229381e-10,0.0,True,True,COMPUTED
24,Cr,3,30.96,MEASURED,HOLDOUT,Datasets/nuclear/ionisation_energies.json,333.7129336262252,9.77884152539487,2.220370916171422e-12,0.030246969261859675,6.71594908513642e-14,23.832829328149298,9.057494873683422e-10,0.0,True,True,COMPUTED
24,Cr,4,49.16,MEASURED,HOLDOUT,Datasets/nuclear/ionisation_energies.json,353.2111866844267,6.184930567217794,2.220335400057076e-12,0.030247936920539266,6.716056512336675e-14,23.833210554108042,1.0054667317414856e-09,0.0,True,True,COMPUTED
24,Cr,5,69.46,MEASURED,HOLDOUT,Datasets/nuclear/ionisation_energies.json,355.4810535782742,4.117780788630496,2.220399721990978e-12,0.030246184463448567,6.715861957392903e-14,23.83252013869376,9.061468949647972e-10,0.0,True,True,COMPUTED
24,Cr,6,90.6349,MEASURED,HOLDOUT,Datasets/nuclear/ionisation_energies.json,376.82335176598474,3.1575965965205977,2.2203548003793583e-12,0.030247408340907875,6.715997830876944e-14,23.833002311729075,9.415972076948721e-10,0.0,True,True,COMPUTED
24,Cr,7,160.18,MEASURED,HOLDOUT,Datasets/nuclear/ionisation_energies.json,382.07019966068805,1.38525533562672,2.220359726518927e-12,0.03024727412590838,6.715982930614494e-14,23.832949435299042,1.1796132455611317e-09,0.0,True,True,COMPUTED
24,Cr,8,184.7,MEASURED,HOLDOUT,Datasets/nuclear/ionisation_energies.json,395.7529311365033,1.1426796488170186,2.2204281826907136e-12,0.030245409097630408,6.715775875738866e-14,23.83221466148675,1.1096286347894784e-09,0.0,True,True,COMPUTED
24,Cr,9,209.3,MEASURED,HOLDOUT,Datasets/nuclear/ionisation_energies.json,422.41240960787746,1.0182150482937289,2.2203412844666977e-12,0.030247776592920765,6.71603871325874e-14,23.833147390677045,1.0564601265953098e-09,0.0,True,True,COMPUTED
24,Cr,10,244.4,MEASURED,HOLDOUT,Datasets/nuclear/ionisation_energies.json,417.6359564122601,0.708821425582079,2.2204229273608704e-12,0.030245552268363503,6.715791770736591e-14,23.832271067925088,1.3977491006724122e-09,0.0,True,True,COMPUTED
24,Cr,11,270.8,MEASURED,HOLDOUT,Datasets/nuclear/ionisation_energies.json,428.0544137856895,0.5807031528275093,2.220409872485637e-12,0.030245907926187657,6.715831256159865e-14,23.832411189498664,1.2850205973780688e-09,0.0,True,True,COMPUTED
24,Cr,12,298.0,MEASURED,HOLDOUT,Datasets/nuclear/ionisation_energies.json,443.77918167331393,0.48919188480977827,2.2203615738064666e-12,0.03024722379591707,6.715977343077883e-14,23.832929606857114,1.413197264050527e-09,0.0,True,True,COMPUTED
24,Cr,13,354.8,MEASURED,HOLDOUT,Datasets/nuclear/ionisation_energies.json,455.69795043301446,0.2843797926522391,2.22058872629946e-12,0.030241035904577006,6.715290340132089e-14,23.830491645558197,1.6141649372354208e-09,0.0,True,True,COMPUTED
24,Cr,14,384.168,MEASURED,HOLDOUT,Datasets/nuclear/ionisation_energies.json,472.16734144133704,0.22906473584821493,2.220037709985565e-12,0.030256049498251267,6.716957084130764e-14,23.836406405296636,1.223001660720931e-09,0.0,True,True,COMPUTED
24,Cr,15,1010.6,MEASURED,HOLDOUT,Datasets/nuclear/ionisation_energies.json,1538.4205235479476,0.5222843098633956,2.2203253365632816e-12,0.03024821111514518,6.716086952467191e-14,23.833318576730925,1.4522443354937548e-09,0.0,True,True,COMPUTED
24,Cr,16,1097.0,MEASURED,HOLDOUT,Datasets/nuclear/ionisation_energies.json,1531.7403444176052,0.39629931122844597,2.2203352840224773e-12,0.030247940082050357,6.716056863317416e-14,23.8332117996303,1.300701301581924e-09,0.0,True,True,COMPUTED
24,Cr,17,1185.0,MEASURED,HOLDOUT,Datasets/nuclear/ionisation_energies.json,1596.0376418462704,0.34686720830908896,2.220219854287973e-12,0.030251085358360248,6.716406032639162e-14,23.834450893725013,1.208292093755e-09,0.0,True,True,COMPUTED
24,Cr,18,1299.0,MEASURED,HOLDOUT,Datasets/nuclear/ionisation_energies.json,1647.7250546531573,0.26845654707710337,2.220428571467625e-12,0.030245398506237493,6.715774699867395e-14,23.832210488682033,1.4029423428718034e-09,0.0,True,True,COMPUTED
24,Cr,19,1396.0,MEASURED,HOLDOUT,Datasets/nuclear/ionisation_energies.json,1637.148130017939,0.17274221347989893,2.2197243446092715e-12,0.030264592782109297,6.717905337813405e-14,23.839771464782885,1.2639938357776822e-09,0.0,True,True,COMPUTED
24,Cr,20,1496.0,MEASURED,HOLDOUT,Datasets/nuclear/ionisation_energies.json,1716.5030915001444,0.14739511463913393,2.2197391187339634e-12,0.030264189913703967,6.717860624824254e-14,23.839612792192366,1.2498633224104216e-09,0.0,True,True,COMPUTED
24,Cr,21,1634.0,MEASURED,HOLDOUT,Datasets/nuclear/ionisation_energies.json,1721.139316320875,0.05332883495769582,2.2196856263835453e-12,0.030265648608700915,6.718022518990857e-14,23.84018730459455,1.5225648678589252e-09,0.0,True,True,COMPUTED
24,Cr,22,1721.4,MEASURED,HOLDOUT,Datasets/nuclear/ionisation_energies.json,1736.509229960967,0.00877729171660684,2.218614854024567e-12,0.030294869940523654,6.721264845078813e-14,23.851693318606998,1.484438028986622e-09,0.0,True,True,COMPUTED
24,Cr,23,7481.7,MEASURED,HOLDOUT,Datasets/nuclear/ionisation_energies.json,7726.560669005526,0.03272794538748223,2.220578274429435e-12,0.030241320583684426,6.715321947818531e-14,23.8306038114765,1.295016728714712e-09,0.0,True,True,COMPUTED
24,Cr,24,7894.81,MEASURED,HOLDOUT,Datasets/nuclear/ionisation_energies.json,7836.79722175921,0.007348217150354574,2.2049050454291665e-12,0.030672780203905528,6.763056782893115e-14,24.0,6.098991929944678e-10,0.0,True,True,COMPUTED
26,Fe,1,7.9024,MEASURED,HOLDOUT,Datasets/nuclear/ionisation_energies.json,93.14147465473367,10.786479380281138,2.0484570677858314e-12,0.03553687154425548,7.279575568182733e-14,25.832965661076088,1.077177438918736e-09,0.0,True,True,COMPUTED
26,Fe,2,16.1878,MEASURED,HOLDOUT,Datasets/nuclear/ionisation_energies.json,93.86250831965478,4.798348652667737,2.048388813022681e-12,0.03553923984576761,7.279818132340028e-14,25.83382644636327,1.0260385253897115e-09,0.0,True,True,COMPUTED
26,Fe,3,30.652,MEASURED,HOLDOUT,Datasets/nuclear/ionisation_energies.json,416.1237095798673,12.57574414654402,2.048425009505111e-12,0.03553798387193491,7.279689495066074e-14,25.83336995240292,1.0963550872953975e-09,0.0,True,True,COMPUTED
26,Fe,4,54.8,MEASURED,HOLDOUT,Datasets/nuclear/ionisation_energies.json,412.19939443848796,6.5218867598264225,2.048444764234767e-12,0.03553729843497219,7.279619291416716e-14,25.83312082133118,1.099127798423096e-09,0.0,True,True,COMPUTED
26,Fe,5,75.0,MEASURED,HOLDOUT,Datasets/nuclear/ionisation_energies.json,429.7156904117101,4.729542538822802,2.0484582029810363e-12,0.035536832157291254,7.279571534056354e-14,25.832951345207356,1.0062903730160046e-09,0.0,True,True,COMPUTED
26,Fe,6,99.1,MEASURED,HOLDOUT,Datasets/nuclear/ionisation_energies.json,451.9869064211408,3.5609173200922384,2.0484252616320663e-12,0.03553797512367029,7.279688599057817e-14,25.833366772746317,9.642496837475427e-10,0.0,True,True,COMPUTED
26,Fe,7,124.98,MEASURED,HOLDOUT,Datasets/nuclear/ionisation_energies.json,454.00123257269854,2.632591075153613,2.04848366566653e-12,0.035535948715971113,7.279481048863033e-14,25.832630241199297,8.843539141246252e-10,0.0,True,True,COMPUTED
26,Fe,8,151.06,MEASURED,HOLDOUT,Datasets/nuclear/ionisation_energies.json,478.73122877712376,2.169146225189486,2.0484425096837666e-12,0.03553737666093701,7.279627303490712e-14,25.833149253707543,1.0650861171117218e-09,0.0,True,True,COMPUTED
26,Fe,9,233.6,MEASURED,HOLDOUT,Datasets/nuclear/ionisation_energies.json,484.0720201007166,1.0722261134448485,2.0484469914750735e-12,0.03553722115685785,7.279611376414978e-14,25.833092733434263,1.1314541185879884e-09,0.0,True,True,COMPUTED
26,Fe,10,262.1,MEASURED,HOLDOUT,Datasets/nuclear/ionisation_energies.json,499.79783940017893,0.9068975177420027,2.048507936135454e-12,0.03553510666989989,7.279394802470982e-14,25.832324179387953,1.1799193763278416e-09,0.0,True,True,COMPUTED
26,Fe,11,290.2,MEASURED,HOLDOUT,Datasets/nuclear/ionisation_energies.json,530.3013565430755,0.8273651155860631,2.0484298009219322e-12,0.03553781762059987,7.279672467376533e-14,25.833309526391112,1.1636411370427297e-09,0.0,True,True,COMPUTED
26,Fe,12,330.8,MEASURED,HOLDOUT,Datasets/nuclear/ionisation_energies.json,523.5480215873706,0.5826723748106729,2.0485019902038458e-12,0.03553531295685649,7.279415931463702e-14,25.83239915965821,1.1862076116849325e-09,0.0,True,True,COMPUTED
26,Fe,13,361.0,MEASURED,HOLDOUT,Datasets/nuclear/ionisation_energies.json,535.2917798529127,0.4828027142739963,2.048490623996421e-12,0.035535707298772236,7.27945632186161e-14,25.832542492707283,1.4217662391772613e-09,0.0,True,True,COMPUTED
26,Fe,14,392.2,MEASURED,HOLDOUT,Datasets/nuclear/ionisation_energies.json,553.1344195492727,0.41033763271104723,2.0484496257107368e-12,0.03553712975763184,7.279602015085483e-14,25.833059512966784,1.5552770109823102e-09,0.0,True,True,COMPUTED
26,Fe,15,457.0,MEASURED,HOLDOUT,Datasets/nuclear/ionisation_energies.json,566.5202545212836,0.2396504475301611,2.0486493359542694e-12,0.035530201502233474,7.2788923713872e-14,25.83054120662905,1.325086738103336e-09,0.0,True,True,COMPUTED
26,Fe,16,489.256,MEASURED,HOLDOUT,Datasets/nuclear/ionisation_energies.json,585.5011372418464,0.19671733661282942,2.0481612624907055e-12,0.0355471370971335,7.280626919479514e-14,25.83669658215701,1.084281742472168e-09,0.0,True,True,COMPUTED
26,Fe,17,1266.0,MEASURED,HOLDOUT,Datasets/nuclear/ionisation_energies.json,1841.4171183770595,0.454515891293096,2.0484163923119582e-12,0.03553828287199815,7.279720118962031e-14,25.833478627152594,1.3197426816277274e-09,0.0,True,True,COMPUTED
26,Fe,18,1358.0,MEASURED,HOLDOUT,Datasets/nuclear/ionisation_energies.json,1833.9549950047888,0.35048232327304035,2.0484282413312544e-12,0.035537871734743626,7.279678009825658e-14,25.833329194831478,1.208354775413748e-09,0.0,True,True,COMPUTED
26,Fe,19,1456.0,MEASURED,HOLDOUT,Datasets/nuclear/ionisation_energies.json,1904.5017958941335,0.30803694772948725,2.0483301379053513e-12,0.03554127594228915,7.280026665220127e-14,25.834566465156996,1.5874556844390255e-09,0.0,True,True,COMPUTED
26,Fe,20,1582.0,MEASURED,HOLDOUT,Datasets/nuclear/ionisation_energies.json,1960.8365779550286,0.23946686343554272,2.048508715113637e-12,0.035535079644320386,7.279392034364751e-14,25.83231435623377,1.3303871668005262e-09,0.0,True,True,COMPUTED
26,Fe,21,1689.0,MEASURED,HOLDOUT,Datasets/nuclear/ionisation_energies.json,1949.1107355003307,0.15400280373021358,2.047905914127959e-12,0.03555600222036389,7.281534722983005e-14,25.83991809644901,1.2092192890499835e-09,0.0,True,True,COMPUTED
26,Fe,22,1799.0,MEASURED,HOLDOUT,Datasets/nuclear/ionisation_energies.json,2035.8527165909582,0.13165798587601898,2.0479182573704747e-12,0.03555557361435472,7.281490835611695e-14,25.83976235372124,1.685790840813553e-09,0.0,True,True,COMPUTED
26,Fe,23,1950.0,MEASURED,HOLDOUT,Datasets/nuclear/ionisation_energies.json,2040.6794638215295,0.046502289139245874,2.0478701999855715e-12,0.035557242399745295,7.281661710410184e-14,25.840368735612657,1.4619190214713097e-09,0.0,True,True,COMPUTED
26,Fe,24,2023.0,MEASURED,HOLDOUT,Datasets/nuclear/ionisation_energies.json,2057.4948784824883,0.017051348730839484,2.046962040460785e-12,0.03558880020200316,7.28489230790436e-14,25.851833128467717,1.4204303067682913e-09,0.0,True,True,COMPUTED
26,Fe,25,8828.0,MEASURED,HOLDOUT,Datasets/nuclear/ionisation_energies.json,9077.90362373656,0.02830806793572269,2.0486443696316044e-12,0.035530373767036,7.278910016874477e-14,25.830603825014236,1.7629976809417931e-09,0.0,True,True,COMPUTED
26,Fe,26,9277.69,MEASURED,HOLDOUT,Datasets/nuclear/ionisation_energies.json,9197.359170015183,0.008658494731427508,2.0352969650115383e-12,0.03599791565597246,7.32664484813421e-14,26.0,6.098992136194469e-10,0.0,True,True,COMPUTED
29,Cu,1,7.72638,MEASURED,HOLDOUT,Datasets/nuclear/ionisation_energies.json,103.34434052158312,12.375518745076365,1.8352754439501485e-12,0.044272130045557426,8.125155312397911e-14,28.83366704694895,2.096921098907106e-09,0.0,False,False,COMPUTED
29,Cu,2,20.2924,MEASURED,HOLDOUT,Datasets/nuclear/ionisation_energies.json,493.23423552283083,23.306352896790465,1.835303091645253e-12,0.044270796191613455,8.125032912006508e-14,28.833232685758748,2.076715700526607e-09,0.0,False,False,COMPUTED
29,Cu,3,36.841,MEASURED,HOLDOUT,Datasets/nuclear/ionisation_energies.json,519.1457138759484,13.091520693682268,1.8352940175907783e-12,0.0442712339597373,8.125073083766757e-14,28.83337524293028,1.1321931849957158e-09,0.0,True,True,COMPUTED
29,Cu,4,57.38,MEASURED,HOLDOUT,Datasets/nuclear/ionisation_energies.json,532.69317036482,8.283603526748346,1.8352861778495445e-12,0.04427161218495779,8.12510779141685e-14,28.833498409662276,1.0923359474093557e-09,0.0,True,True,COMPUTED
29,Cu,5,79.8,MEASURED,HOLDOUT,Datasets/nuclear/ionisation_energies.json,546.4028711718444,5.847153774083263,1.835317445957294e-12,0.04427010369632971,8.12496936482124e-14,28.833007176422456,1.0606263452399873e-09,0.0,True,True,COMPUTED
29,Cu,6,103.0,MEASURED,HOLDOUT,Datasets/nuclear/ionisation_energies.json,580.4090147221335,4.635038977884792,1.835281862627013e-12,0.04427182037323327,8.12512689564761e-14,28.8335662046776,1.223475003774345e-09,0.0,True,True,COMPUTED
29,Cu,7,139.0,MEASURED,HOLDOUT,Datasets/nuclear/ionisation_energies.json,574.9524689542139,3.1363486975123305,1.8352996650947023e-12,0.044270961501143645,8.125048081646939e-14,28.833286518128045,1.209657747745425e-09,0.0,True,True,COMPUTED
29,Cu,8,166.0,MEASURED,HOLDOUT,Datasets/nuclear/ionisation_energies.json,596.3952728726438,2.5927426076665285,1.8353112192002693e-12,0.04427040409186365,8.124996930832686e-14,28.833104999684316,1.0094860368614029e-09,0.0,True,True,COMPUTED
29,Cu,9,199.0,MEASURED,HOLDOUT,Datasets/nuclear/ionisation_energies.json,622.9273053873309,2.130287966770507,1.835282081084346e-12,0.04427180983370548,8.125125928497342e-14,28.833562772559972,1.1670753760894544e-09,0.0,True,True,COMPUTED
29,Cu,10,232.0,MEASURED,HOLDOUT,Datasets/nuclear/ionisation_energies.json,624.382122909279,1.691302253919306,1.8353325262228693e-12,0.044269376196360635,8.124902604877712e-14,28.83277026599923,1.1391026496507804e-09,0.0,True,True,COMPUTED
29,Cu,11,265.3,MEASURED,HOLDOUT,Datasets/nuclear/ionisation_energies.json,654.3394618805414,1.4664133504732053,1.835296568206347e-12,0.044271110907341205,8.12506179189259e-14,28.833335171555948,1.2293867680962386e-09,0.0,True,True,COMPUTED
29,Cu,12,369.0,MEASURED,HOLDOUT,Datasets/nuclear/ionisation_energies.json,659.7099715889517,0.7878319013250724,1.8353004620739474e-12,0.04427092305182099,8.125044553344723e-14,28.833273997273068,1.0762746642387823e-09,0.0,True,True,COMPUTED
29,Cu,13,401.0,MEASURED,HOLDOUT,Datasets/nuclear/ionisation_energies.json,678.5877729949563,0.6922388353988934,1.8353520379391435e-12,0.04426843494160545,8.124816228645195e-14,28.832463743424164,1.240640508250819e-09,0.0,True,True,COMPUTED
29,Cu,14,435.0,MEASURED,HOLDOUT,Datasets/nuclear/ionisation_energies.json,714.9043339717331,0.6434582390154784,1.8352850994141804e-12,0.04427166421402537,8.125112565826876e-14,28.83351535256906,1.2592409907669002e-09,0.0,True,True,COMPUTED
29,Cu,15,484.0,MEASURED,HOLDOUT,Datasets/nuclear/ionisation_energies.json,704.9622917756963,0.4565336606935873,1.8353456572280142e-12,0.04426874274693399,8.124844475152944e-14,28.83256398155727,1.34465781279585e-09,0.0,True,True,COMPUTED
29,Cu,16,520.0,MEASURED,HOLDOUT,Datasets/nuclear/ionisation_energies.json,718.7136950597908,0.38214172126882845,1.8353364182863474e-12,0.04426918843891421,8.124885374992019e-14,28.832709122455732,1.5499530504652582e-09,0.0,True,True,COMPUTED
29,Cu,17,557.0,MEASURED,HOLDOUT,Datasets/nuclear/ionisation_energies.json,739.7969104593595,0.32818116779059164,1.8353038522278057e-12,0.0442707594984107,8.125029544848388e-14,28.8332207367544,1.6726266405866503e-09,0.0,True,True,COMPUTED
29,Cu,18,633.0,MEASURED,HOLDOUT,Datasets/nuclear/ionisation_energies.json,755.4045950969717,0.19337218814687465,1.835470396486748e-12,0.044262725910568124,8.124292307665474e-14,28.830604509660944,1.439442949120722e-09,0.0,True,True,COMPUTED
29,Cu,19,670.588,MEASURED,HOLDOUT,Datasets/nuclear/ionisation_energies.json,778.2212396450182,0.16050576456038312,1.8350593370634575e-12,0.044282558128573624,8.126112176289434e-14,28.83706266140759,1.3893428878685135e-09,0.0,True,True,COMPUTED
29,Cu,20,1697.0,MEASURED,HOLDOUT,Datasets/nuclear/ionisation_energies.json,2346.942097997689,0.3829947542708833,1.8352746131344043e-12,0.044272170128922324,8.125158990597844e-14,28.833680099744633,1.1895074436684483e-09,0.0,True,True,COMPUTED
29,Cu,21,1804.0,MEASURED,HOLDOUT,Datasets/nuclear/ionisation_energies.json,2338.285178431326,0.29616695034995905,1.8352875658711723e-12,0.04427154522004926,8.125101646425974e-14,28.833476602987318,1.559257986794941e-09,0.0,True,True,COMPUTED
29,Cu,22,1916.0,MEASURED,HOLDOUT,Datasets/nuclear/ionisation_energies.json,2418.2235714415183,0.2621208619214605,1.8352090120464324e-12,0.044275335277324086,8.12544943123225e-14,28.834710783864182,1.4430258978091556e-09,0.0,True,True,COMPUTED
29,Cu,23,2060.0,MEASURED,HOLDOUT,Datasets/nuclear/ionisation_energies.json,2481.528506028629,0.2046254883634122,1.835353223044145e-12,0.04426837777252643,8.124810982374216e-14,28.83244512602858,1.2443250515295809e-09,0.0,True,True,COMPUTED
29,Cu,24,2182.0,MEASURED,HOLDOUT,Datasets/nuclear/ionisation_energies.json,2468.0710888207145,0.13110499029363634,1.834865991208105e-12,0.04429189101742183,8.126968451416305e-14,28.840101317403636,1.6223433792338434e-09,0.0,True,True,COMPUTED
29,Cu,25,2308.0,MEASURED,HOLDOUT,Datasets/nuclear/ionisation_energies.json,2565.9007469957746,0.1117420914193131,1.8348756448522703e-12,0.04429142496182652,8.126925693825738e-14,28.839949583918816,1.5552107115408322e-09,0.0,True,True,COMPUTED
29,Cu,26,2478.0,MEASURED,HOLDOUT,Datasets/nuclear/ionisation_energies.json,2571.0090218721334,0.037533907131611546,1.8348345147110004e-12,0.04429341068094081,8.127107869165907e-14,28.840596067942897,1.3845935287795044e-09,0.0,True,True,COMPUTED
29,Cu,27,2587.5,MEASURED,HOLDOUT,Datasets/nuclear/ionisation_energies.json,2589.995251004287,0.000964348214217269,1.8341088696321345e-12,0.044328466019470374,8.13032327034973e-14,28.852006533785342,1.3401756424886521e-09,0.0,True,True,COMPUTED
29,Cu,28,11062.38,MEASURED,HOLDOUT,Datasets/nuclear/ionisation_energies.json,11309.00500456645,0.022294027557040262,1.8354704400740684e-12,0.04426272380833476,8.124292114736115e-14,28.830603825014236,1.6437113991200682e-09,0.0,True,True,COMPUTED
29,Cu,29,11567.617,MEASURED,HOLDOUT,Datasets/nuclear/ionisation_energies.json,11442.289074621442,0.010834377156380486,1.824749003113793e-12,0.0447843891518829,8.172026945995849e-14,29.0,6.098989952575264e-10,0.0,True,True,COMPUTED
