nuclide,Z,A,start_level_keV,end_level_keV,gamma_energy_keV,relative_intensity,multipolarity,tot_conv_coeff,gamma_fraction_from_icc,radius_fm_measured,source,extraction_date
12c,6,12,4439.82,0,4438.94,100.0,E2,,,2.4702,IAEA LiveChart ENSDF adopted gammas,2026-08-13
12c,6,12,7654.07,4439.82,3213.79,100.0,E2,,,2.4702,IAEA LiveChart ENSDF adopted gammas,2026-08-13
12c,6,12,9641,0,9637.0,100.0,E3,,,2.4702,IAEA LiveChart ENSDF adopted gammas,2026-08-13
12c,6,12,12710,4439.82,8267.0,15.0,M1,,,2.4702,IAEA LiveChart ENSDF adopted gammas,2026-08-13
12c,6,12,12710,0,12703.0,100.0,M1,,,2.4702,IAEA LiveChart ENSDF adopted gammas,2026-08-13
12c,6,12,15110,12710,2400.0,1.5,M1,,,2.4702,IAEA LiveChart ENSDF adopted gammas,2026-08-13
12c,6,12,15110,10300,4809.0,4.2,,,,2.4702,IAEA LiveChart ENSDF adopted gammas,2026-08-13
12c,6,12,15110,7654.07,7453.0,2.83,M1,,,2.4702,IAEA LiveChart ENSDF adopted gammas,2026-08-13
12c,6,12,15110,4439.82,10665.0,2.49,M1,,,2.4702,IAEA LiveChart ENSDF adopted gammas,2026-08-13
12c,6,12,15110,0,15100.0,100.0,M1,,,2.4702,IAEA LiveChart ENSDF adopted gammas,2026-08-13
12c,6,12,16106,12710,3396.0,1.5,M1,,,2.4702,IAEA LiveChart ENSDF adopted gammas,2026-08-13
12c,6,12,16106,10847,5257.0,3.8,E1,,,2.4702,IAEA LiveChart ENSDF adopted gammas,2026-08-13
12c,6,12,16106,9641,6463.0,2.4,E1,,,2.4702,IAEA LiveChart ENSDF adopted gammas,2026-08-13
12c,6,12,16106,4439.82,11660.1,100.0,M1,,,2.4702,IAEA LiveChart ENSDF adopted gammas,2026-08-13
12c,6,12,16106,0,16094.4,4.6,E2,,,2.4702,IAEA LiveChart ENSDF adopted gammas,2026-08-13
12c,6,12,16620,4439.82,12180.0,100.0,,,,2.4702,IAEA LiveChart ENSDF adopted gammas,2026-08-13
12c,6,12,16620,0,16608.0,0.6,M2,,,2.4702,IAEA LiveChart ENSDF adopted gammas,2026-08-13
12c,6,12,17230,4439.82,12783.0,11.0,,,,2.4702,IAEA LiveChart ENSDF adopted gammas,2026-08-13
12c,6,12,17230,0,17217.0,100.0,,,,2.4702,IAEA LiveChart ENSDF adopted gammas,2026-08-13
12c,6,12,17760,12710,5049.0,100.0,,,,2.4702,IAEA LiveChart ENSDF adopted gammas,2026-08-13
12c,6,12,18160,15110,3049.0,100.0,,,,2.4702,IAEA LiveChart ENSDF adopted gammas,2026-08-13
12c,6,12,18350,9641,8706.0,100.0,,,,2.4702,IAEA LiveChart ENSDF adopted gammas,2026-08-13
12c,6,12,18350,4439.82,13902.0,56.0,,,,2.4702,IAEA LiveChart ENSDF adopted gammas,2026-08-13
12c,6,12,18350,0,18335.0,0.00035,,,,2.4702,IAEA LiveChart ENSDF adopted gammas,2026-08-13
12c,6,12,18800,4439.82,14351.0,100.0,,,,2.4702,IAEA LiveChart ENSDF adopted gammas,2026-08-13
12c,6,12,18800,0,18784.0,20.0,,,,2.4702,IAEA LiveChart ENSDF adopted gammas,2026-08-13
12c,6,12,19200,4439.82,14750.0,40.0,,,,2.4702,IAEA LiveChart ENSDF adopted gammas,2026-08-13
12c,6,12,19200,0,19200.0,100.0,,,,2.4702,IAEA LiveChart ENSDF adopted gammas,2026-08-13
12c,6,12,19400,4439.82,14950.0,100.0,,,,2.4702,IAEA LiveChart ENSDF adopted gammas,2026-08-13
16o,8,16,6129.89,0,6128.63,100.0,[E3],,,2.6991,IAEA LiveChart ENSDF adopted gammas,2026-08-13
16o,8,16,6917.1,6129.89,787.2,0.008,[E1],,,2.6991,IAEA LiveChart ENSDF adopted gammas,2026-08-13
16o,8,16,6917.1,6049.4,867.7,0.027,[E2],,,2.6991,IAEA LiveChart ENSDF adopted gammas,2026-08-13
16o,8,16,6917.1,0,6915.5,100.0,[E2],,,2.6991,IAEA LiveChart ENSDF adopted gammas,2026-08-13
16o,8,16,7116.85,6129.89,986.93,0.07,[E2],,,2.6991,IAEA LiveChart ENSDF adopted gammas,2026-08-13
16o,8,16,7116.85,6049.4,1067.5,0.0006,[E1],,,2.6991,IAEA LiveChart ENSDF adopted gammas,2026-08-13
16o,8,16,7116.85,0,7115.15,100.0,[E1],,,2.6991,IAEA LiveChart ENSDF adopted gammas,2026-08-13
16o,8,16,8871.9,7116.85,1754.9,14.7,[M1+E2],,,2.6991,IAEA LiveChart ENSDF adopted gammas,2026-08-13
16o,8,16,8871.9,6917.1,1954.7,4.6,[E1],,,2.6991,IAEA LiveChart ENSDF adopted gammas,2026-08-13
16o,8,16,8871.9,6129.89,2741.5,100.0,[M1+E2],,,2.6991,IAEA LiveChart ENSDF adopted gammas,2026-08-13
16o,8,16,8871.9,6049.4,2822.2,0.15,[M2],,,2.6991,IAEA LiveChart ENSDF adopted gammas,2026-08-13
16o,8,16,8871.9,0,8869.3,9.3,[M2],,,2.6991,IAEA LiveChart ENSDF adopted gammas,2026-08-13
16o,8,16,9585,,2688.0,12.0,[E1],,,2.6991,IAEA LiveChart ENSDF adopted gammas,2026-08-13
16o,8,16,9585,0,9582.0,100.0,[E1],,,2.6991,IAEA LiveChart ENSDF adopted gammas,2026-08-13
16o,8,16,9844.5,6917.1,2927.1,34.0,[M1],,,2.6991,IAEA LiveChart ENSDF adopted gammas,2026-08-13
16o,8,16,9844.5,6049.4,3794.6,30.0,[E2],,,2.6991,IAEA LiveChart ENSDF adopted gammas,2026-08-13
16o,8,16,9844.5,0,9841.2,100.0,[E2],,,2.6991,IAEA LiveChart ENSDF adopted gammas,2026-08-13
16o,8,16,10356,6917.1,3439.0,100.0,[E2],,,2.6991,IAEA LiveChart ENSDF adopted gammas,2026-08-13
16o,8,16,10356,6129.89,4225.0,1.6,[E1],,,2.6991,IAEA LiveChart ENSDF adopted gammas,2026-08-13
16o,8,16,10356,0,10352.0,9e-05,[E4],,,2.6991,IAEA LiveChart ENSDF adopted gammas,2026-08-13
16o,8,16,10957,7116.85,3839.6,100.0,[M1],,,2.6991,IAEA LiveChart ENSDF adopted gammas,2026-08-13
16o,8,16,11096.7,6917.1,4179.0,81.0,[E2],,,2.6991,IAEA LiveChart ENSDF adopted gammas,2026-08-13
16o,8,16,11096.7,6129.89,4966.0,100.0,[E1],,,2.6991,IAEA LiveChart ENSDF adopted gammas,2026-08-13
16o,8,16,11520,7116.85,4402.0,0.9,[E1],,,2.6991,IAEA LiveChart ENSDF adopted gammas,2026-08-13
16o,8,16,11520,6917.1,4602.0,4.4,[M1],,,2.6991,IAEA LiveChart ENSDF adopted gammas,2026-08-13
16o,8,16,11520,6049.4,5470.0,4.6,[E2],,,2.6991,IAEA LiveChart ENSDF adopted gammas,2026-08-13
16o,8,16,11520,0,11516.0,100.0,[E2],,,2.6991,IAEA LiveChart ENSDF adopted gammas,2026-08-13
16o,8,16,12440,6049.4,6389.2,1.2,[E1],,,2.6991,IAEA LiveChart ENSDF adopted gammas,2026-08-13
16o,8,16,12440,0,12434.8,100.0,[E1],,,2.6991,IAEA LiveChart ENSDF adopted gammas,2026-08-13
16o,8,16,12530,8871.9,3657.7,67.0,[M1],,,2.6991,IAEA LiveChart ENSDF adopted gammas,2026-08-13
16o,8,16,12530,7116.85,5412.1,24.5,[M1],,,2.6991,IAEA LiveChart ENSDF adopted gammas,2026-08-13
16o,8,16,12530,6917.1,5611.8,2.0,[E1],,,2.6991,IAEA LiveChart ENSDF adopted gammas,2026-08-13
16o,8,16,12530,6129.89,6398.7,100.0,[M1],,,2.6991,IAEA LiveChart ENSDF adopted gammas,2026-08-13
16o,8,16,12530,0,12524.7,12.2,[M2],,,2.6991,IAEA LiveChart ENSDF adopted gammas,2026-08-13
16o,8,16,12796,7116.85,5678.0,100.0,[M1],,,2.6991,IAEA LiveChart ENSDF adopted gammas,2026-08-13
16o,8,16,12968.6,8871.9,4096.1,84.0,[M1],,,2.6991,IAEA LiveChart ENSDF adopted gammas,2026-08-13
16o,8,16,12968.6,7116.85,5850.7,12.0,[M1],,,2.6991,IAEA LiveChart ENSDF adopted gammas,2026-08-13
16o,8,16,12968.6,6129.89,6837.1,100.0,[M1],,,2.6991,IAEA LiveChart ENSDF adopted gammas,2026-08-13
16o,8,16,12968.6,0,12963.0,4.2,[M2],,,2.6991,IAEA LiveChart ENSDF adopted gammas,2026-08-13
16o,8,16,13020,0,13014.0,100.0,,,,2.6991,IAEA LiveChart ENSDF adopted gammas,2026-08-13
16o,8,16,13090,7116.85,5972.0,3.1,[M1],,,2.6991,IAEA LiveChart ENSDF adopted gammas,2026-08-13
16o,8,16,13090,6049.4,7039.0,0.58,[E1],,,2.6991,IAEA LiveChart ENSDF adopted gammas,2026-08-13
16o,8,16,13090,0,13084.0,100.0,[E1],,,2.6991,IAEA LiveChart ENSDF adopted gammas,2026-08-13
24mg,12,24,1368.667,0,1368.625,100.0,E2,5.62e-05,0.9999438031582626,3.057,IAEA LiveChart ENSDF adopted gammas,2026-08-13
24mg,12,24,4122.853,1368.667,2754.016,100.0,E2,0.000678,0.9993224593725455,3.057,IAEA LiveChart ENSDF adopted gammas,2026-08-13
24mg,12,24,4238.35,1368.667,2869.5,27.8,M1+E2,0.00073,0.9992705325112669,3.057,IAEA LiveChart ENSDF adopted gammas,2026-08-13
24mg,12,24,4238.35,0,4237.96,100.0,[E2],0.00125,0.9987515605493134,3.057,IAEA LiveChart ENSDF adopted gammas,2026-08-13
24mg,12,24,5235.16,4238.35,996.83,2.63,D+Q,,,3.057,IAEA LiveChart ENSDF adopted gammas,2026-08-13
24mg,12,24,5235.16,1368.667,3866.15,100.0,E2(+M1),0.00112,0.9988812529966438,3.057,IAEA LiveChart ENSDF adopted gammas,2026-08-13
24mg,12,24,5235.16,0,5235.0,10.0,[M3],,,3.057,IAEA LiveChart ENSDF adopted gammas,2026-08-13
24mg,12,24,6010.34,5235.16,775.4,1.6,,,,3.057,IAEA LiveChart ENSDF adopted gammas,2026-08-13
24mg,12,24,6010.34,4238.35,1771.92,11.4,[E2],0.000211,0.9997890445116081,3.057,IAEA LiveChart ENSDF adopted gammas,2026-08-13
24mg,12,24,6010.34,4122.853,1887.52,1.64,,,,3.057,IAEA LiveChart ENSDF adopted gammas,2026-08-13
24mg,12,24,6010.34,1368.667,4641.19,100.0,[E2],0.00138,0.9986219017755498,3.057,IAEA LiveChart ENSDF adopted gammas,2026-08-13
24mg,12,24,6432.2,4238.35,2194.0,21.0,[E2],0.000413,0.9995871704985841,3.057,IAEA LiveChart ENSDF adopted gammas,2026-08-13
24mg,12,24,6432.2,1368.667,5063.2,100.0,[E2],0.00151,0.9984922766622402,3.057,IAEA LiveChart ENSDF adopted gammas,2026-08-13
24mg,12,24,7348.6,1368.667,5979.5,61.0,,,,3.057,IAEA LiveChart ENSDF adopted gammas,2026-08-13
24mg,12,24,7348.6,0,7347.2,100.0,[E2],,,3.057,IAEA LiveChart ENSDF adopted gammas,2026-08-13
24mg,12,24,7555.3,4238.35,3316.7,49.0,[E1],0.00139,0.9986119294181088,3.057,IAEA LiveChart ENSDF adopted gammas,2026-08-13
24mg,12,24,7555.3,1368.667,6185.8,64.0,[E1],,,3.057,IAEA LiveChart ENSDF adopted gammas,2026-08-13
24mg,12,24,7555.3,0,7554.0,100.0,[E1],,,3.057,IAEA LiveChart ENSDF adopted gammas,2026-08-13
24mg,12,24,7616.41,5235.16,2381.0,7.0,[E1],,,3.057,IAEA LiveChart ENSDF adopted gammas,2026-08-13
24mg,12,24,7616.41,4238.35,3378.3,8.0,[E1],0.00142,0.9985820135407721,3.057,IAEA LiveChart ENSDF adopted gammas,2026-08-13
24mg,12,24,7616.41,4122.853,3493.3,7.2,[E1],0.00147,0.9985321577281395,3.057,IAEA LiveChart ENSDF adopted gammas,2026-08-13
24mg,12,24,7616.41,1368.667,6246.89,100.0,[E1],,,3.057,IAEA LiveChart ENSDF adopted gammas,2026-08-13
24mg,12,24,7616.41,0,7615.2,38.0,[E3],,,3.057,IAEA LiveChart ENSDF adopted gammas,2026-08-13
24mg,12,24,7747.7,4238.35,3509.1,12.9,,,,3.057,IAEA LiveChart ENSDF adopted gammas,2026-08-13
24mg,12,24,7747.7,1368.667,6378.1,100.0,,,,3.057,IAEA LiveChart ENSDF adopted gammas,2026-08-13
24mg,12,24,7747.7,0,7746.4,39.0,,,,3.057,IAEA LiveChart ENSDF adopted gammas,2026-08-13
24mg,12,24,7812.4,6010.34,1800.0,12.0,,,,3.057,IAEA LiveChart ENSDF adopted gammas,2026-08-13
24mg,12,24,7812.4,5235.16,2577.4,100.0,,,,3.057,IAEA LiveChart ENSDF adopted gammas,2026-08-13
24mg,12,24,7812.4,4122.853,3690.0,51.0,,,,3.057,IAEA LiveChart ENSDF adopted gammas,2026-08-13
24mg,12,24,8113.2,4122.853,3990.0,100.0,[E2],0.00117,0.9988313673002588,3.057,IAEA LiveChart ENSDF adopted gammas,2026-08-13
24mg,12,24,8358.1,6010.34,2347.7,22.0,[E1],0.000877,0.9991237684550649,3.057,IAEA LiveChart ENSDF adopted gammas,2026-08-13
24mg,12,24,8358.1,5235.16,3122.7,33.0,[E1],,,3.057,IAEA LiveChart ENSDF adopted gammas,2026-08-13
24mg,12,24,8358.1,1368.667,6988.3,100.0,[E1],,,3.057,IAEA LiveChart ENSDF adopted gammas,2026-08-13
24mg,12,24,8358.1,0,8356.5,8.6,[E3],,,3.057,IAEA LiveChart ENSDF adopted gammas,2026-08-13
24mg,12,24,8438.4,1368.667,7068.6,25.0,[E1],,,3.057,IAEA LiveChart ENSDF adopted gammas,2026-08-13
24mg,12,24,8438.4,0,8436.8,100.0,(E1),,,3.057,IAEA LiveChart ENSDF adopted gammas,2026-08-13
24mg,12,24,8439.29,7616.41,822.0,0.05,[E1],,,3.057,IAEA LiveChart ENSDF adopted gammas,2026-08-13
24mg,12,24,8439.29,7348.6,1090.67,0.32,[E2],,,3.057,IAEA LiveChart ENSDF adopted gammas,2026-08-13
24mg,12,24,8439.29,6010.34,2428.97,1.79,,,,3.057,IAEA LiveChart ENSDF adopted gammas,2026-08-13
24mg,12,24,8439.29,5235.16,3203.88,7.21,,,,3.057,IAEA LiveChart ENSDF adopted gammas,2026-08-13
24mg,12,24,8439.29,4238.35,4200.54,9.5,[E2],0.00124,0.9987615356957373,3.057,IAEA LiveChart ENSDF adopted gammas,2026-08-13
24mg,12,24,8439.29,4122.853,4316.0,33.0,,,,3.057,IAEA LiveChart ENSDF adopted gammas,2026-08-13
24mg,12,24,8439.29,1368.667,7069.5,100.0,[E2],,,3.057,IAEA LiveChart ENSDF adopted gammas,2026-08-13
24mg,12,24,8654.9,6432.2,2222.3,6.1,[E2],0.000427,0.9995731822511787,3.057,IAEA LiveChart ENSDF adopted gammas,2026-08-13
24mg,12,24,8654.9,4238.35,4416.1,17.0,,,,3.057,IAEA LiveChart ENSDF adopted gammas,2026-08-13
24mg,12,24,8654.9,1368.667,7285.0,100.0,,,,3.057,IAEA LiveChart ENSDF adopted gammas,2026-08-13
24mg,12,24,8864.5,5235.16,3629.0,2.17,[E1],0.00153,0.9984723373238944,3.057,IAEA LiveChart ENSDF adopted gammas,2026-08-13
24mg,12,24,8864.5,4238.35,4625.7,8.9,[E1],,,3.057,IAEA LiveChart ENSDF adopted gammas,2026-08-13
24mg,12,24,8864.5,1368.667,7494.6,100.0,[E1],,,3.057,IAEA LiveChart ENSDF adopted gammas,2026-08-13
24mg,12,24,8864.5,0,8862.7,1.03,[M2],,,3.057,IAEA LiveChart ENSDF adopted gammas,2026-08-13
24mg,12,24,9003.5,7348.6,1654.4,12.0,,,,3.057,IAEA LiveChart ENSDF adopted gammas,2026-08-13
24mg,12,24,9003.5,6432.2,2570.9,14.0,[E2],0.000594,0.9994063526265399,3.057,IAEA LiveChart ENSDF adopted gammas,2026-08-13
24mg,12,24,9003.5,4122.853,4880.1,35.0,[E2],0.00146,0.9985421284924011,3.057,IAEA LiveChart ENSDF adopted gammas,2026-08-13
24mg,12,24,9003.5,0,9001.7,100.0,[E2],,,3.057,IAEA LiveChart ENSDF adopted gammas,2026-08-13
24mg,12,24,9146.2,4238.35,4907.3,53.0,,,,3.057,IAEA LiveChart ENSDF adopted gammas,2026-08-13
24mg,12,24,9146.2,1368.667,7776.2,60.0,,,,3.057,IAEA LiveChart ENSDF adopted gammas,2026-08-13
24mg,12,24,9146.2,0,9144.3,100.0,,,,3.057,IAEA LiveChart ENSDF adopted gammas,2026-08-13
24mg,12,24,9284.4,4122.853,5161.0,27.0,,,,3.057,IAEA LiveChart ENSDF adopted gammas,2026-08-13
24mg,12,24,9284.4,1368.667,7914.3,100.0,,,,3.057,IAEA LiveChart ENSDF adopted gammas,2026-08-13
24mg,12,24,9299.8,7616.41,1683.3,100.0,,,,3.057,IAEA LiveChart ENSDF adopted gammas,2026-08-13
24mg,12,24,9301.07,7348.6,1952.38,7.3,,,,3.057,IAEA LiveChart ENSDF adopted gammas,2026-08-13
24mg,12,24,9301.07,4238.35,5060.7,2.8,,,,3.057,IAEA LiveChart ENSDF adopted gammas,2026-08-13
24mg,12,24,9301.07,4122.853,5177.51,76.0,,,,3.057,IAEA LiveChart ENSDF adopted gammas,2026-08-13
24mg,12,24,9301.07,1368.667,7930.87,100.0,,,,3.057,IAEA LiveChart ENSDF adopted gammas,2026-08-13
24mg,12,24,9305.39,1368.667,7935.3,100.0,,,,3.057,IAEA LiveChart ENSDF adopted gammas,2026-08-13
24mg,12,24,9457.81,7747.7,1710.0,2.1,,,,3.057,IAEA LiveChart ENSDF adopted gammas,2026-08-13
24mg,12,24,9457.81,7348.6,2108.65,1.5,,,,3.057,IAEA LiveChart ENSDF adopted gammas,2026-08-13
24mg,12,24,9457.81,6010.34,3447.21,2.1,,,,3.057,IAEA LiveChart ENSDF adopted gammas,2026-08-13
24mg,12,24,9457.81,5235.16,4222.2,12.0,,,,3.057,IAEA LiveChart ENSDF adopted gammas,2026-08-13
24mg,12,24,9457.81,4238.35,5218.81,5.6,,,,3.057,IAEA LiveChart ENSDF adopted gammas,2026-08-13
24mg,12,24,9457.81,4122.853,5334.29,28.4,,,,3.057,IAEA LiveChart ENSDF adopted gammas,2026-08-13
24mg,12,24,9457.81,1368.667,8087.66,100.0,,,,3.057,IAEA LiveChart ENSDF adopted gammas,2026-08-13
24mg,12,24,9516.18,8439.29,1076.86,85.8,,,,3.057,IAEA LiveChart ENSDF adopted gammas,2026-08-13
24mg,12,24,9516.18,7812.4,1704.8,0.09,,,,3.057,IAEA LiveChart ENSDF adopted gammas,2026-08-13
24mg,12,24,9516.18,7616.41,1899.7,4.74,[E1],0.000575,0.9994253304349999,3.057,IAEA LiveChart ENSDF adopted gammas,2026-08-13
24mg,12,24,9516.18,6010.34,3505.61,11.5,,,,3.057,IAEA LiveChart ENSDF adopted gammas,2026-08-13
24mg,12,24,9516.18,5235.16,4280.62,3.82,,,,3.057,IAEA LiveChart ENSDF adopted gammas,2026-08-13
24mg,12,24,9516.18,4238.35,5277.2,2.0,,,,3.057,IAEA LiveChart ENSDF adopted gammas,2026-08-13
24mg,12,24,9516.18,4122.853,5392.68,100.0,,,,3.057,IAEA LiveChart ENSDF adopted gammas,2026-08-13
24mg,12,24,9516.18,1368.667,8146.0,0.16,[E2],,,3.057,IAEA LiveChart ENSDF adopted gammas,2026-08-13
24mg,12,24,9527.6,6010.34,3517.0,100.0,[E2],0.001,0.9990009990009991,3.057,IAEA LiveChart ENSDF adopted gammas,2026-08-13
24mg,12,24,9527.6,4122.853,5404.0,28.0,[E2],0.0016,0.998402555910543,3.057,IAEA LiveChart ENSDF adopted gammas,2026-08-13
24mg,12,24,9532.7,7616.41,1916.0,7.4,,,,3.057,IAEA LiveChart ENSDF adopted gammas,2026-08-13
24mg,12,24,9532.7,5235.16,4297.1,39.0,,,,3.057,IAEA LiveChart ENSDF adopted gammas,2026-08-13
24mg,12,24,9532.7,4238.35,5293.7,84.0,,,,3.057,IAEA LiveChart ENSDF adopted gammas,2026-08-13
24mg,12,24,9532.7,1368.667,8162.5,100.0,,,,3.057,IAEA LiveChart ENSDF adopted gammas,2026-08-13
24mg,12,24,9828,6432.2,3395.2,2.1,,,,3.057,IAEA LiveChart ENSDF adopted gammas,2026-08-13
24mg,12,24,9828,1368.667,8457.7,30.3,,,,3.057,IAEA LiveChart ENSDF adopted gammas,2026-08-13
24mg,12,24,9828,0,9825.9,100.0,,,,3.057,IAEA LiveChart ENSDF adopted gammas,2026-08-13
24mg,12,24,9965.3,1368.667,8595.1,38.0,,,,3.057,IAEA LiveChart ENSDF adopted gammas,2026-08-13
24mg,12,24,9965.3,0,9963.0,100.0,,,,3.057,IAEA LiveChart ENSDF adopted gammas,2026-08-13
24mg,12,24,10027.97,8358.1,1670.0,45.4,[E2],0.000166,0.9998340275514264,3.057,IAEA LiveChart ENSDF adopted gammas,2026-08-13
24mg,12,24,10027.97,7812.4,2215.6,7.3,,,,3.057,IAEA LiveChart ENSDF adopted gammas,2026-08-13
24mg,12,24,10027.97,7616.41,2411.2,8.8,[E2],0.000519,0.9994812692212742,3.057,IAEA LiveChart ENSDF adopted gammas,2026-08-13
24mg,12,24,10027.97,6010.34,4017.2,23.0,[E1],0.00169,0.9983128512813346,3.057,IAEA LiveChart ENSDF adopted gammas,2026-08-13
24mg,12,24,10027.97,4122.853,5904.2,100.0,[E1],0.00227,0.9977351412294092,3.057,IAEA LiveChart ENSDF adopted gammas,2026-08-13
24mg,12,24,10027.97,1368.667,8657.5,61.0,[E3],,,3.057,IAEA LiveChart ENSDF adopted gammas,2026-08-13
24mg,12,24,10059.1,4238.35,5820.0,16.0,,,,3.057,IAEA LiveChart ENSDF adopted gammas,2026-08-13
24mg,12,24,10059.1,1368.667,8688.6,100.0,,,,3.057,IAEA LiveChart ENSDF adopted gammas,2026-08-13
24mg,12,24,10110.9,1368.667,8740.5,100.0,,,,3.057,IAEA LiveChart ENSDF adopted gammas,2026-08-13
24mg,12,24,10333.6,4238.35,6094.4,61.0,,,,3.057,IAEA LiveChart ENSDF adopted gammas,2026-08-13
24mg,12,24,10333.6,1368.667,8963.0,100.0,,,,3.057,IAEA LiveChart ENSDF adopted gammas,2026-08-13
24mg,12,24,10360.7,6432.2,3927.9,1.2,[E2],0.00115,0.998851320980872,3.057,IAEA LiveChart ENSDF adopted gammas,2026-08-13
24mg,12,24,10360.7,5235.16,5124.9,3.0,,,,3.057,IAEA LiveChart ENSDF adopted gammas,2026-08-13
24mg,12,24,10360.7,1368.667,8990.2,100.0,,,,3.057,IAEA LiveChart ENSDF adopted gammas,2026-08-13
24mg,12,24,10360.7,0,10358.3,72.0,[E2],,,3.057,IAEA LiveChart ENSDF adopted gammas,2026-08-13
24mg,12,24,10575.93,9516.18,1059.78,100.0,,,,3.057,IAEA LiveChart ENSDF adopted gammas,2026-08-13
24mg,12,24,10575.93,9301.07,1274.71,37.2,,,,3.057,IAEA LiveChart ENSDF adopted gammas,2026-08-13
24mg,12,24,10575.93,8439.29,2136.58,59.0,,,,3.057,IAEA LiveChart ENSDF adopted gammas,2026-08-13
24mg,12,24,10575.93,5235.16,5340.3,40.0,,,,3.057,IAEA LiveChart ENSDF adopted gammas,2026-08-13
24mg,12,24,10581.26,6010.34,4570.4,20.6,,,,3.057,IAEA LiveChart ENSDF adopted gammas,2026-08-13
24mg,12,24,10581.26,5235.16,5345.4,53.4,,,,3.057,IAEA LiveChart ENSDF adopted gammas,2026-08-13
24mg,12,24,10581.26,4238.35,6342.0,100.0,,,,3.057,IAEA LiveChart ENSDF adopted gammas,2026-08-13
24mg,12,24,10581.26,4122.853,6457.4,37.6,,,,3.057,IAEA LiveChart ENSDF adopted gammas,2026-08-13
24mg,12,24,10581.26,1368.667,9210.6,46.1,,,,3.057,IAEA LiveChart ENSDF adopted gammas,2026-08-13
24mg,12,24,10659.8,1368.667,9289.2,43.0,,,,3.057,IAEA LiveChart ENSDF adopted gammas,2026-08-13
24mg,12,24,10659.8,0,10657.3,100.0,,,,3.057,IAEA LiveChart ENSDF adopted gammas,2026-08-13
24mg,12,24,10660.17,5235.16,5424.2,12.0,,,,3.057,IAEA LiveChart ENSDF adopted gammas,2026-08-13
24mg,12,24,10660.17,4122.853,6536.3,35.0,,,,3.057,IAEA LiveChart ENSDF adopted gammas,2026-08-13
24mg,12,24,10660.17,1368.667,9289.5,100.0,,,,3.057,IAEA LiveChart ENSDF adopted gammas,2026-08-13
24mg,12,24,10679.7,7555.3,3124.0,0.6,,,,3.057,IAEA LiveChart ENSDF adopted gammas,2026-08-13
24mg,12,24,10679.7,7348.6,3331.0,2.4,,,,3.057,IAEA LiveChart ENSDF adopted gammas,2026-08-13
24mg,12,24,10679.7,4238.35,6440.0,14.7,,,,3.057,IAEA LiveChart ENSDF adopted gammas,2026-08-13
24mg,12,24,10679.7,1368.667,9309.0,100.0,,,,3.057,IAEA LiveChart ENSDF adopted gammas,2026-08-13
24mg,12,24,10712.2,0,10709.6,100.0,,,,3.057,IAEA LiveChart ENSDF adopted gammas,2026-08-13
24mg,12,24,10731.1,5235.16,5495.2,10.0,,,,3.057,IAEA LiveChart ENSDF adopted gammas,2026-08-13
24mg,12,24,10731.1,4238.35,6491.8,27.0,(M1),,,3.057,IAEA LiveChart ENSDF adopted gammas,2026-08-13
24mg,12,24,10731.1,1368.667,9360.5,100.0,,,,3.057,IAEA LiveChart ENSDF adopted gammas,2026-08-13
24mg,12,24,10820.8,1368.667,9450.1,100.0,,,,3.057,IAEA LiveChart ENSDF adopted gammas,2026-08-13
24mg,12,24,10917.2,6432.2,4485.0,0.85,[E2],0.00134,0.998661793197116,3.057,IAEA LiveChart ENSDF adopted gammas,2026-08-13
24mg,12,24,10917.2,6010.34,4906.3,1.7,[E2],0.00146,0.9985421284924011,3.057,IAEA LiveChart ENSDF adopted gammas,2026-08-13
24mg,12,24,10917.2,5235.16,5681.3,2.77,,,,3.057,IAEA LiveChart ENSDF adopted gammas,2026-08-13
24mg,12,24,10917.2,4238.35,6677.8,1.06,,,,3.057,IAEA LiveChart ENSDF adopted gammas,2026-08-13
24mg,12,24,10917.2,4122.853,6793.3,34.0,[E2],,,3.057,IAEA LiveChart ENSDF adopted gammas,2026-08-13
24mg,12,24,10917.2,1368.667,9546.5,100.0,,,,3.057,IAEA LiveChart ENSDF adopted gammas,2026-08-13
24mg,12,24,10917.2,0,10914.5,72.0,[E2],,,3.057,IAEA LiveChart ENSDF adopted gammas,2026-08-13
24mg,12,24,11012,8439.29,2573.0,100.0,,,,3.057,IAEA LiveChart ENSDF adopted gammas,2026-08-13
24mg,12,24,11012,6010.34,5001.0,47.0,,,,3.057,IAEA LiveChart ENSDF adopted gammas,2026-08-13
24mg,12,24,11018,,1048.0,2.5,,,,3.057,IAEA LiveChart ENSDF adopted gammas,2026-08-13
24mg,12,24,11018,7747.7,3270.0,0.62,,,,3.057,IAEA LiveChart ENSDF adopted gammas,2026-08-13
24mg,12,24,11018,7555.3,3462.0,0.37,,,,3.057,IAEA LiveChart ENSDF adopted gammas,2026-08-13
24mg,12,24,11018,6010.34,5007.0,0.86,,,,3.057,IAEA LiveChart ENSDF adopted gammas,2026-08-13
24mg,12,24,11018,5235.16,5782.0,1.5,,,,3.057,IAEA LiveChart ENSDF adopted gammas,2026-08-13
24mg,12,24,11018,4238.35,6779.0,2.4,,,,3.057,IAEA LiveChart ENSDF adopted gammas,2026-08-13
24mg,12,24,11018,4122.853,6894.0,1.0,,,,3.057,IAEA LiveChart ENSDF adopted gammas,2026-08-13
24mg,12,24,11018,1368.667,9647.0,100.0,,,,3.057,IAEA LiveChart ENSDF adopted gammas,2026-08-13
24mg,12,24,11018,0,11015.0,14.2,,,,3.057,IAEA LiveChart ENSDF adopted gammas,2026-08-13
24mg,12,24,11133,7616.41,3518.0,100.0,,,,3.057,IAEA LiveChart ENSDF adopted gammas,2026-08-13
24mg,12,24,11165,8438.4,2726.0,5.8,,,,3.057,IAEA LiveChart ENSDF adopted gammas,2026-08-13
24mg,12,24,11165,7555.3,3609.0,6.2,,,,3.057,IAEA LiveChart ENSDF adopted gammas,2026-08-13
24mg,12,24,11165,6010.34,5154.0,13.1,,,,3.057,IAEA LiveChart ENSDF adopted gammas,2026-08-13
24mg,12,24,11165,5235.16,5929.0,11.3,,,,3.057,IAEA LiveChart ENSDF adopted gammas,2026-08-13
24mg,12,24,11165,4122.853,7041.0,1.81,,,,3.057,IAEA LiveChart ENSDF adopted gammas,2026-08-13
24mg,12,24,11165,1368.667,9794.0,100.0,,,,3.057,IAEA LiveChart ENSDF adopted gammas,2026-08-13
24mg,12,24,11187.3,1368.667,9816.5,100.0,,,,3.057,IAEA LiveChart ENSDF adopted gammas,2026-08-13
24mg,12,24,11207,1368.667,9836.0,100.0,,,,3.057,IAEA LiveChart ENSDF adopted gammas,2026-08-13
24mg,12,24,11216.69,9516.18,1700.0,1.4,,,,3.057,IAEA LiveChart ENSDF adopted gammas,2026-08-13
24mg,12,24,11216.69,8654.9,2562.0,0.81,,,,3.057,IAEA LiveChart ENSDF adopted gammas,2026-08-13
24mg,12,24,11216.69,7348.6,3868.0,0.35,,,,3.057,IAEA LiveChart ENSDF adopted gammas,2026-08-13
24mg,12,24,11216.69,5235.16,5981.0,0.93,,,,3.057,IAEA LiveChart ENSDF adopted gammas,2026-08-13
24mg,12,24,11216.69,4122.853,7093.0,12.8,,,,3.057,IAEA LiveChart ENSDF adopted gammas,2026-08-13
24mg,12,24,11216.69,1368.667,9846.0,100.0,,,,3.057,IAEA LiveChart ENSDF adopted gammas,2026-08-13
24mg,12,24,11314.4,1368.667,9943.5,100.0,,,,3.057,IAEA LiveChart ENSDF adopted gammas,2026-08-13
24mg,12,24,11330,1368.667,9959.0,100.0,,,,3.057,IAEA LiveChart ENSDF adopted gammas,2026-08-13
24mg,12,24,11391,10059.1,1332.0,1.9,,,,3.057,IAEA LiveChart ENSDF adopted gammas,2026-08-13
24mg,12,24,11391,9965.3,1426.0,1.01,,,,3.057,IAEA LiveChart ENSDF adopted gammas,2026-08-13
24mg,12,24,11391,8438.4,2953.0,1.01,,,,3.057,IAEA LiveChart ENSDF adopted gammas,2026-08-13
24mg,12,24,11391,7747.7,3643.0,1.45,,,,3.057,IAEA LiveChart ENSDF adopted gammas,2026-08-13
24mg,12,24,11391,6432.2,4958.0,1.16,,,,3.057,IAEA LiveChart ENSDF adopted gammas,2026-08-13
24mg,12,24,11391,4238.35,7152.0,2.2,,,,3.057,IAEA LiveChart ENSDF adopted gammas,2026-08-13
24mg,12,24,11391,1368.667,10020.0,100.0,,,,3.057,IAEA LiveChart ENSDF adopted gammas,2026-08-13
24mg,12,24,11391,0,11388.0,36.2,,,,3.057,IAEA LiveChart ENSDF adopted gammas,2026-08-13
24mg,12,24,11452.8,10731.1,721.7,3.4,,,,3.057,IAEA LiveChart ENSDF adopted gammas,2026-08-13
24mg,12,24,11452.8,10059.1,1393.7,1.14,,,,3.057,IAEA LiveChart ENSDF adopted gammas,2026-08-13
24mg,12,24,11452.8,9965.3,1487.5,12.7,,,,3.057,IAEA LiveChart ENSDF adopted gammas,2026-08-13
24mg,12,24,11452.8,7747.7,3704.8,3.2,,,,3.057,IAEA LiveChart ENSDF adopted gammas,2026-08-13
24mg,12,24,11452.8,7616.41,3836.0,0.9,,,,3.057,IAEA LiveChart ENSDF adopted gammas,2026-08-13
24mg,12,24,11452.8,7348.6,4103.4,1.36,,,,3.057,IAEA LiveChart ENSDF adopted gammas,2026-08-13
24mg,12,24,11452.8,5235.16,6216.7,4.1,,,,3.057,IAEA LiveChart ENSDF adopted gammas,2026-08-13
24mg,12,24,11452.8,4238.35,7213.3,47.7,,,,3.057,IAEA LiveChart ENSDF adopted gammas,2026-08-13
24mg,12,24,11452.8,4122.853,7328.7,1.82,,,,3.057,IAEA LiveChart ENSDF adopted gammas,2026-08-13
24mg,12,24,11452.8,1368.667,10081.8,100.0,,,,3.057,IAEA LiveChart ENSDF adopted gammas,2026-08-13
24mg,12,24,11452.8,0,11449.8,50.0,,,,3.057,IAEA LiveChart ENSDF adopted gammas,2026-08-13
24mg,12,24,11522,10731.1,791.0,1.59,,,,3.057,IAEA LiveChart ENSDF adopted gammas,2026-08-13
24mg,12,24,11522,10059.1,1463.0,2.1,,,,3.057,IAEA LiveChart ENSDF adopted gammas,2026-08-13
24mg,12,24,11522,9965.3,1557.0,1.11,,,,3.057,IAEA LiveChart ENSDF adopted gammas,2026-08-13
24mg,12,24,11522,8358.1,3164.0,0.32,,,,3.057,IAEA LiveChart ENSDF adopted gammas,2026-08-13
24mg,12,24,11522,7747.7,3774.0,1.11,,,,3.057,IAEA LiveChart ENSDF adopted gammas,2026-08-13
24mg,12,24,11522,7616.41,3905.0,1.43,,,,3.057,IAEA LiveChart ENSDF adopted gammas,2026-08-13
24mg,12,24,11522,6432.2,5089.0,12.2,,,,3.057,IAEA LiveChart ENSDF adopted gammas,2026-08-13
24mg,12,24,11522,4238.35,7282.0,8.1,,,,3.057,IAEA LiveChart ENSDF adopted gammas,2026-08-13
24mg,12,24,11522,4122.853,7398.0,7.0,,,,3.057,IAEA LiveChart ENSDF adopted gammas,2026-08-13
24mg,12,24,11522,1368.667,10151.0,23.8,,,,3.057,IAEA LiveChart ENSDF adopted gammas,2026-08-13
24mg,12,24,11522,0,11519.0,100.0,,,,3.057,IAEA LiveChart ENSDF adopted gammas,2026-08-13
24mg,12,24,11600,9516.18,2084.0,21.8,[E1],0.000705,0.9992954966748443,3.057,IAEA LiveChart ENSDF adopted gammas,2026-08-13
24mg,12,24,11600,9301.07,2299.0,75.0,[E1],,,3.057,IAEA LiveChart ENSDF adopted gammas,2026-08-13
24mg,12,24,11600,9299.8,2300.0,5.9,,,,3.057,IAEA LiveChart ENSDF adopted gammas,2026-08-13
24mg,12,24,11600,9284.4,2315.0,12.5,[E1],,,3.057,IAEA LiveChart ENSDF adopted gammas,2026-08-13
24mg,12,24,11600,8358.1,3242.0,8.2,,,,3.057,IAEA LiveChart ENSDF adopted gammas,2026-08-13
24mg,12,24,11600,7616.41,3983.0,100.0,,,,3.057,IAEA LiveChart ENSDF adopted gammas,2026-08-13
24mg,12,24,11600,4122.853,7476.0,3.9,[E1],,,3.057,IAEA LiveChart ENSDF adopted gammas,2026-08-13
24mg,12,24,11698.2,11012,686.0,1.82,,,,3.057,IAEA LiveChart ENSDF adopted gammas,2026-08-13
24mg,12,24,11698.2,9301.07,2397.0,100.0,,,,3.057,IAEA LiveChart ENSDF adopted gammas,2026-08-13
24mg,12,24,11698.2,9299.8,2398.0,1.1,,,,3.057,IAEA LiveChart ENSDF adopted gammas,2026-08-13
24mg,12,24,11698.2,8654.9,3043.0,2.5,,,,3.057,IAEA LiveChart ENSDF adopted gammas,2026-08-13
24mg,12,24,11698.2,8439.29,3259.0,3.6,,,,3.057,IAEA LiveChart ENSDF adopted gammas,2026-08-13
24mg,12,24,11698.2,7812.4,3885.0,1.4,,,,3.057,IAEA LiveChart ENSDF adopted gammas,2026-08-13
24mg,12,24,11698.2,7348.6,4349.0,5.9,,,,3.057,IAEA LiveChart ENSDF adopted gammas,2026-08-13
24mg,12,24,11698.2,6010.34,5687.0,5.0,,,,3.057,IAEA LiveChart ENSDF adopted gammas,2026-08-13
24mg,12,24,11698.2,5235.16,6462.0,6.8,,,,3.057,IAEA LiveChart ENSDF adopted gammas,2026-08-13
24mg,12,24,11698.2,4238.35,7459.0,19.8,,,,3.057,IAEA LiveChart ENSDF adopted gammas,2026-08-13
24mg,12,24,11698.2,4122.853,7574.0,15.7,,,,3.057,IAEA LiveChart ENSDF adopted gammas,2026-08-13
24mg,12,24,11698.2,1368.667,10327.0,64.0,,,,3.057,IAEA LiveChart ENSDF adopted gammas,2026-08-13
24mg,12,24,11730,9965.3,1765.0,3.48,,,,3.057,IAEA LiveChart ENSDF adopted gammas,2026-08-13
24mg,12,24,11730,7555.3,4174.0,1.63,,,,3.057,IAEA LiveChart ENSDF adopted gammas,2026-08-13
24mg,12,24,11730,4238.35,7490.0,3.59,,,,3.057,IAEA LiveChart ENSDF adopted gammas,2026-08-13
24mg,12,24,11730,1368.667,10359.0,100.0,,,,3.057,IAEA LiveChart ENSDF adopted gammas,2026-08-13
24mg,12,24,11860,8113.2,3747.0,100.0,,,,3.057,IAEA LiveChart ENSDF adopted gammas,2026-08-13
24mg,12,24,11862.8,7555.3,4306.0,4.4,,,,3.057,IAEA LiveChart ENSDF adopted gammas,2026-08-13
24mg,12,24,11862.8,7348.6,4513.0,1.75,,,,3.057,IAEA LiveChart ENSDF adopted gammas,2026-08-13
24mg,12,24,11862.8,4238.35,7622.0,4.4,,,,3.057,IAEA LiveChart ENSDF adopted gammas,2026-08-13
24mg,12,24,11862.8,1368.667,10491.0,65.0,,,,3.057,IAEA LiveChart ENSDF adopted gammas,2026-08-13
24mg,12,24,11862.8,0,11859.0,100.0,,,,3.057,IAEA LiveChart ENSDF adopted gammas,2026-08-13
24mg,12,24,11932.9,9301.07,2631.9,0.19,,,,3.057,IAEA LiveChart ENSDF adopted gammas,2026-08-13
24mg,12,24,11932.9,8864.5,3068.4,0.34,,,,3.057,IAEA LiveChart ENSDF adopted gammas,2026-08-13
24mg,12,24,11932.9,7812.4,4120.5,1.41,,,,3.057,IAEA LiveChart ENSDF adopted gammas,2026-08-13
24mg,12,24,11932.9,7348.6,4583.6,1.62,,,,3.057,IAEA LiveChart ENSDF adopted gammas,2026-08-13
24mg,12,24,11932.9,6010.34,5922.0,4.3,,,,3.057,IAEA LiveChart ENSDF adopted gammas,2026-08-13
24mg,12,24,11932.9,5235.16,6696.9,1.27,,,,3.057,IAEA LiveChart ENSDF adopted gammas,2026-08-13
24mg,12,24,11932.9,4238.35,7693.4,0.51,,,,3.057,IAEA LiveChart ENSDF adopted gammas,2026-08-13
24mg,12,24,11932.9,4122.853,7808.9,24.4,,,,3.057,IAEA LiveChart ENSDF adopted gammas,2026-08-13
24mg,12,24,11932.9,1368.667,10561.9,100.0,,,,3.057,IAEA LiveChart ENSDF adopted gammas,2026-08-13
24mg,12,24,11966.6,11207,760.0,0.9,,,,3.057,IAEA LiveChart ENSDF adopted gammas,2026-08-13
24mg,12,24,11966.6,10731.1,1236.0,3.7,,,,3.057,IAEA LiveChart ENSDF adopted gammas,2026-08-13
24mg,12,24,11966.6,10059.1,1908.0,12.0,,,,3.057,IAEA LiveChart ENSDF adopted gammas,2026-08-13
24mg,12,24,11966.6,9965.3,2001.0,4.9,,,,3.057,IAEA LiveChart ENSDF adopted gammas,2026-08-13
24mg,12,24,11966.6,6432.2,5534.0,9.4,,,,3.057,IAEA LiveChart ENSDF adopted gammas,2026-08-13
24mg,12,24,11966.6,5235.16,6731.0,60.0,,,,3.057,IAEA LiveChart ENSDF adopted gammas,2026-08-13
24mg,12,24,11966.6,4238.35,7727.0,46.0,,,,3.057,IAEA LiveChart ENSDF adopted gammas,2026-08-13
24mg,12,24,11966.6,4122.853,7842.0,3.4,,,,3.057,IAEA LiveChart ENSDF adopted gammas,2026-08-13
24mg,12,24,11966.6,1368.667,10596.0,100.0,,,,3.057,IAEA LiveChart ENSDF adopted gammas,2026-08-13
24mg,12,24,11966.6,0,11964.0,46.0,,,,3.057,IAEA LiveChart ENSDF adopted gammas,2026-08-13
24mg,12,24,11988.5,10731.1,1257.4,0.9,,,,3.057,IAEA LiveChart ENSDF adopted gammas,2026-08-13
24mg,12,24,11988.5,10059.1,1929.3,1.5,,,,3.057,IAEA LiveChart ENSDF adopted gammas,2026-08-13
24mg,12,24,11988.5,9284.4,2703.9,2.0,,,,3.057,IAEA LiveChart ENSDF adopted gammas,2026-08-13
24mg,12,24,11988.5,9003.5,2984.8,1.3,,,,3.057,IAEA LiveChart ENSDF adopted gammas,2026-08-13
24mg,12,24,11988.5,8864.5,3122.8,11.0,,,,3.057,IAEA LiveChart ENSDF adopted gammas,2026-08-13
24mg,12,24,11988.5,8438.4,3549.8,6.3,,,,3.057,IAEA LiveChart ENSDF adopted gammas,2026-08-13
24mg,12,24,11988.5,7747.7,4240.4,11.0,,,,3.057,IAEA LiveChart ENSDF adopted gammas,2026-08-13
24mg,12,24,11988.5,7555.3,4432.8,3.3,,,,3.057,IAEA LiveChart ENSDF adopted gammas,2026-08-13
24mg,12,24,11988.5,5235.16,6752.3,17.0,,,,3.057,IAEA LiveChart ENSDF adopted gammas,2026-08-13
24mg,12,24,11988.5,4238.35,7748.8,100.0,,,,3.057,IAEA LiveChart ENSDF adopted gammas,2026-08-13
24mg,12,24,11988.5,1368.667,10617.3,61.0,,,,3.057,IAEA LiveChart ENSDF adopted gammas,2026-08-13
24mg,12,24,11988.5,0,11985.3,1.7,,,,3.057,IAEA LiveChart ENSDF adopted gammas,2026-08-13
24mg,12,24,12003,11012,991.0,19.0,,,,3.057,IAEA LiveChart ENSDF adopted gammas,2026-08-13
24mg,12,24,12003,8439.29,3563.0,9.5,,,,3.057,IAEA LiveChart ENSDF adopted gammas,2026-08-13
24mg,12,24,12003,6010.34,5992.0,30.0,,,,3.057,IAEA LiveChart ENSDF adopted gammas,2026-08-13
24mg,12,24,12003,4122.853,7879.0,100.0,,,,3.057,IAEA LiveChart ENSDF adopted gammas,2026-08-13
24mg,12,24,12051.3,6010.34,6040.0,6.9,,,,3.057,IAEA LiveChart ENSDF adopted gammas,2026-08-13
24mg,12,24,12051.3,5235.16,6815.0,30.6,,,,3.057,IAEA LiveChart ENSDF adopted gammas,2026-08-13
24mg,12,24,12051.3,4122.853,7927.0,100.0,,,,3.057,IAEA LiveChart ENSDF adopted gammas,2026-08-13
24mg,12,24,12051.3,1368.667,10680.0,1.4,,,,3.057,IAEA LiveChart ENSDF adopted gammas,2026-08-13
24mg,12,24,12119,9516.18,2603.0,100.0,,,,3.057,IAEA LiveChart ENSDF adopted gammas,2026-08-13
24mg,12,24,12119,6010.34,6108.0,27.0,,,,3.057,IAEA LiveChart ENSDF adopted gammas,2026-08-13
24mg,12,24,12119,4238.35,7879.0,92.0,,,,3.057,IAEA LiveChart ENSDF adopted gammas,2026-08-13
24mg,12,24,12119,4122.853,7995.0,38.0,,,,3.057,IAEA LiveChart ENSDF adopted gammas,2026-08-13
24mg,12,24,12119,1368.667,10748.0,14.0,,,,3.057,IAEA LiveChart ENSDF adopted gammas,2026-08-13
24mg,12,24,12128,7812.4,4315.0,100.0,,,,3.057,IAEA LiveChart ENSDF adopted gammas,2026-08-13
24mg,12,24,12162,9516.18,2646.0,17.6,,,,3.057,IAEA LiveChart ENSDF adopted gammas,2026-08-13
24mg,12,24,12162,9003.5,3158.0,3.9,,,,3.057,IAEA LiveChart ENSDF adopted gammas,2026-08-13
24mg,12,24,12162,5235.16,6926.0,5.9,,,,3.057,IAEA LiveChart ENSDF adopted gammas,2026-08-13
24mg,12,24,12162,4238.35,7922.0,11.8,,,,3.057,IAEA LiveChart ENSDF adopted gammas,2026-08-13
24mg,12,24,12162,4122.853,8038.0,100.0,,,,3.057,IAEA LiveChart ENSDF adopted gammas,2026-08-13
24mg,12,24,12162,1368.667,10791.0,57.0,,,,3.057,IAEA LiveChart ENSDF adopted gammas,2026-08-13
24mg,12,24,12183.3,11216.69,966.6,2.1,,,,3.057,IAEA LiveChart ENSDF adopted gammas,2026-08-13
24mg,12,24,12183.3,10731.1,1452.2,2.0,,,,3.057,IAEA LiveChart ENSDF adopted gammas,2026-08-13
24mg,12,24,12183.3,10360.7,1822.5,5.0,,,,3.057,IAEA LiveChart ENSDF adopted gammas,2026-08-13
24mg,12,24,12183.3,9965.3,2217.9,1.4,,,,3.057,IAEA LiveChart ENSDF adopted gammas,2026-08-13
24mg,12,24,12183.3,8654.9,3528.1,4.8,,,,3.057,IAEA LiveChart ENSDF adopted gammas,2026-08-13
24mg,12,24,12183.3,7747.7,4435.2,3.7,,,,3.057,IAEA LiveChart ENSDF adopted gammas,2026-08-13
24mg,12,24,12183.3,6432.2,5750.4,1.8,,,,3.057,IAEA LiveChart ENSDF adopted gammas,2026-08-13
24mg,12,24,12183.3,4238.35,7943.5,12.8,,,,3.057,IAEA LiveChart ENSDF adopted gammas,2026-08-13
24mg,12,24,12183.3,1368.667,10812.0,100.0,,,,3.057,IAEA LiveChart ENSDF adopted gammas,2026-08-13
24mg,12,24,12183.3,0,12180.0,7.0,,,,3.057,IAEA LiveChart ENSDF adopted gammas,2026-08-13
24mg,12,24,12259.3,11216.69,1042.6,3.3,,,,3.057,IAEA LiveChart ENSDF adopted gammas,2026-08-13
24mg,12,24,12259.3,9965.3,2293.9,1.1,,,,3.057,IAEA LiveChart ENSDF adopted gammas,2026-08-13
24mg,12,24,12259.3,9828,2431.0,2.2,,,,3.057,IAEA LiveChart ENSDF adopted gammas,2026-08-13
24mg,12,24,12259.3,9003.5,3255.6,4.4,,,,3.057,IAEA LiveChart ENSDF adopted gammas,2026-08-13
24mg,12,24,12259.3,8864.5,3394.5,9.0,,,,3.057,IAEA LiveChart ENSDF adopted gammas,2026-08-13
24mg,12,24,12259.3,8439.29,3819.7,5.6,,,,3.057,IAEA LiveChart ENSDF adopted gammas,2026-08-13
24mg,12,24,12259.3,7348.6,4910.2,9.0,,,,3.057,IAEA LiveChart ENSDF adopted gammas,2026-08-13
24mg,12,24,12259.3,5235.16,7023.0,24.4,,,,3.057,IAEA LiveChart ENSDF adopted gammas,2026-08-13
24mg,12,24,12259.3,4238.35,8019.5,100.0,,,,3.057,IAEA LiveChart ENSDF adopted gammas,2026-08-13
24mg,12,24,12259.3,4122.853,8135.0,1.1,,,,3.057,IAEA LiveChart ENSDF adopted gammas,2026-08-13
24mg,12,24,12259.3,1368.667,10888.0,60.0,,,,3.057,IAEA LiveChart ENSDF adopted gammas,2026-08-13
24mg,12,24,12259.3,0,12255.9,2.2,,,,3.057,IAEA LiveChart ENSDF adopted gammas,2026-08-13
24mg,12,24,12340.2,10659.8,1680.3,1.1,,,,3.057,IAEA LiveChart ENSDF adopted gammas,2026-08-13
24mg,12,24,12340.2,9003.5,3336.5,5.1,,,,3.057,IAEA LiveChart ENSDF adopted gammas,2026-08-13
24mg,12,24,12340.2,8654.9,3685.0,2.4,,,,3.057,IAEA LiveChart ENSDF adopted gammas,2026-08-13
24mg,12,24,12340.2,7616.41,4723.3,9.0,,,,3.057,IAEA LiveChart ENSDF adopted gammas,2026-08-13
24mg,12,24,12340.2,7348.6,4991.0,29.0,,,,3.057,IAEA LiveChart ENSDF adopted gammas,2026-08-13
24mg,12,24,12340.2,5235.16,7103.9,47.0,,,,3.057,IAEA LiveChart ENSDF adopted gammas,2026-08-13
24mg,12,24,12340.2,4238.35,8100.4,100.0,,,,3.057,IAEA LiveChart ENSDF adopted gammas,2026-08-13
24mg,12,24,12340.2,4122.853,8215.8,4.9,,,,3.057,IAEA LiveChart ENSDF adopted gammas,2026-08-13
24mg,12,24,12340.2,1368.667,10968.8,24.0,,,,3.057,IAEA LiveChart ENSDF adopted gammas,2026-08-13
24mg,12,24,12342,7812.4,4529.0,100.0,,,,3.057,IAEA LiveChart ENSDF adopted gammas,2026-08-13
24mg,12,24,12400.3,10059.1,2341.1,3.9,,,,3.057,IAEA LiveChart ENSDF adopted gammas,2026-08-13
24mg,12,24,12400.3,9516.18,2883.9,18.0,,,,3.057,IAEA LiveChart ENSDF adopted gammas,2026-08-13
24mg,12,24,12400.3,9457.81,2942.3,2.8,,,,3.057,IAEA LiveChart ENSDF adopted gammas,2026-08-13
24mg,12,24,12400.3,9003.5,3396.5,4.9,,,,3.057,IAEA LiveChart ENSDF adopted gammas,2026-08-13
24mg,12,24,12400.3,7616.41,4783.4,10.0,,,,3.057,IAEA LiveChart ENSDF adopted gammas,2026-08-13
24mg,12,24,12400.3,7348.6,5051.1,31.0,,,,3.057,IAEA LiveChart ENSDF adopted gammas,2026-08-13
24mg,12,24,12400.3,5235.16,7164.0,44.0,,,,3.057,IAEA LiveChart ENSDF adopted gammas,2026-08-13
24mg,12,24,12400.3,4238.35,8160.5,100.0,,,,3.057,IAEA LiveChart ENSDF adopted gammas,2026-08-13
24mg,12,24,12400.3,4122.853,8275.9,6.0,,,,3.057,IAEA LiveChart ENSDF adopted gammas,2026-08-13
24mg,12,24,12400.3,1368.667,11028.9,36.0,,,,3.057,IAEA LiveChart ENSDF adopted gammas,2026-08-13
24mg,12,24,12404.9,9299.8,3103.6,2.4,,,,3.057,IAEA LiveChart ENSDF adopted gammas,2026-08-13
24mg,12,24,12404.9,9003.5,3401.1,4.4,,,,3.057,IAEA LiveChart ENSDF adopted gammas,2026-08-13
24mg,12,24,12404.9,8864.5,3540.1,2.5,,,,3.057,IAEA LiveChart ENSDF adopted gammas,2026-08-13
24mg,12,24,12404.9,8654.9,3749.7,19.0,,,,3.057,IAEA LiveChart ENSDF adopted gammas,2026-08-13
24mg,12,24,12404.9,8438.4,3966.1,4.1,,,,3.057,IAEA LiveChart ENSDF adopted gammas,2026-08-13
24mg,12,24,12404.9,8358.1,4046.4,1.6,,,,3.057,IAEA LiveChart ENSDF adopted gammas,2026-08-13
24mg,12,24,12404.9,7616.41,4788.0,12.0,,,,3.057,IAEA LiveChart ENSDF adopted gammas,2026-08-13
24mg,12,24,12404.9,7348.6,5055.7,3.0,,,,3.057,IAEA LiveChart ENSDF adopted gammas,2026-08-13
24mg,12,24,12404.9,5235.16,7168.6,1.9,,,,3.057,IAEA LiveChart ENSDF adopted gammas,2026-08-13
24mg,12,24,12404.9,4238.35,8165.1,100.0,,,,3.057,IAEA LiveChart ENSDF adopted gammas,2026-08-13
24mg,12,24,12404.9,4122.853,8280.5,1.4,,,,3.057,IAEA LiveChart ENSDF adopted gammas,2026-08-13
24mg,12,24,12404.9,1368.667,11033.5,3.3,,,,3.057,IAEA LiveChart ENSDF adopted gammas,2026-08-13
24mg,12,24,12404.9,0,12401.5,3.0,,,,3.057,IAEA LiveChart ENSDF adopted gammas,2026-08-13
24mg,12,24,12443,10027.97,2415.0,100.0,,,,3.057,IAEA LiveChart ENSDF adopted gammas,2026-08-13
24mg,12,24,12507,7348.6,5158.0,5.8,,,,3.057,IAEA LiveChart ENSDF adopted gammas,2026-08-13
24mg,12,24,12507,5235.16,7271.0,15.4,,,,3.057,IAEA LiveChart ENSDF adopted gammas,2026-08-13
24mg,12,24,12507,4238.35,8267.0,46.0,,,,3.057,IAEA LiveChart ENSDF adopted gammas,2026-08-13
24mg,12,24,12507,4122.853,8382.0,25.0,,,,3.057,IAEA LiveChart ENSDF adopted gammas,2026-08-13
24mg,12,24,12507,1368.667,11136.0,100.0,,,,3.057,IAEA LiveChart ENSDF adopted gammas,2026-08-13
24mg,12,24,12527.6,10731.1,1796.4,1.9,,,,3.057,IAEA LiveChart ENSDF adopted gammas,2026-08-13
24mg,12,24,12527.6,10059.1,2468.4,6.0,,,,3.057,IAEA LiveChart ENSDF adopted gammas,2026-08-13
24mg,12,24,12527.6,9828,2699.2,2.6,,,,3.057,IAEA LiveChart ENSDF adopted gammas,2026-08-13
24mg,12,24,12527.6,8864.5,3662.8,7.0,,,,3.057,IAEA LiveChart ENSDF adopted gammas,2026-08-13
24mg,12,24,12527.6,8654.9,3872.4,13.0,,,,3.057,IAEA LiveChart ENSDF adopted gammas,2026-08-13
24mg,12,24,12527.6,8438.4,4088.8,7.0,,,,3.057,IAEA LiveChart ENSDF adopted gammas,2026-08-13
24mg,12,24,12527.6,7747.7,4779.4,16.0,,,,3.057,IAEA LiveChart ENSDF adopted gammas,2026-08-13
24mg,12,24,12527.6,6432.2,6094.6,33.0,,,,3.057,IAEA LiveChart ENSDF adopted gammas,2026-08-13
24mg,12,24,12527.6,4238.35,8287.7,36.0,,,,3.057,IAEA LiveChart ENSDF adopted gammas,2026-08-13
24mg,12,24,12527.6,1368.667,11156.2,15.0,,,,3.057,IAEA LiveChart ENSDF adopted gammas,2026-08-13
24mg,12,24,12527.6,0,12524.1,100.0,,,,3.057,IAEA LiveChart ENSDF adopted gammas,2026-08-13
24mg,12,24,12638.7,9457.81,3180.7,0.9,,,,3.057,IAEA LiveChart ENSDF adopted gammas,2026-08-13
24mg,12,24,12638.7,7812.4,4825.8,3.6,,,,3.057,IAEA LiveChart ENSDF adopted gammas,2026-08-13
24mg,12,24,12638.7,6010.34,6627.4,15.8,,,,3.057,IAEA LiveChart ENSDF adopted gammas,2026-08-13
24mg,12,24,12638.7,5235.16,7402.3,8.7,,,,3.057,IAEA LiveChart ENSDF adopted gammas,2026-08-13
24mg,12,24,12638.7,4238.35,8398.8,0.7,,,,3.057,IAEA LiveChart ENSDF adopted gammas,2026-08-13
24mg,12,24,12638.7,4122.853,8514.2,100.0,,,,3.057,IAEA LiveChart ENSDF adopted gammas,2026-08-13
24mg,12,24,12638.7,1368.667,11267.2,2.0,,,,3.057,IAEA LiveChart ENSDF adopted gammas,2026-08-13
24mg,12,24,12660.8,10731.1,1930.0,5.0,,,,3.057,IAEA LiveChart ENSDF adopted gammas,2026-08-13
24mg,12,24,12660.8,10059.1,2602.0,16.0,,,,3.057,IAEA LiveChart ENSDF adopted gammas,2026-08-13
24mg,12,24,12660.8,9516.18,3144.0,22.0,,,,3.057,IAEA LiveChart ENSDF adopted gammas,2026-08-13
24mg,12,24,12660.8,8864.5,3796.0,27.0,,,,3.057,IAEA LiveChart ENSDF adopted gammas,2026-08-13
24mg,12,24,12660.8,7747.7,4913.0,5.0,,,,3.057,IAEA LiveChart ENSDF adopted gammas,2026-08-13
24mg,12,24,12660.8,7348.6,5312.0,19.0,,,,3.057,IAEA LiveChart ENSDF adopted gammas,2026-08-13
24mg,12,24,12660.8,5235.16,7424.0,8.0,,,,3.057,IAEA LiveChart ENSDF adopted gammas,2026-08-13
24mg,12,24,12660.8,4238.35,8421.0,100.0,,,,3.057,IAEA LiveChart ENSDF adopted gammas,2026-08-13
24mg,12,24,12660.8,4122.853,8536.0,16.0,,,,3.057,IAEA LiveChart ENSDF adopted gammas,2026-08-13
24mg,12,24,12660.8,1368.667,11289.0,51.0,,,,3.057,IAEA LiveChart ENSDF adopted gammas,2026-08-13
24mg,12,24,12670,11988.5,682.5,0.36,,,,3.057,IAEA LiveChart ENSDF adopted gammas,2026-08-13
24mg,12,24,12670,11452.8,1217.1,0.17,,,,3.057,IAEA LiveChart ENSDF adopted gammas,2026-08-13
24mg,12,24,12670,11207,1462.9,0.2,,,,3.057,IAEA LiveChart ENSDF adopted gammas,2026-08-13
24mg,12,24,12670,11187.3,1482.6,0.19,,,,3.057,IAEA LiveChart ENSDF adopted gammas,2026-08-13
24mg,12,24,12670,10917.2,1752.7,0.11,,,,3.057,IAEA LiveChart ENSDF adopted gammas,2026-08-13
24mg,12,24,12670,10820.8,1849.1,0.07,,,,3.057,IAEA LiveChart ENSDF adopted gammas,2026-08-13
24mg,12,24,12670,10731.1,1938.8,0.81,,,,3.057,IAEA LiveChart ENSDF adopted gammas,2026-08-13
24mg,12,24,12670,10712.2,1957.7,0.42,,,,3.057,IAEA LiveChart ENSDF adopted gammas,2026-08-13
24mg,12,24,12670,10659.8,2010.1,0.17,,,,3.057,IAEA LiveChart ENSDF adopted gammas,2026-08-13
24mg,12,24,12670,10360.7,2309.1,0.04,,,,3.057,IAEA LiveChart ENSDF adopted gammas,2026-08-13
24mg,12,24,12670,10333.6,2336.4,0.28,,,,3.057,IAEA LiveChart ENSDF adopted gammas,2026-08-13
24mg,12,24,12670,10059.1,2610.7,0.25,,,,3.057,IAEA LiveChart ENSDF adopted gammas,2026-08-13
24mg,12,24,12670,9965.3,2704.5,0.29,,,,3.057,IAEA LiveChart ENSDF adopted gammas,2026-08-13
24mg,12,24,12670,9828,2841.6,1.02,,,,3.057,IAEA LiveChart ENSDF adopted gammas,2026-08-13
24mg,12,24,12670,9532.7,3137.1,2.03,,,,3.057,IAEA LiveChart ENSDF adopted gammas,2026-08-13
24mg,12,24,12670,9284.4,3385.3,1.12,,,,3.057,IAEA LiveChart ENSDF adopted gammas,2026-08-13
24mg,12,24,12670,9146.2,3523.5,0.45,,,,3.057,IAEA LiveChart ENSDF adopted gammas,2026-08-13
24mg,12,24,12670,9003.5,3666.2,0.67,,,,3.057,IAEA LiveChart ENSDF adopted gammas,2026-08-13
24mg,12,24,12670,8864.5,3805.2,24.0,D,,,3.057,IAEA LiveChart ENSDF adopted gammas,2026-08-13
24mg,12,24,12670,8654.9,4014.7,0.47,,,,3.057,IAEA LiveChart ENSDF adopted gammas,2026-08-13
24mg,12,24,12670,8438.4,4231.1,5.0,,,,3.057,IAEA LiveChart ENSDF adopted gammas,2026-08-13
24mg,12,24,12670,8358.1,4311.5,2.35,,,,3.057,IAEA LiveChart ENSDF adopted gammas,2026-08-13
24mg,12,24,12670,7747.7,4921.8,6.88,,,,3.057,IAEA LiveChart ENSDF adopted gammas,2026-08-13
24mg,12,24,12670,7616.41,5053.0,0.05,,,,3.057,IAEA LiveChart ENSDF adopted gammas,2026-08-13
24mg,12,24,12670,7555.3,5114.1,2.53,,,,3.057,IAEA LiveChart ENSDF adopted gammas,2026-08-13
24mg,12,24,12670,7348.6,5320.8,0.07,,,,3.057,IAEA LiveChart ENSDF adopted gammas,2026-08-13
24mg,12,24,12670,5235.16,7433.6,0.1,,,,3.057,IAEA LiveChart ENSDF adopted gammas,2026-08-13
24mg,12,24,12670,4238.35,8430.1,100.0,D,,,3.057,IAEA LiveChart ENSDF adopted gammas,2026-08-13
24mg,12,24,12670,1368.667,11298.5,17.3,,,,3.057,IAEA LiveChart ENSDF adopted gammas,2026-08-13
24mg,12,24,12670,0,12666.4,0.42,,,,3.057,IAEA LiveChart ENSDF adopted gammas,2026-08-13
24mg,12,24,12807.8,6432.2,6374.7,1.5,,,,3.057,IAEA LiveChart ENSDF adopted gammas,2026-08-13
24mg,12,24,12807.8,5235.16,7571.4,3.0,,,,3.057,IAEA LiveChart ENSDF adopted gammas,2026-08-13
24mg,12,24,12807.8,4238.35,8567.8,7.6,,,,3.057,IAEA LiveChart ENSDF adopted gammas,2026-08-13
24mg,12,24,12807.8,1368.667,11436.2,39.0,,,,3.057,IAEA LiveChart ENSDF adopted gammas,2026-08-13
24mg,12,24,12807.8,0,12802.1,100.0,,,,3.057,IAEA LiveChart ENSDF adopted gammas,2026-08-13
24mg,12,24,12818.1,10360.7,2457.3,2.6,,,,3.057,IAEA LiveChart ENSDF adopted gammas,2026-08-13
24mg,12,24,12818.1,9828,2989.7,3.9,,,,3.057,IAEA LiveChart ENSDF adopted gammas,2026-08-13
24mg,12,24,12818.1,8864.5,3953.3,6.0,,,,3.057,IAEA LiveChart ENSDF adopted gammas,2026-08-13
24mg,12,24,12818.1,8654.9,4162.8,17.0,,,,3.057,IAEA LiveChart ENSDF adopted gammas,2026-08-13
24mg,12,24,12818.1,8438.4,4379.3,9.0,,,,3.057,IAEA LiveChart ENSDF adopted gammas,2026-08-13
24mg,12,24,12818.1,7747.7,5069.8,18.0,,,,3.057,IAEA LiveChart ENSDF adopted gammas,2026-08-13
24mg,12,24,12818.1,6432.2,6385.0,18.0,,,,3.057,IAEA LiveChart ENSDF adopted gammas,2026-08-13
24mg,12,24,12818.1,5235.16,7581.6,2.6,,,,3.057,IAEA LiveChart ENSDF adopted gammas,2026-08-13
24mg,12,24,12818.1,4238.35,8578.1,54.0,,,,3.057,IAEA LiveChart ENSDF adopted gammas,2026-08-13
24mg,12,24,12818.1,1368.667,11446.5,26.0,,,,3.057,IAEA LiveChart ENSDF adopted gammas,2026-08-13
24mg,12,24,12818.1,0,12814.4,100.0,,,,3.057,IAEA LiveChart ENSDF adopted gammas,2026-08-13
24mg,12,24,12846.9,6010.34,6835.5,6.1,,,,3.057,IAEA LiveChart ENSDF adopted gammas,2026-08-13
24mg,12,24,12846.9,5235.16,7610.4,4.1,,,,3.057,IAEA LiveChart ENSDF adopted gammas,2026-08-13
24mg,12,24,12846.9,4238.35,8606.9,100.0,,,,3.057,IAEA LiveChart ENSDF adopted gammas,2026-08-13
24mg,12,24,12846.9,4122.853,8722.3,73.0,,,,3.057,IAEA LiveChart ENSDF adopted gammas,2026-08-13
24mg,12,24,12846.9,1368.667,11475.3,20.0,,,,3.057,IAEA LiveChart ENSDF adopted gammas,2026-08-13
24mg,12,24,12854,5235.16,7618.0,52.0,,,,3.057,IAEA LiveChart ENSDF adopted gammas,2026-08-13
24mg,12,24,12854,4238.35,8614.0,100.0,,,,3.057,IAEA LiveChart ENSDF adopted gammas,2026-08-13
24mg,12,24,12854,1368.667,11482.0,18.0,,,,3.057,IAEA LiveChart ENSDF adopted gammas,2026-08-13
24mg,12,24,12854,0,12850.0,9.0,,,,3.057,IAEA LiveChart ENSDF adopted gammas,2026-08-13
24mg,12,24,12861,9301.07,3560.0,52.0,,,,3.057,IAEA LiveChart ENSDF adopted gammas,2026-08-13
24mg,12,24,12861,8438.4,4422.0,40.0,,,,3.057,IAEA LiveChart ENSDF adopted gammas,2026-08-13
24mg,12,24,12861,6010.34,6850.0,100.0,,,,3.057,IAEA LiveChart ENSDF adopted gammas,2026-08-13
24mg,12,24,12861,4122.853,8736.0,19.0,,,,3.057,IAEA LiveChart ENSDF adopted gammas,2026-08-13
24mg,12,24,12895.1,8654.9,4239.8,4.2,,,,3.057,IAEA LiveChart ENSDF adopted gammas,2026-08-13
24mg,12,24,12895.1,7747.7,5146.8,6.9,,,,3.057,IAEA LiveChart ENSDF adopted gammas,2026-08-13
24mg,12,24,12895.1,5235.16,7658.6,16.7,,,,3.057,IAEA LiveChart ENSDF adopted gammas,2026-08-13
24mg,12,24,12895.1,4238.35,8655.1,11.0,,,,3.057,IAEA LiveChart ENSDF adopted gammas,2026-08-13
24mg,12,24,12895.1,1368.667,11523.4,100.0,,,,3.057,IAEA LiveChart ENSDF adopted gammas,2026-08-13
24mg,12,24,12921.6,9284.4,3636.9,24.0,,,,3.057,IAEA LiveChart ENSDF adopted gammas,2026-08-13
24mg,12,24,12921.6,8654.9,4266.3,14.0,,,,3.057,IAEA LiveChart ENSDF adopted gammas,2026-08-13
24mg,12,24,12921.6,8358.1,4563.0,59.0,,,,3.057,IAEA LiveChart ENSDF adopted gammas,2026-08-13
24mg,12,24,12921.6,5235.16,7685.1,100.0,,,,3.057,IAEA LiveChart ENSDF adopted gammas,2026-08-13
24mg,12,24,12921.6,4238.35,8681.6,72.0,,,,3.057,IAEA LiveChart ENSDF adopted gammas,2026-08-13
24mg,12,24,12921.6,4122.853,8797.0,52.0,,,,3.057,IAEA LiveChart ENSDF adopted gammas,2026-08-13
24mg,12,24,12921.6,1368.667,11549.9,24.0,,,,3.057,IAEA LiveChart ENSDF adopted gammas,2026-08-13
24mg,12,24,12955.5,11452.8,1502.6,0.06,,,,3.057,IAEA LiveChart ENSDF adopted gammas,2026-08-13
24mg,12,24,12955.5,10712.2,2243.2,0.016,,,,3.057,IAEA LiveChart ENSDF adopted gammas,2026-08-13
24mg,12,24,12955.5,10679.7,2275.7,0.021,,,,3.057,IAEA LiveChart ENSDF adopted gammas,2026-08-13
24mg,12,24,12955.5,10360.7,2594.6,1.43,,,,3.057,IAEA LiveChart ENSDF adopted gammas,2026-08-13
24mg,12,24,12955.5,10110.9,2844.4,0.123,,,,3.057,IAEA LiveChart ENSDF adopted gammas,2026-08-13
24mg,12,24,12955.5,10059.1,2896.2,0.157,,,,3.057,IAEA LiveChart ENSDF adopted gammas,2026-08-13
24mg,12,24,12955.5,9965.3,2990.0,0.029,,,,3.057,IAEA LiveChart ENSDF adopted gammas,2026-08-13
24mg,12,24,12955.5,9828,3127.1,0.89,,,,3.057,IAEA LiveChart ENSDF adopted gammas,2026-08-13
24mg,12,24,12955.5,9305.39,3649.8,0.81,,,,3.057,IAEA LiveChart ENSDF adopted gammas,2026-08-13
24mg,12,24,12955.5,9146.2,3809.0,0.65,,,,3.057,IAEA LiveChart ENSDF adopted gammas,2026-08-13
24mg,12,24,12955.5,9003.5,3951.6,0.03,,,,3.057,IAEA LiveChart ENSDF adopted gammas,2026-08-13
24mg,12,24,12955.5,8864.5,4090.6,0.31,,,,3.057,IAEA LiveChart ENSDF adopted gammas,2026-08-13
24mg,12,24,12955.5,8654.9,4300.2,0.2,,,,3.057,IAEA LiveChart ENSDF adopted gammas,2026-08-13
24mg,12,24,12955.5,8438.4,4516.6,0.064,,,,3.057,IAEA LiveChart ENSDF adopted gammas,2026-08-13
24mg,12,24,12955.5,7747.7,5206.6,0.014,,,,3.057,IAEA LiveChart ENSDF adopted gammas,2026-08-13
24mg,12,24,12955.5,7348.6,5605.1,0.16,,,,3.057,IAEA LiveChart ENSDF adopted gammas,2026-08-13
24mg,12,24,12955.5,6432.2,6521.4,1.17,,,,3.057,IAEA LiveChart ENSDF adopted gammas,2026-08-13
24mg,12,24,12955.5,4238.35,8714.8,1.12,,,,3.057,IAEA LiveChart ENSDF adopted gammas,2026-08-13
24mg,12,24,12955.5,1368.667,11583.2,100.0,,,,3.057,IAEA LiveChart ENSDF adopted gammas,2026-08-13
24mg,12,24,12955.5,0,12951.1,9.6,,,,3.057,IAEA LiveChart ENSDF adopted gammas,2026-08-13
24mg,12,24,12963.9,10059.1,2904.6,4.1,,,,3.057,IAEA LiveChart ENSDF adopted gammas,2026-08-13
24mg,12,24,12963.9,5235.16,7727.4,21.0,,,,3.057,IAEA LiveChart ENSDF adopted gammas,2026-08-13
24mg,12,24,12963.9,4238.35,8723.8,4.1,,,,3.057,IAEA LiveChart ENSDF adopted gammas,2026-08-13
24mg,12,24,12963.9,1368.667,11592.2,100.0,,,,3.057,IAEA LiveChart ENSDF adopted gammas,2026-08-13
24mg,12,24,12963.9,0,12960.1,8.2,,,,3.057,IAEA LiveChart ENSDF adopted gammas,2026-08-13
24mg,12,24,13029.8,10360.7,2668.9,1.0,,,,3.057,IAEA LiveChart ENSDF adopted gammas,2026-08-13
24mg,12,24,13029.8,9457.81,3571.7,4.1,,,,3.057,IAEA LiveChart ENSDF adopted gammas,2026-08-13
24mg,12,24,13029.8,9299.8,3729.7,3.1,,,,3.057,IAEA LiveChart ENSDF adopted gammas,2026-08-13
24mg,12,24,13029.8,9003.5,4025.9,8.0,,,,3.057,IAEA LiveChart ENSDF adopted gammas,2026-08-13
24mg,12,24,13029.8,8654.9,4374.5,4.1,,,,3.057,IAEA LiveChart ENSDF adopted gammas,2026-08-13
24mg,12,24,13029.8,8438.4,4590.9,3.1,,,,3.057,IAEA LiveChart ENSDF adopted gammas,2026-08-13
24mg,12,24,13029.8,7616.41,5412.7,22.0,,,,3.057,IAEA LiveChart ENSDF adopted gammas,2026-08-13
24mg,12,24,13029.8,5235.16,7793.3,100.0,,,,3.057,IAEA LiveChart ENSDF adopted gammas,2026-08-13
24mg,12,24,13029.8,4238.35,8789.7,49.0,,,,3.057,IAEA LiveChart ENSDF adopted gammas,2026-08-13
24mg,12,24,13029.8,4122.853,8905.2,6.1,,,,3.057,IAEA LiveChart ENSDF adopted gammas,2026-08-13
24mg,12,24,13029.8,1368.667,11658.1,3.5,,,,3.057,IAEA LiveChart ENSDF adopted gammas,2026-08-13
24mg,12,24,13048,9965.3,3082.0,70.0,,,,3.057,IAEA LiveChart ENSDF adopted gammas,2026-08-13
24mg,12,24,13048,9828,3220.0,100.0,D,,,3.057,IAEA LiveChart ENSDF adopted gammas,2026-08-13
24mg,12,24,13048,8438.4,4609.0,30.0,,,,3.057,IAEA LiveChart ENSDF adopted gammas,2026-08-13
24mg,12,24,13048,7747.7,5300.0,23.0,,,,3.057,IAEA LiveChart ENSDF adopted gammas,2026-08-13
24mg,12,24,13048,7555.3,5492.0,14.0,,,,3.057,IAEA LiveChart ENSDF adopted gammas,2026-08-13
24mg,12,24,13050,12128,922.0,0.04,,,,3.057,IAEA LiveChart ENSDF adopted gammas,2026-08-13
24mg,12,24,13050,11330,1719.0,0.021,,,,3.057,IAEA LiveChart ENSDF adopted gammas,2026-08-13
24mg,12,24,13050,11216.69,1833.2,0.32,,,,3.057,IAEA LiveChart ENSDF adopted gammas,2026-08-13
24mg,12,24,13050,10820.8,2229.1,0.052,,,,3.057,IAEA LiveChart ENSDF adopted gammas,2026-08-13
24mg,12,24,13050,10660.17,2389.7,0.3,,,,3.057,IAEA LiveChart ENSDF adopted gammas,2026-08-13
24mg,12,24,13050,10581.26,2468.6,2.28,,,,3.057,IAEA LiveChart ENSDF adopted gammas,2026-08-13
24mg,12,24,13050,10027.97,3021.8,0.52,,,,3.057,IAEA LiveChart ENSDF adopted gammas,2026-08-13
24mg,12,24,13050,9457.81,3591.9,2.52,,,,3.057,IAEA LiveChart ENSDF adopted gammas,2026-08-13
24mg,12,24,13050,9301.07,3748.6,0.09,,,,3.057,IAEA LiveChart ENSDF adopted gammas,2026-08-13
24mg,12,24,13050,9299.8,3749.9,0.35,,,,3.057,IAEA LiveChart ENSDF adopted gammas,2026-08-13
24mg,12,24,13050,9284.4,3765.3,0.139,,,,3.057,IAEA LiveChart ENSDF adopted gammas,2026-08-13
24mg,12,24,13050,7812.4,5237.0,0.2,,,,3.057,IAEA LiveChart ENSDF adopted gammas,2026-08-13
24mg,12,24,13050,7616.41,5432.9,0.013,,,,3.057,IAEA LiveChart ENSDF adopted gammas,2026-08-13
24mg,12,24,13050,6010.34,7038.6,1.83,,,,3.057,IAEA LiveChart ENSDF adopted gammas,2026-08-13
24mg,12,24,13050,5235.16,7813.5,1.58,,,,3.057,IAEA LiveChart ENSDF adopted gammas,2026-08-13
24mg,12,24,13050,4122.853,8925.4,100.0,,,,3.057,IAEA LiveChart ENSDF adopted gammas,2026-08-13
24mg,12,24,13050,1368.667,11678.3,0.09,,,,3.057,IAEA LiveChart ENSDF adopted gammas,2026-08-13
24mg,12,24,13057,10333.6,2723.0,16.0,,,,3.057,IAEA LiveChart ENSDF adopted gammas,2026-08-13
24mg,12,24,13057,8358.1,4698.0,15.0,,,,3.057,IAEA LiveChart ENSDF adopted gammas,2026-08-13
24mg,12,24,13057,7616.41,5440.0,16.0,,,,3.057,IAEA LiveChart ENSDF adopted gammas,2026-08-13
24mg,12,24,13057,4122.853,8932.0,100.0,,,,3.057,IAEA LiveChart ENSDF adopted gammas,2026-08-13
24mg,12,24,13088.8,9284.4,3804.1,27.0,,,,3.057,IAEA LiveChart ENSDF adopted gammas,2026-08-13
24mg,12,24,13088.8,8654.9,4433.5,6.0,,,,3.057,IAEA LiveChart ENSDF adopted gammas,2026-08-13
24mg,12,24,13088.8,8358.1,4730.2,67.0,,,,3.057,IAEA LiveChart ENSDF adopted gammas,2026-08-13
24mg,12,24,13088.8,6010.34,7077.3,10.0,,,,3.057,IAEA LiveChart ENSDF adopted gammas,2026-08-13
24mg,12,24,13088.8,5235.16,7852.3,100.0,,,,3.057,IAEA LiveChart ENSDF adopted gammas,2026-08-13
24mg,12,24,13088.8,4238.35,8848.7,40.0,,,,3.057,IAEA LiveChart ENSDF adopted gammas,2026-08-13
24mg,12,24,13088.8,4122.853,8964.2,63.0,,,,3.057,IAEA LiveChart ENSDF adopted gammas,2026-08-13
24mg,12,24,13088.8,1368.667,11717.1,20.0,,,,3.057,IAEA LiveChart ENSDF adopted gammas,2026-08-13
24mg,12,24,13088.8,0,13085.0,0.7,,,,3.057,IAEA LiveChart ENSDF adopted gammas,2026-08-13
24mg,12,24,13212.8,8113.2,5099.0,100.0,,,,3.057,IAEA LiveChart ENSDF adopted gammas,2026-08-13
24mg,12,24,13345.7,11522,1824.0,1.9,,,,3.057,IAEA LiveChart ENSDF adopted gammas,2026-08-13
24mg,12,24,13345.7,10659.8,2685.7,19.0,,,,3.057,IAEA LiveChart ENSDF adopted gammas,2026-08-13
24mg,12,24,13345.7,9457.81,3887.6,19.0,,,,3.057,IAEA LiveChart ENSDF adopted gammas,2026-08-13
24mg,12,24,13345.7,9299.8,4045.5,28.0,,,,3.057,IAEA LiveChart ENSDF adopted gammas,2026-08-13
24mg,12,24,13345.7,9003.5,4341.8,2.8,,,,3.057,IAEA LiveChart ENSDF adopted gammas,2026-08-13
24mg,12,24,13345.7,8439.29,4905.9,100.0,,,,3.057,IAEA LiveChart ENSDF adopted gammas,2026-08-13
24mg,12,24,13345.7,7616.41,5728.6,33.0,,,,3.057,IAEA LiveChart ENSDF adopted gammas,2026-08-13
24mg,12,24,13345.7,7348.6,5996.3,6.0,,,,3.057,IAEA LiveChart ENSDF adopted gammas,2026-08-13
24mg,12,24,13345.7,5235.16,8109.1,2.8,,,,3.057,IAEA LiveChart ENSDF adopted gammas,2026-08-13
24mg,12,24,13345.7,4238.35,9105.5,25.0,,,,3.057,IAEA LiveChart ENSDF adopted gammas,2026-08-13
24mg,12,24,13345.7,4122.853,9220.9,31.0,,,,3.057,IAEA LiveChart ENSDF adopted gammas,2026-08-13
24mg,12,24,13345.7,1368.667,11973.8,8.0,,,,3.057,IAEA LiveChart ENSDF adopted gammas,2026-08-13
24mg,12,24,13345.7,0,13341.7,0.8,,,,3.057,IAEA LiveChart ENSDF adopted gammas,2026-08-13
24mg,12,24,13366.9,10581.26,2785.0,100.0,,,,3.057,IAEA LiveChart ENSDF adopted gammas,2026-08-13
24mg,12,24,13366.9,7812.4,5554.0,35.0,,,,3.057,IAEA LiveChart ENSDF adopted gammas,2026-08-13
24mg,12,24,13366.9,1368.667,11995.0,9.0,,,,3.057,IAEA LiveChart ENSDF adopted gammas,2026-08-13
24mg,12,24,13366.9,0,13363.0,9.0,,,,3.057,IAEA LiveChart ENSDF adopted gammas,2026-08-13
24mg,12,24,13446.8,11391,2056.0,65.0,,,,3.057,IAEA LiveChart ENSDF adopted gammas,2026-08-13
24mg,12,24,13446.8,8438.4,5008.0,21.0,,,,3.057,IAEA LiveChart ENSDF adopted gammas,2026-08-13
24mg,12,24,13446.8,1368.667,12075.0,100.0,,,,3.057,IAEA LiveChart ENSDF adopted gammas,2026-08-13
24mg,12,24,13446.8,0,13443.0,23.0,,,,3.057,IAEA LiveChart ENSDF adopted gammas,2026-08-13
24mg,12,24,13474.9,6010.34,7463.0,60.0,,,,3.057,IAEA LiveChart ENSDF adopted gammas,2026-08-13
24mg,12,24,13474.9,5235.16,8238.0,100.0,,,,3.057,IAEA LiveChart ENSDF adopted gammas,2026-08-13
24mg,12,24,13474.9,4122.853,9350.0,15.0,,,,3.057,IAEA LiveChart ENSDF adopted gammas,2026-08-13
24mg,12,24,13474.9,1368.667,12103.0,7.0,,,,3.057,IAEA LiveChart ENSDF adopted gammas,2026-08-13
24mg,12,24,13771,8358.1,5412.0,100.0,,,,3.057,IAEA LiveChart ENSDF adopted gammas,2026-08-13
24mg,12,24,13771,4122.853,9646.0,72.0,,,,3.057,IAEA LiveChart ENSDF adopted gammas,2026-08-13
24mg,12,24,14081,11012,3069.0,40.0,,,,3.057,IAEA LiveChart ENSDF adopted gammas,2026-08-13
24mg,12,24,14081,9301.07,4779.0,2.2,,,,3.057,IAEA LiveChart ENSDF adopted gammas,2026-08-13
24mg,12,24,14081,6010.34,8069.0,80.0,,,,3.057,IAEA LiveChart ENSDF adopted gammas,2026-08-13
24mg,12,24,14081,4122.853,9956.0,100.0,,,,3.057,IAEA LiveChart ENSDF adopted gammas,2026-08-13
24mg,12,24,14150,9527.6,4620.0,100.0,,,,3.057,IAEA LiveChart ENSDF adopted gammas,2026-08-13
24mg,12,24,14150,,6040.0,33.0,,,,3.057,IAEA LiveChart ENSDF adopted gammas,2026-08-13
24mg,12,24,16904,11860,5043.0,100.0,,,,3.057,IAEA LiveChart ENSDF adopted gammas,2026-08-13
24mg,12,24,19110,13212.8,5856.0,100.0,,,,3.057,IAEA LiveChart ENSDF adopted gammas,2026-08-13
40ca,20,40,3736.69,0,3736.5,100.0,E3,,,3.4776,IAEA LiveChart ENSDF adopted gammas,2026-08-13
40ca,20,40,3904.38,3352.62,551.8,0.1,[E2],,,3.4776,IAEA LiveChart ENSDF adopted gammas,2026-08-13
40ca,20,40,3904.38,0,3903.9,100.0,E2,,,3.4776,IAEA LiveChart ENSDF adopted gammas,2026-08-13
40ca,20,40,4491.43,3736.69,754.8,100.0,E2,,,3.4776,IAEA LiveChart ENSDF adopted gammas,2026-08-13
40ca,20,40,5211.56,3904.38,1307.7,100.0,[E2],,,3.4776,IAEA LiveChart ENSDF adopted gammas,2026-08-13
40ca,20,40,5248.79,3904.38,1344.4,19.4,M1+E2,,,3.4776,IAEA LiveChart ENSDF adopted gammas,2026-08-13
40ca,20,40,5248.79,3352.62,1896.1,6.3,(E2),,,3.4776,IAEA LiveChart ENSDF adopted gammas,2026-08-13
40ca,20,40,5248.79,0,5248.9,100.0,E2,,,3.4776,IAEA LiveChart ENSDF adopted gammas,2026-08-13
40ca,20,40,5278.8,4491.43,787.4,3.1,[E1],,,3.4776,IAEA LiveChart ENSDF adopted gammas,2026-08-13
40ca,20,40,5278.8,3904.38,1374.0,100.0,E2,,,3.4776,IAEA LiveChart ENSDF adopted gammas,2026-08-13
40ca,20,40,5613.52,4491.43,1122.7,41.4,M1+E2,,,3.4776,IAEA LiveChart ENSDF adopted gammas,2026-08-13
40ca,20,40,5613.52,3736.69,1877.0,100.0,M1+E2,,,3.4776,IAEA LiveChart ENSDF adopted gammas,2026-08-13
40ca,20,40,5629.41,3352.62,2277.0,14.0,[E2],,,3.4776,IAEA LiveChart ENSDF adopted gammas,2026-08-13
40ca,20,40,5629.41,0,5628.5,100.0,E2,,,3.4776,IAEA LiveChart ENSDF adopted gammas,2026-08-13
40ca,20,40,5902.63,0,5902.0,100.0,E1,,,3.4776,IAEA LiveChart ENSDF adopted gammas,2026-08-13
40ca,20,40,6025.47,3904.38,2121.0,23.0,[E1],,,3.4776,IAEA LiveChart ENSDF adopted gammas,2026-08-13
40ca,20,40,6025.47,3736.69,2289.0,100.0,M1+E2,,,3.4776,IAEA LiveChart ENSDF adopted gammas,2026-08-13
40ca,20,40,6029.71,5278.8,750.9,1.2,,,,3.4776,IAEA LiveChart ENSDF adopted gammas,2026-08-13
40ca,20,40,6029.71,5248.79,780.7,20.0,E2(+M1),,,3.4776,IAEA LiveChart ENSDF adopted gammas,2026-08-13
40ca,20,40,6029.71,3904.38,2124.4,100.0,E2(+M1),,,3.4776,IAEA LiveChart ENSDF adopted gammas,2026-08-13
40ca,20,40,6029.71,3736.69,2293.0,8.0,,,,3.4776,IAEA LiveChart ENSDF adopted gammas,2026-08-13
40ca,20,40,6285.15,5613.52,671.6,1.3,,,,3.4776,IAEA LiveChart ENSDF adopted gammas,2026-08-13
40ca,20,40,6285.15,4491.43,1793.4,100.0,E2,,,3.4776,IAEA LiveChart ENSDF adopted gammas,2026-08-13
40ca,20,40,6285.15,3904.38,2380.0,27.4,E1,,,3.4776,IAEA LiveChart ENSDF adopted gammas,2026-08-13
40ca,20,40,6285.15,3736.69,2548.4,4.4,,,,3.4776,IAEA LiveChart ENSDF adopted gammas,2026-08-13
40ca,20,40,6285.15,0,6284.6,5.8,[E3],,,3.4776,IAEA LiveChart ENSDF adopted gammas,2026-08-13
40ca,20,40,6422.4,0,6420.6,100.0,[E2],,,3.4776,IAEA LiveChart ENSDF adopted gammas,2026-08-13
40ca,20,40,6507.87,5278.8,1229.0,4.0,,,,3.4776,IAEA LiveChart ENSDF adopted gammas,2026-08-13
40ca,20,40,6507.87,5248.79,1259.0,17.0,[E2],,,3.4776,IAEA LiveChart ENSDF adopted gammas,2026-08-13
40ca,20,40,6507.87,3904.38,2603.2,100.0,E2,,,3.4776,IAEA LiveChart ENSDF adopted gammas,2026-08-13
40ca,20,40,6542.8,5629.41,913.3,32.0,E2,,,3.4776,IAEA LiveChart ENSDF adopted gammas,2026-08-13
40ca,20,40,6542.8,5278.8,1264.0,14.0,,,,3.4776,IAEA LiveChart ENSDF adopted gammas,2026-08-13
40ca,20,40,6542.8,5248.79,1294.0,24.0,(E2),,,3.4776,IAEA LiveChart ENSDF adopted gammas,2026-08-13
40ca,20,40,6542.8,3904.38,2638.1,100.0,E2(+M3),,,3.4776,IAEA LiveChart ENSDF adopted gammas,2026-08-13
40ca,20,40,6582.47,5613.52,969.0,26.0,,,,3.4776,IAEA LiveChart ENSDF adopted gammas,2026-08-13
40ca,20,40,6582.47,4491.43,2091.0,1.1,[E2],,,3.4776,IAEA LiveChart ENSDF adopted gammas,2026-08-13
40ca,20,40,6582.47,3904.38,2678.1,24.7,[E1],,,3.4776,IAEA LiveChart ENSDF adopted gammas,2026-08-13
40ca,20,40,6582.47,3736.69,2845.1,100.0,M1+E2,,,3.4776,IAEA LiveChart ENSDF adopted gammas,2026-08-13
40ca,20,40,6750.41,3904.38,2848.4,10.0,,,,3.4776,IAEA LiveChart ENSDF adopted gammas,2026-08-13
40ca,20,40,6750.41,3736.69,3014.0,100.0,M1+E2,,,3.4776,IAEA LiveChart ENSDF adopted gammas,2026-08-13
40ca,20,40,6908.7,0,6907.6,100.0,[E2],,,3.4776,IAEA LiveChart ENSDF adopted gammas,2026-08-13
40ca,20,40,6930.2,5278.8,1651.8,100.0,E2,,,3.4776,IAEA LiveChart ENSDF adopted gammas,2026-08-13
40ca,20,40,6931.29,5629.41,1301.8,7.0,[E1],,,3.4776,IAEA LiveChart ENSDF adopted gammas,2026-08-13
40ca,20,40,6931.29,5613.52,1317.7,2.4,,,,3.4776,IAEA LiveChart ENSDF adopted gammas,2026-08-13
40ca,20,40,6931.29,5248.79,1682.4,7.4,[E1],,,3.4776,IAEA LiveChart ENSDF adopted gammas,2026-08-13
40ca,20,40,6931.29,4491.43,2439.8,1.7,[E2],,,3.4776,IAEA LiveChart ENSDF adopted gammas,2026-08-13
40ca,20,40,6931.29,3904.38,3026.8,2.4,[E1],,,3.4776,IAEA LiveChart ENSDF adopted gammas,2026-08-13
40ca,20,40,6931.29,3736.69,3194.5,100.0,,,,3.4776,IAEA LiveChart ENSDF adopted gammas,2026-08-13
40ca,20,40,6938,3736.69,3201.0,100.0,,,,3.4776,IAEA LiveChart ENSDF adopted gammas,2026-08-13
40ca,20,40,6950.48,0,6949.7,100.0,[E1],,,3.4776,IAEA LiveChart ENSDF adopted gammas,2026-08-13
40ca,20,40,7113.1,5629.41,1485.0,5.0,[E1],,,3.4776,IAEA LiveChart ENSDF adopted gammas,2026-08-13
40ca,20,40,7113.1,5211.56,1899.8,22.0,[E1],,,3.4776,IAEA LiveChart ENSDF adopted gammas,2026-08-13
40ca,20,40,7113.1,3904.38,3206.8,28.0,[E1],,,3.4776,IAEA LiveChart ENSDF adopted gammas,2026-08-13
40ca,20,40,7113.1,0,7112.9,100.0,[E1],,,3.4776,IAEA LiveChart ENSDF adopted gammas,2026-08-13
40ca,20,40,7113.73,6025.47,1088.2,1.7,[E2],,,3.4776,IAEA LiveChart ENSDF adopted gammas,2026-08-13
40ca,20,40,7113.73,5613.52,1500.2,10.3,,,,3.4776,IAEA LiveChart ENSDF adopted gammas,2026-08-13
40ca,20,40,7113.73,5278.8,1834.9,2.6,[E1],,,3.4776,IAEA LiveChart ENSDF adopted gammas,2026-08-13
40ca,20,40,7113.73,4491.43,2623.2,40.7,,,,3.4776,IAEA LiveChart ENSDF adopted gammas,2026-08-13
40ca,20,40,7113.73,3736.69,3378.5,100.0,,,,3.4776,IAEA LiveChart ENSDF adopted gammas,2026-08-13
40ca,20,40,7239.07,5613.52,1624.5,50.0,,,,3.4776,IAEA LiveChart ENSDF adopted gammas,2026-08-13
40ca,20,40,7239.07,4491.43,2746.0,100.0,,,,3.4776,IAEA LiveChart ENSDF adopted gammas,2026-08-13
40ca,20,40,7239.07,3736.69,3501.4,100.0,,,,3.4776,IAEA LiveChart ENSDF adopted gammas,2026-08-13
40ca,20,40,7277.82,3736.69,3541.0,100.0,[E1],,,3.4776,IAEA LiveChart ENSDF adopted gammas,2026-08-13
40ca,20,40,7300.67,5629.41,1671.3,5.3,[E2],,,3.4776,IAEA LiveChart ENSDF adopted gammas,2026-08-13
40ca,20,40,7300.67,5248.79,2050.3,100.0,[E2],,,3.4776,IAEA LiveChart ENSDF adopted gammas,2026-08-13
40ca,20,40,7421.9,3736.69,3684.9,100.0,,,,3.4776,IAEA LiveChart ENSDF adopted gammas,2026-08-13
40ca,20,40,7446.23,5629.41,1816.8,30.0,,,,3.4776,IAEA LiveChart ENSDF adopted gammas,2026-08-13
40ca,20,40,7446.23,5613.52,1831.5,48.5,[E1],,,3.4776,IAEA LiveChart ENSDF adopted gammas,2026-08-13
40ca,20,40,7446.23,5278.8,2167.4,56.0,,,,3.4776,IAEA LiveChart ENSDF adopted gammas,2026-08-13
40ca,20,40,7446.23,5248.79,2198.0,100.0,,,,3.4776,IAEA LiveChart ENSDF adopted gammas,2026-08-13
40ca,20,40,7466.35,5248.79,2217.5,24.0,,,,3.4776,IAEA LiveChart ENSDF adopted gammas,2026-08-13
40ca,20,40,7466.35,3904.38,3561.8,36.0,,,,3.4776,IAEA LiveChart ENSDF adopted gammas,2026-08-13
40ca,20,40,7466.35,3352.62,4113.5,21.0,[E2],,,3.4776,IAEA LiveChart ENSDF adopted gammas,2026-08-13
40ca,20,40,7466.35,0,7465.6,100.0,[E2],,,3.4776,IAEA LiveChart ENSDF adopted gammas,2026-08-13
40ca,20,40,7532.26,6285.15,1247.1,23.1,,,,3.4776,IAEA LiveChart ENSDF adopted gammas,2026-08-13
40ca,20,40,7532.26,6025.47,1506.8,11.3,,,,3.4776,IAEA LiveChart ENSDF adopted gammas,2026-08-13
40ca,20,40,7532.26,5902.63,1629.6,8.0,,,,3.4776,IAEA LiveChart ENSDF adopted gammas,2026-08-13
40ca,20,40,7532.26,5613.52,1917.6,57.0,[E2],,,3.4776,IAEA LiveChart ENSDF adopted gammas,2026-08-13
40ca,20,40,7532.26,3904.38,3627.7,36.0,[E1],,,3.4776,IAEA LiveChart ENSDF adopted gammas,2026-08-13
40ca,20,40,7532.26,3736.69,3795.4,100.0,,,,3.4776,IAEA LiveChart ENSDF adopted gammas,2026-08-13
40ca,20,40,7561.17,6029.71,1531.4,44.0,,,,3.4776,IAEA LiveChart ENSDF adopted gammas,2026-08-13
40ca,20,40,7561.17,5248.79,2312.1,100.0,[E2],,,3.4776,IAEA LiveChart ENSDF adopted gammas,2026-08-13
40ca,20,40,7561.17,3736.69,3824.3,14.0,[E1],,,3.4776,IAEA LiveChart ENSDF adopted gammas,2026-08-13
40ca,20,40,7623.11,5629.41,1993.6,100.0,,,,3.4776,IAEA LiveChart ENSDF adopted gammas,2026-08-13
40ca,20,40,7623.11,5613.52,2009.5,90.0,,,,3.4776,IAEA LiveChart ENSDF adopted gammas,2026-08-13
40ca,20,40,7623.11,5248.79,2374.2,31.5,,,,3.4776,IAEA LiveChart ENSDF adopted gammas,2026-08-13
40ca,20,40,7623.11,3736.69,3886.2,57.4,,,,3.4776,IAEA LiveChart ENSDF adopted gammas,2026-08-13
40ca,20,40,7658.23,6285.15,1373.1,33.0,,,,3.4776,IAEA LiveChart ENSDF adopted gammas,2026-08-13
40ca,20,40,7658.23,5613.52,2045.6,100.0,,,,3.4776,IAEA LiveChart ENSDF adopted gammas,2026-08-13
40ca,20,40,7658.23,4491.43,3167.9,52.0,,,,3.4776,IAEA LiveChart ENSDF adopted gammas,2026-08-13
40ca,20,40,7658.23,3736.69,3920.0,59.0,,,,3.4776,IAEA LiveChart ENSDF adopted gammas,2026-08-13
40ca,20,40,7676.6,5278.8,2399.2,100.0,(E2),,,3.4776,IAEA LiveChart ENSDF adopted gammas,2026-08-13
40ca,20,40,7694.08,5613.52,2080.6,10.1,,,,3.4776,IAEA LiveChart ENSDF adopted gammas,2026-08-13
40ca,20,40,7694.08,3736.69,3957.5,100.0,,,,3.4776,IAEA LiveChart ENSDF adopted gammas,2026-08-13
40ca,20,40,7701.8,3904.38,3797.2,100.0,,,,3.4776,IAEA LiveChart ENSDF adopted gammas,2026-08-13
40ca,20,40,7769.4,5613.52,2155.8,52.0,,,,3.4776,IAEA LiveChart ENSDF adopted gammas,2026-08-13
40ca,20,40,7769.4,3736.69,4032.5,100.0,,,,3.4776,IAEA LiveChart ENSDF adopted gammas,2026-08-13
40ca,20,40,7814.7,5248.79,2565.0,43.0,,,,3.4776,IAEA LiveChart ENSDF adopted gammas,2026-08-13
40ca,20,40,7814.7,3904.38,3908.0,100.0,,,,3.4776,IAEA LiveChart ENSDF adopted gammas,2026-08-13
40ca,20,40,7872.18,0,7871.1,100.0,[E2],,,3.4776,IAEA LiveChart ENSDF adopted gammas,2026-08-13
40ca,20,40,7928.42,5613.52,2314.8,100.0,[E1],,,3.4776,IAEA LiveChart ENSDF adopted gammas,2026-08-13
40ca,20,40,7928.42,4491.43,3436.8,100.0,[E1],,,3.4776,IAEA LiveChart ENSDF adopted gammas,2026-08-13
40ca,20,40,7928.42,3736.69,4191.5,14.0,,,,3.4776,IAEA LiveChart ENSDF adopted gammas,2026-08-13
40ca,20,40,7976.55,5278.8,2699.0,20.0,[E2],,,3.4776,IAEA LiveChart ENSDF adopted gammas,2026-08-13
40ca,20,40,7976.55,3904.38,4072.1,100.0,,,,3.4776,IAEA LiveChart ENSDF adopted gammas,2026-08-13
40ca,20,40,7976.55,3352.62,4624.0,60.0,[E2],,,3.4776,IAEA LiveChart ENSDF adopted gammas,2026-08-13
40ca,20,40,7976.55,0,7977.0,20.0,[E2],,,3.4776,IAEA LiveChart ENSDF adopted gammas,2026-08-13
40ca,20,40,8018.8,5248.79,2770.0,100.0,,,,3.4776,IAEA LiveChart ENSDF adopted gammas,2026-08-13
40ca,20,40,8091.61,0,8090.6,100.0,[E2],,,3.4776,IAEA LiveChart ENSDF adopted gammas,2026-08-13
40ca,20,40,8100.1,6930.2,1168.8,100.0,E2,,,3.4776,IAEA LiveChart ENSDF adopted gammas,2026-08-13
40ca,20,40,8113.2,0,8111.0,100.0,[E1],,,3.4776,IAEA LiveChart ENSDF adopted gammas,2026-08-13
40ca,20,40,8134.77,5629.41,2505.3,82.0,,,,3.4776,IAEA LiveChart ENSDF adopted gammas,2026-08-13
40ca,20,40,8134.77,5613.52,2521.2,24.0,,,,3.4776,IAEA LiveChart ENSDF adopted gammas,2026-08-13
40ca,20,40,8134.77,4491.43,3643.1,15.0,,,,3.4776,IAEA LiveChart ENSDF adopted gammas,2026-08-13
40ca,20,40,8134.77,3904.38,4229.4,100.0,,,,3.4776,IAEA LiveChart ENSDF adopted gammas,2026-08-13
40ca,20,40,8187.5,3736.69,4451.6,100.0,,,,3.4776,IAEA LiveChart ENSDF adopted gammas,2026-08-13
40ca,20,40,8271,6950.48,1321.0,100.0,,,,3.4776,IAEA LiveChart ENSDF adopted gammas,2026-08-13
40ca,20,40,8271,5902.63,2368.0,67.0,,,,3.4776,IAEA LiveChart ENSDF adopted gammas,2026-08-13
40ca,20,40,8276,5629.41,2646.0,100.0,,,,3.4776,IAEA LiveChart ENSDF adopted gammas,2026-08-13
40ca,20,40,8323.16,6750.41,1572.7,12.5,,,,3.4776,IAEA LiveChart ENSDF adopted gammas,2026-08-13
40ca,20,40,8323.16,6285.15,2038.0,2.2,,,,3.4776,IAEA LiveChart ENSDF adopted gammas,2026-08-13
40ca,20,40,8323.16,6025.47,2297.6,26.3,,,,3.4776,IAEA LiveChart ENSDF adopted gammas,2026-08-13
40ca,20,40,8323.16,5902.63,2420.5,1.9,,,,3.4776,IAEA LiveChart ENSDF adopted gammas,2026-08-13
40ca,20,40,8323.16,5248.79,3074.2,4.5,,,,3.4776,IAEA LiveChart ENSDF adopted gammas,2026-08-13
40ca,20,40,8323.16,3736.69,4586.2,100.0,,,,3.4776,IAEA LiveChart ENSDF adopted gammas,2026-08-13
40ca,20,40,8323.16,0,8322.2,3.4,,,,3.4776,IAEA LiveChart ENSDF adopted gammas,2026-08-13
40ca,20,40,8338,6542.8,1795.2,100.0,,,,3.4776,IAEA LiveChart ENSDF adopted gammas,2026-08-13
40ca,20,40,8338,6507.87,1830.1,42.0,,,,3.4776,IAEA LiveChart ENSDF adopted gammas,2026-08-13
40ca,20,40,8358.9,,1405.0,100.0,,,,3.4776,IAEA LiveChart ENSDF adopted gammas,2026-08-13
40ca,20,40,8364,4491.43,3872.0,100.0,,,,3.4776,IAEA LiveChart ENSDF adopted gammas,2026-08-13
40ca,20,40,8373.94,3904.38,4469.3,100.0,,,,3.4776,IAEA LiveChart ENSDF adopted gammas,2026-08-13
40ca,20,40,8424.81,6025.47,2399.3,19.0,,,,3.4776,IAEA LiveChart ENSDF adopted gammas,2026-08-13
40ca,20,40,8424.81,5902.63,2522.1,24.0,,,,3.4776,IAEA LiveChart ENSDF adopted gammas,2026-08-13
40ca,20,40,8424.81,3736.69,4687.8,100.0,,,,3.4776,IAEA LiveChart ENSDF adopted gammas,2026-08-13
40ca,20,40,8439,5629.41,2809.5,100.0,,,,3.4776,IAEA LiveChart ENSDF adopted gammas,2026-08-13
40ca,20,40,8484.02,5902.63,2581.3,59.0,,,,3.4776,IAEA LiveChart ENSDF adopted gammas,2026-08-13
40ca,20,40,8484.02,3736.69,4747.0,100.0,,,,3.4776,IAEA LiveChart ENSDF adopted gammas,2026-08-13
40ca,20,40,8540,3352.62,5188.0,67.0,,,,3.4776,IAEA LiveChart ENSDF adopted gammas,2026-08-13
40ca,20,40,8540,0,8540.0,100.0,,,,3.4776,IAEA LiveChart ENSDF adopted gammas,2026-08-13
40ca,20,40,8578.8,0,8577.7,100.0,[E2],,,3.4776,IAEA LiveChart ENSDF adopted gammas,2026-08-13
40ca,20,40,8587,6025.47,2562.0,25.0,,,,3.4776,IAEA LiveChart ENSDF adopted gammas,2026-08-13
40ca,20,40,8587,5278.8,3308.0,25.0,,,,3.4776,IAEA LiveChart ENSDF adopted gammas,2026-08-13
40ca,20,40,8587,3904.38,4682.0,17.0,,,,3.4776,IAEA LiveChart ENSDF adopted gammas,2026-08-13
40ca,20,40,8587,3736.69,4850.0,100.0,,,,3.4776,IAEA LiveChart ENSDF adopted gammas,2026-08-13
40ca,20,40,8665.3,0,8665.0,100.0,,,,3.4776,IAEA LiveChart ENSDF adopted gammas,2026-08-13
40ca,20,40,8678.29,6285.15,2393.1,20.0,[E1],,,3.4776,IAEA LiveChart ENSDF adopted gammas,2026-08-13
40ca,20,40,8678.29,3736.69,4941.3,100.0,[E1],,,3.4776,IAEA LiveChart ENSDF adopted gammas,2026-08-13
40ca,20,40,8748.22,0,8748.4,100.0,[E2],,,3.4776,IAEA LiveChart ENSDF adopted gammas,2026-08-13
40ca,20,40,8764.18,6029.71,2734.4,47.0,,,,3.4776,IAEA LiveChart ENSDF adopted gammas,2026-08-13
40ca,20,40,8764.18,5629.41,3134.6,56.0,,,,3.4776,IAEA LiveChart ENSDF adopted gammas,2026-08-13
40ca,20,40,8764.18,5278.8,3485.2,100.0,,,,3.4776,IAEA LiveChart ENSDF adopted gammas,2026-08-13
40ca,20,40,8764.18,3904.38,4859.5,65.0,,,,3.4776,IAEA LiveChart ENSDF adopted gammas,2026-08-13
40ca,20,40,8934.81,7532.26,1402.5,12.2,,,,3.4776,IAEA LiveChart ENSDF adopted gammas,2026-08-13
40ca,20,40,8934.81,7277.82,1657.0,3.5,,,,3.4776,IAEA LiveChart ENSDF adopted gammas,2026-08-13
40ca,20,40,8934.81,7113.1,1821.0,1.7,,,,3.4776,IAEA LiveChart ENSDF adopted gammas,2026-08-13
40ca,20,40,8934.81,6950.48,1984.3,5.6,,,,3.4776,IAEA LiveChart ENSDF adopted gammas,2026-08-13
40ca,20,40,8934.81,6750.41,2184.3,5.6,,,,3.4776,IAEA LiveChart ENSDF adopted gammas,2026-08-13
40ca,20,40,8934.81,6582.47,2352.2,1.9,,,,3.4776,IAEA LiveChart ENSDF adopted gammas,2026-08-13
40ca,20,40,8934.81,6029.71,2905.0,3.2,,,,3.4776,IAEA LiveChart ENSDF adopted gammas,2026-08-13
40ca,20,40,8934.81,6025.47,2909.2,17.6,,,,3.4776,IAEA LiveChart ENSDF adopted gammas,2026-08-13
40ca,20,40,8934.81,5902.63,3032.1,1.7,,,,3.4776,IAEA LiveChart ENSDF adopted gammas,2026-08-13
40ca,20,40,8934.81,5629.41,3305.2,2.9,,,,3.4776,IAEA LiveChart ENSDF adopted gammas,2026-08-13
40ca,20,40,8934.81,5248.79,3685.8,5.6,,,,3.4776,IAEA LiveChart ENSDF adopted gammas,2026-08-13
40ca,20,40,8934.81,5211.56,3722.9,3.5,,,,3.4776,IAEA LiveChart ENSDF adopted gammas,2026-08-13
40ca,20,40,8934.81,3904.38,5030.1,100.0,,,,3.4776,IAEA LiveChart ENSDF adopted gammas,2026-08-13
40ca,20,40,8934.81,3736.69,5197.8,2.9,,,,3.4776,IAEA LiveChart ENSDF adopted gammas,2026-08-13
40ca,20,40,8934.81,3352.62,5581.8,21.8,,,,3.4776,IAEA LiveChart ENSDF adopted gammas,2026-08-13
40ca,20,40,8934.81,0,8933.7,77.0,,,,3.4776,IAEA LiveChart ENSDF adopted gammas,2026-08-13
40ca,20,40,8982.5,0,8981.4,100.0,[E2],,,3.4776,IAEA LiveChart ENSDF adopted gammas,2026-08-13
40ca,20,40,8994.5,7113.1,1880.7,0.44,,,,3.4776,IAEA LiveChart ENSDF adopted gammas,2026-08-13
40ca,20,40,8994.5,6908.7,2085.7,0.62,,,,3.4776,IAEA LiveChart ENSDF adopted gammas,2026-08-13
40ca,20,40,8994.5,6750.41,2244.0,0.6,,,,3.4776,IAEA LiveChart ENSDF adopted gammas,2026-08-13
40ca,20,40,8994.5,6582.47,2411.9,0.44,,,,3.4776,IAEA LiveChart ENSDF adopted gammas,2026-08-13
40ca,20,40,8994.5,6285.15,2709.3,0.64,,,,3.4776,IAEA LiveChart ENSDF adopted gammas,2026-08-13
40ca,20,40,8994.5,6025.47,2968.9,1.5,,,,3.4776,IAEA LiveChart ENSDF adopted gammas,2026-08-13
40ca,20,40,8994.5,5629.41,3364.9,8.7,,,,3.4776,IAEA LiveChart ENSDF adopted gammas,2026-08-13
40ca,20,40,8994.5,5211.56,3782.6,8.2,,,,3.4776,IAEA LiveChart ENSDF adopted gammas,2026-08-13
40ca,20,40,8994.5,3904.38,5089.8,8.3,,,,3.4776,IAEA LiveChart ENSDF adopted gammas,2026-08-13
40ca,20,40,8994.5,3736.69,5257.4,2.4,,,,3.4776,IAEA LiveChart ENSDF adopted gammas,2026-08-13
40ca,20,40,8994.5,3352.62,5641.5,2.1,,,,3.4776,IAEA LiveChart ENSDF adopted gammas,2026-08-13
40ca,20,40,8994.5,0,8993.4,100.0,,,,3.4776,IAEA LiveChart ENSDF adopted gammas,2026-08-13
40ca,20,40,9031.9,7694.08,1337.7,25.0,,,,3.4776,IAEA LiveChart ENSDF adopted gammas,2026-08-13
40ca,20,40,9031.9,6285.15,2746.6,25.0,,,,3.4776,IAEA LiveChart ENSDF adopted gammas,2026-08-13
40ca,20,40,9031.9,5613.52,3418.2,100.0,,,,3.4776,IAEA LiveChart ENSDF adopted gammas,2026-08-13
40ca,20,40,9031.9,5278.8,3752.9,30.0,,,,3.4776,IAEA LiveChart ENSDF adopted gammas,2026-08-13
40ca,20,40,9031.9,4491.43,4540.2,70.0,,,,3.4776,IAEA LiveChart ENSDF adopted gammas,2026-08-13
40ca,20,40,9091.7,7694.08,1397.5,3.7,,,,3.4776,IAEA LiveChart ENSDF adopted gammas,2026-08-13
40ca,20,40,9091.7,7623.11,1468.6,1.31,,,,3.4776,IAEA LiveChart ENSDF adopted gammas,2026-08-13
40ca,20,40,9091.7,7466.35,1625.3,0.71,,,,3.4776,IAEA LiveChart ENSDF adopted gammas,2026-08-13
40ca,20,40,9091.7,7277.82,1813.8,2.17,,,,3.4776,IAEA LiveChart ENSDF adopted gammas,2026-08-13
40ca,20,40,9091.7,7239.07,1852.6,1.26,,,,3.4776,IAEA LiveChart ENSDF adopted gammas,2026-08-13
40ca,20,40,9091.7,7113.73,1977.9,0.95,,,,3.4776,IAEA LiveChart ENSDF adopted gammas,2026-08-13
40ca,20,40,9091.7,6750.41,2341.2,0.98,,,,3.4776,IAEA LiveChart ENSDF adopted gammas,2026-08-13
40ca,20,40,9091.7,6582.47,2509.1,1.79,,,,3.4776,IAEA LiveChart ENSDF adopted gammas,2026-08-13
40ca,20,40,9091.7,6285.15,2806.4,8.8,,,,3.4776,IAEA LiveChart ENSDF adopted gammas,2026-08-13
40ca,20,40,9091.7,6029.71,3061.9,4.3,,,,3.4776,IAEA LiveChart ENSDF adopted gammas,2026-08-13
40ca,20,40,9091.7,6025.47,3066.1,5.0,,,,3.4776,IAEA LiveChart ENSDF adopted gammas,2026-08-13
40ca,20,40,9091.7,5902.63,3188.9,2.6,,,,3.4776,IAEA LiveChart ENSDF adopted gammas,2026-08-13
40ca,20,40,9091.7,5278.8,3812.7,14.6,,,,3.4776,IAEA LiveChart ENSDF adopted gammas,2026-08-13
40ca,20,40,9091.7,5248.79,3842.7,7.7,,,,3.4776,IAEA LiveChart ENSDF adopted gammas,2026-08-13
40ca,20,40,9091.7,3904.38,5187.0,16.2,,,,3.4776,IAEA LiveChart ENSDF adopted gammas,2026-08-13
40ca,20,40,9091.7,3736.69,5354.6,100.0,,,,3.4776,IAEA LiveChart ENSDF adopted gammas,2026-08-13
40ca,20,40,9135.66,8424.81,710.8,1.72,,,,3.4776,IAEA LiveChart ENSDF adopted gammas,2026-08-13
40ca,20,40,9135.66,7872.18,1263.5,0.55,,,,3.4776,IAEA LiveChart ENSDF adopted gammas,2026-08-13
40ca,20,40,9135.66,7694.08,1441.5,8.9,,,,3.4776,IAEA LiveChart ENSDF adopted gammas,2026-08-13
40ca,20,40,9135.66,7532.26,1603.4,6.3,,,,3.4776,IAEA LiveChart ENSDF adopted gammas,2026-08-13
40ca,20,40,9135.66,7277.82,1857.8,0.43,,,,3.4776,IAEA LiveChart ENSDF adopted gammas,2026-08-13
40ca,20,40,9135.66,7113.73,2021.9,3.13,,,,3.4776,IAEA LiveChart ENSDF adopted gammas,2026-08-13
40ca,20,40,9135.66,6950.48,2185.1,0.78,,,,3.4776,IAEA LiveChart ENSDF adopted gammas,2026-08-13
40ca,20,40,9135.66,6750.41,2385.2,1.06,,,,3.4776,IAEA LiveChart ENSDF adopted gammas,2026-08-13
40ca,20,40,9135.66,6582.47,2553.0,3.5,,,,3.4776,IAEA LiveChart ENSDF adopted gammas,2026-08-13
40ca,20,40,9135.66,6285.15,2850.4,23.5,,,,3.4776,IAEA LiveChart ENSDF adopted gammas,2026-08-13
40ca,20,40,9135.66,6025.47,3110.1,0.43,,,,3.4776,IAEA LiveChart ENSDF adopted gammas,2026-08-13
40ca,20,40,9135.66,5902.63,3232.9,5.1,,,,3.4776,IAEA LiveChart ENSDF adopted gammas,2026-08-13
40ca,20,40,9135.66,5613.52,3522.0,0.51,,,,3.4776,IAEA LiveChart ENSDF adopted gammas,2026-08-13
40ca,20,40,9135.66,5248.79,3886.7,0.8,,,,3.4776,IAEA LiveChart ENSDF adopted gammas,2026-08-13
40ca,20,40,9135.66,3904.38,5230.9,13.6,,,,3.4776,IAEA LiveChart ENSDF adopted gammas,2026-08-13
40ca,20,40,9135.66,3736.69,5398.6,100.0,,,,3.4776,IAEA LiveChart ENSDF adopted gammas,2026-08-13
40ca,20,40,9209.77,8484.02,725.7,1.53,,,,3.4776,IAEA LiveChart ENSDF adopted gammas,2026-08-13
40ca,20,40,9209.77,8424.81,785.0,5.4,,,,3.4776,IAEA LiveChart ENSDF adopted gammas,2026-08-13
40ca,20,40,9209.77,7694.08,1515.6,7.3,,,,3.4776,IAEA LiveChart ENSDF adopted gammas,2026-08-13
40ca,20,40,9209.77,7113.73,2096.0,2.6,,,,3.4776,IAEA LiveChart ENSDF adopted gammas,2026-08-13
40ca,20,40,9209.77,6950.48,2259.2,4.5,,,,3.4776,IAEA LiveChart ENSDF adopted gammas,2026-08-13
40ca,20,40,9209.77,6750.41,2459.3,3.2,,,,3.4776,IAEA LiveChart ENSDF adopted gammas,2026-08-13
40ca,20,40,9209.77,6582.47,2627.1,3.6,,,,3.4776,IAEA LiveChart ENSDF adopted gammas,2026-08-13
40ca,20,40,9209.77,6285.15,2924.5,6.5,,,,3.4776,IAEA LiveChart ENSDF adopted gammas,2026-08-13
40ca,20,40,9209.77,6025.47,3184.2,2.6,,,,3.4776,IAEA LiveChart ENSDF adopted gammas,2026-08-13
40ca,20,40,9209.77,5902.63,3307.0,17.4,,,,3.4776,IAEA LiveChart ENSDF adopted gammas,2026-08-13
40ca,20,40,9209.77,5629.41,3580.2,3.4,,,,3.4776,IAEA LiveChart ENSDF adopted gammas,2026-08-13
40ca,20,40,9209.77,3904.38,5305.0,4.7,,,,3.4776,IAEA LiveChart ENSDF adopted gammas,2026-08-13
40ca,20,40,9209.77,3736.69,5472.7,100.0,,,,3.4776,IAEA LiveChart ENSDF adopted gammas,2026-08-13
40ca,20,40,9226.69,7532.26,1694.4,100.0,,,,3.4776,IAEA LiveChart ENSDF adopted gammas,2026-08-13
40ca,20,40,9226.69,6950.48,2276.1,15.9,,,,3.4776,IAEA LiveChart ENSDF adopted gammas,2026-08-13
40ca,20,40,9226.69,6750.41,2476.2,24.1,,,,3.4776,IAEA LiveChart ENSDF adopted gammas,2026-08-13
40ca,20,40,9226.69,6285.15,2941.4,27.8,,,,3.4776,IAEA LiveChart ENSDF adopted gammas,2026-08-13
40ca,20,40,9226.69,5902.63,3323.9,3.0,,,,3.4776,IAEA LiveChart ENSDF adopted gammas,2026-08-13
40ca,20,40,9226.69,5248.79,3977.7,14.0,,,,3.4776,IAEA LiveChart ENSDF adopted gammas,2026-08-13
40ca,20,40,9226.69,3904.38,5321.9,3.1,,,,3.4776,IAEA LiveChart ENSDF adopted gammas,2026-08-13
40ca,20,40,9226.69,3736.69,5489.6,39.0,,,,3.4776,IAEA LiveChart ENSDF adopted gammas,2026-08-13
40ca,20,40,9226.69,0,9225.6,97.0,,,,3.4776,IAEA LiveChart ENSDF adopted gammas,2026-08-13
40ca,20,40,9227.43,6025.47,3201.8,35.0,,,,3.4776,IAEA LiveChart ENSDF adopted gammas,2026-08-13
40ca,20,40,9227.43,5902.63,3324.7,1.0,,,,3.4776,IAEA LiveChart ENSDF adopted gammas,2026-08-13
40ca,20,40,9227.43,5248.79,3978.4,4.7,,,,3.4776,IAEA LiveChart ENSDF adopted gammas,2026-08-13
40ca,20,40,9227.43,3904.38,5322.7,1.0,,,,3.4776,IAEA LiveChart ENSDF adopted gammas,2026-08-13
40ca,20,40,9227.43,3352.62,5874.4,100.0,,,,3.4776,IAEA LiveChart ENSDF adopted gammas,2026-08-13
40ca,20,40,9227.43,0,9226.3,33.0,,,,3.4776,IAEA LiveChart ENSDF adopted gammas,2026-08-13
40ca,20,40,9362.54,8424.81,937.7,4.4,,,,3.4776,IAEA LiveChart ENSDF adopted gammas,2026-08-13
40ca,20,40,9362.54,7694.08,1668.4,100.0,,,,3.4776,IAEA LiveChart ENSDF adopted gammas,2026-08-13
40ca,20,40,9362.54,7658.23,1704.3,26.6,,,,3.4776,IAEA LiveChart ENSDF adopted gammas,2026-08-13
40ca,20,40,9362.54,7623.11,1739.4,3.9,,,,3.4776,IAEA LiveChart ENSDF adopted gammas,2026-08-13
40ca,20,40,9362.54,6950.48,2412.0,3.2,,,,3.4776,IAEA LiveChart ENSDF adopted gammas,2026-08-13
40ca,20,40,9362.54,6750.41,2612.0,3.7,,,,3.4776,IAEA LiveChart ENSDF adopted gammas,2026-08-13
40ca,20,40,9362.54,6582.47,2779.9,6.3,,,,3.4776,IAEA LiveChart ENSDF adopted gammas,2026-08-13
40ca,20,40,9362.54,6285.15,3077.3,9.5,,,,3.4776,IAEA LiveChart ENSDF adopted gammas,2026-08-13
40ca,20,40,9362.54,5613.52,3748.8,29.8,,,,3.4776,IAEA LiveChart ENSDF adopted gammas,2026-08-13
40ca,20,40,9362.54,5248.79,4113.5,10.7,,,,3.4776,IAEA LiveChart ENSDF adopted gammas,2026-08-13
40ca,20,40,9362.54,3904.38,5457.8,14.4,,,,3.4776,IAEA LiveChart ENSDF adopted gammas,2026-08-13
40ca,20,40,9362.54,3736.69,5625.4,8.3,,,,3.4776,IAEA LiveChart ENSDF adopted gammas,2026-08-13
40ca,20,40,9388.2,7694.08,1694.0,7.0,,,,3.4776,IAEA LiveChart ENSDF adopted gammas,2026-08-13
40ca,20,40,9388.2,7300.67,2087.4,2.5,,,,3.4776,IAEA LiveChart ENSDF adopted gammas,2026-08-13
40ca,20,40,9388.2,6542.8,2845.3,28.0,,,,3.4776,IAEA LiveChart ENSDF adopted gammas,2026-08-13
40ca,20,40,9388.2,6507.87,2880.3,9.0,,,,3.4776,IAEA LiveChart ENSDF adopted gammas,2026-08-13
40ca,20,40,9388.2,6285.15,3102.9,3.2,,,,3.4776,IAEA LiveChart ENSDF adopted gammas,2026-08-13
40ca,20,40,9388.2,6025.47,3362.6,6.0,,,,3.4776,IAEA LiveChart ENSDF adopted gammas,2026-08-13
40ca,20,40,9388.2,5629.41,3758.6,19.0,,,,3.4776,IAEA LiveChart ENSDF adopted gammas,2026-08-13
40ca,20,40,9388.2,5278.8,4109.2,15.0,,,,3.4776,IAEA LiveChart ENSDF adopted gammas,2026-08-13
40ca,20,40,9388.2,5248.79,4139.2,8.0,,,,3.4776,IAEA LiveChart ENSDF adopted gammas,2026-08-13
40ca,20,40,9388.2,5211.56,4176.3,28.0,,,,3.4776,IAEA LiveChart ENSDF adopted gammas,2026-08-13
40ca,20,40,9388.2,3904.38,5483.4,8.0,,,,3.4776,IAEA LiveChart ENSDF adopted gammas,2026-08-13
40ca,20,40,9388.2,3736.69,5651.1,17.0,,,,3.4776,IAEA LiveChart ENSDF adopted gammas,2026-08-13
40ca,20,40,9388.2,0,9387.0,100.0,,,,3.4776,IAEA LiveChart ENSDF adopted gammas,2026-08-13
40ca,20,40,9404.85,7532.26,1872.5,43.0,,,,3.4776,IAEA LiveChart ENSDF adopted gammas,2026-08-13
40ca,20,40,9404.85,7277.82,2127.0,2.2,,,,3.4776,IAEA LiveChart ENSDF adopted gammas,2026-08-13
40ca,20,40,9404.85,7113.73,2291.1,20.0,,,,3.4776,IAEA LiveChart ENSDF adopted gammas,2026-08-13
40ca,20,40,9404.85,6950.48,2454.3,4.0,,,,3.4776,IAEA LiveChart ENSDF adopted gammas,2026-08-13
40ca,20,40,9404.85,6908.7,2496.1,8.0,,,,3.4776,IAEA LiveChart ENSDF adopted gammas,2026-08-13
40ca,20,40,9404.85,6582.47,2822.2,10.0,,,,3.4776,IAEA LiveChart ENSDF adopted gammas,2026-08-13
40ca,20,40,9404.85,6285.15,3119.6,100.0,M1,,,3.4776,IAEA LiveChart ENSDF adopted gammas,2026-08-13
40ca,20,40,9404.85,5902.63,3502.1,20.0,,,,3.4776,IAEA LiveChart ENSDF adopted gammas,2026-08-13
40ca,20,40,9404.85,3904.38,5500.1,7.0,,,,3.4776,IAEA LiveChart ENSDF adopted gammas,2026-08-13
40ca,20,40,9404.85,3736.69,5667.7,49.0,M1+E2,,,3.4776,IAEA LiveChart ENSDF adopted gammas,2026-08-13
40ca,20,40,9404.85,0,9403.7,7.0,,,,3.4776,IAEA LiveChart ENSDF adopted gammas,2026-08-13
40ca,20,40,9418.8,7694.08,1724.6,10.0,,,,3.4776,IAEA LiveChart ENSDF adopted gammas,2026-08-13
40ca,20,40,9418.8,7658.23,1760.5,7.0,,,,3.4776,IAEA LiveChart ENSDF adopted gammas,2026-08-13
40ca,20,40,9418.8,7623.11,1795.6,4.0,,,,3.4776,IAEA LiveChart ENSDF adopted gammas,2026-08-13
40ca,20,40,9418.8,7532.26,1886.5,5.0,,,,3.4776,IAEA LiveChart ENSDF adopted gammas,2026-08-13
40ca,20,40,9418.8,7113.73,2305.0,62.0,,,,3.4776,IAEA LiveChart ENSDF adopted gammas,2026-08-13
40ca,20,40,9418.8,6750.41,2668.3,6.0,,,,3.4776,IAEA LiveChart ENSDF adopted gammas,2026-08-13
40ca,20,40,9418.8,6285.15,3133.5,100.0,,,,3.4776,IAEA LiveChart ENSDF adopted gammas,2026-08-13
40ca,20,40,9418.8,6025.47,3393.2,5.0,,,,3.4776,IAEA LiveChart ENSDF adopted gammas,2026-08-13
40ca,20,40,9418.8,5902.63,3516.0,12.0,,,,3.4776,IAEA LiveChart ENSDF adopted gammas,2026-08-13
40ca,20,40,9418.8,5613.52,3805.1,5.0,,,,3.4776,IAEA LiveChart ENSDF adopted gammas,2026-08-13
40ca,20,40,9418.8,5248.79,4169.8,4.0,,,,3.4776,IAEA LiveChart ENSDF adopted gammas,2026-08-13
40ca,20,40,9418.8,3736.69,5681.7,18.0,,,,3.4776,IAEA LiveChart ENSDF adopted gammas,2026-08-13
40ca,20,40,9429.11,7694.08,1734.9,21.0,,,,3.4776,IAEA LiveChart ENSDF adopted gammas,2026-08-13
40ca,20,40,9429.11,7658.23,1770.8,100.0,,,,3.4776,IAEA LiveChart ENSDF adopted gammas,2026-08-13
40ca,20,40,9429.11,7623.11,1806.0,3.3,,,,3.4776,IAEA LiveChart ENSDF adopted gammas,2026-08-13
40ca,20,40,9429.11,7113.73,2315.3,3.6,,,,3.4776,IAEA LiveChart ENSDF adopted gammas,2026-08-13
40ca,20,40,9429.11,6582.47,2846.5,26.0,,,,3.4776,IAEA LiveChart ENSDF adopted gammas,2026-08-13
40ca,20,40,9429.11,6285.15,3143.8,9.4,,,,3.4776,IAEA LiveChart ENSDF adopted gammas,2026-08-13
40ca,20,40,9429.11,4491.43,4937.3,81.0,,,,3.4776,IAEA LiveChart ENSDF adopted gammas,2026-08-13
40ca,20,40,9429.11,3736.69,5692.0,33.0,,,,3.4776,IAEA LiveChart ENSDF adopted gammas,2026-08-13
40ca,20,40,9432.46,7532.26,1900.2,2.5,,,,3.4776,IAEA LiveChart ENSDF adopted gammas,2026-08-13
40ca,20,40,9432.46,6950.48,2481.9,0.8,,,,3.4776,IAEA LiveChart ENSDF adopted gammas,2026-08-13
40ca,20,40,9432.46,6750.41,2681.9,1.0,,,,3.4776,IAEA LiveChart ENSDF adopted gammas,2026-08-13
40ca,20,40,9432.46,6025.47,3406.8,2.3,,,,3.4776,IAEA LiveChart ENSDF adopted gammas,2026-08-13
40ca,20,40,9432.46,3904.38,5527.7,1.1,,,,3.4776,IAEA LiveChart ENSDF adopted gammas,2026-08-13
40ca,20,40,9432.46,0,9431.3,100.0,,,,3.4776,IAEA LiveChart ENSDF adopted gammas,2026-08-13
40ca,20,40,9453.95,8424.81,1029.1,4.9,,,,3.4776,IAEA LiveChart ENSDF adopted gammas,2026-08-13
40ca,20,40,9453.95,7694.08,1759.8,73.2,,,,3.4776,IAEA LiveChart ENSDF adopted gammas,2026-08-13
40ca,20,40,9453.95,7658.23,1795.7,23.4,,,,3.4776,IAEA LiveChart ENSDF adopted gammas,2026-08-13
40ca,20,40,9453.95,7623.11,1830.8,5.9,,,,3.4776,IAEA LiveChart ENSDF adopted gammas,2026-08-13
40ca,20,40,9453.95,7532.26,1921.6,3.3,,,,3.4776,IAEA LiveChart ENSDF adopted gammas,2026-08-13
40ca,20,40,9453.95,7446.23,2007.7,2.3,,,,3.4776,IAEA LiveChart ENSDF adopted gammas,2026-08-13
40ca,20,40,9453.95,7113.73,2340.2,34.7,,,,3.4776,IAEA LiveChart ENSDF adopted gammas,2026-08-13
40ca,20,40,9453.95,6750.41,2703.4,6.9,,,,3.4776,IAEA LiveChart ENSDF adopted gammas,2026-08-13
40ca,20,40,9453.95,6285.15,3168.7,100.0,,,,3.4776,IAEA LiveChart ENSDF adopted gammas,2026-08-13
40ca,20,40,9453.95,6025.47,3428.3,5.9,,,,3.4776,IAEA LiveChart ENSDF adopted gammas,2026-08-13
40ca,20,40,9453.95,5629.41,3824.3,8.3,,,,3.4776,IAEA LiveChart ENSDF adopted gammas,2026-08-13
40ca,20,40,9453.95,5613.52,3840.2,33.7,,,,3.4776,IAEA LiveChart ENSDF adopted gammas,2026-08-13
40ca,20,40,9453.95,5278.8,4174.9,5.0,,,,3.4776,IAEA LiveChart ENSDF adopted gammas,2026-08-13
40ca,20,40,9453.95,3904.38,5549.2,16.2,,,,3.4776,IAEA LiveChart ENSDF adopted gammas,2026-08-13
40ca,20,40,9453.95,3736.69,5716.8,11.2,,,,3.4776,IAEA LiveChart ENSDF adopted gammas,2026-08-13
40ca,20,40,9603,7113.73,2489.2,61.0,,,,3.4776,IAEA LiveChart ENSDF adopted gammas,2026-08-13
40ca,20,40,9603,6285.15,3317.7,100.0,M1+E2,,,3.4776,IAEA LiveChart ENSDF adopted gammas,2026-08-13
40ca,20,40,9603,3736.69,5865.8,24.0,M1+E2,,,3.4776,IAEA LiveChart ENSDF adopted gammas,2026-08-13
40ca,20,40,9604.6,7532.26,2072.3,6.0,,,,3.4776,IAEA LiveChart ENSDF adopted gammas,2026-08-13
40ca,20,40,9604.6,6950.48,2654.0,1.3,,,,3.4776,IAEA LiveChart ENSDF adopted gammas,2026-08-13
40ca,20,40,9604.6,6750.41,2854.1,2.0,,,,3.4776,IAEA LiveChart ENSDF adopted gammas,2026-08-13
40ca,20,40,9604.6,6025.47,3579.0,5.0,,,,3.4776,IAEA LiveChart ENSDF adopted gammas,2026-08-13
40ca,20,40,9604.6,3904.38,5699.8,1.0,,,,3.4776,IAEA LiveChart ENSDF adopted gammas,2026-08-13
40ca,20,40,9604.6,3352.62,6251.4,1.4,,,,3.4776,IAEA LiveChart ENSDF adopted gammas,2026-08-13
40ca,20,40,9604.6,0,9603.4,100.0,,,,3.4776,IAEA LiveChart ENSDF adopted gammas,2026-08-13
40ca,20,40,9640.89,7466.35,2174.5,16.7,,,,3.4776,IAEA LiveChart ENSDF adopted gammas,2026-08-13
40ca,20,40,9640.89,6950.48,2690.3,0.32,,,,3.4776,IAEA LiveChart ENSDF adopted gammas,2026-08-13
40ca,20,40,9640.89,6908.7,2732.1,1.06,,,,3.4776,IAEA LiveChart ENSDF adopted gammas,2026-08-13
40ca,20,40,9640.89,6285.15,3355.6,0.99,,,,3.4776,IAEA LiveChart ENSDF adopted gammas,2026-08-13
40ca,20,40,9640.89,5629.41,4011.2,9.94,,,,3.4776,IAEA LiveChart ENSDF adopted gammas,2026-08-13
40ca,20,40,9640.89,3904.38,5736.1,100.0,,,,3.4776,IAEA LiveChart ENSDF adopted gammas,2026-08-13
40ca,20,40,9640.89,3736.69,5903.7,82.5,,,,3.4776,IAEA LiveChart ENSDF adopted gammas,2026-08-13
40ca,20,40,9640.89,0,9639.6,3.2,,,,3.4776,IAEA LiveChart ENSDF adopted gammas,2026-08-13
40ca,20,40,9668.71,7694.08,1974.5,1.5,,,,3.4776,IAEA LiveChart ENSDF adopted gammas,2026-08-13
40ca,20,40,9668.71,7532.26,2136.4,4.1,,,,3.4776,IAEA LiveChart ENSDF adopted gammas,2026-08-13
40ca,20,40,9668.71,7446.23,2222.4,1.53,,,,3.4776,IAEA LiveChart ENSDF adopted gammas,2026-08-13
40ca,20,40,9668.71,7113.73,2554.9,60.6,,,,3.4776,IAEA LiveChart ENSDF adopted gammas,2026-08-13
40ca,20,40,9668.71,6908.7,2759.9,1.5,,,,3.4776,IAEA LiveChart ENSDF adopted gammas,2026-08-13
40ca,20,40,9668.71,6750.41,2918.2,4.6,,,,3.4776,IAEA LiveChart ENSDF adopted gammas,2026-08-13
40ca,20,40,9668.71,6285.15,3383.4,100.0,,,,3.4776,IAEA LiveChart ENSDF adopted gammas,2026-08-13
40ca,20,40,9668.71,6025.47,3643.1,6.8,,,,3.4776,IAEA LiveChart ENSDF adopted gammas,2026-08-13
40ca,20,40,9668.71,4491.43,5176.9,6.76,,,,3.4776,IAEA LiveChart ENSDF adopted gammas,2026-08-13
40ca,20,40,9668.71,3904.38,5763.9,8.1,,,,3.4776,IAEA LiveChart ENSDF adopted gammas,2026-08-13
40ca,20,40,9668.71,3736.69,5931.6,29.7,,,,3.4776,IAEA LiveChart ENSDF adopted gammas,2026-08-13
40ca,20,40,9779.47,8748.22,1031.3,17.1,,,,3.4776,IAEA LiveChart ENSDF adopted gammas,2026-08-13
40ca,20,40,9779.47,8678.29,1101.2,16.6,,,,3.4776,IAEA LiveChart ENSDF adopted gammas,2026-08-13
40ca,20,40,9779.47,8578.8,1200.7,25.1,,,,3.4776,IAEA LiveChart ENSDF adopted gammas,2026-08-13
40ca,20,40,9779.47,8134.77,1644.7,13.6,,,,3.4776,IAEA LiveChart ENSDF adopted gammas,2026-08-13
40ca,20,40,9779.47,7928.42,1851.0,26.6,,,,3.4776,IAEA LiveChart ENSDF adopted gammas,2026-08-13
40ca,20,40,9779.47,7872.18,1907.3,28.6,,,,3.4776,IAEA LiveChart ENSDF adopted gammas,2026-08-13
40ca,20,40,9779.47,7561.17,2218.2,95.0,,,,3.4776,IAEA LiveChart ENSDF adopted gammas,2026-08-13
40ca,20,40,9779.47,7466.35,2313.1,15.0,,,,3.4776,IAEA LiveChart ENSDF adopted gammas,2026-08-13
40ca,20,40,9779.47,6908.7,2870.7,21.1,,,,3.4776,IAEA LiveChart ENSDF adopted gammas,2026-08-13
40ca,20,40,9779.47,6582.47,3196.8,7.5,,,,3.4776,IAEA LiveChart ENSDF adopted gammas,2026-08-13
40ca,20,40,9779.47,6542.8,3236.6,6.5,,,,3.4776,IAEA LiveChart ENSDF adopted gammas,2026-08-13
40ca,20,40,9779.47,6507.87,3271.5,3.5,,,,3.4776,IAEA LiveChart ENSDF adopted gammas,2026-08-13
40ca,20,40,9779.47,6029.71,3749.6,6.0,,,,3.4776,IAEA LiveChart ENSDF adopted gammas,2026-08-13
40ca,20,40,9779.47,5629.41,4149.8,10.1,,,,3.4776,IAEA LiveChart ENSDF adopted gammas,2026-08-13
40ca,20,40,9779.47,5613.52,4165.7,100.0,D+Q,,,3.4776,IAEA LiveChart ENSDF adopted gammas,2026-08-13
40ca,20,40,9779.47,5278.8,4500.4,27.1,,,,3.4776,IAEA LiveChart ENSDF adopted gammas,2026-08-13
40ca,20,40,9779.47,5248.79,4530.4,3.5,,,,3.4776,IAEA LiveChart ENSDF adopted gammas,2026-08-13
40ca,20,40,9779.47,3904.38,5874.7,73.0,,,,3.4776,IAEA LiveChart ENSDF adopted gammas,2026-08-13
40ca,20,40,9779.47,3736.69,6042.3,27.0,,,,3.4776,IAEA LiveChart ENSDF adopted gammas,2026-08-13
40ca,20,40,9785.3,7300.67,2484.5,2.6,,,,3.4776,IAEA LiveChart ENSDF adopted gammas,2026-08-13
40ca,20,40,9785.3,6908.7,2876.5,0.8,,,,3.4776,IAEA LiveChart ENSDF adopted gammas,2026-08-13
40ca,20,40,9785.3,3904.38,5880.5,2.9,,,,3.4776,IAEA LiveChart ENSDF adopted gammas,2026-08-13
40ca,20,40,9785.3,3352.62,6432.1,11.0,,,,3.4776,IAEA LiveChart ENSDF adopted gammas,2026-08-13
40ca,20,40,9785.3,0,9784.0,100.0,,,,3.4776,IAEA LiveChart ENSDF adopted gammas,2026-08-13
40ca,20,40,9865.15,8439,1426.1,0.25,,,,3.4776,IAEA LiveChart ENSDF adopted gammas,2026-08-13
40ca,20,40,9865.15,8091.61,1773.5,1.02,,,,3.4776,IAEA LiveChart ENSDF adopted gammas,2026-08-13
40ca,20,40,9865.15,7872.18,1992.9,0.29,,,,3.4776,IAEA LiveChart ENSDF adopted gammas,2026-08-13
40ca,20,40,9865.15,7701.8,2163.3,0.74,,,,3.4776,IAEA LiveChart ENSDF adopted gammas,2026-08-13
40ca,20,40,9865.15,7466.35,2398.7,0.57,,,,3.4776,IAEA LiveChart ENSDF adopted gammas,2026-08-13
40ca,20,40,9865.15,7300.67,2564.3,4.5,,,,3.4776,IAEA LiveChart ENSDF adopted gammas,2026-08-13
40ca,20,40,9865.15,7277.82,2587.2,0.28,,,,3.4776,IAEA LiveChart ENSDF adopted gammas,2026-08-13
40ca,20,40,9865.15,6950.48,2914.6,0.45,,,,3.4776,IAEA LiveChart ENSDF adopted gammas,2026-08-13
40ca,20,40,9865.15,6908.7,2956.3,1.54,,,,3.4776,IAEA LiveChart ENSDF adopted gammas,2026-08-13
40ca,20,40,9865.15,6750.41,3114.6,0.29,,,,3.4776,IAEA LiveChart ENSDF adopted gammas,2026-08-13
40ca,20,40,9865.15,5902.63,3962.3,0.48,,,,3.4776,IAEA LiveChart ENSDF adopted gammas,2026-08-13
40ca,20,40,9865.15,5629.41,4235.5,0.57,,,,3.4776,IAEA LiveChart ENSDF adopted gammas,2026-08-13
40ca,20,40,9865.15,5248.79,4616.1,0.35,,,,3.4776,IAEA LiveChart ENSDF adopted gammas,2026-08-13
40ca,20,40,9865.15,5211.56,4653.2,0.64,,,,3.4776,IAEA LiveChart ENSDF adopted gammas,2026-08-13
40ca,20,40,9865.15,3904.38,5960.3,7.1,D+Q,,,3.4776,IAEA LiveChart ENSDF adopted gammas,2026-08-13
40ca,20,40,9865.15,3352.62,6512.0,21.0,,,,3.4776,IAEA LiveChart ENSDF adopted gammas,2026-08-13
40ca,20,40,9865.15,0,9863.8,100.0,,,,3.4776,IAEA LiveChart ENSDF adopted gammas,2026-08-13
40ca,20,40,9869.3,7701.8,2167.4,1.1,,,,3.4776,IAEA LiveChart ENSDF adopted gammas,2026-08-13
40ca,20,40,9869.3,7300.67,2568.5,3.0,,,,3.4776,IAEA LiveChart ENSDF adopted gammas,2026-08-13
40ca,20,40,9869.3,6908.7,2960.5,1.2,,,,3.4776,IAEA LiveChart ENSDF adopted gammas,2026-08-13
40ca,20,40,9869.3,5248.79,4620.2,1.1,,,,3.4776,IAEA LiveChart ENSDF adopted gammas,2026-08-13
40ca,20,40,9869.3,5211.56,4657.3,0.8,,,,3.4776,IAEA LiveChart ENSDF adopted gammas,2026-08-13
40ca,20,40,9869.3,3904.38,5964.4,7.0,,,,3.4776,IAEA LiveChart ENSDF adopted gammas,2026-08-13
40ca,20,40,9869.3,3352.62,6516.1,17.0,,,,3.4776,IAEA LiveChart ENSDF adopted gammas,2026-08-13
40ca,20,40,9869.3,0,9868.0,100.0,,,,3.4776,IAEA LiveChart ENSDF adopted gammas,2026-08-13
40ca,20,40,9954,8373.94,1580.0,6.5,,,,3.4776,IAEA LiveChart ENSDF adopted gammas,2026-08-13
40ca,20,40,9954,6931.29,3022.6,5.2,,,,3.4776,IAEA LiveChart ENSDF adopted gammas,2026-08-13
40ca,20,40,9954,6582.47,3371.3,2.1,,,,3.4776,IAEA LiveChart ENSDF adopted gammas,2026-08-13
40ca,20,40,9954,6542.8,3411.1,18.2,,,,3.4776,IAEA LiveChart ENSDF adopted gammas,2026-08-13
40ca,20,40,9954,6507.87,3446.0,7.2,,,,3.4776,IAEA LiveChart ENSDF adopted gammas,2026-08-13
40ca,20,40,9954,5613.52,4340.2,8.2,,,,3.4776,IAEA LiveChart ENSDF adopted gammas,2026-08-13
40ca,20,40,9954,5278.8,4674.9,100.0,M1+E2,,,3.4776,IAEA LiveChart ENSDF adopted gammas,2026-08-13
40ca,20,40,9954,4491.43,5462.2,4.6,,,,3.4776,IAEA LiveChart ENSDF adopted gammas,2026-08-13
40ca,20,40,9954,3736.69,6216.8,11.2,,,,3.4776,IAEA LiveChart ENSDF adopted gammas,2026-08-13
40ca,20,40,10040.54,8764.18,1276.3,10.4,,,,3.4776,IAEA LiveChart ENSDF adopted gammas,2026-08-13
40ca,20,40,10040.54,8484.02,1556.5,3.5,,,,3.4776,IAEA LiveChart ENSDF adopted gammas,2026-08-13
40ca,20,40,10040.54,8323.16,1717.3,100.0,,,,3.4776,IAEA LiveChart ENSDF adopted gammas,2026-08-13
40ca,20,40,10040.54,7623.11,2417.4,4.4,,,,3.4776,IAEA LiveChart ENSDF adopted gammas,2026-08-13
40ca,20,40,10040.54,7532.26,2508.2,1.8,,,,3.4776,IAEA LiveChart ENSDF adopted gammas,2026-08-13
40ca,20,40,10040.54,7277.82,2762.6,16.1,,,,3.4776,IAEA LiveChart ENSDF adopted gammas,2026-08-13
40ca,20,40,10040.54,7113.73,2926.7,8.5,,,,3.4776,IAEA LiveChart ENSDF adopted gammas,2026-08-13
40ca,20,40,10040.54,6950.48,3089.9,12.8,,,,3.4776,IAEA LiveChart ENSDF adopted gammas,2026-08-13
40ca,20,40,10040.54,6582.47,3457.8,2.7,,,,3.4776,IAEA LiveChart ENSDF adopted gammas,2026-08-13
40ca,20,40,10040.54,6025.47,4014.9,3.9,,,,3.4776,IAEA LiveChart ENSDF adopted gammas,2026-08-13
40ca,20,40,10040.54,5902.63,4137.7,26.3,,,,3.4776,IAEA LiveChart ENSDF adopted gammas,2026-08-13
40ca,20,40,10040.54,3736.69,6303.3,3.9,,,,3.4776,IAEA LiveChart ENSDF adopted gammas,2026-08-13
40ca,20,40,10049.38,9031.9,1017.5,26.3,,,,3.4776,IAEA LiveChart ENSDF adopted gammas,2026-08-13
40ca,20,40,10049.38,8187.5,1861.6,1.17,,,,3.4776,IAEA LiveChart ENSDF adopted gammas,2026-08-13
40ca,20,40,10049.38,7769.4,2279.9,5.4,,,,3.4776,IAEA LiveChart ENSDF adopted gammas,2026-08-13
40ca,20,40,10049.38,7239.07,2810.2,1.7,,,,3.4776,IAEA LiveChart ENSDF adopted gammas,2026-08-13
40ca,20,40,10049.38,7113.73,2935.5,32.0,,,,3.4776,IAEA LiveChart ENSDF adopted gammas,2026-08-13
40ca,20,40,10049.38,6582.47,3466.7,16.7,,,,3.4776,IAEA LiveChart ENSDF adopted gammas,2026-08-13
40ca,20,40,10049.38,6285.15,3764.0,2.88,,,,3.4776,IAEA LiveChart ENSDF adopted gammas,2026-08-13
40ca,20,40,10049.38,6025.47,4023.7,2.97,,,,3.4776,IAEA LiveChart ENSDF adopted gammas,2026-08-13
40ca,20,40,10049.38,5613.52,4435.6,2.17,,,,3.4776,IAEA LiveChart ENSDF adopted gammas,2026-08-13
40ca,20,40,10049.38,4491.43,5557.5,37.3,,,,3.4776,IAEA LiveChart ENSDF adopted gammas,2026-08-13
40ca,20,40,10049.38,3736.69,6312.2,100.0,,,,3.4776,IAEA LiveChart ENSDF adopted gammas,2026-08-13
40ca,20,40,10262.53,7623.11,2639.3,3.9,,,,3.4776,IAEA LiveChart ENSDF adopted gammas,2026-08-13
40ca,20,40,10262.53,7466.35,2796.1,43.3,,,,3.4776,IAEA LiveChart ENSDF adopted gammas,2026-08-13
40ca,20,40,10262.53,7446.23,2816.2,13.1,,,,3.4776,IAEA LiveChart ENSDF adopted gammas,2026-08-13
40ca,20,40,10262.53,7113.1,3148.7,3.9,,,,3.4776,IAEA LiveChart ENSDF adopted gammas,2026-08-13
40ca,20,40,10262.53,6582.47,3679.8,11.4,,,,3.4776,IAEA LiveChart ENSDF adopted gammas,2026-08-13
40ca,20,40,10262.53,6029.71,4232.6,45.0,,,,3.4776,IAEA LiveChart ENSDF adopted gammas,2026-08-13
40ca,20,40,10262.53,5902.63,4359.7,7.5,,,,3.4776,IAEA LiveChart ENSDF adopted gammas,2026-08-13
40ca,20,40,10262.53,5629.41,4632.8,8.1,,,,3.4776,IAEA LiveChart ENSDF adopted gammas,2026-08-13
40ca,20,40,10262.53,5248.79,5013.4,10.0,,,,3.4776,IAEA LiveChart ENSDF adopted gammas,2026-08-13
40ca,20,40,10262.53,3904.38,6357.6,100.0,,,,3.4776,IAEA LiveChart ENSDF adopted gammas,2026-08-13
40ca,20,40,10262.53,3736.69,6525.3,32.0,,,,3.4776,IAEA LiveChart ENSDF adopted gammas,2026-08-13
40ca,20,40,10318.8,7701.8,2616.9,0.86,,,,3.4776,IAEA LiveChart ENSDF adopted gammas,2026-08-13
40ca,20,40,10318.8,6950.48,3368.2,0.5,,,,3.4776,IAEA LiveChart ENSDF adopted gammas,2026-08-13
40ca,20,40,10318.8,5629.41,4689.1,0.33,,,,3.4776,IAEA LiveChart ENSDF adopted gammas,2026-08-13
40ca,20,40,10318.8,5211.56,5106.8,0.93,,,,3.4776,IAEA LiveChart ENSDF adopted gammas,2026-08-13
40ca,20,40,10318.8,3904.38,6413.9,4.12,M1+E2,,,3.4776,IAEA LiveChart ENSDF adopted gammas,2026-08-13
40ca,20,40,10318.8,3352.62,6965.5,14.4,,,,3.4776,IAEA LiveChart ENSDF adopted gammas,2026-08-13
40ca,20,40,10318.8,0,10317.4,100.0,,,,3.4776,IAEA LiveChart ENSDF adopted gammas,2026-08-13
40ca,20,40,10415.06,7694.08,2720.8,2.3,,,,3.4776,IAEA LiveChart ENSDF adopted gammas,2026-08-13
40ca,20,40,10415.06,7623.11,2791.8,96.0,,,,3.4776,IAEA LiveChart ENSDF adopted gammas,2026-08-13
40ca,20,40,10415.06,7561.17,2853.8,6.5,,,,3.4776,IAEA LiveChart ENSDF adopted gammas,2026-08-13
40ca,20,40,10415.06,7466.35,2948.6,33.9,,,,3.4776,IAEA LiveChart ENSDF adopted gammas,2026-08-13
40ca,20,40,10415.06,7446.23,2968.7,100.0,,,,3.4776,IAEA LiveChart ENSDF adopted gammas,2026-08-13
40ca,20,40,10415.06,7277.82,3137.1,5.1,,,,3.4776,IAEA LiveChart ENSDF adopted gammas,2026-08-13
40ca,20,40,10415.06,7113.73,3301.2,9.0,,,,3.4776,IAEA LiveChart ENSDF adopted gammas,2026-08-13
40ca,20,40,10415.06,6931.29,3483.6,23.0,,,,3.4776,IAEA LiveChart ENSDF adopted gammas,2026-08-13
40ca,20,40,10415.06,6908.7,3506.2,90.2,,,,3.4776,IAEA LiveChart ENSDF adopted gammas,2026-08-13
40ca,20,40,10415.06,6750.41,3664.5,14.4,,,,3.4776,IAEA LiveChart ENSDF adopted gammas,2026-08-13
40ca,20,40,10415.06,6582.47,3832.3,7.7,,,,3.4776,IAEA LiveChart ENSDF adopted gammas,2026-08-13
40ca,20,40,10415.06,6507.87,3907.0,5.9,,,,3.4776,IAEA LiveChart ENSDF adopted gammas,2026-08-13
40ca,20,40,10415.06,6285.15,4129.7,2.1,,,,3.4776,IAEA LiveChart ENSDF adopted gammas,2026-08-13
40ca,20,40,10415.06,6025.47,4389.3,33.9,,,,3.4776,IAEA LiveChart ENSDF adopted gammas,2026-08-13
40ca,20,40,10415.06,5629.41,4785.3,4.7,,,,3.4776,IAEA LiveChart ENSDF adopted gammas,2026-08-13
40ca,20,40,10415.06,5613.52,4801.2,39.7,,,,3.4776,IAEA LiveChart ENSDF adopted gammas,2026-08-13
40ca,20,40,10415.06,5278.8,5135.9,15.5,,,,3.4776,IAEA LiveChart ENSDF adopted gammas,2026-08-13
40ca,20,40,10415.06,5248.79,5165.9,9.7,,,,3.4776,IAEA LiveChart ENSDF adopted gammas,2026-08-13
40ca,20,40,10415.06,3904.38,6510.1,20.1,,,,3.4776,IAEA LiveChart ENSDF adopted gammas,2026-08-13
40ca,20,40,10415.06,3736.69,6677.8,40.8,,,,3.4776,IAEA LiveChart ENSDF adopted gammas,2026-08-13
40ca,20,40,10639.07,8134.77,2504.2,3.1,,,,3.4776,IAEA LiveChart ENSDF adopted gammas,2026-08-13
40ca,20,40,10639.07,7113.73,3525.2,9.5,,,,3.4776,IAEA LiveChart ENSDF adopted gammas,2026-08-13
40ca,20,40,10639.07,6931.29,3707.6,100.0,,,,3.4776,IAEA LiveChart ENSDF adopted gammas,2026-08-13
40ca,20,40,10639.07,6582.47,4056.3,3.8,,,,3.4776,IAEA LiveChart ENSDF adopted gammas,2026-08-13
40ca,20,40,10639.07,6542.8,4096.1,6.89,,,,3.4776,IAEA LiveChart ENSDF adopted gammas,2026-08-13
40ca,20,40,10639.07,6507.87,4131.0,9.5,,,,3.4776,IAEA LiveChart ENSDF adopted gammas,2026-08-13
40ca,20,40,10639.07,5613.52,5025.2,32.3,,,,3.4776,IAEA LiveChart ENSDF adopted gammas,2026-08-13
40ca,20,40,10639.07,5278.8,5359.9,10.5,,,,3.4776,IAEA LiveChart ENSDF adopted gammas,2026-08-13
40ca,20,40,10639.07,4491.43,6147.1,8.6,,,,3.4776,IAEA LiveChart ENSDF adopted gammas,2026-08-13
40ca,20,40,10639.07,3736.69,6901.7,53.4,,,,3.4776,IAEA LiveChart ENSDF adopted gammas,2026-08-13
40ca,20,40,10699.5,8373.94,2325.5,2.0,,,,3.4776,IAEA LiveChart ENSDF adopted gammas,2026-08-13
40ca,20,40,10699.5,8091.61,2607.8,1.4,,,,3.4776,IAEA LiveChart ENSDF adopted gammas,2026-08-13
40ca,20,40,10699.5,7532.26,3167.1,2.0,,,,3.4776,IAEA LiveChart ENSDF adopted gammas,2026-08-13
40ca,20,40,10699.5,7466.35,3233.0,1.8,,,,3.4776,IAEA LiveChart ENSDF adopted gammas,2026-08-13
40ca,20,40,10699.5,7446.23,3253.1,1.8,,,,3.4776,IAEA LiveChart ENSDF adopted gammas,2026-08-13
40ca,20,40,10699.5,6908.7,3790.6,5.1,,,,3.4776,IAEA LiveChart ENSDF adopted gammas,2026-08-13
40ca,20,40,10699.5,6542.8,4156.5,3.9,,,,3.4776,IAEA LiveChart ENSDF adopted gammas,2026-08-13
40ca,20,40,10699.5,6285.15,4414.1,2.7,,,,3.4776,IAEA LiveChart ENSDF adopted gammas,2026-08-13
40ca,20,40,10699.5,6029.71,4669.5,7.4,,,,3.4776,IAEA LiveChart ENSDF adopted gammas,2026-08-13
40ca,20,40,10699.5,5629.41,5069.7,10.7,,,,3.4776,IAEA LiveChart ENSDF adopted gammas,2026-08-13
40ca,20,40,10699.5,5613.52,5085.6,3.9,,,,3.4776,IAEA LiveChart ENSDF adopted gammas,2026-08-13
40ca,20,40,10699.5,5278.8,5420.3,17.9,,,,3.4776,IAEA LiveChart ENSDF adopted gammas,2026-08-13
40ca,20,40,10699.5,3904.38,6794.5,100.0,,,,3.4776,IAEA LiveChart ENSDF adopted gammas,2026-08-13
40ca,20,40,10699.5,3736.69,6962.2,16.0,,,,3.4776,IAEA LiveChart ENSDF adopted gammas,2026-08-13
40ca,20,40,10737.7,7694.08,3043.4,17.0,,,,3.4776,IAEA LiveChart ENSDF adopted gammas,2026-08-13
40ca,20,40,10737.7,6908.7,3828.8,8.0,,,,3.4776,IAEA LiveChart ENSDF adopted gammas,2026-08-13
40ca,20,40,10737.7,6285.15,4452.3,14.2,,,,3.4776,IAEA LiveChart ENSDF adopted gammas,2026-08-13
40ca,20,40,10737.7,0,10736.2,100.0,,,,3.4776,IAEA LiveChart ENSDF adopted gammas,2026-08-13
40ca,20,40,10747.8,5629.41,5118.0,14.8,,,,3.4776,IAEA LiveChart ENSDF adopted gammas,2026-08-13
40ca,20,40,10747.8,3904.38,6842.8,100.0,,,,3.4776,IAEA LiveChart ENSDF adopted gammas,2026-08-13
40ca,20,40,10747.8,3736.69,7010.5,3.8,,,,3.4776,IAEA LiveChart ENSDF adopted gammas,2026-08-13
40ca,20,40,10770.2,7113.1,3656.3,7.9,,,,3.4776,IAEA LiveChart ENSDF adopted gammas,2026-08-13
40ca,20,40,10770.2,6908.7,3861.3,14.3,,,,3.4776,IAEA LiveChart ENSDF adopted gammas,2026-08-13
40ca,20,40,10770.2,5248.79,5521.0,100.0,,,,3.4776,IAEA LiveChart ENSDF adopted gammas,2026-08-13
40ca,20,40,10770.2,0,10768.6,76.0,,,,3.4776,IAEA LiveChart ENSDF adopted gammas,2026-08-13
40ca,20,40,10910,3736.69,7172.6,100.0,,,,3.4776,IAEA LiveChart ENSDF adopted gammas,2026-08-13
40ca,20,40,10921.1,6025.47,4895.3,20.0,,,,3.4776,IAEA LiveChart ENSDF adopted gammas,2026-08-13
40ca,20,40,10921.1,5278.8,5641.9,100.0,,,,3.4776,IAEA LiveChart ENSDF adopted gammas,2026-08-13
40ca,20,40,10956,8187.5,2768.2,11.0,,,,3.4776,IAEA LiveChart ENSDF adopted gammas,2026-08-13
40ca,20,40,10956,7481,3474.8,23.0,,,,3.4776,IAEA LiveChart ENSDF adopted gammas,2026-08-13
40ca,20,40,10956,5902.63,5053.0,23.0,,,,3.4776,IAEA LiveChart ENSDF adopted gammas,2026-08-13
40ca,20,40,10956,5613.52,5342.1,18.0,,,,3.4776,IAEA LiveChart ENSDF adopted gammas,2026-08-13
40ca,20,40,10956,5278.8,5676.8,100.0,,,,3.4776,IAEA LiveChart ENSDF adopted gammas,2026-08-13
40ca,20,40,10956,3736.69,7218.6,57.0,,,,3.4776,IAEA LiveChart ENSDF adopted gammas,2026-08-13
40ca,20,40,10988,8978,2010.0,12.0,,,,3.4776,IAEA LiveChart ENSDF adopted gammas,2026-08-13
40ca,20,40,10988,6908.7,4079.1,12.0,,,,3.4776,IAEA LiveChart ENSDF adopted gammas,2026-08-13
40ca,20,40,10988,6285.15,4702.6,25.0,,,,3.4776,IAEA LiveChart ENSDF adopted gammas,2026-08-13
40ca,20,40,10988,5629.41,5358.2,25.0,,,,3.4776,IAEA LiveChart ENSDF adopted gammas,2026-08-13
40ca,20,40,10988,3904.38,7083.0,100.0,,,,3.4776,IAEA LiveChart ENSDF adopted gammas,2026-08-13
40ca,20,40,10988,3736.69,7250.6,88.0,,,,3.4776,IAEA LiveChart ENSDF adopted gammas,2026-08-13
40ca,20,40,11011,8338,2672.9,27.0,,,,3.4776,IAEA LiveChart ENSDF adopted gammas,2026-08-13
40ca,20,40,11011,7676.6,3334.3,16.0,[E3],,,3.4776,IAEA LiveChart ENSDF adopted gammas,2026-08-13
40ca,20,40,11011,4491.43,6519.0,100.0,[E2],,,3.4776,IAEA LiveChart ENSDF adopted gammas,2026-08-13
40ca,20,40,11011,3736.69,7273.6,29.0,,,,3.4776,IAEA LiveChart ENSDF adopted gammas,2026-08-13
40ca,20,40,11011,0,11009.4,14.0,[E3],,,3.4776,IAEA LiveChart ENSDF adopted gammas,2026-08-13
40ca,20,40,11070.6,5613.52,5456.1,8.0,,,,3.4776,IAEA LiveChart ENSDF adopted gammas,2026-08-13
40ca,20,40,11070.6,5278.8,5790.7,15.0,,,,3.4776,IAEA LiveChart ENSDF adopted gammas,2026-08-13
40ca,20,40,11070.6,5248.79,5820.7,15.0,,,,3.4776,IAEA LiveChart ENSDF adopted gammas,2026-08-13
40ca,20,40,11070.6,3904.38,7164.9,100.0,,,,3.4776,IAEA LiveChart ENSDF adopted gammas,2026-08-13
40ca,20,40,11070.6,3736.69,7332.6,15.0,,,,3.4776,IAEA LiveChart ENSDF adopted gammas,2026-08-13
40ca,20,40,11988,10318.8,1666.5,75.0,,,,3.4776,IAEA LiveChart ENSDF adopted gammas,2026-08-13
40ca,20,40,11988,9869.3,2119.5,100.0,,,,3.4776,IAEA LiveChart ENSDF adopted gammas,2026-08-13
57fe,26,57,14.4129,0,14.4129,100.0,M1+E2,8.56,0.10460251046025104,3.7532,IAEA LiveChart ENSDF adopted gammas,2026-08-13
57fe,26,57,136.4743,14.4129,122.0614,100.0,M1+E2,0.024,0.9765625,3.7532,IAEA LiveChart ENSDF adopted gammas,2026-08-13
57fe,26,57,136.4743,0,136.4743,12.0,E2,0.137,0.8795074758135444,3.7532,IAEA LiveChart ENSDF adopted gammas,2026-08-13
57fe,26,57,366.759,136.4743,230.29,9.2,(M1+E2),,,3.7532,IAEA LiveChart ENSDF adopted gammas,2026-08-13
57fe,26,57,366.759,14.4129,352.36,100.0,M1+E2,,,3.7532,IAEA LiveChart ENSDF adopted gammas,2026-08-13
57fe,26,57,366.759,0,366.75,17.7,M1+E2,,,3.7532,IAEA LiveChart ENSDF adopted gammas,2026-08-13
57fe,26,57,706.416,366.759,339.54,1.7,M1+E2,,,3.7532,IAEA LiveChart ENSDF adopted gammas,2026-08-13
57fe,26,57,706.416,136.4743,569.92,11.0,M1+E2,,,3.7532,IAEA LiveChart ENSDF adopted gammas,2026-08-13
57fe,26,57,706.416,14.4129,692.03,100.0,M1+E2,,,3.7532,IAEA LiveChart ENSDF adopted gammas,2026-08-13
57fe,26,57,706.416,0,706.4,5.7,[E2],,,3.7532,IAEA LiveChart ENSDF adopted gammas,2026-08-13
57fe,26,57,1007.13,366.759,640.2,4.7,E2,,,3.7532,IAEA LiveChart ENSDF adopted gammas,2026-08-13
57fe,26,57,1007.13,136.4743,870.68,100.0,M1+E2,,,3.7532,IAEA LiveChart ENSDF adopted gammas,2026-08-13
57fe,26,57,1007.13,14.4129,992.68,51.6,E2,,,3.7532,IAEA LiveChart ENSDF adopted gammas,2026-08-13
57fe,26,57,1197.81,136.4743,1061.6,100.0,E2,,,3.7532,IAEA LiveChart ENSDF adopted gammas,2026-08-13
57fe,26,57,1265.52,366.759,898.4,100.0,,,,3.7532,IAEA LiveChart ENSDF adopted gammas,2026-08-13
57fe,26,57,1265.52,14.4129,1250.6,4.8,,,,3.7532,IAEA LiveChart ENSDF adopted gammas,2026-08-13
57fe,26,57,1265.52,0,1265.0,2.7,,,,3.7532,IAEA LiveChart ENSDF adopted gammas,2026-08-13
57fe,26,57,1356.83,706.416,650.4,100.0,M1+E2,,,3.7532,IAEA LiveChart ENSDF adopted gammas,2026-08-13
57fe,26,57,1356.83,366.759,990.1,43.0,E2,,,3.7532,IAEA LiveChart ENSDF adopted gammas,2026-08-13
57fe,26,57,1356.83,14.4129,1342.7,40.0,E2,,,3.7532,IAEA LiveChart ENSDF adopted gammas,2026-08-13
57fe,26,57,1627.256,706.416,920.85,14.1,,,,3.7532,IAEA LiveChart ENSDF adopted gammas,2026-08-13
57fe,26,57,1627.256,366.759,1260.6,46.0,,,,3.7532,IAEA LiveChart ENSDF adopted gammas,2026-08-13
57fe,26,57,1627.256,14.4129,1612.78,100.0,M1+E2,,,3.7532,IAEA LiveChart ENSDF adopted gammas,2026-08-13
57fe,26,57,1627.256,0,1627.05,3.9,,,,3.7532,IAEA LiveChart ENSDF adopted gammas,2026-08-13
57fe,26,57,1725.38,1265.52,460.1,0.48,,,,3.7532,IAEA LiveChart ENSDF adopted gammas,2026-08-13
57fe,26,57,1725.38,706.416,1019.02,27.6,,,,3.7532,IAEA LiveChart ENSDF adopted gammas,2026-08-13
57fe,26,57,1725.38,366.759,1358.71,14.3,,,,3.7532,IAEA LiveChart ENSDF adopted gammas,2026-08-13
57fe,26,57,1725.38,14.4129,1710.2,4.0,,,,3.7532,IAEA LiveChart ENSDF adopted gammas,2026-08-13
57fe,26,57,1725.38,0,1725.09,100.0,M1+E2,,,3.7532,IAEA LiveChart ENSDF adopted gammas,2026-08-13
57fe,26,57,1976.63,1725.38,251.1,25.0,,,,3.7532,IAEA LiveChart ENSDF adopted gammas,2026-08-13
57fe,26,57,1976.63,136.4743,1840.2,100.0,,,,3.7532,IAEA LiveChart ENSDF adopted gammas,2026-08-13
57fe,26,57,1976.63,0,1976.4,24.0,,,,3.7532,IAEA LiveChart ENSDF adopted gammas,2026-08-13
57fe,26,57,1989.66,1197.81,791.6,66.0,,,,3.7532,IAEA LiveChart ENSDF adopted gammas,2026-08-13
57fe,26,57,1989.66,1007.13,983.0,78.0,M1+E2,,,3.7532,IAEA LiveChart ENSDF adopted gammas,2026-08-13
57fe,26,57,1989.66,706.416,1282.85,100.0,E2(+M3),,,3.7532,IAEA LiveChart ENSDF adopted gammas,2026-08-13
57fe,26,57,2113.11,1265.52,849.5,27.0,,,,3.7532,IAEA LiveChart ENSDF adopted gammas,2026-08-13
57fe,26,57,2113.11,0,2113.4,100.0,,,,3.7532,IAEA LiveChart ENSDF adopted gammas,2026-08-13
57fe,26,57,2118.6,1007.13,1111.6,29.0,,,,3.7532,IAEA LiveChart ENSDF adopted gammas,2026-08-13
57fe,26,57,2118.6,706.416,1412.1,100.0,M1+E2,,,3.7532,IAEA LiveChart ENSDF adopted gammas,2026-08-13
57fe,26,57,2118.6,14.4129,2104.4,69.0,,,,3.7532,IAEA LiveChart ENSDF adopted gammas,2026-08-13
57fe,26,57,2206.88,1265.52,942.0,8.0,,,,3.7532,IAEA LiveChart ENSDF adopted gammas,2026-08-13
57fe,26,57,2206.88,1007.13,1199.9,42.0,,,,3.7532,IAEA LiveChart ENSDF adopted gammas,2026-08-13
57fe,26,57,2206.88,14.4129,2192.8,100.0,,,,3.7532,IAEA LiveChart ENSDF adopted gammas,2026-08-13
57fe,26,57,2206.88,0,2206.8,84.0,,,,3.7532,IAEA LiveChart ENSDF adopted gammas,2026-08-13
57fe,26,57,2217.66,366.759,1851.3,46.0,,,,3.7532,IAEA LiveChart ENSDF adopted gammas,2026-08-13
57fe,26,57,2217.66,136.4743,2081.2,77.0,,,,3.7532,IAEA LiveChart ENSDF adopted gammas,2026-08-13
57fe,26,57,2217.66,14.4129,2202.7,100.0,,,,3.7532,IAEA LiveChart ENSDF adopted gammas,2026-08-13
57fe,26,57,2220.2,366.759,1853.3,10.0,,,,3.7532,IAEA LiveChart ENSDF adopted gammas,2026-08-13
57fe,26,57,2220.2,136.4743,2083.8,94.0,(M1+E2),,,3.7532,IAEA LiveChart ENSDF adopted gammas,2026-08-13
57fe,26,57,2220.2,14.4129,2205.8,100.0,,,,3.7532,IAEA LiveChart ENSDF adopted gammas,2026-08-13
57fe,26,57,2330.41,1627.256,703.4,100.0,,,,3.7532,IAEA LiveChart ENSDF adopted gammas,2026-08-13
57fe,26,57,2355.96,1197.81,1158.37,41.0,M1+E2,,,3.7532,IAEA LiveChart ENSDF adopted gammas,2026-08-13
57fe,26,57,2355.96,1007.13,1348.86,100.0,(E2),,,3.7532,IAEA LiveChart ENSDF adopted gammas,2026-08-13
57fe,26,57,2455.55,1007.13,1448.52,100.0,(E1+M2),,,3.7532,IAEA LiveChart ENSDF adopted gammas,2026-08-13
57fe,26,57,2505.29,1725.38,780.0,5.0,,,,3.7532,IAEA LiveChart ENSDF adopted gammas,2026-08-13
57fe,26,57,2505.29,706.416,1798.1,10.0,,,,3.7532,IAEA LiveChart ENSDF adopted gammas,2026-08-13
57fe,26,57,2505.29,366.759,2138.63,100.0,,,,3.7532,IAEA LiveChart ENSDF adopted gammas,2026-08-13
57fe,26,57,2505.29,136.4743,2368.6,47.0,,,,3.7532,IAEA LiveChart ENSDF adopted gammas,2026-08-13
57fe,26,57,2505.29,14.4129,2490.8,18.0,,,,3.7532,IAEA LiveChart ENSDF adopted gammas,2026-08-13
57fe,26,57,2564.22,1725.38,837.9,100.0,,,,3.7532,IAEA LiveChart ENSDF adopted gammas,2026-08-13
57fe,26,57,2564.22,0,2562.4,57.0,,,,3.7532,IAEA LiveChart ENSDF adopted gammas,2026-08-13
57fe,26,57,2574.5,366.759,2207.6,38.0,,,,3.7532,IAEA LiveChart ENSDF adopted gammas,2026-08-13
57fe,26,57,2574.5,0,2574.4,100.0,,,,3.7532,IAEA LiveChart ENSDF adopted gammas,2026-08-13
57fe,26,57,2593.6,1007.13,1586.4,82.0,,,,3.7532,IAEA LiveChart ENSDF adopted gammas,2026-08-13
57fe,26,57,2593.6,706.416,1887.1,100.0,,,,3.7532,IAEA LiveChart ENSDF adopted gammas,2026-08-13
57fe,26,57,2593.6,0,2593.5,18.0,,,,3.7532,IAEA LiveChart ENSDF adopted gammas,2026-08-13
57fe,26,57,2599.4,136.4743,2462.1,100.0,,,,3.7532,IAEA LiveChart ENSDF adopted gammas,2026-08-13
57fe,26,57,2599.4,0,2598.1,43.0,,,,3.7532,IAEA LiveChart ENSDF adopted gammas,2026-08-13
57fe,26,57,2697.17,706.416,1991.0,7.0,,,,3.7532,IAEA LiveChart ENSDF adopted gammas,2026-08-13
57fe,26,57,2697.17,366.759,2330.6,15.0,,,,3.7532,IAEA LiveChart ENSDF adopted gammas,2026-08-13
57fe,26,57,2697.17,14.4129,2682.5,100.0,,,,3.7532,IAEA LiveChart ENSDF adopted gammas,2026-08-13
57fe,26,57,2697.17,0,2696.6,65.0,,,,3.7532,IAEA LiveChart ENSDF adopted gammas,2026-08-13
57fe,26,57,2758.3,1265.52,1492.4,27.0,,,,3.7532,IAEA LiveChart ENSDF adopted gammas,2026-08-13
57fe,26,57,2758.3,366.759,2391.8,100.0,,,,3.7532,IAEA LiveChart ENSDF adopted gammas,2026-08-13
57fe,26,57,2821.07,2217.66,603.54,100.0,,,,3.7532,IAEA LiveChart ENSDF adopted gammas,2026-08-13
57fe,26,57,2821.07,1007.13,1812.9,44.0,,,,3.7532,IAEA LiveChart ENSDF adopted gammas,2026-08-13
57fe,26,57,2835.89,2113.11,723.0,1.5,,,,3.7532,IAEA LiveChart ENSDF adopted gammas,2026-08-13
57fe,26,57,2835.89,1007.13,1828.9,4.5,,,,3.7532,IAEA LiveChart ENSDF adopted gammas,2026-08-13
57fe,26,57,2835.89,706.416,2129.48,100.0,,,,3.7532,IAEA LiveChart ENSDF adopted gammas,2026-08-13
57fe,26,57,2835.89,366.759,2469.17,90.0,,,,3.7532,IAEA LiveChart ENSDF adopted gammas,2026-08-13
57fe,26,57,2835.89,14.4129,2821.5,15.0,,,,3.7532,IAEA LiveChart ENSDF adopted gammas,2026-08-13
57fe,26,57,2835.89,0,2835.43,37.0,,,,3.7532,IAEA LiveChart ENSDF adopted gammas,2026-08-13
57fe,26,57,2878.7,1197.81,1680.58,100.0,(E2),,,3.7532,IAEA LiveChart ENSDF adopted gammas,2026-08-13
57fe,26,57,2904.28,706.416,2198.2,100.0,,,,3.7532,IAEA LiveChart ENSDF adopted gammas,2026-08-13
57fe,26,57,2904.28,366.759,2537.1,47.0,,,,3.7532,IAEA LiveChart ENSDF adopted gammas,2026-08-13
57fe,26,57,2921.2,1265.52,1655.37,42.0,,,,3.7532,IAEA LiveChart ENSDF adopted gammas,2026-08-13
57fe,26,57,2921.2,366.759,2554.3,31.0,,,,3.7532,IAEA LiveChart ENSDF adopted gammas,2026-08-13
57fe,26,57,2921.2,14.4129,2906.0,45.0,,,,3.7532,IAEA LiveChart ENSDF adopted gammas,2026-08-13
57fe,26,57,2921.2,0,2920.5,100.0,,,,3.7532,IAEA LiveChart ENSDF adopted gammas,2026-08-13
57fe,26,57,2970.89,366.759,2603.1,100.0,,,,3.7532,IAEA LiveChart ENSDF adopted gammas,2026-08-13
57fe,26,57,2987.95,2330.41,657.56,76.0,,,,3.7532,IAEA LiveChart ENSDF adopted gammas,2026-08-13
57fe,26,57,2987.95,1265.52,1722.4,100.0,,,,3.7532,IAEA LiveChart ENSDF adopted gammas,2026-08-13
57fe,26,57,2987.95,366.759,2618.9,15.0,,,,3.7532,IAEA LiveChart ENSDF adopted gammas,2026-08-13
57fe,26,57,3059.1,366.759,2691.6,50.0,,,,3.7532,IAEA LiveChart ENSDF adopted gammas,2026-08-13
57fe,26,57,3059.1,136.4743,2922.5,100.0,,,,3.7532,IAEA LiveChart ENSDF adopted gammas,2026-08-13
57fe,26,57,3098.95,1007.13,2091.85,100.0,,,,3.7532,IAEA LiveChart ENSDF adopted gammas,2026-08-13
57fe,26,57,3122.76,366.759,2755.9,100.0,,,,3.7532,IAEA LiveChart ENSDF adopted gammas,2026-08-13
57fe,26,57,3134.8,2878.7,256.03,100.0,M1+E2,,,3.7532,IAEA LiveChart ENSDF adopted gammas,2026-08-13
57fe,26,57,3182.77,2970.89,211.87,50.0,,,,3.7532,IAEA LiveChart ENSDF adopted gammas,2026-08-13
57fe,26,57,3182.77,2206.88,977.1,31.0,,,,3.7532,IAEA LiveChart ENSDF adopted gammas,2026-08-13
57fe,26,57,3182.77,1725.38,1457.4,25.0,,,,3.7532,IAEA LiveChart ENSDF adopted gammas,2026-08-13
57fe,26,57,3182.77,1356.83,1825.9,56.0,,,,3.7532,IAEA LiveChart ENSDF adopted gammas,2026-08-13
57fe,26,57,3182.77,366.759,2815.0,56.0,,,,3.7532,IAEA LiveChart ENSDF adopted gammas,2026-08-13
57fe,26,57,3182.77,14.4129,3166.9,100.0,,,,3.7532,IAEA LiveChart ENSDF adopted gammas,2026-08-13
57fe,26,57,3205.6,2217.66,988.2,100.0,,,,3.7532,IAEA LiveChart ENSDF adopted gammas,2026-08-13
57fe,26,57,3239.89,2505.29,735.1,6.0,,,,3.7532,IAEA LiveChart ENSDF adopted gammas,2026-08-13
57fe,26,57,3239.89,2217.66,1022.0,7.5,,,,3.7532,IAEA LiveChart ENSDF adopted gammas,2026-08-13
57fe,26,57,3239.89,1976.63,1263.3,14.9,,,,3.7532,IAEA LiveChart ENSDF adopted gammas,2026-08-13
57fe,26,57,3239.89,366.759,2873.7,55.0,,,,3.7532,IAEA LiveChart ENSDF adopted gammas,2026-08-13
57fe,26,57,3239.89,136.4743,3103.1,100.0,,,,3.7532,IAEA LiveChart ENSDF adopted gammas,2026-08-13
57fe,26,57,3239.89,14.4129,3225.3,45.0,,,,3.7532,IAEA LiveChart ENSDF adopted gammas,2026-08-13
57fe,26,57,3239.89,0,3239.3,52.0,,,,3.7532,IAEA LiveChart ENSDF adopted gammas,2026-08-13
57fe,26,57,3269.26,2455.55,813.73,49.0,(E2),,,3.7532,IAEA LiveChart ENSDF adopted gammas,2026-08-13
57fe,26,57,3269.26,2355.96,913.37,100.0,(E1+M2),,,3.7532,IAEA LiveChart ENSDF adopted gammas,2026-08-13
57fe,26,57,3301.77,1627.256,1674.62,57.0,,,,3.7532,IAEA LiveChart ENSDF adopted gammas,2026-08-13
57fe,26,57,3301.77,1197.81,2104.5,100.0,,,,3.7532,IAEA LiveChart ENSDF adopted gammas,2026-08-13
57fe,26,57,3301.77,366.759,2935.8,36.0,,,,3.7532,IAEA LiveChart ENSDF adopted gammas,2026-08-13
57fe,26,57,3322.48,2758.3,564.19,76.0,,,,3.7532,IAEA LiveChart ENSDF adopted gammas,2026-08-13
57fe,26,57,3322.48,2206.88,1115.64,31.0,,,,3.7532,IAEA LiveChart ENSDF adopted gammas,2026-08-13
57fe,26,57,3322.48,1976.63,1345.2,21.0,,,,3.7532,IAEA LiveChart ENSDF adopted gammas,2026-08-13
57fe,26,57,3322.48,1356.83,1965.3,100.0,,,,3.7532,IAEA LiveChart ENSDF adopted gammas,2026-08-13
57fe,26,57,3336.59,366.759,2970.0,100.0,,,,3.7532,IAEA LiveChart ENSDF adopted gammas,2026-08-13
57fe,26,57,3340.33,2455.55,884.78,100.0,,,,3.7532,IAEA LiveChart ENSDF adopted gammas,2026-08-13
57fe,26,57,3371.11,2330.41,1041.1,9.0,,,,3.7532,IAEA LiveChart ENSDF adopted gammas,2026-08-13
57fe,26,57,3371.11,1725.38,1646.0,21.0,,,,3.7532,IAEA LiveChart ENSDF adopted gammas,2026-08-13
57fe,26,57,3371.11,14.4129,3356.3,100.0,,,,3.7532,IAEA LiveChart ENSDF adopted gammas,2026-08-13
57fe,26,57,3427.68,706.416,2721.17,85.0,,,,3.7532,IAEA LiveChart ENSDF adopted gammas,2026-08-13
57fe,26,57,3427.68,366.759,3060.9,9.3,,,,3.7532,IAEA LiveChart ENSDF adopted gammas,2026-08-13
57fe,26,57,3427.68,136.4743,3291.1,19.0,,,,3.7532,IAEA LiveChart ENSDF adopted gammas,2026-08-13
57fe,26,57,3427.68,14.4129,3414.3,100.0,,,,3.7532,IAEA LiveChart ENSDF adopted gammas,2026-08-13
57fe,26,57,3513.8,3134.8,379.06,100.0,,,,3.7532,IAEA LiveChart ENSDF adopted gammas,2026-08-13
57fe,26,57,3535.92,1725.38,1810.51,100.0,,,,3.7532,IAEA LiveChart ENSDF adopted gammas,2026-08-13
57fe,26,57,3561.34,2758.3,803.09,100.0,,,,3.7532,IAEA LiveChart ENSDF adopted gammas,2026-08-13
57fe,26,57,3561.34,2113.11,1447.0,38.0,,,,3.7532,IAEA LiveChart ENSDF adopted gammas,2026-08-13
57fe,26,57,3608.51,1627.256,1982.1,100.0,,,,3.7532,IAEA LiveChart ENSDF adopted gammas,2026-08-13
57fe,26,57,3791.59,2330.41,1460.9,16.3,,,,3.7532,IAEA LiveChart ENSDF adopted gammas,2026-08-13
57fe,26,57,3791.59,2206.88,1584.6,14.3,,,,3.7532,IAEA LiveChart ENSDF adopted gammas,2026-08-13
57fe,26,57,3791.59,1725.38,2066.17,100.0,,,,3.7532,IAEA LiveChart ENSDF adopted gammas,2026-08-13
57fe,26,57,3791.59,1627.256,2164.69,41.0,,,,3.7532,IAEA LiveChart ENSDF adopted gammas,2026-08-13
57fe,26,57,3791.59,1265.52,2526.2,59.0,,,,3.7532,IAEA LiveChart ENSDF adopted gammas,2026-08-13
57fe,26,57,3791.59,14.4129,3776.6,16.0,,,,3.7532,IAEA LiveChart ENSDF adopted gammas,2026-08-13
57fe,26,57,3791.59,0,3791.7,33.0,,,,3.7532,IAEA LiveChart ENSDF adopted gammas,2026-08-13
57fe,26,57,3862.42,2206.88,1655.51,100.0,,,,3.7532,IAEA LiveChart ENSDF adopted gammas,2026-08-13
57fe,26,57,3936.1,14.4129,3921.5,100.0,,,,3.7532,IAEA LiveChart ENSDF adopted gammas,2026-08-13
57fe,26,57,3981.18,2821.07,1159.5,15.0,,,,3.7532,IAEA LiveChart ENSDF adopted gammas,2026-08-13
57fe,26,57,3981.18,2697.17,1284.0,77.0,,,,3.7532,IAEA LiveChart ENSDF adopted gammas,2026-08-13
57fe,26,57,3981.18,2599.4,1381.7,100.0,,,,3.7532,IAEA LiveChart ENSDF adopted gammas,2026-08-13
57fe,26,57,3981.18,0,3981.7,77.0,,,,3.7532,IAEA LiveChart ENSDF adopted gammas,2026-08-13
57fe,26,57,4042.6,1627.256,2415.1,100.0,,,,3.7532,IAEA LiveChart ENSDF adopted gammas,2026-08-13
57fe,26,57,4136.62,3561.34,575.09,90.0,,,,3.7532,IAEA LiveChart ENSDF adopted gammas,2026-08-13
57fe,26,57,4136.62,3301.77,834.91,100.0,,,,3.7532,IAEA LiveChart ENSDF adopted gammas,2026-08-13
57fe,26,57,4136.62,3059.1,1077.3,19.0,,,,3.7532,IAEA LiveChart ENSDF adopted gammas,2026-08-13
57fe,26,57,4136.62,2921.2,1215.38,48.0,,,,3.7532,IAEA LiveChart ENSDF adopted gammas,2026-08-13
57fe,26,57,4136.62,2855,1282.3,43.0,,,,3.7532,IAEA LiveChart ENSDF adopted gammas,2026-08-13
57fe,26,57,4136.62,2835.89,1300.9,43.0,,,,3.7532,IAEA LiveChart ENSDF adopted gammas,2026-08-13
57fe,26,57,4136.62,2206.88,1931.8,29.0,,,,3.7532,IAEA LiveChart ENSDF adopted gammas,2026-08-13
57fe,26,57,4138.57,2505.29,1632.94,100.0,,,,3.7532,IAEA LiveChart ENSDF adopted gammas,2026-08-13
57fe,26,57,4138.57,1356.83,2783.8,81.0,,,,3.7532,IAEA LiveChart ENSDF adopted gammas,2026-08-13
57fe,26,57,4138.57,366.759,3774.0,22.0,,,,3.7532,IAEA LiveChart ENSDF adopted gammas,2026-08-13
57fe,26,57,4138.57,136.4743,4002.4,17.0,,,,3.7532,IAEA LiveChart ENSDF adopted gammas,2026-08-13
57fe,26,57,4144.3,1627.256,2517.0,100.0,,,,3.7532,IAEA LiveChart ENSDF adopted gammas,2026-08-13
57fe,26,57,4209.59,3608.51,601.3,48.0,,,,3.7532,IAEA LiveChart ENSDF adopted gammas,2026-08-13
57fe,26,57,4209.59,3182.77,1026.4,17.0,,,,3.7532,IAEA LiveChart ENSDF adopted gammas,2026-08-13
57fe,26,57,4209.59,3098.95,1110.9,17.0,,,,3.7532,IAEA LiveChart ENSDF adopted gammas,2026-08-13
57fe,26,57,4209.59,2904.28,1305.3,24.0,,,,3.7532,IAEA LiveChart ENSDF adopted gammas,2026-08-13
57fe,26,57,4209.59,2505.29,1705.0,38.0,,,,3.7532,IAEA LiveChart ENSDF adopted gammas,2026-08-13
57fe,26,57,4209.59,2113.11,2097.0,17.0,,,,3.7532,IAEA LiveChart ENSDF adopted gammas,2026-08-13
57fe,26,57,4209.59,1627.256,2582.0,31.0,,,,3.7532,IAEA LiveChart ENSDF adopted gammas,2026-08-13
57fe,26,57,4209.59,1265.52,2943.4,28.0,,,,3.7532,IAEA LiveChart ENSDF adopted gammas,2026-08-13
57fe,26,57,4209.59,366.759,3842.4,100.0,,,,3.7532,IAEA LiveChart ENSDF adopted gammas,2026-08-13
57fe,26,57,4209.59,136.4743,4073.3,72.0,,,,3.7532,IAEA LiveChart ENSDF adopted gammas,2026-08-13
57fe,26,57,4209.59,14.4129,4194.8,45.0,,,,3.7532,IAEA LiveChart ENSDF adopted gammas,2026-08-13
57fe,26,57,4209.59,0,4210.2,24.0,,,,3.7532,IAEA LiveChart ENSDF adopted gammas,2026-08-13
57fe,26,57,4378.68,4042.6,335.9,25.0,,,,3.7532,IAEA LiveChart ENSDF adopted gammas,2026-08-13
57fe,26,57,4378.68,3371.11,1006.9,19.0,,,,3.7532,IAEA LiveChart ENSDF adopted gammas,2026-08-13
57fe,26,57,4378.68,3122.76,1255.5,13.0,,,,3.7532,IAEA LiveChart ENSDF adopted gammas,2026-08-13
57fe,26,57,4378.68,1725.38,2654.3,31.0,,,,3.7532,IAEA LiveChart ENSDF adopted gammas,2026-08-13
57fe,26,57,4378.68,0,4378.3,100.0,,,,3.7532,IAEA LiveChart ENSDF adopted gammas,2026-08-13
57fe,26,57,4379.44,2921.2,1458.09,22.0,,,,3.7532,IAEA LiveChart ENSDF adopted gammas,2026-08-13
57fe,26,57,4379.44,2697.17,1681.3,12.0,,,,3.7532,IAEA LiveChart ENSDF adopted gammas,2026-08-13
57fe,26,57,4379.44,366.759,4013.6,100.0,,,,3.7532,IAEA LiveChart ENSDF adopted gammas,2026-08-13
57fe,26,57,4432.4,3134.8,1297.8,100.0,,,,3.7532,IAEA LiveChart ENSDF adopted gammas,2026-08-13
57fe,26,57,4459.7,3340.33,1119.8,3.8,,,,3.7532,IAEA LiveChart ENSDF adopted gammas,2026-08-13
57fe,26,57,4459.7,3110,1351.8,9.4,,,,3.7532,IAEA LiveChart ENSDF adopted gammas,2026-08-13
57fe,26,57,4459.7,2758.3,1700.8,21.0,,,,3.7532,IAEA LiveChart ENSDF adopted gammas,2026-08-13
57fe,26,57,4459.7,2113.11,2348.9,11.0,,,,3.7532,IAEA LiveChart ENSDF adopted gammas,2026-08-13
57fe,26,57,4459.7,1725.38,2734.2,28.0,,,,3.7532,IAEA LiveChart ENSDF adopted gammas,2026-08-13
57fe,26,57,4459.7,1627.256,2832.46,100.0,,,,3.7532,IAEA LiveChart ENSDF adopted gammas,2026-08-13
57fe,26,57,4525.54,3269.26,1256.27,100.0,(E2),,,3.7532,IAEA LiveChart ENSDF adopted gammas,2026-08-13
57fe,26,57,4572.8,2599.4,1973.4,100.0,,,,3.7532,IAEA LiveChart ENSDF adopted gammas,2026-08-13
57fe,26,57,4597.4,2564.22,2033.2,100.0,,,,3.7532,IAEA LiveChart ENSDF adopted gammas,2026-08-13
57fe,26,57,4691.75,3336.59,1355.6,100.0,,,,3.7532,IAEA LiveChart ENSDF adopted gammas,2026-08-13
57fe,26,57,4691.75,3322.48,1369.1,100.0,,,,3.7532,IAEA LiveChart ENSDF adopted gammas,2026-08-13
57fe,26,57,4691.75,3205.6,1487.2,23.0,,,,3.7532,IAEA LiveChart ENSDF adopted gammas,2026-08-13
57fe,26,57,4691.75,2855,1836.4,46.0,,,,3.7532,IAEA LiveChart ENSDF adopted gammas,2026-08-13
57fe,26,57,4691.75,2835.89,1855.9,46.0,,,,3.7532,IAEA LiveChart ENSDF adopted gammas,2026-08-13
57fe,26,57,4691.75,2505.29,2186.4,31.0,,,,3.7532,IAEA LiveChart ENSDF adopted gammas,2026-08-13
57fe,26,57,4691.75,2206.88,2486.0,62.0,,,,3.7532,IAEA LiveChart ENSDF adopted gammas,2026-08-13
57fe,26,57,4691.75,136.4743,4555.3,69.0,,,,3.7532,IAEA LiveChart ENSDF adopted gammas,2026-08-13
57fe,26,57,4823.9,3239.89,1584.0,100.0,,,,3.7532,IAEA LiveChart ENSDF adopted gammas,2026-08-13
57fe,26,57,4922.9,2505.29,2418.3,100.0,,,,3.7532,IAEA LiveChart ENSDF adopted gammas,2026-08-13
57fe,26,57,4922.9,1356.83,3565.4,70.0,,,,3.7532,IAEA LiveChart ENSDF adopted gammas,2026-08-13
57fe,26,57,5140.25,3239.89,1899.5,55.0,,,,3.7532,IAEA LiveChart ENSDF adopted gammas,2026-08-13
57fe,26,57,5140.25,2564.22,2574.3,100.0,,,,3.7532,IAEA LiveChart ENSDF adopted gammas,2026-08-13
57fe,26,57,5140.25,2113.11,3027.55,100.0,,,,3.7532,IAEA LiveChart ENSDF adopted gammas,2026-08-13
57fe,26,57,5178.44,3981.18,1197.27,100.0,,,,3.7532,IAEA LiveChart ENSDF adopted gammas,2026-08-13
57fe,26,57,5178.44,2697.17,2480.2,17.0,,,,3.7532,IAEA LiveChart ENSDF adopted gammas,2026-08-13
57fe,26,57,5178.44,136.4743,5042.1,50.0,,,,3.7532,IAEA LiveChart ENSDF adopted gammas,2026-08-13
57fe,26,57,5221.6,2835.89,2385.3,75.0,,,,3.7532,IAEA LiveChart ENSDF adopted gammas,2026-08-13
57fe,26,57,5221.6,2206.88,3014.7,100.0,,,,3.7532,IAEA LiveChart ENSDF adopted gammas,2026-08-13
57fe,26,57,5221.6,366.759,4856.6,83.0,,,,3.7532,IAEA LiveChart ENSDF adopted gammas,2026-08-13
57fe,26,57,5362.1,2505.29,2856.7,100.0,,,,3.7532,IAEA LiveChart ENSDF adopted gammas,2026-08-13
57fe,26,57,6187.1,4525.54,1661.54,100.0,(E2),,,3.7532,IAEA LiveChart ENSDF adopted gammas,2026-08-13
57fe,26,57,7646.7,4379.44,3267.0,1.9,,,,3.7532,IAEA LiveChart ENSDF adopted gammas,2026-08-13
57fe,26,57,7646.7,3926,3721.3,1.9,,,,3.7532,IAEA LiveChart ENSDF adopted gammas,2026-08-13
57fe,26,57,7646.7,3791.59,3854.3,1.9,E1,,,3.7532,IAEA LiveChart ENSDF adopted gammas,2026-08-13
57fe,26,57,7646.7,3427.68,4217.9,1.2,M1 E2,,,3.7532,IAEA LiveChart ENSDF adopted gammas,2026-08-13
57fe,26,57,7646.7,3371.11,4276.5,1.7,M1 E2,,,3.7532,IAEA LiveChart ENSDF adopted gammas,2026-08-13
57fe,26,57,7646.7,3239.89,4408.0,1.3,E1,,,3.7532,IAEA LiveChart ENSDF adopted gammas,2026-08-13
57fe,26,57,7646.7,3182.77,4463.5,5.5,M1 E2,,,3.7532,IAEA LiveChart ENSDF adopted gammas,2026-08-13
57fe,26,57,7646.7,2835.89,4810.0,1.5,,,,3.7532,IAEA LiveChart ENSDF adopted gammas,2026-08-13
57fe,26,57,7646.7,2697.17,4950.1,5.0,M1,,,3.7532,IAEA LiveChart ENSDF adopted gammas,2026-08-13
57fe,26,57,7646.7,1725.38,5920.8,5.6,M1 E2,,,3.7532,IAEA LiveChart ENSDF adopted gammas,2026-08-13
57fe,26,57,7646.7,1627.256,6017.8,1.1,M1 E2,,,3.7532,IAEA LiveChart ENSDF adopted gammas,2026-08-13
57fe,26,57,7646.7,1265.52,6381.8,35.0,M1,,,3.7532,IAEA LiveChart ENSDF adopted gammas,2026-08-13
57fe,26,57,7646.7,1139.9,6507.0,1.0,,,,3.7532,IAEA LiveChart ENSDF adopted gammas,2026-08-13
57fe,26,57,7646.7,366.759,7279.6,1.9,M1 E2,,,3.7532,IAEA LiveChart ENSDF adopted gammas,2026-08-13
57fe,26,57,7646.7,136.4743,7508.8,5.2,E2,,,3.7532,IAEA LiveChart ENSDF adopted gammas,2026-08-13
57fe,26,57,7646.7,14.4129,7631.7,100.0,M1 E2,,,3.7532,IAEA LiveChart ENSDF adopted gammas,2026-08-13
57fe,26,57,7646.7,0,7645.5,41.0,M1,,,3.7532,IAEA LiveChart ENSDF adopted gammas,2026-08-13
57fe,26,57,8323,6187.1,2135.9,100.0,(E2),,,3.7532,IAEA LiveChart ENSDF adopted gammas,2026-08-13
60ni,28,60,1332.514,0,1332.501,100.0,E2,0.0001625,0.9998375264019597,3.8118,IAEA LiveChart ENSDF adopted gammas,2026-08-13
60ni,28,60,2158.632,1332.514,826.06,100.0,M1+E2,0.000337,0.9996631135307401,3.8118,IAEA LiveChart ENSDF adopted gammas,2026-08-13
60ni,28,60,2158.632,0,2158.57,17.6,(E2),0.000439,0.9995611926364325,3.8118,IAEA LiveChart ENSDF adopted gammas,2026-08-13
60ni,28,60,2284.8,1332.514,952.4,100.0,,,,3.8118,IAEA LiveChart ENSDF adopted gammas,2026-08-13
60ni,28,60,2505.753,2158.632,347.14,0.0076,E2,0.00557,0.9944608530485197,3.8118,IAEA LiveChart ENSDF adopted gammas,2026-08-13
60ni,28,60,2505.753,1332.514,1173.228,100.0,E2(+M3),0.0001722,0.9998278296477348,3.8118,IAEA LiveChart ENSDF adopted gammas,2026-08-13
60ni,28,60,2505.753,0,2505.692,2e-06,[E4],8.63e-05,0.9999137074470473,3.8118,IAEA LiveChart ENSDF adopted gammas,2026-08-13
60ni,28,60,2626.06,2505.753,120.5,5.5,M1+E2,0.15,0.8695652173913044,3.8118,IAEA LiveChart ENSDF adopted gammas,2026-08-13
60ni,28,60,2626.06,2158.632,467.3,100.0,M1(+E2),0.00102,0.9989810393398733,3.8118,IAEA LiveChart ENSDF adopted gammas,2026-08-13
60ni,28,60,2626.06,1332.514,1293.7,53.0,M1+E2,0.0001595,0.9998405254361928,3.8118,IAEA LiveChart ENSDF adopted gammas,2026-08-13
60ni,28,60,3119.87,2626.06,493.9,8.7,M1+(E2),0.00094,0.9990608827701961,3.8118,IAEA LiveChart ENSDF adopted gammas,2026-08-13
60ni,28,60,3119.87,1332.514,1787.2,100.0,E2,0.000281,0.9997190789388182,3.8118,IAEA LiveChart ENSDF adopted gammas,2026-08-13
60ni,28,60,3123.698,2626.06,497.9,3.68,,,,3.8118,IAEA LiveChart ENSDF adopted gammas,2026-08-13
60ni,28,60,3123.698,,613.7,4.4,,,,3.8118,IAEA LiveChart ENSDF adopted gammas,2026-08-13
60ni,28,60,3123.698,2284.8,839.2,1.01,,,,3.8118,IAEA LiveChart ENSDF adopted gammas,2026-08-13
60ni,28,60,3123.698,2158.632,965.2,0.66,,,,3.8118,IAEA LiveChart ENSDF adopted gammas,2026-08-13
60ni,28,60,3123.698,1332.514,1791.6,100.0,M1+E2,0.000237,0.999763056155691,3.8118,IAEA LiveChart ENSDF adopted gammas,2026-08-13
60ni,28,60,3123.698,0,3124.1,10.5,,,,3.8118,IAEA LiveChart ENSDF adopted gammas,2026-08-13
60ni,28,60,3185.98,2505.753,680.3,86.0,M1+E2,0.00055,0.9994503023337165,3.8118,IAEA LiveChart ENSDF adopted gammas,2026-08-13
60ni,28,60,3185.98,2158.632,1027.33,100.0,M1+E2,0.000226,0.9997740510644594,3.8118,IAEA LiveChart ENSDF adopted gammas,2026-08-13
60ni,28,60,3185.98,1332.514,1853.8,92.0,M1+E2,0.00028,0.9997200783780541,3.8118,IAEA LiveChart ENSDF adopted gammas,2026-08-13
60ni,28,60,3193.87,2284.8,909.2,42.6,,,,3.8118,IAEA LiveChart ENSDF adopted gammas,2026-08-13
60ni,28,60,3193.87,2158.632,1035.2,78.0,,,,3.8118,IAEA LiveChart ENSDF adopted gammas,2026-08-13
60ni,28,60,3193.87,1332.514,1861.6,100.0,,,,3.8118,IAEA LiveChart ENSDF adopted gammas,2026-08-13
60ni,28,60,3193.87,0,3194.1,42.6,,,,3.8118,IAEA LiveChart ENSDF adopted gammas,2026-08-13
60ni,28,60,3269.19,2626.06,643.2,44.0,,,,3.8118,IAEA LiveChart ENSDF adopted gammas,2026-08-13
60ni,28,60,3269.19,2284.8,984.5,3.6,[E2],0.000251,0.9997490629851907,3.8118,IAEA LiveChart ENSDF adopted gammas,2026-08-13
60ni,28,60,3269.19,2158.632,1110.5,48.0,,,,3.8118,IAEA LiveChart ENSDF adopted gammas,2026-08-13
60ni,28,60,3269.19,1332.514,1936.9,100.0,,,,3.8118,IAEA LiveChart ENSDF adopted gammas,2026-08-13
60ni,28,60,3269.19,0,3269.4,35.2,[E2],0.00092,0.9990808456220277,3.8118,IAEA LiveChart ENSDF adopted gammas,2026-08-13
60ni,28,60,3317.829,2158.632,1159.09,1.18,,,,3.8118,IAEA LiveChart ENSDF adopted gammas,2026-08-13
60ni,28,60,3317.829,1332.514,1985.27,100.0,,,,3.8118,IAEA LiveChart ENSDF adopted gammas,2026-08-13
60ni,28,60,3381,2158.632,1222.0,100.0,,,,3.8118,IAEA LiveChart ENSDF adopted gammas,2026-08-13
60ni,28,60,3393.14,2158.632,1234.51,12.6,,,,3.8118,IAEA LiveChart ENSDF adopted gammas,2026-08-13
60ni,28,60,3393.14,1332.514,2060.58,100.0,,,,3.8118,IAEA LiveChart ENSDF adopted gammas,2026-08-13
60ni,28,60,3393.14,0,3393.05,7.4,[E2],0.000968,0.9990329361178378,3.8118,IAEA LiveChart ENSDF adopted gammas,2026-08-13
60ni,28,60,3587.72,3193.87,393.76,32.7,,,,3.8118,IAEA LiveChart ENSDF adopted gammas,2026-08-13
60ni,28,60,3587.72,2158.632,1429.07,100.0,,,,3.8118,IAEA LiveChart ENSDF adopted gammas,2026-08-13
60ni,28,60,3587.72,1332.514,2255.18,46.4,,,,3.8118,IAEA LiveChart ENSDF adopted gammas,2026-08-13
60ni,28,60,3619.46,2626.06,993.46,100.0,D,,,3.8118,IAEA LiveChart ENSDF adopted gammas,2026-08-13
60ni,28,60,3619.46,2505.753,1113.9,33.0,,,,3.8118,IAEA LiveChart ENSDF adopted gammas,2026-08-13
60ni,28,60,3671.16,2505.753,1165.2,100.0,M1+E2,0.000162,0.9998380262397492,3.8118,IAEA LiveChart ENSDF adopted gammas,2026-08-13
60ni,28,60,3671.16,2158.632,1512.1,1.6,[E2],0.000189,0.99981103571425,3.8118,IAEA LiveChart ENSDF adopted gammas,2026-08-13
60ni,28,60,3702.9,3119.87,583.0,100.0,,,,3.8118,IAEA LiveChart ENSDF adopted gammas,2026-08-13
60ni,28,60,3730.82,3185.98,545.0,27.0,M1+E2,0.001,0.9990009990009991,3.8118,IAEA LiveChart ENSDF adopted gammas,2026-08-13
60ni,28,60,3730.82,3119.87,610.9,27.0,D,,,3.8118,IAEA LiveChart ENSDF adopted gammas,2026-08-13
60ni,28,60,3730.82,2626.06,1105.0,45.0,M1+E2,0.000178,0.9998220316783613,3.8118,IAEA LiveChart ENSDF adopted gammas,2026-08-13
60ni,28,60,3730.82,2505.753,1224.9,63.0,D,,,3.8118,IAEA LiveChart ENSDF adopted gammas,2026-08-13
60ni,28,60,3730.82,1332.514,2398.4,100.0,E2,0.000547,0.9994532990454221,3.8118,IAEA LiveChart ENSDF adopted gammas,2026-08-13
60ni,28,60,3734.44,3123.698,611.0,3.0,,,,3.8118,IAEA LiveChart ENSDF adopted gammas,2026-08-13
60ni,28,60,3734.44,2284.8,1451.4,22.0,[E2],0.0001754,0.9998246307597647,3.8118,IAEA LiveChart ENSDF adopted gammas,2026-08-13
60ni,28,60,3734.44,1332.514,2403.3,100.0,,,,3.8118,IAEA LiveChart ENSDF adopted gammas,2026-08-13
60ni,28,60,3734.44,0,3735.6,3.4,[E2],0.001096,0.9989051999009086,3.8118,IAEA LiveChart ENSDF adopted gammas,2026-08-13
60ni,28,60,3798,0,3797.9,100.0,,,,3.8118,IAEA LiveChart ENSDF adopted gammas,2026-08-13
60ni,28,60,3871.05,3193.87,677.17,16.7,,,,3.8118,IAEA LiveChart ENSDF adopted gammas,2026-08-13
60ni,28,60,3871.05,3123.698,747.33,100.0,,,,3.8118,IAEA LiveChart ENSDF adopted gammas,2026-08-13
60ni,28,60,3871.05,3119.87,751.9,3.2,,,,3.8118,IAEA LiveChart ENSDF adopted gammas,2026-08-13
60ni,28,60,3871.05,2626.06,1244.93,2.6,,,,3.8118,IAEA LiveChart ENSDF adopted gammas,2026-08-13
60ni,28,60,3871.05,2158.632,1712.3,91.0,,,,3.8118,IAEA LiveChart ENSDF adopted gammas,2026-08-13
60ni,28,60,3871.05,1332.514,2538.53,55.0,,,,3.8118,IAEA LiveChart ENSDF adopted gammas,2026-08-13
60ni,28,60,3871.05,0,3870.94,43.5,,,,3.8118,IAEA LiveChart ENSDF adopted gammas,2026-08-13
60ni,28,60,3887.36,3317.829,569.5,7.0,,,,3.8118,IAEA LiveChart ENSDF adopted gammas,2026-08-13
60ni,28,60,3887.36,3193.87,693.57,30.0,,,,3.8118,IAEA LiveChart ENSDF adopted gammas,2026-08-13
60ni,28,60,3887.36,2505.753,1381.8,28.0,,,,3.8118,IAEA LiveChart ENSDF adopted gammas,2026-08-13
60ni,28,60,3887.36,1332.514,2554.69,100.0,,,,3.8118,IAEA LiveChart ENSDF adopted gammas,2026-08-13
60ni,28,60,3895,2626.06,1269.0,67.0,,,,3.8118,IAEA LiveChart ENSDF adopted gammas,2026-08-13
60ni,28,60,3895,1332.514,2563.0,100.0,,,,3.8118,IAEA LiveChart ENSDF adopted gammas,2026-08-13
60ni,28,60,3908,0,3908.0,100.0,,,,3.8118,IAEA LiveChart ENSDF adopted gammas,2026-08-13
60ni,28,60,3925.18,3619.46,305.7,30.0,,,,3.8118,IAEA LiveChart ENSDF adopted gammas,2026-08-13
60ni,28,60,3925.18,3185.98,739.2,57.0,,,,3.8118,IAEA LiveChart ENSDF adopted gammas,2026-08-13
60ni,28,60,3925.18,3119.87,805.6,21.0,,,,3.8118,IAEA LiveChart ENSDF adopted gammas,2026-08-13
60ni,28,60,3925.18,2505.753,1419.4,100.0,,,,3.8118,IAEA LiveChart ENSDF adopted gammas,2026-08-13
60ni,28,60,3925.18,2158.632,1766.5,55.0,,,,3.8118,IAEA LiveChart ENSDF adopted gammas,2026-08-13
60ni,28,60,4006.444,3123.698,883.1,1.0,,,,3.8118,IAEA LiveChart ENSDF adopted gammas,2026-08-13
60ni,28,60,4006.444,2626.06,1380.4,2.8,,,,3.8118,IAEA LiveChart ENSDF adopted gammas,2026-08-13
60ni,28,60,4006.444,1332.514,2673.86,100.0,,,,3.8118,IAEA LiveChart ENSDF adopted gammas,2026-08-13
60ni,28,60,4006.444,0,4006.3,75.0,E2,0.00119,0.998811414416844,3.8118,IAEA LiveChart ENSDF adopted gammas,2026-08-13
60ni,28,60,4019.886,3587.72,431.9,0.5,,,,3.8118,IAEA LiveChart ENSDF adopted gammas,2026-08-13
60ni,28,60,4019.886,3317.829,702.11,1.5,,,,3.8118,IAEA LiveChart ENSDF adopted gammas,2026-08-13
60ni,28,60,4019.886,3123.698,896.23,7.1,,,,3.8118,IAEA LiveChart ENSDF adopted gammas,2026-08-13
60ni,28,60,4019.886,2284.8,1734.98,9.3,,,,3.8118,IAEA LiveChart ENSDF adopted gammas,2026-08-13
60ni,28,60,4019.886,1332.514,2687.33,42.0,,,,3.8118,IAEA LiveChart ENSDF adopted gammas,2026-08-13
60ni,28,60,4019.886,0,4019.74,100.0,M1,0.001087,0.9989141802860291,3.8118,IAEA LiveChart ENSDF adopted gammas,2026-08-13
60ni,28,60,4035,1332.514,2703.0,100.0,,,,3.8118,IAEA LiveChart ENSDF adopted gammas,2026-08-13
60ni,28,60,4035,0,4035.0,100.0,,,,3.8118,IAEA LiveChart ENSDF adopted gammas,2026-08-13
60ni,28,60,4039.89,3185.98,853.8,10.0,,,,3.8118,IAEA LiveChart ENSDF adopted gammas,2026-08-13
60ni,28,60,4039.89,2158.632,1881.15,51.0,[E1],0.000586,0.9994143431948879,3.8118,IAEA LiveChart ENSDF adopted gammas,2026-08-13
60ni,28,60,4039.89,1332.514,2707.44,100.0,[E1],0.001103,0.9988982152685587,3.8118,IAEA LiveChart ENSDF adopted gammas,2026-08-13
60ni,28,60,4077.99,2626.06,1451.88,14.0,,,,3.8118,IAEA LiveChart ENSDF adopted gammas,2026-08-13
60ni,28,60,4077.99,2158.632,1919.28,55.0,,,,3.8118,IAEA LiveChart ENSDF adopted gammas,2026-08-13
60ni,28,60,4077.99,1332.514,2745.47,100.0,,,,3.8118,IAEA LiveChart ENSDF adopted gammas,2026-08-13
60ni,28,60,4077.99,0,4077.6,9.0,,,,3.8118,IAEA LiveChart ENSDF adopted gammas,2026-08-13
60ni,28,60,4111.96,3119.87,992.0,92.0,,,,3.8118,IAEA LiveChart ENSDF adopted gammas,2026-08-13
60ni,28,60,4111.96,2626.06,1485.94,46.0,,,,3.8118,IAEA LiveChart ENSDF adopted gammas,2026-08-13
60ni,28,60,4111.96,2505.753,1606.1,70.0,,,,3.8118,IAEA LiveChart ENSDF adopted gammas,2026-08-13
60ni,28,60,4111.96,1332.514,2779.42,100.0,,,,3.8118,IAEA LiveChart ENSDF adopted gammas,2026-08-13
60ni,28,60,4111.96,0,4111.6,49.0,,,,3.8118,IAEA LiveChart ENSDF adopted gammas,2026-08-13
60ni,28,60,4165.5,3671.16,494.4,9.0,M1+E2,0.0013,0.9987016878058523,3.8118,IAEA LiveChart ENSDF adopted gammas,2026-08-13
60ni,28,60,4165.5,3119.87,1044.4,14.0,M1+E2,0.0002,0.9998000399920016,3.8118,IAEA LiveChart ENSDF adopted gammas,2026-08-13
60ni,28,60,4165.5,2626.06,1539.0,14.0,,,,3.8118,IAEA LiveChart ENSDF adopted gammas,2026-08-13
60ni,28,60,4165.5,2505.753,1659.6,100.0,M1+E2,0.000224,0.9997760501647631,3.8118,IAEA LiveChart ENSDF adopted gammas,2026-08-13
60ni,28,60,4186.19,3671.16,515.0,67.0,(D),,,3.8118,IAEA LiveChart ENSDF adopted gammas,2026-08-13
60ni,28,60,4186.19,2626.06,1560.2,100.0,(M1+E2),0.000186,0.9998140345895663,3.8118,IAEA LiveChart ENSDF adopted gammas,2026-08-13
60ni,28,60,4191.2,3619.46,572.0,75.0,,,,3.8118,IAEA LiveChart ENSDF adopted gammas,2026-08-13
60ni,28,60,4191.2,2626.06,1565.0,100.0,,,,3.8118,IAEA LiveChart ENSDF adopted gammas,2026-08-13
60ni,28,60,4265,3119.87,1145.67,5.4,E2,0.000179,0.9998210320352657,3.8118,IAEA LiveChart ENSDF adopted gammas,2026-08-13
60ni,28,60,4265,2505.753,1759.21,100.0,E2(+M3),0.00027,0.9997300728803223,3.8118,IAEA LiveChart ENSDF adopted gammas,2026-08-13
60ni,28,60,4294.5,2505.753,1788.9,67.0,,,,3.8118,IAEA LiveChart ENSDF adopted gammas,2026-08-13
60ni,28,60,4294.5,1332.514,2961.8,100.0,,,,3.8118,IAEA LiveChart ENSDF adopted gammas,2026-08-13
60ni,28,60,4318.58,2626.06,1692.45,37.0,,,,3.8118,IAEA LiveChart ENSDF adopted gammas,2026-08-13
60ni,28,60,4318.58,2505.753,1813.5,21.0,,,,3.8118,IAEA LiveChart ENSDF adopted gammas,2026-08-13
60ni,28,60,4318.58,1332.514,2985.97,100.0,,,,3.8118,IAEA LiveChart ENSDF adopted gammas,2026-08-13
60ni,28,60,4318.58,0,4318.52,41.0,,,,3.8118,IAEA LiveChart ENSDF adopted gammas,2026-08-13
60ni,28,60,4335.52,2505.753,1829.9,6.0,,,,3.8118,IAEA LiveChart ENSDF adopted gammas,2026-08-13
60ni,28,60,4335.52,2158.632,2176.84,100.0,,,,3.8118,IAEA LiveChart ENSDF adopted gammas,2026-08-13
60ni,28,60,4335.52,1332.514,3002.5,9.0,,,,3.8118,IAEA LiveChart ENSDF adopted gammas,2026-08-13
60ni,28,60,4335.52,0,4335.37,31.0,,,,3.8118,IAEA LiveChart ENSDF adopted gammas,2026-08-13
60ni,28,60,4341,3123.698,1217.0,43.0,,,,3.8118,IAEA LiveChart ENSDF adopted gammas,2026-08-13
60ni,28,60,4341,2158.632,2182.0,100.0,,,,3.8118,IAEA LiveChart ENSDF adopted gammas,2026-08-13
60ni,28,60,4355.56,1332.514,3024.0,100.0,,,,3.8118,IAEA LiveChart ENSDF adopted gammas,2026-08-13
60ni,28,60,4407.46,4165.5,241.8,45.0,D,,,3.8118,IAEA LiveChart ENSDF adopted gammas,2026-08-13
60ni,28,60,4407.46,3730.82,676.6,100.0,M1+E2,0.00056,0.9994403134244824,3.8118,IAEA LiveChart ENSDF adopted gammas,2026-08-13
60ni,28,60,4407.46,3671.16,736.4,61.0,M1+E2,0.00045,0.9995502024089159,3.8118,IAEA LiveChart ENSDF adopted gammas,2026-08-13
60ni,28,60,4407.46,3119.87,1288.3,13.0,M1+E2,0.000151,0.9998490227975576,3.8118,IAEA LiveChart ENSDF adopted gammas,2026-08-13
60ni,28,60,4407.46,2626.06,1781.3,29.0,E2,0.000278,0.999722077262521,3.8118,IAEA LiveChart ENSDF adopted gammas,2026-08-13
60ni,28,60,4407.46,2505.753,1901.7,48.0,,,,3.8118,IAEA LiveChart ENSDF adopted gammas,2026-08-13
60ni,28,60,4493.16,3734.44,758.5,8.0,,,,3.8118,IAEA LiveChart ENSDF adopted gammas,2026-08-13
60ni,28,60,4493.16,3185.98,1306.5,7.0,,,,3.8118,IAEA LiveChart ENSDF adopted gammas,2026-08-13
60ni,28,60,4493.16,2158.632,2334.4,12.0,,,,3.8118,IAEA LiveChart ENSDF adopted gammas,2026-08-13
60ni,28,60,4493.16,1332.514,3160.6,100.0,,,,3.8118,IAEA LiveChart ENSDF adopted gammas,2026-08-13
60ni,28,60,4493.16,0,4494.0,6.8,,,,3.8118,IAEA LiveChart ENSDF adopted gammas,2026-08-13
60ni,28,60,4534.14,2505.753,2028.5,63.0,,,,3.8118,IAEA LiveChart ENSDF adopted gammas,2026-08-13
60ni,28,60,4534.14,2158.632,2375.6,100.0,,,,3.8118,IAEA LiveChart ENSDF adopted gammas,2026-08-13
60ni,28,60,4534.14,1332.514,3203.0,54.0,,,,3.8118,IAEA LiveChart ENSDF adopted gammas,2026-08-13
60ni,28,60,4534.14,0,4536.0,10.0,,,,3.8118,IAEA LiveChart ENSDF adopted gammas,2026-08-13
60ni,28,60,4547.96,3734.44,813.48,20.0,,,,3.8118,IAEA LiveChart ENSDF adopted gammas,2026-08-13
60ni,28,60,4547.96,3393.14,1154.82,13.0,,,,3.8118,IAEA LiveChart ENSDF adopted gammas,2026-08-13
60ni,28,60,4547.96,3193.87,1354.08,19.0,,,,3.8118,IAEA LiveChart ENSDF adopted gammas,2026-08-13
60ni,28,60,4547.96,3123.698,1424.24,72.0,,,,3.8118,IAEA LiveChart ENSDF adopted gammas,2026-08-13
60ni,28,60,4547.96,2284.8,2263.17,100.0,,,,3.8118,IAEA LiveChart ENSDF adopted gammas,2026-08-13
60ni,28,60,4547.96,2158.632,2389.25,86.0,,,,3.8118,IAEA LiveChart ENSDF adopted gammas,2026-08-13
60ni,28,60,4547.96,1332.514,3215.27,35.0,,,,3.8118,IAEA LiveChart ENSDF adopted gammas,2026-08-13
60ni,28,60,4547.96,0,4548.2,47.0,,,,3.8118,IAEA LiveChart ENSDF adopted gammas,2026-08-13
60ni,28,60,4577.45,3269.19,1308.16,29.0,,,,3.8118,IAEA LiveChart ENSDF adopted gammas,2026-08-13
60ni,28,60,4577.45,2158.632,2418.65,28.0,,,,3.8118,IAEA LiveChart ENSDF adopted gammas,2026-08-13
60ni,28,60,4577.45,1332.514,3244.9,100.0,,,,3.8118,IAEA LiveChart ENSDF adopted gammas,2026-08-13
60ni,28,60,4577.45,0,4577.37,95.0,,,,3.8118,IAEA LiveChart ENSDF adopted gammas,2026-08-13
60ni,28,60,4579,2626.06,1952.9,100.0,M1+E2,0.00032,0.9996801023672424,3.8118,IAEA LiveChart ENSDF adopted gammas,2026-08-13
60ni,28,60,4760.23,3269.19,1491.5,31.0,,,,3.8118,IAEA LiveChart ENSDF adopted gammas,2026-08-13
60ni,28,60,4760.23,3123.698,1636.42,85.0,,,,3.8118,IAEA LiveChart ENSDF adopted gammas,2026-08-13
60ni,28,60,4760.23,2158.632,2601.5,26.0,,,,3.8118,IAEA LiveChart ENSDF adopted gammas,2026-08-13
60ni,28,60,4760.23,1332.514,3428.0,100.0,,,,3.8118,IAEA LiveChart ENSDF adopted gammas,2026-08-13
60ni,28,60,4760.23,0,4760.1,56.0,,,,3.8118,IAEA LiveChart ENSDF adopted gammas,2026-08-13
60ni,28,60,4768,3123.698,1644.0,100.0,,,,3.8118,IAEA LiveChart ENSDF adopted gammas,2026-08-13
60ni,28,60,4768,2626.06,2142.0,82.0,,,,3.8118,IAEA LiveChart ENSDF adopted gammas,2026-08-13
60ni,28,60,4779.13,4111.96,667.4,6.0,,,,3.8118,IAEA LiveChart ENSDF adopted gammas,2026-08-13
60ni,28,60,4779.13,3393.14,1385.97,28.0,,,,3.8118,IAEA LiveChart ENSDF adopted gammas,2026-08-13
60ni,28,60,4779.13,3193.87,1585.33,54.0,,,,3.8118,IAEA LiveChart ENSDF adopted gammas,2026-08-13
60ni,28,60,4779.13,2284.8,2493.8,26.0,,,,3.8118,IAEA LiveChart ENSDF adopted gammas,2026-08-13
60ni,28,60,4779.13,2158.632,2620.4,100.0,,,,3.8118,IAEA LiveChart ENSDF adopted gammas,2026-08-13
60ni,28,60,4779.13,1332.514,3446.77,65.0,,,,3.8118,IAEA LiveChart ENSDF adopted gammas,2026-08-13
60ni,28,60,4800,2158.632,2641.3,100.0,,,,3.8118,IAEA LiveChart ENSDF adopted gammas,2026-08-13
60ni,28,60,4843.93,1332.514,3511.07,45.0,,,,3.8118,IAEA LiveChart ENSDF adopted gammas,2026-08-13
60ni,28,60,4843.93,0,4843.76,100.0,E2,0.001458,0.9985441226691484,3.8118,IAEA LiveChart ENSDF adopted gammas,2026-08-13
60ni,28,60,4848.9,3269.19,1579.5,100.0,,,,3.8118,IAEA LiveChart ENSDF adopted gammas,2026-08-13
60ni,28,60,4848.9,1332.514,3518.0,20.0,,,,3.8118,IAEA LiveChart ENSDF adopted gammas,2026-08-13
60ni,28,60,4859,1332.514,3527.0,61.0,,,,3.8118,IAEA LiveChart ENSDF adopted gammas,2026-08-13
60ni,28,60,4859,0,4859.0,100.0,,,,3.8118,IAEA LiveChart ENSDF adopted gammas,2026-08-13
60ni,28,60,4928.98,3734.44,1194.4,38.0,,,,3.8118,IAEA LiveChart ENSDF adopted gammas,2026-08-13
60ni,28,60,4928.98,2158.632,2770.5,98.0,,,,3.8118,IAEA LiveChart ENSDF adopted gammas,2026-08-13
60ni,28,60,4928.98,1332.514,3596.4,100.0,,,,3.8118,IAEA LiveChart ENSDF adopted gammas,2026-08-13
60ni,28,60,4953.36,4111.96,841.2,14.0,,,,3.8118,IAEA LiveChart ENSDF adopted gammas,2026-08-13
60ni,28,60,4953.36,4039.89,913.63,40.0,,,,3.8118,IAEA LiveChart ENSDF adopted gammas,2026-08-13
60ni,28,60,4953.36,3269.19,1684.4,26.0,,,,3.8118,IAEA LiveChart ENSDF adopted gammas,2026-08-13
60ni,28,60,4953.36,1332.514,3620.64,100.0,,,,3.8118,IAEA LiveChart ENSDF adopted gammas,2026-08-13
60ni,28,60,4958,2505.753,2452.0,100.0,,,,3.8118,IAEA LiveChart ENSDF adopted gammas,2026-08-13
60ni,28,60,4958,1332.514,3626.0,67.0,,,,3.8118,IAEA LiveChart ENSDF adopted gammas,2026-08-13
60ni,28,60,4970.6,3671.16,1299.0,25.0,,,,3.8118,IAEA LiveChart ENSDF adopted gammas,2026-08-13
60ni,28,60,4970.6,2626.06,2344.0,100.0,,,,3.8118,IAEA LiveChart ENSDF adopted gammas,2026-08-13
60ni,28,60,4986,4407.46,578.3,17.0,M1+E2,0.00084,0.9991607050077935,3.8118,IAEA LiveChart ENSDF adopted gammas,2026-08-13
60ni,28,60,4986,4265,720.9,51.0,D,,,3.8118,IAEA LiveChart ENSDF adopted gammas,2026-08-13
60ni,28,60,4986,4165.5,820.5,13.2,M1+E2,0.00035,0.9996501224571399,3.8118,IAEA LiveChart ENSDF adopted gammas,2026-08-13
60ni,28,60,4986,3730.82,1255.8,9.4,E2,0.0001623,0.9998377263370155,3.8118,IAEA LiveChart ENSDF adopted gammas,2026-08-13
60ni,28,60,4986,3671.16,1314.5,34.0,E2,0.0001619,0.9998381262073671,3.8118,IAEA LiveChart ENSDF adopted gammas,2026-08-13
60ni,28,60,4986,3119.87,1867.0,11.3,E2,0.000312,0.9996880973136381,3.8118,IAEA LiveChart ENSDF adopted gammas,2026-08-13
60ni,28,60,4986,2505.753,2480.6,100.0,E2,0.000584,0.9994163408569396,3.8118,IAEA LiveChart ENSDF adopted gammas,2026-08-13
60ni,28,60,5014.45,4265,749.5,3.0,E1,0.000189,0.99981103571425,3.8118,IAEA LiveChart ENSDF adopted gammas,2026-08-13
60ni,28,60,5014.45,4186.19,828.3,6.0,(E1),0.0001528,0.999847223344273,3.8118,IAEA LiveChart ENSDF adopted gammas,2026-08-13
60ni,28,60,5014.45,4165.5,848.9,3.0,E1,0.0001452,0.9998548210799793,3.8118,IAEA LiveChart ENSDF adopted gammas,2026-08-13
60ni,28,60,5014.45,3730.82,1283.8,9.0,E1,0.0001733,0.9998267300276863,3.8118,IAEA LiveChart ENSDF adopted gammas,2026-08-13
60ni,28,60,5014.45,3671.16,1343.3,55.0,E1,0.000208,0.9997920432550029,3.8118,IAEA LiveChart ENSDF adopted gammas,2026-08-13
60ni,28,60,5014.45,3119.87,1894.7,100.0,E1,0.000595,0.9994053538144805,3.8118,IAEA LiveChart ENSDF adopted gammas,2026-08-13
60ni,28,60,5014.45,2505.753,2508.7,87.0,E1,0.000989,0.9990119771545942,3.8118,IAEA LiveChart ENSDF adopted gammas,2026-08-13
60ni,28,60,5048.3,2158.632,2889.6,100.0,,,,3.8118,IAEA LiveChart ENSDF adopted gammas,2026-08-13
60ni,28,60,5048.3,1332.514,3716.0,35.0,,,,3.8118,IAEA LiveChart ENSDF adopted gammas,2026-08-13
60ni,28,60,5048.3,0,5048.0,9.0,,,,3.8118,IAEA LiveChart ENSDF adopted gammas,2026-08-13
60ni,28,60,5065.02,1332.514,3732.23,30.0,,,,3.8118,IAEA LiveChart ENSDF adopted gammas,2026-08-13
60ni,28,60,5065.02,0,5064.79,100.0,,,,3.8118,IAEA LiveChart ENSDF adopted gammas,2026-08-13
60ni,28,60,5091.1,2626.06,2465.0,100.0,,,,3.8118,IAEA LiveChart ENSDF adopted gammas,2026-08-13
60ni,28,60,5106,3671.16,1435.0,100.0,,,,3.8118,IAEA LiveChart ENSDF adopted gammas,2026-08-13
60ni,28,60,5106,2505.753,2600.0,82.0,,,,3.8118,IAEA LiveChart ENSDF adopted gammas,2026-08-13
60ni,28,60,5127.16,3734.44,1392.3,18.0,,,,3.8118,IAEA LiveChart ENSDF adopted gammas,2026-08-13
60ni,28,60,5127.16,1332.514,3794.8,100.0,,,,3.8118,IAEA LiveChart ENSDF adopted gammas,2026-08-13
60ni,28,60,5133,1332.514,3800.0,100.0,,,,3.8118,IAEA LiveChart ENSDF adopted gammas,2026-08-13
60ni,28,60,5148.51,4407.46,740.9,100.0,M1+E2,0.000391,0.9996091528212468,3.8118,IAEA LiveChart ENSDF adopted gammas,2026-08-13
60ni,28,60,5148.51,4265,883.5,28.6,D,,,3.8118,IAEA LiveChart ENSDF adopted gammas,2026-08-13
60ni,28,60,5148.51,4165.5,982.9,11.9,M1+E2,0.000229,0.9997710524289938,3.8118,IAEA LiveChart ENSDF adopted gammas,2026-08-13
60ni,28,60,5148.51,3671.16,1477.3,4.8,E2,0.000181,0.9998190327550713,3.8118,IAEA LiveChart ENSDF adopted gammas,2026-08-13
60ni,28,60,5148.51,3119.87,2029.0,7.1,E2,0.000381,0.9996191451057148,3.8118,IAEA LiveChart ENSDF adopted gammas,2026-08-13
60ni,28,60,5148.51,2505.753,2643.0,60.0,E2,0.000657,0.9993434313655929,3.8118,IAEA LiveChart ENSDF adopted gammas,2026-08-13
60ni,28,60,5174,2626.06,2548.0,100.0,,,,3.8118,IAEA LiveChart ENSDF adopted gammas,2026-08-13
60ni,28,60,5191.7,4265,927.0,100.0,,,,3.8118,IAEA LiveChart ENSDF adopted gammas,2026-08-13
60ni,28,60,5205,2505.753,2699.0,100.0,,,,3.8118,IAEA LiveChart ENSDF adopted gammas,2026-08-13
60ni,28,60,5236.2,3119.87,2116.0,100.0,D+Q,,,3.8118,IAEA LiveChart ENSDF adopted gammas,2026-08-13
60ni,28,60,5244,3123.698,2120.0,100.0,,,,3.8118,IAEA LiveChart ENSDF adopted gammas,2026-08-13
60ni,28,60,5288.55,4039.89,1248.86,100.0,,,,3.8118,IAEA LiveChart ENSDF adopted gammas,2026-08-13
60ni,28,60,5288.55,1332.514,3955.2,69.0,,,,3.8118,IAEA LiveChart ENSDF adopted gammas,2026-08-13
60ni,28,60,5288.55,0,5287.8,61.0,,,,3.8118,IAEA LiveChart ENSDF adopted gammas,2026-08-13
60ni,28,60,5318,2505.753,2812.0,100.0,,,,3.8118,IAEA LiveChart ENSDF adopted gammas,2026-08-13
60ni,28,60,5348.79,5148.51,200.2,5.3,E1,0.00621,0.9938283260949503,3.8118,IAEA LiveChart ENSDF adopted gammas,2026-08-13
60ni,28,60,5348.79,5014.45,334.2,16.9,E2,0.00636,0.993680193966374,3.8118,IAEA LiveChart ENSDF adopted gammas,2026-08-13
60ni,28,60,5348.79,4986,362.8,7.6,E1,0.001128,0.9988732709503679,3.8118,IAEA LiveChart ENSDF adopted gammas,2026-08-13
60ni,28,60,5348.79,4265,1083.6,100.0,E1,9e-05,0.9999100080992711,3.8118,IAEA LiveChart ENSDF adopted gammas,2026-08-13
60ni,28,60,5348.79,2505.753,2843.0,3.7,E3,0.000528,0.9994722786368796,3.8118,IAEA LiveChart ENSDF adopted gammas,2026-08-13
60ni,28,60,5379,3123.698,2255.0,100.0,,,,3.8118,IAEA LiveChart ENSDF adopted gammas,2026-08-13
60ni,28,60,5410.8,2505.753,2905.0,100.0,,,,3.8118,IAEA LiveChart ENSDF adopted gammas,2026-08-13
60ni,28,60,5446.98,4355.56,1091.42,94.0,,,,3.8118,IAEA LiveChart ENSDF adopted gammas,2026-08-13
60ni,28,60,5446.98,3871.05,1575.84,100.0,,,,3.8118,IAEA LiveChart ENSDF adopted gammas,2026-08-13
60ni,28,60,5446.98,2158.632,3288.5,27.0,,,,3.8118,IAEA LiveChart ENSDF adopted gammas,2026-08-13
60ni,28,60,5446.98,1332.514,4114.4,99.0,,,,3.8118,IAEA LiveChart ENSDF adopted gammas,2026-08-13
60ni,28,60,5449.5,2505.753,2944.4,100.0,E2,0.000787,0.9992136188819398,3.8118,IAEA LiveChart ENSDF adopted gammas,2026-08-13
60ni,28,60,5476.04,3587.72,1888.4,100.0,,,,3.8118,IAEA LiveChart ENSDF adopted gammas,2026-08-13
60ni,28,60,5476.04,3193.87,2282.0,81.0,,,,3.8118,IAEA LiveChart ENSDF adopted gammas,2026-08-13
60ni,28,60,5530,2626.06,2904.0,67.0,,,,3.8118,IAEA LiveChart ENSDF adopted gammas,2026-08-13
60ni,28,60,5530,2158.632,3371.0,100.0,,,,3.8118,IAEA LiveChart ENSDF adopted gammas,2026-08-13
60ni,28,60,5612.4,4760.23,851.9,4.5,,,,3.8118,IAEA LiveChart ENSDF adopted gammas,2026-08-13
60ni,28,60,5612.4,4547.96,1064.2,4.8,,,,3.8118,IAEA LiveChart ENSDF adopted gammas,2026-08-13
60ni,28,60,5612.4,4019.886,1592.53,100.0,,,,3.8118,IAEA LiveChart ENSDF adopted gammas,2026-08-13
60ni,28,60,5612.4,3871.05,1741.3,3.0,,,,3.8118,IAEA LiveChart ENSDF adopted gammas,2026-08-13
60ni,28,60,5612.4,3734.44,1878.0,5.0,,,,3.8118,IAEA LiveChart ENSDF adopted gammas,2026-08-13
60ni,28,60,5612.4,3123.698,2488.73,20.0,,,,3.8118,IAEA LiveChart ENSDF adopted gammas,2026-08-13
60ni,28,60,5612.4,2158.632,3453.67,30.0,,,,3.8118,IAEA LiveChart ENSDF adopted gammas,2026-08-13
60ni,28,60,5612.4,1332.514,4279.8,7.7,,,,3.8118,IAEA LiveChart ENSDF adopted gammas,2026-08-13
60ni,28,60,5612.4,0,5611.8,8.2,,,,3.8118,IAEA LiveChart ENSDF adopted gammas,2026-08-13
60ni,28,60,5663.03,5148.51,514.4,11.1,M1+E2,0.0012,0.998801438274071,3.8118,IAEA LiveChart ENSDF adopted gammas,2026-08-13
60ni,28,60,5663.03,4986,677.7,100.0,M1+E2,0.000454,0.9995462060224658,3.8118,IAEA LiveChart ENSDF adopted gammas,2026-08-13
60ni,28,60,5663.03,4407.46,1255.1,22.2,E2,0.0001624,0.9998376263694776,3.8118,IAEA LiveChart ENSDF adopted gammas,2026-08-13
60ni,28,60,5663.03,4265,1397.7,69.0,M1(+E2),0.0001438,0.9998562206754669,3.8118,IAEA LiveChart ENSDF adopted gammas,2026-08-13
60ni,28,60,5663.03,4165.5,1498.0,3.7,E2,0.000185,0.9998150342186695,3.8118,IAEA LiveChart ENSDF adopted gammas,2026-08-13
60ni,28,60,5672.36,3193.87,2478.42,100.0,,,,3.8118,IAEA LiveChart ENSDF adopted gammas,2026-08-13
60ni,28,60,5672.36,2626.06,3046.7,13.0,,,,3.8118,IAEA LiveChart ENSDF adopted gammas,2026-08-13
60ni,28,60,5672.36,2158.632,3513.6,56.0,,,,3.8118,IAEA LiveChart ENSDF adopted gammas,2026-08-13
60ni,28,60,5710.79,4077.99,1632.99,15.0,,,,3.8118,IAEA LiveChart ENSDF adopted gammas,2026-08-13
60ni,28,60,5710.79,3393.14,2317.65,13.0,,,,3.8118,IAEA LiveChart ENSDF adopted gammas,2026-08-13
60ni,28,60,5710.79,3317.829,2392.6,11.0,,,,3.8118,IAEA LiveChart ENSDF adopted gammas,2026-08-13
60ni,28,60,5710.79,3193.87,2517.0,68.0,,,,3.8118,IAEA LiveChart ENSDF adopted gammas,2026-08-13
60ni,28,60,5710.79,3123.698,2586.98,20.0,,,,3.8118,IAEA LiveChart ENSDF adopted gammas,2026-08-13
60ni,28,60,5710.79,2284.8,3426.3,26.0,,,,3.8118,IAEA LiveChart ENSDF adopted gammas,2026-08-13
60ni,28,60,5710.79,2158.632,3551.94,36.0,,,,3.8118,IAEA LiveChart ENSDF adopted gammas,2026-08-13
60ni,28,60,5710.79,0,5710.52,100.0,,,,3.8118,IAEA LiveChart ENSDF adopted gammas,2026-08-13
60ni,28,60,5780.5,2626.06,3153.6,82.0,,,,3.8118,IAEA LiveChart ENSDF adopted gammas,2026-08-13
60ni,28,60,5780.5,2505.753,3275.4,100.0,,,,3.8118,IAEA LiveChart ENSDF adopted gammas,2026-08-13
60ni,28,60,5785.1,4986,799.0,100.0,D(+Q),,,3.8118,IAEA LiveChart ENSDF adopted gammas,2026-08-13
60ni,28,60,5859.9,2158.632,3700.9,100.0,,,,3.8118,IAEA LiveChart ENSDF adopted gammas,2026-08-13
60ni,28,60,5878.05,3193.87,2684.19,100.0,,,,3.8118,IAEA LiveChart ENSDF adopted gammas,2026-08-13
60ni,28,60,5878.05,1332.514,4545.9,45.0,,,,3.8118,IAEA LiveChart ENSDF adopted gammas,2026-08-13
60ni,28,60,5901.69,4265,1637.0,38.0,E1,0.000411,0.9995891688516021,3.8118,IAEA LiveChart ENSDF adopted gammas,2026-08-13
60ni,28,60,5901.69,4165.5,1736.0,100.0,E1,0.000483,0.9995172331763758,3.8118,IAEA LiveChart ENSDF adopted gammas,2026-08-13
60ni,28,60,5902.44,3269.19,2633.3,18.0,,,,3.8118,IAEA LiveChart ENSDF adopted gammas,2026-08-13
60ni,28,60,5902.44,2626.06,3276.32,24.0,,,,3.8118,IAEA LiveChart ENSDF adopted gammas,2026-08-13
60ni,28,60,5902.44,2158.632,3743.71,100.0,,,,3.8118,IAEA LiveChart ENSDF adopted gammas,2026-08-13
60ni,28,60,5918.54,4355.56,1562.8,100.0,,,,3.8118,IAEA LiveChart ENSDF adopted gammas,2026-08-13
60ni,28,60,5918.54,3393.14,2525.4,83.0,,,,3.8118,IAEA LiveChart ENSDF adopted gammas,2026-08-13
60ni,28,60,5931.1,0,5930.8,100.0,,,,3.8118,IAEA LiveChart ENSDF adopted gammas,2026-08-13
60ni,28,60,5967.8,4493.16,1474.6,100.0,,,,3.8118,IAEA LiveChart ENSDF adopted gammas,2026-08-13
60ni,28,60,5967.8,0,5967.5,29.0,,,,3.8118,IAEA LiveChart ENSDF adopted gammas,2026-08-13
60ni,28,60,6066.72,4534.14,1532.65,60.0,,,,3.8118,IAEA LiveChart ENSDF adopted gammas,2026-08-13
60ni,28,60,6066.72,3269.19,2797.7,23.0,,,,3.8118,IAEA LiveChart ENSDF adopted gammas,2026-08-13
60ni,28,60,6066.72,2626.06,3440.37,100.0,,,,3.8118,IAEA LiveChart ENSDF adopted gammas,2026-08-13
60ni,28,60,6066.72,0,6067.2,15.0,,,,3.8118,IAEA LiveChart ENSDF adopted gammas,2026-08-13
60ni,28,60,6112.43,5148.51,963.7,100.0,M1+E2,0.000219,0.9997810479504988,3.8118,IAEA LiveChart ENSDF adopted gammas,2026-08-13
60ni,28,60,6112.43,4265,1847.2,61.0,M1+E2,0.00028,0.9997200783780541,3.8118,IAEA LiveChart ENSDF adopted gammas,2026-08-13
60ni,28,60,6112.43,4165.5,1946.6,29.0,E2,0.000346,0.9996541196745926,3.8118,IAEA LiveChart ENSDF adopted gammas,2026-08-13
60ni,28,60,6181,1332.514,4848.4,10.0,,,,3.8118,IAEA LiveChart ENSDF adopted gammas,2026-08-13
60ni,28,60,6181,0,6180.6,100.0,E1,,,3.8118,IAEA LiveChart ENSDF adopted gammas,2026-08-13
60ni,28,60,6229.3,0,6229.0,100.0,(E2),,,3.8118,IAEA LiveChart ENSDF adopted gammas,2026-08-13
60ni,28,60,6239.2,1332.514,4906.1,100.0,,,,3.8118,IAEA LiveChart ENSDF adopted gammas,2026-08-13
60ni,28,60,6278.34,5236.2,1042.0,75.0,(E1),9.68e-05,0.9999032093693332,3.8118,IAEA LiveChart ENSDF adopted gammas,2026-08-13
60ni,28,60,6278.34,5014.45,1264.0,100.0,(M1+E2),0.000151,0.9998490227975576,3.8118,IAEA LiveChart ENSDF adopted gammas,2026-08-13
60ni,28,60,6327.21,4760.23,1568.0,14.0,,,,3.8118,IAEA LiveChart ENSDF adopted gammas,2026-08-13
60ni,28,60,6327.21,4006.444,2320.7,25.0,,,,3.8118,IAEA LiveChart ENSDF adopted gammas,2026-08-13
60ni,28,60,6327.21,3269.19,3058.0,16.0,,,,3.8118,IAEA LiveChart ENSDF adopted gammas,2026-08-13
60ni,28,60,6327.21,2158.632,4168.32,100.0,,,,3.8118,IAEA LiveChart ENSDF adopted gammas,2026-08-13
60ni,28,60,6362.05,5612.4,749.7,100.0,,,,3.8118,IAEA LiveChart ENSDF adopted gammas,2026-08-13
60ni,28,60,6362.05,3193.87,3167.7,90.0,,,,3.8118,IAEA LiveChart ENSDF adopted gammas,2026-08-13
60ni,28,60,6382.4,0,6382.3,100.0,,,,3.8118,IAEA LiveChart ENSDF adopted gammas,2026-08-13
60ni,28,60,6461.1,6112.43,348.7,9.0,M1+E2,0.0037,0.9963136395337252,3.8118,IAEA LiveChart ENSDF adopted gammas,2026-08-13
60ni,28,60,6461.1,5663.03,798.1,100.0,M1+E2,0.000335,0.9996651121874173,3.8118,IAEA LiveChart ENSDF adopted gammas,2026-08-13
60ni,28,60,6461.1,5148.51,1312.4,27.0,E2,0.0001618,0.9998382261750047,3.8118,IAEA LiveChart ENSDF adopted gammas,2026-08-13
60ni,28,60,6461.1,4986,1475.0,16.0,E2,0.00018,0.999820032394169,3.8118,IAEA LiveChart ENSDF adopted gammas,2026-08-13
60ni,28,60,6461.1,4265,2195.9,6.0,E2,0.000456,0.9995442078412244,3.8118,IAEA LiveChart ENSDF adopted gammas,2026-08-13
60ni,28,60,6465.25,4843.93,1621.2,19.0,,,,3.8118,IAEA LiveChart ENSDF adopted gammas,2026-08-13
60ni,28,60,6465.25,3887.36,2578.2,16.0,,,,3.8118,IAEA LiveChart ENSDF adopted gammas,2026-08-13
60ni,28,60,6465.25,1332.514,5132.6,31.0,,,,3.8118,IAEA LiveChart ENSDF adopted gammas,2026-08-13
60ni,28,60,6465.25,0,6464.9,100.0,E1,,,3.8118,IAEA LiveChart ENSDF adopted gammas,2026-08-13
60ni,28,60,6489.28,3119.87,3369.4,46.0,,,,3.8118,IAEA LiveChart ENSDF adopted gammas,2026-08-13
60ni,28,60,6489.28,2505.753,3983.6,100.0,,,,3.8118,IAEA LiveChart ENSDF adopted gammas,2026-08-13
60ni,28,60,6489.28,2284.8,4204.0,42.0,,,,3.8118,IAEA LiveChart ENSDF adopted gammas,2026-08-13
60ni,28,60,6515,0,6514.6,100.0,M1,,,3.8118,IAEA LiveChart ENSDF adopted gammas,2026-08-13
60ni,28,60,6516.72,4318.58,2198.1,100.0,,,,3.8118,IAEA LiveChart ENSDF adopted gammas,2026-08-13
60ni,28,60,6516.72,4019.886,2496.9,70.0,,,,3.8118,IAEA LiveChart ENSDF adopted gammas,2026-08-13
60ni,28,60,6567.33,4019.886,2547.35,100.0,,,,3.8118,IAEA LiveChart ENSDF adopted gammas,2026-08-13
60ni,28,60,6587.6,2284.8,4302.0,30.0,,,,3.8118,IAEA LiveChart ENSDF adopted gammas,2026-08-13
60ni,28,60,6587.6,1332.514,5254.7,19.0,,,,3.8118,IAEA LiveChart ENSDF adopted gammas,2026-08-13
60ni,28,60,6587.6,0,6587.6,100.0,E1,,,3.8118,IAEA LiveChart ENSDF adopted gammas,2026-08-13
60ni,28,60,6647.17,4039.89,2607.1,55.0,,,,3.8118,IAEA LiveChart ENSDF adopted gammas,2026-08-13
60ni,28,60,6647.17,4019.886,2627.4,39.0,,,,3.8118,IAEA LiveChart ENSDF adopted gammas,2026-08-13
60ni,28,60,6647.17,3619.46,3027.86,100.0,,,,3.8118,IAEA LiveChart ENSDF adopted gammas,2026-08-13
60ni,28,60,6647.17,2626.06,4021.4,100.0,,,,3.8118,IAEA LiveChart ENSDF adopted gammas,2026-08-13
60ni,28,60,6718.5,0,6718.1,100.0,E1,,,3.8118,IAEA LiveChart ENSDF adopted gammas,2026-08-13
60ni,28,60,6736.5,2158.632,4577.7,100.0,,,,3.8118,IAEA LiveChart ENSDF adopted gammas,2026-08-13
60ni,28,60,6736.5,0,6736.1,85.0,,,,3.8118,IAEA LiveChart ENSDF adopted gammas,2026-08-13
60ni,28,60,6756.4,3925.18,2831.3,78.0,,,,3.8118,IAEA LiveChart ENSDF adopted gammas,2026-08-13
60ni,28,60,6756.4,3269.19,3487.1,100.0,,,,3.8118,IAEA LiveChart ENSDF adopted gammas,2026-08-13
60ni,28,60,6761.39,5901.69,861.4,30.0,(E1),0.0001409,0.999859119850013,3.8118,IAEA LiveChart ENSDF adopted gammas,2026-08-13
60ni,28,60,6761.39,5236.2,1525.0,30.0,E2,0.000192,0.9998080368569235,3.8118,IAEA LiveChart ENSDF adopted gammas,2026-08-13
60ni,28,60,6761.39,4265,2498.5,100.0,(M1+E2),0.00055,0.9994503023337165,3.8118,IAEA LiveChart ENSDF adopted gammas,2026-08-13
60ni,28,60,6810.95,5348.79,1461.5,100.0,E2(+M3),0.000177,0.9998230313234556,3.8118,IAEA LiveChart ENSDF adopted gammas,2026-08-13
60ni,28,60,6834.92,3317.829,3517.3,93.0,,,,3.8118,IAEA LiveChart ENSDF adopted gammas,2026-08-13
60ni,28,60,6834.92,3193.87,3641.1,100.0,,,,3.8118,IAEA LiveChart ENSDF adopted gammas,2026-08-13
60ni,28,60,6835.18,3317.829,3517.3,93.0,,,,3.8118,IAEA LiveChart ENSDF adopted gammas,2026-08-13
60ni,28,60,6835.18,3193.87,3641.1,100.0,,,,3.8118,IAEA LiveChart ENSDF adopted gammas,2026-08-13
60ni,28,60,6837.2,5348.79,1487.8,100.0,M1+E2,0.000169,0.9998310285561739,3.8118,IAEA LiveChart ENSDF adopted gammas,2026-08-13
60ni,28,60,6911.93,4318.58,2593.3,15.0,,,,3.8118,IAEA LiveChart ENSDF adopted gammas,2026-08-13
60ni,28,60,6911.93,3871.05,3040.5,31.0,,,,3.8118,IAEA LiveChart ENSDF adopted gammas,2026-08-13
60ni,28,60,6911.93,1332.514,5578.7,22.0,,,,3.8118,IAEA LiveChart ENSDF adopted gammas,2026-08-13
60ni,28,60,6911.93,0,6911.7,100.0,M1,,,3.8118,IAEA LiveChart ENSDF adopted gammas,2026-08-13
60ni,28,60,6950.4,6672.4,278.0,100.0,,,,3.8118,IAEA LiveChart ENSDF adopted gammas,2026-08-13
60ni,28,60,6996.86,4843.93,2152.6,100.0,,,,3.8118,IAEA LiveChart ENSDF adopted gammas,2026-08-13
60ni,28,60,6996.86,2626.06,4370.7,71.0,,,,3.8118,IAEA LiveChart ENSDF adopted gammas,2026-08-13
60ni,28,60,7027.83,6112.43,914.8,70.0,M1+E2,0.00027,0.9997300728803223,3.8118,IAEA LiveChart ENSDF adopted gammas,2026-08-13
60ni,28,60,7027.83,5663.03,1365.0,100.0,M1+E2,0.000153,0.9998470234054189,3.8118,IAEA LiveChart ENSDF adopted gammas,2026-08-13
60ni,28,60,7027.83,5449.5,1578.6,60.0,E2,0.000208,0.9997920432550029,3.8118,IAEA LiveChart ENSDF adopted gammas,2026-08-13
60ni,28,60,7027.83,5148.51,1880.9,100.0,E2,0.000318,0.9996821010918527,3.8118,IAEA LiveChart ENSDF adopted gammas,2026-08-13
60ni,28,60,7027.83,4986,2041.9,40.0,E2,0.000387,0.9996131497110619,3.8118,IAEA LiveChart ENSDF adopted gammas,2026-08-13
60ni,28,60,7038.7,1332.514,5705.6,64.0,,,,3.8118,IAEA LiveChart ENSDF adopted gammas,2026-08-13
60ni,28,60,7038.7,0,7038.7,100.0,E1,,,3.8118,IAEA LiveChart ENSDF adopted gammas,2026-08-13
60ni,28,60,7056.27,2626.06,4430.3,100.0,,,,3.8118,IAEA LiveChart ENSDF adopted gammas,2026-08-13
60ni,28,60,7056.27,1332.514,5723.0,80.0,,,,3.8118,IAEA LiveChart ENSDF adopted gammas,2026-08-13
60ni,28,60,7207.6,4077.99,3129.6,100.0,,,,3.8118,IAEA LiveChart ENSDF adopted gammas,2026-08-13
60ni,28,60,7207.6,1332.514,5875.2,52.0,,,,3.8118,IAEA LiveChart ENSDF adopted gammas,2026-08-13
60ni,28,60,7222.8,3619.46,3603.4,61.0,,,,3.8118,IAEA LiveChart ENSDF adopted gammas,2026-08-13
60ni,28,60,7222.8,1332.514,5889.9,100.0,,,,3.8118,IAEA LiveChart ENSDF adopted gammas,2026-08-13
60ni,28,60,7250,4265,2986.5,100.0,E2,0.000804,0.999196645896699,3.8118,IAEA LiveChart ENSDF adopted gammas,2026-08-13
60ni,28,60,7316.13,5672.36,1643.6,68.0,,,,3.8118,IAEA LiveChart ENSDF adopted gammas,2026-08-13
60ni,28,60,7316.13,4019.886,3296.3,100.0,,,,3.8118,IAEA LiveChart ENSDF adopted gammas,2026-08-13
60ni,28,60,7316.13,1332.514,5983.4,63.0,,,,3.8118,IAEA LiveChart ENSDF adopted gammas,2026-08-13
60ni,28,60,7339.68,5710.79,1628.9,85.0,,,,3.8118,IAEA LiveChart ENSDF adopted gammas,2026-08-13
60ni,28,60,7339.68,4493.16,2846.9,100.0,,,,3.8118,IAEA LiveChart ENSDF adopted gammas,2026-08-13
60ni,28,60,7360.97,5348.79,2012.2,100.0,(D+Q),,,3.8118,IAEA LiveChart ENSDF adopted gammas,2026-08-13
60ni,28,60,7380.3,4265,3114.7,100.0,E2,0.000857,0.999143733820116,3.8118,IAEA LiveChart ENSDF adopted gammas,2026-08-13
60ni,28,60,7414.16,4111.96,3302.11,100.0,,,,3.8118,IAEA LiveChart ENSDF adopted gammas,2026-08-13
60ni,28,60,7433.45,7027.83,405.7,10.0,M1+E2,0.0023,0.9977052778609199,3.8118,IAEA LiveChart ENSDF adopted gammas,2026-08-13
60ni,28,60,7433.45,6461.1,972.3,100.0,M1+E2,0.000217,0.999783047078784,3.8118,IAEA LiveChart ENSDF adopted gammas,2026-08-13
60ni,28,60,7433.45,6112.43,1321.1,32.0,E2,0.000162,0.9998380262397492,3.8118,IAEA LiveChart ENSDF adopted gammas,2026-08-13
60ni,28,60,7433.45,5663.03,1770.6,4.0,E2,0.000274,0.9997260750554346,3.8118,IAEA LiveChart ENSDF adopted gammas,2026-08-13
60ni,28,60,7465.66,5014.45,2451.5,100.0,E2,0.000571,0.9994293258549367,3.8118,IAEA LiveChart ENSDF adopted gammas,2026-08-13
60ni,28,60,7473.49,4534.14,2938.6,80.0,,,,3.8118,IAEA LiveChart ENSDF adopted gammas,2026-08-13
60ni,28,60,7473.49,0,7473.0,100.0,M1,,,3.8118,IAEA LiveChart ENSDF adopted gammas,2026-08-13
60ni,28,60,7495.2,1332.514,6162.5,100.0,,,,3.8118,IAEA LiveChart ENSDF adopted gammas,2026-08-13
60ni,28,60,7531.4,6112.43,1418.9,75.0,M1+E2,0.000158,0.9998420249600563,3.8118,IAEA LiveChart ENSDF adopted gammas,2026-08-13
60ni,28,60,7531.4,4265,3266.9,100.0,E2,0.000919,0.9990818437855612,3.8118,IAEA LiveChart ENSDF adopted gammas,2026-08-13
60ni,28,60,7552,2158.632,5393.3,100.0,,,,3.8118,IAEA LiveChart ENSDF adopted gammas,2026-08-13
60ni,28,60,7559.5,0,7559.0,100.0,E1,,,3.8118,IAEA LiveChart ENSDF adopted gammas,2026-08-13
60ni,28,60,7647.4,0,7646.9,100.0,E1,,,3.8118,IAEA LiveChart ENSDF adopted gammas,2026-08-13
60ni,28,60,7657.6,0,7657.1,100.0,M1,,,3.8118,IAEA LiveChart ENSDF adopted gammas,2026-08-13
60ni,28,60,7684.1,1332.514,6351.2,100.0,,,,3.8118,IAEA LiveChart ENSDF adopted gammas,2026-08-13
60ni,28,60,7690,4335.52,3354.5,100.0,,,,3.8118,IAEA LiveChart ENSDF adopted gammas,2026-08-13
60ni,28,60,7690,1332.514,6358.8,2.0,,,,3.8118,IAEA LiveChart ENSDF adopted gammas,2026-08-13
60ni,28,60,7690,0,7689.5,90.0,E1,,,3.8118,IAEA LiveChart ENSDF adopted gammas,2026-08-13
60ni,28,60,7732.5,5148.51,2586.2,75.0,E2,0.000632,0.9993683991717235,3.8118,IAEA LiveChart ENSDF adopted gammas,2026-08-13
60ni,28,60,7732.5,4265,3465.8,100.0,E2,0.000995,0.9990059890409042,3.8118,IAEA LiveChart ENSDF adopted gammas,2026-08-13
60ni,28,60,7747.6,2284.8,5461.9,20.0,,,,3.8118,IAEA LiveChart ENSDF adopted gammas,2026-08-13
60ni,28,60,7747.6,2158.632,5590.1,16.7,,,,3.8118,IAEA LiveChart ENSDF adopted gammas,2026-08-13
60ni,28,60,7747.6,1332.514,6413.8,50.0,,,,3.8118,IAEA LiveChart ENSDF adopted gammas,2026-08-13
60ni,28,60,7747.6,0,7747.3,100.0,E1,,,3.8118,IAEA LiveChart ENSDF adopted gammas,2026-08-13
60ni,28,60,7760.33,7465.66,294.7,20.0,(M1+E2),0.006,0.9940357852882704,3.8118,IAEA LiveChart ENSDF adopted gammas,2026-08-13
60ni,28,60,7760.33,6810.95,948.5,20.0,M1+E2,0.00025,0.9997500624843788,3.8118,IAEA LiveChart ENSDF adopted gammas,2026-08-13
60ni,28,60,7760.33,6112.43,1648.0,40.0,E1,0.000419,0.9995811754874708,3.8118,IAEA LiveChart ENSDF adopted gammas,2026-08-13
60ni,28,60,7760.33,5901.69,1860.4,10.0,E2,0.00031,0.9996900960702182,3.8118,IAEA LiveChart ENSDF adopted gammas,2026-08-13
60ni,28,60,7760.33,5348.79,2411.4,100.0,M1+E2,0.00051,0.9994902599674166,3.8118,IAEA LiveChart ENSDF adopted gammas,2026-08-13
60ni,28,60,7761.8,6362.05,1399.4,37.0,,,,3.8118,IAEA LiveChart ENSDF adopted gammas,2026-08-13
60ni,28,60,7761.8,3269.19,4492.3,81.0,,,,3.8118,IAEA LiveChart ENSDF adopted gammas,2026-08-13
60ni,28,60,7761.8,0,7761.6,100.0,M1,,,3.8118,IAEA LiveChart ENSDF adopted gammas,2026-08-13
60ni,28,60,7798.9,6327.21,1472.6,100.0,,,,3.8118,IAEA LiveChart ENSDF adopted gammas,2026-08-13
60ni,28,60,7798.9,2158.632,5640.4,95.0,,,,3.8118,IAEA LiveChart ENSDF adopted gammas,2026-08-13
60ni,28,60,7818.02,3123.698,4693.6,100.0,,,,3.8118,IAEA LiveChart ENSDF adopted gammas,2026-08-13
60ni,28,60,7850.3,0,7849.7,100.0,M1,,,3.8118,IAEA LiveChart ENSDF adopted gammas,2026-08-13
60ni,28,60,7880.4,0,7879.8,100.0,M1,,,3.8118,IAEA LiveChart ENSDF adopted gammas,2026-08-13
60ni,28,60,7926.7,0,7926.1,100.0,M1,,,3.8118,IAEA LiveChart ENSDF adopted gammas,2026-08-13
60ni,28,60,7950.93,4318.58,3632.4,89.0,,,,3.8118,IAEA LiveChart ENSDF adopted gammas,2026-08-13
60ni,28,60,7950.93,3871.05,4080.0,100.0,,,,3.8118,IAEA LiveChart ENSDF adopted gammas,2026-08-13
60ni,28,60,7950.93,0,7951.4,93.0,M1,,,3.8118,IAEA LiveChart ENSDF adopted gammas,2026-08-13
60ni,28,60,7980.81,7433.45,547.2,7.0,D,,,3.8118,IAEA LiveChart ENSDF adopted gammas,2026-08-13
60ni,28,60,7980.81,6461.1,1519.9,100.0,M1+E2,0.000176,0.9998240309705493,3.8118,IAEA LiveChart ENSDF adopted gammas,2026-08-13
60ni,28,60,7980.81,5663.03,2317.5,71.0,E2,0.000511,0.9994892609876354,3.8118,IAEA LiveChart ENSDF adopted gammas,2026-08-13
60ni,28,60,8042.6,0,8042.0,100.0,M1,,,3.8118,IAEA LiveChart ENSDF adopted gammas,2026-08-13
60ni,28,60,8044.26,7760.33,283.9,27.0,M1+E2,0.007,0.99304865938431,3.8118,IAEA LiveChart ENSDF adopted gammas,2026-08-13
60ni,28,60,8044.26,7691.4,352.9,44.0,M1+E2,0.0036,0.9964129135113591,3.8118,IAEA LiveChart ENSDF adopted gammas,2026-08-13
60ni,28,60,8044.26,7360.97,683.3,2.1,(D+Q),,,3.8118,IAEA LiveChart ENSDF adopted gammas,2026-08-13
60ni,28,60,8044.26,6837.2,1207.0,100.0,M1+E2,0.0001471,0.9998529216352275,3.8118,IAEA LiveChart ENSDF adopted gammas,2026-08-13
60ni,28,60,8044.26,6810.95,1233.0,23.0,D,,,3.8118,IAEA LiveChart ENSDF adopted gammas,2026-08-13
60ni,28,60,8044.26,6461.1,1583.3,13.0,E1,0.00037,0.9996301368493657,3.8118,IAEA LiveChart ENSDF adopted gammas,2026-08-13
60ni,28,60,8044.26,5348.79,2696.1,60.0,E2,0.00068,0.9993204620857816,3.8118,IAEA LiveChart ENSDF adopted gammas,2026-08-13
60ni,28,60,8074.4,4265,3807.8,100.0,E2,0.001123,0.9988782597143409,3.8118,IAEA LiveChart ENSDF adopted gammas,2026-08-13
60ni,28,60,8086,2284.8,5800.8,16.0,,,,3.8118,IAEA LiveChart ENSDF adopted gammas,2026-08-13
60ni,28,60,8086,1332.514,6752.3,7.4,,,,3.8118,IAEA LiveChart ENSDF adopted gammas,2026-08-13
60ni,28,60,8086,0,8085.7,100.0,E1,,,3.8118,IAEA LiveChart ENSDF adopted gammas,2026-08-13
60ni,28,60,8111.8,0,8111.2,100.0,M1,,,3.8118,IAEA LiveChart ENSDF adopted gammas,2026-08-13
60ni,28,60,8126.6,0,8126.0,100.0,E1,,,3.8118,IAEA LiveChart ENSDF adopted gammas,2026-08-13
60ni,28,60,8189.1,0,8188.5,100.0,,,,3.8118,IAEA LiveChart ENSDF adopted gammas,2026-08-13
60ni,28,60,8261.5,0,8260.9,100.0,E1,,,3.8118,IAEA LiveChart ENSDF adopted gammas,2026-08-13
60ni,28,60,8272.09,6837.2,1435.0,18.0,E2,0.0001726,0.999827429785619,3.8118,IAEA LiveChart ENSDF adopted gammas,2026-08-13
60ni,28,60,8272.09,6810.95,1461.6,100.0,M1+E2,0.000164,0.9998360268915897,3.8118,IAEA LiveChart ENSDF adopted gammas,2026-08-13
60ni,28,60,8286.3,5672.36,2613.9,100.0,,,,3.8118,IAEA LiveChart ENSDF adopted gammas,2026-08-13
60ni,28,60,8286.3,2626.06,5659.9,58.0,,,,3.8118,IAEA LiveChart ENSDF adopted gammas,2026-08-13
60ni,28,60,8294,2158.632,6135.5,54.0,,,,3.8118,IAEA LiveChart ENSDF adopted gammas,2026-08-13
60ni,28,60,8294,0,8293.0,100.0,E1,,,3.8118,IAEA LiveChart ENSDF adopted gammas,2026-08-13
60ni,28,60,8351.8,0,8351.2,100.0,M1,,,3.8118,IAEA LiveChart ENSDF adopted gammas,2026-08-13
60ni,28,60,8359.3,0,8358.7,100.0,M1,,,3.8118,IAEA LiveChart ENSDF adopted gammas,2026-08-13
60ni,28,60,8389.9,5348.79,3039.2,100.0,E2,0.000826,0.9991746817129051,3.8118,IAEA LiveChart ENSDF adopted gammas,2026-08-13
60ni,28,60,8407,0,8406.0,100.0,E1,,,3.8118,IAEA LiveChart ENSDF adopted gammas,2026-08-13
60ni,28,60,8426.69,5348.79,3077.8,100.0,E2,0.000842,0.9991587083675545,3.8118,IAEA LiveChart ENSDF adopted gammas,2026-08-13
60ni,28,60,8451.5,0,8450.9,100.0,,,,3.8118,IAEA LiveChart ENSDF adopted gammas,2026-08-13
60ni,28,60,8464,0,8463.4,100.0,E1,,,3.8118,IAEA LiveChart ENSDF adopted gammas,2026-08-13
60ni,28,60,8485.5,6837.2,1648.2,86.0,M1+E2,0.000211,0.9997890445116081,3.8118,IAEA LiveChart ENSDF adopted gammas,2026-08-13
60ni,28,60,8485.5,6810.95,1674.5,29.0,M1,0.0002,0.9998000399920016,3.8118,IAEA LiveChart ENSDF adopted gammas,2026-08-13
60ni,28,60,8485.5,5348.79,3136.9,100.0,E2,0.000866,0.9991347493071,3.8118,IAEA LiveChart ENSDF adopted gammas,2026-08-13
60ni,28,60,8504.7,3887.36,4617.2,100.0,,,,3.8118,IAEA LiveChart ENSDF adopted gammas,2026-08-13
60ni,28,60,8504.7,0,8504.2,42.0,,,,3.8118,IAEA LiveChart ENSDF adopted gammas,2026-08-13
60ni,28,60,8515.2,0,8514.6,100.0,E1,,,3.8118,IAEA LiveChart ENSDF adopted gammas,2026-08-13
60ni,28,60,8521.11,8272.09,249.0,2.3,M1,0.00449,0.9955300699857638,3.8118,IAEA LiveChart ENSDF adopted gammas,2026-08-13
60ni,28,60,8521.11,8044.26,476.7,100.0,M1(+E2),0.0014,0.9986019572598361,3.8118,IAEA LiveChart ENSDF adopted gammas,2026-08-13
60ni,28,60,8521.11,6810.95,1710.1,60.0,M1+E2,0.000214,0.9997860457862018,3.8118,IAEA LiveChart ENSDF adopted gammas,2026-08-13
60ni,28,60,8565.6,4077.99,4487.56,100.0,,,,3.8118,IAEA LiveChart ENSDF adopted gammas,2026-08-13
60ni,28,60,8565.6,3887.36,4678.3,91.0,,,,3.8118,IAEA LiveChart ENSDF adopted gammas,2026-08-13
60ni,28,60,8638.5,6066.72,2572.2,61.0,,,,3.8118,IAEA LiveChart ENSDF adopted gammas,2026-08-13
60ni,28,60,8638.5,3185.98,5452.1,100.0,,,,3.8118,IAEA LiveChart ENSDF adopted gammas,2026-08-13
60ni,28,60,8655.4,0,8654.7,100.0,,,,3.8118,IAEA LiveChart ENSDF adopted gammas,2026-08-13
60ni,28,60,8656.8,1332.514,7324.2,75.0,,,,3.8118,IAEA LiveChart ENSDF adopted gammas,2026-08-13
60ni,28,60,8656.8,0,8655.9,100.0,,,,3.8118,IAEA LiveChart ENSDF adopted gammas,2026-08-13
60ni,28,60,8666.21,3619.46,5046.4,89.0,,,,3.8118,IAEA LiveChart ENSDF adopted gammas,2026-08-13
60ni,28,60,8666.21,3193.87,5472.8,100.0,,,,3.8118,IAEA LiveChart ENSDF adopted gammas,2026-08-13
60ni,28,60,8688.4,0,8687.7,100.0,M1,,,3.8118,IAEA LiveChart ENSDF adopted gammas,2026-08-13
60ni,28,60,8688.92,7433.45,1255.4,100.0,M1+E2,0.000145,0.9998550210219518,3.8118,IAEA LiveChart ENSDF adopted gammas,2026-08-13
60ni,28,60,8688.92,7027.83,1661.9,35.0,E2,0.000235,0.9997650552120252,3.8118,IAEA LiveChart ENSDF adopted gammas,2026-08-13
60ni,28,60,8688.92,6461.1,2227.2,47.0,E2,0.00047,0.9995302207962258,3.8118,IAEA LiveChart ENSDF adopted gammas,2026-08-13
60ni,28,60,8747,0,8746.3,100.0,E1,,,3.8118,IAEA LiveChart ENSDF adopted gammas,2026-08-13
60ni,28,60,8768,0,8767.0,100.0,M1,,,3.8118,IAEA LiveChart ENSDF adopted gammas,2026-08-13
60ni,28,60,8778.6,0,8777.9,100.0,M1,,,3.8118,IAEA LiveChart ENSDF adopted gammas,2026-08-13
60ni,28,60,8781.6,0,8780.9,100.0,E1,,,3.8118,IAEA LiveChart ENSDF adopted gammas,2026-08-13
60ni,28,60,8793.6,1332.514,7459.5,100.0,,,,3.8118,IAEA LiveChart ENSDF adopted gammas,2026-08-13
60ni,28,60,8793.6,0,8795.2,82.0,M1,,,3.8118,IAEA LiveChart ENSDF adopted gammas,2026-08-13
60ni,28,60,8846.5,0,8845.8,100.0,M1,,,3.8118,IAEA LiveChart ENSDF adopted gammas,2026-08-13
60ni,28,60,8871.7,0,8871.0,100.0,M1,,,3.8118,IAEA LiveChart ENSDF adopted gammas,2026-08-13
60ni,28,60,8890.5,0,8889.8,100.0,M1,,,3.8118,IAEA LiveChart ENSDF adopted gammas,2026-08-13
60ni,28,60,8924.1,0,8923.4,100.0,E1,,,3.8118,IAEA LiveChart ENSDF adopted gammas,2026-08-13
60ni,28,60,9010.5,0,9009.8,100.0,E1,,,3.8118,IAEA LiveChart ENSDF adopted gammas,2026-08-13
60ni,28,60,9045.2,3871.05,5173.6,100.0,,,,3.8118,IAEA LiveChart ENSDF adopted gammas,2026-08-13
60ni,28,60,9053.3,0,9052.6,100.0,E1,,,3.8118,IAEA LiveChart ENSDF adopted gammas,2026-08-13
60ni,28,60,9068.9,0,9068.2,100.0,M1,,,3.8118,IAEA LiveChart ENSDF adopted gammas,2026-08-13
60ni,28,60,9076.66,3317.829,5759.1,100.0,,,,3.8118,IAEA LiveChart ENSDF adopted gammas,2026-08-13
60ni,28,60,9076.66,3123.698,5952.4,100.0,,,,3.8118,IAEA LiveChart ENSDF adopted gammas,2026-08-13
60ni,28,60,9092.3,1332.514,7761.2,25.0,E1,,,3.8118,IAEA LiveChart ENSDF adopted gammas,2026-08-13
60ni,28,60,9092.3,0,9091.2,100.0,E1,,,3.8118,IAEA LiveChart ENSDF adopted gammas,2026-08-13
60ni,28,60,9123.01,8521.11,601.6,11.0,D,,,3.8118,IAEA LiveChart ENSDF adopted gammas,2026-08-13
60ni,28,60,9123.01,8485.5,637.5,100.0,M1+E2,0.00065,0.9993504222255534,3.8118,IAEA LiveChart ENSDF adopted gammas,2026-08-13
60ni,28,60,9123.01,6810.95,2311.8,28.0,M1+E2,0.00047,0.9995302207962258,3.8118,IAEA LiveChart ENSDF adopted gammas,2026-08-13
60ni,28,60,9132.2,0,9131.5,100.0,E1,,,3.8118,IAEA LiveChart ENSDF adopted gammas,2026-08-13
60ni,28,60,9132.27,8521.11,611.5,100.0,M1+E2,0.000561,0.9994393145445405,3.8118,IAEA LiveChart ENSDF adopted gammas,2026-08-13
60ni,28,60,9132.27,8044.26,1088.2,2.8,E2,0.000198,0.9998020391962392,3.8118,IAEA LiveChart ENSDF adopted gammas,2026-08-13
60ni,28,60,9149,0,9148.7,100.0,E1,,,3.8118,IAEA LiveChart ENSDF adopted gammas,2026-08-13
60ni,28,60,9256,0,9255.2,100.0,E1,,,3.8118,IAEA LiveChart ENSDF adopted gammas,2026-08-13
60ni,28,60,9264.3,8389.9,874.1,9.0,E2,0.000337,0.9996631135307401,3.8118,IAEA LiveChart ENSDF adopted gammas,2026-08-13
60ni,28,60,9264.3,6810.95,2452.2,100.0,E2,0.000571,0.9994293258549367,3.8118,IAEA LiveChart ENSDF adopted gammas,2026-08-13
60ni,28,60,9266.5,0,9265.7,100.0,E1,,,3.8118,IAEA LiveChart ENSDF adopted gammas,2026-08-13
60ni,28,60,9274.7,0,9273.9,100.0,,,,3.8118,IAEA LiveChart ENSDF adopted gammas,2026-08-13
60ni,28,60,9301.2,0,9300.4,100.0,M1,,,3.8118,IAEA LiveChart ENSDF adopted gammas,2026-08-13
60ni,28,60,9308.3,0,9307.5,100.0,E1,,,3.8118,IAEA LiveChart ENSDF adopted gammas,2026-08-13
60ni,28,60,9346.82,4039.89,5306.7,100.0,,,,3.8118,IAEA LiveChart ENSDF adopted gammas,2026-08-13
60ni,28,60,9352.6,0,9351.8,100.0,E1,,,3.8118,IAEA LiveChart ENSDF adopted gammas,2026-08-13
60ni,28,60,9395.5,0,9394.7,100.0,E1,,,3.8118,IAEA LiveChart ENSDF adopted gammas,2026-08-13
60ni,28,60,9410.7,0,9409.9,100.0,E1,,,3.8118,IAEA LiveChart ENSDF adopted gammas,2026-08-13
60ni,28,60,9426.2,7433.45,1992.9,100.0,M1+E2,0.00034,0.9996601155607093,3.8118,IAEA LiveChart ENSDF adopted gammas,2026-08-13
60ni,28,60,9453.1,0,9452.3,100.0,M1,,,3.8118,IAEA LiveChart ENSDF adopted gammas,2026-08-13
60ni,28,60,9463.9,2158.632,7303.2,100.0,,,,3.8118,IAEA LiveChart ENSDF adopted gammas,2026-08-13
60ni,28,60,9463.9,0,9464.5,61.0,E1,,,3.8118,IAEA LiveChart ENSDF adopted gammas,2026-08-13
60ni,28,60,9468,0,9466.8,100.0,M1,,,3.8118,IAEA LiveChart ENSDF adopted gammas,2026-08-13
60ni,28,60,9504.9,0,9504.1,100.0,E1,,,3.8118,IAEA LiveChart ENSDF adopted gammas,2026-08-13
60ni,28,60,9599,0,9598.2,100.0,E1,,,3.8118,IAEA LiveChart ENSDF adopted gammas,2026-08-13
60ni,28,60,9622.5,6837.2,2785.2,100.0,E2,0.000718,0.9992825151541194,3.8118,IAEA LiveChart ENSDF adopted gammas,2026-08-13
60ni,28,60,9640.2,0,9639.4,100.0,E1,,,3.8118,IAEA LiveChart ENSDF adopted gammas,2026-08-13
60ni,28,60,9659.3,1332.514,8326.0,11.0,,,,3.8118,IAEA LiveChart ENSDF adopted gammas,2026-08-13
60ni,28,60,9659.3,0,9658.5,100.0,E1,,,3.8118,IAEA LiveChart ENSDF adopted gammas,2026-08-13
60ni,28,60,9665.67,8074.4,1590.9,33.0,E2,0.000211,0.9997890445116081,3.8118,IAEA LiveChart ENSDF adopted gammas,2026-08-13
60ni,28,60,9665.67,7732.5,1934.0,27.0,E2,0.00034,0.9996601155607093,3.8118,IAEA LiveChart ENSDF adopted gammas,2026-08-13
60ni,28,60,9665.67,7531.4,2134.4,27.0,E2,0.000428,0.9995721831056307,3.8118,IAEA LiveChart ENSDF adopted gammas,2026-08-13
60ni,28,60,9665.67,7433.45,2233.0,20.0,M1+E2,0.00044,0.9995601935148535,3.8118,IAEA LiveChart ENSDF adopted gammas,2026-08-13
60ni,28,60,9665.67,7380.3,2284.9,20.0,E2,0.000496,0.9995042458940365,3.8118,IAEA LiveChart ENSDF adopted gammas,2026-08-13
60ni,28,60,9665.67,7250,2416.3,47.0,E2,0.000555,0.9994453078541409,3.8118,IAEA LiveChart ENSDF adopted gammas,2026-08-13
60ni,28,60,9665.67,6810.95,2854.4,100.0,E1,0.00118,0.9988213907589045,3.8118,IAEA LiveChart ENSDF adopted gammas,2026-08-13
60ni,28,60,9665.67,6461.1,3204.6,13.0,E2,0.000893,0.9991077967375134,3.8118,IAEA LiveChart ENSDF adopted gammas,2026-08-13
60ni,28,60,9701.4,0,9700.6,100.0,E1,,,3.8118,IAEA LiveChart ENSDF adopted gammas,2026-08-13
60ni,28,60,9714.9,8426.69,1287.9,100.0,(E1),0.0001757,0.9998243308650671,3.8118,IAEA LiveChart ENSDF adopted gammas,2026-08-13
60ni,28,60,9718.27,9264.3,454.0,9.0,M1,0.001084,0.9989171737836184,3.8118,IAEA LiveChart ENSDF adopted gammas,2026-08-13
60ni,28,60,9718.27,8521.11,1196.8,65.0,M1+E2,0.000157,0.9998430246451308,3.8118,IAEA LiveChart ENSDF adopted gammas,2026-08-13
60ni,28,60,9718.27,8272.09,1447.1,41.0,M1+E2,0.000162,0.9998380262397492,3.8118,IAEA LiveChart ENSDF adopted gammas,2026-08-13
60ni,28,60,9718.27,6810.95,2905.9,100.0,E2,0.00077,0.9992305924438183,3.8118,IAEA LiveChart ENSDF adopted gammas,2026-08-13
60ni,28,60,9721,0,9720.2,100.0,E1,,,3.8118,IAEA LiveChart ENSDF adopted gammas,2026-08-13
60ni,28,60,9751.5,0,9750.6,100.0,E1,,,3.8118,IAEA LiveChart ENSDF adopted gammas,2026-08-13
60ni,28,60,9760.42,8521.11,1239.0,44.0,M1+E2,0.000152,0.9998480231004888,3.8118,IAEA LiveChart ENSDF adopted gammas,2026-08-13
60ni,28,60,9760.42,6810.95,2948.8,100.0,E2,0.000789,0.9992116220302182,3.8118,IAEA LiveChart ENSDF adopted gammas,2026-08-13
60ni,28,60,9774.8,0,9773.9,100.0,E1,,,3.8118,IAEA LiveChart ENSDF adopted gammas,2026-08-13
60ni,28,60,9807.5,0,9806.6,100.0,E1,,,3.8118,IAEA LiveChart ENSDF adopted gammas,2026-08-13
60ni,28,60,9831,0,9830.0,100.0,M1,,,3.8118,IAEA LiveChart ENSDF adopted gammas,2026-08-13
60ni,28,60,9832,0,9831.1,100.0,E1,,,3.8118,IAEA LiveChart ENSDF adopted gammas,2026-08-13
60ni,28,60,9871.3,0,9870.4,100.0,E1,,,3.8118,IAEA LiveChart ENSDF adopted gammas,2026-08-13
60ni,28,60,9887.9,7250,2638.4,100.0,E2,0.000655,0.9993454287441725,3.8118,IAEA LiveChart ENSDF adopted gammas,2026-08-13
60ni,28,60,9887.9,6810.95,3079.0,100.0,E1,0.001289,0.9987126593820564,3.8118,IAEA LiveChart ENSDF adopted gammas,2026-08-13
60ni,28,60,9893.5,0,9892.6,100.0,E1,,,3.8118,IAEA LiveChart ENSDF adopted gammas,2026-08-13
60ni,28,60,9953.7,4019.886,5933.3,100.0,,,,3.8118,IAEA LiveChart ENSDF adopted gammas,2026-08-13
60ni,28,60,9960.14,9132.27,827.8,15.0,M1,0.000293,0.9997070858238535,3.8118,IAEA LiveChart ENSDF adopted gammas,2026-08-13
60ni,28,60,9960.14,9123.01,836.4,100.0,M1+E2,0.00033,0.9996701088640749,3.8118,IAEA LiveChart ENSDF adopted gammas,2026-08-13
60ni,28,60,9960.14,8521.11,1438.6,38.0,M1+E2,0.00016,0.9998400255959047,3.8118,IAEA LiveChart ENSDF adopted gammas,2026-08-13
60ni,28,60,9989.27,9132.27,856.9,100.0,M1(+E2),0.000274,0.9997260750554346,3.8118,IAEA LiveChart ENSDF adopted gammas,2026-08-13
60ni,28,60,9989.27,8521.11,1468.3,4.2,E2,0.000179,0.9998210320352657,3.8118,IAEA LiveChart ENSDF adopted gammas,2026-08-13
60ni,28,60,10029.02,4843.93,5184.9,100.0,,,,3.8118,IAEA LiveChart ENSDF adopted gammas,2026-08-13
60ni,28,60,10054.23,9264.3,789.4,33.0,(M1),0.000324,0.9996761049419988,3.8118,IAEA LiveChart ENSDF adopted gammas,2026-08-13
60ni,28,60,10054.23,6810.95,3243.4,100.0,(E2),0.000909,0.9990918255305926,3.8118,IAEA LiveChart ENSDF adopted gammas,2026-08-13
60ni,28,60,10158.6,9264.3,894.1,100.0,(M1+E2),0.00028,0.9997200783780541,3.8118,IAEA LiveChart ENSDF adopted gammas,2026-08-13
60ni,28,60,10241.7,6810.95,3428.9,100.0,(E2),0.000981,0.9990199614178492,3.8118,IAEA LiveChart ENSDF adopted gammas,2026-08-13
60ni,28,60,10697.3,9760.42,936.7,100.0,M1+E2,0.00026,0.9997400675824286,3.8118,IAEA LiveChart ENSDF adopted gammas,2026-08-13
60ni,28,60,10697.3,9718.27,979.1,75.0,M1+E2,0.000231,0.9997690533486764,3.8118,IAEA LiveChart ENSDF adopted gammas,2026-08-13
60ni,28,60,10788.66,10054.23,734.1,40.0,M1+E2,0.00046,0.9995402115027089,3.8118,IAEA LiveChart ENSDF adopted gammas,2026-08-13
60ni,28,60,10788.66,9960.14,828.5,100.0,M1+E2,0.00034,0.9996601155607093,3.8118,IAEA LiveChart ENSDF adopted gammas,2026-08-13
60ni,28,60,10788.66,9760.42,1028.0,80.0,M1+E2,0.000207,0.999793042840132,3.8118,IAEA LiveChart ENSDF adopted gammas,2026-08-13
60ni,28,60,10788.66,9132.27,1657.5,60.0,M1+E2,0.000214,0.9997860457862018,3.8118,IAEA LiveChart ENSDF adopted gammas,2026-08-13
60ni,28,60,10825.23,9426.2,1398.8,33.0,M1+E2,0.000156,0.9998440243322041,3.8118,IAEA LiveChart ENSDF adopted gammas,2026-08-13
60ni,28,60,10825.23,8688.92,2135.8,100.0,M1+E2,0.0004,0.9996001599360256,3.8118,IAEA LiveChart ENSDF adopted gammas,2026-08-13
60ni,28,60,10825.23,7980.81,2844.8,100.0,E2,0.000744,0.9992565531244754,3.8118,IAEA LiveChart ENSDF adopted gammas,2026-08-13
60ni,28,60,10825.23,7433.45,3390.8,33.0,E2,0.000968,0.9990329361178378,3.8118,IAEA LiveChart ENSDF adopted gammas,2026-08-13
60ni,28,60,10872.6,9426.2,1446.6,33.0,M1+E2,0.000162,0.9998380262397492,3.8118,IAEA LiveChart ENSDF adopted gammas,2026-08-13
60ni,28,60,10872.6,8688.92,2184.4,67.0,M1+E2,0.00042,0.999580176325943,3.8118,IAEA LiveChart ENSDF adopted gammas,2026-08-13
60ni,28,60,10872.6,7980.81,2891.7,67.0,E2,0.000764,0.9992365832503967,3.8118,IAEA LiveChart ENSDF adopted gammas,2026-08-13
60ni,28,60,10872.6,7433.45,3439.2,100.0,E2,0.000985,0.9990159692702688,3.8118,IAEA LiveChart ENSDF adopted gammas,2026-08-13
60ni,28,60,10977.68,8688.4,2289.1,17.0,M1+E2,0.00046,0.9995402115027089,3.8118,IAEA LiveChart ENSDF adopted gammas,2026-08-13
60ni,28,60,10977.68,8272.09,2705.8,17.0,E1,0.001102,0.9988992130672,3.8118,IAEA LiveChart ENSDF adopted gammas,2026-08-13
60ni,28,60,10977.68,7980.81,2996.6,100.0,E2,0.000809,0.9991916539519529,3.8118,IAEA LiveChart ENSDF adopted gammas,2026-08-13
60ni,28,60,10977.68,7433.45,3544.2,83.0,E2,0.001022,0.9989790434176271,3.8118,IAEA LiveChart ENSDF adopted gammas,2026-08-13
60ni,28,60,11030.6,8688.92,2341.7,100.0,M1+E2,0.00048,0.999520230289461,3.8118,IAEA LiveChart ENSDF adopted gammas,2026-08-13
60ni,28,60,11030.6,7980.81,3048.4,50.0,E2,0.00083,0.999170688328687,3.8118,IAEA LiveChart ENSDF adopted gammas,2026-08-13
60ni,28,60,11030.6,7433.45,3596.7,50.0,E2,0.001041,0.9989600825540611,3.8118,IAEA LiveChart ENSDF adopted gammas,2026-08-13
60ni,28,60,11044.14,9887.9,1156.8,12.0,E2,0.000176,0.9998240309705493,3.8118,IAEA LiveChart ENSDF adopted gammas,2026-08-13
60ni,28,60,11044.14,9760.42,1283.0,3.0,E1,0.0001728,0.999827229854681,3.8118,IAEA LiveChart ENSDF adopted gammas,2026-08-13
60ni,28,60,11044.14,9714.9,1329.0,1.5,(E2),0.0001623,0.9998377263370155,3.8118,IAEA LiveChart ENSDF adopted gammas,2026-08-13
60ni,28,60,11044.14,9665.67,1378.7,100.0,E2,0.0001655,0.9998345273857177,3.8118,IAEA LiveChart ENSDF adopted gammas,2026-08-13
60ni,28,60,11044.14,9132.27,1911.4,3.0,E1,0.000607,0.9993933682254871,3.8118,IAEA LiveChart ENSDF adopted gammas,2026-08-13
60ni,28,60,11079.1,10241.7,837.1,100.0,(M1+E2),0.00033,0.9996701088640749,3.8118,IAEA LiveChart ENSDF adopted gammas,2026-08-13
60ni,28,60,11079.1,10054.23,1025.1,100.0,(M1+E2),0.000209,0.9997910436718727,3.8118,IAEA LiveChart ENSDF adopted gammas,2026-08-13
60ni,28,60,11112.8,10158.6,954.1,1.7,(M1+E2),0.00024,0.9997600575861793,3.8118,IAEA LiveChart ENSDF adopted gammas,2026-08-13
60ni,28,60,11112.8,9989.27,1123.4,100.0,M1+E2,0.0001597,0.9998403255000177,3.8118,IAEA LiveChart ENSDF adopted gammas,2026-08-13
60ni,28,60,11112.8,9132.27,1981.1,7.0,E2,0.00036,0.9996401295533609,3.8118,IAEA LiveChart ENSDF adopted gammas,2026-08-13
60ni,28,60,11120.6,9622.5,1498.1,100.0,E2,0.000185,0.9998150342186695,3.8118,IAEA LiveChart ENSDF adopted gammas,2026-08-13
60ni,28,60,11224.9,8521.11,2705.0,50.0,(E1),0.001102,0.9988992130672,3.8118,IAEA LiveChart ENSDF adopted gammas,2026-08-13
60ni,28,60,11224.9,7433.45,3792.5,100.0,(E2),0.001118,0.9988832485281456,3.8118,IAEA LiveChart ENSDF adopted gammas,2026-08-13
60ni,28,60,11255.23,11030.6,224.6,14.0,M1+E2,0.0061,0.9939369843951894,3.8118,IAEA LiveChart ENSDF adopted gammas,2026-08-13
60ni,28,60,11255.23,10977.68,278.0,100.0,M1(+E2),0.00344,0.99657179303197,3.8118,IAEA LiveChart ENSDF adopted gammas,2026-08-13
60ni,28,60,11255.23,10872.6,382.8,33.0,M1+E2,0.00161,0.9983925879334273,3.8118,IAEA LiveChart ENSDF adopted gammas,2026-08-13
60ni,28,60,11255.23,10825.23,429.9,43.0,M1(+E2),0.00123,0.998771511041419,3.8118,IAEA LiveChart ENSDF adopted gammas,2026-08-13
60ni,28,60,11255.23,9960.14,1293.4,29.0,E1,0.000179,0.9998210320352657,3.8118,IAEA LiveChart ENSDF adopted gammas,2026-08-13
60ni,28,60,11255.23,9665.67,1590.3,33.0,E2,0.000211,0.9997890445116081,3.8118,IAEA LiveChart ENSDF adopted gammas,2026-08-13
60ni,28,60,11255.23,9132.27,2123.4,4.8,E1,0.000751,0.9992495635777532,3.8118,IAEA LiveChart ENSDF adopted gammas,2026-08-13
60ni,28,60,11387.7,10029.02,1358.67,0.126,,,,3.8118,IAEA LiveChart ENSDF adopted gammas,2026-08-13
60ni,28,60,11387.7,9953.7,1434.0,0.084,,,,3.8118,IAEA LiveChart ENSDF adopted gammas,2026-08-13
60ni,28,60,11387.7,9346.82,2040.85,0.223,,,,3.8118,IAEA LiveChart ENSDF adopted gammas,2026-08-13
60ni,28,60,11387.7,9076.66,2311.0,0.223,,,,3.8118,IAEA LiveChart ENSDF adopted gammas,2026-08-13
60ni,28,60,11387.7,9045.2,2341.9,0.107,,,,3.8118,IAEA LiveChart ENSDF adopted gammas,2026-08-13
60ni,28,60,11387.7,8666.21,2721.59,0.177,,,,3.8118,IAEA LiveChart ENSDF adopted gammas,2026-08-13
60ni,28,60,11387.7,8638.5,2749.5,0.121,,,,3.8118,IAEA LiveChart ENSDF adopted gammas,2026-08-13
60ni,28,60,11387.7,8565.6,2822.3,0.186,,,,3.8118,IAEA LiveChart ENSDF adopted gammas,2026-08-13
60ni,28,60,11387.7,8504.7,2883.0,0.172,,,,3.8118,IAEA LiveChart ENSDF adopted gammas,2026-08-13
60ni,28,60,11387.7,8286.3,3101.2,0.07,,,,3.8118,IAEA LiveChart ENSDF adopted gammas,2026-08-13
60ni,28,60,11387.7,7950.93,3436.9,0.35,,,,3.8118,IAEA LiveChart ENSDF adopted gammas,2026-08-13
60ni,28,60,11387.7,7818.02,3569.53,0.409,,,,3.8118,IAEA LiveChart ENSDF adopted gammas,2026-08-13
60ni,28,60,11387.7,7798.9,3589.0,0.24,,,,3.8118,IAEA LiveChart ENSDF adopted gammas,2026-08-13
60ni,28,60,11387.7,7761.8,3625.6,0.16,,,,3.8118,IAEA LiveChart ENSDF adopted gammas,2026-08-13
60ni,28,60,11387.7,7690,3697.7,0.15,,,,3.8118,IAEA LiveChart ENSDF adopted gammas,2026-08-13
60ni,28,60,11387.7,7684.1,3703.4,0.18,,,,3.8118,IAEA LiveChart ENSDF adopted gammas,2026-08-13
60ni,28,60,11387.7,7552,3836.1,0.15,,,,3.8118,IAEA LiveChart ENSDF adopted gammas,2026-08-13
60ni,28,60,11387.7,7495.2,3892.4,0.2,,,,3.8118,IAEA LiveChart ENSDF adopted gammas,2026-08-13
60ni,28,60,11387.7,7473.49,3913.7,0.19,,,,3.8118,IAEA LiveChart ENSDF adopted gammas,2026-08-13
60ni,28,60,11387.7,7414.16,3973.4,0.19,,,,3.8118,IAEA LiveChart ENSDF adopted gammas,2026-08-13
60ni,28,60,11387.7,7339.68,4048.2,0.22,,,,3.8118,IAEA LiveChart ENSDF adopted gammas,2026-08-13
60ni,28,60,11387.7,7316.13,4071.49,0.34,,,,3.8118,IAEA LiveChart ENSDF adopted gammas,2026-08-13
60ni,28,60,11387.7,7222.8,4164.75,0.9,,,,3.8118,IAEA LiveChart ENSDF adopted gammas,2026-08-13
60ni,28,60,11387.7,7207.6,4180.5,0.084,,,,3.8118,IAEA LiveChart ENSDF adopted gammas,2026-08-13
60ni,28,60,11387.7,7056.27,4331.24,0.53,,,,3.8118,IAEA LiveChart ENSDF adopted gammas,2026-08-13
60ni,28,60,11387.7,6996.86,4390.4,0.19,,,,3.8118,IAEA LiveChart ENSDF adopted gammas,2026-08-13
60ni,28,60,11387.7,6911.93,4475.58,0.7,,,,3.8118,IAEA LiveChart ENSDF adopted gammas,2026-08-13
60ni,28,60,11387.7,6834.92,4553.0,0.33,,,,3.8118,IAEA LiveChart ENSDF adopted gammas,2026-08-13
60ni,28,60,11387.7,6756.4,4631.2,0.17,,,,3.8118,IAEA LiveChart ENSDF adopted gammas,2026-08-13
60ni,28,60,11387.7,6647.17,4740.48,1.05,,,,3.8118,IAEA LiveChart ENSDF adopted gammas,2026-08-13
60ni,28,60,11387.7,6567.33,4819.9,0.15,,,,3.8118,IAEA LiveChart ENSDF adopted gammas,2026-08-13
60ni,28,60,11387.7,6515,4871.7,0.11,,,,3.8118,IAEA LiveChart ENSDF adopted gammas,2026-08-13
60ni,28,60,11387.7,6489.28,4898.4,0.3,,,,3.8118,IAEA LiveChart ENSDF adopted gammas,2026-08-13
60ni,28,60,11387.7,6465.25,4922.34,0.72,,,,3.8118,IAEA LiveChart ENSDF adopted gammas,2026-08-13
60ni,28,60,11387.7,6382.4,5005.5,0.14,,,,3.8118,IAEA LiveChart ENSDF adopted gammas,2026-08-13
60ni,28,60,11387.7,6362.05,5025.43,0.43,,,,3.8118,IAEA LiveChart ENSDF adopted gammas,2026-08-13
60ni,28,60,11387.7,6327.21,5059.8,0.19,,,,3.8118,IAEA LiveChart ENSDF adopted gammas,2026-08-13
60ni,28,60,11387.7,6239.2,5148.1,0.29,,,,3.8118,IAEA LiveChart ENSDF adopted gammas,2026-08-13
60ni,28,60,11387.7,6066.72,5320.69,0.44,,,,3.8118,IAEA LiveChart ENSDF adopted gammas,2026-08-13
60ni,28,60,11387.7,5967.8,5419.5,0.12,,,,3.8118,IAEA LiveChart ENSDF adopted gammas,2026-08-13
60ni,28,60,11387.7,5918.54,5468.5,0.13,,,,3.8118,IAEA LiveChart ENSDF adopted gammas,2026-08-13
60ni,28,60,11387.7,5902.44,5485.02,1.75,,,,3.8118,IAEA LiveChart ENSDF adopted gammas,2026-08-13
60ni,28,60,11387.7,5878.05,5509.46,1.04,,,,3.8118,IAEA LiveChart ENSDF adopted gammas,2026-08-13
60ni,28,60,11387.7,5859.9,5527.4,0.16,,,,3.8118,IAEA LiveChart ENSDF adopted gammas,2026-08-13
60ni,28,60,11387.7,5710.79,5676.64,4.35,,,,3.8118,IAEA LiveChart ENSDF adopted gammas,2026-08-13
60ni,28,60,11387.7,5672.36,5714.96,0.74,,,,3.8118,IAEA LiveChart ENSDF adopted gammas,2026-08-13
60ni,28,60,11387.7,5612.4,5775.08,3.32,,,,3.8118,IAEA LiveChart ENSDF adopted gammas,2026-08-13
60ni,28,60,11387.7,5476.04,5911.3,0.074,,,,3.8118,IAEA LiveChart ENSDF adopted gammas,2026-08-13
60ni,28,60,11387.7,5446.98,5940.5,0.34,,,,3.8118,IAEA LiveChart ENSDF adopted gammas,2026-08-13
60ni,28,60,11387.7,5288.55,6099.4,0.29,,,,3.8118,IAEA LiveChart ENSDF adopted gammas,2026-08-13
60ni,28,60,11387.7,5127.16,6260.19,0.33,,,,3.8118,IAEA LiveChart ENSDF adopted gammas,2026-08-13
60ni,28,60,11387.7,5065.02,6322.29,2.59,,,,3.8118,IAEA LiveChart ENSDF adopted gammas,2026-08-13
60ni,28,60,11387.7,4953.36,6434.01,1.04,,,,3.8118,IAEA LiveChart ENSDF adopted gammas,2026-08-13
60ni,28,60,11387.7,4928.98,6458.42,0.46,,,,3.8118,IAEA LiveChart ENSDF adopted gammas,2026-08-13
60ni,28,60,11387.7,4843.93,6543.44,2.7,,,,3.8118,IAEA LiveChart ENSDF adopted gammas,2026-08-13
60ni,28,60,11387.7,4779.13,6608.29,1.36,,,,3.8118,IAEA LiveChart ENSDF adopted gammas,2026-08-13
60ni,28,60,11387.7,4760.23,6627.12,0.59,,,,3.8118,IAEA LiveChart ENSDF adopted gammas,2026-08-13
60ni,28,60,11387.7,4577.45,6809.91,1.55,,,,3.8118,IAEA LiveChart ENSDF adopted gammas,2026-08-13
60ni,28,60,11387.7,4547.96,6839.38,5.6,,,,3.8118,IAEA LiveChart ENSDF adopted gammas,2026-08-13
60ni,28,60,11387.7,4493.16,6894.23,1.28,,,,3.8118,IAEA LiveChart ENSDF adopted gammas,2026-08-13
60ni,28,60,11387.7,4335.52,7051.67,1.02,,,,3.8118,IAEA LiveChart ENSDF adopted gammas,2026-08-13
60ni,28,60,11387.7,4318.58,7068.67,1.93,,,,3.8118,IAEA LiveChart ENSDF adopted gammas,2026-08-13
60ni,28,60,11387.7,4111.96,7275.9,0.09,,,,3.8118,IAEA LiveChart ENSDF adopted gammas,2026-08-13
60ni,28,60,11387.7,4077.99,7309.22,0.99,,,,3.8118,IAEA LiveChart ENSDF adopted gammas,2026-08-13
60ni,28,60,11387.7,4019.886,7367.31,9.1,,,,3.8118,IAEA LiveChart ENSDF adopted gammas,2026-08-13
60ni,28,60,11387.7,4006.444,7380.77,11.3,,,,3.8118,IAEA LiveChart ENSDF adopted gammas,2026-08-13
60ni,28,60,11387.7,3887.36,7499.4,0.35,,,,3.8118,IAEA LiveChart ENSDF adopted gammas,2026-08-13
60ni,28,60,11387.7,3871.05,7516.17,9.5,,,,3.8118,IAEA LiveChart ENSDF adopted gammas,2026-08-13
60ni,28,60,11387.7,3734.44,7652.88,2.0,,,,3.8118,IAEA LiveChart ENSDF adopted gammas,2026-08-13
60ni,28,60,11387.7,3587.72,7799.4,3.2,,,,3.8118,IAEA LiveChart ENSDF adopted gammas,2026-08-13
60ni,28,60,11387.7,3393.14,7993.95,1.44,,,,3.8118,IAEA LiveChart ENSDF adopted gammas,2026-08-13
60ni,28,60,11387.7,3317.829,8069.26,14.8,,,,3.8118,IAEA LiveChart ENSDF adopted gammas,2026-08-13
60ni,28,60,11387.7,3269.19,8117.6,0.2,,,,3.8118,IAEA LiveChart ENSDF adopted gammas,2026-08-13
60ni,28,60,11387.7,3193.87,8193.24,8.8,,,,3.8118,IAEA LiveChart ENSDF adopted gammas,2026-08-13
60ni,28,60,11387.7,3185.98,8200.88,0.96,,,,3.8118,IAEA LiveChart ENSDF adopted gammas,2026-08-13
60ni,28,60,11387.7,3123.698,8263.35,7.4,,,,3.8118,IAEA LiveChart ENSDF adopted gammas,2026-08-13
60ni,28,60,11387.7,2284.8,9102.1,41.1,,,,3.8118,IAEA LiveChart ENSDF adopted gammas,2026-08-13
60ni,28,60,11387.7,2158.632,9228.19,5.3,,,,3.8118,IAEA LiveChart ENSDF adopted gammas,2026-08-13
60ni,28,60,11387.7,1332.514,10054.14,38.2,,,,3.8118,IAEA LiveChart ENSDF adopted gammas,2026-08-13
60ni,28,60,11387.7,0,11386.5,100.0,,,,3.8118,IAEA LiveChart ENSDF adopted gammas,2026-08-13
60ni,28,60,11443.4,10788.66,654.9,29.0,M1+E2,0.00061,0.9993903718731574,3.8118,IAEA LiveChart ENSDF adopted gammas,2026-08-13
60ni,28,60,11443.4,9760.42,1683.2,100.0,E2,0.000242,0.9997580585498309,3.8118,IAEA LiveChart ENSDF adopted gammas,2026-08-13
60ni,28,60,11443.4,9718.27,1724.9,79.0,E2,0.000257,0.9997430660320298,3.8118,IAEA LiveChart ENSDF adopted gammas,2026-08-13
60ni,28,60,11493.6,9132.2,2361.4,100.0,(E1),0.000901,0.9990998110702257,3.8118,IAEA LiveChart ENSDF adopted gammas,2026-08-13
60ni,28,60,11553.3,10788.66,764.2,100.0,M1+E2,0.00041,0.9995901680311072,3.8118,IAEA LiveChart ENSDF adopted gammas,2026-08-13
60ni,28,60,11785.6,11224.9,560.8,50.0,M1+E2,0.00092,0.9990808456220277,3.8118,IAEA LiveChart ENSDF adopted gammas,2026-08-13
60ni,28,60,11785.6,9132.27,2654.2,100.0,(E1),0.001073,0.9989281500949481,3.8118,IAEA LiveChart ENSDF adopted gammas,2026-08-13
60ni,28,60,11851.17,11255.23,596.0,100.0,M1(+E2),0.000591,0.9994093490746968,3.8118,IAEA LiveChart ENSDF adopted gammas,2026-08-13
60ni,28,60,11851.17,10977.68,872.6,4.5,E2,0.000338,0.9996621142053986,3.8118,IAEA LiveChart ENSDF adopted gammas,2026-08-13
60ni,28,60,11851.17,9989.27,1862.9,4.5,E1,0.000573,0.9994273281409752,3.8118,IAEA LiveChart ENSDF adopted gammas,2026-08-13
60ni,28,60,11878,10697.3,1180.7,100.0,(D+Q),,,3.8118,IAEA LiveChart ENSDF adopted gammas,2026-08-13
60ni,28,60,12273.7,11112.8,1160.8,100.0,M1+E2,0.0001515,0.9998485229487731,3.8118,IAEA LiveChart ENSDF adopted gammas,2026-08-13
60ni,28,60,12273.7,9989.27,2284.6,15.0,E2,0.000496,0.9995042458940365,3.8118,IAEA LiveChart ENSDF adopted gammas,2026-08-13
60ni,28,60,12486.2,11785.6,700.8,100.0,M1+E2,0.00051,0.9994902599674166,3.8118,IAEA LiveChart ENSDF adopted gammas,2026-08-13
60ni,28,60,12486.2,9989.27,2495.3,75.0,(E1),0.000981,0.9990199614178492,3.8118,IAEA LiveChart ENSDF adopted gammas,2026-08-13
60ni,28,60,12578.4,11851.17,727.1,100.0,M1(+E2),0.000385,0.9996151481679553,3.8118,IAEA LiveChart ENSDF adopted gammas,2026-08-13
60ni,28,60,12578.4,11553.3,1025.1,4.0,E1,9.99e-05,0.9999001099790131,3.8118,IAEA LiveChart ENSDF adopted gammas,2026-08-13
60ni,28,60,12578.4,11255.23,1323.9,6.0,E2,0.0001621,0.9998379262721512,3.8118,IAEA LiveChart ENSDF adopted gammas,2026-08-13
60ni,28,60,12742.1,10788.66,1956.0,100.0,E1,0.000638,0.9993624067844716,3.8118,IAEA LiveChart ENSDF adopted gammas,2026-08-13
60ni,28,60,12742.1,9989.27,2753.2,50.0,E1,0.001128,0.9988732709503679,3.8118,IAEA LiveChart ENSDF adopted gammas,2026-08-13
60ni,28,60,12774.7,11493.6,1281.1,1.0,(E2),0.0001616,0.9998384261103406,3.8118,IAEA LiveChart ENSDF adopted gammas,2026-08-13
60ni,28,60,12774.7,11044.14,1730.4,100.0,E2,0.000259,0.9997410670636305,3.8118,IAEA LiveChart ENSDF adopted gammas,2026-08-13
60ni,28,60,13037.5,11120.6,1916.9,100.0,E2,0.000333,0.9996671108520864,3.8118,IAEA LiveChart ENSDF adopted gammas,2026-08-13
60ni,28,60,13246.3,11044.14,2202.3,100.0,M1+E2,0.00042,0.999580176325943,3.8118,IAEA LiveChart ENSDF adopted gammas,2026-08-13
60ni,28,60,13246.3,10788.66,2456.4,100.0,E1,0.000958,0.9990429168856235,3.8118,IAEA LiveChart ENSDF adopted gammas,2026-08-13
60ni,28,60,13282.3,11443.4,1839.1,100.0,(E1),0.000556,0.9994443089642159,3.8118,IAEA LiveChart ENSDF adopted gammas,2026-08-13
60ni,28,60,13282.3,11044.14,2238.1,40.0,(E2),0.000475,0.999525225517879,3.8118,IAEA LiveChart ENSDF adopted gammas,2026-08-13
60ni,28,60,13353,12486.2,866.8,100.0,M1+E2,0.00031,0.9996900960702182,3.8118,IAEA LiveChart ENSDF adopted gammas,2026-08-13
60ni,28,60,13615.4,11553.3,2061.2,13.0,E2,0.000395,0.9996051559633945,3.8118,IAEA LiveChart ENSDF adopted gammas,2026-08-13
60ni,28,60,13615.4,11443.4,2172.9,100.0,E2,0.000445,0.999555197936918,3.8118,IAEA LiveChart ENSDF adopted gammas,2026-08-13
60ni,28,60,13662.2,12578.4,1083.9,100.0,M1+E2,0.000185,0.9998150342186695,3.8118,IAEA LiveChart ENSDF adopted gammas,2026-08-13
60ni,28,60,13662.2,11851.17,1811.0,11.0,E2,0.00029,0.9997100840756181,3.8118,IAEA LiveChart ENSDF adopted gammas,2026-08-13
60ni,28,60,13810,12273.7,1536.2,100.0,(M1+E2),0.00018,0.999820032394169,3.8118,IAEA LiveChart ENSDF adopted gammas,2026-08-13
60ni,28,60,13810,11112.8,2697.2,67.0,(E2),0.00068,0.9993204620857816,3.8118,IAEA LiveChart ENSDF adopted gammas,2026-08-13
60ni,28,60,14201,13353,848.0,100.0,M1+E2,0.00032,0.9996801023672424,3.8118,IAEA LiveChart ENSDF adopted gammas,2026-08-13
60ni,28,60,14463.7,13246.3,1217.1,56.0,E2,0.0001653,0.9998347273195741,3.8118,IAEA LiveChart ENSDF adopted gammas,2026-08-13
60ni,28,60,14463.7,12859.3,1604.3,38.0,E2,0.000216,0.9997840466459245,3.8118,IAEA LiveChart ENSDF adopted gammas,2026-08-13
60ni,28,60,14463.7,12774.7,1688.8,50.0,M1(+E2),0.000224,0.9997760501647631,3.8118,IAEA LiveChart ENSDF adopted gammas,2026-08-13
60ni,28,60,14463.7,12742.1,1722.0,100.0,E2,0.000256,0.999744065519227,3.8118,IAEA LiveChart ENSDF adopted gammas,2026-08-13
60ni,28,60,14463.7,12273.7,2189.9,13.0,E1,0.000795,0.9992056315229392,3.8118,IAEA LiveChart ENSDF adopted gammas,2026-08-13
60ni,28,60,14645.5,12774.7,1870.8,100.0,E2,0.000314,0.9996860985650506,3.8118,IAEA LiveChart ENSDF adopted gammas,2026-08-13
60ni,28,60,14803.2,13662.2,1141.1,100.0,M1(+E2),0.0001552,0.9998448240833022,3.8118,IAEA LiveChart ENSDF adopted gammas,2026-08-13
60ni,28,60,14803.2,12578.4,2224.5,29.0,E2,0.000469,0.9995312198578866,3.8118,IAEA LiveChart ENSDF adopted gammas,2026-08-13
60ni,28,60,14933.9,13282.3,1651.7,27.0,(E2),0.000231,0.9997690533486764,3.8118,IAEA LiveChart ENSDF adopted gammas,2026-08-13
60ni,28,60,14933.9,12774.7,2158.9,100.0,E2,0.000439,0.9995611926364325,3.8118,IAEA LiveChart ENSDF adopted gammas,2026-08-13
60ni,28,60,15164.8,14201,963.8,100.0,(M1+E2),0.000239,0.9997610571073512,3.8118,IAEA LiveChart ENSDF adopted gammas,2026-08-13
60ni,28,60,15281.5,13037.5,2243.9,100.0,(E2),0.000477,0.9995232274205204,3.8118,IAEA LiveChart ENSDF adopted gammas,2026-08-13
60ni,28,60,16026.6,14645.5,1381.2,3.0,M1+E2,0.000154,0.9998460237123483,3.8118,IAEA LiveChart ENSDF adopted gammas,2026-08-13
60ni,28,60,16026.6,14463.7,1562.9,100.0,E2,0.000203,0.9997970412006363,3.8118,IAEA LiveChart ENSDF adopted gammas,2026-08-13
60ni,28,60,16098.1,14803.2,1294.8,100.0,(M1+E2),0.000151,0.9998490227975576,3.8118,IAEA LiveChart ENSDF adopted gammas,2026-08-13
60ni,28,60,16194.4,13615.4,2578.9,100.0,E2,0.000628,0.9993723941364823,3.8118,IAEA LiveChart ENSDF adopted gammas,2026-08-13
60ni,28,60,16842.4,14645.5,2196.9,100.0,E2,0.000456,0.9995442078412244,3.8118,IAEA LiveChart ENSDF adopted gammas,2026-08-13
60ni,28,60,17235.8,14933.9,2301.9,100.0,E2,0.000504,0.9994962538880404,3.8118,IAEA LiveChart ENSDF adopted gammas,2026-08-13
60ni,28,60,17911.6,16026.6,1884.9,100.0,E2,0.00032,0.9996801023672424,3.8118,IAEA LiveChart ENSDF adopted gammas,2026-08-13
60ni,28,60,18131.4,15281.5,2849.9,100.0,(E2),0.000746,0.9992545561011487,3.8118,IAEA LiveChart ENSDF adopted gammas,2026-08-13
60ni,28,60,19238.4,16194.4,3043.9,100.0,(E2),0.000828,0.999172685016806,3.8118,IAEA LiveChart ENSDF adopted gammas,2026-08-13
60ni,28,60,19504.4,16842.4,2661.9,100.0,E2,0.000665,0.9993354419311159,3.8118,IAEA LiveChart ENSDF adopted gammas,2026-08-13
60ni,28,60,20017.9,17235.8,2782.0,100.0,(E2),0.000717,0.9992835137206622,3.8118,IAEA LiveChart ENSDF adopted gammas,2026-08-13
60ni,28,60,20177.5,17911.6,2265.9,100.0,E2,0.000487,0.999513237053555,3.8118,IAEA LiveChart ENSDF adopted gammas,2026-08-13
60ni,28,60,22863.5,19504.4,3359.0,100.0,(E2),0.000955,0.9990459111548471,3.8118,IAEA LiveChart ENSDF adopted gammas,2026-08-13
60ni,28,60,22996.5,20177.5,2818.9,100.0,E2,0.000733,0.9992675368954556,3.8118,IAEA LiveChart ENSDF adopted gammas,2026-08-13
90zr,40,90,2186.273,1760.74,425.5,0.027,[E2],0.00688,0.9931670109645638,4.2694,IAEA LiveChart ENSDF adopted gammas,2026-08-13
90zr,40,90,2186.273,0,2186.242,100.0,E2,0.000536,0.9994642871420918,4.2694,IAEA LiveChart ENSDF adopted gammas,2026-08-13
90zr,40,90,2319,2186.273,132.716,5.04,E3(+M4),3.0,0.25,4.2694,IAEA LiveChart ENSDF adopted gammas,2026-08-13
90zr,40,90,2319,0,2318.959,100.0,E5,0.000464,0.999536215196149,4.2694,IAEA LiveChart ENSDF adopted gammas,2026-08-13
90zr,40,90,2739.29,2319,420.28,100.0,,,,4.2694,IAEA LiveChart ENSDF adopted gammas,2026-08-13
90zr,40,90,2747.875,2319,429.0,0.53,[E2],,,4.2694,IAEA LiveChart ENSDF adopted gammas,2026-08-13
90zr,40,90,2747.875,2186.273,561.604,100.0,E1,,,4.2694,IAEA LiveChart ENSDF adopted gammas,2026-08-13
90zr,40,90,2747.875,0,2747.47,6.1,E3,,,4.2694,IAEA LiveChart ENSDF adopted gammas,2026-08-13
90zr,40,90,3076.925,2747.875,329.09,6.74,E1,,,4.2694,IAEA LiveChart ENSDF adopted gammas,2026-08-13
90zr,40,90,3076.925,2739.29,337.61,0.9,,,,4.2694,IAEA LiveChart ENSDF adopted gammas,2026-08-13
90zr,40,90,3076.925,2319,757.86,2.66,,,,4.2694,IAEA LiveChart ENSDF adopted gammas,2026-08-13
90zr,40,90,3076.925,2186.273,890.629,100.0,E2,0.000882,0.9991187772384756,4.2694,IAEA LiveChart ENSDF adopted gammas,2026-08-13
90zr,40,90,3308.1,2186.273,1121.99,45.0,M1+E2,,,4.2694,IAEA LiveChart ENSDF adopted gammas,2026-08-13
90zr,40,90,3308.1,1760.74,1547.5,3.9,[E2],,,4.2694,IAEA LiveChart ENSDF adopted gammas,2026-08-13
90zr,40,90,3308.1,0,3308.1,100.0,E2,,,4.2694,IAEA LiveChart ENSDF adopted gammas,2026-08-13
90zr,40,90,3448.23,3076.925,371.307,1.95,E2,0.01064,0.9894720177313385,4.2694,IAEA LiveChart ENSDF adopted gammas,2026-08-13
90zr,40,90,3448.23,2319,1129.224,100.0,E1,0.000242,0.9997580585498309,4.2694,IAEA LiveChart ENSDF adopted gammas,2026-08-13
90zr,40,90,3589.418,3448.23,141.178,100.0,E2,,,4.2694,IAEA LiveChart ENSDF adopted gammas,2026-08-13
90zr,40,90,3589.418,2319,1270.396,1.94,(E3),0.000763,0.9992375817251437,4.2694,IAEA LiveChart ENSDF adopted gammas,2026-08-13
90zr,40,90,3842.34,2186.273,1656.05,17.0,M1+E2,0.000372,0.9996281383325403,4.2694,IAEA LiveChart ENSDF adopted gammas,2026-08-13
90zr,40,90,3842.34,0,3842.2,100.0,E2,,,4.2694,IAEA LiveChart ENSDF adopted gammas,2026-08-13
90zr,40,90,3932.4,0,3932.3,100.0,,,,4.2694,IAEA LiveChart ENSDF adopted gammas,2026-08-13
90zr,40,90,3958.59,2739.29,1219.33,53.8,(M1+E2),,,4.2694,IAEA LiveChart ENSDF adopted gammas,2026-08-13
90zr,40,90,3958.59,2319,1639.6,100.0,(M1+E2),,,4.2694,IAEA LiveChart ENSDF adopted gammas,2026-08-13
90zr,40,90,4058.07,3076.925,981.31,7.8,(M1+E2),,,4.2694,IAEA LiveChart ENSDF adopted gammas,2026-08-13
90zr,40,90,4058.07,2747.875,1310.0,4.3,[E1],,,4.2694,IAEA LiveChart ENSDF adopted gammas,2026-08-13
90zr,40,90,4058.07,2739.29,1318.92,2.4,[E1],,,4.2694,IAEA LiveChart ENSDF adopted gammas,2026-08-13
90zr,40,90,4058.07,2186.273,1871.9,100.0,E2,,,4.2694,IAEA LiveChart ENSDF adopted gammas,2026-08-13
90zr,40,90,4124.49,2186.273,1938.26,100.0,,,,4.2694,IAEA LiveChart ENSDF adopted gammas,2026-08-13
90zr,40,90,4225.35,2747.875,1478.02,22.0,,,,4.2694,IAEA LiveChart ENSDF adopted gammas,2026-08-13
90zr,40,90,4225.35,2739.29,1485.75,100.0,(M1+E2),,,4.2694,IAEA LiveChart ENSDF adopted gammas,2026-08-13
90zr,40,90,4225.35,2319,1906.5,27.0,(M1+E2),,,4.2694,IAEA LiveChart ENSDF adopted gammas,2026-08-13
90zr,40,90,4229.05,2747.875,1481.4,65.0,,,,4.2694,IAEA LiveChart ENSDF adopted gammas,2026-08-13
90zr,40,90,4229.05,2186.273,2042.73,100.0,M1+E2,,,4.2694,IAEA LiveChart ENSDF adopted gammas,2026-08-13
90zr,40,90,4229.05,0,4229.3,28.0,E2,,,4.2694,IAEA LiveChart ENSDF adopted gammas,2026-08-13
90zr,40,90,4232.22,3589.418,643.0,1.5,,,,4.2694,IAEA LiveChart ENSDF adopted gammas,2026-08-13
90zr,40,90,4232.22,3448.23,784.0,0.5,,,,4.2694,IAEA LiveChart ENSDF adopted gammas,2026-08-13
90zr,40,90,4232.22,3076.925,1155.0,0.4,,,,4.2694,IAEA LiveChart ENSDF adopted gammas,2026-08-13
90zr,40,90,4232.22,2739.29,1493.0,0.7,,,,4.2694,IAEA LiveChart ENSDF adopted gammas,2026-08-13
90zr,40,90,4232.22,2319,1913.194,100.0,(M1+E2),0.000427,0.9995731822511787,4.2694,IAEA LiveChart ENSDF adopted gammas,2026-08-13
90zr,40,90,4236.96,3308.1,929.01,7.7,,,,4.2694,IAEA LiveChart ENSDF adopted gammas,2026-08-13
90zr,40,90,4236.96,2186.273,2050.81,27.0,,,,4.2694,IAEA LiveChart ENSDF adopted gammas,2026-08-13
90zr,40,90,4236.96,1760.74,2476.22,100.0,,,,4.2694,IAEA LiveChart ENSDF adopted gammas,2026-08-13
90zr,40,90,4262.37,3308.1,954.2,19.9,(M1+E2),,,4.2694,IAEA LiveChart ENSDF adopted gammas,2026-08-13
90zr,40,90,4262.37,3076.925,1185.56,41.0,(M1+E2),,,4.2694,IAEA LiveChart ENSDF adopted gammas,2026-08-13
90zr,40,90,4262.37,2747.875,1514.8,43.0,,,,4.2694,IAEA LiveChart ENSDF adopted gammas,2026-08-13
90zr,40,90,4262.37,2739.29,1523.07,84.7,,,,4.2694,IAEA LiveChart ENSDF adopted gammas,2026-08-13
90zr,40,90,4262.37,2186.273,2076.2,100.0,(M1+E2),,,4.2694,IAEA LiveChart ENSDF adopted gammas,2026-08-13
90zr,40,90,4299.12,2739.29,1559.91,50.4,(M1+E2),,,4.2694,IAEA LiveChart ENSDF adopted gammas,2026-08-13
90zr,40,90,4299.12,2319,1980.06,100.0,(M1+E2),,,4.2694,IAEA LiveChart ENSDF adopted gammas,2026-08-13
90zr,40,90,4319.2,2319,2000.2,100.0,,,,4.2694,IAEA LiveChart ENSDF adopted gammas,2026-08-13
90zr,40,90,4331.93,3076.925,1255.18,74.5,M1+E2,,,4.2694,IAEA LiveChart ENSDF adopted gammas,2026-08-13
90zr,40,90,4331.93,2747.875,1584.25,100.0,[E1],,,4.2694,IAEA LiveChart ENSDF adopted gammas,2026-08-13
90zr,40,90,4331.93,2319,2012.9,20.0,[E1],,,4.2694,IAEA LiveChart ENSDF adopted gammas,2026-08-13
90zr,40,90,4375.07,2319,2055.77,100.0,E2,,,4.2694,IAEA LiveChart ENSDF adopted gammas,2026-08-13
90zr,40,90,4426.43,2186.273,2240.2,100.0,[E2],,,4.2694,IAEA LiveChart ENSDF adopted gammas,2026-08-13
90zr,40,90,4454.71,3076.925,1377.74,16.0,,,,4.2694,IAEA LiveChart ENSDF adopted gammas,2026-08-13
90zr,40,90,4454.71,2739.29,1715.73,19.0,,,,4.2694,IAEA LiveChart ENSDF adopted gammas,2026-08-13
90zr,40,90,4454.71,2319,2135.7,100.0,,,,4.2694,IAEA LiveChart ENSDF adopted gammas,2026-08-13
90zr,40,90,4455.58,2747.875,1707.9,75.0,D+Q,,,4.2694,IAEA LiveChart ENSDF adopted gammas,2026-08-13
90zr,40,90,4455.58,2186.273,2269.4,100.0,,,,4.2694,IAEA LiveChart ENSDF adopted gammas,2026-08-13
90zr,40,90,4474.31,2747.875,1726.68,100.0,[E1],,,4.2694,IAEA LiveChart ENSDF adopted gammas,2026-08-13
90zr,40,90,4474.31,2739.29,1735.0,40.0,[E1],,,4.2694,IAEA LiveChart ENSDF adopted gammas,2026-08-13
90zr,40,90,4494.79,2747.875,1747.2,5.0,,,,4.2694,IAEA LiveChart ENSDF adopted gammas,2026-08-13
90zr,40,90,4494.79,2739.29,1755.49,100.0,D+Q,,,4.2694,IAEA LiveChart ENSDF adopted gammas,2026-08-13
90zr,40,90,4507,0,4506.9,100.0,,,,4.2694,IAEA LiveChart ENSDF adopted gammas,2026-08-13
90zr,40,90,4533.52,3308.1,1225.3,17.7,,,,4.2694,IAEA LiveChart ENSDF adopted gammas,2026-08-13
90zr,40,90,4533.52,3076.925,1456.78,100.0,,,,4.2694,IAEA LiveChart ENSDF adopted gammas,2026-08-13
90zr,40,90,4533.52,2739.29,1794.15,39.0,(M1+E2),,,4.2694,IAEA LiveChart ENSDF adopted gammas,2026-08-13
90zr,40,90,4533.52,2186.273,2347.3,14.0,,,,4.2694,IAEA LiveChart ENSDF adopted gammas,2026-08-13
90zr,40,90,4537.7,3076.925,1460.95,63.0,,,,4.2694,IAEA LiveChart ENSDF adopted gammas,2026-08-13
90zr,40,90,4537.7,2319,2218.65,100.0,(M1+E2),,,4.2694,IAEA LiveChart ENSDF adopted gammas,2026-08-13
90zr,40,90,4541.37,4319.2,222.0,1.0,,,,4.2694,IAEA LiveChart ENSDF adopted gammas,2026-08-13
90zr,40,90,4541.37,4232.22,309.0,1.4,[E1],,,4.2694,IAEA LiveChart ENSDF adopted gammas,2026-08-13
90zr,40,90,4541.37,3589.418,952.0,1.4,[E2],,,4.2694,IAEA LiveChart ENSDF adopted gammas,2026-08-13
90zr,40,90,4541.37,3448.23,1092.97,8.1,,,,4.2694,IAEA LiveChart ENSDF adopted gammas,2026-08-13
90zr,40,90,4541.37,3076.925,1464.0,3.7,[E2],,,4.2694,IAEA LiveChart ENSDF adopted gammas,2026-08-13
90zr,40,90,4541.37,2319,2222.43,100.0,[E1],,,4.2694,IAEA LiveChart ENSDF adopted gammas,2026-08-13
90zr,40,90,4562.02,2739.29,1822.74,100.0,,,,4.2694,IAEA LiveChart ENSDF adopted gammas,2026-08-13
90zr,40,90,4578.93,1760.74,2818.33,100.0,,,,4.2694,IAEA LiveChart ENSDF adopted gammas,2026-08-13
90zr,40,90,4578.93,0,4578.7,83.0,,,,4.2694,IAEA LiveChart ENSDF adopted gammas,2026-08-13
90zr,40,90,4591.37,2747.875,1843.7,100.0,,,,4.2694,IAEA LiveChart ENSDF adopted gammas,2026-08-13
90zr,40,90,4591.37,2186.273,2405.18,36.6,(M1+E2),,,4.2694,IAEA LiveChart ENSDF adopted gammas,2026-08-13
90zr,40,90,4614.42,3448.23,1166.24,100.0,,,,4.2694,IAEA LiveChart ENSDF adopted gammas,2026-08-13
90zr,40,90,4614.42,3076.925,1537.64,75.0,,,,4.2694,IAEA LiveChart ENSDF adopted gammas,2026-08-13
90zr,40,90,4614.42,2319,2295.5,75.0,,,,4.2694,IAEA LiveChart ENSDF adopted gammas,2026-08-13
90zr,40,90,4640.94,4232.22,409.0,4.2,,,,4.2694,IAEA LiveChart ENSDF adopted gammas,2026-08-13
90zr,40,90,4640.94,3589.418,1051.53,100.0,,,,4.2694,IAEA LiveChart ENSDF adopted gammas,2026-08-13
90zr,40,90,4640.94,3448.23,1192.7,7.7,,,,4.2694,IAEA LiveChart ENSDF adopted gammas,2026-08-13
90zr,40,90,4640.94,2319,2322.0,3.8,,,,4.2694,IAEA LiveChart ENSDF adopted gammas,2026-08-13
90zr,40,90,4646.7,1760.74,2884.8,100.0,,,,4.2694,IAEA LiveChart ENSDF adopted gammas,2026-08-13
90zr,40,90,4646.7,0,4646.6,18.0,,,,4.2694,IAEA LiveChart ENSDF adopted gammas,2026-08-13
90zr,40,90,4681.26,2747.875,1933.77,100.0,[E1],,,4.2694,IAEA LiveChart ENSDF adopted gammas,2026-08-13
90zr,40,90,4681.26,2186.273,2495.1,42.0,,,,4.2694,IAEA LiveChart ENSDF adopted gammas,2026-08-13
90zr,40,90,4681.26,0,4680.8,58.0,E2,,,4.2694,IAEA LiveChart ENSDF adopted gammas,2026-08-13
90zr,40,90,4701.1,2747.875,1953.26,100.0,[E1],,,4.2694,IAEA LiveChart ENSDF adopted gammas,2026-08-13
90zr,40,90,4701.1,2186.273,2514.76,39.0,,,,4.2694,IAEA LiveChart ENSDF adopted gammas,2026-08-13
90zr,40,90,4701.1,1760.74,2940.6,95.0,E2,,,4.2694,IAEA LiveChart ENSDF adopted gammas,2026-08-13
90zr,40,90,4701.1,0,4701.2,19.0,E2,,,4.2694,IAEA LiveChart ENSDF adopted gammas,2026-08-13
90zr,40,90,4774.29,4236.96,537.34,34.0,,,,4.2694,IAEA LiveChart ENSDF adopted gammas,2026-08-13
90zr,40,90,4774.29,2186.273,2587.96,100.0,,,,4.2694,IAEA LiveChart ENSDF adopted gammas,2026-08-13
90zr,40,90,4781.81,2319,2462.81,100.0,,,,4.2694,IAEA LiveChart ENSDF adopted gammas,2026-08-13
90zr,40,90,4795.6,0,4795.5,100.0,E2,,,4.2694,IAEA LiveChart ENSDF adopted gammas,2026-08-13
90zr,40,90,4814.44,2747.875,2066.95,100.0,D+Q,,,4.2694,IAEA LiveChart ENSDF adopted gammas,2026-08-13
90zr,40,90,4814.44,2319,2495.5,16.0,,,,4.2694,IAEA LiveChart ENSDF adopted gammas,2026-08-13
90zr,40,90,4814.44,2186.273,2628.01,16.0,,,,4.2694,IAEA LiveChart ENSDF adopted gammas,2026-08-13
90zr,40,90,4818.02,3842.34,975.75,16.0,,,,4.2694,IAEA LiveChart ENSDF adopted gammas,2026-08-13
90zr,40,90,4818.02,2747.875,2070.39,100.0,,,,4.2694,IAEA LiveChart ENSDF adopted gammas,2026-08-13
90zr,40,90,4824.21,3076.925,1747.2,8.0,[E2],,,4.2694,IAEA LiveChart ENSDF adopted gammas,2026-08-13
90zr,40,90,4824.21,2186.273,2638.07,100.0,M1+E2,,,4.2694,IAEA LiveChart ENSDF adopted gammas,2026-08-13
90zr,40,90,4824.21,0,4823.9,17.0,[E2],,,4.2694,IAEA LiveChart ENSDF adopted gammas,2026-08-13
90zr,40,90,4840.27,3076.925,1763.46,100.0,,,,4.2694,IAEA LiveChart ENSDF adopted gammas,2026-08-13
90zr,40,90,4840.27,2747.875,2092.7,43.0,,,,4.2694,IAEA LiveChart ENSDF adopted gammas,2026-08-13
90zr,40,90,4867.47,3448.23,1419.23,53.0,M1+E2,,,4.2694,IAEA LiveChart ENSDF adopted gammas,2026-08-13
90zr,40,90,4867.47,3076.925,1790.73,100.0,M1+E2,,,4.2694,IAEA LiveChart ENSDF adopted gammas,2026-08-13
90zr,40,90,4867.47,2739.29,2128.2,17.0,,,,4.2694,IAEA LiveChart ENSDF adopted gammas,2026-08-13
90zr,40,90,4932.6,0,4932.5,100.0,,,,4.2694,IAEA LiveChart ENSDF adopted gammas,2026-08-13
90zr,40,90,4941.89,3076.925,1865.03,100.0,,,,4.2694,IAEA LiveChart ENSDF adopted gammas,2026-08-13
90zr,40,90,4941.89,2319,2623.0,32.0,[E1],,,4.2694,IAEA LiveChart ENSDF adopted gammas,2026-08-13
90zr,40,90,4992.36,3842.34,1150.3,30.0,,,,4.2694,IAEA LiveChart ENSDF adopted gammas,2026-08-13
90zr,40,90,4992.36,3308.1,1684.35,100.0,,,,4.2694,IAEA LiveChart ENSDF adopted gammas,2026-08-13
90zr,40,90,4992.36,2747.875,2244.5,31.0,,,,4.2694,IAEA LiveChart ENSDF adopted gammas,2026-08-13
90zr,40,90,4992.36,2739.29,2252.9,20.0,,,,4.2694,IAEA LiveChart ENSDF adopted gammas,2026-08-13
90zr,40,90,5059.975,4541.37,518.6,29.0,,,,4.2694,IAEA LiveChart ENSDF adopted gammas,2026-08-13
90zr,40,90,5059.975,4232.22,827.74,46.6,E1,,,4.2694,IAEA LiveChart ENSDF adopted gammas,2026-08-13
90zr,40,90,5059.975,3589.418,1470.528,19.3,,,,4.2694,IAEA LiveChart ENSDF adopted gammas,2026-08-13
90zr,40,90,5059.975,3448.23,1611.76,100.0,M1 E2,,,4.2694,IAEA LiveChart ENSDF adopted gammas,2026-08-13
90zr,40,90,5059.975,2319,2741.0,0.31,E3,,,4.2694,IAEA LiveChart ENSDF adopted gammas,2026-08-13
90zr,40,90,5068.6,0,5068.4,100.0,,,,4.2694,IAEA LiveChart ENSDF adopted gammas,2026-08-13
90zr,40,90,5084.03,2747.875,2336.18,100.0,,,,4.2694,IAEA LiveChart ENSDF adopted gammas,2026-08-13
90zr,40,90,5084.03,2739.29,2345.7,37.0,,,,4.2694,IAEA LiveChart ENSDF adopted gammas,2026-08-13
90zr,40,90,5090.3,2186.273,2904.03,100.0,,,,4.2694,IAEA LiveChart ENSDF adopted gammas,2026-08-13
90zr,40,90,5112.6,2747.875,2365.0,100.0,(M1+E2),,,4.2694,IAEA LiveChart ENSDF adopted gammas,2026-08-13
90zr,40,90,5164.484,4640.94,524.0,3.7,,,,4.2694,IAEA LiveChart ENSDF adopted gammas,2026-08-13
90zr,40,90,5164.484,4541.37,623.0,3.7,,,,4.2694,IAEA LiveChart ENSDF adopted gammas,2026-08-13
90zr,40,90,5164.484,4232.22,932.0,22.0,,,,4.2694,IAEA LiveChart ENSDF adopted gammas,2026-08-13
90zr,40,90,5164.484,3589.418,1575.035,100.0,M1 E2,0.000364,0.9996361324477889,4.2694,IAEA LiveChart ENSDF adopted gammas,2026-08-13
90zr,40,90,5164.484,3448.23,1716.27,97.0,(E2),0.000391,0.9996091528212468,4.2694,IAEA LiveChart ENSDF adopted gammas,2026-08-13
90zr,40,90,5164.484,2319,2845.0,0.3,,,,4.2694,IAEA LiveChart ENSDF adopted gammas,2026-08-13
90zr,40,90,5171.9,2739.29,2432.0,56.0,,,,4.2694,IAEA LiveChart ENSDF adopted gammas,2026-08-13
90zr,40,90,5171.9,2319,2853.06,100.0,,,,4.2694,IAEA LiveChart ENSDF adopted gammas,2026-08-13
90zr,40,90,5175.8,2186.273,2989.5,100.0,,,,4.2694,IAEA LiveChart ENSDF adopted gammas,2026-08-13
90zr,40,90,5183.61,2186.273,2997.5,85.0,,,,4.2694,IAEA LiveChart ENSDF adopted gammas,2026-08-13
90zr,40,90,5183.61,0,5183.2,100.0,,,,4.2694,IAEA LiveChart ENSDF adopted gammas,2026-08-13
90zr,40,90,5222.97,2739.29,2483.67,100.0,,,,4.2694,IAEA LiveChart ENSDF adopted gammas,2026-08-13
90zr,40,90,5232.3,2186.273,3046.0,100.0,,,,4.2694,IAEA LiveChart ENSDF adopted gammas,2026-08-13
90zr,40,90,5247.52,3589.418,1658.1,100.0,E2(+M1),0.00038,0.9996201443451488,4.2694,IAEA LiveChart ENSDF adopted gammas,2026-08-13
90zr,40,90,5270.74,2739.29,2531.44,100.0,,,,4.2694,IAEA LiveChart ENSDF adopted gammas,2026-08-13
90zr,40,90,5275.4,0,5275.2,100.0,(E2),0.00159,0.9984125240867021,4.2694,IAEA LiveChart ENSDF adopted gammas,2026-08-13
90zr,40,90,5305.97,0,5305.8,100.0,E2,,,4.2694,IAEA LiveChart ENSDF adopted gammas,2026-08-13
90zr,40,90,5307.75,2747.875,2560.2,13.0,,,,4.2694,IAEA LiveChart ENSDF adopted gammas,2026-08-13
90zr,40,90,5307.75,2319,2988.9,20.0,,,,4.2694,IAEA LiveChart ENSDF adopted gammas,2026-08-13
90zr,40,90,5307.75,2186.273,3121.3,100.0,,,,4.2694,IAEA LiveChart ENSDF adopted gammas,2026-08-13
90zr,40,90,5317.7,2747.875,2570.2,100.0,,,,4.2694,IAEA LiveChart ENSDF adopted gammas,2026-08-13
90zr,40,90,5317.7,2186.273,3131.2,72.0,[E1],,,4.2694,IAEA LiveChart ENSDF adopted gammas,2026-08-13
90zr,40,90,5359.22,3076.925,2282.4,100.0,,,,4.2694,IAEA LiveChart ENSDF adopted gammas,2026-08-13
90zr,40,90,5379.8,2186.273,3193.6,100.0,[E2],,,4.2694,IAEA LiveChart ENSDF adopted gammas,2026-08-13
90zr,40,90,5426.01,3308.1,2118.1,100.0,[E1],,,4.2694,IAEA LiveChart ENSDF adopted gammas,2026-08-13
90zr,40,90,5426.01,2319,3106.8,80.0,E2,,,4.2694,IAEA LiveChart ENSDF adopted gammas,2026-08-13
90zr,40,90,5426.01,2186.273,3239.7,28.0,[E1],,,4.2694,IAEA LiveChart ENSDF adopted gammas,2026-08-13
90zr,40,90,5432.79,5164.484,268.0,0.6,,,,4.2694,IAEA LiveChart ENSDF adopted gammas,2026-08-13
90zr,40,90,5432.79,4640.94,792.05,1.5,,,,4.2694,IAEA LiveChart ENSDF adopted gammas,2026-08-13
90zr,40,90,5432.79,4541.37,891.0,8.3,,,,4.2694,IAEA LiveChart ENSDF adopted gammas,2026-08-13
90zr,40,90,5432.79,4375.07,1057.8,2.5,,,,4.2694,IAEA LiveChart ENSDF adopted gammas,2026-08-13
90zr,40,90,5432.79,4232.22,1201.0,2.7,,,,4.2694,IAEA LiveChart ENSDF adopted gammas,2026-08-13
90zr,40,90,5432.79,3589.418,1843.342,100.0,M1 E2,0.000408,0.9995921663961104,4.2694,IAEA LiveChart ENSDF adopted gammas,2026-08-13
90zr,40,90,5432.79,3448.23,1984.54,99.0,,,,4.2694,IAEA LiveChart ENSDF adopted gammas,2026-08-13
90zr,40,90,5432.79,2319,3114.0,0.24,,,,4.2694,IAEA LiveChart ENSDF adopted gammas,2026-08-13
90zr,40,90,5437.33,2747.875,2690.08,100.0,[E1],,,4.2694,IAEA LiveChart ENSDF adopted gammas,2026-08-13
90zr,40,90,5437.33,1760.74,3676.6,34.0,E2,,,4.2694,IAEA LiveChart ENSDF adopted gammas,2026-08-13
90zr,40,90,5437.33,0,5436.9,29.1,E2,,,4.2694,IAEA LiveChart ENSDF adopted gammas,2026-08-13
90zr,40,90,5457.7,3076.925,2380.6,52.0,,,,4.2694,IAEA LiveChart ENSDF adopted gammas,2026-08-13
90zr,40,90,5457.7,2747.875,2710.2,100.0,[E1],,,4.2694,IAEA LiveChart ENSDF adopted gammas,2026-08-13
90zr,40,90,5504.75,1760.74,3744.5,100.0,,,,4.2694,IAEA LiveChart ENSDF adopted gammas,2026-08-13
90zr,40,90,5504.75,0,5504.5,75.0,,,,4.2694,IAEA LiveChart ENSDF adopted gammas,2026-08-13
90zr,40,90,5513.41,3076.925,2436.5,53.0,,,,4.2694,IAEA LiveChart ENSDF adopted gammas,2026-08-13
90zr,40,90,5513.41,2747.875,2765.8,100.0,,,,4.2694,IAEA LiveChart ENSDF adopted gammas,2026-08-13
90zr,40,90,5564.2,2186.273,3377.9,100.0,,,,4.2694,IAEA LiveChart ENSDF adopted gammas,2026-08-13
90zr,40,90,5590.58,2747.875,2842.9,35.0,[E1],,,4.2694,IAEA LiveChart ENSDF adopted gammas,2026-08-13
90zr,40,90,5590.58,2186.273,3404.1,100.0,,,,4.2694,IAEA LiveChart ENSDF adopted gammas,2026-08-13
90zr,40,90,5590.58,0,5590.9,57.0,E2,,,4.2694,IAEA LiveChart ENSDF adopted gammas,2026-08-13
90zr,40,90,5601.8,2186.273,3415.5,100.0,,,,4.2694,IAEA LiveChart ENSDF adopted gammas,2026-08-13
90zr,40,90,5607.6,3308.1,2299.5,100.0,,,,4.2694,IAEA LiveChart ENSDF adopted gammas,2026-08-13
90zr,40,90,5644.02,3589.418,2054.55,100.0,E2,0.000488,0.9995122380278424,4.2694,IAEA LiveChart ENSDF adopted gammas,2026-08-13
90zr,40,90,5651.1,2739.29,2911.8,100.0,,,,4.2694,IAEA LiveChart ENSDF adopted gammas,2026-08-13
90zr,40,90,5724.3,2186.273,3538.0,100.0,,,,4.2694,IAEA LiveChart ENSDF adopted gammas,2026-08-13
90zr,40,90,5775.1,2186.273,3588.8,100.0,,,,4.2694,IAEA LiveChart ENSDF adopted gammas,2026-08-13
90zr,40,90,5785,0,5784.8,100.0,,,,4.2694,IAEA LiveChart ENSDF adopted gammas,2026-08-13
90zr,40,90,5792.05,3589.418,2202.603,100.0,(M1+E2),0.000503,0.9994972528818006,4.2694,IAEA LiveChart ENSDF adopted gammas,2026-08-13
90zr,40,90,5808,0,5807.7,100.0,,,,4.2694,IAEA LiveChart ENSDF adopted gammas,2026-08-13
90zr,40,90,5821.8,2186.273,3635.5,100.0,,,,4.2694,IAEA LiveChart ENSDF adopted gammas,2026-08-13
90zr,40,90,5846.4,2186.273,3660.1,100.0,,,,4.2694,IAEA LiveChart ENSDF adopted gammas,2026-08-13
90zr,40,90,5884.4,0,5884.2,100.0,,,,4.2694,IAEA LiveChart ENSDF adopted gammas,2026-08-13
90zr,40,90,6279.7,5247.52,1032.19,100.0,E2,0.000624,0.9993763891331809,4.2694,IAEA LiveChart ENSDF adopted gammas,2026-08-13
90zr,40,90,6296,0,6295.6,100.0,E1,,,4.2694,IAEA LiveChart ENSDF adopted gammas,2026-08-13
90zr,40,90,6389.8,0,6389.6,100.0,D,,,4.2694,IAEA LiveChart ENSDF adopted gammas,2026-08-13
90zr,40,90,6424.3,0,6424.1,100.0,E1,,,4.2694,IAEA LiveChart ENSDF adopted gammas,2026-08-13
90zr,40,90,6565.7,0,6565.4,100.0,D,,,4.2694,IAEA LiveChart ENSDF adopted gammas,2026-08-13
90zr,40,90,6640.1,0,6640.1,100.0,(E2),,,4.2694,IAEA LiveChart ENSDF adopted gammas,2026-08-13
90zr,40,90,6669.2,0,6668.9,100.0,D,,,4.2694,IAEA LiveChart ENSDF adopted gammas,2026-08-13
90zr,40,90,6721.11,6376.1,345.24,100.0,,,,4.2694,IAEA LiveChart ENSDF adopted gammas,2026-08-13
90zr,40,90,6721.11,6279.7,441.42,11.6,,,,4.2694,IAEA LiveChart ENSDF adopted gammas,2026-08-13
90zr,40,90,6721.11,5792.05,929.03,23.3,,,,4.2694,IAEA LiveChart ENSDF adopted gammas,2026-08-13
90zr,40,90,6721.11,5644.02,1077.06,23.3,,,,4.2694,IAEA LiveChart ENSDF adopted gammas,2026-08-13
90zr,40,90,6721.11,5247.52,1473.65,45.0,,,,4.2694,IAEA LiveChart ENSDF adopted gammas,2026-08-13
90zr,40,90,6721.11,5164.484,1556.63,17.4,,,,4.2694,IAEA LiveChart ENSDF adopted gammas,2026-08-13
90zr,40,90,6761.4,0,6761.1,100.0,E1,,,4.2694,IAEA LiveChart ENSDF adopted gammas,2026-08-13
90zr,40,90,6769.51,6279.7,489.81,100.0,(M1+E2),0.00342,0.9965916565346515,4.2694,IAEA LiveChart ENSDF adopted gammas,2026-08-13
90zr,40,90,6876,0,6876.0,100.0,E1,,,4.2694,IAEA LiveChart ENSDF adopted gammas,2026-08-13
90zr,40,90,6953.94,5644.02,1309.83,100.0,E1(+M2),0.00029,0.9997100840756181,4.2694,IAEA LiveChart ENSDF adopted gammas,2026-08-13
90zr,40,90,6960.4,0,6960.1,100.0,D,,,4.2694,IAEA LiveChart ENSDF adopted gammas,2026-08-13
90zr,40,90,7008.63,6953.94,54.66,11.9,,,,4.2694,IAEA LiveChart ENSDF adopted gammas,2026-08-13
90zr,40,90,7008.63,6721.11,287.55,100.0,M1+E2,0.01235,0.9878006618264433,4.2694,IAEA LiveChart ENSDF adopted gammas,2026-08-13
90zr,40,90,7008.63,5644.02,1364.73,73.0,(E1(+M2)),0.000312,0.9996880973136381,4.2694,IAEA LiveChart ENSDF adopted gammas,2026-08-13
90zr,40,90,7025.59,5792.05,1233.54,28.0,,,,4.2694,IAEA LiveChart ENSDF adopted gammas,2026-08-13
90zr,40,90,7025.59,5644.02,1381.78,9.6,,,,4.2694,IAEA LiveChart ENSDF adopted gammas,2026-08-13
90zr,40,90,7025.59,5247.52,1778.1,100.0,,,,4.2694,IAEA LiveChart ENSDF adopted gammas,2026-08-13
90zr,40,90,7025.59,5164.484,1861.37,26.8,(E2),0.000426,0.9995741813987241,4.2694,IAEA LiveChart ENSDF adopted gammas,2026-08-13
90zr,40,90,7042,0,7041.7,100.0,D,,,4.2694,IAEA LiveChart ENSDF adopted gammas,2026-08-13
90zr,40,90,7085.6,0,7085.3,100.0,(D),,,4.2694,IAEA LiveChart ENSDF adopted gammas,2026-08-13
90zr,40,90,7194.35,7025.59,168.76,44.5,M1+E2,0.11,0.9009009009009008,4.2694,IAEA LiveChart ENSDF adopted gammas,2026-08-13
90zr,40,90,7194.35,6376.1,818.23,100.0,E1(+M2),0.00043,0.9995701848205273,4.2694,IAEA LiveChart ENSDF adopted gammas,2026-08-13
90zr,40,90,7194.35,5792.05,1402.27,1.5,,,,4.2694,IAEA LiveChart ENSDF adopted gammas,2026-08-13
90zr,40,90,7194.35,5644.02,1550.27,5.1,D,,,4.2694,IAEA LiveChart ENSDF adopted gammas,2026-08-13
90zr,40,90,7198.2,0,7197.9,100.0,D,,,4.2694,IAEA LiveChart ENSDF adopted gammas,2026-08-13
90zr,40,90,7223.89,7194.35,29.57,18.0,(M1),6.74,0.12919896640826872,4.2694,IAEA LiveChart ENSDF adopted gammas,2026-08-13
90zr,40,90,7223.89,7008.63,215.27,47.0,[E1],,,4.2694,IAEA LiveChart ENSDF adopted gammas,2026-08-13
90zr,40,90,7223.89,6953.94,269.93,100.0,E1(+M2),0.00651,0.9935321059900051,4.2694,IAEA LiveChart ENSDF adopted gammas,2026-08-13
90zr,40,90,7223.89,5644.02,1580.0,2.5,(E2),0.00037,0.9996301368493657,4.2694,IAEA LiveChart ENSDF adopted gammas,2026-08-13
90zr,40,90,7250,0,7248.9,100.0,E1,,,4.2694,IAEA LiveChart ENSDF adopted gammas,2026-08-13
90zr,40,90,7280.9,0,7280.6,100.0,,,,4.2694,IAEA LiveChart ENSDF adopted gammas,2026-08-13
90zr,40,90,7361,0,7360.8,100.0,D,,,4.2694,IAEA LiveChart ENSDF adopted gammas,2026-08-13
90zr,40,90,7387.6,0,7387.3,100.0,D,,,4.2694,IAEA LiveChart ENSDF adopted gammas,2026-08-13
90zr,40,90,7424.5,0,7424.2,100.0,,,,4.2694,IAEA LiveChart ENSDF adopted gammas,2026-08-13
90zr,40,90,7433.8,0,7433.5,100.0,D,,,4.2694,IAEA LiveChart ENSDF adopted gammas,2026-08-13
90zr,40,90,7437.82,7223.89,213.93,100.0,M1+E2,0.0264,0.9742790335151987,4.2694,IAEA LiveChart ENSDF adopted gammas,2026-08-13
90zr,40,90,7468,0,7468.0,100.0,,,,4.2694,IAEA LiveChart ENSDF adopted gammas,2026-08-13
90zr,40,90,7474.9,0,7474.6,100.0,(D),,,4.2694,IAEA LiveChart ENSDF adopted gammas,2026-08-13
90zr,40,90,7649.9,0,7649.6,100.0,(E2),,,4.2694,IAEA LiveChart ENSDF adopted gammas,2026-08-13
90zr,40,90,7685.8,0,7685.4,100.0,D,,,4.2694,IAEA LiveChart ENSDF adopted gammas,2026-08-13
90zr,40,90,7702.9,0,7702.5,100.0,E1,,,4.2694,IAEA LiveChart ENSDF adopted gammas,2026-08-13
90zr,40,90,7723.1,0,7722.7,100.0,,,,4.2694,IAEA LiveChart ENSDF adopted gammas,2026-08-13
90zr,40,90,7759.7,0,7759.3,100.0,(D),,,4.2694,IAEA LiveChart ENSDF adopted gammas,2026-08-13
90zr,40,90,7779,0,7778.6,100.0,D,,,4.2694,IAEA LiveChart ENSDF adopted gammas,2026-08-13
90zr,40,90,7807.9,0,7807.5,100.0,D,,,4.2694,IAEA LiveChart ENSDF adopted gammas,2026-08-13
90zr,40,90,7857.8,0,7857.4,100.0,(D),,,4.2694,IAEA LiveChart ENSDF adopted gammas,2026-08-13
90zr,40,90,7935.6,0,7935.2,100.0,D,,,4.2694,IAEA LiveChart ENSDF adopted gammas,2026-08-13
90zr,40,90,7976.6,0,7976.2,100.0,D,,,4.2694,IAEA LiveChart ENSDF adopted gammas,2026-08-13
90zr,40,90,8006.9,0,8006.5,100.0,D,,,4.2694,IAEA LiveChart ENSDF adopted gammas,2026-08-13
90zr,40,90,8058.41,7437.82,620.58,100.0,M1+E2,0.00209,0.9979143589897116,4.2694,IAEA LiveChart ENSDF adopted gammas,2026-08-13
90zr,40,90,8058.41,7223.89,834.51,1.35,,,,4.2694,IAEA LiveChart ENSDF adopted gammas,2026-08-13
90zr,40,90,8058.41,6769.51,1288.9,1.35,,,,4.2694,IAEA LiveChart ENSDF adopted gammas,2026-08-13
90zr,40,90,8067.4,0,8067.0,100.0,(D),,,4.2694,IAEA LiveChart ENSDF adopted gammas,2026-08-13
90zr,40,90,8110,0,8109.6,100.0,E1,,,4.2694,IAEA LiveChart ENSDF adopted gammas,2026-08-13
90zr,40,90,8131,0,8131.5,100.0,(E1),,,4.2694,IAEA LiveChart ENSDF adopted gammas,2026-08-13
90zr,40,90,8144,0,8144.0,100.0,,,,4.2694,IAEA LiveChart ENSDF adopted gammas,2026-08-13
90zr,40,90,8166.7,0,8166.3,100.0,(D),,,4.2694,IAEA LiveChart ENSDF adopted gammas,2026-08-13
90zr,40,90,8221.2,0,8220.8,100.0,D,,,4.2694,IAEA LiveChart ENSDF adopted gammas,2026-08-13
90zr,40,90,8235.6,0,8235.2,100.0,D,,,4.2694,IAEA LiveChart ENSDF adopted gammas,2026-08-13
90zr,40,90,8250.7,0,8250.3,100.0,D,,,4.2694,IAEA LiveChart ENSDF adopted gammas,2026-08-13
90zr,40,90,8295.3,0,8294.9,100.0,(D),,,4.2694,IAEA LiveChart ENSDF adopted gammas,2026-08-13
90zr,40,90,8313,0,8312.6,100.0,D,,,4.2694,IAEA LiveChart ENSDF adopted gammas,2026-08-13
90zr,40,90,8334.1,0,8333.7,100.0,D,,,4.2694,IAEA LiveChart ENSDF adopted gammas,2026-08-13
90zr,40,90,8357.5,0,8357.1,100.0,D,,,4.2694,IAEA LiveChart ENSDF adopted gammas,2026-08-13
90zr,40,90,8382.1,0,8381.7,100.0,(D),,,4.2694,IAEA LiveChart ENSDF adopted gammas,2026-08-13
90zr,40,90,8403.7,0,8403.3,100.0,,,,4.2694,IAEA LiveChart ENSDF adopted gammas,2026-08-13
90zr,40,90,8413.5,0,8413.1,100.0,D,,,4.2694,IAEA LiveChart ENSDF adopted gammas,2026-08-13
90zr,40,90,8440.6,0,8440.2,100.0,D,,,4.2694,IAEA LiveChart ENSDF adopted gammas,2026-08-13
90zr,40,90,8467.7,0,8467.3,100.0,,,,4.2694,IAEA LiveChart ENSDF adopted gammas,2026-08-13
90zr,40,90,8501.2,0,8500.8,100.0,E1,,,4.2694,IAEA LiveChart ENSDF adopted gammas,2026-08-13
90zr,40,90,8518,0,8518.0,100.0,,,,4.2694,IAEA LiveChart ENSDF adopted gammas,2026-08-13
90zr,40,90,8544,0,8544.0,100.0,,,,4.2694,IAEA LiveChart ENSDF adopted gammas,2026-08-13
90zr,40,90,8553.5,0,8553.1,100.0,D,,,4.2694,IAEA LiveChart ENSDF adopted gammas,2026-08-13
90zr,40,90,8588.3,0,8587.9,100.0,D,,,4.2694,IAEA LiveChart ENSDF adopted gammas,2026-08-13
90zr,40,90,8598.2,0,8597.8,100.0,D,,,4.2694,IAEA LiveChart ENSDF adopted gammas,2026-08-13
90zr,40,90,8625.6,0,8625.2,100.0,D,,,4.2694,IAEA LiveChart ENSDF adopted gammas,2026-08-13
90zr,40,90,8664.1,0,8663.7,100.0,D,,,4.2694,IAEA LiveChart ENSDF adopted gammas,2026-08-13
90zr,40,90,8716.6,0,8716.1,100.0,E1,,,4.2694,IAEA LiveChart ENSDF adopted gammas,2026-08-13
90zr,40,90,8751,0,8750.5,100.0,D,,,4.2694,IAEA LiveChart ENSDF adopted gammas,2026-08-13
90zr,40,90,8760.4,0,8759.9,100.0,D,,,4.2694,IAEA LiveChart ENSDF adopted gammas,2026-08-13
90zr,40,90,8812,0,8811.5,100.0,D,,,4.2694,IAEA LiveChart ENSDF adopted gammas,2026-08-13
90zr,40,90,8833.2,0,8832.7,100.0,D,,,4.2694,IAEA LiveChart ENSDF adopted gammas,2026-08-13
90zr,40,90,8874.9,0,8874.4,100.0,D,,,4.2694,IAEA LiveChart ENSDF adopted gammas,2026-08-13
90zr,40,90,8903,0,8902.5,100.0,,,,4.2694,IAEA LiveChart ENSDF adopted gammas,2026-08-13
90zr,40,90,8927.4,0,8926.9,100.0,,,,4.2694,IAEA LiveChart ENSDF adopted gammas,2026-08-13
90zr,40,90,8958.13,8058.41,899.71,100.0,E1,0.000371,0.9996291375899542,4.2694,IAEA LiveChart ENSDF adopted gammas,2026-08-13
90zr,40,90,8958.13,7437.82,1520.29,1.0,,,,4.2694,IAEA LiveChart ENSDF adopted gammas,2026-08-13
90zr,40,90,8978.4,0,8977.9,100.0,(D),,,4.2694,IAEA LiveChart ENSDF adopted gammas,2026-08-13
90zr,40,90,8985,0,8985.0,100.0,,,,4.2694,IAEA LiveChart ENSDF adopted gammas,2026-08-13
90zr,40,90,9004.7,0,9004.2,100.0,D,,,4.2694,IAEA LiveChart ENSDF adopted gammas,2026-08-13
90zr,40,90,9014,0,9013.5,100.0,,,,4.2694,IAEA LiveChart ENSDF adopted gammas,2026-08-13
90zr,40,90,9034,0,9033.5,100.0,,,,4.2694,IAEA LiveChart ENSDF adopted gammas,2026-08-13
90zr,40,90,9043.6,0,9043.1,100.0,D,,,4.2694,IAEA LiveChart ENSDF adopted gammas,2026-08-13
90zr,40,90,9053.5,0,9053.0,100.0,,,,4.2694,IAEA LiveChart ENSDF adopted gammas,2026-08-13
90zr,40,90,9085.1,0,9084.6,100.0,D,,,4.2694,IAEA LiveChart ENSDF adopted gammas,2026-08-13
90zr,40,90,9111.1,0,9110.6,100.0,D,,,4.2694,IAEA LiveChart ENSDF adopted gammas,2026-08-13
90zr,40,90,9123.6,0,9123.1,100.0,,,,4.2694,IAEA LiveChart ENSDF adopted gammas,2026-08-13
90zr,40,90,9137.5,0,9137.0,100.0,,,,4.2694,IAEA LiveChart ENSDF adopted gammas,2026-08-13
90zr,40,90,9148.5,0,9148.0,100.0,E1,,,4.2694,IAEA LiveChart ENSDF adopted gammas,2026-08-13
90zr,40,90,9164.9,0,9164.4,100.0,,,,4.2694,IAEA LiveChart ENSDF adopted gammas,2026-08-13
90zr,40,90,9177.5,0,9177.0,100.0,,,,4.2694,IAEA LiveChart ENSDF adopted gammas,2026-08-13
90zr,40,90,9187,0,9186.0,100.0,,,,4.2694,IAEA LiveChart ENSDF adopted gammas,2026-08-13
90zr,40,90,9196.5,0,9196.0,100.0,(E1),,,4.2694,IAEA LiveChart ENSDF adopted gammas,2026-08-13
90zr,40,90,9260.5,0,9260.0,100.0,D,,,4.2694,IAEA LiveChart ENSDF adopted gammas,2026-08-13
90zr,40,90,9292.8,0,9292.3,100.0,D,,,4.2694,IAEA LiveChart ENSDF adopted gammas,2026-08-13
90zr,40,90,9309.4,0,9308.9,100.0,D,,,4.2694,IAEA LiveChart ENSDF adopted gammas,2026-08-13
90zr,40,90,9333.4,0,9332.9,100.0,E1,,,4.2694,IAEA LiveChart ENSDF adopted gammas,2026-08-13
90zr,40,90,9373.2,0,9372.8,100.0,,,,4.2694,IAEA LiveChart ENSDF adopted gammas,2026-08-13
90zr,40,90,9392.4,0,9391.9,100.0,D,,,4.2694,IAEA LiveChart ENSDF adopted gammas,2026-08-13
90zr,40,90,9409.4,0,9408.9,100.0,,,,4.2694,IAEA LiveChart ENSDF adopted gammas,2026-08-13
90zr,40,90,9424.3,0,9423.8,100.0,,,,4.2694,IAEA LiveChart ENSDF adopted gammas,2026-08-13
90zr,40,90,9444.7,0,9444.2,100.0,D,,,4.2694,IAEA LiveChart ENSDF adopted gammas,2026-08-13
90zr,40,90,9465.1,0,9464.6,100.0,D,,,4.2694,IAEA LiveChart ENSDF adopted gammas,2026-08-13
90zr,40,90,9486.8,0,9486.3,100.0,D,,,4.2694,IAEA LiveChart ENSDF adopted gammas,2026-08-13
90zr,40,90,9510.5,0,9510.0,100.0,(D),,,4.2694,IAEA LiveChart ENSDF adopted gammas,2026-08-13
90zr,40,90,9524.1,0,9523.6,100.0,D,,,4.2694,IAEA LiveChart ENSDF adopted gammas,2026-08-13
90zr,40,90,9539.2,0,9538.7,100.0,D,,,4.2694,IAEA LiveChart ENSDF adopted gammas,2026-08-13
90zr,40,90,9551.4,0,9550.9,100.0,D,,,4.2694,IAEA LiveChart ENSDF adopted gammas,2026-08-13
90zr,40,90,9563,0,9562.5,100.0,D,,,4.2694,IAEA LiveChart ENSDF adopted gammas,2026-08-13
90zr,40,90,9609.2,0,9608.6,100.0,,,,4.2694,IAEA LiveChart ENSDF adopted gammas,2026-08-13
90zr,40,90,9625.1,0,9624.5,100.0,,,,4.2694,IAEA LiveChart ENSDF adopted gammas,2026-08-13
90zr,40,90,9640.4,0,9639.8,100.0,D,,,4.2694,IAEA LiveChart ENSDF adopted gammas,2026-08-13
90zr,40,90,9666,0,9665.4,100.0,(D),,,4.2694,IAEA LiveChart ENSDF adopted gammas,2026-08-13
90zr,40,90,9678.3,0,9677.7,100.0,(E1),,,4.2694,IAEA LiveChart ENSDF adopted gammas,2026-08-13
90zr,40,90,9686.9,0,9686.3,100.0,D,,,4.2694,IAEA LiveChart ENSDF adopted gammas,2026-08-13
90zr,40,90,9707,8958.13,748.87,100.0,(M1(+E2)),0.00127,0.998731610854215,4.2694,IAEA LiveChart ENSDF adopted gammas,2026-08-13
90zr,40,90,9733.2,0,9732.6,100.0,D,,,4.2694,IAEA LiveChart ENSDF adopted gammas,2026-08-13
90zr,40,90,9741.7,0,9741.1,100.0,,,,4.2694,IAEA LiveChart ENSDF adopted gammas,2026-08-13
90zr,40,90,9754,0,9753.4,100.0,D,,,4.2694,IAEA LiveChart ENSDF adopted gammas,2026-08-13
90zr,40,90,9784.6,0,9784.0,100.0,,,,4.2694,IAEA LiveChart ENSDF adopted gammas,2026-08-13
90zr,40,90,9805.4,0,9804.8,100.0,,,,4.2694,IAEA LiveChart ENSDF adopted gammas,2026-08-13
90zr,40,90,9836.01,8058.41,1777.6,100.0,,,,4.2694,IAEA LiveChart ENSDF adopted gammas,2026-08-13
90zr,40,90,9843.4,0,9842.8,100.0,D,,,4.2694,IAEA LiveChart ENSDF adopted gammas,2026-08-13
90zr,40,90,9855.5,0,9854.9,100.0,D,,,4.2694,IAEA LiveChart ENSDF adopted gammas,2026-08-13
90zr,40,90,9872.4,0,9871.8,100.0,D,,,4.2694,IAEA LiveChart ENSDF adopted gammas,2026-08-13
90zr,40,90,9890.7,0,9890.1,100.0,(D),,,4.2694,IAEA LiveChart ENSDF adopted gammas,2026-08-13
90zr,40,90,9901.9,0,9901.3,100.0,,,,4.2694,IAEA LiveChart ENSDF adopted gammas,2026-08-13
90zr,40,90,9932.1,0,9931.5,100.0,D,,,4.2694,IAEA LiveChart ENSDF adopted gammas,2026-08-13
90zr,40,90,9962.8,0,9962.2,100.0,D,,,4.2694,IAEA LiveChart ENSDF adopted gammas,2026-08-13
90zr,40,90,9984.1,0,9983.5,100.0,,,,4.2694,IAEA LiveChart ENSDF adopted gammas,2026-08-13
90zr,40,90,10004.2,0,10003.6,100.0,D,,,4.2694,IAEA LiveChart ENSDF adopted gammas,2026-08-13
90zr,40,90,10019.6,0,10019.0,100.0,D,,,4.2694,IAEA LiveChart ENSDF adopted gammas,2026-08-13
90zr,40,90,10031,0,10030.0,100.0,,,,4.2694,IAEA LiveChart ENSDF adopted gammas,2026-08-13
90zr,40,90,10042.9,0,10042.3,100.0,(E1),,,4.2694,IAEA LiveChart ENSDF adopted gammas,2026-08-13
90zr,40,90,10083.8,0,10083.2,100.0,D,,,4.2694,IAEA LiveChart ENSDF adopted gammas,2026-08-13
90zr,40,90,10094.2,0,10093.6,100.0,D,,,4.2694,IAEA LiveChart ENSDF adopted gammas,2026-08-13
90zr,40,90,10104.9,0,10104.3,100.0,(D),,,4.2694,IAEA LiveChart ENSDF adopted gammas,2026-08-13
90zr,40,90,10123.7,0,10123.1,100.0,D,,,4.2694,IAEA LiveChart ENSDF adopted gammas,2026-08-13
90zr,40,90,10125.84,9836.01,289.83,57.2,M1(+E2),0.01205,0.9880934736426067,4.2694,IAEA LiveChart ENSDF adopted gammas,2026-08-13
90zr,40,90,10125.84,8958.13,1167.7,100.0,E1(+M2),0.000242,0.9997580585498309,4.2694,IAEA LiveChart ENSDF adopted gammas,2026-08-13
90zr,40,90,10125.84,8058.41,2067.4,5.1,,,,4.2694,IAEA LiveChart ENSDF adopted gammas,2026-08-13
90zr,40,90,10146.8,0,10146.2,100.0,D,,,4.2694,IAEA LiveChart ENSDF adopted gammas,2026-08-13
90zr,40,90,10163.4,0,10162.9,100.0,D,,,4.2694,IAEA LiveChart ENSDF adopted gammas,2026-08-13
90zr,40,90,10193,0,10192.4,100.0,D,,,4.2694,IAEA LiveChart ENSDF adopted gammas,2026-08-13
90zr,40,90,10216.8,0,10216.2,100.0,D,,,4.2694,IAEA LiveChart ENSDF adopted gammas,2026-08-13
90zr,40,90,10233,0,10232.0,100.0,,,,4.2694,IAEA LiveChart ENSDF adopted gammas,2026-08-13
90zr,40,90,10241,0,10240.0,100.0,(D),,,4.2694,IAEA LiveChart ENSDF adopted gammas,2026-08-13
90zr,40,90,10260.9,0,10260.3,100.0,,,,4.2694,IAEA LiveChart ENSDF adopted gammas,2026-08-13
90zr,40,90,10270,0,10269.4,100.0,,,,4.2694,IAEA LiveChart ENSDF adopted gammas,2026-08-13
90zr,40,90,10286.2,0,10285.6,100.0,D,,,4.2694,IAEA LiveChart ENSDF adopted gammas,2026-08-13
90zr,40,90,10298.3,0,10297.7,100.0,D,,,4.2694,IAEA LiveChart ENSDF adopted gammas,2026-08-13
90zr,40,90,10306.6,0,10306.0,100.0,D,,,4.2694,IAEA LiveChart ENSDF adopted gammas,2026-08-13
90zr,40,90,10315.1,0,10314.5,100.0,D,,,4.2694,IAEA LiveChart ENSDF adopted gammas,2026-08-13
90zr,40,90,10334.9,0,10334.3,100.0,D,,,4.2694,IAEA LiveChart ENSDF adopted gammas,2026-08-13
90zr,40,90,10361,0,10360.0,100.0,(D),,,4.2694,IAEA LiveChart ENSDF adopted gammas,2026-08-13
90zr,40,90,10376.8,0,10376.2,100.0,D,,,4.2694,IAEA LiveChart ENSDF adopted gammas,2026-08-13
90zr,40,90,10402.5,0,10401.9,100.0,D,,,4.2694,IAEA LiveChart ENSDF adopted gammas,2026-08-13
90zr,40,90,10494.5,0,10493.8,100.0,(D),,,4.2694,IAEA LiveChart ENSDF adopted gammas,2026-08-13
90zr,40,90,10507.9,0,10507.2,100.0,D,,,4.2694,IAEA LiveChart ENSDF adopted gammas,2026-08-13
90zr,40,90,10524.6,0,10523.9,100.0,D,,,4.2694,IAEA LiveChart ENSDF adopted gammas,2026-08-13
90zr,40,90,10595,0,10594.3,100.0,D,,,4.2694,IAEA LiveChart ENSDF adopted gammas,2026-08-13
90zr,40,90,10618.7,0,10618.0,100.0,D,,,4.2694,IAEA LiveChart ENSDF adopted gammas,2026-08-13
90zr,40,90,10638.5,0,10637.8,100.0,D,,,4.2694,IAEA LiveChart ENSDF adopted gammas,2026-08-13
90zr,40,90,10682.2,0,10681.5,100.0,D,,,4.2694,IAEA LiveChart ENSDF adopted gammas,2026-08-13
90zr,40,90,10713.2,0,10712.5,100.0,(D),,,4.2694,IAEA LiveChart ENSDF adopted gammas,2026-08-13
90zr,40,90,10728.2,0,10727.5,100.0,D,,,4.2694,IAEA LiveChart ENSDF adopted gammas,2026-08-13
90zr,40,90,10764.9,10125.84,639.0,100.0,(M1+E2),,,4.2694,IAEA LiveChart ENSDF adopted gammas,2026-08-13
90zr,40,90,10764.9,9836.01,928.9,5.7,,,,4.2694,IAEA LiveChart ENSDF adopted gammas,2026-08-13
90zr,40,90,10764.9,8958.13,1806.7,4.5,,,,4.2694,IAEA LiveChart ENSDF adopted gammas,2026-08-13
90zr,40,90,10827.1,0,10826.4,100.0,D,,,4.2694,IAEA LiveChart ENSDF adopted gammas,2026-08-13
90zr,40,90,10914,0,10913.0,100.0,(D),,,4.2694,IAEA LiveChart ENSDF adopted gammas,2026-08-13
90zr,40,90,10957,0,10956.0,100.0,D,,,4.2694,IAEA LiveChart ENSDF adopted gammas,2026-08-13
90zr,40,90,10987,0,10986.3,100.0,D,,,4.2694,IAEA LiveChart ENSDF adopted gammas,2026-08-13
90zr,40,90,11044,0,11043.0,100.0,,,,4.2694,IAEA LiveChart ENSDF adopted gammas,2026-08-13
90zr,40,90,11094.2,0,11093.5,100.0,,,,4.2694,IAEA LiveChart ENSDF adopted gammas,2026-08-13
90zr,40,90,11108,0,11107.3,100.0,,,,4.2694,IAEA LiveChart ENSDF adopted gammas,2026-08-13
90zr,40,90,11120.4,0,11119.7,100.0,D,,,4.2694,IAEA LiveChart ENSDF adopted gammas,2026-08-13
90zr,40,90,11129.2,0,11128.5,100.0,,,,4.2694,IAEA LiveChart ENSDF adopted gammas,2026-08-13
90zr,40,90,11140,0,11139.0,100.0,,,,4.2694,IAEA LiveChart ENSDF adopted gammas,2026-08-13
90zr,40,90,11232.4,0,11231.6,100.0,D,,,4.2694,IAEA LiveChart ENSDF adopted gammas,2026-08-13
90zr,40,90,11243.2,0,11242.4,100.0,D,,,4.2694,IAEA LiveChart ENSDF adopted gammas,2026-08-13
90zr,40,90,11337.7,0,11336.9,100.0,D,,,4.2694,IAEA LiveChart ENSDF adopted gammas,2026-08-13
90zr,40,90,11403.9,10764.9,639.0,100.0,(M1+E2),,,4.2694,IAEA LiveChart ENSDF adopted gammas,2026-08-13
90zr,40,90,11403.9,10125.84,1278.1,3.9,,,,4.2694,IAEA LiveChart ENSDF adopted gammas,2026-08-13
90zr,40,90,11417.5,0,11416.7,100.0,(D),,,4.2694,IAEA LiveChart ENSDF adopted gammas,2026-08-13
90zr,40,90,11452.2,0,11451.4,100.0,D,,,4.2694,IAEA LiveChart ENSDF adopted gammas,2026-08-13
90zr,40,90,11479.7,0,11478.9,100.0,D,,,4.2694,IAEA LiveChart ENSDF adopted gammas,2026-08-13
90zr,40,90,11501,0,11500.0,100.0,,,,4.2694,IAEA LiveChart ENSDF adopted gammas,2026-08-13
90zr,40,90,11510,0,11509.0,100.0,,,,4.2694,IAEA LiveChart ENSDF adopted gammas,2026-08-13
90zr,40,90,11531,0,11530.0,100.0,D,,,4.2694,IAEA LiveChart ENSDF adopted gammas,2026-08-13
90zr,40,90,11627.9,0,11627.1,100.0,,,,4.2694,IAEA LiveChart ENSDF adopted gammas,2026-08-13
90zr,40,90,11651.5,0,11650.7,100.0,(D),,,4.2694,IAEA LiveChart ENSDF adopted gammas,2026-08-13
90zr,40,90,11777.4,0,11776.6,100.0,D,,,4.2694,IAEA LiveChart ENSDF adopted gammas,2026-08-13
90zr,40,90,11788,0,11787.0,100.0,D,,,4.2694,IAEA LiveChart ENSDF adopted gammas,2026-08-13
90zr,40,90,11963.3,0,11962.4,100.0,(D),,,4.2694,IAEA LiveChart ENSDF adopted gammas,2026-08-13
90zr,40,90,11984,0,11983.0,100.0,D,,,4.2694,IAEA LiveChart ENSDF adopted gammas,2026-08-13
90zr,40,90,12020.6,0,12019.7,100.0,D,,,4.2694,IAEA LiveChart ENSDF adopted gammas,2026-08-13
90zr,40,90,12067.8,0,12066.9,100.0,D,,,4.2694,IAEA LiveChart ENSDF adopted gammas,2026-08-13
90zr,40,90,12110.7,11403.9,706.8,100.0,(M1(+E2)),0.00151,0.9984922766622402,4.2694,IAEA LiveChart ENSDF adopted gammas,2026-08-13
90zr,40,90,12110.7,10764.9,1345.9,9.8,,,,4.2694,IAEA LiveChart ENSDF adopted gammas,2026-08-13
90zr,40,90,12208.3,0,12207.4,100.0,D,,,4.2694,IAEA LiveChart ENSDF adopted gammas,2026-08-13
90zr,40,90,12219.6,,8383.0,18.0,,,,4.2694,IAEA LiveChart ENSDF adopted gammas,2026-08-13
90zr,40,90,12219.6,,8919.0,26.0,,,,4.2694,IAEA LiveChart ENSDF adopted gammas,2026-08-13
90zr,40,90,12219.6,,9467.0,16.0,,,,4.2694,IAEA LiveChart ENSDF adopted gammas,2026-08-13
90zr,40,90,12219.6,2186.273,10033.0,47.0,,,,4.2694,IAEA LiveChart ENSDF adopted gammas,2026-08-13
90zr,40,90,12219.6,,10453.0,40.0,,,,4.2694,IAEA LiveChart ENSDF adopted gammas,2026-08-13
90zr,40,90,12219.6,,12212.0,100.0,,,,4.2694,IAEA LiveChart ENSDF adopted gammas,2026-08-13
90zr,40,90,12243.6,0,12242.7,100.0,D,,,4.2694,IAEA LiveChart ENSDF adopted gammas,2026-08-13
90zr,40,90,12496.3,0,12495.4,100.0,,,,4.2694,IAEA LiveChart ENSDF adopted gammas,2026-08-13
90zr,40,90,12880.3,0,12879.3,100.0,,,,4.2694,IAEA LiveChart ENSDF adopted gammas,2026-08-13
90zr,40,90,12964.7,12110.7,854.0,100.0,,,,4.2694,IAEA LiveChart ENSDF adopted gammas,2026-08-13
90zr,40,90,12964.7,11403.9,1560.8,10.7,,,,4.2694,IAEA LiveChart ENSDF adopted gammas,2026-08-13
119sn,50,119,23.871,0,23.87,100.0,M1+E2,5.06,0.16501650165016502,4.6438,IAEA LiveChart ENSDF adopted gammas,2026-08-13
119sn,50,119,89.531,23.871,65.66,100.0,M4,5000.0,0.0001999600079984003,4.6438,IAEA LiveChart ENSDF adopted gammas,2026-08-13
119sn,50,119,787.01,89.531,697.47,0.49,[M2],0.01001,0.990089207037554,4.6438,IAEA LiveChart ENSDF adopted gammas,2026-08-13
119sn,50,119,787.01,23.871,763.14,100.0,E2,0.00241,0.9975957941361319,4.6438,IAEA LiveChart ENSDF adopted gammas,2026-08-13
119sn,50,119,920.51,23.871,896.6,35.0,,,,4.6438,IAEA LiveChart ENSDF adopted gammas,2026-08-13
119sn,50,119,920.51,0,920.5,100.0,E2+M1,0.001554,0.9984484111690433,4.6438,IAEA LiveChart ENSDF adopted gammas,2026-08-13
119sn,50,119,921.39,23.871,897.5,100.0,E2(+M1),0.00182,0.9981833063823842,4.6438,IAEA LiveChart ENSDF adopted gammas,2026-08-13
119sn,50,119,921.39,0,921.4,34.0,E2,0.001547,0.9984553895124243,4.6438,IAEA LiveChart ENSDF adopted gammas,2026-08-13
119sn,50,119,1062.4,89.531,972.9,100.0,E2 M1,0.00151,0.9984922766622402,4.6438,IAEA LiveChart ENSDF adopted gammas,2026-08-13
119sn,50,119,1089.44,23.871,1065.55,100.0,M1+E2,0.00134,0.998661793197116,4.6438,IAEA LiveChart ENSDF adopted gammas,2026-08-13
119sn,50,119,1089.44,0,1089.9,6.3,[E2],0.001066,0.9989351351459345,4.6438,IAEA LiveChart ENSDF adopted gammas,2026-08-13
119sn,50,119,1187.73,23.871,1163.85,100.0,M1,0.001117,0.9988842462968863,4.6438,IAEA LiveChart ENSDF adopted gammas,2026-08-13
119sn,50,119,1187.73,0,1187.79,19.0,,,,4.6438,IAEA LiveChart ENSDF adopted gammas,2026-08-13
119sn,50,119,1249.71,23.871,1225.7,28.0,,,,4.6438,IAEA LiveChart ENSDF adopted gammas,2026-08-13
119sn,50,119,1249.71,0,1249.71,100.0,,,,4.6438,IAEA LiveChart ENSDF adopted gammas,2026-08-13
119sn,50,119,1304.4,89.531,1214.86,100.0,,,,4.6438,IAEA LiveChart ENSDF adopted gammas,2026-08-13
119sn,50,119,1309.3,89.531,1220.0,100.0,,,,4.6438,IAEA LiveChart ENSDF adopted gammas,2026-08-13
119sn,50,119,1354.8,920.51,434.2,8.0,[M1],0.01121,0.9889142710218451,4.6438,IAEA LiveChart ENSDF adopted gammas,2026-08-13
119sn,50,119,1354.8,23.871,1331.0,100.0,E2+M1,0.000847,0.9991537168018688,4.6438,IAEA LiveChart ENSDF adopted gammas,2026-08-13
119sn,50,119,1354.8,0,1354.9,32.0,[E2],0.000713,0.9992875080067912,4.6438,IAEA LiveChart ENSDF adopted gammas,2026-08-13
119sn,50,119,1378.8,89.531,1289.0,100.0,,,,4.6438,IAEA LiveChart ENSDF adopted gammas,2026-08-13
119sn,50,119,1554.4,1089.44,465.2,18.0,,,,4.6438,IAEA LiveChart ENSDF adopted gammas,2026-08-13
119sn,50,119,1554.4,920.51,632.9,18.0,,,,4.6438,IAEA LiveChart ENSDF adopted gammas,2026-08-13
119sn,50,119,1554.4,787.01,767.4,100.0,,,,4.6438,IAEA LiveChart ENSDF adopted gammas,2026-08-13
119sn,50,119,1554.4,0,1554.5,43.0,,,,4.6438,IAEA LiveChart ENSDF adopted gammas,2026-08-13
119sn,50,119,1571.8,1249.71,323.0,41.0,,,,4.6438,IAEA LiveChart ENSDF adopted gammas,2026-08-13
119sn,50,119,1571.8,920.51,650.6,71.0,,,,4.6438,IAEA LiveChart ENSDF adopted gammas,2026-08-13
119sn,50,119,1571.8,23.871,1547.7,100.0,,,,4.6438,IAEA LiveChart ENSDF adopted gammas,2026-08-13
119sn,50,119,1571.8,0,1572.4,32.0,,,,4.6438,IAEA LiveChart ENSDF adopted gammas,2026-08-13
119sn,50,119,1617.1,1187.73,430.6,19.0,,,,4.6438,IAEA LiveChart ENSDF adopted gammas,2026-08-13
119sn,50,119,1617.1,920.51,695.6,19.0,,,,4.6438,IAEA LiveChart ENSDF adopted gammas,2026-08-13
119sn,50,119,1617.1,23.871,1593.4,100.0,,,,4.6438,IAEA LiveChart ENSDF adopted gammas,2026-08-13
119sn,50,119,1774.8,1354.8,420.9,9.0,,,,4.6438,IAEA LiveChart ENSDF adopted gammas,2026-08-13
119sn,50,119,1774.8,920.51,855.6,54.0,,,,4.6438,IAEA LiveChart ENSDF adopted gammas,2026-08-13
119sn,50,119,1774.8,787.01,987.7,54.0,,,,4.6438,IAEA LiveChart ENSDF adopted gammas,2026-08-13
119sn,50,119,1774.8,23.871,1750.4,100.0,,,,4.6438,IAEA LiveChart ENSDF adopted gammas,2026-08-13
119sn,50,119,1938.9,1089.44,849.4,100.0,,,,4.6438,IAEA LiveChart ENSDF adopted gammas,2026-08-13
119sn,50,119,1938.9,23.871,1915.7,70.0,,,,4.6438,IAEA LiveChart ENSDF adopted gammas,2026-08-13
119sn,50,119,1938.9,0,1939.4,100.0,,,,4.6438,IAEA LiveChart ENSDF adopted gammas,2026-08-13
119sn,50,119,2415.3,1309.3,1106.0,100.0,,,,4.6438,IAEA LiveChart ENSDF adopted gammas,2026-08-13
119sn,50,119,2845.8,0,2845.8,100.0,,,,4.6438,IAEA LiveChart ENSDF adopted gammas,2026-08-13
119sn,50,119,2881.2,0,2881.2,100.0,,,,4.6438,IAEA LiveChart ENSDF adopted gammas,2026-08-13
119sn,50,119,2928.3,2415.3,513.0,100.0,,,,4.6438,IAEA LiveChart ENSDF adopted gammas,2026-08-13
119sn,50,119,3011.9,23.871,2988.9,100.0,,,,4.6438,IAEA LiveChart ENSDF adopted gammas,2026-08-13
119sn,50,119,3011.9,0,3010.9,79.0,,,,4.6438,IAEA LiveChart ENSDF adopted gammas,2026-08-13
119sn,50,119,3046.9,1617.1,1429.8,100.0,,,,4.6438,IAEA LiveChart ENSDF adopted gammas,2026-08-13
119sn,50,119,3103.3,2928.3,175.0,100.0,[E2],0.221,0.8190008190008189,4.6438,IAEA LiveChart ENSDF adopted gammas,2026-08-13
137ba,56,137,283.54,0,283.53,100.0,,,,4.8314,IAEA LiveChart ENSDF adopted gammas,2026-08-13
137ba,56,137,661.659,0,661.657,100.0,M4,0.1124,0.8989572096368212,4.8314,IAEA LiveChart ENSDF adopted gammas,2026-08-13
137ba,56,137,1251.82,0,1251.81,100.0,E2,0.00114,0.9988612981201431,4.8314,IAEA LiveChart ENSDF adopted gammas,2026-08-13
137ba,56,137,1293.9,0,1293.9,100.0,M1+E2,0.00124,0.9987615356957373,4.8314,IAEA LiveChart ENSDF adopted gammas,2026-08-13
137ba,56,137,1463.8,283.54,1180.6,5.0,D,,,4.8314,IAEA LiveChart ENSDF adopted gammas,2026-08-13
137ba,56,137,1463.8,0,1463.91,100.0,,,,4.8314,IAEA LiveChart ENSDF adopted gammas,2026-08-13
137ba,56,137,1481.8,283.54,1198.33,67.0,,,,4.8314,IAEA LiveChart ENSDF adopted gammas,2026-08-13
137ba,56,137,1481.8,0,1481.66,100.0,,,,4.8314,IAEA LiveChart ENSDF adopted gammas,2026-08-13
137ba,56,137,1797.67,1293.9,504.0,1.0,,,,4.8314,IAEA LiveChart ENSDF adopted gammas,2026-08-13
137ba,56,137,1797.67,661.659,1136.69,100.0,E2,0.00138,0.9986219017755498,4.8314,IAEA LiveChart ENSDF adopted gammas,2026-08-13
137ba,56,137,1837.6,283.54,1553.64,100.0,,,,4.8314,IAEA LiveChart ENSDF adopted gammas,2026-08-13
137ba,56,137,1837.6,0,1838.0,45.0,,,,4.8314,IAEA LiveChart ENSDF adopted gammas,2026-08-13
137ba,56,137,1899.4,283.54,1615.8,85.0,,,,4.8314,IAEA LiveChart ENSDF adopted gammas,2026-08-13
137ba,56,137,1899.4,0,1899.0,100.0,D,,,4.8314,IAEA LiveChart ENSDF adopted gammas,2026-08-13
137ba,56,137,1907.52,283.54,1623.32,100.0,,,,4.8314,IAEA LiveChart ENSDF adopted gammas,2026-08-13
137ba,56,137,1907.52,0,1908.0,89.0,,,,4.8314,IAEA LiveChart ENSDF adopted gammas,2026-08-13
137ba,56,137,2041.4,1463.8,578.0,12.0,,,,4.8314,IAEA LiveChart ENSDF adopted gammas,2026-08-13
137ba,56,137,2041.4,1293.9,747.43,40.0,,,,4.8314,IAEA LiveChart ENSDF adopted gammas,2026-08-13
137ba,56,137,2041.4,0,2041.1,100.0,,,,4.8314,IAEA LiveChart ENSDF adopted gammas,2026-08-13
137ba,56,137,2047.4,661.659,1385.7,100.0,,,,4.8314,IAEA LiveChart ENSDF adopted gammas,2026-08-13
137ba,56,137,2117,0,2117.0,100.0,,,,4.8314,IAEA LiveChart ENSDF adopted gammas,2026-08-13
137ba,56,137,2182.22,1797.67,384.59,0.82,,,,4.8314,IAEA LiveChart ENSDF adopted gammas,2026-08-13
137ba,56,137,2182.22,283.54,1898.7,100.0,,,,4.8314,IAEA LiveChart ENSDF adopted gammas,2026-08-13
137ba,56,137,2182.22,0,2182.23,2.5,,,,4.8314,IAEA LiveChart ENSDF adopted gammas,2026-08-13
137ba,56,137,2228.9,1481.8,747.5,89.0,,,,4.8314,IAEA LiveChart ENSDF adopted gammas,2026-08-13
137ba,56,137,2228.9,1463.8,766.1,100.0,,,,4.8314,IAEA LiveChart ENSDF adopted gammas,2026-08-13
137ba,56,137,2228.9,1293.9,934.9,33.0,,,,4.8314,IAEA LiveChart ENSDF adopted gammas,2026-08-13
137ba,56,137,2229.5,2047.4,182.0,1.5,,,,4.8314,IAEA LiveChart ENSDF adopted gammas,2026-08-13
137ba,56,137,2229.5,661.659,1568.3,100.0,D,,,4.8314,IAEA LiveChart ENSDF adopted gammas,2026-08-13
137ba,56,137,2271,1899.4,371.3,17.5,,,,4.8314,IAEA LiveChart ENSDF adopted gammas,2026-08-13
137ba,56,137,2271,1293.9,976.8,100.0,,,,4.8314,IAEA LiveChart ENSDF adopted gammas,2026-08-13
137ba,56,137,2271,1251.82,1019.0,37.5,,,,4.8314,IAEA LiveChart ENSDF adopted gammas,2026-08-13
137ba,56,137,2271,0,2271.4,95.0,,,,4.8314,IAEA LiveChart ENSDF adopted gammas,2026-08-13
137ba,56,137,2311,0,2311.0,100.0,,,,4.8314,IAEA LiveChart ENSDF adopted gammas,2026-08-13
137ba,56,137,2344,0,2344.0,100.0,,,,4.8314,IAEA LiveChart ENSDF adopted gammas,2026-08-13
137ba,56,137,2349.1,2229.5,120.2,100.0,E2,1.004,0.499001996007984,4.8314,IAEA LiveChart ENSDF adopted gammas,2026-08-13
137ba,56,137,2355.6,283.54,2072.6,100.0,,,,4.8314,IAEA LiveChart ENSDF adopted gammas,2026-08-13
137ba,56,137,2355.6,0,2355.4,52.0,,,,4.8314,IAEA LiveChart ENSDF adopted gammas,2026-08-13
137ba,56,137,2373,0,2373.0,100.0,,,,4.8314,IAEA LiveChart ENSDF adopted gammas,2026-08-13
137ba,56,137,2407.8,2229.5,178.9,100.0,,,,4.8314,IAEA LiveChart ENSDF adopted gammas,2026-08-13
137ba,56,137,2427,0,2427.0,100.0,,,,4.8314,IAEA LiveChart ENSDF adopted gammas,2026-08-13
137ba,56,137,2438.8,661.659,1777.1,100.0,,,,4.8314,IAEA LiveChart ENSDF adopted gammas,2026-08-13
137ba,56,137,2529.6,1907.52,622.2,51.0,,,,4.8314,IAEA LiveChart ENSDF adopted gammas,2026-08-13
137ba,56,137,2529.6,1797.67,731.1,71.0,,,,4.8314,IAEA LiveChart ENSDF adopted gammas,2026-08-13
137ba,56,137,2529.6,1463.8,1067.8,33.0,,,,4.8314,IAEA LiveChart ENSDF adopted gammas,2026-08-13
137ba,56,137,2529.6,1293.9,1236.4,100.0,,,,4.8314,IAEA LiveChart ENSDF adopted gammas,2026-08-13
137ba,56,137,2571,0,2571.0,100.0,,,,4.8314,IAEA LiveChart ENSDF adopted gammas,2026-08-13
137ba,56,137,2590.1,2438.8,151.3,100.0,,,,4.8314,IAEA LiveChart ENSDF adopted gammas,2026-08-13
137ba,56,137,2590.1,2229.5,361.1,80.0,,,,4.8314,IAEA LiveChart ENSDF adopted gammas,2026-08-13
137ba,56,137,2623.8,2349.1,274.7,100.0,D,,,4.8314,IAEA LiveChart ENSDF adopted gammas,2026-08-13
137ba,56,137,2653,0,2653.0,100.0,,,,4.8314,IAEA LiveChart ENSDF adopted gammas,2026-08-13
137ba,56,137,2662.72,2182.22,480.61,87.0,,,,4.8314,IAEA LiveChart ENSDF adopted gammas,2026-08-13
137ba,56,137,2662.72,1907.52,755.24,5.3,,,,4.8314,IAEA LiveChart ENSDF adopted gammas,2026-08-13
137ba,56,137,2662.72,1899.4,763.4,1.4,,,,4.8314,IAEA LiveChart ENSDF adopted gammas,2026-08-13
137ba,56,137,2662.72,283.54,2379.07,70.0,,,,4.8314,IAEA LiveChart ENSDF adopted gammas,2026-08-13
137ba,56,137,2662.72,0,2662.68,100.0,,,,4.8314,IAEA LiveChart ENSDF adopted gammas,2026-08-13
137ba,56,137,2954,0,2954.0,100.0,,,,4.8314,IAEA LiveChart ENSDF adopted gammas,2026-08-13
137ba,56,137,2964.9,1907.52,1057.4,10.0,,,,4.8314,IAEA LiveChart ENSDF adopted gammas,2026-08-13
137ba,56,137,2964.9,0,2964.9,100.0,,,,4.8314,IAEA LiveChart ENSDF adopted gammas,2026-08-13
137ba,56,137,3086.1,283.54,2800.9,100.0,,,,4.8314,IAEA LiveChart ENSDF adopted gammas,2026-08-13
137ba,56,137,3086.1,0,3086.9,52.0,,,,4.8314,IAEA LiveChart ENSDF adopted gammas,2026-08-13
137ba,56,137,3127.42,2182.22,945.0,12.0,,,,4.8314,IAEA LiveChart ENSDF adopted gammas,2026-08-13
137ba,56,137,3127.42,283.54,2843.8,56.0,,,,4.8314,IAEA LiveChart ENSDF adopted gammas,2026-08-13
137ba,56,137,3127.42,0,3127.41,100.0,,,,4.8314,IAEA LiveChart ENSDF adopted gammas,2026-08-13
137ba,56,137,3179.4,2623.8,555.6,100.0,,,,4.8314,IAEA LiveChart ENSDF adopted gammas,2026-08-13
137ba,56,137,3221,0,3221.0,100.0,,,,4.8314,IAEA LiveChart ENSDF adopted gammas,2026-08-13
137ba,56,137,3244,2623.8,620.2,100.0,,,,4.8314,IAEA LiveChart ENSDF adopted gammas,2026-08-13
137ba,56,137,3316.53,3086.1,230.0,24.0,,,,4.8314,IAEA LiveChart ENSDF adopted gammas,2026-08-13
137ba,56,137,3316.53,2182.22,1134.0,8.0,,,,4.8314,IAEA LiveChart ENSDF adopted gammas,2026-08-13
137ba,56,137,3316.53,1899.4,1416.0,9.0,,,,4.8314,IAEA LiveChart ENSDF adopted gammas,2026-08-13
137ba,56,137,3316.53,283.54,3033.06,100.0,,,,4.8314,IAEA LiveChart ENSDF adopted gammas,2026-08-13
137ba,56,137,3316.53,0,3316.0,5.0,,,,4.8314,IAEA LiveChart ENSDF adopted gammas,2026-08-13
137ba,56,137,3402.54,2182.22,1220.0,5.5,,,,4.8314,IAEA LiveChart ENSDF adopted gammas,2026-08-13
137ba,56,137,3402.54,1293.9,2107.6,11.0,,,,4.8314,IAEA LiveChart ENSDF adopted gammas,2026-08-13
137ba,56,137,3402.54,283.54,3118.95,100.0,,,,4.8314,IAEA LiveChart ENSDF adopted gammas,2026-08-13
137ba,56,137,3402.54,0,3402.0,5.5,,,,4.8314,IAEA LiveChart ENSDF adopted gammas,2026-08-13
137ba,56,137,3606.1,0,3606.0,100.0,,,,4.8314,IAEA LiveChart ENSDF adopted gammas,2026-08-13
137ba,56,137,3680.8,1899.4,1781.0,13.0,,,,4.8314,IAEA LiveChart ENSDF adopted gammas,2026-08-13
137ba,56,137,3680.8,1481.8,2198.3,18.0,,,,4.8314,IAEA LiveChart ENSDF adopted gammas,2026-08-13
137ba,56,137,3680.8,283.54,3397.25,100.0,,,,4.8314,IAEA LiveChart ENSDF adopted gammas,2026-08-13
137ba,56,137,3680.8,0,3680.0,12.0,,,,4.8314,IAEA LiveChart ENSDF adopted gammas,2026-08-13
137ba,56,137,3720.9,2662.72,1057.4,33.0,,,,4.8314,IAEA LiveChart ENSDF adopted gammas,2026-08-13
137ba,56,137,3720.9,283.54,3437.4,100.0,,,,4.8314,IAEA LiveChart ENSDF adopted gammas,2026-08-13
137ba,56,137,3720.9,0,3721.0,86.0,,,,4.8314,IAEA LiveChart ENSDF adopted gammas,2026-08-13
137ba,56,137,3798.89,2271,1527.9,69.0,,,,4.8314,IAEA LiveChart ENSDF adopted gammas,2026-08-13
137ba,56,137,3798.89,283.54,3515.2,100.0,,,,4.8314,IAEA LiveChart ENSDF adopted gammas,2026-08-13
137ba,56,137,3798.89,0,3798.9,67.0,,,,4.8314,IAEA LiveChart ENSDF adopted gammas,2026-08-13
137ba,56,137,3857.1,0,3857.0,100.0,,,,4.8314,IAEA LiveChart ENSDF adopted gammas,2026-08-13
137ba,56,137,3963.1,0,3963.0,100.0,,,,4.8314,IAEA LiveChart ENSDF adopted gammas,2026-08-13
137ba,56,137,3977.1,0,3977.0,100.0,,,,4.8314,IAEA LiveChart ENSDF adopted gammas,2026-08-13
137ba,56,137,4149.97,3402.54,747.36,48.0,,,,4.8314,IAEA LiveChart ENSDF adopted gammas,2026-08-13
137ba,56,137,4149.97,1293.9,2856.6,67.0,,,,4.8314,IAEA LiveChart ENSDF adopted gammas,2026-08-13
137ba,56,137,4149.97,283.54,3866.0,63.0,,,,4.8314,IAEA LiveChart ENSDF adopted gammas,2026-08-13
137ba,56,137,4149.97,0,4150.3,100.0,,,,4.8314,IAEA LiveChart ENSDF adopted gammas,2026-08-13
137ba,56,137,4216.1,2662.72,1553.39,100.0,,,,4.8314,IAEA LiveChart ENSDF adopted gammas,2026-08-13
137ba,56,137,4216.1,0,4215.0,30.0,,,,4.8314,IAEA LiveChart ENSDF adopted gammas,2026-08-13
137ba,56,137,4550.7,1463.8,3086.9,85.0,,,,4.8314,IAEA LiveChart ENSDF adopted gammas,2026-08-13
137ba,56,137,4550.7,283.54,4267.0,100.0,,,,4.8314,IAEA LiveChart ENSDF adopted gammas,2026-08-13
137ba,56,137,4594.9,3798.89,794.3,43.0,,,,4.8314,IAEA LiveChart ENSDF adopted gammas,2026-08-13
137ba,56,137,4594.9,283.54,4312.0,78.0,,,,4.8314,IAEA LiveChart ENSDF adopted gammas,2026-08-13
137ba,56,137,4594.9,0,4595.0,100.0,,,,4.8314,IAEA LiveChart ENSDF adopted gammas,2026-08-13
137ba,56,137,4764.4,1907.52,2856.6,82.0,,,,4.8314,IAEA LiveChart ENSDF adopted gammas,2026-08-13
137ba,56,137,4764.4,283.54,4482.0,100.0,,,,4.8314,IAEA LiveChart ENSDF adopted gammas,2026-08-13
152sm,62,152,121.7818,0,121.7817,100.0,E2,1.155,0.4640371229698375,5.0819,IAEA LiveChart ENSDF adopted gammas,2026-08-13
152sm,62,152,366.4793,121.7818,244.6974,100.0,E2,0.1073,0.9030976248532466,5.0819,IAEA LiveChart ENSDF adopted gammas,2026-08-13
152sm,62,152,684.751,121.7818,562.98,100.0,E2,0.00941,0.9906777226300513,5.0819,IAEA LiveChart ENSDF adopted gammas,2026-08-13
152sm,62,152,706.928,366.4793,340.45,100.0,E2,0.0382,0.9632055480639569,5.0819,IAEA LiveChart ENSDF adopted gammas,2026-08-13
152sm,62,152,810.453,684.751,125.64,0.599,[E2],1.034,0.4916420845624386,5.0819,IAEA LiveChart ENSDF adopted gammas,2026-08-13
152sm,62,152,810.453,366.4793,444.0,34.8,E2,0.01772,0.9825885312266636,5.0819,IAEA LiveChart ENSDF adopted gammas,2026-08-13
152sm,62,152,810.453,121.7818,688.67,100.0,E0+M1+E2,0.0434,0.9584052137243626,5.0819,IAEA LiveChart ENSDF adopted gammas,2026-08-13
152sm,62,152,810.453,0,810.451,37.0,E2,0.00393,0.9960853844391542,5.0819,IAEA LiveChart ENSDF adopted gammas,2026-08-13
152sm,62,152,963.358,810.453,152.77,0.0126,[E1],0.0872,0.919793966151582,5.0819,IAEA LiveChart ENSDF adopted gammas,2026-08-13
152sm,62,152,963.358,121.7818,841.57,100.0,E1,0.00144,0.9985620706183095,5.0819,IAEA LiveChart ENSDF adopted gammas,2026-08-13
152sm,62,152,963.358,0,963.367,82.3,[E1],0.00111,0.9988912307338854,5.0819,IAEA LiveChart ENSDF adopted gammas,2026-08-13
152sm,62,152,1022.97,810.453,212.43,14.4,E2,0.1706,0.8542627712284298,5.0819,IAEA LiveChart ENSDF adopted gammas,2026-08-13
152sm,62,152,1022.97,706.928,316.13,7.0,(E2),0.0478,0.954380606986066,5.0819,IAEA LiveChart ENSDF adopted gammas,2026-08-13
152sm,62,152,1022.97,366.4793,656.489,100.0,E2+M1+E0,0.0568,0.9462528387585163,5.0819,IAEA LiveChart ENSDF adopted gammas,2026-08-13
152sm,62,152,1022.97,121.7818,901.19,59.2,E2,0.00311,0.9968996421130285,5.0819,IAEA LiveChart ENSDF adopted gammas,2026-08-13
152sm,62,152,1041.122,366.4793,674.65,40.4,E1,0.00225,0.9977550511349463,5.0819,IAEA LiveChart ENSDF adopted gammas,2026-08-13
152sm,62,152,1041.122,121.7818,919.337,100.0,E1,0.00121,0.99879146233058,5.0819,IAEA LiveChart ENSDF adopted gammas,2026-08-13
152sm,62,152,1082.842,963.358,119.46,8.1,[E1],0.17,0.8547008547008548,5.0819,IAEA LiveChart ENSDF adopted gammas,2026-08-13
152sm,62,152,1082.842,810.453,272.41,7.8,(E2),0.0761,0.9292816652727441,5.0819,IAEA LiveChart ENSDF adopted gammas,2026-08-13
152sm,62,152,1082.842,121.7818,961.08,100.0,[E2],0.0027,0.9973072703700011,5.0819,IAEA LiveChart ENSDF adopted gammas,2026-08-13
152sm,62,152,1085.841,810.453,275.41,0.238,M1,0.1015,0.9078529278256923,5.0819,IAEA LiveChart ENSDF adopted gammas,2026-08-13
152sm,62,152,1085.841,684.751,401.29,0.0044,[E2],0.0236,0.9769441187964047,5.0819,IAEA LiveChart ENSDF adopted gammas,2026-08-13
152sm,62,152,1085.841,366.4793,719.346,1.72,E2,0.00517,0.9948565914223466,5.0819,IAEA LiveChart ENSDF adopted gammas,2026-08-13
152sm,62,152,1085.841,121.7818,964.057,100.0,E2+M1,0.0027,0.9973072703700011,5.0819,IAEA LiveChart ENSDF adopted gammas,2026-08-13
152sm,62,152,1085.841,0,1085.837,69.71,E2,0.00209,0.9979143589897116,5.0819,IAEA LiveChart ENSDF adopted gammas,2026-08-13
152sm,62,152,1125.39,706.928,418.45,100.0,E2,0.0209,0.9795278675678324,5.0819,IAEA LiveChart ENSDF adopted gammas,2026-08-13
152sm,62,152,1221.64,706.928,514.78,21.9,[E1],0.0075,0.9925558312655086,5.0819,IAEA LiveChart ENSDF adopted gammas,2026-08-13
152sm,62,152,1221.64,366.4793,855.21,100.0,E1+M2,0.0016,0.998402555910543,5.0819,IAEA LiveChart ENSDF adopted gammas,2026-08-13
152sm,62,152,1233.863,1085.841,147.99,0.15,M1+E2,0.57,0.6369426751592357,5.0819,IAEA LiveChart ENSDF adopted gammas,2026-08-13
152sm,62,152,1233.863,1022.97,210.95,0.0278,[M1 E2],0.192,0.8389261744966443,5.0819,IAEA LiveChart ENSDF adopted gammas,2026-08-13
152sm,62,152,1233.863,810.453,423.45,0.0218,[M1 E2],0.027,0.9737098344693282,5.0819,IAEA LiveChart ENSDF adopted gammas,2026-08-13
152sm,62,152,1233.863,366.4793,867.38,30.93,M1+E2,0.00343,0.9965817246843327,5.0819,IAEA LiveChart ENSDF adopted gammas,2026-08-13
152sm,62,152,1233.863,121.7818,1112.076,100.0,M1+E2,0.00201,0.9979940319956886,5.0819,IAEA LiveChart ENSDF adopted gammas,2026-08-13
152sm,62,152,1292.773,1085.841,207.03,0.42,[M1 E2],0.203,0.8312551953449708,5.0819,IAEA LiveChart ENSDF adopted gammas,2026-08-13
152sm,62,152,1292.773,1082.842,209.97,1.58,[E2],0.1774,0.8493290300662477,5.0819,IAEA LiveChart ENSDF adopted gammas,2026-08-13
152sm,62,152,1292.773,1041.122,251.633,24.6,E1,0.0231,0.977421561919656,5.0819,IAEA LiveChart ENSDF adopted gammas,2026-08-13
152sm,62,152,1292.773,1022.97,269.84,2.88,[E2],0.0784,0.9272997032640949,5.0819,IAEA LiveChart ENSDF adopted gammas,2026-08-13
152sm,62,152,1292.773,963.358,329.436,44.5,[E1],0.01163,0.9885037019463637,5.0819,IAEA LiveChart ENSDF adopted gammas,2026-08-13
152sm,62,152,1292.773,810.453,482.35,9.1,E0+M1+E2,0.062,0.9416195856873822,5.0819,IAEA LiveChart ENSDF adopted gammas,2026-08-13
152sm,62,152,1292.773,684.751,608.06,0.1,[E2],0.0078,0.9922603691208572,5.0819,IAEA LiveChart ENSDF adopted gammas,2026-08-13
152sm,62,152,1292.773,366.4793,926.29,100.0,[E2],0.00293,0.9970785598197281,5.0819,IAEA LiveChart ENSDF adopted gammas,2026-08-13
152sm,62,152,1292.773,121.7818,1170.98,13.7,[M1 E2],0.0023,0.9977052778609199,5.0819,IAEA LiveChart ENSDF adopted gammas,2026-08-13
152sm,62,152,1292.773,0,1292.77,36.9,[E2],0.00149,0.9985122167969726,5.0819,IAEA LiveChart ENSDF adopted gammas,2026-08-13
152sm,62,152,1310.505,1221.64,89.17,4.26,,,,5.0819,IAEA LiveChart ENSDF adopted gammas,2026-08-13
152sm,62,152,1310.505,1125.39,185.1,0.85,,,,5.0819,IAEA LiveChart ENSDF adopted gammas,2026-08-13
152sm,62,152,1310.505,1022.97,287.53,95.0,E2,0.0642,0.9396729937981582,5.0819,IAEA LiveChart ENSDF adopted gammas,2026-08-13
152sm,62,152,1310.505,706.928,603.56,100.0,E0+M1+E2,0.032,0.9689922480620154,5.0819,IAEA LiveChart ENSDF adopted gammas,2026-08-13
152sm,62,152,1310.505,366.4793,944.0,61.3,E2,0.00281,0.9971978739741327,5.0819,IAEA LiveChart ENSDF adopted gammas,2026-08-13
152sm,62,152,1371.735,1233.863,137.56,0.113,[M1 E2],0.72,0.5813953488372093,5.0819,IAEA LiveChart ENSDF adopted gammas,2026-08-13
152sm,62,152,1371.735,1221.64,150.13,0.137,[E1],0.0914,0.9162543522081731,5.0819,IAEA LiveChart ENSDF adopted gammas,2026-08-13
152sm,62,152,1371.735,1085.841,285.84,1.49,[E2],0.0654,0.9386146048432514,5.0819,IAEA LiveChart ENSDF adopted gammas,2026-08-13
152sm,62,152,1371.735,1041.122,330.6,1.41,[E1],0.01153,0.9886014255632556,5.0819,IAEA LiveChart ENSDF adopted gammas,2026-08-13
152sm,62,152,1371.735,1022.97,348.751,0.258,[M1 E2],,,5.0819,IAEA LiveChart ENSDF adopted gammas,2026-08-13
152sm,62,152,1371.735,810.453,561.26,0.21,[E2],0.00949,0.9905992134642245,5.0819,IAEA LiveChart ENSDF adopted gammas,2026-08-13
152sm,62,152,1371.735,706.928,664.77,1.5,[E2],0.00623,0.9938085725927472,5.0819,IAEA LiveChart ENSDF adopted gammas,2026-08-13
152sm,62,152,1371.735,366.4793,1005.27,100.0,M1+E2,0.00259,0.9974166907709032,5.0819,IAEA LiveChart ENSDF adopted gammas,2026-08-13
152sm,62,152,1371.735,121.7818,1249.94,28.3,E2,0.00159,0.9984125240867021,5.0819,IAEA LiveChart ENSDF adopted gammas,2026-08-13
152sm,62,152,1505.77,1125.39,380.36,4.7,(E1),0.00818,0.9918863694975103,5.0819,IAEA LiveChart ENSDF adopted gammas,2026-08-13
152sm,62,152,1505.77,706.928,798.82,100.0,E1,0.00159,0.9984125240867021,5.0819,IAEA LiveChart ENSDF adopted gammas,2026-08-13
152sm,62,152,1510.79,1292.773,218.1,0.073,[E1],0.0336,0.9674922600619195,5.0819,IAEA LiveChart ENSDF adopted gammas,2026-08-13
152sm,62,152,1510.79,1085.841,424.3,0.021,[E1],0.0063,0.9937394415184339,5.0819,IAEA LiveChart ENSDF adopted gammas,2026-08-13
152sm,62,152,1510.79,1082.842,427.9,0.01,[E1],0.0062,0.9938382031405287,5.0819,IAEA LiveChart ENSDF adopted gammas,2026-08-13
152sm,62,152,1510.79,1041.122,469.97,0.068,[E2],0.0152,0.9850275807722615,5.0819,IAEA LiveChart ENSDF adopted gammas,2026-08-13
152sm,62,152,1510.79,963.358,547.36,1.17,[M1 E2],0.014,0.9861932938856016,5.0819,IAEA LiveChart ENSDF adopted gammas,2026-08-13
152sm,62,152,1510.79,810.453,700.28,1.27,[E1],0.0021,0.9979044007584074,5.0819,IAEA LiveChart ENSDF adopted gammas,2026-08-13
152sm,62,152,1510.79,684.751,826.01,3.55,[E1],0.0015,0.9985022466300548,5.0819,IAEA LiveChart ENSDF adopted gammas,2026-08-13
152sm,62,152,1510.79,121.7818,1389.03,100.0,E1+M2,0.0007,0.99930048965724,5.0819,IAEA LiveChart ENSDF adopted gammas,2026-08-13
152sm,62,152,1510.79,0,1510.77,0.79,[E1],0.00071,0.999290503742343,5.0819,IAEA LiveChart ENSDF adopted gammas,2026-08-13
152sm,62,152,1529.802,1292.773,237.11,0.0303,[E1],0.027,0.9737098344693282,5.0819,IAEA LiveChart ENSDF adopted gammas,2026-08-13
152sm,62,152,1529.802,1233.863,295.9387,2.11,E1,0.01523,0.9849984732523663,5.0819,IAEA LiveChart ENSDF adopted gammas,2026-08-13
152sm,62,152,1529.802,1085.841,443.9606,13.54,E1+M2,0.00598,0.9940555478240123,5.0819,IAEA LiveChart ENSDF adopted gammas,2026-08-13
152sm,62,152,1529.802,1041.122,488.6792,1.985,M1+E2,0.01392,0.9862711062016728,5.0819,IAEA LiveChart ENSDF adopted gammas,2026-08-13
152sm,62,152,1529.802,963.358,566.438,0.628,M1+E2,0.0134,0.9867771857114662,5.0819,IAEA LiveChart ENSDF adopted gammas,2026-08-13
152sm,62,152,1529.802,810.453,719.36,0.455,(E1),0.00197,0.9980338732696588,5.0819,IAEA LiveChart ENSDF adopted gammas,2026-08-13
152sm,62,152,1529.802,121.7818,1408.013,100.0,E1+M2,0.00071,0.999290503742343,5.0819,IAEA LiveChart ENSDF adopted gammas,2026-08-13
152sm,62,152,1559.62,1233.863,325.69,4.71,(E2),0.0437,0.9581297307655456,5.0819,IAEA LiveChart ENSDF adopted gammas,2026-08-13
152sm,62,152,1559.62,706.928,852.67,35.1,M1+E2,,,5.0819,IAEA LiveChart ENSDF adopted gammas,2026-08-13
152sm,62,152,1559.62,366.4793,1193.1,100.0,M1+E2,0.00178,0.998223162770269,5.0819,IAEA LiveChart ENSDF adopted gammas,2026-08-13
152sm,62,152,1579.429,1371.735,207.64,0.519,[E1],0.0382,0.9632055480639569,5.0819,IAEA LiveChart ENSDF adopted gammas,2026-08-13
152sm,62,152,1579.429,1292.773,286.5,0.098,[E1],0.0165,0.9837678307919332,5.0819,IAEA LiveChart ENSDF adopted gammas,2026-08-13
152sm,62,152,1579.429,1233.863,345.54,0.69,[E1],0.0103,0.9898050084133426,5.0819,IAEA LiveChart ENSDF adopted gammas,2026-08-13
152sm,62,152,1579.429,1085.841,493.54,2.14,[E1],0.0044,0.9956192751891677,5.0819,IAEA LiveChart ENSDF adopted gammas,2026-08-13
152sm,62,152,1579.429,1041.122,538.29,0.306,[M1 E2],0.014,0.9861932938856016,5.0819,IAEA LiveChart ENSDF adopted gammas,2026-08-13
152sm,62,152,1579.429,1022.97,556.48,1.25,[E1],0.0034,0.9966115208291807,5.0819,IAEA LiveChart ENSDF adopted gammas,2026-08-13
152sm,62,152,1579.429,963.358,616.05,0.65,[E2],0.0075,0.9925558312655086,5.0819,IAEA LiveChart ENSDF adopted gammas,2026-08-13
152sm,62,152,1579.429,810.453,768.96,5.8,[E1],0.0017,0.9983028850953379,5.0819,IAEA LiveChart ENSDF adopted gammas,2026-08-13
152sm,62,152,1579.429,366.4793,1212.948,100.0,E1,0.00076,0.9992405771613573,5.0819,IAEA LiveChart ENSDF adopted gammas,2026-08-13
152sm,62,152,1579.429,121.7818,1457.643,35.13,E1,0.0007,0.99930048965724,5.0819,IAEA LiveChart ENSDF adopted gammas,2026-08-13
152sm,62,152,1609.26,1125.39,483.86,100.0,E2,0.014,0.9861932938856016,5.0819,IAEA LiveChart ENSDF adopted gammas,2026-08-13
152sm,62,152,1612.9,1371.735,241.0,4.1,,,,5.0819,IAEA LiveChart ENSDF adopted gammas,2026-08-13
152sm,62,152,1612.9,1292.773,320.1,21.4,,,,5.0819,IAEA LiveChart ENSDF adopted gammas,2026-08-13
152sm,62,152,1612.9,1233.863,379.05,2.6,,,,5.0819,IAEA LiveChart ENSDF adopted gammas,2026-08-13
152sm,62,152,1612.9,1221.64,391.19,15.4,,,,5.0819,IAEA LiveChart ENSDF adopted gammas,2026-08-13
152sm,62,152,1612.9,1085.841,527.1,2.0,,,,5.0819,IAEA LiveChart ENSDF adopted gammas,2026-08-13
152sm,62,152,1612.9,1041.122,571.83,48.4,,,,5.0819,IAEA LiveChart ENSDF adopted gammas,2026-08-13
152sm,62,152,1612.9,1022.97,589.83,14.2,,,,5.0819,IAEA LiveChart ENSDF adopted gammas,2026-08-13
152sm,62,152,1612.9,810.453,802.0,4.5,,,,5.0819,IAEA LiveChart ENSDF adopted gammas,2026-08-13
152sm,62,152,1612.9,706.928,906.06,100.0,,,,5.0819,IAEA LiveChart ENSDF adopted gammas,2026-08-13
152sm,62,152,1612.9,366.4793,1246.34,10.1,,,,5.0819,IAEA LiveChart ENSDF adopted gammas,2026-08-13
152sm,62,152,1612.9,121.7818,1491.4,6.0,,,,5.0819,IAEA LiveChart ENSDF adopted gammas,2026-08-13
152sm,62,152,1649.831,1292.773,357.26,1.23,[E1],0.0095,0.9905894006934125,5.0819,IAEA LiveChart ENSDF adopted gammas,2026-08-13
152sm,62,152,1649.831,1233.863,416.02,22.0,[E1],0.0066,0.9934432743890325,5.0819,IAEA LiveChart ENSDF adopted gammas,2026-08-13
152sm,62,152,1649.831,1085.841,563.986,100.0,E1,0.0033,0.996710854181202,5.0819,IAEA LiveChart ENSDF adopted gammas,2026-08-13
152sm,62,152,1649.831,1041.122,609.23,0.25,[M1 E2],0.01,0.9900990099009901,5.0819,IAEA LiveChart ENSDF adopted gammas,2026-08-13
152sm,62,152,1649.831,963.358,686.6,4.11,[M1 E2],0.0078,0.9922603691208572,5.0819,IAEA LiveChart ENSDF adopted gammas,2026-08-13
152sm,62,152,1649.831,810.453,839.36,3.59,[E1],0.00144,0.9985620706183095,5.0819,IAEA LiveChart ENSDF adopted gammas,2026-08-13
152sm,62,152,1649.831,121.7818,1528.1,56.6,E1,0.00072,0.9992805180270204,5.0819,IAEA LiveChart ENSDF adopted gammas,2026-08-13
152sm,62,152,1658.8,963.358,695.9,100.0,[E1],0.00211,0.9978944427258484,5.0819,IAEA LiveChart ENSDF adopted gammas,2026-08-13
152sm,62,152,1658.8,810.453,847.5,2.4,[E2],0.00356,0.9964526286420343,5.0819,IAEA LiveChart ENSDF adopted gammas,2026-08-13
152sm,62,152,1658.8,121.7818,1535.3,1.2,[E2],0.00114,0.9988612981201431,5.0819,IAEA LiveChart ENSDF adopted gammas,2026-08-13
152sm,62,152,1666.45,1505.77,160.8,10.8,,,,5.0819,IAEA LiveChart ENSDF adopted gammas,2026-08-13
152sm,62,152,1666.45,1310.505,355.9,100.0,E2,0.0334,0.9676795045480936,5.0819,IAEA LiveChart ENSDF adopted gammas,2026-08-13
152sm,62,152,1666.45,1125.39,540.9,39.7,E0+M1+E2,0.066,0.9380863039399624,5.0819,IAEA LiveChart ENSDF adopted gammas,2026-08-13
152sm,62,152,1666.45,706.928,959.5,21.9,E2,0.00271,0.997297324251279,5.0819,IAEA LiveChart ENSDF adopted gammas,2026-08-13
152sm,62,152,1680.56,1292.773,388.3,0.13,[E1],0.0078,0.9922603691208572,5.0819,IAEA LiveChart ENSDF adopted gammas,2026-08-13
152sm,62,152,1680.56,1085.841,594.7,0.38,[E1],0.0029,0.9971083856815237,5.0819,IAEA LiveChart ENSDF adopted gammas,2026-08-13
152sm,62,152,1680.56,1082.842,597.5,0.77,[E1],0.0029,0.9971083856815237,5.0819,IAEA LiveChart ENSDF adopted gammas,2026-08-13
152sm,62,152,1680.56,1041.122,639.14,0.57,[E2],0.0069,0.9931472837421791,5.0819,IAEA LiveChart ENSDF adopted gammas,2026-08-13
152sm,62,152,1680.56,963.358,716.84,1.33,[M1 E2],0.007,0.99304865938431,5.0819,IAEA LiveChart ENSDF adopted gammas,2026-08-13
152sm,62,152,1680.56,810.453,870.14,100.0,[E1],0.0013,0.9987016878058523,5.0819,IAEA LiveChart ENSDF adopted gammas,2026-08-13
152sm,62,152,1680.56,684.751,995.84,73.0,[E1],0.001,0.9990009990009991,5.0819,IAEA LiveChart ENSDF adopted gammas,2026-08-13
152sm,62,152,1680.56,121.7818,1558.74,9.0,[E1],0.00072,0.9992805180270204,5.0819,IAEA LiveChart ENSDF adopted gammas,2026-08-13
152sm,62,152,1680.56,0,1680.62,6.2,[E1],0.00076,0.9992405771613573,5.0819,IAEA LiveChart ENSDF adopted gammas,2026-08-13
152sm,62,152,1682.07,366.4793,1315.49,100.0,,,,5.0819,IAEA LiveChart ENSDF adopted gammas,2026-08-13
152sm,62,152,1728.27,1505.77,222.89,1.15,,,,5.0819,IAEA LiveChart ENSDF adopted gammas,2026-08-13
152sm,62,152,1728.27,1371.735,356.56,8.0,,,,5.0819,IAEA LiveChart ENSDF adopted gammas,2026-08-13
152sm,62,152,1728.27,1221.64,506.6,6.91,,,,5.0819,IAEA LiveChart ENSDF adopted gammas,2026-08-13
152sm,62,152,1728.27,706.928,1021.41,100.0,M1+E2,0.00284,0.9971680427585657,5.0819,IAEA LiveChart ENSDF adopted gammas,2026-08-13
152sm,62,152,1728.27,366.4793,1361.7,20.6,,,,5.0819,IAEA LiveChart ENSDF adopted gammas,2026-08-13
152sm,62,152,1730.205,1371.735,358.48,6.4,[E1],0.0095,0.9905894006934125,5.0819,IAEA LiveChart ENSDF adopted gammas,2026-08-13
152sm,62,152,1730.205,1233.863,496.56,23.0,[E1],0.0044,0.9956192751891677,5.0819,IAEA LiveChart ENSDF adopted gammas,2026-08-13
152sm,62,152,1730.205,1085.841,644.39,26.5,[E1],0.0025,0.9975062344139651,5.0819,IAEA LiveChart ENSDF adopted gammas,2026-08-13
152sm,62,152,1730.205,1022.97,707.15,5.5,[E1],0.002,0.998003992015968,5.0819,IAEA LiveChart ENSDF adopted gammas,2026-08-13
152sm,62,152,1730.205,963.358,766.84,2.7,[E2],0.0045,0.9955201592832256,5.0819,IAEA LiveChart ENSDF adopted gammas,2026-08-13
152sm,62,152,1730.205,810.453,919.74,25.1,[E1],0.0012,0.998801438274071,5.0819,IAEA LiveChart ENSDF adopted gammas,2026-08-13
152sm,62,152,1730.205,366.4793,1363.78,100.0,(E1),0.0007,0.99930048965724,5.0819,IAEA LiveChart ENSDF adopted gammas,2026-08-13
152sm,62,152,1730.205,121.7818,1608.36,20.9,E1,0.00074,0.9992605471950757,5.0819,IAEA LiveChart ENSDF adopted gammas,2026-08-13
152sm,62,152,1754.98,963.358,791.67,100.0,,,,5.0819,IAEA LiveChart ENSDF adopted gammas,2026-08-13
152sm,62,152,1754.98,810.453,944.8,6.3,,,,5.0819,IAEA LiveChart ENSDF adopted gammas,2026-08-13
152sm,62,152,1757.001,1371.735,385.61,22.7,,,,5.0819,IAEA LiveChart ENSDF adopted gammas,2026-08-13
152sm,62,152,1757.001,1292.773,464.28,1.8,,,,5.0819,IAEA LiveChart ENSDF adopted gammas,2026-08-13
152sm,62,152,1757.001,1233.863,523.13,62.5,,,,5.0819,IAEA LiveChart ENSDF adopted gammas,2026-08-13
152sm,62,152,1757.001,1085.841,671.155,100.0,,,,5.0819,IAEA LiveChart ENSDF adopted gammas,2026-08-13
152sm,62,152,1757.001,1022.97,734.12,3.7,,,,5.0819,IAEA LiveChart ENSDF adopted gammas,2026-08-13
152sm,62,152,1757.001,810.453,946.5,4.5,,,,5.0819,IAEA LiveChart ENSDF adopted gammas,2026-08-13
152sm,62,152,1757.001,706.928,1050.1,2.9,,,,5.0819,IAEA LiveChart ENSDF adopted gammas,2026-08-13
152sm,62,152,1757.001,366.4793,1390.5,17.4,,,,5.0819,IAEA LiveChart ENSDF adopted gammas,2026-08-13
152sm,62,152,1757.001,121.7818,1635.38,0.66,,,,5.0819,IAEA LiveChart ENSDF adopted gammas,2026-08-13
152sm,62,152,1764.32,706.928,1057.36,100.0,[E1],0.00093,0.9990708640963902,5.0819,IAEA LiveChart ENSDF adopted gammas,2026-08-13
152sm,62,152,1764.32,366.4793,1397.88,82.0,[E1],0.0007,0.99930048965724,5.0819,IAEA LiveChart ENSDF adopted gammas,2026-08-13
152sm,62,152,1769.132,1529.802,239.33,27.0,[E1],0.026,0.9746588693957114,5.0819,IAEA LiveChart ENSDF adopted gammas,2026-08-13
152sm,62,152,1769.132,1371.735,397.75,1.9,[E2],,,5.0819,IAEA LiveChart ENSDF adopted gammas,2026-08-13
152sm,62,152,1769.132,1292.773,476.43,8.6,[M1 E2],,,5.0819,IAEA LiveChart ENSDF adopted gammas,2026-08-13
152sm,62,152,1769.132,1233.863,535.44,8.8,[M1 E2],,,5.0819,IAEA LiveChart ENSDF adopted gammas,2026-08-13
152sm,62,152,1769.132,1085.841,683.25,24.1,[M1 E2],,,5.0819,IAEA LiveChart ENSDF adopted gammas,2026-08-13
152sm,62,152,1769.132,1041.122,728.03,56.5,[E1],,,5.0819,IAEA LiveChart ENSDF adopted gammas,2026-08-13
152sm,62,152,1769.132,963.358,805.71,77.0,[E1],,,5.0819,IAEA LiveChart ENSDF adopted gammas,2026-08-13
152sm,62,152,1769.132,810.453,958.63,100.0,[M1 E2],,,5.0819,IAEA LiveChart ENSDF adopted gammas,2026-08-13
152sm,62,152,1769.132,684.751,1084.36,54.0,[E2],,,5.0819,IAEA LiveChart ENSDF adopted gammas,2026-08-13
152sm,62,152,1769.132,121.7818,1647.44,36.9,E2(+M1),0.00117,0.9988313673002588,5.0819,IAEA LiveChart ENSDF adopted gammas,2026-08-13
152sm,62,152,1769.132,0,1769.09,47.3,E2,0.00099,0.9990109791306606,5.0819,IAEA LiveChart ENSDF adopted gammas,2026-08-13
152sm,62,152,1776.56,1041.122,735.43,100.0,D E2,,,5.0819,IAEA LiveChart ENSDF adopted gammas,2026-08-13
152sm,62,152,1776.56,963.358,813.2,93.0,D E2,,,5.0819,IAEA LiveChart ENSDF adopted gammas,2026-08-13
152sm,62,152,1779.119,1041.122,737.84,11.2,[M1 E2],0.0065,0.9935419771485345,5.0819,IAEA LiveChart ENSDF adopted gammas,2026-08-13
152sm,62,152,1779.119,1022.97,756.16,56.0,[E1],0.0018,0.9982032341784787,5.0819,IAEA LiveChart ENSDF adopted gammas,2026-08-13
152sm,62,152,1779.119,810.453,968.64,100.0,[E1],0.0011,0.9989012086704624,5.0819,IAEA LiveChart ENSDF adopted gammas,2026-08-13
152sm,62,152,1803.94,1371.735,432.1,5.7,,,,5.0819,IAEA LiveChart ENSDF adopted gammas,2026-08-13
152sm,62,152,1803.94,1041.122,762.2,0.7,,,,5.0819,IAEA LiveChart ENSDF adopted gammas,2026-08-13
152sm,62,152,1803.94,1022.97,780.8,14.7,,,,5.0819,IAEA LiveChart ENSDF adopted gammas,2026-08-13
152sm,62,152,1803.94,706.928,1097.1,100.0,E1,0.00087,0.9991307562420695,5.0819,IAEA LiveChart ENSDF adopted gammas,2026-08-13
152sm,62,152,1803.94,366.4793,1437.5,79.0,E1,0.0007,0.99930048965724,5.0819,IAEA LiveChart ENSDF adopted gammas,2026-08-13
152sm,62,152,1822.03,1233.863,588.6,16.0,,,,5.0819,IAEA LiveChart ENSDF adopted gammas,2026-08-13
152sm,62,152,1822.03,1041.122,780.9,16.3,,,,5.0819,IAEA LiveChart ENSDF adopted gammas,2026-08-13
152sm,62,152,1822.03,366.4793,1455.1,100.0,,,,5.0819,IAEA LiveChart ENSDF adopted gammas,2026-08-13
152sm,62,152,1879.14,1609.26,269.8,15.0,,,,5.0819,IAEA LiveChart ENSDF adopted gammas,2026-08-13
152sm,62,152,1879.14,1505.77,373.7,0.7,,,,5.0819,IAEA LiveChart ENSDF adopted gammas,2026-08-13
152sm,62,152,1879.14,1125.39,753.83,100.0,E1,,,5.0819,IAEA LiveChart ENSDF adopted gammas,2026-08-13
152sm,62,152,1891.06,1757.001,134.73,56.0,,,,5.0819,IAEA LiveChart ENSDF adopted gammas,2026-08-13
152sm,62,152,1891.06,1559.62,331.5,65.0,,,,5.0819,IAEA LiveChart ENSDF adopted gammas,2026-08-13
152sm,62,152,1891.06,1371.735,519.9,100.0,,,,5.0819,IAEA LiveChart ENSDF adopted gammas,2026-08-13
152sm,62,152,1891.06,1233.863,657.39,85.0,,,,5.0819,IAEA LiveChart ENSDF adopted gammas,2026-08-13
152sm,62,152,1892.48,963.358,929.12,100.0,,,,5.0819,IAEA LiveChart ENSDF adopted gammas,2026-08-13
152sm,62,152,1892.48,810.453,1080.7,40.0,,,,5.0819,IAEA LiveChart ENSDF adopted gammas,2026-08-13
152sm,62,152,1906.13,1233.863,672.5,2.8,,,,5.0819,IAEA LiveChart ENSDF adopted gammas,2026-08-13
152sm,62,152,1906.13,963.358,942.85,8.5,,,,5.0819,IAEA LiveChart ENSDF adopted gammas,2026-08-13
152sm,62,152,1906.13,121.7818,1784.27,100.0,,,,5.0819,IAEA LiveChart ENSDF adopted gammas,2026-08-13
152sm,62,152,1907.73,1085.841,821.0,22.0,,,,5.0819,IAEA LiveChart ENSDF adopted gammas,2026-08-13
152sm,62,152,1907.73,1022.97,884.76,21.6,,,,5.0819,IAEA LiveChart ENSDF adopted gammas,2026-08-13
152sm,62,152,1907.73,810.453,1096.95,98.0,,,,5.0819,IAEA LiveChart ENSDF adopted gammas,2026-08-13
152sm,62,152,1907.73,366.4793,1541.24,60.0,,,,5.0819,IAEA LiveChart ENSDF adopted gammas,2026-08-13
152sm,62,152,1907.73,121.7818,1785.97,100.0,,,,5.0819,IAEA LiveChart ENSDF adopted gammas,2026-08-13
152sm,62,152,1920.46,1803.94,116.51,66.0,M1+E2,1.104,0.47528517110266155,5.0819,IAEA LiveChart ENSDF adopted gammas,2026-08-13
152sm,62,152,1920.46,1559.62,360.9,100.0,,,,5.0819,IAEA LiveChart ENSDF adopted gammas,2026-08-13
152sm,62,152,1920.46,706.928,1213.4,38.0,,,,5.0819,IAEA LiveChart ENSDF adopted gammas,2026-08-13
152sm,62,152,1929.93,1559.62,370.24,23.1,E1,0.00873,0.9913455533195207,5.0819,IAEA LiveChart ENSDF adopted gammas,2026-08-13
152sm,62,152,1929.93,706.928,1223.16,100.0,,,,5.0819,IAEA LiveChart ENSDF adopted gammas,2026-08-13
152sm,62,152,1944.61,1082.842,861.7,7.0,,,,5.0819,IAEA LiveChart ENSDF adopted gammas,2026-08-13
152sm,62,152,1944.61,1041.122,903.5,50.0,,,,5.0819,IAEA LiveChart ENSDF adopted gammas,2026-08-13
152sm,62,152,1944.61,963.358,981.24,100.0,,,,5.0819,IAEA LiveChart ENSDF adopted gammas,2026-08-13
152sm,62,152,1945.1,1292.773,652.31,67.0,,,,5.0819,IAEA LiveChart ENSDF adopted gammas,2026-08-13
152sm,62,152,1945.1,684.751,1260.41,100.0,,,,5.0819,IAEA LiveChart ENSDF adopted gammas,2026-08-13
152sm,62,152,1945.9,1728.27,217.6,7.6,,,,5.0819,IAEA LiveChart ENSDF adopted gammas,2026-08-13
152sm,62,152,1945.9,1559.62,386.2,19.6,,,,5.0819,IAEA LiveChart ENSDF adopted gammas,2026-08-13
152sm,62,152,1945.9,1125.39,820.6,48.1,M1+E2,0.0045,0.9955201592832256,5.0819,IAEA LiveChart ENSDF adopted gammas,2026-08-13
152sm,62,152,1945.9,706.928,1238.9,100.0,M1+E2,0.00181,0.9981932701809724,5.0819,IAEA LiveChart ENSDF adopted gammas,2026-08-13
152sm,62,152,1954.3,1221.64,732.66,70.0,,,,5.0819,IAEA LiveChart ENSDF adopted gammas,2026-08-13
152sm,62,152,1954.3,1041.122,913.17,100.0,,,,5.0819,IAEA LiveChart ENSDF adopted gammas,2026-08-13
152sm,62,152,1977.19,1310.505,667.5,50.0,,,,5.0819,IAEA LiveChart ENSDF adopted gammas,2026-08-13
152sm,62,152,1977.19,1221.64,755.5,48.0,,,,5.0819,IAEA LiveChart ENSDF adopted gammas,2026-08-13
152sm,62,152,1977.19,1022.97,953.8,100.0,,,,5.0819,IAEA LiveChart ENSDF adopted gammas,2026-08-13
152sm,62,152,2003.66,810.453,1193.2,100.0,,,,5.0819,IAEA LiveChart ENSDF adopted gammas,2026-08-13
152sm,62,152,2004.24,1612.9,391.27,58.8,,,,5.0819,IAEA LiveChart ENSDF adopted gammas,2026-08-13
152sm,62,152,2004.24,1559.62,444.99,9.3,,,,5.0819,IAEA LiveChart ENSDF adopted gammas,2026-08-13
152sm,62,152,2004.24,1310.505,693.98,35.0,,,,5.0819,IAEA LiveChart ENSDF adopted gammas,2026-08-13
152sm,62,152,2004.24,1221.64,782.37,20.4,,,,5.0819,IAEA LiveChart ENSDF adopted gammas,2026-08-13
152sm,62,152,2004.24,1125.39,879.0,47.2,,,,5.0819,IAEA LiveChart ENSDF adopted gammas,2026-08-13
152sm,62,152,2004.24,1022.97,982.3,17.0,,,,5.0819,IAEA LiveChart ENSDF adopted gammas,2026-08-13
152sm,62,152,2004.24,706.928,1297.4,110.0,,,,5.0819,IAEA LiveChart ENSDF adopted gammas,2026-08-13
152sm,62,152,2004.24,366.4793,1637.43,100.0,,,,5.0819,IAEA LiveChart ENSDF adopted gammas,2026-08-13
152sm,62,152,2004.29,1125.39,879.02,71.0,,,,5.0819,IAEA LiveChart ENSDF adopted gammas,2026-08-13
152sm,62,152,2004.29,706.928,1297.29,100.0,E1,0.00072,0.9992805180270204,5.0819,IAEA LiveChart ENSDF adopted gammas,2026-08-13
152sm,62,152,2011.55,1221.64,789.96,86.0,,,,5.0819,IAEA LiveChart ENSDF adopted gammas,2026-08-13
152sm,62,152,2011.55,1041.122,970.38,100.0,,,,5.0819,IAEA LiveChart ENSDF adopted gammas,2026-08-13
152sm,62,152,2011.84,1022.97,989.08,13.1,,,,5.0819,IAEA LiveChart ENSDF adopted gammas,2026-08-13
152sm,62,152,2011.84,810.453,1201.7,6.0,,,,5.0819,IAEA LiveChart ENSDF adopted gammas,2026-08-13
152sm,62,152,2011.84,366.4793,1645.3,100.0,,,,5.0819,IAEA LiveChart ENSDF adopted gammas,2026-08-13
152sm,62,152,2011.84,121.7818,1889.95,50.0,,,,5.0819,IAEA LiveChart ENSDF adopted gammas,2026-08-13
152sm,62,152,2038.37,810.453,1227.96,100.0,,,,5.0819,IAEA LiveChart ENSDF adopted gammas,2026-08-13
152sm,62,152,2038.37,684.751,1352.97,30.0,,,,5.0819,IAEA LiveChart ENSDF adopted gammas,2026-08-13
152sm,62,152,2040.09,1891.06,149.06,41.0,,,,5.0819,IAEA LiveChart ENSDF adopted gammas,2026-08-13
152sm,62,152,2040.09,1757.001,283.94,27.0,,,,5.0819,IAEA LiveChart ENSDF adopted gammas,2026-08-13
152sm,62,152,2040.09,1221.64,818.8,30.0,,,,5.0819,IAEA LiveChart ENSDF adopted gammas,2026-08-13
152sm,62,152,2040.09,706.928,1333.11,100.0,,,,5.0819,IAEA LiveChart ENSDF adopted gammas,2026-08-13
152sm,62,152,2042.79,963.358,1079.43,100.0,,,,5.0819,IAEA LiveChart ENSDF adopted gammas,2026-08-13
152sm,62,152,2042.79,810.453,1234.0,10.0,,,,5.0819,IAEA LiveChart ENSDF adopted gammas,2026-08-13
152sm,62,152,2042.79,121.7818,1921.6,3.0,,,,5.0819,IAEA LiveChart ENSDF adopted gammas,2026-08-13
152sm,62,152,2044.45,1233.863,810.2,100.0,,,,5.0819,IAEA LiveChart ENSDF adopted gammas,2026-08-13
152sm,62,152,2044.45,1022.97,1021.4,28.0,,,,5.0819,IAEA LiveChart ENSDF adopted gammas,2026-08-13
152sm,62,152,2044.45,810.453,1234.2,68.0,,,,5.0819,IAEA LiveChart ENSDF adopted gammas,2026-08-13
152sm,62,152,2044.45,366.4793,1677.6,9.0,,,,5.0819,IAEA LiveChart ENSDF adopted gammas,2026-08-13
152sm,62,152,2046.16,1559.62,486.2,100.0,,,,5.0819,IAEA LiveChart ENSDF adopted gammas,2026-08-13
152sm,62,152,2046.16,706.928,1339.33,89.0,,,,5.0819,IAEA LiveChart ENSDF adopted gammas,2026-08-13
152sm,62,152,2051.83,1233.863,817.8,100.0,,,,5.0819,IAEA LiveChart ENSDF adopted gammas,2026-08-13
152sm,62,152,2051.83,1085.841,965.0,57.0,,,,5.0819,IAEA LiveChart ENSDF adopted gammas,2026-08-13
152sm,62,152,2057.52,1920.46,137.08,100.0,M1+E2,0.692,0.5910165484633569,5.0819,IAEA LiveChart ENSDF adopted gammas,2026-08-13
152sm,62,152,2057.52,1803.94,253.2,17.0,,,,5.0819,IAEA LiveChart ENSDF adopted gammas,2026-08-13
152sm,62,152,2057.52,1728.27,329.4,13.9,,,,5.0819,IAEA LiveChart ENSDF adopted gammas,2026-08-13
152sm,62,152,2057.52,1310.505,747.1,17.0,,,,5.0819,IAEA LiveChart ENSDF adopted gammas,2026-08-13
152sm,62,152,2057.52,1125.39,931.9,65.0,,,,5.0819,IAEA LiveChart ENSDF adopted gammas,2026-08-13
152sm,62,152,2057.52,706.928,1350.9,43.0,,,,5.0819,IAEA LiveChart ENSDF adopted gammas,2026-08-13
152sm,62,152,2070.83,1221.64,849.14,61.0,,,,5.0819,IAEA LiveChart ENSDF adopted gammas,2026-08-13
152sm,62,152,2070.83,1041.122,1030.21,100.0,,,,5.0819,IAEA LiveChart ENSDF adopted gammas,2026-08-13
152sm,62,152,2079.57,1879.14,200.52,11.9,,,,5.0819,IAEA LiveChart ENSDF adopted gammas,2026-08-13
152sm,62,152,2079.57,1666.45,413.11,100.0,E2,0.0217,0.9787608887148869,5.0819,IAEA LiveChart ENSDF adopted gammas,2026-08-13
152sm,62,152,2079.57,1609.26,470.36,10.0,M1,0.0251,0.97551458394303,5.0819,IAEA LiveChart ENSDF adopted gammas,2026-08-13
152sm,62,152,2079.57,1125.39,953.84,8.5,,,,5.0819,IAEA LiveChart ENSDF adopted gammas,2026-08-13
152sm,62,152,2091.21,1041.122,1050.1,100.0,,,,5.0819,IAEA LiveChart ENSDF adopted gammas,2026-08-13
152sm,62,152,2091.21,963.358,1127.84,82.0,,,,5.0819,IAEA LiveChart ENSDF adopted gammas,2026-08-13
152sm,62,152,2120.98,2057.52,63.51,67.0,[M1 E2],10.0,0.09090909090909091,5.0819,IAEA LiveChart ENSDF adopted gammas,2026-08-13
152sm,62,152,2120.98,1920.46,200.6,100.0,[M1 E2],0.223,0.8176614881439084,5.0819,IAEA LiveChart ENSDF adopted gammas,2026-08-13
152sm,62,152,2127.17,1510.79,616.0,8.0,,,,5.0819,IAEA LiveChart ENSDF adopted gammas,2026-08-13
152sm,62,152,2127.17,810.453,1317.4,100.0,,,,5.0819,IAEA LiveChart ENSDF adopted gammas,2026-08-13
152sm,62,152,2127.17,121.7818,2005.38,85.0,,,,5.0819,IAEA LiveChart ENSDF adopted gammas,2026-08-13
152sm,62,152,2138.17,1041.122,1096.96,100.0,,,,5.0819,IAEA LiveChart ENSDF adopted gammas,2026-08-13
152sm,62,152,2138.17,1022.97,1116.9,15.9,,,,5.0819,IAEA LiveChart ENSDF adopted gammas,2026-08-13
152sm,62,152,2138.17,810.453,1327.7,15.0,,,,5.0819,IAEA LiveChart ENSDF adopted gammas,2026-08-13
152sm,62,152,2138.17,684.751,1454.0,7.0,,,,5.0819,IAEA LiveChart ENSDF adopted gammas,2026-08-13
152sm,62,152,2139.71,1879.14,260.6,1.12,,,,5.0819,IAEA LiveChart ENSDF adopted gammas,2026-08-13
152sm,62,152,2139.71,1728.27,411.65,16.0,,,,5.0819,IAEA LiveChart ENSDF adopted gammas,2026-08-13
152sm,62,152,2139.71,1505.77,633.85,19.4,,,,5.0819,IAEA LiveChart ENSDF adopted gammas,2026-08-13
152sm,62,152,2139.71,1125.39,1014.28,100.0,,,,5.0819,IAEA LiveChart ENSDF adopted gammas,2026-08-13
152sm,62,152,2139.71,706.928,1432.93,8.9,,,,5.0819,IAEA LiveChart ENSDF adopted gammas,2026-08-13
152sm,62,152,2172.6,1529.802,642.8,67.0,,,,5.0819,IAEA LiveChart ENSDF adopted gammas,2026-08-13
152sm,62,152,2172.6,1510.79,661.7,100.0,,,,5.0819,IAEA LiveChart ENSDF adopted gammas,2026-08-13
152sm,62,152,2172.6,684.751,1488.1,13.0,,,,5.0819,IAEA LiveChart ENSDF adopted gammas,2026-08-13
152sm,62,152,2176.62,1666.45,510.0,21.0,,,,5.0819,IAEA LiveChart ENSDF adopted gammas,2026-08-13
152sm,62,152,2176.62,1505.77,670.7,31.0,,,,5.0819,IAEA LiveChart ENSDF adopted gammas,2026-08-13
152sm,62,152,2176.62,1310.505,866.2,38.0,,,,5.0819,IAEA LiveChart ENSDF adopted gammas,2026-08-13
152sm,62,152,2176.62,1221.64,955.03,100.0,,,,5.0819,IAEA LiveChart ENSDF adopted gammas,2026-08-13
152sm,62,152,2201.47,1945.9,255.6,100.0,E1,0.0222,0.9782821365681863,5.0819,IAEA LiveChart ENSDF adopted gammas,2026-08-13
152sm,62,152,2201.47,1930.17,271.3,18.0,,,,5.0819,IAEA LiveChart ENSDF adopted gammas,2026-08-13
152sm,62,152,2201.47,1879.14,322.2,6.1,,,,5.0819,IAEA LiveChart ENSDF adopted gammas,2026-08-13
152sm,62,152,2201.47,1125.39,1075.0,7.0,,,,5.0819,IAEA LiveChart ENSDF adopted gammas,2026-08-13
152sm,62,152,2214.98,2057.52,157.3,100.0,M1+E2,0.469,0.6807351940095303,5.0819,IAEA LiveChart ENSDF adopted gammas,2026-08-13
152sm,62,152,2214.98,1945.9,269.0,73.0,,,,5.0819,IAEA LiveChart ENSDF adopted gammas,2026-08-13
152sm,62,152,2214.98,1920.46,294.4,89.0,E2,0.0596,0.9437523593808984,5.0819,IAEA LiveChart ENSDF adopted gammas,2026-08-13
152sm,62,152,2227.71,1505.77,722.3,55.0,,,,5.0819,IAEA LiveChart ENSDF adopted gammas,2026-08-13
152sm,62,152,2227.71,1221.64,1005.7,100.0,,,,5.0819,IAEA LiveChart ENSDF adopted gammas,2026-08-13
152sm,62,152,2237.3,1510.79,727.1,67.0,,,,5.0819,IAEA LiveChart ENSDF adopted gammas,2026-08-13
152sm,62,152,2237.3,963.358,1274.4,100.0,,,,5.0819,IAEA LiveChart ENSDF adopted gammas,2026-08-13
152sm,62,152,2237.3,121.7818,2114.2,67.0,,,,5.0819,IAEA LiveChart ENSDF adopted gammas,2026-08-13
152sm,62,152,2239.8,366.4793,1873.1,8.0,,,,5.0819,IAEA LiveChart ENSDF adopted gammas,2026-08-13
152sm,62,152,2239.8,121.7818,2118.0,100.0,,,,5.0819,IAEA LiveChart ENSDF adopted gammas,2026-08-13
152sm,62,152,2239.8,0,2239.7,31.0,,,,5.0819,IAEA LiveChart ENSDF adopted gammas,2026-08-13
152sm,62,152,2263.9,1125.39,1138.3,45.0,,,,5.0819,IAEA LiveChart ENSDF adopted gammas,2026-08-13
152sm,62,152,2263.9,706.928,1557.1,100.0,,,,5.0819,IAEA LiveChart ENSDF adopted gammas,2026-08-13
152sm,62,152,2290.37,1666.45,623.9,52.1,,,,5.0819,IAEA LiveChart ENSDF adopted gammas,2026-08-13
152sm,62,152,2290.37,1609.26,681.6,49.0,D+Q,,,5.0819,IAEA LiveChart ENSDF adopted gammas,2026-08-13
152sm,62,152,2290.37,1505.77,783.9,7.5,,,,5.0819,IAEA LiveChart ENSDF adopted gammas,2026-08-13
152sm,62,152,2290.37,1125.39,1165.0,100.0,E1,0.00079,0.9992106236073501,5.0819,IAEA LiveChart ENSDF adopted gammas,2026-08-13
152sm,62,152,2295.3,1041.122,1253.2,100.0,,,,5.0819,IAEA LiveChart ENSDF adopted gammas,2026-08-13
152sm,62,152,2295.3,963.358,1332.0,75.0,,,,5.0819,IAEA LiveChart ENSDF adopted gammas,2026-08-13
152sm,62,152,2295.3,121.7818,2175.0,100.0,,,,5.0819,IAEA LiveChart ENSDF adopted gammas,2026-08-13
152sm,62,152,2308.9,121.7818,2187.0,100.0,,,,5.0819,IAEA LiveChart ENSDF adopted gammas,2026-08-13
152sm,62,152,2308.9,0,2309.1,80.0,,,,5.0819,IAEA LiveChart ENSDF adopted gammas,2026-08-13
152sm,62,152,2320.35,1803.94,516.3,100.0,,,,5.0819,IAEA LiveChart ENSDF adopted gammas,2026-08-13
152sm,62,152,2320.35,1022.97,1297.8,7.0,,,,5.0819,IAEA LiveChart ENSDF adopted gammas,2026-08-13
152sm,62,152,2320.35,706.928,1613.4,13.0,,,,5.0819,IAEA LiveChart ENSDF adopted gammas,2026-08-13
152sm,62,152,2320.35,366.4793,1953.7,30.0,,,,5.0819,IAEA LiveChart ENSDF adopted gammas,2026-08-13
152sm,62,152,2326.94,1879.14,448.18,5.4,,,,5.0819,IAEA LiveChart ENSDF adopted gammas,2026-08-13
152sm,62,152,2326.94,1609.26,717.78,100.0,E1,0.00198,0.9980239126529471,5.0819,IAEA LiveChart ENSDF adopted gammas,2026-08-13
152sm,62,152,2348.76,1666.45,682.11,55.9,,,,5.0819,IAEA LiveChart ENSDF adopted gammas,2026-08-13
152sm,62,152,2348.76,1505.77,843.36,31.2,,,,5.0819,IAEA LiveChart ENSDF adopted gammas,2026-08-13
152sm,62,152,2348.76,1125.39,1223.47,100.0,,,,5.0819,IAEA LiveChart ENSDF adopted gammas,2026-08-13
152sm,62,152,2367.3,1041.122,1326.4,60.0,,,,5.0819,IAEA LiveChart ENSDF adopted gammas,2026-08-13
152sm,62,152,2367.3,963.358,1403.0,100.0,,,,5.0819,IAEA LiveChart ENSDF adopted gammas,2026-08-13
152sm,62,152,2375.49,2201.2,174.28,23.5,,,,5.0819,IAEA LiveChart ENSDF adopted gammas,2026-08-13
152sm,62,152,2375.49,2139.71,235.8,33.0,,,,5.0819,IAEA LiveChart ENSDF adopted gammas,2026-08-13
152sm,62,152,2375.49,1946.15,429.35,61.0,,,,5.0819,IAEA LiveChart ENSDF adopted gammas,2026-08-13
152sm,62,152,2375.49,1609.26,766.3,40.0,M1+E2,0.006,0.9940357852882704,5.0819,IAEA LiveChart ENSDF adopted gammas,2026-08-13
152sm,62,152,2375.49,1125.39,1250.25,100.0,,,,5.0819,IAEA LiveChart ENSDF adopted gammas,2026-08-13
152sm,62,152,2388.79,2214.98,173.8,100.0,,,,5.0819,IAEA LiveChart ENSDF adopted gammas,2026-08-13
152sm,62,152,2388.79,2201.47,187.6,100.0,,,,5.0819,IAEA LiveChart ENSDF adopted gammas,2026-08-13
152sm,62,152,2388.79,2057.52,331.3,33.0,,,,5.0819,IAEA LiveChart ENSDF adopted gammas,2026-08-13
152sm,62,152,2388.79,1666.45,721.9,100.0,,,,5.0819,IAEA LiveChart ENSDF adopted gammas,2026-08-13
152sm,62,152,2402.23,1757.001,645.7,100.0,,,,5.0819,IAEA LiveChart ENSDF adopted gammas,2026-08-13
152sm,62,152,2402.23,810.453,1591.6,12.0,,,,5.0819,IAEA LiveChart ENSDF adopted gammas,2026-08-13
152sm,62,152,2402.23,121.7818,2280.2,9.0,,,,5.0819,IAEA LiveChart ENSDF adopted gammas,2026-08-13
152sm,62,152,2424.36,2269.87,154.6,100.0,M1+E2,0.493,0.6697923643670463,5.0819,IAEA LiveChart ENSDF adopted gammas,2026-08-13
152sm,62,152,2424.36,2120.98,303.5,38.0,,,,5.0819,IAEA LiveChart ENSDF adopted gammas,2026-08-13
152sm,62,152,2445.9,1879.14,567.1,9.4,,,,5.0819,IAEA LiveChart ENSDF adopted gammas,2026-08-13
152sm,62,152,2445.9,1666.45,779.97,43.0,,,,5.0819,IAEA LiveChart ENSDF adopted gammas,2026-08-13
152sm,62,152,2445.9,1505.77,939.8,100.0,,,,5.0819,IAEA LiveChart ENSDF adopted gammas,2026-08-13
152sm,62,152,2506.29,1879.14,628.4,20.0,,,,5.0819,IAEA LiveChart ENSDF adopted gammas,2026-08-13
152sm,62,152,2506.29,1505.77,1000.5,100.0,,,,5.0819,IAEA LiveChart ENSDF adopted gammas,2026-08-13
152sm,62,152,2510.4,121.7818,2388.8,106.0,[E1],0.00108,0.9989211651416471,5.0819,IAEA LiveChart ENSDF adopted gammas,2026-08-13
152sm,62,152,2510.4,0,2510.6,100.0,[E1],0.00114,0.9988612981201431,5.0819,IAEA LiveChart ENSDF adopted gammas,2026-08-13
152sm,62,152,2510.59,2375.49,135.13,77.0,E1,0.1216,0.891583452211127,5.0819,IAEA LiveChart ENSDF adopted gammas,2026-08-13
152sm,62,152,2510.59,2201.47,309.0,100.0,E2,0.0513,0.9512032721392563,5.0819,IAEA LiveChart ENSDF adopted gammas,2026-08-13
152sm,62,152,2510.59,1879.14,631.5,42.0,,,,5.0819,IAEA LiveChart ENSDF adopted gammas,2026-08-13
152sm,62,152,2517.41,1879.14,638.0,38.0,,,,5.0819,IAEA LiveChart ENSDF adopted gammas,2026-08-13
152sm,62,152,2517.41,1609.26,908.62,100.0,,,,5.0819,IAEA LiveChart ENSDF adopted gammas,2026-08-13
152sm,62,152,2525.69,2326.94,198.83,8.9,,,,5.0819,IAEA LiveChart ENSDF adopted gammas,2026-08-13
152sm,62,152,2525.69,2148.81,376.7,4.6,,,,5.0819,IAEA LiveChart ENSDF adopted gammas,2026-08-13
152sm,62,152,2525.69,2079.57,446.13,100.0,E2,0.01748,0.9828203011361403,5.0819,IAEA LiveChart ENSDF adopted gammas,2026-08-13
152sm,62,152,2525.69,1609.26,916.3,7.3,,,,5.0819,IAEA LiveChart ENSDF adopted gammas,2026-08-13
152sm,62,152,2541.6,121.7818,2419.8,62.0,[M1],,,5.0819,IAEA LiveChart ENSDF adopted gammas,2026-08-13
152sm,62,152,2541.6,0,2541.6,100.0,[M1],,,5.0819,IAEA LiveChart ENSDF adopted gammas,2026-08-13
152sm,62,152,2567.06,706.928,1859.8,33.0,,,,5.0819,IAEA LiveChart ENSDF adopted gammas,2026-08-13
152sm,62,152,2567.06,366.4793,2200.7,100.0,,,,5.0819,IAEA LiveChart ENSDF adopted gammas,2026-08-13
152sm,62,152,2576.29,2424.36,152.1,93.0,M1(+E2),0.515,0.6600660066006601,5.0819,IAEA LiveChart ENSDF adopted gammas,2026-08-13
152sm,62,152,2576.29,2388.79,187.6,250.0,,,,5.0819,IAEA LiveChart ENSDF adopted gammas,2026-08-13
152sm,62,152,2576.29,2214.98,361.0,100.0,,,,5.0819,IAEA LiveChart ENSDF adopted gammas,2026-08-13
152sm,62,152,2589.02,2003.66,584.8,100.0,,,,5.0819,IAEA LiveChart ENSDF adopted gammas,2026-08-13
152sm,62,152,2589.02,706.928,1881.8,23.0,,,,5.0819,IAEA LiveChart ENSDF adopted gammas,2026-08-13
152sm,62,152,2590.68,2424.36,166.2,44.0,M1(+E2),0.402,0.7132667617689015,5.0819,IAEA LiveChart ENSDF adopted gammas,2026-08-13
152sm,62,152,2590.68,2388.79,202.0,80.0,,,,5.0819,IAEA LiveChart ENSDF adopted gammas,2026-08-13
152sm,62,152,2590.68,2269.87,320.9,17.0,,,,5.0819,IAEA LiveChart ENSDF adopted gammas,2026-08-13
152sm,62,152,2590.68,2214.98,375.5,100.0,,,,5.0819,IAEA LiveChart ENSDF adopted gammas,2026-08-13
152sm,62,152,2599.36,1879.14,719.56,68.0,,,,5.0819,IAEA LiveChart ENSDF adopted gammas,2026-08-13
152sm,62,152,2599.36,1505.77,1094.37,100.0,,,,5.0819,IAEA LiveChart ENSDF adopted gammas,2026-08-13
152sm,62,152,2599.36,1125.39,1474.1,83.0,,,,5.0819,IAEA LiveChart ENSDF adopted gammas,2026-08-13
152sm,62,152,2599.36,706.928,1892.4,76.0,,,,5.0819,IAEA LiveChart ENSDF adopted gammas,2026-08-13
152sm,62,152,2641.09,2326.94,314.3,81.0,(M1+E2),0.06,0.9433962264150942,5.0819,IAEA LiveChart ENSDF adopted gammas,2026-08-13
152sm,62,152,2641.09,2148.81,493.0,59.0,,,,5.0819,IAEA LiveChart ENSDF adopted gammas,2026-08-13
152sm,62,152,2641.09,2079.57,560.9,24.0,,,,5.0819,IAEA LiveChart ENSDF adopted gammas,2026-08-13
152sm,62,152,2641.09,1609.26,1031.5,100.0,E1,0.00097,0.9990309399882116,5.0819,IAEA LiveChart ENSDF adopted gammas,2026-08-13
152sm,62,152,2643.4,121.7818,2521.6,147.0,[E1],0.00114,0.9988612981201431,5.0819,IAEA LiveChart ENSDF adopted gammas,2026-08-13
152sm,62,152,2643.4,0,2643.4,100.0,[E1],0.0012,0.998801438274071,5.0819,IAEA LiveChart ENSDF adopted gammas,2026-08-13
152sm,62,152,2662.47,2290.37,372.11,53.3,,,,5.0819,IAEA LiveChart ENSDF adopted gammas,2026-08-13
152sm,62,152,2662.47,2139.71,522.78,62.1,,,,5.0819,IAEA LiveChart ENSDF adopted gammas,2026-08-13
152sm,62,152,2662.47,2079.57,583.04,100.0,,,,5.0819,IAEA LiveChart ENSDF adopted gammas,2026-08-13
152sm,62,152,2662.47,1609.26,1052.98,74.0,,,,5.0819,IAEA LiveChart ENSDF adopted gammas,2026-08-13
152sm,62,152,2662.47,1125.39,1536.73,52.9,,,,5.0819,IAEA LiveChart ENSDF adopted gammas,2026-08-13
152sm,62,152,2663.4,121.7818,2541.6,31.0,[M1],0.00109,0.998911186806381,5.0819,IAEA LiveChart ENSDF adopted gammas,2026-08-13
152sm,62,152,2663.4,0,2663.4,100.0,[M1],0.00111,0.9988912307338854,5.0819,IAEA LiveChart ENSDF adopted gammas,2026-08-13
152sm,62,152,2751.51,2590.68,160.8,103.0,,,,5.0819,IAEA LiveChart ENSDF adopted gammas,2026-08-13
152sm,62,152,2751.51,2576.29,175.1,102.0,,,,5.0819,IAEA LiveChart ENSDF adopted gammas,2026-08-13
152sm,62,152,2751.51,2424.36,327.3,100.0,,,,5.0819,IAEA LiveChart ENSDF adopted gammas,2026-08-13
152sm,62,152,2751.51,2388.79,362.4,67.0,,,,5.0819,IAEA LiveChart ENSDF adopted gammas,2026-08-13
152sm,62,152,2808.92,2079.57,728.48,75.0,,,,5.0819,IAEA LiveChart ENSDF adopted gammas,2026-08-13
152sm,62,152,2808.92,1879.14,930.64,100.0,,,,5.0819,IAEA LiveChart ENSDF adopted gammas,2026-08-13
152sm,62,152,2818.1,121.7818,2696.3,62.0,[M1],0.00111,0.9988912307338854,5.0819,IAEA LiveChart ENSDF adopted gammas,2026-08-13
152sm,62,152,2818.1,0,2818.1,100.0,[M1],0.00114,0.9988612981201431,5.0819,IAEA LiveChart ENSDF adopted gammas,2026-08-13
152sm,62,152,2833.3,2326.94,506.26,17.3,,,,5.0819,IAEA LiveChart ENSDF adopted gammas,2026-08-13
152sm,62,152,2833.3,2148.81,684.44,100.0,E1,0.00218,0.9978247420623041,5.0819,IAEA LiveChart ENSDF adopted gammas,2026-08-13
152sm,62,152,2841.89,2326.94,515.2,94.0,,,,5.0819,IAEA LiveChart ENSDF adopted gammas,2026-08-13
152sm,62,152,2841.89,2148.81,692.52,100.0,,,,5.0819,IAEA LiveChart ENSDF adopted gammas,2026-08-13
152sm,62,152,2887.3,121.7818,2765.5,36.0,[M1],,,5.0819,IAEA LiveChart ENSDF adopted gammas,2026-08-13
152sm,62,152,2887.3,0,2887.3,100.0,[M1],0.00115,0.998851320980872,5.0819,IAEA LiveChart ENSDF adopted gammas,2026-08-13
152sm,62,152,2891.7,121.7818,2769.9,35.0,[M1],,,5.0819,IAEA LiveChart ENSDF adopted gammas,2026-08-13
152sm,62,152,2891.7,0,2891.7,100.0,[M1],0.00116,0.9988413440409125,5.0819,IAEA LiveChart ENSDF adopted gammas,2026-08-13
152sm,62,152,2895.49,2402.23,493.3,100.0,,,,5.0819,IAEA LiveChart ENSDF adopted gammas,2026-08-13
152sm,62,152,2895.49,1371.735,1524.5,15.0,,,,5.0819,IAEA LiveChart ENSDF adopted gammas,2026-08-13
152sm,62,152,2895.49,1085.841,1810.5,38.0,,,,5.0819,IAEA LiveChart ENSDF adopted gammas,2026-08-13
152sm,62,152,2895.49,706.928,2188.6,54.0,,,,5.0819,IAEA LiveChart ENSDF adopted gammas,2026-08-13
152sm,62,152,2895.49,366.4793,2528.5,77.0,,,,5.0819,IAEA LiveChart ENSDF adopted gammas,2026-08-13
152sm,62,152,2905.17,2148.81,756.4,8.4,,,,5.0819,IAEA LiveChart ENSDF adopted gammas,2026-08-13
152sm,62,152,2905.17,1879.14,1026.48,65.0,,,,5.0819,IAEA LiveChart ENSDF adopted gammas,2026-08-13
152sm,62,152,2905.17,1609.26,1295.98,76.0,,,,5.0819,IAEA LiveChart ENSDF adopted gammas,2026-08-13
152sm,62,152,2905.17,1125.39,1779.05,100.0,,,,5.0819,IAEA LiveChart ENSDF adopted gammas,2026-08-13
152sm,62,152,2930.6,121.7818,2808.8,50.0,[M1],0.00114,0.9988612981201431,5.0819,IAEA LiveChart ENSDF adopted gammas,2026-08-13
152sm,62,152,2930.6,0,2930.6,100.0,[M1],0.00116,0.9988413440409125,5.0819,IAEA LiveChart ENSDF adopted gammas,2026-08-13
152sm,62,152,2939.3,121.7818,2817.5,48.0,[M1],0.00114,0.9988612981201431,5.0819,IAEA LiveChart ENSDF adopted gammas,2026-08-13
152sm,62,152,2939.3,0,2939.3,100.0,[M1],0.00117,0.9988313673002588,5.0819,IAEA LiveChart ENSDF adopted gammas,2026-08-13
152sm,62,152,2946.8,121.7818,2825.0,180.0,[E1],0.00128,0.998721636305529,5.0819,IAEA LiveChart ENSDF adopted gammas,2026-08-13
152sm,62,152,2946.8,0,2946.8,100.0,[E1],0.00133,0.9986717665504878,5.0819,IAEA LiveChart ENSDF adopted gammas,2026-08-13
152sm,62,152,2976.87,2525.69,451.25,100.0,E2,0.01694,0.9833421834129841,5.0819,IAEA LiveChart ENSDF adopted gammas,2026-08-13
152sm,62,152,2976.87,2148.81,827.6,6.9,,,,5.0819,IAEA LiveChart ENSDF adopted gammas,2026-08-13
152sm,62,152,2991.6,121.7818,2869.8,41.0,[M1],0.00115,0.998851320980872,5.0819,IAEA LiveChart ENSDF adopted gammas,2026-08-13
152sm,62,152,2991.6,0,2991.6,100.0,[M1],0.00118,0.9988213907589045,5.0819,IAEA LiveChart ENSDF adopted gammas,2026-08-13
152sm,62,152,3012.6,121.7818,2890.8,47.0,,,,5.0819,IAEA LiveChart ENSDF adopted gammas,2026-08-13
152sm,62,152,3012.6,0,3012.6,100.0,[M1],0.00118,0.9988213907589045,5.0819,IAEA LiveChart ENSDF adopted gammas,2026-08-13
152sm,62,152,3025.3,121.7818,2903.5,43.0,,,,5.0819,IAEA LiveChart ENSDF adopted gammas,2026-08-13
152sm,62,152,3025.3,0,3025.3,100.0,[M1],0.00119,0.998811414416844,5.0819,IAEA LiveChart ENSDF adopted gammas,2026-08-13
152sm,62,152,3090.2,121.7818,2968.4,67.0,[M1],0.00117,0.9988313673002588,5.0819,IAEA LiveChart ENSDF adopted gammas,2026-08-13
152sm,62,152,3090.2,0,3090.2,100.0,[M1],0.0012,0.998801438274071,5.0819,IAEA LiveChart ENSDF adopted gammas,2026-08-13
152sm,62,152,3107.9,121.7818,2986.1,100.0,[E1],0.00135,0.9986518200429421,5.0819,IAEA LiveChart ENSDF adopted gammas,2026-08-13
152sm,62,152,3107.9,0,3107.9,92.0,[E1],0.00141,0.998591985300726,5.0819,IAEA LiveChart ENSDF adopted gammas,2026-08-13
152sm,62,152,3122.6,121.7818,3000.8,13.0,,,,5.0819,IAEA LiveChart ENSDF adopted gammas,2026-08-13
152sm,62,152,3122.6,0,3122.6,100.0,,,,5.0819,IAEA LiveChart ENSDF adopted gammas,2026-08-13
152sm,62,152,3262.9,2148.81,1113.8,97.0,,,,5.0819,IAEA LiveChart ENSDF adopted gammas,2026-08-13
152sm,62,152,3262.9,1609.26,1654.6,100.0,,,,5.0819,IAEA LiveChart ENSDF adopted gammas,2026-08-13
152sm,62,152,3281.7,121.7818,3159.9,52.0,[M1],0.00122,0.9987814865863647,5.0819,IAEA LiveChart ENSDF adopted gammas,2026-08-13
152sm,62,152,3281.7,0,3281.7,100.0,[M1],0.00126,0.9987415856021412,5.0819,IAEA LiveChart ENSDF adopted gammas,2026-08-13
152sm,62,152,3292.82,2976.87,316.03,87.0,,,,5.0819,IAEA LiveChart ENSDF adopted gammas,2026-08-13
152sm,62,152,3292.82,2833.3,459.34,64.0,,,,5.0819,IAEA LiveChart ENSDF adopted gammas,2026-08-13
152sm,62,152,3292.82,2736.19,556.49,27.7,,,,5.0819,IAEA LiveChart ENSDF adopted gammas,2026-08-13
152sm,62,152,3292.82,2525.69,766.6,100.0,,,,5.0819,IAEA LiveChart ENSDF adopted gammas,2026-08-13
152sm,62,152,3352.26,2326.94,1026.32,61.0,,,,5.0819,IAEA LiveChart ENSDF adopted gammas,2026-08-13
152sm,62,152,3352.26,2148.81,1203.32,100.0,,,,5.0819,IAEA LiveChart ENSDF adopted gammas,2026-08-13
152sm,62,152,3352.26,1609.26,1742.0,57.0,,,,5.0819,IAEA LiveChart ENSDF adopted gammas,2026-08-13
152sm,62,152,3383.35,2832.85,550.42,28.1,,,,5.0819,IAEA LiveChart ENSDF adopted gammas,2026-08-13
152sm,62,152,3383.35,2736.19,647.14,100.0,,,,5.0819,IAEA LiveChart ENSDF adopted gammas,2026-08-13
152sm,62,152,3422.1,121.7818,3300.3,230.0,[E1],0.00149,0.9985122167969726,5.0819,IAEA LiveChart ENSDF adopted gammas,2026-08-13
152sm,62,152,3422.1,0,3422.1,100.0,[E1],0.00153,0.9984723373238944,5.0819,IAEA LiveChart ENSDF adopted gammas,2026-08-13
152sm,62,152,3462.95,2976.87,486.1,100.0,,,,5.0819,IAEA LiveChart ENSDF adopted gammas,2026-08-13
152sm,62,152,3462.95,2736.19,726.88,25.4,,,,5.0819,IAEA LiveChart ENSDF adopted gammas,2026-08-13
152sm,62,152,3708.8,121.7818,3587.0,18.0,,,,5.0819,IAEA LiveChart ENSDF adopted gammas,2026-08-13
152sm,62,152,3708.8,0,3708.8,100.0,,,,5.0819,IAEA LiveChart ENSDF adopted gammas,2026-08-13
152sm,62,152,3794.1,121.7818,3672.3,25.0,,,,5.0819,IAEA LiveChart ENSDF adopted gammas,2026-08-13
152sm,62,152,3794.1,0,3794.0,100.0,,,,5.0819,IAEA LiveChart ENSDF adopted gammas,2026-08-13
152sm,62,152,3857.16,3462.95,394.19,56.0,,,,5.0819,IAEA LiveChart ENSDF adopted gammas,2026-08-13
152sm,62,152,3857.16,3383.35,473.75,99.0,,,,5.0819,IAEA LiveChart ENSDF adopted gammas,2026-08-13
152sm,62,152,3857.16,3292.82,564.36,100.0,,,,5.0819,IAEA LiveChart ENSDF adopted gammas,2026-08-13
152sm,62,152,3857.16,2976.87,880.53,54.0,,,,5.0819,IAEA LiveChart ENSDF adopted gammas,2026-08-13
152sm,62,152,3882.6,121.7818,3760.8,20.0,,,,5.0819,IAEA LiveChart ENSDF adopted gammas,2026-08-13
152sm,62,152,3882.6,0,3882.6,100.0,,,,5.0819,IAEA LiveChart ENSDF adopted gammas,2026-08-13
152sm,62,152,3931.2,2736.19,1194.8,25.0,,,,5.0819,IAEA LiveChart ENSDF adopted gammas,2026-08-13
152sm,62,152,3931.2,2148.81,1783.2,100.0,,,,5.0819,IAEA LiveChart ENSDF adopted gammas,2026-08-13
152sm,62,152,3973.2,3383.35,589.9,87.0,,,,5.0819,IAEA LiveChart ENSDF adopted gammas,2026-08-13
152sm,62,152,3973.2,3365.02,608.2,100.0,,,,5.0819,IAEA LiveChart ENSDF adopted gammas,2026-08-13
152sm,62,152,4004.64,3462.95,542.1,100.0,,,,5.0819,IAEA LiveChart ENSDF adopted gammas,2026-08-13
152sm,62,152,4004.64,3365.02,639.47,82.0,,,,5.0819,IAEA LiveChart ENSDF adopted gammas,2026-08-13
152sm,62,152,4047.7,3462.95,585.98,60.8,,,,5.0819,IAEA LiveChart ENSDF adopted gammas,2026-08-13
152sm,62,152,4047.7,3365.02,681.54,100.0,,,,5.0819,IAEA LiveChart ENSDF adopted gammas,2026-08-13
197au,79,197,77.351,0,77.351,100.0,M1+E2,4.36,0.18656716417910446,5.4371,IAEA LiveChart ENSDF adopted gammas,2026-08-13
197au,79,197,268.788,77.351,191.437,100.0,M1+E2,1.174,0.45998160073597055,5.4371,IAEA LiveChart ENSDF adopted gammas,2026-08-13
197au,79,197,268.788,0,268.78,6.2,E2(+M1),0.147,0.8718395815170008,5.4371,IAEA LiveChart ENSDF adopted gammas,2026-08-13
197au,79,197,279,77.351,201.6,1.5,E2,0.37,0.7299270072992701,5.4371,IAEA LiveChart ENSDF adopted gammas,2026-08-13
197au,79,197,279,0,279.01,100.0,M1+E2,0.38,0.7246376811594204,5.4371,IAEA LiveChart ENSDF adopted gammas,2026-08-13
197au,79,197,409.15,279,130.2,100.0,E3,30.3,0.03194888178913738,5.4371,IAEA LiveChart ENSDF adopted gammas,2026-08-13
197au,79,197,409.15,0,409.1,3.4,M4,3.97,0.20120724346076457,5.4371,IAEA LiveChart ENSDF adopted gammas,2026-08-13
197au,79,197,502.5,77.351,425.0,2.5,E2,0.0392,0.9622786759045421,5.4371,IAEA LiveChart ENSDF adopted gammas,2026-08-13
197au,79,197,502.5,0,502.6,100.0,M1+E2,0.084,0.9225092250922509,5.4371,IAEA LiveChart ENSDF adopted gammas,2026-08-13
197au,79,197,547.5,279,268.5,5.2,M1+E2,0.465,0.68259385665529,5.4371,IAEA LiveChart ENSDF adopted gammas,2026-08-13
197au,79,197,547.5,268.788,278.7,0.7,[E2],0.13,0.8849557522123894,5.4371,IAEA LiveChart ENSDF adopted gammas,2026-08-13
197au,79,197,547.5,0,547.5,100.0,E2,0.021,0.9794319294809012,5.4371,IAEA LiveChart ENSDF adopted gammas,2026-08-13
197au,79,197,736.7,279,457.7,100.0,M1+E2,0.106,0.9041591320072332,5.4371,IAEA LiveChart ENSDF adopted gammas,2026-08-13
197au,79,197,736.7,268.788,468.1,1.9,E2,0.031,0.9699321047526674,5.4371,IAEA LiveChart ENSDF adopted gammas,2026-08-13
197au,79,197,855.5,547.5,308.0,13.0,M1+E2,0.3,0.7692307692307692,5.4371,IAEA LiveChart ENSDF adopted gammas,2026-08-13
197au,79,197,855.5,279,576.5,100.0,E2,0.0186,0.9817396426467702,5.4371,IAEA LiveChart ENSDF adopted gammas,2026-08-13
197au,79,197,888.11,268.788,619.4,27.0,,,,5.4371,IAEA LiveChart ENSDF adopted gammas,2026-08-13
197au,79,197,888.11,77.351,810.6,100.0,,,,5.4371,IAEA LiveChart ENSDF adopted gammas,2026-08-13
197au,79,197,888.11,0,888.3,9.0,,,,5.4371,IAEA LiveChart ENSDF adopted gammas,2026-08-13
197au,79,197,936,502.5,432.5,24.0,,,,5.4371,IAEA LiveChart ENSDF adopted gammas,2026-08-13
197au,79,197,936,279,657.1,20.0,,,,5.4371,IAEA LiveChart ENSDF adopted gammas,2026-08-13
197au,79,197,936,268.788,667.1,61.0,,,,5.4371,IAEA LiveChart ENSDF adopted gammas,2026-08-13
197au,79,197,936,77.351,858.6,25.0,,,,5.4371,IAEA LiveChart ENSDF adopted gammas,2026-08-13
197au,79,197,936,0,936.2,100.0,,,,5.4371,IAEA LiveChart ENSDF adopted gammas,2026-08-13
197au,79,197,1045.1,279,766.3,100.0,,,,5.4371,IAEA LiveChart ENSDF adopted gammas,2026-08-13
197au,79,197,1045.1,268.788,776.9,69.0,,,,5.4371,IAEA LiveChart ENSDF adopted gammas,2026-08-13
197au,79,197,1045.1,0,1044.2,48.0,,,,5.4371,IAEA LiveChart ENSDF adopted gammas,2026-08-13
197au,79,197,1150.5,268.788,881.9,100.0,,,,5.4371,IAEA LiveChart ENSDF adopted gammas,2026-08-13
197au,79,197,1150.5,77.351,1073.4,93.0,,,,5.4371,IAEA LiveChart ENSDF adopted gammas,2026-08-13
197au,79,197,1150.5,0,1150.2,26.0,,,,5.4371,IAEA LiveChart ENSDF adopted gammas,2026-08-13
197au,79,197,1217.3,77.351,1139.5,62.0,,,,5.4371,IAEA LiveChart ENSDF adopted gammas,2026-08-13
197au,79,197,1217.3,0,1217.7,100.0,,,,5.4371,IAEA LiveChart ENSDF adopted gammas,2026-08-13
197au,79,197,1231,855.5,376.0,12.0,M1 E2,0.12,0.8928571428571428,5.4371,IAEA LiveChart ENSDF adopted gammas,2026-08-13
197au,79,197,1231,547.5,683.0,100.0,E2,0.0127,0.9874592673052237,5.4371,IAEA LiveChart ENSDF adopted gammas,2026-08-13
197au,79,197,1242,268.788,973.0,17.0,,,,5.4371,IAEA LiveChart ENSDF adopted gammas,2026-08-13
197au,79,197,1242,0,1242.2,100.0,,,,5.4371,IAEA LiveChart ENSDF adopted gammas,2026-08-13
208pb,82,208,3475.078,3197.711,277.371,50.8,M1+E2,0.533,0.6523157208088716,5.5012,IAEA LiveChart ENSDF adopted gammas,2026-08-13
208pb,82,208,3475.078,2614.522,860.557,100.0,M1+E2,0.0264,0.9742790335151987,5.5012,IAEA LiveChart ENSDF adopted gammas,2026-08-13
208pb,82,208,3708.451,3475.078,233.33,1.36,M1+E2,0.7,0.5882352941176471,5.5012,IAEA LiveChart ENSDF adopted gammas,2026-08-13
208pb,82,208,3708.451,3197.711,510.74,100.0,M1+E2,0.1027,0.9068649678062937,5.5012,IAEA LiveChart ENSDF adopted gammas,2026-08-13
208pb,82,208,3708.451,2614.522,1093.95,1.75,[E2],,,5.5012,IAEA LiveChart ENSDF adopted gammas,2026-08-13
208pb,82,208,3919.966,3708.451,211.51,82.0,M1(+E2),1.126,0.4703668861712136,5.5012,IAEA LiveChart ENSDF adopted gammas,2026-08-13
208pb,82,208,3919.966,3197.711,722.252,100.0,M1+E2,0.039,0.9624639076034649,5.5012,IAEA LiveChart ENSDF adopted gammas,2026-08-13
208pb,82,208,3946.578,3708.451,238.22,25.3,[M1+E2],,,5.5012,IAEA LiveChart ENSDF adopted gammas,2026-08-13
208pb,82,208,3946.578,3475.078,471.498,26.3,[M1+E2],0.125,0.8888888888888888,5.5012,IAEA LiveChart ENSDF adopted gammas,2026-08-13
208pb,82,208,3946.578,3197.711,748.845,100.0,[M1+E2],0.0377,0.9636696540425941,5.5012,IAEA LiveChart ENSDF adopted gammas,2026-08-13
208pb,82,208,3961.162,3708.451,252.755,38.3,M1+E2,0.633,0.612369871402327,5.5012,IAEA LiveChart ENSDF adopted gammas,2026-08-13
208pb,82,208,3961.162,3475.078,485.95,2.5,,,,5.5012,IAEA LiveChart ENSDF adopted gammas,2026-08-13
208pb,82,208,3961.162,3197.711,763.429,100.0,M1+E2,0.0356,0.9656237929702587,5.5012,IAEA LiveChart ENSDF adopted gammas,2026-08-13
208pb,82,208,3995.438,3197.711,797.741,29.7,[M1+E2],0.0299,0.9709680551509855,5.5012,IAEA LiveChart ENSDF adopted gammas,2026-08-13
208pb,82,208,3995.438,2614.522,1380.889,100.0,[M1(+E2)],0.0079,0.9921619208254787,5.5012,IAEA LiveChart ENSDF adopted gammas,2026-08-13
208pb,82,208,4037.443,3919.966,117.53,11.0,[M1 E2],4.6,0.17857142857142858,5.5012,IAEA LiveChart ENSDF adopted gammas,2026-08-13
208pb,82,208,4037.443,3197.711,839.734,100.0,[E2],0.0094,0.9906875371507826,5.5012,IAEA LiveChart ENSDF adopted gammas,2026-08-13
208pb,82,208,4051.134,3475.078,576.057,17.2,,,,5.5012,IAEA LiveChart ENSDF adopted gammas,2026-08-13
208pb,82,208,4051.134,2614.522,1436.602,100.0,[M1+E2],,,5.5012,IAEA LiveChart ENSDF adopted gammas,2026-08-13
208pb,82,208,4085.52,2614.522,1471.5,0.46,[E1],0.00143,0.9985720419799686,5.5012,IAEA LiveChart ENSDF adopted gammas,2026-08-13
208pb,82,208,4085.52,0,4085.47,100.0,[E2],0.00165,0.9983527180152749,5.5012,IAEA LiveChart ENSDF adopted gammas,2026-08-13
208pb,82,208,4125.347,3961.162,164.34,4.9,[M1 E2],1.6,0.3846153846153846,5.5012,IAEA LiveChart ENSDF adopted gammas,2026-08-13
208pb,82,208,4125.347,3946.578,179.5,0.92,[M1 E2],1.2,0.45454545454545453,5.5012,IAEA LiveChart ENSDF adopted gammas,2026-08-13
208pb,82,208,4125.347,3708.451,416.79,5.0,[M1+E2],0.15,0.8695652173913044,5.5012,IAEA LiveChart ENSDF adopted gammas,2026-08-13
208pb,82,208,4125.347,3475.078,650.207,25.3,[M1+E2],0.035,0.9661835748792271,5.5012,IAEA LiveChart ENSDF adopted gammas,2026-08-13
208pb,82,208,4125.347,3197.711,927.65,100.0,[M1+E2],0.018,0.9823182711198428,5.5012,IAEA LiveChart ENSDF adopted gammas,2026-08-13
208pb,82,208,4180.414,3475.078,705.33,10.7,[M1+E2],,,5.5012,IAEA LiveChart ENSDF adopted gammas,2026-08-13
208pb,82,208,4180.414,3197.711,982.709,100.0,[M1+E2],,,5.5012,IAEA LiveChart ENSDF adopted gammas,2026-08-13
208pb,82,208,4206.277,3708.451,497.9,20.6,[M1+E2],,,5.5012,IAEA LiveChart ENSDF adopted gammas,2026-08-13
208pb,82,208,4206.277,3197.711,1008.558,100.0,[M1+E2],,,5.5012,IAEA LiveChart ENSDF adopted gammas,2026-08-13
208pb,82,208,4229.59,2614.522,1615.068,100.0,[M1+E2],0.00536,0.9946685764303334,5.5012,IAEA LiveChart ENSDF adopted gammas,2026-08-13
208pb,82,208,4229.59,0,4229.49,21.4,M2,0.00235,0.9976555095525514,5.5012,IAEA LiveChart ENSDF adopted gammas,2026-08-13
208pb,82,208,4254.795,3475.078,779.2,5.5,,,,5.5012,IAEA LiveChart ENSDF adopted gammas,2026-08-13
208pb,82,208,4254.795,2614.522,1640.267,100.0,[M1+E2],,,5.5012,IAEA LiveChart ENSDF adopted gammas,2026-08-13
208pb,82,208,4261.871,3708.451,553.414,49.0,[M1+E2],,,5.5012,IAEA LiveChart ENSDF adopted gammas,2026-08-13
208pb,82,208,4261.871,3475.078,786.79,58.0,[M1+E2],,,5.5012,IAEA LiveChart ENSDF adopted gammas,2026-08-13
208pb,82,208,4261.871,3197.711,1064.15,4.4,[M1+E2],,,5.5012,IAEA LiveChart ENSDF adopted gammas,2026-08-13
208pb,82,208,4261.871,2614.522,1647.38,100.0,[M1+E2],,,5.5012,IAEA LiveChart ENSDF adopted gammas,2026-08-13
208pb,82,208,4296.56,4125.347,171.0,5.3,[M1 E2],1.4,0.4166666666666667,5.5012,IAEA LiveChart ENSDF adopted gammas,2026-08-13
208pb,82,208,4296.56,3708.451,588.096,100.0,[M1+E2],0.0694,0.935103796521414,5.5012,IAEA LiveChart ENSDF adopted gammas,2026-08-13
208pb,82,208,4296.56,3475.078,821.54,63.0,[M1+E2],0.02,0.9803921568627451,5.5012,IAEA LiveChart ENSDF adopted gammas,2026-08-13
208pb,82,208,4296.56,3197.711,1098.85,10.8,[M1 E2],0.01,0.9900990099009901,5.5012,IAEA LiveChart ENSDF adopted gammas,2026-08-13
208pb,82,208,4323.946,3961.162,362.81,14.8,[E1],0.0191,0.9812579727210284,5.5012,IAEA LiveChart ENSDF adopted gammas,2026-08-13
208pb,82,208,4323.946,3475.078,848.88,2.42,[E1],0.00338,0.9966313859156053,5.5012,IAEA LiveChart ENSDF adopted gammas,2026-08-13
208pb,82,208,4323.946,3197.711,1126.236,100.0,[E1+M2],0.02077,0.9796526151826562,5.5012,IAEA LiveChart ENSDF adopted gammas,2026-08-13
208pb,82,208,4323.946,2614.522,1709.6,0.51,[E2],0.00258,0.9974266392706816,5.5012,IAEA LiveChart ENSDF adopted gammas,2026-08-13
208pb,82,208,4323.946,0,4324.3,0.31,[E4],0.00121,0.99879146233058,5.5012,IAEA LiveChart ENSDF adopted gammas,2026-08-13
208pb,82,208,4358.67,4180.414,178.5,2.1,,,,5.5012,IAEA LiveChart ENSDF adopted gammas,2026-08-13
208pb,82,208,4358.67,3995.438,362.8,2.8,,,,5.5012,IAEA LiveChart ENSDF adopted gammas,2026-08-13
208pb,82,208,4358.67,3475.078,883.605,100.0,[M1+E2],,,5.5012,IAEA LiveChart ENSDF adopted gammas,2026-08-13
208pb,82,208,4358.67,3197.711,1160.9,38.0,[M1+E2],,,5.5012,IAEA LiveChart ENSDF adopted gammas,2026-08-13
208pb,82,208,4358.67,2614.522,1744.12,15.5,[M1+E2],,,5.5012,IAEA LiveChart ENSDF adopted gammas,2026-08-13
208pb,82,208,4383.285,4206.277,176.8,0.85,,,,5.5012,IAEA LiveChart ENSDF adopted gammas,2026-08-13
208pb,82,208,4383.285,4125.347,257.7,0.67,,,,5.5012,IAEA LiveChart ENSDF adopted gammas,2026-08-13
208pb,82,208,4383.285,3919.966,463.3,4.1,[M1+E2],,,5.5012,IAEA LiveChart ENSDF adopted gammas,2026-08-13
208pb,82,208,4383.285,3197.711,1185.571,100.0,[M1+E2],,,5.5012,IAEA LiveChart ENSDF adopted gammas,2026-08-13
208pb,82,208,4423.647,3708.451,715.23,8.6,[E1+M2],,,5.5012,IAEA LiveChart ENSDF adopted gammas,2026-08-13
208pb,82,208,4423.647,3197.711,1225.916,100.0,[E1+M2],,,5.5012,IAEA LiveChart ENSDF adopted gammas,2026-08-13
208pb,82,208,4480.746,3708.451,771.6,8.7,[M1+E2],,,5.5012,IAEA LiveChart ENSDF adopted gammas,2026-08-13
208pb,82,208,4480.746,3197.711,1283.031,100.0,[M1+E2],,,5.5012,IAEA LiveChart ENSDF adopted gammas,2026-08-13
208pb,82,208,4610.748,4037.443,573.41,3.1,[E1+M2],0.024,0.9765625,5.5012,IAEA LiveChart ENSDF adopted gammas,2026-08-13
208pb,82,208,4610.748,3197.711,1413.026,100.0,[E3],0.00728,0.9927726153601779,5.5012,IAEA LiveChart ENSDF adopted gammas,2026-08-13
208pb,82,208,4680.266,4206.277,473.98,40.0,[M1+E2],,,5.5012,IAEA LiveChart ENSDF adopted gammas,2026-08-13
208pb,82,208,4680.266,3919.966,760.3,100.0,[M1+E2],,,5.5012,IAEA LiveChart ENSDF adopted gammas,2026-08-13
208pb,82,208,4698.323,4261.871,436.41,7.9,[M1 E2],0.1,0.9090909090909091,5.5012,IAEA LiveChart ENSDF adopted gammas,2026-08-13
208pb,82,208,4698.323,4254.795,443.57,41.2,[M1+E2],0.146,0.8726003490401397,5.5012,IAEA LiveChart ENSDF adopted gammas,2026-08-13
208pb,82,208,4698.323,4229.59,468.76,10.0,[M1 E2],0.08,0.9259259259259258,5.5012,IAEA LiveChart ENSDF adopted gammas,2026-08-13
208pb,82,208,4698.323,4085.52,612.88,1.7,[E1],0.00632,0.9937196915494076,5.5012,IAEA LiveChart ENSDF adopted gammas,2026-08-13
208pb,82,208,4698.323,4051.134,647.25,4.3,[M1 E2],0.036,0.9652509652509652,5.5012,IAEA LiveChart ENSDF adopted gammas,2026-08-13
208pb,82,208,4698.323,3995.438,702.86,4.1,[M1 E2],0.029,0.9718172983479106,5.5012,IAEA LiveChart ENSDF adopted gammas,2026-08-13
208pb,82,208,4698.323,3475.078,1223.27,100.0,[M1+E2],0.008,0.9920634920634921,5.5012,IAEA LiveChart ENSDF adopted gammas,2026-08-13
208pb,82,208,4698.323,3197.711,1500.49,38.0,[E2],0.00316,0.9968499541449021,5.5012,IAEA LiveChart ENSDF adopted gammas,2026-08-13
208pb,82,208,4698.323,2614.522,2083.9,27.0,[M1 E2],0.0026,0.9974067424695792,5.5012,IAEA LiveChart ENSDF adopted gammas,2026-08-13
208pb,82,208,4698.323,0,4697.88,4.4,[E3],0.00174,0.9982630223411264,5.5012,IAEA LiveChart ENSDF adopted gammas,2026-08-13
208pb,82,208,4708.727,4296.56,412.17,21.0,[M1 E2],0.12,0.8928571428571428,5.5012,IAEA LiveChart ENSDF adopted gammas,2026-08-13
208pb,82,208,4708.727,3995.438,714.0,12.0,[M1 E2],0.028,0.9727626459143969,5.5012,IAEA LiveChart ENSDF adopted gammas,2026-08-13
208pb,82,208,4708.727,3961.162,748.3,67.0,[M1 E2],0.025,0.9756097560975611,5.5012,IAEA LiveChart ENSDF adopted gammas,2026-08-13
208pb,82,208,4708.727,3708.451,1000.51,100.0,[M1+E2],0.0175,0.9828009828009827,5.5012,IAEA LiveChart ENSDF adopted gammas,2026-08-13
208pb,82,208,4708.727,3197.711,1511.0,60.0,[M1+E2],0.0048,0.9952229299363058,5.5012,IAEA LiveChart ENSDF adopted gammas,2026-08-13
208pb,82,208,4711.817,3475.078,1236.79,29.0,[M1+E2],,,5.5012,IAEA LiveChart ENSDF adopted gammas,2026-08-13
208pb,82,208,4711.817,2614.522,2097.27,100.0,[M1+E2],,,5.5012,IAEA LiveChart ENSDF adopted gammas,2026-08-13
208pb,82,208,4761.956,4206.277,555.63,15.0,,,,5.5012,IAEA LiveChart ENSDF adopted gammas,2026-08-13
208pb,82,208,4761.956,4125.347,636.57,25.0,,,,5.5012,IAEA LiveChart ENSDF adopted gammas,2026-08-13
208pb,82,208,4761.956,3197.711,1564.29,100.0,,,,5.5012,IAEA LiveChart ENSDF adopted gammas,2026-08-13
208pb,82,208,4860.78,4610.748,250.0,100.0,,,,5.5012,IAEA LiveChart ENSDF adopted gammas,2026-08-13
208pb,82,208,4860.78,4037.443,823.28,34.0,,,,5.5012,IAEA LiveChart ENSDF adopted gammas,2026-08-13
208pb,82,208,4867.91,4610.748,257.06,100.0,,,,5.5012,IAEA LiveChart ENSDF adopted gammas,2026-08-13
208pb,82,208,4867.91,4480.746,386.7,26.0,[M1+E2],,,5.5012,IAEA LiveChart ENSDF adopted gammas,2026-08-13
208pb,82,208,4867.91,4423.647,444.15,73.0,,,,5.5012,IAEA LiveChart ENSDF adopted gammas,2026-08-13
208pb,82,208,4867.91,4383.285,484.6,14.0,,,,5.5012,IAEA LiveChart ENSDF adopted gammas,2026-08-13
208pb,82,208,4867.91,4037.443,830.55,38.0,[M1+E2],,,5.5012,IAEA LiveChart ENSDF adopted gammas,2026-08-13
208pb,82,208,4895.23,4860.78,34.4,0.041,[E2],1003.0,0.00099601593625498,5.5012,IAEA LiveChart ENSDF adopted gammas,2026-08-13
208pb,82,208,4895.23,4610.748,284.49,100.0,[E2],0.136,0.880281690140845,5.5012,IAEA LiveChart ENSDF adopted gammas,2026-08-13
208pb,82,208,4895.23,4037.443,857.71,20.0,[E3],0.0223,0.9781864423359092,5.5012,IAEA LiveChart ENSDF adopted gammas,2026-08-13
208pb,82,208,4911.343,3946.578,964.56,11.7,,,,5.5012,IAEA LiveChart ENSDF adopted gammas,2026-08-13
208pb,82,208,4911.343,3197.711,1713.62,32.8,[M1+E2],,,5.5012,IAEA LiveChart ENSDF adopted gammas,2026-08-13
208pb,82,208,4911.343,2614.522,2296.83,100.0,[M1+E2],,,5.5012,IAEA LiveChart ENSDF adopted gammas,2026-08-13
208pb,82,208,4937.19,2614.522,2322.65,100.0,[M1+E2],,,5.5012,IAEA LiveChart ENSDF adopted gammas,2026-08-13
208pb,82,208,4937.19,0,4937.19,7.0,[E3],,,5.5012,IAEA LiveChart ENSDF adopted gammas,2026-08-13
208pb,82,208,4962.428,4323.946,638.48,43.0,,,,5.5012,IAEA LiveChart ENSDF adopted gammas,2026-08-13
208pb,82,208,4962.428,3197.711,1764.71,100.0,[M1+E2],,,5.5012,IAEA LiveChart ENSDF adopted gammas,2026-08-13
208pb,82,208,4973.918,4698.323,275.72,1.4,[M1 E2],0.34,0.7462686567164178,5.5012,IAEA LiveChart ENSDF adopted gammas,2026-08-13
208pb,82,208,4973.918,4358.67,615.7,1.6,[M1 E2],0.041,0.9606147934678195,5.5012,IAEA LiveChart ENSDF adopted gammas,2026-08-13
208pb,82,208,4973.918,4261.871,712.13,2.9,[M1 E2],0.028,0.9727626459143969,5.5012,IAEA LiveChart ENSDF adopted gammas,2026-08-13
208pb,82,208,4973.918,4254.795,719.19,17.0,[M1 E2],0.028,0.9727626459143969,5.5012,IAEA LiveChart ENSDF adopted gammas,2026-08-13
208pb,82,208,4973.918,3708.451,1265.0,3.2,[E2],0.00427,0.9957481553765422,5.5012,IAEA LiveChart ENSDF adopted gammas,2026-08-13
208pb,82,208,4973.918,3475.078,1499.1,18.0,[M1 E2],0.0048,0.9952229299363058,5.5012,IAEA LiveChart ENSDF adopted gammas,2026-08-13
208pb,82,208,4973.918,3197.711,1776.1,98.0,[E2],0.00244,0.997565939108575,5.5012,IAEA LiveChart ENSDF adopted gammas,2026-08-13
208pb,82,208,4973.918,2614.522,2359.39,100.0,[M1+E2],0.0022,0.9978048293753742,5.5012,IAEA LiveChart ENSDF adopted gammas,2026-08-13
208pb,82,208,4973.918,0,4974.1,1.1,[E3],0.0006,0.9994003597841296,5.5012,IAEA LiveChart ENSDF adopted gammas,2026-08-13
208pb,82,208,5037.536,4229.59,808.04,4.8,,,,5.5012,IAEA LiveChart ENSDF adopted gammas,2026-08-13
208pb,82,208,5037.536,4051.134,986.39,4.0,,,,5.5012,IAEA LiveChart ENSDF adopted gammas,2026-08-13
208pb,82,208,5037.536,3475.078,1562.32,7.5,,,,5.5012,IAEA LiveChart ENSDF adopted gammas,2026-08-13
208pb,82,208,5037.536,2614.522,2422.997,100.0,[M1+E2],,,5.5012,IAEA LiveChart ENSDF adopted gammas,2026-08-13
208pb,82,208,5037.536,0,5037.4,1.2,[E3],,,5.5012,IAEA LiveChart ENSDF adopted gammas,2026-08-13
208pb,82,208,5074.81,4206.277,868.53,57.0,,,,5.5012,IAEA LiveChart ENSDF adopted gammas,2026-08-13
208pb,82,208,5074.81,4180.414,894.45,79.0,,,,5.5012,IAEA LiveChart ENSDF adopted gammas,2026-08-13
208pb,82,208,5074.81,3961.162,1113.57,100.0,,,,5.5012,IAEA LiveChart ENSDF adopted gammas,2026-08-13
208pb,82,208,5079.912,4206.277,873.635,100.0,,,,5.5012,IAEA LiveChart ENSDF adopted gammas,2026-08-13
208pb,82,208,5079.912,3197.711,1882.09,14.7,,,,5.5012,IAEA LiveChart ENSDF adopted gammas,2026-08-13
208pb,82,208,5085.47,4383.285,702.1,13.0,,,,5.5012,IAEA LiveChart ENSDF adopted gammas,2026-08-13
208pb,82,208,5085.47,4206.277,879.19,100.0,[M1+E2],,,5.5012,IAEA LiveChart ENSDF adopted gammas,2026-08-13
208pb,82,208,5092.99,4860.78,232.2,7.6,,,,5.5012,IAEA LiveChart ENSDF adopted gammas,2026-08-13
208pb,82,208,5092.99,4610.748,482.24,100.0,,,,5.5012,IAEA LiveChart ENSDF adopted gammas,2026-08-13
208pb,82,208,5127.356,3475.078,1652.18,6.6,,,,5.5012,IAEA LiveChart ENSDF adopted gammas,2026-08-13
208pb,82,208,5127.356,2614.522,2512.818,100.0,[M1+E2],,,5.5012,IAEA LiveChart ENSDF adopted gammas,2026-08-13
208pb,82,208,5127.356,0,5127.5,7.5,[M2 E3],,,5.5012,IAEA LiveChart ENSDF adopted gammas,2026-08-13
208pb,82,208,5162.05,5010.43,151.5,47.0,,,,5.5012,IAEA LiveChart ENSDF adopted gammas,2026-08-13
208pb,82,208,5162.05,4895.23,266.7,17.0,,,,5.5012,IAEA LiveChart ENSDF adopted gammas,2026-08-13
208pb,82,208,5162.05,4860.78,301.25,22.0,,,,5.5012,IAEA LiveChart ENSDF adopted gammas,2026-08-13
208pb,82,208,5162.05,4610.748,551.32,100.0,,,,5.5012,IAEA LiveChart ENSDF adopted gammas,2026-08-13
208pb,82,208,5193.428,4423.647,769.78,100.0,,,,5.5012,IAEA LiveChart ENSDF adopted gammas,2026-08-13
208pb,82,208,5193.428,4323.946,869.43,96.0,,,,5.5012,IAEA LiveChart ENSDF adopted gammas,2026-08-13
208pb,82,208,5193.428,3197.711,1995.5,29.2,,,,5.5012,IAEA LiveChart ENSDF adopted gammas,2026-08-13
208pb,82,208,5195.054,3995.438,1199.62,100.0,,,,5.5012,IAEA LiveChart ENSDF adopted gammas,2026-08-13
208pb,82,208,5195.054,2614.522,2580.41,42.0,,,,5.5012,IAEA LiveChart ENSDF adopted gammas,2026-08-13
208pb,82,208,5195.37,4867.91,327.44,18.7,,,,5.5012,IAEA LiveChart ENSDF adopted gammas,2026-08-13
208pb,82,208,5195.37,4860.78,334.5,2.6,,,,5.5012,IAEA LiveChart ENSDF adopted gammas,2026-08-13
208pb,82,208,5195.37,4610.748,584.62,36.0,,,,5.5012,IAEA LiveChart ENSDF adopted gammas,2026-08-13
208pb,82,208,5195.37,4480.746,715.0,2.2,,,,5.5012,IAEA LiveChart ENSDF adopted gammas,2026-08-13
208pb,82,208,5195.37,4423.647,771.73,100.0,,,,5.5012,IAEA LiveChart ENSDF adopted gammas,2026-08-13
208pb,82,208,5195.37,3919.966,1275.5,7.5,,,,5.5012,IAEA LiveChart ENSDF adopted gammas,2026-08-13
208pb,82,208,5213.007,4423.647,789.358,100.0,,,,5.5012,IAEA LiveChart ENSDF adopted gammas,2026-08-13
208pb,82,208,5213.007,3197.711,2015.5,65.0,[E1],,,5.5012,IAEA LiveChart ENSDF adopted gammas,2026-08-13
208pb,82,208,5213.98,3961.162,1252.98,28.2,,,,5.5012,IAEA LiveChart ENSDF adopted gammas,2026-08-13
208pb,82,208,5213.98,3708.451,1505.43,26.9,,,,5.5012,IAEA LiveChart ENSDF adopted gammas,2026-08-13
208pb,82,208,5213.98,3197.711,2016.14,100.0,,,,5.5012,IAEA LiveChart ENSDF adopted gammas,2026-08-13
208pb,82,208,5216.214,4323.946,892.25,31.0,,,,5.5012,IAEA LiveChart ENSDF adopted gammas,2026-08-13
208pb,82,208,5216.214,2614.522,2601.69,100.0,[E1+M2],,,5.5012,IAEA LiveChart ENSDF adopted gammas,2026-08-13
208pb,82,208,5245.246,4937.19,307.8,1.4,,,,5.5012,IAEA LiveChart ENSDF adopted gammas,2026-08-13
208pb,82,208,5245.246,4323.946,921.5,1.9,[E1],,,5.5012,IAEA LiveChart ENSDF adopted gammas,2026-08-13
208pb,82,208,5245.246,4051.134,1193.9,1.9,,,,5.5012,IAEA LiveChart ENSDF adopted gammas,2026-08-13
208pb,82,208,5245.246,3475.078,1770.2,6.7,[M1+E2],,,5.5012,IAEA LiveChart ENSDF adopted gammas,2026-08-13
208pb,82,208,5245.246,2614.522,2630.71,100.0,[M1+E2],,,5.5012,IAEA LiveChart ENSDF adopted gammas,2026-08-13
208pb,82,208,5245.246,0,5245.0,1.0,[E3],,,5.5012,IAEA LiveChart ENSDF adopted gammas,2026-08-13
208pb,82,208,5254.12,5075.78,178.34,19.0,,,,5.5012,IAEA LiveChart ENSDF adopted gammas,2026-08-13
208pb,82,208,5254.12,3475.078,1779.04,100.0,,,,5.5012,IAEA LiveChart ENSDF adopted gammas,2026-08-13
208pb,82,208,5276.418,4206.277,1070.13,18.4,[E2],,,5.5012,IAEA LiveChart ENSDF adopted gammas,2026-08-13
208pb,82,208,5276.418,3708.451,1567.97,43.0,,,,5.5012,IAEA LiveChart ENSDF adopted gammas,2026-08-13
208pb,82,208,5276.418,3197.711,2078.64,100.0,,,,5.5012,IAEA LiveChart ENSDF adopted gammas,2026-08-13
208pb,82,208,5276.418,2614.522,2662.02,15.0,,,,5.5012,IAEA LiveChart ENSDF adopted gammas,2026-08-13
208pb,82,208,5280.47,4841.6,438.83,27.6,,,,5.5012,IAEA LiveChart ENSDF adopted gammas,2026-08-13
208pb,82,208,5280.47,4229.59,1050.9,100.0,,,,5.5012,IAEA LiveChart ENSDF adopted gammas,2026-08-13
208pb,82,208,5286.484,2614.522,2671.942,100.0,[D+Q],,,5.5012,IAEA LiveChart ENSDF adopted gammas,2026-08-13
208pb,82,208,5286.484,0,5287.1,21.0,,,,5.5012,IAEA LiveChart ENSDF adopted gammas,2026-08-13
208pb,82,208,5317.041,4323.946,993.105,100.0,,,,5.5012,IAEA LiveChart ENSDF adopted gammas,2026-08-13
208pb,82,208,5317.041,2614.522,2702.42,23.0,,,,5.5012,IAEA LiveChart ENSDF adopted gammas,2026-08-13
208pb,82,208,5347.27,4051.134,1295.8,18.0,,,,5.5012,IAEA LiveChart ENSDF adopted gammas,2026-08-13
208pb,82,208,5347.27,2614.522,2732.729,100.0,[M1+E2],,,5.5012,IAEA LiveChart ENSDF adopted gammas,2026-08-13
208pb,82,208,5384.59,4229.59,1155.0,60.0,,,,5.5012,IAEA LiveChart ENSDF adopted gammas,2026-08-13
208pb,82,208,5384.59,4051.134,1333.48,31.0,,,,5.5012,IAEA LiveChart ENSDF adopted gammas,2026-08-13
208pb,82,208,5384.59,2614.522,2770.45,100.0,[D+Q],,,5.5012,IAEA LiveChart ENSDF adopted gammas,2026-08-13
208pb,82,208,5384.59,0,5384.37,16.9,[E3],,,5.5012,IAEA LiveChart ENSDF adopted gammas,2026-08-13
208pb,82,208,5481.87,4125.347,1356.49,83.0,,,,5.5012,IAEA LiveChart ENSDF adopted gammas,2026-08-13
208pb,82,208,5481.87,2614.522,2867.35,100.0,[E2+M3],,,5.5012,IAEA LiveChart ENSDF adopted gammas,2026-08-13
208pb,82,208,5490.34,4383.285,1107.0,83.0,,,,5.5012,IAEA LiveChart ENSDF adopted gammas,2026-08-13
208pb,82,208,5490.34,4296.56,1193.52,59.0,,,,5.5012,IAEA LiveChart ENSDF adopted gammas,2026-08-13
208pb,82,208,5490.34,4206.277,1283.5,35.0,,,,5.5012,IAEA LiveChart ENSDF adopted gammas,2026-08-13
208pb,82,208,5490.34,4125.347,1365.0,100.0,,,,5.5012,IAEA LiveChart ENSDF adopted gammas,2026-08-13
208pb,82,208,5490.34,3961.162,1529.0,75.0,,,,5.5012,IAEA LiveChart ENSDF adopted gammas,2026-08-13
208pb,82,208,5490.34,3708.451,1781.5,69.0,,,,5.5012,IAEA LiveChart ENSDF adopted gammas,2026-08-13
208pb,82,208,5491.53,3919.966,1571.49,38.0,,,,5.5012,IAEA LiveChart ENSDF adopted gammas,2026-08-13
208pb,82,208,5491.53,3197.711,2293.85,100.0,[M1+E2],,,5.5012,IAEA LiveChart ENSDF adopted gammas,2026-08-13
208pb,82,208,5536.58,5069.31,467.3,23.0,,,,5.5012,IAEA LiveChart ENSDF adopted gammas,2026-08-13
208pb,82,208,5536.58,4895.23,641.3,100.0,,,,5.5012,IAEA LiveChart ENSDF adopted gammas,2026-08-13
208pb,82,208,5543.01,5085.47,457.45,29.0,,,,5.5012,IAEA LiveChart ENSDF adopted gammas,2026-08-13
208pb,82,208,5543.01,4480.746,1062.9,16.2,,,,5.5012,IAEA LiveChart ENSDF adopted gammas,2026-08-13
208pb,82,208,5543.01,4423.647,1119.1,7.0,,,,5.5012,IAEA LiveChart ENSDF adopted gammas,2026-08-13
208pb,82,208,5543.01,4383.285,1159.6,100.0,,,,5.5012,IAEA LiveChart ENSDF adopted gammas,2026-08-13
208pb,82,208,5543.01,4206.277,1336.5,43.0,,,,5.5012,IAEA LiveChart ENSDF adopted gammas,2026-08-13
208pb,82,208,5543.01,4037.443,1505.9,25.0,,,,5.5012,IAEA LiveChart ENSDF adopted gammas,2026-08-13
208pb,82,208,5543.01,3919.966,1623.2,14.0,,,,5.5012,IAEA LiveChart ENSDF adopted gammas,2026-08-13
208pb,82,208,5545.46,4296.56,1248.5,16.0,,,,5.5012,IAEA LiveChart ENSDF adopted gammas,2026-08-13
208pb,82,208,5545.46,4261.871,1283.48,44.0,,,,5.5012,IAEA LiveChart ENSDF adopted gammas,2026-08-13
208pb,82,208,5545.46,4125.347,1420.3,38.0,,,,5.5012,IAEA LiveChart ENSDF adopted gammas,2026-08-13
208pb,82,208,5545.46,3961.162,1584.35,25.0,,,,5.5012,IAEA LiveChart ENSDF adopted gammas,2026-08-13
208pb,82,208,5545.46,3946.578,1599.1,38.0,,,,5.5012,IAEA LiveChart ENSDF adopted gammas,2026-08-13
208pb,82,208,5545.46,3708.451,1837.06,100.0,,,,5.5012,IAEA LiveChart ENSDF adopted gammas,2026-08-13
208pb,82,208,5545.46,3197.711,2347.51,74.0,,,,5.5012,IAEA LiveChart ENSDF adopted gammas,2026-08-13
208pb,82,208,5548.113,2614.522,2933.57,100.0,,,,5.5012,IAEA LiveChart ENSDF adopted gammas,2026-08-13
208pb,82,208,5548.113,0,5547.6,2.6,[M2],,,5.5012,IAEA LiveChart ENSDF adopted gammas,2026-08-13
208pb,82,208,5561.31,2614.522,2946.79,100.0,[M1+E2],,,5.5012,IAEA LiveChart ENSDF adopted gammas,2026-08-13
208pb,82,208,5561.31,0,5560.8,36.0,[E2],,,5.5012,IAEA LiveChart ENSDF adopted gammas,2026-08-13
208pb,82,208,5563.73,3197.711,2366.3,57.0,[E2],,,5.5012,IAEA LiveChart ENSDF adopted gammas,2026-08-13
208pb,82,208,5563.73,2614.522,2949.18,100.0,,,,5.5012,IAEA LiveChart ENSDF adopted gammas,2026-08-13
208pb,82,208,5599.48,4841.6,757.93,41.0,,,,5.5012,IAEA LiveChart ENSDF adopted gammas,2026-08-13
208pb,82,208,5599.48,4229.59,1369.83,100.0,,,,5.5012,IAEA LiveChart ENSDF adopted gammas,2026-08-13
208pb,82,208,5639.55,2614.522,3024.96,10.3,,,,5.5012,IAEA LiveChart ENSDF adopted gammas,2026-08-13
208pb,82,208,5639.55,0,5639.7,100.0,[E1],,,5.5012,IAEA LiveChart ENSDF adopted gammas,2026-08-13
208pb,82,208,5649.01,4261.871,1387.4,35.0,,,,5.5012,IAEA LiveChart ENSDF adopted gammas,2026-08-13
208pb,82,208,5649.01,4125.347,1523.8,82.0,,,,5.5012,IAEA LiveChart ENSDF adopted gammas,2026-08-13
208pb,82,208,5649.01,3995.438,1654.2,59.0,,,,5.5012,IAEA LiveChart ENSDF adopted gammas,2026-08-13
208pb,82,208,5649.01,3197.711,2451.2,100.0,,,,5.5012,IAEA LiveChart ENSDF adopted gammas,2026-08-13
208pb,82,208,5649.01,2614.522,3034.52,37.0,[D+Q],,,5.5012,IAEA LiveChart ENSDF adopted gammas,2026-08-13
208pb,82,208,5658.51,3995.438,1663.05,60.0,,,,5.5012,IAEA LiveChart ENSDF adopted gammas,2026-08-13
208pb,82,208,5658.51,3197.711,2460.8,100.0,,,,5.5012,IAEA LiveChart ENSDF adopted gammas,2026-08-13
208pb,82,208,5658.51,2614.522,3044.0,11.4,[E2],,,5.5012,IAEA LiveChart ENSDF adopted gammas,2026-08-13
208pb,82,208,5675.366,4358.67,1317.0,4.9,,,,5.5012,IAEA LiveChart ENSDF adopted gammas,2026-08-13
208pb,82,208,5675.366,4261.871,1413.0,10.0,,,,5.5012,IAEA LiveChart ENSDF adopted gammas,2026-08-13
208pb,82,208,5675.366,4254.795,1420.0,21.0,,,,5.5012,IAEA LiveChart ENSDF adopted gammas,2026-08-13
208pb,82,208,5675.366,2614.522,3060.82,100.0,[D+Q],,,5.5012,IAEA LiveChart ENSDF adopted gammas,2026-08-13
208pb,82,208,5686.5,4125.347,1561.0,99.0,,,,5.5012,IAEA LiveChart ENSDF adopted gammas,2026-08-13
208pb,82,208,5686.5,3961.162,1726.0,100.0,,,,5.5012,IAEA LiveChart ENSDF adopted gammas,2026-08-13
208pb,82,208,5686.5,3919.966,1767.0,100.0,,,,5.5012,IAEA LiveChart ENSDF adopted gammas,2026-08-13
208pb,82,208,5694.22,3919.966,1774.25,100.0,,,,5.5012,IAEA LiveChart ENSDF adopted gammas,2026-08-13
208pb,82,208,5715.53,2614.522,3101.07,12.6,[E1],,,5.5012,IAEA LiveChart ENSDF adopted gammas,2026-08-13
208pb,82,208,5715.53,0,5715.1,100.0,[E2],,,5.5012,IAEA LiveChart ENSDF adopted gammas,2026-08-13
208pb,82,208,5749.67,5069.31,680.6,100.0,,,,5.5012,IAEA LiveChart ENSDF adopted gammas,2026-08-13
208pb,82,208,5749.67,4895.23,854.6,14.0,,,,5.5012,IAEA LiveChart ENSDF adopted gammas,2026-08-13
208pb,82,208,5777.96,4254.795,1523.03,17.8,[D+Q],,,5.5012,IAEA LiveChart ENSDF adopted gammas,2026-08-13
208pb,82,208,5777.96,4051.134,1726.66,16.6,,,,5.5012,IAEA LiveChart ENSDF adopted gammas,2026-08-13
208pb,82,208,5777.96,2614.522,3163.43,100.0,[D+Q],,,5.5012,IAEA LiveChart ENSDF adopted gammas,2026-08-13
208pb,82,208,5777.96,0,5777.4,5.1,[M2 E3],,,5.5012,IAEA LiveChart ENSDF adopted gammas,2026-08-13
208pb,82,208,5813.27,3475.078,2338.18,85.0,,,,5.5012,IAEA LiveChart ENSDF adopted gammas,2026-08-13
208pb,82,208,5813.27,2614.522,3198.72,100.0,[M1+E2],,,5.5012,IAEA LiveChart ENSDF adopted gammas,2026-08-13
208pb,82,208,5885.55,4296.56,1588.5,14.0,[E2],,,5.5012,IAEA LiveChart ENSDF adopted gammas,2026-08-13
208pb,82,208,5885.55,2614.522,3271.0,100.0,,,,5.5012,IAEA LiveChart ENSDF adopted gammas,2026-08-13
208pb,82,208,5918.28,3197.711,2720.57,100.0,,,,5.5012,IAEA LiveChart ENSDF adopted gammas,2026-08-13
208pb,82,208,5918.28,2614.522,3303.65,42.0,,,,5.5012,IAEA LiveChart ENSDF adopted gammas,2026-08-13
208pb,82,208,5923.67,5291.9,631.3,3.7,,,,5.5012,IAEA LiveChart ENSDF adopted gammas,2026-08-13
208pb,82,208,5923.67,5245.246,678.5,30.7,,,,5.5012,IAEA LiveChart ENSDF adopted gammas,2026-08-13
208pb,82,208,5923.67,5127.356,796.7,3.9,,,,5.5012,IAEA LiveChart ENSDF adopted gammas,2026-08-13
208pb,82,208,5923.67,5037.536,886.35,8.0,,,,5.5012,IAEA LiveChart ENSDF adopted gammas,2026-08-13
208pb,82,208,5923.67,4973.918,949.82,100.0,,,,5.5012,IAEA LiveChart ENSDF adopted gammas,2026-08-13
208pb,82,208,5923.67,4698.323,1225.41,98.0,,,,5.5012,IAEA LiveChart ENSDF adopted gammas,2026-08-13
208pb,82,208,5923.67,4254.795,1668.6,26.7,,,,5.5012,IAEA LiveChart ENSDF adopted gammas,2026-08-13
208pb,82,208,5923.67,4229.59,1694.08,10.7,,,,5.5012,IAEA LiveChart ENSDF adopted gammas,2026-08-13
208pb,82,208,5923.67,4051.134,1872.43,52.0,,,,5.5012,IAEA LiveChart ENSDF adopted gammas,2026-08-13
208pb,82,208,5923.67,2614.522,3308.99,13.5,,,,5.5012,IAEA LiveChart ENSDF adopted gammas,2026-08-13
208pb,82,208,5923.67,0,5922.6,11.1,[E1 M2],,,5.5012,IAEA LiveChart ENSDF adopted gammas,2026-08-13
208pb,82,208,5928,5069.31,858.4,54.0,,,,5.5012,IAEA LiveChart ENSDF adopted gammas,2026-08-13
208pb,82,208,5928,4895.23,1033.0,100.0,,,,5.5012,IAEA LiveChart ENSDF adopted gammas,2026-08-13
208pb,82,208,5968.55,4323.946,1644.1,1.0,[E1],,,5.5012,IAEA LiveChart ENSDF adopted gammas,2026-08-13
208pb,82,208,5968.55,4206.277,1762.6,3.4,[E2],,,5.5012,IAEA LiveChart ENSDF adopted gammas,2026-08-13
208pb,82,208,5968.55,3708.451,2260.02,34.2,,,,5.5012,IAEA LiveChart ENSDF adopted gammas,2026-08-13
208pb,82,208,5968.55,3197.711,2770.88,100.0,,,,5.5012,IAEA LiveChart ENSDF adopted gammas,2026-08-13
208pb,82,208,5973,4323.946,1648.5,40.0,,,,5.5012,IAEA LiveChart ENSDF adopted gammas,2026-08-13
208pb,82,208,5973,0,5973.5,100.0,,,,5.5012,IAEA LiveChart ENSDF adopted gammas,2026-08-13
208pb,82,208,5992.67,5213.007,779.8,43.0,,,,5.5012,IAEA LiveChart ENSDF adopted gammas,2026-08-13
208pb,82,208,5992.67,5195.37,797.4,54.0,,,,5.5012,IAEA LiveChart ENSDF adopted gammas,2026-08-13
208pb,82,208,5992.67,4480.746,1511.6,66.0,,,,5.5012,IAEA LiveChart ENSDF adopted gammas,2026-08-13
208pb,82,208,5992.67,4383.285,1609.3,73.0,,,,5.5012,IAEA LiveChart ENSDF adopted gammas,2026-08-13
208pb,82,208,5992.67,3197.711,2795.0,100.0,,,,5.5012,IAEA LiveChart ENSDF adopted gammas,2026-08-13
208pb,82,208,6009.75,4323.946,1685.7,13.7,[E1],,,5.5012,IAEA LiveChart ENSDF adopted gammas,2026-08-13
208pb,82,208,6009.75,4085.52,1924.19,26.0,[E1],,,5.5012,IAEA LiveChart ENSDF adopted gammas,2026-08-13
208pb,82,208,6009.75,3475.078,2534.66,100.0,,,,5.5012,IAEA LiveChart ENSDF adopted gammas,2026-08-13
208pb,82,208,6086.56,5245.246,841.4,9.5,[E2],,,5.5012,IAEA LiveChart ENSDF adopted gammas,2026-08-13
208pb,82,208,6086.56,5127.356,959.5,4.6,,,,5.5012,IAEA LiveChart ENSDF adopted gammas,2026-08-13
208pb,82,208,6086.56,4973.918,1112.7,52.0,[E2],,,5.5012,IAEA LiveChart ENSDF adopted gammas,2026-08-13
208pb,82,208,6086.56,4698.323,1388.19,100.0,[E2],,,5.5012,IAEA LiveChart ENSDF adopted gammas,2026-08-13
208pb,82,208,6086.56,4254.795,1831.77,73.0,[E2],,,5.5012,IAEA LiveChart ENSDF adopted gammas,2026-08-13
208pb,82,208,6086.56,4229.59,1856.73,53.0,,,,5.5012,IAEA LiveChart ENSDF adopted gammas,2026-08-13
208pb,82,208,6086.56,4051.134,2035.3,100.0,[E2],,,5.5012,IAEA LiveChart ENSDF adopted gammas,2026-08-13
208pb,82,208,6086.56,2614.522,3471.9,27.0,[E2],,,5.5012,IAEA LiveChart ENSDF adopted gammas,2026-08-13
208pb,82,208,6086.56,0,6085.4,3.2,[E1],,,5.5012,IAEA LiveChart ENSDF adopted gammas,2026-08-13
208pb,82,208,6099.8,5239.3,860.5,100.0,,,,5.5012,IAEA LiveChart ENSDF adopted gammas,2026-08-13
208pb,82,208,6099.8,4296.56,1802.7,45.0,,,,5.5012,IAEA LiveChart ENSDF adopted gammas,2026-08-13
208pb,82,208,6100.69,5749.67,351.4,20.0,,,,5.5012,IAEA LiveChart ENSDF adopted gammas,2026-08-13
208pb,82,208,6100.69,5235.37,865.34,100.0,,,,5.5012,IAEA LiveChart ENSDF adopted gammas,2026-08-13
208pb,82,208,6103.5,5565.2,538.0,100.0,,,,5.5012,IAEA LiveChart ENSDF adopted gammas,2026-08-13
208pb,82,208,6103.5,4296.56,1807.6,63.0,,,,5.5012,IAEA LiveChart ENSDF adopted gammas,2026-08-13
208pb,82,208,6274.55,5516.714,757.8,19.0,,,,5.5012,IAEA LiveChart ENSDF adopted gammas,2026-08-13
208pb,82,208,6274.55,3995.438,2278.3,41.0,,,,5.5012,IAEA LiveChart ENSDF adopted gammas,2026-08-13
208pb,82,208,6274.55,2614.522,3660.3,100.0,,,,5.5012,IAEA LiveChart ENSDF adopted gammas,2026-08-13
208pb,82,208,6448.4,6100.69,348.0,100.0,,,,5.5012,IAEA LiveChart ENSDF adopted gammas,2026-08-13
208pb,82,208,6448.4,4895.23,1552.7,15.0,,,,5.5012,IAEA LiveChart ENSDF adopted gammas,2026-08-13
208pb,82,208,6486.5,5973,512.98,20.0,[E1],,,5.5012,IAEA LiveChart ENSDF adopted gammas,2026-08-13
208pb,82,208,6486.5,2614.522,3871.7,21.0,[E2],,,5.5012,IAEA LiveChart ENSDF adopted gammas,2026-08-13
208pb,82,208,6486.5,0,6485.9,100.0,[E1],,,5.5012,IAEA LiveChart ENSDF adopted gammas,2026-08-13
208pb,82,208,6551.93,2614.522,3937.37,100.0,,,,5.5012,IAEA LiveChart ENSDF adopted gammas,2026-08-13
208pb,82,208,6551.93,0,6551.8,14.0,,,,5.5012,IAEA LiveChart ENSDF adopted gammas,2026-08-13
208pb,82,208,6617,4180.414,2436.8,51.0,,,,5.5012,IAEA LiveChart ENSDF adopted gammas,2026-08-13
208pb,82,208,6617,2614.522,4002.8,100.0,,,,5.5012,IAEA LiveChart ENSDF adopted gammas,2026-08-13
208pb,82,208,6657.8,4180.414,2478.7,34.0,,,,5.5012,IAEA LiveChart ENSDF adopted gammas,2026-08-13
208pb,82,208,6657.8,2614.522,4042.7,100.0,,,,5.5012,IAEA LiveChart ENSDF adopted gammas,2026-08-13
208pb,82,208,6682.46,4358.67,2324.2,63.0,,,,5.5012,IAEA LiveChart ENSDF adopted gammas,2026-08-13
208pb,82,208,6682.46,3708.451,2974.1,34.0,,,,5.5012,IAEA LiveChart ENSDF adopted gammas,2026-08-13
208pb,82,208,6682.46,2614.522,4067.5,100.0,,,,5.5012,IAEA LiveChart ENSDF adopted gammas,2026-08-13
208pb,82,208,6699.6,5649.01,1049.9,22.0,,,,5.5012,IAEA LiveChart ENSDF adopted gammas,2026-08-13
208pb,82,208,6699.6,4229.59,2470.1,21.0,,,,5.5012,IAEA LiveChart ENSDF adopted gammas,2026-08-13
208pb,82,208,6699.6,2614.522,4085.4,100.0,,,,5.5012,IAEA LiveChart ENSDF adopted gammas,2026-08-13
208pb,82,208,6743.42,6448.4,295.31,47.0,,,,5.5012,IAEA LiveChart ENSDF adopted gammas,2026-08-13
208pb,82,208,6743.42,5235.37,1508.1,100.0,,,,5.5012,IAEA LiveChart ENSDF adopted gammas,2026-08-13
208pb,82,208,6820,5946.77,872.2,100.0,,,,5.5012,IAEA LiveChart ENSDF adopted gammas,2026-08-13
208pb,82,208,6820,3946.578,2873.7,85.0,,,,5.5012,IAEA LiveChart ENSDF adopted gammas,2026-08-13
208pb,82,208,6897.3,4708.727,2188.1,52.0,,,,5.5012,IAEA LiveChart ENSDF adopted gammas,2026-08-13
208pb,82,208,6897.3,4229.59,2668.1,100.0,,,,5.5012,IAEA LiveChart ENSDF adopted gammas,2026-08-13
208pb,82,208,7020.2,5968.55,1052.3,38.0,,,,5.5012,IAEA LiveChart ENSDF adopted gammas,2026-08-13
208pb,82,208,7020.2,4358.67,2660.3,100.0,,,,5.5012,IAEA LiveChart ENSDF adopted gammas,2026-08-13
208pb,82,208,7020.2,4323.946,2696.7,44.0,,,,5.5012,IAEA LiveChart ENSDF adopted gammas,2026-08-13
208pb,82,208,7020.2,4261.871,2758.6,55.0,,,,5.5012,IAEA LiveChart ENSDF adopted gammas,2026-08-13
241am,95,241,205.883,41.176,164.8,16.0,[E1],0.1635,0.8594757198109153,5.8928,IAEA LiveChart ENSDF adopted gammas,2026-08-13
241am,95,241,205.883,0,205.879,100.0,E1,0.098,0.9107468123861566,5.8928,IAEA LiveChart ENSDF adopted gammas,2026-08-13
241am,95,241,233.68,93.7,139.9,100.0,,,,5.8928,IAEA LiveChart ENSDF adopted gammas,2026-08-13
241am,95,241,235.2,41.176,194.0,100.0,[E1],0.1123,0.8990380293086397,5.8928,IAEA LiveChart ENSDF adopted gammas,2026-08-13
241am,95,241,273.2,93.7,179.5,100.0,,,,5.8928,IAEA LiveChart ENSDF adopted gammas,2026-08-13
241am,95,241,319.82,157.5,162.4,100.0,,,,5.8928,IAEA LiveChart ENSDF adopted gammas,2026-08-13
241am,95,241,381.1,273.2,108.0,100.0,,,,5.8928,IAEA LiveChart ENSDF adopted gammas,2026-08-13
241am,95,241,381.1,233.68,147.6,100.0,,,,5.8928,IAEA LiveChart ENSDF adopted gammas,2026-08-13
241am,95,241,418.18,319.82,98.0,4.6,,,,5.8928,IAEA LiveChart ENSDF adopted gammas,2026-08-13
241am,95,241,418.18,233.68,184.4,100.0,,,,5.8928,IAEA LiveChart ENSDF adopted gammas,2026-08-13
241am,95,241,471.81,205.883,265.922,0.56,[E1],0.0552,0.9476876421531464,5.8928,IAEA LiveChart ENSDF adopted gammas,2026-08-13
241am,95,241,471.81,41.176,430.634,5.7,E2,0.0805,0.9254974548819991,5.8928,IAEA LiveChart ENSDF adopted gammas,2026-08-13
241am,95,241,471.81,0,471.805,100.0,M1+E2,0.22,0.819672131147541,5.8928,IAEA LiveChart ENSDF adopted gammas,2026-08-13
241am,95,241,504.449,471.81,32.639,16.5,M1+E2,220.0,0.004524886877828055,5.8928,IAEA LiveChart ENSDF adopted gammas,2026-08-13
241am,95,241,504.449,205.883,298.57,6.4,[E1],0.0429,0.9588647041902388,5.8928,IAEA LiveChart ENSDF adopted gammas,2026-08-13
241am,95,241,504.449,93.7,410.8,7.0,[E2],0.091,0.9165902841429882,5.8928,IAEA LiveChart ENSDF adopted gammas,2026-08-13
241am,95,241,504.449,41.176,463.273,100.0,M1+E2,0.23,0.8130081300813008,5.8928,IAEA LiveChart ENSDF adopted gammas,2026-08-13
241am,95,241,504.449,0,504.45,48.0,M1+E2,0.18,0.8474576271186441,5.8928,IAEA LiveChart ENSDF adopted gammas,2026-08-13
241am,95,241,525.67,418.18,107.2,13.0,,,,5.8928,IAEA LiveChart ENSDF adopted gammas,2026-08-13
241am,95,241,525.67,319.82,206.0,100.0,,,,5.8928,IAEA LiveChart ENSDF adopted gammas,2026-08-13
241am,95,241,530.9,381.1,149.9,100.0,,,,5.8928,IAEA LiveChart ENSDF adopted gammas,2026-08-13
241am,95,241,530.9,319.82,211.0,10.0,,,,5.8928,IAEA LiveChart ENSDF adopted gammas,2026-08-13
241am,95,241,623.1,471.81,151.4,3.0,[E1],0.199,0.8340283569641367,5.8928,IAEA LiveChart ENSDF adopted gammas,2026-08-13
241am,95,241,623.1,205.883,417.24,100.0,E2,0.0874,0.9196247930844216,5.8928,IAEA LiveChart ENSDF adopted gammas,2026-08-13
241am,95,241,623.1,0,623.1,1.8,[M2],0.433,0.6978367062107467,5.8928,IAEA LiveChart ENSDF adopted gammas,2026-08-13
241am,95,241,636.861,504.449,132.413,100.0,M1+E2,12.94,0.07173601147776183,5.8928,IAEA LiveChart ENSDF adopted gammas,2026-08-13
241am,95,241,636.861,471.81,165.049,77.0,M1+E2,6.73,0.129366106080207,5.8928,IAEA LiveChart ENSDF adopted gammas,2026-08-13
241am,95,241,636.861,205.883,430.0,1.0,[E1],0.02,0.9803921568627451,5.8928,IAEA LiveChart ENSDF adopted gammas,2026-08-13
241am,95,241,636.861,41.176,595.8,0.38,[E2],0.0373,0.9640412609659692,5.8928,IAEA LiveChart ENSDF adopted gammas,2026-08-13
241am,95,241,636.861,0,636.88,40.0,M1+E2,0.133,0.8826125330979699,5.8928,IAEA LiveChart ENSDF adopted gammas,2026-08-13
241am,95,241,645,525.67,120.3,4.1,,,,5.8928,IAEA LiveChart ENSDF adopted gammas,2026-08-13
241am,95,241,645,418.18,226.9,100.0,,,,5.8928,IAEA LiveChart ENSDF adopted gammas,2026-08-13
241am,95,241,652.089,636.861,15.228,11.4,M1+E2,437.0,0.00228310502283105,5.8928,IAEA LiveChart ENSDF adopted gammas,2026-08-13
241am,95,241,652.089,623.1,29.02,6.3,[E1],3.42,0.22624434389140272,5.8928,IAEA LiveChart ENSDF adopted gammas,2026-08-13
241am,95,241,652.089,504.449,147.67,2.75,[E2],3.08,0.24509803921568626,5.8928,IAEA LiveChart ENSDF adopted gammas,2026-08-13
241am,95,241,652.089,471.81,180.277,100.0,M1(+E2),5.31,0.1584786053882726,5.8928,IAEA LiveChart ENSDF adopted gammas,2026-08-13
241am,95,241,652.089,0,652.1,8.3,[E2],0.0306,0.9703085581214826,5.8928,IAEA LiveChart ENSDF adopted gammas,2026-08-13
241am,95,241,653.23,205.883,447.35,80.0,M1+E2,0.37,0.7299270072992701,5.8928,IAEA LiveChart ENSDF adopted gammas,2026-08-13
241am,95,241,653.23,0,653.2,100.0,[E1],0.00898,0.991099922694206,5.8928,IAEA LiveChart ENSDF adopted gammas,2026-08-13
241am,95,241,670.24,205.883,464.36,14.8,M1+E2,0.17,0.8547008547008548,5.8928,IAEA LiveChart ENSDF adopted gammas,2026-08-13
241am,95,241,670.24,0,670.2,100.0,[E1],0.00856,0.9915126517014358,5.8928,IAEA LiveChart ENSDF adopted gammas,2026-08-13
241am,95,241,723.9,530.9,193.0,100.0,,,,5.8928,IAEA LiveChart ENSDF adopted gammas,2026-08-13
241am,95,241,723.9,525.67,198.0,10.0,,,,5.8928,IAEA LiveChart ENSDF adopted gammas,2026-08-13
241am,95,241,773.8,645,129.1,45.0,,,,5.8928,IAEA LiveChart ENSDF adopted gammas,2026-08-13
241am,95,241,773.8,525.67,247.9,100.0,,,,5.8928,IAEA LiveChart ENSDF adopted gammas,2026-08-13
241am,95,241,787.2,682.1,106.2,10.0,,,,5.8928,IAEA LiveChart ENSDF adopted gammas,2026-08-13
241am,95,241,787.2,625.2,162.0,100.0,,,,5.8928,IAEA LiveChart ENSDF adopted gammas,2026-08-13
241am,95,241,851.3,723.9,127.3,29.0,,,,5.8928,IAEA LiveChart ENSDF adopted gammas,2026-08-13
241am,95,241,851.3,629.8,221.5,100.0,,,,5.8928,IAEA LiveChart ENSDF adopted gammas,2026-08-13
241am,95,241,912.7,773.8,139.1,16.0,,,,5.8928,IAEA LiveChart ENSDF adopted gammas,2026-08-13
241am,95,241,912.7,645,267.8,100.0,,,,5.8928,IAEA LiveChart ENSDF adopted gammas,2026-08-13
241am,95,241,959.4,851.3,108.1,10.0,,,,5.8928,IAEA LiveChart ENSDF adopted gammas,2026-08-13
241am,95,241,959.4,773.8,185.6,10.0,,,,5.8928,IAEA LiveChart ENSDF adopted gammas,2026-08-13
241am,95,241,959.4,723.9,235.5,100.0,,,,5.8928,IAEA LiveChart ENSDF adopted gammas,2026-08-13
241am,95,241,989.1,863.8,124.5,10.0,,,,5.8928,IAEA LiveChart ENSDF adopted gammas,2026-08-13
241am,95,241,989.1,787.2,201.9,100.0,,,,5.8928,IAEA LiveChart ENSDF adopted gammas,2026-08-13
241am,95,241,1061.7,912.7,149.6,36.0,,,,5.8928,IAEA LiveChart ENSDF adopted gammas,2026-08-13
241am,95,241,1061.7,773.8,287.8,100.0,,,,5.8928,IAEA LiveChart ENSDF adopted gammas,2026-08-13
241am,95,241,1084.6,989.1,91.3,10.0,,,,5.8928,IAEA LiveChart ENSDF adopted gammas,2026-08-13
241am,95,241,1084.6,863.8,221.5,100.0,,,,5.8928,IAEA LiveChart ENSDF adopted gammas,2026-08-13
241am,95,241,1117.6,959.4,158.2,100.0,,,,5.8928,IAEA LiveChart ENSDF adopted gammas,2026-08-13
241am,95,241,1117.6,851.3,266.3,31.0,,,,5.8928,IAEA LiveChart ENSDF adopted gammas,2026-08-13
241am,95,241,1219.2,1061.7,157.3,30.0,,,,5.8928,IAEA LiveChart ENSDF adopted gammas,2026-08-13
241am,95,241,1219.2,912.7,306.6,100.0,,,,5.8928,IAEA LiveChart ENSDF adopted gammas,2026-08-13
241am,95,241,1230.9,1084.6,147.2,10.0,,,,5.8928,IAEA LiveChart ENSDF adopted gammas,2026-08-13
241am,95,241,1230.9,989.1,241.0,100.0,,,,5.8928,IAEA LiveChart ENSDF adopted gammas,2026-08-13
241am,95,241,1235.9,1117.6,118.3,10.0,,,,5.8928,IAEA LiveChart ENSDF adopted gammas,2026-08-13
241am,95,241,1235.9,1061.7,174.3,10.0,,,,5.8928,IAEA LiveChart ENSDF adopted gammas,2026-08-13
241am,95,241,1235.9,959.4,276.5,100.0,,,,5.8928,IAEA LiveChart ENSDF adopted gammas,2026-08-13
241am,95,241,1345,1230.9,113.7,10.0,,,,5.8928,IAEA LiveChart ENSDF adopted gammas,2026-08-13
241am,95,241,1345,1084.6,260.3,100.0,,,,5.8928,IAEA LiveChart ENSDF adopted gammas,2026-08-13
241am,95,241,1387.5,1219.2,168.6,19.0,,,,5.8928,IAEA LiveChart ENSDF adopted gammas,2026-08-13
241am,95,241,1387.5,1061.7,325.8,100.0,,,,5.8928,IAEA LiveChart ENSDF adopted gammas,2026-08-13
241am,95,241,1426.4,1235.9,190.5,100.0,,,,5.8928,IAEA LiveChart ENSDF adopted gammas,2026-08-13
241am,95,241,1426.4,1117.6,308.8,97.0,,,,5.8928,IAEA LiveChart ENSDF adopted gammas,2026-08-13
241am,95,241,1510.2,1345,164.9,10.0,,,,5.8928,IAEA LiveChart ENSDF adopted gammas,2026-08-13
241am,95,241,1510.2,1230.9,279.5,100.0,,,,5.8928,IAEA LiveChart ENSDF adopted gammas,2026-08-13
241am,95,241,1551.2,1426.4,124.8,10.0,,,,5.8928,IAEA LiveChart ENSDF adopted gammas,2026-08-13
241am,95,241,1551.2,1235.9,315.3,100.0,,,,5.8928,IAEA LiveChart ENSDF adopted gammas,2026-08-13
241am,95,241,1562.6,1387.5,175.1,22.0,,,,5.8928,IAEA LiveChart ENSDF adopted gammas,2026-08-13
241am,95,241,1562.6,1219.2,343.3,100.0,,,,5.8928,IAEA LiveChart ENSDF adopted gammas,2026-08-13
241am,95,241,1642.7,1510.2,132.9,10.0,,,,5.8928,IAEA LiveChart ENSDF adopted gammas,2026-08-13
241am,95,241,1642.7,1345,297.8,100.0,,,,5.8928,IAEA LiveChart ENSDF adopted gammas,2026-08-13
241am,95,241,1749.4,1562.6,186.6,17.0,,,,5.8928,IAEA LiveChart ENSDF adopted gammas,2026-08-13
241am,95,241,1749.4,1387.5,361.9,100.0,,,,5.8928,IAEA LiveChart ENSDF adopted gammas,2026-08-13
241am,95,241,1775.2,1551.2,224.0,21.0,,,,5.8928,IAEA LiveChart ENSDF adopted gammas,2026-08-13
241am,95,241,1775.2,1426.4,348.8,100.0,,,,5.8928,IAEA LiveChart ENSDF adopted gammas,2026-08-13
241am,95,241,1826.9,1642.7,184.5,10.0,,,,5.8928,IAEA LiveChart ENSDF adopted gammas,2026-08-13
241am,95,241,1826.9,1510.2,316.1,100.0,,,,5.8928,IAEA LiveChart ENSDF adopted gammas,2026-08-13
241am,95,241,1940.6,1749.4,191.1,15.0,,,,5.8928,IAEA LiveChart ENSDF adopted gammas,2026-08-13
241am,95,241,1940.6,1562.6,378.0,100.0,,,,5.8928,IAEA LiveChart ENSDF adopted gammas,2026-08-13
241am,95,241,1975.8,1826.9,148.2,10.0,,,,5.8928,IAEA LiveChart ENSDF adopted gammas,2026-08-13
241am,95,241,1975.8,1642.7,333.6,100.0,,,,5.8928,IAEA LiveChart ENSDF adopted gammas,2026-08-13
241am,95,241,2145.4,1940.6,204.9,18.0,,,,5.8928,IAEA LiveChart ENSDF adopted gammas,2026-08-13
241am,95,241,2145.4,1749.4,396.3,100.0,,,,5.8928,IAEA LiveChart ENSDF adopted gammas,2026-08-13
241am,95,241,2161.6,1903.5,258.1,41.0,,,,5.8928,IAEA LiveChart ENSDF adopted gammas,2026-08-13
241am,95,241,2161.6,1775.2,386.4,100.0,,,,5.8928,IAEA LiveChart ENSDF adopted gammas,2026-08-13
241am,95,241,2343.9,2178,166.2,10.0,,,,5.8928,IAEA LiveChart ENSDF adopted gammas,2026-08-13
241am,95,241,2343.9,1975.8,367.8,100.0,,,,5.8928,IAEA LiveChart ENSDF adopted gammas,2026-08-13
241am,95,241,2352.2,2145.4,207.1,16.0,,,,5.8928,IAEA LiveChart ENSDF adopted gammas,2026-08-13
241am,95,241,2352.2,1940.6,411.2,100.0,,,,5.8928,IAEA LiveChart ENSDF adopted gammas,2026-08-13
